id,text,label,label_id
1,ስጦታው ገና ወደ አውሮፕላን ማረፊያ ነገ አልደረሰኝም።,Complaint,6
2,እባክዎ ውሉን ለደንበኛው በዚህ ወር ይላኩልኝ።,Request,0
4,እባክዎ ትዕዛዙን ለፖሊሱ በዚህ አመት ይላኩልኝ።,Request,0
6,የትዕዛዙ ችግር ከምሽቱ ጀምሮ ከጓደኛዬ ጋር እፈታለሁ።,Promise,8
9,ደብዳቤው ገና ወደ አውሮፕላን ማረፊያ ከአንድ ሰዓት በኋላ አልደረሰኝም።,Complaint,6
10,እባክዎ ትዕዛዙን ለአለቃዬ በስብሰባው ወቅት ይላኩልኝ።,Request,0
14,ጎበዝ ስራ ሹፌሩ፣ መስኮቱ ሙሉ በሙሉ ፈርሷል።,Sarcasm/Irony,5
16,ስለ ቡናው ከሹፌሩ ጋር ማሰብ ይኖርብናል።,Suggestion,3
17,ትዕዛዙን ከጥቂት ደቂቃዎች በኋላ ብንሞክር ጥሩ ይሆናል።,Suggestion,3
18,እባክዎ ኮምፒዩተሩን ለነጋዴው በሳምንቱ መጨረሻ ይላኩልኝ።,Request,0
21,እሰይ፣ ሌላ ችግር በከተማው ውስጥ ከሰዓት በኋላ፣ ልክ የሚያስፈልገን ይሄው ነበር።,Sarcasm/Irony,5
22,በሩ ገና ወደ መንገድ ላይ ከምሽቱ ጀምሮ አልደረሰኝም።,Complaint,6
25,የኮምፒዩተሩ ችግር በዚህ አመት ከጋዜጠኛው ጋር እፈታለሁ።,Promise,8
26,የመሳሪያው ችግር በሚቀጥለው ወር ከጋዜጠኛው ጋር እፈታለሁ።,Promise,8
27,አስተማሪዋ ወደ ትምህርት ቤት ከአንድ ሰዓት በኋላ ሄደዋል።,Assertion,1
28,እባክዎ ውሉን ለነጋዴው በዚህ ሳምንት ይላኩልኝ።,Request,0
30,እባክዎ ኮምፒዩተሩን ለጓደኛዬ ነገ ጠዋት ይላኩልኝ።,Request,0
31,መኪናው ገና ወደ አውሮፕላን ማረፊያ ነገ ከሰዓት በኋላ አልደረሰኝም።,Complaint,6
33,የመልእክቱ ችግር ከአንድ ሰዓት በኋላ ከመምህሩ ጋር እፈታለሁ።,Promise,8
34,ይህን ፕሮጀክቱን ከባልደረባዬ መቀበል አልችልም።,Refusal,2
36,ጤና ይስጥልኝ ጠበቃው፣ ከሰዓት በኋላ ደህና ነህ?,Phatic,7
38,አለቃዬ ወደ ከተማው ውስጥ ከሶስት ሰዓት በኋላ ሄደዋል።,Assertion,1
39,ይቅርታ፣ ውሉን ዛሬ ማድረግ አልችልም።,Refusal,2
42,እንዴት ጎበዝ ነህ መሐንዲሱ፣ ጥያቄውን ሰብረኸዋል!,Sarcasm/Irony,5
43,እባክዎ ገንዘቡን ለነጋዴው በዚህ አመት ይላኩልኝ።,Request,0
44,የቤቱ ችግር በሚቀጥለው ሳምንት ከፖሊሱ ጋር እፈታለሁ።,Promise,8
45,የሪፖርቱ ችግር ከምሽቱ ጀምሮ ከሹፌሩ ጋር እፈታለሁ።,Promise,8
46,ይህን መጽሐፉን ከደንበኛው መቀበል አልችልም።,Refusal,2
48,ምርቱ ገና ወደ ቤት ከሰዓት በኋላ አልደረሰኝም።,Complaint,6
49,ሰላም ባልደረባዬ፣ በሚቀጥለው ሳምንት እንዴት ነህ?,Phatic,7
50,ቢያንስ አንዴ ውሉን በስብሰባ ክፍል እንሞክር።,Suggestion,3
51,የቤቱ ችግር በስብሰባው ወቅት ከአስተማሪዋ ጋር እፈታለሁ።,Promise,8
52,እባክዎ ቡናውን ለደንበኛው በሳምንቱ መጨረሻ ይላኩልኝ።,Request,0
53,የመልእክቱ ችግር በሚቀጥለው አመት ከመምህሩ ጋር እፈታለሁ።,Promise,8
54,ጋዜጠኛው ወደ ቢሮ በዚህ ወር ሄደዋል።,Assertion,1
55,እንኳን ደስ አለህ አለቃዬ፣ ስለ ልብሱ እንደገና ተሳስተሃል።,Sarcasm/Irony,5
56,ደህና ከሁለት ቀናት በኋላ ይሁንልህ ጋዜጠኛው።,Phatic,7
59,የቁልፉ ወጪውን በሱቅ ብንቀንስ የተሻለ ነው።,Suggestion,3
60,እባክዎ ሪፖርቱን ለጓደኛዬ ነገ ይላኩልኝ።,Request,0
61,ይህን መልእክቱን ከባልደረባዬ መቀበል አልችልም።,Refusal,2
63,ሚኒስትሩ ወደ ፍርድ ቤት ነገ ሄደዋል።,Assertion,1
65,የቦርሳው ችግር ከጥቂት ደቂቃዎች በኋላ ከጠበቃው ጋር እፈታለሁ።,Promise,8
66,ሰላም ሚኒስትሩ፣ በሚቀጥለው ሳምንት እንዴት ነህ?,Phatic,7
67,አመሰግናለሁ ሹፌሩ፣ ደህና ዋል በቤት።,Phatic,7
68,የስጦታው ችግር በስብሰባው ወቅት ከዶክተሩ ጋር እፈታለሁ።,Promise,8
69,እባክዎ ቤቱን ለመሐንዲሱ ዛሬ ይላኩልኝ።,Request,0
71,እባክዎ ትዕዛዙን ለባልደረባዬ በዚህ አመት ይላኩልኝ።,Request,0
72,እቅዱን በሚቀጥለው ሳምንት ከማህበሩ ጋር እናሻሽል።,Suggestion,3
73,ስቱዲዮው ከዛሬ ጀምሮ አዲስ ሰራተኞችን ቀጥሯል።,Assertion,1
74,ስለ ቤቱ ጉዳይ ከደንበኛው ጋር እንወያይ።,Suggestion,3
75,ኩባንያው ስለ ሰነዱ ማስጠንቀቂያ በሚቀጥለው ወር አውጥቷል።,Warning,4
76,ውሃው ገና ወደ ሆስፒታል በዚህ ወር አልደረሰኝም።,Complaint,6
78,ጥንቃቄ ያድርጉ፣ ከአንድ ሰዓት በኋላ ሱቅ ይንሸራተታል።,Warning,4
80,እባክህ ለደረሰኙ ይህን ዘዴ ከሶስት ሰዓት በኋላ ተጠቀም።,Suggestion,3
82,በጣም ደግ ነህ ሚኒስትሩ፣ በቤት ምንም እርዳታ አልሰጠኸኝም።,Sarcasm/Irony,5
83,ገንዘቡ ገና ወደ ፋብሪካ ነገ ከሰዓት በኋላ አልደረሰኝም።,Complaint,6
84,ማሽኑ ገና ወደ አውሮፕላን ማረፊያ ከሁለት ቀናት በኋላ አልደረሰኝም።,Complaint,6
85,ጎበዝ! በጣም ጥሩ ስራ ሰራህ ሹፌሩ፣ ፋይሉን አበላሸኸው።,Sarcasm/Irony,5
86,ጎበዝ! በጣም ጥሩ ስራ ሰራህ ሚኒስትሩ፣ ልብሱን አበላሸኸው።,Sarcasm/Irony,5
87,ገንዘቡ ገና ወደ ፖሊስ ጣቢያ ከአንድ ሰዓት በኋላ አልደረሰኝም።,Complaint,6
88,የደብዳቤው ችግር ከአንድ ሰዓት በኋላ ከዶክተሩ ጋር እፈታለሁ።,Promise,8
89,መስኮቱ ገና ወደ ቢሮ በሳምንቱ መጨረሻ አልደረሰኝም።,Complaint,6
90,እንኳን ደስ አለህ ፖሊሱ፣ ስለ ስጦታው እንደገና ተሳስተሃል።,Sarcasm/Irony,5
91,ስጦታው ገና ወደ መንገድ ላይ ከሁለት ቀናት በኋላ አልደረሰኝም።,Complaint,6
92,ባንኩ ስለ መኪናው ማስጠንቀቂያ በስብሰባው ወቅት አውጥቷል።,Warning,4
93,ፖሊሱ ወደ ባንክ ነገ ከሰዓት በኋላ ሄደዋል።,Assertion,1
94,መሐንዲሱ ወደ ስብሰባ ክፍል በሚቀጥለው አመት ሄደዋል።,Assertion,1
95,እባክዎ ትዕዛዙን ለነጋዴው ነገ ይላኩልኝ።,Request,0
98,እንዴት ጎበዝ ነህ ጓደኛዬ፣ ቡናውን ሰብረኸዋል!,Sarcasm/Irony,5
99,እባክዎ መኪናውን ለደንበኛው ከምሽቱ ጀምሮ ይላኩልኝ።,Request,0
100,እንዴት ጎበዝ ነህ መሐንዲሱ፣ ውሉን ሰብረኸዋል!,Sarcasm/Irony,5
101,ደብዳቤው ገና ወደ ስብሰባ ክፍል በዚህ አመት አልደረሰኝም።,Complaint,6
102,እባክዎ ሪፖርቱን ለባልደረባዬ በሚቀጥለው ወር ይላኩልኝ።,Request,0
105,መልእክቱ ገና ወደ ቤት በሚቀጥለው ሳምንት አልደረሰኝም።,Complaint,6
107,ይህን ልብሱን ከመምህሩ መቀበል አልችልም።,Refusal,2
108,መንግስት ስለ ኮምፒዩተሩ ማስጠንቀቂያ በዚህ ሳምንት አውጥቷል።,Warning,4
110,ቡናው ገና ወደ ገበያ ከአንድ ሰዓት በኋላ አልደረሰኝም።,Complaint,6
112,ፖሊሱ ወደ መጋዘን በዚህ አመት ሄደዋል።,Assertion,1
113,ቢያንስ አንዴ ገንዘቡን በሆስፒታል እንሞክር።,Suggestion,3
115,እባክዎ ይቅርታ፣ ፕሮጀክቱን በሳምንቱ መጨረሻ ማቅረብ አልችልም።,Refusal,2
116,መንግስት ስለ ቡናው ማስጠንቀቂያ በዚህ ወር አውጥቷል።,Warning,4
117,ባልደረባዬ ወደ መንገድ ላይ ከአንድ ሰዓት በኋላ ሄደዋል።,Assertion,1
118,መሐንዲሱ ወደ ፋብሪካ ከሁለት ቀናት በኋላ ሄደዋል።,Assertion,1
120,ኤጀንሲው ስለ ማሽኑ ማስጠንቀቂያ በዚህ ወር አውጥቷል።,Warning,4
122,ደንበኛው ወደ ገበያ ከሶስት ሰዓት በኋላ ሄደዋል።,Assertion,1
123,ጎበዝ! በጣም ጥሩ ስራ ሰራህ ነጋዴው፣ ስልኩን አበላሸኸው።,Sarcasm/Irony,5
124,ጎበዝ ስራ ጋዜጠኛው፣ ምርቱ ሙሉ በሙሉ ፈርሷል።,Sarcasm/Irony,5
125,ቡናው ገና ወደ መንገድ ላይ ከምሽቱ ጀምሮ አልደረሰኝም።,Complaint,6
126,የቦርሳው ችግር በሳምንቱ መጨረሻ ከሚኒስትሩ ጋር እፈታለሁ።,Promise,8
127,የደብዳቤው ችግር ከዛሬ ጀምሮ ከደንበኛው ጋር እፈታለሁ።,Promise,8
129,ስለ ውሃው ከደንበኛው ጋር ማሰብ ይኖርብናል።,Suggestion,3
130,ስቱዲዮው ስለ ፋይሉ ማስጠንቀቂያ በሚቀጥለው ወር አውጥቷል።,Warning,4
131,እባክዎ ይቅርታ፣ መኪናውን በስብሰባው ወቅት ማቅረብ አልችልም።,Refusal,2
133,እባክዎ ይቅርታ፣ መልእክቱን ዛሬ ማቅረብ አልችልም።,Refusal,2
134,ደንበኛው ወደ አውሮፕላን ማረፊያ ነገ ጠዋት ሄደዋል።,Assertion,1
135,ድርጅቱ ስለ ስጦታው ማስጠንቀቂያ ከሁለት ቀናት በኋላ አውጥቷል።,Warning,4
136,ኩባንያው ስለ ጥያቄው ማስጠንቀቂያ ከጥቂት ደቂቃዎች በኋላ አውጥቷል።,Warning,4
137,ኤጀንሲው ስለ ካርታው ማስጠንቀቂያ ከሶስት ሰዓት በኋላ አውጥቷል።,Warning,4
138,ባልደረባዬ ወደ መንገድ ላይ በሚቀጥለው አመት ሄደዋል።,Assertion,1
140,ማዕከሉ ስለ መሳሪያው ማስጠንቀቂያ ከአንድ ሰዓት በኋላ አውጥቷል።,Warning,4
141,የትዕዛዙ ገመድ በፋብሪካ አደገኛ ነው ተጠንቀቁ።,Warning,4
142,ዶክተሩ ወደ ገበያ በሚቀጥለው ሳምንት ሄደዋል።,Assertion,1
143,እባክዎ ይቅርታ፣ ሪፖርቱን ከአንድ ሰዓት በኋላ ማቅረብ አልችልም።,Refusal,2
144,እባክዎ መልእክቱን ለባልደረባዬ ከሁለት ቀናት በኋላ ይላኩልኝ።,Request,0
145,እባክህ ለመልእክቱ ይህን ዘዴ ከአንድ ሰዓት በኋላ ተጠቀም።,Suggestion,3
146,ቢያንስ አንዴ ደረሰኙን በአውሮፕላን ማረፊያ እንሞክር።,Suggestion,3
147,የዕቃው ችግር ከሶስት ሰዓት በኋላ ከደንበኛው ጋር እፈታለሁ።,Promise,8
149,በዚህ አመት በስብሰባ ክፍል ስብሰባ እናድርግ።,Suggestion,3
150,በጣም ደግ ነህ አስተማሪዋ፣ በስብሰባ ክፍል ምንም እርዳታ አልሰጠኸኝም።,Sarcasm/Irony,5
151,ባንኩ ስለ መኪናው ማስጠንቀቂያ ከአንድ ሰዓት በኋላ አውጥቷል።,Warning,4
152,ኩባንያው ስለ ቁልፉ ማስጠንቀቂያ በዚህ ሳምንት አውጥቷል።,Warning,4
154,ትዕዛዙ ገና ወደ ስብሰባ ክፍል ከሁለት ቀናት በኋላ አልደረሰኝም።,Complaint,6
155,እባክዎ ዕቃውን ለፖሊሱ ነገ ከሰዓት በኋላ ይላኩልኝ።,Request,0
156,ኩባንያው ስለ ደረሰኙ ማስጠንቀቂያ ነገ አውጥቷል።,Warning,4
157,ዛሬ ማታ ወደ ፋብሪካ እደርሳለሁ።,Promise,8
158,ይቅርታ፣ መኪናውን ከምሽቱ ጀምሮ ማድረግ አልችልም።,Refusal,2
159,ኤጀንሲው ስለ መልእክቱ ማስጠንቀቂያ ከአንድ ሰዓት በኋላ አውጥቷል።,Warning,4
160,እባክዎ ቁልፉን ለመምህሩ ከሁለት ቀናት በኋላ ይላኩልኝ።,Request,0
161,መልእክቱ ገና ወደ ፋብሪካ ከአንድ ሰዓት በኋላ አልደረሰኝም።,Complaint,6
162,የቡናው ወጪውን በስብሰባ ክፍል ብንቀንስ የተሻለ ነው።,Suggestion,3
167,እንኳን ደስ አለህ አስተማሪዋ፣ ስለ መስኮቱ እንደገና ተሳስተሃል።,Sarcasm/Irony,5
168,እባክዎ ቁልፉን ለነጋዴው ከሶስት ሰዓት በኋላ ይላኩልኝ።,Request,0
169,ደህና ሁን ሚኒስትሩ፣ እስከ በዚህ ወር እንገናኝ።,Phatic,7
170,መሳሪያው ገና ወደ ቤት ከአንድ ሰዓት በኋላ አልደረሰኝም።,Complaint,6
172,የካርታው ችግር በዚህ አመት ከአለቃዬ ጋር እፈታለሁ።,Promise,8
175,አዎ በርግጥ፣ የመንግስት እቅድ በከጥቂት ደቂቃዎች በኋላ በጭራሽ አይከሽፍም።,Sarcasm/Irony,5
178,እንኳን ደስ አለህ መሐንዲሱ፣ ስለ ቡናው እንደገና ተሳስተሃል።,Sarcasm/Irony,5
179,በሩ ገና ወደ ስብሰባ ክፍል ከሶስት ሰዓት በኋላ አልደረሰኝም።,Complaint,6
180,ሚኒስቴሩ ስለ ሂሳቡ ማስጠንቀቂያ በሚቀጥለው አመት አውጥቷል።,Warning,4
181,እባክዎ ቁልፉን ለሹፌሩ ነገ ጠዋት ይላኩልኝ።,Request,0
182,የመጽሐፉ ችግር በዚህ ሳምንት ከሹፌሩ ጋር እፈታለሁ።,Promise,8
183,የበሩ ችግር ከሁለት ቀናት በኋላ ከነጋዴው ጋር እፈታለሁ።,Promise,8
185,ፖሊሱ፣ እንደምን አደርክ ከሁለት ቀናት በኋላ?,Phatic,7
186,የልብሱ ወጪውን በትምህርት ቤት ብንቀንስ የተሻለ ነው።,Suggestion,3
187,መሐንዲሱ ወደ መንገድ ላይ ዛሬ ማታ ሄደዋል።,Assertion,1
188,መምህሩ ወደ መጋዘን ከአንድ ሰዓት በኋላ ሄደዋል።,Assertion,1
189,ይቅርታ፣ ስልኩን ነገ ከሰዓት በኋላ ማድረግ አልችልም።,Refusal,2
190,ፋብሪካው ስለ ሰነዱ ማስጠንቀቂያ በሚቀጥለው ሳምንት አውጥቷል።,Warning,4
192,ባንኩ ስለ ቦርሳው ማስጠንቀቂያ ዛሬ አውጥቷል።,Warning,4
193,ይህን ቡናውን ከአለቃዬ መቀበል አልችልም።,Refusal,2
195,ድርጅቱ ስለ መጽሐፉ ማስጠንቀቂያ በሚቀጥለው ወር አውጥቷል።,Warning,4
196,ይቅርታ፣ ቁልፉን በዚህ አመት ማድረግ አልችልም።,Refusal,2
197,ባንኩ ስለ ቤቱ ማስጠንቀቂያ ከጥቂት ደቂቃዎች በኋላ አውጥቷል።,Warning,4
198,ገንዘቡ ገና ወደ ስብሰባ ክፍል ዛሬ ማታ አልደረሰኝም።,Complaint,6
199,እንኳን ደስ አለህ መምህሩ፣ ስለ ስልኩ እንደገና ተሳስተሃል።,Sarcasm/Irony,5
200,መስኮቱን በጥንቃቄ ለአስተማሪዋ እይዛለሁ።,Promise,8
201,እባክዎ ማሽኑን ለባልደረባዬ በዚህ አመት ይላኩልኝ።,Request,0
202,የካርታው ችግር ከሰዓት በኋላ ከደንበኛው ጋር እፈታለሁ።,Promise,8
203,ነገ ከሰዓት በኋላ በከተማው ውስጥ ስብሰባ እናድርግ።,Suggestion,3
204,ስለ ማሽኑ ጉዳይ ከደንበኛው ጋር እንወያይ።,Suggestion,3
207,ይህን መልእክቱን ከመምህሩ መቀበል አልችልም።,Refusal,2
208,ቁልፉ ገና ወደ ሆስፒታል ነገ ጠዋት አልደረሰኝም።,Complaint,6
209,ፋይሉን በጥንቃቄ ለዶክተሩ እይዛለሁ።,Promise,8
210,ስጦታው ገና ወደ መጋዘን ነገ ጠዋት አልደረሰኝም።,Complaint,6
213,የስልኩ ዋጋውን በዚህ ሳምንት ብንቀንስ ደንበኞች ይጨምራሉ።,Suggestion,3
215,የውሉ ችግር በዚህ አመት ከደንበኛው ጋር እፈታለሁ።,Promise,8
217,እባክዎ ቦርሳውን ለጠበቃው በሚቀጥለው ሳምንት ይላኩልኝ።,Request,0
219,ሚኒስቴሩ ስለ ደረሰኙ ማስጠንቀቂያ ከዛሬ ጀምሮ አውጥቷል።,Warning,4
220,እሰይ፣ ሌላ ችግር በፖሊስ ጣቢያ ዛሬ ማታ፣ ልክ የሚያስፈልገን ይሄው ነበር።,Sarcasm/Irony,5
221,ደረሰኙን በዚህ ሳምንት ብንሞክር ጥሩ ይሆናል።,Suggestion,3
222,ዶክተሩ ወደ ገበያ ከጥቂት ደቂቃዎች በኋላ ሄደዋል።,Assertion,1
223,በጣም ብልህ ነህ ጓደኛዬ፣ ሂሳቡን ረሳኸው።,Sarcasm/Irony,5
224,የመሳሪያው ችግር በሚቀጥለው ሳምንት ከአስተማሪዋ ጋር እፈታለሁ።,Promise,8
226,መንግስት ስለ ቤቱ ማስጠንቀቂያ ከአንድ ሰዓት በኋላ አውጥቷል።,Warning,4
227,ጠበቃው ወደ ባንክ ከዛሬ ጀምሮ ሄደዋል።,Assertion,1
228,የመስኮቱ ችግር ዛሬ ማታ ከባልደረባዬ ጋር እፈታለሁ።,Promise,8
229,ቡናው ገና ወደ ሆስፒታል ከሰዓት በኋላ አልደረሰኝም።,Complaint,6
230,ደህና ሁን ባልደረባዬ፣ እስከ ነገ እንገናኝ።,Phatic,7
231,እባክዎ ካርታውን ለስራ አስኪያጁ ከአንድ ሰዓት በኋላ ይላኩልኝ።,Request,0
234,ደህና በዚህ አመት ይሁንልህ አለቃዬ።,Phatic,7
235,ፋብሪካው ስለ ትዕዛዙ ማስጠንቀቂያ ከጥቂት ደቂቃዎች በኋላ አውጥቷል።,Warning,4
236,ጋዜጠኛው ወደ ትምህርት ቤት ከሰዓት በኋላ ሄደዋል።,Assertion,1
237,እባክዎ ካርታውን ለዶክተሩ በሚቀጥለው ሳምንት ይላኩልኝ።,Request,0
240,ፋብሪካው ስለ ቡናው ማስጠንቀቂያ ነገ ከሰዓት በኋላ አውጥቷል።,Warning,4
241,ጓደኛዬ ወደ አውሮፕላን ማረፊያ ከአንድ ሰዓት በኋላ ሄደዋል።,Assertion,1
242,የማሽኑ ችግር ነገ ጠዋት ከዶክተሩ ጋር እፈታለሁ።,Promise,8
243,እሰይ፣ ሌላ ችግር በሆስፒታል በሚቀጥለው ሳምንት፣ ልክ የሚያስፈልገን ይሄው ነበር።,Sarcasm/Irony,5
244,የቡናው ዋጋውን ነገ ከሰዓት በኋላ ብንቀንስ ደንበኞች ይጨምራሉ።,Suggestion,3
246,ስራ አስኪያጁ ወደ ፍርድ ቤት ነገ ሄደዋል።,Assertion,1
247,በጣም ብልህ ነህ ዶክተሩ፣ ጥያቄውን ረሳኸው።,Sarcasm/Irony,5
248,መንግስት ስለ ደረሰኙ ማስጠንቀቂያ ከዛሬ ጀምሮ አውጥቷል።,Warning,4
249,እባክዎ መጽሐፉን ለሹፌሩ ነገ ይላኩልኝ።,Request,0
250,ሪፖርቱ ገና ወደ ፋብሪካ በዚህ ወር አልደረሰኝም።,Complaint,6
251,የደብዳቤው ችግር ነገ ጠዋት ከሚኒስትሩ ጋር እፈታለሁ።,Promise,8
253,እንኳን ደስ አለህ ሚኒስትሩ፣ ስለ ስጦታው እንደገና ተሳስተሃል።,Sarcasm/Irony,5
254,የኤጀንሲው ጥያቄ አልቀበልም።,Refusal,2
255,እባክዎ ኮምፒዩተሩን ለአለቃዬ ከምሽቱ ጀምሮ ይላኩልኝ።,Request,0
256,ፋብሪካ በዚህ አመት ተከፍቷል።,Assertion,1
257,አዎ በርግጥ፣ የስቱዲዮው እቅድ በከሰዓት በኋላ በጭራሽ አይከሽፍም።,Sarcasm/Irony,5
258,እባክዎ ይቅርታ፣ ኮምፒዩተሩን ከምሽቱ ጀምሮ ማቅረብ አልችልም።,Refusal,2
260,እንኳን ደስ አለህ ሹፌሩ፣ ስለ ምርቱ እንደገና ተሳስተሃል።,Sarcasm/Irony,5
261,ከመምህሩ ጋር ስለ ውሃው ጉዳይ መስማማት አልችልም።,Refusal,2
262,ደንበኛው ወደ መንገድ ላይ ዛሬ ማታ ሄደዋል።,Assertion,1
263,ይቅርታ፣ ገንዘቡን ነገ ማድረግ አልችልም።,Refusal,2
264,ይቅርታ፣ ቁልፉን በሚቀጥለው አመት ማድረግ አልችልም።,Refusal,2
265,ሹፌሩ ወደ ስብሰባ ክፍል ከሁለት ቀናት በኋላ ሄደዋል።,Assertion,1
266,መስኮቱ ገና ወደ መንገድ ላይ በዚህ ወር አልደረሰኝም።,Complaint,6
267,ነጋዴው ወደ አውሮፕላን ማረፊያ ከዛሬ ጀምሮ ሄደዋል።,Assertion,1
268,እንኳን ደስ አለህ ሹፌሩ፣ ስለ መጽሐፉ እንደገና ተሳስተሃል።,Sarcasm/Irony,5
269,ይህን በሩን ከነጋዴው መቀበል አልችልም።,Refusal,2
270,እባክዎ ፕሮጀክቱን ለዶክተሩ ከሶስት ሰዓት በኋላ ይላኩልኝ።,Request,0
271,የቁልፉ ችግር ከጥቂት ደቂቃዎች በኋላ ከባልደረባዬ ጋር እፈታለሁ።,Promise,8
274,ማዕከሉ ስለ ሪፖርቱ ማስጠንቀቂያ ነገ ጠዋት አውጥቷል።,Warning,4
275,እባክዎ ይቅርታ፣ ልብሱን በሳምንቱ መጨረሻ ማቅረብ አልችልም።,Refusal,2
276,ስለ ውሃው ጉዳይ ከሚኒስትሩ ጋር እንወያይ።,Suggestion,3
277,ሚኒስትሩ ወደ ትምህርት ቤት ከዛሬ ጀምሮ ሄደዋል።,Assertion,1
278,ዶክተሩ፣ እንደምን አደርክ ነገ ከሰዓት በኋላ?,Phatic,7
282,የመስኮቱ ወጪውን በሆስፒታል ብንቀንስ የተሻለ ነው።,Suggestion,3
284,እባክዎ ምርቱን ለአለቃዬ ዛሬ ማታ ይላኩልኝ።,Request,0
285,የመሳሪያው ዋጋውን ከጥቂት ደቂቃዎች በኋላ ብንቀንስ ደንበኞች ይጨምራሉ።,Suggestion,3
287,ካርታውን በጥንቃቄ ለጋዜጠኛው እይዛለሁ።,Promise,8
289,ስራ አስኪያጁ ወደ ፍርድ ቤት ነገ ከሰዓት በኋላ ሄደዋል።,Assertion,1
290,ሪፖርቱ ገና ወደ ፖሊስ ጣቢያ በሚቀጥለው አመት አልደረሰኝም።,Complaint,6
291,ስራ አስኪያጁ ወደ አውሮፕላን ማረፊያ በስብሰባው ወቅት ሄደዋል።,Assertion,1
292,እንኳን ደስ አለህ አስተማሪዋ ዛሬ ማታ።,Phatic,7
293,እንዴት ደስ ይላል፣ ስራ አስኪያጁ እንደገና በሚቀጥለው አመት ዘገዩ።,Sarcasm/Irony,5
294,እባክዎ ስልኩን ለፖሊሱ ነገ ከሰዓት በኋላ ይላኩልኝ።,Request,0
295,እንኳን ደስ አለህ አስተማሪዋ ከምሽቱ ጀምሮ።,Phatic,7
297,ሰነዱ ገና ወደ ገበያ ነገ አልደረሰኝም።,Complaint,6
298,የካርታው ዋጋውን ዛሬ ማታ ብንቀንስ ደንበኞች ይጨምራሉ።,Suggestion,3
299,ማሽኑን በጥንቃቄ ለዶክተሩ እይዛለሁ።,Promise,8
300,እባክዎ ይቅርታ፣ ፋይሉን በስብሰባው ወቅት ማቅረብ አልችልም።,Refusal,2
301,ዛሬ ወደ አውሮፕላን ማረፊያ እመጣለሁ።,Promise,8
302,ምርቱ ገና ወደ ቤት ከምሽቱ ጀምሮ አልደረሰኝም።,Complaint,6
305,እባክህ ለመስኮቱ ይህን ዘዴ ከዛሬ ጀምሮ ተጠቀም።,Suggestion,3
306,ስለ መስኮቱ ጉዳይ ከጋዜጠኛው ጋር እንወያይ።,Suggestion,3
307,ድርጅቱ ስለ ቁልፉ ማስጠንቀቂያ ከምሽቱ ጀምሮ አውጥቷል።,Warning,4
309,እባክዎ ውሉን ለመሐንዲሱ በዚህ ወር ይላኩልኝ።,Request,0
310,እባክዎ መጽሐፉን ለጓደኛዬ በዚህ ወር ይላኩልኝ።,Request,0
311,እባክዎ መጽሐፉን ለነጋዴው በዚህ አመት ይላኩልኝ።,Request,0
313,የካርታው ችግር ነገ ከሰዓት በኋላ ከሚኒስትሩ ጋር እፈታለሁ።,Promise,8
314,ማዕከሉ ስለ መልእክቱ ማስጠንቀቂያ ከሁለት ቀናት በኋላ አውጥቷል።,Warning,4
315,ውሉ ገና ወደ ቤት ከጥቂት ደቂቃዎች በኋላ አልደረሰኝም።,Complaint,6
316,ትዕዛዙ ገና ወደ ቤት ነገ ጠዋት አልደረሰኝም።,Complaint,6
317,የቤቱ ችግር ከሰዓት በኋላ ከጠበቃው ጋር እፈታለሁ።,Promise,8
318,መንግስት ስለ ጥያቄው ማስጠንቀቂያ በዚህ አመት አውጥቷል።,Warning,4
319,እባክዎ መሳሪያውን ለደንበኛው በሳምንቱ መጨረሻ ይላኩልኝ።,Request,0
321,ፋይሉ ገና ወደ ፍርድ ቤት በስብሰባው ወቅት አልደረሰኝም።,Complaint,6
322,የማሽኑ ችግር ነገ ከአስተማሪዋ ጋር እፈታለሁ።,Promise,8
323,መሳሪያው ገና ወደ ፍርድ ቤት ከሁለት ቀናት በኋላ አልደረሰኝም።,Complaint,6
326,አለቃዬ ወደ መጋዘን በስብሰባው ወቅት ሄደዋል።,Assertion,1
329,ኤጀንሲው ስለ መስኮቱ ማስጠንቀቂያ በዚህ ወር አውጥቷል።,Warning,4
330,ሰላም ፖሊሱ፣ ነገ እንዴት ነህ?,Phatic,7
331,ከጋዜጠኛው ጋር ስለ ትዕዛዙ ጉዳይ መስማማት አልችልም።,Refusal,2
332,እንዴት ጎበዝ ነህ መሐንዲሱ፣ በሩን ሰብረኸዋል!,Sarcasm/Irony,5
333,በጣም ብልህ ነህ ስራ አስኪያጁ፣ ኮምፒዩተሩን ረሳኸው።,Sarcasm/Irony,5
336,ስለ ገንዘቡ ጉዳይ ከሚኒስትሩ ጋር እንወያይ።,Suggestion,3
337,ደህና በዚህ አመት ይሁንልህ ጓደኛዬ።,Phatic,7
338,መሳሪያው ገና ወደ ሆስፒታል ዛሬ ማታ አልደረሰኝም።,Complaint,6
339,እንዴት ጎበዝ ነህ ባልደረባዬ፣ ምርቱን ሰብረኸዋል!,Sarcasm/Irony,5
342,ጋዜጠኛው፣ ጤና ይስጥልኝ በቤት።,Phatic,7
343,ደህና እደር ባልደረባዬ፣ ከሁለት ቀናት በኋላ እንገናኝ።,Phatic,7
344,የቦርሳው ችግር ከሰዓት በኋላ ከአለቃዬ ጋር እፈታለሁ።,Promise,8
345,መሐንዲሱ፣ እንደምን አደርክ በዚህ ሳምንት?,Phatic,7
346,ይህን ሂሳቡን ከመሐንዲሱ መቀበል አልችልም።,Refusal,2
349,እባክዎ ትዕዛዙን ለጋዜጠኛው ከዛሬ ጀምሮ ይላኩልኝ።,Request,0
350,እባክዎ መጽሐፉን ለአስተማሪዋ በሚቀጥለው አመት ይላኩልኝ።,Request,0
352,ባልደረባዬ ወደ ትምህርት ቤት በሚቀጥለው ወር ሄደዋል።,Assertion,1
353,ድርጅቱ ስለ መስኮቱ ማስጠንቀቂያ በዚህ አመት አውጥቷል።,Warning,4
354,የገንዘቡ ችግር ከአንድ ሰዓት በኋላ ከመምህሩ ጋር እፈታለሁ።,Promise,8
355,ከጋዜጠኛው ጋር ስለ ሪፖርቱ ጉዳይ መስማማት አልችልም።,Refusal,2
356,ስለ ውሉ ጉዳይ ከነጋዴው ጋር እንወያይ።,Suggestion,3
357,ሱቅ በሚቀጥለው ሳምንት ተከፍቷል።,Assertion,1
360,የፋይሉ ችግር ከምሽቱ ጀምሮ ከስራ አስኪያጁ ጋር እፈታለሁ።,Promise,8
361,እባክዎ ምርቱን ለጓደኛዬ በሚቀጥለው አመት ይላኩልኝ።,Request,0
363,ፖሊሱ ወደ ስብሰባ ክፍል በዚህ ሳምንት ሄደዋል።,Assertion,1
364,ፋብሪካው ስለ ስጦታው ማስጠንቀቂያ በዚህ አመት አውጥቷል።,Warning,4
368,በጣም ብልህ ነህ ጠበቃው፣ ደብዳቤውን ረሳኸው።,Sarcasm/Irony,5
369,እንዴት ደስ ይላል፣ ሚኒስትሩ እንደገና በሚቀጥለው ወር ዘገዩ።,Sarcasm/Irony,5
370,እንዴት ጎበዝ ነህ መምህሩ፣ ቦርሳውን ሰብረኸዋል!,Sarcasm/Irony,5
371,ይህን ፕሮጀክቱን ከጓደኛዬ መቀበል አልችልም።,Refusal,2
373,የደረሰኙ ችግር በዚህ አመት ከፖሊሱ ጋር እፈታለሁ።,Promise,8
374,ሰላም ጋዜጠኛው፣ ከአንድ ሰዓት በኋላ እንዴት ነህ?,Phatic,7
375,ፋብሪካው ስለ ቡናው ማስጠንቀቂያ ከሶስት ሰዓት በኋላ አውጥቷል።,Warning,4
378,የፋይሉ ዋጋውን በሚቀጥለው አመት ብንቀንስ ደንበኞች ይጨምራሉ።,Suggestion,3
379,ኤጀንሲው ስለ ውሉ ማስጠንቀቂያ ነገ ጠዋት አውጥቷል።,Warning,4
380,ነጋዴው ወደ መንገድ ላይ ነገ ሄደዋል።,Assertion,1
382,ስጦታው ገና ወደ ፋብሪካ ነገ አልደረሰኝም።,Complaint,6
383,ጤና ይስጥልኝ ነጋዴው፣ በዚህ ወር ደህና ነህ?,Phatic,7
384,ደህና ሁን ሹፌሩ፣ እስከ ነገ እንገናኝ።,Phatic,7
385,ደህና እደር ጓደኛዬ፣ በሚቀጥለው አመት እንገናኝ።,Phatic,7
386,እባክዎ በሩን ለጋዜጠኛው ከምሽቱ ጀምሮ ይላኩልኝ።,Request,0
387,ደረሰኙ ገና ወደ ፋብሪካ ከጥቂት ደቂቃዎች በኋላ አልደረሰኝም።,Complaint,6
389,ጎበዝ ስራ ሚኒስትሩ፣ መልእክቱ ሙሉ በሙሉ ፈርሷል።,Sarcasm/Irony,5
390,ከፖሊሱ ጋር ስለ ልብሱ ጉዳይ መስማማት አልችልም።,Refusal,2
391,ደህና እደር ጠበቃው፣ ከምሽቱ ጀምሮ እንገናኝ።,Phatic,7
392,ከጓደኛዬ ጋር ስለ ደረሰኙ ጉዳይ መስማማት አልችልም።,Refusal,2
395,ጎበዝ! በጣም ጥሩ ስራ ሰራህ ሹፌሩ፣ ሰነዱን አበላሸኸው።,Sarcasm/Irony,5
396,ደብዳቤው ገና ወደ ቢሮ ነገ ጠዋት አልደረሰኝም።,Complaint,6
398,እባክዎ ካርታውን ለአስተማሪዋ በዚህ አመት ይላኩልኝ።,Request,0
402,ቁልፉ ገና ወደ ፍርድ ቤት ከአንድ ሰዓት በኋላ አልደረሰኝም።,Complaint,6
403,እባክህ ለደረሰኙ ይህን ዘዴ ከሰዓት በኋላ ተጠቀም።,Suggestion,3
404,እባክዎ መስኮቱን ለአለቃዬ ነገ ከሰዓት በኋላ ይላኩልኝ።,Request,0
405,ትዕዛዙ ገና ወደ መንገድ ላይ በዚህ አመት አልደረሰኝም።,Complaint,6
406,እንኳን ደስ አለህ መሐንዲሱ፣ ስለ ልብሱ እንደገና ተሳስተሃል።,Sarcasm/Irony,5
408,እባክዎ ልብሱን ለሚኒስትሩ ከዛሬ ጀምሮ ይላኩልኝ።,Request,0
409,ደብዳቤው ገና ወደ ባንክ በሚቀጥለው አመት አልደረሰኝም።,Complaint,6
410,ቤቱ ገና ወደ ፍርድ ቤት በዚህ ወር አልደረሰኝም።,Complaint,6
414,ሚኒስትሩ ወደ መንገድ ላይ ከአንድ ሰዓት በኋላ ሄደዋል።,Assertion,1
415,እባክዎ ይቅርታ፣ ውሉን ከዛሬ ጀምሮ ማቅረብ አልችልም።,Refusal,2
416,ስቱዲዮው ነገ ጠዋት አዲስ ሰራተኞችን ቀጥሯል።,Assertion,1
417,ሰነዱ ገና ወደ ፖሊስ ጣቢያ በዚህ ሳምንት አልደረሰኝም።,Complaint,6
419,ድርጅቱ ስለ ገንዘቡ ማስጠንቀቂያ በስብሰባው ወቅት አውጥቷል።,Warning,4
420,የውሃው ወጪውን በቢሮ ብንቀንስ የተሻለ ነው።,Suggestion,3
423,ደረሰኙ ገና ወደ ሱቅ በዚህ ወር አልደረሰኝም።,Complaint,6
424,ባልደረባዬ ወደ ባንክ ከሶስት ሰዓት በኋላ ሄደዋል።,Assertion,1
425,ቤቱ ገና ወደ ስብሰባ ክፍል ከሁለት ቀናት በኋላ አልደረሰኝም።,Complaint,6
426,ሹፌሩ፣ እንደምን አደርክ ከአንድ ሰዓት በኋላ?,Phatic,7
427,እባክዎ ቡናውን ለዶክተሩ ከጥቂት ደቂቃዎች በኋላ ይላኩልኝ።,Request,0
429,የካርታው ችግር ዛሬ ከመምህሩ ጋር እፈታለሁ።,Promise,8
431,ስለ ዕቃው ከጠበቃው ጋር ማሰብ ይኖርብናል።,Suggestion,3
432,እባክዎ ፋይሉን ለባልደረባዬ ነገ ከሰዓት በኋላ ይላኩልኝ።,Request,0
433,ጎበዝ! በጣም ጥሩ ስራ ሰራህ ጋዜጠኛው፣ ማሽኑን አበላሸኸው።,Sarcasm/Irony,5
434,እሰይ፣ ሌላ ችግር በከተማው ውስጥ በስብሰባው ወቅት፣ ልክ የሚያስፈልገን ይሄው ነበር።,Sarcasm/Irony,5
435,መስኮቱ ገና ወደ ባንክ ከሁለት ቀናት በኋላ አልደረሰኝም።,Complaint,6
436,ሰላም ሹፌሩ፣ ነገ እንዴት ነህ?,Phatic,7
437,መምህሩ ወደ መንገድ ላይ በዚህ አመት ሄደዋል።,Assertion,1
440,ይህን ፋይሉን ከጓደኛዬ መቀበል አልችልም።,Refusal,2
441,ደብዳቤው ገና ወደ ፖሊስ ጣቢያ በሚቀጥለው አመት አልደረሰኝም።,Complaint,6
442,እባክዎ በሩን ለባልደረባዬ በዚህ አመት ይላኩልኝ።,Request,0
444,እባክዎ መልእክቱን ለነጋዴው በሚቀጥለው ወር ይላኩልኝ።,Request,0
445,እሰይ፣ ሌላ ችግር በገበያ ከአንድ ሰዓት በኋላ፣ ልክ የሚያስፈልገን ይሄው ነበር።,Sarcasm/Irony,5
446,መልእክቱ ገና ወደ ባንክ በዚህ ሳምንት አልደረሰኝም።,Complaint,6
448,እንዴት ጎበዝ ነህ ስራ አስኪያጁ፣ ውሉን ሰብረኸዋል!,Sarcasm/Irony,5
449,ስለ ሂሳቡ ከባልደረባዬ ጋር ማሰብ ይኖርብናል።,Suggestion,3
453,የውሃው ችግር ነገ ከጠበቃው ጋር እፈታለሁ።,Promise,8
456,ስልኩን በጥንቃቄ ለአስተማሪዋ እይዛለሁ።,Promise,8
457,ስቱዲዮው ስለ መልእክቱ ማስጠንቀቂያ በዚህ ሳምንት አውጥቷል።,Warning,4
459,እንዴት ጎበዝ ነህ ጓደኛዬ፣ ፋይሉን ሰብረኸዋል!,Sarcasm/Irony,5
461,ሚኒስትሩ ወደ ቤት ከሶስት ሰዓት በኋላ ሄደዋል።,Assertion,1
463,ስለ ደረሰኙ ጉዳይ ከባልደረባዬ ጋር እንወያይ።,Suggestion,3
464,ጤና ይስጥልኝ ጠበቃው፣ በሚቀጥለው ወር ደህና ነህ?,Phatic,7
468,እባክዎ ምርቱን ለጋዜጠኛው በሚቀጥለው አመት ይላኩልኝ።,Request,0
470,የማሽኑ ዋጋውን በዚህ አመት ብንቀንስ ደንበኞች ይጨምራሉ።,Suggestion,3
472,እባክዎ መልእክቱን ለሹፌሩ ከጥቂት ደቂቃዎች በኋላ ይላኩልኝ።,Request,0
473,እንኳን ደስ አለህ ዶክተሩ፣ ስለ ፋይሉ እንደገና ተሳስተሃል።,Sarcasm/Irony,5
475,የደብዳቤው ችግር ነገ ጠዋት ከነጋዴው ጋር እፈታለሁ።,Promise,8
477,እባክዎ መሳሪያውን ለአለቃዬ በዚህ ወር ይላኩልኝ።,Request,0
479,ስለ በሩ ከመምህሩ ጋር ማሰብ ይኖርብናል።,Suggestion,3
483,ስለ ደረሰኙ ጉዳይ ከፖሊሱ ጋር እንወያይ።,Suggestion,3
485,እባክዎ ይቅርታ፣ ውሉን ከሁለት ቀናት በኋላ ማቅረብ አልችልም።,Refusal,2
486,ስለ ኮምፒዩተሩ ከመምህሩ ጋር ማሰብ ይኖርብናል።,Suggestion,3
487,ፖሊሱ ወደ ትምህርት ቤት በስብሰባው ወቅት ሄደዋል።,Assertion,1
488,ፖሊሱ ወደ ቢሮ በዚህ ሳምንት ሄደዋል።,Assertion,1
489,ይህን ውሃውን ከባልደረባዬ መቀበል አልችልም።,Refusal,2
490,ጠበቃው ወደ ሱቅ በዚህ ሳምንት ሄደዋል።,Assertion,1
492,ቁልፉ ገና ወደ መጋዘን በስብሰባው ወቅት አልደረሰኝም።,Complaint,6
493,የሪፖርቱ ችግር በስብሰባው ወቅት ከጋዜጠኛው ጋር እፈታለሁ።,Promise,8
494,መንግስት ስለ መልእክቱ ማስጠንቀቂያ ከምሽቱ ጀምሮ አውጥቷል።,Warning,4
495,ልብሱ ገና ወደ ቤት ከምሽቱ ጀምሮ አልደረሰኝም።,Complaint,6
496,ጤና ይስጥልኝ ጓደኛዬ፣ በስብሰባው ወቅት ደህና ነህ?,Phatic,7
497,ድርጅቱ ስለ ቦርሳው ማስጠንቀቂያ ከጥቂት ደቂቃዎች በኋላ አውጥቷል።,Warning,4
498,እባክዎ ፕሮጀክቱን ለመምህሩ በዚህ ወር ይላኩልኝ።,Request,0
499,እባክህ ለስልኩ ይህን ዘዴ ከአንድ ሰዓት በኋላ ተጠቀም።,Suggestion,3
500,ማዕከሉ ስለ ዕቃው ማስጠንቀቂያ በሚቀጥለው አመት አውጥቷል።,Warning,4
501,እባክዎ ትዕዛዙን ለጋዜጠኛው ነገ ጠዋት ይላኩልኝ።,Request,0
502,ጥያቄው ገና ወደ ሆስፒታል ዛሬ አልደረሰኝም።,Complaint,6
504,ሰነዱ ገና ወደ ስብሰባ ክፍል ዛሬ አልደረሰኝም።,Complaint,6
505,ስለ ጥያቄው ጉዳይ ከጋዜጠኛው ጋር እንወያይ።,Suggestion,3
507,እቅዱን ዛሬ ማታ ከፋብሪካው ጋር እናሻሽል።,Suggestion,3
508,ጋዜጠኛው ወደ ከተማው ውስጥ ከሁለት ቀናት በኋላ ሄደዋል።,Assertion,1
509,እባክዎ ይቅርታ፣ ቦርሳውን ዛሬ ማቅረብ አልችልም።,Refusal,2
510,አለቃዬ፣ ጤና ይስጥልኝ በሆስፒታል።,Phatic,7
511,በጣም ደግ ነህ መሐንዲሱ፣ በፋብሪካ ምንም እርዳታ አልሰጠኸኝም።,Sarcasm/Irony,5
513,እባክዎ ስጦታውን ለጋዜጠኛው ከሶስት ሰዓት በኋላ ይላኩልኝ።,Request,0
514,እንዴት ጎበዝ ነህ መምህሩ፣ ፋይሉን ሰብረኸዋል!,Sarcasm/Irony,5
515,ይቅርታ፣ መጽሐፉን ከሰዓት በኋላ ማድረግ አልችልም።,Refusal,2
516,እባክህ ለትዕዛዙ ይህን ዘዴ ከሁለት ቀናት በኋላ ተጠቀም።,Suggestion,3
518,ማህበሩ ስለ መጽሐፉ ማስጠንቀቂያ ከዛሬ ጀምሮ አውጥቷል።,Warning,4
521,ይቅርታ፣ ፋይሉን ከሁለት ቀናት በኋላ ማድረግ አልችልም።,Refusal,2
522,እባክዎ ይቅርታ፣ ስጦታውን ከሁለት ቀናት በኋላ ማቅረብ አልችልም።,Refusal,2
527,እንዴት ደስ ይላል፣ ዶክተሩ እንደገና በሚቀጥለው አመት ዘገዩ።,Sarcasm/Irony,5
529,ሚኒስቴሩ ስለ መኪናው ማስጠንቀቂያ በዚህ ወር አውጥቷል።,Warning,4
530,ሚኒስቴሩ ስለ ጥያቄው ማስጠንቀቂያ ከአንድ ሰዓት በኋላ አውጥቷል።,Warning,4
531,አለቃዬ ወደ ስብሰባ ክፍል ነገ ሄደዋል።,Assertion,1
532,ስቱዲዮው ከጥቂት ደቂቃዎች በኋላ አዲስ ሰራተኞችን ቀጥሯል።,Assertion,1
533,ጎበዝ! በጣም ጥሩ ስራ ሰራህ ጠበቃው፣ መሳሪያውን አበላሸኸው።,Sarcasm/Irony,5
534,እባክዎ ስጦታውን ለመሐንዲሱ በሳምንቱ መጨረሻ ይላኩልኝ።,Request,0
535,ስቱዲዮው ስለ ምርቱ ማስጠንቀቂያ ከሰዓት በኋላ አውጥቷል።,Warning,4
536,የመልእክቱ ችግር ነገ ከሰዓት በኋላ ከአለቃዬ ጋር እፈታለሁ።,Promise,8
537,እባክዎ ይቅርታ፣ መስኮቱን ዛሬ ማቅረብ አልችልም።,Refusal,2
539,ደህና እደር ጓደኛዬ፣ በሚቀጥለው ወር እንገናኝ።,Phatic,7
540,የመጽሐፉ ችግር ነገ ከሰዓት በኋላ ከፖሊሱ ጋር እፈታለሁ።,Promise,8
541,ማህበሩ ስለ ፋይሉ ማስጠንቀቂያ ከሶስት ሰዓት በኋላ አውጥቷል።,Warning,4
542,አመሰግናለሁ ስራ አስኪያጁ፣ ደህና ዋል በመንገድ ላይ።,Phatic,7
544,ሚኒስቴሩ ስለ ውሃው ማስጠንቀቂያ ነገ አውጥቷል።,Warning,4
545,የውሃው ችግር ዛሬ ከደንበኛው ጋር እፈታለሁ።,Promise,8
546,ይህን ገንዘቡን ከስራ አስኪያጁ መቀበል አልችልም።,Refusal,2
547,ስለ ፕሮጀክቱ ከፖሊሱ ጋር ማሰብ ይኖርብናል።,Suggestion,3
552,መሐንዲሱ ወደ ትምህርት ቤት ነገ ጠዋት ሄደዋል።,Assertion,1
556,ጎበዝ ስራ ባልደረባዬ፣ ስልኩ ሙሉ በሙሉ ፈርሷል።,Sarcasm/Irony,5
557,ጎበዝ ስራ ጠበቃው፣ ትዕዛዙ ሙሉ በሙሉ ፈርሷል።,Sarcasm/Irony,5
558,ገንዘቡ ገና ወደ ሆስፒታል በዚህ ወር አልደረሰኝም።,Complaint,6
559,ደህና እደር መምህሩ፣ ከሶስት ሰዓት በኋላ እንገናኝ።,Phatic,7
561,እንኳን ደስ አለህ መምህሩ፣ ስለ ውሃው እንደገና ተሳስተሃል።,Sarcasm/Irony,5
563,የቡናው ዋጋውን በሚቀጥለው ሳምንት ብንቀንስ ደንበኞች ይጨምራሉ።,Suggestion,3
564,ይህን ውሃውን ከደንበኛው መቀበል አልችልም።,Refusal,2
565,እባክዎ ቦርሳውን ለነጋዴው በሳምንቱ መጨረሻ ይላኩልኝ።,Request,0
566,ሚኒስቴሩ ስለ ማሽኑ ማስጠንቀቂያ ከሶስት ሰዓት በኋላ አውጥቷል።,Warning,4
567,ስጦታው ገና ወደ ፋብሪካ ከዛሬ ጀምሮ አልደረሰኝም።,Complaint,6
568,እሰይ፣ ሌላ ችግር በፋብሪካ ከጥቂት ደቂቃዎች በኋላ፣ ልክ የሚያስፈልገን ይሄው ነበር።,Sarcasm/Irony,5
569,በሩ ገና ወደ ባንክ ነገ ከሰዓት በኋላ አልደረሰኝም።,Complaint,6
571,እባክዎ ይቅርታ፣ ካርታውን በሚቀጥለው አመት ማቅረብ አልችልም።,Refusal,2
572,እባክዎ ኮምፒዩተሩን ለሹፌሩ በዚህ ሳምንት ይላኩልኝ።,Request,0
573,የሰነዱ ችግር በዚህ ሳምንት ከመሐንዲሱ ጋር እፈታለሁ።,Promise,8
574,የመጽሐፉ ገመድ በፖሊስ ጣቢያ አደገኛ ነው ተጠንቀቁ።,Warning,4
575,ከስራ አስኪያጁ ጋር ስለ ቡናው ጉዳይ መስማማት አልችልም።,Refusal,2
576,እባክዎ ትዕዛዙን ለሹፌሩ ከአንድ ሰዓት በኋላ ይላኩልኝ።,Request,0
577,የመልእክቱ ችግር ነገ ከደንበኛው ጋር እፈታለሁ።,Promise,8
578,ድርጅቱ ስለ ሰነዱ ማስጠንቀቂያ በዚህ አመት አውጥቷል።,Warning,4
579,ድርጅቱ ስለ ዕቃው ማስጠንቀቂያ በሚቀጥለው ሳምንት አውጥቷል።,Warning,4
580,እባክዎ ይቅርታ፣ ስጦታውን ዛሬ ማታ ማቅረብ አልችልም።,Refusal,2
582,ድርጅቱ ስለ ቡናው ማስጠንቀቂያ በዚህ ሳምንት አውጥቷል።,Warning,4
583,ፖሊሱ፣ ጤና ይስጥልኝ በፋብሪካ።,Phatic,7
584,በዚህ ወር በሆስፒታል ስብሰባ እናድርግ።,Suggestion,3
585,እባክህ ለካርታው ይህን ዘዴ ነገ ከሰዓት በኋላ ተጠቀም።,Suggestion,3
586,እንኳን ደስ አለህ ባልደረባዬ፣ ስለ ደብዳቤው እንደገና ተሳስተሃል።,Sarcasm/Irony,5
587,እባክዎ ልብሱን ለባልደረባዬ በስብሰባው ወቅት ይላኩልኝ።,Request,0
588,ሪፖርቱ ገና ወደ ከተማው ውስጥ በዚህ ወር አልደረሰኝም።,Complaint,6
589,እንኳን ደስ አለህ አስተማሪዋ ከሰዓት በኋላ።,Phatic,7
590,መሐንዲሱ ወደ ስብሰባ ክፍል ከምሽቱ ጀምሮ ሄደዋል።,Assertion,1
592,ደህና ነገ ከሰዓት በኋላ ይሁንልህ ሚኒስትሩ።,Phatic,7
594,ስራ አስኪያጁ ወደ ፋብሪካ ከምሽቱ ጀምሮ ሄደዋል።,Assertion,1
595,መልእክቱን ከሶስት ሰዓት በኋላ ብንሞክር ጥሩ ይሆናል።,Suggestion,3
596,ነጋዴው ወደ ትምህርት ቤት ከሶስት ሰዓት በኋላ ሄደዋል።,Assertion,1
600,እንዴት ጎበዝ ነህ ጋዜጠኛው፣ መልእክቱን ሰብረኸዋል!,Sarcasm/Irony,5
601,ሪፖርቱን ለዶክተሩ ከምሽቱ ጀምሮ አቀርባለሁ።,Promise,8
602,በጣም ደግ ነህ አለቃዬ፣ በመንገድ ላይ ምንም እርዳታ አልሰጠኸኝም።,Sarcasm/Irony,5
603,ጠበቃው ወደ መጋዘን በሚቀጥለው ሳምንት ሄደዋል።,Assertion,1
604,የጥያቄው ችግር ዛሬ ከስራ አስኪያጁ ጋር እፈታለሁ።,Promise,8
605,ፋብሪካው ስለ ምርቱ ማስጠንቀቂያ በስብሰባው ወቅት አውጥቷል።,Warning,4
606,በጣም ብልህ ነህ አለቃዬ፣ ልብሱን ረሳኸው።,Sarcasm/Irony,5
607,ሹፌሩ ወደ ቢሮ በሚቀጥለው ወር ሄደዋል።,Assertion,1
608,የውሉ ችግር በሚቀጥለው ሳምንት ከአስተማሪዋ ጋር እፈታለሁ።,Promise,8
609,እባክዎ መሳሪያውን ለጋዜጠኛው ከሶስት ሰዓት በኋላ ይላኩልኝ።,Request,0
610,እንኳን ደስ አለህ አለቃዬ ከሁለት ቀናት በኋላ።,Phatic,7
611,የውሉ ችግር ከሰዓት በኋላ ከጓደኛዬ ጋር እፈታለሁ።,Promise,8
612,አለቃዬ ወደ ፍርድ ቤት ከዛሬ ጀምሮ ሄደዋል።,Assertion,1
613,እንዴት ጎበዝ ነህ መሐንዲሱ፣ ሰነዱን ሰብረኸዋል!,Sarcasm/Irony,5
617,መሐንዲሱ ወደ ትምህርት ቤት በስብሰባው ወቅት ሄደዋል።,Assertion,1
618,ስራ አስኪያጁ፣ ጤና ይስጥልኝ በትምህርት ቤት።,Phatic,7
619,ጠበቃው ወደ ትምህርት ቤት ከአንድ ሰዓት በኋላ ሄደዋል።,Assertion,1
620,ስራ አስኪያጁ ወደ ስብሰባ ክፍል ከሁለት ቀናት በኋላ ሄደዋል።,Assertion,1
621,ሰላም ዶክተሩ፣ በዚህ ሳምንት እንዴት ነህ?,Phatic,7
622,መንግስት ስለ ፋይሉ ማስጠንቀቂያ በስብሰባው ወቅት አውጥቷል።,Warning,4
623,ጓደኛዬ ወደ መንገድ ላይ ነገ ሄደዋል።,Assertion,1
624,የመጽሐፉ ችግር በሚቀጥለው ወር ከአለቃዬ ጋር እፈታለሁ።,Promise,8
625,ቢያንስ አንዴ ኮምፒዩተሩን በሆስፒታል እንሞክር።,Suggestion,3
626,ይህን ኮምፒዩተሩን ከመምህሩ መቀበል አልችልም።,Refusal,2
627,ጤና ይስጥልኝ ጠበቃው፣ ከጥቂት ደቂቃዎች በኋላ ደህና ነህ?,Phatic,7
628,ዕቃው ገና ወደ ስብሰባ ክፍል በዚህ ወር አልደረሰኝም።,Complaint,6
629,ጥንቃቄ ያድርጉ፣ በሚቀጥለው ሳምንት ትምህርት ቤት ይንሸራተታል።,Warning,4
630,እባክዎ ስልኩን ለፖሊሱ ዛሬ ማታ ይላኩልኝ።,Request,0
631,እባክዎ ገንዘቡን ለሹፌሩ በሚቀጥለው ወር ይላኩልኝ።,Request,0
632,እባክዎ ይቅርታ፣ ውሉን በዚህ ሳምንት ማቅረብ አልችልም።,Refusal,2
633,እባክዎ ይቅርታ፣ ቦርሳውን ከምሽቱ ጀምሮ ማቅረብ አልችልም።,Refusal,2
634,እባክዎ መሳሪያውን ለመሐንዲሱ በስብሰባው ወቅት ይላኩልኝ።,Request,0
636,የመጽሐፉ ገመድ በስብሰባ ክፍል አደገኛ ነው ተጠንቀቁ።,Warning,4
637,ቤቱ ገና ወደ ሱቅ በዚህ አመት አልደረሰኝም።,Complaint,6
638,ቢያንስ አንዴ ቤቱን በመጋዘን እንሞክር።,Suggestion,3
639,አመሰግናለሁ ባልደረባዬ፣ ደህና ዋል በገበያ።,Phatic,7
640,ጤና ይስጥልኝ ነጋዴው፣ ከሁለት ቀናት በኋላ ደህና ነህ?,Phatic,7
642,ነገ ወደ መንገድ ላይ እመጣለሁ።,Promise,8
643,ስለ ውሉ ጉዳይ ከደንበኛው ጋር እንወያይ።,Suggestion,3
644,ይቅርታ፣ ውሉን በሚቀጥለው ወር ማድረግ አልችልም።,Refusal,2
645,ሚኒስትሩ ወደ ስብሰባ ክፍል ዛሬ ማታ ሄደዋል።,Assertion,1
646,እንዴት ጎበዝ ነህ ዶክተሩ፣ ቤቱን ሰብረኸዋል!,Sarcasm/Irony,5
648,ሚኒስቴሩ ስለ ጥያቄው ማስጠንቀቂያ በሚቀጥለው ወር አውጥቷል።,Warning,4
649,መጽሐፉ ገና ወደ ፖሊስ ጣቢያ ከጥቂት ደቂቃዎች በኋላ አልደረሰኝም።,Complaint,6
651,እሰይ፣ ሌላ ችግር በአውሮፕላን ማረፊያ በሚቀጥለው አመት፣ ልክ የሚያስፈልገን ይሄው ነበር።,Sarcasm/Irony,5
653,ማዕከሉ ስለ ደብዳቤው ማስጠንቀቂያ ነገ ጠዋት አውጥቷል።,Warning,4
654,ቢያንስ አንዴ ጥያቄውን በቤት እንሞክር።,Suggestion,3
655,ድርጅቱ ስለ መኪናው ማስጠንቀቂያ በስብሰባው ወቅት አውጥቷል።,Warning,4
657,ሰነዱ ገና ወደ ፋብሪካ በሚቀጥለው ወር አልደረሰኝም።,Complaint,6
658,እባክዎ ሰነዱን ለዶክተሩ ከዛሬ ጀምሮ ይላኩልኝ።,Request,0
659,አመሰግናለሁ ጓደኛዬ፣ ደህና ዋል በቤት።,Phatic,7
662,ሚኒስቴሩ ስለ ደረሰኙ ማስጠንቀቂያ በሳምንቱ መጨረሻ አውጥቷል።,Warning,4
663,የሂሳቡ ችግር ከምሽቱ ጀምሮ ከአለቃዬ ጋር እፈታለሁ።,Promise,8
664,ስጦታው ገና ወደ አውሮፕላን ማረፊያ በሚቀጥለው ወር አልደረሰኝም።,Complaint,6
665,እባክዎ በሩን ለዶክተሩ በሚቀጥለው አመት ይላኩልኝ።,Request,0
666,ከመምህሩ ጋር ስለ ዕቃው ጉዳይ መስማማት አልችልም።,Refusal,2
667,በጣም ብልህ ነህ ጓደኛዬ፣ ፕሮጀክቱን ረሳኸው።,Sarcasm/Irony,5
669,የደረሰኙ ወጪውን በከተማው ውስጥ ብንቀንስ የተሻለ ነው።,Suggestion,3
670,እባክዎ ቡናውን ለጠበቃው ዛሬ ይላኩልኝ።,Request,0
671,ሪፖርቱ ገና ወደ ቢሮ በሚቀጥለው ሳምንት አልደረሰኝም።,Complaint,6
673,ፍርድ ቤት ከዛሬ ጀምሮ ተከፍቷል።,Assertion,1
676,እንኳን ደስ አለህ ደንበኛው፣ ስለ በሩ እንደገና ተሳስተሃል።,Sarcasm/Irony,5
677,ባልደረባዬ ወደ መንገድ ላይ በሚቀጥለው ሳምንት ሄደዋል።,Assertion,1
678,መንግስት ስለ መልእክቱ ማስጠንቀቂያ ነገ ጠዋት አውጥቷል።,Warning,4
679,የካርታው ችግር በሚቀጥለው ሳምንት ከመምህሩ ጋር እፈታለሁ።,Promise,8
680,ስቱዲዮው ስለ መጽሐፉ ማስጠንቀቂያ ከምሽቱ ጀምሮ አውጥቷል።,Warning,4
681,ሚኒስቴሩ ስለ ፋይሉ ማስጠንቀቂያ በሚቀጥለው ወር አውጥቷል።,Warning,4
682,ደረሰኙን በሚቀጥለው አመት ብንሞክር ጥሩ ይሆናል።,Suggestion,3
683,ሪፖርቱ ገና ወደ ስብሰባ ክፍል በሚቀጥለው ወር አልደረሰኝም።,Complaint,6
684,ደህና እደር መሐንዲሱ፣ በሚቀጥለው ወር እንገናኝ።,Phatic,7
685,ከደንበኛው ጋር ስለ ሰነዱ ጉዳይ መስማማት አልችልም።,Refusal,2
686,ሚኒስቴሩ ስለ ስልኩ ማስጠንቀቂያ በሚቀጥለው ሳምንት አውጥቷል።,Warning,4
687,ስለ ውሉ ከአለቃዬ ጋር ማሰብ ይኖርብናል።,Suggestion,3
688,እባክዎ ሪፖርቱን ለነጋዴው ከሶስት ሰዓት በኋላ ይላኩልኝ።,Request,0
689,ፖሊሱ ወደ ስብሰባ ክፍል ከምሽቱ ጀምሮ ሄደዋል።,Assertion,1
690,እባክዎ ትዕዛዙን ለፖሊሱ ዛሬ ይላኩልኝ።,Request,0
691,የካርታው ችግር ከጥቂት ደቂቃዎች በኋላ ከአስተማሪዋ ጋር እፈታለሁ።,Promise,8
692,ይቅርታ፣ ፕሮጀክቱን ከምሽቱ ጀምሮ ማድረግ አልችልም።,Refusal,2
693,ነገ ከሰዓት በኋላ በፖሊስ ጣቢያ ስብሰባ እናድርግ።,Suggestion,3
694,ይህን መኪናውን ከባልደረባዬ መቀበል አልችልም።,Refusal,2
695,እባክዎ ቁልፉን ለመሐንዲሱ በሳምንቱ መጨረሻ ይላኩልኝ።,Request,0
697,ሰላም ጓደኛዬ፣ በሳምንቱ መጨረሻ እንዴት ነህ?,Phatic,7
698,ይቅርታ፣ ውሃውን ነገ ጠዋት ማድረግ አልችልም።,Refusal,2
699,ይቅርታ፣ መሳሪያውን ከጥቂት ደቂቃዎች በኋላ ማድረግ አልችልም።,Refusal,2
700,ስለ ዕቃው ጉዳይ ከደንበኛው ጋር እንወያይ።,Suggestion,3
701,ሰነዱ ገና ወደ ስብሰባ ክፍል ከዛሬ ጀምሮ አልደረሰኝም።,Complaint,6
702,ኤጀንሲው ስለ ቡናው ማስጠንቀቂያ ከዛሬ ጀምሮ አውጥቷል።,Warning,4
703,ቦርሳው ገና ወደ ቤት ከጥቂት ደቂቃዎች በኋላ አልደረሰኝም።,Complaint,6
704,የፕሮጀክቱ ችግር በሚቀጥለው ሳምንት ከአስተማሪዋ ጋር እፈታለሁ።,Promise,8
705,ከሹፌሩ ጋር ስለ ቦርሳው ጉዳይ መስማማት አልችልም።,Refusal,2
706,ከስራ አስኪያጁ ጋር ስለ መሳሪያው ጉዳይ መስማማት አልችልም።,Refusal,2
707,ትዕዛዙ ገና ወደ ሆስፒታል ዛሬ ማታ አልደረሰኝም።,Complaint,6
708,ከጓደኛዬ ጋር ስለ ቦርሳው ጉዳይ መስማማት አልችልም።,Refusal,2
711,ጤና ይስጥልኝ መሐንዲሱ፣ በሳምንቱ መጨረሻ ደህና ነህ?,Phatic,7
713,የጥያቄው ችግር ከሰዓት በኋላ ከአስተማሪዋ ጋር እፈታለሁ።,Promise,8
714,እባክዎ ውሃውን ለሹፌሩ ከጥቂት ደቂቃዎች በኋላ ይላኩልኝ።,Request,0
716,ስቱዲዮው ስለ ምርቱ ማስጠንቀቂያ በሳምንቱ መጨረሻ አውጥቷል።,Warning,4
717,ጋዜጠኛው ወደ ባንክ ከዛሬ ጀምሮ ሄደዋል።,Assertion,1
718,ጎበዝ! በጣም ጥሩ ስራ ሰራህ ስራ አስኪያጁ፣ ልብሱን አበላሸኸው።,Sarcasm/Irony,5
719,አመሰግናለሁ አለቃዬ፣ ደህና ዋል በባንክ።,Phatic,7
720,እባክዎ ቤቱን ለአስተማሪዋ በዚህ ወር ይላኩልኝ።,Request,0
721,ባንኩ ስለ ፋይሉ ማስጠንቀቂያ በስብሰባው ወቅት አውጥቷል።,Warning,4
722,የሂሳቡ ችግር ከሶስት ሰዓት በኋላ ከዶክተሩ ጋር እፈታለሁ።,Promise,8
724,ጋዜጠኛው ወደ ፍርድ ቤት በሚቀጥለው አመት ሄደዋል።,Assertion,1
725,ማህበሩ ስለ ቦርሳው ማስጠንቀቂያ በሚቀጥለው ሳምንት አውጥቷል።,Warning,4
726,ቢያንስ አንዴ ውሃውን በቢሮ እንሞክር።,Suggestion,3
730,ባልደረባዬ ወደ መጋዘን ከሰዓት በኋላ ሄደዋል።,Assertion,1
731,መምህሩ ወደ ባንክ በሚቀጥለው ሳምንት ሄደዋል።,Assertion,1
733,እባክዎ ፋይሉን ለዶክተሩ በሚቀጥለው ሳምንት ይላኩልኝ።,Request,0
735,ይቅርታ፣ መስኮቱን በዚህ ወር ማድረግ አልችልም።,Refusal,2
738,እንዴት ደስ ይላል፣ ጓደኛዬ እንደገና በዚህ አመት ዘገዩ።,Sarcasm/Irony,5
739,የኮምፒዩተሩ ችግር ነገ ከሰዓት በኋላ ከጋዜጠኛው ጋር እፈታለሁ።,Promise,8
741,እባክዎ መልእክቱን ለጓደኛዬ ነገ ጠዋት ይላኩልኝ።,Request,0
742,ደብዳቤው ገና ወደ ቢሮ ከጥቂት ደቂቃዎች በኋላ አልደረሰኝም።,Complaint,6
744,ደህና ከአንድ ሰዓት በኋላ ይሁንልህ መሐንዲሱ።,Phatic,7
745,ዶክተሩ ወደ ፖሊስ ጣቢያ ከጥቂት ደቂቃዎች በኋላ ሄደዋል።,Assertion,1
747,ማሽኑ ገና ወደ ፖሊስ ጣቢያ በሚቀጥለው ሳምንት አልደረሰኝም።,Complaint,6
748,ከአስተማሪዋ ጋር ስለ ፋይሉ ጉዳይ መስማማት አልችልም።,Refusal,2
749,ጠበቃው ወደ ሱቅ ከአንድ ሰዓት በኋላ ሄደዋል።,Assertion,1
752,ይህን ቁልፉን ከጋዜጠኛው መቀበል አልችልም።,Refusal,2
753,እባክዎ መሳሪያውን ለጠበቃው ከአንድ ሰዓት በኋላ ይላኩልኝ።,Request,0
755,መንግስት ስለ ደብዳቤው ማስጠንቀቂያ ከዛሬ ጀምሮ አውጥቷል።,Warning,4
756,እባክዎ ካርታውን ለጓደኛዬ በሚቀጥለው አመት ይላኩልኝ።,Request,0
757,በጣም ብልህ ነህ ስራ አስኪያጁ፣ ልብሱን ረሳኸው።,Sarcasm/Irony,5
758,ፋይሉን ነገ ጠዋት ብንሞክር ጥሩ ይሆናል።,Suggestion,3
760,ፕሮጀክቱ ገና ወደ ስብሰባ ክፍል ነገ ጠዋት አልደረሰኝም።,Complaint,6
761,መስኮቱ ገና ወደ ገበያ በዚህ አመት አልደረሰኝም።,Complaint,6
763,እንኳን ደስ አለህ መምህሩ፣ ስለ ልብሱ እንደገና ተሳስተሃል።,Sarcasm/Irony,5
764,ማህበሩ ስለ ትዕዛዙ ማስጠንቀቂያ በሚቀጥለው ሳምንት አውጥቷል።,Warning,4
765,ከደንበኛው ጋር ስለ ስጦታው ጉዳይ መስማማት አልችልም።,Refusal,2
766,የመኪናው ችግር በሚቀጥለው ሳምንት ከአስተማሪዋ ጋር እፈታለሁ።,Promise,8
767,እንዴት ደስ ይላል፣ አለቃዬ እንደገና በሚቀጥለው ወር ዘገዩ።,Sarcasm/Irony,5
768,አስተማሪዋ ወደ ትምህርት ቤት ከሁለት ቀናት በኋላ ሄደዋል።,Assertion,1
769,የመስኮቱ ችግር በሚቀጥለው አመት ከጠበቃው ጋር እፈታለሁ።,Promise,8
770,ማሽኑ ገና ወደ ሆስፒታል ከሰዓት በኋላ አልደረሰኝም።,Complaint,6
771,እንኳን ደስ አለህ ጓደኛዬ፣ ስለ ስልኩ እንደገና ተሳስተሃል።,Sarcasm/Irony,5
773,እባክዎ ቁልፉን ለመሐንዲሱ ነገ ይላኩልኝ።,Request,0
774,መምህሩ ወደ ባንክ በዚህ ወር ሄደዋል።,Assertion,1
775,ስራ አስኪያጁ ወደ ስብሰባ ክፍል በዚህ ሳምንት ሄደዋል።,Assertion,1
777,ደህና ሁን ነጋዴው፣ እስከ በሚቀጥለው ሳምንት እንገናኝ።,Phatic,7
778,መልእክቱን በዚህ ሳምንት ብንሞክር ጥሩ ይሆናል።,Suggestion,3
779,እባክዎ ትዕዛዙን ለዶክተሩ በሚቀጥለው አመት ይላኩልኝ።,Request,0
781,እባክዎ ይቅርታ፣ ቤቱን ከሰዓት በኋላ ማቅረብ አልችልም።,Refusal,2
782,ደህና ከሁለት ቀናት በኋላ ይሁንልህ አለቃዬ።,Phatic,7
784,ኮምፒዩተሩ ገና ወደ መንገድ ላይ በሚቀጥለው ሳምንት አልደረሰኝም።,Complaint,6
785,የሂሳቡ ችግር ከሰዓት በኋላ ከመምህሩ ጋር እፈታለሁ።,Promise,8
787,አዎ በርግጥ፣ የኩባንያው እቅድ በከጥቂት ደቂቃዎች በኋላ በጭራሽ አይከሽፍም።,Sarcasm/Irony,5
789,ቡናው ገና ወደ ቢሮ ከምሽቱ ጀምሮ አልደረሰኝም።,Complaint,6
790,ቤት ከአንድ ሰዓት በኋላ ተከፍቷል።,Assertion,1
791,ሚኒስትሩ ወደ ሱቅ ነገ ሄደዋል።,Assertion,1
792,የገንዘቡ ወጪውን በሆስፒታል ብንቀንስ የተሻለ ነው።,Suggestion,3
794,አለቃዬ ወደ ፋብሪካ ዛሬ ሄደዋል።,Assertion,1
795,አመሰግናለሁ ዶክተሩ፣ ደህና ዋል በቢሮ።,Phatic,7
797,ይህን ልብሱን ከጋዜጠኛው መቀበል አልችልም።,Refusal,2
799,ሚኒስትሩ ወደ መንገድ ላይ ከሰዓት በኋላ ሄደዋል።,Assertion,1
800,እባክዎ ጥያቄውን ለመምህሩ በዚህ ሳምንት ይላኩልኝ።,Request,0
801,በጣም ደግ ነህ ሹፌሩ፣ በገበያ ምንም እርዳታ አልሰጠኸኝም።,Sarcasm/Irony,5
802,ይህን ሰነዱን ከጠበቃው መቀበል አልችልም።,Refusal,2
803,መምህሩ ወደ ቢሮ ዛሬ ማታ ሄደዋል።,Assertion,1
804,ነገ ወደ ቤት እደርሳለሁ።,Promise,8
805,ስቱዲዮው ስለ ደብዳቤው ማስጠንቀቂያ በሚቀጥለው አመት አውጥቷል።,Warning,4
806,ጤና ይስጥልኝ ሹፌሩ፣ ከዛሬ ጀምሮ ደህና ነህ?,Phatic,7
807,ቢያንስ አንዴ ደረሰኙን በፍርድ ቤት እንሞክር።,Suggestion,3
808,አውሮፕላን ማረፊያ ከጥቂት ደቂቃዎች በኋላ ተከፍቷል።,Assertion,1
809,በጣም ደግ ነህ ፖሊሱ፣ በአውሮፕላን ማረፊያ ምንም እርዳታ አልሰጠኸኝም።,Sarcasm/Irony,5
810,ፖሊሱ ወደ መንገድ ላይ ከጥቂት ደቂቃዎች በኋላ ሄደዋል።,Assertion,1
811,ስራ አስኪያጁ ወደ ሱቅ በዚህ ወር ሄደዋል።,Assertion,1
814,ሆስፒታል ዛሬ ማታ ተከፍቷል።,Assertion,1
815,ኮምፒዩተሩ ገና ወደ ስብሰባ ክፍል በሚቀጥለው አመት አልደረሰኝም።,Complaint,6
816,ልብሱ ገና ወደ ስብሰባ ክፍል በስብሰባው ወቅት አልደረሰኝም።,Complaint,6
817,ጤና ይስጥልኝ ጋዜጠኛው፣ በስብሰባው ወቅት ደህና ነህ?,Phatic,7
818,ጎበዝ! በጣም ጥሩ ስራ ሰራህ ጋዜጠኛው፣ ልብሱን አበላሸኸው።,Sarcasm/Irony,5
819,አመሰግናለሁ ፖሊሱ፣ ደህና ዋል በፋብሪካ።,Phatic,7
821,ደህና ሁን ፖሊሱ፣ እስከ ከሰዓት በኋላ እንገናኝ።,Phatic,7
823,እንዴት ደስ ይላል፣ ነጋዴው እንደገና ነገ ከሰዓት በኋላ ዘገዩ።,Sarcasm/Irony,5
824,በጣም ብልህ ነህ አለቃዬ፣ ማሽኑን ረሳኸው።,Sarcasm/Irony,5
825,በዚህ ሳምንት በትምህርት ቤት ትራፊኩ ከባድ ነው ተጠንቀቁ።,Warning,4
826,ፋብሪካው ስለ ቡናው ማስጠንቀቂያ በዚህ ወር አውጥቷል።,Warning,4
827,ቢያንስ አንዴ ኮምፒዩተሩን በፍርድ ቤት እንሞክር።,Suggestion,3
828,ዕቃው ገና ወደ ቢሮ ከሰዓት በኋላ አልደረሰኝም።,Complaint,6
829,ዶክተሩ ወደ ቢሮ በዚህ ሳምንት ሄደዋል።,Assertion,1
831,እባክዎ ትዕዛዙን ለነጋዴው ነገ ጠዋት ይላኩልኝ።,Request,0
836,ቦርሳው ገና ወደ ፋብሪካ ከዛሬ ጀምሮ አልደረሰኝም።,Complaint,6
837,የደብዳቤው ችግር ከምሽቱ ጀምሮ ከዶክተሩ ጋር እፈታለሁ።,Promise,8
839,መሳሪያው ገና ወደ ከተማው ውስጥ ከምሽቱ ጀምሮ አልደረሰኝም።,Complaint,6
840,እባክዎ ደብዳቤውን ለደንበኛው ነገ ከሰዓት በኋላ ይላኩልኝ።,Request,0
841,ኤጀንሲው ስለ ፋይሉ ማስጠንቀቂያ ከጥቂት ደቂቃዎች በኋላ አውጥቷል።,Warning,4
842,የመሳሪያው ችግር በዚህ ሳምንት ከጠበቃው ጋር እፈታለሁ።,Promise,8
843,በሚቀጥለው ሳምንት በሆስፒታል ስብሰባ እናድርግ።,Suggestion,3
845,አዎ በርግጥ፣ የባንኩ እቅድ በበዚህ አመት በጭራሽ አይከሽፍም።,Sarcasm/Irony,5
846,ጎበዝ! በጣም ጥሩ ስራ ሰራህ ጠበቃው፣ ማሽኑን አበላሸኸው።,Sarcasm/Irony,5
847,ከአንድ ሰዓት በኋላ በአውሮፕላን ማረፊያ ትራፊኩ ከባድ ነው ተጠንቀቁ።,Warning,4
848,መሐንዲሱ ወደ ትምህርት ቤት በሚቀጥለው ወር ሄደዋል።,Assertion,1
849,ባልደረባዬ ወደ ቤት በሳምንቱ መጨረሻ ሄደዋል።,Assertion,1
850,ፋብሪካው ስለ ደብዳቤው ማስጠንቀቂያ ከሰዓት በኋላ አውጥቷል።,Warning,4
851,መኪናው ገና ወደ ፋብሪካ በሚቀጥለው ወር አልደረሰኝም።,Complaint,6
852,ጓደኛዬ ወደ ስብሰባ ክፍል ነገ ጠዋት ሄደዋል።,Assertion,1
853,ይቅርታ፣ ቦርሳውን ከጥቂት ደቂቃዎች በኋላ ማድረግ አልችልም።,Refusal,2
855,ማዕከሉ ነገ ጠዋት አዲስ ሰራተኞችን ቀጥሯል።,Assertion,1
857,ሰነዱን በዚህ አመት ብንሞክር ጥሩ ይሆናል።,Suggestion,3
858,ጎበዝ! በጣም ጥሩ ስራ ሰራህ ሹፌሩ፣ ሪፖርቱን አበላሸኸው።,Sarcasm/Irony,5
860,ስጦታው ገና ወደ ትምህርት ቤት በሳምንቱ መጨረሻ አልደረሰኝም።,Complaint,6
861,ኩባንያው በሚቀጥለው ሳምንት አዲስ ሰራተኞችን ቀጥሯል።,Assertion,1
862,መልእክቱ ገና ወደ አውሮፕላን ማረፊያ በዚህ አመት አልደረሰኝም።,Complaint,6
863,እባክህ ለቦርሳው ይህን ዘዴ ከዛሬ ጀምሮ ተጠቀም።,Suggestion,3
864,ዶክተሩ ወደ መንገድ ላይ በስብሰባው ወቅት ሄደዋል።,Assertion,1
867,እባክዎ ልብሱን ለስራ አስኪያጁ በሚቀጥለው አመት ይላኩልኝ።,Request,0
869,መጽሐፉን ዛሬ ማታ ብንሞክር ጥሩ ይሆናል።,Suggestion,3
870,ከአስተማሪዋ ጋር ስለ ሪፖርቱ ጉዳይ መስማማት አልችልም።,Refusal,2
871,እባክዎ ካርታውን ለነጋዴው ከሶስት ሰዓት በኋላ ይላኩልኝ።,Request,0
872,የመስኮቱ ችግር በዚህ ሳምንት ከፖሊሱ ጋር እፈታለሁ።,Promise,8
875,ቢያንስ አንዴ በሩን በመንገድ ላይ እንሞክር።,Suggestion,3
876,ደብዳቤው ገና ወደ ሱቅ ነገ አልደረሰኝም።,Complaint,6
877,ከደንበኛው ጋር ስለ መሳሪያው ጉዳይ መስማማት አልችልም።,Refusal,2
878,እባክዎ ደብዳቤውን ለአስተማሪዋ ከዛሬ ጀምሮ ይላኩልኝ።,Request,0
880,ጎበዝ ስራ ጋዜጠኛው፣ ስልኩ ሙሉ በሙሉ ፈርሷል።,Sarcasm/Irony,5
882,መኪናው ገና ወደ ከተማው ውስጥ በሚቀጥለው ሳምንት አልደረሰኝም።,Complaint,6
884,ደብዳቤው ገና ወደ መንገድ ላይ ነገ ከሰዓት በኋላ አልደረሰኝም።,Complaint,6
885,መሳሪያው ገና ወደ ስብሰባ ክፍል ከጥቂት ደቂቃዎች በኋላ አልደረሰኝም።,Complaint,6
886,ቢያንስ አንዴ ደረሰኙን በቢሮ እንሞክር።,Suggestion,3
887,ሪፖርቱ ገና ወደ ቢሮ ከሰዓት በኋላ አልደረሰኝም።,Complaint,6
888,መሳሪያው ገና ወደ ፍርድ ቤት በዚህ አመት አልደረሰኝም።,Complaint,6
889,እንዴት ጎበዝ ነህ ጓደኛዬ፣ ደብዳቤውን ሰብረኸዋል!,Sarcasm/Irony,5
891,መሐንዲሱ ወደ ፋብሪካ ከዛሬ ጀምሮ ሄደዋል።,Assertion,1
892,ጤና ይስጥልኝ ነጋዴው፣ ከዛሬ ጀምሮ ደህና ነህ?,Phatic,7
893,የኮምፒዩተሩ ችግር ነገ ከሰዓት በኋላ ከጓደኛዬ ጋር እፈታለሁ።,Promise,8
894,ቡናውን በዚህ ወር ብንሞክር ጥሩ ይሆናል።,Suggestion,3
895,ትምህርት ቤት በዚህ አመት ተከፍቷል።,Assertion,1
896,እባክዎ በሩን ለጠበቃው በሳምንቱ መጨረሻ ይላኩልኝ።,Request,0
897,ባንኩ ስለ ሰነዱ ማስጠንቀቂያ ነገ ከሰዓት በኋላ አውጥቷል።,Warning,4
898,ድርጅቱ ስለ ዕቃው ማስጠንቀቂያ ነገ ከሰዓት በኋላ አውጥቷል።,Warning,4
899,መምህሩ ወደ መጋዘን ነገ ሄደዋል።,Assertion,1
900,ስለ ቦርሳው ከዶክተሩ ጋር ማሰብ ይኖርብናል።,Suggestion,3
901,ሹፌሩ ወደ መንገድ ላይ ከሁለት ቀናት በኋላ ሄደዋል።,Assertion,1
902,ሪፖርቱ ገና ወደ ፖሊስ ጣቢያ ከዛሬ ጀምሮ አልደረሰኝም።,Complaint,6
903,ቢያንስ አንዴ ልብሱን በፋብሪካ እንሞክር።,Suggestion,3
904,ከአለቃዬ ጋር ስለ ስጦታው ጉዳይ መስማማት አልችልም።,Refusal,2
905,የገንዘቡ ችግር ከሶስት ሰዓት በኋላ ከፖሊሱ ጋር እፈታለሁ።,Promise,8
906,ውሉን ከዛሬ ጀምሮ ብንሞክር ጥሩ ይሆናል።,Suggestion,3
907,እንዴት ደስ ይላል፣ ሚኒስትሩ እንደገና ከዛሬ ጀምሮ ዘገዩ።,Sarcasm/Irony,5
908,ኮምፒዩተሩ ገና ወደ ቢሮ ከዛሬ ጀምሮ አልደረሰኝም።,Complaint,6
910,መሐንዲሱ፣ እንደምን አደርክ ነገ ከሰዓት በኋላ?,Phatic,7
911,ሰነዱ ገና ወደ ሱቅ ከሁለት ቀናት በኋላ አልደረሰኝም።,Complaint,6
912,ነጋዴው ወደ ባንክ ከሶስት ሰዓት በኋላ ሄደዋል።,Assertion,1
913,ይህን ውሉን ከደንበኛው መቀበል አልችልም።,Refusal,2
914,ቡናው ገና ወደ መንገድ ላይ ከዛሬ ጀምሮ አልደረሰኝም።,Complaint,6
916,እምቢ ማለት እፈልጋለሁ፣ ይህ ሂሳቡ አይሆንልኝም።,Refusal,2
919,ስለ ደብዳቤው ጉዳይ ከባልደረባዬ ጋር እንወያይ።,Suggestion,3
920,ስለ ማሽኑ ጉዳይ ከፖሊሱ ጋር እንወያይ።,Suggestion,3
921,ደህና እደር ባልደረባዬ፣ ከዛሬ ጀምሮ እንገናኝ።,Phatic,7
922,የሪፖርቱ ችግር ከአንድ ሰዓት በኋላ ከሚኒስትሩ ጋር እፈታለሁ።,Promise,8
925,ነጋዴው ወደ መንገድ ላይ በሳምንቱ መጨረሻ ሄደዋል።,Assertion,1
926,ደንበኛው ወደ ገበያ ከምሽቱ ጀምሮ ሄደዋል።,Assertion,1
927,ጓደኛዬ ወደ ከተማው ውስጥ በዚህ ወር ሄደዋል።,Assertion,1
929,ሰላም ጠበቃው፣ ከሶስት ሰዓት በኋላ እንዴት ነህ?,Phatic,7
930,እባክዎ ማሽኑን ለጓደኛዬ ከአንድ ሰዓት በኋላ ይላኩልኝ።,Request,0
931,ኤጀንሲው ስለ መጽሐፉ ማስጠንቀቂያ ከሶስት ሰዓት በኋላ አውጥቷል።,Warning,4
933,የኮምፒዩተሩ ችግር ከሶስት ሰዓት በኋላ ከፖሊሱ ጋር እፈታለሁ።,Promise,8
934,በፍርድ ቤት ዛሬ ማታ ወንጀል ሊፈጸም ይችላል ተጠንቀቁ።,Warning,4
938,በጣም ደግ ነህ አለቃዬ፣ በአውሮፕላን ማረፊያ ምንም እርዳታ አልሰጠኸኝም።,Sarcasm/Irony,5
939,እባክዎ ቡናውን ለጋዜጠኛው ከሶስት ሰዓት በኋላ ይላኩልኝ።,Request,0
940,ባንክ በዚህ ወር ተከፍቷል።,Assertion,1
941,ደህና ሁን መምህሩ፣ እስከ ነገ እንገናኝ።,Phatic,7
942,የስጦታው ችግር በሚቀጥለው አመት ከጠበቃው ጋር እፈታለሁ።,Promise,8
943,ደንበኛው ወደ ትምህርት ቤት በሚቀጥለው ሳምንት ሄደዋል።,Assertion,1
945,የኮምፒዩተሩ ችግር ከዛሬ ጀምሮ ከባልደረባዬ ጋር እፈታለሁ።,Promise,8
946,ሚኒስቴሩ ስለ ማሽኑ ማስጠንቀቂያ በዚህ አመት አውጥቷል።,Warning,4
947,መንግስት ስለ ምርቱ ማስጠንቀቂያ በዚህ አመት አውጥቷል።,Warning,4
948,ባልደረባዬ ወደ ቢሮ ዛሬ ማታ ሄደዋል።,Assertion,1
950,የማሽኑ ችግር በሚቀጥለው ሳምንት ከዶክተሩ ጋር እፈታለሁ።,Promise,8
951,የገንዘቡ ችግር ከሰዓት በኋላ ከጓደኛዬ ጋር እፈታለሁ።,Promise,8
952,ደህና ሁን መምህሩ፣ እስከ ከሁለት ቀናት በኋላ እንገናኝ።,Phatic,7
953,ደህና ሁን ዶክተሩ፣ እስከ ከአንድ ሰዓት በኋላ እንገናኝ።,Phatic,7
954,የፋይሉ ችግር ነገ ከሰዓት በኋላ ከዶክተሩ ጋር እፈታለሁ።,Promise,8
955,የስጦታው ችግር ከሶስት ሰዓት በኋላ ከሹፌሩ ጋር እፈታለሁ።,Promise,8
956,በሩን ነገ ብንሞክር ጥሩ ይሆናል።,Suggestion,3
958,እባክዎ ይቅርታ፣ መኪናውን ከጥቂት ደቂቃዎች በኋላ ማቅረብ አልችልም።,Refusal,2
959,የመስኮቱ ገመድ በፋብሪካ አደገኛ ነው ተጠንቀቁ።,Warning,4
960,እባክዎ ይቅርታ፣ ቦርሳውን በዚህ አመት ማቅረብ አልችልም።,Refusal,2
961,እባክዎ ይቅርታ፣ ቁልፉን ዛሬ ማታ ማቅረብ አልችልም።,Refusal,2
962,ደህና ሁን መሐንዲሱ፣ እስከ በዚህ አመት እንገናኝ።,Phatic,7
963,መምህሩ ወደ ፍርድ ቤት ከጥቂት ደቂቃዎች በኋላ ሄደዋል።,Assertion,1
964,የቡናው ወጪውን በቤት ብንቀንስ የተሻለ ነው።,Suggestion,3
965,የሰነዱ ችግር በስብሰባው ወቅት ከመሐንዲሱ ጋር እፈታለሁ።,Promise,8
966,ውሉ ገና ወደ ፋብሪካ ነገ አልደረሰኝም።,Complaint,6
967,ቢያንስ አንዴ ደረሰኙን በስብሰባ ክፍል እንሞክር።,Suggestion,3
969,እባክዎ ቦርሳውን ለሚኒስትሩ በዚህ ሳምንት ይላኩልኝ።,Request,0
971,መስኮቱን ነገ ጠዋት ብንሞክር ጥሩ ይሆናል።,Suggestion,3
973,እባክህ ለደረሰኙ ይህን ዘዴ በሳምንቱ መጨረሻ ተጠቀም።,Suggestion,3
974,አዎ በርግጥ፣ የስቱዲዮው እቅድ በነገ ጠዋት በጭራሽ አይከሽፍም።,Sarcasm/Irony,5
975,ከአስተማሪዋ ጋር ስለ ዕቃው ጉዳይ መስማማት አልችልም።,Refusal,2
976,እባክዎ መኪናውን ለስራ አስኪያጁ በዚህ ሳምንት ይላኩልኝ።,Request,0
979,እባክህ ለሂሳቡ ይህን ዘዴ በዚህ ወር ተጠቀም።,Suggestion,3
980,ጠበቃው ወደ ፋብሪካ ከሁለት ቀናት በኋላ ሄደዋል።,Assertion,1
981,ጋዜጠኛው ወደ መጋዘን ነገ ሄደዋል።,Assertion,1
982,ጋዜጠኛው ወደ ገበያ በዚህ ሳምንት ሄደዋል።,Assertion,1
984,ዕቃው ገና ወደ ባንክ በሚቀጥለው ወር አልደረሰኝም።,Complaint,6
988,ይቅርታ፣ መስኮቱን በስብሰባው ወቅት ማድረግ አልችልም።,Refusal,2
990,እባክዎ ይቅርታ፣ ካርታውን ከምሽቱ ጀምሮ ማቅረብ አልችልም።,Refusal,2
991,መምህሩ ወደ ፋብሪካ በሚቀጥለው ወር ሄደዋል።,Assertion,1
992,እባክዎ ውሉን ለመሐንዲሱ በዚህ አመት ይላኩልኝ።,Request,0
993,ባንኩ ስለ መሳሪያው ማስጠንቀቂያ በሚቀጥለው አመት አውጥቷል።,Warning,4
994,ስቱዲዮው ስለ ዕቃው ማስጠንቀቂያ ዛሬ አውጥቷል።,Warning,4
996,የስጦታው ችግር በስብሰባው ወቅት ከመሐንዲሱ ጋር እፈታለሁ።,Promise,8
997,እባክዎ ካርታውን ለደንበኛው ከሶስት ሰዓት በኋላ ይላኩልኝ።,Request,0
999,እባክዎ ቁልፉን ለስራ አስኪያጁ ዛሬ ማታ ይላኩልኝ።,Request,0
1000,ስጦታው ገና ወደ መንገድ ላይ በዚህ አመት አልደረሰኝም።,Complaint,6
1001,ነገ ከሰዓት በኋላ በመንገድ ላይ ስብሰባ እናድርግ።,Suggestion,3
1002,የገንዘቡ ዋጋውን ነገ ጠዋት ብንቀንስ ደንበኞች ይጨምራሉ።,Suggestion,3
1004,ጎበዝ ስራ ባልደረባዬ፣ ሰነዱ ሙሉ በሙሉ ፈርሷል።,Sarcasm/Irony,5
1006,በጣም ብልህ ነህ አለቃዬ፣ ሂሳቡን ረሳኸው።,Sarcasm/Irony,5
1007,ይቅርታ፣ ቁልፉን ዛሬ ማታ ማድረግ አልችልም።,Refusal,2
1009,የቦርሳው ችግር በሚቀጥለው ሳምንት ከመሐንዲሱ ጋር እፈታለሁ።,Promise,8
1010,መንግስት ስለ ደረሰኙ ማስጠንቀቂያ ከሶስት ሰዓት በኋላ አውጥቷል።,Warning,4
1011,እንዴት ደስ ይላል፣ ጠበቃው እንደገና ነገ ጠዋት ዘገዩ።,Sarcasm/Irony,5
1012,በጣም ደግ ነህ ዶክተሩ፣ በፋብሪካ ምንም እርዳታ አልሰጠኸኝም።,Sarcasm/Irony,5
1013,በጣም ብልህ ነህ ፖሊሱ፣ በሩን ረሳኸው።,Sarcasm/Irony,5
1016,ልብሱ ገና ወደ ገበያ በሚቀጥለው አመት አልደረሰኝም።,Complaint,6
1021,ይቅርታ፣ ማሽኑን ከአንድ ሰዓት በኋላ ማድረግ አልችልም።,Refusal,2
1022,የደብዳቤው ችግር ዛሬ ማታ ከነጋዴው ጋር እፈታለሁ።,Promise,8
1023,ደህና ዛሬ ይሁንልህ ሹፌሩ።,Phatic,7
1025,ስልኩ ገና ወደ አውሮፕላን ማረፊያ በዚህ ወር አልደረሰኝም።,Complaint,6
1026,እንኳን ደስ አለህ መሐንዲሱ ከምሽቱ ጀምሮ።,Phatic,7
1027,መሳሪያው ገና ወደ ትምህርት ቤት ከዛሬ ጀምሮ አልደረሰኝም።,Complaint,6
1029,ደህና ሁን ስራ አስኪያጁ፣ እስከ ከአንድ ሰዓት በኋላ እንገናኝ።,Phatic,7
1031,የሰነዱ ችግር ከጥቂት ደቂቃዎች በኋላ ከመሐንዲሱ ጋር እፈታለሁ።,Promise,8
1032,ሚኒስትሩ ወደ ትምህርት ቤት ከጥቂት ደቂቃዎች በኋላ ሄደዋል።,Assertion,1
1033,በጣም ደግ ነህ አስተማሪዋ፣ በገበያ ምንም እርዳታ አልሰጠኸኝም።,Sarcasm/Irony,5
1035,ቢያንስ አንዴ መልእክቱን በከተማው ውስጥ እንሞክር።,Suggestion,3
1036,ሹፌሩ ወደ ከተማው ውስጥ ከዛሬ ጀምሮ ሄደዋል።,Assertion,1
1039,እባክዎ ስልኩን ለደንበኛው ከሁለት ቀናት በኋላ ይላኩልኝ።,Request,0
1040,ከጥቂት ደቂቃዎች በኋላ በሆስፒታል ስብሰባ እናድርግ።,Suggestion,3
1041,እባክህ ለገንዘቡ ይህን ዘዴ በዚህ ወር ተጠቀም።,Suggestion,3
1042,አመሰግናለሁ ነጋዴው፣ ደህና ዋል በገበያ።,Phatic,7
1043,አዎ በርግጥ፣ የኤጀንሲው እቅድ በከአንድ ሰዓት በኋላ በጭራሽ አይከሽፍም።,Sarcasm/Irony,5
1045,እባክዎ ጥያቄውን ለአለቃዬ በስብሰባው ወቅት ይላኩልኝ።,Request,0
1046,ስለ ምርቱ ጉዳይ ከስራ አስኪያጁ ጋር እንወያይ።,Suggestion,3
1048,መንግስት ስለ ሂሳቡ ማስጠንቀቂያ ዛሬ አውጥቷል።,Warning,4
1049,ከአለቃዬ ጋር ስለ ዕቃው ጉዳይ መስማማት አልችልም።,Refusal,2
1051,ፋብሪካው ስለ መስኮቱ ማስጠንቀቂያ ነገ ከሰዓት በኋላ አውጥቷል።,Warning,4
1052,ይቅርታ፣ ገንዘቡን ከጥቂት ደቂቃዎች በኋላ ማድረግ አልችልም።,Refusal,2
1054,ቢያንስ አንዴ ጥያቄውን በመንገድ ላይ እንሞክር።,Suggestion,3
1056,መሳሪያው ገና ወደ ሱቅ ነገ አልደረሰኝም።,Complaint,6
1057,ይህን ቁልፉን ከአስተማሪዋ መቀበል አልችልም።,Refusal,2
1059,መጽሐፉ ገና ወደ ከተማው ውስጥ በዚህ ወር አልደረሰኝም።,Complaint,6
1061,አዎ በርግጥ፣ የፋብሪካው እቅድ በከሁለት ቀናት በኋላ በጭራሽ አይከሽፍም።,Sarcasm/Irony,5
1063,ቦርሳው ገና ወደ ገበያ ከምሽቱ ጀምሮ አልደረሰኝም።,Complaint,6
1064,ይቅርታ፣ ደብዳቤውን በዚህ ሳምንት ማድረግ አልችልም።,Refusal,2
1065,ጓደኛዬ ወደ አውሮፕላን ማረፊያ በሚቀጥለው ወር ሄደዋል።,Assertion,1
1066,የፋይሉ ችግር በዚህ ሳምንት ከነጋዴው ጋር እፈታለሁ።,Promise,8
1067,ደህና ነገ ከሰዓት በኋላ ይሁንልህ መሐንዲሱ።,Phatic,7
1068,እባክዎ ይቅርታ፣ ማሽኑን በሚቀጥለው አመት ማቅረብ አልችልም።,Refusal,2
1069,መሐንዲሱ፣ እንደምን አደርክ ከሁለት ቀናት በኋላ?,Phatic,7
1070,እባክዎ ምርቱን ለደንበኛው ነገ ከሰዓት በኋላ ይላኩልኝ።,Request,0
1071,ቁልፉ ገና ወደ ሆስፒታል ከአንድ ሰዓት በኋላ አልደረሰኝም።,Complaint,6
1072,ስለ ቦርሳው ጉዳይ ከመሐንዲሱ ጋር እንወያይ።,Suggestion,3
1073,እባክዎ ይቅርታ፣ ስጦታውን ከሶስት ሰዓት በኋላ ማቅረብ አልችልም።,Refusal,2
1074,የገንዘቡ ችግር ከሶስት ሰዓት በኋላ ከስራ አስኪያጁ ጋር እፈታለሁ።,Promise,8
1075,እንኳን ደስ አለህ መምህሩ፣ ስለ ቦርሳው እንደገና ተሳስተሃል።,Sarcasm/Irony,5
1076,እባክዎ ዕቃውን ለፖሊሱ በሳምንቱ መጨረሻ ይላኩልኝ።,Request,0
1078,ከመሐንዲሱ ጋር ስለ ስልኩ ጉዳይ መስማማት አልችልም።,Refusal,2
1081,ሪፖርቱን ለዶክተሩ በዚህ አመት አቀርባለሁ።,Promise,8
1082,እንኳን ደስ አለህ መሐንዲሱ፣ ስለ መሳሪያው እንደገና ተሳስተሃል።,Sarcasm/Irony,5
1084,ጎበዝ! በጣም ጥሩ ስራ ሰራህ ሹፌሩ፣ ልብሱን አበላሸኸው።,Sarcasm/Irony,5
1086,መኪናውን በሚቀጥለው አመት ብንሞክር ጥሩ ይሆናል።,Suggestion,3
1087,የቦርሳው ወጪውን በመጋዘን ብንቀንስ የተሻለ ነው።,Suggestion,3
1088,መልእክቱ ገና ወደ ባንክ በሚቀጥለው ወር አልደረሰኝም።,Complaint,6
1089,የቡናው ችግር ከጥቂት ደቂቃዎች በኋላ ከመሐንዲሱ ጋር እፈታለሁ።,Promise,8
1090,በጣም ብልህ ነህ ባልደረባዬ፣ ስልኩን ረሳኸው።,Sarcasm/Irony,5
1091,ደንበኛው ወደ ቤት በሚቀጥለው አመት ሄደዋል።,Assertion,1
1092,ሚኒስትሩ ወደ ሱቅ ነገ ከሰዓት በኋላ ሄደዋል።,Assertion,1
1093,አመሰግናለሁ ደንበኛው፣ ደህና ዋል በመጋዘን።,Phatic,7
1094,ስራ አስኪያጁ ወደ ቢሮ ከጥቂት ደቂቃዎች በኋላ ሄደዋል።,Assertion,1
1095,ከመሐንዲሱ ጋር ስለ መልእክቱ ጉዳይ መስማማት አልችልም።,Refusal,2
1097,የፋይሉ ዋጋውን በሚቀጥለው ወር ብንቀንስ ደንበኞች ይጨምራሉ።,Suggestion,3
1099,የጥያቄው ወጪውን በአውሮፕላን ማረፊያ ብንቀንስ የተሻለ ነው።,Suggestion,3
1100,የሪፖርቱ ዋጋውን ከሶስት ሰዓት በኋላ ብንቀንስ ደንበኞች ይጨምራሉ።,Suggestion,3
1101,የገንዘቡ ወጪውን በፖሊስ ጣቢያ ብንቀንስ የተሻለ ነው።,Suggestion,3
1102,ጥንቃቄ ያድርጉ፣ በስብሰባው ወቅት ከተማው ውስጥ ይንሸራተታል።,Warning,4
1103,ሂሳቡ ገና ወደ ፋብሪካ በሚቀጥለው ወር አልደረሰኝም።,Complaint,6
1104,እሰይ፣ ሌላ ችግር በአውሮፕላን ማረፊያ ዛሬ ማታ፣ ልክ የሚያስፈልገን ይሄው ነበር።,Sarcasm/Irony,5
1106,ባንኩ ስለ ደረሰኙ ማስጠንቀቂያ ነገ ከሰዓት በኋላ አውጥቷል።,Warning,4
1107,ሹፌሩ ወደ ቢሮ በሳምንቱ መጨረሻ ሄደዋል።,Assertion,1
1108,ፕሮጀክቱ ገና ወደ ከተማው ውስጥ በስብሰባው ወቅት አልደረሰኝም።,Complaint,6
1109,ይህን ማሽኑን ከደንበኛው መቀበል አልችልም።,Refusal,2
1111,ደንበኛው ወደ ሆስፒታል ከሰዓት በኋላ ሄደዋል።,Assertion,1
1113,እሰይ፣ ሌላ ችግር በመጋዘን በስብሰባው ወቅት፣ ልክ የሚያስፈልገን ይሄው ነበር።,Sarcasm/Irony,5
1114,እባክዎ ሪፖርቱን ለባልደረባዬ ከሶስት ሰዓት በኋላ ይላኩልኝ።,Request,0
1115,ፖሊሱ ወደ ቤት ነገ ጠዋት ሄደዋል።,Assertion,1
1118,ቤቱ ገና ወደ መጋዘን በዚህ ሳምንት አልደረሰኝም።,Complaint,6
1119,ስለ ውሉ ጉዳይ ከጋዜጠኛው ጋር እንወያይ።,Suggestion,3
1120,ይህን ቡናውን ከአስተማሪዋ መቀበል አልችልም።,Refusal,2
1122,እንኳን ደስ አለህ ዶክተሩ፣ ስለ መሳሪያው እንደገና ተሳስተሃል።,Sarcasm/Irony,5
1123,ፋይሉን በጥንቃቄ ለአስተማሪዋ እይዛለሁ።,Promise,8
1124,የመልእክቱ ችግር በዚህ አመት ከአስተማሪዋ ጋር እፈታለሁ።,Promise,8
1125,ደህና ነገ ጠዋት ይሁንልህ ጠበቃው።,Phatic,7
1128,መሐንዲሱ ወደ ባንክ ዛሬ ሄደዋል።,Assertion,1
1129,ገንዘቡ ገና ወደ ባንክ በሳምንቱ መጨረሻ አልደረሰኝም።,Complaint,6
1134,አዎ በርግጥ፣ የኩባንያው እቅድ በከሁለት ቀናት በኋላ በጭራሽ አይከሽፍም።,Sarcasm/Irony,5
1135,እሰይ፣ ሌላ ችግር በሱቅ ከጥቂት ደቂቃዎች በኋላ፣ ልክ የሚያስፈልገን ይሄው ነበር።,Sarcasm/Irony,5
1136,የቦርሳው ችግር ነገ ከሰዓት በኋላ ከነጋዴው ጋር እፈታለሁ።,Promise,8
1137,የመጽሐፉ ችግር በዚህ ሳምንት ከዶክተሩ ጋር እፈታለሁ።,Promise,8
1138,እንዴት ደስ ይላል፣ መሐንዲሱ እንደገና በዚህ አመት ዘገዩ።,Sarcasm/Irony,5
1139,ሚኒስቴሩ ስለ ሪፖርቱ ማስጠንቀቂያ ዛሬ ማታ አውጥቷል።,Warning,4
1140,አለቃዬ ወደ ትምህርት ቤት በሚቀጥለው አመት ሄደዋል።,Assertion,1
1141,መሐንዲሱ ወደ አውሮፕላን ማረፊያ በሚቀጥለው ወር ሄደዋል።,Assertion,1
1142,ካርታው ገና ወደ ፋብሪካ ነገ ጠዋት አልደረሰኝም።,Complaint,6
1143,እባክህ ለመኪናው ይህን ዘዴ ከሁለት ቀናት በኋላ ተጠቀም።,Suggestion,3
1146,ጎበዝ! በጣም ጥሩ ስራ ሰራህ ስራ አስኪያጁ፣ ደረሰኙን አበላሸኸው።,Sarcasm/Irony,5
1148,የሰነዱ ዋጋውን ከሶስት ሰዓት በኋላ ብንቀንስ ደንበኞች ይጨምራሉ።,Suggestion,3
1149,የምርቱ ችግር ከዛሬ ጀምሮ ከፖሊሱ ጋር እፈታለሁ።,Promise,8
1151,እባክዎ ፋይሉን ለስራ አስኪያጁ በሚቀጥለው ሳምንት ይላኩልኝ።,Request,0
1152,ጋዜጠኛው ወደ ሱቅ ከሶስት ሰዓት በኋላ ሄደዋል።,Assertion,1
1153,እባክዎ ቁልፉን ለዶክተሩ ከሰዓት በኋላ ይላኩልኝ።,Request,0
1154,እባክዎ መኪናውን ለደንበኛው ከሶስት ሰዓት በኋላ ይላኩልኝ።,Request,0
1155,የካርታው ችግር ከዛሬ ጀምሮ ከሹፌሩ ጋር እፈታለሁ።,Promise,8
1156,በሩ ገና ወደ ፖሊስ ጣቢያ ዛሬ አልደረሰኝም።,Complaint,6
1157,ጎበዝ ስራ መሐንዲሱ፣ ደብዳቤው ሙሉ በሙሉ ፈርሷል።,Sarcasm/Irony,5
1158,መሐንዲሱ ወደ ቢሮ ዛሬ ሄደዋል።,Assertion,1
1159,በሚቀጥለው ሳምንት በፍርድ ቤት ትራፊኩ ከባድ ነው ተጠንቀቁ።,Warning,4
1160,ደህና ሁን መሐንዲሱ፣ እስከ ከሁለት ቀናት በኋላ እንገናኝ።,Phatic,7
1161,የበሩ ችግር በሚቀጥለው አመት ከደንበኛው ጋር እፈታለሁ።,Promise,8
1162,ስራ አስኪያጁ ወደ ትምህርት ቤት ነገ ሄደዋል።,Assertion,1
1163,ከምሽቱ ጀምሮ በቤት ትራፊኩ ከባድ ነው ተጠንቀቁ።,Warning,4
1164,በሩ ገና ወደ ገበያ ነገ አልደረሰኝም።,Complaint,6
1166,መሳሪያው ገና ወደ ገበያ ከአንድ ሰዓት በኋላ አልደረሰኝም።,Complaint,6
1168,ማዕከሉ ስለ ስልኩ ማስጠንቀቂያ ከዛሬ ጀምሮ አውጥቷል።,Warning,4
1169,ስቱዲዮው ስለ ሰነዱ ማስጠንቀቂያ በዚህ ሳምንት አውጥቷል።,Warning,4
1172,ይህን መኪናውን ከጠበቃው መቀበል አልችልም።,Refusal,2
1173,የገንዘቡ ዋጋውን በዚህ ሳምንት ብንቀንስ ደንበኞች ይጨምራሉ።,Suggestion,3
1175,ይህን ውሉን ከባልደረባዬ መቀበል አልችልም።,Refusal,2
1177,ይህን ፕሮጀክቱን ከስራ አስኪያጁ መቀበል አልችልም።,Refusal,2
1178,ባንኩ ስለ መሳሪያው ማስጠንቀቂያ ዛሬ ማታ አውጥቷል።,Warning,4
1179,ሰላም ጠበቃው፣ በሳምንቱ መጨረሻ እንዴት ነህ?,Phatic,7
1180,ስለ ሪፖርቱ ከአስተማሪዋ ጋር ማሰብ ይኖርብናል።,Suggestion,3
1182,ፋብሪካው ስለ ምርቱ ማስጠንቀቂያ ከዛሬ ጀምሮ አውጥቷል።,Warning,4
1184,መጽሐፉን በጥንቃቄ ለመምህሩ እይዛለሁ።,Promise,8
1187,የውሉ ችግር ከሁለት ቀናት በኋላ ከጓደኛዬ ጋር እፈታለሁ።,Promise,8
1188,ስለ ማሽኑ ከዶክተሩ ጋር ማሰብ ይኖርብናል።,Suggestion,3
1189,አዎ በርግጥ፣ የመንግስት እቅድ በከሰዓት በኋላ በጭራሽ አይከሽፍም።,Sarcasm/Irony,5
1190,እባክዎ ፕሮጀክቱን ለመምህሩ ዛሬ ይላኩልኝ።,Request,0
1194,መሐንዲሱ ወደ ፖሊስ ጣቢያ ዛሬ ማታ ሄደዋል።,Assertion,1
1197,እባክዎ ይቅርታ፣ ትዕዛዙን በዚህ ወር ማቅረብ አልችልም።,Refusal,2
1198,ጋዜጠኛው ወደ ፖሊስ ጣቢያ በሚቀጥለው አመት ሄደዋል።,Assertion,1
1199,በሩ ገና ወደ ቤት በሚቀጥለው ሳምንት አልደረሰኝም።,Complaint,6
1200,ቢያንስ አንዴ ፕሮጀክቱን በቤት እንሞክር።,Suggestion,3
1201,እባክዎ ይቅርታ፣ ውሃውን ከአንድ ሰዓት በኋላ ማቅረብ አልችልም።,Refusal,2
1202,እንኳን ደስ አለህ መምህሩ ከምሽቱ ጀምሮ።,Phatic,7
1203,እባክዎ ሪፖርቱን ለነጋዴው ከዛሬ ጀምሮ ይላኩልኝ።,Request,0
1204,አስተማሪዋ ወደ ገበያ በዚህ ሳምንት ሄደዋል።,Assertion,1
1206,ባንኩ ስለ ፕሮጀክቱ ማስጠንቀቂያ ከሁለት ቀናት በኋላ አውጥቷል።,Warning,4
1208,እባክዎ ኮምፒዩተሩን ለሚኒስትሩ በሳምንቱ መጨረሻ ይላኩልኝ።,Request,0
1209,እንኳን ደስ አለህ ሚኒስትሩ፣ ስለ ቤቱ እንደገና ተሳስተሃል።,Sarcasm/Irony,5
1210,እንኳን ደስ አለህ መሐንዲሱ፣ ስለ መስኮቱ እንደገና ተሳስተሃል።,Sarcasm/Irony,5
1211,ነጋዴው ወደ ቤት በዚህ ወር ሄደዋል።,Assertion,1
1212,ሰነዱ ገና ወደ መጋዘን በሚቀጥለው ወር አልደረሰኝም።,Complaint,6
1213,አመሰግናለሁ ዶክተሩ፣ ደህና ዋል በፖሊስ ጣቢያ።,Phatic,7
1214,እባክዎ ደረሰኙን ለጋዜጠኛው በሳምንቱ መጨረሻ ይላኩልኝ።,Request,0
1216,እባክዎ ፋይሉን ለጓደኛዬ ከአንድ ሰዓት በኋላ ይላኩልኝ።,Request,0
1217,እባክዎ ምርቱን ለነጋዴው ነገ ይላኩልኝ።,Request,0
1218,ይቅርታ፣ ዕቃውን በዚህ አመት ማድረግ አልችልም።,Refusal,2
1219,ልብሱ ገና ወደ ስብሰባ ክፍል ከሰዓት በኋላ አልደረሰኝም።,Complaint,6
1220,ስለ ሪፖርቱ ጉዳይ ከፖሊሱ ጋር እንወያይ።,Suggestion,3
1221,የልብሱ ችግር በሳምንቱ መጨረሻ ከጋዜጠኛው ጋር እፈታለሁ።,Promise,8
1223,እባክዎ ዕቃውን ለመምህሩ ዛሬ ማታ ይላኩልኝ።,Request,0
1226,የስልኩ ዋጋውን በዚህ ወር ብንቀንስ ደንበኞች ይጨምራሉ።,Suggestion,3
1228,ካርታው ገና ወደ ትምህርት ቤት ነገ ከሰዓት በኋላ አልደረሰኝም።,Complaint,6
1229,ባንኩ ስለ ደረሰኙ ማስጠንቀቂያ በዚህ ሳምንት አውጥቷል።,Warning,4
1230,ጥንቃቄ ያድርጉ፣ ነገ ከሰዓት በኋላ መንገድ ላይ ይንሸራተታል።,Warning,4
1231,ይህን ሰነዱን ከደንበኛው መቀበል አልችልም።,Refusal,2
1232,ካርታው ገና ወደ መጋዘን በሚቀጥለው ሳምንት አልደረሰኝም።,Complaint,6
1233,እባክዎ ይቅርታ፣ በሩን ከጥቂት ደቂቃዎች በኋላ ማቅረብ አልችልም።,Refusal,2
1234,የስልኩ ዋጋውን ከጥቂት ደቂቃዎች በኋላ ብንቀንስ ደንበኞች ይጨምራሉ።,Suggestion,3
1235,በጣም ደግ ነህ ጋዜጠኛው፣ በመጋዘን ምንም እርዳታ አልሰጠኸኝም።,Sarcasm/Irony,5
1236,እባክዎ ይቅርታ፣ ምርቱን ከሁለት ቀናት በኋላ ማቅረብ አልችልም።,Refusal,2
1239,ጎበዝ! በጣም ጥሩ ስራ ሰራህ ጋዜጠኛው፣ ገንዘቡን አበላሸኸው።,Sarcasm/Irony,5
1241,ስልኩ ገና ወደ ትምህርት ቤት ነገ ጠዋት አልደረሰኝም።,Complaint,6
1242,ድርጅቱ ስለ ሂሳቡ ማስጠንቀቂያ ከሶስት ሰዓት በኋላ አውጥቷል።,Warning,4
1243,ጥንቃቄ ያድርጉ፣ ከሁለት ቀናት በኋላ ፖሊስ ጣቢያ ይንሸራተታል።,Warning,4
1244,ጋዜጠኛው ወደ ሱቅ ዛሬ ሄደዋል።,Assertion,1
1245,ይቅርታ፣ ቤቱን ነገ ጠዋት ማድረግ አልችልም።,Refusal,2
1246,በጣም ደግ ነህ ነጋዴው፣ በባንክ ምንም እርዳታ አልሰጠኸኝም።,Sarcasm/Irony,5
1248,ይቅርታ፣ በሩን በስብሰባው ወቅት ማድረግ አልችልም።,Refusal,2
1249,ጎበዝ! በጣም ጥሩ ስራ ሰራህ ፖሊሱ፣ ደረሰኙን አበላሸኸው።,Sarcasm/Irony,5
1250,የመስኮቱ ወጪውን በትምህርት ቤት ብንቀንስ የተሻለ ነው።,Suggestion,3
1251,የማሽኑ ዋጋውን በዚህ ሳምንት ብንቀንስ ደንበኞች ይጨምራሉ።,Suggestion,3
1252,ደንበኛው፣ እንደምን አደርክ ዛሬ ማታ?,Phatic,7
1253,ጎበዝ ስራ መምህሩ፣ ቤቱ ሙሉ በሙሉ ፈርሷል።,Sarcasm/Irony,5
1254,ሪፖርቱን ዛሬ ብንሞክር ጥሩ ይሆናል።,Suggestion,3
1255,ጓደኛዬ ወደ ፖሊስ ጣቢያ ከሶስት ሰዓት በኋላ ሄደዋል።,Assertion,1
1256,ፋብሪካው ስለ ፋይሉ ማስጠንቀቂያ ከዛሬ ጀምሮ አውጥቷል።,Warning,4
1257,ድርጅቱ ስለ ገንዘቡ ማስጠንቀቂያ ከምሽቱ ጀምሮ አውጥቷል።,Warning,4
1258,ቢያንስ አንዴ ሪፖርቱን በመንገድ ላይ እንሞክር።,Suggestion,3
1260,እሰይ፣ ሌላ ችግር በስብሰባ ክፍል ነገ ከሰዓት በኋላ፣ ልክ የሚያስፈልገን ይሄው ነበር።,Sarcasm/Irony,5
1261,እሰይ፣ ሌላ ችግር በቢሮ ከዛሬ ጀምሮ፣ ልክ የሚያስፈልገን ይሄው ነበር።,Sarcasm/Irony,5
1262,መልእክቱ ገና ወደ ስብሰባ ክፍል ከጥቂት ደቂቃዎች በኋላ አልደረሰኝም።,Complaint,6
1265,እቅዱን በስብሰባው ወቅት ከድርጅቱ ጋር እናሻሽል።,Suggestion,3
1266,የቁልፉ ችግር በሚቀጥለው ወር ከሹፌሩ ጋር እፈታለሁ።,Promise,8
1268,ስጦታውን በሚቀጥለው ሳምንት ብንሞክር ጥሩ ይሆናል።,Suggestion,3
1271,እንኳን ደስ አለህ ሚኒስትሩ በዚህ ሳምንት።,Phatic,7
1272,ደህና እደር ሚኒስትሩ፣ ዛሬ ማታ እንገናኝ።,Phatic,7
1273,ቢያንስ አንዴ መልእክቱን በሆስፒታል እንሞክር።,Suggestion,3
1274,የዕቃው ችግር በሚቀጥለው አመት ከነጋዴው ጋር እፈታለሁ።,Promise,8
1278,ውሃው ገና ወደ ገበያ በሚቀጥለው ወር አልደረሰኝም።,Complaint,6
1279,የቦርሳው ወጪውን በትምህርት ቤት ብንቀንስ የተሻለ ነው።,Suggestion,3
1285,ይቅርታ፣ ደረሰኙን ዛሬ ማታ ማድረግ አልችልም።,Refusal,2
1286,እሰይ፣ ሌላ ችግር በቢሮ ዛሬ ማታ፣ ልክ የሚያስፈልገን ይሄው ነበር።,Sarcasm/Irony,5
1287,እባክህ ለጥያቄው ይህን ዘዴ በዚህ ወር ተጠቀም።,Suggestion,3
1289,ካርታውን በጥንቃቄ ለዶክተሩ እይዛለሁ።,Promise,8
1290,የደረሰኙ ችግር ከጥቂት ደቂቃዎች በኋላ ከዶክተሩ ጋር እፈታለሁ።,Promise,8
1291,እባክዎ ይቅርታ፣ በሩን ነገ ማቅረብ አልችልም።,Refusal,2
1292,መምህሩ ወደ ገበያ ነገ ጠዋት ሄደዋል።,Assertion,1
1295,የሰነዱ ችግር በስብሰባው ወቅት ከአስተማሪዋ ጋር እፈታለሁ።,Promise,8
1296,ዶክተሩ ወደ መጋዘን ከሁለት ቀናት በኋላ ሄደዋል።,Assertion,1
1299,ስቱዲዮው ስለ ምርቱ ማስጠንቀቂያ በዚህ ሳምንት አውጥቷል።,Warning,4
1300,ልብሱ ገና ወደ ቢሮ ከሁለት ቀናት በኋላ አልደረሰኝም።,Complaint,6
1303,የጥያቄው ወጪውን በፍርድ ቤት ብንቀንስ የተሻለ ነው።,Suggestion,3
1305,እባክዎ ሰነዱን ለጋዜጠኛው ከሶስት ሰዓት በኋላ ይላኩልኝ።,Request,0
1306,ውሉ ገና ወደ ቤት በሳምንቱ መጨረሻ አልደረሰኝም።,Complaint,6
1307,እባክዎ ይቅርታ፣ ልብሱን በዚህ ሳምንት ማቅረብ አልችልም።,Refusal,2
1308,ይቅርታ፣ በሩን በዚህ አመት ማድረግ አልችልም።,Refusal,2
1310,ይህን ማሽኑን ከፖሊሱ መቀበል አልችልም።,Refusal,2
1311,ሹፌሩ ወደ ፍርድ ቤት በሚቀጥለው አመት ሄደዋል።,Assertion,1
1312,ሚኒስትሩ ወደ ፋብሪካ ዛሬ ሄደዋል።,Assertion,1
1314,እባክህ ለመስኮቱ ይህን ዘዴ ዛሬ ተጠቀም።,Suggestion,3
1315,የደረሰኙ ችግር ነገ ከሰዓት በኋላ ከነጋዴው ጋር እፈታለሁ።,Promise,8
1317,ፋብሪካው ስለ ሪፖርቱ ማስጠንቀቂያ ከአንድ ሰዓት በኋላ አውጥቷል።,Warning,4
1318,መሐንዲሱ ወደ ስብሰባ ክፍል ከሶስት ሰዓት በኋላ ሄደዋል።,Assertion,1
1319,ዕቃውን ከዛሬ ጀምሮ ብንሞክር ጥሩ ይሆናል።,Suggestion,3
1321,እባክዎ ካርታውን ለአስተማሪዋ ከሰዓት በኋላ ይላኩልኝ።,Request,0
1324,አለቃዬ ወደ አውሮፕላን ማረፊያ በሚቀጥለው አመት ሄደዋል።,Assertion,1
1325,ቢያንስ አንዴ ደረሰኙን በመጋዘን እንሞክር።,Suggestion,3
1326,ከስራ አስኪያጁ ጋር ስለ መልእክቱ ጉዳይ መስማማት አልችልም።,Refusal,2
1327,የገንዘቡ ችግር በሚቀጥለው አመት ከፖሊሱ ጋር እፈታለሁ።,Promise,8
1328,ደህና እደር ዶክተሩ፣ በሚቀጥለው ወር እንገናኝ።,Phatic,7
1330,የፕሮጀክቱ ችግር ከሰዓት በኋላ ከሚኒስትሩ ጋር እፈታለሁ።,Promise,8
1331,ኩባንያው ስለ መስኮቱ ማስጠንቀቂያ በሳምንቱ መጨረሻ አውጥቷል።,Warning,4
1332,ነገ ወደ ከተማው ውስጥ እደርሳለሁ።,Promise,8
1334,እባክዎ ምርቱን ለባልደረባዬ በዚህ አመት ይላኩልኝ።,Request,0
1335,ባንኩ ስለ በሩ ማስጠንቀቂያ ከሰዓት በኋላ አውጥቷል።,Warning,4
1336,እባክዎ ምርቱን ለሹፌሩ ዛሬ ይላኩልኝ።,Request,0
1338,እባክዎ በሩን ለጓደኛዬ ከሰዓት በኋላ ይላኩልኝ።,Request,0
1339,ጤና ይስጥልኝ አለቃዬ፣ ከምሽቱ ጀምሮ ደህና ነህ?,Phatic,7
1340,ባንኩ ስለ ቡናው ማስጠንቀቂያ በሚቀጥለው ወር አውጥቷል።,Warning,4
1341,መሐንዲሱ ወደ መንገድ ላይ ነገ ሄደዋል።,Assertion,1
1342,ስለ ምርቱ ጉዳይ ከባልደረባዬ ጋር እንወያይ።,Suggestion,3
1343,እባክዎ በሩን ለሹፌሩ በዚህ አመት ይላኩልኝ።,Request,0
1346,እባክዎ ትዕዛዙን ለባልደረባዬ በዚህ ወር ይላኩልኝ።,Request,0
1347,ቢያንስ አንዴ መስኮቱን በመንገድ ላይ እንሞክር።,Suggestion,3
1349,ሰነዱ ገና ወደ ፖሊስ ጣቢያ ከጥቂት ደቂቃዎች በኋላ አልደረሰኝም።,Complaint,6
1351,ገበያ ከምሽቱ ጀምሮ ተከፍቷል።,Assertion,1
1353,ደብዳቤው ገና ወደ ሱቅ ከጥቂት ደቂቃዎች በኋላ አልደረሰኝም።,Complaint,6
1355,እባክህ ለሪፖርቱ ይህን ዘዴ በሳምንቱ መጨረሻ ተጠቀም።,Suggestion,3
1357,በስብሰባው ወቅት ወደ ቢሮ እመጣለሁ።,Promise,8
1358,እሰይ፣ ሌላ ችግር በፋብሪካ በዚህ ሳምንት፣ ልክ የሚያስፈልገን ይሄው ነበር።,Sarcasm/Irony,5
1359,እባክዎ ገንዘቡን ለሹፌሩ በሚቀጥለው አመት ይላኩልኝ።,Request,0
1361,የቤቱ ችግር ከዛሬ ጀምሮ ከደንበኛው ጋር እፈታለሁ።,Promise,8
1362,ይህን ስጦታውን ከነጋዴው መቀበል አልችልም።,Refusal,2
1363,ጥያቄው ገና ወደ ፍርድ ቤት ነገ ከሰዓት በኋላ አልደረሰኝም።,Complaint,6
1365,የውሉ ችግር ነገ ጠዋት ከሚኒስትሩ ጋር እፈታለሁ።,Promise,8
1367,መኪናው ገና ወደ ቢሮ ከሰዓት በኋላ አልደረሰኝም።,Complaint,6
1368,የማሽኑ ዋጋውን ዛሬ ብንቀንስ ደንበኞች ይጨምራሉ።,Suggestion,3
1370,እንዴት ጎበዝ ነህ ዶክተሩ፣ ልብሱን ሰብረኸዋል!,Sarcasm/Irony,5
1372,ይቅርታ፣ ውሉን በስብሰባው ወቅት ማድረግ አልችልም።,Refusal,2
1374,ይህን ገንዘቡን ከባልደረባዬ መቀበል አልችልም።,Refusal,2
1375,በጣም ደግ ነህ ሚኒስትሩ፣ በስብሰባ ክፍል ምንም እርዳታ አልሰጠኸኝም።,Sarcasm/Irony,5
1377,እባክዎ ጥያቄውን ለዶክተሩ በሚቀጥለው ወር ይላኩልኝ።,Request,0
1378,በጣም ብልህ ነህ ስራ አስኪያጁ፣ መልእክቱን ረሳኸው።,Sarcasm/Irony,5
1379,ይህን ሂሳቡን ከስራ አስኪያጁ መቀበል አልችልም።,Refusal,2
1380,እባክዎ ይቅርታ፣ ሰነዱን ዛሬ ማታ ማቅረብ አልችልም።,Refusal,2
1381,እባክዎ ደረሰኙን ለመምህሩ በዚህ ወር ይላኩልኝ።,Request,0
1382,ኮምፒዩተሩ ገና ወደ ቢሮ በዚህ አመት አልደረሰኝም።,Complaint,6
1384,ጥያቄው ገና ወደ ባንክ ከሰዓት በኋላ አልደረሰኝም።,Complaint,6
1386,እሰይ፣ ሌላ ችግር በሱቅ ከምሽቱ ጀምሮ፣ ልክ የሚያስፈልገን ይሄው ነበር።,Sarcasm/Irony,5
1387,አለቃዬ ወደ መንገድ ላይ በሚቀጥለው አመት ሄደዋል።,Assertion,1
1388,እባክዎ ይቅርታ፣ ልብሱን በሚቀጥለው አመት ማቅረብ አልችልም።,Refusal,2
1389,ሚኒስቴሩ ስለ ሰነዱ ማስጠንቀቂያ ከጥቂት ደቂቃዎች በኋላ አውጥቷል።,Warning,4
1390,ልብሱ ገና ወደ መጋዘን ዛሬ ማታ አልደረሰኝም።,Complaint,6
1391,መኪናው ገና ወደ ቤት ከምሽቱ ጀምሮ አልደረሰኝም።,Complaint,6
1392,ስለ ልብሱ ጉዳይ ከመምህሩ ጋር እንወያይ።,Suggestion,3
1393,እንዴት ደስ ይላል፣ ፖሊሱ እንደገና ከሰዓት በኋላ ዘገዩ።,Sarcasm/Irony,5
1394,እንኳን ደስ አለህ ጠበቃው በሚቀጥለው ወር።,Phatic,7
1395,በጣም ደግ ነህ ሚኒስትሩ፣ በፍርድ ቤት ምንም እርዳታ አልሰጠኸኝም።,Sarcasm/Irony,5
1396,የደረሰኙ ወጪውን በአውሮፕላን ማረፊያ ብንቀንስ የተሻለ ነው።,Suggestion,3
1397,ይህን መጽሐፉን ከአለቃዬ መቀበል አልችልም።,Refusal,2
1401,ሚኒስትሩ ወደ ቤት ከሰዓት በኋላ ሄደዋል።,Assertion,1
1402,የማሽኑ ችግር ከምሽቱ ጀምሮ ከጓደኛዬ ጋር እፈታለሁ።,Promise,8
1403,ዕቃው ገና ወደ መንገድ ላይ ከሁለት ቀናት በኋላ አልደረሰኝም።,Complaint,6
1404,ጎበዝ! በጣም ጥሩ ስራ ሰራህ አስተማሪዋ፣ ቤቱን አበላሸኸው።,Sarcasm/Irony,5
1405,ሹፌሩ ወደ ሱቅ ነገ ጠዋት ሄደዋል።,Assertion,1
1407,ማሽኑ ገና ወደ ፍርድ ቤት ዛሬ አልደረሰኝም።,Complaint,6
1408,የማሽኑ ችግር ነገ ጠዋት ከጠበቃው ጋር እፈታለሁ።,Promise,8
1409,እባክዎ ደብዳቤውን ለመምህሩ በዚህ ሳምንት ይላኩልኝ።,Request,0
1411,ቁልፉ ገና ወደ ገበያ ከምሽቱ ጀምሮ አልደረሰኝም።,Complaint,6
1413,እባክዎ ስጦታውን ለሚኒስትሩ ነገ ጠዋት ይላኩልኝ።,Request,0
1414,ደረሰኙ ገና ወደ አውሮፕላን ማረፊያ ነገ ከሰዓት በኋላ አልደረሰኝም።,Complaint,6
1418,ፖሊሱ ወደ ሱቅ በሚቀጥለው ሳምንት ሄደዋል።,Assertion,1
1420,በጣም ብልህ ነህ ጠበቃው፣ ቦርሳውን ረሳኸው።,Sarcasm/Irony,5
1421,የውሉ ችግር ከምሽቱ ጀምሮ ከስራ አስኪያጁ ጋር እፈታለሁ።,Promise,8
1422,እባክህ ለቤቱ ይህን ዘዴ ነገ ከሰዓት በኋላ ተጠቀም።,Suggestion,3
1423,መንግስት ስለ ፋይሉ ማስጠንቀቂያ ዛሬ ማታ አውጥቷል።,Warning,4
1425,እባክዎ ሪፖርቱን ለፖሊሱ በሚቀጥለው ወር ይላኩልኝ።,Request,0
1429,ሰላም አስተማሪዋ፣ ከሰዓት በኋላ እንዴት ነህ?,Phatic,7
1430,እሰይ፣ ሌላ ችግር በስብሰባ ክፍል በሚቀጥለው ሳምንት፣ ልክ የሚያስፈልገን ይሄው ነበር።,Sarcasm/Irony,5
1432,የመስኮቱ ችግር በዚህ ሳምንት ከአለቃዬ ጋር እፈታለሁ።,Promise,8
1433,እባክዎ ማሽኑን ለነጋዴው ከአንድ ሰዓት በኋላ ይላኩልኝ።,Request,0
1435,ባንኩ ስለ መስኮቱ ማስጠንቀቂያ ከዛሬ ጀምሮ አውጥቷል።,Warning,4
1436,ስጦታው ገና ወደ አውሮፕላን ማረፊያ በሳምንቱ መጨረሻ አልደረሰኝም።,Complaint,6
1437,በጣም ብልህ ነህ ነጋዴው፣ ምርቱን ረሳኸው።,Sarcasm/Irony,5
1440,መምህሩ ወደ ቤት ከሁለት ቀናት በኋላ ሄደዋል።,Assertion,1
1441,ሚኒስቴሩ ስለ ካርታው ማስጠንቀቂያ በዚህ ሳምንት አውጥቷል።,Warning,4
1442,ባንኩ ስለ ስጦታው ማስጠንቀቂያ በዚህ ሳምንት አውጥቷል።,Warning,4
1443,ሚኒስትሩ ወደ አውሮፕላን ማረፊያ ከጥቂት ደቂቃዎች በኋላ ሄደዋል።,Assertion,1
1445,በጣም ደግ ነህ ባልደረባዬ፣ በፍርድ ቤት ምንም እርዳታ አልሰጠኸኝም።,Sarcasm/Irony,5
1446,ባልደረባዬ ወደ ስብሰባ ክፍል ዛሬ ማታ ሄደዋል።,Assertion,1
1447,መሳሪያው ገና ወደ ቢሮ ዛሬ አልደረሰኝም።,Complaint,6
1448,ስለ መልእክቱ ጉዳይ ከባልደረባዬ ጋር እንወያይ።,Suggestion,3
1449,ጎበዝ! በጣም ጥሩ ስራ ሰራህ ሚኒስትሩ፣ ቡናውን አበላሸኸው።,Sarcasm/Irony,5
1452,እባክህ ለውሉ ይህን ዘዴ ከዛሬ ጀምሮ ተጠቀም።,Suggestion,3
1453,እባክዎ ይቅርታ፣ መኪናውን በዚህ ሳምንት ማቅረብ አልችልም።,Refusal,2
1454,ቡናው ገና ወደ መጋዘን ከሰዓት በኋላ አልደረሰኝም።,Complaint,6
1455,እባክዎ ይቅርታ፣ ቤቱን ዛሬ ማቅረብ አልችልም።,Refusal,2
1456,ጥንቃቄ ያድርጉ፣ በሚቀጥለው ሳምንት ፍርድ ቤት ይንሸራተታል።,Warning,4
1457,መሳሪያው ገና ወደ ከተማው ውስጥ ከሰዓት በኋላ አልደረሰኝም።,Complaint,6
1458,የስልኩ ወጪውን በአውሮፕላን ማረፊያ ብንቀንስ የተሻለ ነው።,Suggestion,3
1459,ከአለቃዬ ጋር ስለ ደብዳቤው ጉዳይ መስማማት አልችልም።,Refusal,2
1460,ውሃው ገና ወደ ከተማው ውስጥ በዚህ ሳምንት አልደረሰኝም።,Complaint,6
1461,እባክዎ ምርቱን ለደንበኛው ከምሽቱ ጀምሮ ይላኩልኝ።,Request,0
1462,የመጽሐፉ ገመድ በቢሮ አደገኛ ነው ተጠንቀቁ።,Warning,4
1463,ፖሊሱ ወደ ትምህርት ቤት በሚቀጥለው አመት ሄደዋል።,Assertion,1
1464,ሚኒስትሩ፣ እንደምን አደርክ በሚቀጥለው አመት?,Phatic,7
1465,ደህና ሁን መሐንዲሱ፣ እስከ በስብሰባው ወቅት እንገናኝ።,Phatic,7
1468,መጽሐፉ ገና ወደ ቤት በሚቀጥለው ወር አልደረሰኝም።,Complaint,6
1469,ቢያንስ አንዴ ካርታውን በቤት እንሞክር።,Suggestion,3
1470,እንዴት ጎበዝ ነህ ሚኒስትሩ፣ ኮምፒዩተሩን ሰብረኸዋል!,Sarcasm/Irony,5
1471,የካርታው ችግር ዛሬ ከሹፌሩ ጋር እፈታለሁ።,Promise,8
1472,ደህና እደር ሚኒስትሩ፣ በዚህ ወር እንገናኝ።,Phatic,7
1473,ጎበዝ! በጣም ጥሩ ስራ ሰራህ ሚኒስትሩ፣ ስልኩን አበላሸኸው።,Sarcasm/Irony,5
1475,የማሽኑ ዋጋውን ከጥቂት ደቂቃዎች በኋላ ብንቀንስ ደንበኞች ይጨምራሉ።,Suggestion,3
1476,ስለ መሳሪያው ከአስተማሪዋ ጋር ማሰብ ይኖርብናል።,Suggestion,3
1477,ኤጀንሲው ዛሬ ማታ አዲስ ሰራተኞችን ቀጥሯል።,Assertion,1
1478,እባክህ ለደብዳቤው ይህን ዘዴ ከሰዓት በኋላ ተጠቀም።,Suggestion,3
1481,ነጋዴው ወደ ስብሰባ ክፍል ከሰዓት በኋላ ሄደዋል።,Assertion,1
1482,እንዴት ደስ ይላል፣ አስተማሪዋ እንደገና በዚህ ሳምንት ዘገዩ።,Sarcasm/Irony,5
1484,ይህን ገንዘቡን ከጓደኛዬ መቀበል አልችልም።,Refusal,2
1485,ስለ ደብዳቤው ከነጋዴው ጋር ማሰብ ይኖርብናል።,Suggestion,3
1486,ድርጅቱ ስለ ሪፖርቱ ማስጠንቀቂያ ዛሬ አውጥቷል።,Warning,4
1487,ጤና ይስጥልኝ ጓደኛዬ፣ ነገ ጠዋት ደህና ነህ?,Phatic,7
1488,እባክዎ ካርታውን ለባልደረባዬ ከአንድ ሰዓት በኋላ ይላኩልኝ።,Request,0
1489,እንኳን ደስ አለህ ደንበኛው ነገ ከሰዓት በኋላ።,Phatic,7
1492,ሚኒስትሩ ወደ ባንክ በሚቀጥለው አመት ሄደዋል።,Assertion,1
1493,ጋዜጠኛው ወደ ገበያ በስብሰባው ወቅት ሄደዋል።,Assertion,1
1494,ጥንቃቄ ያድርጉ፣ ከጥቂት ደቂቃዎች በኋላ ቢሮ ይንሸራተታል።,Warning,4
1495,ሰላም ባልደረባዬ፣ በስብሰባው ወቅት እንዴት ነህ?,Phatic,7
1496,ይህን ስጦታውን ከደንበኛው መቀበል አልችልም።,Refusal,2
1497,እባክዎ ይቅርታ፣ መስኮቱን በስብሰባው ወቅት ማቅረብ አልችልም።,Refusal,2
1498,እባክዎ ስልኩን ለፖሊሱ ከዛሬ ጀምሮ ይላኩልኝ።,Request,0
1499,ደህና ሁን ጓደኛዬ፣ እስከ በሚቀጥለው አመት እንገናኝ።,Phatic,7
1500,እንዴት ጎበዝ ነህ አለቃዬ፣ ልብሱን ሰብረኸዋል!,Sarcasm/Irony,5
1502,ኩባንያው ስለ ቁልፉ ማስጠንቀቂያ በዚህ አመት አውጥቷል።,Warning,4
1503,ጎበዝ ስራ ፖሊሱ፣ መስኮቱ ሙሉ በሙሉ ፈርሷል።,Sarcasm/Irony,5
1506,እባክዎ ዕቃውን ለሚኒስትሩ ከሶስት ሰዓት በኋላ ይላኩልኝ።,Request,0
1507,ፕሮጀክቱ ገና ወደ ገበያ ከሶስት ሰዓት በኋላ አልደረሰኝም።,Complaint,6
1510,ደንበኛው ወደ ፍርድ ቤት ከሁለት ቀናት በኋላ ሄደዋል።,Assertion,1
1511,ደህና ሁን ሹፌሩ፣ እስከ በዚህ አመት እንገናኝ።,Phatic,7
1512,አስተማሪዋ ወደ ትምህርት ቤት ዛሬ ማታ ሄደዋል።,Assertion,1
1513,ጎበዝ! በጣም ጥሩ ስራ ሰራህ ስራ አስኪያጁ፣ ቡናውን አበላሸኸው።,Sarcasm/Irony,5
1515,ቢያንስ አንዴ ልብሱን በሆስፒታል እንሞክር።,Suggestion,3
1516,ሹፌሩ ወደ መጋዘን ነገ ሄደዋል።,Assertion,1
1522,መሳሪያው ገና ወደ ገበያ በዚህ ወር አልደረሰኝም።,Complaint,6
1524,ጎበዝ ስራ መምህሩ፣ ቦርሳው ሙሉ በሙሉ ፈርሷል።,Sarcasm/Irony,5
1525,ስለ ውሉ ጉዳይ ከአለቃዬ ጋር እንወያይ።,Suggestion,3
1527,ስጦታው ገና ወደ ሆስፒታል በሚቀጥለው ወር አልደረሰኝም።,Complaint,6
1528,እባክዎ መልእክቱን ለጋዜጠኛው ነገ ጠዋት ይላኩልኝ።,Request,0
1529,ደህና ሁን ሚኒስትሩ፣ እስከ ነገ እንገናኝ።,Phatic,7
1530,ጤና ይስጥልኝ ጋዜጠኛው፣ ነገ ጠዋት ደህና ነህ?,Phatic,7
1532,ዕቃው ገና ወደ መጋዘን በስብሰባው ወቅት አልደረሰኝም።,Complaint,6
1534,ደህና እደር ጋዜጠኛው፣ በሳምንቱ መጨረሻ እንገናኝ።,Phatic,7
1535,የሰነዱ ችግር ከሰዓት በኋላ ከዶክተሩ ጋር እፈታለሁ።,Promise,8
1537,ሰላም ጋዜጠኛው፣ ከጥቂት ደቂቃዎች በኋላ እንዴት ነህ?,Phatic,7
1538,የሰነዱ ዋጋውን በዚህ አመት ብንቀንስ ደንበኞች ይጨምራሉ።,Suggestion,3
1539,እንኳን ደስ አለህ ደንበኛው በሳምንቱ መጨረሻ።,Phatic,7
1540,ስቱዲዮው ስለ ደረሰኙ ማስጠንቀቂያ በዚህ አመት አውጥቷል።,Warning,4
1541,እሰይ፣ ሌላ ችግር በመጋዘን ነገ ጠዋት፣ ልክ የሚያስፈልገን ይሄው ነበር።,Sarcasm/Irony,5
1544,የስልኩ ወጪውን በስብሰባ ክፍል ብንቀንስ የተሻለ ነው።,Suggestion,3
1547,ዕቃው ገና ወደ ቤት በዚህ ሳምንት አልደረሰኝም።,Complaint,6
1549,እሰይ፣ ሌላ ችግር በስብሰባ ክፍል በሳምንቱ መጨረሻ፣ ልክ የሚያስፈልገን ይሄው ነበር።,Sarcasm/Irony,5
1550,ከአለቃዬ ጋር ስለ መጽሐፉ ጉዳይ መስማማት አልችልም።,Refusal,2
1551,እባክዎ መጽሐፉን ለዶክተሩ በዚህ አመት ይላኩልኝ።,Request,0
1555,እንዴት ደስ ይላል፣ ባልደረባዬ እንደገና ከጥቂት ደቂቃዎች በኋላ ዘገዩ።,Sarcasm/Irony,5
1557,በጣም ብልህ ነህ ጓደኛዬ፣ ውሃውን ረሳኸው።,Sarcasm/Irony,5
1559,ደህና እደር ዶክተሩ፣ በሚቀጥለው ሳምንት እንገናኝ።,Phatic,7
1560,ፋብሪካው ስለ በሩ ማስጠንቀቂያ ከምሽቱ ጀምሮ አውጥቷል።,Warning,4
1561,ይቅርታ፣ መስኮቱን ከአንድ ሰዓት በኋላ ማድረግ አልችልም።,Refusal,2
1563,የመጽሐፉ ችግር በሚቀጥለው ሳምንት ከደንበኛው ጋር እፈታለሁ።,Promise,8
1564,የማሽኑ ችግር ከጥቂት ደቂቃዎች በኋላ ከሹፌሩ ጋር እፈታለሁ።,Promise,8
1565,ጓደኛዬ ወደ ቤት በሚቀጥለው አመት ሄደዋል።,Assertion,1
1567,አለቃዬ ወደ መንገድ ላይ ነገ ከሰዓት በኋላ ሄደዋል።,Assertion,1
1568,እባክህ ለመኪናው ይህን ዘዴ ከሰዓት በኋላ ተጠቀም።,Suggestion,3
1570,ሪፖርቱ ገና ወደ ከተማው ውስጥ ከሰዓት በኋላ አልደረሰኝም።,Complaint,6
1571,ስለ ሂሳቡ ጉዳይ ከጋዜጠኛው ጋር እንወያይ።,Suggestion,3
1573,እባክዎ ውሉን ለጋዜጠኛው ከጥቂት ደቂቃዎች በኋላ ይላኩልኝ።,Request,0
1574,ጥያቄው ገና ወደ ባንክ በስብሰባው ወቅት አልደረሰኝም።,Complaint,6
1575,ሹፌሩ ወደ መንገድ ላይ ነገ ጠዋት ሄደዋል።,Assertion,1
1577,ጥንቃቄ ያድርጉ፣ በዚህ ሳምንት ባንክ ይንሸራተታል።,Warning,4
1579,መልእክቱ ገና ወደ ሱቅ ከዛሬ ጀምሮ አልደረሰኝም።,Complaint,6
1582,እባክዎ ይቅርታ፣ ደብዳቤውን በስብሰባው ወቅት ማቅረብ አልችልም።,Refusal,2
1584,እንኳን ደስ አለህ ሚኒስትሩ ከሶስት ሰዓት በኋላ።,Phatic,7
1585,የውሃው ገመድ በአውሮፕላን ማረፊያ አደገኛ ነው ተጠንቀቁ።,Warning,4
1586,እንዴት ጎበዝ ነህ መምህሩ፣ መኪናውን ሰብረኸዋል!,Sarcasm/Irony,5
1588,እባክዎ ኮምፒዩተሩን ለሚኒስትሩ ከአንድ ሰዓት በኋላ ይላኩልኝ።,Request,0
1589,ልብሱን በዚህ አመት ብንሞክር ጥሩ ይሆናል።,Suggestion,3
1590,ፖሊሱ ወደ ባንክ ነገ ሄደዋል።,Assertion,1
1592,የቤቱ ችግር ከጥቂት ደቂቃዎች በኋላ ከሚኒስትሩ ጋር እፈታለሁ።,Promise,8
1594,እባክዎ ይቅርታ፣ ውሉን ዛሬ ማታ ማቅረብ አልችልም።,Refusal,2
1596,አስተማሪዋ ወደ መጋዘን ከሶስት ሰዓት በኋላ ሄደዋል።,Assertion,1
1598,ከአለቃዬ ጋር ስለ መኪናው ጉዳይ መስማማት አልችልም።,Refusal,2
1599,እንዴት ጎበዝ ነህ መምህሩ፣ ሰነዱን ሰብረኸዋል!,Sarcasm/Irony,5
1600,ኩባንያው ስለ ካርታው ማስጠንቀቂያ ዛሬ ማታ አውጥቷል።,Warning,4
1601,እባክዎ ካርታውን ለመሐንዲሱ በስብሰባው ወቅት ይላኩልኝ።,Request,0
1604,የቤቱ ዋጋውን ከሁለት ቀናት በኋላ ብንቀንስ ደንበኞች ይጨምራሉ።,Suggestion,3
1605,ቤቱ ገና ወደ ስብሰባ ክፍል ከሰዓት በኋላ አልደረሰኝም።,Complaint,6
1606,የፕሮጀክቱ ችግር ከሁለት ቀናት በኋላ ከአስተማሪዋ ጋር እፈታለሁ።,Promise,8
1607,የመስኮቱ ችግር ነገ ከሰዓት በኋላ ከዶክተሩ ጋር እፈታለሁ።,Promise,8
1608,የቦርሳው ችግር ነገ ከሰዓት በኋላ ከፖሊሱ ጋር እፈታለሁ።,Promise,8
1610,ጤና ይስጥልኝ መሐንዲሱ፣ በዚህ አመት ደህና ነህ?,Phatic,7
1612,ቦርሳው ገና ወደ ትምህርት ቤት በሚቀጥለው አመት አልደረሰኝም።,Complaint,6
1613,ሰላም መሐንዲሱ፣ በስብሰባው ወቅት እንዴት ነህ?,Phatic,7
1614,እንዴት ደስ ይላል፣ ጠበቃው እንደገና ከሶስት ሰዓት በኋላ ዘገዩ።,Sarcasm/Irony,5
1616,ከጓደኛዬ ጋር ስለ ልብሱ ጉዳይ መስማማት አልችልም።,Refusal,2
1617,እባክዎ ይቅርታ፣ ምርቱን ነገ ጠዋት ማቅረብ አልችልም።,Refusal,2
1619,ባንኩ ስለ በሩ ማስጠንቀቂያ በዚህ አመት አውጥቷል።,Warning,4
1620,የስልኩ ችግር በሚቀጥለው ሳምንት ከደንበኛው ጋር እፈታለሁ።,Promise,8
1621,ዶክተሩ ወደ ትምህርት ቤት በዚህ ወር ሄደዋል።,Assertion,1
1622,ደህና ዛሬ ማታ ይሁንልህ ዶክተሩ።,Phatic,7
1623,እቅዱን በሚቀጥለው ሳምንት ከመንግስት ጋር እናሻሽል።,Suggestion,3
1624,ምርቱን በሚቀጥለው ሳምንት ብንሞክር ጥሩ ይሆናል።,Suggestion,3
1625,ደብዳቤው ገና ወደ ባንክ ነገ ከሰዓት በኋላ አልደረሰኝም።,Complaint,6
1626,እሰይ፣ ሌላ ችግር በቤት ነገ፣ ልክ የሚያስፈልገን ይሄው ነበር።,Sarcasm/Irony,5
1627,ከሶስት ሰዓት በኋላ በፍርድ ቤት ስብሰባ እናድርግ።,Suggestion,3
1628,ስለ ደረሰኙ ከስራ አስኪያጁ ጋር ማሰብ ይኖርብናል።,Suggestion,3
1629,እባክዎ ይቅርታ፣ ማሽኑን ከዛሬ ጀምሮ ማቅረብ አልችልም።,Refusal,2
1630,የትዕዛዙ ችግር ከሶስት ሰዓት በኋላ ከሚኒስትሩ ጋር እፈታለሁ።,Promise,8
1631,ጋዜጠኛው ወደ ስብሰባ ክፍል በሚቀጥለው አመት ሄደዋል።,Assertion,1
1632,እባክዎ ይቅርታ፣ ካርታውን ከዛሬ ጀምሮ ማቅረብ አልችልም።,Refusal,2
1633,ስቱዲዮው ስለ ልብሱ ማስጠንቀቂያ ከሰዓት በኋላ አውጥቷል።,Warning,4
1636,መምህሩ ወደ ሱቅ ከሶስት ሰዓት በኋላ ሄደዋል።,Assertion,1
1637,እባክዎ ውሃውን ለስራ አስኪያጁ ነገ ጠዋት ይላኩልኝ።,Request,0
1639,የኮምፒዩተሩ ችግር ከሰዓት በኋላ ከባልደረባዬ ጋር እፈታለሁ።,Promise,8
1640,ስለ ሂሳቡ ጉዳይ ከጓደኛዬ ጋር እንወያይ።,Suggestion,3
1641,ስጦታው ገና ወደ መንገድ ላይ ዛሬ አልደረሰኝም።,Complaint,6
1642,ጎበዝ ስራ ስራ አስኪያጁ፣ ማሽኑ ሙሉ በሙሉ ፈርሷል።,Sarcasm/Irony,5
1643,ውሃውን ከሰዓት በኋላ ብንሞክር ጥሩ ይሆናል።,Suggestion,3
1644,የስልኩ ወጪውን በመንገድ ላይ ብንቀንስ የተሻለ ነው።,Suggestion,3
1645,ዶክተሩ ወደ መንገድ ላይ በዚህ ሳምንት ሄደዋል።,Assertion,1
1646,መጽሐፉ ገና ወደ ፖሊስ ጣቢያ ነገ ጠዋት አልደረሰኝም።,Complaint,6
1647,አዎ በርግጥ፣ የሚኒስቴሩ እቅድ በነገ ከሰዓት በኋላ በጭራሽ አይከሽፍም።,Sarcasm/Irony,5
1651,ውሉ ገና ወደ ሱቅ በሳምንቱ መጨረሻ አልደረሰኝም።,Complaint,6
1652,በስብሰባ ክፍል ነገ ወንጀል ሊፈጸም ይችላል ተጠንቀቁ።,Warning,4
1653,ሹፌሩ፣ እንደምን አደርክ ከምሽቱ ጀምሮ?,Phatic,7
1654,ጤና ይስጥልኝ ጠበቃው፣ በሚቀጥለው ሳምንት ደህና ነህ?,Phatic,7
1655,እሰይ፣ ሌላ ችግር በፖሊስ ጣቢያ ከዛሬ ጀምሮ፣ ልክ የሚያስፈልገን ይሄው ነበር።,Sarcasm/Irony,5
1657,ትዕዛዙ ገና ወደ ሆስፒታል ከሁለት ቀናት በኋላ አልደረሰኝም።,Complaint,6
1658,ኤጀንሲው ስለ መኪናው ማስጠንቀቂያ ከሁለት ቀናት በኋላ አውጥቷል።,Warning,4
1659,ነጋዴው ወደ ባንክ በዚህ ወር ሄደዋል።,Assertion,1
1660,እባክዎ መልእክቱን ለስራ አስኪያጁ ነገ ይላኩልኝ።,Request,0
1661,እባክዎ ሪፖርቱን ለጓደኛዬ በሳምንቱ መጨረሻ ይላኩልኝ።,Request,0
1663,ደህና ሁን ጠበቃው፣ እስከ ከምሽቱ ጀምሮ እንገናኝ።,Phatic,7
1665,ኩባንያው ስለ ደረሰኙ ማስጠንቀቂያ ዛሬ አውጥቷል።,Warning,4
1667,ደህና ሁን ጠበቃው፣ እስከ በሳምንቱ መጨረሻ እንገናኝ።,Phatic,7
1669,ስቱዲዮው ስለ ፕሮጀክቱ ማስጠንቀቂያ ዛሬ አውጥቷል።,Warning,4
1670,እንዴት ጎበዝ ነህ አስተማሪዋ፣ ስልኩን ሰብረኸዋል!,Sarcasm/Irony,5
1671,ይህን ውሉን ከፖሊሱ መቀበል አልችልም።,Refusal,2
1672,እንዴት ጎበዝ ነህ ደንበኛው፣ ምርቱን ሰብረኸዋል!,Sarcasm/Irony,5
1673,እባክዎ ስልኩን ለዶክተሩ በስብሰባው ወቅት ይላኩልኝ።,Request,0
1675,የመልእክቱ ችግር ከአንድ ሰዓት በኋላ ከደንበኛው ጋር እፈታለሁ።,Promise,8
1676,ደህና እደር አለቃዬ፣ በሳምንቱ መጨረሻ እንገናኝ።,Phatic,7
1679,የስጦታው ችግር ከጥቂት ደቂቃዎች በኋላ ከደንበኛው ጋር እፈታለሁ።,Promise,8
1680,ከጓደኛዬ ጋር ስለ ሪፖርቱ ጉዳይ መስማማት አልችልም።,Refusal,2
1681,ማዕከሉ ስለ ቦርሳው ማስጠንቀቂያ በስብሰባው ወቅት አውጥቷል።,Warning,4
1683,ስራ አስኪያጁ ወደ ሆስፒታል ከሶስት ሰዓት በኋላ ሄደዋል።,Assertion,1
1684,ፕሮጀክቱ ገና ወደ ስብሰባ ክፍል በዚህ አመት አልደረሰኝም።,Complaint,6
1687,እባክዎ ውሉን ለሹፌሩ በሚቀጥለው አመት ይላኩልኝ።,Request,0
1688,ድርጅቱ ስለ ደረሰኙ ማስጠንቀቂያ ከምሽቱ ጀምሮ አውጥቷል።,Warning,4
1689,እንዴት ጎበዝ ነህ ባልደረባዬ፣ ካርታውን ሰብረኸዋል!,Sarcasm/Irony,5
1690,ጓደኛዬ፣ ጤና ይስጥልኝ በገበያ።,Phatic,7
1691,ጠበቃው፣ እንደምን አደርክ በሚቀጥለው ሳምንት?,Phatic,7
1692,እባክዎ በሩን ለስራ አስኪያጁ ከሶስት ሰዓት በኋላ ይላኩልኝ።,Request,0
1693,ከመምህሩ ጋር ስለ ስጦታው ጉዳይ መስማማት አልችልም።,Refusal,2
1695,ደህና ሁን ሹፌሩ፣ እስከ በሚቀጥለው ሳምንት እንገናኝ።,Phatic,7
1699,መኪናው ገና ወደ መጋዘን በሚቀጥለው አመት አልደረሰኝም።,Complaint,6
1700,ፋብሪካው ስለ ገንዘቡ ማስጠንቀቂያ በሚቀጥለው አመት አውጥቷል።,Warning,4
1701,እባክህ ለመልእክቱ ይህን ዘዴ በዚህ ወር ተጠቀም።,Suggestion,3
1703,እባክዎ ውሉን ለፖሊሱ ከሁለት ቀናት በኋላ ይላኩልኝ።,Request,0
1706,እባክዎ ፕሮጀክቱን ለጠበቃው ዛሬ ይላኩልኝ።,Request,0
1707,እባክዎ ፕሮጀክቱን ለደንበኛው በሚቀጥለው ወር ይላኩልኝ።,Request,0
1708,ጎበዝ! በጣም ጥሩ ስራ ሰራህ አለቃዬ፣ መልእክቱን አበላሸኸው።,Sarcasm/Irony,5
1710,ሪፖርቱን ለአስተማሪዋ በሚቀጥለው ሳምንት አቀርባለሁ።,Promise,8
1712,ይቅርታ፣ በሩን ነገ ጠዋት ማድረግ አልችልም።,Refusal,2
1714,ኮምፒዩተሩ ገና ወደ መንገድ ላይ ዛሬ ማታ አልደረሰኝም።,Complaint,6
1715,ሚኒስትሩ ወደ ፍርድ ቤት ነገ ከሰዓት በኋላ ሄደዋል።,Assertion,1
1716,መንግስት ስለ መሳሪያው ማስጠንቀቂያ በዚህ አመት አውጥቷል።,Warning,4
1717,ኩባንያው ስለ መልእክቱ ማስጠንቀቂያ ከሰዓት በኋላ አውጥቷል።,Warning,4
1719,ፖሊሱ ወደ ፋብሪካ ነገ ጠዋት ሄደዋል።,Assertion,1
1720,በስብሰባው ወቅት በሆስፒታል ትራፊኩ ከባድ ነው ተጠንቀቁ።,Warning,4
1721,አዎ በርግጥ፣ የማዕከሉ እቅድ በበሳምንቱ መጨረሻ በጭራሽ አይከሽፍም።,Sarcasm/Irony,5
1722,በጣም ደግ ነህ መምህሩ፣ በቢሮ ምንም እርዳታ አልሰጠኸኝም።,Sarcasm/Irony,5
1723,ባልደረባዬ ወደ ስብሰባ ክፍል በዚህ ሳምንት ሄደዋል።,Assertion,1
1727,የስልኩ ችግር ነገ ከሰዓት በኋላ ከሚኒስትሩ ጋር እፈታለሁ።,Promise,8
1728,ዕቃው ገና ወደ ትምህርት ቤት ነገ ከሰዓት በኋላ አልደረሰኝም።,Complaint,6
1730,በሩ ገና ወደ ትምህርት ቤት በዚህ አመት አልደረሰኝም።,Complaint,6
1731,ደንበኛው ወደ ሆስፒታል በሳምንቱ መጨረሻ ሄደዋል።,Assertion,1
1733,እባክዎ ሂሳቡን ለነጋዴው ዛሬ ማታ ይላኩልኝ።,Request,0
1734,ይህን መልእክቱን ከነጋዴው መቀበል አልችልም።,Refusal,2
1736,የሂሳቡ ችግር ዛሬ ከደንበኛው ጋር እፈታለሁ።,Promise,8
1737,ደህና ሁን ባልደረባዬ፣ እስከ በሚቀጥለው ወር እንገናኝ።,Phatic,7
1740,እባክዎ መሳሪያውን ለጋዜጠኛው ዛሬ ይላኩልኝ።,Request,0
1743,የምርቱ ወጪውን በመንገድ ላይ ብንቀንስ የተሻለ ነው።,Suggestion,3
1746,ማሽኑ ገና ወደ ስብሰባ ክፍል ከዛሬ ጀምሮ አልደረሰኝም።,Complaint,6
1747,የዕቃው ገመድ በፍርድ ቤት አደገኛ ነው ተጠንቀቁ።,Warning,4
1749,ይቅርታ፣ ውሉን በሚቀጥለው አመት ማድረግ አልችልም።,Refusal,2
1750,እባክዎ ምርቱን ለአስተማሪዋ ከአንድ ሰዓት በኋላ ይላኩልኝ።,Request,0
1752,ኮምፒዩተሩ ገና ወደ አውሮፕላን ማረፊያ ከምሽቱ ጀምሮ አልደረሰኝም።,Complaint,6
1753,የውሃው ችግር ከአንድ ሰዓት በኋላ ከሚኒስትሩ ጋር እፈታለሁ።,Promise,8
1754,ሚኒስቴሩ ስለ ስልኩ ማስጠንቀቂያ ከምሽቱ ጀምሮ አውጥቷል።,Warning,4
1755,ከጓደኛዬ ጋር ስለ ቁልፉ ጉዳይ መስማማት አልችልም።,Refusal,2
1756,አስተማሪዋ ወደ ቤት ከሶስት ሰዓት በኋላ ሄደዋል።,Assertion,1
1757,ማሽኑን ነገ ጠዋት ብንሞክር ጥሩ ይሆናል።,Suggestion,3
1759,የሪፖርቱ ዋጋውን በሚቀጥለው ወር ብንቀንስ ደንበኞች ይጨምራሉ።,Suggestion,3
1760,ማሽኑ ገና ወደ ፖሊስ ጣቢያ በሚቀጥለው አመት አልደረሰኝም።,Complaint,6
1763,እንዴት ጎበዝ ነህ ጋዜጠኛው፣ መኪናውን ሰብረኸዋል!,Sarcasm/Irony,5
1764,እባክዎ ይቅርታ፣ ፕሮጀክቱን ከአንድ ሰዓት በኋላ ማቅረብ አልችልም።,Refusal,2
1765,ቦርሳውን ከጥቂት ደቂቃዎች በኋላ ብንሞክር ጥሩ ይሆናል።,Suggestion,3
1766,ቡናው ገና ወደ ሱቅ ከጥቂት ደቂቃዎች በኋላ አልደረሰኝም።,Complaint,6
1769,በሩ ገና ወደ ሆስፒታል ዛሬ አልደረሰኝም።,Complaint,6
1770,የውሃው ችግር ከሶስት ሰዓት በኋላ ከአስተማሪዋ ጋር እፈታለሁ።,Promise,8
1771,ቤቱ ገና ወደ ቢሮ በዚህ አመት አልደረሰኝም።,Complaint,6
1772,ጤና ይስጥልኝ ዶክተሩ፣ ከሰዓት በኋላ ደህና ነህ?,Phatic,7
1773,የውሃው ችግር ከዛሬ ጀምሮ ከጋዜጠኛው ጋር እፈታለሁ።,Promise,8
1774,የሂሳቡ ችግር ከጥቂት ደቂቃዎች በኋላ ከባልደረባዬ ጋር እፈታለሁ።,Promise,8
1778,እባክዎ መሳሪያውን ለስራ አስኪያጁ ከጥቂት ደቂቃዎች በኋላ ይላኩልኝ።,Request,0
1779,ባንኩ ስለ ሪፖርቱ ማስጠንቀቂያ በስብሰባው ወቅት አውጥቷል።,Warning,4
1780,የሂሳቡ ዋጋውን በሳምንቱ መጨረሻ ብንቀንስ ደንበኞች ይጨምራሉ።,Suggestion,3
1781,አለቃዬ ወደ ቢሮ ዛሬ ሄደዋል።,Assertion,1
1782,እንዴት ጎበዝ ነህ ፖሊሱ፣ ቦርሳውን ሰብረኸዋል!,Sarcasm/Irony,5
1783,ደህና ሁን መምህሩ፣ እስከ በሚቀጥለው ሳምንት እንገናኝ።,Phatic,7
1784,መምህሩ ወደ ሆስፒታል ከሁለት ቀናት በኋላ ሄደዋል።,Assertion,1
1785,ጎበዝ ስራ ስራ አስኪያጁ፣ ደረሰኙ ሙሉ በሙሉ ፈርሷል።,Sarcasm/Irony,5
1786,ሰላም አስተማሪዋ፣ በዚህ ወር እንዴት ነህ?,Phatic,7
1788,እንኳን ደስ አለህ አስተማሪዋ ከአንድ ሰዓት በኋላ።,Phatic,7
1790,እንዴት ደስ ይላል፣ ነጋዴው እንደገና ከምሽቱ ጀምሮ ዘገዩ።,Sarcasm/Irony,5
1791,ከነጋዴው ጋር ስለ ቁልፉ ጉዳይ መስማማት አልችልም።,Refusal,2
1794,ሪፖርቱ ገና ወደ ፖሊስ ጣቢያ ከጥቂት ደቂቃዎች በኋላ አልደረሰኝም።,Complaint,6
1795,የጥያቄው ዋጋውን በሳምንቱ መጨረሻ ብንቀንስ ደንበኞች ይጨምራሉ።,Suggestion,3
1796,ቢሮ ነገ ጠዋት ተከፍቷል።,Assertion,1
1800,የስጦታው ወጪውን በገበያ ብንቀንስ የተሻለ ነው።,Suggestion,3
1801,በሱቅ በሳምንቱ መጨረሻ ወንጀል ሊፈጸም ይችላል ተጠንቀቁ።,Warning,4
1802,ደህና ሁን መሐንዲሱ፣ እስከ ዛሬ እንገናኝ።,Phatic,7
1803,ድርጅቱ ስለ ካርታው ማስጠንቀቂያ በሳምንቱ መጨረሻ አውጥቷል።,Warning,4
1804,የካርታው ዋጋውን ከምሽቱ ጀምሮ ብንቀንስ ደንበኞች ይጨምራሉ።,Suggestion,3
1806,ውሉ ገና ወደ ትምህርት ቤት በዚህ ሳምንት አልደረሰኝም።,Complaint,6
1808,ደህና እደር ሹፌሩ፣ ከአንድ ሰዓት በኋላ እንገናኝ።,Phatic,7
1810,አለቃዬ፣ ጤና ይስጥልኝ በትምህርት ቤት።,Phatic,7
1811,ሂሳቡ ገና ወደ ባንክ ነገ ከሰዓት በኋላ አልደረሰኝም።,Complaint,6
1812,የቦርሳው ችግር በሚቀጥለው ሳምንት ከስራ አስኪያጁ ጋር እፈታለሁ።,Promise,8
1813,አመሰግናለሁ ሚኒስትሩ፣ ደህና ዋል በፋብሪካ።,Phatic,7
1814,ድርጅቱ ስለ በሩ ማስጠንቀቂያ በሚቀጥለው ሳምንት አውጥቷል።,Warning,4
1815,ይህን መኪናውን ከአለቃዬ መቀበል አልችልም።,Refusal,2
1818,እባክዎ ቦርሳውን ለሚኒስትሩ ከሁለት ቀናት በኋላ ይላኩልኝ።,Request,0
1819,ሹፌሩ ወደ ትምህርት ቤት ነገ ከሰዓት በኋላ ሄደዋል።,Assertion,1
1821,የመሳሪያው ችግር በሚቀጥለው አመት ከሹፌሩ ጋር እፈታለሁ።,Promise,8
1823,ደህና በሚቀጥለው ወር ይሁንልህ ሚኒስትሩ።,Phatic,7
1825,ይቅርታ፣ ደረሰኙን በዚህ አመት ማድረግ አልችልም።,Refusal,2
1826,ደንበኛው ወደ ከተማው ውስጥ ከአንድ ሰዓት በኋላ ሄደዋል።,Assertion,1
1827,እባክዎ ፕሮጀክቱን ለሚኒስትሩ ከሶስት ሰዓት በኋላ ይላኩልኝ።,Request,0
1828,እንኳን ደስ አለህ መምህሩ፣ ስለ ቤቱ እንደገና ተሳስተሃል።,Sarcasm/Irony,5
1829,እባክዎ ፕሮጀክቱን ለደንበኛው በሚቀጥለው አመት ይላኩልኝ።,Request,0
1830,የስጦታው ዋጋውን በሚቀጥለው ወር ብንቀንስ ደንበኞች ይጨምራሉ።,Suggestion,3
1831,ባልደረባዬ ወደ መንገድ ላይ ነገ ሄደዋል።,Assertion,1
1833,ይህን መሳሪያውን ከአስተማሪዋ መቀበል አልችልም።,Refusal,2
1834,ከሁለት ቀናት በኋላ በመንገድ ላይ ስብሰባ እናድርግ።,Suggestion,3
1835,ነጋዴው ወደ ገበያ በስብሰባው ወቅት ሄደዋል።,Assertion,1
1836,የስጦታው ችግር ከሰዓት በኋላ ከደንበኛው ጋር እፈታለሁ።,Promise,8
1837,ይቅርታ፣ ማሽኑን ከሰዓት በኋላ ማድረግ አልችልም።,Refusal,2
1839,ዕቃው ገና ወደ ቤት በዚህ ወር አልደረሰኝም።,Complaint,6
1840,ልብሱ ገና ወደ ፋብሪካ ከሁለት ቀናት በኋላ አልደረሰኝም።,Complaint,6
1841,የምርቱ ዋጋውን በሳምንቱ መጨረሻ ብንቀንስ ደንበኞች ይጨምራሉ።,Suggestion,3
1842,የደብዳቤው ወጪውን በቤት ብንቀንስ የተሻለ ነው።,Suggestion,3
1845,ባልደረባዬ ወደ ስብሰባ ክፍል በሚቀጥለው አመት ሄደዋል።,Assertion,1
1846,ስቱዲዮው ስለ ሂሳቡ ማስጠንቀቂያ ከጥቂት ደቂቃዎች በኋላ አውጥቷል።,Warning,4
1847,ቤቱን በሚቀጥለው ወር ብንሞክር ጥሩ ይሆናል።,Suggestion,3
1849,ሚኒስትሩ ወደ ፋብሪካ በሚቀጥለው ወር ሄደዋል።,Assertion,1
1850,ይህን ቤቱን ከአለቃዬ መቀበል አልችልም።,Refusal,2
1854,እባክዎ ይቅርታ፣ ምርቱን በሚቀጥለው ሳምንት ማቅረብ አልችልም።,Refusal,2
1859,እባክዎ ካርታውን ለነጋዴው በዚህ ሳምንት ይላኩልኝ።,Request,0
1860,የቡናው ችግር በስብሰባው ወቅት ከደንበኛው ጋር እፈታለሁ።,Promise,8
1863,ባልደረባዬ ወደ ፍርድ ቤት በሳምንቱ መጨረሻ ሄደዋል።,Assertion,1
1866,ጋዜጠኛው፣ እንደምን አደርክ ከሁለት ቀናት በኋላ?,Phatic,7
1867,ዶክተሩ ወደ አውሮፕላን ማረፊያ በሚቀጥለው ሳምንት ሄደዋል።,Assertion,1
1869,ይቅርታ፣ ሂሳቡን ከጥቂት ደቂቃዎች በኋላ ማድረግ አልችልም።,Refusal,2
1870,ባንኩ ስለ ቡናው ማስጠንቀቂያ ነገ አውጥቷል።,Warning,4
1871,ደህና እደር ጓደኛዬ፣ በሚቀጥለው ሳምንት እንገናኝ።,Phatic,7
1872,ፋብሪካው ስለ መልእክቱ ማስጠንቀቂያ በሚቀጥለው ወር አውጥቷል።,Warning,4
1874,እባክዎ መኪናውን ለነጋዴው በሚቀጥለው ሳምንት ይላኩልኝ።,Request,0
1876,ከጓደኛዬ ጋር ስለ ጥያቄው ጉዳይ መስማማት አልችልም።,Refusal,2
1878,ባልደረባዬ ወደ ገበያ በዚህ ሳምንት ሄደዋል።,Assertion,1
1880,የመስኮቱ ወጪውን በቢሮ ብንቀንስ የተሻለ ነው።,Suggestion,3
1882,ከፖሊሱ ጋር ስለ ምርቱ ጉዳይ መስማማት አልችልም።,Refusal,2
1883,እባክዎ ሰነዱን ለአስተማሪዋ በሚቀጥለው ወር ይላኩልኝ።,Request,0
1884,ሂሳቡ ገና ወደ ሱቅ ከጥቂት ደቂቃዎች በኋላ አልደረሰኝም።,Complaint,6
1885,ስቱዲዮው ስለ ቦርሳው ማስጠንቀቂያ በዚህ ሳምንት አውጥቷል።,Warning,4
1887,ጋዜጠኛው ወደ ገበያ ዛሬ ሄደዋል።,Assertion,1
1888,ስለ ጥያቄው ከጓደኛዬ ጋር ማሰብ ይኖርብናል።,Suggestion,3
1889,የውሃው ችግር በዚህ አመት ከዶክተሩ ጋር እፈታለሁ።,Promise,8
1890,እንዴት ደስ ይላል፣ መምህሩ እንደገና ከአንድ ሰዓት በኋላ ዘገዩ።,Sarcasm/Irony,5
1891,መምህሩ ወደ ከተማው ውስጥ ነገ ከሰዓት በኋላ ሄደዋል።,Assertion,1
1893,ይቅርታ፣ ኮምፒዩተሩን ከምሽቱ ጀምሮ ማድረግ አልችልም።,Refusal,2
1894,ጤና ይስጥልኝ መሐንዲሱ፣ ከሁለት ቀናት በኋላ ደህና ነህ?,Phatic,7
1898,ከደንበኛው ጋር ስለ ሪፖርቱ ጉዳይ መስማማት አልችልም።,Refusal,2
1900,ደህና ዛሬ ይሁንልህ አስተማሪዋ።,Phatic,7
1901,እባክዎ መሳሪያውን ለነጋዴው በዚህ አመት ይላኩልኝ።,Request,0
1902,ውሃው ገና ወደ መንገድ ላይ በዚህ አመት አልደረሰኝም።,Complaint,6
1903,ጎበዝ ስራ ጋዜጠኛው፣ በሩ ሙሉ በሙሉ ፈርሷል።,Sarcasm/Irony,5
1905,ሰነዱ ገና ወደ ትምህርት ቤት በዚህ አመት አልደረሰኝም።,Complaint,6
1906,ጠበቃው ወደ ባንክ ዛሬ ሄደዋል።,Assertion,1
1907,የስልኩ ዋጋውን በሚቀጥለው ሳምንት ብንቀንስ ደንበኞች ይጨምራሉ።,Suggestion,3
1908,እሰይ፣ ሌላ ችግር በሆስፒታል ነገ፣ ልክ የሚያስፈልገን ይሄው ነበር።,Sarcasm/Irony,5
1910,እንኳን ደስ አለህ አለቃዬ፣ ስለ ኮምፒዩተሩ እንደገና ተሳስተሃል።,Sarcasm/Irony,5
1912,እሰይ፣ ሌላ ችግር በመንገድ ላይ ከሶስት ሰዓት በኋላ፣ ልክ የሚያስፈልገን ይሄው ነበር።,Sarcasm/Irony,5
1913,ኮምፒዩተሩ ገና ወደ ቤት ዛሬ አልደረሰኝም።,Complaint,6
1914,ስልኩ ገና ወደ ቤት ከዛሬ ጀምሮ አልደረሰኝም።,Complaint,6
1915,ሪፖርቱን ለባልደረባዬ በዚህ አመት አቀርባለሁ።,Promise,8
1916,ሂሳቡ ገና ወደ መንገድ ላይ በዚህ ወር አልደረሰኝም።,Complaint,6
1917,ከአለቃዬ ጋር ስለ ምርቱ ጉዳይ መስማማት አልችልም።,Refusal,2
1918,ከሰዓት በኋላ በከተማው ውስጥ ስብሰባ እናድርግ።,Suggestion,3
1919,በጣም ብልህ ነህ ዶክተሩ፣ ሰነዱን ረሳኸው።,Sarcasm/Irony,5
1920,ደህና ሁን ጓደኛዬ፣ እስከ ዛሬ ማታ እንገናኝ።,Phatic,7
1921,በጣም ደግ ነህ አለቃዬ፣ በቢሮ ምንም እርዳታ አልሰጠኸኝም።,Sarcasm/Irony,5
1922,ድርጅቱ ስለ መልእክቱ ማስጠንቀቂያ ነገ አውጥቷል።,Warning,4
1923,እባክዎ መጽሐፉን ለሚኒስትሩ በሳምንቱ መጨረሻ ይላኩልኝ።,Request,0
1924,የምርቱ ዋጋውን ነገ ጠዋት ብንቀንስ ደንበኞች ይጨምራሉ።,Suggestion,3
1927,ትዕዛዙ ገና ወደ ገበያ በስብሰባው ወቅት አልደረሰኝም።,Complaint,6
1928,ስለ ስልኩ ከአስተማሪዋ ጋር ማሰብ ይኖርብናል።,Suggestion,3
1929,ይቅርታ፣ መኪናውን በዚህ ሳምንት ማድረግ አልችልም።,Refusal,2
1931,ዶክተሩ ወደ ስብሰባ ክፍል ከሶስት ሰዓት በኋላ ሄደዋል።,Assertion,1
1933,የፋይሉ ችግር በዚህ አመት ከጠበቃው ጋር እፈታለሁ።,Promise,8
1936,የሰነዱ ችግር ዛሬ ማታ ከመምህሩ ጋር እፈታለሁ።,Promise,8
1937,ኤጀንሲው ስለ ኮምፒዩተሩ ማስጠንቀቂያ ዛሬ ማታ አውጥቷል።,Warning,4
1938,በሩ ገና ወደ ፖሊስ ጣቢያ በሚቀጥለው ወር አልደረሰኝም።,Complaint,6
1939,ገንዘቡ ገና ወደ ገበያ ዛሬ ማታ አልደረሰኝም።,Complaint,6
1941,ጥያቄውን ከጥቂት ደቂቃዎች በኋላ ብንሞክር ጥሩ ይሆናል።,Suggestion,3
1942,ደህና እደር አለቃዬ፣ በሚቀጥለው ወር እንገናኝ።,Phatic,7
1943,ጎበዝ ስራ ጓደኛዬ፣ ቤቱ ሙሉ በሙሉ ፈርሷል።,Sarcasm/Irony,5
1944,እንኳን ደስ አለህ ጠበቃው ከአንድ ሰዓት በኋላ።,Phatic,7
1946,ከፖሊሱ ጋር ስለ ገንዘቡ ጉዳይ መስማማት አልችልም።,Refusal,2
1947,ዶክተሩ፣ ጤና ይስጥልኝ በገበያ።,Phatic,7
1948,ስለ ትዕዛዙ ከጋዜጠኛው ጋር ማሰብ ይኖርብናል።,Suggestion,3
1949,እባክዎ መሳሪያውን ለአስተማሪዋ በሚቀጥለው አመት ይላኩልኝ።,Request,0
1950,ከነጋዴው ጋር ስለ ገንዘቡ ጉዳይ መስማማት አልችልም።,Refusal,2
1952,በጣም ብልህ ነህ መምህሩ፣ ደረሰኙን ረሳኸው።,Sarcasm/Irony,5
1953,ዶክተሩ ወደ መጋዘን ከሰዓት በኋላ ሄደዋል።,Assertion,1
1954,ቢያንስ አንዴ ቁልፉን በፍርድ ቤት እንሞክር።,Suggestion,3
1955,ዶክተሩ ወደ ሱቅ በሳምንቱ መጨረሻ ሄደዋል።,Assertion,1
1957,ጎበዝ ስራ ጠበቃው፣ መስኮቱ ሙሉ በሙሉ ፈርሷል።,Sarcasm/Irony,5
1958,ካርታው ገና ወደ ቤት ከሰዓት በኋላ አልደረሰኝም።,Complaint,6
1959,ጎበዝ ስራ ጋዜጠኛው፣ ትዕዛዙ ሙሉ በሙሉ ፈርሷል።,Sarcasm/Irony,5
1961,መሐንዲሱ ወደ ባንክ ነገ ጠዋት ሄደዋል።,Assertion,1
1963,የመስኮቱ ወጪውን በገበያ ብንቀንስ የተሻለ ነው።,Suggestion,3
1964,እባክዎ ሂሳቡን ለሹፌሩ ከምሽቱ ጀምሮ ይላኩልኝ።,Request,0
1966,በጣም ብልህ ነህ አለቃዬ፣ ምርቱን ረሳኸው።,Sarcasm/Irony,5
1967,ቡናው ገና ወደ ከተማው ውስጥ በዚህ አመት አልደረሰኝም።,Complaint,6
1970,ፖሊሱ፣ እንደምን አደርክ ከምሽቱ ጀምሮ?,Phatic,7
1971,እሰይ፣ ሌላ ችግር በቢሮ በሚቀጥለው አመት፣ ልክ የሚያስፈልገን ይሄው ነበር።,Sarcasm/Irony,5
1972,ገንዘቡ ገና ወደ ስብሰባ ክፍል ዛሬ አልደረሰኝም።,Complaint,6
1973,ጠበቃው ወደ ከተማው ውስጥ ከሁለት ቀናት በኋላ ሄደዋል።,Assertion,1
1974,ባልደረባዬ፣ እንደምን አደርክ ከዛሬ ጀምሮ?,Phatic,7
1977,እባክዎ ስጦታውን ለጋዜጠኛው ከጥቂት ደቂቃዎች በኋላ ይላኩልኝ።,Request,0
1978,የስልኩ ችግር በሚቀጥለው ሳምንት ከመሐንዲሱ ጋር እፈታለሁ።,Promise,8
1979,ነጋዴው ወደ ባንክ ከጥቂት ደቂቃዎች በኋላ ሄደዋል።,Assertion,1
1981,እባክዎ መልእክቱን ለደንበኛው ከምሽቱ ጀምሮ ይላኩልኝ።,Request,0
1982,እባክዎ ሪፖርቱን ለጋዜጠኛው ከአንድ ሰዓት በኋላ ይላኩልኝ።,Request,0
1983,የሪፖርቱ ችግር ከሁለት ቀናት በኋላ ከዶክተሩ ጋር እፈታለሁ።,Promise,8
1984,በጣም ብልህ ነህ አለቃዬ፣ መስኮቱን ረሳኸው።,Sarcasm/Irony,5
1986,ሰነዱ ገና ወደ ቢሮ በዚህ ወር አልደረሰኝም።,Complaint,6
1987,ደረሰኙ ገና ወደ ሆስፒታል ነገ ጠዋት አልደረሰኝም።,Complaint,6
1988,ፋብሪካው ስለ ዕቃው ማስጠንቀቂያ ከአንድ ሰዓት በኋላ አውጥቷል።,Warning,4
1989,ዶክተሩ ወደ ስብሰባ ክፍል ከዛሬ ጀምሮ ሄደዋል።,Assertion,1
1991,ይቅርታ፣ ሰነዱን በሚቀጥለው አመት ማድረግ አልችልም።,Refusal,2
1992,የዕቃው ገመድ በሆስፒታል አደገኛ ነው ተጠንቀቁ።,Warning,4
1993,የቤቱ ችግር በዚህ አመት ከጋዜጠኛው ጋር እፈታለሁ።,Promise,8
1995,ጥንቃቄ ያድርጉ፣ ዛሬ ባንክ ይንሸራተታል።,Warning,4
1996,እባክዎ መልእክቱን ለባልደረባዬ በሚቀጥለው ወር ይላኩልኝ።,Request,0
1997,እባክዎ መስኮቱን ለሚኒስትሩ ከሁለት ቀናት በኋላ ይላኩልኝ።,Request,0
1999,የምርቱ ችግር ነገ ጠዋት ከባልደረባዬ ጋር እፈታለሁ።,Promise,8
2000,ፋብሪካው ስለ ትዕዛዙ ማስጠንቀቂያ ዛሬ ማታ አውጥቷል።,Warning,4
2001,እባክዎ ይቅርታ፣ ውሃውን ዛሬ ማቅረብ አልችልም።,Refusal,2
2002,እባክዎ ስልኩን ለጋዜጠኛው ነገ ጠዋት ይላኩልኝ።,Request,0
2003,በዚህ ሳምንት በመንገድ ላይ ስብሰባ እናድርግ።,Suggestion,3
2004,ሚኒስቴሩ ስለ ስልኩ ማስጠንቀቂያ በዚህ ሳምንት አውጥቷል።,Warning,4
2007,ይቅርታ፣ ዕቃውን በሳምንቱ መጨረሻ ማድረግ አልችልም።,Refusal,2
2008,የጥያቄው ወጪውን በሱቅ ብንቀንስ የተሻለ ነው።,Suggestion,3
2009,ፍርድ ቤት ነገ ተከፍቷል።,Assertion,1
2010,ጤና ይስጥልኝ አለቃዬ፣ ዛሬ ማታ ደህና ነህ?,Phatic,7
2011,እባክዎ ደብዳቤውን ለስራ አስኪያጁ በሚቀጥለው አመት ይላኩልኝ።,Request,0
2012,ሪፖርቱን ለመሐንዲሱ ዛሬ ማታ አቀርባለሁ።,Promise,8
2015,እንኳን ደስ አለህ ነጋዴው በሚቀጥለው አመት።,Phatic,7
2016,ይቅርታ፣ ልብሱን ከአንድ ሰዓት በኋላ ማድረግ አልችልም።,Refusal,2
2017,ዕቃውን ከሁለት ቀናት በኋላ ብንሞክር ጥሩ ይሆናል።,Suggestion,3
2019,ይህን ስራ ከጋዜጠኛው ጋር አልቀበልም።,Refusal,2
2020,የደረሰኙ ገመድ በመጋዘን አደገኛ ነው ተጠንቀቁ።,Warning,4
2022,ይህን ካርታውን ከመሐንዲሱ መቀበል አልችልም።,Refusal,2
2023,ሰላም አለቃዬ፣ ከሰዓት በኋላ እንዴት ነህ?,Phatic,7
2024,ሚኒስቴሩ በሚቀጥለው አመት አዲስ ሰራተኞችን ቀጥሯል።,Assertion,1
2025,እባክዎ ልብሱን ለአስተማሪዋ በዚህ አመት ይላኩልኝ።,Request,0
2027,ቁልፉ ገና ወደ ፖሊስ ጣቢያ ነገ ጠዋት አልደረሰኝም።,Complaint,6
2029,መንግስት በሳምንቱ መጨረሻ አዲስ ሰራተኞችን ቀጥሯል።,Assertion,1
2030,ሪፖርቱን ለፖሊሱ ነገ ጠዋት አቀርባለሁ።,Promise,8
2034,የትዕዛዙ ዋጋውን በዚህ አመት ብንቀንስ ደንበኞች ይጨምራሉ።,Suggestion,3
2035,እባክህ ለፕሮጀክቱ ይህን ዘዴ በዚህ አመት ተጠቀም።,Suggestion,3
2036,እባክህ ለመሳሪያው ይህን ዘዴ ከምሽቱ ጀምሮ ተጠቀም።,Suggestion,3
2037,የውሃው ዋጋውን ከዛሬ ጀምሮ ብንቀንስ ደንበኞች ይጨምራሉ።,Suggestion,3
2040,ነጋዴው ወደ ትምህርት ቤት ከዛሬ ጀምሮ ሄደዋል።,Assertion,1
2041,የኮምፒዩተሩ ገመድ በትምህርት ቤት አደገኛ ነው ተጠንቀቁ።,Warning,4
2042,ስለ ቤቱ ጉዳይ ከነጋዴው ጋር እንወያይ።,Suggestion,3
2043,ቢያንስ አንዴ ካርታውን በፖሊስ ጣቢያ እንሞክር።,Suggestion,3
2044,የዕቃው ችግር ከሶስት ሰዓት በኋላ ከጋዜጠኛው ጋር እፈታለሁ።,Promise,8
2046,እንዴት ጎበዝ ነህ ጠበቃው፣ ቁልፉን ሰብረኸዋል!,Sarcasm/Irony,5
2048,ጠበቃው ወደ ፋብሪካ ከምሽቱ ጀምሮ ሄደዋል።,Assertion,1
2049,ቡናው ገና ወደ ስብሰባ ክፍል ነገ አልደረሰኝም።,Complaint,6
2051,አስተማሪዋ ወደ ገበያ ከአንድ ሰዓት በኋላ ሄደዋል።,Assertion,1
2053,ከአንድ ሰዓት በኋላ በመንገድ ላይ ስብሰባ እናድርግ።,Suggestion,3
2054,የትዕዛዙ ችግር በሚቀጥለው ሳምንት ከባልደረባዬ ጋር እፈታለሁ።,Promise,8
2055,እባክዎ ይቅርታ፣ ቤቱን በዚህ ሳምንት ማቅረብ አልችልም።,Refusal,2
2059,ደህና ሁን አስተማሪዋ፣ እስከ በዚህ ወር እንገናኝ።,Phatic,7
2062,በጣም ብልህ ነህ ጋዜጠኛው፣ መጽሐፉን ረሳኸው።,Sarcasm/Irony,5
2063,ነገ በመጋዘን ስብሰባ እናድርግ።,Suggestion,3
2066,ባንኩ ስለ መጽሐፉ ማስጠንቀቂያ በሚቀጥለው አመት አውጥቷል።,Warning,4
2067,እባክዎ መኪናውን ለአስተማሪዋ በሳምንቱ መጨረሻ ይላኩልኝ።,Request,0
2068,ሚኒስትሩ ወደ ፋብሪካ ነገ ሄደዋል።,Assertion,1
2070,እባክዎ ይቅርታ፣ መልእክቱን ከሁለት ቀናት በኋላ ማቅረብ አልችልም።,Refusal,2
2073,ስለ ጥያቄው ከሚኒስትሩ ጋር ማሰብ ይኖርብናል።,Suggestion,3
2076,ፋብሪካው ስለ ሪፖርቱ ማስጠንቀቂያ ከሁለት ቀናት በኋላ አውጥቷል።,Warning,4
2078,እንዴት ጎበዝ ነህ ጓደኛዬ፣ ቦርሳውን ሰብረኸዋል!,Sarcasm/Irony,5
2079,የመኪናው ወጪውን በሱቅ ብንቀንስ የተሻለ ነው።,Suggestion,3
2080,ደንበኛው ወደ ትምህርት ቤት ዛሬ ሄደዋል።,Assertion,1
2082,ደህና በሚቀጥለው ወር ይሁንልህ አለቃዬ።,Phatic,7
2083,እንኳን ደስ አለህ አለቃዬ፣ ስለ መሳሪያው እንደገና ተሳስተሃል።,Sarcasm/Irony,5
2084,ከስራ አስኪያጁ ጋር ስለ መስኮቱ ጉዳይ መስማማት አልችልም።,Refusal,2
2085,ሰነዱ ገና ወደ ቤት ከዛሬ ጀምሮ አልደረሰኝም።,Complaint,6
2087,ባንኩ ስለ ፋይሉ ማስጠንቀቂያ በሚቀጥለው ወር አውጥቷል።,Warning,4
2088,የሰነዱ ችግር ከጥቂት ደቂቃዎች በኋላ ከዶክተሩ ጋር እፈታለሁ።,Promise,8
2093,እባክዎ ይቅርታ፣ ሪፖርቱን በሚቀጥለው ወር ማቅረብ አልችልም።,Refusal,2
2095,አለቃዬ ወደ ሆስፒታል ዛሬ ሄደዋል።,Assertion,1
2096,ደህና እደር ጋዜጠኛው፣ በዚህ አመት እንገናኝ።,Phatic,7
2097,እባክዎ ዕቃውን ለፖሊሱ በዚህ ሳምንት ይላኩልኝ።,Request,0
2098,ኤጀንሲው ስለ መስኮቱ ማስጠንቀቂያ ከምሽቱ ጀምሮ አውጥቷል።,Warning,4
2099,እባክዎ ቤቱን ለመሐንዲሱ በሚቀጥለው አመት ይላኩልኝ።,Request,0
2101,ደህና እደር ነጋዴው፣ ነገ እንገናኝ።,Phatic,7
2102,እንኳን ደስ አለህ ዶክተሩ፣ ስለ ስልኩ እንደገና ተሳስተሃል።,Sarcasm/Irony,5
2103,እባክዎ ቦርሳውን ለሚኒስትሩ ዛሬ ይላኩልኝ።,Request,0
2105,ኩባንያው ስለ ምርቱ ማስጠንቀቂያ ከዛሬ ጀምሮ አውጥቷል።,Warning,4
2106,ደንበኛው ወደ ባንክ ነገ ሄደዋል።,Assertion,1
2107,ከሹፌሩ ጋር ስለ ገንዘቡ ጉዳይ መስማማት አልችልም።,Refusal,2
2109,የሰነዱ ችግር በሳምንቱ መጨረሻ ከደንበኛው ጋር እፈታለሁ።,Promise,8
2110,እባክዎ ቤቱን ለመምህሩ ከዛሬ ጀምሮ ይላኩልኝ።,Request,0
2111,ሚኒስቴሩ ስለ ደብዳቤው ማስጠንቀቂያ በሚቀጥለው ወር አውጥቷል።,Warning,4
2112,በጣም ደግ ነህ መሐንዲሱ፣ በአውሮፕላን ማረፊያ ምንም እርዳታ አልሰጠኸኝም።,Sarcasm/Irony,5
2113,የደብዳቤው ዋጋውን ከአንድ ሰዓት በኋላ ብንቀንስ ደንበኞች ይጨምራሉ።,Suggestion,3
2114,ሚኒስቴሩ ስለ መጽሐፉ ማስጠንቀቂያ ዛሬ ማታ አውጥቷል።,Warning,4
2116,እንዴት ደስ ይላል፣ ፖሊሱ እንደገና ከሶስት ሰዓት በኋላ ዘገዩ።,Sarcasm/Irony,5
2118,እባክዎ ደረሰኙን ለሹፌሩ በሚቀጥለው ወር ይላኩልኝ።,Request,0
2120,እንዴት ጎበዝ ነህ ጓደኛዬ፣ መስኮቱን ሰብረኸዋል!,Sarcasm/Irony,5
2121,የካርታው ወጪውን በአውሮፕላን ማረፊያ ብንቀንስ የተሻለ ነው።,Suggestion,3
2122,መሐንዲሱ ወደ ፖሊስ ጣቢያ በሚቀጥለው ወር ሄደዋል።,Assertion,1
2123,እባክዎ መኪናውን ለስራ አስኪያጁ በስብሰባው ወቅት ይላኩልኝ።,Request,0
2124,ባንኩ ስለ ሂሳቡ ማስጠንቀቂያ ነገ ከሰዓት በኋላ አውጥቷል።,Warning,4
2125,ባንኩ በዚህ ሳምንት አዲስ ሰራተኞችን ቀጥሯል።,Assertion,1
2126,በከተማው ውስጥ በዚህ ሳምንት ወንጀል ሊፈጸም ይችላል ተጠንቀቁ።,Warning,4
2127,ምርቱ ገና ወደ አውሮፕላን ማረፊያ በሚቀጥለው ወር አልደረሰኝም።,Complaint,6
2129,ድርጅቱ ስለ ስጦታው ማስጠንቀቂያ ዛሬ ማታ አውጥቷል።,Warning,4
2132,እባክዎ ይቅርታ፣ ስጦታውን ከአንድ ሰዓት በኋላ ማቅረብ አልችልም።,Refusal,2
2135,የሂሳቡ ዋጋውን ከዛሬ ጀምሮ ብንቀንስ ደንበኞች ይጨምራሉ።,Suggestion,3
2137,በጣም ብልህ ነህ ጓደኛዬ፣ ደረሰኙን ረሳኸው።,Sarcasm/Irony,5
2138,ሰላም ባልደረባዬ፣ ከሁለት ቀናት በኋላ እንዴት ነህ?,Phatic,7
2140,ይህን ሰነዱን ከባልደረባዬ መቀበል አልችልም።,Refusal,2
2141,መሐንዲሱ፣ እንደምን አደርክ ከአንድ ሰዓት በኋላ?,Phatic,7
2142,እባክዎ ቡናውን ለሚኒስትሩ በሚቀጥለው ሳምንት ይላኩልኝ።,Request,0
2143,እባክዎ ስልኩን ለፖሊሱ ከጥቂት ደቂቃዎች በኋላ ይላኩልኝ።,Request,0
2144,እባክዎ ምርቱን ለሹፌሩ ነገ ከሰዓት በኋላ ይላኩልኝ።,Request,0
2145,የዕቃው ችግር ከሁለት ቀናት በኋላ ከጓደኛዬ ጋር እፈታለሁ።,Promise,8
2147,የፋይሉ ወጪውን በገበያ ብንቀንስ የተሻለ ነው።,Suggestion,3
2148,መስኮቱ ገና ወደ ፋብሪካ ከአንድ ሰዓት በኋላ አልደረሰኝም።,Complaint,6
2150,ደንበኛው፣ ጤና ይስጥልኝ በአውሮፕላን ማረፊያ።,Phatic,7
2151,ቁልፉ ገና ወደ ቢሮ ከዛሬ ጀምሮ አልደረሰኝም።,Complaint,6
2152,አስተማሪዋ ወደ ገበያ ነገ ጠዋት ሄደዋል።,Assertion,1
2153,እባክዎ ይቅርታ፣ ኮምፒዩተሩን ነገ ከሰዓት በኋላ ማቅረብ አልችልም።,Refusal,2
2154,እንኳን ደስ አለህ ስራ አስኪያጁ በዚህ አመት።,Phatic,7
2155,የጥያቄው ችግር በሚቀጥለው ወር ከባልደረባዬ ጋር እፈታለሁ።,Promise,8
2156,አዎ በርግጥ፣ የኩባንያው እቅድ በበሳምንቱ መጨረሻ በጭራሽ አይከሽፍም።,Sarcasm/Irony,5
2157,መንግስት ስለ ደረሰኙ ማስጠንቀቂያ በዚህ ወር አውጥቷል።,Warning,4
2158,በጣም ደግ ነህ ነጋዴው፣ በቢሮ ምንም እርዳታ አልሰጠኸኝም።,Sarcasm/Irony,5
2159,ቤቱ ገና ወደ ስብሰባ ክፍል በዚህ ወር አልደረሰኝም።,Complaint,6
2160,ባንኩ ስለ ቦርሳው ማስጠንቀቂያ በዚህ ሳምንት አውጥቷል።,Warning,4
2161,ደህና እደር አስተማሪዋ፣ ከሰዓት በኋላ እንገናኝ።,Phatic,7
2162,እባክዎ ምርቱን ለሹፌሩ በሚቀጥለው ወር ይላኩልኝ።,Request,0
2164,እባክዎ ውሃውን ለዶክተሩ ከሶስት ሰዓት በኋላ ይላኩልኝ።,Request,0
2165,ደህና እደር ስራ አስኪያጁ፣ በዚህ አመት እንገናኝ።,Phatic,7
2167,ሂሳቡ ገና ወደ ቤት በሳምንቱ መጨረሻ አልደረሰኝም።,Complaint,6
2168,የሪፖርቱ ችግር በሚቀጥለው ወር ከባልደረባዬ ጋር እፈታለሁ።,Promise,8
2170,ይህን በሩን ከጠበቃው መቀበል አልችልም።,Refusal,2
2172,ጋዜጠኛው ወደ ስብሰባ ክፍል በሳምንቱ መጨረሻ ሄደዋል።,Assertion,1
2173,ጎበዝ! በጣም ጥሩ ስራ ሰራህ ጋዜጠኛው፣ ዕቃውን አበላሸኸው።,Sarcasm/Irony,5
2178,እባክዎ ቁልፉን ለስራ አስኪያጁ ከአንድ ሰዓት በኋላ ይላኩልኝ።,Request,0
2179,አመሰግናለሁ ጋዜጠኛው፣ ደህና ዋል በአውሮፕላን ማረፊያ።,Phatic,7
2181,ሰላም ሚኒስትሩ፣ ነገ ከሰዓት በኋላ እንዴት ነህ?,Phatic,7
2185,ከተማው ውስጥ ነገ ከሰዓት በኋላ ተከፍቷል።,Assertion,1
2186,መልእክቱን በስብሰባው ወቅት ብንሞክር ጥሩ ይሆናል።,Suggestion,3
2190,ፋብሪካው ስለ ጥያቄው ማስጠንቀቂያ ከሶስት ሰዓት በኋላ አውጥቷል።,Warning,4
2192,እንዴት ጎበዝ ነህ አለቃዬ፣ ቤቱን ሰብረኸዋል!,Sarcasm/Irony,5
2193,እባክዎ ይቅርታ፣ መልእክቱን ነገ ማቅረብ አልችልም።,Refusal,2
2196,ኩባንያው ስለ ገንዘቡ ማስጠንቀቂያ ዛሬ ማታ አውጥቷል።,Warning,4
2197,ውሃውን ነገ ብንሞክር ጥሩ ይሆናል።,Suggestion,3
2198,ጓደኛዬ ወደ ከተማው ውስጥ በሚቀጥለው ሳምንት ሄደዋል።,Assertion,1
2199,መልእክቱ ገና ወደ መጋዘን ዛሬ ማታ አልደረሰኝም።,Complaint,6
2200,ባንኩ ስለ ዕቃው ማስጠንቀቂያ በሳምንቱ መጨረሻ አውጥቷል።,Warning,4
2202,ከስራ አስኪያጁ ጋር ስለ ፋይሉ ጉዳይ መስማማት አልችልም።,Refusal,2
2203,እባክዎ መሳሪያውን ለሚኒስትሩ ከአንድ ሰዓት በኋላ ይላኩልኝ።,Request,0
2204,እባክዎ ውሉን ለመሐንዲሱ በዚህ ሳምንት ይላኩልኝ።,Request,0
2205,የመሳሪያው ችግር ከምሽቱ ጀምሮ ከባልደረባዬ ጋር እፈታለሁ።,Promise,8
2209,ኩባንያው ስለ ደብዳቤው ማስጠንቀቂያ በዚህ አመት አውጥቷል።,Warning,4
2210,ደረሰኙ ገና ወደ ገበያ ከዛሬ ጀምሮ አልደረሰኝም።,Complaint,6
2211,ጎበዝ ስራ ጋዜጠኛው፣ መጽሐፉ ሙሉ በሙሉ ፈርሷል።,Sarcasm/Irony,5
2213,የስጦታው ወጪውን በሱቅ ብንቀንስ የተሻለ ነው።,Suggestion,3
2215,ኮምፒዩተሩ ገና ወደ አውሮፕላን ማረፊያ በስብሰባው ወቅት አልደረሰኝም።,Complaint,6
2216,ከነጋዴው ጋር ስለ መስኮቱ ጉዳይ መስማማት አልችልም።,Refusal,2
2218,የመኪናው ገመድ በባንክ አደገኛ ነው ተጠንቀቁ።,Warning,4
2220,እባክዎ ቦርሳውን ለባልደረባዬ በዚህ አመት ይላኩልኝ።,Request,0
2222,ይቅርታ፣ ቡናውን በዚህ ወር ማድረግ አልችልም።,Refusal,2
2223,ፖሊሱ ወደ ከተማው ውስጥ ዛሬ ሄደዋል።,Assertion,1
2224,መምህሩ ወደ ቤት ከምሽቱ ጀምሮ ሄደዋል።,Assertion,1
2225,የመልእክቱ ችግር ዛሬ ማታ ከፖሊሱ ጋር እፈታለሁ።,Promise,8
2227,ፋብሪካው ስለ ሰነዱ ማስጠንቀቂያ በዚህ አመት አውጥቷል።,Warning,4
2229,እባክዎ ምርቱን ለሹፌሩ በዚህ ሳምንት ይላኩልኝ።,Request,0
2230,ማዕከሉ ስለ ስልኩ ማስጠንቀቂያ ከሶስት ሰዓት በኋላ አውጥቷል።,Warning,4
2231,ኮምፒዩተሩ ገና ወደ ፍርድ ቤት ዛሬ ማታ አልደረሰኝም።,Complaint,6
2232,ካርታው ገና ወደ አውሮፕላን ማረፊያ ከምሽቱ ጀምሮ አልደረሰኝም።,Complaint,6
2234,እባክዎ ይቅርታ፣ ቤቱን ከዛሬ ጀምሮ ማቅረብ አልችልም።,Refusal,2
2235,እንኳን ደስ አለህ ሹፌሩ፣ ስለ ኮምፒዩተሩ እንደገና ተሳስተሃል።,Sarcasm/Irony,5
2237,ደብዳቤው ገና ወደ መንገድ ላይ ከአንድ ሰዓት በኋላ አልደረሰኝም።,Complaint,6
2238,በጣም ብልህ ነህ ነጋዴው፣ መጽሐፉን ረሳኸው።,Sarcasm/Irony,5
2239,ይቅርታ፣ መስኮቱን ዛሬ ማታ ማድረግ አልችልም።,Refusal,2
2241,የካርታው ዋጋውን በዚህ አመት ብንቀንስ ደንበኞች ይጨምራሉ።,Suggestion,3
2242,ይህን ኮምፒዩተሩን ከፖሊሱ መቀበል አልችልም።,Refusal,2
2246,እባክዎ ትዕዛዙን ለስራ አስኪያጁ ነገ ከሰዓት በኋላ ይላኩልኝ።,Request,0
2247,ዛሬ ማታ በመጋዘን ትራፊኩ ከባድ ነው ተጠንቀቁ።,Warning,4
2248,እባክዎ ገንዘቡን ለሚኒስትሩ በስብሰባው ወቅት ይላኩልኝ።,Request,0
2249,የስጦታው ችግር ዛሬ ማታ ከአለቃዬ ጋር እፈታለሁ።,Promise,8
2251,እባክህ ለውሃው ይህን ዘዴ ከሰዓት በኋላ ተጠቀም።,Suggestion,3
2252,እባክዎ ቡናውን ለመምህሩ ከዛሬ ጀምሮ ይላኩልኝ።,Request,0
2253,ጎበዝ! በጣም ጥሩ ስራ ሰራህ ደንበኛው፣ ገንዘቡን አበላሸኸው።,Sarcasm/Irony,5
2254,ይቅርታ፣ ጥያቄውን ከሶስት ሰዓት በኋላ ማድረግ አልችልም።,Refusal,2
2255,ፖሊሱ ወደ ፍርድ ቤት ከጥቂት ደቂቃዎች በኋላ ሄደዋል።,Assertion,1
2259,አመሰግናለሁ ፖሊሱ፣ ደህና ዋል በትምህርት ቤት።,Phatic,7
2260,ሚኒስትሩ፣ ጤና ይስጥልኝ በትምህርት ቤት።,Phatic,7
2261,እባክዎ ደረሰኙን ለጓደኛዬ በዚህ ወር ይላኩልኝ።,Request,0
2262,የመልእክቱ ወጪውን በፖሊስ ጣቢያ ብንቀንስ የተሻለ ነው።,Suggestion,3
2263,የቡናው ገመድ በመንገድ ላይ አደገኛ ነው ተጠንቀቁ።,Warning,4
2267,ማዕከሉ ስለ ካርታው ማስጠንቀቂያ ከአንድ ሰዓት በኋላ አውጥቷል።,Warning,4
2268,እባክዎ ይቅርታ፣ ሂሳቡን ዛሬ ማታ ማቅረብ አልችልም።,Refusal,2
2269,ድርጅቱ ስለ ሪፖርቱ ማስጠንቀቂያ ከጥቂት ደቂቃዎች በኋላ አውጥቷል።,Warning,4
2270,ፖሊሱ፣ እንደምን አደርክ ነገ ከሰዓት በኋላ?,Phatic,7
2271,በጣም ብልህ ነህ ጓደኛዬ፣ በሩን ረሳኸው።,Sarcasm/Irony,5
2272,ካርታው ገና ወደ ትምህርት ቤት በሚቀጥለው ሳምንት አልደረሰኝም።,Complaint,6
2273,ደብዳቤው ገና ወደ ፖሊስ ጣቢያ ነገ አልደረሰኝም።,Complaint,6
2276,የገንዘቡ ዋጋውን ከሁለት ቀናት በኋላ ብንቀንስ ደንበኞች ይጨምራሉ።,Suggestion,3
2278,ነጋዴው ወደ ቤት ከምሽቱ ጀምሮ ሄደዋል።,Assertion,1
2279,እባክዎ ካርታውን ለጠበቃው ነገ ከሰዓት በኋላ ይላኩልኝ።,Request,0
2280,በዚህ አመት በመንገድ ላይ ትራፊኩ ከባድ ነው ተጠንቀቁ።,Warning,4
2284,ይቅርታ፣ ስጦታውን በስብሰባው ወቅት ማድረግ አልችልም።,Refusal,2
2285,ጓደኛዬ ወደ መጋዘን በስብሰባው ወቅት ሄደዋል።,Assertion,1
2286,እንኳን ደስ አለህ ጠበቃው፣ ስለ ቤቱ እንደገና ተሳስተሃል።,Sarcasm/Irony,5
2288,የገንዘቡ ችግር ከጥቂት ደቂቃዎች በኋላ ከጋዜጠኛው ጋር እፈታለሁ።,Promise,8
2289,ሚኒስትሩ ወደ ትምህርት ቤት ነገ ሄደዋል።,Assertion,1
2291,መጽሐፉ ገና ወደ ቢሮ ዛሬ ማታ አልደረሰኝም።,Complaint,6
2292,ፋይሉን በጥንቃቄ ለሹፌሩ እይዛለሁ።,Promise,8
2295,ይቅርታ፣ ስጦታውን ነገ ከሰዓት በኋላ ማድረግ አልችልም።,Refusal,2
2296,ጓደኛዬ ወደ ቤት ዛሬ ሄደዋል።,Assertion,1
2299,እባክዎ ደብዳቤውን ለመሐንዲሱ ከዛሬ ጀምሮ ይላኩልኝ።,Request,0
2300,ፋብሪካው ስለ ፋይሉ ማስጠንቀቂያ ዛሬ ማታ አውጥቷል።,Warning,4
2301,ማህበሩ ስለ መጽሐፉ ማስጠንቀቂያ በሳምንቱ መጨረሻ አውጥቷል።,Warning,4
2303,እባክዎ ይቅርታ፣ ቁልፉን በዚህ ሳምንት ማቅረብ አልችልም።,Refusal,2
2304,ጤና ይስጥልኝ መምህሩ፣ በሚቀጥለው ወር ደህና ነህ?,Phatic,7
2305,እንዴት ጎበዝ ነህ ጓደኛዬ፣ መኪናውን ሰብረኸዋል!,Sarcasm/Irony,5
2306,የሂሳቡ ችግር ከሁለት ቀናት በኋላ ከሚኒስትሩ ጋር እፈታለሁ።,Promise,8
2308,ኤጀንሲው ስለ ትዕዛዙ ማስጠንቀቂያ ዛሬ ማታ አውጥቷል።,Warning,4
2309,በዚህ ሳምንት በፖሊስ ጣቢያ ስብሰባ እናድርግ።,Suggestion,3
2310,እባክዎ ሰነዱን ለደንበኛው በዚህ ወር ይላኩልኝ።,Request,0
2312,ስለ ቡናው ከነጋዴው ጋር ማሰብ ይኖርብናል።,Suggestion,3
2313,መሐንዲሱ፣ እንደምን አደርክ ነገ?,Phatic,7
2314,እንኳን ደስ አለህ ስራ አስኪያጁ ከአንድ ሰዓት በኋላ።,Phatic,7
2316,ደንበኛው ወደ አውሮፕላን ማረፊያ ከጥቂት ደቂቃዎች በኋላ ሄደዋል።,Assertion,1
2318,አለቃዬ ወደ ባንክ ከሰዓት በኋላ ሄደዋል።,Assertion,1
2319,አዎ በርግጥ፣ የባንኩ እቅድ በበሚቀጥለው አመት በጭራሽ አይከሽፍም።,Sarcasm/Irony,5
2321,የፕሮጀክቱ ችግር በሳምንቱ መጨረሻ ከዶክተሩ ጋር እፈታለሁ።,Promise,8
2322,ከዶክተሩ ጋር ስለ ቦርሳው ጉዳይ መስማማት አልችልም።,Refusal,2
2323,ይቅርታ፣ ደብዳቤውን ዛሬ ማታ ማድረግ አልችልም።,Refusal,2
2325,መንግስት ስለ ማሽኑ ማስጠንቀቂያ ዛሬ ማታ አውጥቷል።,Warning,4
2326,እባክህ ለማሽኑ ይህን ዘዴ በዚህ አመት ተጠቀም።,Suggestion,3
2327,ደህና ከአንድ ሰዓት በኋላ ይሁንልህ ደንበኛው።,Phatic,7
2328,ጎበዝ ስራ ደንበኛው፣ ደረሰኙ ሙሉ በሙሉ ፈርሷል።,Sarcasm/Irony,5
2331,በጣም ብልህ ነህ መሐንዲሱ፣ ልብሱን ረሳኸው።,Sarcasm/Irony,5
2332,እባክዎ ቡናውን ለስራ አስኪያጁ በዚህ ወር ይላኩልኝ።,Request,0
2333,ጎበዝ! በጣም ጥሩ ስራ ሰራህ መሐንዲሱ፣ ካርታውን አበላሸኸው።,Sarcasm/Irony,5
2334,የልብሱ ችግር ከአንድ ሰዓት በኋላ ከነጋዴው ጋር እፈታለሁ።,Promise,8
2336,ነጋዴው ወደ ሆስፒታል ከምሽቱ ጀምሮ ሄደዋል።,Assertion,1
2339,ስለ በሩ ከአለቃዬ ጋር ማሰብ ይኖርብናል።,Suggestion,3
2341,አዎ በርግጥ፣ የማህበሩ እቅድ በበዚህ ወር በጭራሽ አይከሽፍም።,Sarcasm/Irony,5
2342,የደብዳቤው ወጪውን በመጋዘን ብንቀንስ የተሻለ ነው።,Suggestion,3
2343,እባክዎ ይቅርታ፣ ጥያቄውን ነገ ከሰዓት በኋላ ማቅረብ አልችልም።,Refusal,2
2344,የውሃው ችግር ከምሽቱ ጀምሮ ከመሐንዲሱ ጋር እፈታለሁ።,Promise,8
2345,ይቅርታ፣ መኪናውን ከሁለት ቀናት በኋላ ማድረግ አልችልም።,Refusal,2
2346,ማዕከሉ ስለ ውሉ ማስጠንቀቂያ ከምሽቱ ጀምሮ አውጥቷል።,Warning,4
2347,ሰላም ጋዜጠኛው፣ ነገ ከሰዓት በኋላ እንዴት ነህ?,Phatic,7
2348,ኤጀንሲው ስለ ደብዳቤው ማስጠንቀቂያ በሚቀጥለው አመት አውጥቷል።,Warning,4
2349,እንዴት ደስ ይላል፣ ባልደረባዬ እንደገና በዚህ ወር ዘገዩ።,Sarcasm/Irony,5
2350,የገንዘቡ ችግር ከዛሬ ጀምሮ ከደንበኛው ጋር እፈታለሁ።,Promise,8
2351,ቁልፉ ገና ወደ ትምህርት ቤት ዛሬ አልደረሰኝም።,Complaint,6
2353,ሹፌሩ ወደ ሱቅ ከሶስት ሰዓት በኋላ ሄደዋል።,Assertion,1
2354,አስተማሪዋ ወደ ከተማው ውስጥ በሚቀጥለው ሳምንት ሄደዋል።,Assertion,1
2356,እንዴት ጎበዝ ነህ ሚኒስትሩ፣ መስኮቱን ሰብረኸዋል!,Sarcasm/Irony,5
2357,ማህበሩ ስለ ገንዘቡ ማስጠንቀቂያ ከሶስት ሰዓት በኋላ አውጥቷል።,Warning,4
2358,ጎበዝ ስራ አለቃዬ፣ ገንዘቡ ሙሉ በሙሉ ፈርሷል።,Sarcasm/Irony,5
2359,የመሳሪያው ችግር ዛሬ ከባልደረባዬ ጋር እፈታለሁ።,Promise,8
2360,መልእክቱ ገና ወደ መጋዘን ከምሽቱ ጀምሮ አልደረሰኝም።,Complaint,6
2361,ሂሳቡ ገና ወደ መንገድ ላይ በሚቀጥለው አመት አልደረሰኝም።,Complaint,6
2364,እባክዎ ቤቱን ለዶክተሩ በዚህ አመት ይላኩልኝ።,Request,0
2365,ከምሽቱ ጀምሮ በፖሊስ ጣቢያ ስብሰባ እናድርግ።,Suggestion,3
2366,ይቅርታ፣ ቁልፉን ከሁለት ቀናት በኋላ ማድረግ አልችልም።,Refusal,2
2367,የቁልፉ ችግር በዚህ ወር ከሹፌሩ ጋር እፈታለሁ።,Promise,8
2370,የልብሱ ዋጋውን ከጥቂት ደቂቃዎች በኋላ ብንቀንስ ደንበኞች ይጨምራሉ።,Suggestion,3
2371,እባክህ ለኮምፒዩተሩ ይህን ዘዴ ከጥቂት ደቂቃዎች በኋላ ተጠቀም።,Suggestion,3
2372,ነጋዴው ወደ መንገድ ላይ ከጥቂት ደቂቃዎች በኋላ ሄደዋል።,Assertion,1
2374,የሪፖርቱ ዋጋውን በሚቀጥለው ሳምንት ብንቀንስ ደንበኞች ይጨምራሉ።,Suggestion,3
2376,መሐንዲሱ ወደ ገበያ በሚቀጥለው አመት ሄደዋል።,Assertion,1
2377,ድርጅቱ ስለ ካርታው ማስጠንቀቂያ ከሶስት ሰዓት በኋላ አውጥቷል።,Warning,4
2378,እባክዎ ማሽኑን ለመምህሩ በዚህ ሳምንት ይላኩልኝ።,Request,0
2380,ጠበቃው ወደ ቤት ነገ ሄደዋል።,Assertion,1
2381,እባክዎ ሪፖርቱን ለመምህሩ በሳምንቱ መጨረሻ ይላኩልኝ።,Request,0
2382,የዕቃው ችግር ከአንድ ሰዓት በኋላ ከፖሊሱ ጋር እፈታለሁ።,Promise,8
2384,እንኳን ደስ አለህ ጓደኛዬ፣ ስለ መጽሐፉ እንደገና ተሳስተሃል።,Sarcasm/Irony,5
2388,እባክዎ ይቅርታ፣ ጥያቄውን ዛሬ ማቅረብ አልችልም።,Refusal,2
2390,ደህና ሁን ባልደረባዬ፣ እስከ በሚቀጥለው አመት እንገናኝ።,Phatic,7
2391,ስልኩ ገና ወደ መንገድ ላይ በዚህ ሳምንት አልደረሰኝም።,Complaint,6
2392,የዕቃው ችግር ከሁለት ቀናት በኋላ ከአለቃዬ ጋር እፈታለሁ።,Promise,8
2394,እባክዎ ይቅርታ፣ ቡናውን ነገ ከሰዓት በኋላ ማቅረብ አልችልም።,Refusal,2
2395,ጤና ይስጥልኝ ባልደረባዬ፣ ከሶስት ሰዓት በኋላ ደህና ነህ?,Phatic,7
2396,ከአስተማሪዋ ጋር ስለ ካርታው ጉዳይ መስማማት አልችልም።,Refusal,2
2397,እንኳን ደስ አለህ ጓደኛዬ፣ ስለ ሪፖርቱ እንደገና ተሳስተሃል።,Sarcasm/Irony,5
2398,የውሃው ችግር ዛሬ ከጠበቃው ጋር እፈታለሁ።,Promise,8
2399,እባክዎ ይቅርታ፣ ፋይሉን በሚቀጥለው አመት ማቅረብ አልችልም።,Refusal,2
2400,እንኳን ደስ አለህ ሹፌሩ፣ ስለ ትዕዛዙ እንደገና ተሳስተሃል።,Sarcasm/Irony,5
2404,መሳሪያው ገና ወደ ፋብሪካ በዚህ አመት አልደረሰኝም።,Complaint,6
2407,እንኳን ደስ አለህ ዶክተሩ ከአንድ ሰዓት በኋላ።,Phatic,7
2408,እባክዎ ቁልፉን ለሚኒስትሩ በሚቀጥለው አመት ይላኩልኝ።,Request,0
2410,የገንዘቡ ችግር በዚህ አመት ከመምህሩ ጋር እፈታለሁ።,Promise,8
2412,የስልኩ ችግር ነገ ጠዋት ከመሐንዲሱ ጋር እፈታለሁ።,Promise,8
2413,ስለ ካርታው ጉዳይ ከመምህሩ ጋር እንወያይ።,Suggestion,3
2414,የቤቱ ችግር በስብሰባው ወቅት ከመሐንዲሱ ጋር እፈታለሁ።,Promise,8
2416,ባንኩ ስለ ስልኩ ማስጠንቀቂያ በዚህ ሳምንት አውጥቷል።,Warning,4
2419,ከአስተማሪዋ ጋር ስለ ልብሱ ጉዳይ መስማማት አልችልም።,Refusal,2
2421,ነገ ጠዋት በባንክ ስብሰባ እናድርግ።,Suggestion,3
2422,ኤጀንሲው ስለ ውሃው ማስጠንቀቂያ በዚህ ወር አውጥቷል።,Warning,4
2423,አለቃዬ ወደ መጋዘን ከምሽቱ ጀምሮ ሄደዋል።,Assertion,1
2424,ጎበዝ! በጣም ጥሩ ስራ ሰራህ መሐንዲሱ፣ መሳሪያውን አበላሸኸው።,Sarcasm/Irony,5
2425,ሹፌሩ፣ ጤና ይስጥልኝ በባንክ።,Phatic,7
2426,ቁልፉን ከሁለት ቀናት በኋላ ብንሞክር ጥሩ ይሆናል።,Suggestion,3
2427,እባክዎ ውሃውን ለፖሊሱ ከጥቂት ደቂቃዎች በኋላ ይላኩልኝ።,Request,0
2428,እባክዎ ፋይሉን ለአስተማሪዋ ነገ ይላኩልኝ።,Request,0
2429,ቢያንስ አንዴ ጥያቄውን በሆስፒታል እንሞክር።,Suggestion,3
2430,እባክዎ ደብዳቤውን ለፖሊሱ በሚቀጥለው ሳምንት ይላኩልኝ።,Request,0
2431,አለቃዬ፣ ጤና ይስጥልኝ በሱቅ።,Phatic,7
2433,እባክዎ መሳሪያውን ለመምህሩ ከሶስት ሰዓት በኋላ ይላኩልኝ።,Request,0
2434,ደብዳቤውን በዚህ ወር ብንሞክር ጥሩ ይሆናል።,Suggestion,3
2435,አዎ በርግጥ፣ የማዕከሉ እቅድ በነገ ጠዋት በጭራሽ አይከሽፍም።,Sarcasm/Irony,5
2436,ባንኩ ስለ ውሃው ማስጠንቀቂያ ዛሬ አውጥቷል።,Warning,4
2437,በሚቀጥለው ሳምንት በአውሮፕላን ማረፊያ ስብሰባ እናድርግ።,Suggestion,3
2438,ስቱዲዮው ስለ ትዕዛዙ ማስጠንቀቂያ ከዛሬ ጀምሮ አውጥቷል።,Warning,4
2439,የሰነዱ ችግር ነገ ጠዋት ከፖሊሱ ጋር እፈታለሁ።,Promise,8
2441,እባክህ ለስልኩ ይህን ዘዴ በሚቀጥለው አመት ተጠቀም።,Suggestion,3
2442,እባክዎ ትዕዛዙን ለመሐንዲሱ ከሰዓት በኋላ ይላኩልኝ።,Request,0
2443,እባክዎ መሳሪያውን ለባልደረባዬ ከሁለት ቀናት በኋላ ይላኩልኝ።,Request,0
2445,ይህን ዕቃውን ከጠበቃው መቀበል አልችልም።,Refusal,2
2446,አስተማሪዋ ወደ መጋዘን ከምሽቱ ጀምሮ ሄደዋል።,Assertion,1
2447,መሐንዲሱ ወደ ቢሮ ከአንድ ሰዓት በኋላ ሄደዋል።,Assertion,1
2448,እባክዎ መጽሐፉን ለሚኒስትሩ ከሁለት ቀናት በኋላ ይላኩልኝ።,Request,0
2449,እባክዎ ይቅርታ፣ ስልኩን ዛሬ ማታ ማቅረብ አልችልም።,Refusal,2
2451,ጎበዝ! በጣም ጥሩ ስራ ሰራህ ነጋዴው፣ ደረሰኙን አበላሸኸው።,Sarcasm/Irony,5
2452,እንኳን ደስ አለህ ፖሊሱ፣ ስለ ካርታው እንደገና ተሳስተሃል።,Sarcasm/Irony,5
2453,ደህና ነገ ጠዋት ይሁንልህ ጋዜጠኛው።,Phatic,7
2454,እባክዎ ይቅርታ፣ መጽሐፉን ከሰዓት በኋላ ማቅረብ አልችልም።,Refusal,2
2455,የኮምፒዩተሩ ችግር ዛሬ ከሚኒስትሩ ጋር እፈታለሁ።,Promise,8
2457,የዕቃው ችግር በዚህ ወር ከሚኒስትሩ ጋር እፈታለሁ።,Promise,8
2458,ጎበዝ ስራ ባልደረባዬ፣ ካርታው ሙሉ በሙሉ ፈርሷል።,Sarcasm/Irony,5
2459,እንኳን ደስ አለህ መምህሩ፣ ስለ ትዕዛዙ እንደገና ተሳስተሃል።,Sarcasm/Irony,5
2460,ማሽኑን ከሶስት ሰዓት በኋላ ብንሞክር ጥሩ ይሆናል።,Suggestion,3
2463,ነገ ከሰዓት በኋላ በሆስፒታል ስብሰባ እናድርግ።,Suggestion,3
2465,ማህበሩ ስለ ደብዳቤው ማስጠንቀቂያ ዛሬ ማታ አውጥቷል።,Warning,4
2466,የሰነዱ ችግር ከዛሬ ጀምሮ ከአለቃዬ ጋር እፈታለሁ።,Promise,8
2467,ማሽኑ ገና ወደ መንገድ ላይ በሚቀጥለው ሳምንት አልደረሰኝም።,Complaint,6
2469,ደብዳቤው ገና ወደ ቤት ዛሬ ማታ አልደረሰኝም።,Complaint,6
2470,ጋዜጠኛው ወደ ፖሊስ ጣቢያ በስብሰባው ወቅት ሄደዋል።,Assertion,1
2472,ከአንድ ሰዓት በኋላ ወደ ቢሮ እመጣለሁ።,Promise,8
2475,ጠበቃው ወደ መንገድ ላይ ከምሽቱ ጀምሮ ሄደዋል።,Assertion,1
2476,ቢያንስ አንዴ ዕቃውን በቢሮ እንሞክር።,Suggestion,3
2477,ጤና ይስጥልኝ ደንበኛው፣ ከሶስት ሰዓት በኋላ ደህና ነህ?,Phatic,7
2479,ከዛሬ ጀምሮ በፖሊስ ጣቢያ ስብሰባ እናድርግ።,Suggestion,3
2481,ደህና ከሶስት ሰዓት በኋላ ይሁንልህ ዶክተሩ።,Phatic,7
2483,ውሃው ገና ወደ ገበያ ከምሽቱ ጀምሮ አልደረሰኝም።,Complaint,6
2484,ደህና ሁን ጋዜጠኛው፣ እስከ ከሁለት ቀናት በኋላ እንገናኝ።,Phatic,7
2485,ከሶስት ሰዓት በኋላ በመንገድ ላይ ስብሰባ እናድርግ።,Suggestion,3
2487,ፋይሉ ገና ወደ መጋዘን ከአንድ ሰዓት በኋላ አልደረሰኝም።,Complaint,6
2488,የምርቱ ችግር በሚቀጥለው ወር ከመምህሩ ጋር እፈታለሁ።,Promise,8
2489,ሰላም ሹፌሩ፣ ከሁለት ቀናት በኋላ እንዴት ነህ?,Phatic,7
2493,እባክዎ ሂሳቡን ለስራ አስኪያጁ በዚህ ወር ይላኩልኝ።,Request,0
2495,የውሉ ዋጋውን ዛሬ ብንቀንስ ደንበኞች ይጨምራሉ።,Suggestion,3
2496,ሂሳቡ ገና ወደ ከተማው ውስጥ ከሰዓት በኋላ አልደረሰኝም።,Complaint,6
2498,እቅዱን ከጥቂት ደቂቃዎች በኋላ ከስቱዲዮው ጋር እናሻሽል።,Suggestion,3
2502,እንኳን ደስ አለህ ጠበቃው፣ ስለ ውሃው እንደገና ተሳስተሃል።,Sarcasm/Irony,5
2503,ከደንበኛው ጋር ስለ ትዕዛዙ ጉዳይ መስማማት አልችልም።,Refusal,2
2504,ባንኩ ስለ ቤቱ ማስጠንቀቂያ ከሶስት ሰዓት በኋላ አውጥቷል።,Warning,4
2506,ሰላም ሚኒስትሩ፣ በሚቀጥለው አመት እንዴት ነህ?,Phatic,7
2507,እንዴት ጎበዝ ነህ ጋዜጠኛው፣ ፋይሉን ሰብረኸዋል!,Sarcasm/Irony,5
2508,ቢያንስ አንዴ ካርታውን በመጋዘን እንሞክር።,Suggestion,3
2510,እባክህ ለቁልፉ ይህን ዘዴ ከምሽቱ ጀምሮ ተጠቀም።,Suggestion,3
2512,ይህን ውሃውን ከፖሊሱ መቀበል አልችልም።,Refusal,2
2513,የጥያቄው ችግር በሚቀጥለው ሳምንት ከደንበኛው ጋር እፈታለሁ።,Promise,8
2515,እንዴት ደስ ይላል፣ አለቃዬ እንደገና በስብሰባው ወቅት ዘገዩ።,Sarcasm/Irony,5
2516,ደህና ሁን ጠበቃው፣ እስከ በሚቀጥለው ሳምንት እንገናኝ።,Phatic,7
2517,ፋብሪካው ስለ ውሃው ማስጠንቀቂያ በዚህ አመት አውጥቷል።,Warning,4
2518,እባክህ ለቤቱ ይህን ዘዴ ከሁለት ቀናት በኋላ ተጠቀም።,Suggestion,3
2519,ትዕዛዙ ገና ወደ ትምህርት ቤት በሚቀጥለው ወር አልደረሰኝም።,Complaint,6
2520,ቁልፉ ገና ወደ ባንክ ከጥቂት ደቂቃዎች በኋላ አልደረሰኝም።,Complaint,6
2522,የውሉ ችግር ከጥቂት ደቂቃዎች በኋላ ከጓደኛዬ ጋር እፈታለሁ።,Promise,8
2524,የካርታው ችግር በሚቀጥለው ሳምንት ከሹፌሩ ጋር እፈታለሁ።,Promise,8
2525,የፕሮጀክቱ ችግር ከሰዓት በኋላ ከጋዜጠኛው ጋር እፈታለሁ።,Promise,8
2526,ስቱዲዮው ስለ ደረሰኙ ማስጠንቀቂያ በሚቀጥለው ሳምንት አውጥቷል።,Warning,4
2527,ደንበኛው ወደ ሆስፒታል በሚቀጥለው ሳምንት ሄደዋል።,Assertion,1
2528,ጓደኛዬ ወደ ትምህርት ቤት በሚቀጥለው ሳምንት ሄደዋል።,Assertion,1
2531,አለቃዬ ወደ ሱቅ ዛሬ ማታ ሄደዋል።,Assertion,1
2533,የፕሮጀክቱ ችግር ከዛሬ ጀምሮ ከጠበቃው ጋር እፈታለሁ።,Promise,8
2535,እባክዎ በሩን ለፖሊሱ ከሁለት ቀናት በኋላ ይላኩልኝ።,Request,0
2536,እባክዎ ማሽኑን ለመምህሩ ከአንድ ሰዓት በኋላ ይላኩልኝ።,Request,0
2539,እንኳን ደስ አለህ ዶክተሩ በሳምንቱ መጨረሻ።,Phatic,7
2541,ደህና ሁን ዶክተሩ፣ እስከ በዚህ ወር እንገናኝ።,Phatic,7
2543,ሚኒስትሩ ወደ ፍርድ ቤት በሚቀጥለው ወር ሄደዋል።,Assertion,1
2546,መምህሩ፣ እንደምን አደርክ በዚህ ወር?,Phatic,7
2547,እባክዎ ኮምፒዩተሩን ለሹፌሩ ዛሬ ይላኩልኝ።,Request,0
2548,የዕቃው ዋጋውን በዚህ ወር ብንቀንስ ደንበኞች ይጨምራሉ።,Suggestion,3
2549,የማሽኑ ወጪውን በፋብሪካ ብንቀንስ የተሻለ ነው።,Suggestion,3
2550,አመሰግናለሁ ጓደኛዬ፣ ደህና ዋል በስብሰባ ክፍል።,Phatic,7
2551,የመኪናው ገመድ በቤት አደገኛ ነው ተጠንቀቁ።,Warning,4
2552,ደህና ሁን ጋዜጠኛው፣ እስከ ዛሬ ማታ እንገናኝ።,Phatic,7
2553,ጎበዝ ስራ ነጋዴው፣ ምርቱ ሙሉ በሙሉ ፈርሷል።,Sarcasm/Irony,5
2554,አዎ በርግጥ፣ የስቱዲዮው እቅድ በከምሽቱ ጀምሮ በጭራሽ አይከሽፍም።,Sarcasm/Irony,5
2555,እባክዎ ሪፖርቱን ለአለቃዬ ነገ ጠዋት ይላኩልኝ።,Request,0
2556,እሰይ፣ ሌላ ችግር በፖሊስ ጣቢያ ነገ ከሰዓት በኋላ፣ ልክ የሚያስፈልገን ይሄው ነበር።,Sarcasm/Irony,5
2557,ይቅርታ፣ መልእክቱን በሚቀጥለው አመት ማድረግ አልችልም።,Refusal,2
2560,አለቃዬ ወደ ፋብሪካ ከሁለት ቀናት በኋላ ሄደዋል።,Assertion,1
2561,ድርጅቱ ስለ ትዕዛዙ ማስጠንቀቂያ በሳምንቱ መጨረሻ አውጥቷል።,Warning,4
2563,እንዴት ጎበዝ ነህ ዶክተሩ፣ ውሉን ሰብረኸዋል!,Sarcasm/Irony,5
2564,ይቅርታ፣ ደረሰኙን ከሁለት ቀናት በኋላ ማድረግ አልችልም።,Refusal,2
2565,ማህበሩ ስለ መኪናው ማስጠንቀቂያ ከምሽቱ ጀምሮ አውጥቷል።,Warning,4
2566,እቅዱን ከምሽቱ ጀምሮ ከባንኩ ጋር እናሻሽል።,Suggestion,3
2567,እባክዎ ጥያቄውን ለጠበቃው ከሶስት ሰዓት በኋላ ይላኩልኝ።,Request,0
2568,ቁልፉ ገና ወደ ቤት በሳምንቱ መጨረሻ አልደረሰኝም።,Complaint,6
2569,የምርቱ ገመድ በመጋዘን አደገኛ ነው ተጠንቀቁ።,Warning,4
2572,የሪፖርቱ ችግር ከጥቂት ደቂቃዎች በኋላ ከመሐንዲሱ ጋር እፈታለሁ።,Promise,8
2574,በጣም ብልህ ነህ መምህሩ፣ መሳሪያውን ረሳኸው።,Sarcasm/Irony,5
2575,ጎበዝ! በጣም ጥሩ ስራ ሰራህ ስራ አስኪያጁ፣ ሂሳቡን አበላሸኸው።,Sarcasm/Irony,5
2576,ፕሮጀክቱ ገና ወደ ባንክ በዚህ አመት አልደረሰኝም።,Complaint,6
2577,ደንበኛው፣ ጤና ይስጥልኝ በፍርድ ቤት።,Phatic,7
2579,እባክዎ ዕቃውን ለአለቃዬ ነገ ከሰዓት በኋላ ይላኩልኝ።,Request,0
2580,ቡናው ገና ወደ ከተማው ውስጥ ከሁለት ቀናት በኋላ አልደረሰኝም።,Complaint,6
2581,እባክዎ ፕሮጀክቱን ለአለቃዬ ዛሬ ማታ ይላኩልኝ።,Request,0
2582,ይህን ቁልፉን ከደንበኛው መቀበል አልችልም።,Refusal,2
2584,ድርጅቱ ስለ ሪፖርቱ ማስጠንቀቂያ በዚህ አመት አውጥቷል።,Warning,4
2585,ዶክተሩ ወደ አውሮፕላን ማረፊያ ከዛሬ ጀምሮ ሄደዋል።,Assertion,1
2586,ኤጀንሲው ስለ ቤቱ ማስጠንቀቂያ በዚህ ወር አውጥቷል።,Warning,4
2587,እባክዎ ሂሳቡን ለመምህሩ ከጥቂት ደቂቃዎች በኋላ ይላኩልኝ።,Request,0
2588,ፋብሪካ ከሶስት ሰዓት በኋላ ተከፍቷል።,Assertion,1
2589,እባክዎ መልእክቱን ለባልደረባዬ ዛሬ ይላኩልኝ።,Request,0
2590,ኮምፒዩተሩን በጥንቃቄ ለመሐንዲሱ እይዛለሁ።,Promise,8
2591,ካርታውን ነገ ከሰዓት በኋላ ብንሞክር ጥሩ ይሆናል።,Suggestion,3
2593,መሐንዲሱ ወደ ፖሊስ ጣቢያ ከሁለት ቀናት በኋላ ሄደዋል።,Assertion,1
2594,ባልደረባዬ ወደ ቢሮ ነገ ሄደዋል።,Assertion,1
2595,ነጋዴው ወደ መጋዘን ከሁለት ቀናት በኋላ ሄደዋል።,Assertion,1
2596,እንዴት ደስ ይላል፣ መሐንዲሱ እንደገና ዛሬ ማታ ዘገዩ።,Sarcasm/Irony,5
2597,ደህና እደር ጠበቃው፣ ዛሬ ማታ እንገናኝ።,Phatic,7
2598,ሂሳቡን ከጥቂት ደቂቃዎች በኋላ ብንሞክር ጥሩ ይሆናል።,Suggestion,3
2599,እንዴት ጎበዝ ነህ ፖሊሱ፣ መጽሐፉን ሰብረኸዋል!,Sarcasm/Irony,5
2600,ጓደኛዬ ወደ አውሮፕላን ማረፊያ ከዛሬ ጀምሮ ሄደዋል።,Assertion,1
2601,የመኪናው ችግር ነገ ከጠበቃው ጋር እፈታለሁ።,Promise,8
2602,ፋይሉ ገና ወደ መንገድ ላይ ከሶስት ሰዓት በኋላ አልደረሰኝም።,Complaint,6
2603,ጥንቃቄ ያድርጉ፣ በዚህ ወር ሱቅ ይንሸራተታል።,Warning,4
2604,ትዕዛዙን ከአንድ ሰዓት በኋላ ብንሞክር ጥሩ ይሆናል።,Suggestion,3
2605,የደብዳቤው ችግር ከሰዓት በኋላ ከሚኒስትሩ ጋር እፈታለሁ።,Promise,8
2606,መልእክቱ ገና ወደ ቤት ከሁለት ቀናት በኋላ አልደረሰኝም።,Complaint,6
2607,ኤጀንሲው ስለ ቁልፉ ማስጠንቀቂያ በዚህ አመት አውጥቷል።,Warning,4
2608,እባክዎ መስኮቱን ለዶክተሩ በሚቀጥለው ወር ይላኩልኝ።,Request,0
2610,ፍርድ ቤት በስብሰባው ወቅት ተከፍቷል።,Assertion,1
2611,መምህሩ ወደ መጋዘን ከዛሬ ጀምሮ ሄደዋል።,Assertion,1
2612,እባክዎ ይቅርታ፣ ጥያቄውን ከጥቂት ደቂቃዎች በኋላ ማቅረብ አልችልም።,Refusal,2
2613,በጣም ደግ ነህ መምህሩ፣ በስብሰባ ክፍል ምንም እርዳታ አልሰጠኸኝም።,Sarcasm/Irony,5
2614,ደህና ሁን ፖሊሱ፣ እስከ በስብሰባው ወቅት እንገናኝ።,Phatic,7
2619,እባክዎ በሩን ለፖሊሱ በሚቀጥለው ወር ይላኩልኝ።,Request,0
2621,ባንኩ ስለ መሳሪያው ማስጠንቀቂያ ከምሽቱ ጀምሮ አውጥቷል።,Warning,4
2622,እባክዎ ሰነዱን ለጓደኛዬ ከአንድ ሰዓት በኋላ ይላኩልኝ።,Request,0
2623,የሪፖርቱ ችግር ከሰዓት በኋላ ከጋዜጠኛው ጋር እፈታለሁ።,Promise,8
2624,ይቅርታ፣ ቦርሳውን ነገ ከሰዓት በኋላ ማድረግ አልችልም።,Refusal,2
2626,አዎ በርግጥ፣ የድርጅቱ እቅድ በበሚቀጥለው ሳምንት በጭራሽ አይከሽፍም።,Sarcasm/Irony,5
2627,ደህና እደር ዶክተሩ፣ ከዛሬ ጀምሮ እንገናኝ።,Phatic,7
2628,የዕቃው ወጪውን በቢሮ ብንቀንስ የተሻለ ነው።,Suggestion,3
2630,እባክዎ ቦርሳውን ለባልደረባዬ በዚህ ወር ይላኩልኝ።,Request,0
2631,ጎበዝ! በጣም ጥሩ ስራ ሰራህ ጓደኛዬ፣ ገንዘቡን አበላሸኸው።,Sarcasm/Irony,5
2632,እባክዎ ይቅርታ፣ ሰነዱን በስብሰባው ወቅት ማቅረብ አልችልም።,Refusal,2
2633,ውሉ ገና ወደ ፖሊስ ጣቢያ በሚቀጥለው ሳምንት አልደረሰኝም።,Complaint,6
2634,እባክዎ ሰነዱን ለፖሊሱ ነገ ከሰዓት በኋላ ይላኩልኝ።,Request,0
2635,ይቅርታ፣ ሰነዱን ከምሽቱ ጀምሮ ማድረግ አልችልም።,Refusal,2
2636,እባክዎ ዕቃውን ለሚኒስትሩ ከአንድ ሰዓት በኋላ ይላኩልኝ።,Request,0
2638,ማህበሩ ስለ ስጦታው ማስጠንቀቂያ ከዛሬ ጀምሮ አውጥቷል።,Warning,4
2639,በሩ ገና ወደ ሆስፒታል ዛሬ ማታ አልደረሰኝም።,Complaint,6
2640,እባክዎ ዕቃውን ለዶክተሩ በዚህ አመት ይላኩልኝ።,Request,0
2641,መሐንዲሱ ወደ አውሮፕላን ማረፊያ ዛሬ ሄደዋል።,Assertion,1
2642,አለቃዬ ወደ ቢሮ ከዛሬ ጀምሮ ሄደዋል።,Assertion,1
2643,ጎበዝ! በጣም ጥሩ ስራ ሰራህ ባልደረባዬ፣ ፕሮጀክቱን አበላሸኸው።,Sarcasm/Irony,5
2644,እንዴት ጎበዝ ነህ ባልደረባዬ፣ መልእክቱን ሰብረኸዋል!,Sarcasm/Irony,5
2645,እባክዎ መስኮቱን ለአለቃዬ ከጥቂት ደቂቃዎች በኋላ ይላኩልኝ።,Request,0
2647,ደህና እደር ደንበኛው፣ ነገ ከሰዓት በኋላ እንገናኝ።,Phatic,7
2648,እባክዎ ይቅርታ፣ ቁልፉን ነገ ከሰዓት በኋላ ማቅረብ አልችልም።,Refusal,2
2649,እባክዎ ማሽኑን ለባልደረባዬ ከሁለት ቀናት በኋላ ይላኩልኝ።,Request,0
2650,ስለ ዕቃው ከሚኒስትሩ ጋር ማሰብ ይኖርብናል።,Suggestion,3
2653,ይቅርታ፣ ቤቱን ከሰዓት በኋላ ማድረግ አልችልም።,Refusal,2
2655,እባክዎ ሂሳቡን ለጋዜጠኛው ከጥቂት ደቂቃዎች በኋላ ይላኩልኝ።,Request,0
2656,ደህና ዛሬ ይሁንልህ ጋዜጠኛው።,Phatic,7
2658,መኪናው ገና ወደ አውሮፕላን ማረፊያ በስብሰባው ወቅት አልደረሰኝም።,Complaint,6
2659,ደህና እደር ጠበቃው፣ ዛሬ እንገናኝ።,Phatic,7
2660,የመጽሐፉ ችግር በሚቀጥለው አመት ከባልደረባዬ ጋር እፈታለሁ።,Promise,8
2663,የሰነዱ ዋጋውን ከጥቂት ደቂቃዎች በኋላ ብንቀንስ ደንበኞች ይጨምራሉ።,Suggestion,3
2664,ጋዜጠኛው ወደ ባንክ ነገ ጠዋት ሄደዋል።,Assertion,1
2665,እባክህ ለመኪናው ይህን ዘዴ በዚህ ወር ተጠቀም።,Suggestion,3
2670,ጎበዝ! በጣም ጥሩ ስራ ሰራህ አስተማሪዋ፣ ሰነዱን አበላሸኸው።,Sarcasm/Irony,5
2672,መሳሪያው ገና ወደ ስብሰባ ክፍል ከሶስት ሰዓት በኋላ አልደረሰኝም።,Complaint,6
2673,ጤና ይስጥልኝ ጓደኛዬ፣ ከአንድ ሰዓት በኋላ ደህና ነህ?,Phatic,7
2674,እባክዎ ቡናውን ለስራ አስኪያጁ በሚቀጥለው አመት ይላኩልኝ።,Request,0
2675,የመሳሪያው ዋጋውን ከሰዓት በኋላ ብንቀንስ ደንበኞች ይጨምራሉ።,Suggestion,3
2677,በጣም ደግ ነህ አስተማሪዋ፣ በቤት ምንም እርዳታ አልሰጠኸኝም።,Sarcasm/Irony,5
2678,እንዴት ደስ ይላል፣ ሚኒስትሩ እንደገና ከሁለት ቀናት በኋላ ዘገዩ።,Sarcasm/Irony,5
2679,እባክዎ ይቅርታ፣ ደብዳቤውን ከአንድ ሰዓት በኋላ ማቅረብ አልችልም።,Refusal,2
2680,አመሰግናለሁ ፖሊሱ፣ ደህና ዋል በአውሮፕላን ማረፊያ።,Phatic,7
2681,እባክዎ ይቅርታ፣ ቤቱን በዚህ ወር ማቅረብ አልችልም።,Refusal,2
2682,እባክዎ ሂሳቡን ለዶክተሩ ከዛሬ ጀምሮ ይላኩልኝ።,Request,0
2683,እባክዎ ገንዘቡን ለጠበቃው በዚህ አመት ይላኩልኝ።,Request,0
2684,ቦርሳው ገና ወደ ትምህርት ቤት ከሁለት ቀናት በኋላ አልደረሰኝም።,Complaint,6
2685,ማዕከሉ ስለ ጥያቄው ማስጠንቀቂያ በዚህ ሳምንት አውጥቷል።,Warning,4
2686,የቡናው ችግር ከሰዓት በኋላ ከነጋዴው ጋር እፈታለሁ።,Promise,8
2687,መጽሐፉ ገና ወደ ፍርድ ቤት በስብሰባው ወቅት አልደረሰኝም።,Complaint,6
2689,ዕቃው ገና ወደ ገበያ በሚቀጥለው አመት አልደረሰኝም።,Complaint,6
2690,ድርጅቱ ስለ ምርቱ ማስጠንቀቂያ በዚህ አመት አውጥቷል።,Warning,4
2691,ጤና ይስጥልኝ ዶክተሩ፣ በዚህ ሳምንት ደህና ነህ?,Phatic,7
2692,እንዴት ጎበዝ ነህ ጓደኛዬ፣ ካርታውን ሰብረኸዋል!,Sarcasm/Irony,5
2693,ኩባንያው ስለ በሩ ማስጠንቀቂያ ከሶስት ሰዓት በኋላ አውጥቷል።,Warning,4
2694,እንኳን ደስ አለህ ሚኒስትሩ በዚህ ወር።,Phatic,7
2695,ሚኒስቴሩ ስለ ቦርሳው ማስጠንቀቂያ በሚቀጥለው ሳምንት አውጥቷል።,Warning,4
2700,እባክዎ ገንዘቡን ለአለቃዬ ከሰዓት በኋላ ይላኩልኝ።,Request,0
2703,እባክዎ ሪፖርቱን ለሹፌሩ በዚህ ሳምንት ይላኩልኝ።,Request,0
2705,እባክዎ ይቅርታ፣ ቤቱን ነገ ከሰዓት በኋላ ማቅረብ አልችልም።,Refusal,2
2708,አለቃዬ ወደ ሱቅ ከሶስት ሰዓት በኋላ ሄደዋል።,Assertion,1
2709,ደረሰኙ ገና ወደ ገበያ በሚቀጥለው ሳምንት አልደረሰኝም።,Complaint,6
2712,መጽሐፉ ገና ወደ ፍርድ ቤት በዚህ ወር አልደረሰኝም።,Complaint,6
2713,ልብሱን ከምሽቱ ጀምሮ ብንሞክር ጥሩ ይሆናል።,Suggestion,3
2715,ደህና በዚህ አመት ይሁንልህ ሹፌሩ።,Phatic,7
2717,በሩ ገና ወደ ስብሰባ ክፍል ከጥቂት ደቂቃዎች በኋላ አልደረሰኝም።,Complaint,6
2718,ስቱዲዮው ስለ ትዕዛዙ ማስጠንቀቂያ ዛሬ ማታ አውጥቷል።,Warning,4
2720,ደህና ከሰዓት በኋላ ይሁንልህ አስተማሪዋ።,Phatic,7
2722,እባክዎ ውሉን ለነጋዴው ከዛሬ ጀምሮ ይላኩልኝ።,Request,0
2723,እባክዎ ማሽኑን ለመምህሩ ነገ ጠዋት ይላኩልኝ።,Request,0
2724,ኩባንያው ስለ ስጦታው ማስጠንቀቂያ ከጥቂት ደቂቃዎች በኋላ አውጥቷል።,Warning,4
2725,ጤና ይስጥልኝ ሹፌሩ፣ ዛሬ ደህና ነህ?,Phatic,7
2726,እባክዎ ይቅርታ፣ ልብሱን ከምሽቱ ጀምሮ ማቅረብ አልችልም።,Refusal,2
2727,ሰላም ነጋዴው፣ በዚህ ሳምንት እንዴት ነህ?,Phatic,7
2728,ከአለቃዬ ጋር ስለ ጥያቄው ጉዳይ መስማማት አልችልም።,Refusal,2
2729,እባክዎ ፋይሉን ለጓደኛዬ ነገ ከሰዓት በኋላ ይላኩልኝ።,Request,0
2730,ደህና ሁን ባልደረባዬ፣ እስከ በሳምንቱ መጨረሻ እንገናኝ።,Phatic,7
2731,እንኳን ደስ አለህ ጋዜጠኛው፣ ስለ ቤቱ እንደገና ተሳስተሃል።,Sarcasm/Irony,5
2733,እባክዎ ምርቱን ለጠበቃው ከሶስት ሰዓት በኋላ ይላኩልኝ።,Request,0
2734,ስለ ውሉ ጉዳይ ከጓደኛዬ ጋር እንወያይ።,Suggestion,3
2736,ደህና ከአንድ ሰዓት በኋላ ይሁንልህ ጓደኛዬ።,Phatic,7
2737,እንዴት ጎበዝ ነህ ስራ አስኪያጁ፣ ትዕዛዙን ሰብረኸዋል!,Sarcasm/Irony,5
2739,መሳሪያው ገና ወደ ትምህርት ቤት በሚቀጥለው ወር አልደረሰኝም።,Complaint,6
2740,በጣም ብልህ ነህ ነጋዴው፣ መልእክቱን ረሳኸው።,Sarcasm/Irony,5
2742,ፋብሪካው ስለ ገንዘቡ ማስጠንቀቂያ ነገ ጠዋት አውጥቷል።,Warning,4
2743,ይህን ውሉን ከአለቃዬ መቀበል አልችልም።,Refusal,2
2745,ሚኒስትሩ ወደ ፍርድ ቤት ነገ ጠዋት ሄደዋል።,Assertion,1
2746,በጣም ብልህ ነህ ባልደረባዬ፣ ሪፖርቱን ረሳኸው።,Sarcasm/Irony,5
2747,እባክዎ ገንዘቡን ለፖሊሱ ነገ ከሰዓት በኋላ ይላኩልኝ።,Request,0
2748,ጤና ይስጥልኝ አለቃዬ፣ ዛሬ ደህና ነህ?,Phatic,7
2749,ማሽኑ ገና ወደ ቢሮ ከሰዓት በኋላ አልደረሰኝም።,Complaint,6
2750,ከአንድ ሰዓት በኋላ በገበያ ስብሰባ እናድርግ።,Suggestion,3
2752,ሚኒስቴሩ ስለ ስጦታው ማስጠንቀቂያ ዛሬ አውጥቷል።,Warning,4
2753,እባክዎ ቤቱን ለመምህሩ በሚቀጥለው ወር ይላኩልኝ።,Request,0
2754,የዕቃው ችግር ከዛሬ ጀምሮ ከመሐንዲሱ ጋር እፈታለሁ።,Promise,8
2755,እሰይ፣ ሌላ ችግር በባንክ በሚቀጥለው አመት፣ ልክ የሚያስፈልገን ይሄው ነበር።,Sarcasm/Irony,5
2757,ኤጀንሲው ስለ ሪፖርቱ ማስጠንቀቂያ ከሶስት ሰዓት በኋላ አውጥቷል።,Warning,4
2759,በጣም ብልህ ነህ አስተማሪዋ፣ ሪፖርቱን ረሳኸው።,Sarcasm/Irony,5
2761,ፋይሉ ገና ወደ ቤት ነገ ጠዋት አልደረሰኝም።,Complaint,6
2763,እንኳን ደስ አለህ ደንበኛው ከምሽቱ ጀምሮ።,Phatic,7
2764,ሪፖርቱን ለጓደኛዬ በዚህ አመት አቀርባለሁ።,Promise,8
2765,አለቃዬ ወደ ቢሮ ከምሽቱ ጀምሮ ሄደዋል።,Assertion,1
2766,የደረሰኙ ችግር ከሁለት ቀናት በኋላ ከነጋዴው ጋር እፈታለሁ።,Promise,8
2767,መስኮቱ ገና ወደ ሱቅ ከሰዓት በኋላ አልደረሰኝም።,Complaint,6
2768,ጎበዝ! በጣም ጥሩ ስራ ሰራህ አለቃዬ፣ ማሽኑን አበላሸኸው።,Sarcasm/Irony,5
2769,የጥያቄው ችግር በስብሰባው ወቅት ከመምህሩ ጋር እፈታለሁ።,Promise,8
2770,እባክዎ ቡናውን ለሚኒስትሩ ከዛሬ ጀምሮ ይላኩልኝ።,Request,0
2771,ሚኒስትሩ ወደ ባንክ በሳምንቱ መጨረሻ ሄደዋል።,Assertion,1
2772,ደረሰኙን በጥንቃቄ ለጓደኛዬ እይዛለሁ።,Promise,8
2774,ይህን ውሉን ከሹፌሩ መቀበል አልችልም።,Refusal,2
2776,ደህና በዚህ ሳምንት ይሁንልህ ባልደረባዬ።,Phatic,7
2778,ከዶክተሩ ጋር ስለ ሂሳቡ ጉዳይ መስማማት አልችልም።,Refusal,2
2779,እባክዎ ይቅርታ፣ ቡናውን ከሰዓት በኋላ ማቅረብ አልችልም።,Refusal,2
2780,ባልደረባዬ ወደ ከተማው ውስጥ ዛሬ ማታ ሄደዋል።,Assertion,1
2781,ውሉን ነገ ጠዋት ብንሞክር ጥሩ ይሆናል።,Suggestion,3
2783,ደህና ከሰዓት በኋላ ይሁንልህ መሐንዲሱ።,Phatic,7
2784,ኤጀንሲው ስለ ቤቱ ማስጠንቀቂያ ከሁለት ቀናት በኋላ አውጥቷል።,Warning,4
2785,ቢያንስ አንዴ ቁልፉን በከተማው ውስጥ እንሞክር።,Suggestion,3
2786,በጣም ብልህ ነህ ስራ አስኪያጁ፣ ገንዘቡን ረሳኸው።,Sarcasm/Irony,5
2787,ይህን ሂሳቡን ከሚኒስትሩ መቀበል አልችልም።,Refusal,2
2789,ደህና እደር ሹፌሩ፣ በዚህ ሳምንት እንገናኝ።,Phatic,7
2790,ይቅርታ፣ ዕቃውን ከሁለት ቀናት በኋላ ማድረግ አልችልም።,Refusal,2
2793,እሰይ፣ ሌላ ችግር በመጋዘን በሳምንቱ መጨረሻ፣ ልክ የሚያስፈልገን ይሄው ነበር።,Sarcasm/Irony,5
2794,መንግስት ስለ ሪፖርቱ ማስጠንቀቂያ በሚቀጥለው አመት አውጥቷል።,Warning,4
2795,እባክዎ ማሽኑን ለአስተማሪዋ በስብሰባው ወቅት ይላኩልኝ።,Request,0
2797,የሂሳቡ ችግር በስብሰባው ወቅት ከስራ አስኪያጁ ጋር እፈታለሁ።,Promise,8
2798,መምህሩ፣ እንደምን አደርክ በሚቀጥለው አመት?,Phatic,7
2799,መጽሐፉ ገና ወደ ሆስፒታል ከሰዓት በኋላ አልደረሰኝም።,Complaint,6
2800,ማህበሩ ስለ ውሉ ማስጠንቀቂያ ከሰዓት በኋላ አውጥቷል።,Warning,4
2803,አለቃዬ ወደ ፍርድ ቤት ዛሬ ሄደዋል።,Assertion,1
2806,እባክዎ ይቅርታ፣ ደብዳቤውን ዛሬ ማታ ማቅረብ አልችልም።,Refusal,2
2811,እባክዎ መሳሪያውን ለዶክተሩ ነገ ጠዋት ይላኩልኝ።,Request,0
2812,እባክዎ ካርታውን ለጠበቃው ዛሬ ይላኩልኝ።,Request,0
2813,ሚኒስቴሩ ስለ መጽሐፉ ማስጠንቀቂያ ከምሽቱ ጀምሮ አውጥቷል።,Warning,4
2814,መምህሩ ወደ ፋብሪካ በሚቀጥለው አመት ሄደዋል።,Assertion,1
2815,ኤጀንሲው ስለ መሳሪያው ማስጠንቀቂያ በዚህ አመት አውጥቷል።,Warning,4
2817,ይቅርታ፣ ቤቱን በስብሰባው ወቅት ማድረግ አልችልም።,Refusal,2
2819,እባክዎ ሂሳቡን ለስራ አስኪያጁ ከምሽቱ ጀምሮ ይላኩልኝ።,Request,0
2820,ከአንድ ሰዓት በኋላ በስብሰባ ክፍል ስብሰባ እናድርግ።,Suggestion,3
2822,መኪናው ገና ወደ ፋብሪካ ከአንድ ሰዓት በኋላ አልደረሰኝም።,Complaint,6
2823,ዶክተሩ ወደ መጋዘን በስብሰባው ወቅት ሄደዋል።,Assertion,1
2827,ደህና ነገ ይሁንልህ ሚኒስትሩ።,Phatic,7
2828,ኩባንያው ስለ ትዕዛዙ ማስጠንቀቂያ በዚህ ሳምንት አውጥቷል።,Warning,4
2830,የመሳሪያው ችግር በስብሰባው ወቅት ከጋዜጠኛው ጋር እፈታለሁ።,Promise,8
2831,እባክዎ ካርታውን ለመሐንዲሱ ከሶስት ሰዓት በኋላ ይላኩልኝ።,Request,0
2832,ድርጅቱ ስለ ስልኩ ማስጠንቀቂያ ከሶስት ሰዓት በኋላ አውጥቷል።,Warning,4
2833,መንግስት ስለ ሂሳቡ ማስጠንቀቂያ በስብሰባው ወቅት አውጥቷል።,Warning,4
2834,እባክዎ ጥያቄውን ለዶክተሩ ከምሽቱ ጀምሮ ይላኩልኝ።,Request,0
2838,ደረሰኙ ገና ወደ ሆስፒታል ከሰዓት በኋላ አልደረሰኝም።,Complaint,6
2839,የውሉ ወጪውን በገበያ ብንቀንስ የተሻለ ነው።,Suggestion,3
2841,ከጋዜጠኛው ጋር ስለ ምርቱ ጉዳይ መስማማት አልችልም።,Refusal,2
2844,ኤጀንሲው ስለ ምርቱ ማስጠንቀቂያ በሚቀጥለው ሳምንት አውጥቷል።,Warning,4
2845,ስለ በሩ ጉዳይ ከስራ አስኪያጁ ጋር እንወያይ።,Suggestion,3
2846,የዕቃው ችግር በስብሰባው ወቅት ከሹፌሩ ጋር እፈታለሁ።,Promise,8
2847,ሚኒስትሩ ወደ መንገድ ላይ በሚቀጥለው ሳምንት ሄደዋል።,Assertion,1
2849,ጎበዝ! በጣም ጥሩ ስራ ሰራህ ጋዜጠኛው፣ ሂሳቡን አበላሸኸው።,Sarcasm/Irony,5
2850,እባክዎ ይቅርታ፣ ገንዘቡን ከጥቂት ደቂቃዎች በኋላ ማቅረብ አልችልም።,Refusal,2
2851,ስለ መስኮቱ ከጠበቃው ጋር ማሰብ ይኖርብናል።,Suggestion,3
2853,ሚኒስትሩ ወደ ባንክ ነገ ጠዋት ሄደዋል።,Assertion,1
2854,ልብሱ ገና ወደ ባንክ በዚህ ወር አልደረሰኝም።,Complaint,6
2855,እባክዎ ይቅርታ፣ ደረሰኙን ነገ ማቅረብ አልችልም።,Refusal,2
2856,ስልኩ ገና ወደ ሱቅ ዛሬ አልደረሰኝም።,Complaint,6
2858,ነጋዴው ወደ ትምህርት ቤት በዚህ ወር ሄደዋል።,Assertion,1
2859,ስራ አስኪያጁ ወደ ገበያ ከጥቂት ደቂቃዎች በኋላ ሄደዋል።,Assertion,1
2860,ገንዘቡ ገና ወደ ፍርድ ቤት ከሶስት ሰዓት በኋላ አልደረሰኝም።,Complaint,6
2862,ውሃው ገና ወደ ትምህርት ቤት ዛሬ ማታ አልደረሰኝም።,Complaint,6
2863,እንኳን ደስ አለህ ጓደኛዬ፣ ስለ ደብዳቤው እንደገና ተሳስተሃል።,Sarcasm/Irony,5
2864,እባክህ ለኮምፒዩተሩ ይህን ዘዴ ከዛሬ ጀምሮ ተጠቀም።,Suggestion,3
2866,ደንበኛው ወደ ፋብሪካ ከዛሬ ጀምሮ ሄደዋል።,Assertion,1
2867,የቁልፉ ችግር በሚቀጥለው ሳምንት ከነጋዴው ጋር እፈታለሁ።,Promise,8
2868,ስልኩ ገና ወደ ፖሊስ ጣቢያ ከሁለት ቀናት በኋላ አልደረሰኝም።,Complaint,6
2869,እባክዎ ጥያቄውን ለሚኒስትሩ በሚቀጥለው ሳምንት ይላኩልኝ።,Request,0
2871,መሳሪያው ገና ወደ ፖሊስ ጣቢያ ከጥቂት ደቂቃዎች በኋላ አልደረሰኝም።,Complaint,6
2872,ጎበዝ! በጣም ጥሩ ስራ ሰራህ ሹፌሩ፣ ቦርሳውን አበላሸኸው።,Sarcasm/Irony,5
2873,እባክዎ ይቅርታ፣ ጥያቄውን በሚቀጥለው ሳምንት ማቅረብ አልችልም።,Refusal,2
2875,እባክዎ ማሽኑን ለባልደረባዬ በሳምንቱ መጨረሻ ይላኩልኝ።,Request,0
2876,እባክዎ ይቅርታ፣ መሳሪያውን ከአንድ ሰዓት በኋላ ማቅረብ አልችልም።,Refusal,2
2877,መኪናው ገና ወደ ከተማው ውስጥ በሳምንቱ መጨረሻ አልደረሰኝም።,Complaint,6
2878,እሰይ፣ ሌላ ችግር በባንክ ከዛሬ ጀምሮ፣ ልክ የሚያስፈልገን ይሄው ነበር።,Sarcasm/Irony,5
2879,እባክዎ ምርቱን ለመሐንዲሱ በዚህ ሳምንት ይላኩልኝ።,Request,0
2883,እባክዎ ትዕዛዙን ለአስተማሪዋ በዚህ አመት ይላኩልኝ።,Request,0
2885,የጥያቄው ዋጋውን በስብሰባው ወቅት ብንቀንስ ደንበኞች ይጨምራሉ።,Suggestion,3
2886,እንዴት ጎበዝ ነህ ጓደኛዬ፣ ምርቱን ሰብረኸዋል!,Sarcasm/Irony,5
2887,እባክዎ ፕሮጀክቱን ለመሐንዲሱ ከዛሬ ጀምሮ ይላኩልኝ።,Request,0
2889,እንዴት ደስ ይላል፣ ዶክተሩ እንደገና ከአንድ ሰዓት በኋላ ዘገዩ።,Sarcasm/Irony,5
2890,መምህሩ ወደ ፋብሪካ ከሁለት ቀናት በኋላ ሄደዋል።,Assertion,1
2894,እንኳን ደስ አለህ መምህሩ ከሰዓት በኋላ።,Phatic,7
2896,መንግስት ስለ ገንዘቡ ማስጠንቀቂያ ከጥቂት ደቂቃዎች በኋላ አውጥቷል።,Warning,4
2897,እባክዎ ስጦታውን ለጋዜጠኛው ከምሽቱ ጀምሮ ይላኩልኝ።,Request,0
2898,ማዕከሉ ዛሬ ማታ አዲስ ሰራተኞችን ቀጥሯል።,Assertion,1
2899,አዎ በርግጥ፣ የኤጀንሲው እቅድ በበሳምንቱ መጨረሻ በጭራሽ አይከሽፍም።,Sarcasm/Irony,5
2901,ስልኩን በሚቀጥለው አመት ብንሞክር ጥሩ ይሆናል።,Suggestion,3
2902,እባክዎ ይቅርታ፣ ማሽኑን ከጥቂት ደቂቃዎች በኋላ ማቅረብ አልችልም።,Refusal,2
2903,ምርቱ ገና ወደ ስብሰባ ክፍል ከሶስት ሰዓት በኋላ አልደረሰኝም።,Complaint,6
2904,ደንበኛው ወደ ከተማው ውስጥ ከሁለት ቀናት በኋላ ሄደዋል።,Assertion,1
2905,እባክዎ ስልኩን ለነጋዴው ነገ ይላኩልኝ።,Request,0
2906,ደህና ሁን ፖሊሱ፣ እስከ በሚቀጥለው አመት እንገናኝ።,Phatic,7
2907,እባክዎ ደረሰኙን ለመሐንዲሱ ነገ ጠዋት ይላኩልኝ።,Request,0
2908,እባክዎ ቤቱን ለፖሊሱ ከሁለት ቀናት በኋላ ይላኩልኝ።,Request,0
2909,ሚኒስቴሩ ስለ ስጦታው ማስጠንቀቂያ ነገ ከሰዓት በኋላ አውጥቷል።,Warning,4
2910,ስቱዲዮው ስለ ውሉ ማስጠንቀቂያ ነገ አውጥቷል።,Warning,4
2911,ደህና እደር ፖሊሱ፣ ከጥቂት ደቂቃዎች በኋላ እንገናኝ።,Phatic,7
2913,እባክዎ ስልኩን ለፖሊሱ በዚህ አመት ይላኩልኝ።,Request,0
2914,ደህና በሚቀጥለው ሳምንት ይሁንልህ ሚኒስትሩ።,Phatic,7
2915,ደንበኛው ወደ ፋብሪካ በዚህ ሳምንት ሄደዋል።,Assertion,1
2916,ይህን ልብሱን ከነጋዴው መቀበል አልችልም።,Refusal,2
2917,በጣም ደግ ነህ አለቃዬ፣ በፍርድ ቤት ምንም እርዳታ አልሰጠኸኝም።,Sarcasm/Irony,5
2919,የሰነዱ ችግር ነገ ጠዋት ከጓደኛዬ ጋር እፈታለሁ።,Promise,8
2921,እባክዎ ይቅርታ፣ ካርታውን ከሁለት ቀናት በኋላ ማቅረብ አልችልም።,Refusal,2
2922,እባክዎ በሩን ለሹፌሩ ከዛሬ ጀምሮ ይላኩልኝ።,Request,0
2925,ፋይሉ ገና ወደ ቢሮ ከዛሬ ጀምሮ አልደረሰኝም።,Complaint,6
2927,የሰነዱ ችግር በዚህ ወር ከአስተማሪዋ ጋር እፈታለሁ።,Promise,8
2928,ባንኩ ስለ ደብዳቤው ማስጠንቀቂያ ዛሬ ማታ አውጥቷል።,Warning,4
2929,ደህና እደር ዶክተሩ፣ ከሰዓት በኋላ እንገናኝ።,Phatic,7
2931,በጣም ብልህ ነህ መሐንዲሱ፣ ሂሳቡን ረሳኸው።,Sarcasm/Irony,5
2932,የሪፖርቱ ወጪውን በፍርድ ቤት ብንቀንስ የተሻለ ነው።,Suggestion,3
2933,አመሰግናለሁ ደንበኛው፣ ደህና ዋል በከተማው ውስጥ።,Phatic,7
2934,እንዴት ጎበዝ ነህ ዶክተሩ፣ ስጦታውን ሰብረኸዋል!,Sarcasm/Irony,5
2935,ጎበዝ! በጣም ጥሩ ስራ ሰራህ ባልደረባዬ፣ ሂሳቡን አበላሸኸው።,Sarcasm/Irony,5
2937,ቡናው ገና ወደ ገበያ ዛሬ አልደረሰኝም።,Complaint,6
2938,አስተማሪዋ ወደ ሱቅ በስብሰባው ወቅት ሄደዋል።,Assertion,1
2939,ትዕዛዙን ከሁለት ቀናት በኋላ ብንሞክር ጥሩ ይሆናል።,Suggestion,3
2940,እባክዎ መኪናውን ለአስተማሪዋ ከሰዓት በኋላ ይላኩልኝ።,Request,0
2941,ሰላም ደንበኛው፣ ነገ ከሰዓት በኋላ እንዴት ነህ?,Phatic,7
2943,ይቅርታ፣ መኪናውን ነገ ከሰዓት በኋላ ማድረግ አልችልም።,Refusal,2
2944,የገንዘቡ ዋጋውን ዛሬ ብንቀንስ ደንበኞች ይጨምራሉ።,Suggestion,3
2945,ከጠበቃው ጋር ስለ ምርቱ ጉዳይ መስማማት አልችልም።,Refusal,2
2946,እሰይ፣ ሌላ ችግር በቤት ከአንድ ሰዓት በኋላ፣ ልክ የሚያስፈልገን ይሄው ነበር።,Sarcasm/Irony,5
2947,እባክዎ ውሉን ለጓደኛዬ በሚቀጥለው ሳምንት ይላኩልኝ።,Request,0
2948,ምርቱ ገና ወደ ትምህርት ቤት ከምሽቱ ጀምሮ አልደረሰኝም።,Complaint,6
2949,የመስኮቱ ወጪውን በቤት ብንቀንስ የተሻለ ነው።,Suggestion,3
2951,የደረሰኙ ችግር ከሰዓት በኋላ ከጠበቃው ጋር እፈታለሁ።,Promise,8
2952,እባክዎ ይቅርታ፣ ውሉን ዛሬ ማቅረብ አልችልም።,Refusal,2
2953,ደህና ሁን ፖሊሱ፣ እስከ ከአንድ ሰዓት በኋላ እንገናኝ።,Phatic,7
2954,እሰይ፣ ሌላ ችግር በከተማው ውስጥ በሚቀጥለው ወር፣ ልክ የሚያስፈልገን ይሄው ነበር።,Sarcasm/Irony,5
2956,ትዕዛዙ ገና ወደ ቤት በዚህ ሳምንት አልደረሰኝም።,Complaint,6
2958,ስራ አስኪያጁ ወደ ፍርድ ቤት በስብሰባው ወቅት ሄደዋል።,Assertion,1
2959,ቦርሳውን ከዛሬ ጀምሮ ብንሞክር ጥሩ ይሆናል።,Suggestion,3
2960,የውሃው ችግር ዛሬ ማታ ከጓደኛዬ ጋር እፈታለሁ።,Promise,8
2961,እባክህ ለመኪናው ይህን ዘዴ ከሶስት ሰዓት በኋላ ተጠቀም።,Suggestion,3
2962,ውሉ ገና ወደ ባንክ በስብሰባው ወቅት አልደረሰኝም።,Complaint,6
2963,ደህና ሁን ጠበቃው፣ እስከ ከዛሬ ጀምሮ እንገናኝ።,Phatic,7
2965,በጣም ደግ ነህ ደንበኛው፣ በቢሮ ምንም እርዳታ አልሰጠኸኝም።,Sarcasm/Irony,5
2966,በጣም ደግ ነህ አስተማሪዋ፣ በፖሊስ ጣቢያ ምንም እርዳታ አልሰጠኸኝም።,Sarcasm/Irony,5
2968,እባክዎ ሂሳቡን ለስራ አስኪያጁ ከሰዓት በኋላ ይላኩልኝ።,Request,0
2970,ደህና እደር ጠበቃው፣ በሚቀጥለው አመት እንገናኝ።,Phatic,7
2971,አለቃዬ ወደ ስብሰባ ክፍል ዛሬ ማታ ሄደዋል።,Assertion,1
2973,ደረሰኙ ገና ወደ ገበያ ከአንድ ሰዓት በኋላ አልደረሰኝም።,Complaint,6
2974,ስለ መኪናው ጉዳይ ከሚኒስትሩ ጋር እንወያይ።,Suggestion,3
2975,እሰይ፣ ሌላ ችግር በፍርድ ቤት ዛሬ ማታ፣ ልክ የሚያስፈልገን ይሄው ነበር።,Sarcasm/Irony,5
2977,ደህና በዚህ ሳምንት ይሁንልህ አለቃዬ።,Phatic,7
2979,እባክዎ ይቅርታ፣ ስጦታውን ከዛሬ ጀምሮ ማቅረብ አልችልም።,Refusal,2
2980,ሹፌሩ ወደ ፖሊስ ጣቢያ በሚቀጥለው አመት ሄደዋል።,Assertion,1
2981,ኤጀንሲው ስለ ኮምፒዩተሩ ማስጠንቀቂያ ነገ ጠዋት አውጥቷል።,Warning,4
2982,የሂሳቡ ችግር በዚህ ሳምንት ከደንበኛው ጋር እፈታለሁ።,Promise,8
2983,ሰላም ጋዜጠኛው፣ ከምሽቱ ጀምሮ እንዴት ነህ?,Phatic,7
2984,የውሉ ችግር በዚህ አመት ከአስተማሪዋ ጋር እፈታለሁ።,Promise,8
2985,ከባልደረባዬ ጋር ስለ ውሃው ጉዳይ መስማማት አልችልም።,Refusal,2
2986,ጎበዝ ስራ መሐንዲሱ፣ ማሽኑ ሙሉ በሙሉ ፈርሷል።,Sarcasm/Irony,5
2987,የመሳሪያው ችግር ከአንድ ሰዓት በኋላ ከነጋዴው ጋር እፈታለሁ።,Promise,8
2988,እባክህ ለፋይሉ ይህን ዘዴ በዚህ አመት ተጠቀም።,Suggestion,3
2989,እባክዎ ውሃውን ለባልደረባዬ በሚቀጥለው አመት ይላኩልኝ።,Request,0
2990,እንዴት ደስ ይላል፣ አስተማሪዋ እንደገና በዚህ ወር ዘገዩ።,Sarcasm/Irony,5
2993,እባክዎ መኪናውን ለሚኒስትሩ ከምሽቱ ጀምሮ ይላኩልኝ።,Request,0
2994,እባክህ ለካርታው ይህን ዘዴ ነገ ጠዋት ተጠቀም።,Suggestion,3
2995,እባክዎ ቡናውን ለነጋዴው በስብሰባው ወቅት ይላኩልኝ።,Request,0
2998,ደህና በሚቀጥለው ሳምንት ይሁንልህ ስራ አስኪያጁ።,Phatic,7
2999,እባክዎ ትዕዛዙን ለሹፌሩ በዚህ ወር ይላኩልኝ።,Request,0
3000,ሚኒስትሩ ወደ ፍርድ ቤት ዛሬ ሄደዋል።,Assertion,1
3001,እባክዎ ኮምፒዩተሩን ለመሐንዲሱ በዚህ ሳምንት ይላኩልኝ።,Request,0
3002,እንዴት ደስ ይላል፣ አለቃዬ እንደገና በዚህ አመት ዘገዩ።,Sarcasm/Irony,5
3003,እባክዎ ውሃውን ለሚኒስትሩ ከዛሬ ጀምሮ ይላኩልኝ።,Request,0
3004,ደህና እደር ሚኒስትሩ፣ ከሶስት ሰዓት በኋላ እንገናኝ።,Phatic,7
3005,ጠበቃው ወደ ከተማው ውስጥ ከሰዓት በኋላ ሄደዋል።,Assertion,1
3006,ካርታው ገና ወደ መጋዘን ከጥቂት ደቂቃዎች በኋላ አልደረሰኝም።,Complaint,6
3007,በጣም ደግ ነህ ነጋዴው፣ በፋብሪካ ምንም እርዳታ አልሰጠኸኝም።,Sarcasm/Irony,5
3009,ዶክተሩ ወደ ፋብሪካ ከሶስት ሰዓት በኋላ ሄደዋል።,Assertion,1
3010,ከሰዓት በኋላ በስብሰባ ክፍል ስብሰባ እናድርግ።,Suggestion,3
3011,እንዴት ደስ ይላል፣ ባልደረባዬ እንደገና ነገ ዘገዩ።,Sarcasm/Irony,5
3013,ኩባንያው ስለ ማሽኑ ማስጠንቀቂያ ከሁለት ቀናት በኋላ አውጥቷል።,Warning,4
3014,ማሽኑ ገና ወደ ስብሰባ ክፍል ዛሬ ማታ አልደረሰኝም።,Complaint,6
3017,እባክዎ ጥያቄውን ለመሐንዲሱ በዚህ ሳምንት ይላኩልኝ።,Request,0
3019,ቦርሳው ገና ወደ ስብሰባ ክፍል በዚህ ሳምንት አልደረሰኝም።,Complaint,6
3020,የትዕዛዙ ችግር በዚህ ወር ከፖሊሱ ጋር እፈታለሁ።,Promise,8
3021,ጎበዝ! በጣም ጥሩ ስራ ሰራህ ጓደኛዬ፣ መልእክቱን አበላሸኸው።,Sarcasm/Irony,5
3022,የዕቃው ችግር ከሁለት ቀናት በኋላ ከጠበቃው ጋር እፈታለሁ።,Promise,8
3023,እንኳን ደስ አለህ አለቃዬ፣ ስለ ሪፖርቱ እንደገና ተሳስተሃል።,Sarcasm/Irony,5
3025,ጎበዝ ስራ ሹፌሩ፣ ስልኩ ሙሉ በሙሉ ፈርሷል።,Sarcasm/Irony,5
3026,ደህና ሁን ሚኒስትሩ፣ እስከ በዚህ ሳምንት እንገናኝ።,Phatic,7
3027,ደህና ሁን ፖሊሱ፣ እስከ በዚህ ሳምንት እንገናኝ።,Phatic,7
3029,የፕሮጀክቱ ገመድ በስብሰባ ክፍል አደገኛ ነው ተጠንቀቁ።,Warning,4
3030,እባክዎ ደረሰኙን ለጓደኛዬ ከዛሬ ጀምሮ ይላኩልኝ።,Request,0
3031,የውሃው ወጪውን በፍርድ ቤት ብንቀንስ የተሻለ ነው።,Suggestion,3
3033,ባንኩ ስለ ሂሳቡ ማስጠንቀቂያ በዚህ ሳምንት አውጥቷል።,Warning,4
3035,መምህሩ ወደ መጋዘን ከሰዓት በኋላ ሄደዋል።,Assertion,1
3037,እባክህ ለስልኩ ይህን ዘዴ በዚህ ወር ተጠቀም።,Suggestion,3
3038,ሆስፒታል ከሶስት ሰዓት በኋላ ተከፍቷል።,Assertion,1
3039,እባክዎ ኮምፒዩተሩን ለጓደኛዬ በስብሰባው ወቅት ይላኩልኝ።,Request,0
3040,መስኮቱ ገና ወደ ቤት በሚቀጥለው ሳምንት አልደረሰኝም።,Complaint,6
3043,እባክዎ ደረሰኙን ለጠበቃው ከምሽቱ ጀምሮ ይላኩልኝ።,Request,0
3044,ከነጋዴው ጋር ስለ መኪናው ጉዳይ መስማማት አልችልም።,Refusal,2
3045,እባክዎ ቁልፉን ለአለቃዬ ከሰዓት በኋላ ይላኩልኝ።,Request,0
3046,ስቱዲዮው ስለ መስኮቱ ማስጠንቀቂያ በሚቀጥለው ሳምንት አውጥቷል።,Warning,4
3048,የመስኮቱ ችግር ከምሽቱ ጀምሮ ከሹፌሩ ጋር እፈታለሁ።,Promise,8
3050,ድርጅቱ ስለ ሰነዱ ማስጠንቀቂያ በዚህ ሳምንት አውጥቷል።,Warning,4
3051,እንዴት ደስ ይላል፣ ስራ አስኪያጁ እንደገና ነገ ከሰዓት በኋላ ዘገዩ።,Sarcasm/Irony,5
3052,የበሩ ችግር ከሰዓት በኋላ ከአለቃዬ ጋር እፈታለሁ።,Promise,8
3056,ሚኒስቴሩ ስለ ስጦታው ማስጠንቀቂያ ከዛሬ ጀምሮ አውጥቷል።,Warning,4
3059,እባክዎ ደብዳቤውን ለመምህሩ በሚቀጥለው አመት ይላኩልኝ።,Request,0
3060,የፋይሉ ችግር ከዛሬ ጀምሮ ከጋዜጠኛው ጋር እፈታለሁ።,Promise,8
3061,የልብሱ ችግር በሚቀጥለው ሳምንት ከመሐንዲሱ ጋር እፈታለሁ።,Promise,8
3062,አመሰግናለሁ ስራ አስኪያጁ፣ ደህና ዋል በቤት።,Phatic,7
3063,እባክዎ ውሉን ለስራ አስኪያጁ ዛሬ ይላኩልኝ።,Request,0
3064,እባክዎ በሩን ለሹፌሩ ዛሬ ማታ ይላኩልኝ።,Request,0
3065,የውሉ ገመድ በአውሮፕላን ማረፊያ አደገኛ ነው ተጠንቀቁ።,Warning,4
3067,እባክዎ ቡናውን ለፖሊሱ ነገ ይላኩልኝ።,Request,0
3068,አለቃዬ ወደ ፍርድ ቤት ዛሬ ማታ ሄደዋል።,Assertion,1
3069,አስተማሪዋ ወደ ሆስፒታል ነገ ጠዋት ሄደዋል።,Assertion,1
3070,ፖሊሱ ወደ ከተማው ውስጥ ነገ ሄደዋል።,Assertion,1
3071,ሰላም ደንበኛው፣ በሚቀጥለው ሳምንት እንዴት ነህ?,Phatic,7
3073,ጎበዝ ስራ ፖሊሱ፣ ዕቃው ሙሉ በሙሉ ፈርሷል።,Sarcasm/Irony,5
3074,የመጽሐፉ ወጪውን በመንገድ ላይ ብንቀንስ የተሻለ ነው።,Suggestion,3
3076,እባክዎ ቁልፉን ለዶክተሩ በሚቀጥለው ወር ይላኩልኝ።,Request,0
3077,የጥያቄው ገመድ በገበያ አደገኛ ነው ተጠንቀቁ።,Warning,4
3078,ስለ ልብሱ ከደንበኛው ጋር ማሰብ ይኖርብናል።,Suggestion,3
3079,ስለ መስኮቱ ጉዳይ ከአለቃዬ ጋር እንወያይ።,Suggestion,3
3080,ይቅርታ፣ ሪፖርቱን በሚቀጥለው አመት ማድረግ አልችልም።,Refusal,2
3081,መጽሐፉ ገና ወደ መንገድ ላይ በስብሰባው ወቅት አልደረሰኝም።,Complaint,6
3082,ሰላም ነጋዴው፣ በዚህ ወር እንዴት ነህ?,Phatic,7
3084,እባክዎ ዕቃውን ለዶክተሩ ከሶስት ሰዓት በኋላ ይላኩልኝ።,Request,0
3085,ቢያንስ አንዴ መሳሪያውን በገበያ እንሞክር።,Suggestion,3
3086,ስራ አስኪያጁ፣ ጤና ይስጥልኝ በስብሰባ ክፍል።,Phatic,7
3089,እሰይ፣ ሌላ ችግር በቤት በሚቀጥለው አመት፣ ልክ የሚያስፈልገን ይሄው ነበር።,Sarcasm/Irony,5
3091,ባንኩ ስለ መጽሐፉ ማስጠንቀቂያ ከጥቂት ደቂቃዎች በኋላ አውጥቷል።,Warning,4
3095,እባክዎ መስኮቱን ለጓደኛዬ በዚህ ሳምንት ይላኩልኝ።,Request,0
3097,የፕሮጀክቱ ችግር በዚህ ሳምንት ከጋዜጠኛው ጋር እፈታለሁ።,Promise,8
3099,እንኳን ደስ አለህ ባልደረባዬ በዚህ ወር።,Phatic,7
3100,ሚኒስትሩ ወደ ቤት በሚቀጥለው ሳምንት ሄደዋል።,Assertion,1
3101,ማሽኑ ገና ወደ ሱቅ ከምሽቱ ጀምሮ አልደረሰኝም።,Complaint,6
3102,በሩ ገና ወደ ቢሮ ከምሽቱ ጀምሮ አልደረሰኝም።,Complaint,6
3104,ባንኩ ስለ ሂሳቡ ማስጠንቀቂያ ነገ አውጥቷል።,Warning,4
3105,ማህበሩ ስለ ጥያቄው ማስጠንቀቂያ በስብሰባው ወቅት አውጥቷል።,Warning,4
3106,ጎበዝ ስራ ፖሊሱ፣ መሳሪያው ሙሉ በሙሉ ፈርሷል።,Sarcasm/Irony,5
3108,ይቅርታ፣ መሳሪያውን በሳምንቱ መጨረሻ ማድረግ አልችልም።,Refusal,2
3109,እባክዎ ቤቱን ለዶክተሩ በዚህ ወር ይላኩልኝ።,Request,0
3111,እንዴት ጎበዝ ነህ አስተማሪዋ፣ ኮምፒዩተሩን ሰብረኸዋል!,Sarcasm/Irony,5
3113,ደህና ሁን ነጋዴው፣ እስከ ከጥቂት ደቂቃዎች በኋላ እንገናኝ።,Phatic,7
3114,ሚኒስቴሩ ስለ መጽሐፉ ማስጠንቀቂያ በሚቀጥለው ሳምንት አውጥቷል።,Warning,4
3117,የትዕዛዙ ችግር ነገ ጠዋት ከባልደረባዬ ጋር እፈታለሁ።,Promise,8
3119,እባክህ ለስጦታው ይህን ዘዴ ዛሬ ተጠቀም።,Suggestion,3
3120,የደረሰኙ ችግር ከጥቂት ደቂቃዎች በኋላ ከፖሊሱ ጋር እፈታለሁ።,Promise,8
3121,እባክህ ለዕቃው ይህን ዘዴ ከአንድ ሰዓት በኋላ ተጠቀም።,Suggestion,3
3122,እባክዎ ይቅርታ፣ መሳሪያውን ነገ ጠዋት ማቅረብ አልችልም።,Refusal,2
3123,በባንክ ከዛሬ ጀምሮ ወንጀል ሊፈጸም ይችላል ተጠንቀቁ።,Warning,4
3124,የደብዳቤው ችግር በዚህ ሳምንት ከዶክተሩ ጋር እፈታለሁ።,Promise,8
3127,የመጽሐፉ ችግር ከጥቂት ደቂቃዎች በኋላ ከአለቃዬ ጋር እፈታለሁ።,Promise,8
3128,እባክዎ ፋይሉን ለአስተማሪዋ በዚህ ወር ይላኩልኝ።,Request,0
3129,ይቅርታ፣ ቁልፉን በሚቀጥለው ሳምንት ማድረግ አልችልም።,Refusal,2
3130,ደህና ሁን ዶክተሩ፣ እስከ በስብሰባው ወቅት እንገናኝ።,Phatic,7
3131,እባክህ ለሂሳቡ ይህን ዘዴ ዛሬ ማታ ተጠቀም።,Suggestion,3
3133,ጓደኛዬ ወደ አውሮፕላን ማረፊያ ዛሬ ሄደዋል።,Assertion,1
3134,ውሉ ገና ወደ ትምህርት ቤት ከጥቂት ደቂቃዎች በኋላ አልደረሰኝም።,Complaint,6
3136,ሰነዱ ገና ወደ ፍርድ ቤት በስብሰባው ወቅት አልደረሰኝም።,Complaint,6
3139,እንኳን ደስ አለህ አለቃዬ፣ ስለ መልእክቱ እንደገና ተሳስተሃል።,Sarcasm/Irony,5
3140,እባክዎ ደረሰኙን ለአለቃዬ በዚህ ወር ይላኩልኝ።,Request,0
3143,ነጋዴው ወደ ሆስፒታል በዚህ ሳምንት ሄደዋል።,Assertion,1
3146,ትዕዛዙን ከሶስት ሰዓት በኋላ ብንሞክር ጥሩ ይሆናል።,Suggestion,3
3147,ኤጀንሲው ስለ ደብዳቤው ማስጠንቀቂያ ዛሬ አውጥቷል።,Warning,4
3148,ስራ አስኪያጁ ወደ ገበያ በዚህ ሳምንት ሄደዋል።,Assertion,1
3149,መሐንዲሱ፣ ጤና ይስጥልኝ በፋብሪካ።,Phatic,7
3150,ኤጀንሲው ስለ በሩ ማስጠንቀቂያ በዚህ ወር አውጥቷል።,Warning,4
3151,እንዴት ጎበዝ ነህ ዶክተሩ፣ ደረሰኙን ሰብረኸዋል!,Sarcasm/Irony,5
3152,ይቅርታ፣ ደረሰኙን ከጥቂት ደቂቃዎች በኋላ ማድረግ አልችልም።,Refusal,2
3155,ደንበኛው ወደ ሱቅ ከሁለት ቀናት በኋላ ሄደዋል።,Assertion,1
3156,የቦርሳው ችግር በስብሰባው ወቅት ከጓደኛዬ ጋር እፈታለሁ።,Promise,8
3157,እንዴት ጎበዝ ነህ አለቃዬ፣ ቡናውን ሰብረኸዋል!,Sarcasm/Irony,5
3158,በፋብሪካ በሚቀጥለው አመት ወንጀል ሊፈጸም ይችላል ተጠንቀቁ።,Warning,4
3159,በጣም ብልህ ነህ ስራ አስኪያጁ፣ ቡናውን ረሳኸው።,Sarcasm/Irony,5
3164,ጓደኛዬ ወደ ሆስፒታል ከጥቂት ደቂቃዎች በኋላ ሄደዋል።,Assertion,1
3165,ፋብሪካው ስለ መኪናው ማስጠንቀቂያ ከሁለት ቀናት በኋላ አውጥቷል።,Warning,4
3167,ጓደኛዬ ወደ ፍርድ ቤት ከአንድ ሰዓት በኋላ ሄደዋል።,Assertion,1
3168,ነጋዴው፣ እንደምን አደርክ ዛሬ ማታ?,Phatic,7
3170,እሰይ፣ ሌላ ችግር በመንገድ ላይ ከአንድ ሰዓት በኋላ፣ ልክ የሚያስፈልገን ይሄው ነበር።,Sarcasm/Irony,5
3172,የማሽኑ ገመድ በመንገድ ላይ አደገኛ ነው ተጠንቀቁ።,Warning,4
3173,የቁልፉ ችግር ነገ ጠዋት ከፖሊሱ ጋር እፈታለሁ።,Promise,8
3174,ስለ ሪፖርቱ ጉዳይ ከአለቃዬ ጋር እንወያይ።,Suggestion,3
3175,እቅዱን በሚቀጥለው አመት ከድርጅቱ ጋር እናሻሽል።,Suggestion,3
3178,ስልኩ ገና ወደ ስብሰባ ክፍል በሚቀጥለው ሳምንት አልደረሰኝም።,Complaint,6
3180,እንዴት ጎበዝ ነህ ስራ አስኪያጁ፣ ልብሱን ሰብረኸዋል!,Sarcasm/Irony,5
3182,ጎበዝ ስራ ደንበኛው፣ ኮምፒዩተሩ ሙሉ በሙሉ ፈርሷል።,Sarcasm/Irony,5
3184,የጥያቄው ዋጋውን በዚህ ሳምንት ብንቀንስ ደንበኞች ይጨምራሉ።,Suggestion,3
3185,እባክዎ ይቅርታ፣ መጽሐፉን ከሁለት ቀናት በኋላ ማቅረብ አልችልም።,Refusal,2
3187,የቤቱ ወጪውን በአውሮፕላን ማረፊያ ብንቀንስ የተሻለ ነው።,Suggestion,3
3188,ሰላም ደንበኛው፣ በሚቀጥለው አመት እንዴት ነህ?,Phatic,7
3189,ደህና ከሰዓት በኋላ ይሁንልህ ጓደኛዬ።,Phatic,7
3190,ስራ አስኪያጁ ወደ ቤት በዚህ አመት ሄደዋል።,Assertion,1
3191,ፋይሉ ገና ወደ ሱቅ ከጥቂት ደቂቃዎች በኋላ አልደረሰኝም።,Complaint,6
3192,ይቅርታ፣ ትዕዛዙን ነገ ማድረግ አልችልም።,Refusal,2
3194,ጎበዝ ስራ ነጋዴው፣ ፋይሉ ሙሉ በሙሉ ፈርሷል።,Sarcasm/Irony,5
3195,ስለ ስልኩ ጉዳይ ከመሐንዲሱ ጋር እንወያይ።,Suggestion,3
3196,ይቅርታ፣ መሳሪያውን ነገ ጠዋት ማድረግ አልችልም።,Refusal,2
3199,የውሉ ችግር ዛሬ ከሚኒስትሩ ጋር እፈታለሁ።,Promise,8
3200,እባክዎ ማሽኑን ለደንበኛው በዚህ ሳምንት ይላኩልኝ።,Request,0
3201,ጎበዝ ስራ ስራ አስኪያጁ፣ ሪፖርቱ ሙሉ በሙሉ ፈርሷል።,Sarcasm/Irony,5
3204,ይህን ምርቱን ከዶክተሩ መቀበል አልችልም።,Refusal,2
3205,ፖሊሱ ወደ ባንክ ከሁለት ቀናት በኋላ ሄደዋል።,Assertion,1
3206,ባንኩ ስለ መጽሐፉ ማስጠንቀቂያ በዚህ አመት አውጥቷል።,Warning,4
3207,ፖሊሱ ወደ ባንክ ከአንድ ሰዓት በኋላ ሄደዋል።,Assertion,1
3208,የካርታው ችግር ዛሬ ማታ ከጠበቃው ጋር እፈታለሁ።,Promise,8
3210,የሰነዱ ችግር ነገ ከሰዓት በኋላ ከጠበቃው ጋር እፈታለሁ።,Promise,8
3211,ይቅርታ፣ ቤቱን ከዛሬ ጀምሮ ማድረግ አልችልም።,Refusal,2
3212,እባክህ ለመጽሐፉ ይህን ዘዴ ከሰዓት በኋላ ተጠቀም።,Suggestion,3
3213,የኮምፒዩተሩ ገመድ በሱቅ አደገኛ ነው ተጠንቀቁ።,Warning,4
3214,ስቱዲዮው በሳምንቱ መጨረሻ አዲስ ሰራተኞችን ቀጥሯል።,Assertion,1
3215,ምርቱን ከሁለት ቀናት በኋላ ብንሞክር ጥሩ ይሆናል።,Suggestion,3
3216,አስተማሪዋ ወደ ባንክ በሚቀጥለው ወር ሄደዋል።,Assertion,1
3218,እንኳን ደስ አለህ ዶክተሩ በሚቀጥለው አመት።,Phatic,7
3219,እባክዎ ዕቃውን ለነጋዴው በዚህ አመት ይላኩልኝ።,Request,0
3220,የደረሰኙ ችግር ነገ ከሰዓት በኋላ ከመሐንዲሱ ጋር እፈታለሁ።,Promise,8
3221,ባልደረባዬ ወደ አውሮፕላን ማረፊያ ነገ ጠዋት ሄደዋል።,Assertion,1
3223,ስጦታውን ዛሬ ማታ ብንሞክር ጥሩ ይሆናል።,Suggestion,3
3224,በጣም ብልህ ነህ ፖሊሱ፣ ሪፖርቱን ረሳኸው።,Sarcasm/Irony,5
3225,መንግስት ስለ ፕሮጀክቱ ማስጠንቀቂያ ነገ ከሰዓት በኋላ አውጥቷል።,Warning,4
3229,እባክዎ ገንዘቡን ለባልደረባዬ ከምሽቱ ጀምሮ ይላኩልኝ።,Request,0
3230,እባክዎ መኪናውን ለነጋዴው ከምሽቱ ጀምሮ ይላኩልኝ።,Request,0
3232,ማዕከሉ ስለ መስኮቱ ማስጠንቀቂያ ከአንድ ሰዓት በኋላ አውጥቷል።,Warning,4
3233,ይህን ፋይሉን ከሹፌሩ መቀበል አልችልም።,Refusal,2
3234,መንግስት ስለ ምርቱ ማስጠንቀቂያ በዚህ ወር አውጥቷል።,Warning,4
3235,ዶክተሩ ወደ ከተማው ውስጥ በሚቀጥለው አመት ሄደዋል።,Assertion,1
3236,ጤና ይስጥልኝ ደንበኛው፣ ነገ ጠዋት ደህና ነህ?,Phatic,7
3238,ይህን ገንዘቡን ከደንበኛው መቀበል አልችልም።,Refusal,2
3239,ፖሊሱ ወደ ፖሊስ ጣቢያ በዚህ አመት ሄደዋል።,Assertion,1
3240,እባክዎ ደረሰኙን ለሹፌሩ ነገ ከሰዓት በኋላ ይላኩልኝ።,Request,0
3243,እባክዎ ኮምፒዩተሩን ለዶክተሩ በስብሰባው ወቅት ይላኩልኝ።,Request,0
3244,እባክዎ ዕቃውን ለሚኒስትሩ በሚቀጥለው ሳምንት ይላኩልኝ።,Request,0
3245,እባክህ ለቡናው ይህን ዘዴ በሚቀጥለው አመት ተጠቀም።,Suggestion,3
3246,እባክዎ ፋይሉን ለአለቃዬ ከሁለት ቀናት በኋላ ይላኩልኝ።,Request,0
3248,ጤና ይስጥልኝ አስተማሪዋ፣ ነገ ደህና ነህ?,Phatic,7
3249,ቢያንስ አንዴ ኮምፒዩተሩን በቤት እንሞክር።,Suggestion,3
3250,ሂሳቡን ከሶስት ሰዓት በኋላ ብንሞክር ጥሩ ይሆናል።,Suggestion,3
3251,ቢያንስ አንዴ ስልኩን በሆስፒታል እንሞክር።,Suggestion,3
3254,ይቅርታ፣ ቡናውን በሚቀጥለው አመት ማድረግ አልችልም።,Refusal,2
3257,መምህሩ፣ ጤና ይስጥልኝ በስብሰባ ክፍል።,Phatic,7
3258,መምህሩ ወደ ስብሰባ ክፍል ነገ ጠዋት ሄደዋል።,Assertion,1
3260,ደረሰኙን ዛሬ ማታ ብንሞክር ጥሩ ይሆናል።,Suggestion,3
3261,የዕቃው ችግር ነገ ጠዋት ከጓደኛዬ ጋር እፈታለሁ።,Promise,8
3262,ይህን ውሃውን ከመምህሩ መቀበል አልችልም።,Refusal,2
3263,የውሃው ችግር ከዛሬ ጀምሮ ከሚኒስትሩ ጋር እፈታለሁ።,Promise,8
3264,የፋይሉ ዋጋውን ከምሽቱ ጀምሮ ብንቀንስ ደንበኞች ይጨምራሉ።,Suggestion,3
3265,ይህን ደረሰኙን ከስራ አስኪያጁ መቀበል አልችልም።,Refusal,2
3267,ሹፌሩ ወደ ሱቅ ዛሬ ማታ ሄደዋል።,Assertion,1
3268,እቅዱን ዛሬ ከድርጅቱ ጋር እናሻሽል።,Suggestion,3
3269,መምህሩ ወደ ቤት በሚቀጥለው ወር ሄደዋል።,Assertion,1
3270,ማዕከሉ ስለ ካርታው ማስጠንቀቂያ በዚህ ሳምንት አውጥቷል።,Warning,4
3272,የጥያቄው ገመድ በቤት አደገኛ ነው ተጠንቀቁ።,Warning,4
3274,ስቱዲዮው ስለ ውሃው ማስጠንቀቂያ በዚህ አመት አውጥቷል።,Warning,4
3275,ስለ ገንዘቡ ጉዳይ ከነጋዴው ጋር እንወያይ።,Suggestion,3
3276,ሹፌሩ ወደ ቤት በሚቀጥለው ወር ሄደዋል።,Assertion,1
3280,እባክዎ ሂሳቡን ለሹፌሩ ከሁለት ቀናት በኋላ ይላኩልኝ።,Request,0
3281,የስልኩ ችግር በሚቀጥለው ወር ከጠበቃው ጋር እፈታለሁ።,Promise,8
3282,እባክዎ መኪናውን ለባልደረባዬ ከምሽቱ ጀምሮ ይላኩልኝ።,Request,0
3283,እባክዎ ፕሮጀክቱን ለጠበቃው ነገ ጠዋት ይላኩልኝ።,Request,0
3285,እንኳን ደስ አለህ ጋዜጠኛው በሚቀጥለው ወር።,Phatic,7
3286,እባክዎ ስጦታውን ለባልደረባዬ ዛሬ ይላኩልኝ።,Request,0
3287,እንዴት ደስ ይላል፣ ጓደኛዬ እንደገና ዛሬ ማታ ዘገዩ።,Sarcasm/Irony,5
3289,ደህና እደር ዶክተሩ፣ ነገ ጠዋት እንገናኝ።,Phatic,7
3290,ይህን ትዕዛዙን ከነጋዴው መቀበል አልችልም።,Refusal,2
3291,ጠበቃው፣ እንደምን አደርክ በዚህ አመት?,Phatic,7
3292,ስራ አስኪያጁ ወደ መንገድ ላይ በዚህ አመት ሄደዋል።,Assertion,1
3294,ፖሊሱ ወደ ፖሊስ ጣቢያ ዛሬ ሄደዋል።,Assertion,1
3295,ስለ ዕቃው ጉዳይ ከባልደረባዬ ጋር እንወያይ።,Suggestion,3
3296,ፕሮጀክቱ ገና ወደ ባንክ ዛሬ ማታ አልደረሰኝም።,Complaint,6
3298,የኮምፒዩተሩ ዋጋውን ነገ ጠዋት ብንቀንስ ደንበኞች ይጨምራሉ።,Suggestion,3
3299,ደህና ከዛሬ ጀምሮ ይሁንልህ ጠበቃው።,Phatic,7
3300,የማሽኑ ችግር ከሶስት ሰዓት በኋላ ከሹፌሩ ጋር እፈታለሁ።,Promise,8
3301,የውሉ ገመድ በከተማው ውስጥ አደገኛ ነው ተጠንቀቁ።,Warning,4
3306,ይቅርታ፣ ሰነዱን በሳምንቱ መጨረሻ ማድረግ አልችልም።,Refusal,2
3308,ደህና በስብሰባው ወቅት ይሁንልህ ጋዜጠኛው።,Phatic,7
3309,አመሰግናለሁ መሐንዲሱ፣ ደህና ዋል በከተማው ውስጥ።,Phatic,7
3310,እባክዎ ቡናውን ለመሐንዲሱ ከምሽቱ ጀምሮ ይላኩልኝ።,Request,0
3311,እባክዎ ሂሳቡን ለመሐንዲሱ ከሶስት ሰዓት በኋላ ይላኩልኝ።,Request,0
3313,ጥያቄው ገና ወደ አውሮፕላን ማረፊያ በሳምንቱ መጨረሻ አልደረሰኝም።,Complaint,6
3314,ጎበዝ ስራ መሐንዲሱ፣ ሰነዱ ሙሉ በሙሉ ፈርሷል።,Sarcasm/Irony,5
3315,ደህና እደር ዶክተሩ፣ በዚህ አመት እንገናኝ።,Phatic,7
3316,ጠበቃው ወደ ትምህርት ቤት ነገ ጠዋት ሄደዋል።,Assertion,1
3317,በጣም ብልህ ነህ ስራ አስኪያጁ፣ ቦርሳውን ረሳኸው።,Sarcasm/Irony,5
3319,ሰላም ደንበኛው፣ በዚህ ወር እንዴት ነህ?,Phatic,7
3320,ልብሱ ገና ወደ መጋዘን በሚቀጥለው ወር አልደረሰኝም።,Complaint,6
3321,ቁልፉ ገና ወደ ገበያ በሳምንቱ መጨረሻ አልደረሰኝም።,Complaint,6
3323,ነጋዴው ወደ ትምህርት ቤት በስብሰባው ወቅት ሄደዋል።,Assertion,1
3326,የሪፖርቱ ገመድ በፖሊስ ጣቢያ አደገኛ ነው ተጠንቀቁ።,Warning,4
3327,ይቅርታ፣ ኮምፒዩተሩን በዚህ ወር ማድረግ አልችልም።,Refusal,2
3332,እባክዎ መሳሪያውን ለስራ አስኪያጁ ዛሬ ማታ ይላኩልኝ።,Request,0
3333,ይህን ፋይሉን ከፖሊሱ መቀበል አልችልም።,Refusal,2
3335,ውሉ ገና ወደ ፋብሪካ ከሰዓት በኋላ አልደረሰኝም።,Complaint,6
3336,እንኳን ደስ አለህ ጋዜጠኛው በሚቀጥለው ሳምንት።,Phatic,7
3337,ከመሐንዲሱ ጋር ስለ ዕቃው ጉዳይ መስማማት አልችልም።,Refusal,2
3339,ይቅርታ፣ ሰነዱን በሚቀጥለው ሳምንት ማድረግ አልችልም።,Refusal,2
3340,አለቃዬ፣ ጤና ይስጥልኝ በመጋዘን።,Phatic,7
3346,የኮምፒዩተሩ ችግር በሚቀጥለው አመት ከአለቃዬ ጋር እፈታለሁ።,Promise,8
3347,እሰይ፣ ሌላ ችግር በከተማው ውስጥ ነገ ከሰዓት በኋላ፣ ልክ የሚያስፈልገን ይሄው ነበር።,Sarcasm/Irony,5
3348,ጤና ይስጥልኝ ጓደኛዬ፣ ከሁለት ቀናት በኋላ ደህና ነህ?,Phatic,7
3349,ደህና በሳምንቱ መጨረሻ ይሁንልህ አለቃዬ።,Phatic,7
3350,ሚኒስቴሩ ስለ መሳሪያው ማስጠንቀቂያ ከዛሬ ጀምሮ አውጥቷል።,Warning,4
3351,ጎበዝ ስራ ጋዜጠኛው፣ ቡናው ሙሉ በሙሉ ፈርሷል።,Sarcasm/Irony,5
3352,እንዴት ጎበዝ ነህ ሚኒስትሩ፣ ሪፖርቱን ሰብረኸዋል!,Sarcasm/Irony,5
3353,የበሩ ገመድ በፖሊስ ጣቢያ አደገኛ ነው ተጠንቀቁ።,Warning,4
3354,በጣም ብልህ ነህ ፖሊሱ፣ ኮምፒዩተሩን ረሳኸው።,Sarcasm/Irony,5
3355,እባክዎ ፕሮጀክቱን ለደንበኛው ከሰዓት በኋላ ይላኩልኝ።,Request,0
3356,ማዕከሉ ስለ መስኮቱ ማስጠንቀቂያ በሚቀጥለው ወር አውጥቷል።,Warning,4
3358,ስለ ገንዘቡ ከሚኒስትሩ ጋር ማሰብ ይኖርብናል።,Suggestion,3
3359,ይቅርታ፣ ጥያቄውን ከአንድ ሰዓት በኋላ ማድረግ አልችልም።,Refusal,2
3360,እባክዎ ውሃውን ለፖሊሱ ከዛሬ ጀምሮ ይላኩልኝ።,Request,0
3362,የቤቱ ችግር በዚህ ወር ከሹፌሩ ጋር እፈታለሁ።,Promise,8
3365,እንዴት ጎበዝ ነህ ጠበቃው፣ ገንዘቡን ሰብረኸዋል!,Sarcasm/Irony,5
3366,ዶክተሩ፣ እንደምን አደርክ ከጥቂት ደቂቃዎች በኋላ?,Phatic,7
3367,እቅዱን ከሰዓት በኋላ ከስቱዲዮው ጋር እናሻሽል።,Suggestion,3
3368,ይህን በሩን ከጋዜጠኛው መቀበል አልችልም።,Refusal,2
3369,እቅዱን በዚህ አመት ከስቱዲዮው ጋር እናሻሽል።,Suggestion,3
3370,ይቅርታ፣ ጥያቄውን በዚህ ሳምንት ማድረግ አልችልም።,Refusal,2
3371,ስለ ደብዳቤው ከአስተማሪዋ ጋር ማሰብ ይኖርብናል።,Suggestion,3
3373,እንዴት ጎበዝ ነህ ደንበኛው፣ ሪፖርቱን ሰብረኸዋል!,Sarcasm/Irony,5
3374,እባክዎ ይቅርታ፣ መጽሐፉን ዛሬ ማቅረብ አልችልም።,Refusal,2
3375,ደንበኛው ወደ ፋብሪካ በሚቀጥለው ሳምንት ሄደዋል።,Assertion,1
3376,ዶክተሩ ወደ ባንክ ዛሬ ማታ ሄደዋል።,Assertion,1
3377,መንግስት ስለ መስኮቱ ማስጠንቀቂያ ዛሬ አውጥቷል።,Warning,4
3378,ኩባንያው ዛሬ ማታ አዲስ ሰራተኞችን ቀጥሯል።,Assertion,1
3379,አለቃዬ ወደ ከተማው ውስጥ በሚቀጥለው አመት ሄደዋል።,Assertion,1
3380,ከነጋዴው ጋር ስለ ሰነዱ ጉዳይ መስማማት አልችልም።,Refusal,2
3381,ኩባንያው ስለ መጽሐፉ ማስጠንቀቂያ ከሰዓት በኋላ አውጥቷል።,Warning,4
3382,ጎበዝ ስራ ጠበቃው፣ መልእክቱ ሙሉ በሙሉ ፈርሷል።,Sarcasm/Irony,5
3383,እባክዎ በሩን ለመምህሩ ከጥቂት ደቂቃዎች በኋላ ይላኩልኝ።,Request,0
3384,ባንኩ ስለ ስጦታው ማስጠንቀቂያ በሳምንቱ መጨረሻ አውጥቷል።,Warning,4
3385,በሩ ገና ወደ ቤት ከምሽቱ ጀምሮ አልደረሰኝም።,Complaint,6
3387,በጣም ብልህ ነህ ዶክተሩ፣ ሂሳቡን ረሳኸው።,Sarcasm/Irony,5
3388,ጤና ይስጥልኝ ሹፌሩ፣ ከሰዓት በኋላ ደህና ነህ?,Phatic,7
3391,ሪፖርቱ ገና ወደ ሆስፒታል በሚቀጥለው ወር አልደረሰኝም።,Complaint,6
3393,ኩባንያው ስለ ስጦታው ማስጠንቀቂያ ነገ አውጥቷል።,Warning,4
3394,መንግስት ስለ ስጦታው ማስጠንቀቂያ በዚህ አመት አውጥቷል።,Warning,4
3396,የፕሮጀክቱ ችግር ከዛሬ ጀምሮ ከባልደረባዬ ጋር እፈታለሁ።,Promise,8
3399,ማህበሩ ስለ መሳሪያው ማስጠንቀቂያ በሚቀጥለው ወር አውጥቷል።,Warning,4
3400,የገንዘቡ ችግር በዚህ አመት ከሹፌሩ ጋር እፈታለሁ።,Promise,8
3401,መሐንዲሱ ወደ ፋብሪካ ከጥቂት ደቂቃዎች በኋላ ሄደዋል።,Assertion,1
3403,እንኳን ደስ አለህ ባልደረባዬ በሳምንቱ መጨረሻ።,Phatic,7
3405,ከሰዓት በኋላ በፖሊስ ጣቢያ ስብሰባ እናድርግ።,Suggestion,3
3406,ይቅርታ፣ ሂሳቡን በዚህ ሳምንት ማድረግ አልችልም።,Refusal,2
3407,እባክዎ ይቅርታ፣ ሰነዱን ነገ ጠዋት ማቅረብ አልችልም።,Refusal,2
3409,እባክዎ ልብሱን ለአስተማሪዋ ከምሽቱ ጀምሮ ይላኩልኝ።,Request,0
3410,መጽሐፉን በሳምንቱ መጨረሻ ብንሞክር ጥሩ ይሆናል።,Suggestion,3
3411,መሳሪያው ገና ወደ ሆስፒታል በዚህ አመት አልደረሰኝም።,Complaint,6
3413,እንዴት ጎበዝ ነህ ሚኒስትሩ፣ ልብሱን ሰብረኸዋል!,Sarcasm/Irony,5
3414,ጤና ይስጥልኝ ነጋዴው፣ በሳምንቱ መጨረሻ ደህና ነህ?,Phatic,7
3415,ጠበቃው፣ ጤና ይስጥልኝ በትምህርት ቤት።,Phatic,7
3416,ከሚኒስትሩ ጋር ስለ መሳሪያው ጉዳይ መስማማት አልችልም።,Refusal,2
3417,ስለ ስልኩ ከሚኒስትሩ ጋር ማሰብ ይኖርብናል።,Suggestion,3
3418,እባክዎ መስኮቱን ለደንበኛው ከሁለት ቀናት በኋላ ይላኩልኝ።,Request,0
3419,እቅዱን ነገ ከሰዓት በኋላ ከመንግስት ጋር እናሻሽል።,Suggestion,3
3421,የደብዳቤው ችግር በሚቀጥለው አመት ከባልደረባዬ ጋር እፈታለሁ።,Promise,8
3423,ይህን ቦርሳውን ከጋዜጠኛው መቀበል አልችልም።,Refusal,2
3424,ፋብሪካው ስለ ሰነዱ ማስጠንቀቂያ ከጥቂት ደቂቃዎች በኋላ አውጥቷል።,Warning,4
3426,እንኳን ደስ አለህ ጓደኛዬ ከሰዓት በኋላ።,Phatic,7
3427,በከተማው ውስጥ ነገ ከሰዓት በኋላ ወንጀል ሊፈጸም ይችላል ተጠንቀቁ።,Warning,4
3430,የመስኮቱ ችግር በሚቀጥለው ሳምንት ከባልደረባዬ ጋር እፈታለሁ።,Promise,8
3432,እባክዎ ማሽኑን ለመሐንዲሱ በስብሰባው ወቅት ይላኩልኝ።,Request,0
3433,እንኳን ደስ አለህ አለቃዬ፣ ስለ ውሃው እንደገና ተሳስተሃል።,Sarcasm/Irony,5
3436,ፕሮጀክቱ ገና ወደ ከተማው ውስጥ ከጥቂት ደቂቃዎች በኋላ አልደረሰኝም።,Complaint,6
3437,የትዕዛዙ ዋጋውን ዛሬ ማታ ብንቀንስ ደንበኞች ይጨምራሉ።,Suggestion,3
3439,እቅዱን ከምሽቱ ጀምሮ ከኩባንያው ጋር እናሻሽል።,Suggestion,3
3440,ጋዜጠኛው፣ ጤና ይስጥልኝ በሱቅ።,Phatic,7
3441,የመጽሐፉ ችግር ከአንድ ሰዓት በኋላ ከጠበቃው ጋር እፈታለሁ።,Promise,8
3442,የቡናው ገመድ በሱቅ አደገኛ ነው ተጠንቀቁ።,Warning,4
3443,እንዴት ጎበዝ ነህ ሹፌሩ፣ መሳሪያውን ሰብረኸዋል!,Sarcasm/Irony,5
3444,የፋይሉ ዋጋውን ከሰዓት በኋላ ብንቀንስ ደንበኞች ይጨምራሉ።,Suggestion,3
3447,ነገ ጠዋት በስብሰባ ክፍል ስብሰባ እናድርግ።,Suggestion,3
3448,የመልእክቱ ችግር ከዛሬ ጀምሮ ከሹፌሩ ጋር እፈታለሁ።,Promise,8
3449,አዎ በርግጥ፣ የፋብሪካው እቅድ በበሚቀጥለው ወር በጭራሽ አይከሽፍም።,Sarcasm/Irony,5
3451,የመጽሐፉ ወጪውን በመጋዘን ብንቀንስ የተሻለ ነው።,Suggestion,3
3452,መስኮቱ ገና ወደ ሱቅ በዚህ አመት አልደረሰኝም።,Complaint,6
3453,ቤቱ ገና ወደ ትምህርት ቤት በሚቀጥለው አመት አልደረሰኝም።,Complaint,6
3454,ስለ ደረሰኙ ከባልደረባዬ ጋር ማሰብ ይኖርብናል።,Suggestion,3
3455,ከባልደረባዬ ጋር ስለ ትዕዛዙ ጉዳይ መስማማት አልችልም።,Refusal,2
3457,ባንኩ ስለ ደረሰኙ ማስጠንቀቂያ በሚቀጥለው ወር አውጥቷል።,Warning,4
3458,ፋብሪካው ስለ መሳሪያው ማስጠንቀቂያ ከሰዓት በኋላ አውጥቷል።,Warning,4
3459,ኮምፒዩተሩን ከሁለት ቀናት በኋላ ብንሞክር ጥሩ ይሆናል።,Suggestion,3
3460,የሂሳቡ ችግር ከሶስት ሰዓት በኋላ ከባልደረባዬ ጋር እፈታለሁ።,Promise,8
3461,እባክዎ ትዕዛዙን ለሹፌሩ ዛሬ ይላኩልኝ።,Request,0
3462,ደህና በሚቀጥለው ወር ይሁንልህ ነጋዴው።,Phatic,7
3463,ይቅርታ፣ ደብዳቤውን በሚቀጥለው አመት ማድረግ አልችልም።,Refusal,2
3464,ከመሐንዲሱ ጋር ስለ ደብዳቤው ጉዳይ መስማማት አልችልም።,Refusal,2
3466,ገንዘቡ ገና ወደ ገበያ በዚህ አመት አልደረሰኝም።,Complaint,6
3468,እባክዎ ይቅርታ፣ ሂሳቡን ከዛሬ ጀምሮ ማቅረብ አልችልም።,Refusal,2
3469,ስራ አስኪያጁ፣ እንደምን አደርክ ከጥቂት ደቂቃዎች በኋላ?,Phatic,7
3470,መልእክቱ ገና ወደ መጋዘን ከሶስት ሰዓት በኋላ አልደረሰኝም።,Complaint,6
3471,ማህበሩ ስለ መጽሐፉ ማስጠንቀቂያ ከምሽቱ ጀምሮ አውጥቷል።,Warning,4
3473,ሚኒስትሩ ወደ መንገድ ላይ ነገ ጠዋት ሄደዋል።,Assertion,1
3474,ጎበዝ! በጣም ጥሩ ስራ ሰራህ ደንበኛው፣ ፋይሉን አበላሸኸው።,Sarcasm/Irony,5
3475,መንግስት ስለ ኮምፒዩተሩ ማስጠንቀቂያ በሚቀጥለው ወር አውጥቷል።,Warning,4
3477,የመጽሐፉ ችግር በሳምንቱ መጨረሻ ከጋዜጠኛው ጋር እፈታለሁ።,Promise,8
3478,እባክዎ ዕቃውን ለሹፌሩ በዚህ ሳምንት ይላኩልኝ።,Request,0
3479,ሚኒስትሩ ወደ ሆስፒታል በሚቀጥለው ወር ሄደዋል።,Assertion,1
3480,ከፖሊሱ ጋር ስለ ትዕዛዙ ጉዳይ መስማማት አልችልም።,Refusal,2
3484,እንዴት ጎበዝ ነህ መሐንዲሱ፣ ካርታውን ሰብረኸዋል!,Sarcasm/Irony,5
3486,ይቅርታ፣ ስልኩን ነገ ጠዋት ማድረግ አልችልም።,Refusal,2
3490,በጣም ብልህ ነህ ሹፌሩ፣ ቁልፉን ረሳኸው።,Sarcasm/Irony,5
3492,እባክዎ መልእክቱን ለአለቃዬ በሳምንቱ መጨረሻ ይላኩልኝ።,Request,0
3493,ሚኒስቴሩ ስለ ደረሰኙ ማስጠንቀቂያ ከሁለት ቀናት በኋላ አውጥቷል።,Warning,4
3494,ይህን መሳሪያውን ከመምህሩ መቀበል አልችልም።,Refusal,2
3495,ነጋዴው፣ ጤና ይስጥልኝ በሱቅ።,Phatic,7
3496,እባክህ ለጥያቄው ይህን ዘዴ ከጥቂት ደቂቃዎች በኋላ ተጠቀም።,Suggestion,3
3497,ፋይሉ ገና ወደ መንገድ ላይ ከአንድ ሰዓት በኋላ አልደረሰኝም።,Complaint,6
3498,ደንበኛው ወደ ትምህርት ቤት ነገ ጠዋት ሄደዋል።,Assertion,1
3500,እባክዎ ቤቱን ለጠበቃው ከሁለት ቀናት በኋላ ይላኩልኝ።,Request,0
3501,ጤና ይስጥልኝ ሚኒስትሩ፣ በሚቀጥለው ወር ደህና ነህ?,Phatic,7
3502,ባንክ በዚህ አመት ተከፍቷል።,Assertion,1
3503,እባክዎ ቡናውን ለጓደኛዬ ነገ ጠዋት ይላኩልኝ።,Request,0
3505,ይቅርታ፣ ዕቃውን ዛሬ ማድረግ አልችልም።,Refusal,2
3506,ደብዳቤው ገና ወደ ገበያ በሚቀጥለው ሳምንት አልደረሰኝም።,Complaint,6
3508,የጥያቄው ችግር ከጥቂት ደቂቃዎች በኋላ ከአለቃዬ ጋር እፈታለሁ።,Promise,8
3509,ማዕከሉ ስለ ማሽኑ ማስጠንቀቂያ በዚህ ሳምንት አውጥቷል።,Warning,4
3512,ማህበሩ ስለ ምርቱ ማስጠንቀቂያ በሚቀጥለው ወር አውጥቷል።,Warning,4
3514,እባክዎ ቦርሳውን ለስራ አስኪያጁ ነገ ጠዋት ይላኩልኝ።,Request,0
3516,ኤጀንሲው ስለ ቤቱ ማስጠንቀቂያ ከምሽቱ ጀምሮ አውጥቷል።,Warning,4
3519,እባክዎ ማሽኑን ለዶክተሩ ከሰዓት በኋላ ይላኩልኝ።,Request,0
3521,ይህን ደብዳቤውን ከሹፌሩ መቀበል አልችልም።,Refusal,2
3523,እባክዎ ፋይሉን ለባልደረባዬ በዚህ ሳምንት ይላኩልኝ።,Request,0
3525,አመሰግናለሁ ፖሊሱ፣ ደህና ዋል በፍርድ ቤት።,Phatic,7
3526,የቦርሳው ችግር ከሰዓት በኋላ ከባልደረባዬ ጋር እፈታለሁ።,Promise,8
3529,ነጋዴው ወደ ገበያ ዛሬ ማታ ሄደዋል።,Assertion,1
3530,ልብሱ ገና ወደ ገበያ ከአንድ ሰዓት በኋላ አልደረሰኝም።,Complaint,6
3532,እንዴት ጎበዝ ነህ ነጋዴው፣ ውሃውን ሰብረኸዋል!,Sarcasm/Irony,5
3533,አለቃዬ ወደ ባንክ ከዛሬ ጀምሮ ሄደዋል።,Assertion,1
3534,መሐንዲሱ፣ ጤና ይስጥልኝ በትምህርት ቤት።,Phatic,7
3535,በገበያ ዛሬ ወንጀል ሊፈጸም ይችላል ተጠንቀቁ።,Warning,4
3536,ይቅርታ፣ ትዕዛዙን ዛሬ ማድረግ አልችልም።,Refusal,2
3537,እባክዎ ገንዘቡን ለሚኒስትሩ ነገ ይላኩልኝ።,Request,0
3538,አለቃዬ፣ ጤና ይስጥልኝ በስብሰባ ክፍል።,Phatic,7
3539,የትዕዛዙ ገመድ በሱቅ አደገኛ ነው ተጠንቀቁ።,Warning,4
3541,መኪናው ገና ወደ ሱቅ ከምሽቱ ጀምሮ አልደረሰኝም።,Complaint,6
3542,ባልደረባዬ ወደ ገበያ ነገ ከሰዓት በኋላ ሄደዋል።,Assertion,1
3543,ደህና ዛሬ ማታ ይሁንልህ መሐንዲሱ።,Phatic,7
3544,ነጋዴው ወደ ፋብሪካ በዚህ አመት ሄደዋል።,Assertion,1
3545,መስኮቱ ገና ወደ ባንክ ዛሬ ማታ አልደረሰኝም።,Complaint,6
3546,መምህሩ ወደ ፋብሪካ ከሰዓት በኋላ ሄደዋል።,Assertion,1
3547,ከአስተማሪዋ ጋር ስለ ደረሰኙ ጉዳይ መስማማት አልችልም።,Refusal,2
3548,አመሰግናለሁ ባልደረባዬ፣ ደህና ዋል በቢሮ።,Phatic,7
3549,የሪፖርቱ ችግር ዛሬ ማታ ከአለቃዬ ጋር እፈታለሁ።,Promise,8
3553,ባልደረባዬ ወደ ቢሮ በሚቀጥለው ሳምንት ሄደዋል።,Assertion,1
3554,እባክዎ ቁልፉን ለመሐንዲሱ ከጥቂት ደቂቃዎች በኋላ ይላኩልኝ።,Request,0
3557,እንዴት ጎበዝ ነህ ነጋዴው፣ ልብሱን ሰብረኸዋል!,Sarcasm/Irony,5
3558,ፋብሪካው ከአንድ ሰዓት በኋላ አዲስ ሰራተኞችን ቀጥሯል።,Assertion,1
3559,ነገ ከሰዓት በኋላ ወደ ሆስፒታል እደርሳለሁ።,Promise,8
3562,ደህና ሁን ጓደኛዬ፣ እስከ በሚቀጥለው ሳምንት እንገናኝ።,Phatic,7
3564,ደህና በሳምንቱ መጨረሻ ይሁንልህ ጠበቃው።,Phatic,7
3565,እባክህ ለሪፖርቱ ይህን ዘዴ ዛሬ ተጠቀም።,Suggestion,3
3566,የመሳሪያው ችግር ከሶስት ሰዓት በኋላ ከመምህሩ ጋር እፈታለሁ።,Promise,8
3567,እባክዎ ደረሰኙን ለአለቃዬ ከሁለት ቀናት በኋላ ይላኩልኝ።,Request,0
3570,ከመምህሩ ጋር ስለ ውሉ ጉዳይ መስማማት አልችልም።,Refusal,2
3573,አለቃዬ ወደ ከተማው ውስጥ ከምሽቱ ጀምሮ ሄደዋል።,Assertion,1
3574,ይህን ስራ ከመምህሩ ጋር አልቀበልም።,Refusal,2
3575,እባክዎ ምርቱን ለደንበኛው በሚቀጥለው ወር ይላኩልኝ።,Request,0
3576,ጠበቃው ወደ ሱቅ በዚህ ወር ሄደዋል።,Assertion,1
3578,እባክዎ ቡናውን ለሚኒስትሩ ከምሽቱ ጀምሮ ይላኩልኝ።,Request,0
3582,አለቃዬ ወደ ቤት በዚህ አመት ሄደዋል።,Assertion,1
3583,ስለ ቦርሳው ጉዳይ ከባልደረባዬ ጋር እንወያይ።,Suggestion,3
3588,የስልኩ ችግር ከጥቂት ደቂቃዎች በኋላ ከጓደኛዬ ጋር እፈታለሁ።,Promise,8
3589,ደህና ሁን ሹፌሩ፣ እስከ ዛሬ እንገናኝ።,Phatic,7
3591,ከመሐንዲሱ ጋር ስለ ቤቱ ጉዳይ መስማማት አልችልም።,Refusal,2
3592,ስለ ትዕዛዙ ከፖሊሱ ጋር ማሰብ ይኖርብናል።,Suggestion,3
3596,ደብዳቤው ገና ወደ መጋዘን ነገ አልደረሰኝም።,Complaint,6
3597,የኮምፒዩተሩ ችግር ከሶስት ሰዓት በኋላ ከአስተማሪዋ ጋር እፈታለሁ።,Promise,8
3601,የገንዘቡ ወጪውን በአውሮፕላን ማረፊያ ብንቀንስ የተሻለ ነው።,Suggestion,3
3602,እንኳን ደስ አለህ ስራ አስኪያጁ በዚህ ወር።,Phatic,7
3603,ደህና ከዛሬ ጀምሮ ይሁንልህ ሹፌሩ።,Phatic,7
3604,መሳሪያውን ከምሽቱ ጀምሮ ብንሞክር ጥሩ ይሆናል።,Suggestion,3
3606,እባክዎ ካርታውን ለፖሊሱ ነገ ጠዋት ይላኩልኝ።,Request,0
3607,እንኳን ደስ አለህ ፖሊሱ፣ ስለ ሪፖርቱ እንደገና ተሳስተሃል።,Sarcasm/Irony,5
3608,የልብሱ ችግር ከሶስት ሰዓት በኋላ ከባልደረባዬ ጋር እፈታለሁ።,Promise,8
3609,የፕሮጀክቱ ችግር ከአንድ ሰዓት በኋላ ከሚኒስትሩ ጋር እፈታለሁ።,Promise,8
3610,አመሰግናለሁ ጓደኛዬ፣ ደህና ዋል በፖሊስ ጣቢያ።,Phatic,7
3611,የቤቱ ችግር ከዛሬ ጀምሮ ከነጋዴው ጋር እፈታለሁ።,Promise,8
3612,የውሃው ችግር በሚቀጥለው ሳምንት ከደንበኛው ጋር እፈታለሁ።,Promise,8
3614,እባክዎ ይቅርታ፣ መሳሪያውን ከምሽቱ ጀምሮ ማቅረብ አልችልም።,Refusal,2
3616,ከዶክተሩ ጋር ስለ ሰነዱ ጉዳይ መስማማት አልችልም።,Refusal,2
3618,ፋብሪካው ስለ ቁልፉ ማስጠንቀቂያ ነገ አውጥቷል።,Warning,4
3619,ቤቱ ገና ወደ ፋብሪካ በሚቀጥለው ወር አልደረሰኝም።,Complaint,6
3620,ስልኩ ገና ወደ መጋዘን ዛሬ አልደረሰኝም።,Complaint,6
3621,እባክዎ መጽሐፉን ለጋዜጠኛው በዚህ ወር ይላኩልኝ።,Request,0
3624,እንኳን ደስ አለህ ፖሊሱ በሳምንቱ መጨረሻ።,Phatic,7
3625,ቡናው ገና ወደ ሆስፒታል በዚህ አመት አልደረሰኝም።,Complaint,6
3626,መኪናው ገና ወደ ፍርድ ቤት ከሰዓት በኋላ አልደረሰኝም።,Complaint,6
3629,ውሃው ገና ወደ ፋብሪካ ከሶስት ሰዓት በኋላ አልደረሰኝም።,Complaint,6
3631,እንዴት ጎበዝ ነህ አለቃዬ፣ መልእክቱን ሰብረኸዋል!,Sarcasm/Irony,5
3633,እባክዎ ፕሮጀክቱን ለጠበቃው ከምሽቱ ጀምሮ ይላኩልኝ።,Request,0
3634,ጎበዝ! በጣም ጥሩ ስራ ሰራህ መሐንዲሱ፣ ፕሮጀክቱን አበላሸኸው።,Sarcasm/Irony,5
3635,እባክህ ለቦርሳው ይህን ዘዴ በሳምንቱ መጨረሻ ተጠቀም።,Suggestion,3
3636,ከጥቂት ደቂቃዎች በኋላ በመጋዘን ስብሰባ እናድርግ።,Suggestion,3
3637,ኤጀንሲው ስለ ሂሳቡ ማስጠንቀቂያ በሳምንቱ መጨረሻ አውጥቷል።,Warning,4
3638,እባክዎ ይቅርታ፣ ቤቱን ከጥቂት ደቂቃዎች በኋላ ማቅረብ አልችልም።,Refusal,2
3639,ጓደኛዬ ወደ ትምህርት ቤት ነገ ጠዋት ሄደዋል።,Assertion,1
3640,ደረሰኙ ገና ወደ ፋብሪካ ነገ አልደረሰኝም።,Complaint,6
3641,ስቱዲዮው ስለ ዕቃው ማስጠንቀቂያ ከሰዓት በኋላ አውጥቷል።,Warning,4
3642,የትዕዛዙ ዋጋውን ከአንድ ሰዓት በኋላ ብንቀንስ ደንበኞች ይጨምራሉ።,Suggestion,3
3645,እባክዎ ይቅርታ፣ ቁልፉን በዚህ አመት ማቅረብ አልችልም።,Refusal,2
3647,የልብሱ ችግር ከዛሬ ጀምሮ ከመምህሩ ጋር እፈታለሁ።,Promise,8
3648,ስቱዲዮው ስለ ማሽኑ ማስጠንቀቂያ በዚህ ወር አውጥቷል።,Warning,4
3650,ጥያቄው ገና ወደ አውሮፕላን ማረፊያ በዚህ ሳምንት አልደረሰኝም።,Complaint,6
3653,ስራ አስኪያጁ ወደ ሱቅ ነገ ሄደዋል።,Assertion,1
3655,ፕሮጀክቱ ገና ወደ መጋዘን ከአንድ ሰዓት በኋላ አልደረሰኝም።,Complaint,6
3656,የቁልፉ ዋጋውን ዛሬ ማታ ብንቀንስ ደንበኞች ይጨምራሉ።,Suggestion,3
3657,እባክዎ ዕቃውን ለመሐንዲሱ ከአንድ ሰዓት በኋላ ይላኩልኝ።,Request,0
3658,ቢያንስ አንዴ መኪናውን በሆስፒታል እንሞክር።,Suggestion,3
3661,አለቃዬ ወደ ሱቅ ከጥቂት ደቂቃዎች በኋላ ሄደዋል።,Assertion,1
3662,ጥንቃቄ ያድርጉ፣ ከዛሬ ጀምሮ አውሮፕላን ማረፊያ ይንሸራተታል።,Warning,4
3663,ድርጅቱ ስለ ቡናው ማስጠንቀቂያ ከሁለት ቀናት በኋላ አውጥቷል።,Warning,4
3664,እንዴት ጎበዝ ነህ ፖሊሱ፣ ኮምፒዩተሩን ሰብረኸዋል!,Sarcasm/Irony,5
3667,እንኳን ደስ አለህ ባልደረባዬ፣ ስለ ሰነዱ እንደገና ተሳስተሃል።,Sarcasm/Irony,5
3669,ቁልፉ ገና ወደ ስብሰባ ክፍል ነገ ከሰዓት በኋላ አልደረሰኝም።,Complaint,6
3672,በጣም ብልህ ነህ አለቃዬ፣ ካርታውን ረሳኸው።,Sarcasm/Irony,5
3673,እባክዎ መልእክቱን ለስራ አስኪያጁ በዚህ አመት ይላኩልኝ።,Request,0
3674,እባክዎ ጥያቄውን ለአለቃዬ በዚህ ወር ይላኩልኝ።,Request,0
3675,ውሉ ገና ወደ አውሮፕላን ማረፊያ ከጥቂት ደቂቃዎች በኋላ አልደረሰኝም።,Complaint,6
3679,ዕቃው ገና ወደ ባንክ ከምሽቱ ጀምሮ አልደረሰኝም።,Complaint,6
3681,ቤቱ ገና ወደ ከተማው ውስጥ ከሁለት ቀናት በኋላ አልደረሰኝም።,Complaint,6
3682,የበሩ ችግር በዚህ ወር ከአለቃዬ ጋር እፈታለሁ።,Promise,8
3683,ስለ ቤቱ ከጓደኛዬ ጋር ማሰብ ይኖርብናል።,Suggestion,3
3684,ገንዘቡ ገና ወደ ከተማው ውስጥ ከምሽቱ ጀምሮ አልደረሰኝም።,Complaint,6
3685,የመልእክቱ ወጪውን በባንክ ብንቀንስ የተሻለ ነው።,Suggestion,3
3686,ኮምፒዩተሩ ገና ወደ ቤት ዛሬ ማታ አልደረሰኝም።,Complaint,6
3688,ስራ አስኪያጁ ወደ ፍርድ ቤት ከዛሬ ጀምሮ ሄደዋል።,Assertion,1
3689,ይቅርታ፣ መጽሐፉን ከሁለት ቀናት በኋላ ማድረግ አልችልም።,Refusal,2
3690,እባክዎ ትዕዛዙን ለመምህሩ ነገ ጠዋት ይላኩልኝ።,Request,0
3691,እባክዎ ጥያቄውን ለነጋዴው በሚቀጥለው ሳምንት ይላኩልኝ።,Request,0
3694,ከስራ አስኪያጁ ጋር ስለ ማሽኑ ጉዳይ መስማማት አልችልም።,Refusal,2
3699,ይቅርታ፣ ውሃውን ከአንድ ሰዓት በኋላ ማድረግ አልችልም።,Refusal,2
3700,እባክዎ ይቅርታ፣ ኮምፒዩተሩን በዚህ አመት ማቅረብ አልችልም።,Refusal,2
3701,እባክዎ ይቅርታ፣ ዕቃውን ከሶስት ሰዓት በኋላ ማቅረብ አልችልም።,Refusal,2
3702,እባክዎ ይቅርታ፣ ዕቃውን ከሁለት ቀናት በኋላ ማቅረብ አልችልም።,Refusal,2
3704,እባክዎ ልብሱን ለሹፌሩ ከአንድ ሰዓት በኋላ ይላኩልኝ።,Request,0
3706,አዎ በርግጥ፣ የማዕከሉ እቅድ በዛሬ ማታ በጭራሽ አይከሽፍም።,Sarcasm/Irony,5
3708,በፖሊስ ጣቢያ ከሰዓት በኋላ ወንጀል ሊፈጸም ይችላል ተጠንቀቁ።,Warning,4
3713,እሰይ፣ ሌላ ችግር በከተማው ውስጥ ዛሬ፣ ልክ የሚያስፈልገን ይሄው ነበር።,Sarcasm/Irony,5
3714,እባክዎ ስጦታውን ለነጋዴው ዛሬ ማታ ይላኩልኝ።,Request,0
3715,ደንበኛው ወደ ባንክ በሚቀጥለው ወር ሄደዋል።,Assertion,1
3716,እንዴት ጎበዝ ነህ ጋዜጠኛው፣ ስጦታውን ሰብረኸዋል!,Sarcasm/Irony,5
3717,ስራ አስኪያጁ ወደ ስብሰባ ክፍል በሳምንቱ መጨረሻ ሄደዋል።,Assertion,1
3718,የመልእክቱ ወጪውን በፋብሪካ ብንቀንስ የተሻለ ነው።,Suggestion,3
3719,እንኳን ደስ አለህ ጓደኛዬ፣ ስለ ትዕዛዙ እንደገና ተሳስተሃል።,Sarcasm/Irony,5
3721,ስለ ቡናው ከሚኒስትሩ ጋር ማሰብ ይኖርብናል።,Suggestion,3
3722,እባክዎ ሂሳቡን ለስራ አስኪያጁ ከጥቂት ደቂቃዎች በኋላ ይላኩልኝ።,Request,0
3723,ውሃው ገና ወደ ገበያ በሚቀጥለው ሳምንት አልደረሰኝም።,Complaint,6
3724,ስልኩ ገና ወደ አውሮፕላን ማረፊያ በዚህ አመት አልደረሰኝም።,Complaint,6
3726,የደብዳቤው ችግር በሚቀጥለው ሳምንት ከባልደረባዬ ጋር እፈታለሁ።,Promise,8
3729,እባክዎ ሰነዱን ለዶክተሩ በዚህ ሳምንት ይላኩልኝ።,Request,0
3730,እባክዎ ዕቃውን ለጠበቃው በሚቀጥለው አመት ይላኩልኝ።,Request,0
3731,መንግስት ስለ ትዕዛዙ ማስጠንቀቂያ ዛሬ አውጥቷል።,Warning,4
3732,ቤቱ ገና ወደ ፍርድ ቤት በሚቀጥለው አመት አልደረሰኝም።,Complaint,6
3734,የመልእክቱ ችግር ከሶስት ሰዓት በኋላ ከሹፌሩ ጋር እፈታለሁ።,Promise,8
3736,ይቅርታ፣ ውሉን በዚህ ወር ማድረግ አልችልም።,Refusal,2
3738,እባክዎ ሂሳቡን ለጓደኛዬ በዚህ አመት ይላኩልኝ።,Request,0
3739,እንዴት ደስ ይላል፣ ፖሊሱ እንደገና ነገ ጠዋት ዘገዩ።,Sarcasm/Irony,5
3740,መንግስት ስለ ፋይሉ ማስጠንቀቂያ ከምሽቱ ጀምሮ አውጥቷል።,Warning,4
3741,እባክዎ ስጦታውን ለሹፌሩ በሚቀጥለው ወር ይላኩልኝ።,Request,0
3742,ካርታው ገና ወደ ባንክ ከምሽቱ ጀምሮ አልደረሰኝም።,Complaint,6
3745,ስለ ትዕዛዙ ከደንበኛው ጋር ማሰብ ይኖርብናል።,Suggestion,3
3746,የመሳሪያው ችግር ዛሬ ከአለቃዬ ጋር እፈታለሁ።,Promise,8
3748,እሰይ፣ ሌላ ችግር በመንገድ ላይ በዚህ አመት፣ ልክ የሚያስፈልገን ይሄው ነበር።,Sarcasm/Irony,5
3749,ይቅርታ፣ ፕሮጀክቱን ከሁለት ቀናት በኋላ ማድረግ አልችልም።,Refusal,2
3754,መስኮቱ ገና ወደ ፖሊስ ጣቢያ ከምሽቱ ጀምሮ አልደረሰኝም።,Complaint,6
3755,በሩ ገና ወደ ከተማው ውስጥ ነገ ጠዋት አልደረሰኝም።,Complaint,6
3757,መንግስት ስለ ሰነዱ ማስጠንቀቂያ ነገ ጠዋት አውጥቷል።,Warning,4
3759,እባክዎ መኪናውን ለዶክተሩ በሚቀጥለው ሳምንት ይላኩልኝ።,Request,0
3760,ጥንቃቄ ያድርጉ፣ ከአንድ ሰዓት በኋላ ከተማው ውስጥ ይንሸራተታል።,Warning,4
3763,ጤና ይስጥልኝ ሹፌሩ፣ ከሁለት ቀናት በኋላ ደህና ነህ?,Phatic,7
3764,ሂሳቡ ገና ወደ መጋዘን ነገ ጠዋት አልደረሰኝም።,Complaint,6
3768,እንዴት ጎበዝ ነህ መምህሩ፣ ቁልፉን ሰብረኸዋል!,Sarcasm/Irony,5
3770,የፕሮጀክቱ ችግር በሳምንቱ መጨረሻ ከነጋዴው ጋር እፈታለሁ።,Promise,8
3771,እባክዎ ፋይሉን ለአስተማሪዋ በሚቀጥለው ሳምንት ይላኩልኝ።,Request,0
3772,እባክህ ለመልእክቱ ይህን ዘዴ በዚህ አመት ተጠቀም።,Suggestion,3
3774,ደረሰኙ ገና ወደ ፋብሪካ በዚህ ወር አልደረሰኝም።,Complaint,6
3775,ይህን ሂሳቡን ከደንበኛው መቀበል አልችልም።,Refusal,2
3778,ይቅርታ፣ ኮምፒዩተሩን ከሰዓት በኋላ ማድረግ አልችልም።,Refusal,2
3782,ነጋዴው ወደ ባንክ ከሰዓት በኋላ ሄደዋል።,Assertion,1
3784,በጣም ደግ ነህ ባልደረባዬ፣ በአውሮፕላን ማረፊያ ምንም እርዳታ አልሰጠኸኝም።,Sarcasm/Irony,5
3785,ማህበሩ ስለ ዕቃው ማስጠንቀቂያ ዛሬ አውጥቷል።,Warning,4
3786,ስራ አስኪያጁ ወደ ስብሰባ ክፍል በዚህ አመት ሄደዋል።,Assertion,1
3787,የበሩ ወጪውን በሆስፒታል ብንቀንስ የተሻለ ነው።,Suggestion,3
3791,እባክዎ ቁልፉን ለአስተማሪዋ ነገ ይላኩልኝ።,Request,0
3792,ፋብሪካው ስለ መሳሪያው ማስጠንቀቂያ ከጥቂት ደቂቃዎች በኋላ አውጥቷል።,Warning,4
3793,መምህሩ ወደ ባንክ ነገ ጠዋት ሄደዋል።,Assertion,1
3794,እባክዎ ቁልፉን ለሹፌሩ በዚህ ሳምንት ይላኩልኝ።,Request,0
3796,ይቅርታ፣ ትዕዛዙን ከምሽቱ ጀምሮ ማድረግ አልችልም።,Refusal,2
3797,መምህሩ፣ ጤና ይስጥልኝ በቤት።,Phatic,7
3799,የውሃው ችግር ነገ ከሚኒስትሩ ጋር እፈታለሁ።,Promise,8
3800,እባክዎ መሳሪያውን ለጠበቃው ከምሽቱ ጀምሮ ይላኩልኝ።,Request,0
3801,የቤቱ ወጪውን በፍርድ ቤት ብንቀንስ የተሻለ ነው።,Suggestion,3
3802,በጣም ብልህ ነህ ደንበኛው፣ ደረሰኙን ረሳኸው።,Sarcasm/Irony,5
3804,የቡናው ገመድ በፍርድ ቤት አደገኛ ነው ተጠንቀቁ።,Warning,4
3806,ሪፖርቱን ለነጋዴው በዚህ ሳምንት አቀርባለሁ።,Promise,8
3807,ጠበቃው ወደ ቢሮ ከጥቂት ደቂቃዎች በኋላ ሄደዋል።,Assertion,1
3808,እንኳን ደስ አለህ ባልደረባዬ ከሁለት ቀናት በኋላ።,Phatic,7
3810,እንኳን ደስ አለህ ሚኒስትሩ፣ ስለ ልብሱ እንደገና ተሳስተሃል።,Sarcasm/Irony,5
3811,እባክዎ ሂሳቡን ለደንበኛው ነገ ጠዋት ይላኩልኝ።,Request,0
3813,መሳሪያውን በሚቀጥለው ሳምንት ብንሞክር ጥሩ ይሆናል።,Suggestion,3
3815,ኩባንያው ስለ ጥያቄው ማስጠንቀቂያ ዛሬ ማታ አውጥቷል።,Warning,4
3818,ከሶስት ሰዓት በኋላ ወደ ባንክ እመጣለሁ።,Promise,8
3819,እንኳን ደስ አለህ ነጋዴው፣ ስለ ጥያቄው እንደገና ተሳስተሃል።,Sarcasm/Irony,5
3820,ሰነዱ ገና ወደ ገበያ ነገ ከሰዓት በኋላ አልደረሰኝም።,Complaint,6
3822,ደንበኛው ወደ ባንክ በሚቀጥለው ሳምንት ሄደዋል።,Assertion,1
3823,መንግስት ስለ መልእክቱ ማስጠንቀቂያ በስብሰባው ወቅት አውጥቷል።,Warning,4
3824,የቡናው ችግር ከምሽቱ ጀምሮ ከጠበቃው ጋር እፈታለሁ።,Promise,8
3827,ስለ ሂሳቡ ከጓደኛዬ ጋር ማሰብ ይኖርብናል።,Suggestion,3
3829,ይህን ቁልፉን ከዶክተሩ መቀበል አልችልም።,Refusal,2
3830,የትዕዛዙ ችግር ከሶስት ሰዓት በኋላ ከነጋዴው ጋር እፈታለሁ።,Promise,8
3831,ቢያንስ አንዴ ልብሱን በባንክ እንሞክር።,Suggestion,3
3834,እንዴት ጎበዝ ነህ ስራ አስኪያጁ፣ ደብዳቤውን ሰብረኸዋል!,Sarcasm/Irony,5
3835,በጣም ብልህ ነህ ሹፌሩ፣ ሰነዱን ረሳኸው።,Sarcasm/Irony,5
3836,አለቃዬ ወደ ፋብሪካ ከዛሬ ጀምሮ ሄደዋል።,Assertion,1
3837,ይቅርታ፣ ገንዘቡን ከሶስት ሰዓት በኋላ ማድረግ አልችልም።,Refusal,2
3838,የስጦታው ወጪውን በመጋዘን ብንቀንስ የተሻለ ነው።,Suggestion,3
3839,መሐንዲሱ ወደ መንገድ ላይ ከሁለት ቀናት በኋላ ሄደዋል።,Assertion,1
3841,እባክዎ ማሽኑን ለሹፌሩ በሚቀጥለው ወር ይላኩልኝ።,Request,0
3842,የበሩ ችግር ከሰዓት በኋላ ከዶክተሩ ጋር እፈታለሁ።,Promise,8
3844,ስራ አስኪያጁ ወደ ሱቅ በሚቀጥለው ሳምንት ሄደዋል።,Assertion,1
3845,ከጥቂት ደቂቃዎች በኋላ በትምህርት ቤት ስብሰባ እናድርግ።,Suggestion,3
3846,ከሶስት ሰዓት በኋላ ወደ ፍርድ ቤት እደርሳለሁ።,Promise,8
3848,እባክዎ በሩን ለባልደረባዬ በሚቀጥለው አመት ይላኩልኝ።,Request,0
3849,ጤና ይስጥልኝ አስተማሪዋ፣ በሚቀጥለው ሳምንት ደህና ነህ?,Phatic,7
3850,ድርጅቱ ስለ ኮምፒዩተሩ ማስጠንቀቂያ ከአንድ ሰዓት በኋላ አውጥቷል።,Warning,4
3852,እባክህ ለኮምፒዩተሩ ይህን ዘዴ በሚቀጥለው አመት ተጠቀም።,Suggestion,3
3854,ጎበዝ ስራ አስተማሪዋ፣ ፕሮጀክቱ ሙሉ በሙሉ ፈርሷል።,Sarcasm/Irony,5
3856,እንኳን ደስ አለህ ጓደኛዬ ከሁለት ቀናት በኋላ።,Phatic,7
3860,እባክዎ ልብሱን ለመሐንዲሱ ከአንድ ሰዓት በኋላ ይላኩልኝ።,Request,0
3861,ፋይሉን በዚህ ሳምንት ብንሞክር ጥሩ ይሆናል።,Suggestion,3
3863,ማዕከሉ ስለ ገንዘቡ ማስጠንቀቂያ ነገ ጠዋት አውጥቷል።,Warning,4
3864,ፖሊሱ ወደ ስብሰባ ክፍል ዛሬ ሄደዋል።,Assertion,1
3867,የሰነዱ ችግር በዚህ አመት ከአስተማሪዋ ጋር እፈታለሁ።,Promise,8
3868,እንዴት ደስ ይላል፣ ነጋዴው እንደገና በዚህ ወር ዘገዩ።,Sarcasm/Irony,5
3869,ስጦታው ገና ወደ ገበያ በዚህ ሳምንት አልደረሰኝም።,Complaint,6
3872,ልብሱ ገና ወደ ፍርድ ቤት ከሶስት ሰዓት በኋላ አልደረሰኝም።,Complaint,6
3873,ጠበቃው ወደ ሆስፒታል ከሁለት ቀናት በኋላ ሄደዋል።,Assertion,1
3874,እባክዎ ቡናውን ለባልደረባዬ ከአንድ ሰዓት በኋላ ይላኩልኝ።,Request,0
3875,የማሽኑ ችግር በሚቀጥለው ወር ከነጋዴው ጋር እፈታለሁ።,Promise,8
3876,ይቅርታ፣ ጥያቄውን ነገ ማድረግ አልችልም።,Refusal,2
3877,እንዴት ጎበዝ ነህ ደንበኛው፣ ስጦታውን ሰብረኸዋል!,Sarcasm/Irony,5
3878,እባክህ ለመስኮቱ ይህን ዘዴ ከሁለት ቀናት በኋላ ተጠቀም።,Suggestion,3
3879,ቡናው ገና ወደ መጋዘን በዚህ አመት አልደረሰኝም።,Complaint,6
3881,የጥያቄው ዋጋውን በሚቀጥለው ሳምንት ብንቀንስ ደንበኞች ይጨምራሉ።,Suggestion,3
3882,ደንበኛው ወደ ትምህርት ቤት ነገ ሄደዋል።,Assertion,1
3883,ይህን መጽሐፉን ከፖሊሱ መቀበል አልችልም።,Refusal,2
3884,እምቢ ማለት እፈልጋለሁ፣ ይህ መኪናው አይሆንልኝም።,Refusal,2
3885,ሂሳቡ ገና ወደ ሆስፒታል ከዛሬ ጀምሮ አልደረሰኝም።,Complaint,6
3888,እንዴት ጎበዝ ነህ አለቃዬ፣ ማሽኑን ሰብረኸዋል!,Sarcasm/Irony,5
3889,እባክዎ ደረሰኙን ለጋዜጠኛው ነገ ጠዋት ይላኩልኝ።,Request,0
3894,ደህና ነገ ጠዋት ይሁንልህ መምህሩ።,Phatic,7
3895,ይህን ቡናውን ከደንበኛው መቀበል አልችልም።,Refusal,2
3896,ጥያቄውን ከአንድ ሰዓት በኋላ ብንሞክር ጥሩ ይሆናል።,Suggestion,3
3899,የፋይሉ ዋጋውን ከጥቂት ደቂቃዎች በኋላ ብንቀንስ ደንበኞች ይጨምራሉ።,Suggestion,3
3901,የዕቃው ዋጋውን በዚህ ሳምንት ብንቀንስ ደንበኞች ይጨምራሉ።,Suggestion,3
3902,እቅዱን ነገ ከባንኩ ጋር እናሻሽል።,Suggestion,3
3904,እሰይ፣ ሌላ ችግር በከተማው ውስጥ በሳምንቱ መጨረሻ፣ ልክ የሚያስፈልገን ይሄው ነበር።,Sarcasm/Irony,5
3905,ጠበቃው ወደ አውሮፕላን ማረፊያ ከጥቂት ደቂቃዎች በኋላ ሄደዋል።,Assertion,1
3909,ይቅርታ፣ ልብሱን ከሁለት ቀናት በኋላ ማድረግ አልችልም።,Refusal,2
3910,ከጠበቃው ጋር ስለ ደረሰኙ ጉዳይ መስማማት አልችልም።,Refusal,2
3911,ቡናው ገና ወደ ትምህርት ቤት ነገ አልደረሰኝም።,Complaint,6
3912,እባክዎ ይቅርታ፣ ውሃውን በሳምንቱ መጨረሻ ማቅረብ አልችልም።,Refusal,2
3913,እባክዎ ኮምፒዩተሩን ለጋዜጠኛው በሚቀጥለው ሳምንት ይላኩልኝ።,Request,0
3915,ምርቱ ገና ወደ ፖሊስ ጣቢያ በስብሰባው ወቅት አልደረሰኝም።,Complaint,6
3917,ስለ ሪፖርቱ ከፖሊሱ ጋር ማሰብ ይኖርብናል።,Suggestion,3
3918,ጥያቄው ገና ወደ ስብሰባ ክፍል ከምሽቱ ጀምሮ አልደረሰኝም።,Complaint,6
3921,ከአንድ ሰዓት በኋላ በሆስፒታል ትራፊኩ ከባድ ነው ተጠንቀቁ።,Warning,4
3922,ሰነዱ ገና ወደ መጋዘን በሚቀጥለው ሳምንት አልደረሰኝም።,Complaint,6
3925,የልብሱ ችግር ከሁለት ቀናት በኋላ ከሹፌሩ ጋር እፈታለሁ።,Promise,8
3926,መምህሩ ወደ ፋብሪካ ከዛሬ ጀምሮ ሄደዋል።,Assertion,1
3927,እባክዎ ስጦታውን ለዶክተሩ ከሁለት ቀናት በኋላ ይላኩልኝ።,Request,0
3928,የገንዘቡ ችግር ነገ ጠዋት ከአስተማሪዋ ጋር እፈታለሁ።,Promise,8
3929,መሐንዲሱ ወደ ፋብሪካ በዚህ አመት ሄደዋል።,Assertion,1
3931,ጎበዝ ስራ ሹፌሩ፣ መልእክቱ ሙሉ በሙሉ ፈርሷል።,Sarcasm/Irony,5
3932,ዛሬ ማታ በቢሮ ስብሰባ እናድርግ።,Suggestion,3
3934,ይቅርታ፣ ዕቃውን ነገ ከሰዓት በኋላ ማድረግ አልችልም።,Refusal,2
3935,ሹፌሩ ወደ ትምህርት ቤት ከዛሬ ጀምሮ ሄደዋል።,Assertion,1
3936,እባክህ ለካርታው ይህን ዘዴ ነገ ተጠቀም።,Suggestion,3
3937,እባክዎ ውሃውን ለጓደኛዬ በሚቀጥለው አመት ይላኩልኝ።,Request,0
3938,ማዕከሉ ስለ ደረሰኙ ማስጠንቀቂያ በዚህ ሳምንት አውጥቷል።,Warning,4
3939,የውሃው ችግር ነገ ከሰዓት በኋላ ከዶክተሩ ጋር እፈታለሁ።,Promise,8
3940,ማዕከሉ ስለ ውሃው ማስጠንቀቂያ ከሰዓት በኋላ አውጥቷል።,Warning,4
3944,ከዶክተሩ ጋር ስለ መሳሪያው ጉዳይ መስማማት አልችልም።,Refusal,2
3945,ሪፖርቱን በጥንቃቄ ለደንበኛው እይዛለሁ።,Promise,8
3946,እባክዎ ሰነዱን ለጓደኛዬ ከሰዓት በኋላ ይላኩልኝ።,Request,0
3947,እባክዎ ልብሱን ለአለቃዬ ዛሬ ማታ ይላኩልኝ።,Request,0
3948,እሰይ፣ ሌላ ችግር በመጋዘን በዚህ ወር፣ ልክ የሚያስፈልገን ይሄው ነበር።,Sarcasm/Irony,5
3949,እባክዎ በሩን ለባልደረባዬ በዚህ ወር ይላኩልኝ።,Request,0
3950,ኤጀንሲው ስለ ዕቃው ማስጠንቀቂያ በዚህ አመት አውጥቷል።,Warning,4
3951,እባክህ ለቤቱ ይህን ዘዴ ከምሽቱ ጀምሮ ተጠቀም።,Suggestion,3
3955,የመጽሐፉ ወጪውን በስብሰባ ክፍል ብንቀንስ የተሻለ ነው።,Suggestion,3
3956,ቢያንስ አንዴ መልእክቱን በባንክ እንሞክር።,Suggestion,3
3957,የውሉ ዋጋውን ነገ ከሰዓት በኋላ ብንቀንስ ደንበኞች ይጨምራሉ።,Suggestion,3
3958,ማዕከሉ ስለ ፋይሉ ማስጠንቀቂያ ነገ ከሰዓት በኋላ አውጥቷል።,Warning,4
3960,ይህን ኮምፒዩተሩን ከነጋዴው መቀበል አልችልም።,Refusal,2
3962,እባክዎ ቡናውን ለጓደኛዬ ከዛሬ ጀምሮ ይላኩልኝ።,Request,0
3964,ጎበዝ ስራ ሹፌሩ፣ ፕሮጀክቱ ሙሉ በሙሉ ፈርሷል።,Sarcasm/Irony,5
3966,እባክዎ መስኮቱን ለጠበቃው በሳምንቱ መጨረሻ ይላኩልኝ።,Request,0
3968,ጎበዝ ስራ መምህሩ፣ መሳሪያው ሙሉ በሙሉ ፈርሷል።,Sarcasm/Irony,5
3969,ጤና ይስጥልኝ ጠበቃው፣ ከምሽቱ ጀምሮ ደህና ነህ?,Phatic,7
3971,ስለ ካርታው ጉዳይ ከአስተማሪዋ ጋር እንወያይ።,Suggestion,3
3972,የደረሰኙ ዋጋውን በዚህ ወር ብንቀንስ ደንበኞች ይጨምራሉ።,Suggestion,3
3973,ስጦታው ገና ወደ ከተማው ውስጥ ዛሬ አልደረሰኝም።,Complaint,6
3974,ማዕከሉ ስለ ሰነዱ ማስጠንቀቂያ በሚቀጥለው ወር አውጥቷል።,Warning,4
3975,ስቱዲዮው ስለ ምርቱ ማስጠንቀቂያ በሚቀጥለው አመት አውጥቷል።,Warning,4
3976,መኪናውን በዚህ አመት ብንሞክር ጥሩ ይሆናል።,Suggestion,3
3977,ይህን ስልኩን ከጠበቃው መቀበል አልችልም።,Refusal,2
3979,ሰላም መምህሩ፣ ከምሽቱ ጀምሮ እንዴት ነህ?,Phatic,7
3981,እባክዎ ጥያቄውን ለስራ አስኪያጁ ነገ ጠዋት ይላኩልኝ።,Request,0
3982,የቁልፉ ወጪውን በመንገድ ላይ ብንቀንስ የተሻለ ነው።,Suggestion,3
3983,ጎበዝ! በጣም ጥሩ ስራ ሰራህ ነጋዴው፣ ውሉን አበላሸኸው።,Sarcasm/Irony,5
3984,ቡናው ገና ወደ ቢሮ ነገ አልደረሰኝም።,Complaint,6
3985,እባክዎ ውሃውን ለመሐንዲሱ በዚህ አመት ይላኩልኝ።,Request,0
3986,የመልእክቱ ችግር ከሁለት ቀናት በኋላ ከፖሊሱ ጋር እፈታለሁ።,Promise,8
3987,የስልኩ ችግር ነገ ከደንበኛው ጋር እፈታለሁ።,Promise,8
3988,እባክዎ ፕሮጀክቱን ለሹፌሩ ከሰዓት በኋላ ይላኩልኝ።,Request,0
3990,ደህና እደር መሐንዲሱ፣ በዚህ አመት እንገናኝ።,Phatic,7
3991,ጎበዝ ስራ ጠበቃው፣ ፋይሉ ሙሉ በሙሉ ፈርሷል።,Sarcasm/Irony,5
3992,ስራ አስኪያጁ ወደ ገበያ ዛሬ ሄደዋል።,Assertion,1
3993,እንኳን ደስ አለህ ስራ አስኪያጁ ዛሬ ማታ።,Phatic,7
3994,እባክዎ ይቅርታ፣ ሪፖርቱን በስብሰባው ወቅት ማቅረብ አልችልም።,Refusal,2
3996,እሰይ፣ ሌላ ችግር በቢሮ ነገ ከሰዓት በኋላ፣ ልክ የሚያስፈልገን ይሄው ነበር።,Sarcasm/Irony,5
3998,አስተማሪዋ ወደ ቤት ዛሬ ሄደዋል።,Assertion,1
4000,ስጦታው ገና ወደ መንገድ ላይ በሚቀጥለው ሳምንት አልደረሰኝም።,Complaint,6
4001,ባንኩ ስለ ማሽኑ ማስጠንቀቂያ ከሶስት ሰዓት በኋላ አውጥቷል።,Warning,4
4002,ደረሰኙ ገና ወደ መንገድ ላይ ከምሽቱ ጀምሮ አልደረሰኝም።,Complaint,6
4003,ማህበሩ ስለ ቤቱ ማስጠንቀቂያ በስብሰባው ወቅት አውጥቷል።,Warning,4
4005,ደህና ሁን ሹፌሩ፣ እስከ ከጥቂት ደቂቃዎች በኋላ እንገናኝ።,Phatic,7
4006,እባክዎ ውሃውን ለሹፌሩ በሚቀጥለው ሳምንት ይላኩልኝ።,Request,0
4008,ምርቱ ገና ወደ ፋብሪካ በሚቀጥለው አመት አልደረሰኝም።,Complaint,6
4010,የደብዳቤው ወጪውን በስብሰባ ክፍል ብንቀንስ የተሻለ ነው።,Suggestion,3
4011,ደህና ከዛሬ ጀምሮ ይሁንልህ ባልደረባዬ።,Phatic,7
4012,እባክህ ለገንዘቡ ይህን ዘዴ ከዛሬ ጀምሮ ተጠቀም።,Suggestion,3
4013,እባክዎ ገንዘቡን ለአስተማሪዋ በሚቀጥለው ወር ይላኩልኝ።,Request,0
4014,ሚኒስትሩ ወደ መንገድ ላይ በዚህ አመት ሄደዋል።,Assertion,1
4018,አስተማሪዋ ወደ ሆስፒታል በዚህ አመት ሄደዋል።,Assertion,1
4019,እባክዎ ሪፖርቱን ለመምህሩ ከአንድ ሰዓት በኋላ ይላኩልኝ።,Request,0
4020,የመልእክቱ ዋጋውን ከምሽቱ ጀምሮ ብንቀንስ ደንበኞች ይጨምራሉ።,Suggestion,3
4021,ስለ ቁልፉ ከሹፌሩ ጋር ማሰብ ይኖርብናል።,Suggestion,3
4022,ስለ ሂሳቡ ከነጋዴው ጋር ማሰብ ይኖርብናል።,Suggestion,3
4023,ጎበዝ! በጣም ጥሩ ስራ ሰራህ ጋዜጠኛው፣ ኮምፒዩተሩን አበላሸኸው።,Sarcasm/Irony,5
4024,እንዴት ጎበዝ ነህ አለቃዬ፣ ደረሰኙን ሰብረኸዋል!,Sarcasm/Irony,5
4026,የውሉ ችግር ከሰዓት በኋላ ከመሐንዲሱ ጋር እፈታለሁ።,Promise,8
4027,ይቅርታ፣ መልእክቱን በሚቀጥለው ወር ማድረግ አልችልም።,Refusal,2
4030,እባክህ ለሂሳቡ ይህን ዘዴ በሳምንቱ መጨረሻ ተጠቀም።,Suggestion,3
4031,ጎበዝ ስራ ሹፌሩ፣ ሰነዱ ሙሉ በሙሉ ፈርሷል።,Sarcasm/Irony,5
4033,ደንበኛው ወደ ሆስፒታል በዚህ ሳምንት ሄደዋል።,Assertion,1
4034,የጥያቄው ችግር ከሁለት ቀናት በኋላ ከጋዜጠኛው ጋር እፈታለሁ።,Promise,8
4035,ሚኒስትሩ፣ እንደምን አደርክ ከሰዓት በኋላ?,Phatic,7
4036,እባክዎ ማሽኑን ለጠበቃው ከምሽቱ ጀምሮ ይላኩልኝ።,Request,0
4038,የስልኩ ችግር በዚህ ወር ከዶክተሩ ጋር እፈታለሁ።,Promise,8
4040,ጤና ይስጥልኝ ባልደረባዬ፣ በዚህ አመት ደህና ነህ?,Phatic,7
4041,ደህና ዛሬ ማታ ይሁንልህ ፖሊሱ።,Phatic,7
4044,እባክዎ መኪናውን ለአለቃዬ በስብሰባው ወቅት ይላኩልኝ።,Request,0
4045,የማሽኑ ወጪውን በመንገድ ላይ ብንቀንስ የተሻለ ነው።,Suggestion,3
4046,የገንዘቡ ችግር ከሰዓት በኋላ ከጠበቃው ጋር እፈታለሁ።,Promise,8
4047,በጣም ደግ ነህ ስራ አስኪያጁ፣ በገበያ ምንም እርዳታ አልሰጠኸኝም።,Sarcasm/Irony,5
4048,በጣም ደግ ነህ ጠበቃው፣ በቢሮ ምንም እርዳታ አልሰጠኸኝም።,Sarcasm/Irony,5
4049,እንዴት ጎበዝ ነህ መምህሩ፣ ካርታውን ሰብረኸዋል!,Sarcasm/Irony,5
4050,የደረሰኙ ዋጋውን በስብሰባው ወቅት ብንቀንስ ደንበኞች ይጨምራሉ።,Suggestion,3
4051,የጥያቄው ችግር በሚቀጥለው አመት ከአስተማሪዋ ጋር እፈታለሁ።,Promise,8
4052,ይህን ሰነዱን ከጓደኛዬ መቀበል አልችልም።,Refusal,2
4053,ማሽኑ ገና ወደ አውሮፕላን ማረፊያ በሳምንቱ መጨረሻ አልደረሰኝም።,Complaint,6
4054,እባክዎ ይቅርታ፣ ሰነዱን በሳምንቱ መጨረሻ ማቅረብ አልችልም።,Refusal,2
4056,ጎበዝ ስራ ባልደረባዬ፣ ፋይሉ ሙሉ በሙሉ ፈርሷል።,Sarcasm/Irony,5
4057,እባክዎ ውሉን ለደንበኛው በሚቀጥለው ሳምንት ይላኩልኝ።,Request,0
4060,የገንዘቡ ችግር በስብሰባው ወቅት ከደንበኛው ጋር እፈታለሁ።,Promise,8
4062,እባክዎ ይቅርታ፣ ሰነዱን ከአንድ ሰዓት በኋላ ማቅረብ አልችልም።,Refusal,2
4063,የቡናው ችግር በሚቀጥለው አመት ከዶክተሩ ጋር እፈታለሁ።,Promise,8
4064,ስራ አስኪያጁ ወደ ትምህርት ቤት ከሁለት ቀናት በኋላ ሄደዋል።,Assertion,1
4065,የልብሱ ችግር ከሶስት ሰዓት በኋላ ከደንበኛው ጋር እፈታለሁ።,Promise,8
4066,በጣም ብልህ ነህ ስራ አስኪያጁ፣ ጥያቄውን ረሳኸው።,Sarcasm/Irony,5
4067,እቅዱን ከሶስት ሰዓት በኋላ ከማዕከሉ ጋር እናሻሽል።,Suggestion,3
4068,እሰይ፣ ሌላ ችግር በከተማው ውስጥ ከጥቂት ደቂቃዎች በኋላ፣ ልክ የሚያስፈልገን ይሄው ነበር።,Sarcasm/Irony,5
4070,ባንኩ ስለ ስልኩ ማስጠንቀቂያ ከሁለት ቀናት በኋላ አውጥቷል።,Warning,4
4074,እባክዎ ስልኩን ለአለቃዬ በዚህ ሳምንት ይላኩልኝ።,Request,0
4075,ይህን ቁልፉን ከመምህሩ መቀበል አልችልም።,Refusal,2
4077,መምህሩ፣ እንደምን አደርክ ከዛሬ ጀምሮ?,Phatic,7
4079,እባክዎ ዕቃውን ለሚኒስትሩ ነገ ይላኩልኝ።,Request,0
4081,ቦርሳው ገና ወደ ቢሮ በሚቀጥለው ሳምንት አልደረሰኝም።,Complaint,6
4083,እባክዎ ይቅርታ፣ ፕሮጀክቱን በዚህ አመት ማቅረብ አልችልም።,Refusal,2
4086,ባልደረባዬ ወደ መንገድ ላይ ዛሬ ሄደዋል።,Assertion,1
4088,እንዴት ደስ ይላል፣ ደንበኛው እንደገና ከሰዓት በኋላ ዘገዩ።,Sarcasm/Irony,5
4089,እባክዎ ውሉን ለስራ አስኪያጁ ነገ ጠዋት ይላኩልኝ።,Request,0
4090,እንኳን ደስ አለህ ነጋዴው፣ ስለ ገንዘቡ እንደገና ተሳስተሃል።,Sarcasm/Irony,5
4091,የጥያቄው ችግር በሳምንቱ መጨረሻ ከስራ አስኪያጁ ጋር እፈታለሁ።,Promise,8
4092,እባክዎ ይቅርታ፣ መኪናውን ከሰዓት በኋላ ማቅረብ አልችልም።,Refusal,2
4093,ጓደኛዬ ወደ ከተማው ውስጥ በዚህ አመት ሄደዋል።,Assertion,1
4094,ስጦታው ገና ወደ ፋብሪካ ዛሬ አልደረሰኝም።,Complaint,6
4095,እባክዎ መልእክቱን ለጋዜጠኛው በሚቀጥለው ሳምንት ይላኩልኝ።,Request,0
4096,ቢያንስ አንዴ ሪፖርቱን በቤት እንሞክር።,Suggestion,3
4097,ቦርሳው ገና ወደ ከተማው ውስጥ በስብሰባው ወቅት አልደረሰኝም።,Complaint,6
4098,ጎበዝ! በጣም ጥሩ ስራ ሰራህ አስተማሪዋ፣ መሳሪያውን አበላሸኸው።,Sarcasm/Irony,5
4099,ማህበሩ ስለ ዕቃው ማስጠንቀቂያ በሳምንቱ መጨረሻ አውጥቷል።,Warning,4
4100,ባንኩ ስለ ደብዳቤው ማስጠንቀቂያ ዛሬ አውጥቷል።,Warning,4
4103,አመሰግናለሁ መምህሩ፣ ደህና ዋል በባንክ።,Phatic,7
4104,ሰነዱ ገና ወደ ገበያ ዛሬ አልደረሰኝም።,Complaint,6
4105,ጋዜጠኛው ወደ ቤት በሚቀጥለው ሳምንት ሄደዋል።,Assertion,1
4106,ማዕከሉ ስለ ፋይሉ ማስጠንቀቂያ በሚቀጥለው አመት አውጥቷል።,Warning,4
4107,የመኪናው ዋጋውን በዚህ ወር ብንቀንስ ደንበኞች ይጨምራሉ።,Suggestion,3
4109,ደህና ከሶስት ሰዓት በኋላ ይሁንልህ አስተማሪዋ።,Phatic,7
4110,እባክዎ መልእክቱን ለአስተማሪዋ ከምሽቱ ጀምሮ ይላኩልኝ።,Request,0
4111,ይህን ሂሳቡን ከጠበቃው መቀበል አልችልም።,Refusal,2
4113,ጎበዝ ስራ ሹፌሩ፣ ማሽኑ ሙሉ በሙሉ ፈርሷል።,Sarcasm/Irony,5
4114,ከፖሊሱ ጋር ስለ ስጦታው ጉዳይ መስማማት አልችልም።,Refusal,2
4115,ይቅርታ፣ ውሃውን ከጥቂት ደቂቃዎች በኋላ ማድረግ አልችልም።,Refusal,2
4116,እንኳን ደስ አለህ ባልደረባዬ፣ ስለ ሪፖርቱ እንደገና ተሳስተሃል።,Sarcasm/Irony,5
4117,አስተማሪዋ ወደ ፋብሪካ ከሰዓት በኋላ ሄደዋል።,Assertion,1
4118,ሚኒስትሩ ወደ መጋዘን ከሰዓት በኋላ ሄደዋል።,Assertion,1
4120,የስልኩ ችግር ከዛሬ ጀምሮ ከስራ አስኪያጁ ጋር እፈታለሁ።,Promise,8
4121,የደረሰኙ ወጪውን በስብሰባ ክፍል ብንቀንስ የተሻለ ነው።,Suggestion,3
4122,የቤቱ ወጪውን በመንገድ ላይ ብንቀንስ የተሻለ ነው።,Suggestion,3
4123,ከሁለት ቀናት በኋላ በፍርድ ቤት ትራፊኩ ከባድ ነው ተጠንቀቁ።,Warning,4
4124,የሪፖርቱ ችግር ነገ ከሰዓት በኋላ ከጋዜጠኛው ጋር እፈታለሁ።,Promise,8
4127,እቅዱን ከሁለት ቀናት በኋላ ከድርጅቱ ጋር እናሻሽል።,Suggestion,3
4129,የዕቃው ዋጋውን በሳምንቱ መጨረሻ ብንቀንስ ደንበኞች ይጨምራሉ።,Suggestion,3
4131,ይህን ምርቱን ከጋዜጠኛው መቀበል አልችልም።,Refusal,2
4132,ይህን ደረሰኙን ከጓደኛዬ መቀበል አልችልም።,Refusal,2
4133,ጎበዝ ስራ ደንበኛው፣ ፋይሉ ሙሉ በሙሉ ፈርሷል።,Sarcasm/Irony,5
4134,ማሽኑ ገና ወደ ፍርድ ቤት ከዛሬ ጀምሮ አልደረሰኝም።,Complaint,6
4136,ውሃው ገና ወደ ቤት ከምሽቱ ጀምሮ አልደረሰኝም።,Complaint,6
4137,አመሰግናለሁ ባልደረባዬ፣ ደህና ዋል በመጋዘን።,Phatic,7
4138,ይህን መጽሐፉን ከጓደኛዬ መቀበል አልችልም።,Refusal,2
4139,እባክዎ ጥያቄውን ለስራ አስኪያጁ ከአንድ ሰዓት በኋላ ይላኩልኝ።,Request,0
4142,የጥያቄው ችግር ከሶስት ሰዓት በኋላ ከደንበኛው ጋር እፈታለሁ።,Promise,8
4145,ፖሊሱ ወደ ፋብሪካ በሚቀጥለው ሳምንት ሄደዋል።,Assertion,1
4146,እንኳን ደስ አለህ ስራ አስኪያጁ፣ ስለ ዕቃው እንደገና ተሳስተሃል።,Sarcasm/Irony,5
4148,እባክህ ለደረሰኙ ይህን ዘዴ በዚህ አመት ተጠቀም።,Suggestion,3
4149,ይቅርታ፣ ሪፖርቱን ነገ ከሰዓት በኋላ ማድረግ አልችልም።,Refusal,2
4150,በፖሊስ ጣቢያ በዚህ አመት ወንጀል ሊፈጸም ይችላል ተጠንቀቁ።,Warning,4
4152,ማሽኑን ከአንድ ሰዓት በኋላ ብንሞክር ጥሩ ይሆናል።,Suggestion,3
4153,በዚህ ወር በትምህርት ቤት ስብሰባ እናድርግ።,Suggestion,3
4156,ማዕከሉ ስለ ውሃው ማስጠንቀቂያ በሚቀጥለው ሳምንት አውጥቷል።,Warning,4
4160,መሳሪያውን ነገ ጠዋት ብንሞክር ጥሩ ይሆናል።,Suggestion,3
4161,እባክዎ ገንዘቡን ለጋዜጠኛው በስብሰባው ወቅት ይላኩልኝ።,Request,0
4162,እንኳን ደስ አለህ ፖሊሱ፣ ስለ ምርቱ እንደገና ተሳስተሃል።,Sarcasm/Irony,5
4163,ጥያቄውን ዛሬ ብንሞክር ጥሩ ይሆናል።,Suggestion,3
4165,እባክዎ ጥያቄውን ለመምህሩ በሳምንቱ መጨረሻ ይላኩልኝ።,Request,0
4167,ሹፌሩ፣ ጤና ይስጥልኝ በቤት።,Phatic,7
4168,የፕሮጀክቱ ችግር በሳምንቱ መጨረሻ ከስራ አስኪያጁ ጋር እፈታለሁ።,Promise,8
4169,ጥንቃቄ ያድርጉ፣ ዛሬ ማታ ቤት ይንሸራተታል።,Warning,4
4170,መስኮቱ ገና ወደ መጋዘን ከአንድ ሰዓት በኋላ አልደረሰኝም።,Complaint,6
4171,ይቅርታ፣ መኪናውን በስብሰባው ወቅት ማድረግ አልችልም።,Refusal,2
4172,ምርቱ ገና ወደ ሆስፒታል በሚቀጥለው ሳምንት አልደረሰኝም።,Complaint,6
4173,የልብሱ ችግር በሚቀጥለው አመት ከሚኒስትሩ ጋር እፈታለሁ።,Promise,8
4174,የቡናው ችግር በዚህ ሳምንት ከጓደኛዬ ጋር እፈታለሁ።,Promise,8
4176,እንኳን ደስ አለህ ፖሊሱ፣ ስለ ቦርሳው እንደገና ተሳስተሃል።,Sarcasm/Irony,5
4179,እባክዎ ጥያቄውን ለአስተማሪዋ ከምሽቱ ጀምሮ ይላኩልኝ።,Request,0
4184,መምህሩ ወደ ባንክ ከሶስት ሰዓት በኋላ ሄደዋል።,Assertion,1
4185,ጎበዝ ስራ ሚኒስትሩ፣ ስልኩ ሙሉ በሙሉ ፈርሷል።,Sarcasm/Irony,5
4186,የፕሮጀክቱ ዋጋውን ዛሬ ብንቀንስ ደንበኞች ይጨምራሉ።,Suggestion,3
4189,እባክዎ ቦርሳውን ለስራ አስኪያጁ በሳምንቱ መጨረሻ ይላኩልኝ።,Request,0
4190,ኤጀንሲው ስለ ውሉ ማስጠንቀቂያ ከዛሬ ጀምሮ አውጥቷል።,Warning,4
4191,አመሰግናለሁ ሹፌሩ፣ ደህና ዋል በቢሮ።,Phatic,7
4192,እባክዎ ሰነዱን ለመምህሩ በሚቀጥለው ወር ይላኩልኝ።,Request,0
4195,አመሰግናለሁ ጋዜጠኛው፣ ደህና ዋል በከተማው ውስጥ።,Phatic,7
4197,ከነጋዴው ጋር ስለ ቤቱ ጉዳይ መስማማት አልችልም።,Refusal,2
4198,ስልኩን በዚህ ሳምንት ብንሞክር ጥሩ ይሆናል።,Suggestion,3
4200,እንዴት ደስ ይላል፣ ነጋዴው እንደገና ነገ ዘገዩ።,Sarcasm/Irony,5
4201,እንኳን ደስ አለህ ነጋዴው፣ ስለ ምርቱ እንደገና ተሳስተሃል።,Sarcasm/Irony,5
4202,መጽሐፉ ገና ወደ ባንክ ከጥቂት ደቂቃዎች በኋላ አልደረሰኝም።,Complaint,6
4203,ነገ ጠዋት በፍርድ ቤት ትራፊኩ ከባድ ነው ተጠንቀቁ።,Warning,4
4206,ስለ ልብሱ ከመሐንዲሱ ጋር ማሰብ ይኖርብናል።,Suggestion,3
4208,እንዴት ደስ ይላል፣ ስራ አስኪያጁ እንደገና በሳምንቱ መጨረሻ ዘገዩ።,Sarcasm/Irony,5
4211,እንዴት ጎበዝ ነህ ባልደረባዬ፣ መኪናውን ሰብረኸዋል!,Sarcasm/Irony,5
4212,የስጦታው ወጪውን በከተማው ውስጥ ብንቀንስ የተሻለ ነው።,Suggestion,3
4214,መሐንዲሱ ወደ ገበያ ከሶስት ሰዓት በኋላ ሄደዋል።,Assertion,1
4215,የደረሰኙ ችግር ነገ ከአስተማሪዋ ጋር እፈታለሁ።,Promise,8
4216,ውሃው ገና ወደ አውሮፕላን ማረፊያ በዚህ ወር አልደረሰኝም።,Complaint,6
4217,መኪናውን ከምሽቱ ጀምሮ ብንሞክር ጥሩ ይሆናል።,Suggestion,3
4218,የፕሮጀክቱ ወጪውን በመጋዘን ብንቀንስ የተሻለ ነው።,Suggestion,3
4219,ማሽኑ ገና ወደ ቤት በሚቀጥለው ወር አልደረሰኝም።,Complaint,6
4220,እባክህ ለውሃው ይህን ዘዴ ዛሬ ተጠቀም።,Suggestion,3
4221,እባክዎ ይቅርታ፣ ደብዳቤውን በዚህ አመት ማቅረብ አልችልም።,Refusal,2
4222,የካርታው ችግር በዚህ ሳምንት ከመምህሩ ጋር እፈታለሁ።,Promise,8
4223,ጤና ይስጥልኝ ጠበቃው፣ በሚቀጥለው አመት ደህና ነህ?,Phatic,7
4225,ገንዘቡ ገና ወደ መጋዘን ነገ አልደረሰኝም።,Complaint,6
4226,የደብዳቤው ችግር በሚቀጥለው ወር ከአስተማሪዋ ጋር እፈታለሁ።,Promise,8
4227,ማህበሩ ስለ ፕሮጀክቱ ማስጠንቀቂያ ከአንድ ሰዓት በኋላ አውጥቷል።,Warning,4
4228,ቢያንስ አንዴ ዕቃውን በትምህርት ቤት እንሞክር።,Suggestion,3
4229,እባክዎ ስጦታውን ለመምህሩ ከሶስት ሰዓት በኋላ ይላኩልኝ።,Request,0
4230,ደህና እደር ሹፌሩ፣ ከምሽቱ ጀምሮ እንገናኝ።,Phatic,7
4231,የሪፖርቱ ችግር ነገ ጠዋት ከአለቃዬ ጋር እፈታለሁ።,Promise,8
4235,ጤና ይስጥልኝ ደንበኛው፣ ከምሽቱ ጀምሮ ደህና ነህ?,Phatic,7
4236,ደህና ነገ ጠዋት ይሁንልህ መሐንዲሱ።,Phatic,7
4237,ቁልፉ ገና ወደ ቤት ነገ አልደረሰኝም።,Complaint,6
4238,አስተማሪዋ ወደ ስብሰባ ክፍል ነገ ከሰዓት በኋላ ሄደዋል።,Assertion,1
4239,ድርጅቱ ስለ ስጦታው ማስጠንቀቂያ ከሶስት ሰዓት በኋላ አውጥቷል።,Warning,4
4241,አስተማሪዋ ወደ ፋብሪካ ዛሬ ሄደዋል።,Assertion,1
4243,ስቱዲዮው ስለ ካርታው ማስጠንቀቂያ ነገ አውጥቷል።,Warning,4
4244,ከሶስት ሰዓት በኋላ በፖሊስ ጣቢያ ስብሰባ እናድርግ።,Suggestion,3
4245,በባንክ በሳምንቱ መጨረሻ ወንጀል ሊፈጸም ይችላል ተጠንቀቁ።,Warning,4
4249,ሰላም አለቃዬ፣ በሚቀጥለው አመት እንዴት ነህ?,Phatic,7
4254,ጎበዝ! በጣም ጥሩ ስራ ሰራህ ፖሊሱ፣ መልእክቱን አበላሸኸው።,Sarcasm/Irony,5
4255,እሰይ፣ ሌላ ችግር በቢሮ ከምሽቱ ጀምሮ፣ ልክ የሚያስፈልገን ይሄው ነበር።,Sarcasm/Irony,5
4257,ዶክተሩ፣ ጤና ይስጥልኝ በቤት።,Phatic,7
4258,የሰነዱ ዋጋውን ዛሬ ብንቀንስ ደንበኞች ይጨምራሉ።,Suggestion,3
4259,ጥንቃቄ ያድርጉ፣ በሚቀጥለው ወር ስብሰባ ክፍል ይንሸራተታል።,Warning,4
4260,የምርቱ ችግር ዛሬ ከዶክተሩ ጋር እፈታለሁ።,Promise,8
4261,ማህበሩ ስለ ውሉ ማስጠንቀቂያ ከዛሬ ጀምሮ አውጥቷል።,Warning,4
4262,ከአስተማሪዋ ጋር ስለ ውሉ ጉዳይ መስማማት አልችልም።,Refusal,2
4263,ስልኩን በጥንቃቄ ለመሐንዲሱ እይዛለሁ።,Promise,8
4264,ደህና በዚህ አመት ይሁንልህ አስተማሪዋ።,Phatic,7
4265,ባንኩ ስለ መሳሪያው ማስጠንቀቂያ ከሰዓት በኋላ አውጥቷል።,Warning,4
4269,ሰላም አለቃዬ፣ ከአንድ ሰዓት በኋላ እንዴት ነህ?,Phatic,7
4270,የበሩ ችግር በስብሰባው ወቅት ከፖሊሱ ጋር እፈታለሁ።,Promise,8
4271,ሰላም መምህሩ፣ በዚህ አመት እንዴት ነህ?,Phatic,7
4272,ባንኩ ስለ ጥያቄው ማስጠንቀቂያ በሚቀጥለው ወር አውጥቷል።,Warning,4
4273,ጤና ይስጥልኝ መምህሩ፣ ከምሽቱ ጀምሮ ደህና ነህ?,Phatic,7
4274,እባክዎ መጽሐፉን ለደንበኛው በዚህ ሳምንት ይላኩልኝ።,Request,0
4276,ቢያንስ አንዴ ማሽኑን በፍርድ ቤት እንሞክር።,Suggestion,3
4277,እባክዎ ፋይሉን ለሹፌሩ ከሰዓት በኋላ ይላኩልኝ።,Request,0
4278,ካርታው ገና ወደ ሱቅ ዛሬ አልደረሰኝም።,Complaint,6
4279,ምርቱን በጥንቃቄ ለነጋዴው እይዛለሁ።,Promise,8
4280,ሹፌሩ ወደ ፋብሪካ ከአንድ ሰዓት በኋላ ሄደዋል።,Assertion,1
4281,ድርጅቱ ነገ ከሰዓት በኋላ አዲስ ሰራተኞችን ቀጥሯል።,Assertion,1
4283,ሚኒስቴሩ ስለ ቁልፉ ማስጠንቀቂያ ነገ ጠዋት አውጥቷል።,Warning,4
4285,ይህን መሳሪያውን ከጓደኛዬ መቀበል አልችልም።,Refusal,2
4286,ደንበኛው ወደ ፖሊስ ጣቢያ በሚቀጥለው አመት ሄደዋል።,Assertion,1
4287,ሰነዱ ገና ወደ ፍርድ ቤት ከሁለት ቀናት በኋላ አልደረሰኝም።,Complaint,6
4289,እንኳን ደስ አለህ መምህሩ፣ ስለ ደረሰኙ እንደገና ተሳስተሃል።,Sarcasm/Irony,5
4291,የፋይሉ ችግር ዛሬ ማታ ከፖሊሱ ጋር እፈታለሁ።,Promise,8
4293,ድርጅቱ ስለ መኪናው ማስጠንቀቂያ ከሰዓት በኋላ አውጥቷል።,Warning,4
4295,ማዕከሉ ስለ ትዕዛዙ ማስጠንቀቂያ በዚህ ወር አውጥቷል።,Warning,4
4298,እንዴት ጎበዝ ነህ ጓደኛዬ፣ ጥያቄውን ሰብረኸዋል!,Sarcasm/Irony,5
4299,የፕሮጀክቱ ችግር ዛሬ ማታ ከሚኒስትሩ ጋር እፈታለሁ።,Promise,8
4303,የመኪናው ዋጋውን በሳምንቱ መጨረሻ ብንቀንስ ደንበኞች ይጨምራሉ።,Suggestion,3
4304,በጣም ብልህ ነህ ጠበቃው፣ ሂሳቡን ረሳኸው።,Sarcasm/Irony,5
4305,የመኪናው ችግር ነገ ከመሐንዲሱ ጋር እፈታለሁ።,Promise,8
4306,እንዴት ጎበዝ ነህ አስተማሪዋ፣ ጥያቄውን ሰብረኸዋል!,Sarcasm/Irony,5
4307,ምርቱን በጥንቃቄ ለባልደረባዬ እይዛለሁ።,Promise,8
4308,የትዕዛዙ ችግር ከምሽቱ ጀምሮ ከስራ አስኪያጁ ጋር እፈታለሁ።,Promise,8
4310,የስልኩ ወጪውን በፋብሪካ ብንቀንስ የተሻለ ነው።,Suggestion,3
4312,ስቱዲዮው ስለ ገንዘቡ ማስጠንቀቂያ ከዛሬ ጀምሮ አውጥቷል።,Warning,4
4314,ፋብሪካው ስለ መሳሪያው ማስጠንቀቂያ ከአንድ ሰዓት በኋላ አውጥቷል።,Warning,4
4318,የትዕዛዙ ገመድ በትምህርት ቤት አደገኛ ነው ተጠንቀቁ።,Warning,4
4319,በጣም ብልህ ነህ አስተማሪዋ፣ ቤቱን ረሳኸው።,Sarcasm/Irony,5
4320,ስለ መልእክቱ ከሚኒስትሩ ጋር ማሰብ ይኖርብናል።,Suggestion,3
4321,የሰነዱ ዋጋውን ዛሬ ማታ ብንቀንስ ደንበኞች ይጨምራሉ።,Suggestion,3
4322,ጤና ይስጥልኝ ነጋዴው፣ በሚቀጥለው ወር ደህና ነህ?,Phatic,7
4323,ኤጀንሲው ስለ ኮምፒዩተሩ ማስጠንቀቂያ በሚቀጥለው ወር አውጥቷል።,Warning,4
4325,ሚኒስቴሩ ስለ ውሃው ማስጠንቀቂያ በዚህ አመት አውጥቷል።,Warning,4
4326,የዕቃው ችግር ከምሽቱ ጀምሮ ከጓደኛዬ ጋር እፈታለሁ።,Promise,8
4328,የስልኩ ችግር ከምሽቱ ጀምሮ ከዶክተሩ ጋር እፈታለሁ።,Promise,8
4330,ቦርሳው ገና ወደ ሆስፒታል በሳምንቱ መጨረሻ አልደረሰኝም።,Complaint,6
4331,ጎበዝ ስራ ሚኒስትሩ፣ ደብዳቤው ሙሉ በሙሉ ፈርሷል።,Sarcasm/Irony,5
4332,ይቅርታ፣ ፋይሉን ከሰዓት በኋላ ማድረግ አልችልም።,Refusal,2
4334,የስልኩ ችግር ከሶስት ሰዓት በኋላ ከጓደኛዬ ጋር እፈታለሁ።,Promise,8
4336,መጽሐፉ ገና ወደ ፖሊስ ጣቢያ ከሶስት ሰዓት በኋላ አልደረሰኝም።,Complaint,6
4337,ነገ ጠዋት በትምህርት ቤት ትራፊኩ ከባድ ነው ተጠንቀቁ።,Warning,4
4338,የካርታው ችግር ነገ ከዶክተሩ ጋር እፈታለሁ።,Promise,8
4340,ከጓደኛዬ ጋር ስለ ስልኩ ጉዳይ መስማማት አልችልም።,Refusal,2
4343,እባክዎ መኪናውን ለደንበኛው ዛሬ ማታ ይላኩልኝ።,Request,0
4345,የቤቱ ችግር ከአንድ ሰዓት በኋላ ከሚኒስትሩ ጋር እፈታለሁ።,Promise,8
4348,ጎበዝ ስራ ዶክተሩ፣ መኪናው ሙሉ በሙሉ ፈርሷል።,Sarcasm/Irony,5
4350,የቦርሳው ችግር ነገ ከአስተማሪዋ ጋር እፈታለሁ።,Promise,8
4351,ምርቱ ገና ወደ ገበያ ከምሽቱ ጀምሮ አልደረሰኝም።,Complaint,6
4356,ድርጅቱ ስለ ልብሱ ማስጠንቀቂያ ዛሬ ማታ አውጥቷል።,Warning,4
4357,ጎበዝ! በጣም ጥሩ ስራ ሰራህ ጋዜጠኛው፣ መልእክቱን አበላሸኸው።,Sarcasm/Irony,5
4359,እባክዎ ዕቃውን ለሚኒስትሩ ከሰዓት በኋላ ይላኩልኝ።,Request,0
4360,እባክዎ መልእክቱን ለአስተማሪዋ በዚህ ወር ይላኩልኝ።,Request,0
4361,ገንዘቡ ገና ወደ ሱቅ በስብሰባው ወቅት አልደረሰኝም።,Complaint,6
4365,ጎበዝ! በጣም ጥሩ ስራ ሰራህ መሐንዲሱ፣ ውሃውን አበላሸኸው።,Sarcasm/Irony,5
4366,የስልኩ ወጪውን በቢሮ ብንቀንስ የተሻለ ነው።,Suggestion,3
4367,ጎበዝ ስራ ነጋዴው፣ መጽሐፉ ሙሉ በሙሉ ፈርሷል።,Sarcasm/Irony,5
4368,አስተማሪዋ ወደ ትምህርት ቤት ከሰዓት በኋላ ሄደዋል።,Assertion,1
4369,እባክዎ ይቅርታ፣ ደብዳቤውን ነገ ማቅረብ አልችልም።,Refusal,2
4371,ጎበዝ! በጣም ጥሩ ስራ ሰራህ ስራ አስኪያጁ፣ ቦርሳውን አበላሸኸው።,Sarcasm/Irony,5
4373,ከፖሊሱ ጋር ስለ ቁልፉ ጉዳይ መስማማት አልችልም።,Refusal,2
4376,በጣም ብልህ ነህ ሚኒስትሩ፣ ኮምፒዩተሩን ረሳኸው።,Sarcasm/Irony,5
4377,ጎበዝ ስራ ጋዜጠኛው፣ ሂሳቡ ሙሉ በሙሉ ፈርሷል።,Sarcasm/Irony,5
4378,ሰላም ጠበቃው፣ በሚቀጥለው ወር እንዴት ነህ?,Phatic,7
4379,ጥንቃቄ ያድርጉ፣ በሚቀጥለው አመት ሱቅ ይንሸራተታል።,Warning,4
4380,ውሃው ገና ወደ ቢሮ ነገ ጠዋት አልደረሰኝም።,Complaint,6
4381,ስራ አስኪያጁ ወደ መንገድ ላይ ከጥቂት ደቂቃዎች በኋላ ሄደዋል።,Assertion,1
4383,ጋዜጠኛው ወደ ቤት በዚህ አመት ሄደዋል።,Assertion,1
4386,መጽሐፉ ገና ወደ ቤት ከጥቂት ደቂቃዎች በኋላ አልደረሰኝም።,Complaint,6
4387,መምህሩ ወደ ከተማው ውስጥ ከአንድ ሰዓት በኋላ ሄደዋል።,Assertion,1
4388,ጤና ይስጥልኝ ሚኒስትሩ፣ ነገ ጠዋት ደህና ነህ?,Phatic,7
4390,ደህና ነገ ይሁንልህ ጓደኛዬ።,Phatic,7
4392,ደንበኛው ወደ መንገድ ላይ በዚህ ወር ሄደዋል።,Assertion,1
4393,ይቅርታ፣ ማሽኑን ዛሬ ማድረግ አልችልም።,Refusal,2
4395,የሪፖርቱ ችግር በዚህ አመት ከሹፌሩ ጋር እፈታለሁ።,Promise,8
4396,አመሰግናለሁ ፖሊሱ፣ ደህና ዋል በስብሰባ ክፍል።,Phatic,7
4397,ደህና ሁን ጠበቃው፣ እስከ ከሁለት ቀናት በኋላ እንገናኝ።,Phatic,7
4398,አመሰግናለሁ አስተማሪዋ፣ ደህና ዋል በገበያ።,Phatic,7
4400,እባክዎ ቡናውን ለደንበኛው በዚህ አመት ይላኩልኝ።,Request,0
4401,ጤና ይስጥልኝ ጓደኛዬ፣ ከሰዓት በኋላ ደህና ነህ?,Phatic,7
4402,እባክዎ ፕሮጀክቱን ለባልደረባዬ ዛሬ ማታ ይላኩልኝ።,Request,0
4403,ፋይሉ ገና ወደ ባንክ በሚቀጥለው አመት አልደረሰኝም።,Complaint,6
4405,በዚህ አመት ወደ ትምህርት ቤት እደርሳለሁ።,Promise,8
4406,እባክዎ ቁልፉን ለዶክተሩ ከጥቂት ደቂቃዎች በኋላ ይላኩልኝ።,Request,0
4407,እባክዎ ይቅርታ፣ ትዕዛዙን ከሁለት ቀናት በኋላ ማቅረብ አልችልም።,Refusal,2
4409,የገንዘቡ ችግር በስብሰባው ወቅት ከስራ አስኪያጁ ጋር እፈታለሁ።,Promise,8
4410,ስልኩ ገና ወደ ገበያ በዚህ ወር አልደረሰኝም።,Complaint,6
4411,ጥንቃቄ ያድርጉ፣ በዚህ ሳምንት አውሮፕላን ማረፊያ ይንሸራተታል።,Warning,4
4412,እባክዎ መኪናውን ለአስተማሪዋ ከሁለት ቀናት በኋላ ይላኩልኝ።,Request,0
4414,እባክዎ ጥያቄውን ለመሐንዲሱ ነገ ይላኩልኝ።,Request,0
4415,እባክህ ለውሉ ይህን ዘዴ ነገ ተጠቀም።,Suggestion,3
4416,ዶክተሩ ወደ ሆስፒታል በሳምንቱ መጨረሻ ሄደዋል።,Assertion,1
4417,ስራ አስኪያጁ፣ እንደምን አደርክ በስብሰባው ወቅት?,Phatic,7
4418,የበሩ ችግር ከሶስት ሰዓት በኋላ ከፖሊሱ ጋር እፈታለሁ።,Promise,8
4419,እባክዎ ውሉን ለመሐንዲሱ ከሰዓት በኋላ ይላኩልኝ።,Request,0
4421,ጎበዝ! በጣም ጥሩ ስራ ሰራህ ባልደረባዬ፣ ጥያቄውን አበላሸኸው።,Sarcasm/Irony,5
4423,ስለ ልብሱ ጉዳይ ከባልደረባዬ ጋር እንወያይ።,Suggestion,3
4424,እባክዎ ስልኩን ለፖሊሱ በዚህ ሳምንት ይላኩልኝ።,Request,0
4425,ስለ ፋይሉ ከነጋዴው ጋር ማሰብ ይኖርብናል።,Suggestion,3
4426,ሰነዱ ገና ወደ ከተማው ውስጥ በዚህ ወር አልደረሰኝም።,Complaint,6
4427,ጎበዝ! በጣም ጥሩ ስራ ሰራህ መምህሩ፣ ኮምፒዩተሩን አበላሸኸው።,Sarcasm/Irony,5
4428,እንዴት ጎበዝ ነህ ዶክተሩ፣ ትዕዛዙን ሰብረኸዋል!,Sarcasm/Irony,5
4431,የሂሳቡ ችግር ነገ ከመምህሩ ጋር እፈታለሁ።,Promise,8
4432,ደህና እደር ሚኒስትሩ፣ ከዛሬ ጀምሮ እንገናኝ።,Phatic,7
4433,ይቅርታ፣ ስልኩን በዚህ ወር ማድረግ አልችልም።,Refusal,2
4434,ሰላም አስተማሪዋ፣ በዚህ አመት እንዴት ነህ?,Phatic,7
4435,ስልኩ ገና ወደ ገበያ ከሶስት ሰዓት በኋላ አልደረሰኝም።,Complaint,6
4437,እንኳን ደስ አለህ አስተማሪዋ ነገ ከሰዓት በኋላ።,Phatic,7
4443,ከፖሊሱ ጋር ስለ ቤቱ ጉዳይ መስማማት አልችልም።,Refusal,2
4445,ልብሱን ከሰዓት በኋላ ብንሞክር ጥሩ ይሆናል።,Suggestion,3
4448,እባክህ ለፕሮጀክቱ ይህን ዘዴ ከሰዓት በኋላ ተጠቀም።,Suggestion,3
4449,ዕቃው ገና ወደ ትምህርት ቤት በዚህ ሳምንት አልደረሰኝም።,Complaint,6
4450,ከመምህሩ ጋር ስለ መጽሐፉ ጉዳይ መስማማት አልችልም።,Refusal,2
4451,ደንበኛው፣ እንደምን አደርክ ዛሬ?,Phatic,7
4453,ደህና ከአንድ ሰዓት በኋላ ይሁንልህ ሚኒስትሩ።,Phatic,7
4454,እሰይ፣ ሌላ ችግር በፋብሪካ ነገ፣ ልክ የሚያስፈልገን ይሄው ነበር።,Sarcasm/Irony,5
4455,እባክዎ ማሽኑን ለጋዜጠኛው በሳምንቱ መጨረሻ ይላኩልኝ።,Request,0
4456,ይህን ቁልፉን ከስራ አስኪያጁ መቀበል አልችልም።,Refusal,2
4457,መሐንዲሱ ወደ ስብሰባ ክፍል ከሰዓት በኋላ ሄደዋል።,Assertion,1
4464,ነገ ጠዋት በመንገድ ላይ ስብሰባ እናድርግ።,Suggestion,3
4465,እባክዎ ይቅርታ፣ ቡናውን በሚቀጥለው ሳምንት ማቅረብ አልችልም።,Refusal,2
4467,የውሃው ችግር በሚቀጥለው ወር ከመምህሩ ጋር እፈታለሁ።,Promise,8
4468,ሂሳቡን በዚህ አመት ብንሞክር ጥሩ ይሆናል።,Suggestion,3
4469,እባክዎ ሂሳቡን ለነጋዴው ከአንድ ሰዓት በኋላ ይላኩልኝ።,Request,0
4472,ማህበሩ ስለ ቦርሳው ማስጠንቀቂያ ከአንድ ሰዓት በኋላ አውጥቷል።,Warning,4
4473,እባክዎ መልእክቱን ለሹፌሩ ነገ ከሰዓት በኋላ ይላኩልኝ።,Request,0
4476,መስኮቱ ገና ወደ ከተማው ውስጥ ከምሽቱ ጀምሮ አልደረሰኝም።,Complaint,6
4477,ስለ ቤቱ ከደንበኛው ጋር ማሰብ ይኖርብናል።,Suggestion,3
4479,ይህን ደረሰኙን ከሹፌሩ መቀበል አልችልም።,Refusal,2
4480,የስልኩ ገመድ በሆስፒታል አደገኛ ነው ተጠንቀቁ።,Warning,4
4481,መምህሩ ወደ ፖሊስ ጣቢያ ነገ ጠዋት ሄደዋል።,Assertion,1
4482,የሚኒስቴሩ ጥያቄ አልቀበልም።,Refusal,2
4483,ይቅርታ፣ ጥያቄውን በሚቀጥለው ወር ማድረግ አልችልም።,Refusal,2
4484,በጣም ብልህ ነህ ጋዜጠኛው፣ መስኮቱን ረሳኸው።,Sarcasm/Irony,5
4487,የኮምፒዩተሩ ችግር ከዛሬ ጀምሮ ከሹፌሩ ጋር እፈታለሁ።,Promise,8
4488,በጣም ብልህ ነህ ባልደረባዬ፣ ልብሱን ረሳኸው።,Sarcasm/Irony,5
4489,ሰነዱ ገና ወደ መጋዘን ዛሬ አልደረሰኝም።,Complaint,6
4492,አለቃዬ ወደ ፍርድ ቤት ነገ ሄደዋል።,Assertion,1
4493,እባክዎ ውሃውን ለአስተማሪዋ በሚቀጥለው ወር ይላኩልኝ።,Request,0
4494,ይቅርታ፣ መስኮቱን ከጥቂት ደቂቃዎች በኋላ ማድረግ አልችልም።,Refusal,2
4495,እባክዎ ይቅርታ፣ ትዕዛዙን በሚቀጥለው ሳምንት ማቅረብ አልችልም።,Refusal,2
4498,እባክዎ ውሉን ለደንበኛው ከምሽቱ ጀምሮ ይላኩልኝ።,Request,0
4500,እሰይ፣ ሌላ ችግር በሆስፒታል በሚቀጥለው አመት፣ ልክ የሚያስፈልገን ይሄው ነበር።,Sarcasm/Irony,5
4502,ባንኩ ስለ ፋይሉ ማስጠንቀቂያ በሳምንቱ መጨረሻ አውጥቷል።,Warning,4
4503,እንኳን ደስ አለህ መምህሩ ከሁለት ቀናት በኋላ።,Phatic,7
4504,ከፖሊሱ ጋር ስለ መሳሪያው ጉዳይ መስማማት አልችልም።,Refusal,2
4505,ስራ አስኪያጁ፣ እንደምን አደርክ ከሁለት ቀናት በኋላ?,Phatic,7
4506,ማህበሩ ስለ መልእክቱ ማስጠንቀቂያ በሚቀጥለው ወር አውጥቷል።,Warning,4
4507,ሹፌሩ፣ እንደምን አደርክ ዛሬ ማታ?,Phatic,7
4510,ቢያንስ አንዴ ስልኩን በቤት እንሞክር።,Suggestion,3
4511,እባክዎ መስኮቱን ለባልደረባዬ ዛሬ ማታ ይላኩልኝ።,Request,0
4512,የዕቃው ችግር ነገ ከነጋዴው ጋር እፈታለሁ።,Promise,8
4513,የቡናው ችግር ከዛሬ ጀምሮ ከደንበኛው ጋር እፈታለሁ።,Promise,8
4514,የቦርሳው ችግር በዚህ ሳምንት ከመሐንዲሱ ጋር እፈታለሁ።,Promise,8
4515,እባክዎ ዕቃውን ለስራ አስኪያጁ ነገ ይላኩልኝ።,Request,0
4517,በከተማው ውስጥ በሚቀጥለው ወር ወንጀል ሊፈጸም ይችላል ተጠንቀቁ።,Warning,4
4518,ነገ በፋብሪካ ስብሰባ እናድርግ።,Suggestion,3
4521,ፕሮጀክቱ ገና ወደ ከተማው ውስጥ ዛሬ አልደረሰኝም።,Complaint,6
4522,እንዴት ጎበዝ ነህ ነጋዴው፣ ቦርሳውን ሰብረኸዋል!,Sarcasm/Irony,5
4523,የጥያቄው ዋጋውን በዚህ አመት ብንቀንስ ደንበኞች ይጨምራሉ።,Suggestion,3
4525,የካርታው ችግር በሚቀጥለው ሳምንት ከአስተማሪዋ ጋር እፈታለሁ።,Promise,8
4526,እባክዎ ቦርሳውን ለአለቃዬ ነገ ጠዋት ይላኩልኝ።,Request,0
4527,ጎበዝ ስራ ደንበኛው፣ ቦርሳው ሙሉ በሙሉ ፈርሷል።,Sarcasm/Irony,5
4528,እንኳን ደስ አለህ ሚኒስትሩ ከጥቂት ደቂቃዎች በኋላ።,Phatic,7
4531,እባክዎ መሳሪያውን ለመምህሩ ከሰዓት በኋላ ይላኩልኝ።,Request,0
4532,ስቱዲዮው ስለ ኮምፒዩተሩ ማስጠንቀቂያ በስብሰባው ወቅት አውጥቷል።,Warning,4
4534,ሚኒስትሩ፣ እንደምን አደርክ ዛሬ?,Phatic,7
4536,ስቱዲዮው ስለ መልእክቱ ማስጠንቀቂያ ነገ ጠዋት አውጥቷል።,Warning,4
4537,ስራ አስኪያጁ ወደ መጋዘን በዚህ ወር ሄደዋል።,Assertion,1
4539,ጓደኛዬ ወደ መጋዘን በዚህ አመት ሄደዋል።,Assertion,1
4540,የማሽኑ ችግር ከአንድ ሰዓት በኋላ ከአስተማሪዋ ጋር እፈታለሁ።,Promise,8
4542,እባክዎ ደረሰኙን ለጓደኛዬ ነገ ከሰዓት በኋላ ይላኩልኝ።,Request,0
4543,መጽሐፉ ገና ወደ ሱቅ ከምሽቱ ጀምሮ አልደረሰኝም።,Complaint,6
4544,ኩባንያው ስለ ቦርሳው ማስጠንቀቂያ በዚህ አመት አውጥቷል።,Warning,4
4546,ባልደረባዬ ወደ ስብሰባ ክፍል ከሶስት ሰዓት በኋላ ሄደዋል።,Assertion,1
4550,ዶክተሩ ወደ ትምህርት ቤት ከሰዓት በኋላ ሄደዋል።,Assertion,1
4551,እባክዎ ውሉን ለአለቃዬ ዛሬ ማታ ይላኩልኝ።,Request,0
4552,ደንበኛው ወደ ቢሮ በሚቀጥለው ወር ሄደዋል።,Assertion,1
4555,ኩባንያው ስለ ስጦታው ማስጠንቀቂያ በስብሰባው ወቅት አውጥቷል።,Warning,4
4556,እባክዎ ይቅርታ፣ ስጦታውን በሚቀጥለው ሳምንት ማቅረብ አልችልም።,Refusal,2
4557,ሪፖርቱን ለዶክተሩ በሚቀጥለው ወር አቀርባለሁ።,Promise,8
4558,ስለ ኮምፒዩተሩ ጉዳይ ከዶክተሩ ጋር እንወያይ።,Suggestion,3
4559,ሚኒስቴሩ ስለ ውሃው ማስጠንቀቂያ ከሁለት ቀናት በኋላ አውጥቷል።,Warning,4
4561,ማዕከሉ ስለ ፕሮጀክቱ ማስጠንቀቂያ ነገ አውጥቷል።,Warning,4
4562,እንኳን ደስ አለህ ሚኒስትሩ በሚቀጥለው አመት።,Phatic,7
4563,እባክህ ለፕሮጀክቱ ይህን ዘዴ ነገ ከሰዓት በኋላ ተጠቀም።,Suggestion,3
4564,ከሚኒስትሩ ጋር ስለ ቁልፉ ጉዳይ መስማማት አልችልም።,Refusal,2
4565,እንኳን ደስ አለህ አለቃዬ ነገ ከሰዓት በኋላ።,Phatic,7
4567,ስልኩ ገና ወደ ፋብሪካ በሳምንቱ መጨረሻ አልደረሰኝም።,Complaint,6
4568,ማዕከሉ ስለ ልብሱ ማስጠንቀቂያ በሳምንቱ መጨረሻ አውጥቷል።,Warning,4
4580,ስለ መስኮቱ ጉዳይ ከዶክተሩ ጋር እንወያይ።,Suggestion,3
4581,ጎበዝ! በጣም ጥሩ ስራ ሰራህ መሐንዲሱ፣ መስኮቱን አበላሸኸው።,Sarcasm/Irony,5
4582,ባልደረባዬ ወደ ባንክ ከሁለት ቀናት በኋላ ሄደዋል።,Assertion,1
4583,የቦርሳው ችግር በዚህ ሳምንት ከባልደረባዬ ጋር እፈታለሁ።,Promise,8
4584,እንዴት ጎበዝ ነህ ደንበኛው፣ ኮምፒዩተሩን ሰብረኸዋል!,Sarcasm/Irony,5
4585,ፖሊሱ ወደ ስብሰባ ክፍል በሳምንቱ መጨረሻ ሄደዋል።,Assertion,1
4586,እባክዎ ይቅርታ፣ ምርቱን ዛሬ ማቅረብ አልችልም።,Refusal,2
4588,ስለ ሰነዱ ጉዳይ ከጋዜጠኛው ጋር እንወያይ።,Suggestion,3
4589,ዕቃው ገና ወደ ፋብሪካ ከጥቂት ደቂቃዎች በኋላ አልደረሰኝም።,Complaint,6
4592,እባክዎ በሩን ለመምህሩ በሚቀጥለው ወር ይላኩልኝ።,Request,0
4593,ኮምፒዩተሩ ገና ወደ ቢሮ በሚቀጥለው ሳምንት አልደረሰኝም።,Complaint,6
4594,ማዕከሉ ስለ መጽሐፉ ማስጠንቀቂያ በሳምንቱ መጨረሻ አውጥቷል።,Warning,4
4597,ፋብሪካው ስለ ቤቱ ማስጠንቀቂያ በሚቀጥለው ወር አውጥቷል።,Warning,4
4598,ሪፖርቱ ገና ወደ መንገድ ላይ በሚቀጥለው አመት አልደረሰኝም።,Complaint,6
4600,ስራ አስኪያጁ፣ ጤና ይስጥልኝ በሆስፒታል።,Phatic,7
4601,ጤና ይስጥልኝ ጋዜጠኛው፣ ከምሽቱ ጀምሮ ደህና ነህ?,Phatic,7
4602,ስቱዲዮው ስለ ማሽኑ ማስጠንቀቂያ ከሰዓት በኋላ አውጥቷል።,Warning,4
4603,ደህና እደር ፖሊሱ፣ በዚህ አመት እንገናኝ።,Phatic,7
4604,እባክህ ለመስኮቱ ይህን ዘዴ በዚህ ሳምንት ተጠቀም።,Suggestion,3
4605,ከሰዓት በኋላ በገበያ ስብሰባ እናድርግ።,Suggestion,3
4606,ስልኩ ገና ወደ መጋዘን በስብሰባው ወቅት አልደረሰኝም።,Complaint,6
4607,ከነጋዴው ጋር ስለ በሩ ጉዳይ መስማማት አልችልም።,Refusal,2
4608,የትዕዛዙ ወጪውን በቤት ብንቀንስ የተሻለ ነው።,Suggestion,3
4609,ትዕዛዙ ገና ወደ ቢሮ ከሰዓት በኋላ አልደረሰኝም።,Complaint,6
4610,አመሰግናለሁ ፖሊሱ፣ ደህና ዋል በቢሮ።,Phatic,7
4611,ኤጀንሲው ስለ በሩ ማስጠንቀቂያ በዚህ ሳምንት አውጥቷል።,Warning,4
4612,አለቃዬ ወደ ፍርድ ቤት በሚቀጥለው ሳምንት ሄደዋል።,Assertion,1
4614,ደረሰኙ ገና ወደ ሆስፒታል በዚህ ሳምንት አልደረሰኝም።,Complaint,6
4616,ልብሱ ገና ወደ ቢሮ ከሶስት ሰዓት በኋላ አልደረሰኝም።,Complaint,6
4617,አዎ በርግጥ፣ የድርጅቱ እቅድ በከዛሬ ጀምሮ በጭራሽ አይከሽፍም።,Sarcasm/Irony,5
4618,ይቅርታ፣ ሂሳቡን በስብሰባው ወቅት ማድረግ አልችልም።,Refusal,2
4619,ይቅርታ፣ መኪናውን ከአንድ ሰዓት በኋላ ማድረግ አልችልም።,Refusal,2
4620,ይቅርታ፣ ደረሰኙን ከሶስት ሰዓት በኋላ ማድረግ አልችልም።,Refusal,2
4621,በጣም ደግ ነህ መምህሩ፣ በቤት ምንም እርዳታ አልሰጠኸኝም።,Sarcasm/Irony,5
4622,ጤና ይስጥልኝ ደንበኛው፣ በሚቀጥለው አመት ደህና ነህ?,Phatic,7
4624,እባክዎ ይቅርታ፣ ምርቱን ከሰዓት በኋላ ማቅረብ አልችልም።,Refusal,2
4625,እባክህ ለቦርሳው ይህን ዘዴ ከሶስት ሰዓት በኋላ ተጠቀም።,Suggestion,3
4626,እባክዎ ልብሱን ለዶክተሩ ነገ ይላኩልኝ።,Request,0
4628,ይቅርታ፣ ዕቃውን ከአንድ ሰዓት በኋላ ማድረግ አልችልም።,Refusal,2
4629,የበሩ ችግር በሚቀጥለው ሳምንት ከመምህሩ ጋር እፈታለሁ።,Promise,8
4630,እባክዎ ኮምፒዩተሩን ለሚኒስትሩ ከምሽቱ ጀምሮ ይላኩልኝ።,Request,0
4631,ሰላም ፖሊሱ፣ በስብሰባው ወቅት እንዴት ነህ?,Phatic,7
4632,ኤጀንሲው ስለ ሂሳቡ ማስጠንቀቂያ ዛሬ አውጥቷል።,Warning,4
4633,ጓደኛዬ፣ ጤና ይስጥልኝ በመጋዘን።,Phatic,7
4635,ሚኒስቴሩ ስለ ፕሮጀክቱ ማስጠንቀቂያ በዚህ ወር አውጥቷል።,Warning,4
4637,ኩባንያው ስለ ውሃው ማስጠንቀቂያ በሚቀጥለው ወር አውጥቷል።,Warning,4
4638,መሳሪያው ገና ወደ ትምህርት ቤት በስብሰባው ወቅት አልደረሰኝም።,Complaint,6
4639,እባክዎ ቁልፉን ለመሐንዲሱ ዛሬ ይላኩልኝ።,Request,0
4640,እንኳን ደስ አለህ ዶክተሩ በዚህ ወር።,Phatic,7
4641,ቢያንስ አንዴ ሰነዱን በቢሮ እንሞክር።,Suggestion,3
4642,የደብዳቤው ችግር በሚቀጥለው ወር ከነጋዴው ጋር እፈታለሁ።,Promise,8
4643,ፖሊሱ ወደ መጋዘን በዚህ ወር ሄደዋል።,Assertion,1
4644,ከሹፌሩ ጋር ስለ ፋይሉ ጉዳይ መስማማት አልችልም።,Refusal,2
4645,የምርቱ ችግር በሚቀጥለው ወር ከስራ አስኪያጁ ጋር እፈታለሁ።,Promise,8
4647,ስቱዲዮው ስለ ደብዳቤው ማስጠንቀቂያ በሳምንቱ መጨረሻ አውጥቷል።,Warning,4
4648,እባክህ ለቁልፉ ይህን ዘዴ ነገ ተጠቀም።,Suggestion,3
4649,ሚኒስትሩ ወደ ፖሊስ ጣቢያ ነገ ጠዋት ሄደዋል።,Assertion,1
4651,እባክዎ ስጦታውን ለደንበኛው ከምሽቱ ጀምሮ ይላኩልኝ።,Request,0
4653,የውሉ ችግር በዚህ አመት ከነጋዴው ጋር እፈታለሁ።,Promise,8
4654,እባክዎ ቦርሳውን ለዶክተሩ በሚቀጥለው ሳምንት ይላኩልኝ።,Request,0
4656,እቅዱን ነገ ከድርጅቱ ጋር እናሻሽል።,Suggestion,3
4657,ሪፖርቱን ለአለቃዬ በሚቀጥለው ወር አቀርባለሁ።,Promise,8
4659,ስለ ደብዳቤው ጉዳይ ከፖሊሱ ጋር እንወያይ።,Suggestion,3
4661,ከሶስት ሰዓት በኋላ ወደ ፖሊስ ጣቢያ እደርሳለሁ።,Promise,8
4662,ስራ አስኪያጁ፣ እንደምን አደርክ ከአንድ ሰዓት በኋላ?,Phatic,7
4664,እባክህ ለልብሱ ይህን ዘዴ ነገ ጠዋት ተጠቀም።,Suggestion,3
4665,ሹፌሩ ወደ ከተማው ውስጥ ከአንድ ሰዓት በኋላ ሄደዋል።,Assertion,1
4666,መሐንዲሱ ወደ አውሮፕላን ማረፊያ በሚቀጥለው ሳምንት ሄደዋል።,Assertion,1
4667,ፋብሪካው ስለ ውሉ ማስጠንቀቂያ ከአንድ ሰዓት በኋላ አውጥቷል።,Warning,4
4668,ገንዘቡን ዛሬ ማታ ብንሞክር ጥሩ ይሆናል።,Suggestion,3
4669,ሂሳቡ ገና ወደ ባንክ በዚህ ሳምንት አልደረሰኝም።,Complaint,6
4670,ባንኩ ስለ ትዕዛዙ ማስጠንቀቂያ ነገ ጠዋት አውጥቷል።,Warning,4
4671,እንኳን ደስ አለህ አስተማሪዋ በስብሰባው ወቅት።,Phatic,7
4672,እንኳን ደስ አለህ ጋዜጠኛው፣ ስለ ሪፖርቱ እንደገና ተሳስተሃል።,Sarcasm/Irony,5
4674,በጣም ደግ ነህ ደንበኛው፣ በትምህርት ቤት ምንም እርዳታ አልሰጠኸኝም።,Sarcasm/Irony,5
4675,ደህና ሁን ነጋዴው፣ እስከ በሳምንቱ መጨረሻ እንገናኝ።,Phatic,7
4676,እባክህ ለመሳሪያው ይህን ዘዴ በዚህ አመት ተጠቀም።,Suggestion,3
4677,ደንበኛው ወደ ስብሰባ ክፍል በዚህ አመት ሄደዋል።,Assertion,1
4679,እባክዎ ውሃውን ለመምህሩ በሚቀጥለው ወር ይላኩልኝ።,Request,0
4680,እምቢ ማለት እፈልጋለሁ፣ ይህ ደብዳቤው አይሆንልኝም።,Refusal,2
4681,ኮምፒዩተሩ ገና ወደ መጋዘን ከጥቂት ደቂቃዎች በኋላ አልደረሰኝም።,Complaint,6
4682,ከመምህሩ ጋር ስለ ገንዘቡ ጉዳይ መስማማት አልችልም።,Refusal,2
4683,እባክህ ለሂሳቡ ይህን ዘዴ ከሶስት ሰዓት በኋላ ተጠቀም።,Suggestion,3
4684,መምህሩ ወደ ገበያ በዚህ ወር ሄደዋል።,Assertion,1
4685,ደህና ሁን ሚኒስትሩ፣ እስከ ዛሬ እንገናኝ።,Phatic,7
4686,እንዴት ጎበዝ ነህ ደንበኛው፣ ውሉን ሰብረኸዋል!,Sarcasm/Irony,5
4688,ደህና ነገ ጠዋት ይሁንልህ ፖሊሱ።,Phatic,7
4690,ይህን ልብሱን ከሹፌሩ መቀበል አልችልም።,Refusal,2
4691,ሚኒስትሩ ወደ ፍርድ ቤት በስብሰባው ወቅት ሄደዋል።,Assertion,1
4692,ትዕዛዙ ገና ወደ ፋብሪካ ከሶስት ሰዓት በኋላ አልደረሰኝም።,Complaint,6
4694,የገንዘቡ ችግር ነገ ከአስተማሪዋ ጋር እፈታለሁ።,Promise,8
4695,ይህን መስኮቱን ከፖሊሱ መቀበል አልችልም።,Refusal,2
4696,ጠበቃው፣ ጤና ይስጥልኝ በፋብሪካ።,Phatic,7
4697,ማዕከሉ ስለ ፕሮጀክቱ ማስጠንቀቂያ ነገ ጠዋት አውጥቷል።,Warning,4
4698,ከጠበቃው ጋር ስለ መስኮቱ ጉዳይ መስማማት አልችልም።,Refusal,2
4699,ነጋዴው ወደ ቢሮ በስብሰባው ወቅት ሄደዋል።,Assertion,1
4700,ጤና ይስጥልኝ ሹፌሩ፣ ነገ ደህና ነህ?,Phatic,7
4701,ይቅርታ፣ ቡናውን ከጥቂት ደቂቃዎች በኋላ ማድረግ አልችልም።,Refusal,2
4702,በሩ ገና ወደ ባንክ ነገ ጠዋት አልደረሰኝም።,Complaint,6
4703,እባክህ ለቦርሳው ይህን ዘዴ በሚቀጥለው ሳምንት ተጠቀም።,Suggestion,3
4704,ፋብሪካው ስለ ውሉ ማስጠንቀቂያ በዚህ ሳምንት አውጥቷል።,Warning,4
4705,ጓደኛዬ ወደ ፍርድ ቤት በሚቀጥለው ወር ሄደዋል።,Assertion,1
4706,እባክዎ ሂሳቡን ለአስተማሪዋ በዚህ አመት ይላኩልኝ።,Request,0
4708,ከደንበኛው ጋር ስለ ቦርሳው ጉዳይ መስማማት አልችልም።,Refusal,2
4710,ደህና እደር ጓደኛዬ፣ በስብሰባው ወቅት እንገናኝ።,Phatic,7
4712,እባክዎ ሰነዱን ለስራ አስኪያጁ ከምሽቱ ጀምሮ ይላኩልኝ።,Request,0
4714,ሂሳቡ ገና ወደ ቢሮ ከምሽቱ ጀምሮ አልደረሰኝም።,Complaint,6
4715,ከደንበኛው ጋር ስለ ሂሳቡ ጉዳይ መስማማት አልችልም።,Refusal,2
4717,ካርታው ገና ወደ ቤት ዛሬ አልደረሰኝም።,Complaint,6
4718,ነገ ወደ ገበያ እደርሳለሁ።,Promise,8
4719,ምርቱ ገና ወደ መጋዘን በዚህ አመት አልደረሰኝም።,Complaint,6
4721,የትዕዛዙ ችግር ከሰዓት በኋላ ከፖሊሱ ጋር እፈታለሁ።,Promise,8
4723,እንኳን ደስ አለህ ነጋዴው፣ ስለ መሳሪያው እንደገና ተሳስተሃል።,Sarcasm/Irony,5
4724,ሚኒስቴሩ ስለ ሪፖርቱ ማስጠንቀቂያ ነገ ጠዋት አውጥቷል።,Warning,4
4726,የመጽሐፉ ዋጋውን ከጥቂት ደቂቃዎች በኋላ ብንቀንስ ደንበኞች ይጨምራሉ።,Suggestion,3
4728,ጎበዝ ስራ ፖሊሱ፣ ጥያቄው ሙሉ በሙሉ ፈርሷል።,Sarcasm/Irony,5
4729,እባክዎ ሪፖርቱን ለስራ አስኪያጁ በዚህ ወር ይላኩልኝ።,Request,0
4730,ሹፌሩ ወደ ስብሰባ ክፍል በሳምንቱ መጨረሻ ሄደዋል።,Assertion,1
4731,ስቱዲዮው ስለ መጽሐፉ ማስጠንቀቂያ በሚቀጥለው ወር አውጥቷል።,Warning,4
4732,እባክዎ መሳሪያውን ለደንበኛው በሚቀጥለው አመት ይላኩልኝ።,Request,0
4733,እሰይ፣ ሌላ ችግር በባንክ ዛሬ፣ ልክ የሚያስፈልገን ይሄው ነበር።,Sarcasm/Irony,5
4734,መጽሐፉ ገና ወደ ገበያ ዛሬ ማታ አልደረሰኝም።,Complaint,6
4735,እንኳን ደስ አለህ ጋዜጠኛው በስብሰባው ወቅት።,Phatic,7
4736,ቤቱ ገና ወደ ሆስፒታል ነገ ከሰዓት በኋላ አልደረሰኝም።,Complaint,6
4737,እንዴት ጎበዝ ነህ ሹፌሩ፣ ትዕዛዙን ሰብረኸዋል!,Sarcasm/Irony,5
4740,ይህን ገንዘቡን ከጋዜጠኛው መቀበል አልችልም።,Refusal,2
4741,እባክዎ ዕቃውን ለጓደኛዬ በዚህ ወር ይላኩልኝ።,Request,0
4742,ጤና ይስጥልኝ ደንበኛው፣ በሳምንቱ መጨረሻ ደህና ነህ?,Phatic,7
4743,ፋብሪካው ስለ ትዕዛዙ ማስጠንቀቂያ በሚቀጥለው ወር አውጥቷል።,Warning,4
4744,ቢያንስ አንዴ ደረሰኙን በሆስፒታል እንሞክር።,Suggestion,3
4747,ስራ አስኪያጁ ወደ ሱቅ ዛሬ ሄደዋል።,Assertion,1
4748,የትዕዛዙ ዋጋውን ከምሽቱ ጀምሮ ብንቀንስ ደንበኞች ይጨምራሉ።,Suggestion,3
4749,ይህን ቁልፉን ከፖሊሱ መቀበል አልችልም።,Refusal,2
4750,ፋብሪካው ስለ መጽሐፉ ማስጠንቀቂያ ከሁለት ቀናት በኋላ አውጥቷል።,Warning,4
4752,ስለ ካርታው ከደንበኛው ጋር ማሰብ ይኖርብናል።,Suggestion,3
4753,ቢያንስ አንዴ ጥያቄውን በትምህርት ቤት እንሞክር።,Suggestion,3
4754,አመሰግናለሁ ጓደኛዬ፣ ደህና ዋል በሱቅ።,Phatic,7
4756,እባክዎ በሩን ለባልደረባዬ በዚህ ሳምንት ይላኩልኝ።,Request,0
4757,ስለ መልእክቱ ጉዳይ ከሚኒስትሩ ጋር እንወያይ።,Suggestion,3
4759,ጥያቄው ገና ወደ ባንክ ከምሽቱ ጀምሮ አልደረሰኝም።,Complaint,6
4760,ባልደረባዬ፣ እንደምን አደርክ ከሶስት ሰዓት በኋላ?,Phatic,7
4762,አስተማሪዋ ወደ ፋብሪካ ከምሽቱ ጀምሮ ሄደዋል።,Assertion,1
4763,እባክዎ በሩን ለመሐንዲሱ በሳምንቱ መጨረሻ ይላኩልኝ።,Request,0
4764,ደንበኛው፣ እንደምን አደርክ በሳምንቱ መጨረሻ?,Phatic,7
4765,የትዕዛዙ ችግር ከዛሬ ጀምሮ ከደንበኛው ጋር እፈታለሁ።,Promise,8
4766,እንኳን ደስ አለህ ሹፌሩ፣ ስለ መኪናው እንደገና ተሳስተሃል።,Sarcasm/Irony,5
4767,መስኮቱ ገና ወደ ትምህርት ቤት በስብሰባው ወቅት አልደረሰኝም።,Complaint,6
4768,እባክዎ ፋይሉን ለሚኒስትሩ ከሶስት ሰዓት በኋላ ይላኩልኝ።,Request,0
4771,ባልደረባዬ ወደ ትምህርት ቤት በዚህ ወር ሄደዋል።,Assertion,1
4773,እባክህ ለመኪናው ይህን ዘዴ ከምሽቱ ጀምሮ ተጠቀም።,Suggestion,3
4774,ሪፖርቱ ገና ወደ ቢሮ ከሁለት ቀናት በኋላ አልደረሰኝም።,Complaint,6
4775,አመሰግናለሁ ጋዜጠኛው፣ ደህና ዋል በፖሊስ ጣቢያ።,Phatic,7
4776,መንግስት ስለ ደረሰኙ ማስጠንቀቂያ ነገ ከሰዓት በኋላ አውጥቷል።,Warning,4
4777,ይህን ምርቱን ከነጋዴው መቀበል አልችልም።,Refusal,2
4779,አለቃዬ ወደ ስብሰባ ክፍል ከዛሬ ጀምሮ ሄደዋል።,Assertion,1
4780,እባክዎ ይቅርታ፣ ካርታውን በስብሰባው ወቅት ማቅረብ አልችልም።,Refusal,2
4781,የምርቱ ችግር በዚህ ወር ከሹፌሩ ጋር እፈታለሁ።,Promise,8
4782,ይህን ልብሱን ከፖሊሱ መቀበል አልችልም።,Refusal,2
4783,እባክዎ ደረሰኙን ለደንበኛው በዚህ ሳምንት ይላኩልኝ።,Request,0
4784,ሪፖርቱን ለሚኒስትሩ በዚህ አመት አቀርባለሁ።,Promise,8
4785,መሐንዲሱ ወደ ስብሰባ ክፍል በሳምንቱ መጨረሻ ሄደዋል።,Assertion,1
4786,ነጋዴው ወደ ሱቅ በሚቀጥለው አመት ሄደዋል።,Assertion,1
4787,መሐንዲሱ ወደ ገበያ ነገ ሄደዋል።,Assertion,1
4789,በሩ ገና ወደ ሱቅ በሚቀጥለው ወር አልደረሰኝም።,Complaint,6
4791,አመሰግናለሁ ባልደረባዬ፣ ደህና ዋል በፋብሪካ።,Phatic,7
4792,ሹፌሩ ወደ ቤት በሳምንቱ መጨረሻ ሄደዋል።,Assertion,1
4794,እባክዎ ሪፖርቱን ለነጋዴው ነገ ይላኩልኝ።,Request,0
4795,ቢያንስ አንዴ ቁልፉን በፖሊስ ጣቢያ እንሞክር።,Suggestion,3
4796,ጥያቄው ገና ወደ ትምህርት ቤት በሚቀጥለው ወር አልደረሰኝም።,Complaint,6
4797,እሰይ፣ ሌላ ችግር በፋብሪካ ከዛሬ ጀምሮ፣ ልክ የሚያስፈልገን ይሄው ነበር።,Sarcasm/Irony,5
4799,እባክዎ ፋይሉን ለጋዜጠኛው በሚቀጥለው ወር ይላኩልኝ።,Request,0
4800,ስልኩ ገና ወደ ቤት በሳምንቱ መጨረሻ አልደረሰኝም።,Complaint,6
4801,ከባልደረባዬ ጋር ስለ ኮምፒዩተሩ ጉዳይ መስማማት አልችልም።,Refusal,2
4802,ማዕከሉ ስለ ቦርሳው ማስጠንቀቂያ ነገ ጠዋት አውጥቷል።,Warning,4
4804,ኮምፒዩተሩ ገና ወደ ከተማው ውስጥ ከምሽቱ ጀምሮ አልደረሰኝም።,Complaint,6
4806,ምርቱን ከሰዓት በኋላ ብንሞክር ጥሩ ይሆናል።,Suggestion,3
4809,የካርታው ዋጋውን ነገ ከሰዓት በኋላ ብንቀንስ ደንበኞች ይጨምራሉ።,Suggestion,3
4810,ደህና ከጥቂት ደቂቃዎች በኋላ ይሁንልህ ጓደኛዬ።,Phatic,7
4811,ስለ ካርታው ጉዳይ ከደንበኛው ጋር እንወያይ።,Suggestion,3
4812,ጤና ይስጥልኝ ጠበቃው፣ በዚህ ሳምንት ደህና ነህ?,Phatic,7
4814,በጣም ደግ ነህ ባልደረባዬ፣ በቢሮ ምንም እርዳታ አልሰጠኸኝም።,Sarcasm/Irony,5
4815,እባክዎ ሂሳቡን ለመምህሩ በዚህ ሳምንት ይላኩልኝ።,Request,0
4816,የማሽኑ ችግር በዚህ ወር ከነጋዴው ጋር እፈታለሁ።,Promise,8
4817,መምህሩ ወደ ስብሰባ ክፍል በሳምንቱ መጨረሻ ሄደዋል።,Assertion,1
4819,ደህና ሁን ጋዜጠኛው፣ እስከ ከምሽቱ ጀምሮ እንገናኝ።,Phatic,7
4820,መሳሪያው ገና ወደ ፍርድ ቤት በሳምንቱ መጨረሻ አልደረሰኝም።,Complaint,6
4821,ድርጅቱ ስለ ጥያቄው ማስጠንቀቂያ ከዛሬ ጀምሮ አውጥቷል።,Warning,4
4822,አስተማሪዋ ወደ መንገድ ላይ ዛሬ ሄደዋል።,Assertion,1
4825,ስለ በሩ ከሹፌሩ ጋር ማሰብ ይኖርብናል።,Suggestion,3
4826,ድርጅቱ ስለ መጽሐፉ ማስጠንቀቂያ በዚህ ወር አውጥቷል።,Warning,4
4827,ሹፌሩ ወደ ገበያ ከሰዓት በኋላ ሄደዋል።,Assertion,1
4828,እባክህ ለፋይሉ ይህን ዘዴ በስብሰባው ወቅት ተጠቀም።,Suggestion,3
4832,ጓደኛዬ ወደ ፖሊስ ጣቢያ ከሰዓት በኋላ ሄደዋል።,Assertion,1
4833,በሆስፒታል ከዛሬ ጀምሮ ወንጀል ሊፈጸም ይችላል ተጠንቀቁ።,Warning,4
4834,የስጦታው ዋጋውን ከአንድ ሰዓት በኋላ ብንቀንስ ደንበኞች ይጨምራሉ።,Suggestion,3
4835,ስለ ሪፖርቱ ጉዳይ ከጓደኛዬ ጋር እንወያይ።,Suggestion,3
4838,የጥያቄው ወጪውን በከተማው ውስጥ ብንቀንስ የተሻለ ነው።,Suggestion,3
4840,ፖሊሱ ወደ መንገድ ላይ ከሶስት ሰዓት በኋላ ሄደዋል።,Assertion,1
4843,ከዛሬ ጀምሮ ወደ ገበያ እመጣለሁ።,Promise,8
4844,አስተማሪዋ ወደ ፍርድ ቤት ከሰዓት በኋላ ሄደዋል።,Assertion,1
4845,እባክዎ ምርቱን ለሚኒስትሩ በስብሰባው ወቅት ይላኩልኝ።,Request,0
4846,ፋይሉ ገና ወደ ፖሊስ ጣቢያ በሳምንቱ መጨረሻ አልደረሰኝም።,Complaint,6
4848,ገንዘቡ ገና ወደ መጋዘን በሚቀጥለው ሳምንት አልደረሰኝም።,Complaint,6
4850,አዎ በርግጥ፣ የኩባንያው እቅድ በበሚቀጥለው ወር በጭራሽ አይከሽፍም።,Sarcasm/Irony,5
4851,ደህና ሁን መሐንዲሱ፣ እስከ ነገ እንገናኝ።,Phatic,7
4852,ከመሐንዲሱ ጋር ስለ ካርታው ጉዳይ መስማማት አልችልም።,Refusal,2
4855,የገንዘቡ ችግር በስብሰባው ወቅት ከዶክተሩ ጋር እፈታለሁ።,Promise,8
4857,እንዴት ደስ ይላል፣ ጠበቃው እንደገና ከሰዓት በኋላ ዘገዩ።,Sarcasm/Irony,5
4859,ይህን ስራ ከባልደረባዬ ጋር አልቀበልም።,Refusal,2
4860,ፋብሪካው ስለ ፋይሉ ማስጠንቀቂያ ከሁለት ቀናት በኋላ አውጥቷል።,Warning,4
4861,መሐንዲሱ ወደ ሆስፒታል ከሁለት ቀናት በኋላ ሄደዋል።,Assertion,1
4864,ጓደኛዬ፣ እንደምን አደርክ ዛሬ?,Phatic,7
4865,ቦርሳው ገና ወደ ባንክ ከምሽቱ ጀምሮ አልደረሰኝም።,Complaint,6
4866,እባክዎ ደረሰኙን ለመምህሩ ዛሬ ይላኩልኝ።,Request,0
4867,የደብዳቤው ችግር ነገ ከባልደረባዬ ጋር እፈታለሁ።,Promise,8
4868,ስራ አስኪያጁ ወደ ፖሊስ ጣቢያ ከሁለት ቀናት በኋላ ሄደዋል።,Assertion,1
4870,ስለ ፕሮጀክቱ ጉዳይ ከጓደኛዬ ጋር እንወያይ።,Suggestion,3
4872,በመጋዘን ከሶስት ሰዓት በኋላ ወንጀል ሊፈጸም ይችላል ተጠንቀቁ።,Warning,4
4873,እባክህ ለሪፖርቱ ይህን ዘዴ በዚህ አመት ተጠቀም።,Suggestion,3
4874,ጥንቃቄ ያድርጉ፣ ከምሽቱ ጀምሮ ፋብሪካ ይንሸራተታል።,Warning,4
4875,እባክዎ ይቅርታ፣ ሪፖርቱን በዚህ ሳምንት ማቅረብ አልችልም።,Refusal,2
4876,አስተማሪዋ ወደ ትምህርት ቤት ዛሬ ሄደዋል።,Assertion,1
4877,ደንበኛው ወደ ፖሊስ ጣቢያ ከምሽቱ ጀምሮ ሄደዋል።,Assertion,1
4878,እንኳን ደስ አለህ ደንበኛው፣ ስለ ትዕዛዙ እንደገና ተሳስተሃል።,Sarcasm/Irony,5
4879,ደህና ሁን ነጋዴው፣ እስከ በዚህ ሳምንት እንገናኝ።,Phatic,7
4882,ስለ ኮምፒዩተሩ ከጓደኛዬ ጋር ማሰብ ይኖርብናል።,Suggestion,3
4885,ቁልፉ ገና ወደ ባንክ ነገ ጠዋት አልደረሰኝም።,Complaint,6
4886,ምርቱ ገና ወደ ፖሊስ ጣቢያ ነገ ጠዋት አልደረሰኝም።,Complaint,6
4887,የዕቃው ችግር ከአንድ ሰዓት በኋላ ከሹፌሩ ጋር እፈታለሁ።,Promise,8
4888,እባክዎ ልብሱን ለመምህሩ ከአንድ ሰዓት በኋላ ይላኩልኝ።,Request,0
4889,እንኳን ደስ አለህ ደንበኛው፣ ስለ ቡናው እንደገና ተሳስተሃል።,Sarcasm/Irony,5
4893,ጠበቃው፣ ጤና ይስጥልኝ በስብሰባ ክፍል።,Phatic,7
4895,እባክዎ መጽሐፉን ለነጋዴው ዛሬ ማታ ይላኩልኝ።,Request,0
4896,እንኳን ደስ አለህ ዶክተሩ በዚህ ሳምንት።,Phatic,7
4897,ጎበዝ! በጣም ጥሩ ስራ ሰራህ ፖሊሱ፣ ጥያቄውን አበላሸኸው።,Sarcasm/Irony,5
4900,እባክዎ ጥያቄውን ለመምህሩ ከጥቂት ደቂቃዎች በኋላ ይላኩልኝ።,Request,0
4903,የመልእክቱ ችግር በሚቀጥለው ወር ከሹፌሩ ጋር እፈታለሁ።,Promise,8
4905,ጎበዝ ስራ ዶክተሩ፣ ትዕዛዙ ሙሉ በሙሉ ፈርሷል።,Sarcasm/Irony,5
4908,የመሳሪያው ችግር ከምሽቱ ጀምሮ ከጠበቃው ጋር እፈታለሁ።,Promise,8
4909,ሚኒስቴሩ ስለ ሰነዱ ማስጠንቀቂያ በስብሰባው ወቅት አውጥቷል።,Warning,4
4910,ጤና ይስጥልኝ አስተማሪዋ፣ በሳምንቱ መጨረሻ ደህና ነህ?,Phatic,7
4911,ሹፌሩ ወደ ፖሊስ ጣቢያ በስብሰባው ወቅት ሄደዋል።,Assertion,1
4912,መጽሐፉ ገና ወደ ገበያ በሳምንቱ መጨረሻ አልደረሰኝም።,Complaint,6
4913,ይቅርታ፣ ልብሱን በስብሰባው ወቅት ማድረግ አልችልም።,Refusal,2
4914,የሪፖርቱ ገመድ በአውሮፕላን ማረፊያ አደገኛ ነው ተጠንቀቁ።,Warning,4
4918,መኪናው ገና ወደ ሱቅ ነገ ከሰዓት በኋላ አልደረሰኝም።,Complaint,6
4921,ደህና ሁን አስተማሪዋ፣ እስከ ነገ ጠዋት እንገናኝ።,Phatic,7
4923,አዎ በርግጥ፣ የመንግስት እቅድ በከሁለት ቀናት በኋላ በጭራሽ አይከሽፍም።,Sarcasm/Irony,5
4924,የኮምፒዩተሩ ችግር በዚህ አመት ከፖሊሱ ጋር እፈታለሁ።,Promise,8
4925,እባክዎ ይቅርታ፣ መሳሪያውን ነገ ማቅረብ አልችልም።,Refusal,2
4926,ጤና ይስጥልኝ ጓደኛዬ፣ በዚህ ሳምንት ደህና ነህ?,Phatic,7
4927,ስለ ጥያቄው ጉዳይ ከፖሊሱ ጋር እንወያይ።,Suggestion,3
4928,ይቅርታ፣ ደረሰኙን ነገ ከሰዓት በኋላ ማድረግ አልችልም።,Refusal,2
4929,ቡናው ገና ወደ ባንክ በዚህ ወር አልደረሰኝም።,Complaint,6
4930,ማዕከሉ ስለ ካርታው ማስጠንቀቂያ ከሁለት ቀናት በኋላ አውጥቷል።,Warning,4
4932,ጎበዝ! በጣም ጥሩ ስራ ሰራህ ባልደረባዬ፣ መልእክቱን አበላሸኸው።,Sarcasm/Irony,5
4933,ቦርሳው ገና ወደ ትምህርት ቤት ነገ ከሰዓት በኋላ አልደረሰኝም።,Complaint,6
4934,ሚኒስትሩ ወደ ቤት ዛሬ ሄደዋል።,Assertion,1
4935,ጠበቃው ወደ መጋዘን ነገ ሄደዋል።,Assertion,1
4936,ባልደረባዬ ወደ ፍርድ ቤት ከሰዓት በኋላ ሄደዋል።,Assertion,1
4937,ደህና ሁን መሐንዲሱ፣ እስከ ከሶስት ሰዓት በኋላ እንገናኝ።,Phatic,7
4938,ጎበዝ ስራ ባልደረባዬ፣ ውሃው ሙሉ በሙሉ ፈርሷል።,Sarcasm/Irony,5
4939,እባክዎ መኪናውን ለነጋዴው ነገ ይላኩልኝ።,Request,0
4940,ከጋዜጠኛው ጋር ስለ መልእክቱ ጉዳይ መስማማት አልችልም።,Refusal,2
4941,እባክዎ ስልኩን ለጋዜጠኛው በሚቀጥለው አመት ይላኩልኝ።,Request,0
4942,ይህን ትዕዛዙን ከዶክተሩ መቀበል አልችልም።,Refusal,2
4943,መንግስት ስለ ጥያቄው ማስጠንቀቂያ ነገ ከሰዓት በኋላ አውጥቷል።,Warning,4
4944,ስራ አስኪያጁ ወደ ፖሊስ ጣቢያ ነገ ከሰዓት በኋላ ሄደዋል።,Assertion,1
4945,እንዴት ጎበዝ ነህ አስተማሪዋ፣ ገንዘቡን ሰብረኸዋል!,Sarcasm/Irony,5
4947,እባክዎ ልብሱን ለጋዜጠኛው ዛሬ ማታ ይላኩልኝ።,Request,0
4949,ደህና ከምሽቱ ጀምሮ ይሁንልህ ደንበኛው።,Phatic,7
4951,ጎበዝ ስራ መምህሩ፣ ውሉ ሙሉ በሙሉ ፈርሷል።,Sarcasm/Irony,5
4953,ሚኒስትሩ ወደ ፖሊስ ጣቢያ ነገ ሄደዋል።,Assertion,1
4954,ስለ መስኮቱ ጉዳይ ከጓደኛዬ ጋር እንወያይ።,Suggestion,3
4955,ከዶክተሩ ጋር ስለ ደረሰኙ ጉዳይ መስማማት አልችልም።,Refusal,2
4956,አስተማሪዋ ወደ ባንክ ከሶስት ሰዓት በኋላ ሄደዋል።,Assertion,1
4957,ቢሮ በሳምንቱ መጨረሻ ተከፍቷል።,Assertion,1
4959,እባክዎ ይቅርታ፣ መልእክቱን ከአንድ ሰዓት በኋላ ማቅረብ አልችልም።,Refusal,2
4960,ከጠበቃው ጋር ስለ መኪናው ጉዳይ መስማማት አልችልም።,Refusal,2
4961,ደህና እደር ሚኒስትሩ፣ በዚህ አመት እንገናኝ።,Phatic,7
4963,ደህና ሁን ባልደረባዬ፣ እስከ ከዛሬ ጀምሮ እንገናኝ።,Phatic,7
4967,መንግስት ስለ መልእክቱ ማስጠንቀቂያ ዛሬ አውጥቷል።,Warning,4
4969,እባክዎ መልእክቱን ለፖሊሱ ነገ ከሰዓት በኋላ ይላኩልኝ።,Request,0
4970,ጥያቄው ገና ወደ ቤት ነገ ጠዋት አልደረሰኝም።,Complaint,6
4971,ይቅርታ፣ ቡናውን በሚቀጥለው ወር ማድረግ አልችልም።,Refusal,2
4972,የልብሱ ችግር ከአንድ ሰዓት በኋላ ከዶክተሩ ጋር እፈታለሁ።,Promise,8
4973,እባክዎ ውሃውን ለመምህሩ በሚቀጥለው አመት ይላኩልኝ።,Request,0
4975,ባልደረባዬ ወደ ሆስፒታል በዚህ አመት ሄደዋል።,Assertion,1
4976,በሳምንቱ መጨረሻ ወደ ገበያ እመጣለሁ።,Promise,8
4979,እባክዎ ይቅርታ፣ ውሉን በዚህ አመት ማቅረብ አልችልም።,Refusal,2
4980,የሂሳቡ ችግር ከምሽቱ ጀምሮ ከፖሊሱ ጋር እፈታለሁ።,Promise,8
4981,እባክዎ ፕሮጀክቱን ለባልደረባዬ ከምሽቱ ጀምሮ ይላኩልኝ።,Request,0
4982,ገንዘቡ ገና ወደ ገበያ በዚህ ሳምንት አልደረሰኝም።,Complaint,6
4983,ይቅርታ፣ ገንዘቡን በሚቀጥለው ወር ማድረግ አልችልም።,Refusal,2
4984,ቤቱ ገና ወደ ትምህርት ቤት ከሁለት ቀናት በኋላ አልደረሰኝም።,Complaint,6
4985,እባክዎ መልእክቱን ለመሐንዲሱ በሳምንቱ መጨረሻ ይላኩልኝ።,Request,0
4986,እባክዎ ይቅርታ፣ ማሽኑን ከአንድ ሰዓት በኋላ ማቅረብ አልችልም።,Refusal,2
4987,የሰነዱ ዋጋውን በሚቀጥለው አመት ብንቀንስ ደንበኞች ይጨምራሉ።,Suggestion,3
4988,ደህና ሁን ጋዜጠኛው፣ እስከ ከጥቂት ደቂቃዎች በኋላ እንገናኝ።,Phatic,7
4989,እቅዱን ዛሬ ማታ ከማህበሩ ጋር እናሻሽል።,Suggestion,3
4990,የቁልፉ ችግር በስብሰባው ወቅት ከደንበኛው ጋር እፈታለሁ።,Promise,8
4991,እባክዎ በሩን ለደንበኛው በሚቀጥለው ወር ይላኩልኝ።,Request,0
4992,የማሽኑ ችግር ከዛሬ ጀምሮ ከፖሊሱ ጋር እፈታለሁ።,Promise,8
4993,ስለ ቤቱ ጉዳይ ከሹፌሩ ጋር እንወያይ።,Suggestion,3
4994,በጣም ብልህ ነህ ሹፌሩ፣ ደብዳቤውን ረሳኸው።,Sarcasm/Irony,5
4996,እባክዎ ካርታውን ለዶክተሩ በዚህ አመት ይላኩልኝ።,Request,0
4997,መሐንዲሱ፣ ጤና ይስጥልኝ በፍርድ ቤት።,Phatic,7
4998,ነገ ጠዋት በቤት ስብሰባ እናድርግ።,Suggestion,3
5000,እባክዎ መኪናውን ለነጋዴው ከሶስት ሰዓት በኋላ ይላኩልኝ።,Request,0
5001,መጽሐፉ ገና ወደ ፍርድ ቤት ከሶስት ሰዓት በኋላ አልደረሰኝም።,Complaint,6
5002,አመሰግናለሁ ሚኒስትሩ፣ ደህና ዋል በመጋዘን።,Phatic,7
5003,እባክዎ ይቅርታ፣ ማሽኑን በሚቀጥለው ወር ማቅረብ አልችልም።,Refusal,2
5004,እባክዎ ይቅርታ፣ ኮምፒዩተሩን በዚህ ሳምንት ማቅረብ አልችልም።,Refusal,2
5005,ነጋዴው ወደ ሆስፒታል በስብሰባው ወቅት ሄደዋል።,Assertion,1
5006,የገንዘቡ ችግር ዛሬ ከጋዜጠኛው ጋር እፈታለሁ።,Promise,8
5008,ሹፌሩ ወደ ቢሮ በዚህ ወር ሄደዋል።,Assertion,1
5009,ደብዳቤው ገና ወደ መንገድ ላይ ከሁለት ቀናት በኋላ አልደረሰኝም።,Complaint,6
5010,መሐንዲሱ ወደ ስብሰባ ክፍል በሚቀጥለው ሳምንት ሄደዋል።,Assertion,1
5011,እባክዎ ይቅርታ፣ በሩን ነገ ከሰዓት በኋላ ማቅረብ አልችልም።,Refusal,2
5012,እባክዎ ይቅርታ፣ ሰነዱን በዚህ ወር ማቅረብ አልችልም።,Refusal,2
5013,ሚኒስትሩ ወደ ፍርድ ቤት ከጥቂት ደቂቃዎች በኋላ ሄደዋል።,Assertion,1
5014,ጠበቃው ወደ ቢሮ ነገ ጠዋት ሄደዋል።,Assertion,1
5015,በሩን ከአንድ ሰዓት በኋላ ብንሞክር ጥሩ ይሆናል።,Suggestion,3
5016,እባክዎ ሰነዱን ለዶክተሩ ነገ ከሰዓት በኋላ ይላኩልኝ።,Request,0
5017,የምርቱ ችግር ዛሬ ከደንበኛው ጋር እፈታለሁ።,Promise,8
5018,ቁልፉ ገና ወደ ፍርድ ቤት በዚህ ሳምንት አልደረሰኝም።,Complaint,6
5019,መሐንዲሱ ወደ ፖሊስ ጣቢያ በሳምንቱ መጨረሻ ሄደዋል።,Assertion,1
5020,አስተማሪዋ ወደ ከተማው ውስጥ ከሶስት ሰዓት በኋላ ሄደዋል።,Assertion,1
5022,እባክዎ ማሽኑን ለደንበኛው ነገ ከሰዓት በኋላ ይላኩልኝ።,Request,0
5024,እባክዎ መሳሪያውን ለጓደኛዬ ከሶስት ሰዓት በኋላ ይላኩልኝ።,Request,0
5025,እባክዎ መጽሐፉን ለጋዜጠኛው ነገ ጠዋት ይላኩልኝ።,Request,0
5026,እባክዎ ማሽኑን ለጠበቃው ከሁለት ቀናት በኋላ ይላኩልኝ።,Request,0
5027,ደህና እደር ነጋዴው፣ ዛሬ እንገናኝ።,Phatic,7
5033,ይቅርታ፣ ደብዳቤውን ከአንድ ሰዓት በኋላ ማድረግ አልችልም።,Refusal,2
5034,ይቅርታ፣ ሂሳቡን ዛሬ ማድረግ አልችልም።,Refusal,2
5037,መምህሩ ወደ ሱቅ ዛሬ ሄደዋል።,Assertion,1
5038,የስጦታው ችግር በሚቀጥለው አመት ከደንበኛው ጋር እፈታለሁ።,Promise,8
5040,የዕቃው ችግር ነገ ከሰዓት በኋላ ከሹፌሩ ጋር እፈታለሁ።,Promise,8
5041,አለቃዬ ወደ ከተማው ውስጥ ከሁለት ቀናት በኋላ ሄደዋል።,Assertion,1
5044,ከሹፌሩ ጋር ስለ ውሉ ጉዳይ መስማማት አልችልም።,Refusal,2
5045,መሐንዲሱ ወደ ፍርድ ቤት በሳምንቱ መጨረሻ ሄደዋል።,Assertion,1
5046,ሚኒስቴሩ ስለ ውሃው ማስጠንቀቂያ ከዛሬ ጀምሮ አውጥቷል።,Warning,4
5047,ኩባንያው ስለ መጽሐፉ ማስጠንቀቂያ ከአንድ ሰዓት በኋላ አውጥቷል።,Warning,4
5048,ቢያንስ አንዴ ሰነዱን በአውሮፕላን ማረፊያ እንሞክር።,Suggestion,3
5051,ጎበዝ ስራ ባልደረባዬ፣ ስጦታው ሙሉ በሙሉ ፈርሷል።,Sarcasm/Irony,5
5052,እባክዎ መጽሐፉን ለአለቃዬ በሚቀጥለው ወር ይላኩልኝ።,Request,0
5054,ፕሮጀክቱ ገና ወደ ባንክ ከጥቂት ደቂቃዎች በኋላ አልደረሰኝም።,Complaint,6
5055,ጎበዝ! በጣም ጥሩ ስራ ሰራህ ሚኒስትሩ፣ ደብዳቤውን አበላሸኸው።,Sarcasm/Irony,5
5056,እባክዎ ይቅርታ፣ በሩን ከሁለት ቀናት በኋላ ማቅረብ አልችልም።,Refusal,2
5057,ይቅርታ፣ ደብዳቤውን ዛሬ ማድረግ አልችልም።,Refusal,2
5058,ደህና ከሶስት ሰዓት በኋላ ይሁንልህ ጓደኛዬ።,Phatic,7
5059,ነጋዴው ወደ ገበያ ነገ ከሰዓት በኋላ ሄደዋል።,Assertion,1
5060,የደረሰኙ ችግር ከአንድ ሰዓት በኋላ ከጋዜጠኛው ጋር እፈታለሁ።,Promise,8
5061,የመጽሐፉ ዋጋውን ከአንድ ሰዓት በኋላ ብንቀንስ ደንበኞች ይጨምራሉ።,Suggestion,3
5062,እንዴት ደስ ይላል፣ ጋዜጠኛው እንደገና በስብሰባው ወቅት ዘገዩ።,Sarcasm/Irony,5
5063,በቢሮ ነገ ከሰዓት በኋላ ወንጀል ሊፈጸም ይችላል ተጠንቀቁ።,Warning,4
5064,መሐንዲሱ ወደ ፖሊስ ጣቢያ ከጥቂት ደቂቃዎች በኋላ ሄደዋል።,Assertion,1
5065,እባክዎ ጥያቄውን ለጠበቃው በሚቀጥለው ወር ይላኩልኝ።,Request,0
5067,እባክዎ ደረሰኙን ለባልደረባዬ በዚህ አመት ይላኩልኝ።,Request,0
5068,መኪናው ገና ወደ ከተማው ውስጥ ከአንድ ሰዓት በኋላ አልደረሰኝም።,Complaint,6
5070,ቤቱ ገና ወደ ከተማው ውስጥ ከሰዓት በኋላ አልደረሰኝም።,Complaint,6
5071,እባክዎ በሩን ለነጋዴው ከሰዓት በኋላ ይላኩልኝ።,Request,0
5072,እባክዎ ትዕዛዙን ለሹፌሩ በሚቀጥለው ወር ይላኩልኝ።,Request,0
5073,አመሰግናለሁ ፖሊሱ፣ ደህና ዋል በመጋዘን።,Phatic,7
5075,የቤቱ ችግር በዚህ ሳምንት ከስራ አስኪያጁ ጋር እፈታለሁ።,Promise,8
5076,ሂሳቡ ገና ወደ ሆስፒታል ከምሽቱ ጀምሮ አልደረሰኝም።,Complaint,6
5077,ሪፖርቱ ገና ወደ ቤት ዛሬ ማታ አልደረሰኝም።,Complaint,6
5078,ደህና እደር አለቃዬ፣ ዛሬ ማታ እንገናኝ።,Phatic,7
5079,ድርጅቱ ስለ ቤቱ ማስጠንቀቂያ ከዛሬ ጀምሮ አውጥቷል።,Warning,4
5081,ኩባንያው ስለ ኮምፒዩተሩ ማስጠንቀቂያ ዛሬ ማታ አውጥቷል።,Warning,4
5082,መልእክቱ ገና ወደ ቢሮ ከሁለት ቀናት በኋላ አልደረሰኝም።,Complaint,6
5083,እባክዎ ይቅርታ፣ ሰነዱን ዛሬ ማቅረብ አልችልም።,Refusal,2
5086,ደረሰኙ ገና ወደ ስብሰባ ክፍል ከሶስት ሰዓት በኋላ አልደረሰኝም።,Complaint,6
5087,እባክዎ ፋይሉን ለዶክተሩ ዛሬ ይላኩልኝ።,Request,0
5089,እባክህ ለደብዳቤው ይህን ዘዴ ከሶስት ሰዓት በኋላ ተጠቀም።,Suggestion,3
5091,የስጦታው ችግር በሚቀጥለው ሳምንት ከስራ አስኪያጁ ጋር እፈታለሁ።,Promise,8
5092,እባክዎ ልብሱን ለሹፌሩ ነገ ይላኩልኝ።,Request,0
5093,ከጠበቃው ጋር ስለ ሂሳቡ ጉዳይ መስማማት አልችልም።,Refusal,2
5094,ሂሳቡን ነገ ከሰዓት በኋላ ብንሞክር ጥሩ ይሆናል።,Suggestion,3
5095,ደረሰኙ ገና ወደ ባንክ ዛሬ አልደረሰኝም።,Complaint,6
5097,እንኳን ደስ አለህ ነጋዴው ከሶስት ሰዓት በኋላ።,Phatic,7
5098,ሚኒስቴሩ ስለ ምርቱ ማስጠንቀቂያ ከምሽቱ ጀምሮ አውጥቷል።,Warning,4
5100,አስተማሪዋ ወደ ቢሮ በሚቀጥለው ወር ሄደዋል።,Assertion,1
5101,ካርታው ገና ወደ ባንክ በስብሰባው ወቅት አልደረሰኝም።,Complaint,6
5102,እባክዎ ይቅርታ፣ ስልኩን ከሶስት ሰዓት በኋላ ማቅረብ አልችልም።,Refusal,2
5103,ስቱዲዮው ስለ ጥያቄው ማስጠንቀቂያ ከሶስት ሰዓት በኋላ አውጥቷል።,Warning,4
5104,መጽሐፉን በዚህ ወር ብንሞክር ጥሩ ይሆናል።,Suggestion,3
5105,የውሃው ዋጋውን በዚህ ወር ብንቀንስ ደንበኞች ይጨምራሉ።,Suggestion,3
5107,ጎበዝ! በጣም ጥሩ ስራ ሰራህ ስራ አስኪያጁ፣ ቁልፉን አበላሸኸው።,Sarcasm/Irony,5
5109,እባክዎ ማሽኑን ለመምህሩ በስብሰባው ወቅት ይላኩልኝ።,Request,0
5111,የመጽሐፉ ችግር በዚህ ሳምንት ከጠበቃው ጋር እፈታለሁ።,Promise,8
5112,ቡናው ገና ወደ ስብሰባ ክፍል ከሁለት ቀናት በኋላ አልደረሰኝም።,Complaint,6
5114,ደንበኛው ወደ ፍርድ ቤት በዚህ ሳምንት ሄደዋል።,Assertion,1
5116,እባክዎ ቡናውን ለሹፌሩ ነገ ይላኩልኝ።,Request,0
5117,ከስራ አስኪያጁ ጋር ስለ ውሃው ጉዳይ መስማማት አልችልም።,Refusal,2
5118,የውሉ ዋጋውን ዛሬ ማታ ብንቀንስ ደንበኞች ይጨምራሉ።,Suggestion,3
5120,እባክዎ ይቅርታ፣ ካርታውን ዛሬ ማታ ማቅረብ አልችልም።,Refusal,2
5121,እቅዱን ዛሬ ከማህበሩ ጋር እናሻሽል።,Suggestion,3
5122,ከተማው ውስጥ ከጥቂት ደቂቃዎች በኋላ ተከፍቷል።,Assertion,1
5123,በጣም ብልህ ነህ ደንበኛው፣ ገንዘቡን ረሳኸው።,Sarcasm/Irony,5
5125,የልብሱ ችግር በሚቀጥለው አመት ከስራ አስኪያጁ ጋር እፈታለሁ።,Promise,8
5126,እባክዎ ፕሮጀክቱን ለሹፌሩ ዛሬ ማታ ይላኩልኝ።,Request,0
5127,ዶክተሩ ወደ አውሮፕላን ማረፊያ ዛሬ ሄደዋል።,Assertion,1
5128,ፋብሪካው ስለ ልብሱ ማስጠንቀቂያ ከዛሬ ጀምሮ አውጥቷል።,Warning,4
5129,በጣም ብልህ ነህ መሐንዲሱ፣ መኪናውን ረሳኸው።,Sarcasm/Irony,5
5131,የገንዘቡ ችግር በዚህ አመት ከፖሊሱ ጋር እፈታለሁ።,Promise,8
5132,ይህን ሪፖርቱን ከአለቃዬ መቀበል አልችልም።,Refusal,2
5133,እባክዎ በሩን ለነጋዴው ከሶስት ሰዓት በኋላ ይላኩልኝ።,Request,0
5134,መሐንዲሱ ወደ ቢሮ ነገ ጠዋት ሄደዋል።,Assertion,1
5135,ስራ አስኪያጁ ወደ ቤት ነገ ሄደዋል።,Assertion,1
5136,በሩን በጥንቃቄ ለሹፌሩ እይዛለሁ።,Promise,8
5137,ደህና እደር አስተማሪዋ፣ ዛሬ እንገናኝ።,Phatic,7
5138,እንዴት ጎበዝ ነህ ጠበቃው፣ ቤቱን ሰብረኸዋል!,Sarcasm/Irony,5
5142,በጣም ብልህ ነህ ሹፌሩ፣ ኮምፒዩተሩን ረሳኸው።,Sarcasm/Irony,5
5143,ይቅርታ፣ ቤቱን በሳምንቱ መጨረሻ ማድረግ አልችልም።,Refusal,2
5144,የቦርሳው ችግር ከአንድ ሰዓት በኋላ ከአለቃዬ ጋር እፈታለሁ።,Promise,8
5146,ትዕዛዙ ገና ወደ ፋብሪካ ዛሬ ማታ አልደረሰኝም።,Complaint,6
5147,ሰላም ስራ አስኪያጁ፣ በዚህ ሳምንት እንዴት ነህ?,Phatic,7
5148,ደህና እደር ዶክተሩ፣ ነገ እንገናኝ።,Phatic,7
5149,እባክዎ መኪናውን ለዶክተሩ ዛሬ ይላኩልኝ።,Request,0
5151,በጣም ብልህ ነህ አስተማሪዋ፣ መኪናውን ረሳኸው።,Sarcasm/Irony,5
5153,ድርጅቱ ስለ ቡናው ማስጠንቀቂያ በስብሰባው ወቅት አውጥቷል።,Warning,4
5154,ካርታው ገና ወደ ስብሰባ ክፍል ዛሬ አልደረሰኝም።,Complaint,6
5155,ዛሬ ማታ በከተማው ውስጥ ስብሰባ እናድርግ።,Suggestion,3
5157,እባክህ ለቦርሳው ይህን ዘዴ ዛሬ ማታ ተጠቀም።,Suggestion,3
5158,ስራ አስኪያጁ ወደ ቢሮ ከአንድ ሰዓት በኋላ ሄደዋል።,Assertion,1
5159,ሹፌሩ ወደ ፍርድ ቤት ዛሬ ማታ ሄደዋል።,Assertion,1
5161,እቅዱን ዛሬ ማታ ከማዕከሉ ጋር እናሻሽል።,Suggestion,3
5162,ይቅርታ፣ መስኮቱን ነገ ከሰዓት በኋላ ማድረግ አልችልም።,Refusal,2
5163,እባክዎ ደብዳቤውን ለአለቃዬ ከምሽቱ ጀምሮ ይላኩልኝ።,Request,0
5164,ከጓደኛዬ ጋር ስለ መስኮቱ ጉዳይ መስማማት አልችልም።,Refusal,2
5167,እቅዱን በሚቀጥለው ወር ከሚኒስቴሩ ጋር እናሻሽል።,Suggestion,3
5170,ፋብሪካው ስለ ሂሳቡ ማስጠንቀቂያ በሚቀጥለው ወር አውጥቷል።,Warning,4
5171,ሰላም ባልደረባዬ፣ ከሰዓት በኋላ እንዴት ነህ?,Phatic,7
5172,የኮምፒዩተሩ ችግር በዚህ ወር ከአስተማሪዋ ጋር እፈታለሁ።,Promise,8
5173,ውሉ ገና ወደ ሆስፒታል ከሶስት ሰዓት በኋላ አልደረሰኝም።,Complaint,6
5174,ኩባንያው ስለ ጥያቄው ማስጠንቀቂያ ነገ ጠዋት አውጥቷል።,Warning,4
5175,በስብሰባ ክፍል ነገ ከሰዓት በኋላ ወንጀል ሊፈጸም ይችላል ተጠንቀቁ።,Warning,4
5176,እባክዎ ልብሱን ለዶክተሩ ከአንድ ሰዓት በኋላ ይላኩልኝ።,Request,0
5177,ቦርሳው ገና ወደ ፍርድ ቤት በሳምንቱ መጨረሻ አልደረሰኝም።,Complaint,6
5179,የካርታው ችግር ነገ ከፖሊሱ ጋር እፈታለሁ።,Promise,8
5180,ጎበዝ! በጣም ጥሩ ስራ ሰራህ ጠበቃው፣ ደብዳቤውን አበላሸኸው።,Sarcasm/Irony,5
5182,ጠበቃው ወደ ቢሮ ከአንድ ሰዓት በኋላ ሄደዋል።,Assertion,1
5183,መጽሐፉ ገና ወደ ትምህርት ቤት ከጥቂት ደቂቃዎች በኋላ አልደረሰኝም።,Complaint,6
5184,መምህሩ ወደ ቢሮ በሳምንቱ መጨረሻ ሄደዋል።,Assertion,1
5189,የቦርሳው ገመድ በገበያ አደገኛ ነው ተጠንቀቁ።,Warning,4
5190,ሰነዱ ገና ወደ ፖሊስ ጣቢያ በዚህ አመት አልደረሰኝም።,Complaint,6
5191,እባክህ ለማሽኑ ይህን ዘዴ ዛሬ ተጠቀም።,Suggestion,3
5192,አለቃዬ፣ እንደምን አደርክ በሳምንቱ መጨረሻ?,Phatic,7
5193,መኪናው ገና ወደ ሱቅ በዚህ አመት አልደረሰኝም።,Complaint,6
5194,እንዴት ደስ ይላል፣ አስተማሪዋ እንደገና ከጥቂት ደቂቃዎች በኋላ ዘገዩ።,Sarcasm/Irony,5
5195,ጥንቃቄ ያድርጉ፣ በሚቀጥለው አመት ገበያ ይንሸራተታል።,Warning,4
5196,የኮምፒዩተሩ ችግር ዛሬ ማታ ከመምህሩ ጋር እፈታለሁ።,Promise,8
5197,እባክህ ለመሳሪያው ይህን ዘዴ በሚቀጥለው ሳምንት ተጠቀም።,Suggestion,3
5198,ደህና ነገ ይሁንልህ መሐንዲሱ።,Phatic,7
5199,እባክዎ ስልኩን ለዶክተሩ ከሁለት ቀናት በኋላ ይላኩልኝ።,Request,0
5200,የሰነዱ ችግር ከሰዓት በኋላ ከመሐንዲሱ ጋር እፈታለሁ።,Promise,8
5201,ማሽኑ ገና ወደ አውሮፕላን ማረፊያ ነገ አልደረሰኝም።,Complaint,6
5203,ውሃው ገና ወደ ፖሊስ ጣቢያ ከምሽቱ ጀምሮ አልደረሰኝም።,Complaint,6
5204,ኩባንያው ስለ ቦርሳው ማስጠንቀቂያ በሚቀጥለው አመት አውጥቷል።,Warning,4
5205,የመሳሪያው ወጪውን በገበያ ብንቀንስ የተሻለ ነው።,Suggestion,3
5206,ሚኒስትሩ ወደ ቢሮ ከአንድ ሰዓት በኋላ ሄደዋል።,Assertion,1
5207,ሪፖርቱ ገና ወደ ባንክ ከሁለት ቀናት በኋላ አልደረሰኝም።,Complaint,6
5209,እባክዎ ውሃውን ለነጋዴው በሳምንቱ መጨረሻ ይላኩልኝ።,Request,0
5211,መምህሩ ወደ አውሮፕላን ማረፊያ በዚህ ሳምንት ሄደዋል።,Assertion,1
5214,ዛሬ ወደ አውሮፕላን ማረፊያ እደርሳለሁ።,Promise,8
5215,ሚኒስቴሩ ስለ ገንዘቡ ማስጠንቀቂያ ከሶስት ሰዓት በኋላ አውጥቷል።,Warning,4
5217,ስለ ኮምፒዩተሩ ጉዳይ ከደንበኛው ጋር እንወያይ።,Suggestion,3
5220,የመስኮቱ ችግር ከአንድ ሰዓት በኋላ ከአስተማሪዋ ጋር እፈታለሁ።,Promise,8
5225,እንዴት ጎበዝ ነህ ደንበኛው፣ ካርታውን ሰብረኸዋል!,Sarcasm/Irony,5
5226,ሚኒስትሩ ወደ ሆስፒታል ከሁለት ቀናት በኋላ ሄደዋል።,Assertion,1
5229,ማህበሩ ስለ ልብሱ ማስጠንቀቂያ በስብሰባው ወቅት አውጥቷል።,Warning,4
5230,በጣም ብልህ ነህ ነጋዴው፣ ፕሮጀክቱን ረሳኸው።,Sarcasm/Irony,5
5232,ነገ ጠዋት በቢሮ ትራፊኩ ከባድ ነው ተጠንቀቁ።,Warning,4
5233,ይቅርታ፣ ጥያቄውን በሚቀጥለው አመት ማድረግ አልችልም።,Refusal,2
5234,ፋብሪካው ስለ ቦርሳው ማስጠንቀቂያ በስብሰባው ወቅት አውጥቷል።,Warning,4
5235,ውሉ ገና ወደ ሱቅ ነገ ከሰዓት በኋላ አልደረሰኝም።,Complaint,6
5237,ይቅርታ፣ መሳሪያውን ዛሬ ማድረግ አልችልም።,Refusal,2
5243,ማዕከሉ ስለ ቤቱ ማስጠንቀቂያ ከሁለት ቀናት በኋላ አውጥቷል።,Warning,4
5244,ደህና እደር ዶክተሩ፣ ከጥቂት ደቂቃዎች በኋላ እንገናኝ።,Phatic,7
5246,ነገ ከሰዓት በኋላ በፋብሪካ ስብሰባ እናድርግ።,Suggestion,3
5248,ይቅርታ፣ ልብሱን በሚቀጥለው ወር ማድረግ አልችልም።,Refusal,2
5249,ማህበሩ ስለ ደብዳቤው ማስጠንቀቂያ ከምሽቱ ጀምሮ አውጥቷል።,Warning,4
5251,እንዴት ጎበዝ ነህ ባልደረባዬ፣ ሂሳቡን ሰብረኸዋል!,Sarcasm/Irony,5
5252,ይህን መጽሐፉን ከጠበቃው መቀበል አልችልም።,Refusal,2
5253,እንዴት ጎበዝ ነህ ጋዜጠኛው፣ ቁልፉን ሰብረኸዋል!,Sarcasm/Irony,5
5254,ከሹፌሩ ጋር ስለ መስኮቱ ጉዳይ መስማማት አልችልም።,Refusal,2
5256,ከሹፌሩ ጋር ስለ መልእክቱ ጉዳይ መስማማት አልችልም።,Refusal,2
5257,ከደንበኛው ጋር ስለ ልብሱ ጉዳይ መስማማት አልችልም።,Refusal,2
5258,እንኳን ደስ አለህ ፖሊሱ፣ ስለ ቁልፉ እንደገና ተሳስተሃል።,Sarcasm/Irony,5
5259,ይህን ቁልፉን ከሚኒስትሩ መቀበል አልችልም።,Refusal,2
5260,ሪፖርቱን ለስራ አስኪያጁ በሚቀጥለው አመት አቀርባለሁ።,Promise,8
5261,እንዴት ጎበዝ ነህ ነጋዴው፣ ቡናውን ሰብረኸዋል!,Sarcasm/Irony,5
5262,ስቱዲዮው ስለ ስጦታው ማስጠንቀቂያ ከሰዓት በኋላ አውጥቷል።,Warning,4
5265,እባክህ ለውሉ ይህን ዘዴ ነገ ጠዋት ተጠቀም።,Suggestion,3
5268,ጎበዝ! በጣም ጥሩ ስራ ሰራህ አስተማሪዋ፣ ፕሮጀክቱን አበላሸኸው።,Sarcasm/Irony,5
5270,ስቱዲዮው ስለ ቦርሳው ማስጠንቀቂያ ከአንድ ሰዓት በኋላ አውጥቷል።,Warning,4
5271,ማህበሩ ስለ ደብዳቤው ማስጠንቀቂያ በዚህ አመት አውጥቷል።,Warning,4
5274,ጎበዝ! በጣም ጥሩ ስራ ሰራህ መምህሩ፣ ካርታውን አበላሸኸው።,Sarcasm/Irony,5
5276,ጋዜጠኛው ወደ ትምህርት ቤት ከዛሬ ጀምሮ ሄደዋል።,Assertion,1
5277,እባክዎ ጥያቄውን ለዶክተሩ ከአንድ ሰዓት በኋላ ይላኩልኝ።,Request,0
5278,እንኳን ደስ አለህ ደንበኛው ዛሬ ማታ።,Phatic,7
5279,የገንዘቡ ችግር ነገ ከሰዓት በኋላ ከአለቃዬ ጋር እፈታለሁ።,Promise,8
5280,ይህን ስራ ከጓደኛዬ ጋር አልቀበልም።,Refusal,2
5281,ነጋዴው፣ እንደምን አደርክ ነገ ከሰዓት በኋላ?,Phatic,7
5282,ጤና ይስጥልኝ መምህሩ፣ በዚህ ሳምንት ደህና ነህ?,Phatic,7
5283,ስለ ማሽኑ ከደንበኛው ጋር ማሰብ ይኖርብናል።,Suggestion,3
5284,እንዴት ደስ ይላል፣ ጋዜጠኛው እንደገና በሚቀጥለው አመት ዘገዩ።,Sarcasm/Irony,5
5285,ሪፖርቱ ገና ወደ ከተማው ውስጥ ነገ ከሰዓት በኋላ አልደረሰኝም።,Complaint,6
5286,ፋብሪካው ስለ መኪናው ማስጠንቀቂያ ነገ አውጥቷል።,Warning,4
5287,ስለ ፕሮጀክቱ ጉዳይ ከፖሊሱ ጋር እንወያይ።,Suggestion,3
5288,ጋዜጠኛው ወደ አውሮፕላን ማረፊያ በዚህ አመት ሄደዋል።,Assertion,1
5289,እባክዎ ይቅርታ፣ ደብዳቤውን በሚቀጥለው ሳምንት ማቅረብ አልችልም።,Refusal,2
5290,ደህና ሁን መሐንዲሱ፣ እስከ ነገ ከሰዓት በኋላ እንገናኝ።,Phatic,7
5291,ስለ መኪናው ጉዳይ ከስራ አስኪያጁ ጋር እንወያይ።,Suggestion,3
5292,የቤቱ ችግር በሚቀጥለው አመት ከስራ አስኪያጁ ጋር እፈታለሁ።,Promise,8
5293,ሹፌሩ፣ እንደምን አደርክ ነገ?,Phatic,7
5295,እባክዎ ሰነዱን ለባልደረባዬ ነገ ከሰዓት በኋላ ይላኩልኝ።,Request,0
5296,መሳሪያው ገና ወደ ትምህርት ቤት ከሶስት ሰዓት በኋላ አልደረሰኝም።,Complaint,6
5297,ኩባንያው ስለ ማሽኑ ማስጠንቀቂያ ዛሬ ማታ አውጥቷል።,Warning,4
5298,የቁልፉ ችግር በሚቀጥለው ሳምንት ከስራ አስኪያጁ ጋር እፈታለሁ።,Promise,8
5299,ቢያንስ አንዴ መሳሪያውን በሆስፒታል እንሞክር።,Suggestion,3
5300,ጠበቃው ወደ ሱቅ በሚቀጥለው ሳምንት ሄደዋል።,Assertion,1
5301,ደህና ከሰዓት በኋላ ይሁንልህ ፖሊሱ።,Phatic,7
5302,ይቅርታ፣ ስልኩን በሚቀጥለው አመት ማድረግ አልችልም።,Refusal,2
5303,እባክዎ መኪናውን ለአለቃዬ ነገ ይላኩልኝ።,Request,0
5305,ይቅርታ፣ ሰነዱን ከሁለት ቀናት በኋላ ማድረግ አልችልም።,Refusal,2
5307,የስልኩ ችግር በዚህ አመት ከዶክተሩ ጋር እፈታለሁ።,Promise,8
5308,ጎበዝ! በጣም ጥሩ ስራ ሰራህ ነጋዴው፣ ማሽኑን አበላሸኸው።,Sarcasm/Irony,5
5309,እንኳን ደስ አለህ አስተማሪዋ፣ ስለ መሳሪያው እንደገና ተሳስተሃል።,Sarcasm/Irony,5
5311,ከባልደረባዬ ጋር ስለ ቤቱ ጉዳይ መስማማት አልችልም።,Refusal,2
5313,ገንዘቡ ገና ወደ ባንክ በዚህ ወር አልደረሰኝም።,Complaint,6
5314,ደህና ሁን ዶክተሩ፣ እስከ ከሰዓት በኋላ እንገናኝ።,Phatic,7
5315,ጤና ይስጥልኝ ዶክተሩ፣ ከምሽቱ ጀምሮ ደህና ነህ?,Phatic,7
5317,ስለ ፕሮጀክቱ ጉዳይ ከዶክተሩ ጋር እንወያይ።,Suggestion,3
5318,እንዴት ጎበዝ ነህ አለቃዬ፣ ደብዳቤውን ሰብረኸዋል!,Sarcasm/Irony,5
5320,አመሰግናለሁ ነጋዴው፣ ደህና ዋል በስብሰባ ክፍል።,Phatic,7
5322,ባልደረባዬ ወደ ቤት ከምሽቱ ጀምሮ ሄደዋል።,Assertion,1
5323,እንዴት ጎበዝ ነህ ጠበቃው፣ ፕሮጀክቱን ሰብረኸዋል!,Sarcasm/Irony,5
5325,ጎበዝ! በጣም ጥሩ ስራ ሰራህ ጠበቃው፣ ቁልፉን አበላሸኸው።,Sarcasm/Irony,5
5326,እባክዎ ስልኩን ለደንበኛው ነገ ይላኩልኝ።,Request,0
5327,ሹፌሩ፣ እንደምን አደርክ ዛሬ?,Phatic,7
5328,እንኳን ደስ አለህ መሐንዲሱ በዚህ ወር።,Phatic,7
5329,ፖሊሱ፣ እንደምን አደርክ በዚህ አመት?,Phatic,7
5330,አመሰግናለሁ መሐንዲሱ፣ ደህና ዋል በቢሮ።,Phatic,7
5332,መንግስት ስለ ቁልፉ ማስጠንቀቂያ ከሶስት ሰዓት በኋላ አውጥቷል።,Warning,4
5333,ማሽኑ ገና ወደ ፋብሪካ በስብሰባው ወቅት አልደረሰኝም።,Complaint,6
5334,እንኳን ደስ አለህ መምህሩ ነገ ከሰዓት በኋላ።,Phatic,7
5335,ዛሬ ማታ በፖሊስ ጣቢያ ስብሰባ እናድርግ።,Suggestion,3
5336,ገንዘቡ ገና ወደ ሆስፒታል ከሁለት ቀናት በኋላ አልደረሰኝም።,Complaint,6
5338,አዎ በርግጥ፣ የፋብሪካው እቅድ በከጥቂት ደቂቃዎች በኋላ በጭራሽ አይከሽፍም።,Sarcasm/Irony,5
5339,የበሩ ገመድ በቢሮ አደገኛ ነው ተጠንቀቁ።,Warning,4
5340,ይህን ውሃውን ከአለቃዬ መቀበል አልችልም።,Refusal,2
5342,አለቃዬ ወደ ሆስፒታል በሚቀጥለው ወር ሄደዋል።,Assertion,1
5343,ቢያንስ አንዴ ስጦታውን በገበያ እንሞክር።,Suggestion,3
5346,የኮምፒዩተሩ ችግር በዚህ አመት ከጓደኛዬ ጋር እፈታለሁ።,Promise,8
5347,ውሃው ገና ወደ መንገድ ላይ በሚቀጥለው አመት አልደረሰኝም።,Complaint,6
5348,ነጋዴው ወደ ፍርድ ቤት ከምሽቱ ጀምሮ ሄደዋል።,Assertion,1
5349,እባክዎ ገንዘቡን ለነጋዴው ከዛሬ ጀምሮ ይላኩልኝ።,Request,0
5351,ኤጀንሲው ስለ ደብዳቤው ማስጠንቀቂያ ዛሬ ማታ አውጥቷል።,Warning,4
5352,የቦርሳው ዋጋውን ከአንድ ሰዓት በኋላ ብንቀንስ ደንበኞች ይጨምራሉ።,Suggestion,3
5353,ኮምፒዩተሩ ገና ወደ መጋዘን ዛሬ ማታ አልደረሰኝም።,Complaint,6
5354,ሚኒስትሩ ወደ አውሮፕላን ማረፊያ ዛሬ ማታ ሄደዋል።,Assertion,1
5355,ማዕከሉ ስለ መጽሐፉ ማስጠንቀቂያ ከሰዓት በኋላ አውጥቷል።,Warning,4
5356,ጠበቃው ወደ መጋዘን በሳምንቱ መጨረሻ ሄደዋል።,Assertion,1
5357,ሪፖርቱን ለጋዜጠኛው በዚህ አመት አቀርባለሁ።,Promise,8
5359,መሳሪያው ገና ወደ ከተማው ውስጥ በዚህ ወር አልደረሰኝም።,Complaint,6
5360,ደህና ከዛሬ ጀምሮ ይሁንልህ መምህሩ።,Phatic,7
5361,ይቅርታ፣ ገንዘቡን ነገ ጠዋት ማድረግ አልችልም።,Refusal,2
5362,ማዕከሉ ስለ ሰነዱ ማስጠንቀቂያ በሳምንቱ መጨረሻ አውጥቷል።,Warning,4
5363,በሚቀጥለው አመት በፍርድ ቤት ትራፊኩ ከባድ ነው ተጠንቀቁ።,Warning,4
5364,ደህና በሚቀጥለው ወር ይሁንልህ መምህሩ።,Phatic,7
5365,ሰላም አስተማሪዋ፣ ከሁለት ቀናት በኋላ እንዴት ነህ?,Phatic,7
5368,ካርታው ገና ወደ ገበያ በሚቀጥለው ወር አልደረሰኝም።,Complaint,6
5370,የኮምፒዩተሩ ዋጋውን ከዛሬ ጀምሮ ብንቀንስ ደንበኞች ይጨምራሉ።,Suggestion,3
5371,ከሚኒስትሩ ጋር ስለ ፕሮጀክቱ ጉዳይ መስማማት አልችልም።,Refusal,2
5374,ደህና ነገ ጠዋት ይሁንልህ ሚኒስትሩ።,Phatic,7
5375,ደብዳቤው ገና ወደ ከተማው ውስጥ በስብሰባው ወቅት አልደረሰኝም።,Complaint,6
5376,ሂሳቡ ገና ወደ ፍርድ ቤት ዛሬ ማታ አልደረሰኝም።,Complaint,6
5377,እባክዎ በሩን ለሚኒስትሩ ከሰዓት በኋላ ይላኩልኝ።,Request,0
5378,የቡናው ችግር ነገ ከጓደኛዬ ጋር እፈታለሁ።,Promise,8
5379,እንዴት ጎበዝ ነህ ሚኒስትሩ፣ ስልኩን ሰብረኸዋል!,Sarcasm/Irony,5
5381,እባክዎ ይቅርታ፣ ዕቃውን ነገ ከሰዓት በኋላ ማቅረብ አልችልም።,Refusal,2
5382,እባክዎ ይቅርታ፣ መስኮቱን ነገ ማቅረብ አልችልም።,Refusal,2
5383,እንዴት ደስ ይላል፣ ጠበቃው እንደገና በሚቀጥለው አመት ዘገዩ።,Sarcasm/Irony,5
5384,እባክዎ ይቅርታ፣ ደብዳቤውን ነገ ጠዋት ማቅረብ አልችልም።,Refusal,2
5386,እባክዎ ቦርሳውን ለጓደኛዬ ከዛሬ ጀምሮ ይላኩልኝ።,Request,0
5389,እባክዎ ሰነዱን ለሚኒስትሩ በሳምንቱ መጨረሻ ይላኩልኝ።,Request,0
5390,ኩባንያው ስለ በሩ ማስጠንቀቂያ ከምሽቱ ጀምሮ አውጥቷል።,Warning,4
5394,እባክዎ ሂሳቡን ለነጋዴው በዚህ ሳምንት ይላኩልኝ።,Request,0
5395,ደህና ሁን ደንበኛው፣ እስከ በሳምንቱ መጨረሻ እንገናኝ።,Phatic,7
5399,አመሰግናለሁ ጠበቃው፣ ደህና ዋል በሆስፒታል።,Phatic,7
5401,ይቅርታ፣ መኪናውን በዚህ አመት ማድረግ አልችልም።,Refusal,2
5402,ደህና እደር ጋዜጠኛው፣ ከምሽቱ ጀምሮ እንገናኝ።,Phatic,7
5403,እባክዎ ይቅርታ፣ ፋይሉን በሚቀጥለው ወር ማቅረብ አልችልም።,Refusal,2
5404,እባክዎ ይቅርታ፣ ስጦታውን በሚቀጥለው አመት ማቅረብ አልችልም።,Refusal,2
5405,ጤና ይስጥልኝ አለቃዬ፣ ከሁለት ቀናት በኋላ ደህና ነህ?,Phatic,7
5406,እንኳን ደስ አለህ ደንበኛው፣ ስለ ፕሮጀክቱ እንደገና ተሳስተሃል።,Sarcasm/Irony,5
5407,መንግስት በሚቀጥለው ሳምንት አዲስ ሰራተኞችን ቀጥሯል።,Assertion,1
5408,ማዕከሉ ስለ መልእክቱ ማስጠንቀቂያ በስብሰባው ወቅት አውጥቷል።,Warning,4
5409,ውሃው ገና ወደ ስብሰባ ክፍል ነገ አልደረሰኝም።,Complaint,6
5410,መልእክቱ ገና ወደ ፍርድ ቤት ከጥቂት ደቂቃዎች በኋላ አልደረሰኝም።,Complaint,6
5411,የገንዘቡ ችግር በዚህ አመት ከጓደኛዬ ጋር እፈታለሁ።,Promise,8
5413,ይህን ትዕዛዙን ከፖሊሱ መቀበል አልችልም።,Refusal,2
5414,እባክዎ መሳሪያውን ለሚኒስትሩ በሳምንቱ መጨረሻ ይላኩልኝ።,Request,0
5416,ይቅርታ፣ ቁልፉን ከጥቂት ደቂቃዎች በኋላ ማድረግ አልችልም።,Refusal,2
5417,ይቅርታ፣ መስኮቱን ከሁለት ቀናት በኋላ ማድረግ አልችልም።,Refusal,2
5418,እባክዎ መልእክቱን ለሹፌሩ በሚቀጥለው ሳምንት ይላኩልኝ።,Request,0
5420,የካርታው ችግር ከጥቂት ደቂቃዎች በኋላ ከነጋዴው ጋር እፈታለሁ።,Promise,8
5422,ኮምፒዩተሩ ገና ወደ ሆስፒታል በዚህ ሳምንት አልደረሰኝም።,Complaint,6
5423,ፋብሪካው ስለ ካርታው ማስጠንቀቂያ ከሁለት ቀናት በኋላ አውጥቷል።,Warning,4
5426,እባክዎ ገንዘቡን ለጓደኛዬ ነገ ጠዋት ይላኩልኝ።,Request,0
5428,እንኳን ደስ አለህ ጓደኛዬ ነገ።,Phatic,7
5429,ሰላም ጋዜጠኛው፣ በሳምንቱ መጨረሻ እንዴት ነህ?,Phatic,7
5430,ሚኒስትሩ ወደ ቤት በሚቀጥለው አመት ሄደዋል።,Assertion,1
5432,ይህን ቡናውን ከመሐንዲሱ መቀበል አልችልም።,Refusal,2
5433,እንኳን ደስ አለህ ነጋዴው፣ ስለ ፕሮጀክቱ እንደገና ተሳስተሃል።,Sarcasm/Irony,5
5434,ደህና ከምሽቱ ጀምሮ ይሁንልህ መምህሩ።,Phatic,7
5435,እባክዎ ይቅርታ፣ ዕቃውን በዚህ አመት ማቅረብ አልችልም።,Refusal,2
5436,እባክዎ ውሉን ለጓደኛዬ ዛሬ ማታ ይላኩልኝ።,Request,0
5437,እባክዎ ዕቃውን ለመምህሩ ከሶስት ሰዓት በኋላ ይላኩልኝ።,Request,0
5438,እንኳን ደስ አለህ ጋዜጠኛው ከዛሬ ጀምሮ።,Phatic,7
5439,ስራ አስኪያጁ ወደ መንገድ ላይ ከሶስት ሰዓት በኋላ ሄደዋል።,Assertion,1
5441,ደንበኛው ወደ አውሮፕላን ማረፊያ ከሰዓት በኋላ ሄደዋል።,Assertion,1
5443,ቦርሳው ገና ወደ ፍርድ ቤት ከጥቂት ደቂቃዎች በኋላ አልደረሰኝም።,Complaint,6
5444,እባክዎ ደረሰኙን ለስራ አስኪያጁ ከዛሬ ጀምሮ ይላኩልኝ።,Request,0
5445,እባክዎ ቁልፉን ለአለቃዬ በዚህ ወር ይላኩልኝ።,Request,0
5446,ስራ አስኪያጁ ወደ ባንክ ከሁለት ቀናት በኋላ ሄደዋል።,Assertion,1
5447,እባክዎ ውሉን ለጓደኛዬ በስብሰባው ወቅት ይላኩልኝ።,Request,0
5449,ማሽኑ ገና ወደ አውሮፕላን ማረፊያ በዚህ አመት አልደረሰኝም።,Complaint,6
5451,ሰላም ባልደረባዬ፣ ነገ ጠዋት እንዴት ነህ?,Phatic,7
5452,ጋዜጠኛው፣ እንደምን አደርክ ነገ ከሰዓት በኋላ?,Phatic,7
5453,ጎበዝ! በጣም ጥሩ ስራ ሰራህ ደንበኛው፣ መሳሪያውን አበላሸኸው።,Sarcasm/Irony,5
5454,የደብዳቤው ወጪውን በሱቅ ብንቀንስ የተሻለ ነው።,Suggestion,3
5455,እሰይ፣ ሌላ ችግር በገበያ ከሶስት ሰዓት በኋላ፣ ልክ የሚያስፈልገን ይሄው ነበር።,Sarcasm/Irony,5
5456,የሰነዱ ችግር በሚቀጥለው ሳምንት ከጋዜጠኛው ጋር እፈታለሁ።,Promise,8
5457,አመሰግናለሁ ስራ አስኪያጁ፣ ደህና ዋል በፋብሪካ።,Phatic,7
5458,በፍርድ ቤት ከሰዓት በኋላ ወንጀል ሊፈጸም ይችላል ተጠንቀቁ።,Warning,4
5459,ልብሱ ገና ወደ ትምህርት ቤት በዚህ ወር አልደረሰኝም።,Complaint,6
5460,ደህና ዛሬ ይሁንልህ መምህሩ።,Phatic,7
5462,እባክዎ ይቅርታ፣ ልብሱን ዛሬ ማቅረብ አልችልም።,Refusal,2
5463,ስራ አስኪያጁ፣ እንደምን አደርክ ከሰዓት በኋላ?,Phatic,7
5464,የልብሱ ችግር ዛሬ ከደንበኛው ጋር እፈታለሁ።,Promise,8
5465,ይቅርታ፣ ሰነዱን በዚህ ወር ማድረግ አልችልም።,Refusal,2
5466,ነጋዴው ወደ አውሮፕላን ማረፊያ ከሰዓት በኋላ ሄደዋል።,Assertion,1
5467,ጤና ይስጥልኝ አለቃዬ፣ ነገ ደህና ነህ?,Phatic,7
5471,ይቅርታ፣ ሪፖርቱን ዛሬ ማታ ማድረግ አልችልም።,Refusal,2
5472,የመጽሐፉ ችግር በሳምንቱ መጨረሻ ከስራ አስኪያጁ ጋር እፈታለሁ።,Promise,8
5473,ጋዜጠኛው ወደ ከተማው ውስጥ በዚህ ወር ሄደዋል።,Assertion,1
5477,በቤት በስብሰባው ወቅት ወንጀል ሊፈጸም ይችላል ተጠንቀቁ።,Warning,4
5478,ይህን ደረሰኙን ከባልደረባዬ መቀበል አልችልም።,Refusal,2
5480,ጠበቃው ወደ ፍርድ ቤት በዚህ ወር ሄደዋል።,Assertion,1
5483,በጣም ደግ ነህ መምህሩ፣ በገበያ ምንም እርዳታ አልሰጠኸኝም።,Sarcasm/Irony,5
5485,በዚህ ሳምንት በስብሰባ ክፍል ስብሰባ እናድርግ።,Suggestion,3
5487,ባንኩ ስለ ቦርሳው ማስጠንቀቂያ ከዛሬ ጀምሮ አውጥቷል።,Warning,4
5489,እንዴት ጎበዝ ነህ መሐንዲሱ፣ መሳሪያውን ሰብረኸዋል!,Sarcasm/Irony,5
5490,ስለ መልእክቱ ከጠበቃው ጋር ማሰብ ይኖርብናል።,Suggestion,3
5493,ደንበኛው ወደ ስብሰባ ክፍል ከሶስት ሰዓት በኋላ ሄደዋል።,Assertion,1
5494,እሰይ፣ ሌላ ችግር በፋብሪካ ዛሬ፣ ልክ የሚያስፈልገን ይሄው ነበር።,Sarcasm/Irony,5
5495,የስጦታው ወጪውን በአውሮፕላን ማረፊያ ብንቀንስ የተሻለ ነው።,Suggestion,3
5499,እባክዎ ማሽኑን ለነጋዴው በስብሰባው ወቅት ይላኩልኝ።,Request,0
5501,ባልደረባዬ፣ ጤና ይስጥልኝ በስብሰባ ክፍል።,Phatic,7
5502,ሰላም ደንበኛው፣ ከሶስት ሰዓት በኋላ እንዴት ነህ?,Phatic,7
5503,ሹፌሩ ወደ መንገድ ላይ ከሰዓት በኋላ ሄደዋል።,Assertion,1
5504,በጣም ብልህ ነህ አለቃዬ፣ ቤቱን ረሳኸው።,Sarcasm/Irony,5
5505,የመጽሐፉ ወጪውን በአውሮፕላን ማረፊያ ብንቀንስ የተሻለ ነው።,Suggestion,3
5506,ማዕከሉ ስለ ቁልፉ ማስጠንቀቂያ ነገ አውጥቷል።,Warning,4
5507,እባክዎ ይቅርታ፣ ካርታውን ከሰዓት በኋላ ማቅረብ አልችልም።,Refusal,2
5509,ሹፌሩ ወደ ሱቅ በዚህ ሳምንት ሄደዋል።,Assertion,1
5511,እንዴት ደስ ይላል፣ ስራ አስኪያጁ እንደገና በስብሰባው ወቅት ዘገዩ።,Sarcasm/Irony,5
5513,እባክዎ ቤቱን ለፖሊሱ በስብሰባው ወቅት ይላኩልኝ።,Request,0
5514,ፋይሉ ገና ወደ ፋብሪካ ከምሽቱ ጀምሮ አልደረሰኝም።,Complaint,6
5519,ስራ አስኪያጁ ወደ ስብሰባ ክፍል ከአንድ ሰዓት በኋላ ሄደዋል።,Assertion,1
5520,አመሰግናለሁ ጋዜጠኛው፣ ደህና ዋል በገበያ።,Phatic,7
5521,የመኪናው ችግር በዚህ ሳምንት ከስራ አስኪያጁ ጋር እፈታለሁ።,Promise,8
5522,የገንዘቡ ችግር በስብሰባው ወቅት ከጓደኛዬ ጋር እፈታለሁ።,Promise,8
5523,የመጽሐፉ ዋጋውን በዚህ አመት ብንቀንስ ደንበኞች ይጨምራሉ።,Suggestion,3
5525,ባልደረባዬ ወደ ሱቅ በሳምንቱ መጨረሻ ሄደዋል።,Assertion,1
5526,ስጦታው ገና ወደ ባንክ ዛሬ አልደረሰኝም።,Complaint,6
5528,ደረሰኙ ገና ወደ ባንክ በሚቀጥለው ሳምንት አልደረሰኝም።,Complaint,6
5531,እባክዎ ይቅርታ፣ ገንዘቡን ከዛሬ ጀምሮ ማቅረብ አልችልም።,Refusal,2
5533,ይቅርታ፣ ፕሮጀክቱን ከዛሬ ጀምሮ ማድረግ አልችልም።,Refusal,2
5535,ይቅርታ፣ ስጦታውን ከዛሬ ጀምሮ ማድረግ አልችልም።,Refusal,2
5536,ሂሳቡ ገና ወደ ፖሊስ ጣቢያ ከጥቂት ደቂቃዎች በኋላ አልደረሰኝም።,Complaint,6
5537,ዶክተሩ ወደ ቤት ነገ ከሰዓት በኋላ ሄደዋል።,Assertion,1
5538,እንኳን ደስ አለህ ስራ አስኪያጁ፣ ስለ ጥያቄው እንደገና ተሳስተሃል።,Sarcasm/Irony,5
5539,ሹፌሩ ወደ ቤት በዚህ ሳምንት ሄደዋል።,Assertion,1
5540,እባክዎ ፕሮጀክቱን ለአስተማሪዋ ከጥቂት ደቂቃዎች በኋላ ይላኩልኝ።,Request,0
5541,የስልኩ ችግር ነገ ከአለቃዬ ጋር እፈታለሁ።,Promise,8
5542,መጽሐፉ ገና ወደ ስብሰባ ክፍል ዛሬ አልደረሰኝም።,Complaint,6
5545,ይቅርታ፣ በሩን በዚህ ሳምንት ማድረግ አልችልም።,Refusal,2
5547,የመልእክቱ ችግር ነገ ከሰዓት በኋላ ከሚኒስትሩ ጋር እፈታለሁ።,Promise,8
5548,ደህና እደር ጓደኛዬ፣ ከሶስት ሰዓት በኋላ እንገናኝ።,Phatic,7
5549,እባክዎ ሂሳቡን ለስራ አስኪያጁ በሚቀጥለው ወር ይላኩልኝ።,Request,0
5551,የቦርሳው ችግር ከሶስት ሰዓት በኋላ ከመምህሩ ጋር እፈታለሁ።,Promise,8
5552,ጤና ይስጥልኝ ደንበኛው፣ ዛሬ ደህና ነህ?,Phatic,7
5554,ጓደኛዬ፣ ጤና ይስጥልኝ በፋብሪካ።,Phatic,7
5555,ማሽኑ ገና ወደ ፍርድ ቤት በዚህ ሳምንት አልደረሰኝም።,Complaint,6
5556,ነጋዴው ወደ አውሮፕላን ማረፊያ በሚቀጥለው ወር ሄደዋል።,Assertion,1
5557,ደህና ሁን አስተማሪዋ፣ እስከ ነገ እንገናኝ።,Phatic,7
5560,እባክህ ለፕሮጀክቱ ይህን ዘዴ ነገ ጠዋት ተጠቀም።,Suggestion,3
5561,እባክዎ ይቅርታ፣ ማሽኑን ነገ ማቅረብ አልችልም።,Refusal,2
5562,የመኪናው ወጪውን በገበያ ብንቀንስ የተሻለ ነው።,Suggestion,3
5564,ደብዳቤው ገና ወደ ፖሊስ ጣቢያ በዚህ ሳምንት አልደረሰኝም።,Complaint,6
5565,ኩባንያው ስለ ቡናው ማስጠንቀቂያ በስብሰባው ወቅት አውጥቷል።,Warning,4
5566,የመስኮቱ ችግር በዚህ ሳምንት ከሹፌሩ ጋር እፈታለሁ።,Promise,8
5567,አመሰግናለሁ መምህሩ፣ ደህና ዋል በገበያ።,Phatic,7
5568,ጎበዝ! በጣም ጥሩ ስራ ሰራህ ጓደኛዬ፣ ቦርሳውን አበላሸኸው።,Sarcasm/Irony,5
5569,ሹፌሩ ወደ ፖሊስ ጣቢያ ዛሬ ሄደዋል።,Assertion,1
5571,እንኳን ደስ አለህ ባልደረባዬ ከሶስት ሰዓት በኋላ።,Phatic,7
5572,ነጋዴው ወደ ስብሰባ ክፍል ነገ ሄደዋል።,Assertion,1
5573,እንዴት ጎበዝ ነህ አለቃዬ፣ ስጦታውን ሰብረኸዋል!,Sarcasm/Irony,5
5574,ሚኒስቴሩ ስለ ቦርሳው ማስጠንቀቂያ ነገ ከሰዓት በኋላ አውጥቷል።,Warning,4
5576,ባልደረባዬ ወደ ባንክ በዚህ ሳምንት ሄደዋል።,Assertion,1
5577,እንዴት ጎበዝ ነህ አለቃዬ፣ መጽሐፉን ሰብረኸዋል!,Sarcasm/Irony,5
5578,እንዴት ደስ ይላል፣ ነጋዴው እንደገና በስብሰባው ወቅት ዘገዩ።,Sarcasm/Irony,5
5579,የካርታው ችግር ነገ ጠዋት ከሚኒስትሩ ጋር እፈታለሁ።,Promise,8
5580,ሹፌሩ፣ ጤና ይስጥልኝ በመጋዘን።,Phatic,7
5582,ስራ አስኪያጁ ወደ ፍርድ ቤት በዚህ ሳምንት ሄደዋል።,Assertion,1
5584,ማዕከሉ ስለ ልብሱ ማስጠንቀቂያ በዚህ ሳምንት አውጥቷል።,Warning,4
5586,በሳምንቱ መጨረሻ በመንገድ ላይ ስብሰባ እናድርግ።,Suggestion,3
5587,እባክዎ ስጦታውን ለጓደኛዬ ከአንድ ሰዓት በኋላ ይላኩልኝ።,Request,0
5588,እሰይ፣ ሌላ ችግር በፍርድ ቤት ከሶስት ሰዓት በኋላ፣ ልክ የሚያስፈልገን ይሄው ነበር።,Sarcasm/Irony,5
5590,የውሃው ዋጋውን ዛሬ ብንቀንስ ደንበኞች ይጨምራሉ።,Suggestion,3
5593,ማሽኑ ገና ወደ ፖሊስ ጣቢያ በሚቀጥለው ወር አልደረሰኝም።,Complaint,6
5594,ጎበዝ ስራ ሹፌሩ፣ መጽሐፉ ሙሉ በሙሉ ፈርሷል።,Sarcasm/Irony,5
5595,እባክዎ ምርቱን ለጓደኛዬ ከጥቂት ደቂቃዎች በኋላ ይላኩልኝ።,Request,0
5596,የገንዘቡ ዋጋውን ነገ ብንቀንስ ደንበኞች ይጨምራሉ።,Suggestion,3
5597,ኤጀንሲው ስለ ቁልፉ ማስጠንቀቂያ ከሶስት ሰዓት በኋላ አውጥቷል።,Warning,4
5598,መምህሩ፣ እንደምን አደርክ ዛሬ ማታ?,Phatic,7
5599,እንዴት ጎበዝ ነህ ፖሊሱ፣ ጥያቄውን ሰብረኸዋል!,Sarcasm/Irony,5
5600,ድርጅቱ ስለ ቡናው ማስጠንቀቂያ በዚህ አመት አውጥቷል።,Warning,4
5601,ዕቃው ገና ወደ ስብሰባ ክፍል ነገ ጠዋት አልደረሰኝም።,Complaint,6
5603,ደህና በሚቀጥለው አመት ይሁንልህ ነጋዴው።,Phatic,7
5605,ይቅርታ፣ ውሉን ከአንድ ሰዓት በኋላ ማድረግ አልችልም።,Refusal,2
5606,መሐንዲሱ ወደ ቤት ከሰዓት በኋላ ሄደዋል።,Assertion,1
5607,ኤጀንሲው ስለ በሩ ማስጠንቀቂያ በሚቀጥለው ወር አውጥቷል።,Warning,4
5608,ኩባንያው ስለ ሪፖርቱ ማስጠንቀቂያ በዚህ ወር አውጥቷል።,Warning,4
5609,ጎበዝ ስራ ደንበኛው፣ ሪፖርቱ ሙሉ በሙሉ ፈርሷል።,Sarcasm/Irony,5
5610,ጎበዝ! በጣም ጥሩ ስራ ሰራህ ጋዜጠኛው፣ ስጦታውን አበላሸኸው።,Sarcasm/Irony,5
5611,የመልእክቱ ችግር በሚቀጥለው አመት ከጋዜጠኛው ጋር እፈታለሁ።,Promise,8
5612,ስለ ሰነዱ ጉዳይ ከነጋዴው ጋር እንወያይ።,Suggestion,3
5613,ፖሊሱ ወደ አውሮፕላን ማረፊያ ከሰዓት በኋላ ሄደዋል።,Assertion,1
5614,እቅዱን በሚቀጥለው ሳምንት ከኤጀንሲው ጋር እናሻሽል።,Suggestion,3
5615,ከአለቃዬ ጋር ስለ መስኮቱ ጉዳይ መስማማት አልችልም።,Refusal,2
5616,የጥያቄው ችግር በዚህ ወር ከመሐንዲሱ ጋር እፈታለሁ።,Promise,8
5617,በባንክ በሚቀጥለው ሳምንት ወንጀል ሊፈጸም ይችላል ተጠንቀቁ።,Warning,4
5621,እባክዎ ሪፖርቱን ለሹፌሩ በዚህ አመት ይላኩልኝ።,Request,0
5623,የመስኮቱ ችግር ነገ ከሰዓት በኋላ ከነጋዴው ጋር እፈታለሁ።,Promise,8
5624,የበሩ ችግር ነገ ጠዋት ከጋዜጠኛው ጋር እፈታለሁ።,Promise,8
5625,ጠበቃው፣ እንደምን አደርክ ነገ ከሰዓት በኋላ?,Phatic,7
5627,ስቱዲዮው ስለ ምርቱ ማስጠንቀቂያ ከሶስት ሰዓት በኋላ አውጥቷል።,Warning,4
5628,እባክዎ ይቅርታ፣ ደረሰኙን በዚህ ሳምንት ማቅረብ አልችልም።,Refusal,2
5629,ሚኒስትሩ፣ እንደምን አደርክ ዛሬ ማታ?,Phatic,7
5631,የሰነዱ ችግር ዛሬ ከመምህሩ ጋር እፈታለሁ።,Promise,8
5632,እባክዎ ቁልፉን ለሚኒስትሩ ከሁለት ቀናት በኋላ ይላኩልኝ።,Request,0
5633,እባክዎ ቦርሳውን ለነጋዴው ዛሬ ማታ ይላኩልኝ።,Request,0
5634,እሰይ፣ ሌላ ችግር በሱቅ በሚቀጥለው ሳምንት፣ ልክ የሚያስፈልገን ይሄው ነበር።,Sarcasm/Irony,5
5635,እሰይ፣ ሌላ ችግር በቤት ዛሬ ማታ፣ ልክ የሚያስፈልገን ይሄው ነበር።,Sarcasm/Irony,5
5636,ጋዜጠኛው ወደ ባንክ በዚህ ሳምንት ሄደዋል።,Assertion,1
5638,የኮምፒዩተሩ ችግር ነገ ከሰዓት በኋላ ከፖሊሱ ጋር እፈታለሁ።,Promise,8
5641,ባንኩ ስለ ሪፖርቱ ማስጠንቀቂያ ከሰዓት በኋላ አውጥቷል።,Warning,4
5643,እንኳን ደስ አለህ ፖሊሱ በሚቀጥለው ወር።,Phatic,7
5645,እባክዎ ቦርሳውን ለስራ አስኪያጁ በዚህ ወር ይላኩልኝ።,Request,0
5647,ደህና ነገ ከሰዓት በኋላ ይሁንልህ አስተማሪዋ።,Phatic,7
5648,ውሃውን በሳምንቱ መጨረሻ ብንሞክር ጥሩ ይሆናል።,Suggestion,3
5649,የትዕዛዙ ችግር ከሁለት ቀናት በኋላ ከጠበቃው ጋር እፈታለሁ።,Promise,8
5650,የስጦታው ችግር ከዛሬ ጀምሮ ከመሐንዲሱ ጋር እፈታለሁ።,Promise,8
5652,እባክህ ለመሳሪያው ይህን ዘዴ ከሁለት ቀናት በኋላ ተጠቀም።,Suggestion,3
5654,ደብዳቤው ገና ወደ መንገድ ላይ ከምሽቱ ጀምሮ አልደረሰኝም።,Complaint,6
5655,ሹፌሩ ወደ ፋብሪካ ዛሬ ማታ ሄደዋል።,Assertion,1
5656,ኤጀንሲው ስለ ቡናው ማስጠንቀቂያ በዚህ ወር አውጥቷል።,Warning,4
5659,እንዴት ጎበዝ ነህ ስራ አስኪያጁ፣ ስልኩን ሰብረኸዋል!,Sarcasm/Irony,5
5661,ባንኩ ስለ ውሉ ማስጠንቀቂያ በዚህ አመት አውጥቷል።,Warning,4
5662,ጋዜጠኛው ወደ ስብሰባ ክፍል በሚቀጥለው ሳምንት ሄደዋል።,Assertion,1
5663,ኩባንያው ስለ ምርቱ ማስጠንቀቂያ ነገ ጠዋት አውጥቷል።,Warning,4
5664,እንኳን ደስ አለህ አለቃዬ፣ ስለ ካርታው እንደገና ተሳስተሃል።,Sarcasm/Irony,5
5665,ጎበዝ! በጣም ጥሩ ስራ ሰራህ መሐንዲሱ፣ ደረሰኙን አበላሸኸው።,Sarcasm/Irony,5
5667,ሰላም ባልደረባዬ፣ ዛሬ እንዴት ነህ?,Phatic,7
5668,እባክዎ ቤቱን ለሹፌሩ በሚቀጥለው አመት ይላኩልኝ።,Request,0
5670,ጤና ይስጥልኝ ጠበቃው፣ በዚህ ወር ደህና ነህ?,Phatic,7
5671,እባክዎ ይቅርታ፣ ፕሮጀክቱን ዛሬ ማታ ማቅረብ አልችልም።,Refusal,2
5674,እባክዎ ቁልፉን ለጋዜጠኛው ከሶስት ሰዓት በኋላ ይላኩልኝ።,Request,0
5675,እባክዎ መስኮቱን ለሹፌሩ ነገ ከሰዓት በኋላ ይላኩልኝ።,Request,0
5676,ድርጅቱ ስለ ስልኩ ማስጠንቀቂያ ከምሽቱ ጀምሮ አውጥቷል።,Warning,4
5680,እባክዎ ፕሮጀክቱን ለአለቃዬ ከምሽቱ ጀምሮ ይላኩልኝ።,Request,0
5681,እንኳን ደስ አለህ ደንበኛው፣ ስለ ቁልፉ እንደገና ተሳስተሃል።,Sarcasm/Irony,5
5682,ጎበዝ! በጣም ጥሩ ስራ ሰራህ ጠበቃው፣ ፕሮጀክቱን አበላሸኸው።,Sarcasm/Irony,5
5683,እባክዎ ይቅርታ፣ መጽሐፉን በዚህ ሳምንት ማቅረብ አልችልም።,Refusal,2
5684,እባክዎ ማሽኑን ለዶክተሩ በሚቀጥለው አመት ይላኩልኝ።,Request,0
5686,ጤና ይስጥልኝ ጠበቃው፣ ዛሬ ደህና ነህ?,Phatic,7
5687,አለቃዬ፣ እንደምን አደርክ ነገ?,Phatic,7
5688,ይቅርታ፣ ካርታውን በዚህ አመት ማድረግ አልችልም።,Refusal,2
5690,ይህን ሰነዱን ከዶክተሩ መቀበል አልችልም።,Refusal,2
5691,የመልእክቱ ችግር ነገ ከሰዓት በኋላ ከመሐንዲሱ ጋር እፈታለሁ።,Promise,8
5695,ጥንቃቄ ያድርጉ፣ ከጥቂት ደቂቃዎች በኋላ መጋዘን ይንሸራተታል።,Warning,4
5696,ጎበዝ ስራ ጋዜጠኛው፣ ቁልፉ ሙሉ በሙሉ ፈርሷል።,Sarcasm/Irony,5
5697,እባክዎ ውሃውን ለሚኒስትሩ በሚቀጥለው ወር ይላኩልኝ።,Request,0
5698,ይህን ፋይሉን ከአስተማሪዋ መቀበል አልችልም።,Refusal,2
5699,እባክህ ለልብሱ ይህን ዘዴ ከሶስት ሰዓት በኋላ ተጠቀም።,Suggestion,3
5700,የሪፖርቱ ችግር ዛሬ ከአስተማሪዋ ጋር እፈታለሁ።,Promise,8
5701,መስኮቱ ገና ወደ ሱቅ ከአንድ ሰዓት በኋላ አልደረሰኝም።,Complaint,6
5702,የስልኩ ገመድ በሱቅ አደገኛ ነው ተጠንቀቁ።,Warning,4
5703,ድርጅቱ ስለ ዕቃው ማስጠንቀቂያ በሚቀጥለው ወር አውጥቷል።,Warning,4
5704,ማህበሩ ስለ መስኮቱ ማስጠንቀቂያ ነገ ከሰዓት በኋላ አውጥቷል።,Warning,4
5706,ውሃው ገና ወደ ገበያ ከሁለት ቀናት በኋላ አልደረሰኝም።,Complaint,6
5707,መሳሪያው ገና ወደ ቢሮ በዚህ ወር አልደረሰኝም።,Complaint,6
5709,እቅዱን ነገ ከመንግስት ጋር እናሻሽል።,Suggestion,3
5710,የማሽኑ ችግር ዛሬ ማታ ከጋዜጠኛው ጋር እፈታለሁ።,Promise,8
5714,ጎበዝ! በጣም ጥሩ ስራ ሰራህ ዶክተሩ፣ መስኮቱን አበላሸኸው።,Sarcasm/Irony,5
5715,እባክዎ ቦርሳውን ለአለቃዬ በሚቀጥለው ወር ይላኩልኝ።,Request,0
5717,ድርጅቱ ስለ ገንዘቡ ማስጠንቀቂያ በሚቀጥለው ሳምንት አውጥቷል።,Warning,4
5718,ሰላም ጋዜጠኛው፣ ከሶስት ሰዓት በኋላ እንዴት ነህ?,Phatic,7
5720,ደህና ሁን አለቃዬ፣ እስከ ከአንድ ሰዓት በኋላ እንገናኝ።,Phatic,7
5722,ሪፖርቱ ገና ወደ አውሮፕላን ማረፊያ በዚህ ወር አልደረሰኝም።,Complaint,6
5723,ማዕከሉ ስለ መጽሐፉ ማስጠንቀቂያ በሚቀጥለው አመት አውጥቷል።,Warning,4
5724,መሳሪያው ገና ወደ አውሮፕላን ማረፊያ በሳምንቱ መጨረሻ አልደረሰኝም።,Complaint,6
5725,ዕቃው ገና ወደ ገበያ በዚህ ሳምንት አልደረሰኝም።,Complaint,6
5726,ጤና ይስጥልኝ ፖሊሱ፣ በስብሰባው ወቅት ደህና ነህ?,Phatic,7
5728,እንዴት ጎበዝ ነህ ሚኒስትሩ፣ ስጦታውን ሰብረኸዋል!,Sarcasm/Irony,5
5730,ፋብሪካው ስለ ደረሰኙ ማስጠንቀቂያ ነገ ከሰዓት በኋላ አውጥቷል።,Warning,4
5731,ሚኒስትሩ ወደ መንገድ ላይ ከሶስት ሰዓት በኋላ ሄደዋል።,Assertion,1
5732,እባክዎ ሂሳቡን ለባልደረባዬ ነገ ከሰዓት በኋላ ይላኩልኝ።,Request,0
5733,እባክዎ ማሽኑን ለደንበኛው ከዛሬ ጀምሮ ይላኩልኝ።,Request,0
5738,መጽሐፉ ገና ወደ ቤት በስብሰባው ወቅት አልደረሰኝም።,Complaint,6
5740,እባክዎ ይቅርታ፣ ገንዘቡን ከሶስት ሰዓት በኋላ ማቅረብ አልችልም።,Refusal,2
5741,እባክዎ ደብዳቤውን ለነጋዴው ነገ ጠዋት ይላኩልኝ።,Request,0
5742,አስተማሪዋ ወደ ገበያ ዛሬ ማታ ሄደዋል።,Assertion,1
5743,መንግስት ነገ ጠዋት አዲስ ሰራተኞችን ቀጥሯል።,Assertion,1
5744,ጎበዝ ስራ ስራ አስኪያጁ፣ ሂሳቡ ሙሉ በሙሉ ፈርሷል።,Sarcasm/Irony,5
5746,እንኳን ደስ አለህ ዶክተሩ ከሶስት ሰዓት በኋላ።,Phatic,7
5748,በሩ ገና ወደ ገበያ በዚህ አመት አልደረሰኝም።,Complaint,6
5749,እባክዎ ልብሱን ለባልደረባዬ ከሶስት ሰዓት በኋላ ይላኩልኝ።,Request,0
5751,እባክዎ ትዕዛዙን ለጓደኛዬ ነገ ይላኩልኝ።,Request,0
5753,ደህና እደር ዶክተሩ፣ በዚህ ሳምንት እንገናኝ።,Phatic,7
5754,ስለ ሰነዱ ከስራ አስኪያጁ ጋር ማሰብ ይኖርብናል።,Suggestion,3
5756,የመሳሪያው ወጪውን በባንክ ብንቀንስ የተሻለ ነው።,Suggestion,3
5757,የጥያቄው ዋጋውን ነገ ብንቀንስ ደንበኞች ይጨምራሉ።,Suggestion,3
5758,ቡናውን ከጥቂት ደቂቃዎች በኋላ ብንሞክር ጥሩ ይሆናል።,Suggestion,3
5759,እቅዱን በዚህ ሳምንት ከማዕከሉ ጋር እናሻሽል።,Suggestion,3
5760,ደህና እደር ነጋዴው፣ ከጥቂት ደቂቃዎች በኋላ እንገናኝ።,Phatic,7
5762,ኤጀንሲው ስለ ፕሮጀክቱ ማስጠንቀቂያ በሳምንቱ መጨረሻ አውጥቷል።,Warning,4
5764,ባንኩ ስለ ገንዘቡ ማስጠንቀቂያ ከሰዓት በኋላ አውጥቷል።,Warning,4
5766,ደንበኛው፣ ጤና ይስጥልኝ በገበያ።,Phatic,7
5768,እባክዎ ይቅርታ፣ ቁልፉን ከጥቂት ደቂቃዎች በኋላ ማቅረብ አልችልም።,Refusal,2
5770,ዕቃው ገና ወደ ሆስፒታል በሚቀጥለው ወር አልደረሰኝም።,Complaint,6
5771,ማዕከሉ ስለ ሰነዱ ማስጠንቀቂያ በሚቀጥለው አመት አውጥቷል።,Warning,4
5772,ሚኒስትሩ ወደ ፖሊስ ጣቢያ ነገ ከሰዓት በኋላ ሄደዋል።,Assertion,1
5773,ገንዘቡ ገና ወደ ትምህርት ቤት ከምሽቱ ጀምሮ አልደረሰኝም።,Complaint,6
5774,በጣም ደግ ነህ ደንበኛው፣ በቤት ምንም እርዳታ አልሰጠኸኝም።,Sarcasm/Irony,5
5775,የመልእክቱ ችግር በሳምንቱ መጨረሻ ከሹፌሩ ጋር እፈታለሁ።,Promise,8
5776,አስተማሪዋ ወደ ስብሰባ ክፍል በሚቀጥለው አመት ሄደዋል።,Assertion,1
5778,ጠበቃው ወደ ከተማው ውስጥ በዚህ አመት ሄደዋል።,Assertion,1
5779,የደረሰኙ ገመድ በቢሮ አደገኛ ነው ተጠንቀቁ።,Warning,4
5781,የፕሮጀክቱ ችግር ዛሬ ከአስተማሪዋ ጋር እፈታለሁ።,Promise,8
5782,ስጦታውን ከሁለት ቀናት በኋላ ብንሞክር ጥሩ ይሆናል።,Suggestion,3
5784,ጥያቄው ገና ወደ ሱቅ ከዛሬ ጀምሮ አልደረሰኝም።,Complaint,6
5785,የጥያቄው ችግር ከሁለት ቀናት በኋላ ከባልደረባዬ ጋር እፈታለሁ።,Promise,8
5788,የገንዘቡ ችግር ዛሬ ማታ ከባልደረባዬ ጋር እፈታለሁ።,Promise,8
5789,ቁልፉ ገና ወደ ትምህርት ቤት በስብሰባው ወቅት አልደረሰኝም።,Complaint,6
5790,ስለ መኪናው ጉዳይ ከጠበቃው ጋር እንወያይ።,Suggestion,3
5791,ደህና ከሶስት ሰዓት በኋላ ይሁንልህ ሹፌሩ።,Phatic,7
5792,እባክዎ መጽሐፉን ለሚኒስትሩ ከአንድ ሰዓት በኋላ ይላኩልኝ።,Request,0
5799,ባልደረባዬ ወደ መጋዘን ከአንድ ሰዓት በኋላ ሄደዋል።,Assertion,1
5800,እባክዎ ፋይሉን ለደንበኛው ነገ ይላኩልኝ።,Request,0
5801,ደህና በዚህ አመት ይሁንልህ ባልደረባዬ።,Phatic,7
5804,ሂሳቡ ገና ወደ ፖሊስ ጣቢያ በስብሰባው ወቅት አልደረሰኝም።,Complaint,6
5805,ባልደረባዬ፣ እንደምን አደርክ በሳምንቱ መጨረሻ?,Phatic,7
5806,አዎ በርግጥ፣ የማዕከሉ እቅድ በነገ በጭራሽ አይከሽፍም።,Sarcasm/Irony,5
5807,ደህና በዚህ ወር ይሁንልህ ፖሊሱ።,Phatic,7
5809,እባክዎ ቦርሳውን ለፖሊሱ በሚቀጥለው ወር ይላኩልኝ።,Request,0
5811,ይቅርታ፣ ሪፖርቱን ከምሽቱ ጀምሮ ማድረግ አልችልም።,Refusal,2
5813,እባክዎ ፋይሉን ለስራ አስኪያጁ ዛሬ ይላኩልኝ።,Request,0
5814,ድርጅቱ ስለ ስልኩ ማስጠንቀቂያ ከሰዓት በኋላ አውጥቷል።,Warning,4
5815,ደህና እደር አስተማሪዋ፣ ከሁለት ቀናት በኋላ እንገናኝ።,Phatic,7
5816,ስለ ትዕዛዙ ጉዳይ ከመሐንዲሱ ጋር እንወያይ።,Suggestion,3
5817,እባክህ ለደረሰኙ ይህን ዘዴ በዚህ ወር ተጠቀም።,Suggestion,3
5820,ጠበቃው ወደ መንገድ ላይ በዚህ አመት ሄደዋል።,Assertion,1
5822,ሰላም ባልደረባዬ፣ በዚህ ወር እንዴት ነህ?,Phatic,7
5823,ዶክተሩ ወደ ፖሊስ ጣቢያ ዛሬ ሄደዋል።,Assertion,1
5828,ይህን ካርታውን ከጓደኛዬ መቀበል አልችልም።,Refusal,2
5829,ፕሮጀክቱን በሚቀጥለው ወር ብንሞክር ጥሩ ይሆናል።,Suggestion,3
5831,የበሩ ችግር በሳምንቱ መጨረሻ ከፖሊሱ ጋር እፈታለሁ።,Promise,8
5832,ጋዜጠኛው ወደ አውሮፕላን ማረፊያ ከሶስት ሰዓት በኋላ ሄደዋል።,Assertion,1
5835,አዎ በርግጥ፣ የስቱዲዮው እቅድ በበዚህ አመት በጭራሽ አይከሽፍም።,Sarcasm/Irony,5
5836,መሐንዲሱ ወደ ሱቅ በሚቀጥለው ሳምንት ሄደዋል።,Assertion,1
5837,ምርቱ ገና ወደ ሱቅ ነገ አልደረሰኝም።,Complaint,6
5838,የደብዳቤው ዋጋውን ዛሬ ማታ ብንቀንስ ደንበኞች ይጨምራሉ።,Suggestion,3
5840,ኩባንያው ስለ ቦርሳው ማስጠንቀቂያ ከዛሬ ጀምሮ አውጥቷል።,Warning,4
5842,እባክዎ ሰነዱን ለአለቃዬ ከሶስት ሰዓት በኋላ ይላኩልኝ።,Request,0
5845,የማሽኑ ችግር ከምሽቱ ጀምሮ ከጋዜጠኛው ጋር እፈታለሁ።,Promise,8
5846,ገበያ በሳምንቱ መጨረሻ ተከፍቷል።,Assertion,1
5848,ስራ አስኪያጁ ወደ አውሮፕላን ማረፊያ ከጥቂት ደቂቃዎች በኋላ ሄደዋል።,Assertion,1
5851,ባልደረባዬ፣ ጤና ይስጥልኝ በቤት።,Phatic,7
5852,መስኮቱ ገና ወደ ፍርድ ቤት በሳምንቱ መጨረሻ አልደረሰኝም።,Complaint,6
5853,መጽሐፉ ገና ወደ ባንክ ከዛሬ ጀምሮ አልደረሰኝም።,Complaint,6
5854,ባንኩ ስለ ገንዘቡ ማስጠንቀቂያ በሳምንቱ መጨረሻ አውጥቷል።,Warning,4
5855,የመጽሐፉ ችግር ከአንድ ሰዓት በኋላ ከፖሊሱ ጋር እፈታለሁ።,Promise,8
5858,አዎ በርግጥ፣ የኤጀንሲው እቅድ በበሚቀጥለው አመት በጭራሽ አይከሽፍም።,Sarcasm/Irony,5
5859,እባክዎ መስኮቱን ለፖሊሱ በዚህ ወር ይላኩልኝ።,Request,0
5860,እባክዎ ይቅርታ፣ ልብሱን ከጥቂት ደቂቃዎች በኋላ ማቅረብ አልችልም።,Refusal,2
5861,ባንኩ ስለ ቁልፉ ማስጠንቀቂያ በዚህ ወር አውጥቷል።,Warning,4
5862,እባክዎ ገንዘቡን ለሹፌሩ በሚቀጥለው ሳምንት ይላኩልኝ።,Request,0
5863,ጋዜጠኛው ወደ አውሮፕላን ማረፊያ ከሁለት ቀናት በኋላ ሄደዋል።,Assertion,1
5865,የፕሮጀክቱ ችግር ከአንድ ሰዓት በኋላ ከነጋዴው ጋር እፈታለሁ።,Promise,8
5866,ስቱዲዮው ስለ ደረሰኙ ማስጠንቀቂያ ከዛሬ ጀምሮ አውጥቷል።,Warning,4
5867,ገንዘቡ ገና ወደ ትምህርት ቤት በሚቀጥለው ሳምንት አልደረሰኝም።,Complaint,6
5868,ትምህርት ቤት በሳምንቱ መጨረሻ ተከፍቷል።,Assertion,1
5870,ድርጅቱ ስለ ደብዳቤው ማስጠንቀቂያ ከሁለት ቀናት በኋላ አውጥቷል።,Warning,4
5871,እባክዎ መሳሪያውን ለአስተማሪዋ በሚቀጥለው ሳምንት ይላኩልኝ።,Request,0
5874,ማዕከሉ ስለ ሂሳቡ ማስጠንቀቂያ ከሁለት ቀናት በኋላ አውጥቷል።,Warning,4
5875,እባክዎ ውሉን ለዶክተሩ ዛሬ ይላኩልኝ።,Request,0
5876,ባንኩ ስለ ገንዘቡ ማስጠንቀቂያ በሚቀጥለው አመት አውጥቷል።,Warning,4
5878,ዕቃው ገና ወደ ሆስፒታል ዛሬ አልደረሰኝም።,Complaint,6
5880,ስቱዲዮው ስለ ደብዳቤው ማስጠንቀቂያ ከዛሬ ጀምሮ አውጥቷል።,Warning,4
5882,የመኪናው ችግር ከዛሬ ጀምሮ ከጋዜጠኛው ጋር እፈታለሁ።,Promise,8
5884,ከመምህሩ ጋር ስለ ሂሳቡ ጉዳይ መስማማት አልችልም።,Refusal,2
5886,ጎበዝ! በጣም ጥሩ ስራ ሰራህ ሹፌሩ፣ ቤቱን አበላሸኸው።,Sarcasm/Irony,5
5887,ባልደረባዬ ወደ ገበያ ከሶስት ሰዓት በኋላ ሄደዋል።,Assertion,1
5889,እንኳን ደስ አለህ ደንበኛው ከጥቂት ደቂቃዎች በኋላ።,Phatic,7
5890,ጋዜጠኛው ወደ ሆስፒታል ከሶስት ሰዓት በኋላ ሄደዋል።,Assertion,1
5891,ኮምፒዩተሩ ገና ወደ ሆስፒታል በሚቀጥለው ሳምንት አልደረሰኝም።,Complaint,6
5893,ደህና ነገ ይሁንልህ አለቃዬ።,Phatic,7
5894,እባክዎ ቁልፉን ለጋዜጠኛው በስብሰባው ወቅት ይላኩልኝ።,Request,0
5895,ሹፌሩ ወደ ፖሊስ ጣቢያ በሳምንቱ መጨረሻ ሄደዋል።,Assertion,1
5896,ማዕከሉ ስለ ቤቱ ማስጠንቀቂያ በሳምንቱ መጨረሻ አውጥቷል።,Warning,4
5899,እባክዎ ፕሮጀክቱን ለዶክተሩ በሚቀጥለው አመት ይላኩልኝ።,Request,0
5900,ውሉ ገና ወደ ከተማው ውስጥ ከሁለት ቀናት በኋላ አልደረሰኝም።,Complaint,6
5901,በጣም ብልህ ነህ ዶክተሩ፣ ትዕዛዙን ረሳኸው።,Sarcasm/Irony,5
5902,ነጋዴው ወደ ፋብሪካ ነገ ጠዋት ሄደዋል።,Assertion,1
5903,ዶክተሩ፣ ጤና ይስጥልኝ በፋብሪካ።,Phatic,7
5904,የምርቱ ችግር ዛሬ ማታ ከስራ አስኪያጁ ጋር እፈታለሁ።,Promise,8
5905,እሰይ፣ ሌላ ችግር በትምህርት ቤት በስብሰባው ወቅት፣ ልክ የሚያስፈልገን ይሄው ነበር።,Sarcasm/Irony,5
5907,ዶክተሩ ወደ ከተማው ውስጥ ነገ ከሰዓት በኋላ ሄደዋል።,Assertion,1
5912,ሹፌሩ ወደ ፋብሪካ ዛሬ ሄደዋል።,Assertion,1
5913,እባክዎ ዕቃውን ለጠበቃው ከዛሬ ጀምሮ ይላኩልኝ።,Request,0
5914,እንኳን ደስ አለህ ጋዜጠኛው በዚህ ሳምንት።,Phatic,7
5915,ፋብሪካው በዚህ ሳምንት አዲስ ሰራተኞችን ቀጥሯል።,Assertion,1
5916,እባክዎ ቤቱን ለአስተማሪዋ ከጥቂት ደቂቃዎች በኋላ ይላኩልኝ።,Request,0
5917,የዕቃው ችግር በሚቀጥለው ወር ከመምህሩ ጋር እፈታለሁ።,Promise,8
5919,እባክዎ መሳሪያውን ለአስተማሪዋ በዚህ ወር ይላኩልኝ።,Request,0
5921,እባክህ ለዕቃው ይህን ዘዴ በዚህ ሳምንት ተጠቀም።,Suggestion,3
5924,እባክዎ ይቅርታ፣ ስጦታውን በዚህ ወር ማቅረብ አልችልም።,Refusal,2
5925,እባክዎ መጽሐፉን ለፖሊሱ ከዛሬ ጀምሮ ይላኩልኝ።,Request,0
5926,እባክዎ ሪፖርቱን ለደንበኛው ዛሬ ይላኩልኝ።,Request,0
5928,የኮምፒዩተሩ ችግር በዚህ አመት ከሚኒስትሩ ጋር እፈታለሁ።,Promise,8
5930,ውሉ ገና ወደ አውሮፕላን ማረፊያ ነገ ጠዋት አልደረሰኝም።,Complaint,6
5931,እባክዎ ሰነዱን ለጓደኛዬ በስብሰባው ወቅት ይላኩልኝ።,Request,0
5932,እባክዎ ይቅርታ፣ ቡናውን ከሁለት ቀናት በኋላ ማቅረብ አልችልም።,Refusal,2
5933,እባክዎ ይቅርታ፣ በሩን በዚህ ወር ማቅረብ አልችልም።,Refusal,2
5934,በጣም ደግ ነህ መሐንዲሱ፣ በመንገድ ላይ ምንም እርዳታ አልሰጠኸኝም።,Sarcasm/Irony,5
5936,እባክዎ ይቅርታ፣ ሂሳቡን በሚቀጥለው ወር ማቅረብ አልችልም።,Refusal,2
5937,ኩባንያው ስለ ካርታው ማስጠንቀቂያ ከምሽቱ ጀምሮ አውጥቷል።,Warning,4
5939,ዶክተሩ ወደ ስብሰባ ክፍል ከጥቂት ደቂቃዎች በኋላ ሄደዋል።,Assertion,1
5941,የመሳሪያው ችግር በሚቀጥለው ሳምንት ከስራ አስኪያጁ ጋር እፈታለሁ።,Promise,8
5943,ስለ መስኮቱ ከአስተማሪዋ ጋር ማሰብ ይኖርብናል።,Suggestion,3
5944,እንዴት ደስ ይላል፣ መሐንዲሱ እንደገና ነገ ጠዋት ዘገዩ።,Sarcasm/Irony,5
5946,ሹፌሩ፣ እንደምን አደርክ ከዛሬ ጀምሮ?,Phatic,7
5947,መምህሩ፣ እንደምን አደርክ በዚህ አመት?,Phatic,7
5949,ስለ መሳሪያው ከጋዜጠኛው ጋር ማሰብ ይኖርብናል።,Suggestion,3
5950,ቤቱ ገና ወደ ከተማው ውስጥ ነገ ጠዋት አልደረሰኝም።,Complaint,6
5951,በጣም ብልህ ነህ ጠበቃው፣ ኮምፒዩተሩን ረሳኸው።,Sarcasm/Irony,5
5955,እምቢ ማለት እፈልጋለሁ፣ ይህ ውሉ አይሆንልኝም።,Refusal,2
5957,ማሽኑ ገና ወደ ቢሮ በዚህ ሳምንት አልደረሰኝም።,Complaint,6
5958,እባክዎ ደረሰኙን ለሚኒስትሩ ነገ ጠዋት ይላኩልኝ።,Request,0
5960,የቁልፉ ችግር ከሶስት ሰዓት በኋላ ከሚኒስትሩ ጋር እፈታለሁ።,Promise,8
5961,ፋብሪካው ስለ ጥያቄው ማስጠንቀቂያ ዛሬ አውጥቷል።,Warning,4
5963,በሩ ገና ወደ መጋዘን ከሁለት ቀናት በኋላ አልደረሰኝም።,Complaint,6
5965,ማዕከሉ ስለ ቡናው ማስጠንቀቂያ ነገ ጠዋት አውጥቷል።,Warning,4
5966,ጤና ይስጥልኝ ጓደኛዬ፣ በሚቀጥለው አመት ደህና ነህ?,Phatic,7
5967,አስተማሪዋ ወደ ሱቅ በሚቀጥለው ወር ሄደዋል።,Assertion,1
5968,ሹፌሩ ወደ ሆስፒታል ከሰዓት በኋላ ሄደዋል።,Assertion,1
5969,የኮምፒዩተሩ ችግር ከአንድ ሰዓት በኋላ ከአለቃዬ ጋር እፈታለሁ።,Promise,8
5973,ጓደኛዬ ወደ ቤት በዚህ ሳምንት ሄደዋል።,Assertion,1
5974,ፖሊሱ ወደ ቢሮ በሚቀጥለው ሳምንት ሄደዋል።,Assertion,1
5975,እባክዎ ካርታውን ለባልደረባዬ ዛሬ ይላኩልኝ።,Request,0
5976,የውሃው ችግር በሚቀጥለው ወር ከአስተማሪዋ ጋር እፈታለሁ።,Promise,8
5978,በሆስፒታል በሚቀጥለው ሳምንት ወንጀል ሊፈጸም ይችላል ተጠንቀቁ።,Warning,4
5979,የውሉ ችግር ነገ ከዶክተሩ ጋር እፈታለሁ።,Promise,8
5980,ትዕዛዙ ገና ወደ ፖሊስ ጣቢያ በዚህ ወር አልደረሰኝም።,Complaint,6
5981,ጠበቃው ወደ አውሮፕላን ማረፊያ በሚቀጥለው ወር ሄደዋል።,Assertion,1
5983,ከሁለት ቀናት በኋላ በመጋዘን ስብሰባ እናድርግ።,Suggestion,3
5987,መጽሐፉ ገና ወደ ቢሮ ከጥቂት ደቂቃዎች በኋላ አልደረሰኝም።,Complaint,6
5988,እሰይ፣ ሌላ ችግር በፋብሪካ በሳምንቱ መጨረሻ፣ ልክ የሚያስፈልገን ይሄው ነበር።,Sarcasm/Irony,5
5992,ሰላም አለቃዬ፣ ነገ እንዴት ነህ?,Phatic,7
5993,የደረሰኙ ወጪውን በመጋዘን ብንቀንስ የተሻለ ነው።,Suggestion,3
5994,እንዴት ጎበዝ ነህ ሚኒስትሩ፣ መጽሐፉን ሰብረኸዋል!,Sarcasm/Irony,5
5995,ይቅርታ፣ መጽሐፉን ዛሬ ማታ ማድረግ አልችልም።,Refusal,2
5996,ከአለቃዬ ጋር ስለ ውሉ ጉዳይ መስማማት አልችልም።,Refusal,2
5997,ኩባንያው ስለ ጥያቄው ማስጠንቀቂያ ከሶስት ሰዓት በኋላ አውጥቷል።,Warning,4
5998,ባልደረባዬ ወደ ከተማው ውስጥ በስብሰባው ወቅት ሄደዋል።,Assertion,1
6000,እባክዎ ቁልፉን ለባልደረባዬ ከዛሬ ጀምሮ ይላኩልኝ።,Request,0
6001,እሰይ፣ ሌላ ችግር በትምህርት ቤት ከሰዓት በኋላ፣ ልክ የሚያስፈልገን ይሄው ነበር።,Sarcasm/Irony,5
6002,ባልደረባዬ፣ እንደምን አደርክ በሚቀጥለው አመት?,Phatic,7
6004,እንዴት ጎበዝ ነህ አስተማሪዋ፣ ደብዳቤውን ሰብረኸዋል!,Sarcasm/Irony,5
6005,ሂሳቡ ገና ወደ ቤት በስብሰባው ወቅት አልደረሰኝም።,Complaint,6
6006,ኤጀንሲው ስለ ቁልፉ ማስጠንቀቂያ በሚቀጥለው ወር አውጥቷል።,Warning,4
6009,ይቅርታ፣ መጽሐፉን በዚህ አመት ማድረግ አልችልም።,Refusal,2
6010,የካርታው ችግር ከሰዓት በኋላ ከነጋዴው ጋር እፈታለሁ።,Promise,8
6011,ባንኩ ነገ አዲስ ሰራተኞችን ቀጥሯል።,Assertion,1
6012,ጎበዝ! በጣም ጥሩ ስራ ሰራህ መሐንዲሱ፣ ቤቱን አበላሸኸው።,Sarcasm/Irony,5
6013,ቢያንስ አንዴ ስጦታውን በፖሊስ ጣቢያ እንሞክር።,Suggestion,3
6015,ስራ አስኪያጁ ወደ ትምህርት ቤት በሚቀጥለው ወር ሄደዋል።,Assertion,1
6018,ስቱዲዮው ስለ ገንዘቡ ማስጠንቀቂያ በሚቀጥለው ሳምንት አውጥቷል።,Warning,4
6019,የስጦታው ችግር በዚህ አመት ከጋዜጠኛው ጋር እፈታለሁ።,Promise,8
6020,የልብሱ ችግር ከምሽቱ ጀምሮ ከባልደረባዬ ጋር እፈታለሁ።,Promise,8
6021,እባክዎ ይቅርታ፣ ሂሳቡን በሚቀጥለው ሳምንት ማቅረብ አልችልም።,Refusal,2
6023,የስልኩ ችግር ዛሬ ማታ ከስራ አስኪያጁ ጋር እፈታለሁ።,Promise,8
6025,የስጦታው ዋጋውን ዛሬ ማታ ብንቀንስ ደንበኞች ይጨምራሉ።,Suggestion,3
6026,ደብዳቤው ገና ወደ ፍርድ ቤት በዚህ ሳምንት አልደረሰኝም።,Complaint,6
6029,ከመሐንዲሱ ጋር ስለ ፋይሉ ጉዳይ መስማማት አልችልም።,Refusal,2
6030,መጽሐፉ ገና ወደ ቢሮ በዚህ ወር አልደረሰኝም።,Complaint,6
6032,ጎበዝ ስራ አስተማሪዋ፣ ውሃው ሙሉ በሙሉ ፈርሷል።,Sarcasm/Irony,5
6034,ስለ ገንዘቡ ከሹፌሩ ጋር ማሰብ ይኖርብናል።,Suggestion,3
6038,ደህና ሁን አስተማሪዋ፣ እስከ በስብሰባው ወቅት እንገናኝ።,Phatic,7
6040,ስቱዲዮው ስለ ማሽኑ ማስጠንቀቂያ ዛሬ ማታ አውጥቷል።,Warning,4
6041,ደህና ሁን ጋዜጠኛው፣ እስከ ከሰዓት በኋላ እንገናኝ።,Phatic,7
6044,ፖሊሱ ወደ መንገድ ላይ ዛሬ ሄደዋል።,Assertion,1
6045,ሚኒስቴሩ ስለ ምርቱ ማስጠንቀቂያ በዚህ ወር አውጥቷል።,Warning,4
6046,የትዕዛዙ ዋጋውን በሚቀጥለው ሳምንት ብንቀንስ ደንበኞች ይጨምራሉ።,Suggestion,3
6047,የካርታው ዋጋውን ከሰዓት በኋላ ብንቀንስ ደንበኞች ይጨምራሉ።,Suggestion,3
6049,ኤጀንሲው ስለ ደረሰኙ ማስጠንቀቂያ ነገ አውጥቷል።,Warning,4
6050,የምርቱ ችግር በሚቀጥለው ወር ከመሐንዲሱ ጋር እፈታለሁ።,Promise,8
6051,ስጦታውን ነገ ከሰዓት በኋላ ብንሞክር ጥሩ ይሆናል።,Suggestion,3
6052,አዎ በርግጥ፣ የማህበሩ እቅድ በበዚህ አመት በጭራሽ አይከሽፍም።,Sarcasm/Irony,5
6053,እባክዎ ፕሮጀክቱን ለነጋዴው በሚቀጥለው ወር ይላኩልኝ።,Request,0
6054,የሂሳቡ ችግር በሚቀጥለው ወር ከመምህሩ ጋር እፈታለሁ።,Promise,8
6055,ደረሰኙ ገና ወደ ፖሊስ ጣቢያ ነገ ጠዋት አልደረሰኝም።,Complaint,6
6058,ድርጅቱ ስለ ሰነዱ ማስጠንቀቂያ በሚቀጥለው ወር አውጥቷል።,Warning,4
6061,ባንኩ ስለ ዕቃው ማስጠንቀቂያ ዛሬ ማታ አውጥቷል።,Warning,4
6063,የስጦታው ችግር በሚቀጥለው አመት ከጓደኛዬ ጋር እፈታለሁ።,Promise,8
6065,መምህሩ፣ እንደምን አደርክ በሚቀጥለው ወር?,Phatic,7
6066,መጽሐፉን ከሰዓት በኋላ ብንሞክር ጥሩ ይሆናል።,Suggestion,3
6067,ሹፌሩ ወደ ገበያ በሚቀጥለው ሳምንት ሄደዋል።,Assertion,1
6068,ስለ ኮምፒዩተሩ ከነጋዴው ጋር ማሰብ ይኖርብናል።,Suggestion,3
6069,በጣም ደግ ነህ አስተማሪዋ፣ በአውሮፕላን ማረፊያ ምንም እርዳታ አልሰጠኸኝም።,Sarcasm/Irony,5
6070,አዎ በርግጥ፣ የባንኩ እቅድ በከምሽቱ ጀምሮ በጭራሽ አይከሽፍም።,Sarcasm/Irony,5
6071,እንኳን ደስ አለህ ሹፌሩ ከአንድ ሰዓት በኋላ።,Phatic,7
6072,ልብሱ ገና ወደ ባንክ በሚቀጥለው ሳምንት አልደረሰኝም።,Complaint,6
6073,ኤጀንሲው ስለ ደብዳቤው ማስጠንቀቂያ ከሁለት ቀናት በኋላ አውጥቷል።,Warning,4
6074,ይህን መሳሪያውን ከአለቃዬ መቀበል አልችልም።,Refusal,2
6075,ልብሱን በጥንቃቄ ለመሐንዲሱ እይዛለሁ።,Promise,8
6076,እንዴት ደስ ይላል፣ አስተማሪዋ እንደገና ነገ ዘገዩ።,Sarcasm/Irony,5
6077,ሚኒስቴሩ ስለ ምርቱ ማስጠንቀቂያ ዛሬ ማታ አውጥቷል።,Warning,4
6079,እባክህ ለቤቱ ይህን ዘዴ በሚቀጥለው ወር ተጠቀም።,Suggestion,3
6081,እባክዎ ጥያቄውን ለዶክተሩ ከሁለት ቀናት በኋላ ይላኩልኝ።,Request,0
6082,ሰላም መሐንዲሱ፣ ከሁለት ቀናት በኋላ እንዴት ነህ?,Phatic,7
6084,ከስራ አስኪያጁ ጋር ስለ ካርታው ጉዳይ መስማማት አልችልም።,Refusal,2
6086,እባክዎ ይቅርታ፣ ደረሰኙን በሚቀጥለው አመት ማቅረብ አልችልም።,Refusal,2
6089,መንግስት ስለ ሪፖርቱ ማስጠንቀቂያ ከአንድ ሰዓት በኋላ አውጥቷል።,Warning,4
6090,እባክህ ለበሩ ይህን ዘዴ ከሁለት ቀናት በኋላ ተጠቀም።,Suggestion,3
6091,የቁልፉ ወጪውን በቤት ብንቀንስ የተሻለ ነው።,Suggestion,3
6092,እንዴት ጎበዝ ነህ ነጋዴው፣ ሂሳቡን ሰብረኸዋል!,Sarcasm/Irony,5
6093,መስኮቱ ገና ወደ ስብሰባ ክፍል በሚቀጥለው ሳምንት አልደረሰኝም።,Complaint,6
6094,ማህበሩ ስለ ትዕዛዙ ማስጠንቀቂያ ነገ ጠዋት አውጥቷል።,Warning,4
6095,የደረሰኙ ችግር በዚህ አመት ከመምህሩ ጋር እፈታለሁ።,Promise,8
6097,እባክዎ ትዕዛዙን ለዶክተሩ ዛሬ ይላኩልኝ።,Request,0
6099,ሰላም ጓደኛዬ፣ ነገ ከሰዓት በኋላ እንዴት ነህ?,Phatic,7
6100,እባክዎ ምርቱን ለጋዜጠኛው ከሶስት ሰዓት በኋላ ይላኩልኝ።,Request,0
6101,የቤቱ ችግር በዚህ ወር ከፖሊሱ ጋር እፈታለሁ።,Promise,8
6102,ኩባንያው ስለ ቡናው ማስጠንቀቂያ ዛሬ አውጥቷል።,Warning,4
6103,ደህና በሳምንቱ መጨረሻ ይሁንልህ ሹፌሩ።,Phatic,7
6104,መሐንዲሱ ወደ መንገድ ላይ ከዛሬ ጀምሮ ሄደዋል።,Assertion,1
6105,ከአስተማሪዋ ጋር ስለ ፕሮጀክቱ ጉዳይ መስማማት አልችልም።,Refusal,2
6106,ይቅርታ፣ በሩን ነገ ከሰዓት በኋላ ማድረግ አልችልም።,Refusal,2
6107,ምርቱ ገና ወደ ፋብሪካ ከሁለት ቀናት በኋላ አልደረሰኝም።,Complaint,6
6109,ስለ ኮምፒዩተሩ ከጋዜጠኛው ጋር ማሰብ ይኖርብናል።,Suggestion,3
6110,እባክዎ ፋይሉን ለባልደረባዬ በዚህ አመት ይላኩልኝ።,Request,0
6111,ሆስፒታል በዚህ ሳምንት ተከፍቷል።,Assertion,1
6112,ሰላም ሹፌሩ፣ በዚህ ሳምንት እንዴት ነህ?,Phatic,7
6113,ዕቃው ገና ወደ ባንክ ከአንድ ሰዓት በኋላ አልደረሰኝም።,Complaint,6
6114,እባክህ ለስጦታው ይህን ዘዴ ዛሬ ማታ ተጠቀም።,Suggestion,3
6116,አስተማሪዋ፣ እንደምን አደርክ ነገ?,Phatic,7
6117,እባክዎ ቡናውን ለዶክተሩ በዚህ አመት ይላኩልኝ።,Request,0
6118,አመሰግናለሁ ዶክተሩ፣ ደህና ዋል በቤት።,Phatic,7
6120,እባክዎ ይቅርታ፣ ኮምፒዩተሩን ዛሬ ማቅረብ አልችልም።,Refusal,2
6121,መምህሩ ወደ ሆስፒታል በሚቀጥለው አመት ሄደዋል።,Assertion,1
6123,ይቅርታ፣ መጽሐፉን ነገ ጠዋት ማድረግ አልችልም።,Refusal,2
6129,እባክዎ መጽሐፉን ለሚኒስትሩ ከሰዓት በኋላ ይላኩልኝ።,Request,0
6130,ድርጅቱ ስለ ደረሰኙ ማስጠንቀቂያ ዛሬ አውጥቷል።,Warning,4
6131,ጎበዝ ስራ ነጋዴው፣ ሰነዱ ሙሉ በሙሉ ፈርሷል።,Sarcasm/Irony,5
6132,ስቱዲዮው ስለ መሳሪያው ማስጠንቀቂያ ነገ ከሰዓት በኋላ አውጥቷል።,Warning,4
6133,አመሰግናለሁ ሹፌሩ፣ ደህና ዋል በአውሮፕላን ማረፊያ።,Phatic,7
6136,የዕቃው ችግር በዚህ አመት ከሚኒስትሩ ጋር እፈታለሁ።,Promise,8
6137,የካርታው ወጪውን በመንገድ ላይ ብንቀንስ የተሻለ ነው።,Suggestion,3
6138,ሚኒስቴሩ ስለ መጽሐፉ ማስጠንቀቂያ በሳምንቱ መጨረሻ አውጥቷል።,Warning,4
6139,እንኳን ደስ አለህ አለቃዬ በዚህ ወር።,Phatic,7
6140,አለቃዬ ወደ መጋዘን ከአንድ ሰዓት በኋላ ሄደዋል።,Assertion,1
6142,ባልደረባዬ ወደ ፖሊስ ጣቢያ በዚህ አመት ሄደዋል።,Assertion,1
6143,እንዴት ደስ ይላል፣ ስራ አስኪያጁ እንደገና ከአንድ ሰዓት በኋላ ዘገዩ።,Sarcasm/Irony,5
6144,ሹፌሩ ወደ አውሮፕላን ማረፊያ በሳምንቱ መጨረሻ ሄደዋል።,Assertion,1
6147,ዕቃው ገና ወደ መጋዘን በሳምንቱ መጨረሻ አልደረሰኝም።,Complaint,6
6148,ኤጀንሲው ስለ ሰነዱ ማስጠንቀቂያ በዚህ ሳምንት አውጥቷል።,Warning,4
6149,ጎበዝ! በጣም ጥሩ ስራ ሰራህ ዶክተሩ፣ በሩን አበላሸኸው።,Sarcasm/Irony,5
6150,ከሶስት ሰዓት በኋላ በመጋዘን ትራፊኩ ከባድ ነው ተጠንቀቁ።,Warning,4
6151,መምህሩ፣ ጤና ይስጥልኝ በከተማው ውስጥ።,Phatic,7
6152,ሂሳቡን በጥንቃቄ ለመምህሩ እይዛለሁ።,Promise,8
6153,ይቅርታ፣ በሩን ከሶስት ሰዓት በኋላ ማድረግ አልችልም።,Refusal,2
6154,በጣም ብልህ ነህ ጠበቃው፣ ካርታውን ረሳኸው።,Sarcasm/Irony,5
6155,ውሃው ገና ወደ መጋዘን በስብሰባው ወቅት አልደረሰኝም።,Complaint,6
6157,እባክዎ ቤቱን ለመሐንዲሱ ነገ ይላኩልኝ።,Request,0
6158,መኪናው ገና ወደ ትምህርት ቤት በሚቀጥለው ሳምንት አልደረሰኝም።,Complaint,6
6159,ትዕዛዙ ገና ወደ ትምህርት ቤት በዚህ አመት አልደረሰኝም።,Complaint,6
6160,እባክዎ ቁልፉን ለነጋዴው ዛሬ ይላኩልኝ።,Request,0
6163,ባንኩ ስለ ጥያቄው ማስጠንቀቂያ ከአንድ ሰዓት በኋላ አውጥቷል።,Warning,4
6164,ጥያቄው ገና ወደ ትምህርት ቤት በስብሰባው ወቅት አልደረሰኝም።,Complaint,6
6165,እባክዎ መኪናውን ለፖሊሱ በሳምንቱ መጨረሻ ይላኩልኝ።,Request,0
6166,በጣም ብልህ ነህ ነጋዴው፣ ዕቃውን ረሳኸው።,Sarcasm/Irony,5
6167,በጣም ብልህ ነህ ስራ አስኪያጁ፣ ፕሮጀክቱን ረሳኸው።,Sarcasm/Irony,5
6168,እባክዎ ይቅርታ፣ ትዕዛዙን ከሶስት ሰዓት በኋላ ማቅረብ አልችልም።,Refusal,2
6170,ጎበዝ! በጣም ጥሩ ስራ ሰራህ አስተማሪዋ፣ ስልኩን አበላሸኸው።,Sarcasm/Irony,5
6173,መሐንዲሱ ወደ ቤት ከጥቂት ደቂቃዎች በኋላ ሄደዋል።,Assertion,1
6177,ቁልፉ ገና ወደ ስብሰባ ክፍል ከሁለት ቀናት በኋላ አልደረሰኝም።,Complaint,6
6178,ይህን ፋይሉን ከስራ አስኪያጁ መቀበል አልችልም።,Refusal,2
6179,እባክዎ ይቅርታ፣ መኪናውን በዚህ አመት ማቅረብ አልችልም።,Refusal,2
6184,ዶክተሩ ወደ ፍርድ ቤት ከዛሬ ጀምሮ ሄደዋል።,Assertion,1
6185,ከባልደረባዬ ጋር ስለ መስኮቱ ጉዳይ መስማማት አልችልም።,Refusal,2
6186,ጤና ይስጥልኝ ሹፌሩ፣ ከምሽቱ ጀምሮ ደህና ነህ?,Phatic,7
6187,ስለ ምርቱ ከስራ አስኪያጁ ጋር ማሰብ ይኖርብናል።,Suggestion,3
6189,ይቅርታ፣ ማሽኑን ከሶስት ሰዓት በኋላ ማድረግ አልችልም።,Refusal,2
6190,የደረሰኙ ወጪውን በሆስፒታል ብንቀንስ የተሻለ ነው።,Suggestion,3
6192,ጤና ይስጥልኝ ጋዜጠኛው፣ በሚቀጥለው አመት ደህና ነህ?,Phatic,7
6193,እባክዎ መጽሐፉን ለደንበኛው በሳምንቱ መጨረሻ ይላኩልኝ።,Request,0
6194,ቦርሳው ገና ወደ ቤት ዛሬ አልደረሰኝም።,Complaint,6
6195,ይቅርታ፣ ካርታውን በሳምንቱ መጨረሻ ማድረግ አልችልም።,Refusal,2
6197,ደብዳቤው ገና ወደ ቢሮ ዛሬ አልደረሰኝም።,Complaint,6
6198,ይቅርታ፣ ትዕዛዙን ነገ ከሰዓት በኋላ ማድረግ አልችልም።,Refusal,2
6200,ቦርሳው ገና ወደ ከተማው ውስጥ በሳምንቱ መጨረሻ አልደረሰኝም።,Complaint,6
6201,ነጋዴው ወደ ሱቅ በዚህ ወር ሄደዋል።,Assertion,1
6203,እንኳን ደስ አለህ ዶክተሩ፣ ስለ ቡናው እንደገና ተሳስተሃል።,Sarcasm/Irony,5
6205,እባክዎ ይቅርታ፣ ማሽኑን ከሰዓት በኋላ ማቅረብ አልችልም።,Refusal,2
6208,ውሉ ገና ወደ ሆስፒታል በሚቀጥለው ሳምንት አልደረሰኝም።,Complaint,6
6210,በጣም ብልህ ነህ አስተማሪዋ፣ ስልኩን ረሳኸው።,Sarcasm/Irony,5
6211,ስጦታው ገና ወደ ፋብሪካ በሳምንቱ መጨረሻ አልደረሰኝም።,Complaint,6
6212,የውሉ ችግር ከሶስት ሰዓት በኋላ ከመምህሩ ጋር እፈታለሁ።,Promise,8
6213,መንግስት በሚቀጥለው አመት አዲስ ሰራተኞችን ቀጥሯል።,Assertion,1
6214,ስለ ኮምፒዩተሩ ከዶክተሩ ጋር ማሰብ ይኖርብናል።,Suggestion,3
6216,ስቱዲዮው ስለ ስልኩ ማስጠንቀቂያ ከሶስት ሰዓት በኋላ አውጥቷል።,Warning,4
6217,መልእክቱ ገና ወደ መጋዘን ነገ ከሰዓት በኋላ አልደረሰኝም።,Complaint,6
6218,ደረሰኙ ገና ወደ ቤት ከሁለት ቀናት በኋላ አልደረሰኝም።,Complaint,6
6219,ደህና እደር ጋዜጠኛው፣ ከዛሬ ጀምሮ እንገናኝ።,Phatic,7
6220,ዶክተሩ፣ እንደምን አደርክ ዛሬ?,Phatic,7
6222,እንኳን ደስ አለህ አለቃዬ ከአንድ ሰዓት በኋላ።,Phatic,7
6223,ጎበዝ! በጣም ጥሩ ስራ ሰራህ ሚኒስትሩ፣ መጽሐፉን አበላሸኸው።,Sarcasm/Irony,5
6226,እቅዱን ከሁለት ቀናት በኋላ ከማዕከሉ ጋር እናሻሽል።,Suggestion,3
6227,ፕሮጀክቱ ገና ወደ ገበያ ነገ አልደረሰኝም።,Complaint,6
6228,በስብሰባው ወቅት በስብሰባ ክፍል ስብሰባ እናድርግ።,Suggestion,3
6229,ደህና ነገ ይሁንልህ ፖሊሱ።,Phatic,7
6231,ፋብሪካው ስለ ውሉ ማስጠንቀቂያ በሚቀጥለው ወር አውጥቷል።,Warning,4
6232,ከመምህሩ ጋር ስለ ጥያቄው ጉዳይ መስማማት አልችልም።,Refusal,2
6234,ይቅርታ፣ ካርታውን ከጥቂት ደቂቃዎች በኋላ ማድረግ አልችልም።,Refusal,2
6235,ጎበዝ! በጣም ጥሩ ስራ ሰራህ ስራ አስኪያጁ፣ ጥያቄውን አበላሸኸው።,Sarcasm/Irony,5
6237,ጤና ይስጥልኝ ስራ አስኪያጁ፣ በሳምንቱ መጨረሻ ደህና ነህ?,Phatic,7
6239,የስጦታው ወጪውን በቢሮ ብንቀንስ የተሻለ ነው።,Suggestion,3
6240,እንዴት ጎበዝ ነህ ጋዜጠኛው፣ ሰነዱን ሰብረኸዋል!,Sarcasm/Irony,5
6242,ጓደኛዬ ወደ ቢሮ በዚህ አመት ሄደዋል።,Assertion,1
6243,አመሰግናለሁ ጋዜጠኛው፣ ደህና ዋል በባንክ።,Phatic,7
6246,ሹፌሩ ወደ ሆስፒታል ዛሬ ማታ ሄደዋል።,Assertion,1
6247,ማህበሩ ስለ ካርታው ማስጠንቀቂያ ነገ አውጥቷል።,Warning,4
6248,ጋዜጠኛው ወደ አውሮፕላን ማረፊያ በዚህ ሳምንት ሄደዋል።,Assertion,1
6249,ጎበዝ! በጣም ጥሩ ስራ ሰራህ ሹፌሩ፣ ማሽኑን አበላሸኸው።,Sarcasm/Irony,5
6250,ሰላም ፖሊሱ፣ ዛሬ እንዴት ነህ?,Phatic,7
6251,የቦርሳው ችግር ነገ ጠዋት ከሹፌሩ ጋር እፈታለሁ።,Promise,8
6253,እባክዎ ውሉን ለዶክተሩ በዚህ ሳምንት ይላኩልኝ።,Request,0
6254,እባክዎ መስኮቱን ለመሐንዲሱ ነገ ይላኩልኝ።,Request,0
6255,እንኳን ደስ አለህ ጠበቃው በዚህ አመት።,Phatic,7
6256,በሆስፒታል በዚህ አመት ወንጀል ሊፈጸም ይችላል ተጠንቀቁ።,Warning,4
6260,ይህን መሳሪያውን ከደንበኛው መቀበል አልችልም።,Refusal,2
6261,እባክዎ ምርቱን ለጠበቃው ከሰዓት በኋላ ይላኩልኝ።,Request,0
6262,የምርቱ ችግር ከምሽቱ ጀምሮ ከስራ አስኪያጁ ጋር እፈታለሁ።,Promise,8
6265,ከአንድ ሰዓት በኋላ በባንክ ስብሰባ እናድርግ።,Suggestion,3
6266,ጥያቄው ገና ወደ ቢሮ በሚቀጥለው አመት አልደረሰኝም።,Complaint,6
6267,ስጦታው ገና ወደ መጋዘን በሚቀጥለው አመት አልደረሰኝም።,Complaint,6
6268,ከሰዓት በኋላ በመንገድ ላይ ስብሰባ እናድርግ።,Suggestion,3
6270,እባክዎ ይቅርታ፣ ሪፖርቱን በሚቀጥለው ሳምንት ማቅረብ አልችልም።,Refusal,2
6271,ማዕከሉ ስለ ሰነዱ ማስጠንቀቂያ ከሰዓት በኋላ አውጥቷል።,Warning,4
6272,ውሉ ገና ወደ ሱቅ ከምሽቱ ጀምሮ አልደረሰኝም።,Complaint,6
6273,የኮምፒዩተሩ ወጪውን በባንክ ብንቀንስ የተሻለ ነው።,Suggestion,3
6274,ማዕከሉ ስለ ቡናው ማስጠንቀቂያ ከአንድ ሰዓት በኋላ አውጥቷል።,Warning,4
6276,ትዕዛዙ ገና ወደ ሆስፒታል ከጥቂት ደቂቃዎች በኋላ አልደረሰኝም።,Complaint,6
6280,ነጋዴው ወደ ሆስፒታል ነገ ጠዋት ሄደዋል።,Assertion,1
6281,የምርቱ ችግር ከዛሬ ጀምሮ ከአለቃዬ ጋር እፈታለሁ።,Promise,8
6282,እባክዎ ቁልፉን ለአስተማሪዋ ዛሬ ይላኩልኝ።,Request,0
6283,ይቅርታ፣ ካርታውን ዛሬ ማድረግ አልችልም።,Refusal,2
6284,ስጦታው ገና ወደ መንገድ ላይ ነገ ጠዋት አልደረሰኝም።,Complaint,6
6286,ሂሳቡን በጥንቃቄ ለሹፌሩ እይዛለሁ።,Promise,8
6288,እባክዎ መሳሪያውን ለፖሊሱ ዛሬ ይላኩልኝ።,Request,0
6289,ኤጀንሲው ስለ ቡናው ማስጠንቀቂያ ከጥቂት ደቂቃዎች በኋላ አውጥቷል።,Warning,4
6291,እባክዎ ይቅርታ፣ ቦርሳውን በሚቀጥለው ሳምንት ማቅረብ አልችልም።,Refusal,2
6293,መንግስት ስለ ልብሱ ማስጠንቀቂያ ዛሬ ማታ አውጥቷል።,Warning,4
6295,የስልኩ ችግር በዚህ አመት ከጠበቃው ጋር እፈታለሁ።,Promise,8
6296,ድርጅቱ ስለ ስጦታው ማስጠንቀቂያ በዚህ አመት አውጥቷል።,Warning,4
6298,ከሚኒስትሩ ጋር ስለ ሰነዱ ጉዳይ መስማማት አልችልም።,Refusal,2
6299,ከሁለት ቀናት በኋላ በሆስፒታል ስብሰባ እናድርግ።,Suggestion,3
6301,እባክዎ ቦርሳውን ለዶክተሩ ከጥቂት ደቂቃዎች በኋላ ይላኩልኝ።,Request,0
6302,ጓደኛዬ ወደ ስብሰባ ክፍል በሚቀጥለው አመት ሄደዋል።,Assertion,1
6306,እንዴት ጎበዝ ነህ መሐንዲሱ፣ ሪፖርቱን ሰብረኸዋል!,Sarcasm/Irony,5
6308,ጤና ይስጥልኝ አስተማሪዋ፣ ከምሽቱ ጀምሮ ደህና ነህ?,Phatic,7
6309,ፋብሪካው ስለ መጽሐፉ ማስጠንቀቂያ ከሰዓት በኋላ አውጥቷል።,Warning,4
6310,የበሩ ችግር ዛሬ ማታ ከፖሊሱ ጋር እፈታለሁ።,Promise,8
6311,እንዴት ደስ ይላል፣ ፖሊሱ እንደገና ዛሬ ዘገዩ።,Sarcasm/Irony,5
6313,አዎ በርግጥ፣ የስቱዲዮው እቅድ በነገ ከሰዓት በኋላ በጭራሽ አይከሽፍም።,Sarcasm/Irony,5
6314,ሰላም መምህሩ፣ በስብሰባው ወቅት እንዴት ነህ?,Phatic,7
6316,ጎበዝ! በጣም ጥሩ ስራ ሰራህ ጋዜጠኛው፣ ጥያቄውን አበላሸኸው።,Sarcasm/Irony,5
6317,የመልእክቱ ችግር ነገ ጠዋት ከዶክተሩ ጋር እፈታለሁ።,Promise,8
6318,ደንበኛው ወደ ባንክ ነገ ከሰዓት በኋላ ሄደዋል።,Assertion,1
6319,ቡናው ገና ወደ ቤት ከአንድ ሰዓት በኋላ አልደረሰኝም።,Complaint,6
6320,ስራ አስኪያጁ ወደ ፋብሪካ ዛሬ ሄደዋል።,Assertion,1
6321,ቁልፉ ገና ወደ ስብሰባ ክፍል ዛሬ ማታ አልደረሰኝም።,Complaint,6
6322,በፍርድ ቤት በሚቀጥለው ወር ወንጀል ሊፈጸም ይችላል ተጠንቀቁ።,Warning,4
6326,ይቅርታ፣ ትዕዛዙን በዚህ ወር ማድረግ አልችልም።,Refusal,2
6327,እባክዎ ይቅርታ፣ ልብሱን ነገ ጠዋት ማቅረብ አልችልም።,Refusal,2
6330,ቁልፉ ገና ወደ መንገድ ላይ ነገ ጠዋት አልደረሰኝም።,Complaint,6
6331,የልብሱ ችግር ነገ ከሰዓት በኋላ ከአለቃዬ ጋር እፈታለሁ።,Promise,8
6333,እባክዎ መልእክቱን ለደንበኛው ከሰዓት በኋላ ይላኩልኝ።,Request,0
6334,ጓደኛዬ ወደ መጋዘን ከምሽቱ ጀምሮ ሄደዋል።,Assertion,1
6335,ደንበኛው ወደ ትምህርት ቤት ከዛሬ ጀምሮ ሄደዋል።,Assertion,1
6336,የቁልፉ ችግር ነገ ከፖሊሱ ጋር እፈታለሁ።,Promise,8
6337,መሐንዲሱ ወደ መጋዘን ነገ ሄደዋል።,Assertion,1
6339,ቁልፉ ገና ወደ ሆስፒታል ከሶስት ሰዓት በኋላ አልደረሰኝም።,Complaint,6
6340,ጥያቄው ገና ወደ ስብሰባ ክፍል ከሶስት ሰዓት በኋላ አልደረሰኝም።,Complaint,6
6341,እሰይ፣ ሌላ ችግር በአውሮፕላን ማረፊያ በዚህ አመት፣ ልክ የሚያስፈልገን ይሄው ነበር።,Sarcasm/Irony,5
6342,ይቅርታ፣ ቡናውን ከሁለት ቀናት በኋላ ማድረግ አልችልም።,Refusal,2
6343,እባክዎ ማሽኑን ለነጋዴው በሚቀጥለው አመት ይላኩልኝ።,Request,0
6344,ጎበዝ ስራ አለቃዬ፣ ቁልፉ ሙሉ በሙሉ ፈርሷል።,Sarcasm/Irony,5
6345,ኩባንያው ስለ ኮምፒዩተሩ ማስጠንቀቂያ ዛሬ አውጥቷል።,Warning,4
6346,ስለ ቤቱ ጉዳይ ከጓደኛዬ ጋር እንወያይ።,Suggestion,3
6347,ማሽኑ ገና ወደ ሆስፒታል ከምሽቱ ጀምሮ አልደረሰኝም።,Complaint,6
6348,ከስራ አስኪያጁ ጋር ስለ ልብሱ ጉዳይ መስማማት አልችልም።,Refusal,2
6349,በጣም ደግ ነህ ዶክተሩ፣ በስብሰባ ክፍል ምንም እርዳታ አልሰጠኸኝም።,Sarcasm/Irony,5
6353,እቅዱን ነገ ከሰዓት በኋላ ከፋብሪካው ጋር እናሻሽል።,Suggestion,3
6354,ፋብሪካው ስለ መስኮቱ ማስጠንቀቂያ በዚህ ወር አውጥቷል።,Warning,4
6355,የቤቱ ወጪውን በሱቅ ብንቀንስ የተሻለ ነው።,Suggestion,3
6356,የጥያቄው ዋጋውን ዛሬ ብንቀንስ ደንበኞች ይጨምራሉ።,Suggestion,3
6358,ሂሳቡ ገና ወደ ሆስፒታል ዛሬ አልደረሰኝም።,Complaint,6
6359,እባክዎ መስኮቱን ለጓደኛዬ በዚህ አመት ይላኩልኝ።,Request,0
6361,ማህበሩ ስለ ውሃው ማስጠንቀቂያ ከምሽቱ ጀምሮ አውጥቷል።,Warning,4
6362,የሂሳቡ ወጪውን በፖሊስ ጣቢያ ብንቀንስ የተሻለ ነው።,Suggestion,3
6363,እሰይ፣ ሌላ ችግር በቢሮ በሚቀጥለው ሳምንት፣ ልክ የሚያስፈልገን ይሄው ነበር።,Sarcasm/Irony,5
6364,እንኳን ደስ አለህ ሚኒስትሩ፣ ስለ በሩ እንደገና ተሳስተሃል።,Sarcasm/Irony,5
6366,ይህን ዕቃውን ከሚኒስትሩ መቀበል አልችልም።,Refusal,2
6367,እባክዎ መስኮቱን ለዶክተሩ ነገ ከሰዓት በኋላ ይላኩልኝ።,Request,0
6368,ቢያንስ አንዴ ገንዘቡን በፋብሪካ እንሞክር።,Suggestion,3
6370,ይቅርታ፣ ቤቱን ነገ ማድረግ አልችልም።,Refusal,2
6371,ይህን ምርቱን ከአለቃዬ መቀበል አልችልም።,Refusal,2
6372,ፋብሪካው ስለ ውሉ ማስጠንቀቂያ በሚቀጥለው ሳምንት አውጥቷል።,Warning,4
6373,ይህን ስጦታውን ከሚኒስትሩ መቀበል አልችልም።,Refusal,2
6374,ከዶክተሩ ጋር ስለ ቤቱ ጉዳይ መስማማት አልችልም።,Refusal,2
6376,ሰላም መሐንዲሱ፣ ከዛሬ ጀምሮ እንዴት ነህ?,Phatic,7
6378,ጎበዝ! በጣም ጥሩ ስራ ሰራህ ዶክተሩ፣ ስጦታውን አበላሸኸው።,Sarcasm/Irony,5
6379,የሪፖርቱ ችግር ከሰዓት በኋላ ከባልደረባዬ ጋር እፈታለሁ።,Promise,8
6380,ሰላም ሹፌሩ፣ ከምሽቱ ጀምሮ እንዴት ነህ?,Phatic,7
6381,ደህና ሁን ጓደኛዬ፣ እስከ ከሶስት ሰዓት በኋላ እንገናኝ።,Phatic,7
6383,ኤጀንሲው ስለ ልብሱ ማስጠንቀቂያ ከሰዓት በኋላ አውጥቷል።,Warning,4
6384,እንኳን ደስ አለህ ጠበቃው፣ ስለ መስኮቱ እንደገና ተሳስተሃል።,Sarcasm/Irony,5
6387,ደብዳቤውን በሳምንቱ መጨረሻ ብንሞክር ጥሩ ይሆናል።,Suggestion,3
6388,እሰይ፣ ሌላ ችግር በከተማው ውስጥ በሚቀጥለው ሳምንት፣ ልክ የሚያስፈልገን ይሄው ነበር።,Sarcasm/Irony,5
6390,የምርቱ ወጪውን በስብሰባ ክፍል ብንቀንስ የተሻለ ነው።,Suggestion,3
6393,ጠበቃው፣ እንደምን አደርክ ዛሬ ማታ?,Phatic,7
6394,ከአለቃዬ ጋር ስለ ኮምፒዩተሩ ጉዳይ መስማማት አልችልም።,Refusal,2
6395,አስተማሪዋ ወደ ፍርድ ቤት ከአንድ ሰዓት በኋላ ሄደዋል።,Assertion,1
6396,ደንበኛው ወደ መንገድ ላይ ከሁለት ቀናት በኋላ ሄደዋል።,Assertion,1
6397,ካርታው ገና ወደ ስብሰባ ክፍል በሳምንቱ መጨረሻ አልደረሰኝም።,Complaint,6
6398,ኤጀንሲው ስለ ደረሰኙ ማስጠንቀቂያ በዚህ አመት አውጥቷል።,Warning,4
6400,እባክዎ ማሽኑን ለስራ አስኪያጁ በዚህ ሳምንት ይላኩልኝ።,Request,0
6401,ሰላም ባልደረባዬ፣ ከሶስት ሰዓት በኋላ እንዴት ነህ?,Phatic,7
6402,ስለ ልብሱ ከስራ አስኪያጁ ጋር ማሰብ ይኖርብናል።,Suggestion,3
6403,የሂሳቡ ገመድ በባንክ አደገኛ ነው ተጠንቀቁ።,Warning,4
6405,ምርቱ ገና ወደ ገበያ ነገ ከሰዓት በኋላ አልደረሰኝም።,Complaint,6
6407,ይቅርታ፣ ምርቱን ዛሬ ማታ ማድረግ አልችልም።,Refusal,2
6409,የልብሱ ችግር በዚህ አመት ከፖሊሱ ጋር እፈታለሁ።,Promise,8
6410,የሂሳቡ ችግር ነገ ከአስተማሪዋ ጋር እፈታለሁ።,Promise,8
6412,እንኳን ደስ አለህ ጠበቃው በዚህ ሳምንት።,Phatic,7
6413,የደብዳቤው ችግር ከአንድ ሰዓት በኋላ ከጋዜጠኛው ጋር እፈታለሁ።,Promise,8
6414,ሪፖርቱን ለጓደኛዬ ከሰዓት በኋላ አቀርባለሁ።,Promise,8
6415,በጣም ብልህ ነህ ፖሊሱ፣ መልእክቱን ረሳኸው።,Sarcasm/Irony,5
6416,የመስኮቱ ችግር ከአንድ ሰዓት በኋላ ከነጋዴው ጋር እፈታለሁ።,Promise,8
6417,መንግስት ስለ ቁልፉ ማስጠንቀቂያ በስብሰባው ወቅት አውጥቷል።,Warning,4
6419,ፖሊሱ ወደ ሆስፒታል በሚቀጥለው ሳምንት ሄደዋል።,Assertion,1
6420,እባክዎ ፋይሉን ለስራ አስኪያጁ በዚህ ሳምንት ይላኩልኝ።,Request,0
6423,እባክዎ በሩን ለአለቃዬ በስብሰባው ወቅት ይላኩልኝ።,Request,0
6424,ደብዳቤው ገና ወደ አውሮፕላን ማረፊያ በሚቀጥለው አመት አልደረሰኝም።,Complaint,6
6427,እባክዎ ቡናውን ለጋዜጠኛው ከአንድ ሰዓት በኋላ ይላኩልኝ።,Request,0
6429,እባክህ ለደረሰኙ ይህን ዘዴ ከጥቂት ደቂቃዎች በኋላ ተጠቀም።,Suggestion,3
6430,ደህና እደር ጓደኛዬ፣ ከጥቂት ደቂቃዎች በኋላ እንገናኝ።,Phatic,7
6433,እንኳን ደስ አለህ መሐንዲሱ፣ ስለ ሪፖርቱ እንደገና ተሳስተሃል።,Sarcasm/Irony,5
6436,ውሃው ገና ወደ ፍርድ ቤት በሚቀጥለው ወር አልደረሰኝም።,Complaint,6
6437,ሹፌሩ ወደ መንገድ ላይ ከሶስት ሰዓት በኋላ ሄደዋል።,Assertion,1
6438,ኤጀንሲው ስለ ፋይሉ ማስጠንቀቂያ ከሁለት ቀናት በኋላ አውጥቷል።,Warning,4
6440,እባክዎ ይቅርታ፣ ካርታውን ከሶስት ሰዓት በኋላ ማቅረብ አልችልም።,Refusal,2
6441,ይቅርታ፣ ኮምፒዩተሩን በሚቀጥለው አመት ማድረግ አልችልም።,Refusal,2
6443,ደህና በዚህ ወር ይሁንልህ አለቃዬ።,Phatic,7
6445,መንግስት ከዛሬ ጀምሮ አዲስ ሰራተኞችን ቀጥሯል።,Assertion,1
6446,የትዕዛዙ ገመድ በሆስፒታል አደገኛ ነው ተጠንቀቁ።,Warning,4
6447,እባክዎ መስኮቱን ለነጋዴው ከሁለት ቀናት በኋላ ይላኩልኝ።,Request,0
6449,በጣም ብልህ ነህ ጠበቃው፣ ውሃውን ረሳኸው።,Sarcasm/Irony,5
6452,ውሃውን ከምሽቱ ጀምሮ ብንሞክር ጥሩ ይሆናል።,Suggestion,3
6455,ደህና ሁን ጋዜጠኛው፣ እስከ በሚቀጥለው ወር እንገናኝ።,Phatic,7
6456,የመስኮቱ ዋጋውን ነገ ብንቀንስ ደንበኞች ይጨምራሉ።,Suggestion,3
6457,እባክዎ ቤቱን ለመምህሩ ነገ ጠዋት ይላኩልኝ።,Request,0
6458,ስልኩ ገና ወደ ገበያ ከአንድ ሰዓት በኋላ አልደረሰኝም።,Complaint,6
6459,ጓደኛዬ፣ እንደምን አደርክ በሚቀጥለው ሳምንት?,Phatic,7
6461,እንዴት ጎበዝ ነህ ስራ አስኪያጁ፣ ሂሳቡን ሰብረኸዋል!,Sarcasm/Irony,5
6463,ጓደኛዬ ወደ ሱቅ በሚቀጥለው አመት ሄደዋል።,Assertion,1
6465,መሐንዲሱ ወደ ሆስፒታል ከምሽቱ ጀምሮ ሄደዋል።,Assertion,1
6466,ማህበሩ ስለ ትዕዛዙ ማስጠንቀቂያ ከሁለት ቀናት በኋላ አውጥቷል።,Warning,4
6467,ደህና እደር ነጋዴው፣ ነገ ጠዋት እንገናኝ።,Phatic,7
6469,የደረሰኙ ዋጋውን ከሰዓት በኋላ ብንቀንስ ደንበኞች ይጨምራሉ።,Suggestion,3
6472,ዶክተሩ ወደ ገበያ ከአንድ ሰዓት በኋላ ሄደዋል።,Assertion,1
6473,እባክዎ ይቅርታ፣ ውሃውን ከጥቂት ደቂቃዎች በኋላ ማቅረብ አልችልም።,Refusal,2
6475,ዕቃው ገና ወደ ፋብሪካ ከምሽቱ ጀምሮ አልደረሰኝም።,Complaint,6
6476,አለቃዬ ወደ ፋብሪካ በሳምንቱ መጨረሻ ሄደዋል።,Assertion,1
6478,ጎበዝ! በጣም ጥሩ ስራ ሰራህ ነጋዴው፣ ቦርሳውን አበላሸኸው።,Sarcasm/Irony,5
6480,በጣም ብልህ ነህ ነጋዴው፣ ውሃውን ረሳኸው።,Sarcasm/Irony,5
6481,በዚህ ወር ወደ ትምህርት ቤት እደርሳለሁ።,Promise,8
6482,መምህሩ ወደ ሆስፒታል በሳምንቱ መጨረሻ ሄደዋል።,Assertion,1
6483,እባክዎ ፋይሉን ለመሐንዲሱ ከዛሬ ጀምሮ ይላኩልኝ።,Request,0
6485,አዎ በርግጥ፣ የድርጅቱ እቅድ በከሰዓት በኋላ በጭራሽ አይከሽፍም።,Sarcasm/Irony,5
6486,ፋብሪካው ስለ ስጦታው ማስጠንቀቂያ በስብሰባው ወቅት አውጥቷል።,Warning,4
6488,ሰላም ጋዜጠኛው፣ ከዛሬ ጀምሮ እንዴት ነህ?,Phatic,7
6489,በሩ ገና ወደ ሱቅ በዚህ አመት አልደረሰኝም።,Complaint,6
6492,ይህን ውሉን ከመሐንዲሱ መቀበል አልችልም።,Refusal,2
6493,የመኪናው ችግር ከሁለት ቀናት በኋላ ከጋዜጠኛው ጋር እፈታለሁ።,Promise,8
6494,ፕሮጀክቱን በጥንቃቄ ለጋዜጠኛው እይዛለሁ።,Promise,8
6495,ጤና ይስጥልኝ ጓደኛዬ፣ በሳምንቱ መጨረሻ ደህና ነህ?,Phatic,7
6497,ጤና ይስጥልኝ ደንበኛው፣ ከዛሬ ጀምሮ ደህና ነህ?,Phatic,7
6498,ፋብሪካው ስለ ቦርሳው ማስጠንቀቂያ በዚህ ወር አውጥቷል።,Warning,4
6499,የውሉ ገመድ በፋብሪካ አደገኛ ነው ተጠንቀቁ።,Warning,4
6500,ጋዜጠኛው ወደ ቢሮ ዛሬ ማታ ሄደዋል።,Assertion,1
6501,እባክዎ ይቅርታ፣ መጽሐፉን በሳምንቱ መጨረሻ ማቅረብ አልችልም።,Refusal,2
6502,አለቃዬ ወደ ሆስፒታል ነገ ከሰዓት በኋላ ሄደዋል።,Assertion,1
6503,ጥያቄው ገና ወደ ፍርድ ቤት ከምሽቱ ጀምሮ አልደረሰኝም።,Complaint,6
6504,ጓደኛዬ፣ እንደምን አደርክ ነገ ጠዋት?,Phatic,7
6505,ሹፌሩ፣ ጤና ይስጥልኝ በሆስፒታል።,Phatic,7
6507,ወደፊት ስለ በሩ አልደግመውም ቃል እገባለሁ።,Promise,8
6508,ከባልደረባዬ ጋር ስለ ዕቃው ጉዳይ መስማማት አልችልም።,Refusal,2
6509,ስጦታው ገና ወደ ትምህርት ቤት በሚቀጥለው አመት አልደረሰኝም።,Complaint,6
6511,የፕሮጀክቱ ችግር ከሰዓት በኋላ ከሹፌሩ ጋር እፈታለሁ።,Promise,8
6512,ቤቱ ገና ወደ ፍርድ ቤት በሚቀጥለው ሳምንት አልደረሰኝም።,Complaint,6
6514,እንኳን ደስ አለህ ጓደኛዬ፣ ስለ ቡናው እንደገና ተሳስተሃል።,Sarcasm/Irony,5
6515,ስራ አስኪያጁ ወደ መጋዘን ነገ ሄደዋል።,Assertion,1
6516,በገበያ ከሰዓት በኋላ ወንጀል ሊፈጸም ይችላል ተጠንቀቁ።,Warning,4
6517,እባክዎ ፕሮጀክቱን ለጋዜጠኛው ከጥቂት ደቂቃዎች በኋላ ይላኩልኝ።,Request,0
6525,እባክዎ ደረሰኙን ለመሐንዲሱ በሚቀጥለው ሳምንት ይላኩልኝ።,Request,0
6526,ጎበዝ ስራ ደንበኛው፣ መስኮቱ ሙሉ በሙሉ ፈርሷል።,Sarcasm/Irony,5
6529,ፖሊሱ ወደ ስብሰባ ክፍል በስብሰባው ወቅት ሄደዋል።,Assertion,1
6530,ካርታውን ከሰዓት በኋላ ብንሞክር ጥሩ ይሆናል።,Suggestion,3
6531,የቁልፉ ችግር በሚቀጥለው አመት ከፖሊሱ ጋር እፈታለሁ።,Promise,8
6532,ደህና በዚህ አመት ይሁንልህ ሚኒስትሩ።,Phatic,7
6533,ማህበሩ ስለ ትዕዛዙ ማስጠንቀቂያ በሚቀጥለው ወር አውጥቷል።,Warning,4
6534,እባክዎ ቁልፉን ለስራ አስኪያጁ በሚቀጥለው ወር ይላኩልኝ።,Request,0
6535,ጎበዝ! በጣም ጥሩ ስራ ሰራህ ባልደረባዬ፣ መሳሪያውን አበላሸኸው።,Sarcasm/Irony,5
6536,ሪፖርቱ ገና ወደ ፍርድ ቤት በስብሰባው ወቅት አልደረሰኝም።,Complaint,6
6537,ደንበኛው ወደ አውሮፕላን ማረፊያ በሚቀጥለው አመት ሄደዋል።,Assertion,1
6538,ደህና እደር ሚኒስትሩ፣ በሚቀጥለው ወር እንገናኝ።,Phatic,7
6539,በፍርድ ቤት በዚህ አመት ወንጀል ሊፈጸም ይችላል ተጠንቀቁ።,Warning,4
6540,በሚቀጥለው ወር በፍርድ ቤት ትራፊኩ ከባድ ነው ተጠንቀቁ።,Warning,4
6541,መንግስት ስለ ቁልፉ ማስጠንቀቂያ በሚቀጥለው ሳምንት አውጥቷል።,Warning,4
6544,እባክዎ ይቅርታ፣ መሳሪያውን በዚህ አመት ማቅረብ አልችልም።,Refusal,2
6545,ማህበሩ ስለ ቡናው ማስጠንቀቂያ ከሰዓት በኋላ አውጥቷል።,Warning,4
6547,የሰነዱ ችግር ከሰዓት በኋላ ከደንበኛው ጋር እፈታለሁ።,Promise,8
6548,ሰላም ጠበቃው፣ ከምሽቱ ጀምሮ እንዴት ነህ?,Phatic,7
6549,አስተማሪዋ ወደ ስብሰባ ክፍል በስብሰባው ወቅት ሄደዋል።,Assertion,1
6550,እንዴት ደስ ይላል፣ አለቃዬ እንደገና ከሰዓት በኋላ ዘገዩ።,Sarcasm/Irony,5
6551,ፖሊሱ ወደ ሱቅ በሳምንቱ መጨረሻ ሄደዋል።,Assertion,1
6552,ጠበቃው ወደ ፋብሪካ ከሶስት ሰዓት በኋላ ሄደዋል።,Assertion,1
6554,የመልእክቱ ችግር ከጥቂት ደቂቃዎች በኋላ ከመምህሩ ጋር እፈታለሁ።,Promise,8
6556,ጎበዝ ስራ አለቃዬ፣ መጽሐፉ ሙሉ በሙሉ ፈርሷል።,Sarcasm/Irony,5
6557,ስለ በሩ ጉዳይ ከጠበቃው ጋር እንወያይ።,Suggestion,3
6558,በጣም ደግ ነህ አስተማሪዋ፣ በፋብሪካ ምንም እርዳታ አልሰጠኸኝም።,Sarcasm/Irony,5
6560,ደህና እደር ፖሊሱ፣ ነገ ከሰዓት በኋላ እንገናኝ።,Phatic,7
6561,ዕቃው ገና ወደ ባንክ ከሰዓት በኋላ አልደረሰኝም።,Complaint,6
6562,አመሰግናለሁ ጠበቃው፣ ደህና ዋል በፋብሪካ።,Phatic,7
6563,ፕሮጀክቱን ዛሬ ማታ ብንሞክር ጥሩ ይሆናል።,Suggestion,3
6564,አመሰግናለሁ መምህሩ፣ ደህና ዋል በመጋዘን።,Phatic,7
6566,የቦርሳው ችግር ነገ ከሰዓት በኋላ ከጓደኛዬ ጋር እፈታለሁ።,Promise,8
6568,እባክህ ለሂሳቡ ይህን ዘዴ በዚህ አመት ተጠቀም።,Suggestion,3
6569,ቢያንስ አንዴ ጥያቄውን በፍርድ ቤት እንሞክር።,Suggestion,3
6571,እባክዎ ደብዳቤውን ለደንበኛው ከጥቂት ደቂቃዎች በኋላ ይላኩልኝ።,Request,0
6572,ስለ ዕቃው ከአስተማሪዋ ጋር ማሰብ ይኖርብናል።,Suggestion,3
6573,ማዕከሉ ስለ ትዕዛዙ ማስጠንቀቂያ ዛሬ አውጥቷል።,Warning,4
6574,ስለ ትዕዛዙ ጉዳይ ከዶክተሩ ጋር እንወያይ።,Suggestion,3
6575,እባክዎ ይቅርታ፣ ኮምፒዩተሩን ከሶስት ሰዓት በኋላ ማቅረብ አልችልም።,Refusal,2
6576,እንኳን ደስ አለህ መምህሩ፣ ስለ መሳሪያው እንደገና ተሳስተሃል።,Sarcasm/Irony,5
6577,ነገ ከሰዓት በኋላ በአውሮፕላን ማረፊያ ስብሰባ እናድርግ።,Suggestion,3
6578,አለቃዬ ወደ ፍርድ ቤት ከምሽቱ ጀምሮ ሄደዋል።,Assertion,1
6579,ከሚኒስትሩ ጋር ስለ ሪፖርቱ ጉዳይ መስማማት አልችልም።,Refusal,2
6580,ቢያንስ አንዴ ገንዘቡን በሱቅ እንሞክር።,Suggestion,3
6581,ማሽኑ ገና ወደ ፍርድ ቤት ከምሽቱ ጀምሮ አልደረሰኝም።,Complaint,6
6582,ይህን ትዕዛዙን ከጓደኛዬ መቀበል አልችልም።,Refusal,2
6583,ማዕከሉ ስለ ሪፖርቱ ማስጠንቀቂያ በዚህ ሳምንት አውጥቷል።,Warning,4
6584,ጋዜጠኛው ወደ መንገድ ላይ ከዛሬ ጀምሮ ሄደዋል።,Assertion,1
6585,ፖሊስ ጣቢያ ከጥቂት ደቂቃዎች በኋላ ተከፍቷል።,Assertion,1
6586,ባልደረባዬ ወደ ቢሮ ከሰዓት በኋላ ሄደዋል።,Assertion,1
6587,እባክዎ ትዕዛዙን ለነጋዴው በዚህ አመት ይላኩልኝ።,Request,0
6588,የትዕዛዙ ዋጋውን ከጥቂት ደቂቃዎች በኋላ ብንቀንስ ደንበኞች ይጨምራሉ።,Suggestion,3
6589,እባክዎ ኮምፒዩተሩን ለጠበቃው ከሁለት ቀናት በኋላ ይላኩልኝ።,Request,0
6592,ስቱዲዮው ስለ ሪፖርቱ ማስጠንቀቂያ ከዛሬ ጀምሮ አውጥቷል።,Warning,4
6593,መሐንዲሱ፣ እንደምን አደርክ ከሶስት ሰዓት በኋላ?,Phatic,7
6595,ይቅርታ፣ ቡናውን በዚህ አመት ማድረግ አልችልም።,Refusal,2
6596,አዎ በርግጥ፣ የፋብሪካው እቅድ በከአንድ ሰዓት በኋላ በጭራሽ አይከሽፍም።,Sarcasm/Irony,5
6597,ስለ ውሃው ከጋዜጠኛው ጋር ማሰብ ይኖርብናል።,Suggestion,3
6598,እባክዎ በሩን ለአስተማሪዋ ነገ ይላኩልኝ።,Request,0
6600,ደረሰኙ ገና ወደ ገበያ ከሶስት ሰዓት በኋላ አልደረሰኝም።,Complaint,6
6601,እንዴት ጎበዝ ነህ ሚኒስትሩ፣ በሩን ሰብረኸዋል!,Sarcasm/Irony,5
6602,መጋዘን ከሰዓት በኋላ ተከፍቷል።,Assertion,1
6603,እባክዎ መሳሪያውን ለባልደረባዬ ከሰዓት በኋላ ይላኩልኝ።,Request,0
6604,የመልእክቱ ችግር በዚህ ሳምንት ከጠበቃው ጋር እፈታለሁ።,Promise,8
6606,የፕሮጀክቱ ችግር ከምሽቱ ጀምሮ ከመሐንዲሱ ጋር እፈታለሁ።,Promise,8
6609,እባክዎ ትዕዛዙን ለደንበኛው በስብሰባው ወቅት ይላኩልኝ።,Request,0
6610,ቢያንስ አንዴ ቡናውን በስብሰባ ክፍል እንሞክር።,Suggestion,3
6611,ደብዳቤው ገና ወደ ፖሊስ ጣቢያ ከጥቂት ደቂቃዎች በኋላ አልደረሰኝም።,Complaint,6
6612,በጣም ብልህ ነህ ጓደኛዬ፣ መሳሪያውን ረሳኸው።,Sarcasm/Irony,5
6614,ደንበኛው ወደ ሆስፒታል ከዛሬ ጀምሮ ሄደዋል።,Assertion,1
6615,የሪፖርቱ ችግር በሚቀጥለው ሳምንት ከነጋዴው ጋር እፈታለሁ።,Promise,8
6617,እንኳን ደስ አለህ ደንበኛው ነገ ጠዋት።,Phatic,7
6618,እባክዎ ስጦታውን ለሚኒስትሩ ነገ ከሰዓት በኋላ ይላኩልኝ።,Request,0
6619,የፋይሉ ችግር በስብሰባው ወቅት ከጠበቃው ጋር እፈታለሁ።,Promise,8
6622,የመኪናው ወጪውን በባንክ ብንቀንስ የተሻለ ነው።,Suggestion,3
6623,የመጽሐፉ ችግር በሳምንቱ መጨረሻ ከባልደረባዬ ጋር እፈታለሁ።,Promise,8
6625,በጣም ብልህ ነህ አለቃዬ፣ ገንዘቡን ረሳኸው።,Sarcasm/Irony,5
6626,ደህና በሚቀጥለው ሳምንት ይሁንልህ ደንበኛው።,Phatic,7
6629,ፖሊሱ ወደ ቢሮ በዚህ አመት ሄደዋል።,Assertion,1
6630,የዕቃው ችግር በሚቀጥለው አመት ከመሐንዲሱ ጋር እፈታለሁ።,Promise,8
6632,እባክዎ ምርቱን ለጋዜጠኛው ከምሽቱ ጀምሮ ይላኩልኝ።,Request,0
6633,ፕሮጀክቱን ከሁለት ቀናት በኋላ ብንሞክር ጥሩ ይሆናል።,Suggestion,3
6636,እባክዎ ምርቱን ለሚኒስትሩ በዚህ አመት ይላኩልኝ።,Request,0
6637,በሩ ገና ወደ ገበያ ዛሬ አልደረሰኝም።,Complaint,6
6638,እባክዎ ውሃውን ለፖሊሱ በሚቀጥለው ወር ይላኩልኝ።,Request,0
6639,እባክዎ ውሉን ለነጋዴው ዛሬ ማታ ይላኩልኝ።,Request,0
6640,ስቱዲዮው ስለ ቡናው ማስጠንቀቂያ በሚቀጥለው አመት አውጥቷል።,Warning,4
6641,እንኳን ደስ አለህ መሐንዲሱ፣ ስለ ገንዘቡ እንደገና ተሳስተሃል።,Sarcasm/Irony,5
6642,የምርቱ ችግር ነገ ጠዋት ከሹፌሩ ጋር እፈታለሁ።,Promise,8
6644,ይህን ፋይሉን ከሚኒስትሩ መቀበል አልችልም።,Refusal,2
6645,መንግስት ስለ ቤቱ ማስጠንቀቂያ ከሁለት ቀናት በኋላ አውጥቷል።,Warning,4
6648,ስቱዲዮው ስለ ካርታው ማስጠንቀቂያ በሚቀጥለው ሳምንት አውጥቷል።,Warning,4
6653,ደህና ሁን መምህሩ፣ እስከ በስብሰባው ወቅት እንገናኝ።,Phatic,7
6654,መንግስት ስለ ማሽኑ ማስጠንቀቂያ ከጥቂት ደቂቃዎች በኋላ አውጥቷል።,Warning,4
6655,እባክህ ለቦርሳው ይህን ዘዴ በሚቀጥለው አመት ተጠቀም።,Suggestion,3
6657,አዎ በርግጥ፣ የድርጅቱ እቅድ በዛሬ ማታ በጭራሽ አይከሽፍም።,Sarcasm/Irony,5
6659,ጤና ይስጥልኝ መምህሩ፣ ነገ ጠዋት ደህና ነህ?,Phatic,7
6660,እባክህ ለሪፖርቱ ይህን ዘዴ ከዛሬ ጀምሮ ተጠቀም።,Suggestion,3
6661,ጎበዝ! በጣም ጥሩ ስራ ሰራህ ዶክተሩ፣ ሂሳቡን አበላሸኸው።,Sarcasm/Irony,5
6664,ኩባንያው ስለ መስኮቱ ማስጠንቀቂያ በስብሰባው ወቅት አውጥቷል።,Warning,4
6666,የማሽኑ ችግር ከምሽቱ ጀምሮ ከሚኒስትሩ ጋር እፈታለሁ።,Promise,8
6667,እባክዎ ትዕዛዙን ለደንበኛው ከጥቂት ደቂቃዎች በኋላ ይላኩልኝ።,Request,0
6668,ወደፊት ስለ መስኮቱ አልደግመውም ቃል እገባለሁ።,Promise,8
6670,ጎበዝ ስራ ስራ አስኪያጁ፣ ጥያቄው ሙሉ በሙሉ ፈርሷል።,Sarcasm/Irony,5
6671,እባክዎ ስጦታውን ለነጋዴው ነገ ከሰዓት በኋላ ይላኩልኝ።,Request,0
6672,ነጋዴው፣ ጤና ይስጥልኝ በከተማው ውስጥ።,Phatic,7
6674,እባክዎ ልብሱን ለሚኒስትሩ በዚህ ሳምንት ይላኩልኝ።,Request,0
6675,ጋዜጠኛው ወደ ቢሮ ነገ ከሰዓት በኋላ ሄደዋል።,Assertion,1
6676,እንኳን ደስ አለህ ባልደረባዬ፣ ስለ ምርቱ እንደገና ተሳስተሃል።,Sarcasm/Irony,5
6678,ድርጅቱ ስለ ፋይሉ ማስጠንቀቂያ ነገ አውጥቷል።,Warning,4
6681,እባክዎ ሪፖርቱን ለጋዜጠኛው ነገ ይላኩልኝ።,Request,0
6682,የቤቱ ችግር ከሰዓት በኋላ ከሹፌሩ ጋር እፈታለሁ።,Promise,8
6684,የመሳሪያው ዋጋውን በሚቀጥለው ወር ብንቀንስ ደንበኞች ይጨምራሉ።,Suggestion,3
6685,ከዶክተሩ ጋር ስለ ዕቃው ጉዳይ መስማማት አልችልም።,Refusal,2
6686,ይህን መኪናውን ከደንበኛው መቀበል አልችልም።,Refusal,2
6689,ኩባንያው ስለ ኮምፒዩተሩ ማስጠንቀቂያ በሳምንቱ መጨረሻ አውጥቷል።,Warning,4
6691,ድርጅቱ ስለ በሩ ማስጠንቀቂያ ከሶስት ሰዓት በኋላ አውጥቷል።,Warning,4
6692,ደብዳቤውን በጥንቃቄ ለስራ አስኪያጁ እይዛለሁ።,Promise,8
6693,እባክዎ ውሉን ለፖሊሱ በሳምንቱ መጨረሻ ይላኩልኝ።,Request,0
6694,መሐንዲሱ ወደ ስብሰባ ክፍል ከዛሬ ጀምሮ ሄደዋል።,Assertion,1
6696,እባክዎ ይቅርታ፣ ጥያቄውን ዛሬ ማታ ማቅረብ አልችልም።,Refusal,2
6697,ቁልፉን ከዛሬ ጀምሮ ብንሞክር ጥሩ ይሆናል።,Suggestion,3
6699,እባክዎ ውሉን ለሚኒስትሩ ከሁለት ቀናት በኋላ ይላኩልኝ።,Request,0
6700,እንዴት ደስ ይላል፣ ጋዜጠኛው እንደገና ከሰዓት በኋላ ዘገዩ።,Sarcasm/Irony,5
6703,ሰላም ስራ አስኪያጁ፣ በሚቀጥለው አመት እንዴት ነህ?,Phatic,7
6704,ጎበዝ! በጣም ጥሩ ስራ ሰራህ ጓደኛዬ፣ ስጦታውን አበላሸኸው።,Sarcasm/Irony,5
6705,አስተማሪዋ፣ እንደምን አደርክ ከሶስት ሰዓት በኋላ?,Phatic,7
6707,እባክዎ ስልኩን ለአስተማሪዋ ዛሬ ይላኩልኝ።,Request,0
6708,ማዕከሉ ስለ መልእክቱ ማስጠንቀቂያ በሚቀጥለው ወር አውጥቷል።,Warning,4
6709,እንዴት ጎበዝ ነህ አስተማሪዋ፣ ደረሰኙን ሰብረኸዋል!,Sarcasm/Irony,5
6710,ደህና ነገ ከሰዓት በኋላ ይሁንልህ ሹፌሩ።,Phatic,7
6711,የገንዘቡ ችግር ከምሽቱ ጀምሮ ከመምህሩ ጋር እፈታለሁ።,Promise,8
6712,እንኳን ደስ አለህ ሚኒስትሩ፣ ስለ ሂሳቡ እንደገና ተሳስተሃል።,Sarcasm/Irony,5
6713,ጠበቃው ወደ ባንክ በሚቀጥለው አመት ሄደዋል።,Assertion,1
6714,እባክህ ለምርቱ ይህን ዘዴ ከአንድ ሰዓት በኋላ ተጠቀም።,Suggestion,3
6715,መጽሐፉ ገና ወደ ፖሊስ ጣቢያ ከሁለት ቀናት በኋላ አልደረሰኝም።,Complaint,6
6716,እባክዎ ትዕዛዙን ለጋዜጠኛው በሚቀጥለው አመት ይላኩልኝ።,Request,0
6717,አመሰግናለሁ መምህሩ፣ ደህና ዋል በአውሮፕላን ማረፊያ።,Phatic,7
6718,ሹፌሩ ወደ ከተማው ውስጥ በሚቀጥለው አመት ሄደዋል።,Assertion,1
6719,እባክዎ መሳሪያውን ለሚኒስትሩ ከዛሬ ጀምሮ ይላኩልኝ።,Request,0
6720,ድርጅቱ ስለ ገንዘቡ ማስጠንቀቂያ በሚቀጥለው ወር አውጥቷል።,Warning,4
6721,በጣም ብልህ ነህ አለቃዬ፣ ዕቃውን ረሳኸው።,Sarcasm/Irony,5
6722,የልብሱ ወጪውን በፖሊስ ጣቢያ ብንቀንስ የተሻለ ነው።,Suggestion,3
6723,ጓደኛዬ ወደ ስብሰባ ክፍል ነገ ከሰዓት በኋላ ሄደዋል።,Assertion,1
6724,ከሚኒስትሩ ጋር ስለ ፋይሉ ጉዳይ መስማማት አልችልም።,Refusal,2
6725,እባክህ ለመልእክቱ ይህን ዘዴ በዚህ ሳምንት ተጠቀም።,Suggestion,3
6726,ጋዜጠኛው ወደ ሱቅ በሚቀጥለው አመት ሄደዋል።,Assertion,1
6727,ሰላም ነጋዴው፣ ነገ እንዴት ነህ?,Phatic,7
6728,ማዕከሉ ስለ መልእክቱ ማስጠንቀቂያ በሚቀጥለው አመት አውጥቷል።,Warning,4
6729,እንዴት ደስ ይላል፣ ዶክተሩ እንደገና ከሁለት ቀናት በኋላ ዘገዩ።,Sarcasm/Irony,5
6731,ካርታው ገና ወደ ፋብሪካ ነገ ከሰዓት በኋላ አልደረሰኝም።,Complaint,6
6732,መኪናው ገና ወደ ገበያ ነገ ከሰዓት በኋላ አልደረሰኝም።,Complaint,6
6734,ጤና ይስጥልኝ ሹፌሩ፣ በዚህ ወር ደህና ነህ?,Phatic,7
6735,እባክዎ ቦርሳውን ለሹፌሩ ከሁለት ቀናት በኋላ ይላኩልኝ።,Request,0
6736,የሰነዱ ችግር በስብሰባው ወቅት ከባልደረባዬ ጋር እፈታለሁ።,Promise,8
6738,ነጋዴው ወደ ቢሮ ነገ ከሰዓት በኋላ ሄደዋል።,Assertion,1
6739,ስለ ስጦታው ከባልደረባዬ ጋር ማሰብ ይኖርብናል።,Suggestion,3
6740,የደብዳቤው ወጪውን በባንክ ብንቀንስ የተሻለ ነው።,Suggestion,3
6741,ደህና እደር አስተማሪዋ፣ ከምሽቱ ጀምሮ እንገናኝ።,Phatic,7
6742,እባክዎ መጽሐፉን ለጠበቃው ዛሬ ይላኩልኝ።,Request,0
6743,እንዴት ደስ ይላል፣ አለቃዬ እንደገና ከአንድ ሰዓት በኋላ ዘገዩ።,Sarcasm/Irony,5
6744,ባልደረባዬ ወደ ቤት በዚህ ሳምንት ሄደዋል።,Assertion,1
6746,በጣም ብልህ ነህ ደንበኛው፣ ቁልፉን ረሳኸው።,Sarcasm/Irony,5
6747,የሪፖርቱ ገመድ በፍርድ ቤት አደገኛ ነው ተጠንቀቁ።,Warning,4
6749,የመጽሐፉ ችግር ከሶስት ሰዓት በኋላ ከዶክተሩ ጋር እፈታለሁ።,Promise,8
6750,ጤና ይስጥልኝ ፖሊሱ፣ ከሰዓት በኋላ ደህና ነህ?,Phatic,7
6755,እባክዎ ይቅርታ፣ ማሽኑን ከሶስት ሰዓት በኋላ ማቅረብ አልችልም።,Refusal,2
6757,የዕቃው ችግር ነገ ጠዋት ከመምህሩ ጋር እፈታለሁ።,Promise,8
6758,በጣም ደግ ነህ ሚኒስትሩ፣ በአውሮፕላን ማረፊያ ምንም እርዳታ አልሰጠኸኝም።,Sarcasm/Irony,5
6760,ከደንበኛው ጋር ስለ ምርቱ ጉዳይ መስማማት አልችልም።,Refusal,2
6763,እንኳን ደስ አለህ ነጋዴው፣ ስለ ደብዳቤው እንደገና ተሳስተሃል።,Sarcasm/Irony,5
6765,ዶክተሩ ወደ ቤት በዚህ አመት ሄደዋል።,Assertion,1
6766,ማህበሩ ስለ ማሽኑ ማስጠንቀቂያ ከሰዓት በኋላ አውጥቷል።,Warning,4
6767,ጎበዝ! በጣም ጥሩ ስራ ሰራህ አስተማሪዋ፣ ትዕዛዙን አበላሸኸው።,Sarcasm/Irony,5
6768,በጣም ደግ ነህ ሚኒስትሩ፣ በመንገድ ላይ ምንም እርዳታ አልሰጠኸኝም።,Sarcasm/Irony,5
6769,እባክዎ ፋይሉን ለደንበኛው ከሁለት ቀናት በኋላ ይላኩልኝ።,Request,0
6770,ከፖሊሱ ጋር ስለ ደረሰኙ ጉዳይ መስማማት አልችልም።,Refusal,2
6771,ሰላም መሐንዲሱ፣ ከሰዓት በኋላ እንዴት ነህ?,Phatic,7
6772,ጎበዝ ስራ ሚኒስትሩ፣ ቤቱ ሙሉ በሙሉ ፈርሷል።,Sarcasm/Irony,5
6774,ደህና በሚቀጥለው ወር ይሁንልህ ሹፌሩ።,Phatic,7
6780,መሐንዲሱ ወደ ሱቅ በዚህ ሳምንት ሄደዋል።,Assertion,1
6782,መንግስት ስለ ፋይሉ ማስጠንቀቂያ በሚቀጥለው አመት አውጥቷል።,Warning,4
6784,ባንኩ ስለ ቦርሳው ማስጠንቀቂያ ዛሬ ማታ አውጥቷል።,Warning,4
6786,እባክዎ ቦርሳውን ለአስተማሪዋ በዚህ ወር ይላኩልኝ።,Request,0
6787,እንኳን ደስ አለህ አለቃዬ ከምሽቱ ጀምሮ።,Phatic,7
6789,ደህና ሁን ፖሊሱ፣ እስከ በዚህ አመት እንገናኝ።,Phatic,7
6790,ስጦታው ገና ወደ ትምህርት ቤት ከሰዓት በኋላ አልደረሰኝም።,Complaint,6
6792,እባክዎ ይቅርታ፣ ገንዘቡን ነገ ማቅረብ አልችልም።,Refusal,2
6794,እባክዎ ይቅርታ፣ ቁልፉን በሚቀጥለው ወር ማቅረብ አልችልም።,Refusal,2
6796,እባክዎ ውሉን ለአለቃዬ ከዛሬ ጀምሮ ይላኩልኝ።,Request,0
6797,ኩባንያው ስለ መስኮቱ ማስጠንቀቂያ በዚህ አመት አውጥቷል።,Warning,4
6799,ቢያንስ አንዴ ቡናውን በከተማው ውስጥ እንሞክር።,Suggestion,3
6800,ባልደረባዬ፣ እንደምን አደርክ በሚቀጥለው ሳምንት?,Phatic,7
6801,እባክዎ ይቅርታ፣ ምርቱን ከሶስት ሰዓት በኋላ ማቅረብ አልችልም።,Refusal,2
6802,ስቱዲዮው ስለ መስኮቱ ማስጠንቀቂያ ነገ አውጥቷል።,Warning,4
6805,በሱቅ ነገ ጠዋት ወንጀል ሊፈጸም ይችላል ተጠንቀቁ።,Warning,4
6806,ስቱዲዮው ስለ ደብዳቤው ማስጠንቀቂያ ከሶስት ሰዓት በኋላ አውጥቷል።,Warning,4
6807,ፋብሪካው በዚህ አመት አዲስ ሰራተኞችን ቀጥሯል።,Assertion,1
6808,በጣም ደግ ነህ ደንበኛው፣ በሆስፒታል ምንም እርዳታ አልሰጠኸኝም።,Sarcasm/Irony,5
6809,እባክዎ ስጦታውን ለጠበቃው በዚህ ወር ይላኩልኝ።,Request,0
6813,የፕሮጀክቱ ችግር ከዛሬ ጀምሮ ከአለቃዬ ጋር እፈታለሁ።,Promise,8
6814,ይቅርታ፣ ቤቱን ዛሬ ማድረግ አልችልም።,Refusal,2
6817,የልብሱ ችግር ከዛሬ ጀምሮ ከፖሊሱ ጋር እፈታለሁ።,Promise,8
6818,መምህሩ ወደ ስብሰባ ክፍል ከጥቂት ደቂቃዎች በኋላ ሄደዋል።,Assertion,1
6820,ኮምፒዩተሩ ገና ወደ ባንክ ከሁለት ቀናት በኋላ አልደረሰኝም።,Complaint,6
6823,ከመምህሩ ጋር ስለ ኮምፒዩተሩ ጉዳይ መስማማት አልችልም።,Refusal,2
6824,ገንዘቡ ገና ወደ ፍርድ ቤት ከምሽቱ ጀምሮ አልደረሰኝም።,Complaint,6
6825,ስለ ቦርሳው ጉዳይ ከሚኒስትሩ ጋር እንወያይ።,Suggestion,3
6826,እንኳን ደስ አለህ መምህሩ፣ ስለ ጥያቄው እንደገና ተሳስተሃል።,Sarcasm/Irony,5
6828,እባክህ ለሰነዱ ይህን ዘዴ ከምሽቱ ጀምሮ ተጠቀም።,Suggestion,3
6830,በገበያ በዚህ አመት ወንጀል ሊፈጸም ይችላል ተጠንቀቁ።,Warning,4
6831,እባክዎ ደብዳቤውን ለነጋዴው በዚህ አመት ይላኩልኝ።,Request,0
6832,ቁልፉ ገና ወደ ፍርድ ቤት ከሰዓት በኋላ አልደረሰኝም።,Complaint,6
6837,የማሽኑ ችግር ዛሬ ማታ ከስራ አስኪያጁ ጋር እፈታለሁ።,Promise,8
6839,የማህበሩ ጥያቄ አልቀበልም።,Refusal,2
6840,እባክዎ ይቅርታ፣ ቁልፉን ነገ ጠዋት ማቅረብ አልችልም።,Refusal,2
6842,ሚኒስቴሩ ስለ በሩ ማስጠንቀቂያ ነገ ጠዋት አውጥቷል።,Warning,4
6843,የስጦታው ችግር ከምሽቱ ጀምሮ ከዶክተሩ ጋር እፈታለሁ።,Promise,8
6844,የመኪናው ችግር ነገ ከጓደኛዬ ጋር እፈታለሁ።,Promise,8
6845,ድርጅቱ ስለ ጥያቄው ማስጠንቀቂያ በዚህ ወር አውጥቷል።,Warning,4
6846,ቤት ነገ ተከፍቷል።,Assertion,1
6847,በዚህ ሳምንት ወደ ፖሊስ ጣቢያ እመጣለሁ።,Promise,8
6849,ጎበዝ! በጣም ጥሩ ስራ ሰራህ ጠበቃው፣ ውሃውን አበላሸኸው።,Sarcasm/Irony,5
6850,ከደንበኛው ጋር ስለ ውሉ ጉዳይ መስማማት አልችልም።,Refusal,2
6851,እንዴት ጎበዝ ነህ ዶክተሩ፣ በሩን ሰብረኸዋል!,Sarcasm/Irony,5
6852,በጣም ብልህ ነህ ስራ አስኪያጁ፣ ስልኩን ረሳኸው።,Sarcasm/Irony,5
6854,ማዕከሉ ስለ ውሃው ማስጠንቀቂያ ከአንድ ሰዓት በኋላ አውጥቷል።,Warning,4
6857,ጎበዝ ስራ ጓደኛዬ፣ መስኮቱ ሙሉ በሙሉ ፈርሷል።,Sarcasm/Irony,5
6858,ጤና ይስጥልኝ መምህሩ፣ ከሁለት ቀናት በኋላ ደህና ነህ?,Phatic,7
6860,ከስራ አስኪያጁ ጋር ስለ ኮምፒዩተሩ ጉዳይ መስማማት አልችልም።,Refusal,2
6863,እባክዎ ኮምፒዩተሩን ለዶክተሩ ከሁለት ቀናት በኋላ ይላኩልኝ።,Request,0
6865,እባክዎ ይቅርታ፣ ፕሮጀክቱን ዛሬ ማቅረብ አልችልም።,Refusal,2
6866,ይቅርታ፣ ፕሮጀክቱን ነገ ማድረግ አልችልም።,Refusal,2
6867,አስተማሪዋ ወደ መንገድ ላይ በሳምንቱ መጨረሻ ሄደዋል።,Assertion,1
6872,የማሽኑ ችግር ዛሬ ከአስተማሪዋ ጋር እፈታለሁ።,Promise,8
6873,ስለ ፕሮጀክቱ ከመሐንዲሱ ጋር ማሰብ ይኖርብናል።,Suggestion,3
6874,ፋይሉን ከሰዓት በኋላ ብንሞክር ጥሩ ይሆናል።,Suggestion,3
6876,እንዴት ደስ ይላል፣ መምህሩ እንደገና ከሶስት ሰዓት በኋላ ዘገዩ።,Sarcasm/Irony,5
6877,እንኳን ደስ አለህ ደንበኛው በሚቀጥለው ሳምንት።,Phatic,7
6879,እሰይ፣ ሌላ ችግር በቢሮ በሚቀጥለው ወር፣ ልክ የሚያስፈልገን ይሄው ነበር።,Sarcasm/Irony,5
6880,መምህሩ ወደ አውሮፕላን ማረፊያ ከአንድ ሰዓት በኋላ ሄደዋል።,Assertion,1
6881,ስልኩ ገና ወደ ፋብሪካ በሚቀጥለው ወር አልደረሰኝም።,Complaint,6
6882,ከአንድ ሰዓት በኋላ በመጋዘን ስብሰባ እናድርግ።,Suggestion,3
6883,ውሃው ገና ወደ ሱቅ ከሰዓት በኋላ አልደረሰኝም።,Complaint,6
6884,ድርጅቱ ስለ ቦርሳው ማስጠንቀቂያ በሚቀጥለው አመት አውጥቷል።,Warning,4
6886,ሹፌሩ ወደ ቤት በዚህ ወር ሄደዋል።,Assertion,1
6887,ይቅርታ፣ ምርቱን በዚህ አመት ማድረግ አልችልም።,Refusal,2
6888,ማዕከሉ ስለ ቁልፉ ማስጠንቀቂያ ነገ ከሰዓት በኋላ አውጥቷል።,Warning,4
6889,የሰነዱ ችግር ከዛሬ ጀምሮ ከባልደረባዬ ጋር እፈታለሁ።,Promise,8
6890,ስለ ቁልፉ ከስራ አስኪያጁ ጋር ማሰብ ይኖርብናል።,Suggestion,3
6891,ይቅርታ፣ ሪፖርቱን ነገ ማድረግ አልችልም።,Refusal,2
6892,አመሰግናለሁ ሹፌሩ፣ ደህና ዋል በፋብሪካ።,Phatic,7
6893,ከሹፌሩ ጋር ስለ መጽሐፉ ጉዳይ መስማማት አልችልም።,Refusal,2
6894,የመልእክቱ ችግር በሚቀጥለው ወር ከመሐንዲሱ ጋር እፈታለሁ።,Promise,8
6896,የኮምፒዩተሩ ችግር ከአንድ ሰዓት በኋላ ከጓደኛዬ ጋር እፈታለሁ።,Promise,8
6897,ዕቃው ገና ወደ ፖሊስ ጣቢያ ነገ አልደረሰኝም።,Complaint,6
6898,ውሉ ገና ወደ ፍርድ ቤት ዛሬ ማታ አልደረሰኝም።,Complaint,6
6899,ደህና ከአንድ ሰዓት በኋላ ይሁንልህ ሹፌሩ።,Phatic,7
6900,የውሉ ችግር ከሁለት ቀናት በኋላ ከአለቃዬ ጋር እፈታለሁ።,Promise,8
6901,ዶክተሩ ወደ ፖሊስ ጣቢያ ከምሽቱ ጀምሮ ሄደዋል።,Assertion,1
6902,እባክዎ ልብሱን ለመምህሩ በስብሰባው ወቅት ይላኩልኝ።,Request,0
6905,አለቃዬ ወደ ስብሰባ ክፍል ከጥቂት ደቂቃዎች በኋላ ሄደዋል።,Assertion,1
6906,እባክዎ ይቅርታ፣ ፕሮጀክቱን በሚቀጥለው አመት ማቅረብ አልችልም።,Refusal,2
6907,ማህበሩ ስለ በሩ ማስጠንቀቂያ ከጥቂት ደቂቃዎች በኋላ አውጥቷል።,Warning,4
6908,እንዴት ጎበዝ ነህ ነጋዴው፣ በሩን ሰብረኸዋል!,Sarcasm/Irony,5
6909,ሪፖርቱን ለፖሊሱ ከምሽቱ ጀምሮ አቀርባለሁ።,Promise,8
6910,እባክዎ ኮምፒዩተሩን ለሹፌሩ በዚህ ወር ይላኩልኝ።,Request,0
6911,ስለ መጽሐፉ ከዶክተሩ ጋር ማሰብ ይኖርብናል።,Suggestion,3
6912,ዕቃው ገና ወደ ቤት ነገ ከሰዓት በኋላ አልደረሰኝም።,Complaint,6
6913,አዎ በርግጥ፣ የኩባንያው እቅድ በነገ ከሰዓት በኋላ በጭራሽ አይከሽፍም።,Sarcasm/Irony,5
6914,እንኳን ደስ አለህ ፖሊሱ፣ ስለ ውሉ እንደገና ተሳስተሃል።,Sarcasm/Irony,5
6915,ባልደረባዬ ወደ ገበያ ከምሽቱ ጀምሮ ሄደዋል።,Assertion,1
6916,ዶክተሩ፣ ጤና ይስጥልኝ በቢሮ።,Phatic,7
6917,በጣም ብልህ ነህ ደንበኛው፣ ትዕዛዙን ረሳኸው።,Sarcasm/Irony,5
6918,ይቅርታ፣ ደረሰኙን ከአንድ ሰዓት በኋላ ማድረግ አልችልም።,Refusal,2
6919,ጠበቃው ወደ ስብሰባ ክፍል ከሰዓት በኋላ ሄደዋል።,Assertion,1
6920,ይህን መሳሪያውን ከሚኒስትሩ መቀበል አልችልም።,Refusal,2
6922,ስለ ገንዘቡ ከጠበቃው ጋር ማሰብ ይኖርብናል።,Suggestion,3
6923,ጤና ይስጥልኝ ጋዜጠኛው፣ በሚቀጥለው ወር ደህና ነህ?,Phatic,7
6924,እባክዎ ይቅርታ፣ ቦርሳውን በዚህ ሳምንት ማቅረብ አልችልም።,Refusal,2
6926,እባክዎ ማሽኑን ለፖሊሱ ነገ ይላኩልኝ።,Request,0
6927,እባክዎ ደረሰኙን ለሹፌሩ በዚህ አመት ይላኩልኝ።,Request,0
6928,ልብሱ ገና ወደ ገበያ ዛሬ አልደረሰኝም።,Complaint,6
6929,እባክህ ለኮምፒዩተሩ ይህን ዘዴ ዛሬ ማታ ተጠቀም።,Suggestion,3
6930,ጥያቄውን በጥንቃቄ ለጓደኛዬ እይዛለሁ።,Promise,8
6931,ፋብሪካው ስለ ምርቱ ማስጠንቀቂያ ከአንድ ሰዓት በኋላ አውጥቷል።,Warning,4
6932,ሚኒስቴሩ ስለ ደብዳቤው ማስጠንቀቂያ ከአንድ ሰዓት በኋላ አውጥቷል።,Warning,4
6934,የደረሰኙ ችግር ዛሬ ከደንበኛው ጋር እፈታለሁ።,Promise,8
6935,ስለ ደረሰኙ ከመሐንዲሱ ጋር ማሰብ ይኖርብናል።,Suggestion,3
6937,ደህና እደር ጠበቃው፣ በዚህ አመት እንገናኝ።,Phatic,7
6939,እባክዎ ማሽኑን ለጋዜጠኛው ከምሽቱ ጀምሮ ይላኩልኝ።,Request,0
6941,ቁልፉ ገና ወደ ሆስፒታል በስብሰባው ወቅት አልደረሰኝም።,Complaint,6
6943,እባክዎ ውሉን ለደንበኛው ከአንድ ሰዓት በኋላ ይላኩልኝ።,Request,0
6944,የሰነዱ ወጪውን በቢሮ ብንቀንስ የተሻለ ነው።,Suggestion,3
6945,እባክዎ ምርቱን ለአስተማሪዋ በስብሰባው ወቅት ይላኩልኝ።,Request,0
6947,እባክዎ ገንዘቡን ለባልደረባዬ በሚቀጥለው አመት ይላኩልኝ።,Request,0
6948,የትዕዛዙ ችግር ከምሽቱ ጀምሮ ከዶክተሩ ጋር እፈታለሁ።,Promise,8
6949,ነገ ከሰዓት በኋላ በገበያ ስብሰባ እናድርግ።,Suggestion,3
6950,እንኳን ደስ አለህ ደንበኛው፣ ስለ መጽሐፉ እንደገና ተሳስተሃል።,Sarcasm/Irony,5
6951,ደህና ነገ ከሰዓት በኋላ ይሁንልህ ጠበቃው።,Phatic,7
6952,ይህን ቤቱን ከጓደኛዬ መቀበል አልችልም።,Refusal,2
6953,ሚኒስትሩ፣ ጤና ይስጥልኝ በቢሮ።,Phatic,7
6956,መኪናው ገና ወደ ፋብሪካ በዚህ ወር አልደረሰኝም።,Complaint,6
6959,ሰላም አስተማሪዋ፣ ነገ ጠዋት እንዴት ነህ?,Phatic,7
6960,ይህን ልብሱን ከመሐንዲሱ መቀበል አልችልም።,Refusal,2
6961,እባክዎ ቤቱን ለሹፌሩ ዛሬ ይላኩልኝ።,Request,0
6962,በሚቀጥለው ሳምንት ወደ መጋዘን እመጣለሁ።,Promise,8
6963,እባክዎ ይቅርታ፣ ቡናውን በዚህ አመት ማቅረብ አልችልም።,Refusal,2
6964,ድርጅቱ ስለ ፕሮጀክቱ ማስጠንቀቂያ በስብሰባው ወቅት አውጥቷል።,Warning,4
6965,በጣም ብልህ ነህ ባልደረባዬ፣ መኪናውን ረሳኸው።,Sarcasm/Irony,5
6966,እንኳን ደስ አለህ ነጋዴው፣ ስለ ቦርሳው እንደገና ተሳስተሃል።,Sarcasm/Irony,5
6967,እባክዎ ሂሳቡን ለጋዜጠኛው በሚቀጥለው አመት ይላኩልኝ።,Request,0
6968,ሹፌሩ፣ ጤና ይስጥልኝ በፍርድ ቤት።,Phatic,7
6969,የገንዘቡ ችግር በሳምንቱ መጨረሻ ከመሐንዲሱ ጋር እፈታለሁ።,Promise,8
6970,ማዕከሉ ስለ መልእክቱ ማስጠንቀቂያ ዛሬ ማታ አውጥቷል።,Warning,4
6971,ይህን ልብሱን ከጓደኛዬ መቀበል አልችልም።,Refusal,2
6972,ስለ ቡናው ጉዳይ ከደንበኛው ጋር እንወያይ።,Suggestion,3
6974,የደብዳቤው ችግር ነገ ጠዋት ከአስተማሪዋ ጋር እፈታለሁ።,Promise,8
6975,የፋይሉ ችግር ከሁለት ቀናት በኋላ ከሚኒስትሩ ጋር እፈታለሁ።,Promise,8
6977,እባክዎ ፕሮጀክቱን ለጋዜጠኛው ከምሽቱ ጀምሮ ይላኩልኝ።,Request,0
6978,ሰላም ዶክተሩ፣ በዚህ ወር እንዴት ነህ?,Phatic,7
6979,ጓደኛዬ፣ እንደምን አደርክ በዚህ ሳምንት?,Phatic,7
6982,እንኳን ደስ አለህ ጠበቃው፣ ስለ መጽሐፉ እንደገና ተሳስተሃል።,Sarcasm/Irony,5
6983,የትዕዛዙ ችግር ከጥቂት ደቂቃዎች በኋላ ከነጋዴው ጋር እፈታለሁ።,Promise,8
6985,ማዕከሉ ስለ ትዕዛዙ ማስጠንቀቂያ ነገ አውጥቷል።,Warning,4
6986,የካርታው ችግር ከአንድ ሰዓት በኋላ ከመሐንዲሱ ጋር እፈታለሁ።,Promise,8
6987,የመጽሐፉ ችግር ከሰዓት በኋላ ከነጋዴው ጋር እፈታለሁ።,Promise,8
6991,አመሰግናለሁ ነጋዴው፣ ደህና ዋል በቤት።,Phatic,7
6992,ቁልፉ ገና ወደ ሆስፒታል በሚቀጥለው ወር አልደረሰኝም።,Complaint,6
6994,እባክዎ ይቅርታ፣ ጥያቄውን በዚህ ወር ማቅረብ አልችልም።,Refusal,2
6996,ኮምፒዩተሩ ገና ወደ መንገድ ላይ ነገ አልደረሰኝም።,Complaint,6
6997,እባክዎ ይቅርታ፣ ኮምፒዩተሩን ከሁለት ቀናት በኋላ ማቅረብ አልችልም።,Refusal,2
6998,እባክዎ ኮምፒዩተሩን ለመሐንዲሱ ነገ ጠዋት ይላኩልኝ።,Request,0
6999,እባክዎ መሳሪያውን ለመምህሩ ከዛሬ ጀምሮ ይላኩልኝ።,Request,0
7001,እባክዎ ይቅርታ፣ ጥያቄውን በዚህ ሳምንት ማቅረብ አልችልም።,Refusal,2
7002,ኤጀንሲው ስለ መስኮቱ ማስጠንቀቂያ ነገ ጠዋት አውጥቷል።,Warning,4
7003,የጥያቄው ዋጋውን ከሶስት ሰዓት በኋላ ብንቀንስ ደንበኞች ይጨምራሉ።,Suggestion,3
7004,ባንኩ ስለ ትዕዛዙ ማስጠንቀቂያ ከዛሬ ጀምሮ አውጥቷል።,Warning,4
7005,እባክዎ ማሽኑን ለመሐንዲሱ በዚህ አመት ይላኩልኝ።,Request,0
7007,ይቅርታ፣ ውሉን ነገ ከሰዓት በኋላ ማድረግ አልችልም።,Refusal,2
7008,መሳሪያው ገና ወደ ትምህርት ቤት በዚህ አመት አልደረሰኝም።,Complaint,6
7009,እባክዎ መልእክቱን ለአለቃዬ ከሶስት ሰዓት በኋላ ይላኩልኝ።,Request,0
7011,የደረሰኙ ችግር ከዛሬ ጀምሮ ከጓደኛዬ ጋር እፈታለሁ።,Promise,8
7012,የመሳሪያው ችግር በሚቀጥለው ሳምንት ከመሐንዲሱ ጋር እፈታለሁ።,Promise,8
7013,እንኳን ደስ አለህ መምህሩ፣ ስለ ዕቃው እንደገና ተሳስተሃል።,Sarcasm/Irony,5
7015,እባክዎ ልብሱን ለመሐንዲሱ ነገ ጠዋት ይላኩልኝ።,Request,0
7016,መስኮቱ ገና ወደ ሆስፒታል ከሰዓት በኋላ አልደረሰኝም።,Complaint,6
7017,ካርታው ገና ወደ ስብሰባ ክፍል በስብሰባው ወቅት አልደረሰኝም።,Complaint,6
7018,እባክህ ለበሩ ይህን ዘዴ በዚህ አመት ተጠቀም።,Suggestion,3
7020,ቢያንስ አንዴ ምርቱን በአውሮፕላን ማረፊያ እንሞክር።,Suggestion,3
7024,ማህበሩ ስለ ስጦታው ማስጠንቀቂያ በዚህ ወር አውጥቷል።,Warning,4
7025,የመሳሪያው ችግር በሚቀጥለው ሳምንት ከሚኒስትሩ ጋር እፈታለሁ።,Promise,8
7026,ፋብሪካው ስለ ዕቃው ማስጠንቀቂያ በሚቀጥለው ወር አውጥቷል።,Warning,4
7028,ሚኒስቴሩ ስለ ሰነዱ ማስጠንቀቂያ በዚህ አመት አውጥቷል።,Warning,4
7030,እባክህ ለዕቃው ይህን ዘዴ ከሰዓት በኋላ ተጠቀም።,Suggestion,3
7031,እባክዎ ይቅርታ፣ መስኮቱን ነገ ከሰዓት በኋላ ማቅረብ አልችልም።,Refusal,2
7032,ፖሊሱ፣ እንደምን አደርክ ከጥቂት ደቂቃዎች በኋላ?,Phatic,7
7035,በጣም ብልህ ነህ ሹፌሩ፣ መጽሐፉን ረሳኸው።,Sarcasm/Irony,5
7036,የሂሳቡ ገመድ በፋብሪካ አደገኛ ነው ተጠንቀቁ።,Warning,4
7039,የመሳሪያው ችግር ዛሬ ከጠበቃው ጋር እፈታለሁ።,Promise,8
7041,ይቅርታ፣ ስልኩን ነገ ማድረግ አልችልም።,Refusal,2
7043,የውሉ ችግር በሚቀጥለው አመት ከአስተማሪዋ ጋር እፈታለሁ።,Promise,8
7044,ኤጀንሲው ስለ ውሉ ማስጠንቀቂያ ከሁለት ቀናት በኋላ አውጥቷል።,Warning,4
7045,እንዴት ጎበዝ ነህ ሹፌሩ፣ ስልኩን ሰብረኸዋል!,Sarcasm/Irony,5
7046,ከነጋዴው ጋር ስለ መልእክቱ ጉዳይ መስማማት አልችልም።,Refusal,2
7047,እባክዎ ዕቃውን ለአስተማሪዋ ከሶስት ሰዓት በኋላ ይላኩልኝ።,Request,0
7048,ጥንቃቄ ያድርጉ፣ ከአንድ ሰዓት በኋላ ቤት ይንሸራተታል።,Warning,4
7050,እንኳን ደስ አለህ አስተማሪዋ፣ ስለ ውሃው እንደገና ተሳስተሃል።,Sarcasm/Irony,5
7051,እባክዎ ዕቃውን ለሹፌሩ ከሰዓት በኋላ ይላኩልኝ።,Request,0
7053,ጓደኛዬ ወደ መጋዘን ነገ ከሰዓት በኋላ ሄደዋል።,Assertion,1
7054,የቤቱ ችግር ከሁለት ቀናት በኋላ ከጓደኛዬ ጋር እፈታለሁ።,Promise,8
7056,ጓደኛዬ ወደ ቢሮ ከምሽቱ ጀምሮ ሄደዋል።,Assertion,1
7057,እባክዎ ኮምፒዩተሩን ለጠበቃው ከምሽቱ ጀምሮ ይላኩልኝ።,Request,0
7058,ስለ ጥያቄው ጉዳይ ከሹፌሩ ጋር እንወያይ።,Suggestion,3
7059,ይቅርታ፣ ሪፖርቱን ከሁለት ቀናት በኋላ ማድረግ አልችልም።,Refusal,2
7061,ሚኒስትሩ፣ ጤና ይስጥልኝ በመንገድ ላይ።,Phatic,7
7062,እባክዎ ማሽኑን ለአለቃዬ ዛሬ ይላኩልኝ።,Request,0
7064,እንዴት ጎበዝ ነህ አለቃዬ፣ ዕቃውን ሰብረኸዋል!,Sarcasm/Irony,5
7065,ነገ ከሰዓት በኋላ በቤት ስብሰባ እናድርግ።,Suggestion,3
7069,ደህና በሚቀጥለው አመት ይሁንልህ መሐንዲሱ።,Phatic,7
7070,መኪናው ገና ወደ ፖሊስ ጣቢያ ነገ ጠዋት አልደረሰኝም።,Complaint,6
7072,ፕሮጀክቱ ገና ወደ ባንክ በዚህ ወር አልደረሰኝም።,Complaint,6
7073,አመሰግናለሁ ነጋዴው፣ ደህና ዋል በሱቅ።,Phatic,7
7074,ሪፖርቱ ገና ወደ መጋዘን ዛሬ ማታ አልደረሰኝም።,Complaint,6
7075,ማዕከሉ ስለ ደብዳቤው ማስጠንቀቂያ በሚቀጥለው አመት አውጥቷል።,Warning,4
7076,ከሁለት ቀናት በኋላ ወደ ፋብሪካ እመጣለሁ።,Promise,8
7077,ይህን ቁልፉን ከነጋዴው መቀበል አልችልም።,Refusal,2
7078,እባክዎ ውሃውን ለአስተማሪዋ ከሶስት ሰዓት በኋላ ይላኩልኝ።,Request,0
7079,ምርቱ ገና ወደ ቢሮ ነገ ጠዋት አልደረሰኝም።,Complaint,6
7080,ይህን ሰነዱን ከአስተማሪዋ መቀበል አልችልም።,Refusal,2
7081,ሰነዱ ገና ወደ ፍርድ ቤት በሚቀጥለው አመት አልደረሰኝም።,Complaint,6
7082,እንኳን ደስ አለህ ደንበኛው፣ ስለ ገንዘቡ እንደገና ተሳስተሃል።,Sarcasm/Irony,5
7083,የሪፖርቱ ችግር በሳምንቱ መጨረሻ ከአስተማሪዋ ጋር እፈታለሁ።,Promise,8
7087,ጠበቃው ወደ ቤት ከሶስት ሰዓት በኋላ ሄደዋል።,Assertion,1
7088,ኮምፒዩተሩ ገና ወደ ገበያ ዛሬ ማታ አልደረሰኝም።,Complaint,6
7089,በጣም ብልህ ነህ ነጋዴው፣ መስኮቱን ረሳኸው።,Sarcasm/Irony,5
7093,ጥያቄው ገና ወደ ገበያ ከዛሬ ጀምሮ አልደረሰኝም።,Complaint,6
7096,እባክዎ ሪፖርቱን ለዶክተሩ በሳምንቱ መጨረሻ ይላኩልኝ።,Request,0
7097,የሂሳቡ ችግር ከሰዓት በኋላ ከሹፌሩ ጋር እፈታለሁ።,Promise,8
7099,ጎበዝ! በጣም ጥሩ ስራ ሰራህ ፖሊሱ፣ በሩን አበላሸኸው።,Sarcasm/Irony,5
7102,በጣም ደግ ነህ ጋዜጠኛው፣ በባንክ ምንም እርዳታ አልሰጠኸኝም።,Sarcasm/Irony,5
7104,የደረሰኙ ገመድ በስብሰባ ክፍል አደገኛ ነው ተጠንቀቁ።,Warning,4
7105,ሹፌሩ ወደ አውሮፕላን ማረፊያ በስብሰባው ወቅት ሄደዋል።,Assertion,1
7107,የሂሳቡ ችግር ነገ ጠዋት ከጓደኛዬ ጋር እፈታለሁ።,Promise,8
7108,የማሽኑ ችግር ዛሬ ማታ ከነጋዴው ጋር እፈታለሁ።,Promise,8
7111,እባክዎ መልእክቱን ለመሐንዲሱ በዚህ ሳምንት ይላኩልኝ።,Request,0
7112,ዶክተሩ ወደ ከተማው ውስጥ ዛሬ ሄደዋል።,Assertion,1
7113,ነጋዴው ወደ ፋብሪካ ከዛሬ ጀምሮ ሄደዋል።,Assertion,1
7114,በጣም ብልህ ነህ ደንበኛው፣ ውሃውን ረሳኸው።,Sarcasm/Irony,5
7115,ስቱዲዮው ስለ ምርቱ ማስጠንቀቂያ ነገ አውጥቷል።,Warning,4
7117,ማሽኑ ገና ወደ ስብሰባ ክፍል በሚቀጥለው ሳምንት አልደረሰኝም።,Complaint,6
7119,የኮምፒዩተሩ ችግር ነገ ከሰዓት በኋላ ከጠበቃው ጋር እፈታለሁ።,Promise,8
7120,ውሉ ገና ወደ ፍርድ ቤት በሳምንቱ መጨረሻ አልደረሰኝም።,Complaint,6
7121,ጤና ይስጥልኝ ጠበቃው፣ ከአንድ ሰዓት በኋላ ደህና ነህ?,Phatic,7
7122,የመልእክቱ ችግር በዚህ ሳምንት ከመምህሩ ጋር እፈታለሁ።,Promise,8
7124,አመሰግናለሁ መሐንዲሱ፣ ደህና ዋል በፍርድ ቤት።,Phatic,7
7125,እባክዎ ትዕዛዙን ለባልደረባዬ በዚህ ሳምንት ይላኩልኝ።,Request,0
7126,ነጋዴው ወደ ከተማው ውስጥ ዛሬ ሄደዋል።,Assertion,1
7127,እሰይ፣ ሌላ ችግር በቢሮ በስብሰባው ወቅት፣ ልክ የሚያስፈልገን ይሄው ነበር።,Sarcasm/Irony,5
7128,በሩ ገና ወደ ፍርድ ቤት ከዛሬ ጀምሮ አልደረሰኝም።,Complaint,6
7129,ገንዘቡ ገና ወደ ፋብሪካ በሚቀጥለው ወር አልደረሰኝም።,Complaint,6
7132,ሰነዱ ገና ወደ ባንክ ከአንድ ሰዓት በኋላ አልደረሰኝም።,Complaint,6
7133,የመስኮቱ ችግር በዚህ አመት ከደንበኛው ጋር እፈታለሁ።,Promise,8
7134,እቅዱን ከአንድ ሰዓት በኋላ ከኤጀንሲው ጋር እናሻሽል።,Suggestion,3
7137,ኩባንያው ስለ ልብሱ ማስጠንቀቂያ ነገ ከሰዓት በኋላ አውጥቷል።,Warning,4
7138,ማህበሩ ስለ ገንዘቡ ማስጠንቀቂያ ከሰዓት በኋላ አውጥቷል።,Warning,4
7139,ኩባንያው ስለ ቤቱ ማስጠንቀቂያ ከጥቂት ደቂቃዎች በኋላ አውጥቷል።,Warning,4
7140,ማህበሩ ስለ ደብዳቤው ማስጠንቀቂያ ዛሬ አውጥቷል።,Warning,4
7143,እባክዎ ይቅርታ፣ መጽሐፉን ነገ ማቅረብ አልችልም።,Refusal,2
7145,አስተማሪዋ ወደ ፖሊስ ጣቢያ በሚቀጥለው ወር ሄደዋል።,Assertion,1
7146,ቤቱ ገና ወደ ፖሊስ ጣቢያ ዛሬ ማታ አልደረሰኝም።,Complaint,6
7147,ፋብሪካው ስለ ቦርሳው ማስጠንቀቂያ ነገ ከሰዓት በኋላ አውጥቷል።,Warning,4
7149,ጎበዝ ስራ አስተማሪዋ፣ መልእክቱ ሙሉ በሙሉ ፈርሷል።,Sarcasm/Irony,5
7150,ይህን ገንዘቡን ከአለቃዬ መቀበል አልችልም።,Refusal,2
7151,ዶክተሩ ወደ ፍርድ ቤት ነገ ጠዋት ሄደዋል።,Assertion,1
7152,ስራ አስኪያጁ ወደ ሱቅ ከዛሬ ጀምሮ ሄደዋል።,Assertion,1
7153,አዎ በርግጥ፣ የኩባንያው እቅድ በከሰዓት በኋላ በጭራሽ አይከሽፍም።,Sarcasm/Irony,5
7155,ኮምፒዩተሩ ገና ወደ ከተማው ውስጥ በሚቀጥለው አመት አልደረሰኝም።,Complaint,6
7159,ደንበኛው ወደ ቤት በሳምንቱ መጨረሻ ሄደዋል።,Assertion,1
7160,ደህና በሚቀጥለው አመት ይሁንልህ ባልደረባዬ።,Phatic,7
7162,የልብሱ ችግር ነገ ከሰዓት በኋላ ከመምህሩ ጋር እፈታለሁ።,Promise,8
7164,ፖሊሱ፣ ጤና ይስጥልኝ በገበያ።,Phatic,7
7166,ሰነዱ ገና ወደ ፖሊስ ጣቢያ ከሁለት ቀናት በኋላ አልደረሰኝም።,Complaint,6
7167,የሂሳቡ ችግር በዚህ ወር ከዶክተሩ ጋር እፈታለሁ።,Promise,8
7169,ፋብሪካው ስለ ገንዘቡ ማስጠንቀቂያ በስብሰባው ወቅት አውጥቷል።,Warning,4
7171,ቢያንስ አንዴ መልእክቱን በመንገድ ላይ እንሞክር።,Suggestion,3
7172,ነጋዴው ወደ ፖሊስ ጣቢያ ዛሬ ሄደዋል።,Assertion,1
7173,የውሃው ችግር ነገ ከሰዓት በኋላ ከባልደረባዬ ጋር እፈታለሁ።,Promise,8
7175,እንኳን ደስ አለህ መሐንዲሱ፣ ስለ ዕቃው እንደገና ተሳስተሃል።,Sarcasm/Irony,5
7176,የቦርሳው ችግር በዚህ ወር ከጓደኛዬ ጋር እፈታለሁ።,Promise,8
7177,ጎበዝ ስራ ሹፌሩ፣ ሪፖርቱ ሙሉ በሙሉ ፈርሷል።,Sarcasm/Irony,5
7178,ደህና ዛሬ ይሁንልህ ጓደኛዬ።,Phatic,7
7179,ዶክተሩ፣ እንደምን አደርክ በሳምንቱ መጨረሻ?,Phatic,7
7181,ማሽኑ ገና ወደ ፍርድ ቤት ነገ ጠዋት አልደረሰኝም።,Complaint,6
7182,እባክዎ ቦርሳውን ለፖሊሱ በዚህ አመት ይላኩልኝ።,Request,0
7184,ይህን ቦርሳውን ከጓደኛዬ መቀበል አልችልም።,Refusal,2
7185,እባክዎ ገንዘቡን ለስራ አስኪያጁ ከጥቂት ደቂቃዎች በኋላ ይላኩልኝ።,Request,0
7186,ደረሰኙ ገና ወደ ሱቅ ዛሬ ማታ አልደረሰኝም።,Complaint,6
7187,ፕሮጀክቱ ገና ወደ ከተማው ውስጥ ነገ ጠዋት አልደረሰኝም።,Complaint,6
7190,ስለ ልብሱ ከአለቃዬ ጋር ማሰብ ይኖርብናል።,Suggestion,3
7191,ጎበዝ! በጣም ጥሩ ስራ ሰራህ አለቃዬ፣ ውሉን አበላሸኸው።,Sarcasm/Irony,5
7193,የፕሮጀክቱ ችግር ከሰዓት በኋላ ከመምህሩ ጋር እፈታለሁ።,Promise,8
7194,ቢያንስ አንዴ ካርታውን በገበያ እንሞክር።,Suggestion,3
7195,ኤጀንሲው ስለ ማሽኑ ማስጠንቀቂያ ነገ ጠዋት አውጥቷል።,Warning,4
7197,ደረሰኙ ገና ወደ ገበያ በዚህ ወር አልደረሰኝም።,Complaint,6
7199,በጣም ብልህ ነህ ጠበቃው፣ ፕሮጀክቱን ረሳኸው።,Sarcasm/Irony,5
7201,ሰነዱ ገና ወደ ከተማው ውስጥ ዛሬ ማታ አልደረሰኝም።,Complaint,6
7203,እባክዎ ይቅርታ፣ ስልኩን ከሁለት ቀናት በኋላ ማቅረብ አልችልም።,Refusal,2
7205,እንኳን ደስ አለህ አስተማሪዋ፣ ስለ ካርታው እንደገና ተሳስተሃል።,Sarcasm/Irony,5
7207,የቤቱ ችግር በሳምንቱ መጨረሻ ከሚኒስትሩ ጋር እፈታለሁ።,Promise,8
7208,አዎ በርግጥ፣ የድርጅቱ እቅድ በከምሽቱ ጀምሮ በጭራሽ አይከሽፍም።,Sarcasm/Irony,5
7209,እባክዎ ቤቱን ለደንበኛው ከምሽቱ ጀምሮ ይላኩልኝ።,Request,0
7211,መንግስት ስለ ኮምፒዩተሩ ማስጠንቀቂያ ከጥቂት ደቂቃዎች በኋላ አውጥቷል።,Warning,4
7212,እንኳን ደስ አለህ ነጋዴው በሚቀጥለው ወር።,Phatic,7
7213,እባክዎ ይቅርታ፣ ደረሰኙን ከምሽቱ ጀምሮ ማቅረብ አልችልም።,Refusal,2
7216,ደህና እደር ሹፌሩ፣ ዛሬ ማታ እንገናኝ።,Phatic,7
7222,እባክዎ በሩን ለሹፌሩ ከአንድ ሰዓት በኋላ ይላኩልኝ።,Request,0
7223,ጠበቃው ወደ ፍርድ ቤት ከጥቂት ደቂቃዎች በኋላ ሄደዋል።,Assertion,1
7224,የውሃው ችግር ከጥቂት ደቂቃዎች በኋላ ከጠበቃው ጋር እፈታለሁ።,Promise,8
7225,ኤጀንሲው ስለ ምርቱ ማስጠንቀቂያ ከአንድ ሰዓት በኋላ አውጥቷል።,Warning,4
7226,ይህን ደረሰኙን ከጋዜጠኛው መቀበል አልችልም።,Refusal,2
7228,ሚኒስቴሩ ስለ ፋይሉ ማስጠንቀቂያ ነገ ከሰዓት በኋላ አውጥቷል።,Warning,4
7229,ኤጀንሲው ስለ መኪናው ማስጠንቀቂያ በስብሰባው ወቅት አውጥቷል።,Warning,4
7231,ስለ መልእክቱ ከጓደኛዬ ጋር ማሰብ ይኖርብናል።,Suggestion,3
7232,ይቅርታ፣ ውሉን ዛሬ ማታ ማድረግ አልችልም።,Refusal,2
7234,እባክህ ለሂሳቡ ይህን ዘዴ ነገ ተጠቀም።,Suggestion,3
7235,የውሃው ችግር በሚቀጥለው አመት ከነጋዴው ጋር እፈታለሁ።,Promise,8
7236,ስቱዲዮው ስለ መጽሐፉ ማስጠንቀቂያ በዚህ አመት አውጥቷል።,Warning,4
7237,ከአለቃዬ ጋር ስለ ማሽኑ ጉዳይ መስማማት አልችልም።,Refusal,2
7238,እባክዎ ፋይሉን ለደንበኛው በሚቀጥለው ሳምንት ይላኩልኝ።,Request,0
7239,ኤጀንሲው ስለ ልብሱ ማስጠንቀቂያ በዚህ ሳምንት አውጥቷል።,Warning,4
7240,ደህና በዚህ ሳምንት ይሁንልህ ዶክተሩ።,Phatic,7
7242,እንኳን ደስ አለህ መሐንዲሱ፣ ስለ ሰነዱ እንደገና ተሳስተሃል።,Sarcasm/Irony,5
7243,ውሃው ገና ወደ ፋብሪካ ከሰዓት በኋላ አልደረሰኝም።,Complaint,6
7245,እባክዎ ቦርሳውን ለባልደረባዬ ዛሬ ማታ ይላኩልኝ።,Request,0
7247,ሚኒስቴሩ ስለ ስጦታው ማስጠንቀቂያ በዚህ ሳምንት አውጥቷል።,Warning,4
7248,መንግስት ስለ ቡናው ማስጠንቀቂያ ዛሬ አውጥቷል።,Warning,4
7249,እባክዎ ልብሱን ለነጋዴው በዚህ ሳምንት ይላኩልኝ።,Request,0
7250,ባልደረባዬ፣ ጤና ይስጥልኝ በፍርድ ቤት።,Phatic,7
7251,ደህና ከጥቂት ደቂቃዎች በኋላ ይሁንልህ ዶክተሩ።,Phatic,7
7252,የሪፖርቱ ዋጋውን ነገ ከሰዓት በኋላ ብንቀንስ ደንበኞች ይጨምራሉ።,Suggestion,3
7253,እባክዎ ሰነዱን ለዶክተሩ ነገ ጠዋት ይላኩልኝ።,Request,0
7254,የቡናው ችግር ከአንድ ሰዓት በኋላ ከጓደኛዬ ጋር እፈታለሁ።,Promise,8
7256,የሂሳቡ ችግር ከዛሬ ጀምሮ ከባልደረባዬ ጋር እፈታለሁ።,Promise,8
7257,እንዴት ደስ ይላል፣ ሚኒስትሩ እንደገና ከሶስት ሰዓት በኋላ ዘገዩ።,Sarcasm/Irony,5
7260,ጥንቃቄ ያድርጉ፣ ነገ ጠዋት መጋዘን ይንሸራተታል።,Warning,4
7263,ደህና እደር ሚኒስትሩ፣ ነገ ጠዋት እንገናኝ።,Phatic,7
7265,ቢያንስ አንዴ ስጦታውን በቢሮ እንሞክር።,Suggestion,3
7266,ጎበዝ ስራ ጓደኛዬ፣ ደረሰኙ ሙሉ በሙሉ ፈርሷል።,Sarcasm/Irony,5
7267,መስኮቱ ገና ወደ ቢሮ ከአንድ ሰዓት በኋላ አልደረሰኝም።,Complaint,6
7268,እባክዎ ይቅርታ፣ ቦርሳውን ከአንድ ሰዓት በኋላ ማቅረብ አልችልም።,Refusal,2
7269,ጤና ይስጥልኝ መምህሩ፣ ዛሬ ደህና ነህ?,Phatic,7
7270,ሚኒስትሩ ወደ መጋዘን ነገ ከሰዓት በኋላ ሄደዋል።,Assertion,1
7271,ደህና ሁን ሚኒስትሩ፣ እስከ ነገ ከሰዓት በኋላ እንገናኝ።,Phatic,7
7272,ጤና ይስጥልኝ ጠበቃው፣ ዛሬ ማታ ደህና ነህ?,Phatic,7
7273,ማዕከሉ ስለ ቤቱ ማስጠንቀቂያ በዚህ አመት አውጥቷል።,Warning,4
7274,እባክዎ ውሃውን ለጠበቃው ዛሬ ይላኩልኝ።,Request,0
7275,ፖሊሱ ወደ መጋዘን ነገ ሄደዋል።,Assertion,1
7276,ሂሳቡ ገና ወደ መንገድ ላይ በሚቀጥለው ሳምንት አልደረሰኝም።,Complaint,6
7277,ደህና እደር ጋዜጠኛው፣ ከሶስት ሰዓት በኋላ እንገናኝ።,Phatic,7
7279,እባክዎ መስኮቱን ለባልደረባዬ ከአንድ ሰዓት በኋላ ይላኩልኝ።,Request,0
7280,ማህበሩ ስለ በሩ ማስጠንቀቂያ በዚህ ሳምንት አውጥቷል።,Warning,4
7282,ማዕከሉ ስለ ቡናው ማስጠንቀቂያ በሚቀጥለው ሳምንት አውጥቷል።,Warning,4
7284,ከጋዜጠኛው ጋር ስለ ፕሮጀክቱ ጉዳይ መስማማት አልችልም።,Refusal,2
7285,እቅዱን ከዛሬ ጀምሮ ከፋብሪካው ጋር እናሻሽል።,Suggestion,3
7287,አስተማሪዋ ወደ ስብሰባ ክፍል በዚህ ወር ሄደዋል።,Assertion,1
7288,ቡናው ገና ወደ ፖሊስ ጣቢያ በሚቀጥለው ሳምንት አልደረሰኝም።,Complaint,6
7290,መሳሪያው ገና ወደ ቢሮ ከሶስት ሰዓት በኋላ አልደረሰኝም።,Complaint,6
7291,የልብሱ ችግር ዛሬ ከባልደረባዬ ጋር እፈታለሁ።,Promise,8
7292,እንዴት ጎበዝ ነህ ጋዜጠኛው፣ መስኮቱን ሰብረኸዋል!,Sarcasm/Irony,5
7294,በጣም ብልህ ነህ መምህሩ፣ ስልኩን ረሳኸው።,Sarcasm/Irony,5
7295,እንኳን ደስ አለህ ሚኒስትሩ በሳምንቱ መጨረሻ።,Phatic,7
7296,እንዴት ደስ ይላል፣ አስተማሪዋ እንደገና ከሁለት ቀናት በኋላ ዘገዩ።,Sarcasm/Irony,5
7297,ማህበሩ ስለ ውሉ ማስጠንቀቂያ በዚህ ሳምንት አውጥቷል።,Warning,4
7298,አለቃዬ፣ ጤና ይስጥልኝ በከተማው ውስጥ።,Phatic,7
7300,እንዴት ደስ ይላል፣ ጋዜጠኛው እንደገና ከዛሬ ጀምሮ ዘገዩ።,Sarcasm/Irony,5
7303,እባክዎ ፋይሉን ለዶክተሩ በሚቀጥለው አመት ይላኩልኝ።,Request,0
7304,እንዴት ጎበዝ ነህ ፖሊሱ፣ ስልኩን ሰብረኸዋል!,Sarcasm/Irony,5
7305,ደረሰኙ ገና ወደ ፋብሪካ ከሶስት ሰዓት በኋላ አልደረሰኝም።,Complaint,6
7307,እባክዎ ይቅርታ፣ ኮምፒዩተሩን በሚቀጥለው ወር ማቅረብ አልችልም።,Refusal,2
7308,የትዕዛዙ ችግር ከምሽቱ ጀምሮ ከደንበኛው ጋር እፈታለሁ።,Promise,8
7310,ባልደረባዬ ወደ መንገድ ላይ በስብሰባው ወቅት ሄደዋል።,Assertion,1
7312,ሰነዱ ገና ወደ ፖሊስ ጣቢያ በሚቀጥለው አመት አልደረሰኝም።,Complaint,6
7314,ስቱዲዮው ስለ ፕሮጀክቱ ማስጠንቀቂያ በዚህ ሳምንት አውጥቷል።,Warning,4
7315,ስለ ሪፖርቱ ከዶክተሩ ጋር ማሰብ ይኖርብናል።,Suggestion,3
7317,ጎበዝ! በጣም ጥሩ ስራ ሰራህ አስተማሪዋ፣ ቡናውን አበላሸኸው።,Sarcasm/Irony,5
7318,ፋይሉ ገና ወደ ሆስፒታል በሚቀጥለው ወር አልደረሰኝም።,Complaint,6
7320,ይህን ውሉን ከመምህሩ መቀበል አልችልም።,Refusal,2
7323,አስተማሪዋ ወደ አውሮፕላን ማረፊያ በዚህ ወር ሄደዋል።,Assertion,1
7324,ስለ መኪናው ጉዳይ ከጓደኛዬ ጋር እንወያይ።,Suggestion,3
7325,ቡናው ገና ወደ ቢሮ በዚህ ወር አልደረሰኝም።,Complaint,6
7326,እባክዎ ሰነዱን ለሚኒስትሩ ነገ ጠዋት ይላኩልኝ።,Request,0
7327,የቡናው ገመድ በከተማው ውስጥ አደገኛ ነው ተጠንቀቁ።,Warning,4
7329,ምርቱን ከአንድ ሰዓት በኋላ ብንሞክር ጥሩ ይሆናል።,Suggestion,3
7330,መልእክቱ ገና ወደ አውሮፕላን ማረፊያ ነገ ጠዋት አልደረሰኝም።,Complaint,6
7334,ሰላም ነጋዴው፣ በሚቀጥለው አመት እንዴት ነህ?,Phatic,7
7335,መሐንዲሱ ወደ ከተማው ውስጥ በሚቀጥለው አመት ሄደዋል።,Assertion,1
7337,ጎበዝ! በጣም ጥሩ ስራ ሰራህ ስራ አስኪያጁ፣ ማሽኑን አበላሸኸው።,Sarcasm/Irony,5
7338,የቦርሳው ችግር ዛሬ ከስራ አስኪያጁ ጋር እፈታለሁ።,Promise,8
7340,በስብሰባው ወቅት ወደ መጋዘን እደርሳለሁ።,Promise,8
7341,ገንዘቡ ገና ወደ ስብሰባ ክፍል በሚቀጥለው ሳምንት አልደረሰኝም።,Complaint,6
7342,የፕሮጀክቱ ወጪውን በትምህርት ቤት ብንቀንስ የተሻለ ነው።,Suggestion,3
7344,ፕሮጀክቱ ገና ወደ ገበያ ከሁለት ቀናት በኋላ አልደረሰኝም።,Complaint,6
7347,ደብዳቤው ገና ወደ ስብሰባ ክፍል ነገ ከሰዓት በኋላ አልደረሰኝም።,Complaint,6
7348,ስራ አስኪያጁ ወደ ቢሮ ነገ ሄደዋል።,Assertion,1
7350,መንገድ ላይ ከአንድ ሰዓት በኋላ ተከፍቷል።,Assertion,1
7351,ከነጋዴው ጋር ስለ ፕሮጀክቱ ጉዳይ መስማማት አልችልም።,Refusal,2
7352,የመልእክቱ ችግር ነገ ከሰዓት በኋላ ከጋዜጠኛው ጋር እፈታለሁ።,Promise,8
7353,ይቅርታ፣ ኮምፒዩተሩን ነገ ጠዋት ማድረግ አልችልም።,Refusal,2
7354,ፕሮጀክቱ ገና ወደ አውሮፕላን ማረፊያ ዛሬ አልደረሰኝም።,Complaint,6
7355,ትዕዛዙ ገና ወደ ትምህርት ቤት ከዛሬ ጀምሮ አልደረሰኝም።,Complaint,6
7356,ደህና ሁን ሹፌሩ፣ እስከ ከዛሬ ጀምሮ እንገናኝ።,Phatic,7
7357,እሰይ፣ ሌላ ችግር በመጋዘን በሚቀጥለው ሳምንት፣ ልክ የሚያስፈልገን ይሄው ነበር።,Sarcasm/Irony,5
7359,ደህና ሁን መሐንዲሱ፣ እስከ በሚቀጥለው አመት እንገናኝ።,Phatic,7
7360,እባክዎ ይቅርታ፣ ካርታውን በዚህ አመት ማቅረብ አልችልም።,Refusal,2
7361,በባንክ ከሶስት ሰዓት በኋላ ወንጀል ሊፈጸም ይችላል ተጠንቀቁ።,Warning,4
7364,ከሰዓት በኋላ በቤት ስብሰባ እናድርግ።,Suggestion,3
7365,ስቱዲዮው ስለ መሳሪያው ማስጠንቀቂያ በሳምንቱ መጨረሻ አውጥቷል።,Warning,4
7366,የደረሰኙ ችግር በሚቀጥለው ሳምንት ከነጋዴው ጋር እፈታለሁ።,Promise,8
7367,ጤና ይስጥልኝ መሐንዲሱ፣ ከሶስት ሰዓት በኋላ ደህና ነህ?,Phatic,7
7368,ስለ ደብዳቤው ከስራ አስኪያጁ ጋር ማሰብ ይኖርብናል።,Suggestion,3
7369,እባክዎ በሩን ለአስተማሪዋ ከሶስት ሰዓት በኋላ ይላኩልኝ።,Request,0
7370,እባክዎ ልብሱን ለሚኒስትሩ በሚቀጥለው አመት ይላኩልኝ።,Request,0
7371,እንዴት ጎበዝ ነህ ጋዜጠኛው፣ ደብዳቤውን ሰብረኸዋል!,Sarcasm/Irony,5
7372,ደህና በሚቀጥለው ሳምንት ይሁንልህ ጓደኛዬ።,Phatic,7
7375,ኩባንያው ስለ ፕሮጀክቱ ማስጠንቀቂያ በሳምንቱ መጨረሻ አውጥቷል።,Warning,4
7376,ደንበኛው ወደ አውሮፕላን ማረፊያ ከምሽቱ ጀምሮ ሄደዋል።,Assertion,1
7377,ፋይሉ ገና ወደ መጋዘን በዚህ ወር አልደረሰኝም።,Complaint,6
7378,አዎ በርግጥ፣ የመንግስት እቅድ በዛሬ በጭራሽ አይከሽፍም።,Sarcasm/Irony,5
7379,መምህሩ ወደ መጋዘን ዛሬ ማታ ሄደዋል።,Assertion,1
7382,መኪናው ገና ወደ ቢሮ በሚቀጥለው አመት አልደረሰኝም።,Complaint,6
7383,ውሉ ገና ወደ ገበያ ከአንድ ሰዓት በኋላ አልደረሰኝም።,Complaint,6
7384,እባክዎ መጽሐፉን ለሹፌሩ በሚቀጥለው ወር ይላኩልኝ።,Request,0
7385,እባክዎ ቦርሳውን ለአስተማሪዋ ከዛሬ ጀምሮ ይላኩልኝ።,Request,0
7386,ማህበሩ ስለ በሩ ማስጠንቀቂያ ከሁለት ቀናት በኋላ አውጥቷል።,Warning,4
7387,የልብሱ ወጪውን በሆስፒታል ብንቀንስ የተሻለ ነው።,Suggestion,3
7388,መንግስት ስለ ማሽኑ ማስጠንቀቂያ ከምሽቱ ጀምሮ አውጥቷል።,Warning,4
7389,በጣም ብልህ ነህ ባልደረባዬ፣ ፕሮጀክቱን ረሳኸው።,Sarcasm/Irony,5
7391,እባክዎ ይቅርታ፣ ሂሳቡን ከአንድ ሰዓት በኋላ ማቅረብ አልችልም።,Refusal,2
7392,እባክዎ ቦርሳውን ለጠበቃው ከጥቂት ደቂቃዎች በኋላ ይላኩልኝ።,Request,0
7393,እሰይ፣ ሌላ ችግር በቢሮ ከሁለት ቀናት በኋላ፣ ልክ የሚያስፈልገን ይሄው ነበር።,Sarcasm/Irony,5
7394,አመሰግናለሁ ባልደረባዬ፣ ደህና ዋል በከተማው ውስጥ።,Phatic,7
7395,ኤጀንሲው ስለ መጽሐፉ ማስጠንቀቂያ ነገ ጠዋት አውጥቷል።,Warning,4
7396,ሚኒስቴሩ ስለ ውሉ ማስጠንቀቂያ ከአንድ ሰዓት በኋላ አውጥቷል።,Warning,4
7397,ቁልፉ ገና ወደ ሱቅ ከአንድ ሰዓት በኋላ አልደረሰኝም።,Complaint,6
7398,ባልደረባዬ ወደ ስብሰባ ክፍል በሚቀጥለው ሳምንት ሄደዋል።,Assertion,1
7399,ልብሱ ገና ወደ አውሮፕላን ማረፊያ በሚቀጥለው አመት አልደረሰኝም።,Complaint,6
7400,እባክዎ ደረሰኙን ለአለቃዬ ከሰዓት በኋላ ይላኩልኝ።,Request,0
7402,እንኳን ደስ አለህ ጠበቃው፣ ስለ ልብሱ እንደገና ተሳስተሃል።,Sarcasm/Irony,5
7403,እባክዎ ልብሱን ለደንበኛው ነገ ጠዋት ይላኩልኝ።,Request,0
7404,ከጓደኛዬ ጋር ስለ መጽሐፉ ጉዳይ መስማማት አልችልም።,Refusal,2
7405,ጎበዝ! በጣም ጥሩ ስራ ሰራህ መምህሩ፣ ፋይሉን አበላሸኸው።,Sarcasm/Irony,5
7406,የደብዳቤው ችግር ነገ ጠዋት ከመምህሩ ጋር እፈታለሁ።,Promise,8
7408,እባክዎ ሰነዱን ለሚኒስትሩ በዚህ አመት ይላኩልኝ።,Request,0
7411,የቤቱ ችግር ከምሽቱ ጀምሮ ከደንበኛው ጋር እፈታለሁ።,Promise,8
7412,እባክዎ ልብሱን ለስራ አስኪያጁ ከሁለት ቀናት በኋላ ይላኩልኝ።,Request,0
7413,ቢያንስ አንዴ ውሃውን በፋብሪካ እንሞክር።,Suggestion,3
7415,ይህን ደብዳቤውን ከፖሊሱ መቀበል አልችልም።,Refusal,2
7418,ጎበዝ ስራ ፖሊሱ፣ ልብሱ ሙሉ በሙሉ ፈርሷል።,Sarcasm/Irony,5
7419,የገንዘቡ ችግር ከአንድ ሰዓት በኋላ ከነጋዴው ጋር እፈታለሁ።,Promise,8
7420,ጋዜጠኛው ወደ ቢሮ ከሶስት ሰዓት በኋላ ሄደዋል።,Assertion,1
7421,ሰላም ደንበኛው፣ ከጥቂት ደቂቃዎች በኋላ እንዴት ነህ?,Phatic,7
7422,ውሃው ገና ወደ ባንክ ዛሬ ማታ አልደረሰኝም።,Complaint,6
7426,በጣም ብልህ ነህ አለቃዬ፣ በሩን ረሳኸው።,Sarcasm/Irony,5
7428,ደህና ነገ ከሰዓት በኋላ ይሁንልህ ዶክተሩ።,Phatic,7
7429,ደህና እደር አስተማሪዋ፣ ከጥቂት ደቂቃዎች በኋላ እንገናኝ።,Phatic,7
7430,ኤጀንሲው ስለ ቦርሳው ማስጠንቀቂያ ዛሬ አውጥቷል።,Warning,4
7431,ድርጅቱ ስለ ደብዳቤው ማስጠንቀቂያ ነገ አውጥቷል።,Warning,4
7434,ከዶክተሩ ጋር ስለ መኪናው ጉዳይ መስማማት አልችልም።,Refusal,2
7438,እባክዎ መጽሐፉን ለፖሊሱ ከሶስት ሰዓት በኋላ ይላኩልኝ።,Request,0
7439,የካርታው ችግር በስብሰባው ወቅት ከመምህሩ ጋር እፈታለሁ።,Promise,8
7440,እንኳን ደስ አለህ ጠበቃው ከዛሬ ጀምሮ።,Phatic,7
7441,መኪናው ገና ወደ ፍርድ ቤት ከሁለት ቀናት በኋላ አልደረሰኝም።,Complaint,6
7443,ደህና እደር ጋዜጠኛው፣ ከሰዓት በኋላ እንገናኝ።,Phatic,7
7444,መንግስት ስለ መኪናው ማስጠንቀቂያ ከሶስት ሰዓት በኋላ አውጥቷል።,Warning,4
7445,ፋብሪካው ስለ ቦርሳው ማስጠንቀቂያ ዛሬ አውጥቷል።,Warning,4
7446,እባክዎ ቦርሳውን ለዶክተሩ ከሶስት ሰዓት በኋላ ይላኩልኝ።,Request,0
7448,እንኳን ደስ አለህ መሐንዲሱ በስብሰባው ወቅት።,Phatic,7
7449,ባንኩ ስለ መልእክቱ ማስጠንቀቂያ ከሰዓት በኋላ አውጥቷል።,Warning,4
7450,እቅዱን ከአንድ ሰዓት በኋላ ከመንግስት ጋር እናሻሽል።,Suggestion,3
7451,ጎበዝ ስራ መሐንዲሱ፣ መኪናው ሙሉ በሙሉ ፈርሷል።,Sarcasm/Irony,5
7453,እሰይ፣ ሌላ ችግር በሆስፒታል በዚህ ወር፣ ልክ የሚያስፈልገን ይሄው ነበር።,Sarcasm/Irony,5
7454,ኮምፒዩተሩ ገና ወደ ከተማው ውስጥ ከሁለት ቀናት በኋላ አልደረሰኝም።,Complaint,6
7455,መሳሪያው ገና ወደ ፖሊስ ጣቢያ ከአንድ ሰዓት በኋላ አልደረሰኝም።,Complaint,6
7457,እባክዎ ፋይሉን ለዶክተሩ ነገ ይላኩልኝ።,Request,0
7460,እባክዎ ይቅርታ፣ ደረሰኙን በሚቀጥለው ሳምንት ማቅረብ አልችልም።,Refusal,2
7461,ጤና ይስጥልኝ ባልደረባዬ፣ ከምሽቱ ጀምሮ ደህና ነህ?,Phatic,7
7464,እባክዎ ዕቃውን ለጓደኛዬ ነገ ከሰዓት በኋላ ይላኩልኝ።,Request,0
7465,የመልእክቱ ችግር ከሁለት ቀናት በኋላ ከጓደኛዬ ጋር እፈታለሁ።,Promise,8
7466,ሪፖርቱ ገና ወደ ፋብሪካ በሳምንቱ መጨረሻ አልደረሰኝም።,Complaint,6
7467,እባክዎ ካርታውን ለደንበኛው ከጥቂት ደቂቃዎች በኋላ ይላኩልኝ።,Request,0
7468,እባክዎ ይቅርታ፣ ደብዳቤውን በሚቀጥለው ወር ማቅረብ አልችልም።,Refusal,2
7469,ስለ ትዕዛዙ ጉዳይ ከፖሊሱ ጋር እንወያይ።,Suggestion,3
7471,በስብሰባው ወቅት በሱቅ ትራፊኩ ከባድ ነው ተጠንቀቁ።,Warning,4
7473,የደብዳቤው ችግር በዚህ ወር ከመምህሩ ጋር እፈታለሁ።,Promise,8
7475,ይቅርታ፣ ደብዳቤውን ከዛሬ ጀምሮ ማድረግ አልችልም።,Refusal,2
7476,በጣም ብልህ ነህ ስራ አስኪያጁ፣ መስኮቱን ረሳኸው።,Sarcasm/Irony,5
7478,የመሳሪያው ችግር በዚህ አመት ከባልደረባዬ ጋር እፈታለሁ።,Promise,8
7479,መምህሩ ወደ ቤት በሳምንቱ መጨረሻ ሄደዋል።,Assertion,1
7480,አዎ በርግጥ፣ የማህበሩ እቅድ በከምሽቱ ጀምሮ በጭራሽ አይከሽፍም።,Sarcasm/Irony,5
7481,ጤና ይስጥልኝ ነጋዴው፣ ከምሽቱ ጀምሮ ደህና ነህ?,Phatic,7
7482,አመሰግናለሁ ደንበኛው፣ ደህና ዋል በፋብሪካ።,Phatic,7
7483,ኮምፒዩተሩ ገና ወደ ፖሊስ ጣቢያ ከሁለት ቀናት በኋላ አልደረሰኝም።,Complaint,6
7484,ቡናው ገና ወደ ቤት በሚቀጥለው አመት አልደረሰኝም።,Complaint,6
7485,ውሃው ገና ወደ ፋብሪካ በዚህ አመት አልደረሰኝም።,Complaint,6
7487,ዶክተሩ፣ እንደምን አደርክ በሚቀጥለው ሳምንት?,Phatic,7
7488,መምህሩ ወደ መጋዘን በሳምንቱ መጨረሻ ሄደዋል።,Assertion,1
7489,ማህበሩ ስለ ሰነዱ ማስጠንቀቂያ ከሰዓት በኋላ አውጥቷል።,Warning,4
7490,በጣም ብልህ ነህ ባልደረባዬ፣ ሰነዱን ረሳኸው።,Sarcasm/Irony,5
7491,ቤቱ ገና ወደ ሱቅ ከሶስት ሰዓት በኋላ አልደረሰኝም።,Complaint,6
7494,ደህና ከሁለት ቀናት በኋላ ይሁንልህ ስራ አስኪያጁ።,Phatic,7
7495,ፋብሪካው ስለ ሪፖርቱ ማስጠንቀቂያ በዚህ ወር አውጥቷል።,Warning,4
7496,እንኳን ደስ አለህ ጓደኛዬ፣ ስለ ዕቃው እንደገና ተሳስተሃል።,Sarcasm/Irony,5
7498,አስተማሪዋ ወደ ቢሮ በዚህ አመት ሄደዋል።,Assertion,1
7499,ቁልፉ ገና ወደ ሱቅ ከሁለት ቀናት በኋላ አልደረሰኝም።,Complaint,6
7500,የገንዘቡ ዋጋውን ከሶስት ሰዓት በኋላ ብንቀንስ ደንበኞች ይጨምራሉ።,Suggestion,3
7501,እንኳን ደስ አለህ አለቃዬ፣ ስለ ፋይሉ እንደገና ተሳስተሃል።,Sarcasm/Irony,5
7503,ምርቱ ገና ወደ ፍርድ ቤት በሚቀጥለው አመት አልደረሰኝም።,Complaint,6
7504,ከጓደኛዬ ጋር ስለ መልእክቱ ጉዳይ መስማማት አልችልም።,Refusal,2
7507,የማሽኑ ችግር ከሰዓት በኋላ ከሚኒስትሩ ጋር እፈታለሁ።,Promise,8
7509,ነገ ወደ ስብሰባ ክፍል እመጣለሁ።,Promise,8
7510,እባክዎ መሳሪያውን ለዶክተሩ በስብሰባው ወቅት ይላኩልኝ።,Request,0
7515,የቡናው ችግር ከሶስት ሰዓት በኋላ ከፖሊሱ ጋር እፈታለሁ።,Promise,8
7516,መንግስት ስለ መልእክቱ ማስጠንቀቂያ በዚህ አመት አውጥቷል።,Warning,4
7518,ጎበዝ ስራ ጠበቃው፣ ደብዳቤው ሙሉ በሙሉ ፈርሷል።,Sarcasm/Irony,5
7519,ጓደኛዬ ወደ ሱቅ በዚህ ሳምንት ሄደዋል።,Assertion,1
7521,ደንበኛው ወደ ቢሮ ነገ ከሰዓት በኋላ ሄደዋል።,Assertion,1
7522,ኩባንያው ስለ ፋይሉ ማስጠንቀቂያ ከጥቂት ደቂቃዎች በኋላ አውጥቷል።,Warning,4
7523,እባክህ ለውሃው ይህን ዘዴ ከአንድ ሰዓት በኋላ ተጠቀም።,Suggestion,3
7525,የገንዘቡ ችግር ከሶስት ሰዓት በኋላ ከሹፌሩ ጋር እፈታለሁ።,Promise,8
7526,ደህና ሁን ሚኒስትሩ፣ እስከ በሳምንቱ መጨረሻ እንገናኝ።,Phatic,7
7528,ስለ ምርቱ ከመሐንዲሱ ጋር ማሰብ ይኖርብናል።,Suggestion,3
7530,ከደንበኛው ጋር ስለ መስኮቱ ጉዳይ መስማማት አልችልም።,Refusal,2
7532,ድርጅቱ ስለ ስልኩ ማስጠንቀቂያ ዛሬ ማታ አውጥቷል።,Warning,4
7533,የሰነዱ ችግር ከሁለት ቀናት በኋላ ከስራ አስኪያጁ ጋር እፈታለሁ።,Promise,8
7535,እንኳን ደስ አለህ መሐንዲሱ ነገ ጠዋት።,Phatic,7
7536,እቅዱን ነገ ከሰዓት በኋላ ከኤጀንሲው ጋር እናሻሽል።,Suggestion,3
7537,እባክዎ መጽሐፉን ለስራ አስኪያጁ በዚህ ወር ይላኩልኝ።,Request,0
7539,መሐንዲሱ ወደ ቤት ዛሬ ማታ ሄደዋል።,Assertion,1
7541,የሪፖርቱ ችግር ከሁለት ቀናት በኋላ ከጓደኛዬ ጋር እፈታለሁ።,Promise,8
7545,ጎበዝ ስራ ባልደረባዬ፣ ልብሱ ሙሉ በሙሉ ፈርሷል።,Sarcasm/Irony,5
7546,መንግስት ስለ መልእክቱ ማስጠንቀቂያ ነገ ከሰዓት በኋላ አውጥቷል።,Warning,4
7547,የሪፖርቱ ዋጋውን በዚህ ሳምንት ብንቀንስ ደንበኞች ይጨምራሉ።,Suggestion,3
7550,ይቅርታ፣ ደረሰኙን ከሰዓት በኋላ ማድረግ አልችልም።,Refusal,2
7551,ጤና ይስጥልኝ መምህሩ፣ ዛሬ ማታ ደህና ነህ?,Phatic,7
7552,ስለ ገንዘቡ ጉዳይ ከሹፌሩ ጋር እንወያይ።,Suggestion,3
7553,በጣም ደግ ነህ ጓደኛዬ፣ በከተማው ውስጥ ምንም እርዳታ አልሰጠኸኝም።,Sarcasm/Irony,5
7554,ማሽኑ ገና ወደ ፖሊስ ጣቢያ በሳምንቱ መጨረሻ አልደረሰኝም።,Complaint,6
7556,እባክዎ መጽሐፉን ለስራ አስኪያጁ በሳምንቱ መጨረሻ ይላኩልኝ።,Request,0
7557,እባክዎ ይቅርታ፣ ልብሱን ከዛሬ ጀምሮ ማቅረብ አልችልም።,Refusal,2
7559,ገንዘቡ ገና ወደ ከተማው ውስጥ በዚህ ወር አልደረሰኝም።,Complaint,6
7560,አመሰግናለሁ ነጋዴው፣ ደህና ዋል በፖሊስ ጣቢያ።,Phatic,7
7561,በጣም ደግ ነህ አስተማሪዋ፣ በሱቅ ምንም እርዳታ አልሰጠኸኝም።,Sarcasm/Irony,5
7562,ይህን ካርታውን ከጠበቃው መቀበል አልችልም።,Refusal,2
7563,ስለ መስኮቱ ከሚኒስትሩ ጋር ማሰብ ይኖርብናል።,Suggestion,3
7564,ስቱዲዮው ስለ ልብሱ ማስጠንቀቂያ ነገ አውጥቷል።,Warning,4
7568,ሰላም ዶክተሩ፣ ነገ ጠዋት እንዴት ነህ?,Phatic,7
7569,ደህና ሁን ባልደረባዬ፣ እስከ ከጥቂት ደቂቃዎች በኋላ እንገናኝ።,Phatic,7
7573,ጓደኛዬ፣ ጤና ይስጥልኝ በቢሮ።,Phatic,7
7575,ሚኒስቴሩ ስለ መልእክቱ ማስጠንቀቂያ ከሶስት ሰዓት በኋላ አውጥቷል።,Warning,4
7578,ከመምህሩ ጋር ስለ ቦርሳው ጉዳይ መስማማት አልችልም።,Refusal,2
7580,እንዴት ጎበዝ ነህ ዶክተሩ፣ ኮምፒዩተሩን ሰብረኸዋል!,Sarcasm/Irony,5
7582,ውሉ ገና ወደ ገበያ በዚህ አመት አልደረሰኝም።,Complaint,6
7584,ስራ አስኪያጁ፣ ጤና ይስጥልኝ በባንክ።,Phatic,7
7585,እባክዎ ይቅርታ፣ ምርቱን ነገ ማቅረብ አልችልም።,Refusal,2
7586,ሰላም ጠበቃው፣ በሚቀጥለው ሳምንት እንዴት ነህ?,Phatic,7
7587,እባክዎ ልብሱን ለአስተማሪዋ ከዛሬ ጀምሮ ይላኩልኝ።,Request,0
7588,በጣም ብልህ ነህ ሚኒስትሩ፣ ደብዳቤውን ረሳኸው።,Sarcasm/Irony,5
7590,እሰይ፣ ሌላ ችግር በመንገድ ላይ ነገ ጠዋት፣ ልክ የሚያስፈልገን ይሄው ነበር።,Sarcasm/Irony,5
7591,ጋዜጠኛው ወደ ሱቅ ከምሽቱ ጀምሮ ሄደዋል።,Assertion,1
7593,ነጋዴው ወደ ቤት ነገ ጠዋት ሄደዋል።,Assertion,1
7596,እባክዎ ስጦታውን ለሹፌሩ ነገ ጠዋት ይላኩልኝ።,Request,0
7598,ሚኒስቴሩ ስለ ውሉ ማስጠንቀቂያ በሚቀጥለው ሳምንት አውጥቷል።,Warning,4
7599,ባልደረባዬ ወደ ፍርድ ቤት ከዛሬ ጀምሮ ሄደዋል።,Assertion,1
7601,ሚኒስትሩ ወደ ሱቅ በዚህ ሳምንት ሄደዋል።,Assertion,1
7602,ይቅርታ፣ ውሃውን ከዛሬ ጀምሮ ማድረግ አልችልም።,Refusal,2
7604,እንዴት ጎበዝ ነህ ጓደኛዬ፣ ገንዘቡን ሰብረኸዋል!,Sarcasm/Irony,5
7606,ቤቱ ገና ወደ መጋዘን በሳምንቱ መጨረሻ አልደረሰኝም።,Complaint,6
7607,ሪፖርቱ ገና ወደ አውሮፕላን ማረፊያ በስብሰባው ወቅት አልደረሰኝም።,Complaint,6
7609,የቡናው ችግር ከአንድ ሰዓት በኋላ ከስራ አስኪያጁ ጋር እፈታለሁ።,Promise,8
7611,ኩባንያው ስለ ውሉ ማስጠንቀቂያ በዚህ አመት አውጥቷል።,Warning,4
7612,ደብዳቤው ገና ወደ ስብሰባ ክፍል ከሁለት ቀናት በኋላ አልደረሰኝም።,Complaint,6
7613,የመልእክቱ ችግር ከጥቂት ደቂቃዎች በኋላ ከአለቃዬ ጋር እፈታለሁ።,Promise,8
7614,እባክዎ መሳሪያውን ለጓደኛዬ በሚቀጥለው ሳምንት ይላኩልኝ።,Request,0
7616,ይቅርታ፣ መጽሐፉን በሚቀጥለው ወር ማድረግ አልችልም።,Refusal,2
7618,እንኳን ደስ አለህ ሹፌሩ፣ ስለ ካርታው እንደገና ተሳስተሃል።,Sarcasm/Irony,5
7620,ጎበዝ! በጣም ጥሩ ስራ ሰራህ ደንበኛው፣ መስኮቱን አበላሸኸው።,Sarcasm/Irony,5
7621,ቢያንስ አንዴ ውሃውን በአውሮፕላን ማረፊያ እንሞክር።,Suggestion,3
7622,ስጦታው ገና ወደ ሱቅ ከጥቂት ደቂቃዎች በኋላ አልደረሰኝም።,Complaint,6
7623,በጣም ደግ ነህ ጠበቃው፣ በሱቅ ምንም እርዳታ አልሰጠኸኝም።,Sarcasm/Irony,5
7624,መሐንዲሱ ወደ ገበያ በዚህ አመት ሄደዋል።,Assertion,1
7625,አመሰግናለሁ መሐንዲሱ፣ ደህና ዋል በአውሮፕላን ማረፊያ።,Phatic,7
7627,የገንዘቡ ዋጋውን ነገ ከሰዓት በኋላ ብንቀንስ ደንበኞች ይጨምራሉ።,Suggestion,3
7628,ይቅርታ፣ ቦርሳውን በሳምንቱ መጨረሻ ማድረግ አልችልም።,Refusal,2
7629,እባክዎ ገንዘቡን ለፖሊሱ ነገ ይላኩልኝ።,Request,0
7630,ጓደኛዬ ወደ ባንክ በሚቀጥለው አመት ሄደዋል።,Assertion,1
7632,ጋዜጠኛው ወደ መጋዘን በዚህ ሳምንት ሄደዋል።,Assertion,1
7633,የመልእክቱ ገመድ በመጋዘን አደገኛ ነው ተጠንቀቁ።,Warning,4
7634,እባክዎ ቤቱን ለሚኒስትሩ ነገ ከሰዓት በኋላ ይላኩልኝ።,Request,0
7635,መንግስት ስለ መሳሪያው ማስጠንቀቂያ ዛሬ ማታ አውጥቷል።,Warning,4
7636,የመልእክቱ ገመድ በቤት አደገኛ ነው ተጠንቀቁ።,Warning,4
7638,እባክዎ ቤቱን ለፖሊሱ በሚቀጥለው አመት ይላኩልኝ።,Request,0
7639,ሚኒስትሩ ወደ ከተማው ውስጥ በዚህ ሳምንት ሄደዋል።,Assertion,1
7643,ጥያቄው ገና ወደ ትምህርት ቤት ከሁለት ቀናት በኋላ አልደረሰኝም።,Complaint,6
7645,ሪፖርቱ ገና ወደ ገበያ ዛሬ አልደረሰኝም።,Complaint,6
7646,እባክዎ ገንዘቡን ለሹፌሩ ከሶስት ሰዓት በኋላ ይላኩልኝ።,Request,0
7647,ደህና ከአንድ ሰዓት በኋላ ይሁንልህ ስራ አስኪያጁ።,Phatic,7
7648,መስኮቱ ገና ወደ ሆስፒታል ነገ ከሰዓት በኋላ አልደረሰኝም።,Complaint,6
7649,ጠበቃው ወደ ቢሮ በዚህ አመት ሄደዋል።,Assertion,1
7650,እባክዎ ይቅርታ፣ መስኮቱን በዚህ አመት ማቅረብ አልችልም።,Refusal,2
7651,ከዛሬ ጀምሮ በቤት ትራፊኩ ከባድ ነው ተጠንቀቁ።,Warning,4
7652,እባክዎ ሰነዱን ለሹፌሩ በሚቀጥለው አመት ይላኩልኝ።,Request,0
7654,በሚቀጥለው አመት በሆስፒታል ትራፊኩ ከባድ ነው ተጠንቀቁ።,Warning,4
7655,ይህን ቤቱን ከመምህሩ መቀበል አልችልም።,Refusal,2
7656,አዎ በርግጥ፣ የኤጀንሲው እቅድ በዛሬ በጭራሽ አይከሽፍም።,Sarcasm/Irony,5
7657,የስጦታው ችግር ነገ ጠዋት ከደንበኛው ጋር እፈታለሁ።,Promise,8
7658,ይቅርታ፣ ሰነዱን ከዛሬ ጀምሮ ማድረግ አልችልም።,Refusal,2
7659,እባክዎ ስልኩን ለመሐንዲሱ በዚህ ወር ይላኩልኝ።,Request,0
7660,ሚኒስቴሩ ስለ መኪናው ማስጠንቀቂያ ነገ ከሰዓት በኋላ አውጥቷል።,Warning,4
7661,ደህና እደር ሹፌሩ፣ በሚቀጥለው አመት እንገናኝ።,Phatic,7
7662,እባክዎ ፕሮጀክቱን ለዶክተሩ ነገ ይላኩልኝ።,Request,0
7663,የሪፖርቱ ችግር ከአንድ ሰዓት በኋላ ከጠበቃው ጋር እፈታለሁ።,Promise,8
7664,በዚህ ወር በቢሮ ስብሰባ እናድርግ።,Suggestion,3
7667,እባክዎ ሰነዱን ለደንበኛው በሚቀጥለው ወር ይላኩልኝ።,Request,0
7669,ደህና ሁን አስተማሪዋ፣ እስከ ከአንድ ሰዓት በኋላ እንገናኝ።,Phatic,7
7671,ፋይሉ ገና ወደ አውሮፕላን ማረፊያ በሚቀጥለው አመት አልደረሰኝም።,Complaint,6
7672,መንግስት ስለ ቤቱ ማስጠንቀቂያ ነገ ከሰዓት በኋላ አውጥቷል።,Warning,4
7673,ሂሳቡ ገና ወደ መጋዘን ዛሬ አልደረሰኝም።,Complaint,6
7676,ጎበዝ ስራ ጋዜጠኛው፣ ፕሮጀክቱ ሙሉ በሙሉ ፈርሷል።,Sarcasm/Irony,5
7677,ስቱዲዮው ስለ ደብዳቤው ማስጠንቀቂያ ነገ አውጥቷል።,Warning,4
7678,በጣም ብልህ ነህ ጋዜጠኛው፣ መኪናውን ረሳኸው።,Sarcasm/Irony,5
7679,እባክዎ ዕቃውን ለጠበቃው በሚቀጥለው ሳምንት ይላኩልኝ።,Request,0
7680,እንኳን ደስ አለህ ደንበኛው፣ ስለ ሪፖርቱ እንደገና ተሳስተሃል።,Sarcasm/Irony,5
7681,ስለ ውሉ ከመምህሩ ጋር ማሰብ ይኖርብናል።,Suggestion,3
7682,ትዕዛዙ ገና ወደ ሱቅ በሚቀጥለው ወር አልደረሰኝም።,Complaint,6
7684,ገንዘቡ ገና ወደ ሱቅ ከዛሬ ጀምሮ አልደረሰኝም።,Complaint,6
7685,ፋይሉ ገና ወደ ፋብሪካ በዚህ ወር አልደረሰኝም።,Complaint,6
7687,የጥያቄው ዋጋውን በሚቀጥለው አመት ብንቀንስ ደንበኞች ይጨምራሉ።,Suggestion,3
7689,እንኳን ደስ አለህ ደንበኛው፣ ስለ ቦርሳው እንደገና ተሳስተሃል።,Sarcasm/Irony,5
7690,እሰይ፣ ሌላ ችግር በሱቅ በዚህ አመት፣ ልክ የሚያስፈልገን ይሄው ነበር።,Sarcasm/Irony,5
7692,ኩባንያው ስለ ፋይሉ ማስጠንቀቂያ ከምሽቱ ጀምሮ አውጥቷል።,Warning,4
7693,ጎበዝ ስራ ስራ አስኪያጁ፣ ልብሱ ሙሉ በሙሉ ፈርሷል።,Sarcasm/Irony,5
7694,ይቅርታ፣ ቡናውን ከሰዓት በኋላ ማድረግ አልችልም።,Refusal,2
7695,ፖሊሱ ወደ መጋዘን በዚህ ሳምንት ሄደዋል።,Assertion,1
7696,መልእክቱ ገና ወደ መጋዘን በሚቀጥለው ወር አልደረሰኝም።,Complaint,6
7698,ጓደኛዬ፣ እንደምን አደርክ ከምሽቱ ጀምሮ?,Phatic,7
7699,የዕቃው ችግር በዚህ ሳምንት ከአለቃዬ ጋር እፈታለሁ።,Promise,8
7700,ደህና እደር ፖሊሱ፣ ከሰዓት በኋላ እንገናኝ።,Phatic,7
7701,እባክዎ በሩን ለዶክተሩ በሚቀጥለው ወር ይላኩልኝ።,Request,0
7702,እሰይ፣ ሌላ ችግር በመንገድ ላይ ዛሬ፣ ልክ የሚያስፈልገን ይሄው ነበር።,Sarcasm/Irony,5
7704,ሪፖርቱ ገና ወደ ቢሮ ነገ አልደረሰኝም።,Complaint,6
7705,በጣም ደግ ነህ ሚኒስትሩ፣ በመጋዘን ምንም እርዳታ አልሰጠኸኝም።,Sarcasm/Irony,5
7706,እንኳን ደስ አለህ ነጋዴው፣ ስለ መልእክቱ እንደገና ተሳስተሃል።,Sarcasm/Irony,5
7707,ፋብሪካው ስለ ምርቱ ማስጠንቀቂያ ዛሬ ማታ አውጥቷል።,Warning,4
7708,ኤጀንሲው ስለ ውሃው ማስጠንቀቂያ በሚቀጥለው ወር አውጥቷል።,Warning,4
7710,ቢያንስ አንዴ ፕሮጀክቱን በቢሮ እንሞክር።,Suggestion,3
7715,ደህና እደር አለቃዬ፣ ነገ ጠዋት እንገናኝ።,Phatic,7
7720,እንዴት ደስ ይላል፣ ጠበቃው እንደገና በዚህ ወር ዘገዩ።,Sarcasm/Irony,5
7721,ኩባንያው ስለ መልእክቱ ማስጠንቀቂያ ነገ አውጥቷል።,Warning,4
7724,ፕሮጀክቱ ገና ወደ ትምህርት ቤት በሚቀጥለው ወር አልደረሰኝም።,Complaint,6
7726,መልእክቱ ገና ወደ መጋዘን ነገ አልደረሰኝም።,Complaint,6
7727,በሩ ገና ወደ ከተማው ውስጥ በዚህ አመት አልደረሰኝም።,Complaint,6
7728,እባክዎ ሂሳቡን ለመምህሩ ዛሬ ማታ ይላኩልኝ።,Request,0
7729,ስለ ቡናው ጉዳይ ከነጋዴው ጋር እንወያይ።,Suggestion,3
7730,የመጽሐፉ ችግር ከአንድ ሰዓት በኋላ ከነጋዴው ጋር እፈታለሁ።,Promise,8
7731,እባክዎ መሳሪያውን ለሹፌሩ ከሶስት ሰዓት በኋላ ይላኩልኝ።,Request,0
7732,እባክዎ ደብዳቤውን ለጋዜጠኛው ዛሬ ይላኩልኝ።,Request,0
7733,ጠበቃው ወደ ፖሊስ ጣቢያ ዛሬ ማታ ሄደዋል።,Assertion,1
7737,የሂሳቡ ዋጋውን በዚህ አመት ብንቀንስ ደንበኞች ይጨምራሉ።,Suggestion,3
7739,እባክዎ ካርታውን ለአለቃዬ በዚህ ሳምንት ይላኩልኝ።,Request,0
7741,እባክዎ ፋይሉን ለፖሊሱ በሳምንቱ መጨረሻ ይላኩልኝ።,Request,0
7742,በትምህርት ቤት በዚህ ሳምንት ወንጀል ሊፈጸም ይችላል ተጠንቀቁ።,Warning,4
7744,እሰይ፣ ሌላ ችግር በመንገድ ላይ ነገ ከሰዓት በኋላ፣ ልክ የሚያስፈልገን ይሄው ነበር።,Sarcasm/Irony,5
7746,የጥያቄው ችግር በዚህ ወር ከዶክተሩ ጋር እፈታለሁ።,Promise,8
7748,ባንኩ ስለ ቦርሳው ማስጠንቀቂያ በዚህ አመት አውጥቷል።,Warning,4
7749,ይቅርታ፣ ስጦታውን ከጥቂት ደቂቃዎች በኋላ ማድረግ አልችልም።,Refusal,2
7750,እንኳን ደስ አለህ ደንበኛው፣ ስለ ልብሱ እንደገና ተሳስተሃል።,Sarcasm/Irony,5
7751,እንዴት ጎበዝ ነህ መሐንዲሱ፣ ቡናውን ሰብረኸዋል!,Sarcasm/Irony,5
7755,ጤና ይስጥልኝ ፖሊሱ፣ ከምሽቱ ጀምሮ ደህና ነህ?,Phatic,7
7757,የውሃው ችግር ከምሽቱ ጀምሮ ከሚኒስትሩ ጋር እፈታለሁ።,Promise,8
7759,የጥያቄው ችግር በዚህ ሳምንት ከጓደኛዬ ጋር እፈታለሁ።,Promise,8
7761,ፖሊሱ፣ ጤና ይስጥልኝ በቤት።,Phatic,7
7762,የሰነዱ ችግር ነገ ከሰዓት በኋላ ከጓደኛዬ ጋር እፈታለሁ።,Promise,8
7764,ማህበሩ ስለ መስኮቱ ማስጠንቀቂያ በሚቀጥለው ሳምንት አውጥቷል።,Warning,4
7765,ደህና እደር ባልደረባዬ፣ ዛሬ ማታ እንገናኝ።,Phatic,7
7766,ጥንቃቄ ያድርጉ፣ በዚህ ወር ፖሊስ ጣቢያ ይንሸራተታል።,Warning,4
7768,እባክዎ ፕሮጀክቱን ለሹፌሩ በስብሰባው ወቅት ይላኩልኝ።,Request,0
7769,ጥያቄው ገና ወደ መጋዘን በዚህ ሳምንት አልደረሰኝም።,Complaint,6
7770,ባንኩ ስለ ዕቃው ማስጠንቀቂያ በዚህ ሳምንት አውጥቷል።,Warning,4
7771,መኪናው ገና ወደ ሱቅ ከሶስት ሰዓት በኋላ አልደረሰኝም።,Complaint,6
7772,ማሽኑ ገና ወደ መንገድ ላይ በዚህ አመት አልደረሰኝም።,Complaint,6
7773,እባክዎ ትዕዛዙን ለአስተማሪዋ በስብሰባው ወቅት ይላኩልኝ።,Request,0
7775,እቅዱን በዚህ ሳምንት ከስቱዲዮው ጋር እናሻሽል።,Suggestion,3
7779,ይህን ቁልፉን ከጠበቃው መቀበል አልችልም።,Refusal,2
7780,ፖሊሱ ወደ ገበያ ከሁለት ቀናት በኋላ ሄደዋል።,Assertion,1
7783,ኤጀንሲው ስለ በሩ ማስጠንቀቂያ በስብሰባው ወቅት አውጥቷል።,Warning,4
7784,ባንኩ ስለ መጽሐፉ ማስጠንቀቂያ ከሁለት ቀናት በኋላ አውጥቷል።,Warning,4
7786,የቁልፉ ችግር ዛሬ ማታ ከስራ አስኪያጁ ጋር እፈታለሁ።,Promise,8
7787,ባልደረባዬ፣ እንደምን አደርክ ነገ ከሰዓት በኋላ?,Phatic,7
7789,እባክዎ ደብዳቤውን ለጠበቃው በዚህ ሳምንት ይላኩልኝ።,Request,0
7790,ፕሮጀክቱን በዚህ ሳምንት ብንሞክር ጥሩ ይሆናል።,Suggestion,3
7791,እባክዎ ውሉን ለመሐንዲሱ ከጥቂት ደቂቃዎች በኋላ ይላኩልኝ።,Request,0
7792,ከጠበቃው ጋር ስለ መጽሐፉ ጉዳይ መስማማት አልችልም።,Refusal,2
7793,ደህና እደር ጠበቃው፣ በዚህ ሳምንት እንገናኝ።,Phatic,7
7794,እንዴት ጎበዝ ነህ ባልደረባዬ፣ ሪፖርቱን ሰብረኸዋል!,Sarcasm/Irony,5
7795,እባክዎ ቡናውን ለዶክተሩ ከሶስት ሰዓት በኋላ ይላኩልኝ።,Request,0
7796,እባክዎ ይቅርታ፣ በሩን ከምሽቱ ጀምሮ ማቅረብ አልችልም።,Refusal,2
7797,እባክህ ለሰነዱ ይህን ዘዴ በሚቀጥለው ሳምንት ተጠቀም።,Suggestion,3
7799,ሂሳቡ ገና ወደ ቢሮ በሳምንቱ መጨረሻ አልደረሰኝም።,Complaint,6
7801,ልብሱ ገና ወደ መጋዘን በሳምንቱ መጨረሻ አልደረሰኝም።,Complaint,6
7802,ምርቱ ገና ወደ ገበያ በስብሰባው ወቅት አልደረሰኝም።,Complaint,6
7803,ከዛሬ ጀምሮ በቢሮ ስብሰባ እናድርግ።,Suggestion,3
7804,እንዴት ደስ ይላል፣ ሚኒስትሩ እንደገና ከአንድ ሰዓት በኋላ ዘገዩ።,Sarcasm/Irony,5
7806,የደብዳቤው ችግር ነገ ጠዋት ከአለቃዬ ጋር እፈታለሁ።,Promise,8
7807,እባክዎ ቦርሳውን ለጓደኛዬ ዛሬ ይላኩልኝ።,Request,0
7808,እባክዎ ፕሮጀክቱን ለጠበቃው በስብሰባው ወቅት ይላኩልኝ።,Request,0
7811,ፖሊስ ጣቢያ በሚቀጥለው ወር ተከፍቷል።,Assertion,1
7814,ፋይሉ ገና ወደ መንገድ ላይ ከሁለት ቀናት በኋላ አልደረሰኝም።,Complaint,6
7815,አዎ በርግጥ፣ የስቱዲዮው እቅድ በዛሬ በጭራሽ አይከሽፍም።,Sarcasm/Irony,5
7817,ይቅርታ፣ ፋይሉን በሚቀጥለው ወር ማድረግ አልችልም።,Refusal,2
7818,መጋዘን ከዛሬ ጀምሮ ተከፍቷል።,Assertion,1
7819,የትዕዛዙ ችግር ነገ ከሰዓት በኋላ ከጓደኛዬ ጋር እፈታለሁ።,Promise,8
7820,ስልኩ ገና ወደ ባንክ በሚቀጥለው ወር አልደረሰኝም።,Complaint,6
7821,ቁልፉ ገና ወደ አውሮፕላን ማረፊያ ዛሬ ማታ አልደረሰኝም።,Complaint,6
7824,በዚህ አመት በአውሮፕላን ማረፊያ ትራፊኩ ከባድ ነው ተጠንቀቁ።,Warning,4
7825,ፕሮጀክቱን ከአንድ ሰዓት በኋላ ብንሞክር ጥሩ ይሆናል።,Suggestion,3
7826,የቡናው ወጪውን በመንገድ ላይ ብንቀንስ የተሻለ ነው።,Suggestion,3
7829,ይህን በሩን ከባልደረባዬ መቀበል አልችልም።,Refusal,2
7830,ቢያንስ አንዴ ትዕዛዙን በፖሊስ ጣቢያ እንሞክር።,Suggestion,3
7832,ከመምህሩ ጋር ስለ ሰነዱ ጉዳይ መስማማት አልችልም።,Refusal,2
7834,ባንኩ ስለ ኮምፒዩተሩ ማስጠንቀቂያ ከሰዓት በኋላ አውጥቷል።,Warning,4
7835,የቡናው ወጪውን በአውሮፕላን ማረፊያ ብንቀንስ የተሻለ ነው።,Suggestion,3
7836,እባክዎ ፋይሉን ለዶክተሩ በሳምንቱ መጨረሻ ይላኩልኝ።,Request,0
7837,ጥንቃቄ ያድርጉ፣ ዛሬ ፖሊስ ጣቢያ ይንሸራተታል።,Warning,4
7839,እባክዎ ይቅርታ፣ ጥያቄውን ከምሽቱ ጀምሮ ማቅረብ አልችልም።,Refusal,2
7841,ጎበዝ ስራ ስራ አስኪያጁ፣ ውሉ ሙሉ በሙሉ ፈርሷል።,Sarcasm/Irony,5
7843,ከምሽቱ ጀምሮ በቤት ስብሰባ እናድርግ።,Suggestion,3
7844,መስኮቱ ገና ወደ ባንክ በዚህ አመት አልደረሰኝም።,Complaint,6
7846,ከጓደኛዬ ጋር ስለ ፕሮጀክቱ ጉዳይ መስማማት አልችልም።,Refusal,2
7848,እባክዎ ውሉን ለመሐንዲሱ በሚቀጥለው ሳምንት ይላኩልኝ።,Request,0
7849,የደብዳቤው ችግር በሳምንቱ መጨረሻ ከአስተማሪዋ ጋር እፈታለሁ።,Promise,8
7850,የልብሱ ችግር ከሰዓት በኋላ ከሹፌሩ ጋር እፈታለሁ።,Promise,8
7851,የትዕዛዙ ችግር ከሰዓት በኋላ ከአለቃዬ ጋር እፈታለሁ።,Promise,8
7853,ሰላም ሹፌሩ፣ ዛሬ እንዴት ነህ?,Phatic,7
7854,እባክዎ ደብዳቤውን ለባልደረባዬ ነገ ይላኩልኝ።,Request,0
7855,እባክዎ ኮምፒዩተሩን ለሹፌሩ ከአንድ ሰዓት በኋላ ይላኩልኝ።,Request,0
7856,ኩባንያው ስለ ስጦታው ማስጠንቀቂያ በዚህ ሳምንት አውጥቷል።,Warning,4
7857,ስቱዲዮው ስለ መጽሐፉ ማስጠንቀቂያ ከጥቂት ደቂቃዎች በኋላ አውጥቷል።,Warning,4
7858,ደህና እደር አለቃዬ፣ ከሁለት ቀናት በኋላ እንገናኝ።,Phatic,7
7861,ማሽኑ ገና ወደ ፖሊስ ጣቢያ ከዛሬ ጀምሮ አልደረሰኝም።,Complaint,6
7863,ይህን ደረሰኙን ከነጋዴው መቀበል አልችልም።,Refusal,2
7865,ጓደኛዬ ወደ ሆስፒታል ከምሽቱ ጀምሮ ሄደዋል።,Assertion,1
7866,እባክዎ መስኮቱን ለጋዜጠኛው ነገ ከሰዓት በኋላ ይላኩልኝ።,Request,0
7868,አመሰግናለሁ ነጋዴው፣ ደህና ዋል በፋብሪካ።,Phatic,7
7869,መጽሐፉ ገና ወደ ሆስፒታል በሚቀጥለው ወር አልደረሰኝም።,Complaint,6
7870,ስለ መኪናው ጉዳይ ከደንበኛው ጋር እንወያይ።,Suggestion,3
7871,በጣም ብልህ ነህ አስተማሪዋ፣ ቁልፉን ረሳኸው።,Sarcasm/Irony,5
7872,ጋዜጠኛው ወደ ቢሮ ዛሬ ሄደዋል።,Assertion,1
7873,የሰነዱ ችግር ዛሬ ማታ ከፖሊሱ ጋር እፈታለሁ።,Promise,8
7874,የደረሰኙ ችግር በሚቀጥለው ወር ከመምህሩ ጋር እፈታለሁ።,Promise,8
7875,የሰነዱ ችግር በዚህ ሳምንት ከመምህሩ ጋር እፈታለሁ።,Promise,8
7876,ከጥቂት ደቂቃዎች በኋላ በሱቅ ትራፊኩ ከባድ ነው ተጠንቀቁ።,Warning,4
7877,ቦርሳውን ነገ ከሰዓት በኋላ ብንሞክር ጥሩ ይሆናል።,Suggestion,3
7878,እንዴት ደስ ይላል፣ ባልደረባዬ እንደገና ነገ ጠዋት ዘገዩ።,Sarcasm/Irony,5
7879,ስራ አስኪያጁ ወደ ገበያ ነገ ከሰዓት በኋላ ሄደዋል።,Assertion,1
7880,ስለ ሰነዱ ጉዳይ ከመሐንዲሱ ጋር እንወያይ።,Suggestion,3
7881,ጎበዝ ስራ ነጋዴው፣ መሳሪያው ሙሉ በሙሉ ፈርሷል።,Sarcasm/Irony,5
7882,ጎበዝ ስራ ሹፌሩ፣ ውሃው ሙሉ በሙሉ ፈርሷል።,Sarcasm/Irony,5
7883,ኤጀንሲው ስለ ቦርሳው ማስጠንቀቂያ በሚቀጥለው ሳምንት አውጥቷል።,Warning,4
7884,እባክዎ ይቅርታ፣ ሰነዱን ከሁለት ቀናት በኋላ ማቅረብ አልችልም።,Refusal,2
7886,እባክዎ ይቅርታ፣ ቦርሳውን ከሶስት ሰዓት በኋላ ማቅረብ አልችልም።,Refusal,2
7887,እሰይ፣ ሌላ ችግር በመጋዘን ዛሬ ማታ፣ ልክ የሚያስፈልገን ይሄው ነበር።,Sarcasm/Irony,5
7888,ደህና ነገ ከሰዓት በኋላ ይሁንልህ ፖሊሱ።,Phatic,7
7889,እባክዎ ምርቱን ለጠበቃው በሚቀጥለው አመት ይላኩልኝ።,Request,0
7890,እባክዎ ይቅርታ፣ ካርታውን በሳምንቱ መጨረሻ ማቅረብ አልችልም።,Refusal,2
7891,ጎበዝ! በጣም ጥሩ ስራ ሰራህ ባልደረባዬ፣ ደረሰኙን አበላሸኸው።,Sarcasm/Irony,5
7894,አዎ በርግጥ፣ የሚኒስቴሩ እቅድ በከዛሬ ጀምሮ በጭራሽ አይከሽፍም።,Sarcasm/Irony,5
7895,ኩባንያው ስለ ውሉ ማስጠንቀቂያ ከዛሬ ጀምሮ አውጥቷል።,Warning,4
7897,እንዴት ደስ ይላል፣ ጠበቃው እንደገና ከጥቂት ደቂቃዎች በኋላ ዘገዩ።,Sarcasm/Irony,5
7899,እባክዎ ካርታውን ለመሐንዲሱ ከዛሬ ጀምሮ ይላኩልኝ።,Request,0
7900,ፖሊሱ ወደ ስብሰባ ክፍል ነገ ከሰዓት በኋላ ሄደዋል።,Assertion,1
7902,እሰይ፣ ሌላ ችግር በሱቅ በሳምንቱ መጨረሻ፣ ልክ የሚያስፈልገን ይሄው ነበር።,Sarcasm/Irony,5
7903,ስለ ቁልፉ ጉዳይ ከደንበኛው ጋር እንወያይ።,Suggestion,3
7904,እንዴት ጎበዝ ነህ ነጋዴው፣ ስልኩን ሰብረኸዋል!,Sarcasm/Irony,5
7906,የስልኩ ችግር በሚቀጥለው ሳምንት ከፖሊሱ ጋር እፈታለሁ።,Promise,8
7908,ደህና በሚቀጥለው አመት ይሁንልህ ስራ አስኪያጁ።,Phatic,7
7909,ኮምፒዩተሩ ገና ወደ ሆስፒታል ነገ ከሰዓት በኋላ አልደረሰኝም።,Complaint,6
7911,እባክዎ ዕቃውን ለስራ አስኪያጁ በስብሰባው ወቅት ይላኩልኝ።,Request,0
7912,እባክዎ ይቅርታ፣ መስኮቱን በዚህ ሳምንት ማቅረብ አልችልም።,Refusal,2
7913,እባክዎ ገንዘቡን ለነጋዴው ከሁለት ቀናት በኋላ ይላኩልኝ።,Request,0
7914,በትምህርት ቤት በሚቀጥለው ሳምንት ወንጀል ሊፈጸም ይችላል ተጠንቀቁ።,Warning,4
7915,እባክዎ ትዕዛዙን ለነጋዴው ነገ ከሰዓት በኋላ ይላኩልኝ።,Request,0
7917,አለቃዬ ወደ ቢሮ ነገ ከሰዓት በኋላ ሄደዋል።,Assertion,1
7918,እባክዎ ፋይሉን ለስራ አስኪያጁ ከሰዓት በኋላ ይላኩልኝ።,Request,0
7919,ጓደኛዬ ወደ ትምህርት ቤት በዚህ አመት ሄደዋል።,Assertion,1
7921,ይቅርታ፣ ውሉን ከጥቂት ደቂቃዎች በኋላ ማድረግ አልችልም።,Refusal,2
7924,እባክዎ ማሽኑን ለጓደኛዬ በስብሰባው ወቅት ይላኩልኝ።,Request,0
7925,ይህን ቤቱን ከጋዜጠኛው መቀበል አልችልም።,Refusal,2
7927,ኤጀንሲው ስለ ኮምፒዩተሩ ማስጠንቀቂያ ከሁለት ቀናት በኋላ አውጥቷል።,Warning,4
7928,ደህና ሁን አለቃዬ፣ እስከ በዚህ ሳምንት እንገናኝ።,Phatic,7
7930,ስልኩ ገና ወደ መንገድ ላይ ነገ አልደረሰኝም።,Complaint,6
7931,ሚኒስቴሩ ስለ ደረሰኙ ማስጠንቀቂያ በስብሰባው ወቅት አውጥቷል።,Warning,4
7932,ደንበኛው ወደ መጋዘን በሚቀጥለው አመት ሄደዋል።,Assertion,1
7933,ሹፌሩ ወደ ሆስፒታል በዚህ አመት ሄደዋል።,Assertion,1
7934,ጤና ይስጥልኝ ጓደኛዬ፣ ከዛሬ ጀምሮ ደህና ነህ?,Phatic,7
7936,ዛሬ ወደ ፖሊስ ጣቢያ እደርሳለሁ።,Promise,8
7938,እሰይ፣ ሌላ ችግር በገበያ ዛሬ፣ ልክ የሚያስፈልገን ይሄው ነበር።,Sarcasm/Irony,5
7940,ኤጀንሲው ስለ መስኮቱ ማስጠንቀቂያ ነገ ከሰዓት በኋላ አውጥቷል።,Warning,4
7942,ቢያንስ አንዴ መኪናውን በቢሮ እንሞክር።,Suggestion,3
7944,መኪናው ገና ወደ ፋብሪካ ነገ ጠዋት አልደረሰኝም።,Complaint,6
7945,የደብዳቤው ችግር በዚህ ወር ከስራ አስኪያጁ ጋር እፈታለሁ።,Promise,8
7946,እንዴት ደስ ይላል፣ ጋዜጠኛው እንደገና በሚቀጥለው ወር ዘገዩ።,Sarcasm/Irony,5
7947,የቡናው ችግር ነገ ከነጋዴው ጋር እፈታለሁ።,Promise,8
7948,ጎበዝ! በጣም ጥሩ ስራ ሰራህ አለቃዬ፣ መሳሪያውን አበላሸኸው።,Sarcasm/Irony,5
7951,እንኳን ደስ አለህ ጋዜጠኛው፣ ስለ ደረሰኙ እንደገና ተሳስተሃል።,Sarcasm/Irony,5
7952,ይቅርታ፣ ሪፖርቱን በሳምንቱ መጨረሻ ማድረግ አልችልም።,Refusal,2
7953,ጎበዝ ስራ አስተማሪዋ፣ ኮምፒዩተሩ ሙሉ በሙሉ ፈርሷል።,Sarcasm/Irony,5
7955,ውሃውን ነገ ከሰዓት በኋላ ብንሞክር ጥሩ ይሆናል።,Suggestion,3
7956,ስቱዲዮው ስለ ቤቱ ማስጠንቀቂያ ከሰዓት በኋላ አውጥቷል።,Warning,4
7958,ከነጋዴው ጋር ስለ ካርታው ጉዳይ መስማማት አልችልም።,Refusal,2
7961,መምህሩ ወደ ሱቅ ከዛሬ ጀምሮ ሄደዋል።,Assertion,1
7962,እባክዎ ደብዳቤውን ለመሐንዲሱ ነገ ከሰዓት በኋላ ይላኩልኝ።,Request,0
7963,ስራ አስኪያጁ ወደ ስብሰባ ክፍል ከሰዓት በኋላ ሄደዋል።,Assertion,1
7964,እንዴት ጎበዝ ነህ ደንበኛው፣ ፕሮጀክቱን ሰብረኸዋል!,Sarcasm/Irony,5
7965,ስልኩ ገና ወደ ፍርድ ቤት ከዛሬ ጀምሮ አልደረሰኝም።,Complaint,6
7966,በጣም ብልህ ነህ መሐንዲሱ፣ ገንዘቡን ረሳኸው።,Sarcasm/Irony,5
7967,ይቅርታ፣ ቁልፉን ነገ ጠዋት ማድረግ አልችልም።,Refusal,2
7968,ሰነዱ ገና ወደ አውሮፕላን ማረፊያ ከሁለት ቀናት በኋላ አልደረሰኝም።,Complaint,6
7969,የምርቱ ችግር ከምሽቱ ጀምሮ ከአስተማሪዋ ጋር እፈታለሁ።,Promise,8
7970,ይህን ፋይሉን ከጋዜጠኛው መቀበል አልችልም።,Refusal,2
7971,ሹፌሩ ወደ መጋዘን በዚህ አመት ሄደዋል።,Assertion,1
7972,ፋይሉን በጥንቃቄ ለአለቃዬ እይዛለሁ።,Promise,8
7973,እንኳን ደስ አለህ መምህሩ፣ ስለ ቁልፉ እንደገና ተሳስተሃል።,Sarcasm/Irony,5
7974,እባክህ ለሪፖርቱ ይህን ዘዴ በዚህ ወር ተጠቀም።,Suggestion,3
7975,ድርጅቱ ስለ ቤቱ ማስጠንቀቂያ ዛሬ ማታ አውጥቷል።,Warning,4
7976,መምህሩ፣ እንደምን አደርክ ነገ?,Phatic,7
7977,ቤቱ ገና ወደ ፍርድ ቤት በሚቀጥለው ወር አልደረሰኝም።,Complaint,6
7978,እባክዎ ውሃውን ለጋዜጠኛው ከዛሬ ጀምሮ ይላኩልኝ።,Request,0
7980,ሰላም ጠበቃው፣ ከዛሬ ጀምሮ እንዴት ነህ?,Phatic,7
7981,ይህን ቦርሳውን ከመምህሩ መቀበል አልችልም።,Refusal,2
7982,እንኳን ደስ አለህ ሚኒስትሩ ከዛሬ ጀምሮ።,Phatic,7
7983,ስራ አስኪያጁ ወደ ቢሮ ዛሬ ሄደዋል።,Assertion,1
7984,ልብሱ ገና ወደ ባንክ ዛሬ ማታ አልደረሰኝም።,Complaint,6
7985,ደንበኛው ወደ ስብሰባ ክፍል ዛሬ ማታ ሄደዋል።,Assertion,1
7986,ጎበዝ ስራ ዶክተሩ፣ ልብሱ ሙሉ በሙሉ ፈርሷል።,Sarcasm/Irony,5
7987,ፕሮጀክቱ ገና ወደ ቤት ከምሽቱ ጀምሮ አልደረሰኝም።,Complaint,6
7988,እባክዎ ይቅርታ፣ ሰነዱን ከሰዓት በኋላ ማቅረብ አልችልም።,Refusal,2
7989,ማሽኑ ገና ወደ ባንክ በዚህ አመት አልደረሰኝም።,Complaint,6
7990,ኤጀንሲው ስለ መሳሪያው ማስጠንቀቂያ ከሶስት ሰዓት በኋላ አውጥቷል።,Warning,4
7991,ይቅርታ፣ መልእክቱን በዚህ አመት ማድረግ አልችልም።,Refusal,2
7992,ውሃው ገና ወደ ከተማው ውስጥ ነገ ጠዋት አልደረሰኝም።,Complaint,6
7994,እንዴት ጎበዝ ነህ ባልደረባዬ፣ ቤቱን ሰብረኸዋል!,Sarcasm/Irony,5
7995,ስጦታው ገና ወደ መጋዘን ከአንድ ሰዓት በኋላ አልደረሰኝም።,Complaint,6
7996,ውሃው ገና ወደ ባንክ ከምሽቱ ጀምሮ አልደረሰኝም።,Complaint,6
7998,መሳሪያውን ዛሬ ማታ ብንሞክር ጥሩ ይሆናል።,Suggestion,3
7999,ሰላም አለቃዬ፣ በሚቀጥለው ወር እንዴት ነህ?,Phatic,7
8001,እባክዎ ደረሰኙን ለሹፌሩ ዛሬ ይላኩልኝ።,Request,0
8002,ውሉን በዚህ ሳምንት ብንሞክር ጥሩ ይሆናል።,Suggestion,3
8003,ደረሰኙ ገና ወደ ቢሮ ነገ አልደረሰኝም።,Complaint,6
8005,ጎበዝ ስራ ደንበኛው፣ ካርታው ሙሉ በሙሉ ፈርሷል።,Sarcasm/Irony,5
8012,ከባልደረባዬ ጋር ስለ መሳሪያው ጉዳይ መስማማት አልችልም።,Refusal,2
8013,እባክዎ ስልኩን ለጠበቃው በሳምንቱ መጨረሻ ይላኩልኝ።,Request,0
8014,ትዕዛዙ ገና ወደ መንገድ ላይ ከአንድ ሰዓት በኋላ አልደረሰኝም።,Complaint,6
8015,እባክዎ ሪፖርቱን ለአስተማሪዋ በስብሰባው ወቅት ይላኩልኝ።,Request,0
8017,ነጋዴው ወደ አውሮፕላን ማረፊያ ከጥቂት ደቂቃዎች በኋላ ሄደዋል።,Assertion,1
8018,ፖሊሱ፣ ጤና ይስጥልኝ በፖሊስ ጣቢያ።,Phatic,7
8019,ፖሊሱ ወደ ፍርድ ቤት ከዛሬ ጀምሮ ሄደዋል።,Assertion,1
8021,እባክዎ ይቅርታ፣ ዕቃውን ከሰዓት በኋላ ማቅረብ አልችልም።,Refusal,2
8022,ቦርሳው ገና ወደ ፖሊስ ጣቢያ ከሶስት ሰዓት በኋላ አልደረሰኝም።,Complaint,6
8023,ኩባንያው ስለ ስጦታው ማስጠንቀቂያ በሚቀጥለው ሳምንት አውጥቷል።,Warning,4
8024,ጎበዝ! በጣም ጥሩ ስራ ሰራህ አስተማሪዋ፣ ደብዳቤውን አበላሸኸው።,Sarcasm/Irony,5
8027,ፋይሉን በሚቀጥለው ሳምንት ብንሞክር ጥሩ ይሆናል።,Suggestion,3
8028,ደንበኛው፣ እንደምን አደርክ ከሁለት ቀናት በኋላ?,Phatic,7
8030,ባንኩ ስለ ቡናው ማስጠንቀቂያ በስብሰባው ወቅት አውጥቷል።,Warning,4
8032,ከነጋዴው ጋር ስለ ሪፖርቱ ጉዳይ መስማማት አልችልም።,Refusal,2
8033,ድርጅቱ ስለ ደረሰኙ ማስጠንቀቂያ ነገ ከሰዓት በኋላ አውጥቷል።,Warning,4
8034,በሱቅ ከምሽቱ ጀምሮ ወንጀል ሊፈጸም ይችላል ተጠንቀቁ።,Warning,4
8036,እንዴት ደስ ይላል፣ ፖሊሱ እንደገና ከሁለት ቀናት በኋላ ዘገዩ።,Sarcasm/Irony,5
8037,ማዕከሉ ስለ ኮምፒዩተሩ ማስጠንቀቂያ ነገ አውጥቷል።,Warning,4
8039,ሹፌሩ ወደ ገበያ ከሶስት ሰዓት በኋላ ሄደዋል።,Assertion,1
8040,እሰይ፣ ሌላ ችግር በፖሊስ ጣቢያ ከሁለት ቀናት በኋላ፣ ልክ የሚያስፈልገን ይሄው ነበር።,Sarcasm/Irony,5
8041,እባክዎ ቡናውን ለመምህሩ በዚህ ወር ይላኩልኝ።,Request,0
8042,ሰላም መሐንዲሱ፣ በዚህ አመት እንዴት ነህ?,Phatic,7
8044,እንዴት ደስ ይላል፣ ደንበኛው እንደገና ዛሬ ማታ ዘገዩ።,Sarcasm/Irony,5
8045,ደብዳቤው ገና ወደ ፍርድ ቤት ከአንድ ሰዓት በኋላ አልደረሰኝም።,Complaint,6
8046,አለቃዬ ወደ መንገድ ላይ በሚቀጥለው ወር ሄደዋል።,Assertion,1
8047,የሰነዱ ችግር ዛሬ ከፖሊሱ ጋር እፈታለሁ።,Promise,8
8048,እንዴት ጎበዝ ነህ አለቃዬ፣ መሳሪያውን ሰብረኸዋል!,Sarcasm/Irony,5
8049,እባክዎ ውሃውን ለነጋዴው በዚህ አመት ይላኩልኝ።,Request,0
8050,እባክዎ ኮምፒዩተሩን ለጋዜጠኛው ነገ ይላኩልኝ።,Request,0
8051,ውሃው ገና ወደ ሆስፒታል ከምሽቱ ጀምሮ አልደረሰኝም።,Complaint,6
8053,እባክዎ ጥያቄውን ለመምህሩ ዛሬ ይላኩልኝ።,Request,0
8054,ሚኒስትሩ ወደ ፍርድ ቤት ከአንድ ሰዓት በኋላ ሄደዋል።,Assertion,1
8055,የገንዘቡ ችግር በዚህ ወር ከአስተማሪዋ ጋር እፈታለሁ።,Promise,8
8056,እንኳን ደስ አለህ አለቃዬ በሳምንቱ መጨረሻ።,Phatic,7
8057,ከሹፌሩ ጋር ስለ ውሃው ጉዳይ መስማማት አልችልም።,Refusal,2
8058,እባክዎ ዕቃውን ለጋዜጠኛው ነገ ጠዋት ይላኩልኝ።,Request,0
8059,ይቅርታ፣ ዕቃውን በሚቀጥለው አመት ማድረግ አልችልም።,Refusal,2
8060,መምህሩ ወደ ገበያ ዛሬ ማታ ሄደዋል።,Assertion,1
8061,ጠበቃው፣ እንደምን አደርክ በዚህ ወር?,Phatic,7
8062,ጥንቃቄ ያድርጉ፣ ዛሬ ማታ ትምህርት ቤት ይንሸራተታል።,Warning,4
8063,እንኳን ደስ አለህ ባልደረባዬ ከሰዓት በኋላ።,Phatic,7
8064,ስቱዲዮው ስለ ደብዳቤው ማስጠንቀቂያ ነገ ጠዋት አውጥቷል።,Warning,4
8068,ሚኒስትሩ ወደ ስብሰባ ክፍል ከአንድ ሰዓት በኋላ ሄደዋል።,Assertion,1
8070,እባክዎ መልእክቱን ለመሐንዲሱ ዛሬ ማታ ይላኩልኝ።,Request,0
8071,ይቅርታ፣ ትዕዛዙን በሳምንቱ መጨረሻ ማድረግ አልችልም።,Refusal,2
8072,የገንዘቡ ችግር በሚቀጥለው ወር ከፖሊሱ ጋር እፈታለሁ።,Promise,8
8074,ቢያንስ አንዴ ገንዘቡን በስብሰባ ክፍል እንሞክር።,Suggestion,3
8075,ደህና በዚህ ሳምንት ይሁንልህ ስራ አስኪያጁ።,Phatic,7
8076,የመጽሐፉ ችግር ዛሬ ከመሐንዲሱ ጋር እፈታለሁ።,Promise,8
8078,ስለ ፋይሉ ከሚኒስትሩ ጋር ማሰብ ይኖርብናል።,Suggestion,3
8079,ጎበዝ ስራ መሐንዲሱ፣ ትዕዛዙ ሙሉ በሙሉ ፈርሷል።,Sarcasm/Irony,5
8080,ደህና እደር ጓደኛዬ፣ ከዛሬ ጀምሮ እንገናኝ።,Phatic,7
8081,ይህን ትዕዛዙን ከደንበኛው መቀበል አልችልም።,Refusal,2
8082,ከመምህሩ ጋር ስለ ቡናው ጉዳይ መስማማት አልችልም።,Refusal,2
8083,ደህና ሁን ሚኒስትሩ፣ እስከ ከሁለት ቀናት በኋላ እንገናኝ።,Phatic,7
8084,የትዕዛዙ ችግር ዛሬ ከሚኒስትሩ ጋር እፈታለሁ።,Promise,8
8085,ማዕከሉ ስለ ውሃው ማስጠንቀቂያ በዚህ ሳምንት አውጥቷል።,Warning,4
8086,የፋይሉ ችግር በስብሰባው ወቅት ከሹፌሩ ጋር እፈታለሁ።,Promise,8
8087,ይቅርታ፣ ምርቱን ከሶስት ሰዓት በኋላ ማድረግ አልችልም።,Refusal,2
8088,መሳሪያው ገና ወደ ቢሮ ከጥቂት ደቂቃዎች በኋላ አልደረሰኝም።,Complaint,6
8090,አዎ በርግጥ፣ የመንግስት እቅድ በከምሽቱ ጀምሮ በጭራሽ አይከሽፍም።,Sarcasm/Irony,5
8091,አመሰግናለሁ ጋዜጠኛው፣ ደህና ዋል በፍርድ ቤት።,Phatic,7
8092,ሹፌሩ፣ ጤና ይስጥልኝ በቢሮ።,Phatic,7
8093,የሂሳቡ ችግር ከሁለት ቀናት በኋላ ከዶክተሩ ጋር እፈታለሁ።,Promise,8
8094,ጎበዝ! በጣም ጥሩ ስራ ሰራህ ዶክተሩ፣ ቦርሳውን አበላሸኸው።,Sarcasm/Irony,5
8095,ፋብሪካው ስለ ቁልፉ ማስጠንቀቂያ ነገ ከሰዓት በኋላ አውጥቷል።,Warning,4
8097,ፋብሪካው ስለ ቤቱ ማስጠንቀቂያ በዚህ ሳምንት አውጥቷል።,Warning,4
8099,አዎ በርግጥ፣ የማህበሩ እቅድ በዛሬ በጭራሽ አይከሽፍም።,Sarcasm/Irony,5
8100,የውሃው ዋጋውን ከሶስት ሰዓት በኋላ ብንቀንስ ደንበኞች ይጨምራሉ።,Suggestion,3
8101,የደብዳቤው ችግር ከሰዓት በኋላ ከስራ አስኪያጁ ጋር እፈታለሁ።,Promise,8
8104,የፕሮጀክቱ ችግር ነገ ከፖሊሱ ጋር እፈታለሁ።,Promise,8
8105,መሐንዲሱ፣ ጤና ይስጥልኝ በሆስፒታል።,Phatic,7
8106,እባክዎ መስኮቱን ለአስተማሪዋ ነገ ይላኩልኝ።,Request,0
8107,ይህን ምርቱን ከባልደረባዬ መቀበል አልችልም።,Refusal,2
8109,ቢያንስ አንዴ ጥያቄውን በመጋዘን እንሞክር።,Suggestion,3
8110,ጎበዝ ስራ አለቃዬ፣ ቤቱ ሙሉ በሙሉ ፈርሷል።,Sarcasm/Irony,5
8111,ደህና ሁን ደንበኛው፣ እስከ ከጥቂት ደቂቃዎች በኋላ እንገናኝ።,Phatic,7
8112,ሪፖርቱን ለደንበኛው ከሁለት ቀናት በኋላ አቀርባለሁ።,Promise,8
8113,በጣም ደግ ነህ ጓደኛዬ፣ በሆስፒታል ምንም እርዳታ አልሰጠኸኝም።,Sarcasm/Irony,5
8117,የቡናው ችግር ከጥቂት ደቂቃዎች በኋላ ከነጋዴው ጋር እፈታለሁ።,Promise,8
8118,የመሳሪያው ችግር በሚቀጥለው ሳምንት ከመምህሩ ጋር እፈታለሁ።,Promise,8
8121,ጠበቃው ወደ መንገድ ላይ ከሰዓት በኋላ ሄደዋል።,Assertion,1
8122,እባክዎ ውሃውን ለስራ አስኪያጁ ከዛሬ ጀምሮ ይላኩልኝ።,Request,0
8123,እንዴት ጎበዝ ነህ ዶክተሩ፣ ጥያቄውን ሰብረኸዋል!,Sarcasm/Irony,5
8124,ደህና ሁን ጋዜጠኛው፣ እስከ ከሶስት ሰዓት በኋላ እንገናኝ።,Phatic,7
8125,እንኳን ደስ አለህ ጋዜጠኛው፣ ስለ ልብሱ እንደገና ተሳስተሃል።,Sarcasm/Irony,5
8126,የቤቱ ችግር ከጥቂት ደቂቃዎች በኋላ ከባልደረባዬ ጋር እፈታለሁ።,Promise,8
8127,እባክዎ ኮምፒዩተሩን ለመምህሩ በሚቀጥለው ወር ይላኩልኝ።,Request,0
8128,ቁልፉ ገና ወደ አውሮፕላን ማረፊያ ከምሽቱ ጀምሮ አልደረሰኝም።,Complaint,6
8131,ፖሊሱ ወደ መጋዘን ዛሬ ሄደዋል።,Assertion,1
8132,ኤጀንሲው ስለ ቤቱ ማስጠንቀቂያ ነገ አውጥቷል።,Warning,4
8133,እንኳን ደስ አለህ መምህሩ፣ ስለ ሰነዱ እንደገና ተሳስተሃል።,Sarcasm/Irony,5
8135,የውሃው ችግር ከአንድ ሰዓት በኋላ ከሹፌሩ ጋር እፈታለሁ።,Promise,8
8136,ጋዜጠኛው ወደ መጋዘን በሳምንቱ መጨረሻ ሄደዋል።,Assertion,1
8137,ስለ መስኮቱ ጉዳይ ከጠበቃው ጋር እንወያይ።,Suggestion,3
8138,ባንኩ ስለ ስልኩ ማስጠንቀቂያ በሚቀጥለው አመት አውጥቷል።,Warning,4
8139,ባንኩ ስለ መጽሐፉ ማስጠንቀቂያ በዚህ ሳምንት አውጥቷል።,Warning,4
8140,እባክዎ ፋይሉን ለአስተማሪዋ ነገ ጠዋት ይላኩልኝ።,Request,0
8141,ከጥቂት ደቂቃዎች በኋላ በፍርድ ቤት ስብሰባ እናድርግ።,Suggestion,3
8143,የገንዘቡ ዋጋውን ከጥቂት ደቂቃዎች በኋላ ብንቀንስ ደንበኞች ይጨምራሉ።,Suggestion,3
8144,እባክዎ ይቅርታ፣ መሳሪያውን ከጥቂት ደቂቃዎች በኋላ ማቅረብ አልችልም።,Refusal,2
8152,ባንኩ ስለ ገንዘቡ ማስጠንቀቂያ ዛሬ አውጥቷል።,Warning,4
8153,እባክዎ ካርታውን ለነጋዴው ነገ ይላኩልኝ።,Request,0
8154,የካርታው ችግር ነገ ከሰዓት በኋላ ከፖሊሱ ጋር እፈታለሁ።,Promise,8
8155,ቦርሳው ገና ወደ ሆስፒታል ከሰዓት በኋላ አልደረሰኝም።,Complaint,6
8156,ደህና ሁን ጠበቃው፣ እስከ ከሰዓት በኋላ እንገናኝ።,Phatic,7
8157,የስጦታው ችግር በዚህ አመት ከአስተማሪዋ ጋር እፈታለሁ።,Promise,8
8158,እባክዎ ውሃውን ለጋዜጠኛው በዚህ አመት ይላኩልኝ።,Request,0
8160,ጎበዝ ስራ ሚኒስትሩ፣ መጽሐፉ ሙሉ በሙሉ ፈርሷል።,Sarcasm/Irony,5
8161,ይህን ቤቱን ከስራ አስኪያጁ መቀበል አልችልም።,Refusal,2
8162,ኤጀንሲው ነገ ከሰዓት በኋላ አዲስ ሰራተኞችን ቀጥሯል።,Assertion,1
8163,ጓደኛዬ፣ ጤና ይስጥልኝ በሆስፒታል።,Phatic,7
8165,ማዕከሉ ስለ ፋይሉ ማስጠንቀቂያ በዚህ አመት አውጥቷል።,Warning,4
8167,እባክዎ ሂሳቡን ለባልደረባዬ ዛሬ ይላኩልኝ።,Request,0
8168,ቤቱ ገና ወደ ትምህርት ቤት ነገ ከሰዓት በኋላ አልደረሰኝም።,Complaint,6
8169,በጣም ደግ ነህ ስራ አስኪያጁ፣ በፋብሪካ ምንም እርዳታ አልሰጠኸኝም።,Sarcasm/Irony,5
8170,መምህሩ፣ እንደምን አደርክ ነገ ከሰዓት በኋላ?,Phatic,7
8171,ውሃው ገና ወደ ሱቅ በሚቀጥለው ሳምንት አልደረሰኝም።,Complaint,6
8172,የቡናው ችግር በዚህ ሳምንት ከፖሊሱ ጋር እፈታለሁ።,Promise,8
8173,ሂሳቡን በሳምንቱ መጨረሻ ብንሞክር ጥሩ ይሆናል።,Suggestion,3
8176,ስለ ማሽኑ ከጋዜጠኛው ጋር ማሰብ ይኖርብናል።,Suggestion,3
8179,ከአስተማሪዋ ጋር ስለ ደብዳቤው ጉዳይ መስማማት አልችልም።,Refusal,2
8180,በስብሰባው ወቅት በከተማው ውስጥ ትራፊኩ ከባድ ነው ተጠንቀቁ።,Warning,4
8181,ጠበቃው ወደ ከተማው ውስጥ ከጥቂት ደቂቃዎች በኋላ ሄደዋል።,Assertion,1
8182,ፖሊሱ ወደ ሱቅ በሚቀጥለው አመት ሄደዋል።,Assertion,1
8183,ውሉ ገና ወደ መጋዘን ከጥቂት ደቂቃዎች በኋላ አልደረሰኝም።,Complaint,6
8184,መሐንዲሱ ወደ ፋብሪካ ዛሬ ሄደዋል።,Assertion,1
8186,እንዴት ደስ ይላል፣ መምህሩ እንደገና በሚቀጥለው አመት ዘገዩ።,Sarcasm/Irony,5
8187,እባክዎ ስልኩን ለሚኒስትሩ ከሁለት ቀናት በኋላ ይላኩልኝ።,Request,0
8189,የደብዳቤው ዋጋውን በሳምንቱ መጨረሻ ብንቀንስ ደንበኞች ይጨምራሉ።,Suggestion,3
8190,ኤጀንሲው ስለ ውሉ ማስጠንቀቂያ ዛሬ ማታ አውጥቷል።,Warning,4
8191,የቁልፉ ገመድ በፋብሪካ አደገኛ ነው ተጠንቀቁ።,Warning,4
8193,አስተማሪዋ ወደ ከተማው ውስጥ ዛሬ ማታ ሄደዋል።,Assertion,1
8194,ጤና ይስጥልኝ አለቃዬ፣ ነገ ከሰዓት በኋላ ደህና ነህ?,Phatic,7
8195,አስተማሪዋ ወደ ፍርድ ቤት ከዛሬ ጀምሮ ሄደዋል።,Assertion,1
8196,ውሃው ገና ወደ ሱቅ ከዛሬ ጀምሮ አልደረሰኝም።,Complaint,6
8197,መልእክቱ ገና ወደ ከተማው ውስጥ በዚህ አመት አልደረሰኝም።,Complaint,6
8198,ጋዜጠኛው ወደ መንገድ ላይ ነገ ጠዋት ሄደዋል።,Assertion,1
8199,የስልኩ ወጪውን በመጋዘን ብንቀንስ የተሻለ ነው።,Suggestion,3
8200,ሚኒስቴሩ ስለ ውሃው ማስጠንቀቂያ ነገ ጠዋት አውጥቷል።,Warning,4
8201,እባክህ ለቡናው ይህን ዘዴ በሚቀጥለው ወር ተጠቀም።,Suggestion,3
8202,አዎ በርግጥ፣ የሚኒስቴሩ እቅድ በበሚቀጥለው ወር በጭራሽ አይከሽፍም።,Sarcasm/Irony,5
8203,አመሰግናለሁ ስራ አስኪያጁ፣ ደህና ዋል በትምህርት ቤት።,Phatic,7
8205,እባክህ ለልብሱ ይህን ዘዴ ዛሬ ተጠቀም።,Suggestion,3
8208,አመሰግናለሁ አስተማሪዋ፣ ደህና ዋል በሱቅ።,Phatic,7
8209,የዕቃው ችግር ዛሬ ማታ ከነጋዴው ጋር እፈታለሁ።,Promise,8
8211,የትዕዛዙ ችግር በዚህ አመት ከሹፌሩ ጋር እፈታለሁ።,Promise,8
8215,እንኳን ደስ አለህ ነጋዴው ነገ ጠዋት።,Phatic,7
8216,የቦርሳው ወጪውን በሱቅ ብንቀንስ የተሻለ ነው።,Suggestion,3
8217,ከምሽቱ ጀምሮ በትምህርት ቤት ትራፊኩ ከባድ ነው ተጠንቀቁ።,Warning,4
8218,የማሽኑ ዋጋውን ከሰዓት በኋላ ብንቀንስ ደንበኞች ይጨምራሉ።,Suggestion,3
8219,ኮምፒዩተሩ ገና ወደ መጋዘን በሚቀጥለው ሳምንት አልደረሰኝም።,Complaint,6
8220,መልእክቱ ገና ወደ ባንክ ከሁለት ቀናት በኋላ አልደረሰኝም።,Complaint,6
8222,መሐንዲሱ ወደ ባንክ በሳምንቱ መጨረሻ ሄደዋል።,Assertion,1
8224,እንኳን ደስ አለህ ጓደኛዬ በዚህ አመት።,Phatic,7
8226,ይህን ሪፖርቱን ከዶክተሩ መቀበል አልችልም።,Refusal,2
8229,አዎ በርግጥ፣ የኩባንያው እቅድ በበስብሰባው ወቅት በጭራሽ አይከሽፍም።,Sarcasm/Irony,5
8231,እንኳን ደስ አለህ ደንበኛው፣ ስለ ኮምፒዩተሩ እንደገና ተሳስተሃል።,Sarcasm/Irony,5
8232,ደንበኛው፣ ጤና ይስጥልኝ በትምህርት ቤት።,Phatic,7
8233,እባክህ ለምርቱ ይህን ዘዴ በዚህ ወር ተጠቀም።,Suggestion,3
8238,ደህና በሚቀጥለው አመት ይሁንልህ ፖሊሱ።,Phatic,7
8239,እንኳን ደስ አለህ ሚኒስትሩ ከሰዓት በኋላ።,Phatic,7
8243,በሚቀጥለው ሳምንት ወደ ፍርድ ቤት እደርሳለሁ።,Promise,8
8244,ይህን ውሃውን ከሚኒስትሩ መቀበል አልችልም።,Refusal,2
8247,ስለ ፕሮጀክቱ ጉዳይ ከጋዜጠኛው ጋር እንወያይ።,Suggestion,3
8249,ጓደኛዬ ወደ ስብሰባ ክፍል ዛሬ ሄደዋል።,Assertion,1
8251,ማዕከሉ ስለ ጥያቄው ማስጠንቀቂያ በዚህ ወር አውጥቷል።,Warning,4
8253,በጣም ብልህ ነህ ጋዜጠኛው፣ ሪፖርቱን ረሳኸው።,Sarcasm/Irony,5
8254,እሰይ፣ ሌላ ችግር በሆስፒታል ከጥቂት ደቂቃዎች በኋላ፣ ልክ የሚያስፈልገን ይሄው ነበር።,Sarcasm/Irony,5
8255,ስለ ቦርሳው ከጠበቃው ጋር ማሰብ ይኖርብናል።,Suggestion,3
8256,ቤቱ ገና ወደ ፋብሪካ ከሰዓት በኋላ አልደረሰኝም።,Complaint,6
8259,እባክዎ ፋይሉን ለስራ አስኪያጁ ከዛሬ ጀምሮ ይላኩልኝ።,Request,0
8260,ምርቱን በስብሰባው ወቅት ብንሞክር ጥሩ ይሆናል።,Suggestion,3
8261,እባክዎ ቡናውን ለሹፌሩ ዛሬ ይላኩልኝ።,Request,0
8265,ማዕከሉ ስለ ቤቱ ማስጠንቀቂያ ከምሽቱ ጀምሮ አውጥቷል።,Warning,4
8266,ደህና ሁን ነጋዴው፣ እስከ ከሰዓት በኋላ እንገናኝ።,Phatic,7
8267,ደህና ከዛሬ ጀምሮ ይሁንልህ አለቃዬ።,Phatic,7
8268,ይህን ደረሰኙን ከፖሊሱ መቀበል አልችልም።,Refusal,2
8269,ጎበዝ! በጣም ጥሩ ስራ ሰራህ ባልደረባዬ፣ መጽሐፉን አበላሸኸው።,Sarcasm/Irony,5
8271,የልብሱ ዋጋውን በሳምንቱ መጨረሻ ብንቀንስ ደንበኞች ይጨምራሉ።,Suggestion,3
8272,እባክዎ ይቅርታ፣ ሂሳቡን ከምሽቱ ጀምሮ ማቅረብ አልችልም።,Refusal,2
8273,ይህን ቦርሳውን ከነጋዴው መቀበል አልችልም።,Refusal,2
8274,እንኳን ደስ አለህ ጋዜጠኛው ከሰዓት በኋላ።,Phatic,7
8276,እባክህ ለሂሳቡ ይህን ዘዴ ዛሬ ተጠቀም።,Suggestion,3
8277,መሐንዲሱ ወደ አውሮፕላን ማረፊያ ከሶስት ሰዓት በኋላ ሄደዋል።,Assertion,1
8278,እባክዎ ይቅርታ፣ ስልኩን ነገ ማቅረብ አልችልም።,Refusal,2
8279,ሚኒስትሩ ወደ ገበያ ከአንድ ሰዓት በኋላ ሄደዋል።,Assertion,1
8280,ፖሊሱ ወደ ከተማው ውስጥ በዚህ ወር ሄደዋል።,Assertion,1
8281,እንኳን ደስ አለህ ደንበኛው ከሶስት ሰዓት በኋላ።,Phatic,7
8282,ሰነዱ ገና ወደ መጋዘን ነገ ከሰዓት በኋላ አልደረሰኝም።,Complaint,6
8284,ፋብሪካው ስለ ቦርሳው ማስጠንቀቂያ በሚቀጥለው አመት አውጥቷል።,Warning,4
8285,ደህና ሁን ፖሊሱ፣ እስከ ከጥቂት ደቂቃዎች በኋላ እንገናኝ።,Phatic,7
8286,ይቅርታ፣ መጽሐፉን ዛሬ ማድረግ አልችልም።,Refusal,2
8289,ይህን ስራ ከነጋዴው ጋር አልቀበልም።,Refusal,2
8290,ሰላም ዶክተሩ፣ ነገ ከሰዓት በኋላ እንዴት ነህ?,Phatic,7
8291,እባክዎ ይቅርታ፣ ቤቱን በሳምንቱ መጨረሻ ማቅረብ አልችልም።,Refusal,2
8292,ሹፌሩ ወደ ቤት በዚህ አመት ሄደዋል።,Assertion,1
8293,ደህና እደር ነጋዴው፣ በሳምንቱ መጨረሻ እንገናኝ።,Phatic,7
8294,በጣም ደግ ነህ ጓደኛዬ፣ በፖሊስ ጣቢያ ምንም እርዳታ አልሰጠኸኝም።,Sarcasm/Irony,5
8295,እንኳን ደስ አለህ ስራ አስኪያጁ፣ ስለ በሩ እንደገና ተሳስተሃል።,Sarcasm/Irony,5
8296,እንዴት ጎበዝ ነህ ጋዜጠኛው፣ ማሽኑን ሰብረኸዋል!,Sarcasm/Irony,5
8297,ከአንድ ሰዓት በኋላ በቤት ትራፊኩ ከባድ ነው ተጠንቀቁ።,Warning,4
8298,አለቃዬ፣ እንደምን አደርክ በሚቀጥለው ሳምንት?,Phatic,7
8301,ስለ መጽሐፉ ጉዳይ ከስራ አስኪያጁ ጋር እንወያይ።,Suggestion,3
8302,ጠበቃው ወደ ባንክ ነገ ሄደዋል።,Assertion,1
8304,እባክዎ ቤቱን ለጠበቃው በስብሰባው ወቅት ይላኩልኝ።,Request,0
8305,የፋይሉ ችግር በሚቀጥለው ወር ከደንበኛው ጋር እፈታለሁ።,Promise,8
8306,ከመሐንዲሱ ጋር ስለ በሩ ጉዳይ መስማማት አልችልም።,Refusal,2
8308,እባክዎ ጥያቄውን ለመሐንዲሱ በዚህ አመት ይላኩልኝ።,Request,0
8309,ውሃው ገና ወደ መጋዘን በዚህ አመት አልደረሰኝም።,Complaint,6
8310,የመስኮቱ ችግር ከአንድ ሰዓት በኋላ ከጓደኛዬ ጋር እፈታለሁ።,Promise,8
8311,በሩ ገና ወደ ቤት ከሶስት ሰዓት በኋላ አልደረሰኝም።,Complaint,6
8312,ኩባንያው ስለ ፕሮጀክቱ ማስጠንቀቂያ ከምሽቱ ጀምሮ አውጥቷል።,Warning,4
8313,እባክዎ ይቅርታ፣ ጥያቄውን ከሰዓት በኋላ ማቅረብ አልችልም።,Refusal,2
8314,መምህሩ ወደ ትምህርት ቤት ከሁለት ቀናት በኋላ ሄደዋል።,Assertion,1
8315,አለቃዬ ወደ ስብሰባ ክፍል ከሁለት ቀናት በኋላ ሄደዋል።,Assertion,1
8318,በሩ ገና ወደ ፋብሪካ ከሶስት ሰዓት በኋላ አልደረሰኝም።,Complaint,6
8319,ደህና እደር መምህሩ፣ በስብሰባው ወቅት እንገናኝ።,Phatic,7
8321,ፋብሪካው ስለ ሂሳቡ ማስጠንቀቂያ ዛሬ አውጥቷል።,Warning,4
8322,ሚኒስቴሩ ስለ ጥያቄው ማስጠንቀቂያ በዚህ ሳምንት አውጥቷል።,Warning,4
8323,አስተማሪዋ ወደ ፋብሪካ በሚቀጥለው ወር ሄደዋል።,Assertion,1
8324,ሰላም ጋዜጠኛው፣ ነገ ጠዋት እንዴት ነህ?,Phatic,7
8325,መንግስት ስለ ደብዳቤው ማስጠንቀቂያ በዚህ ወር አውጥቷል።,Warning,4
8327,እንዴት ጎበዝ ነህ ፖሊሱ፣ መልእክቱን ሰብረኸዋል!,Sarcasm/Irony,5
8330,ውሉ ገና ወደ ቢሮ ከዛሬ ጀምሮ አልደረሰኝም።,Complaint,6
8332,የካርታው ችግር በዚህ አመት ከፖሊሱ ጋር እፈታለሁ።,Promise,8
8334,እባክዎ ውሉን ለሹፌሩ በዚህ ወር ይላኩልኝ።,Request,0
8335,በሚቀጥለው ሳምንት በመንገድ ላይ ስብሰባ እናድርግ።,Suggestion,3
8336,ጎበዝ ስራ አስተማሪዋ፣ መጽሐፉ ሙሉ በሙሉ ፈርሷል።,Sarcasm/Irony,5
8337,የመኪናው ዋጋውን በዚህ ሳምንት ብንቀንስ ደንበኞች ይጨምራሉ።,Suggestion,3
8338,እባክዎ ይቅርታ፣ ቦርሳውን ከዛሬ ጀምሮ ማቅረብ አልችልም።,Refusal,2
8340,ፋብሪካው ስለ ጥያቄው ማስጠንቀቂያ ነገ አውጥቷል።,Warning,4
8341,እባክዎ ይቅርታ፣ በሩን በሳምንቱ መጨረሻ ማቅረብ አልችልም።,Refusal,2
8343,ጓደኛዬ ወደ ፖሊስ ጣቢያ ከዛሬ ጀምሮ ሄደዋል።,Assertion,1
8344,እባክህ ለደብዳቤው ይህን ዘዴ በዚህ ወር ተጠቀም።,Suggestion,3
8345,ደብዳቤው ገና ወደ ሆስፒታል ዛሬ ማታ አልደረሰኝም።,Complaint,6
8346,እባክዎ ትዕዛዙን ለሹፌሩ በሚቀጥለው አመት ይላኩልኝ።,Request,0
8347,እባክዎ በሩን ለጋዜጠኛው ነገ ይላኩልኝ።,Request,0
8348,በጣም ብልህ ነህ መምህሩ፣ ኮምፒዩተሩን ረሳኸው።,Sarcasm/Irony,5
8349,ከጠበቃው ጋር ስለ ስጦታው ጉዳይ መስማማት አልችልም።,Refusal,2
8351,መንግስት ስለ ስልኩ ማስጠንቀቂያ ነገ ከሰዓት በኋላ አውጥቷል።,Warning,4
8353,እባክህ ለትዕዛዙ ይህን ዘዴ ከአንድ ሰዓት በኋላ ተጠቀም።,Suggestion,3
8354,ማሽኑን ዛሬ ብንሞክር ጥሩ ይሆናል።,Suggestion,3
8356,ኩባንያው ስለ ሂሳቡ ማስጠንቀቂያ ዛሬ ማታ አውጥቷል።,Warning,4
8357,እባክዎ ቤቱን ለሹፌሩ ከሁለት ቀናት በኋላ ይላኩልኝ።,Request,0
8358,ሚኒስትሩ ወደ ቢሮ ከሁለት ቀናት በኋላ ሄደዋል።,Assertion,1
8360,በጣም ደግ ነህ ስራ አስኪያጁ፣ በባንክ ምንም እርዳታ አልሰጠኸኝም።,Sarcasm/Irony,5
8362,እባክዎ ካርታውን ለዶክተሩ ከአንድ ሰዓት በኋላ ይላኩልኝ።,Request,0
8364,ኤጀንሲው ስለ ደብዳቤው ማስጠንቀቂያ በዚህ ሳምንት አውጥቷል።,Warning,4
8366,ዕቃውን ነገ ከሰዓት በኋላ ብንሞክር ጥሩ ይሆናል።,Suggestion,3
8368,ይቅርታ፣ ቡናውን ዛሬ ማድረግ አልችልም።,Refusal,2
8369,ፋብሪካው ስለ ደብዳቤው ማስጠንቀቂያ ከጥቂት ደቂቃዎች በኋላ አውጥቷል።,Warning,4
8370,ደንበኛው ወደ ትምህርት ቤት ከሶስት ሰዓት በኋላ ሄደዋል።,Assertion,1
8373,የዕቃው ችግር በሳምንቱ መጨረሻ ከጠበቃው ጋር እፈታለሁ።,Promise,8
8374,መልእክቱ ገና ወደ መጋዘን በዚህ ሳምንት አልደረሰኝም።,Complaint,6
8376,ስቱዲዮው ስለ ፋይሉ ማስጠንቀቂያ ከጥቂት ደቂቃዎች በኋላ አውጥቷል።,Warning,4
8378,ማዕከሉ ስለ ሂሳቡ ማስጠንቀቂያ ከምሽቱ ጀምሮ አውጥቷል።,Warning,4
8379,ስለ ሪፖርቱ ከሚኒስትሩ ጋር ማሰብ ይኖርብናል።,Suggestion,3
8380,ይቅርታ፣ በሩን በሚቀጥለው ሳምንት ማድረግ አልችልም።,Refusal,2
8381,በሚቀጥለው ወር በከተማው ውስጥ ስብሰባ እናድርግ።,Suggestion,3
8382,ይቅርታ፣ ቦርሳውን ነገ ጠዋት ማድረግ አልችልም።,Refusal,2
8386,ነጋዴው ወደ ቢሮ ከሰዓት በኋላ ሄደዋል።,Assertion,1
8388,ከሚኒስትሩ ጋር ስለ በሩ ጉዳይ መስማማት አልችልም።,Refusal,2
8391,በጣም ደግ ነህ ጓደኛዬ፣ በፍርድ ቤት ምንም እርዳታ አልሰጠኸኝም።,Sarcasm/Irony,5
8392,ውሉ ገና ወደ መንገድ ላይ ከሰዓት በኋላ አልደረሰኝም።,Complaint,6
8393,መንግስት ስለ ውሃው ማስጠንቀቂያ በሳምንቱ መጨረሻ አውጥቷል።,Warning,4
8394,ሚኒስቴሩ ስለ መሳሪያው ማስጠንቀቂያ ከሶስት ሰዓት በኋላ አውጥቷል።,Warning,4
8395,እባክዎ ይቅርታ፣ ምርቱን ከጥቂት ደቂቃዎች በኋላ ማቅረብ አልችልም።,Refusal,2
8397,የመልእክቱ ችግር በስብሰባው ወቅት ከመምህሩ ጋር እፈታለሁ።,Promise,8
8399,ይቅርታ፣ መሳሪያውን ከሰዓት በኋላ ማድረግ አልችልም።,Refusal,2
8400,የማሽኑ ገመድ በፍርድ ቤት አደገኛ ነው ተጠንቀቁ።,Warning,4
8401,ደህና እደር ጠበቃው፣ ነገ ጠዋት እንገናኝ።,Phatic,7
8402,ቦርሳውን በጥንቃቄ ለነጋዴው እይዛለሁ።,Promise,8
8403,እባክዎ ፋይሉን ለመምህሩ በሳምንቱ መጨረሻ ይላኩልኝ።,Request,0
8404,መልእክቱ ገና ወደ ገበያ ከዛሬ ጀምሮ አልደረሰኝም።,Complaint,6
8406,አለቃዬ፣ ጤና ይስጥልኝ በቤት።,Phatic,7
8408,ስብሰባ ክፍል ከሶስት ሰዓት በኋላ ተከፍቷል።,Assertion,1
8409,ስቱዲዮው ስለ ዕቃው ማስጠንቀቂያ ከሁለት ቀናት በኋላ አውጥቷል።,Warning,4
8411,ትዕዛዙ ገና ወደ አውሮፕላን ማረፊያ በሚቀጥለው አመት አልደረሰኝም።,Complaint,6
8412,በጣም ብልህ ነህ መምህሩ፣ ቁልፉን ረሳኸው።,Sarcasm/Irony,5
8413,የትዕዛዙ ችግር ዛሬ ከጓደኛዬ ጋር እፈታለሁ።,Promise,8
8414,መምህሩ ወደ መንገድ ላይ በዚህ ሳምንት ሄደዋል።,Assertion,1
8415,እባክዎ ሰነዱን ለጓደኛዬ በዚህ ወር ይላኩልኝ።,Request,0
8416,ጋዜጠኛው ወደ ፖሊስ ጣቢያ ነገ ጠዋት ሄደዋል።,Assertion,1
8418,ቤቱ ገና ወደ ስብሰባ ክፍል ከምሽቱ ጀምሮ አልደረሰኝም።,Complaint,6
8419,ነገ በከተማው ውስጥ ትራፊኩ ከባድ ነው ተጠንቀቁ።,Warning,4
8420,ጠበቃው፣ እንደምን አደርክ ዛሬ?,Phatic,7
8421,የመኪናው ችግር ከምሽቱ ጀምሮ ከአለቃዬ ጋር እፈታለሁ።,Promise,8
8422,እባክዎ ይቅርታ፣ ልብሱን ዛሬ ማታ ማቅረብ አልችልም።,Refusal,2
8423,መልእክቱ ገና ወደ አውሮፕላን ማረፊያ በሚቀጥለው ወር አልደረሰኝም።,Complaint,6
8425,መሳሪያው ገና ወደ መንገድ ላይ ከምሽቱ ጀምሮ አልደረሰኝም።,Complaint,6
8426,ስለ ትዕዛዙ ጉዳይ ከባልደረባዬ ጋር እንወያይ።,Suggestion,3
8430,ይቅርታ፣ ካርታውን ከምሽቱ ጀምሮ ማድረግ አልችልም።,Refusal,2
8432,ጤና ይስጥልኝ ሹፌሩ፣ በዚህ አመት ደህና ነህ?,Phatic,7
8433,ሂሳቡን በዚህ ወር ብንሞክር ጥሩ ይሆናል።,Suggestion,3
8434,ሪፖርቱ ገና ወደ ቢሮ ከዛሬ ጀምሮ አልደረሰኝም።,Complaint,6
8435,ዶክተሩ ወደ ባንክ ከሶስት ሰዓት በኋላ ሄደዋል።,Assertion,1
8437,እባክዎ ኮምፒዩተሩን ለፖሊሱ ከሁለት ቀናት በኋላ ይላኩልኝ።,Request,0
8440,እንኳን ደስ አለህ ስራ አስኪያጁ በሚቀጥለው ወር።,Phatic,7
8441,ጓደኛዬ ወደ ባንክ ነገ ከሰዓት በኋላ ሄደዋል።,Assertion,1
8443,ጥንቃቄ ያድርጉ፣ ከዛሬ ጀምሮ ቤት ይንሸራተታል።,Warning,4
8444,ጋዜጠኛው፣ እንደምን አደርክ በዚህ ወር?,Phatic,7
8447,እንዴት ደስ ይላል፣ ጋዜጠኛው እንደገና ከጥቂት ደቂቃዎች በኋላ ዘገዩ።,Sarcasm/Irony,5
8448,የስጦታው ችግር በሚቀጥለው ወር ከደንበኛው ጋር እፈታለሁ።,Promise,8
8449,መምህሩ ወደ ፍርድ ቤት በዚህ አመት ሄደዋል።,Assertion,1
8451,ጤና ይስጥልኝ ጋዜጠኛው፣ ከሶስት ሰዓት በኋላ ደህና ነህ?,Phatic,7
8452,የስልኩ ዋጋውን ከአንድ ሰዓት በኋላ ብንቀንስ ደንበኞች ይጨምራሉ።,Suggestion,3
8453,ቡናው ገና ወደ አውሮፕላን ማረፊያ በዚህ ሳምንት አልደረሰኝም።,Complaint,6
8454,ፋብሪካው ስለ ዕቃው ማስጠንቀቂያ በዚህ አመት አውጥቷል።,Warning,4
8455,የቡናው ችግር ዛሬ ከጠበቃው ጋር እፈታለሁ።,Promise,8
8457,ከጥቂት ደቂቃዎች በኋላ በፋብሪካ ትራፊኩ ከባድ ነው ተጠንቀቁ።,Warning,4
8460,ስራ አስኪያጁ ወደ አውሮፕላን ማረፊያ ዛሬ ማታ ሄደዋል።,Assertion,1
8462,ጤና ይስጥልኝ ነጋዴው፣ ከአንድ ሰዓት በኋላ ደህና ነህ?,Phatic,7
8463,ስቱዲዮው ስለ ፋይሉ ማስጠንቀቂያ ከሰዓት በኋላ አውጥቷል።,Warning,4
8464,እንኳን ደስ አለህ ሹፌሩ በሚቀጥለው አመት።,Phatic,7
8465,እባክዎ ትዕዛዙን ለአስተማሪዋ ከአንድ ሰዓት በኋላ ይላኩልኝ።,Request,0
8466,ሹፌሩ ወደ ገበያ በስብሰባው ወቅት ሄደዋል።,Assertion,1
8467,ከነጋዴው ጋር ስለ ውሃው ጉዳይ መስማማት አልችልም።,Refusal,2
8468,ደህና ሁን ጓደኛዬ፣ እስከ በዚህ ወር እንገናኝ።,Phatic,7
8469,ጤና ይስጥልኝ ሚኒስትሩ፣ በዚህ ወር ደህና ነህ?,Phatic,7
8470,እባክዎ ደብዳቤውን ለነጋዴው ከሰዓት በኋላ ይላኩልኝ።,Request,0
8472,እንዴት ደስ ይላል፣ ጓደኛዬ እንደገና በዚህ ሳምንት ዘገዩ።,Sarcasm/Irony,5
8473,ይቅርታ፣ ፕሮጀክቱን በስብሰባው ወቅት ማድረግ አልችልም።,Refusal,2
8476,ስለ ኮምፒዩተሩ ከመሐንዲሱ ጋር ማሰብ ይኖርብናል።,Suggestion,3
8477,በአውሮፕላን ማረፊያ ዛሬ ወንጀል ሊፈጸም ይችላል ተጠንቀቁ።,Warning,4
8478,ሰላም ደንበኛው፣ ከሰዓት በኋላ እንዴት ነህ?,Phatic,7
8479,እባክዎ ቤቱን ለመሐንዲሱ ከሰዓት በኋላ ይላኩልኝ።,Request,0
8482,የምርቱ ችግር በዚህ ወር ከጋዜጠኛው ጋር እፈታለሁ።,Promise,8
8483,ካርታው ገና ወደ ቢሮ ነገ አልደረሰኝም።,Complaint,6
8484,እባክዎ ልብሱን ለመሐንዲሱ ነገ ይላኩልኝ።,Request,0
8485,እባክዎ ቡናውን ለጠበቃው ከጥቂት ደቂቃዎች በኋላ ይላኩልኝ።,Request,0
8486,ጤና ይስጥልኝ ፖሊሱ፣ ከአንድ ሰዓት በኋላ ደህና ነህ?,Phatic,7
8488,ይቅርታ፣ በሩን ዛሬ ማታ ማድረግ አልችልም።,Refusal,2
8489,እንዴት ጎበዝ ነህ መሐንዲሱ፣ ፋይሉን ሰብረኸዋል!,Sarcasm/Irony,5
8490,ባንኩ ስለ ሰነዱ ማስጠንቀቂያ ከሰዓት በኋላ አውጥቷል።,Warning,4
8491,እባክዎ ቡናውን ለጓደኛዬ ከምሽቱ ጀምሮ ይላኩልኝ።,Request,0
8492,እባክዎ ደብዳቤውን ለባልደረባዬ ነገ ጠዋት ይላኩልኝ።,Request,0
8495,የቤቱ ችግር ዛሬ ማታ ከፖሊሱ ጋር እፈታለሁ።,Promise,8
8496,በጣም ብልህ ነህ ዶክተሩ፣ ዕቃውን ረሳኸው።,Sarcasm/Irony,5
8498,ከሚኒስትሩ ጋር ስለ ደረሰኙ ጉዳይ መስማማት አልችልም።,Refusal,2
8499,አስተማሪዋ ወደ ሱቅ ከምሽቱ ጀምሮ ሄደዋል።,Assertion,1
8500,በሚቀጥለው ሳምንት ወደ ትምህርት ቤት እደርሳለሁ።,Promise,8
8501,እባክዎ ቁልፉን ለጋዜጠኛው ከሁለት ቀናት በኋላ ይላኩልኝ።,Request,0
8502,ጎበዝ ስራ ፖሊሱ፣ ደረሰኙ ሙሉ በሙሉ ፈርሷል።,Sarcasm/Irony,5
8504,እባክዎ ዕቃውን ለስራ አስኪያጁ ከዛሬ ጀምሮ ይላኩልኝ።,Request,0
8505,ማህበሩ ስለ ሰነዱ ማስጠንቀቂያ በሳምንቱ መጨረሻ አውጥቷል።,Warning,4
8506,ሪፖርቱ ገና ወደ ሱቅ ከምሽቱ ጀምሮ አልደረሰኝም።,Complaint,6
8507,ይህን ደረሰኙን ከአስተማሪዋ መቀበል አልችልም።,Refusal,2
8509,ስልኩ ገና ወደ አውሮፕላን ማረፊያ ነገ ከሰዓት በኋላ አልደረሰኝም።,Complaint,6
8510,ጥንቃቄ ያድርጉ፣ በሚቀጥለው አመት ስብሰባ ክፍል ይንሸራተታል።,Warning,4
8512,እባክዎ ሂሳቡን ለመሐንዲሱ ነገ ይላኩልኝ።,Request,0
8515,ሂሳቡ ገና ወደ ቤት ከሰዓት በኋላ አልደረሰኝም።,Complaint,6
8517,እባክዎ መሳሪያውን ለዶክተሩ ዛሬ ይላኩልኝ።,Request,0
8519,ማሽኑ ገና ወደ ፍርድ ቤት በሚቀጥለው ወር አልደረሰኝም።,Complaint,6
8521,የማሽኑ ዋጋውን በሳምንቱ መጨረሻ ብንቀንስ ደንበኞች ይጨምራሉ።,Suggestion,3
8522,ጋዜጠኛው ወደ ሱቅ በዚህ ወር ሄደዋል።,Assertion,1
8523,ፖሊሱ ወደ መንገድ ላይ ከምሽቱ ጀምሮ ሄደዋል።,Assertion,1
8524,ደህና ዛሬ ይሁንልህ ደንበኛው።,Phatic,7
8525,ፕሮጀክቱን ከዛሬ ጀምሮ ብንሞክር ጥሩ ይሆናል።,Suggestion,3
8526,ፖሊሱ ወደ ከተማው ውስጥ ነገ ከሰዓት በኋላ ሄደዋል።,Assertion,1
8527,ይህን ቦርሳውን ከሹፌሩ መቀበል አልችልም።,Refusal,2
8531,ሚኒስትሩ ወደ ፋብሪካ ነገ ከሰዓት በኋላ ሄደዋል።,Assertion,1
8533,ስራ አስኪያጁ ወደ ትምህርት ቤት ነገ ጠዋት ሄደዋል።,Assertion,1
8534,የጥያቄው ችግር በሚቀጥለው ሳምንት ከጓደኛዬ ጋር እፈታለሁ።,Promise,8
8535,ይህን ሰነዱን ከስራ አስኪያጁ መቀበል አልችልም።,Refusal,2
8536,ይቅርታ፣ ፕሮጀክቱን ነገ ጠዋት ማድረግ አልችልም።,Refusal,2
8537,እባክዎ በሩን ለባልደረባዬ ነገ ይላኩልኝ።,Request,0
8540,ባልደረባዬ ወደ ባንክ ዛሬ ማታ ሄደዋል።,Assertion,1
8542,የመሳሪያው ወጪውን በትምህርት ቤት ብንቀንስ የተሻለ ነው።,Suggestion,3
8543,ይህን ማሽኑን ከአለቃዬ መቀበል አልችልም።,Refusal,2
8544,ማዕከሉ ከሶስት ሰዓት በኋላ አዲስ ሰራተኞችን ቀጥሯል።,Assertion,1
8545,እንኳን ደስ አለህ ጠበቃው ነገ ከሰዓት በኋላ።,Phatic,7
8548,መንግስት ስለ ዕቃው ማስጠንቀቂያ ነገ አውጥቷል።,Warning,4
8549,ካርታው ገና ወደ ቤት በሳምንቱ መጨረሻ አልደረሰኝም።,Complaint,6
8550,የደረሰኙ ችግር በዚህ አመት ከነጋዴው ጋር እፈታለሁ።,Promise,8
8552,ቢያንስ አንዴ ካርታውን በከተማው ውስጥ እንሞክር።,Suggestion,3
8554,ደህና እደር አለቃዬ፣ በዚህ ወር እንገናኝ።,Phatic,7
8555,የደረሰኙ ችግር ዛሬ ማታ ከደንበኛው ጋር እፈታለሁ።,Promise,8
8557,ማህበሩ ስለ ደረሰኙ ማስጠንቀቂያ ነገ ጠዋት አውጥቷል።,Warning,4
8558,ውሃው ገና ወደ ቤት ከአንድ ሰዓት በኋላ አልደረሰኝም።,Complaint,6
8559,እባክህ ለምርቱ ይህን ዘዴ በዚህ አመት ተጠቀም።,Suggestion,3
8560,ዕቃው ገና ወደ መንገድ ላይ በዚህ ወር አልደረሰኝም።,Complaint,6
8561,ኤጀንሲው ስለ ሰነዱ ማስጠንቀቂያ በዚህ አመት አውጥቷል።,Warning,4
8562,ሰነዱ ገና ወደ ሱቅ ከምሽቱ ጀምሮ አልደረሰኝም።,Complaint,6
8563,ውሃው ገና ወደ መጋዘን ነገ አልደረሰኝም።,Complaint,6
8564,እቅዱን ከጥቂት ደቂቃዎች በኋላ ከፋብሪካው ጋር እናሻሽል።,Suggestion,3
8565,ይቅርታ፣ በሩን ከሰዓት በኋላ ማድረግ አልችልም።,Refusal,2
8566,መንግስት ስለ መሳሪያው ማስጠንቀቂያ ከአንድ ሰዓት በኋላ አውጥቷል።,Warning,4
8567,እባክዎ መኪናውን ለአስተማሪዋ ከዛሬ ጀምሮ ይላኩልኝ።,Request,0
8568,ደንበኛው ወደ ሱቅ በሚቀጥለው ወር ሄደዋል።,Assertion,1
8569,ደህና ነገ ይሁንልህ ስራ አስኪያጁ።,Phatic,7
8572,ባልደረባዬ ወደ ቢሮ ነገ ጠዋት ሄደዋል።,Assertion,1
8573,ትዕዛዙ ገና ወደ ከተማው ውስጥ በሳምንቱ መጨረሻ አልደረሰኝም።,Complaint,6
8575,በጣም ብልህ ነህ አስተማሪዋ፣ ቡናውን ረሳኸው።,Sarcasm/Irony,5
8576,ጎበዝ! በጣም ጥሩ ስራ ሰራህ መሐንዲሱ፣ ቁልፉን አበላሸኸው።,Sarcasm/Irony,5
8577,የመስኮቱ ዋጋውን በሳምንቱ መጨረሻ ብንቀንስ ደንበኞች ይጨምራሉ።,Suggestion,3
8578,በጣም ደግ ነህ መምህሩ፣ በትምህርት ቤት ምንም እርዳታ አልሰጠኸኝም።,Sarcasm/Irony,5
8579,ማዕከሉ ስለ ቡናው ማስጠንቀቂያ ከምሽቱ ጀምሮ አውጥቷል።,Warning,4
8580,ቢያንስ አንዴ መጽሐፉን በሆስፒታል እንሞክር።,Suggestion,3
8581,እባክዎ ይቅርታ፣ ትዕዛዙን ዛሬ ማታ ማቅረብ አልችልም።,Refusal,2
8582,የሰነዱ ችግር ነገ ከጓደኛዬ ጋር እፈታለሁ።,Promise,8
8583,ፖሊሱ ወደ አውሮፕላን ማረፊያ ከዛሬ ጀምሮ ሄደዋል።,Assertion,1
8584,የቤቱ ወጪውን በትምህርት ቤት ብንቀንስ የተሻለ ነው።,Suggestion,3
8585,ሰላም ነጋዴው፣ ዛሬ እንዴት ነህ?,Phatic,7
8587,ደረሰኙ ገና ወደ ቢሮ በሳምንቱ መጨረሻ አልደረሰኝም።,Complaint,6
8588,የገንዘቡ ችግር ነገ ጠዋት ከጠበቃው ጋር እፈታለሁ።,Promise,8
8589,እባክዎ ፕሮጀክቱን ለፖሊሱ ከዛሬ ጀምሮ ይላኩልኝ።,Request,0
8590,እባክዎ መጽሐፉን ለሚኒስትሩ ከሶስት ሰዓት በኋላ ይላኩልኝ።,Request,0
8592,እንዴት ደስ ይላል፣ ጠበቃው እንደገና በዚህ አመት ዘገዩ።,Sarcasm/Irony,5
8593,ፖሊሱ ወደ አውሮፕላን ማረፊያ ነገ ከሰዓት በኋላ ሄደዋል።,Assertion,1
8594,ባልደረባዬ፣ ጤና ይስጥልኝ በቢሮ።,Phatic,7
8595,የፕሮጀክቱ ገመድ በባንክ አደገኛ ነው ተጠንቀቁ።,Warning,4
8596,ደንበኛው ወደ ሱቅ በስብሰባው ወቅት ሄደዋል።,Assertion,1
8597,ስራ አስኪያጁ ወደ መጋዘን በሳምንቱ መጨረሻ ሄደዋል።,Assertion,1
8598,መሐንዲሱ ወደ ገበያ ከአንድ ሰዓት በኋላ ሄደዋል።,Assertion,1
8599,ዛሬ ማታ ወደ መጋዘን እመጣለሁ።,Promise,8
8600,ሹፌሩ፣ እንደምን አደርክ ነገ ከሰዓት በኋላ?,Phatic,7
8602,ኮምፒዩተሩ ገና ወደ ትምህርት ቤት ከዛሬ ጀምሮ አልደረሰኝም።,Complaint,6
8606,ከጠበቃው ጋር ስለ ቤቱ ጉዳይ መስማማት አልችልም።,Refusal,2
8608,እንዴት ደስ ይላል፣ ጓደኛዬ እንደገና ከሁለት ቀናት በኋላ ዘገዩ።,Sarcasm/Irony,5
8609,ይቅርታ፣ ኮምፒዩተሩን ከሶስት ሰዓት በኋላ ማድረግ አልችልም።,Refusal,2
8610,እቅዱን ከሁለት ቀናት በኋላ ከሚኒስቴሩ ጋር እናሻሽል።,Suggestion,3
8611,ይቅርታ፣ ሪፖርቱን ከአንድ ሰዓት በኋላ ማድረግ አልችልም።,Refusal,2
8612,ደህና ሁን ባልደረባዬ፣ እስከ ዛሬ ማታ እንገናኝ።,Phatic,7
8613,እባክዎ ይቅርታ፣ ፋይሉን በዚህ አመት ማቅረብ አልችልም።,Refusal,2
8614,እባክዎ ስጦታውን ለስራ አስኪያጁ ነገ ጠዋት ይላኩልኝ።,Request,0
8616,እባክዎ መኪናውን ለመሐንዲሱ ነገ ይላኩልኝ።,Request,0
8618,ኤጀንሲው ስለ መጽሐፉ ማስጠንቀቂያ በዚህ አመት አውጥቷል።,Warning,4
8619,አመሰግናለሁ ባልደረባዬ፣ ደህና ዋል በመንገድ ላይ።,Phatic,7
8622,እባክዎ መኪናውን ለነጋዴው ከሁለት ቀናት በኋላ ይላኩልኝ።,Request,0
8624,እባክዎ ሰነዱን ለጓደኛዬ በዚህ ሳምንት ይላኩልኝ።,Request,0
8626,ሚኒስትሩ ወደ ባንክ ከሶስት ሰዓት በኋላ ሄደዋል።,Assertion,1
8627,ዶክተሩ ወደ ሱቅ ከሁለት ቀናት በኋላ ሄደዋል።,Assertion,1
8628,መምህሩ ወደ ፍርድ ቤት ከሶስት ሰዓት በኋላ ሄደዋል።,Assertion,1
8630,የቡናው ችግር በሚቀጥለው አመት ከሹፌሩ ጋር እፈታለሁ።,Promise,8
8632,የሪፖርቱ ዋጋውን ከሁለት ቀናት በኋላ ብንቀንስ ደንበኞች ይጨምራሉ።,Suggestion,3
8633,በስብሰባው ወቅት ወደ ፖሊስ ጣቢያ እደርሳለሁ።,Promise,8
8634,ቤቱ ገና ወደ ባንክ ዛሬ ማታ አልደረሰኝም።,Complaint,6
8635,ጎበዝ! በጣም ጥሩ ስራ ሰራህ ጓደኛዬ፣ ስልኩን አበላሸኸው።,Sarcasm/Irony,5
8636,እንኳን ደስ አለህ ስራ አስኪያጁ ዛሬ።,Phatic,7
8637,ደህና እደር መምህሩ፣ በዚህ አመት እንገናኝ።,Phatic,7
8639,የሂሳቡ ችግር ከዛሬ ጀምሮ ከመሐንዲሱ ጋር እፈታለሁ።,Promise,8
8641,እባክህ ለደረሰኙ ይህን ዘዴ በስብሰባው ወቅት ተጠቀም።,Suggestion,3
8642,እሰይ፣ ሌላ ችግር በፖሊስ ጣቢያ ከሶስት ሰዓት በኋላ፣ ልክ የሚያስፈልገን ይሄው ነበር።,Sarcasm/Irony,5
8643,ከአለቃዬ ጋር ስለ ሪፖርቱ ጉዳይ መስማማት አልችልም።,Refusal,2
8645,ጓደኛዬ ወደ ቤት በስብሰባው ወቅት ሄደዋል።,Assertion,1
8646,አዎ በርግጥ፣ የኩባንያው እቅድ በከዛሬ ጀምሮ በጭራሽ አይከሽፍም።,Sarcasm/Irony,5
8649,እባክዎ ውሃውን ለጓደኛዬ በሚቀጥለው ሳምንት ይላኩልኝ።,Request,0
8651,እባክዎ መሳሪያውን ለመሐንዲሱ ነገ ከሰዓት በኋላ ይላኩልኝ።,Request,0
8652,ደብዳቤው ገና ወደ መንገድ ላይ ከዛሬ ጀምሮ አልደረሰኝም።,Complaint,6
8653,ውሉ ገና ወደ ከተማው ውስጥ ነገ ጠዋት አልደረሰኝም።,Complaint,6
8656,የመኪናው ችግር ከዛሬ ጀምሮ ከስራ አስኪያጁ ጋር እፈታለሁ።,Promise,8
8657,ደንበኛው ወደ ቤት ከሶስት ሰዓት በኋላ ሄደዋል።,Assertion,1
8658,ጎበዝ ስራ ጓደኛዬ፣ ዕቃው ሙሉ በሙሉ ፈርሷል።,Sarcasm/Irony,5
8659,የመኪናው ወጪውን በስብሰባ ክፍል ብንቀንስ የተሻለ ነው።,Suggestion,3
8660,ውሉ ገና ወደ ቤት በሚቀጥለው ሳምንት አልደረሰኝም።,Complaint,6
8663,የምርቱ ችግር ዛሬ ማታ ከአለቃዬ ጋር እፈታለሁ።,Promise,8
8664,ድርጅቱ በሚቀጥለው አመት አዲስ ሰራተኞችን ቀጥሯል።,Assertion,1
8666,ጎበዝ! በጣም ጥሩ ስራ ሰራህ ጋዜጠኛው፣ ደረሰኙን አበላሸኸው።,Sarcasm/Irony,5
8668,ማዕከሉ ስለ ፋይሉ ማስጠንቀቂያ በዚህ ወር አውጥቷል።,Warning,4
8669,እባክዎ ገንዘቡን ለስራ አስኪያጁ ከአንድ ሰዓት በኋላ ይላኩልኝ።,Request,0
8670,ደህና ሁን ደንበኛው፣ እስከ ነገ ከሰዓት በኋላ እንገናኝ።,Phatic,7
8671,ባንኩ ስለ ቡናው ማስጠንቀቂያ ከጥቂት ደቂቃዎች በኋላ አውጥቷል።,Warning,4
8673,እባክዎ ይቅርታ፣ ጥያቄውን በስብሰባው ወቅት ማቅረብ አልችልም።,Refusal,2
8674,ስለ ሪፖርቱ ከደንበኛው ጋር ማሰብ ይኖርብናል።,Suggestion,3
8676,ጠበቃው ወደ አውሮፕላን ማረፊያ ዛሬ ማታ ሄደዋል።,Assertion,1
8678,እባክዎ ቡናውን ለአለቃዬ በዚህ አመት ይላኩልኝ።,Request,0
8679,ሚኒስቴሩ ስለ ሰነዱ ማስጠንቀቂያ ነገ ከሰዓት በኋላ አውጥቷል።,Warning,4
8683,ደንበኛው፣ እንደምን አደርክ በዚህ አመት?,Phatic,7
8685,እባክዎ መስኮቱን ለስራ አስኪያጁ ነገ ከሰዓት በኋላ ይላኩልኝ።,Request,0
8686,ከጠበቃው ጋር ስለ በሩ ጉዳይ መስማማት አልችልም።,Refusal,2
8687,ሂሳቡ ገና ወደ አውሮፕላን ማረፊያ ከሰዓት በኋላ አልደረሰኝም።,Complaint,6
8693,ይህን መስኮቱን ከስራ አስኪያጁ መቀበል አልችልም።,Refusal,2
8695,እባክዎ ገንዘቡን ለአለቃዬ ከሁለት ቀናት በኋላ ይላኩልኝ።,Request,0
8697,ይቅርታ፣ ገንዘቡን ነገ ከሰዓት በኋላ ማድረግ አልችልም።,Refusal,2
8699,ደህና ነገ ከሰዓት በኋላ ይሁንልህ ደንበኛው።,Phatic,7
8700,እባክዎ መስኮቱን ለአለቃዬ በዚህ አመት ይላኩልኝ።,Request,0
8703,አስተማሪዋ ወደ ፖሊስ ጣቢያ ዛሬ ሄደዋል።,Assertion,1
8704,ዶክተሩ ወደ ፍርድ ቤት በዚህ ወር ሄደዋል።,Assertion,1
8705,እባክህ ለቦርሳው ይህን ዘዴ ከምሽቱ ጀምሮ ተጠቀም።,Suggestion,3
8706,በሩን በጥንቃቄ ለደንበኛው እይዛለሁ።,Promise,8
8707,የመጽሐፉ ችግር ከዛሬ ጀምሮ ከአስተማሪዋ ጋር እፈታለሁ።,Promise,8
8709,እንዴት ደስ ይላል፣ ሚኒስትሩ እንደገና በዚህ ወር ዘገዩ።,Sarcasm/Irony,5
8710,ደህና ሁን አለቃዬ፣ እስከ በስብሰባው ወቅት እንገናኝ።,Phatic,7
8711,አመሰግናለሁ ዶክተሩ፣ ደህና ዋል በመጋዘን።,Phatic,7
8712,እባክዎ ምርቱን ለባልደረባዬ በዚህ ወር ይላኩልኝ።,Request,0
8714,እባክህ ለመሳሪያው ይህን ዘዴ ዛሬ ተጠቀም።,Suggestion,3
8715,ፖሊሱ ወደ ገበያ በዚህ አመት ሄደዋል።,Assertion,1
8716,መሐንዲሱ ወደ ቤት በዚህ ወር ሄደዋል።,Assertion,1
8718,እሰይ፣ ሌላ ችግር በቢሮ ከጥቂት ደቂቃዎች በኋላ፣ ልክ የሚያስፈልገን ይሄው ነበር።,Sarcasm/Irony,5
8719,እባክዎ ሪፖርቱን ለጓደኛዬ ነገ ከሰዓት በኋላ ይላኩልኝ።,Request,0
8720,ልብሱን በጥንቃቄ ለሹፌሩ እይዛለሁ።,Promise,8
8721,ድርጅቱ ስለ ገንዘቡ ማስጠንቀቂያ ዛሬ ማታ አውጥቷል።,Warning,4
8723,ባልደረባዬ ወደ ሆስፒታል ዛሬ ሄደዋል።,Assertion,1
8725,ኮምፒዩተሩ ገና ወደ ሆስፒታል በዚህ ወር አልደረሰኝም።,Complaint,6
8726,የካርታው ችግር በስብሰባው ወቅት ከስራ አስኪያጁ ጋር እፈታለሁ።,Promise,8
8728,የኮምፒዩተሩ ወጪውን በትምህርት ቤት ብንቀንስ የተሻለ ነው።,Suggestion,3
8730,የጥያቄው ወጪውን በፋብሪካ ብንቀንስ የተሻለ ነው።,Suggestion,3
8731,እባክዎ ልብሱን ለመሐንዲሱ ነገ ከሰዓት በኋላ ይላኩልኝ።,Request,0
8733,የፋይሉ ችግር በሚቀጥለው ሳምንት ከደንበኛው ጋር እፈታለሁ።,Promise,8
8734,የፕሮጀክቱ ዋጋውን ነገ ጠዋት ብንቀንስ ደንበኞች ይጨምራሉ።,Suggestion,3
8736,ይቅርታ፣ ቡናውን ነገ ማድረግ አልችልም።,Refusal,2
8737,እባክዎ ይቅርታ፣ ደረሰኙን ከአንድ ሰዓት በኋላ ማቅረብ አልችልም።,Refusal,2
8738,እባክዎ ይቅርታ፣ ትዕዛዙን ነገ ጠዋት ማቅረብ አልችልም።,Refusal,2
8739,ከመምህሩ ጋር ስለ ትዕዛዙ ጉዳይ መስማማት አልችልም።,Refusal,2
8740,ነገ ከሰዓት በኋላ በባንክ ስብሰባ እናድርግ።,Suggestion,3
8741,ጎበዝ! በጣም ጥሩ ስራ ሰራህ ሹፌሩ፣ መሳሪያውን አበላሸኸው።,Sarcasm/Irony,5
8742,እንኳን ደስ አለህ ሹፌሩ ከዛሬ ጀምሮ።,Phatic,7
8744,እንኳን ደስ አለህ ሚኒስትሩ ከሁለት ቀናት በኋላ።,Phatic,7
8745,ቢያንስ አንዴ መስኮቱን በአውሮፕላን ማረፊያ እንሞክር።,Suggestion,3
8746,ስጦታው ገና ወደ ባንክ ዛሬ ማታ አልደረሰኝም።,Complaint,6
8747,መሐንዲሱ ወደ መጋዘን ከጥቂት ደቂቃዎች በኋላ ሄደዋል።,Assertion,1
8748,ጤና ይስጥልኝ ሚኒስትሩ፣ በዚህ አመት ደህና ነህ?,Phatic,7
8749,ደብዳቤው ገና ወደ ገበያ በዚህ አመት አልደረሰኝም።,Complaint,6
8750,ጎበዝ! በጣም ጥሩ ስራ ሰራህ ባልደረባዬ፣ ስልኩን አበላሸኸው።,Sarcasm/Irony,5
8751,ጠበቃው፣ እንደምን አደርክ በስብሰባው ወቅት?,Phatic,7
8752,ስጦታው ገና ወደ አውሮፕላን ማረፊያ በሚቀጥለው አመት አልደረሰኝም።,Complaint,6
8754,እባክዎ ፋይሉን ለሚኒስትሩ በሚቀጥለው ሳምንት ይላኩልኝ።,Request,0
8755,በሳምንቱ መጨረሻ ወደ ቤት እመጣለሁ።,Promise,8
8756,ሰነዱን ከሶስት ሰዓት በኋላ ብንሞክር ጥሩ ይሆናል።,Suggestion,3
8757,ጥንቃቄ ያድርጉ፣ ከሁለት ቀናት በኋላ መጋዘን ይንሸራተታል።,Warning,4
8759,ይቅርታ፣ ቦርሳውን ከሶስት ሰዓት በኋላ ማድረግ አልችልም።,Refusal,2
8760,የመሳሪያው ዋጋውን በዚህ አመት ብንቀንስ ደንበኞች ይጨምራሉ።,Suggestion,3
8761,ነጋዴው ወደ ቢሮ በዚህ ወር ሄደዋል።,Assertion,1
8762,ሰላም ደንበኛው፣ ከምሽቱ ጀምሮ እንዴት ነህ?,Phatic,7
8763,እባክዎ ልብሱን ለመሐንዲሱ ከሁለት ቀናት በኋላ ይላኩልኝ።,Request,0
8764,የስጦታው ችግር ዛሬ ከጓደኛዬ ጋር እፈታለሁ።,Promise,8
8765,መኪናውን ነገ ብንሞክር ጥሩ ይሆናል።,Suggestion,3
8766,የውሉ ችግር በዚህ ወር ከነጋዴው ጋር እፈታለሁ።,Promise,8
8767,የደረሰኙ ችግር በዚህ ወር ከመምህሩ ጋር እፈታለሁ።,Promise,8
8768,ሚኒስትሩ ወደ መጋዘን ከሁለት ቀናት በኋላ ሄደዋል።,Assertion,1
8769,መስኮቱ ገና ወደ ሱቅ ነገ ከሰዓት በኋላ አልደረሰኝም።,Complaint,6
8770,ደህና ሁን ጋዜጠኛው፣ እስከ በስብሰባው ወቅት እንገናኝ።,Phatic,7
8771,ከጠበቃው ጋር ስለ ውሉ ጉዳይ መስማማት አልችልም።,Refusal,2
8772,መኪናው ገና ወደ አውሮፕላን ማረፊያ ከጥቂት ደቂቃዎች በኋላ አልደረሰኝም።,Complaint,6
8773,እባክዎ ቁልፉን ለጠበቃው በስብሰባው ወቅት ይላኩልኝ።,Request,0
8774,ደረሰኙ ገና ወደ ትምህርት ቤት ከአንድ ሰዓት በኋላ አልደረሰኝም።,Complaint,6
8775,ፖሊሱ ወደ ፍርድ ቤት ከሶስት ሰዓት በኋላ ሄደዋል።,Assertion,1
8776,ስለ ቤቱ ከመሐንዲሱ ጋር ማሰብ ይኖርብናል።,Suggestion,3
8777,ስቱዲዮው ስለ ሰነዱ ማስጠንቀቂያ ነገ ከሰዓት በኋላ አውጥቷል።,Warning,4
8778,መስኮቱ ገና ወደ መንገድ ላይ ነገ ከሰዓት በኋላ አልደረሰኝም።,Complaint,6
8779,እንኳን ደስ አለህ ዶክተሩ ከሰዓት በኋላ።,Phatic,7
8780,ጋዜጠኛው፣ ጤና ይስጥልኝ በሆስፒታል።,Phatic,7
8781,የቡናው ዋጋውን በዚህ አመት ብንቀንስ ደንበኞች ይጨምራሉ።,Suggestion,3
8782,መስኮቱ ገና ወደ አውሮፕላን ማረፊያ ከሶስት ሰዓት በኋላ አልደረሰኝም።,Complaint,6
8783,ሰላም ሹፌሩ፣ ከሰዓት በኋላ እንዴት ነህ?,Phatic,7
8786,የፋይሉ ችግር በሚቀጥለው ወር ከነጋዴው ጋር እፈታለሁ።,Promise,8
8787,ዶክተሩ፣ እንደምን አደርክ ከምሽቱ ጀምሮ?,Phatic,7
8788,ከጠበቃው ጋር ስለ መሳሪያው ጉዳይ መስማማት አልችልም።,Refusal,2
8789,የኮምፒዩተሩ ችግር ከሰዓት በኋላ ከጋዜጠኛው ጋር እፈታለሁ።,Promise,8
8790,ደህና እደር ጓደኛዬ፣ ነገ ከሰዓት በኋላ እንገናኝ።,Phatic,7
8791,ስብሰባ ክፍል ከሁለት ቀናት በኋላ ተከፍቷል።,Assertion,1
8792,ከሁለት ቀናት በኋላ በሱቅ ስብሰባ እናድርግ።,Suggestion,3
8793,ስለ ካርታው ጉዳይ ከመሐንዲሱ ጋር እንወያይ።,Suggestion,3
8795,እባክዎ ይቅርታ፣ ፋይሉን በዚህ ሳምንት ማቅረብ አልችልም።,Refusal,2
8796,የዕቃው ወጪውን በመንገድ ላይ ብንቀንስ የተሻለ ነው።,Suggestion,3
8797,ከአስተማሪዋ ጋር ስለ ውሃው ጉዳይ መስማማት አልችልም።,Refusal,2
8798,የምርቱ ችግር ነገ ጠዋት ከጓደኛዬ ጋር እፈታለሁ።,Promise,8
8800,እባክዎ ውሉን ለመምህሩ ከምሽቱ ጀምሮ ይላኩልኝ።,Request,0
8801,ስልኩ ገና ወደ ባንክ ከአንድ ሰዓት በኋላ አልደረሰኝም።,Complaint,6
8802,እሰይ፣ ሌላ ችግር በቤት ነገ ጠዋት፣ ልክ የሚያስፈልገን ይሄው ነበር።,Sarcasm/Irony,5
8803,እባክዎ በሩን ለመምህሩ በሚቀጥለው አመት ይላኩልኝ።,Request,0
8804,ቡናው ገና ወደ ቢሮ ዛሬ አልደረሰኝም።,Complaint,6
8806,እባክዎ ይቅርታ፣ ውሃውን ከሶስት ሰዓት በኋላ ማቅረብ አልችልም።,Refusal,2
8807,እባክዎ ይቅርታ፣ ቡናውን ከአንድ ሰዓት በኋላ ማቅረብ አልችልም።,Refusal,2
8809,እባክዎ ይቅርታ፣ ቤቱን ከአንድ ሰዓት በኋላ ማቅረብ አልችልም።,Refusal,2
8811,ስራ አስኪያጁ ወደ ገበያ ከምሽቱ ጀምሮ ሄደዋል።,Assertion,1
8812,የልብሱ ችግር በሚቀጥለው ሳምንት ከጠበቃው ጋር እፈታለሁ።,Promise,8
8813,እባክህ ለበሩ ይህን ዘዴ ከሶስት ሰዓት በኋላ ተጠቀም።,Suggestion,3
8816,ቡናው ገና ወደ ፖሊስ ጣቢያ ከሰዓት በኋላ አልደረሰኝም።,Complaint,6
8817,የስጦታው ችግር ከጥቂት ደቂቃዎች በኋላ ከአስተማሪዋ ጋር እፈታለሁ።,Promise,8
8818,እባክዎ ይቅርታ፣ ሪፖርቱን ከሶስት ሰዓት በኋላ ማቅረብ አልችልም።,Refusal,2
8819,የማሽኑ ችግር ከሁለት ቀናት በኋላ ከጋዜጠኛው ጋር እፈታለሁ።,Promise,8
8821,ፖሊሱ ወደ ቢሮ በሳምንቱ መጨረሻ ሄደዋል።,Assertion,1
8823,ሚኒስትሩ ወደ ቢሮ ዛሬ ማታ ሄደዋል።,Assertion,1
8824,የፋይሉ ዋጋውን ዛሬ ብንቀንስ ደንበኞች ይጨምራሉ።,Suggestion,3
8825,አለቃዬ ወደ ቢሮ ከሰዓት በኋላ ሄደዋል።,Assertion,1
8826,ጋዜጠኛው፣ እንደምን አደርክ ነገ?,Phatic,7
8828,ስለ ማሽኑ ከባልደረባዬ ጋር ማሰብ ይኖርብናል።,Suggestion,3
8829,እባክዎ ስጦታውን ለሚኒስትሩ በሚቀጥለው ወር ይላኩልኝ።,Request,0
8830,እንኳን ደስ አለህ ጓደኛዬ፣ ስለ ቤቱ እንደገና ተሳስተሃል።,Sarcasm/Irony,5
8831,ጠበቃው ወደ ሱቅ በሳምንቱ መጨረሻ ሄደዋል።,Assertion,1
8834,ጋዜጠኛው ወደ ቢሮ በዚህ ሳምንት ሄደዋል።,Assertion,1
8835,እንዴት ደስ ይላል፣ ጓደኛዬ እንደገና ከሶስት ሰዓት በኋላ ዘገዩ።,Sarcasm/Irony,5
8837,ደህና ሁን ፖሊሱ፣ እስከ ከዛሬ ጀምሮ እንገናኝ።,Phatic,7
8839,መስኮቱ ገና ወደ መጋዘን ከጥቂት ደቂቃዎች በኋላ አልደረሰኝም።,Complaint,6
8840,እባክዎ መኪናውን ለደንበኛው በስብሰባው ወቅት ይላኩልኝ።,Request,0
8841,የበሩ ችግር በዚህ ወር ከሚኒስትሩ ጋር እፈታለሁ።,Promise,8
8842,የሂሳቡ ወጪውን በሱቅ ብንቀንስ የተሻለ ነው።,Suggestion,3
8843,የሂሳቡ ችግር ዛሬ ከስራ አስኪያጁ ጋር እፈታለሁ።,Promise,8
8845,ደህና ነገ ይሁንልህ ነጋዴው።,Phatic,7
8846,እንኳን ደስ አለህ ነጋዴው፣ ስለ ዕቃው እንደገና ተሳስተሃል።,Sarcasm/Irony,5
8848,የስጦታው ችግር ከሶስት ሰዓት በኋላ ከጋዜጠኛው ጋር እፈታለሁ።,Promise,8
8853,የሂሳቡ ወጪውን በከተማው ውስጥ ብንቀንስ የተሻለ ነው።,Suggestion,3
8854,ማዕከሉ ስለ ስልኩ ማስጠንቀቂያ በሚቀጥለው አመት አውጥቷል።,Warning,4
8855,እንዴት ደስ ይላል፣ አስተማሪዋ እንደገና በሳምንቱ መጨረሻ ዘገዩ።,Sarcasm/Irony,5
8857,ጎበዝ ስራ ጓደኛዬ፣ ፕሮጀክቱ ሙሉ በሙሉ ፈርሷል።,Sarcasm/Irony,5
8858,እባክዎ ምርቱን ለባልደረባዬ በሳምንቱ መጨረሻ ይላኩልኝ።,Request,0
8859,ጋዜጠኛው ወደ ባንክ ነገ ሄደዋል።,Assertion,1
8860,ጎበዝ ስራ ነጋዴው፣ ቁልፉ ሙሉ በሙሉ ፈርሷል።,Sarcasm/Irony,5
8862,እንዴት ጎበዝ ነህ አስተማሪዋ፣ ትዕዛዙን ሰብረኸዋል!,Sarcasm/Irony,5
8865,ኤጀንሲው ስለ ምርቱ ማስጠንቀቂያ ከሶስት ሰዓት በኋላ አውጥቷል።,Warning,4
8866,እባክዎ ውሉን ለስራ አስኪያጁ ከሁለት ቀናት በኋላ ይላኩልኝ።,Request,0
8867,የመሳሪያው ችግር ከምሽቱ ጀምሮ ከጓደኛዬ ጋር እፈታለሁ።,Promise,8
8868,እባክዎ ይቅርታ፣ ማሽኑን ነገ ከሰዓት በኋላ ማቅረብ አልችልም።,Refusal,2
8871,ቦርሳው ገና ወደ አውሮፕላን ማረፊያ በዚህ ሳምንት አልደረሰኝም።,Complaint,6
8872,የውሃው ችግር ነገ ጠዋት ከፖሊሱ ጋር እፈታለሁ።,Promise,8
8874,ደንበኛው ወደ ሱቅ በዚህ አመት ሄደዋል።,Assertion,1
8876,ሪፖርቱን ለመሐንዲሱ ነገ ጠዋት አቀርባለሁ።,Promise,8
8880,እባክዎ ቡናውን ለዶክተሩ በዚህ ሳምንት ይላኩልኝ።,Request,0
8881,እቅዱን በዚህ ወር ከማህበሩ ጋር እናሻሽል።,Suggestion,3
8883,እሰይ፣ ሌላ ችግር በስብሰባ ክፍል በሚቀጥለው አመት፣ ልክ የሚያስፈልገን ይሄው ነበር።,Sarcasm/Irony,5
8884,እንዴት ደስ ይላል፣ ነጋዴው እንደገና ከዛሬ ጀምሮ ዘገዩ።,Sarcasm/Irony,5
8885,የመኪናው ችግር ነገ ጠዋት ከጋዜጠኛው ጋር እፈታለሁ።,Promise,8
8887,ደረሰኙ ገና ወደ ፋብሪካ በሳምንቱ መጨረሻ አልደረሰኝም።,Complaint,6
8890,ሚኒስትሩ፣ ጤና ይስጥልኝ በመጋዘን።,Phatic,7
8892,በጣም ደግ ነህ ዶክተሩ፣ በገበያ ምንም እርዳታ አልሰጠኸኝም።,Sarcasm/Irony,5
8894,ከዶክተሩ ጋር ስለ መልእክቱ ጉዳይ መስማማት አልችልም።,Refusal,2
8896,እባክዎ ኮምፒዩተሩን ለጋዜጠኛው በሚቀጥለው አመት ይላኩልኝ።,Request,0
8897,ደህና ሁን ስራ አስኪያጁ፣ እስከ ዛሬ እንገናኝ።,Phatic,7
8898,ይቅርታ፣ መሳሪያውን ከአንድ ሰዓት በኋላ ማድረግ አልችልም።,Refusal,2
8899,ጋዜጠኛው ወደ ሱቅ ከአንድ ሰዓት በኋላ ሄደዋል።,Assertion,1
8900,እባክዎ ሂሳቡን ለሚኒስትሩ በሳምንቱ መጨረሻ ይላኩልኝ።,Request,0
8901,ማህበሩ ስለ ኮምፒዩተሩ ማስጠንቀቂያ ከሁለት ቀናት በኋላ አውጥቷል።,Warning,4
8903,የመስኮቱ ችግር ነገ ከሰዓት በኋላ ከመምህሩ ጋር እፈታለሁ።,Promise,8
8906,እባክዎ ፕሮጀክቱን ለፖሊሱ በሚቀጥለው ሳምንት ይላኩልኝ።,Request,0
8907,ጎበዝ! በጣም ጥሩ ስራ ሰራህ ፖሊሱ፣ ፋይሉን አበላሸኸው።,Sarcasm/Irony,5
8908,ደህና ነገ ከሰዓት በኋላ ይሁንልህ ጋዜጠኛው።,Phatic,7
8909,ከደንበኛው ጋር ስለ ስልኩ ጉዳይ መስማማት አልችልም።,Refusal,2
8910,አውሮፕላን ማረፊያ ከሁለት ቀናት በኋላ ተከፍቷል።,Assertion,1
8911,እንኳን ደስ አለህ መሐንዲሱ፣ ስለ ፋይሉ እንደገና ተሳስተሃል።,Sarcasm/Irony,5
8915,የመልእክቱ ችግር በሳምንቱ መጨረሻ ከጋዜጠኛው ጋር እፈታለሁ።,Promise,8
8916,ይህን ደብዳቤውን ከደንበኛው መቀበል አልችልም።,Refusal,2
8918,ይቅርታ፣ ካርታውን በሚቀጥለው ሳምንት ማድረግ አልችልም።,Refusal,2
8919,መምህሩ ወደ ፋብሪካ በሳምንቱ መጨረሻ ሄደዋል።,Assertion,1
8920,ከጋዜጠኛው ጋር ስለ ካርታው ጉዳይ መስማማት አልችልም።,Refusal,2
8921,ደህና እደር መሐንዲሱ፣ ዛሬ ማታ እንገናኝ።,Phatic,7
8922,እባክዎ ውሃውን ለአለቃዬ ከምሽቱ ጀምሮ ይላኩልኝ።,Request,0
8923,ነገ በፍርድ ቤት ስብሰባ እናድርግ።,Suggestion,3
8924,ባንኩ ስለ ቡናው ማስጠንቀቂያ ዛሬ አውጥቷል።,Warning,4
8925,ድርጅቱ ስለ ዕቃው ማስጠንቀቂያ ዛሬ ማታ አውጥቷል።,Warning,4
8926,ሚኒስትሩ ወደ መንገድ ላይ ዛሬ ማታ ሄደዋል።,Assertion,1
8928,ይህን ጉዳይ ስለ ስጦታው በአስቸኳይ እከታተላለሁ።,Promise,8
8930,እንኳን ደስ አለህ መምህሩ፣ ስለ መጽሐፉ እንደገና ተሳስተሃል።,Sarcasm/Irony,5
8931,እሰይ፣ ሌላ ችግር በገበያ ከዛሬ ጀምሮ፣ ልክ የሚያስፈልገን ይሄው ነበር።,Sarcasm/Irony,5
8932,ስለ ኮምፒዩተሩ ጉዳይ ከሹፌሩ ጋር እንወያይ።,Suggestion,3
8933,ስራ አስኪያጁ ወደ ፋብሪካ በዚህ ወር ሄደዋል።,Assertion,1
8935,እባክዎ ቡናውን ለሹፌሩ ነገ ጠዋት ይላኩልኝ።,Request,0
8936,መኪናው ገና ወደ አውሮፕላን ማረፊያ በሚቀጥለው ሳምንት አልደረሰኝም።,Complaint,6
8937,ስለ ገንዘቡ ከፖሊሱ ጋር ማሰብ ይኖርብናል።,Suggestion,3
8939,መስኮቱ ገና ወደ ቤት ነገ አልደረሰኝም።,Complaint,6
8940,ሪፖርቱ ገና ወደ ገበያ ከሶስት ሰዓት በኋላ አልደረሰኝም።,Complaint,6
8941,በሩ ገና ወደ ትምህርት ቤት ከሁለት ቀናት በኋላ አልደረሰኝም።,Complaint,6
8942,ስቱዲዮው ስለ ስጦታው ማስጠንቀቂያ በዚህ አመት አውጥቷል።,Warning,4
8943,አስተማሪዋ ወደ ባንክ በስብሰባው ወቅት ሄደዋል።,Assertion,1
8944,ሹፌሩ ወደ ሱቅ በዚህ አመት ሄደዋል።,Assertion,1
8947,ነጋዴው ወደ ገበያ በሚቀጥለው ሳምንት ሄደዋል።,Assertion,1
8949,ፕሮጀክቱ ገና ወደ መንገድ ላይ ከሰዓት በኋላ አልደረሰኝም።,Complaint,6
8950,የደረሰኙ ችግር ከሶስት ሰዓት በኋላ ከአለቃዬ ጋር እፈታለሁ።,Promise,8
8951,እባክዎ መኪናውን ለፖሊሱ ነገ ከሰዓት በኋላ ይላኩልኝ።,Request,0
8952,ባንኩ ስለ ሰነዱ ማስጠንቀቂያ በዚህ ወር አውጥቷል።,Warning,4
8953,ሱቅ በሚቀጥለው አመት ተከፍቷል።,Assertion,1
8956,ደህና በዚህ አመት ይሁንልህ ስራ አስኪያጁ።,Phatic,7
8958,እባክህ ለቡናው ይህን ዘዴ ዛሬ ማታ ተጠቀም።,Suggestion,3
8959,ምርቱ ገና ወደ ሆስፒታል በሳምንቱ መጨረሻ አልደረሰኝም።,Complaint,6
8960,ማህበሩ ስለ መጽሐፉ ማስጠንቀቂያ በዚህ ወር አውጥቷል።,Warning,4
8961,ጥያቄው ገና ወደ ቤት ከሰዓት በኋላ አልደረሰኝም።,Complaint,6
8962,መንግስት ዛሬ ማታ አዲስ ሰራተኞችን ቀጥሯል።,Assertion,1
8963,የቤቱ ገመድ በቢሮ አደገኛ ነው ተጠንቀቁ።,Warning,4
8964,ይቅርታ፣ ኮምፒዩተሩን በሚቀጥለው ሳምንት ማድረግ አልችልም።,Refusal,2
8966,ይቅርታ፣ መጽሐፉን ከሶስት ሰዓት በኋላ ማድረግ አልችልም።,Refusal,2
8967,ሰላም ጓደኛዬ፣ ዛሬ እንዴት ነህ?,Phatic,7
8968,ባልደረባዬ ወደ መንገድ ላይ ከዛሬ ጀምሮ ሄደዋል።,Assertion,1
8969,ጥንቃቄ ያድርጉ፣ ነገ ፍርድ ቤት ይንሸራተታል።,Warning,4
8970,መጽሐፉ ገና ወደ ባንክ ከአንድ ሰዓት በኋላ አልደረሰኝም።,Complaint,6
8972,ሰነዱ ገና ወደ መጋዘን በሳምንቱ መጨረሻ አልደረሰኝም።,Complaint,6
8974,ጎበዝ ስራ ስራ አስኪያጁ፣ በሩ ሙሉ በሙሉ ፈርሷል።,Sarcasm/Irony,5
8976,እባክዎ መልእክቱን ለመምህሩ ነገ ከሰዓት በኋላ ይላኩልኝ።,Request,0
8977,የዕቃው ችግር በሚቀጥለው አመት ከፖሊሱ ጋር እፈታለሁ።,Promise,8
8978,ጤና ይስጥልኝ ሚኒስትሩ፣ ከሶስት ሰዓት በኋላ ደህና ነህ?,Phatic,7
8979,በስብሰባ ክፍል ከሰዓት በኋላ ወንጀል ሊፈጸም ይችላል ተጠንቀቁ።,Warning,4
8980,እንኳን ደስ አለህ ሚኒስትሩ፣ ስለ ደረሰኙ እንደገና ተሳስተሃል።,Sarcasm/Irony,5
8981,እባክዎ ሂሳቡን ለመምህሩ ነገ ከሰዓት በኋላ ይላኩልኝ።,Request,0
8982,ትዕዛዙ ገና ወደ ስብሰባ ክፍል በሚቀጥለው ወር አልደረሰኝም።,Complaint,6
8983,እንዴት ደስ ይላል፣ ፖሊሱ እንደገና በስብሰባው ወቅት ዘገዩ።,Sarcasm/Irony,5
8984,ዶክተሩ ወደ ፖሊስ ጣቢያ በስብሰባው ወቅት ሄደዋል።,Assertion,1
8985,አለቃዬ፣ እንደምን አደርክ ዛሬ ማታ?,Phatic,7
8986,በጣም ብልህ ነህ አስተማሪዋ፣ ኮምፒዩተሩን ረሳኸው።,Sarcasm/Irony,5
8988,እባክዎ ውሉን ለአስተማሪዋ ነገ ጠዋት ይላኩልኝ።,Request,0
8989,ስጦታው ገና ወደ ፖሊስ ጣቢያ ከአንድ ሰዓት በኋላ አልደረሰኝም።,Complaint,6
8990,እሰይ፣ ሌላ ችግር በፍርድ ቤት በስብሰባው ወቅት፣ ልክ የሚያስፈልገን ይሄው ነበር።,Sarcasm/Irony,5
8991,ሪፖርቱን ለባልደረባዬ ከጥቂት ደቂቃዎች በኋላ አቀርባለሁ።,Promise,8
8993,ነገ ጠዋት ወደ ባንክ እመጣለሁ።,Promise,8
8995,ትምህርት ቤት በዚህ ወር ተከፍቷል።,Assertion,1
8996,ይቅርታ፣ ሂሳቡን በሚቀጥለው ወር ማድረግ አልችልም።,Refusal,2
8997,መምህሩ ወደ መጋዘን ከጥቂት ደቂቃዎች በኋላ ሄደዋል።,Assertion,1
8998,ከምሽቱ ጀምሮ በቢሮ ትራፊኩ ከባድ ነው ተጠንቀቁ።,Warning,4
9000,ልብሱ ገና ወደ ሱቅ ከሶስት ሰዓት በኋላ አልደረሰኝም።,Complaint,6
9001,የመኪናው ችግር ነገ ከሰዓት በኋላ ከጓደኛዬ ጋር እፈታለሁ።,Promise,8
9002,እባክዎ ሂሳቡን ለዶክተሩ ከሰዓት በኋላ ይላኩልኝ።,Request,0
9003,አለቃዬ ወደ ባንክ በሚቀጥለው ወር ሄደዋል።,Assertion,1
9004,ጤና ይስጥልኝ አለቃዬ፣ በሚቀጥለው ሳምንት ደህና ነህ?,Phatic,7
9005,እንዴት ጎበዝ ነህ አለቃዬ፣ ኮምፒዩተሩን ሰብረኸዋል!,Sarcasm/Irony,5
9006,እባክዎ መልእክቱን ለሹፌሩ በሚቀጥለው ወር ይላኩልኝ።,Request,0
9007,ይህን ሰነዱን ከሹፌሩ መቀበል አልችልም።,Refusal,2
9008,ደህና ሁን ነጋዴው፣ እስከ ዛሬ ማታ እንገናኝ።,Phatic,7
9010,ዶክተሩ፣ ጤና ይስጥልኝ በፖሊስ ጣቢያ።,Phatic,7
9011,ይህን ደብዳቤውን ከነጋዴው መቀበል አልችልም።,Refusal,2
9012,ባንኩ ስለ ምርቱ ማስጠንቀቂያ ከጥቂት ደቂቃዎች በኋላ አውጥቷል።,Warning,4
9013,ገንዘቡ ገና ወደ ሆስፒታል ከሰዓት በኋላ አልደረሰኝም።,Complaint,6
9014,እባክዎ ደረሰኙን ለመሐንዲሱ ከሶስት ሰዓት በኋላ ይላኩልኝ።,Request,0
9016,የስጦታው ዋጋውን ዛሬ ብንቀንስ ደንበኞች ይጨምራሉ።,Suggestion,3
9017,ኤጀንሲው ስለ ቦርሳው ማስጠንቀቂያ ነገ ከሰዓት በኋላ አውጥቷል።,Warning,4
9018,እባክዎ ማሽኑን ለአለቃዬ ከጥቂት ደቂቃዎች በኋላ ይላኩልኝ።,Request,0
9019,አስተማሪዋ፣ ጤና ይስጥልኝ በሱቅ።,Phatic,7
9020,አስተማሪዋ ወደ ባንክ በዚህ አመት ሄደዋል።,Assertion,1
9021,ስለ መጽሐፉ ጉዳይ ከባልደረባዬ ጋር እንወያይ።,Suggestion,3
9025,ሚኒስቴሩ ስለ ገንዘቡ ማስጠንቀቂያ ከጥቂት ደቂቃዎች በኋላ አውጥቷል።,Warning,4
9026,እንኳን ደስ አለህ ጋዜጠኛው፣ ስለ ሂሳቡ እንደገና ተሳስተሃል።,Sarcasm/Irony,5
9027,ነጋዴው ወደ ቢሮ ከጥቂት ደቂቃዎች በኋላ ሄደዋል።,Assertion,1
9029,ኤጀንሲው ስለ ቦርሳው ማስጠንቀቂያ ነገ ጠዋት አውጥቷል።,Warning,4
9031,የቁልፉ ችግር ከሁለት ቀናት በኋላ ከዶክተሩ ጋር እፈታለሁ።,Promise,8
9033,እባክዎ ይቅርታ፣ ቤቱን በዚህ አመት ማቅረብ አልችልም።,Refusal,2
9034,ኮምፒዩተሩ ገና ወደ ሱቅ ከሁለት ቀናት በኋላ አልደረሰኝም።,Complaint,6
9035,እባክህ ለሂሳቡ ይህን ዘዴ ከሰዓት በኋላ ተጠቀም።,Suggestion,3
9036,መሐንዲሱ ወደ ፖሊስ ጣቢያ ነገ ከሰዓት በኋላ ሄደዋል።,Assertion,1
9037,ሰነዱ ገና ወደ ፖሊስ ጣቢያ በሚቀጥለው ወር አልደረሰኝም።,Complaint,6
9038,ጋዜጠኛው ወደ ሆስፒታል በዚህ ሳምንት ሄደዋል።,Assertion,1
9039,እባክዎ ውሃውን ለመምህሩ ዛሬ ይላኩልኝ።,Request,0
9040,እንዴት ጎበዝ ነህ ዶክተሩ፣ ምርቱን ሰብረኸዋል!,Sarcasm/Irony,5
9041,ይቅርታ፣ ፕሮጀክቱን በሚቀጥለው ወር ማድረግ አልችልም።,Refusal,2
9042,እባክዎ ውሃውን ለጓደኛዬ በዚህ ሳምንት ይላኩልኝ።,Request,0
9044,የፕሮጀክቱ ዋጋውን ነገ ብንቀንስ ደንበኞች ይጨምራሉ።,Suggestion,3
9045,ማዕከሉ ስለ ካርታው ማስጠንቀቂያ በሚቀጥለው ወር አውጥቷል።,Warning,4
9046,ፖሊሱ ወደ ፍርድ ቤት በስብሰባው ወቅት ሄደዋል።,Assertion,1
9047,እንዴት ጎበዝ ነህ ባልደረባዬ፣ ማሽኑን ሰብረኸዋል!,Sarcasm/Irony,5
9049,ድርጅቱ ስለ ካርታው ማስጠንቀቂያ በዚህ ወር አውጥቷል።,Warning,4
9050,ባንኩ ስለ ትዕዛዙ ማስጠንቀቂያ ከጥቂት ደቂቃዎች በኋላ አውጥቷል።,Warning,4
9051,በጣም ደግ ነህ ጋዜጠኛው፣ በገበያ ምንም እርዳታ አልሰጠኸኝም።,Sarcasm/Irony,5
9052,ጎበዝ! በጣም ጥሩ ስራ ሰራህ ዶክተሩ፣ ዕቃውን አበላሸኸው።,Sarcasm/Irony,5
9054,ማዕከሉ ስለ ማሽኑ ማስጠንቀቂያ ከዛሬ ጀምሮ አውጥቷል።,Warning,4
9055,ደህና በዚህ ሳምንት ይሁንልህ ጋዜጠኛው።,Phatic,7
9056,መኪናው ገና ወደ ከተማው ውስጥ ከሰዓት በኋላ አልደረሰኝም።,Complaint,6
9057,እንኳን ደስ አለህ መሐንዲሱ፣ ስለ ፕሮጀክቱ እንደገና ተሳስተሃል።,Sarcasm/Irony,5
9059,አዎ በርግጥ፣ የማዕከሉ እቅድ በበሚቀጥለው ሳምንት በጭራሽ አይከሽፍም።,Sarcasm/Irony,5
9060,ደህና ሁን ጓደኛዬ፣ እስከ ከጥቂት ደቂቃዎች በኋላ እንገናኝ።,Phatic,7
9061,ጥያቄው ገና ወደ ገበያ ነገ አልደረሰኝም።,Complaint,6
9062,ስለ ስጦታው ጉዳይ ከጓደኛዬ ጋር እንወያይ።,Suggestion,3
9063,ሰላም ስራ አስኪያጁ፣ በስብሰባው ወቅት እንዴት ነህ?,Phatic,7
9064,የመልእክቱ ችግር ነገ ከነጋዴው ጋር እፈታለሁ።,Promise,8
9066,እባክዎ መጽሐፉን ለሹፌሩ ዛሬ ማታ ይላኩልኝ።,Request,0
9067,ይቅርታ፣ ደብዳቤውን ከሶስት ሰዓት በኋላ ማድረግ አልችልም።,Refusal,2
9069,እሰይ፣ ሌላ ችግር በከተማው ውስጥ በዚህ ሳምንት፣ ልክ የሚያስፈልገን ይሄው ነበር።,Sarcasm/Irony,5
9070,ሹፌሩ ወደ ገበያ ነገ ጠዋት ሄደዋል።,Assertion,1
9071,ድርጅቱ ስለ ደረሰኙ ማስጠንቀቂያ ከዛሬ ጀምሮ አውጥቷል።,Warning,4
9073,ባንኩ ስለ ምርቱ ማስጠንቀቂያ ዛሬ አውጥቷል።,Warning,4
9074,የፋይሉ ዋጋውን ከሶስት ሰዓት በኋላ ብንቀንስ ደንበኞች ይጨምራሉ።,Suggestion,3
9075,በጣም ብልህ ነህ ፖሊሱ፣ ደብዳቤውን ረሳኸው።,Sarcasm/Irony,5
9076,ደህና እደር አስተማሪዋ፣ ነገ ጠዋት እንገናኝ።,Phatic,7
9077,አዎ በርግጥ፣ የድርጅቱ እቅድ በበሳምንቱ መጨረሻ በጭራሽ አይከሽፍም።,Sarcasm/Irony,5
9078,ይህን መስኮቱን ከነጋዴው መቀበል አልችልም።,Refusal,2
9079,ይቅርታ፣ ዕቃውን ከዛሬ ጀምሮ ማድረግ አልችልም።,Refusal,2
9080,ቢያንስ አንዴ ሂሳቡን በአውሮፕላን ማረፊያ እንሞክር።,Suggestion,3
9081,ፖሊሱ ወደ ባንክ ከሰዓት በኋላ ሄደዋል።,Assertion,1
9082,ቢያንስ አንዴ በሩን በቤት እንሞክር።,Suggestion,3
9084,ፕሮጀክቱ ገና ወደ ፋብሪካ በሚቀጥለው ወር አልደረሰኝም።,Complaint,6
9085,እባክዎ መልእክቱን ለጠበቃው በዚህ አመት ይላኩልኝ።,Request,0
9087,ጤና ይስጥልኝ ዶክተሩ፣ ከሶስት ሰዓት በኋላ ደህና ነህ?,Phatic,7
9088,ደህና ከሁለት ቀናት በኋላ ይሁንልህ ዶክተሩ።,Phatic,7
9089,ምርቱ ገና ወደ ቢሮ ከአንድ ሰዓት በኋላ አልደረሰኝም።,Complaint,6
9090,ባልደረባዬ፣ እንደምን አደርክ ከአንድ ሰዓት በኋላ?,Phatic,7
9091,ከአለቃዬ ጋር ስለ ውሃው ጉዳይ መስማማት አልችልም።,Refusal,2
9092,ከአስተማሪዋ ጋር ስለ መጽሐፉ ጉዳይ መስማማት አልችልም።,Refusal,2
9093,የምርቱ ችግር ነገ ከሰዓት በኋላ ከመሐንዲሱ ጋር እፈታለሁ።,Promise,8
9094,እባክዎ ውሉን ለስራ አስኪያጁ ከጥቂት ደቂቃዎች በኋላ ይላኩልኝ።,Request,0
9096,ደህና ነገ ይሁንልህ መምህሩ።,Phatic,7
9098,የሪፖርቱ ችግር ነገ ጠዋት ከዶክተሩ ጋር እፈታለሁ።,Promise,8
9099,ዶክተሩ ወደ ቤት በስብሰባው ወቅት ሄደዋል።,Assertion,1
9100,እባክዎ ይቅርታ፣ ትዕዛዙን ነገ ማቅረብ አልችልም።,Refusal,2
9101,እባክዎ ስጦታውን ለፖሊሱ ነገ ጠዋት ይላኩልኝ።,Request,0
9102,ደህና እደር መምህሩ፣ በሚቀጥለው ሳምንት እንገናኝ።,Phatic,7
9104,የውሉ ወጪውን በሆስፒታል ብንቀንስ የተሻለ ነው።,Suggestion,3
9106,የደረሰኙ ችግር በሚቀጥለው ወር ከፖሊሱ ጋር እፈታለሁ።,Promise,8
9108,ይህን ስልኩን ከአለቃዬ መቀበል አልችልም።,Refusal,2
9109,ድርጅቱ ስለ ዕቃው ማስጠንቀቂያ በዚህ አመት አውጥቷል።,Warning,4
9111,እባክዎ ስልኩን ለሚኒስትሩ በሚቀጥለው ሳምንት ይላኩልኝ።,Request,0
9112,የበሩ ችግር ከሶስት ሰዓት በኋላ ከሹፌሩ ጋር እፈታለሁ።,Promise,8
9114,ደህና እደር መምህሩ፣ ከአንድ ሰዓት በኋላ እንገናኝ።,Phatic,7
9116,ደህና ከዛሬ ጀምሮ ይሁንልህ ጋዜጠኛው።,Phatic,7
9117,ይህን ስጦታውን ከአለቃዬ መቀበል አልችልም።,Refusal,2
9118,እንኳን ደስ አለህ ፖሊሱ በሚቀጥለው ሳምንት።,Phatic,7
9119,ደረሰኙ ገና ወደ አውሮፕላን ማረፊያ በሚቀጥለው ሳምንት አልደረሰኝም።,Complaint,6
9121,መንግስት ስለ መሳሪያው ማስጠንቀቂያ ከጥቂት ደቂቃዎች በኋላ አውጥቷል።,Warning,4
9122,እሰይ፣ ሌላ ችግር በስብሰባ ክፍል በዚህ ሳምንት፣ ልክ የሚያስፈልገን ይሄው ነበር።,Sarcasm/Irony,5
9123,ጥያቄው ገና ወደ ፋብሪካ ከሁለት ቀናት በኋላ አልደረሰኝም።,Complaint,6
9126,አስተማሪዋ፣ እንደምን አደርክ ከሁለት ቀናት በኋላ?,Phatic,7
9127,አመሰግናለሁ አለቃዬ፣ ደህና ዋል በከተማው ውስጥ።,Phatic,7
9128,ጥያቄው ገና ወደ ባንክ በዚህ ወር አልደረሰኝም።,Complaint,6
9129,የደረሰኙ ችግር ከሶስት ሰዓት በኋላ ከደንበኛው ጋር እፈታለሁ።,Promise,8
9131,የምርቱ ችግር በዚህ ሳምንት ከባልደረባዬ ጋር እፈታለሁ።,Promise,8
9132,አስተማሪዋ ወደ መንገድ ላይ በሚቀጥለው አመት ሄደዋል።,Assertion,1
9133,ሂሳቡ ገና ወደ ፍርድ ቤት ነገ አልደረሰኝም።,Complaint,6
9136,ደንበኛው ወደ መጋዘን ከጥቂት ደቂቃዎች በኋላ ሄደዋል።,Assertion,1
9137,ማህበሩ ስለ ሪፖርቱ ማስጠንቀቂያ ነገ ከሰዓት በኋላ አውጥቷል።,Warning,4
9139,እባክዎ ስልኩን ለጓደኛዬ ከሁለት ቀናት በኋላ ይላኩልኝ።,Request,0
9140,መምህሩ ወደ ሱቅ ከጥቂት ደቂቃዎች በኋላ ሄደዋል።,Assertion,1
9142,ውሉን በዚህ ወር ብንሞክር ጥሩ ይሆናል።,Suggestion,3
9143,መምህሩ ወደ ትምህርት ቤት በሚቀጥለው ሳምንት ሄደዋል።,Assertion,1
9144,ፋብሪካው ስለ ቡናው ማስጠንቀቂያ ከሰዓት በኋላ አውጥቷል።,Warning,4
9145,በጣም ብልህ ነህ ነጋዴው፣ ቤቱን ረሳኸው።,Sarcasm/Irony,5
9146,ስጦታውን በዚህ ወር ብንሞክር ጥሩ ይሆናል።,Suggestion,3
9150,ቢያንስ አንዴ መልእክቱን በፋብሪካ እንሞክር።,Suggestion,3
9151,ይቅርታ፣ ውሃውን ዛሬ ማድረግ አልችልም።,Refusal,2
9152,እሰይ፣ ሌላ ችግር በባንክ ከሶስት ሰዓት በኋላ፣ ልክ የሚያስፈልገን ይሄው ነበር።,Sarcasm/Irony,5
9153,የገንዘቡ ችግር ዛሬ ማታ ከመምህሩ ጋር እፈታለሁ።,Promise,8
9155,ስለ ደብዳቤው ከአለቃዬ ጋር ማሰብ ይኖርብናል።,Suggestion,3
9157,ጎበዝ! በጣም ጥሩ ስራ ሰራህ ጠበቃው፣ ቦርሳውን አበላሸኸው።,Sarcasm/Irony,5
9158,የመኪናው ችግር ከዛሬ ጀምሮ ከዶክተሩ ጋር እፈታለሁ።,Promise,8
9159,የመኪናው ችግር በስብሰባው ወቅት ከሹፌሩ ጋር እፈታለሁ።,Promise,8
9160,የቡናው ችግር በሚቀጥለው ሳምንት ከሹፌሩ ጋር እፈታለሁ።,Promise,8
9161,ይህን ስልኩን ከመምህሩ መቀበል አልችልም።,Refusal,2
9163,የትዕዛዙ ችግር በስብሰባው ወቅት ከሹፌሩ ጋር እፈታለሁ።,Promise,8
9164,ይቅርታ፣ ውሉን ነገ ጠዋት ማድረግ አልችልም።,Refusal,2
9165,የመስኮቱ ወጪውን በሱቅ ብንቀንስ የተሻለ ነው።,Suggestion,3
9166,እንኳን ደስ አለህ ሹፌሩ ዛሬ ማታ።,Phatic,7
9168,ይቅርታ፣ መልእክቱን ከዛሬ ጀምሮ ማድረግ አልችልም።,Refusal,2
9169,ደህና ሁን ሹፌሩ፣ እስከ በሚቀጥለው አመት እንገናኝ።,Phatic,7
9170,አመሰግናለሁ አስተማሪዋ፣ ደህና ዋል በመጋዘን።,Phatic,7
9172,እባክዎ ቤቱን ለሹፌሩ በሚቀጥለው ሳምንት ይላኩልኝ።,Request,0
9173,እባክዎ ይቅርታ፣ ዕቃውን ነገ ማቅረብ አልችልም።,Refusal,2
9175,እባክህ ለጥያቄው ይህን ዘዴ በስብሰባው ወቅት ተጠቀም።,Suggestion,3
9179,ኩባንያው ስለ ስልኩ ማስጠንቀቂያ ከጥቂት ደቂቃዎች በኋላ አውጥቷል።,Warning,4
9181,ስቱዲዮው በሚቀጥለው ወር አዲስ ሰራተኞችን ቀጥሯል።,Assertion,1
9182,የስጦታው ዋጋውን ከሁለት ቀናት በኋላ ብንቀንስ ደንበኞች ይጨምራሉ።,Suggestion,3
9186,የውሉ ወጪውን በባንክ ብንቀንስ የተሻለ ነው።,Suggestion,3
9187,ኤጀንሲው ስለ ውሉ ማስጠንቀቂያ ነገ አውጥቷል።,Warning,4
9189,ጤና ይስጥልኝ ደንበኛው፣ በስብሰባው ወቅት ደህና ነህ?,Phatic,7
9191,ስልኩን ነገ ከሰዓት በኋላ ብንሞክር ጥሩ ይሆናል።,Suggestion,3
9192,የኮምፒዩተሩ ችግር ዛሬ ማታ ከጋዜጠኛው ጋር እፈታለሁ።,Promise,8
9193,በጣም ደግ ነህ ዶክተሩ፣ በፍርድ ቤት ምንም እርዳታ አልሰጠኸኝም።,Sarcasm/Irony,5
9194,እባክዎ መሳሪያውን ለሹፌሩ ከሁለት ቀናት በኋላ ይላኩልኝ።,Request,0
9195,እንኳን ደስ አለህ ደንበኛው፣ ስለ መስኮቱ እንደገና ተሳስተሃል።,Sarcasm/Irony,5
9196,መምህሩ ወደ ትምህርት ቤት ነገ ከሰዓት በኋላ ሄደዋል።,Assertion,1
9197,ፋይሉ ገና ወደ ከተማው ውስጥ ከሁለት ቀናት በኋላ አልደረሰኝም።,Complaint,6
9201,ጤና ይስጥልኝ መምህሩ፣ ከዛሬ ጀምሮ ደህና ነህ?,Phatic,7
9202,ፋይሉ ገና ወደ ሆስፒታል ከዛሬ ጀምሮ አልደረሰኝም።,Complaint,6
9205,እባክህ ለሪፖርቱ ይህን ዘዴ ነገ ጠዋት ተጠቀም።,Suggestion,3
9206,እባክዎ ስጦታውን ለአስተማሪዋ ከሰዓት በኋላ ይላኩልኝ።,Request,0
9207,መስኮቱን በጥንቃቄ ለአለቃዬ እይዛለሁ።,Promise,8
9208,የመስኮቱ ችግር ከሶስት ሰዓት በኋላ ከአስተማሪዋ ጋር እፈታለሁ።,Promise,8
9209,ፕሮጀክቱ ገና ወደ መጋዘን በዚህ አመት አልደረሰኝም።,Complaint,6
9211,ሂሳቡ ገና ወደ ገበያ ነገ ጠዋት አልደረሰኝም።,Complaint,6
9212,ጓደኛዬ ወደ ፍርድ ቤት ነገ ሄደዋል።,Assertion,1
9213,እባክዎ ይቅርታ፣ ስጦታውን ከጥቂት ደቂቃዎች በኋላ ማቅረብ አልችልም።,Refusal,2
9216,ቢያንስ አንዴ ገንዘቡን በፖሊስ ጣቢያ እንሞክር።,Suggestion,3
9217,የፋይሉ ችግር ከሰዓት በኋላ ከጋዜጠኛው ጋር እፈታለሁ።,Promise,8
9218,ጓደኛዬ ወደ ቢሮ በሚቀጥለው አመት ሄደዋል።,Assertion,1
9219,ሹፌሩ ወደ ስብሰባ ክፍል በሚቀጥለው ሳምንት ሄደዋል።,Assertion,1
9221,እባክህ ለውሉ ይህን ዘዴ በሳምንቱ መጨረሻ ተጠቀም።,Suggestion,3
9222,እንኳን ደስ አለህ ዶክተሩ ከጥቂት ደቂቃዎች በኋላ።,Phatic,7
9223,መኪናው ገና ወደ ትምህርት ቤት ከሰዓት በኋላ አልደረሰኝም።,Complaint,6
9226,የጥያቄው ችግር ከሶስት ሰዓት በኋላ ከባልደረባዬ ጋር እፈታለሁ።,Promise,8
9227,ዛሬ ማታ በገበያ ትራፊኩ ከባድ ነው ተጠንቀቁ።,Warning,4
9229,እንዴት ጎበዝ ነህ አስተማሪዋ፣ ማሽኑን ሰብረኸዋል!,Sarcasm/Irony,5
9230,እንኳን ደስ አለህ ስራ አስኪያጁ፣ ስለ መልእክቱ እንደገና ተሳስተሃል።,Sarcasm/Irony,5
9232,ማህበሩ ስለ ሪፖርቱ ማስጠንቀቂያ ከሁለት ቀናት በኋላ አውጥቷል።,Warning,4
9233,የውሃው ችግር ዛሬ ከነጋዴው ጋር እፈታለሁ።,Promise,8
9234,ጎበዝ ስራ ባልደረባዬ፣ ቦርሳው ሙሉ በሙሉ ፈርሷል።,Sarcasm/Irony,5
9235,ጓደኛዬ ወደ ሱቅ በሚቀጥለው ወር ሄደዋል።,Assertion,1
9236,እባክዎ ደረሰኙን ለሹፌሩ ከሰዓት በኋላ ይላኩልኝ።,Request,0
9237,እባክዎ ቡናውን ለጠበቃው ዛሬ ማታ ይላኩልኝ።,Request,0
9242,እባክዎ ልብሱን ለአለቃዬ ከሁለት ቀናት በኋላ ይላኩልኝ።,Request,0
9246,አመሰግናለሁ ስራ አስኪያጁ፣ ደህና ዋል በመጋዘን።,Phatic,7
9247,ጓደኛዬ፣ እንደምን አደርክ በሚቀጥለው አመት?,Phatic,7
9250,ሪፖርቱን ከአንድ ሰዓት በኋላ ብንሞክር ጥሩ ይሆናል።,Suggestion,3
9251,ይቅርታ፣ ቦርሳውን በስብሰባው ወቅት ማድረግ አልችልም።,Refusal,2
9253,ከዶክተሩ ጋር ስለ ካርታው ጉዳይ መስማማት አልችልም።,Refusal,2
9255,ኤጀንሲው ስለ መስኮቱ ማስጠንቀቂያ ከሁለት ቀናት በኋላ አውጥቷል።,Warning,4
9256,ሪፖርቱን ለጓደኛዬ በሚቀጥለው ወር አቀርባለሁ።,Promise,8
9257,እሰይ፣ ሌላ ችግር በትምህርት ቤት ዛሬ ማታ፣ ልክ የሚያስፈልገን ይሄው ነበር።,Sarcasm/Irony,5
9261,ከመምህሩ ጋር ስለ ማሽኑ ጉዳይ መስማማት አልችልም።,Refusal,2
9262,ሰላም መሐንዲሱ፣ በዚህ ወር እንዴት ነህ?,Phatic,7
9263,እባክዎ ውሉን ለአስተማሪዋ ነገ ከሰዓት በኋላ ይላኩልኝ።,Request,0
9264,እባክዎ ፋይሉን ለፖሊሱ ከአንድ ሰዓት በኋላ ይላኩልኝ።,Request,0
9265,ዕቃው ገና ወደ ባንክ በሚቀጥለው ሳምንት አልደረሰኝም።,Complaint,6
9266,ጎበዝ ስራ አስተማሪዋ፣ ልብሱ ሙሉ በሙሉ ፈርሷል።,Sarcasm/Irony,5
9267,የካርታው ችግር ዛሬ ማታ ከነጋዴው ጋር እፈታለሁ።,Promise,8
9269,ኤጀንሲው ስለ ትዕዛዙ ማስጠንቀቂያ በዚህ ሳምንት አውጥቷል።,Warning,4
9270,ስጦታው ገና ወደ ባንክ በሚቀጥለው ወር አልደረሰኝም።,Complaint,6
9275,ጤና ይስጥልኝ ጓደኛዬ፣ በሚቀጥለው ወር ደህና ነህ?,Phatic,7
9277,ሂሳቡ ገና ወደ ፖሊስ ጣቢያ ከሰዓት በኋላ አልደረሰኝም።,Complaint,6
9279,መስኮቱ ገና ወደ ቢሮ ከሁለት ቀናት በኋላ አልደረሰኝም።,Complaint,6
9282,ጋዜጠኛው ወደ ሆስፒታል ዛሬ ማታ ሄደዋል።,Assertion,1
9283,የበሩ ዋጋውን ከአንድ ሰዓት በኋላ ብንቀንስ ደንበኞች ይጨምራሉ።,Suggestion,3
9285,እባክዎ ይቅርታ፣ ውሃውን በዚህ ሳምንት ማቅረብ አልችልም።,Refusal,2
9287,እባክዎ ልብሱን ለመሐንዲሱ ዛሬ ይላኩልኝ።,Request,0
9288,የሰነዱ ችግር ከሁለት ቀናት በኋላ ከደንበኛው ጋር እፈታለሁ።,Promise,8
9289,እባክዎ ሪፖርቱን ለነጋዴው ዛሬ ማታ ይላኩልኝ።,Request,0
9291,ጠበቃው ወደ ከተማው ውስጥ ነገ ጠዋት ሄደዋል።,Assertion,1
9292,እባክህ ለካርታው ይህን ዘዴ በሚቀጥለው ወር ተጠቀም።,Suggestion,3
9293,እባክዎ ትዕዛዙን ለመሐንዲሱ ከሶስት ሰዓት በኋላ ይላኩልኝ።,Request,0
9294,ማሽኑ ገና ወደ ባንክ ከምሽቱ ጀምሮ አልደረሰኝም።,Complaint,6
9295,መሳሪያው ገና ወደ ፋብሪካ በሚቀጥለው አመት አልደረሰኝም።,Complaint,6
9296,ጎበዝ ስራ ስራ አስኪያጁ፣ ካርታው ሙሉ በሙሉ ፈርሷል።,Sarcasm/Irony,5
9297,ይህን በሩን ከስራ አስኪያጁ መቀበል አልችልም።,Refusal,2
9298,ስለ ስጦታው ጉዳይ ከሚኒስትሩ ጋር እንወያይ።,Suggestion,3
9300,አስተማሪዋ ወደ ትምህርት ቤት በዚህ ወር ሄደዋል።,Assertion,1
9301,ጎበዝ ስራ ዶክተሩ፣ ማሽኑ ሙሉ በሙሉ ፈርሷል።,Sarcasm/Irony,5
9304,እባክህ ለቤቱ ይህን ዘዴ ነገ ጠዋት ተጠቀም።,Suggestion,3
9305,ፖሊሱ ወደ ትምህርት ቤት ከሁለት ቀናት በኋላ ሄደዋል።,Assertion,1
9306,ባንኩ ስለ ፋይሉ ማስጠንቀቂያ ከሶስት ሰዓት በኋላ አውጥቷል።,Warning,4
9307,ጎበዝ! በጣም ጥሩ ስራ ሰራህ ነጋዴው፣ ካርታውን አበላሸኸው።,Sarcasm/Irony,5
9309,ጓደኛዬ፣ እንደምን አደርክ ከሶስት ሰዓት በኋላ?,Phatic,7
9310,አስተማሪዋ ወደ ቢሮ በሳምንቱ መጨረሻ ሄደዋል።,Assertion,1
9311,የደብዳቤው ችግር በሳምንቱ መጨረሻ ከሹፌሩ ጋር እፈታለሁ።,Promise,8
9312,እባክዎ ኮምፒዩተሩን ለመሐንዲሱ ዛሬ ማታ ይላኩልኝ።,Request,0
9313,የሪፖርቱ ችግር በሳምንቱ መጨረሻ ከጋዜጠኛው ጋር እፈታለሁ።,Promise,8
9317,የካርታው ችግር ዛሬ ከጓደኛዬ ጋር እፈታለሁ።,Promise,8
9318,ሰላም ፖሊሱ፣ ነገ ጠዋት እንዴት ነህ?,Phatic,7
9320,መጽሐፉ ገና ወደ ስብሰባ ክፍል ዛሬ ማታ አልደረሰኝም።,Complaint,6
9321,ፖሊሱ ወደ ከተማው ውስጥ በሚቀጥለው ሳምንት ሄደዋል።,Assertion,1
9325,ማዕከሉ ስለ ውሃው ማስጠንቀቂያ በስብሰባው ወቅት አውጥቷል።,Warning,4
9327,ጠበቃው ወደ ፍርድ ቤት ከሶስት ሰዓት በኋላ ሄደዋል።,Assertion,1
9328,እባክዎ መስኮቱን ለደንበኛው ነገ ከሰዓት በኋላ ይላኩልኝ።,Request,0
9331,የመልእክቱ ችግር በሚቀጥለው ወር ከደንበኛው ጋር እፈታለሁ።,Promise,8
9332,ከአስተማሪዋ ጋር ስለ መልእክቱ ጉዳይ መስማማት አልችልም።,Refusal,2
9334,እባክዎ ጥያቄውን ለዶክተሩ በሚቀጥለው አመት ይላኩልኝ።,Request,0
9335,እባክዎ ስልኩን ለፖሊሱ በሚቀጥለው ሳምንት ይላኩልኝ።,Request,0
9336,ነጋዴው ወደ ቤት በሚቀጥለው ወር ሄደዋል።,Assertion,1
9337,እንኳን ደስ አለህ ጠበቃው፣ ስለ ኮምፒዩተሩ እንደገና ተሳስተሃል።,Sarcasm/Irony,5
9340,ማህበሩ ስለ ገንዘቡ ማስጠንቀቂያ በስብሰባው ወቅት አውጥቷል።,Warning,4
9341,እባክዎ ይቅርታ፣ ደረሰኙን ነገ ጠዋት ማቅረብ አልችልም።,Refusal,2
9342,የገንዘቡ ችግር ነገ ከሰዓት በኋላ ከጋዜጠኛው ጋር እፈታለሁ።,Promise,8
9347,ይህን ቤቱን ከፖሊሱ መቀበል አልችልም።,Refusal,2
9348,ደብዳቤው ገና ወደ ቢሮ ከሶስት ሰዓት በኋላ አልደረሰኝም።,Complaint,6
9349,የኮምፒዩተሩ ችግር ዛሬ ከጋዜጠኛው ጋር እፈታለሁ።,Promise,8
9350,ፋብሪካው ስለ ቁልፉ ማስጠንቀቂያ ከአንድ ሰዓት በኋላ አውጥቷል።,Warning,4
9351,ደህና በሳምንቱ መጨረሻ ይሁንልህ ዶክተሩ።,Phatic,7
9352,ኮምፒዩተሩን በሚቀጥለው ሳምንት ብንሞክር ጥሩ ይሆናል።,Suggestion,3
9354,የካርታው ወጪውን በትምህርት ቤት ብንቀንስ የተሻለ ነው።,Suggestion,3
9355,ትዕዛዙ ገና ወደ ከተማው ውስጥ በዚህ ሳምንት አልደረሰኝም።,Complaint,6
9357,ምርቱ ገና ወደ ገበያ በዚህ ወር አልደረሰኝም።,Complaint,6
9358,ውሃው ገና ወደ መንገድ ላይ በስብሰባው ወቅት አልደረሰኝም።,Complaint,6
9359,ነገ ጠዋት ወደ ፋብሪካ እደርሳለሁ።,Promise,8
9362,እምቢ ማለት እፈልጋለሁ፣ ይህ ቤቱ አይሆንልኝም።,Refusal,2
9363,የውሉ ዋጋውን ከሶስት ሰዓት በኋላ ብንቀንስ ደንበኞች ይጨምራሉ።,Suggestion,3
9364,ማህበሩ ስለ ጥያቄው ማስጠንቀቂያ ዛሬ ማታ አውጥቷል።,Warning,4
9366,እባክህ ለዕቃው ይህን ዘዴ ከሁለት ቀናት በኋላ ተጠቀም።,Suggestion,3
9368,እባክዎ ካርታውን ለአስተማሪዋ በዚህ ሳምንት ይላኩልኝ።,Request,0
9369,እባክህ ለመስኮቱ ይህን ዘዴ በሚቀጥለው አመት ተጠቀም።,Suggestion,3
9370,ፖሊሱ ወደ ቤት ዛሬ ማታ ሄደዋል።,Assertion,1
9373,እባክዎ በሩን ለነጋዴው ከሁለት ቀናት በኋላ ይላኩልኝ።,Request,0
9374,መጽሐፉ ገና ወደ አውሮፕላን ማረፊያ በሚቀጥለው ሳምንት አልደረሰኝም።,Complaint,6
9375,ይቅርታ፣ ቡናውን ዛሬ ማታ ማድረግ አልችልም።,Refusal,2
9376,ይቅርታ፣ ስጦታውን ከምሽቱ ጀምሮ ማድረግ አልችልም።,Refusal,2
9377,ማሽኑ ገና ወደ አውሮፕላን ማረፊያ በሚቀጥለው ወር አልደረሰኝም።,Complaint,6
9378,እባክዎ ቤቱን ለነጋዴው ከሁለት ቀናት በኋላ ይላኩልኝ።,Request,0
9379,ኤጀንሲው ስለ ውሉ ማስጠንቀቂያ በሚቀጥለው አመት አውጥቷል።,Warning,4
9380,እንዴት ደስ ይላል፣ ጓደኛዬ እንደገና ዛሬ ዘገዩ።,Sarcasm/Irony,5
9381,ሆስፒታል ነገ ጠዋት ተከፍቷል።,Assertion,1
9382,የመስኮቱ ችግር ነገ ከጠበቃው ጋር እፈታለሁ።,Promise,8
9383,ይቅርታ፣ ቡናውን ነገ ከሰዓት በኋላ ማድረግ አልችልም።,Refusal,2
9384,የቤቱ ችግር ከአንድ ሰዓት በኋላ ከባልደረባዬ ጋር እፈታለሁ።,Promise,8
9385,ኮምፒዩተሩ ገና ወደ አውሮፕላን ማረፊያ ከሶስት ሰዓት በኋላ አልደረሰኝም።,Complaint,6
9387,ጎበዝ! በጣም ጥሩ ስራ ሰራህ መምህሩ፣ ፕሮጀክቱን አበላሸኸው።,Sarcasm/Irony,5
9388,ድርጅቱ ስለ ትዕዛዙ ማስጠንቀቂያ ከአንድ ሰዓት በኋላ አውጥቷል።,Warning,4
9390,እባክዎ መሳሪያውን ለሹፌሩ በዚህ ወር ይላኩልኝ።,Request,0
9391,እንኳን ደስ አለህ ነጋዴው፣ ስለ ቁልፉ እንደገና ተሳስተሃል።,Sarcasm/Irony,5
9392,አመሰግናለሁ መሐንዲሱ፣ ደህና ዋል በመጋዘን።,Phatic,7
9395,ጓደኛዬ ወደ ትምህርት ቤት ከሶስት ሰዓት በኋላ ሄደዋል።,Assertion,1
9396,እንኳን ደስ አለህ ጋዜጠኛው ነገ።,Phatic,7
9397,የፋይሉ ችግር ዛሬ ከደንበኛው ጋር እፈታለሁ።,Promise,8
9398,ሰነዱ ገና ወደ ፍርድ ቤት ነገ ጠዋት አልደረሰኝም።,Complaint,6
9399,ጎበዝ ስራ ፖሊሱ፣ ገንዘቡ ሙሉ በሙሉ ፈርሷል።,Sarcasm/Irony,5
9401,እባክዎ ቁልፉን ለሚኒስትሩ በስብሰባው ወቅት ይላኩልኝ።,Request,0
9402,ሚኒስትሩ፣ ጤና ይስጥልኝ በከተማው ውስጥ።,Phatic,7
9403,ይቅርታ፣ ደረሰኙን በሚቀጥለው ወር ማድረግ አልችልም።,Refusal,2
9404,ቤቱ ገና ወደ ከተማው ውስጥ ከጥቂት ደቂቃዎች በኋላ አልደረሰኝም።,Complaint,6
9405,የፋይሉ ችግር በስብሰባው ወቅት ከአስተማሪዋ ጋር እፈታለሁ።,Promise,8
9407,እባክዎ ይቅርታ፣ ቁልፉን ከሶስት ሰዓት በኋላ ማቅረብ አልችልም።,Refusal,2
9408,እባክዎ ኮምፒዩተሩን ለሚኒስትሩ ዛሬ ይላኩልኝ።,Request,0
9409,ጋዜጠኛው ወደ ፋብሪካ በስብሰባው ወቅት ሄደዋል።,Assertion,1
9412,እባክዎ ደረሰኙን ለመሐንዲሱ ከአንድ ሰዓት በኋላ ይላኩልኝ።,Request,0
9413,እባክዎ ማሽኑን ለደንበኛው ዛሬ ማታ ይላኩልኝ።,Request,0
9415,እባክዎ መኪናውን ለስራ አስኪያጁ ነገ ጠዋት ይላኩልኝ።,Request,0
9417,የቦርሳው ችግር በሚቀጥለው ወር ከአስተማሪዋ ጋር እፈታለሁ።,Promise,8
9418,እባክዎ ይቅርታ፣ ስልኩን በዚህ አመት ማቅረብ አልችልም።,Refusal,2
9420,ይቅርታ፣ ሰነዱን በስብሰባው ወቅት ማድረግ አልችልም።,Refusal,2
9421,እሰይ፣ ሌላ ችግር በፖሊስ ጣቢያ በስብሰባው ወቅት፣ ልክ የሚያስፈልገን ይሄው ነበር።,Sarcasm/Irony,5
9422,ይቅርታ፣ ውሉን ከሶስት ሰዓት በኋላ ማድረግ አልችልም።,Refusal,2
9424,ማዕከሉ ስለ ቦርሳው ማስጠንቀቂያ ከሰዓት በኋላ አውጥቷል።,Warning,4
9425,ፋብሪካው ስለ ማሽኑ ማስጠንቀቂያ በሳምንቱ መጨረሻ አውጥቷል።,Warning,4
9427,እባክዎ ካርታውን ለጓደኛዬ ነገ ይላኩልኝ።,Request,0
9428,ደህና ሁን ዶክተሩ፣ እስከ በሚቀጥለው ወር እንገናኝ።,Phatic,7
9429,ይቅርታ፣ ውሃውን በሚቀጥለው ሳምንት ማድረግ አልችልም።,Refusal,2
9430,በጣም ብልህ ነህ ባልደረባዬ፣ ቦርሳውን ረሳኸው።,Sarcasm/Irony,5
9431,የመሳሪያው ችግር በሳምንቱ መጨረሻ ከፖሊሱ ጋር እፈታለሁ።,Promise,8
9432,ኤጀንሲው ስለ ልብሱ ማስጠንቀቂያ በዚህ አመት አውጥቷል።,Warning,4
9433,ኤጀንሲው ስለ ስጦታው ማስጠንቀቂያ ከዛሬ ጀምሮ አውጥቷል።,Warning,4
9434,እባክዎ ሪፖርቱን ለመሐንዲሱ ነገ ይላኩልኝ።,Request,0
9435,ደህና እደር ጓደኛዬ፣ በዚህ ሳምንት እንገናኝ።,Phatic,7
9436,ጎበዝ! በጣም ጥሩ ስራ ሰራህ ባልደረባዬ፣ ትዕዛዙን አበላሸኸው።,Sarcasm/Irony,5
9439,ይቅርታ፣ ደብዳቤውን ነገ ማድረግ አልችልም።,Refusal,2
9440,በጣም ብልህ ነህ ደንበኛው፣ መጽሐፉን ረሳኸው።,Sarcasm/Irony,5
9441,እንኳን ደስ አለህ ባልደረባዬ፣ ስለ ቡናው እንደገና ተሳስተሃል።,Sarcasm/Irony,5
9442,እንዴት ጎበዝ ነህ ሹፌሩ፣ ፋይሉን ሰብረኸዋል!,Sarcasm/Irony,5
9443,እባክዎ ኮምፒዩተሩን ለጠበቃው ዛሬ ይላኩልኝ።,Request,0
9444,የካርታው ችግር ዛሬ ማታ ከጓደኛዬ ጋር እፈታለሁ።,Promise,8
9445,የኮምፒዩተሩ ወጪውን በአውሮፕላን ማረፊያ ብንቀንስ የተሻለ ነው።,Suggestion,3
9446,እባክዎ ይቅርታ፣ ውሉን በስብሰባው ወቅት ማቅረብ አልችልም።,Refusal,2
9447,ሰላም ጋዜጠኛው፣ ዛሬ እንዴት ነህ?,Phatic,7
9449,የመልእክቱ ችግር በሚቀጥለው ወር ከሚኒስትሩ ጋር እፈታለሁ።,Promise,8
9450,ደህና ነገ ጠዋት ይሁንልህ ነጋዴው።,Phatic,7
9451,ሪፖርቱን ከጥቂት ደቂቃዎች በኋላ ብንሞክር ጥሩ ይሆናል።,Suggestion,3
9453,ትዕዛዙ ገና ወደ ቤት ከሶስት ሰዓት በኋላ አልደረሰኝም።,Complaint,6
9454,ጤና ይስጥልኝ ደንበኛው፣ ነገ ደህና ነህ?,Phatic,7
9455,ስለ ደረሰኙ ከአስተማሪዋ ጋር ማሰብ ይኖርብናል።,Suggestion,3
9458,የኮምፒዩተሩ ችግር ዛሬ ማታ ከመሐንዲሱ ጋር እፈታለሁ።,Promise,8
9461,ነጋዴው ወደ ትምህርት ቤት ዛሬ ማታ ሄደዋል።,Assertion,1
9462,እባክዎ ሰነዱን ለመሐንዲሱ ዛሬ ማታ ይላኩልኝ።,Request,0
9463,ሰነዱን ዛሬ ብንሞክር ጥሩ ይሆናል።,Suggestion,3
9465,ቡናው ገና ወደ ትምህርት ቤት ከጥቂት ደቂቃዎች በኋላ አልደረሰኝም።,Complaint,6
9466,ስቱዲዮው ስለ ካርታው ማስጠንቀቂያ በዚህ ሳምንት አውጥቷል።,Warning,4
9469,የሂሳቡ ችግር በሳምንቱ መጨረሻ ከፖሊሱ ጋር እፈታለሁ።,Promise,8
9470,ይህን ውሉን ከሚኒስትሩ መቀበል አልችልም።,Refusal,2
9471,ስለ መስኮቱ ጉዳይ ከአስተማሪዋ ጋር እንወያይ።,Suggestion,3
9472,እባክዎ መጽሐፉን ለጓደኛዬ በስብሰባው ወቅት ይላኩልኝ።,Request,0
9473,ደህና እደር ጓደኛዬ፣ ነገ እንገናኝ።,Phatic,7
9475,የመኪናው ችግር በዚህ ወር ከነጋዴው ጋር እፈታለሁ።,Promise,8
9476,መሐንዲሱ ወደ ትምህርት ቤት ነገ ሄደዋል።,Assertion,1
9477,እባክዎ መልእክቱን ለአስተማሪዋ በሚቀጥለው አመት ይላኩልኝ።,Request,0
9478,ማሽኑ ገና ወደ ቢሮ በዚህ አመት አልደረሰኝም።,Complaint,6
9479,የኮምፒዩተሩ ችግር በሳምንቱ መጨረሻ ከመምህሩ ጋር እፈታለሁ።,Promise,8
9481,ማህበሩ ስለ መጽሐፉ ማስጠንቀቂያ ከአንድ ሰዓት በኋላ አውጥቷል።,Warning,4
9482,እሰይ፣ ሌላ ችግር በመጋዘን ነገ ከሰዓት በኋላ፣ ልክ የሚያስፈልገን ይሄው ነበር።,Sarcasm/Irony,5
9483,እባክዎ ይቅርታ፣ ካርታውን በሚቀጥለው ሳምንት ማቅረብ አልችልም።,Refusal,2
9484,የመልእክቱ ችግር በሚቀጥለው ሳምንት ከጋዜጠኛው ጋር እፈታለሁ።,Promise,8
9485,እባክህ ለትዕዛዙ ይህን ዘዴ ዛሬ ማታ ተጠቀም።,Suggestion,3
9486,ቢያንስ አንዴ ስጦታውን በቤት እንሞክር።,Suggestion,3
9487,ዛሬ በሆስፒታል ስብሰባ እናድርግ።,Suggestion,3
9488,ካርታው ገና ወደ ገበያ በሚቀጥለው ሳምንት አልደረሰኝም።,Complaint,6
9491,እባክዎ ኮምፒዩተሩን ለመምህሩ ነገ ከሰዓት በኋላ ይላኩልኝ።,Request,0
9492,ድርጅቱ ስለ ምርቱ ማስጠንቀቂያ ነገ ከሰዓት በኋላ አውጥቷል።,Warning,4
9493,ቢያንስ አንዴ ቦርሳውን በትምህርት ቤት እንሞክር።,Suggestion,3
9494,ደህና ሁን መምህሩ፣ እስከ ከዛሬ ጀምሮ እንገናኝ።,Phatic,7
9495,እንዴት ጎበዝ ነህ ፖሊሱ፣ ማሽኑን ሰብረኸዋል!,Sarcasm/Irony,5
9496,ድርጅቱ ስለ ምርቱ ማስጠንቀቂያ ነገ ጠዋት አውጥቷል።,Warning,4
9498,እባክዎ ቁልፉን ለአለቃዬ በዚህ ሳምንት ይላኩልኝ።,Request,0
9499,የመሳሪያው ችግር ነገ ከአለቃዬ ጋር እፈታለሁ።,Promise,8
9503,እባክዎ ስጦታውን ለአስተማሪዋ ከአንድ ሰዓት በኋላ ይላኩልኝ።,Request,0
9505,ገንዘቡን በጥንቃቄ ለጠበቃው እይዛለሁ።,Promise,8
9507,ነገ ከሰዓት በኋላ በሆስፒታል ትራፊኩ ከባድ ነው ተጠንቀቁ።,Warning,4
9509,መንግስት ስለ ምርቱ ማስጠንቀቂያ ነገ ከሰዓት በኋላ አውጥቷል።,Warning,4
9510,እባክዎ ውሃውን ለነጋዴው በሚቀጥለው አመት ይላኩልኝ።,Request,0
9511,ከአንድ ሰዓት በኋላ በስብሰባ ክፍል ትራፊኩ ከባድ ነው ተጠንቀቁ።,Warning,4
9513,ማህበሩ ስለ ኮምፒዩተሩ ማስጠንቀቂያ ከዛሬ ጀምሮ አውጥቷል።,Warning,4
9514,እባክህ ለመኪናው ይህን ዘዴ በሚቀጥለው አመት ተጠቀም።,Suggestion,3
9515,ስልኩ ገና ወደ ፍርድ ቤት በሚቀጥለው ወር አልደረሰኝም።,Complaint,6
9516,ፋብሪካው ስለ ስልኩ ማስጠንቀቂያ ከሰዓት በኋላ አውጥቷል።,Warning,4
9517,እንኳን ደስ አለህ ባልደረባዬ በሚቀጥለው አመት።,Phatic,7
9519,ሰላም ስራ አስኪያጁ፣ ከአንድ ሰዓት በኋላ እንዴት ነህ?,Phatic,7
9520,እባክዎ መሳሪያውን ለጓደኛዬ በሚቀጥለው ወር ይላኩልኝ።,Request,0
9521,የቤቱ ችግር በሳምንቱ መጨረሻ ከመምህሩ ጋር እፈታለሁ።,Promise,8
9522,ኮምፒዩተሩ ገና ወደ ከተማው ውስጥ ከዛሬ ጀምሮ አልደረሰኝም።,Complaint,6
9523,እባክዎ መኪናውን ለመምህሩ በሳምንቱ መጨረሻ ይላኩልኝ።,Request,0
9524,ኩባንያው ስለ መኪናው ማስጠንቀቂያ በዚህ አመት አውጥቷል።,Warning,4
9526,ደንበኛው ወደ መጋዘን ከአንድ ሰዓት በኋላ ሄደዋል።,Assertion,1
9527,እባክዎ ቡናውን ለዶክተሩ ዛሬ ማታ ይላኩልኝ።,Request,0
9528,እንኳን ደስ አለህ ስራ አስኪያጁ ከሶስት ሰዓት በኋላ።,Phatic,7
9529,ደረሰኙ ገና ወደ ፍርድ ቤት በሚቀጥለው ሳምንት አልደረሰኝም።,Complaint,6
9530,ፋብሪካው ስለ ውሉ ማስጠንቀቂያ ከዛሬ ጀምሮ አውጥቷል።,Warning,4
9531,ገንዘቡ ገና ወደ ሆስፒታል ከአንድ ሰዓት በኋላ አልደረሰኝም።,Complaint,6
9532,የኮምፒዩተሩ ዋጋውን ከጥቂት ደቂቃዎች በኋላ ብንቀንስ ደንበኞች ይጨምራሉ።,Suggestion,3
9537,የደብዳቤው ችግር ከአንድ ሰዓት በኋላ ከደንበኛው ጋር እፈታለሁ።,Promise,8
9538,የዕቃው ገመድ በቤት አደገኛ ነው ተጠንቀቁ።,Warning,4
9542,አስተማሪዋ ወደ ፍርድ ቤት በስብሰባው ወቅት ሄደዋል።,Assertion,1
9544,በጣም ደግ ነህ አለቃዬ፣ በሆስፒታል ምንም እርዳታ አልሰጠኸኝም።,Sarcasm/Irony,5
9547,አመሰግናለሁ መሐንዲሱ፣ ደህና ዋል በቤት።,Phatic,7
9548,ስለ ደብዳቤው ከደንበኛው ጋር ማሰብ ይኖርብናል።,Suggestion,3
9551,የሰነዱ ችግር ዛሬ ከባልደረባዬ ጋር እፈታለሁ።,Promise,8
9552,ቁልፉን በሚቀጥለው አመት ብንሞክር ጥሩ ይሆናል።,Suggestion,3
9555,ቁልፉ ገና ወደ አውሮፕላን ማረፊያ ከአንድ ሰዓት በኋላ አልደረሰኝም።,Complaint,6
9558,ቢያንስ አንዴ ሪፖርቱን በቢሮ እንሞክር።,Suggestion,3
9561,ስለ መሳሪያው ጉዳይ ከነጋዴው ጋር እንወያይ።,Suggestion,3
9562,እቅዱን ከምሽቱ ጀምሮ ከመንግስት ጋር እናሻሽል።,Suggestion,3
9563,ሚኒስትሩ ወደ ትምህርት ቤት ነገ ጠዋት ሄደዋል።,Assertion,1
9564,እባክህ ለካርታው ይህን ዘዴ ዛሬ ማታ ተጠቀም።,Suggestion,3
9565,ከሁለት ቀናት በኋላ በገበያ ትራፊኩ ከባድ ነው ተጠንቀቁ።,Warning,4
9566,ባንክ ከዛሬ ጀምሮ ተከፍቷል።,Assertion,1
9567,ድርጅቱ ስለ ዕቃው ማስጠንቀቂያ በዚህ ወር አውጥቷል።,Warning,4
9568,ደህና በዚህ ሳምንት ይሁንልህ ነጋዴው።,Phatic,7
9570,ፋብሪካው ስለ ቦርሳው ማስጠንቀቂያ ከምሽቱ ጀምሮ አውጥቷል።,Warning,4
9572,ኩባንያው ስለ ሪፖርቱ ማስጠንቀቂያ ከሶስት ሰዓት በኋላ አውጥቷል።,Warning,4
9573,በሩ ገና ወደ ሆስፒታል በሚቀጥለው ወር አልደረሰኝም።,Complaint,6
9574,ኤጀንሲው ስለ ልብሱ ማስጠንቀቂያ ነገ ጠዋት አውጥቷል።,Warning,4
9575,የጥያቄው ችግር በሳምንቱ መጨረሻ ከመሐንዲሱ ጋር እፈታለሁ።,Promise,8
9576,ዛሬ ወደ ፍርድ ቤት እደርሳለሁ።,Promise,8
9577,እባክዎ ይቅርታ፣ ውሃውን ከሁለት ቀናት በኋላ ማቅረብ አልችልም።,Refusal,2
9580,ውሃው ገና ወደ ሱቅ ነገ ጠዋት አልደረሰኝም።,Complaint,6
9581,የካርታው ችግር ነገ ከሚኒስትሩ ጋር እፈታለሁ።,Promise,8
9582,ውሉን በሚቀጥለው አመት ብንሞክር ጥሩ ይሆናል።,Suggestion,3
9583,የፕሮጀክቱ ችግር ከምሽቱ ጀምሮ ከመምህሩ ጋር እፈታለሁ።,Promise,8
9585,ስልኩ ገና ወደ ስብሰባ ክፍል ነገ ከሰዓት በኋላ አልደረሰኝም።,Complaint,6
9586,እባክዎ ካርታውን ለደንበኛው ከምሽቱ ጀምሮ ይላኩልኝ።,Request,0
9589,ሹፌሩ ወደ ገበያ ከምሽቱ ጀምሮ ሄደዋል።,Assertion,1
9590,መሳሪያው ገና ወደ ትምህርት ቤት ከጥቂት ደቂቃዎች በኋላ አልደረሰኝም።,Complaint,6
9591,ባንኩ ስለ ዕቃው ማስጠንቀቂያ በሚቀጥለው ወር አውጥቷል።,Warning,4
9592,እባክዎ ይቅርታ፣ ልብሱን ነገ ከሰዓት በኋላ ማቅረብ አልችልም።,Refusal,2
9593,እንዴት ደስ ይላል፣ ሚኒስትሩ እንደገና በዚህ ሳምንት ዘገዩ።,Sarcasm/Irony,5
9594,እባክዎ ውሃውን ለፖሊሱ በሚቀጥለው አመት ይላኩልኝ።,Request,0
9595,እባክዎ ይቅርታ፣ ስልኩን በዚህ ወር ማቅረብ አልችልም።,Refusal,2
9596,ነጋዴው ወደ ገበያ ከዛሬ ጀምሮ ሄደዋል።,Assertion,1
9597,እንኳን ደስ አለህ ባልደረባዬ፣ ስለ ውሃው እንደገና ተሳስተሃል።,Sarcasm/Irony,5
9598,ስለ መሳሪያው ጉዳይ ከሹፌሩ ጋር እንወያይ።,Suggestion,3
9599,የካርታው ችግር በዚህ ወር ከጋዜጠኛው ጋር እፈታለሁ።,Promise,8
9600,ከሶስት ሰዓት በኋላ በሆስፒታል ስብሰባ እናድርግ።,Suggestion,3
9601,ይቅርታ፣ መኪናውን በሳምንቱ መጨረሻ ማድረግ አልችልም።,Refusal,2
9602,ገንዘቡ ገና ወደ መጋዘን በስብሰባው ወቅት አልደረሰኝም።,Complaint,6
9603,ሰላም ደንበኛው፣ ከአንድ ሰዓት በኋላ እንዴት ነህ?,Phatic,7
9604,ጎበዝ! በጣም ጥሩ ስራ ሰራህ ዶክተሩ፣ ምርቱን አበላሸኸው።,Sarcasm/Irony,5
9605,በጣም ብልህ ነህ ጋዜጠኛው፣ ጥያቄውን ረሳኸው።,Sarcasm/Irony,5
9606,ጥንቃቄ ያድርጉ፣ ዛሬ ማታ ስብሰባ ክፍል ይንሸራተታል።,Warning,4
9607,መምህሩ፣ እንደምን አደርክ ከምሽቱ ጀምሮ?,Phatic,7
9608,ጠበቃው ወደ ፍርድ ቤት ከሁለት ቀናት በኋላ ሄደዋል።,Assertion,1
9609,የደረሰኙ ችግር ከሰዓት በኋላ ከመሐንዲሱ ጋር እፈታለሁ።,Promise,8
9610,አለቃዬ ወደ ስብሰባ ክፍል በሳምንቱ መጨረሻ ሄደዋል።,Assertion,1
9612,ባልደረባዬ፣ እንደምን አደርክ በሚቀጥለው ወር?,Phatic,7
9613,ይቅርታ፣ ዕቃውን በዚህ ሳምንት ማድረግ አልችልም።,Refusal,2
9614,ይህን መስኮቱን ከደንበኛው መቀበል አልችልም።,Refusal,2
9615,እባክህ ለበሩ ይህን ዘዴ በዚህ ወር ተጠቀም።,Suggestion,3
9616,የሰነዱ ችግር ከጥቂት ደቂቃዎች በኋላ ከጋዜጠኛው ጋር እፈታለሁ።,Promise,8
9618,የሪፖርቱ ችግር በዚህ ወር ከሚኒስትሩ ጋር እፈታለሁ።,Promise,8
9619,የሂሳቡ ችግር ከምሽቱ ጀምሮ ከዶክተሩ ጋር እፈታለሁ።,Promise,8
9622,ጋዜጠኛው ወደ ቤት ከምሽቱ ጀምሮ ሄደዋል።,Assertion,1
9623,ስራ አስኪያጁ ወደ መንገድ ላይ ከአንድ ሰዓት በኋላ ሄደዋል።,Assertion,1
9624,ፖሊሱ ወደ ፍርድ ቤት በዚህ ሳምንት ሄደዋል።,Assertion,1
9625,እባክዎ ደብዳቤውን ለአስተማሪዋ በሚቀጥለው ሳምንት ይላኩልኝ።,Request,0
9626,ይቅርታ፣ ውሃውን በዚህ ሳምንት ማድረግ አልችልም።,Refusal,2
9627,በሚቀጥለው ወር በመጋዘን ስብሰባ እናድርግ።,Suggestion,3
9630,ቁልፉን በጥንቃቄ ለአለቃዬ እይዛለሁ።,Promise,8
9631,የቁልፉ ችግር ዛሬ ከመሐንዲሱ ጋር እፈታለሁ።,Promise,8
9633,ስራ አስኪያጁ ወደ ስብሰባ ክፍል ነገ ከሰዓት በኋላ ሄደዋል።,Assertion,1
9634,እባክዎ ሂሳቡን ለደንበኛው ከሁለት ቀናት በኋላ ይላኩልኝ።,Request,0
9636,እባክዎ ምርቱን ለደንበኛው ዛሬ ማታ ይላኩልኝ።,Request,0
9637,ከፖሊሱ ጋር ስለ ፕሮጀክቱ ጉዳይ መስማማት አልችልም።,Refusal,2
9638,ፖሊሱ ወደ ገበያ ከምሽቱ ጀምሮ ሄደዋል።,Assertion,1
9639,ድርጅቱ ስለ መልእክቱ ማስጠንቀቂያ ዛሬ አውጥቷል።,Warning,4
9641,እባክዎ መስኮቱን ለስራ አስኪያጁ ከጥቂት ደቂቃዎች በኋላ ይላኩልኝ።,Request,0
9644,ስለ ፋይሉ ከአለቃዬ ጋር ማሰብ ይኖርብናል።,Suggestion,3
9646,ደህና በዚህ ወር ይሁንልህ ደንበኛው።,Phatic,7
9647,እንኳን ደስ አለህ አለቃዬ፣ ስለ ስልኩ እንደገና ተሳስተሃል።,Sarcasm/Irony,5
9648,ሚኒስትሩ፣ እንደምን አደርክ በዚህ ወር?,Phatic,7
9649,ድርጅቱ ስለ ቁልፉ ማስጠንቀቂያ በዚህ ሳምንት አውጥቷል።,Warning,4
9650,እንኳን ደስ አለህ ፖሊሱ፣ ስለ ፕሮጀክቱ እንደገና ተሳስተሃል።,Sarcasm/Irony,5
9652,ጋዜጠኛው፣ ጤና ይስጥልኝ በከተማው ውስጥ።,Phatic,7
9653,የስጦታው ችግር ከዛሬ ጀምሮ ከጠበቃው ጋር እፈታለሁ።,Promise,8
9654,መንግስት ስለ መልእክቱ ማስጠንቀቂያ በሚቀጥለው ሳምንት አውጥቷል።,Warning,4
9656,ዛሬ በትምህርት ቤት ስብሰባ እናድርግ።,Suggestion,3
9657,ጥንቃቄ ያድርጉ፣ ነገ ከሰዓት በኋላ ስብሰባ ክፍል ይንሸራተታል።,Warning,4
9659,የጥያቄው ችግር ከሁለት ቀናት በኋላ ከነጋዴው ጋር እፈታለሁ።,Promise,8
9660,በሚቀጥለው አመት በፍርድ ቤት ስብሰባ እናድርግ።,Suggestion,3
9661,ፖሊሱ፣ እንደምን አደርክ ነገ?,Phatic,7
9662,የሪፖርቱ ችግር በስብሰባው ወቅት ከሹፌሩ ጋር እፈታለሁ።,Promise,8
9665,ጎበዝ ስራ ነጋዴው፣ ቦርሳው ሙሉ በሙሉ ፈርሷል።,Sarcasm/Irony,5
9667,እባክህ ለመሳሪያው ይህን ዘዴ ነገ ከሰዓት በኋላ ተጠቀም።,Suggestion,3
9668,እባክዎ ገንዘቡን ለመምህሩ ነገ ከሰዓት በኋላ ይላኩልኝ።,Request,0
9669,እባክዎ ስጦታውን ለዶክተሩ ከዛሬ ጀምሮ ይላኩልኝ።,Request,0
9670,የውሉ ዋጋውን በሳምንቱ መጨረሻ ብንቀንስ ደንበኞች ይጨምራሉ።,Suggestion,3
9671,በቤት ነገ ወንጀል ሊፈጸም ይችላል ተጠንቀቁ።,Warning,4
9672,ካርታው ገና ወደ ቢሮ ዛሬ ማታ አልደረሰኝም።,Complaint,6
9673,ዶክተሩ ወደ ሱቅ በስብሰባው ወቅት ሄደዋል።,Assertion,1
9675,ከተማው ውስጥ በዚህ ወር ተከፍቷል።,Assertion,1
9678,ደህና ሁን አለቃዬ፣ እስከ ነገ ከሰዓት በኋላ እንገናኝ።,Phatic,7
9679,የሪፖርቱ ችግር በሚቀጥለው ወር ከመምህሩ ጋር እፈታለሁ።,Promise,8
9681,ባልደረባዬ ወደ አውሮፕላን ማረፊያ በሳምንቱ መጨረሻ ሄደዋል።,Assertion,1
9682,ድርጅቱ ስለ ደብዳቤው ማስጠንቀቂያ ዛሬ ማታ አውጥቷል።,Warning,4
9684,አለቃዬ ወደ ባንክ ከአንድ ሰዓት በኋላ ሄደዋል።,Assertion,1
9685,የማሽኑ ችግር ከሰዓት በኋላ ከጓደኛዬ ጋር እፈታለሁ።,Promise,8
9686,እባክዎ ቦርሳውን ለጋዜጠኛው ነገ ይላኩልኝ።,Request,0
9687,ደህና ሁን ሚኒስትሩ፣ እስከ ከሶስት ሰዓት በኋላ እንገናኝ።,Phatic,7
9688,ጥያቄውን ከሁለት ቀናት በኋላ ብንሞክር ጥሩ ይሆናል።,Suggestion,3
9689,ጤና ይስጥልኝ ሹፌሩ፣ በሚቀጥለው አመት ደህና ነህ?,Phatic,7
9690,እባክዎ ስጦታውን ለነጋዴው ከሰዓት በኋላ ይላኩልኝ።,Request,0
9692,በስብሰባው ወቅት ወደ ፖሊስ ጣቢያ እመጣለሁ።,Promise,8
9693,አዎ በርግጥ፣ የባንኩ እቅድ በዛሬ በጭራሽ አይከሽፍም።,Sarcasm/Irony,5
9695,የዕቃው ወጪውን በባንክ ብንቀንስ የተሻለ ነው።,Suggestion,3
9696,እንኳን ደስ አለህ ዶክተሩ ነገ ጠዋት።,Phatic,7
9698,የዕቃው ችግር በዚህ ሳምንት ከሚኒስትሩ ጋር እፈታለሁ።,Promise,8
9700,ጎበዝ! በጣም ጥሩ ስራ ሰራህ ነጋዴው፣ ፋይሉን አበላሸኸው።,Sarcasm/Irony,5
9701,የካርታው ዋጋውን ዛሬ ብንቀንስ ደንበኞች ይጨምራሉ።,Suggestion,3
9702,ጥንቃቄ ያድርጉ፣ በሚቀጥለው አመት ፍርድ ቤት ይንሸራተታል።,Warning,4
9703,ማህበሩ ስለ በሩ ማስጠንቀቂያ ነገ አውጥቷል።,Warning,4
9704,የደረሰኙ ችግር ከአንድ ሰዓት በኋላ ከነጋዴው ጋር እፈታለሁ።,Promise,8
9706,ቢያንስ አንዴ ስጦታውን በመንገድ ላይ እንሞክር።,Suggestion,3
9709,ጥንቃቄ ያድርጉ፣ ነገ አውሮፕላን ማረፊያ ይንሸራተታል።,Warning,4
9710,ጎበዝ ስራ ባልደረባዬ፣ መስኮቱ ሙሉ በሙሉ ፈርሷል።,Sarcasm/Irony,5
9711,ደህና እደር ደንበኛው፣ ነገ ጠዋት እንገናኝ።,Phatic,7
9713,እባክህ ለካርታው ይህን ዘዴ ከሰዓት በኋላ ተጠቀም።,Suggestion,3
9714,ቢያንስ አንዴ ሂሳቡን በባንክ እንሞክር።,Suggestion,3
9716,ፋይሉ ገና ወደ ከተማው ውስጥ ነገ ከሰዓት በኋላ አልደረሰኝም።,Complaint,6
9717,እባክዎ ሰነዱን ለመምህሩ በዚህ ሳምንት ይላኩልኝ።,Request,0
9719,ቡናውን ከዛሬ ጀምሮ ብንሞክር ጥሩ ይሆናል።,Suggestion,3
9721,እንዴት ደስ ይላል፣ ባልደረባዬ እንደገና ከሶስት ሰዓት በኋላ ዘገዩ።,Sarcasm/Irony,5
9722,ማዕከሉ ስለ ኮምፒዩተሩ ማስጠንቀቂያ ዛሬ ማታ አውጥቷል።,Warning,4
9724,የደብዳቤው ችግር ከአንድ ሰዓት በኋላ ከሚኒስትሩ ጋር እፈታለሁ።,Promise,8
9725,ጓደኛዬ ወደ ሆስፒታል በዚህ ሳምንት ሄደዋል።,Assertion,1
9728,ኮምፒዩተሩ ገና ወደ ስብሰባ ክፍል በዚህ ወር አልደረሰኝም።,Complaint,6
9730,ቁልፉ ገና ወደ ቤት ከሁለት ቀናት በኋላ አልደረሰኝም።,Complaint,6
9731,ዕቃው ገና ወደ ስብሰባ ክፍል ነገ አልደረሰኝም።,Complaint,6
9732,እባክዎ ሰነዱን ለነጋዴው ነገ ይላኩልኝ።,Request,0
9733,ነጋዴው ወደ መንገድ ላይ ከአንድ ሰዓት በኋላ ሄደዋል።,Assertion,1
9734,ስቱዲዮው ስለ መኪናው ማስጠንቀቂያ ከዛሬ ጀምሮ አውጥቷል።,Warning,4
9735,ደህና እደር ደንበኛው፣ ከሁለት ቀናት በኋላ እንገናኝ።,Phatic,7
9736,ጓደኛዬ ወደ ፍርድ ቤት ነገ ከሰዓት በኋላ ሄደዋል።,Assertion,1
9738,ሚኒስትሩ ወደ ባንክ ዛሬ ሄደዋል።,Assertion,1
9739,እባክዎ ጥያቄውን ለአለቃዬ ከዛሬ ጀምሮ ይላኩልኝ።,Request,0
9745,ዶክተሩ ወደ ፋብሪካ ዛሬ ማታ ሄደዋል።,Assertion,1
9746,የመኪናው ችግር ከአንድ ሰዓት በኋላ ከአለቃዬ ጋር እፈታለሁ።,Promise,8
9747,እባክዎ ጥያቄውን ለጓደኛዬ በሳምንቱ መጨረሻ ይላኩልኝ።,Request,0
9750,ይቅርታ፣ ፕሮጀክቱን ነገ ከሰዓት በኋላ ማድረግ አልችልም።,Refusal,2
9751,ስለ ኮምፒዩተሩ ከባልደረባዬ ጋር ማሰብ ይኖርብናል።,Suggestion,3
9752,የደረሰኙ ችግር ከሶስት ሰዓት በኋላ ከመምህሩ ጋር እፈታለሁ።,Promise,8
9753,ጋዜጠኛው ወደ ቤት ከአንድ ሰዓት በኋላ ሄደዋል።,Assertion,1
9756,ባልደረባዬ ወደ ቤት በሚቀጥለው ሳምንት ሄደዋል።,Assertion,1
9757,እንኳን ደስ አለህ ጠበቃው፣ ስለ ጥያቄው እንደገና ተሳስተሃል።,Sarcasm/Irony,5
9758,የመልእክቱ ዋጋውን በሚቀጥለው ሳምንት ብንቀንስ ደንበኞች ይጨምራሉ።,Suggestion,3
9759,የዕቃው ችግር በስብሰባው ወቅት ከፖሊሱ ጋር እፈታለሁ።,Promise,8
9760,ከጠበቃው ጋር ስለ ቦርሳው ጉዳይ መስማማት አልችልም።,Refusal,2
9762,እባክዎ ፕሮጀክቱን ለአለቃዬ በሚቀጥለው አመት ይላኩልኝ።,Request,0
9763,እባክዎ ይቅርታ፣ ሰነዱን ነገ ከሰዓት በኋላ ማቅረብ አልችልም።,Refusal,2
9764,የሂሳቡ ዋጋውን ዛሬ ብንቀንስ ደንበኞች ይጨምራሉ።,Suggestion,3
9765,ከአስተማሪዋ ጋር ስለ ቤቱ ጉዳይ መስማማት አልችልም።,Refusal,2
9766,ጥያቄው ገና ወደ አውሮፕላን ማረፊያ ከሰዓት በኋላ አልደረሰኝም።,Complaint,6
9767,እባክዎ ይቅርታ፣ ትዕዛዙን ነገ ከሰዓት በኋላ ማቅረብ አልችልም።,Refusal,2
9768,የቁልፉ ችግር በሚቀጥለው ወር ከፖሊሱ ጋር እፈታለሁ።,Promise,8
9771,ባልደረባዬ ወደ ገበያ ከዛሬ ጀምሮ ሄደዋል።,Assertion,1
9772,ውሉ ገና ወደ ባንክ በዚህ ሳምንት አልደረሰኝም።,Complaint,6
9775,ሚኒስቴሩ ስለ ሂሳቡ ማስጠንቀቂያ ከአንድ ሰዓት በኋላ አውጥቷል።,Warning,4
9778,ቢያንስ አንዴ ቤቱን በገበያ እንሞክር።,Suggestion,3
9779,ኤጀንሲው ስለ ካርታው ማስጠንቀቂያ ከዛሬ ጀምሮ አውጥቷል።,Warning,4
9780,ስልኩ ገና ወደ ቢሮ በሚቀጥለው ወር አልደረሰኝም።,Complaint,6
9781,ነጋዴው፣ ጤና ይስጥልኝ በገበያ።,Phatic,7
9782,ጎበዝ ስራ አለቃዬ፣ ደብዳቤው ሙሉ በሙሉ ፈርሷል።,Sarcasm/Irony,5
9783,እንኳን ደስ አለህ አስተማሪዋ፣ ስለ ምርቱ እንደገና ተሳስተሃል።,Sarcasm/Irony,5
9784,ደህና እደር ዶክተሩ፣ ከሶስት ሰዓት በኋላ እንገናኝ።,Phatic,7
9785,ጎበዝ ስራ ባልደረባዬ፣ መጽሐፉ ሙሉ በሙሉ ፈርሷል።,Sarcasm/Irony,5
9786,ስለ ጥያቄው ጉዳይ ከመሐንዲሱ ጋር እንወያይ።,Suggestion,3
9788,እባክዎ ማሽኑን ለነጋዴው ዛሬ ይላኩልኝ።,Request,0
9789,ከጓደኛዬ ጋር ስለ ቡናው ጉዳይ መስማማት አልችልም።,Refusal,2
9793,ባንኩ ስለ መልእክቱ ማስጠንቀቂያ ነገ ከሰዓት በኋላ አውጥቷል።,Warning,4
9794,እባክዎ ደረሰኙን ለመምህሩ ከአንድ ሰዓት በኋላ ይላኩልኝ።,Request,0
9795,በጣም ብልህ ነህ ጋዜጠኛው፣ ቁልፉን ረሳኸው።,Sarcasm/Irony,5
9796,ጤና ይስጥልኝ ሚኒስትሩ፣ በሳምንቱ መጨረሻ ደህና ነህ?,Phatic,7
9798,የገንዘቡ ችግር በሚቀጥለው ወር ከስራ አስኪያጁ ጋር እፈታለሁ።,Promise,8
9800,የበሩ ችግር ከአንድ ሰዓት በኋላ ከጋዜጠኛው ጋር እፈታለሁ።,Promise,8
9802,እባክዎ ደረሰኙን ለፖሊሱ በዚህ ወር ይላኩልኝ።,Request,0
9804,ጎበዝ ስራ መሐንዲሱ፣ ቡናው ሙሉ በሙሉ ፈርሷል።,Sarcasm/Irony,5
9805,ጋዜጠኛው ወደ ሆስፒታል በስብሰባው ወቅት ሄደዋል።,Assertion,1
9807,እባክዎ ደረሰኙን ለሹፌሩ በስብሰባው ወቅት ይላኩልኝ።,Request,0
9808,ሚኒስቴሩ ስለ ካርታው ማስጠንቀቂያ ከሰዓት በኋላ አውጥቷል።,Warning,4
9809,የደብዳቤው ችግር በዚህ ሳምንት ከሚኒስትሩ ጋር እፈታለሁ።,Promise,8
9811,እባክዎ ፋይሉን ለጓደኛዬ ዛሬ ይላኩልኝ።,Request,0
9812,አመሰግናለሁ አለቃዬ፣ ደህና ዋል በቢሮ።,Phatic,7
9814,የቁልፉ ችግር ከሁለት ቀናት በኋላ ከጋዜጠኛው ጋር እፈታለሁ።,Promise,8
9815,ጤና ይስጥልኝ ፖሊሱ፣ ከሶስት ሰዓት በኋላ ደህና ነህ?,Phatic,7
9817,የስልኩ ችግር ከጥቂት ደቂቃዎች በኋላ ከሹፌሩ ጋር እፈታለሁ።,Promise,8
9818,የፕሮጀክቱ ችግር ከጥቂት ደቂቃዎች በኋላ ከነጋዴው ጋር እፈታለሁ።,Promise,8
9821,ሚኒስትሩ ወደ ፋብሪካ ነገ ጠዋት ሄደዋል።,Assertion,1
9822,የልብሱ ችግር ዛሬ ከጠበቃው ጋር እፈታለሁ።,Promise,8
9823,የቦርሳው ችግር በዚህ አመት ከአለቃዬ ጋር እፈታለሁ።,Promise,8
9824,እባክዎ ይቅርታ፣ በሩን ከሰዓት በኋላ ማቅረብ አልችልም።,Refusal,2
9827,የመሳሪያው ችግር ከጥቂት ደቂቃዎች በኋላ ከባልደረባዬ ጋር እፈታለሁ።,Promise,8
9829,ይቅርታ፣ ትዕዛዙን በዚህ ሳምንት ማድረግ አልችልም።,Refusal,2
9830,እባክዎ ይቅርታ፣ ምርቱን ከዛሬ ጀምሮ ማቅረብ አልችልም።,Refusal,2
9832,ደረሰኙን በጥንቃቄ ለአለቃዬ እይዛለሁ።,Promise,8
9833,ባንኩ ስለ ልብሱ ማስጠንቀቂያ ከሶስት ሰዓት በኋላ አውጥቷል።,Warning,4
9834,የፕሮጀክቱ ችግር በሚቀጥለው ሳምንት ከስራ አስኪያጁ ጋር እፈታለሁ።,Promise,8
9837,ይቅርታ፣ ጥያቄውን ነገ ከሰዓት በኋላ ማድረግ አልችልም።,Refusal,2
9838,ባንኩ ስለ ምርቱ ማስጠንቀቂያ በሚቀጥለው አመት አውጥቷል።,Warning,4
9845,መሳሪያው ገና ወደ ስብሰባ ክፍል በዚህ አመት አልደረሰኝም።,Complaint,6
9846,ባልደረባዬ ወደ ባንክ ነገ ጠዋት ሄደዋል።,Assertion,1
9847,ደረሰኙን ከሶስት ሰዓት በኋላ ብንሞክር ጥሩ ይሆናል።,Suggestion,3
9848,አመሰግናለሁ ደንበኛው፣ ደህና ዋል በስብሰባ ክፍል።,Phatic,7
9849,ባንኩ ስለ ቤቱ ማስጠንቀቂያ በዚህ ሳምንት አውጥቷል።,Warning,4
9850,ነገ ከሰዓት በኋላ ወደ ባንክ እደርሳለሁ።,Promise,8
9852,ልብሱ ገና ወደ አውሮፕላን ማረፊያ ከሶስት ሰዓት በኋላ አልደረሰኝም።,Complaint,6
9853,ቢያንስ አንዴ ፋይሉን በቤት እንሞክር።,Suggestion,3
9854,እባክዎ መኪናውን ለነጋዴው ከሰዓት በኋላ ይላኩልኝ።,Request,0
9856,ካርታው ገና ወደ ስብሰባ ክፍል በሚቀጥለው ወር አልደረሰኝም።,Complaint,6
9857,የኮምፒዩተሩ ችግር በሳምንቱ መጨረሻ ከሹፌሩ ጋር እፈታለሁ።,Promise,8
9858,ባንኩ ስለ ደረሰኙ ማስጠንቀቂያ ከሰዓት በኋላ አውጥቷል።,Warning,4
9859,እባክዎ ሂሳቡን ለመሐንዲሱ በሚቀጥለው አመት ይላኩልኝ።,Request,0
9860,ፖሊሱ፣ እንደምን አደርክ ከአንድ ሰዓት በኋላ?,Phatic,7
9861,ጥንቃቄ ያድርጉ፣ በሳምንቱ መጨረሻ ባንክ ይንሸራተታል።,Warning,4
9862,ዶክተሩ፣ ጤና ይስጥልኝ በባንክ።,Phatic,7
9865,እባክህ ለሰነዱ ይህን ዘዴ ከዛሬ ጀምሮ ተጠቀም።,Suggestion,3
9866,ጎበዝ! በጣም ጥሩ ስራ ሰራህ አስተማሪዋ፣ ደረሰኙን አበላሸኸው።,Sarcasm/Irony,5
9867,በዚህ አመት በፍርድ ቤት ስብሰባ እናድርግ።,Suggestion,3
9870,እባክዎ ደረሰኙን ለአስተማሪዋ በስብሰባው ወቅት ይላኩልኝ።,Request,0
9873,እባክዎ መጽሐፉን ለፖሊሱ ከምሽቱ ጀምሮ ይላኩልኝ።,Request,0
9874,እባክዎ ኮምፒዩተሩን ለሹፌሩ ነገ ከሰዓት በኋላ ይላኩልኝ።,Request,0
9875,በጣም ደግ ነህ አስተማሪዋ፣ በሆስፒታል ምንም እርዳታ አልሰጠኸኝም።,Sarcasm/Irony,5
9877,እንዴት ጎበዝ ነህ ስራ አስኪያጁ፣ ቤቱን ሰብረኸዋል!,Sarcasm/Irony,5
9878,የቤቱ ችግር በሚቀጥለው ወር ከፖሊሱ ጋር እፈታለሁ።,Promise,8
9879,እባክዎ ይቅርታ፣ ቦርሳውን ከሁለት ቀናት በኋላ ማቅረብ አልችልም።,Refusal,2
9880,ደህና ሁን ሹፌሩ፣ እስከ በሳምንቱ መጨረሻ እንገናኝ።,Phatic,7
9881,እንዴት ጎበዝ ነህ ሹፌሩ፣ ጥያቄውን ሰብረኸዋል!,Sarcasm/Irony,5
9883,ጎበዝ ስራ ጠበቃው፣ ልብሱ ሙሉ በሙሉ ፈርሷል።,Sarcasm/Irony,5
9886,እባክዎ ልብሱን ለመምህሩ በዚህ አመት ይላኩልኝ።,Request,0
9890,መጽሐፉ ገና ወደ አውሮፕላን ማረፊያ ከሁለት ቀናት በኋላ አልደረሰኝም።,Complaint,6
9891,አመሰግናለሁ ጋዜጠኛው፣ ደህና ዋል በትምህርት ቤት።,Phatic,7
9892,ይቅርታ፣ ዕቃውን ከጥቂት ደቂቃዎች በኋላ ማድረግ አልችልም።,Refusal,2
9893,ስራ አስኪያጁ ወደ ቢሮ ዛሬ ማታ ሄደዋል።,Assertion,1
9894,እባክዎ ይቅርታ፣ መስኮቱን በሳምንቱ መጨረሻ ማቅረብ አልችልም።,Refusal,2
9897,አለቃዬ ወደ ገበያ ከምሽቱ ጀምሮ ሄደዋል።,Assertion,1
9898,እባክዎ ሂሳቡን ለሚኒስትሩ ነገ ከሰዓት በኋላ ይላኩልኝ።,Request,0
9901,እባክዎ መጽሐፉን ለባልደረባዬ ከሰዓት በኋላ ይላኩልኝ።,Request,0
9902,ከዶክተሩ ጋር ስለ ሪፖርቱ ጉዳይ መስማማት አልችልም።,Refusal,2
9904,እንኳን ደስ አለህ ባልደረባዬ ከጥቂት ደቂቃዎች በኋላ።,Phatic,7
9905,ከደንበኛው ጋር ስለ ቁልፉ ጉዳይ መስማማት አልችልም።,Refusal,2
9907,ከመምህሩ ጋር ስለ ካርታው ጉዳይ መስማማት አልችልም።,Refusal,2
9908,ይቅርታ፣ መልእክቱን በዚህ ወር ማድረግ አልችልም።,Refusal,2
9910,የመስኮቱ ችግር ከአንድ ሰዓት በኋላ ከባልደረባዬ ጋር እፈታለሁ።,Promise,8
9911,የትዕዛዙ ዋጋውን ከሰዓት በኋላ ብንቀንስ ደንበኞች ይጨምራሉ።,Suggestion,3
9912,ደህና እደር ፖሊሱ፣ ከዛሬ ጀምሮ እንገናኝ።,Phatic,7
9913,ሰላም ጓደኛዬ፣ በሚቀጥለው አመት እንዴት ነህ?,Phatic,7
9915,እንኳን ደስ አለህ ደንበኛው፣ ስለ ካርታው እንደገና ተሳስተሃል።,Sarcasm/Irony,5
9917,እባክዎ መልእክቱን ለመሐንዲሱ ከሁለት ቀናት በኋላ ይላኩልኝ።,Request,0
9918,እባክህ ለቡናው ይህን ዘዴ ከሰዓት በኋላ ተጠቀም።,Suggestion,3
9919,የሰነዱ ችግር ከዛሬ ጀምሮ ከዶክተሩ ጋር እፈታለሁ።,Promise,8
9920,የቤቱ ችግር በዚህ ወር ከመምህሩ ጋር እፈታለሁ።,Promise,8
9921,የመኪናው ዋጋውን ከምሽቱ ጀምሮ ብንቀንስ ደንበኞች ይጨምራሉ።,Suggestion,3
9923,ደህና ከሶስት ሰዓት በኋላ ይሁንልህ ሚኒስትሩ።,Phatic,7
9924,እንዴት ደስ ይላል፣ ሚኒስትሩ እንደገና በስብሰባው ወቅት ዘገዩ።,Sarcasm/Irony,5
9925,ውሃው ገና ወደ ሆስፒታል ነገ ጠዋት አልደረሰኝም።,Complaint,6
9926,የማሽኑ ችግር በዚህ አመት ከአስተማሪዋ ጋር እፈታለሁ።,Promise,8
9927,ከጓደኛዬ ጋር ስለ መኪናው ጉዳይ መስማማት አልችልም።,Refusal,2
9929,እባክህ ለቁልፉ ይህን ዘዴ ከሁለት ቀናት በኋላ ተጠቀም።,Suggestion,3
9930,መጽሐፉ ገና ወደ መጋዘን ከሰዓት በኋላ አልደረሰኝም።,Complaint,6
9932,እንኳን ደስ አለህ ስራ አስኪያጁ ከምሽቱ ጀምሮ።,Phatic,7
9935,ኤጀንሲው ስለ ልብሱ ማስጠንቀቂያ በሚቀጥለው ወር አውጥቷል።,Warning,4
9936,ስለ ስጦታው ከስራ አስኪያጁ ጋር ማሰብ ይኖርብናል።,Suggestion,3
9939,በጣም ብልህ ነህ ስራ አስኪያጁ፣ መሳሪያውን ረሳኸው።,Sarcasm/Irony,5
9942,እንዴት ደስ ይላል፣ ፖሊሱ እንደገና በሚቀጥለው አመት ዘገዩ።,Sarcasm/Irony,5
9944,ስለ ቤቱ ከባልደረባዬ ጋር ማሰብ ይኖርብናል።,Suggestion,3
9945,ደህና በሳምንቱ መጨረሻ ይሁንልህ ነጋዴው።,Phatic,7
9946,ሪፖርቱ ገና ወደ ፋብሪካ ነገ አልደረሰኝም።,Complaint,6
9947,መኪናው ገና ወደ መጋዘን በዚህ አመት አልደረሰኝም።,Complaint,6
9948,ሹፌሩ ወደ ባንክ ከጥቂት ደቂቃዎች በኋላ ሄደዋል።,Assertion,1
9949,መሳሪያው ገና ወደ ገበያ ነገ ከሰዓት በኋላ አልደረሰኝም።,Complaint,6
9950,ደህና በሚቀጥለው አመት ይሁንልህ ጋዜጠኛው።,Phatic,7
9951,ይህን መስኮቱን ከአለቃዬ መቀበል አልችልም።,Refusal,2
9953,እባክዎ ፕሮጀክቱን ለነጋዴው ከአንድ ሰዓት በኋላ ይላኩልኝ።,Request,0
9954,ይህን ደብዳቤውን ከአስተማሪዋ መቀበል አልችልም።,Refusal,2
9955,ገንዘቡ ገና ወደ ቤት በሳምንቱ መጨረሻ አልደረሰኝም።,Complaint,6
9957,ደብዳቤው ገና ወደ ቢሮ ከሁለት ቀናት በኋላ አልደረሰኝም።,Complaint,6
9958,ይቅርታ፣ ቡናውን ከሶስት ሰዓት በኋላ ማድረግ አልችልም።,Refusal,2
9959,ቡናው ገና ወደ ሱቅ ዛሬ አልደረሰኝም።,Complaint,6
9960,ሰላም አስተማሪዋ፣ ነገ ከሰዓት በኋላ እንዴት ነህ?,Phatic,7
9961,ጥያቄው ገና ወደ መንገድ ላይ በዚህ ሳምንት አልደረሰኝም።,Complaint,6
9963,ሚኒስትሩ ወደ ፋብሪካ በዚህ አመት ሄደዋል።,Assertion,1
9964,ኩባንያው ስለ ውሃው ማስጠንቀቂያ በዚህ ሳምንት አውጥቷል።,Warning,4
9965,ድርጅቱ ስለ መጽሐፉ ማስጠንቀቂያ ዛሬ ማታ አውጥቷል።,Warning,4
9966,የቁልፉ ችግር በዚህ ወር ከመሐንዲሱ ጋር እፈታለሁ።,Promise,8
9968,የሪፖርቱ ችግር በሚቀጥለው አመት ከጓደኛዬ ጋር እፈታለሁ።,Promise,8
9969,ስለ ስጦታው ጉዳይ ከአለቃዬ ጋር እንወያይ።,Suggestion,3
9970,ከባልደረባዬ ጋር ስለ መኪናው ጉዳይ መስማማት አልችልም።,Refusal,2
9972,ሹፌሩ ወደ ቢሮ በሚቀጥለው ሳምንት ሄደዋል።,Assertion,1
9974,እቅዱን ከምሽቱ ጀምሮ ከማህበሩ ጋር እናሻሽል።,Suggestion,3
9975,ፋብሪካው ስለ ፋይሉ ማስጠንቀቂያ በዚህ አመት አውጥቷል።,Warning,4
9976,ጤና ይስጥልኝ ነጋዴው፣ ከሰዓት በኋላ ደህና ነህ?,Phatic,7
9979,ከመሐንዲሱ ጋር ስለ ደረሰኙ ጉዳይ መስማማት አልችልም።,Refusal,2
9982,መንግስት ከሁለት ቀናት በኋላ አዲስ ሰራተኞችን ቀጥሯል።,Assertion,1
9983,መንግስት ስለ ደብዳቤው ማስጠንቀቂያ ዛሬ አውጥቷል።,Warning,4
9984,ደህና እደር መምህሩ፣ ከጥቂት ደቂቃዎች በኋላ እንገናኝ።,Phatic,7
9986,ይህን በሩን ከመምህሩ መቀበል አልችልም።,Refusal,2
9987,መሳሪያውን ከዛሬ ጀምሮ ብንሞክር ጥሩ ይሆናል።,Suggestion,3
9990,ሰላም ዶክተሩ፣ ከጥቂት ደቂቃዎች በኋላ እንዴት ነህ?,Phatic,7
9991,ደህና ዛሬ ይሁንልህ አለቃዬ።,Phatic,7
9992,ውሉ ገና ወደ መጋዘን በዚህ ሳምንት አልደረሰኝም።,Complaint,6
9994,ከአለቃዬ ጋር ስለ ፕሮጀክቱ ጉዳይ መስማማት አልችልም።,Refusal,2
9995,ሚኒስቴሩ ስለ ልብሱ ማስጠንቀቂያ በዚህ ሳምንት አውጥቷል።,Warning,4
9996,ቡናው ገና ወደ ስብሰባ ክፍል ከአንድ ሰዓት በኋላ አልደረሰኝም።,Complaint,6
9997,ስጦታው ገና ወደ ፋብሪካ ከሰዓት በኋላ አልደረሰኝም።,Complaint,6
9998,እባክዎ ሰነዱን ለመሐንዲሱ ከአንድ ሰዓት በኋላ ይላኩልኝ።,Request,0
9999,ሰላም ጋዜጠኛው፣ በዚህ ሳምንት እንዴት ነህ?,Phatic,7
10001,ደብዳቤው ገና ወደ ሱቅ በሳምንቱ መጨረሻ አልደረሰኝም።,Complaint,6
10002,የመጽሐፉ ወጪውን በቤት ብንቀንስ የተሻለ ነው።,Suggestion,3
10003,ፋብሪካው ስለ ካርታው ማስጠንቀቂያ በሳምንቱ መጨረሻ አውጥቷል።,Warning,4
10005,ይቅርታ፣ መስኮቱን በሚቀጥለው ሳምንት ማድረግ አልችልም።,Refusal,2
10006,ደህና በስብሰባው ወቅት ይሁንልህ ባልደረባዬ።,Phatic,7
10008,ጎበዝ! በጣም ጥሩ ስራ ሰራህ ጓደኛዬ፣ ሰነዱን አበላሸኸው።,Sarcasm/Irony,5
10009,የስጦታው ችግር ከጥቂት ደቂቃዎች በኋላ ከባልደረባዬ ጋር እፈታለሁ።,Promise,8
10010,እቅዱን በሚቀጥለው ሳምንት ከስቱዲዮው ጋር እናሻሽል።,Suggestion,3
10012,ድርጅቱ ስለ ቦርሳው ማስጠንቀቂያ ከሰዓት በኋላ አውጥቷል።,Warning,4
10013,ይቅርታ፣ ቦርሳውን በሚቀጥለው አመት ማድረግ አልችልም።,Refusal,2
10015,ገንዘቡ ገና ወደ ቤት ነገ አልደረሰኝም።,Complaint,6
10016,እባክህ ለገንዘቡ ይህን ዘዴ ከሁለት ቀናት በኋላ ተጠቀም።,Suggestion,3
10017,ትዕዛዙ ገና ወደ ባንክ ከሶስት ሰዓት በኋላ አልደረሰኝም።,Complaint,6
10018,ዶክተሩ ወደ መንገድ ላይ በዚህ ወር ሄደዋል።,Assertion,1
10019,እባክዎ ውሃውን ለነጋዴው ነገ ይላኩልኝ።,Request,0
10020,እባክዎ ልብሱን ለጋዜጠኛው በሚቀጥለው ሳምንት ይላኩልኝ።,Request,0
10022,የሰነዱ ችግር ከሶስት ሰዓት በኋላ ከጠበቃው ጋር እፈታለሁ።,Promise,8
10023,እባክዎ መልእክቱን ለባልደረባዬ በዚህ ሳምንት ይላኩልኝ።,Request,0
10024,ቢያንስ አንዴ ቁልፉን በባንክ እንሞክር።,Suggestion,3
10025,ይቅርታ፣ መሳሪያውን በስብሰባው ወቅት ማድረግ አልችልም።,Refusal,2
10026,ደህና ሁን ስራ አስኪያጁ፣ እስከ በዚህ ሳምንት እንገናኝ።,Phatic,7
10028,ኩባንያው ስለ ካርታው ማስጠንቀቂያ በዚህ ወር አውጥቷል።,Warning,4
10030,ሚኒስትሩ ወደ መጋዘን ዛሬ ማታ ሄደዋል።,Assertion,1
10031,መንግስት ስለ ቁልፉ ማስጠንቀቂያ በሳምንቱ መጨረሻ አውጥቷል።,Warning,4
10032,እቅዱን በስብሰባው ወቅት ከፋብሪካው ጋር እናሻሽል።,Suggestion,3
10033,የኮምፒዩተሩ ዋጋውን ዛሬ ማታ ብንቀንስ ደንበኞች ይጨምራሉ።,Suggestion,3
10034,እባክዎ ጥያቄውን ለነጋዴው በሳምንቱ መጨረሻ ይላኩልኝ።,Request,0
10035,በሩ ገና ወደ መንገድ ላይ ከሁለት ቀናት በኋላ አልደረሰኝም።,Complaint,6
10037,ጋዜጠኛው ወደ ፖሊስ ጣቢያ ከሁለት ቀናት በኋላ ሄደዋል።,Assertion,1
10038,ደህና እደር ፖሊሱ፣ በሚቀጥለው ወር እንገናኝ።,Phatic,7
10039,ማህበሩ ስለ ቦርሳው ማስጠንቀቂያ በስብሰባው ወቅት አውጥቷል።,Warning,4
10040,የሰነዱ ችግር ዛሬ ማታ ከመሐንዲሱ ጋር እፈታለሁ።,Promise,8
10041,ማዕከሉ ስለ ካርታው ማስጠንቀቂያ ከጥቂት ደቂቃዎች በኋላ አውጥቷል።,Warning,4
10042,ጓደኛዬ ወደ ፋብሪካ ከሰዓት በኋላ ሄደዋል።,Assertion,1
10043,የዕቃው ችግር ነገ ከሰዓት በኋላ ከሚኒስትሩ ጋር እፈታለሁ።,Promise,8
10045,ጓደኛዬ ወደ ቢሮ በስብሰባው ወቅት ሄደዋል።,Assertion,1
10046,ይቅርታ፣ ቁልፉን ከዛሬ ጀምሮ ማድረግ አልችልም።,Refusal,2
10049,ሪፖርቱን በስብሰባው ወቅት ብንሞክር ጥሩ ይሆናል።,Suggestion,3
10052,ደህና በዚህ ወር ይሁንልህ ጓደኛዬ።,Phatic,7
10054,ደህና ዛሬ ማታ ይሁንልህ ባልደረባዬ።,Phatic,7
10055,ስራ አስኪያጁ ወደ አውሮፕላን ማረፊያ በሚቀጥለው አመት ሄደዋል።,Assertion,1
10056,ጠበቃው ወደ ትምህርት ቤት በሚቀጥለው ሳምንት ሄደዋል።,Assertion,1
10057,እንዴት ጎበዝ ነህ መምህሩ፣ ስልኩን ሰብረኸዋል!,Sarcasm/Irony,5
10058,ዶክተሩ ወደ ቤት በዚህ ሳምንት ሄደዋል።,Assertion,1
10061,ደንበኛው፣ እንደምን አደርክ በሚቀጥለው አመት?,Phatic,7
10062,በሩ ገና ወደ ቤት ነገ ከሰዓት በኋላ አልደረሰኝም።,Complaint,6
10063,ፋይሉ ገና ወደ ከተማው ውስጥ ዛሬ አልደረሰኝም።,Complaint,6
10064,ስለ መልእክቱ ከአለቃዬ ጋር ማሰብ ይኖርብናል።,Suggestion,3
10065,መሐንዲሱ ወደ ገበያ በሚቀጥለው ወር ሄደዋል።,Assertion,1
10066,ይህን ልብሱን ከደንበኛው መቀበል አልችልም።,Refusal,2
10067,ስቱዲዮው ስለ ውሉ ማስጠንቀቂያ ከጥቂት ደቂቃዎች በኋላ አውጥቷል።,Warning,4
10068,ይቅርታ፣ መልእክቱን ከጥቂት ደቂቃዎች በኋላ ማድረግ አልችልም።,Refusal,2
10070,በጣም ብልህ ነህ ፖሊሱ፣ ሂሳቡን ረሳኸው።,Sarcasm/Irony,5
10072,ሚኒስትሩ ወደ ከተማው ውስጥ ነገ ሄደዋል።,Assertion,1
10073,ሰላም ሚኒስትሩ፣ በዚህ አመት እንዴት ነህ?,Phatic,7
10074,ካርታው ገና ወደ ባንክ ከሁለት ቀናት በኋላ አልደረሰኝም።,Complaint,6
10076,መንግስት ስለ ፋይሉ ማስጠንቀቂያ ነገ አውጥቷል።,Warning,4
10077,ማሽኑ ገና ወደ መንገድ ላይ ከአንድ ሰዓት በኋላ አልደረሰኝም።,Complaint,6
10078,ምርቱ ገና ወደ ገበያ ዛሬ ማታ አልደረሰኝም።,Complaint,6
10081,ጥንቃቄ ያድርጉ፣ ነገ ከሰዓት በኋላ አውሮፕላን ማረፊያ ይንሸራተታል።,Warning,4
10083,በጣም ብልህ ነህ ፖሊሱ፣ ቁልፉን ረሳኸው።,Sarcasm/Irony,5
10084,አመሰግናለሁ ነጋዴው፣ ደህና ዋል በከተማው ውስጥ።,Phatic,7
10085,እባክዎ ቡናውን ለጋዜጠኛው በሚቀጥለው አመት ይላኩልኝ።,Request,0
10086,ጎበዝ! በጣም ጥሩ ስራ ሰራህ አስተማሪዋ፣ መስኮቱን አበላሸኸው።,Sarcasm/Irony,5
10087,የሰነዱ ዋጋውን ከዛሬ ጀምሮ ብንቀንስ ደንበኞች ይጨምራሉ።,Suggestion,3
10088,እንዴት ደስ ይላል፣ ባልደረባዬ እንደገና በስብሰባው ወቅት ዘገዩ።,Sarcasm/Irony,5
10089,ጋዜጠኛው፣ እንደምን አደርክ ከአንድ ሰዓት በኋላ?,Phatic,7
10090,ጤና ይስጥልኝ ደንበኛው፣ ነገ ከሰዓት በኋላ ደህና ነህ?,Phatic,7
10091,የሂሳቡ ችግር ከአንድ ሰዓት በኋላ ከአስተማሪዋ ጋር እፈታለሁ።,Promise,8
10094,የምርቱ ገመድ በአውሮፕላን ማረፊያ አደገኛ ነው ተጠንቀቁ።,Warning,4
10095,ምርቱ ገና ወደ ገበያ ከሶስት ሰዓት በኋላ አልደረሰኝም።,Complaint,6
10098,ቁልፉ ገና ወደ ቤት በሚቀጥለው ሳምንት አልደረሰኝም።,Complaint,6
10099,እባክዎ ቁልፉን ለሚኒስትሩ ከምሽቱ ጀምሮ ይላኩልኝ።,Request,0
10100,መሐንዲሱ ወደ ባንክ በሚቀጥለው ሳምንት ሄደዋል።,Assertion,1
10101,አዎ በርግጥ፣ የመንግስት እቅድ በበሚቀጥለው ወር በጭራሽ አይከሽፍም።,Sarcasm/Irony,5
10102,ነጋዴው ወደ አውሮፕላን ማረፊያ በሳምንቱ መጨረሻ ሄደዋል።,Assertion,1
10103,ነጋዴው ወደ ቤት ከጥቂት ደቂቃዎች በኋላ ሄደዋል።,Assertion,1
10104,ደህና ሁን አስተማሪዋ፣ እስከ በዚህ ሳምንት እንገናኝ።,Phatic,7
10105,ልብሱ ገና ወደ ገበያ በሚቀጥለው ሳምንት አልደረሰኝም።,Complaint,6
10106,ደብዳቤው ገና ወደ ፖሊስ ጣቢያ ከሰዓት በኋላ አልደረሰኝም።,Complaint,6
10107,እባክዎ ውሃውን ለባልደረባዬ በዚህ አመት ይላኩልኝ።,Request,0
10109,ባንኩ ስለ ኮምፒዩተሩ ማስጠንቀቂያ በዚህ ወር አውጥቷል።,Warning,4
10110,ድርጅቱ ስለ ማሽኑ ማስጠንቀቂያ በዚህ ወር አውጥቷል።,Warning,4
10111,ልብሱ ገና ወደ ስብሰባ ክፍል በሚቀጥለው ሳምንት አልደረሰኝም።,Complaint,6
10116,የበሩ ችግር ነገ ጠዋት ከሚኒስትሩ ጋር እፈታለሁ።,Promise,8
10117,የዕቃው ችግር ነገ ከመሐንዲሱ ጋር እፈታለሁ።,Promise,8
10118,ከደንበኛው ጋር ስለ ቤቱ ጉዳይ መስማማት አልችልም።,Refusal,2
10121,የውሃው ወጪውን በመጋዘን ብንቀንስ የተሻለ ነው።,Suggestion,3
10122,ስለ ዕቃው ከዶክተሩ ጋር ማሰብ ይኖርብናል።,Suggestion,3
10123,ሚኒስቴሩ ስለ ማሽኑ ማስጠንቀቂያ ዛሬ አውጥቷል።,Warning,4
10125,ሚኒስትሩ ወደ ፖሊስ ጣቢያ ከዛሬ ጀምሮ ሄደዋል።,Assertion,1
10127,ቡናው ገና ወደ መንገድ ላይ ዛሬ ማታ አልደረሰኝም።,Complaint,6
10130,ጎበዝ ስራ መምህሩ፣ ኮምፒዩተሩ ሙሉ በሙሉ ፈርሷል።,Sarcasm/Irony,5
10131,ጋዜጠኛው ወደ ገበያ በሚቀጥለው ሳምንት ሄደዋል።,Assertion,1
10132,እባክዎ ይቅርታ፣ ደብዳቤውን ከሰዓት በኋላ ማቅረብ አልችልም።,Refusal,2
10133,እባክዎ ፕሮጀክቱን ለፖሊሱ ነገ ጠዋት ይላኩልኝ።,Request,0
10135,ስቱዲዮው ስለ መልእክቱ ማስጠንቀቂያ ከጥቂት ደቂቃዎች በኋላ አውጥቷል።,Warning,4
10136,ሰነዱ ገና ወደ ፋብሪካ ነገ ጠዋት አልደረሰኝም።,Complaint,6
10139,ሚኒስትሩ፣ እንደምን አደርክ ከሶስት ሰዓት በኋላ?,Phatic,7
10140,የመስኮቱ ችግር በሳምንቱ መጨረሻ ከባልደረባዬ ጋር እፈታለሁ።,Promise,8
10143,አለቃዬ ወደ ከተማው ውስጥ በሚቀጥለው ሳምንት ሄደዋል።,Assertion,1
10144,ባንኩ ስለ ውሉ ማስጠንቀቂያ በሚቀጥለው ወር አውጥቷል።,Warning,4
10145,መስኮቱ ገና ወደ ቤት ከሁለት ቀናት በኋላ አልደረሰኝም።,Complaint,6
10146,እንዴት ደስ ይላል፣ ነጋዴው እንደገና ከሶስት ሰዓት በኋላ ዘገዩ።,Sarcasm/Irony,5
10148,እባክዎ ደብዳቤውን ለነጋዴው በሚቀጥለው ወር ይላኩልኝ።,Request,0
10149,እንዴት ደስ ይላል፣ አስተማሪዋ እንደገና ነገ ጠዋት ዘገዩ።,Sarcasm/Irony,5
10150,እሰይ፣ ሌላ ችግር በመጋዘን ከምሽቱ ጀምሮ፣ ልክ የሚያስፈልገን ይሄው ነበር።,Sarcasm/Irony,5
10151,ከስራ አስኪያጁ ጋር ስለ ደብዳቤው ጉዳይ መስማማት አልችልም።,Refusal,2
10154,ደህና በዚህ ወር ይሁንልህ ስራ አስኪያጁ።,Phatic,7
10155,ጎበዝ ስራ መሐንዲሱ፣ ልብሱ ሙሉ በሙሉ ፈርሷል።,Sarcasm/Irony,5
10156,ውሃው ገና ወደ ፋብሪካ በዚህ ሳምንት አልደረሰኝም።,Complaint,6
10157,እባክዎ ፕሮጀክቱን ለስራ አስኪያጁ በሚቀጥለው አመት ይላኩልኝ።,Request,0
10158,እባክዎ ስልኩን ለአለቃዬ በሚቀጥለው ሳምንት ይላኩልኝ።,Request,0
10160,እባክዎ ሪፖርቱን ለጋዜጠኛው ዛሬ ማታ ይላኩልኝ።,Request,0
10162,የደብዳቤው ችግር በዚህ አመት ከጋዜጠኛው ጋር እፈታለሁ።,Promise,8
10163,ቡናው ገና ወደ አውሮፕላን ማረፊያ ከሶስት ሰዓት በኋላ አልደረሰኝም።,Complaint,6
10165,እባክዎ ይቅርታ፣ ደረሰኙን በሚቀጥለው ወር ማቅረብ አልችልም።,Refusal,2
10166,አስተማሪዋ ወደ ባንክ ከምሽቱ ጀምሮ ሄደዋል።,Assertion,1
10167,የትዕዛዙ ዋጋውን በሚቀጥለው ወር ብንቀንስ ደንበኞች ይጨምራሉ።,Suggestion,3
10168,እባክዎ መኪናውን ለደንበኛው ከጥቂት ደቂቃዎች በኋላ ይላኩልኝ።,Request,0
10169,ከሹፌሩ ጋር ስለ ቡናው ጉዳይ መስማማት አልችልም።,Refusal,2
10171,እሰይ፣ ሌላ ችግር በትምህርት ቤት ከጥቂት ደቂቃዎች በኋላ፣ ልክ የሚያስፈልገን ይሄው ነበር።,Sarcasm/Irony,5
10172,ጎበዝ! በጣም ጥሩ ስራ ሰራህ ዶክተሩ፣ ደብዳቤውን አበላሸኸው።,Sarcasm/Irony,5
10173,ትዕዛዙ ገና ወደ ቤት ከምሽቱ ጀምሮ አልደረሰኝም።,Complaint,6
10174,ከባልደረባዬ ጋር ስለ ቁልፉ ጉዳይ መስማማት አልችልም።,Refusal,2
10175,ቡናው ገና ወደ ቤት በዚህ አመት አልደረሰኝም።,Complaint,6
10176,ሪፖርቱ ገና ወደ አውሮፕላን ማረፊያ ነገ አልደረሰኝም።,Complaint,6
10177,ስልኩ ገና ወደ ፋብሪካ ከአንድ ሰዓት በኋላ አልደረሰኝም።,Complaint,6
10179,መምህሩ ወደ ከተማው ውስጥ ከሰዓት በኋላ ሄደዋል።,Assertion,1
10180,እንኳን ደስ አለህ ጓደኛዬ፣ ስለ ቦርሳው እንደገና ተሳስተሃል።,Sarcasm/Irony,5
10181,አመሰግናለሁ አለቃዬ፣ ደህና ዋል በሆስፒታል።,Phatic,7
10184,የጥያቄው ችግር ዛሬ ከመሐንዲሱ ጋር እፈታለሁ።,Promise,8
10186,እባክዎ ካርታውን ለጓደኛዬ በስብሰባው ወቅት ይላኩልኝ።,Request,0
10187,እባክዎ ይቅርታ፣ መሳሪያውን ነገ ከሰዓት በኋላ ማቅረብ አልችልም።,Refusal,2
10188,ከመሐንዲሱ ጋር ስለ ውሃው ጉዳይ መስማማት አልችልም።,Refusal,2
10189,ሰላም ጓደኛዬ፣ በስብሰባው ወቅት እንዴት ነህ?,Phatic,7
10190,መኪናው ገና ወደ ባንክ በዚህ ወር አልደረሰኝም።,Complaint,6
10191,እባክዎ ትዕዛዙን ለጋዜጠኛው ከሶስት ሰዓት በኋላ ይላኩልኝ።,Request,0
10192,ጋዜጠኛው ወደ ሆስፒታል ነገ ሄደዋል።,Assertion,1
10193,ነገ ጠዋት በቢሮ ስብሰባ እናድርግ።,Suggestion,3
10195,እባክዎ ሰነዱን ለጠበቃው ከዛሬ ጀምሮ ይላኩልኝ።,Request,0
10198,ከምሽቱ ጀምሮ ወደ መጋዘን እደርሳለሁ።,Promise,8
10202,በስብሰባው ወቅት በአውሮፕላን ማረፊያ ስብሰባ እናድርግ።,Suggestion,3
10203,ዶክተሩ ወደ አውሮፕላን ማረፊያ ከሁለት ቀናት በኋላ ሄደዋል።,Assertion,1
10204,ዶክተሩ፣ ጤና ይስጥልኝ በመጋዘን።,Phatic,7
10206,ትዕዛዙን በጥንቃቄ ለጋዜጠኛው እይዛለሁ።,Promise,8
10207,ከመሐንዲሱ ጋር ስለ ቁልፉ ጉዳይ መስማማት አልችልም።,Refusal,2
10210,ከፖሊሱ ጋር ስለ መልእክቱ ጉዳይ መስማማት አልችልም።,Refusal,2
10211,ቤቱ ገና ወደ ሱቅ ከሰዓት በኋላ አልደረሰኝም።,Complaint,6
10212,እባክዎ ቁልፉን ለሹፌሩ በዚህ አመት ይላኩልኝ።,Request,0
10213,ፋብሪካ በስብሰባው ወቅት ተከፍቷል።,Assertion,1
10214,ይቅርታ፣ ሂሳቡን በሚቀጥለው ሳምንት ማድረግ አልችልም።,Refusal,2
10215,እንዴት ጎበዝ ነህ ጋዜጠኛው፣ መሳሪያውን ሰብረኸዋል!,Sarcasm/Irony,5
10216,እባክዎ ይቅርታ፣ መልእክቱን በዚህ አመት ማቅረብ አልችልም።,Refusal,2
10217,እባክዎ ሪፖርቱን ለጠበቃው ከጥቂት ደቂቃዎች በኋላ ይላኩልኝ።,Request,0
10220,ፖሊሱ ወደ ገበያ ነገ ሄደዋል።,Assertion,1
10222,እባክዎ ፕሮጀክቱን ለባልደረባዬ በሚቀጥለው አመት ይላኩልኝ።,Request,0
10224,ይቅርታ፣ ጥያቄውን ከጥቂት ደቂቃዎች በኋላ ማድረግ አልችልም።,Refusal,2
10225,የገንዘቡ ችግር ከምሽቱ ጀምሮ ከጠበቃው ጋር እፈታለሁ።,Promise,8
10226,ባንኩ ስለ ደረሰኙ ማስጠንቀቂያ በሚቀጥለው ሳምንት አውጥቷል።,Warning,4
10228,መስኮቱ ገና ወደ አውሮፕላን ማረፊያ ከሁለት ቀናት በኋላ አልደረሰኝም።,Complaint,6
10229,የስልኩ ችግር በሳምንቱ መጨረሻ ከስራ አስኪያጁ ጋር እፈታለሁ።,Promise,8
10230,የቁልፉ ችግር ነገ ከዶክተሩ ጋር እፈታለሁ።,Promise,8
10231,እሰይ፣ ሌላ ችግር በመጋዘን በዚህ ሳምንት፣ ልክ የሚያስፈልገን ይሄው ነበር።,Sarcasm/Irony,5
10232,ይቅርታ፣ ልብሱን ከሰዓት በኋላ ማድረግ አልችልም።,Refusal,2
10233,እባክዎ በሩን ለዶክተሩ ነገ ከሰዓት በኋላ ይላኩልኝ።,Request,0
10234,ምርቱ ገና ወደ ባንክ ዛሬ ማታ አልደረሰኝም።,Complaint,6
10235,ይቅርታ፣ ካርታውን ከአንድ ሰዓት በኋላ ማድረግ አልችልም።,Refusal,2
10237,ፖሊሱ ወደ ቤት በሚቀጥለው ወር ሄደዋል።,Assertion,1
10240,ሪፖርቱን ለደንበኛው ከምሽቱ ጀምሮ አቀርባለሁ።,Promise,8
10242,አስተማሪዋ፣ እንደምን አደርክ በሚቀጥለው ሳምንት?,Phatic,7
10244,እንኳን ደስ አለህ ስራ አስኪያጁ፣ ስለ ገንዘቡ እንደገና ተሳስተሃል።,Sarcasm/Irony,5
10246,እባክዎ ሰነዱን ለስራ አስኪያጁ ከሶስት ሰዓት በኋላ ይላኩልኝ።,Request,0
10247,እንኳን ደስ አለህ ነጋዴው ነገ።,Phatic,7
10249,እንኳን ደስ አለህ አስተማሪዋ ከሁለት ቀናት በኋላ።,Phatic,7
10251,ከሹፌሩ ጋር ስለ ሂሳቡ ጉዳይ መስማማት አልችልም።,Refusal,2
10252,ምርቱ ገና ወደ ገበያ በዚህ አመት አልደረሰኝም።,Complaint,6
10253,እባክዎ ቦርሳውን ለፖሊሱ በሳምንቱ መጨረሻ ይላኩልኝ።,Request,0
10254,ምርቱ ገና ወደ ባንክ ከሁለት ቀናት በኋላ አልደረሰኝም።,Complaint,6
10256,ከደንበኛው ጋር ስለ ቡናው ጉዳይ መስማማት አልችልም።,Refusal,2
10258,ባንኩ ስለ ሪፖርቱ ማስጠንቀቂያ ነገ አውጥቷል።,Warning,4
10259,አመሰግናለሁ ስራ አስኪያጁ፣ ደህና ዋል በሆስፒታል።,Phatic,7
10260,ባንኩ ስለ መልእክቱ ማስጠንቀቂያ ከምሽቱ ጀምሮ አውጥቷል።,Warning,4
10261,ጎበዝ! በጣም ጥሩ ስራ ሰራህ መሐንዲሱ፣ ትዕዛዙን አበላሸኸው።,Sarcasm/Irony,5
10262,ይቅርታ፣ መስኮቱን በሚቀጥለው አመት ማድረግ አልችልም።,Refusal,2
10264,እንዴት ጎበዝ ነህ ሹፌሩ፣ ቤቱን ሰብረኸዋል!,Sarcasm/Irony,5
10265,ድርጅቱ ስለ ሪፖርቱ ማስጠንቀቂያ በዚህ ወር አውጥቷል።,Warning,4
10266,እባክዎ ስጦታውን ለሚኒስትሩ በሚቀጥለው አመት ይላኩልኝ።,Request,0
10267,የካርታው ችግር ከምሽቱ ጀምሮ ከመሐንዲሱ ጋር እፈታለሁ።,Promise,8
10268,ማሽኑን በዚህ ወር ብንሞክር ጥሩ ይሆናል።,Suggestion,3
10271,እንዴት ደስ ይላል፣ ሹፌሩ እንደገና ከሁለት ቀናት በኋላ ዘገዩ።,Sarcasm/Irony,5
10272,የመኪናው ዋጋውን ዛሬ ብንቀንስ ደንበኞች ይጨምራሉ።,Suggestion,3
10273,ሪፖርቱ ገና ወደ ስብሰባ ክፍል በሚቀጥለው ሳምንት አልደረሰኝም።,Complaint,6
10274,ይቅርታ፣ ሰነዱን በሚቀጥለው ወር ማድረግ አልችልም።,Refusal,2
10275,መንግስት ስለ ገንዘቡ ማስጠንቀቂያ ነገ ጠዋት አውጥቷል።,Warning,4
10276,ይህን ኮምፒዩተሩን ከደንበኛው መቀበል አልችልም።,Refusal,2
10278,ስጦታው ገና ወደ ስብሰባ ክፍል ከአንድ ሰዓት በኋላ አልደረሰኝም።,Complaint,6
10279,ቁልፉ ገና ወደ አውሮፕላን ማረፊያ በሚቀጥለው ሳምንት አልደረሰኝም።,Complaint,6
10282,እንኳን ደስ አለህ አለቃዬ፣ ስለ ሂሳቡ እንደገና ተሳስተሃል።,Sarcasm/Irony,5
10285,የገንዘቡ ችግር ነገ ጠዋት ከጋዜጠኛው ጋር እፈታለሁ።,Promise,8
10287,መልእክቱ ገና ወደ ሆስፒታል በዚህ ሳምንት አልደረሰኝም።,Complaint,6
10288,እባክዎ በሩን ለአስተማሪዋ ዛሬ ማታ ይላኩልኝ።,Request,0
10290,ምርቱ ገና ወደ አውሮፕላን ማረፊያ በሚቀጥለው አመት አልደረሰኝም።,Complaint,6
10291,እባክዎ ውሉን ለመምህሩ በዚህ አመት ይላኩልኝ።,Request,0
10292,ባንኩ ስለ ቦርሳው ማስጠንቀቂያ ከምሽቱ ጀምሮ አውጥቷል።,Warning,4
10293,የቤቱ ችግር ነገ ከጓደኛዬ ጋር እፈታለሁ።,Promise,8
10294,ድርጅቱ ስለ ዕቃው ማስጠንቀቂያ ከዛሬ ጀምሮ አውጥቷል።,Warning,4
10296,የገንዘቡ ችግር በሚቀጥለው ወር ከአስተማሪዋ ጋር እፈታለሁ።,Promise,8
10298,ቡናው ገና ወደ ሱቅ በስብሰባው ወቅት አልደረሰኝም።,Complaint,6
10301,ከዶክተሩ ጋር ስለ ውሉ ጉዳይ መስማማት አልችልም።,Refusal,2
10303,የቤቱ ችግር ከዛሬ ጀምሮ ከመምህሩ ጋር እፈታለሁ።,Promise,8
10304,ፖሊሱ ወደ መጋዘን ከዛሬ ጀምሮ ሄደዋል።,Assertion,1
10305,መምህሩ፣ እንደምን አደርክ ከሰዓት በኋላ?,Phatic,7
10307,ፋብሪካው ስለ ቦርሳው ማስጠንቀቂያ በሚቀጥለው ሳምንት አውጥቷል።,Warning,4
10309,ደህና እደር ጠበቃው፣ ከሶስት ሰዓት በኋላ እንገናኝ።,Phatic,7
10310,ይህን ሪፖርቱን ከባልደረባዬ መቀበል አልችልም።,Refusal,2
10311,ደህና ከሶስት ሰዓት በኋላ ይሁንልህ ደንበኛው።,Phatic,7
10312,እባክዎ ገንዘቡን ለነጋዴው በስብሰባው ወቅት ይላኩልኝ።,Request,0
10313,የስልኩ ችግር ከዛሬ ጀምሮ ከደንበኛው ጋር እፈታለሁ።,Promise,8
10314,መስኮቱ ገና ወደ ባንክ ነገ ከሰዓት በኋላ አልደረሰኝም።,Complaint,6
10315,እባክህ ለትዕዛዙ ይህን ዘዴ ከሰዓት በኋላ ተጠቀም።,Suggestion,3
10316,ጥንቃቄ ያድርጉ፣ ከሁለት ቀናት በኋላ ስብሰባ ክፍል ይንሸራተታል።,Warning,4
10318,ደህና ሁን ሹፌሩ፣ እስከ ነገ ጠዋት እንገናኝ።,Phatic,7
10319,እባክዎ ቡናውን ለአለቃዬ በሚቀጥለው ሳምንት ይላኩልኝ።,Request,0
10321,መምህሩ ወደ ቢሮ በዚህ አመት ሄደዋል።,Assertion,1
10322,ይቅርታ፣ ፕሮጀክቱን በዚህ ሳምንት ማድረግ አልችልም።,Refusal,2
10323,ሪፖርቱን በጥንቃቄ ለጓደኛዬ እይዛለሁ።,Promise,8
10325,መንግስት ስለ መሳሪያው ማስጠንቀቂያ ነገ ጠዋት አውጥቷል።,Warning,4
10326,ፍርድ ቤት ነገ ከሰዓት በኋላ ተከፍቷል።,Assertion,1
10327,እንኳን ደስ አለህ ባልደረባዬ፣ ስለ ስጦታው እንደገና ተሳስተሃል።,Sarcasm/Irony,5
10328,በጣም ደግ ነህ ጋዜጠኛው፣ በከተማው ውስጥ ምንም እርዳታ አልሰጠኸኝም።,Sarcasm/Irony,5
10329,እባክዎ ገንዘቡን ለመምህሩ ከምሽቱ ጀምሮ ይላኩልኝ።,Request,0
10330,ስለ መሳሪያው ጉዳይ ከጠበቃው ጋር እንወያይ።,Suggestion,3
10332,የማሽኑ ወጪውን በመጋዘን ብንቀንስ የተሻለ ነው።,Suggestion,3
10333,ከሚኒስትሩ ጋር ስለ ውሉ ጉዳይ መስማማት አልችልም።,Refusal,2
10334,ስራ አስኪያጁ፣ እንደምን አደርክ በሳምንቱ መጨረሻ?,Phatic,7
10336,ይቅርታ፣ ስልኩን በሚቀጥለው ሳምንት ማድረግ አልችልም።,Refusal,2
10337,ይህን ሪፖርቱን ከጓደኛዬ መቀበል አልችልም።,Refusal,2
10338,ከስራ አስኪያጁ ጋር ስለ ሂሳቡ ጉዳይ መስማማት አልችልም።,Refusal,2
10339,የመጽሐፉ ችግር በዚህ ወር ከአስተማሪዋ ጋር እፈታለሁ።,Promise,8
10342,የትዕዛዙ ገመድ በቤት አደገኛ ነው ተጠንቀቁ።,Warning,4
10344,የቦርሳው ችግር ከሶስት ሰዓት በኋላ ከስራ አስኪያጁ ጋር እፈታለሁ።,Promise,8
10345,እባክዎ ማሽኑን ለባልደረባዬ ከሰዓት በኋላ ይላኩልኝ።,Request,0
10346,ከተማው ውስጥ ከዛሬ ጀምሮ ተከፍቷል።,Assertion,1
10347,ሚኒስቴሩ ስለ ዕቃው ማስጠንቀቂያ ከሁለት ቀናት በኋላ አውጥቷል።,Warning,4
10348,ስጦታው ገና ወደ ትምህርት ቤት ነገ ከሰዓት በኋላ አልደረሰኝም።,Complaint,6
10349,ቁልፉን ከአንድ ሰዓት በኋላ ብንሞክር ጥሩ ይሆናል።,Suggestion,3
10350,እባክዎ ዕቃውን ለመሐንዲሱ ከሶስት ሰዓት በኋላ ይላኩልኝ።,Request,0
10353,ውሃው ገና ወደ ባንክ በስብሰባው ወቅት አልደረሰኝም።,Complaint,6
10354,ከፖሊሱ ጋር ስለ በሩ ጉዳይ መስማማት አልችልም።,Refusal,2
10356,ስልኩን ከሁለት ቀናት በኋላ ብንሞክር ጥሩ ይሆናል።,Suggestion,3
10357,እባክዎ ይቅርታ፣ ፕሮጀክቱን ከዛሬ ጀምሮ ማቅረብ አልችልም።,Refusal,2
10358,ይቅርታ፣ መሳሪያውን በዚህ ሳምንት ማድረግ አልችልም።,Refusal,2
10359,ፋይሉ ገና ወደ ባንክ በዚህ ወር አልደረሰኝም።,Complaint,6
10361,ባንኩ ስለ ሂሳቡ ማስጠንቀቂያ ከጥቂት ደቂቃዎች በኋላ አውጥቷል።,Warning,4
10362,ጎበዝ ስራ ሹፌሩ፣ ቤቱ ሙሉ በሙሉ ፈርሷል።,Sarcasm/Irony,5
10363,እሰይ፣ ሌላ ችግር በመጋዘን በሚቀጥለው አመት፣ ልክ የሚያስፈልገን ይሄው ነበር።,Sarcasm/Irony,5
10364,ጤና ይስጥልኝ ፖሊሱ፣ ከጥቂት ደቂቃዎች በኋላ ደህና ነህ?,Phatic,7
10365,ጓደኛዬ ወደ ሆስፒታል ከሁለት ቀናት በኋላ ሄደዋል።,Assertion,1
10366,ስራ አስኪያጁ ወደ ፋብሪካ ነገ ሄደዋል።,Assertion,1
10367,ከሚኒስትሩ ጋር ስለ ቦርሳው ጉዳይ መስማማት አልችልም።,Refusal,2
10369,እባክዎ ይቅርታ፣ ፋይሉን ዛሬ ማታ ማቅረብ አልችልም።,Refusal,2
10370,ኤጀንሲው ስለ ሰነዱ ማስጠንቀቂያ ነገ ከሰዓት በኋላ አውጥቷል።,Warning,4
10371,እባክዎ ጥያቄውን ለመምህሩ ከምሽቱ ጀምሮ ይላኩልኝ።,Request,0
10373,በቤት ከጥቂት ደቂቃዎች በኋላ ወንጀል ሊፈጸም ይችላል ተጠንቀቁ።,Warning,4
10374,ሰላም ጠበቃው፣ ከሰዓት በኋላ እንዴት ነህ?,Phatic,7
10376,እባክዎ ቁልፉን ለአለቃዬ ከምሽቱ ጀምሮ ይላኩልኝ።,Request,0
10377,ሹፌሩ ወደ ፋብሪካ በዚህ ሳምንት ሄደዋል።,Assertion,1
10378,ነገ ከሰዓት በኋላ በትምህርት ቤት ስብሰባ እናድርግ።,Suggestion,3
10379,እባክዎ ምርቱን ለሹፌሩ ከጥቂት ደቂቃዎች በኋላ ይላኩልኝ።,Request,0
10380,እባክህ ለቡናው ይህን ዘዴ በሚቀጥለው ሳምንት ተጠቀም።,Suggestion,3
10381,ጤና ይስጥልኝ ደንበኛው፣ በዚህ ወር ደህና ነህ?,Phatic,7
10382,ደንበኛው ወደ ቤት ከጥቂት ደቂቃዎች በኋላ ሄደዋል።,Assertion,1
10383,ደህና እደር ስራ አስኪያጁ፣ በሳምንቱ መጨረሻ እንገናኝ።,Phatic,7
10387,ሹፌሩ ወደ አውሮፕላን ማረፊያ በዚህ ወር ሄደዋል።,Assertion,1
10388,ሪፖርቱ ገና ወደ አውሮፕላን ማረፊያ ከምሽቱ ጀምሮ አልደረሰኝም።,Complaint,6
10390,ማህበሩ ስለ ትዕዛዙ ማስጠንቀቂያ ከምሽቱ ጀምሮ አውጥቷል።,Warning,4
10392,እባክዎ ቦርሳውን ለሹፌሩ ነገ ይላኩልኝ።,Request,0
10393,ጓደኛዬ፣ እንደምን አደርክ ዛሬ ማታ?,Phatic,7
10394,እባክዎ ቤቱን ለመሐንዲሱ በሳምንቱ መጨረሻ ይላኩልኝ።,Request,0
10395,እባክዎ ይቅርታ፣ ፋይሉን በሚቀጥለው ሳምንት ማቅረብ አልችልም።,Refusal,2
10396,ሰነዱ ገና ወደ ቤት ከምሽቱ ጀምሮ አልደረሰኝም።,Complaint,6
10397,ቤቱ ገና ወደ ባንክ ዛሬ አልደረሰኝም።,Complaint,6
10398,ይህን ትዕዛዙን ከባልደረባዬ መቀበል አልችልም።,Refusal,2
10399,ሰላም ጠበቃው፣ ዛሬ እንዴት ነህ?,Phatic,7
10400,አስተማሪዋ ወደ ሆስፒታል በሚቀጥለው ወር ሄደዋል።,Assertion,1
10402,ኩባንያው ስለ ስልኩ ማስጠንቀቂያ ከሶስት ሰዓት በኋላ አውጥቷል።,Warning,4
10404,ሰነዱ ገና ወደ ሱቅ ዛሬ አልደረሰኝም።,Complaint,6
10405,በገበያ ከምሽቱ ጀምሮ ወንጀል ሊፈጸም ይችላል ተጠንቀቁ።,Warning,4
10406,የጥያቄው ችግር ከጥቂት ደቂቃዎች በኋላ ከጓደኛዬ ጋር እፈታለሁ።,Promise,8
10407,እንዴት ጎበዝ ነህ ስራ አስኪያጁ፣ ማሽኑን ሰብረኸዋል!,Sarcasm/Irony,5
10409,እባክዎ መልእክቱን ለዶክተሩ ዛሬ ማታ ይላኩልኝ።,Request,0
10410,ካርታው ገና ወደ መንገድ ላይ በስብሰባው ወቅት አልደረሰኝም።,Complaint,6
10411,ኤጀንሲው ስለ መሳሪያው ማስጠንቀቂያ ከሰዓት በኋላ አውጥቷል።,Warning,4
10413,ጋዜጠኛው ወደ ስብሰባ ክፍል ዛሬ ማታ ሄደዋል።,Assertion,1
10414,ሹፌሩ ወደ መንገድ ላይ ዛሬ ማታ ሄደዋል።,Assertion,1
10416,እባክዎ ዕቃውን ለጠበቃው ዛሬ ማታ ይላኩልኝ።,Request,0
10417,ሚኒስትሩ ወደ ፋብሪካ በዚህ ሳምንት ሄደዋል።,Assertion,1
10419,ደብዳቤው ገና ወደ ፍርድ ቤት ዛሬ ማታ አልደረሰኝም።,Complaint,6
10421,ፖሊሱ ወደ ቤት ከምሽቱ ጀምሮ ሄደዋል።,Assertion,1
10422,እባክዎ መጽሐፉን ለሚኒስትሩ ዛሬ ይላኩልኝ።,Request,0
10423,የዕቃው ገመድ በመንገድ ላይ አደገኛ ነው ተጠንቀቁ።,Warning,4
10424,እንኳን ደስ አለህ አለቃዬ በሚቀጥለው ሳምንት።,Phatic,7
10425,ይህን ቦርሳውን ከባልደረባዬ መቀበል አልችልም።,Refusal,2
10426,እንኳን ደስ አለህ ጋዜጠኛው ዛሬ።,Phatic,7
10427,እባክህ ለበሩ ይህን ዘዴ ከጥቂት ደቂቃዎች በኋላ ተጠቀም።,Suggestion,3
10428,እባክዎ ይቅርታ፣ ቁልፉን ነገ ማቅረብ አልችልም።,Refusal,2
10429,ይቅርታ፣ ስልኩን በሚቀጥለው ወር ማድረግ አልችልም።,Refusal,2
10430,አስተማሪዋ ወደ ሆስፒታል በዚህ ሳምንት ሄደዋል።,Assertion,1
10431,እባክዎ ይቅርታ፣ ምርቱን በዚህ ወር ማቅረብ አልችልም።,Refusal,2
10433,አመሰግናለሁ ባልደረባዬ፣ ደህና ዋል በፖሊስ ጣቢያ።,Phatic,7
10434,ሹፌሩ ወደ አውሮፕላን ማረፊያ በሚቀጥለው ሳምንት ሄደዋል።,Assertion,1
10436,እንዴት ጎበዝ ነህ አስተማሪዋ፣ መስኮቱን ሰብረኸዋል!,Sarcasm/Irony,5
10437,በትምህርት ቤት ከሰዓት በኋላ ወንጀል ሊፈጸም ይችላል ተጠንቀቁ።,Warning,4
10438,ሚኒስቴሩ ስለ ቦርሳው ማስጠንቀቂያ ከሶስት ሰዓት በኋላ አውጥቷል።,Warning,4
10440,ጋዜጠኛው ወደ ቢሮ ከጥቂት ደቂቃዎች በኋላ ሄደዋል።,Assertion,1
10441,እባክህ ለገንዘቡ ይህን ዘዴ በዚህ አመት ተጠቀም።,Suggestion,3
10442,ጥንቃቄ ያድርጉ፣ ከሶስት ሰዓት በኋላ ባንክ ይንሸራተታል።,Warning,4
10443,በዚህ ወር በፍርድ ቤት ስብሰባ እናድርግ።,Suggestion,3
10444,ይህን ስጦታውን ከጠበቃው መቀበል አልችልም።,Refusal,2
10445,ቢያንስ አንዴ ልብሱን በፍርድ ቤት እንሞክር።,Suggestion,3
10446,አመሰግናለሁ ዶክተሩ፣ ደህና ዋል በሆስፒታል።,Phatic,7
10447,ምርቱ ገና ወደ ከተማው ውስጥ በዚህ ሳምንት አልደረሰኝም።,Complaint,6
10449,ስለ ፋይሉ ጉዳይ ከጠበቃው ጋር እንወያይ።,Suggestion,3
10452,ዶክተሩ ወደ ቤት ዛሬ ሄደዋል።,Assertion,1
10454,እባክዎ ስጦታውን ለባልደረባዬ ከሰዓት በኋላ ይላኩልኝ።,Request,0
10455,አዎ በርግጥ፣ የባንኩ እቅድ በበዚህ ሳምንት በጭራሽ አይከሽፍም።,Sarcasm/Irony,5
10456,የመኪናው ዋጋውን ነገ ከሰዓት በኋላ ብንቀንስ ደንበኞች ይጨምራሉ።,Suggestion,3
10457,እባክዎ ቦርሳውን ለዶክተሩ ከሁለት ቀናት በኋላ ይላኩልኝ።,Request,0
10458,ስራ አስኪያጁ፣ እንደምን አደርክ በሚቀጥለው ሳምንት?,Phatic,7
10460,በሳምንቱ መጨረሻ ወደ ከተማው ውስጥ እመጣለሁ።,Promise,8
10461,እባክዎ ይቅርታ፣ ሰነዱን በሚቀጥለው ሳምንት ማቅረብ አልችልም።,Refusal,2
10462,ደህና እደር ሚኒስትሩ፣ ከጥቂት ደቂቃዎች በኋላ እንገናኝ።,Phatic,7
10463,ቁልፉ ገና ወደ ፖሊስ ጣቢያ ከሁለት ቀናት በኋላ አልደረሰኝም።,Complaint,6
10466,አመሰግናለሁ ደንበኛው፣ ደህና ዋል በአውሮፕላን ማረፊያ።,Phatic,7
10467,እባክህ ለመልእክቱ ይህን ዘዴ ዛሬ ማታ ተጠቀም።,Suggestion,3
10469,ደህና እደር መሐንዲሱ፣ በሳምንቱ መጨረሻ እንገናኝ።,Phatic,7
10470,እባክዎ ጥያቄውን ለባልደረባዬ በሚቀጥለው ወር ይላኩልኝ።,Request,0
10471,ድርጅቱ ስለ ሂሳቡ ማስጠንቀቂያ ከጥቂት ደቂቃዎች በኋላ አውጥቷል።,Warning,4
10472,እባክዎ መሳሪያውን ለፖሊሱ በሚቀጥለው አመት ይላኩልኝ።,Request,0
10473,የዕቃው ዋጋውን ከሰዓት በኋላ ብንቀንስ ደንበኞች ይጨምራሉ።,Suggestion,3
10475,ጋዜጠኛው ወደ ቤት ከጥቂት ደቂቃዎች በኋላ ሄደዋል።,Assertion,1
10476,እባክዎ ቤቱን ለዶክተሩ ዛሬ ይላኩልኝ።,Request,0
10481,መምህሩ ወደ ሆስፒታል ከሶስት ሰዓት በኋላ ሄደዋል።,Assertion,1
10484,ጎበዝ ስራ ፖሊሱ፣ ፕሮጀክቱ ሙሉ በሙሉ ፈርሷል።,Sarcasm/Irony,5
10485,እንዴት ደስ ይላል፣ አለቃዬ እንደገና ከሶስት ሰዓት በኋላ ዘገዩ።,Sarcasm/Irony,5
10486,ይህን ዕቃውን ከነጋዴው መቀበል አልችልም።,Refusal,2
10487,አስተማሪዋ ወደ ፋብሪካ ዛሬ ማታ ሄደዋል።,Assertion,1
10488,ሰላም ጋዜጠኛው፣ ከሁለት ቀናት በኋላ እንዴት ነህ?,Phatic,7
10490,ጎበዝ! በጣም ጥሩ ስራ ሰራህ ሹፌሩ፣ መጽሐፉን አበላሸኸው።,Sarcasm/Irony,5
10492,ደንበኛው ወደ መጋዘን ዛሬ ማታ ሄደዋል።,Assertion,1
10493,የፕሮጀክቱ ችግር በሚቀጥለው አመት ከሚኒስትሩ ጋር እፈታለሁ።,Promise,8
10494,እባክዎ ሪፖርቱን ለነጋዴው በዚህ አመት ይላኩልኝ።,Request,0
10495,ምርቱ ገና ወደ ፍርድ ቤት ከሰዓት በኋላ አልደረሰኝም።,Complaint,6
10496,አለቃዬ፣ እንደምን አደርክ በዚህ ወር?,Phatic,7
10500,እባክዎ ይቅርታ፣ ገንዘቡን ነገ ከሰዓት በኋላ ማቅረብ አልችልም።,Refusal,2
10501,የፋይሉ ችግር ዛሬ ከመምህሩ ጋር እፈታለሁ።,Promise,8
10503,እንዴት ደስ ይላል፣ ጓደኛዬ እንደገና በሚቀጥለው አመት ዘገዩ።,Sarcasm/Irony,5
10504,እባክህ ለመጽሐፉ ይህን ዘዴ ከሁለት ቀናት በኋላ ተጠቀም።,Suggestion,3
10505,እባክዎ ኮምፒዩተሩን ለዶክተሩ ነገ ይላኩልኝ።,Request,0
10506,የሂሳቡ ወጪውን በፋብሪካ ብንቀንስ የተሻለ ነው።,Suggestion,3
10509,ቡናው ገና ወደ ባንክ ነገ አልደረሰኝም።,Complaint,6
10510,ጎበዝ! በጣም ጥሩ ስራ ሰራህ አስተማሪዋ፣ መጽሐፉን አበላሸኸው።,Sarcasm/Irony,5
10511,ገበያ በሚቀጥለው ወር ተከፍቷል።,Assertion,1
10512,ሚኒስትሩ ወደ ትምህርት ቤት ዛሬ ሄደዋል።,Assertion,1
10515,ደህና እደር ስራ አስኪያጁ፣ ነገ ጠዋት እንገናኝ።,Phatic,7
10516,ሂሳቡ ገና ወደ ቤት ነገ ጠዋት አልደረሰኝም።,Complaint,6
10517,ዶክተሩ ወደ ትምህርት ቤት ነገ ከሰዓት በኋላ ሄደዋል።,Assertion,1
10519,እባክዎ ቁልፉን ለባልደረባዬ ነገ ይላኩልኝ።,Request,0
10520,የደረሰኙ ችግር በስብሰባው ወቅት ከደንበኛው ጋር እፈታለሁ።,Promise,8
10521,ቦርሳው ገና ወደ ከተማው ውስጥ በሚቀጥለው ሳምንት አልደረሰኝም።,Complaint,6
10523,እንኳን ደስ አለህ ሹፌሩ፣ ስለ ጥያቄው እንደገና ተሳስተሃል።,Sarcasm/Irony,5
10524,እንኳን ደስ አለህ ጋዜጠኛው፣ ስለ መጽሐፉ እንደገና ተሳስተሃል።,Sarcasm/Irony,5
10525,ስለ መጽሐፉ ከሹፌሩ ጋር ማሰብ ይኖርብናል።,Suggestion,3
10526,ከአንድ ሰዓት በኋላ ወደ መጋዘን እደርሳለሁ።,Promise,8
10528,እባክዎ ቦርሳውን ለዶክተሩ ነገ ይላኩልኝ።,Request,0
10530,ቁልፉ ገና ወደ ቤት በሚቀጥለው አመት አልደረሰኝም።,Complaint,6
10532,ፋብሪካው ስለ መሳሪያው ማስጠንቀቂያ በስብሰባው ወቅት አውጥቷል።,Warning,4
10533,እባክዎ መኪናውን ለስራ አስኪያጁ ነገ ይላኩልኝ።,Request,0
10535,ስለ ውሉ ጉዳይ ከዶክተሩ ጋር እንወያይ።,Suggestion,3
10536,ይህን ካርታውን ከሚኒስትሩ መቀበል አልችልም።,Refusal,2
10537,እባክዎ በሩን ለሹፌሩ ከሶስት ሰዓት በኋላ ይላኩልኝ።,Request,0
10539,ጋዜጠኛው ወደ ባንክ በሳምንቱ መጨረሻ ሄደዋል።,Assertion,1
10541,የውሉ ችግር በዚህ አመት ከስራ አስኪያጁ ጋር እፈታለሁ።,Promise,8
10545,ደንበኛው ወደ ስብሰባ ክፍል ነገ ጠዋት ሄደዋል።,Assertion,1
10547,እባክህ ለማሽኑ ይህን ዘዴ በዚህ ሳምንት ተጠቀም።,Suggestion,3
10548,በጣም ደግ ነህ ፖሊሱ፣ በትምህርት ቤት ምንም እርዳታ አልሰጠኸኝም።,Sarcasm/Irony,5
10549,ገንዘቡ ገና ወደ ስብሰባ ክፍል ከአንድ ሰዓት በኋላ አልደረሰኝም።,Complaint,6
10550,የፕሮጀክቱ ችግር ከጥቂት ደቂቃዎች በኋላ ከመሐንዲሱ ጋር እፈታለሁ።,Promise,8
10551,ሚኒስቴሩ ስለ ገንዘቡ ማስጠንቀቂያ ከአንድ ሰዓት በኋላ አውጥቷል።,Warning,4
10553,የኮምፒዩተሩ ችግር ከሁለት ቀናት በኋላ ከመሐንዲሱ ጋር እፈታለሁ።,Promise,8
10554,እባክዎ መሳሪያውን ለጓደኛዬ ከአንድ ሰዓት በኋላ ይላኩልኝ።,Request,0
10555,ዶክተሩ ወደ መንገድ ላይ ከሰዓት በኋላ ሄደዋል።,Assertion,1
10557,ደንበኛው ወደ ባንክ ከምሽቱ ጀምሮ ሄደዋል።,Assertion,1
10559,ጤና ይስጥልኝ መምህሩ፣ በሚቀጥለው አመት ደህና ነህ?,Phatic,7
10561,ልብሱ ገና ወደ ቤት በሚቀጥለው አመት አልደረሰኝም።,Complaint,6
10562,የመሳሪያው ችግር ነገ ከደንበኛው ጋር እፈታለሁ።,Promise,8
10563,ዕቃው ገና ወደ ፍርድ ቤት በዚህ ወር አልደረሰኝም።,Complaint,6
10564,ውሃው ገና ወደ ባንክ በሚቀጥለው ወር አልደረሰኝም።,Complaint,6
10567,እባክህ ለቦርሳው ይህን ዘዴ ነገ ከሰዓት በኋላ ተጠቀም።,Suggestion,3
10568,እባክዎ ቤቱን ለጋዜጠኛው በሚቀጥለው አመት ይላኩልኝ።,Request,0
10570,ከደንበኛው ጋር ስለ በሩ ጉዳይ መስማማት አልችልም።,Refusal,2
10572,የሪፖርቱ ችግር በዚህ ወር ከነጋዴው ጋር እፈታለሁ።,Promise,8
10573,እባክዎ ይቅርታ፣ ኮምፒዩተሩን በሚቀጥለው አመት ማቅረብ አልችልም።,Refusal,2
10574,የስልኩ ችግር ከሁለት ቀናት በኋላ ከመሐንዲሱ ጋር እፈታለሁ።,Promise,8
10575,በጣም ደግ ነህ ጠበቃው፣ በስብሰባ ክፍል ምንም እርዳታ አልሰጠኸኝም።,Sarcasm/Irony,5
10576,የትዕዛዙ ችግር ከሰዓት በኋላ ከስራ አስኪያጁ ጋር እፈታለሁ።,Promise,8
10577,እሰይ፣ ሌላ ችግር በትምህርት ቤት በዚህ አመት፣ ልክ የሚያስፈልገን ይሄው ነበር።,Sarcasm/Irony,5
10580,ስቱዲዮው ስለ መጽሐፉ ማስጠንቀቂያ በሚቀጥለው ሳምንት አውጥቷል።,Warning,4
10582,ቤቱ ገና ወደ ቢሮ በሚቀጥለው ሳምንት አልደረሰኝም።,Complaint,6
10584,ማህበሩ ስለ ቡናው ማስጠንቀቂያ በዚህ አመት አውጥቷል።,Warning,4
10585,ቢያንስ አንዴ ውሉን በአውሮፕላን ማረፊያ እንሞክር።,Suggestion,3
10586,በሱቅ ነገ ከሰዓት በኋላ ወንጀል ሊፈጸም ይችላል ተጠንቀቁ።,Warning,4
10587,ጋዜጠኛው ወደ ቢሮ በሚቀጥለው ወር ሄደዋል።,Assertion,1
10588,ደብዳቤውን በሚቀጥለው አመት ብንሞክር ጥሩ ይሆናል።,Suggestion,3
10589,የገንዘቡ ገመድ በፋብሪካ አደገኛ ነው ተጠንቀቁ።,Warning,4
10591,ፖሊሱ፣ ጤና ይስጥልኝ በአውሮፕላን ማረፊያ።,Phatic,7
10592,ይቅርታ፣ ማሽኑን ነገ ማድረግ አልችልም።,Refusal,2
10595,የቤቱ ችግር ከጥቂት ደቂቃዎች በኋላ ከጋዜጠኛው ጋር እፈታለሁ።,Promise,8
10596,እባክዎ ልብሱን ለሹፌሩ በሚቀጥለው አመት ይላኩልኝ።,Request,0
10597,እባክዎ መጽሐፉን ለሚኒስትሩ በሚቀጥለው አመት ይላኩልኝ።,Request,0
10598,መስኮቱ ገና ወደ ፋብሪካ በሚቀጥለው ሳምንት አልደረሰኝም።,Complaint,6
10600,የሰነዱ ችግር በሳምንቱ መጨረሻ ከነጋዴው ጋር እፈታለሁ።,Promise,8
10601,ሹፌሩ ወደ ስብሰባ ክፍል ከዛሬ ጀምሮ ሄደዋል።,Assertion,1
10603,ጎበዝ ስራ ሚኒስትሩ፣ ልብሱ ሙሉ በሙሉ ፈርሷል።,Sarcasm/Irony,5
10604,ማዕከሉ ስለ ውሉ ማስጠንቀቂያ ከሰዓት በኋላ አውጥቷል።,Warning,4
10605,ጓደኛዬ ወደ መንገድ ላይ ነገ ጠዋት ሄደዋል።,Assertion,1
10607,በጣም ብልህ ነህ መምህሩ፣ ሪፖርቱን ረሳኸው።,Sarcasm/Irony,5
10608,እባክዎ ይቅርታ፣ ስልኩን ነገ ከሰዓት በኋላ ማቅረብ አልችልም።,Refusal,2
10609,እንኳን ደስ አለህ ጋዜጠኛው፣ ስለ ውሃው እንደገና ተሳስተሃል።,Sarcasm/Irony,5
10610,ደህና እደር ባልደረባዬ፣ በሚቀጥለው ወር እንገናኝ።,Phatic,7
10612,ቦርሳው ገና ወደ ባንክ ዛሬ ማታ አልደረሰኝም።,Complaint,6
10615,እባክዎ መሳሪያውን ለነጋዴው ከሰዓት በኋላ ይላኩልኝ።,Request,0
10617,እባክዎ ቤቱን ለመሐንዲሱ ከሁለት ቀናት በኋላ ይላኩልኝ።,Request,0
10618,ማሽኑ ገና ወደ ስብሰባ ክፍል ከአንድ ሰዓት በኋላ አልደረሰኝም።,Complaint,6
10619,ሰላም ነጋዴው፣ በዚህ አመት እንዴት ነህ?,Phatic,7
10620,በጣም ብልህ ነህ ጋዜጠኛው፣ ዕቃውን ረሳኸው።,Sarcasm/Irony,5
10622,ቢያንስ አንዴ ምርቱን በቤት እንሞክር።,Suggestion,3
10623,ይህን ስጦታውን ከመሐንዲሱ መቀበል አልችልም።,Refusal,2
10624,መኪናው ገና ወደ ትምህርት ቤት በሚቀጥለው አመት አልደረሰኝም።,Complaint,6
10626,ደህና ሁን ሹፌሩ፣ እስከ በሚቀጥለው ወር እንገናኝ።,Phatic,7
10627,እባክዎ ቤቱን ለአለቃዬ ከአንድ ሰዓት በኋላ ይላኩልኝ።,Request,0
10628,እባክዎ ይቅርታ፣ መኪናውን በሚቀጥለው ሳምንት ማቅረብ አልችልም።,Refusal,2
10629,በሩ ገና ወደ መንገድ ላይ በሚቀጥለው አመት አልደረሰኝም።,Complaint,6
10630,እባክዎ ይቅርታ፣ መስኮቱን በዚህ ወር ማቅረብ አልችልም።,Refusal,2
10631,የመልእክቱ ገመድ በፋብሪካ አደገኛ ነው ተጠንቀቁ።,Warning,4
10632,እባክዎ ይቅርታ፣ ትዕዛዙን በሳምንቱ መጨረሻ ማቅረብ አልችልም።,Refusal,2
10633,እባክዎ ይቅርታ፣ ደብዳቤውን በዚህ ወር ማቅረብ አልችልም።,Refusal,2
10637,እንኳን ደስ አለህ ሚኒስትሩ፣ ስለ ስልኩ እንደገና ተሳስተሃል።,Sarcasm/Irony,5
10638,ይቅርታ፣ ገንዘቡን ከሁለት ቀናት በኋላ ማድረግ አልችልም።,Refusal,2
10639,ምርቱ ገና ወደ ባንክ በሚቀጥለው ሳምንት አልደረሰኝም።,Complaint,6
10640,በጣም ብልህ ነህ ባልደረባዬ፣ ውሃውን ረሳኸው።,Sarcasm/Irony,5
10642,እንዴት ጎበዝ ነህ ጠበቃው፣ ሰነዱን ሰብረኸዋል!,Sarcasm/Irony,5
10643,እንኳን ደስ አለህ ጓደኛዬ በሚቀጥለው አመት።,Phatic,7
10644,እንኳን ደስ አለህ ሹፌሩ፣ ስለ መስኮቱ እንደገና ተሳስተሃል።,Sarcasm/Irony,5
10645,እባክዎ ይቅርታ፣ መልእክቱን በስብሰባው ወቅት ማቅረብ አልችልም።,Refusal,2
10647,ስራ አስኪያጁ ወደ ሆስፒታል ከሁለት ቀናት በኋላ ሄደዋል።,Assertion,1
10649,እባክዎ ትዕዛዙን ለሹፌሩ በስብሰባው ወቅት ይላኩልኝ።,Request,0
10650,መምህሩ ወደ ስብሰባ ክፍል በሚቀጥለው አመት ሄደዋል።,Assertion,1
10652,እባክዎ ውሉን ለባልደረባዬ በዚህ ወር ይላኩልኝ።,Request,0
10653,እሰይ፣ ሌላ ችግር በፖሊስ ጣቢያ ከጥቂት ደቂቃዎች በኋላ፣ ልክ የሚያስፈልገን ይሄው ነበር።,Sarcasm/Irony,5
10654,እባክዎ ገንዘቡን ለፖሊሱ ዛሬ ይላኩልኝ።,Request,0
10657,ይህን መጽሐፉን ከሹፌሩ መቀበል አልችልም።,Refusal,2
10658,እንኳን ደስ አለህ ባልደረባዬ፣ ስለ ሂሳቡ እንደገና ተሳስተሃል።,Sarcasm/Irony,5
10659,ፋብሪካው ስለ መልእክቱ ማስጠንቀቂያ ከሰዓት በኋላ አውጥቷል።,Warning,4
10661,ዶክተሩ ወደ ሆስፒታል ነገ ጠዋት ሄደዋል።,Assertion,1
10663,ፋብሪካው ስለ መሳሪያው ማስጠንቀቂያ ከዛሬ ጀምሮ አውጥቷል።,Warning,4
10664,የውሉ ችግር ነገ ከሰዓት በኋላ ከጋዜጠኛው ጋር እፈታለሁ።,Promise,8
10667,የልብሱ ችግር ከአንድ ሰዓት በኋላ ከሹፌሩ ጋር እፈታለሁ።,Promise,8
10669,የመስኮቱ ችግር በስብሰባው ወቅት ከሚኒስትሩ ጋር እፈታለሁ።,Promise,8
10670,ስራ አስኪያጁ ወደ ፋብሪካ በሚቀጥለው ወር ሄደዋል።,Assertion,1
10672,ጤና ይስጥልኝ ሚኒስትሩ፣ ከሁለት ቀናት በኋላ ደህና ነህ?,Phatic,7
10673,እባክዎ ማሽኑን ለመምህሩ በዚህ ወር ይላኩልኝ።,Request,0
10674,ቢያንስ አንዴ መስኮቱን በሱቅ እንሞክር።,Suggestion,3
10677,ውሃው ገና ወደ ገበያ በሚቀጥለው አመት አልደረሰኝም።,Complaint,6
10678,መሐንዲሱ ወደ መጋዘን ከዛሬ ጀምሮ ሄደዋል።,Assertion,1
10679,ምርቱ ገና ወደ ሱቅ ዛሬ ማታ አልደረሰኝም።,Complaint,6
10680,ጠበቃው ወደ ስብሰባ ክፍል በዚህ አመት ሄደዋል።,Assertion,1
10682,የውሃው ወጪውን በፋብሪካ ብንቀንስ የተሻለ ነው።,Suggestion,3
10683,እንኳን ደስ አለህ ሚኒስትሩ፣ ስለ ሪፖርቱ እንደገና ተሳስተሃል።,Sarcasm/Irony,5
10685,ስቱዲዮው ስለ ፕሮጀክቱ ማስጠንቀቂያ ዛሬ ማታ አውጥቷል።,Warning,4
10686,የመጽሐፉ ችግር ከሶስት ሰዓት በኋላ ከአስተማሪዋ ጋር እፈታለሁ።,Promise,8
10687,እንኳን ደስ አለህ ጓደኛዬ፣ ስለ መሳሪያው እንደገና ተሳስተሃል።,Sarcasm/Irony,5
10688,መስኮቱ ገና ወደ ከተማው ውስጥ ዛሬ አልደረሰኝም።,Complaint,6
10689,ጎበዝ! በጣም ጥሩ ስራ ሰራህ ሹፌሩ፣ ሂሳቡን አበላሸኸው።,Sarcasm/Irony,5
10690,በጣም ደግ ነህ ባልደረባዬ፣ በሱቅ ምንም እርዳታ አልሰጠኸኝም።,Sarcasm/Irony,5
10692,ይቅርታ፣ ሪፖርቱን ከሰዓት በኋላ ማድረግ አልችልም።,Refusal,2
10693,ስጦታው ገና ወደ ባንክ ነገ ጠዋት አልደረሰኝም።,Complaint,6
10696,ሰላም ጋዜጠኛው፣ ከሰዓት በኋላ እንዴት ነህ?,Phatic,7
10699,ባልደረባዬ ወደ ፍርድ ቤት በሚቀጥለው ወር ሄደዋል።,Assertion,1
10700,ሰላም አለቃዬ፣ ነገ ከሰዓት በኋላ እንዴት ነህ?,Phatic,7
10702,ጎበዝ ስራ ሹፌሩ፣ ትዕዛዙ ሙሉ በሙሉ ፈርሷል።,Sarcasm/Irony,5
10703,ፋይሉ ገና ወደ ባንክ ከአንድ ሰዓት በኋላ አልደረሰኝም።,Complaint,6
10704,ይህን ስልኩን ከፖሊሱ መቀበል አልችልም።,Refusal,2
10705,እባክዎ ይቅርታ፣ ካርታውን በዚህ ወር ማቅረብ አልችልም።,Refusal,2
10707,መሐንዲሱ ወደ ፋብሪካ ከአንድ ሰዓት በኋላ ሄደዋል።,Assertion,1
10708,እባክዎ ስልኩን ለዶክተሩ ዛሬ ይላኩልኝ።,Request,0
10710,እባክዎ ይቅርታ፣ ሪፖርቱን ዛሬ ማቅረብ አልችልም።,Refusal,2
10711,ደንበኛው ወደ ሆስፒታል በሚቀጥለው አመት ሄደዋል።,Assertion,1
10712,ጎበዝ! በጣም ጥሩ ስራ ሰራህ ጠበቃው፣ ውሉን አበላሸኸው።,Sarcasm/Irony,5
10713,የደረሰኙ ገመድ በባንክ አደገኛ ነው ተጠንቀቁ።,Warning,4
10714,ደንበኛው ወደ ስብሰባ ክፍል በሚቀጥለው አመት ሄደዋል።,Assertion,1
10715,መሳሪያው ገና ወደ ቢሮ ከዛሬ ጀምሮ አልደረሰኝም።,Complaint,6
10717,የቤቱ ችግር ከዛሬ ጀምሮ ከፖሊሱ ጋር እፈታለሁ።,Promise,8
10718,ዕቃው ገና ወደ ቢሮ ከምሽቱ ጀምሮ አልደረሰኝም።,Complaint,6
10719,ደህና ሁን ነጋዴው፣ እስከ ከአንድ ሰዓት በኋላ እንገናኝ።,Phatic,7
10720,አመሰግናለሁ ጠበቃው፣ ደህና ዋል በአውሮፕላን ማረፊያ።,Phatic,7
10721,እንዴት ጎበዝ ነህ ጠበቃው፣ መሳሪያውን ሰብረኸዋል!,Sarcasm/Irony,5
10722,እንዴት ጎበዝ ነህ ጓደኛዬ፣ ሰነዱን ሰብረኸዋል!,Sarcasm/Irony,5
10723,የቡናው ችግር ነገ ከሰዓት በኋላ ከስራ አስኪያጁ ጋር እፈታለሁ።,Promise,8
10725,እባክዎ ቤቱን ለደንበኛው በሳምንቱ መጨረሻ ይላኩልኝ።,Request,0
10726,ጤና ይስጥልኝ ባልደረባዬ፣ በዚህ ወር ደህና ነህ?,Phatic,7
10729,የመልእክቱ ገመድ በከተማው ውስጥ አደገኛ ነው ተጠንቀቁ።,Warning,4
10730,ድርጅቱ ስለ መልእክቱ ማስጠንቀቂያ ከአንድ ሰዓት በኋላ አውጥቷል።,Warning,4
10731,ጤና ይስጥልኝ ጠበቃው፣ በዚህ አመት ደህና ነህ?,Phatic,7
10732,በጣም ብልህ ነህ መምህሩ፣ ቤቱን ረሳኸው።,Sarcasm/Irony,5
10733,ኩባንያው ስለ ጥያቄው ማስጠንቀቂያ በሚቀጥለው ወር አውጥቷል።,Warning,4
10735,ነጋዴው ወደ ፋብሪካ ዛሬ ሄደዋል።,Assertion,1
10736,የትዕዛዙ ወጪውን በባንክ ብንቀንስ የተሻለ ነው።,Suggestion,3
10737,መጽሐፉ ገና ወደ ከተማው ውስጥ ነገ አልደረሰኝም።,Complaint,6
10738,እንኳን ደስ አለህ ሚኒስትሩ፣ ስለ ገንዘቡ እንደገና ተሳስተሃል።,Sarcasm/Irony,5
10739,እባክዎ ስልኩን ለአስተማሪዋ ነገ ከሰዓት በኋላ ይላኩልኝ።,Request,0
10741,ይቅርታ፣ ትዕዛዙን ዛሬ ማታ ማድረግ አልችልም።,Refusal,2
10743,ቢያንስ አንዴ መስኮቱን በባንክ እንሞክር።,Suggestion,3
10744,ባልደረባዬ፣ ጤና ይስጥልኝ በከተማው ውስጥ።,Phatic,7
10745,ጎበዝ ስራ አለቃዬ፣ ልብሱ ሙሉ በሙሉ ፈርሷል።,Sarcasm/Irony,5
10746,ሰላም ፖሊሱ፣ ከዛሬ ጀምሮ እንዴት ነህ?,Phatic,7
10747,እባክዎ ይቅርታ፣ ኮምፒዩተሩን በስብሰባው ወቅት ማቅረብ አልችልም።,Refusal,2
10748,የካርታው ዋጋውን ከሶስት ሰዓት በኋላ ብንቀንስ ደንበኞች ይጨምራሉ።,Suggestion,3
10750,ጤና ይስጥልኝ ነጋዴው፣ ነገ ደህና ነህ?,Phatic,7
10752,ደንበኛው፣ እንደምን አደርክ ከአንድ ሰዓት በኋላ?,Phatic,7
10754,እንዴት ጎበዝ ነህ ጓደኛዬ፣ መጽሐፉን ሰብረኸዋል!,Sarcasm/Irony,5
10755,የመልእክቱ ችግር በሳምንቱ መጨረሻ ከመሐንዲሱ ጋር እፈታለሁ።,Promise,8
10756,ፋብሪካው ስለ ዕቃው ማስጠንቀቂያ ዛሬ አውጥቷል።,Warning,4
10758,ሂሳቡ ገና ወደ ስብሰባ ክፍል በሳምንቱ መጨረሻ አልደረሰኝም።,Complaint,6
10760,ሹፌሩ ወደ ከተማው ውስጥ ነገ ጠዋት ሄደዋል።,Assertion,1
10761,ድርጅቱ ስለ ውሉ ማስጠንቀቂያ በሚቀጥለው ወር አውጥቷል።,Warning,4
10762,ጎበዝ! በጣም ጥሩ ስራ ሰራህ ነጋዴው፣ መልእክቱን አበላሸኸው።,Sarcasm/Irony,5
10763,ስለ ደረሰኙ ከፖሊሱ ጋር ማሰብ ይኖርብናል።,Suggestion,3
10767,ደህና ዛሬ ማታ ይሁንልህ ጋዜጠኛው።,Phatic,7
10768,ደህና በሚቀጥለው ወር ይሁንልህ ፖሊሱ።,Phatic,7
10770,እባክዎ ጥያቄውን ለአስተማሪዋ ዛሬ ይላኩልኝ።,Request,0
10771,ይቅርታ፣ ስጦታውን ዛሬ ማድረግ አልችልም።,Refusal,2
10772,ምርቱ ገና ወደ መንገድ ላይ ከሰዓት በኋላ አልደረሰኝም።,Complaint,6
10773,ደንበኛው ወደ ገበያ በዚህ አመት ሄደዋል።,Assertion,1
10775,እንኳን ደስ አለህ መምህሩ በሚቀጥለው ወር።,Phatic,7
10776,ጎበዝ! በጣም ጥሩ ስራ ሰራህ ደንበኛው፣ ስልኩን አበላሸኸው።,Sarcasm/Irony,5
10777,ባልደረባዬ ወደ ቢሮ በስብሰባው ወቅት ሄደዋል።,Assertion,1
10778,እባክዎ ዕቃውን ለደንበኛው ከሁለት ቀናት በኋላ ይላኩልኝ።,Request,0
10779,ሂሳቡ ገና ወደ ስብሰባ ክፍል ነገ አልደረሰኝም።,Complaint,6
10780,እባክህ ለስጦታው ይህን ዘዴ በዚህ ሳምንት ተጠቀም።,Suggestion,3
10781,በጣም ብልህ ነህ ጋዜጠኛው፣ ቤቱን ረሳኸው።,Sarcasm/Irony,5
10783,እባክዎ ይቅርታ፣ ሪፖርቱን ዛሬ ማታ ማቅረብ አልችልም።,Refusal,2
10784,ካርታው ገና ወደ ቢሮ በሚቀጥለው አመት አልደረሰኝም።,Complaint,6
10786,ቢያንስ አንዴ ትዕዛዙን በከተማው ውስጥ እንሞክር።,Suggestion,3
10788,ፋብሪካው ስለ ሪፖርቱ ማስጠንቀቂያ ነገ ከሰዓት በኋላ አውጥቷል።,Warning,4
10790,እባክዎ ይቅርታ፣ ዕቃውን በዚህ ሳምንት ማቅረብ አልችልም።,Refusal,2
10791,ጋዜጠኛው፣ እንደምን አደርክ ከምሽቱ ጀምሮ?,Phatic,7
10793,እባክዎ ቁልፉን ለሹፌሩ በሚቀጥለው አመት ይላኩልኝ።,Request,0
10794,እባክዎ ደረሰኙን ለዶክተሩ በሚቀጥለው አመት ይላኩልኝ።,Request,0
10796,እንዴት ጎበዝ ነህ ሚኒስትሩ፣ ገንዘቡን ሰብረኸዋል!,Sarcasm/Irony,5
10797,ሪፖርቱ ገና ወደ ስብሰባ ክፍል በሳምንቱ መጨረሻ አልደረሰኝም።,Complaint,6
10799,ጎበዝ! በጣም ጥሩ ስራ ሰራህ ጋዜጠኛው፣ ካርታውን አበላሸኸው።,Sarcasm/Irony,5
10800,ጥንቃቄ ያድርጉ፣ ከአንድ ሰዓት በኋላ ስብሰባ ክፍል ይንሸራተታል።,Warning,4
10801,እባክዎ መሳሪያውን ለጋዜጠኛው ዛሬ ማታ ይላኩልኝ።,Request,0
10802,ቢያንስ አንዴ ቤቱን በከተማው ውስጥ እንሞክር።,Suggestion,3
10804,እንኳን ደስ አለህ ጋዜጠኛው በሚቀጥለው አመት።,Phatic,7
10805,እባክዎ ቤቱን ለአለቃዬ ነገ ከሰዓት በኋላ ይላኩልኝ።,Request,0
10806,ጎበዝ! በጣም ጥሩ ስራ ሰራህ ፖሊሱ፣ ምርቱን አበላሸኸው።,Sarcasm/Irony,5
10807,እባክዎ ማሽኑን ለዶክተሩ በሳምንቱ መጨረሻ ይላኩልኝ።,Request,0
10808,የጥያቄው ችግር በዚህ ወር ከስራ አስኪያጁ ጋር እፈታለሁ።,Promise,8
10809,ደህና ሁን መምህሩ፣ እስከ ከአንድ ሰዓት በኋላ እንገናኝ።,Phatic,7
10810,በጣም ብልህ ነህ አስተማሪዋ፣ መጽሐፉን ረሳኸው።,Sarcasm/Irony,5
10811,ሚኒስቴሩ ስለ መሳሪያው ማስጠንቀቂያ በስብሰባው ወቅት አውጥቷል።,Warning,4
10812,ጥንቃቄ ያድርጉ፣ ዛሬ ቤት ይንሸራተታል።,Warning,4
10815,እሰይ፣ ሌላ ችግር በፍርድ ቤት ከሁለት ቀናት በኋላ፣ ልክ የሚያስፈልገን ይሄው ነበር።,Sarcasm/Irony,5
10816,እንኳን ደስ አለህ ነጋዴው፣ ስለ ማሽኑ እንደገና ተሳስተሃል።,Sarcasm/Irony,5
10817,ድርጅቱ ስለ መልእክቱ ማስጠንቀቂያ ዛሬ ማታ አውጥቷል።,Warning,4
10818,የሂሳቡ ወጪውን በቤት ብንቀንስ የተሻለ ነው።,Suggestion,3
10819,ደህና እደር ሹፌሩ፣ ከሰዓት በኋላ እንገናኝ።,Phatic,7
10820,እንዴት ጎበዝ ነህ ዶክተሩ፣ ስልኩን ሰብረኸዋል!,Sarcasm/Irony,5
10822,መሐንዲሱ ወደ ቢሮ ከጥቂት ደቂቃዎች በኋላ ሄደዋል።,Assertion,1
10823,ካርታውን በጥንቃቄ ለስራ አስኪያጁ እይዛለሁ።,Promise,8
10824,ቢያንስ አንዴ መሳሪያውን በትምህርት ቤት እንሞክር።,Suggestion,3
10826,እባክዎ መልእክቱን ለሚኒስትሩ በሚቀጥለው ሳምንት ይላኩልኝ።,Request,0
10827,ይቅርታ፣ ውሉን ከዛሬ ጀምሮ ማድረግ አልችልም።,Refusal,2
10829,በጣም ብልህ ነህ ሚኒስትሩ፣ ስልኩን ረሳኸው።,Sarcasm/Irony,5
10830,ስልኩን በዚህ ወር ብንሞክር ጥሩ ይሆናል።,Suggestion,3
10831,ይህን ፕሮጀክቱን ከነጋዴው መቀበል አልችልም።,Refusal,2
10833,ደረሰኙን ነገ ጠዋት ብንሞክር ጥሩ ይሆናል።,Suggestion,3
10834,ሂሳቡን ከሰዓት በኋላ ብንሞክር ጥሩ ይሆናል።,Suggestion,3
10835,የመልእክቱ ችግር ከሁለት ቀናት በኋላ ከጋዜጠኛው ጋር እፈታለሁ።,Promise,8
10836,ኤጀንሲው ስለ ሂሳቡ ማስጠንቀቂያ ከአንድ ሰዓት በኋላ አውጥቷል።,Warning,4
10837,ጥንቃቄ ያድርጉ፣ ዛሬ ማታ ፋብሪካ ይንሸራተታል።,Warning,4
10838,እባክዎ ይቅርታ፣ ልብሱን ነገ ማቅረብ አልችልም።,Refusal,2
10839,ሪፖርቱን ለጋዜጠኛው ከጥቂት ደቂቃዎች በኋላ አቀርባለሁ።,Promise,8
10840,አስተማሪዋ፣ እንደምን አደርክ ነገ ከሰዓት በኋላ?,Phatic,7
10841,ቡናውን በሚቀጥለው ሳምንት ብንሞክር ጥሩ ይሆናል።,Suggestion,3
10842,ስቱዲዮው ስለ ቡናው ማስጠንቀቂያ ዛሬ አውጥቷል።,Warning,4
10843,እባክዎ ቁልፉን ለጓደኛዬ ከዛሬ ጀምሮ ይላኩልኝ።,Request,0
10844,አውሮፕላን ማረፊያ በሚቀጥለው ወር ተከፍቷል።,Assertion,1
10845,ፋብሪካው ስለ ፕሮጀክቱ ማስጠንቀቂያ ከሶስት ሰዓት በኋላ አውጥቷል።,Warning,4
10846,እባክዎ ይቅርታ፣ ፋይሉን ዛሬ ማቅረብ አልችልም።,Refusal,2
10847,ደህና እደር ባልደረባዬ፣ ከሰዓት በኋላ እንገናኝ።,Phatic,7
10848,ስለ ካርታው ከባልደረባዬ ጋር ማሰብ ይኖርብናል።,Suggestion,3
10849,ሪፖርቱን ለአስተማሪዋ በዚህ ሳምንት አቀርባለሁ።,Promise,8
10850,መሐንዲሱ ወደ ቢሮ በሚቀጥለው ሳምንት ሄደዋል።,Assertion,1
10852,ሰነዱ ገና ወደ አውሮፕላን ማረፊያ በዚህ ወር አልደረሰኝም።,Complaint,6
10853,ነጋዴው ወደ መንገድ ላይ ነገ ከሰዓት በኋላ ሄደዋል።,Assertion,1
10854,የደረሰኙ ችግር በዚህ አመት ከሚኒስትሩ ጋር እፈታለሁ።,Promise,8
10855,ደህና ሁን ጠበቃው፣ እስከ ከጥቂት ደቂቃዎች በኋላ እንገናኝ።,Phatic,7
10856,ሪፖርቱን ለጓደኛዬ ከጥቂት ደቂቃዎች በኋላ አቀርባለሁ።,Promise,8
10857,በጣም ብልህ ነህ ባልደረባዬ፣ ቡናውን ረሳኸው።,Sarcasm/Irony,5
10858,መንግስት ስለ ፕሮጀክቱ ማስጠንቀቂያ በሚቀጥለው አመት አውጥቷል።,Warning,4
10859,እሰይ፣ ሌላ ችግር በከተማው ውስጥ ከሶስት ሰዓት በኋላ፣ ልክ የሚያስፈልገን ይሄው ነበር።,Sarcasm/Irony,5
10863,የፋይሉ ወጪውን በባንክ ብንቀንስ የተሻለ ነው።,Suggestion,3
10864,መምህሩ ወደ ቤት በዚህ አመት ሄደዋል።,Assertion,1
10865,ቤቱ ገና ወደ ፖሊስ ጣቢያ በሳምንቱ መጨረሻ አልደረሰኝም።,Complaint,6
10866,ይቅርታ፣ መጽሐፉን በዚህ ወር ማድረግ አልችልም።,Refusal,2
10867,የፕሮጀክቱ ችግር ነገ ከስራ አስኪያጁ ጋር እፈታለሁ።,Promise,8
10868,ሰነዱ ገና ወደ ትምህርት ቤት በስብሰባው ወቅት አልደረሰኝም።,Complaint,6
10869,ይቅርታ፣ ቡናውን ከዛሬ ጀምሮ ማድረግ አልችልም።,Refusal,2
10872,በጣም ብልህ ነህ ደንበኛው፣ ፕሮጀክቱን ረሳኸው።,Sarcasm/Irony,5
10873,ስልኩ ገና ወደ አውሮፕላን ማረፊያ ከጥቂት ደቂቃዎች በኋላ አልደረሰኝም።,Complaint,6
10874,እንኳን ደስ አለህ ጋዜጠኛው፣ ስለ ቡናው እንደገና ተሳስተሃል።,Sarcasm/Irony,5
10875,አለቃዬ ወደ ቤት በዚህ ወር ሄደዋል።,Assertion,1
10876,ባልደረባዬ ወደ መጋዘን ዛሬ ሄደዋል።,Assertion,1
10877,ከሰዓት በኋላ ወደ ፖሊስ ጣቢያ እደርሳለሁ።,Promise,8
10878,እባክዎ ሂሳቡን ለአለቃዬ ነገ ይላኩልኝ።,Request,0
10879,ውሃው ገና ወደ ስብሰባ ክፍል ነገ ከሰዓት በኋላ አልደረሰኝም።,Complaint,6
10880,ኤጀንሲው ስለ ማሽኑ ማስጠንቀቂያ በሚቀጥለው ሳምንት አውጥቷል።,Warning,4
10881,ፖሊሱ ወደ ስብሰባ ክፍል ነገ ሄደዋል።,Assertion,1
10882,ከደንበኛው ጋር ስለ ውሃው ጉዳይ መስማማት አልችልም።,Refusal,2
10883,ነገ ጠዋት በፖሊስ ጣቢያ ስብሰባ እናድርግ።,Suggestion,3
10884,ጥያቄው ገና ወደ ሱቅ በስብሰባው ወቅት አልደረሰኝም።,Complaint,6
10885,የኮምፒዩተሩ ችግር በሚቀጥለው አመት ከጓደኛዬ ጋር እፈታለሁ።,Promise,8
10886,በሩ ገና ወደ ስብሰባ ክፍል በሳምንቱ መጨረሻ አልደረሰኝም።,Complaint,6
10887,ሚኒስቴሩ ስለ ካርታው ማስጠንቀቂያ በስብሰባው ወቅት አውጥቷል።,Warning,4
10888,ጠበቃው ወደ ፖሊስ ጣቢያ ነገ ጠዋት ሄደዋል።,Assertion,1
10889,ካርታው ገና ወደ ሆስፒታል ከሶስት ሰዓት በኋላ አልደረሰኝም።,Complaint,6
10891,የቤቱ ችግር በሳምንቱ መጨረሻ ከጠበቃው ጋር እፈታለሁ።,Promise,8
10892,እንኳን ደስ አለህ አለቃዬ በዚህ ሳምንት።,Phatic,7
10893,ይቅርታ፣ መስኮቱን ከሰዓት በኋላ ማድረግ አልችልም።,Refusal,2
10897,ፖሊሱ፣ እንደምን አደርክ ነገ ጠዋት?,Phatic,7
10898,ሚኒስቴሩ ስለ ኮምፒዩተሩ ማስጠንቀቂያ ነገ ጠዋት አውጥቷል።,Warning,4
10899,የልብሱ ችግር በዚህ ሳምንት ከአለቃዬ ጋር እፈታለሁ።,Promise,8
10901,ውሉ ገና ወደ ሱቅ በዚህ ወር አልደረሰኝም።,Complaint,6
10903,ጥንቃቄ ያድርጉ፣ በሚቀጥለው ወር ሆስፒታል ይንሸራተታል።,Warning,4
10904,እባክዎ ቁልፉን ለሹፌሩ በዚህ ወር ይላኩልኝ።,Request,0
10905,እንዴት ጎበዝ ነህ ጓደኛዬ፣ ውሉን ሰብረኸዋል!,Sarcasm/Irony,5
10908,እንኳን ደስ አለህ ጠበቃው፣ ስለ ካርታው እንደገና ተሳስተሃል።,Sarcasm/Irony,5
10910,ፖሊሱ ወደ ፍርድ ቤት ከሁለት ቀናት በኋላ ሄደዋል።,Assertion,1
10911,ሚኒስቴሩ ስለ ልብሱ ማስጠንቀቂያ በሚቀጥለው አመት አውጥቷል።,Warning,4
10912,ስለ ደረሰኙ ከደንበኛው ጋር ማሰብ ይኖርብናል።,Suggestion,3
10913,እባክዎ መልእክቱን ለሚኒስትሩ በሚቀጥለው ወር ይላኩልኝ።,Request,0
10914,እባክዎ ቡናውን ለሚኒስትሩ በስብሰባው ወቅት ይላኩልኝ።,Request,0
10915,ፋብሪካው ስለ ልብሱ ማስጠንቀቂያ በዚህ ወር አውጥቷል።,Warning,4
10916,እባክዎ ትዕዛዙን ለአስተማሪዋ ዛሬ ማታ ይላኩልኝ።,Request,0
10917,ከምሽቱ ጀምሮ በሱቅ ስብሰባ እናድርግ።,Suggestion,3
10918,ባንኩ በሚቀጥለው ወር አዲስ ሰራተኞችን ቀጥሯል።,Assertion,1
10920,ጤና ይስጥልኝ ጋዜጠኛው፣ ነገ ደህና ነህ?,Phatic,7
10921,ነገ በፍርድ ቤት ትራፊኩ ከባድ ነው ተጠንቀቁ።,Warning,4
10922,ደህና ሁን ጓደኛዬ፣ እስከ በስብሰባው ወቅት እንገናኝ።,Phatic,7
10923,ይቅርታ፣ ውሃውን በሚቀጥለው አመት ማድረግ አልችልም።,Refusal,2
10924,አዎ በርግጥ፣ የመንግስት እቅድ በነገ ጠዋት በጭራሽ አይከሽፍም።,Sarcasm/Irony,5
10925,ጋዜጠኛው፣ እንደምን አደርክ ዛሬ?,Phatic,7
10928,የደረሰኙ ገመድ በአውሮፕላን ማረፊያ አደገኛ ነው ተጠንቀቁ።,Warning,4
10929,እባክዎ ጥያቄውን ለነጋዴው በዚህ አመት ይላኩልኝ።,Request,0
10930,እንኳን ደስ አለህ ደንበኛው በሚቀጥለው ወር።,Phatic,7
10932,እባክዎ ቁልፉን ለሚኒስትሩ በሳምንቱ መጨረሻ ይላኩልኝ።,Request,0
10933,የትዕዛዙ ችግር ከጥቂት ደቂቃዎች በኋላ ከስራ አስኪያጁ ጋር እፈታለሁ።,Promise,8
10934,ኩባንያው ስለ ስልኩ ማስጠንቀቂያ ከአንድ ሰዓት በኋላ አውጥቷል።,Warning,4
10935,ይህን ኮምፒዩተሩን ከሹፌሩ መቀበል አልችልም።,Refusal,2
10936,እባክህ ለጥያቄው ይህን ዘዴ ከሰዓት በኋላ ተጠቀም።,Suggestion,3
10937,ማዕከሉ ስለ ሰነዱ ማስጠንቀቂያ ነገ ከሰዓት በኋላ አውጥቷል።,Warning,4
10939,መንገድ ላይ በዚህ ሳምንት ተከፍቷል።,Assertion,1
10941,ድርጅቱ ስለ ምርቱ ማስጠንቀቂያ በሳምንቱ መጨረሻ አውጥቷል።,Warning,4
10942,ባልደረባዬ፣ እንደምን አደርክ ከሁለት ቀናት በኋላ?,Phatic,7
10943,ኮምፒዩተሩ ገና ወደ ከተማው ውስጥ በሚቀጥለው ወር አልደረሰኝም።,Complaint,6
10944,የትዕዛዙ ችግር በሚቀጥለው ሳምንት ከመምህሩ ጋር እፈታለሁ።,Promise,8
10946,እባክዎ ውሉን ለአለቃዬ ከጥቂት ደቂቃዎች በኋላ ይላኩልኝ።,Request,0
10948,ደብዳቤውን ከሁለት ቀናት በኋላ ብንሞክር ጥሩ ይሆናል።,Suggestion,3
10949,ማህበሩ ስለ ስጦታው ማስጠንቀቂያ በሳምንቱ መጨረሻ አውጥቷል።,Warning,4
10950,እንኳን ደስ አለህ ጠበቃው፣ ስለ ምርቱ እንደገና ተሳስተሃል።,Sarcasm/Irony,5
10952,ውሉ ገና ወደ ፖሊስ ጣቢያ በዚህ አመት አልደረሰኝም።,Complaint,6
10953,መምህሩ ወደ ገበያ በሚቀጥለው አመት ሄደዋል።,Assertion,1
10954,ድርጅቱ ስለ ምርቱ ማስጠንቀቂያ ዛሬ አውጥቷል።,Warning,4
10955,እባክዎ ይቅርታ፣ ቦርሳውን ከሰዓት በኋላ ማቅረብ አልችልም።,Refusal,2
10956,ስለ ውሃው ጉዳይ ከደንበኛው ጋር እንወያይ።,Suggestion,3
10958,ፋብሪካ ነገ ጠዋት ተከፍቷል።,Assertion,1
10959,እባክዎ በሩን ለነጋዴው በዚህ ወር ይላኩልኝ።,Request,0
10960,ጠበቃው ወደ ትምህርት ቤት በሳምንቱ መጨረሻ ሄደዋል።,Assertion,1
10961,ሚኒስቴሩ ስለ መኪናው ማስጠንቀቂያ ከዛሬ ጀምሮ አውጥቷል።,Warning,4
10962,ሰላም ሹፌሩ፣ ከጥቂት ደቂቃዎች በኋላ እንዴት ነህ?,Phatic,7
10963,እሰይ፣ ሌላ ችግር በቤት ከሁለት ቀናት በኋላ፣ ልክ የሚያስፈልገን ይሄው ነበር።,Sarcasm/Irony,5
10964,ነጋዴው ወደ ፋብሪካ በሚቀጥለው ሳምንት ሄደዋል።,Assertion,1
10965,እባክዎ ምርቱን ለጋዜጠኛው በሳምንቱ መጨረሻ ይላኩልኝ።,Request,0
10968,ነገ በሱቅ ስብሰባ እናድርግ።,Suggestion,3
10969,እንኳን ደስ አለህ አስተማሪዋ፣ ስለ ቤቱ እንደገና ተሳስተሃል።,Sarcasm/Irony,5
10971,ኮምፒዩተሩ ገና ወደ ፖሊስ ጣቢያ በዚህ አመት አልደረሰኝም።,Complaint,6
10972,እባክዎ መሳሪያውን ለደንበኛው ነገ ጠዋት ይላኩልኝ።,Request,0
10973,ስልኩ ገና ወደ ባንክ ዛሬ ማታ አልደረሰኝም።,Complaint,6
10974,ስራ አስኪያጁ ወደ ገበያ በሳምንቱ መጨረሻ ሄደዋል።,Assertion,1
10975,ስቱዲዮው ስለ መጽሐፉ ማስጠንቀቂያ ዛሬ አውጥቷል።,Warning,4
10976,ዶክተሩ ወደ ቢሮ በዚህ አመት ሄደዋል።,Assertion,1
10977,እቅዱን ከጥቂት ደቂቃዎች በኋላ ከመንግስት ጋር እናሻሽል።,Suggestion,3
10980,ይህን ስልኩን ከሚኒስትሩ መቀበል አልችልም።,Refusal,2
10981,እባክዎ ደረሰኙን ለደንበኛው ነገ ከሰዓት በኋላ ይላኩልኝ።,Request,0
10982,ሚኒስቴሩ ስለ ማሽኑ ማስጠንቀቂያ ከዛሬ ጀምሮ አውጥቷል።,Warning,4
10985,የመልእክቱ ችግር ከዛሬ ጀምሮ ከባልደረባዬ ጋር እፈታለሁ።,Promise,8
10986,ይቅርታ፣ ፋይሉን ከአንድ ሰዓት በኋላ ማድረግ አልችልም።,Refusal,2
10987,መምህሩ፣ ጤና ይስጥልኝ በቢሮ።,Phatic,7
10988,እንዴት ደስ ይላል፣ ደንበኛው እንደገና በሳምንቱ መጨረሻ ዘገዩ።,Sarcasm/Irony,5
10989,ማህበሩ ስለ ቡናው ማስጠንቀቂያ ነገ ከሰዓት በኋላ አውጥቷል።,Warning,4
10990,ባንኩ ስለ ዕቃው ማስጠንቀቂያ ከጥቂት ደቂቃዎች በኋላ አውጥቷል።,Warning,4
10991,እባክዎ ቦርሳውን ለነጋዴው ከአንድ ሰዓት በኋላ ይላኩልኝ።,Request,0
10994,ከጋዜጠኛው ጋር ስለ ሰነዱ ጉዳይ መስማማት አልችልም።,Refusal,2
10996,እባክዎ ሪፖርቱን ለጋዜጠኛው ነገ ከሰዓት በኋላ ይላኩልኝ።,Request,0
10997,የመስኮቱ ችግር ከምሽቱ ጀምሮ ከፖሊሱ ጋር እፈታለሁ።,Promise,8
10999,የገንዘቡ ዋጋውን ከሰዓት በኋላ ብንቀንስ ደንበኞች ይጨምራሉ።,Suggestion,3
11000,ልብሱ ገና ወደ ሆስፒታል ዛሬ ማታ አልደረሰኝም።,Complaint,6
11001,ጎበዝ! በጣም ጥሩ ስራ ሰራህ ባልደረባዬ፣ ማሽኑን አበላሸኸው።,Sarcasm/Irony,5
11003,ማህበሩ ስለ ፕሮጀክቱ ማስጠንቀቂያ ከሶስት ሰዓት በኋላ አውጥቷል።,Warning,4
11004,ፖሊሱ ወደ ገበያ በሚቀጥለው ወር ሄደዋል።,Assertion,1
11006,ቡናው ገና ወደ ስብሰባ ክፍል በሚቀጥለው ሳምንት አልደረሰኝም።,Complaint,6
11007,ጎበዝ! በጣም ጥሩ ስራ ሰራህ ጠበቃው፣ ሂሳቡን አበላሸኸው።,Sarcasm/Irony,5
11008,ደህና ሁን ደንበኛው፣ እስከ ነገ ጠዋት እንገናኝ።,Phatic,7
11009,እባክዎ ቁልፉን ለመሐንዲሱ ነገ ከሰዓት በኋላ ይላኩልኝ።,Request,0
11010,የመሳሪያው ዋጋውን ዛሬ ብንቀንስ ደንበኞች ይጨምራሉ።,Suggestion,3
11015,እንዴት ጎበዝ ነህ ሹፌሩ፣ ሪፖርቱን ሰብረኸዋል!,Sarcasm/Irony,5
11017,ፖሊሱ ወደ ገበያ በሳምንቱ መጨረሻ ሄደዋል።,Assertion,1
11019,እንዴት ጎበዝ ነህ ጠበቃው፣ ደረሰኙን ሰብረኸዋል!,Sarcasm/Irony,5
11020,እባክዎ ቁልፉን ለጓደኛዬ ከሁለት ቀናት በኋላ ይላኩልኝ።,Request,0
11022,ጤና ይስጥልኝ ፖሊሱ፣ በሚቀጥለው ወር ደህና ነህ?,Phatic,7
11026,የኮምፒዩተሩ ወጪውን በፖሊስ ጣቢያ ብንቀንስ የተሻለ ነው።,Suggestion,3
11027,አመሰግናለሁ አስተማሪዋ፣ ደህና ዋል በባንክ።,Phatic,7
11028,ሰላም ፖሊሱ፣ ከሰዓት በኋላ እንዴት ነህ?,Phatic,7
11029,ጠበቃው፣ እንደምን አደርክ በዚህ ሳምንት?,Phatic,7
11030,ጎበዝ! በጣም ጥሩ ስራ ሰራህ ባልደረባዬ፣ ገንዘቡን አበላሸኸው።,Sarcasm/Irony,5
11031,የኮምፒዩተሩ ችግር ከዛሬ ጀምሮ ከአስተማሪዋ ጋር እፈታለሁ።,Promise,8
11033,ደንበኛው፣ እንደምን አደርክ በዚህ ሳምንት?,Phatic,7
11034,ሰላም ጠበቃው፣ በዚህ አመት እንዴት ነህ?,Phatic,7
11035,የቦርሳው ወጪውን በገበያ ብንቀንስ የተሻለ ነው።,Suggestion,3
11036,የገንዘቡ ችግር በሚቀጥለው ሳምንት ከሹፌሩ ጋር እፈታለሁ።,Promise,8
11037,ደንበኛው ወደ ከተማው ውስጥ ከሶስት ሰዓት በኋላ ሄደዋል።,Assertion,1
11039,ሹፌሩ ወደ ፖሊስ ጣቢያ ዛሬ ማታ ሄደዋል።,Assertion,1
11040,ፋይሉ ገና ወደ ቢሮ በሳምንቱ መጨረሻ አልደረሰኝም።,Complaint,6
11041,ጠበቃው ወደ መጋዘን ከምሽቱ ጀምሮ ሄደዋል።,Assertion,1
11043,በጣም ብልህ ነህ ነጋዴው፣ ጥያቄውን ረሳኸው።,Sarcasm/Irony,5
11044,የኮምፒዩተሩ ችግር ከዛሬ ጀምሮ ከደንበኛው ጋር እፈታለሁ።,Promise,8
11045,ካርታው ገና ወደ ፖሊስ ጣቢያ ነገ ጠዋት አልደረሰኝም።,Complaint,6
11046,የስጦታው ችግር ነገ ከሰዓት በኋላ ከስራ አስኪያጁ ጋር እፈታለሁ።,Promise,8
11047,ትዕዛዙ ገና ወደ ሆስፒታል ከሶስት ሰዓት በኋላ አልደረሰኝም።,Complaint,6
11049,እባክዎ ልብሱን ለነጋዴው ነገ ይላኩልኝ።,Request,0
11050,ሚኒስቴሩ ስለ ምርቱ ማስጠንቀቂያ በሚቀጥለው ወር አውጥቷል።,Warning,4
11053,ይህን ሰነዱን ከአለቃዬ መቀበል አልችልም።,Refusal,2
11054,እባክህ ለልብሱ ይህን ዘዴ በዚህ ወር ተጠቀም።,Suggestion,3
11055,እባክዎ ይቅርታ፣ ትዕዛዙን ከሰዓት በኋላ ማቅረብ አልችልም።,Refusal,2
11056,የደረሰኙ ችግር ከሶስት ሰዓት በኋላ ከመሐንዲሱ ጋር እፈታለሁ።,Promise,8
11057,ይህን ቤቱን ከሚኒስትሩ መቀበል አልችልም።,Refusal,2
11058,መሳሪያው ገና ወደ ስብሰባ ክፍል ዛሬ ማታ አልደረሰኝም።,Complaint,6
11061,እባክዎ ይቅርታ፣ ኮምፒዩተሩን ነገ ማቅረብ አልችልም።,Refusal,2
11062,ደህና ከሶስት ሰዓት በኋላ ይሁንልህ አለቃዬ።,Phatic,7
11063,ኩባንያው ስለ ቁልፉ ማስጠንቀቂያ በሚቀጥለው ወር አውጥቷል።,Warning,4
11064,የጥያቄው ገመድ በፖሊስ ጣቢያ አደገኛ ነው ተጠንቀቁ።,Warning,4
11066,ቢያንስ አንዴ ቡናውን በፖሊስ ጣቢያ እንሞክር።,Suggestion,3
11068,እባክዎ ይቅርታ፣ መልእክቱን ከዛሬ ጀምሮ ማቅረብ አልችልም።,Refusal,2
11069,የሪፖርቱ ችግር በዚህ ሳምንት ከነጋዴው ጋር እፈታለሁ።,Promise,8
11070,ውሉ ገና ወደ ስብሰባ ክፍል በዚህ ሳምንት አልደረሰኝም።,Complaint,6
11071,አመሰግናለሁ መምህሩ፣ ደህና ዋል በመንገድ ላይ።,Phatic,7
11072,እባክዎ ይቅርታ፣ ቤቱን በስብሰባው ወቅት ማቅረብ አልችልም።,Refusal,2
11075,ስቱዲዮው ስለ ደረሰኙ ማስጠንቀቂያ በሳምንቱ መጨረሻ አውጥቷል።,Warning,4
11076,እባክዎ ውሃውን ለባልደረባዬ ዛሬ ማታ ይላኩልኝ።,Request,0
11078,የስልኩ ችግር በዚህ አመት ከነጋዴው ጋር እፈታለሁ።,Promise,8
11079,በጣም ብልህ ነህ ሹፌሩ፣ ሪፖርቱን ረሳኸው።,Sarcasm/Irony,5
11081,ይቅርታ፣ በሩን ከሁለት ቀናት በኋላ ማድረግ አልችልም።,Refusal,2
11082,አዎ በርግጥ፣ የማዕከሉ እቅድ በከዛሬ ጀምሮ በጭራሽ አይከሽፍም።,Sarcasm/Irony,5
11083,እባክዎ ደብዳቤውን ለሹፌሩ ከሁለት ቀናት በኋላ ይላኩልኝ።,Request,0
11084,እባክዎ መጽሐፉን ለመሐንዲሱ ከሶስት ሰዓት በኋላ ይላኩልኝ።,Request,0
11085,ስለ ዕቃው ጉዳይ ከጓደኛዬ ጋር እንወያይ።,Suggestion,3
11086,እባክህ ለመስኮቱ ይህን ዘዴ ከምሽቱ ጀምሮ ተጠቀም።,Suggestion,3
11088,ዛሬ ማታ በመጋዘን ስብሰባ እናድርግ።,Suggestion,3
11089,እባክዎ ልብሱን ለጠበቃው በሚቀጥለው ወር ይላኩልኝ።,Request,0
11091,እባክዎ ቡናውን ለስራ አስኪያጁ ከምሽቱ ጀምሮ ይላኩልኝ።,Request,0
11093,ፖሊሱ ወደ ፍርድ ቤት ከምሽቱ ጀምሮ ሄደዋል።,Assertion,1
11094,ድርጅቱ ስለ ስጦታው ማስጠንቀቂያ ነገ አውጥቷል።,Warning,4
11096,እንዴት ጎበዝ ነህ ፖሊሱ፣ መስኮቱን ሰብረኸዋል!,Sarcasm/Irony,5
11097,ጋዜጠኛው ወደ አውሮፕላን ማረፊያ ከዛሬ ጀምሮ ሄደዋል።,Assertion,1
11098,የቁልፉ ችግር ከሰዓት በኋላ ከጋዜጠኛው ጋር እፈታለሁ።,Promise,8
11100,እባክህ ለማሽኑ ይህን ዘዴ በሚቀጥለው አመት ተጠቀም።,Suggestion,3
11102,መጽሐፉን ከሶስት ሰዓት በኋላ ብንሞክር ጥሩ ይሆናል።,Suggestion,3
11103,እባክዎ ልብሱን ለመሐንዲሱ ዛሬ ማታ ይላኩልኝ።,Request,0
11106,እባክዎ ትዕዛዙን ለመሐንዲሱ ከዛሬ ጀምሮ ይላኩልኝ።,Request,0
11107,አዎ በርግጥ፣ የሚኒስቴሩ እቅድ በከሁለት ቀናት በኋላ በጭራሽ አይከሽፍም።,Sarcasm/Irony,5
11108,ገንዘቡ ገና ወደ አውሮፕላን ማረፊያ ከሰዓት በኋላ አልደረሰኝም።,Complaint,6
11109,ስለ ፕሮጀክቱ ጉዳይ ከሚኒስትሩ ጋር እንወያይ።,Suggestion,3
11110,በጣም ብልህ ነህ ባልደረባዬ፣ ሂሳቡን ረሳኸው።,Sarcasm/Irony,5
11111,ደህና እደር መሐንዲሱ፣ ነገ ከሰዓት በኋላ እንገናኝ።,Phatic,7
11114,አዎ በርግጥ፣ የማዕከሉ እቅድ በበሚቀጥለው አመት በጭራሽ አይከሽፍም።,Sarcasm/Irony,5
11117,እባክዎ መስኮቱን ለነጋዴው ከምሽቱ ጀምሮ ይላኩልኝ።,Request,0
11118,ደህና ከምሽቱ ጀምሮ ይሁንልህ ጓደኛዬ።,Phatic,7
11120,እባክዎ ይቅርታ፣ ቁልፉን ዛሬ ማቅረብ አልችልም።,Refusal,2
11121,እባክዎ ስልኩን ለዶክተሩ በሚቀጥለው አመት ይላኩልኝ።,Request,0
11122,ሪፖርቱን ለሹፌሩ በዚህ ወር አቀርባለሁ።,Promise,8
11123,ቤቱ ገና ወደ ፖሊስ ጣቢያ በስብሰባው ወቅት አልደረሰኝም።,Complaint,6
11124,የመኪናው ችግር ነገ ጠዋት ከጠበቃው ጋር እፈታለሁ።,Promise,8
11125,ከዶክተሩ ጋር ስለ ገንዘቡ ጉዳይ መስማማት አልችልም።,Refusal,2
11126,ስለ ቤቱ ከነጋዴው ጋር ማሰብ ይኖርብናል።,Suggestion,3
11128,ፖሊስ ጣቢያ በስብሰባው ወቅት ተከፍቷል።,Assertion,1
11129,ጤና ይስጥልኝ መሐንዲሱ፣ ነገ ደህና ነህ?,Phatic,7
11130,በጣም ብልህ ነህ ጋዜጠኛው፣ ስልኩን ረሳኸው።,Sarcasm/Irony,5
11131,ሚኒስትሩ ወደ ትምህርት ቤት ዛሬ ማታ ሄደዋል።,Assertion,1
11132,ኩባንያው ስለ መጽሐፉ ማስጠንቀቂያ ከሁለት ቀናት በኋላ አውጥቷል።,Warning,4
11133,ከባልደረባዬ ጋር ስለ ካርታው ጉዳይ መስማማት አልችልም።,Refusal,2
11134,ኮምፒዩተሩ ገና ወደ መጋዘን በስብሰባው ወቅት አልደረሰኝም።,Complaint,6
11135,የመሳሪያው ችግር ከሰዓት በኋላ ከባልደረባዬ ጋር እፈታለሁ።,Promise,8
11137,ደህና ሁን መሐንዲሱ፣ እስከ በሳምንቱ መጨረሻ እንገናኝ።,Phatic,7
11140,እባክዎ ቡናውን ለጓደኛዬ በዚህ ወር ይላኩልኝ።,Request,0
11144,ነጋዴው ወደ ፍርድ ቤት ከሁለት ቀናት በኋላ ሄደዋል።,Assertion,1
11145,አመሰግናለሁ ጠበቃው፣ ደህና ዋል በፖሊስ ጣቢያ።,Phatic,7
11148,እባክዎ በሩን ለዶክተሩ በሚቀጥለው ሳምንት ይላኩልኝ።,Request,0
11150,ካርታውን በጥንቃቄ ለደንበኛው እይዛለሁ።,Promise,8
11151,የሪፖርቱ ችግር ከአንድ ሰዓት በኋላ ከአስተማሪዋ ጋር እፈታለሁ።,Promise,8
11155,እባክዎ መልእክቱን ለፖሊሱ በስብሰባው ወቅት ይላኩልኝ።,Request,0
11156,እንኳን ደስ አለህ ዶክተሩ፣ ስለ ጥያቄው እንደገና ተሳስተሃል።,Sarcasm/Irony,5
11157,እባክዎ ቦርሳውን ለዶክተሩ በሚቀጥለው ወር ይላኩልኝ።,Request,0
11158,ስለ ደብዳቤው ጉዳይ ከጠበቃው ጋር እንወያይ።,Suggestion,3
11160,ከጓደኛዬ ጋር ስለ ዕቃው ጉዳይ መስማማት አልችልም።,Refusal,2
11161,ስለ ፋይሉ ጉዳይ ከአለቃዬ ጋር እንወያይ።,Suggestion,3
11162,መምህሩ ወደ ፖሊስ ጣቢያ በሚቀጥለው ሳምንት ሄደዋል።,Assertion,1
11163,የመኪናው ችግር ዛሬ ከዶክተሩ ጋር እፈታለሁ።,Promise,8
11164,ከፖሊሱ ጋር ስለ ጥያቄው ጉዳይ መስማማት አልችልም።,Refusal,2
11165,ዶክተሩ፣ እንደምን አደርክ ዛሬ ማታ?,Phatic,7
11168,ስለ ፋይሉ ጉዳይ ከደንበኛው ጋር እንወያይ።,Suggestion,3
11169,ይቅርታ፣ ሂሳቡን ነገ ማድረግ አልችልም።,Refusal,2
11171,የሪፖርቱ ዋጋውን በሳምንቱ መጨረሻ ብንቀንስ ደንበኞች ይጨምራሉ።,Suggestion,3
11172,አስተማሪዋ ወደ ሱቅ ከሁለት ቀናት በኋላ ሄደዋል።,Assertion,1
11174,ምርቱ ገና ወደ መጋዘን ከምሽቱ ጀምሮ አልደረሰኝም።,Complaint,6
11175,የመጽሐፉ ችግር ነገ ጠዋት ከሚኒስትሩ ጋር እፈታለሁ።,Promise,8
11176,እንኳን ደስ አለህ ስራ አስኪያጁ፣ ስለ ካርታው እንደገና ተሳስተሃል።,Sarcasm/Irony,5
11177,የስልኩ ችግር በሚቀጥለው አመት ከመምህሩ ጋር እፈታለሁ።,Promise,8
11178,በሚቀጥለው አመት በባንክ ስብሰባ እናድርግ።,Suggestion,3
11179,የውሃው ችግር ከአንድ ሰዓት በኋላ ከነጋዴው ጋር እፈታለሁ።,Promise,8
11181,ጤና ይስጥልኝ ፖሊሱ፣ በሳምንቱ መጨረሻ ደህና ነህ?,Phatic,7
11182,ጎበዝ ስራ ጓደኛዬ፣ ፋይሉ ሙሉ በሙሉ ፈርሷል።,Sarcasm/Irony,5
11183,የመስኮቱ ችግር ከሶስት ሰዓት በኋላ ከመምህሩ ጋር እፈታለሁ።,Promise,8
11185,የሂሳቡ ችግር ዛሬ ከጋዜጠኛው ጋር እፈታለሁ።,Promise,8
11186,ቢያንስ አንዴ ኮምፒዩተሩን በአውሮፕላን ማረፊያ እንሞክር።,Suggestion,3
11187,አለቃዬ ወደ ቢሮ በሚቀጥለው አመት ሄደዋል።,Assertion,1
11188,ቢያንስ አንዴ ፋይሉን በመጋዘን እንሞክር።,Suggestion,3
11191,ገንዘቡ ገና ወደ ገበያ ነገ ጠዋት አልደረሰኝም።,Complaint,6
11192,እባክዎ ሪፖርቱን ለዶክተሩ በዚህ አመት ይላኩልኝ።,Request,0
11194,ይቅርታ፣ መጽሐፉን ነገ ማድረግ አልችልም።,Refusal,2
11195,ጥያቄውን በስብሰባው ወቅት ብንሞክር ጥሩ ይሆናል።,Suggestion,3
11196,ስቱዲዮው ስለ ቦርሳው ማስጠንቀቂያ ከሶስት ሰዓት በኋላ አውጥቷል።,Warning,4
11197,የፕሮጀክቱ ዋጋውን ከአንድ ሰዓት በኋላ ብንቀንስ ደንበኞች ይጨምራሉ።,Suggestion,3
11198,ባልደረባዬ ወደ ሆስፒታል ነገ ከሰዓት በኋላ ሄደዋል።,Assertion,1
11199,ይህን ሂሳቡን ከሹፌሩ መቀበል አልችልም።,Refusal,2
11200,ቡናው ገና ወደ መጋዘን ዛሬ አልደረሰኝም።,Complaint,6
11201,እንኳን ደስ አለህ አስተማሪዋ፣ ስለ ስልኩ እንደገና ተሳስተሃል።,Sarcasm/Irony,5
11202,ጎበዝ! በጣም ጥሩ ስራ ሰራህ ዶክተሩ፣ ሰነዱን አበላሸኸው።,Sarcasm/Irony,5
11204,ስራ አስኪያጁ ወደ ሱቅ ከጥቂት ደቂቃዎች በኋላ ሄደዋል።,Assertion,1
11205,ደህና እደር መሐንዲሱ፣ ከሶስት ሰዓት በኋላ እንገናኝ።,Phatic,7
11206,ከጋዜጠኛው ጋር ስለ መኪናው ጉዳይ መስማማት አልችልም።,Refusal,2
11207,ስልኩ ገና ወደ ፖሊስ ጣቢያ ነገ አልደረሰኝም።,Complaint,6
11209,የሂሳቡ ችግር በዚህ ሳምንት ከሚኒስትሩ ጋር እፈታለሁ።,Promise,8
11210,እባክዎ ገንዘቡን ለፖሊሱ ከጥቂት ደቂቃዎች በኋላ ይላኩልኝ።,Request,0
11211,ሂሳቡ ገና ወደ ፋብሪካ በስብሰባው ወቅት አልደረሰኝም።,Complaint,6
11212,ሰነዱ ገና ወደ አውሮፕላን ማረፊያ ነገ ጠዋት አልደረሰኝም።,Complaint,6
11213,ነጋዴው ወደ ቢሮ በዚህ ሳምንት ሄደዋል።,Assertion,1
11214,ማህበሩ ስለ ደረሰኙ ማስጠንቀቂያ ከሶስት ሰዓት በኋላ አውጥቷል።,Warning,4
11215,ስለ ስልኩ ጉዳይ ከጓደኛዬ ጋር እንወያይ።,Suggestion,3
11216,እባክዎ ደረሰኙን ለጓደኛዬ በሚቀጥለው አመት ይላኩልኝ።,Request,0
11217,እባክዎ ውሉን ለጓደኛዬ በዚህ አመት ይላኩልኝ።,Request,0
11219,ፕሮጀክቱ ገና ወደ ፋብሪካ በስብሰባው ወቅት አልደረሰኝም።,Complaint,6
11220,እባክዎ በሩን ለዶክተሩ በዚህ ወር ይላኩልኝ።,Request,0
11221,ደህና እደር ፖሊሱ፣ ነገ እንገናኝ።,Phatic,7
11222,የመስኮቱ ችግር በዚህ ወር ከመምህሩ ጋር እፈታለሁ።,Promise,8
11223,ነጋዴው፣ ጤና ይስጥልኝ በመጋዘን።,Phatic,7
11224,ደህና እደር መምህሩ፣ ነገ ጠዋት እንገናኝ።,Phatic,7
11225,መምህሩ ወደ ቤት በሚቀጥለው ሳምንት ሄደዋል።,Assertion,1
11227,ማዕከሉ ስለ መልእክቱ ማስጠንቀቂያ በዚህ አመት አውጥቷል።,Warning,4
11228,መጽሐፉ ገና ወደ መጋዘን በሳምንቱ መጨረሻ አልደረሰኝም።,Complaint,6
11229,እሰይ፣ ሌላ ችግር በፋብሪካ ከሰዓት በኋላ፣ ልክ የሚያስፈልገን ይሄው ነበር።,Sarcasm/Irony,5
11230,ስራ አስኪያጁ ወደ ፖሊስ ጣቢያ በሚቀጥለው ወር ሄደዋል።,Assertion,1
11231,ደረሰኙ ገና ወደ ባንክ በሳምንቱ መጨረሻ አልደረሰኝም።,Complaint,6
11232,ቢያንስ አንዴ ቁልፉን በሆስፒታል እንሞክር።,Suggestion,3
11233,ደህና እደር ባልደረባዬ፣ በሚቀጥለው አመት እንገናኝ።,Phatic,7
11234,እባክዎ ቁልፉን ለፖሊሱ በሚቀጥለው ወር ይላኩልኝ።,Request,0
11236,ይህን መኪናውን ከጓደኛዬ መቀበል አልችልም።,Refusal,2
11238,ኤጀንሲው ስለ መልእክቱ ማስጠንቀቂያ ነገ ጠዋት አውጥቷል።,Warning,4
11240,ከሶስት ሰዓት በኋላ ወደ ገበያ እመጣለሁ።,Promise,8
11241,መስኮቱ ገና ወደ ገበያ በሳምንቱ መጨረሻ አልደረሰኝም።,Complaint,6
11242,ደህና ሁን አለቃዬ፣ እስከ በዚህ አመት እንገናኝ።,Phatic,7
11246,ስቱዲዮው ስለ ትዕዛዙ ማስጠንቀቂያ ነገ ጠዋት አውጥቷል።,Warning,4
11247,እንዴት ደስ ይላል፣ ደንበኛው እንደገና ከምሽቱ ጀምሮ ዘገዩ።,Sarcasm/Irony,5
11248,በጣም ብልህ ነህ ባልደረባዬ፣ ደብዳቤውን ረሳኸው።,Sarcasm/Irony,5
11249,ጎበዝ! በጣም ጥሩ ስራ ሰራህ ጠበቃው፣ ስልኩን አበላሸኸው።,Sarcasm/Irony,5
11250,በጣም ብልህ ነህ መምህሩ፣ መኪናውን ረሳኸው።,Sarcasm/Irony,5
11251,ገንዘቡ ገና ወደ ፖሊስ ጣቢያ ዛሬ ማታ አልደረሰኝም።,Complaint,6
11252,አዎ በርግጥ፣ የማህበሩ እቅድ በነገ በጭራሽ አይከሽፍም።,Sarcasm/Irony,5
11254,እምቢ ማለት እፈልጋለሁ፣ ይህ ፕሮጀክቱ አይሆንልኝም።,Refusal,2
11255,ባንክ ከሁለት ቀናት በኋላ ተከፍቷል።,Assertion,1
11256,ቢያንስ አንዴ ውሃውን በቤት እንሞክር።,Suggestion,3
11257,ስለ በሩ ጉዳይ ከጋዜጠኛው ጋር እንወያይ።,Suggestion,3
11258,እባክዎ ውሉን ለነጋዴው ከሶስት ሰዓት በኋላ ይላኩልኝ።,Request,0
11259,ጠበቃው፣ ጤና ይስጥልኝ በባንክ።,Phatic,7
11260,ይቅርታ፣ መልእክቱን ከምሽቱ ጀምሮ ማድረግ አልችልም።,Refusal,2
11262,እባክዎ መኪናውን ለጠበቃው ነገ ይላኩልኝ።,Request,0
11264,ኩባንያው ስለ ትዕዛዙ ማስጠንቀቂያ በሚቀጥለው አመት አውጥቷል።,Warning,4
11265,የመሳሪያው ዋጋውን ከአንድ ሰዓት በኋላ ብንቀንስ ደንበኞች ይጨምራሉ።,Suggestion,3
11266,እባክዎ መልእክቱን ለጠበቃው በስብሰባው ወቅት ይላኩልኝ።,Request,0
11267,እንኳን ደስ አለህ ባልደረባዬ፣ ስለ ገንዘቡ እንደገና ተሳስተሃል።,Sarcasm/Irony,5
11268,እባክዎ ይቅርታ፣ መጽሐፉን ከምሽቱ ጀምሮ ማቅረብ አልችልም።,Refusal,2
11269,ቢያንስ አንዴ ማሽኑን በአውሮፕላን ማረፊያ እንሞክር።,Suggestion,3
11271,ይህን ጥያቄውን ከዶክተሩ መቀበል አልችልም።,Refusal,2
11273,እሰይ፣ ሌላ ችግር በፍርድ ቤት በሚቀጥለው ሳምንት፣ ልክ የሚያስፈልገን ይሄው ነበር።,Sarcasm/Irony,5
11274,ባንኩ ስለ መሳሪያው ማስጠንቀቂያ ከሁለት ቀናት በኋላ አውጥቷል።,Warning,4
11275,ጤና ይስጥልኝ ዶክተሩ፣ በዚህ ወር ደህና ነህ?,Phatic,7
11276,እንኳን ደስ አለህ ጋዜጠኛው፣ ስለ ትዕዛዙ እንደገና ተሳስተሃል።,Sarcasm/Irony,5
11277,እባክዎ መልእክቱን ለአለቃዬ በሚቀጥለው አመት ይላኩልኝ።,Request,0
11279,ጓደኛዬ ወደ ፍርድ ቤት በስብሰባው ወቅት ሄደዋል።,Assertion,1
11282,በሚቀጥለው ወር በሆስፒታል ስብሰባ እናድርግ።,Suggestion,3
11285,የሰነዱ ችግር በሚቀጥለው ወር ከመምህሩ ጋር እፈታለሁ።,Promise,8
11286,እባክዎ ይቅርታ፣ ውሃውን በዚህ ወር ማቅረብ አልችልም።,Refusal,2
11287,የኮምፒዩተሩ ችግር ነገ ከሰዓት በኋላ ከባልደረባዬ ጋር እፈታለሁ።,Promise,8
11288,ቤቱን ከዛሬ ጀምሮ ብንሞክር ጥሩ ይሆናል።,Suggestion,3
11289,እባክዎ ቡናውን ለባልደረባዬ በሚቀጥለው ወር ይላኩልኝ።,Request,0
11290,የዕቃው ዋጋውን ነገ ከሰዓት በኋላ ብንቀንስ ደንበኞች ይጨምራሉ።,Suggestion,3
11291,እባክዎ መኪናውን ለአስተማሪዋ በስብሰባው ወቅት ይላኩልኝ።,Request,0
11293,ፋይሉ ገና ወደ ፍርድ ቤት ከሁለት ቀናት በኋላ አልደረሰኝም።,Complaint,6
11294,ይህን ቡናውን ከባልደረባዬ መቀበል አልችልም።,Refusal,2
11295,እንኳን ደስ አለህ አለቃዬ፣ ስለ ምርቱ እንደገና ተሳስተሃል።,Sarcasm/Irony,5
11296,እባክዎ ምርቱን ለዶክተሩ ነገ ከሰዓት በኋላ ይላኩልኝ።,Request,0
11298,የቦርሳው ችግር በሳምንቱ መጨረሻ ከዶክተሩ ጋር እፈታለሁ።,Promise,8
11299,ቢያንስ አንዴ ገንዘቡን በአውሮፕላን ማረፊያ እንሞክር።,Suggestion,3
11300,ስራ አስኪያጁ ወደ ከተማው ውስጥ ከምሽቱ ጀምሮ ሄደዋል።,Assertion,1
11301,ባንኩ ስለ ደረሰኙ ማስጠንቀቂያ ነገ አውጥቷል።,Warning,4
11303,ቦርሳውን በጥንቃቄ ለሚኒስትሩ እይዛለሁ።,Promise,8
11304,እንኳን ደስ አለህ መምህሩ ነገ ጠዋት።,Phatic,7
11305,እባክዎ ልብሱን ለስራ አስኪያጁ ከአንድ ሰዓት በኋላ ይላኩልኝ።,Request,0
11306,ይህን ሪፖርቱን ከስራ አስኪያጁ መቀበል አልችልም።,Refusal,2
11307,ሪፖርቱ ገና ወደ መንገድ ላይ በሚቀጥለው ሳምንት አልደረሰኝም።,Complaint,6
11308,አመሰግናለሁ አስተማሪዋ፣ ደህና ዋል በሆስፒታል።,Phatic,7
11310,ስጦታው ገና ወደ ባንክ ከጥቂት ደቂቃዎች በኋላ አልደረሰኝም።,Complaint,6
11312,እባክህ ለበሩ ይህን ዘዴ ከሰዓት በኋላ ተጠቀም።,Suggestion,3
11313,ሚኒስትሩ ወደ ፋብሪካ በሚቀጥለው አመት ሄደዋል።,Assertion,1
11314,ቡናው ገና ወደ ገበያ በዚህ ሳምንት አልደረሰኝም።,Complaint,6
11315,እባክዎ ሪፖርቱን ለጓደኛዬ በስብሰባው ወቅት ይላኩልኝ።,Request,0
11316,ጓደኛዬ ወደ ገበያ ከምሽቱ ጀምሮ ሄደዋል።,Assertion,1
11317,መኪናው ገና ወደ ሆስፒታል በዚህ ሳምንት አልደረሰኝም።,Complaint,6
11318,ኤጀንሲው ስለ ሪፖርቱ ማስጠንቀቂያ በሳምንቱ መጨረሻ አውጥቷል።,Warning,4
11319,እባክዎ መስኮቱን ለዶክተሩ ነገ ጠዋት ይላኩልኝ።,Request,0
11320,የትዕዛዙ ችግር በሚቀጥለው ሳምንት ከአለቃዬ ጋር እፈታለሁ።,Promise,8
11321,እባክዎ ውሃውን ለጓደኛዬ ከአንድ ሰዓት በኋላ ይላኩልኝ።,Request,0
11322,እባክዎ ውሃውን ለሹፌሩ ነገ ይላኩልኝ።,Request,0
11323,በጣም ብልህ ነህ መሐንዲሱ፣ ፕሮጀክቱን ረሳኸው።,Sarcasm/Irony,5
11325,የቁልፉ ችግር ከጥቂት ደቂቃዎች በኋላ ከነጋዴው ጋር እፈታለሁ።,Promise,8
11326,ሹፌሩ ወደ ፖሊስ ጣቢያ በዚህ ወር ሄደዋል።,Assertion,1
11327,እባክዎ መሳሪያውን ለጠበቃው በዚህ አመት ይላኩልኝ።,Request,0
11328,ድርጅቱ ስለ ዕቃው ማስጠንቀቂያ ዛሬ አውጥቷል።,Warning,4
11330,የቡናው ችግር በዚህ ወር ከሚኒስትሩ ጋር እፈታለሁ።,Promise,8
11331,ሪፖርቱን ዛሬ ማታ ብንሞክር ጥሩ ይሆናል።,Suggestion,3
11332,መኪናውን በሚቀጥለው ሳምንት ብንሞክር ጥሩ ይሆናል።,Suggestion,3
11334,እባክህ ለጥያቄው ይህን ዘዴ በዚህ አመት ተጠቀም።,Suggestion,3
11336,ነጋዴው ወደ ፋብሪካ ነገ ከሰዓት በኋላ ሄደዋል።,Assertion,1
11337,ጓደኛዬ ወደ ስብሰባ ክፍል ከሰዓት በኋላ ሄደዋል።,Assertion,1
11338,የቤቱ ችግር ከሁለት ቀናት በኋላ ከመምህሩ ጋር እፈታለሁ።,Promise,8
11339,ነጋዴው ወደ ሆስፒታል በሚቀጥለው አመት ሄደዋል።,Assertion,1
11340,ፖሊሱ ወደ ፖሊስ ጣቢያ ከዛሬ ጀምሮ ሄደዋል።,Assertion,1
11344,ምርቱ ገና ወደ ስብሰባ ክፍል ከጥቂት ደቂቃዎች በኋላ አልደረሰኝም።,Complaint,6
11345,ይቅርታ፣ መጽሐፉን ከአንድ ሰዓት በኋላ ማድረግ አልችልም።,Refusal,2
11346,እንዴት ጎበዝ ነህ ሚኒስትሩ፣ ደብዳቤውን ሰብረኸዋል!,Sarcasm/Irony,5
11347,አስተማሪዋ ወደ ከተማው ውስጥ ከጥቂት ደቂቃዎች በኋላ ሄደዋል።,Assertion,1
11348,የገንዘቡ ዋጋውን ከምሽቱ ጀምሮ ብንቀንስ ደንበኞች ይጨምራሉ።,Suggestion,3
11349,እባክዎ ካርታውን ለዶክተሩ በሚቀጥለው አመት ይላኩልኝ።,Request,0
11350,የውሉ ችግር ዛሬ ማታ ከመሐንዲሱ ጋር እፈታለሁ።,Promise,8
11351,የቦርሳው ችግር ዛሬ ማታ ከሹፌሩ ጋር እፈታለሁ።,Promise,8
11352,ስለ ሰነዱ ከአለቃዬ ጋር ማሰብ ይኖርብናል።,Suggestion,3
11354,መሐንዲሱ፣ እንደምን አደርክ ዛሬ?,Phatic,7
11355,ፕሮጀክቱ ገና ወደ ሆስፒታል ዛሬ አልደረሰኝም።,Complaint,6
11356,ማህበሩ ስለ ስልኩ ማስጠንቀቂያ በዚህ ወር አውጥቷል።,Warning,4
11359,ይቅርታ፣ ፋይሉን ከጥቂት ደቂቃዎች በኋላ ማድረግ አልችልም።,Refusal,2
11360,ባንኩ ስለ ደብዳቤው ማስጠንቀቂያ በሳምንቱ መጨረሻ አውጥቷል።,Warning,4
11361,ስራ አስኪያጁ ወደ ትምህርት ቤት ከጥቂት ደቂቃዎች በኋላ ሄደዋል።,Assertion,1
11362,ይህን ቡናውን ከጠበቃው መቀበል አልችልም።,Refusal,2
11363,ሚኒስትሩ ወደ ባንክ ዛሬ ማታ ሄደዋል።,Assertion,1
11364,የሂሳቡ ችግር በስብሰባው ወቅት ከአስተማሪዋ ጋር እፈታለሁ።,Promise,8
11367,ጠበቃው ወደ ሆስፒታል በሚቀጥለው አመት ሄደዋል።,Assertion,1
11369,ስለ ዕቃው ከደንበኛው ጋር ማሰብ ይኖርብናል።,Suggestion,3
11371,ሪፖርቱን በሚቀጥለው ሳምንት ብንሞክር ጥሩ ይሆናል።,Suggestion,3
11374,ስራ አስኪያጁ፣ ጤና ይስጥልኝ በአውሮፕላን ማረፊያ።,Phatic,7
11375,ፋይሉ ገና ወደ ትምህርት ቤት በዚህ አመት አልደረሰኝም።,Complaint,6
11377,ደንበኛው ወደ ከተማው ውስጥ በሚቀጥለው ወር ሄደዋል።,Assertion,1
11379,እባክዎ መስኮቱን ለጠበቃው በስብሰባው ወቅት ይላኩልኝ።,Request,0
11380,እንዴት ጎበዝ ነህ መሐንዲሱ፣ መጽሐፉን ሰብረኸዋል!,Sarcasm/Irony,5
11382,ስቱዲዮው ስለ ካርታው ማስጠንቀቂያ ከሰዓት በኋላ አውጥቷል።,Warning,4
11384,ከዶክተሩ ጋር ስለ ስጦታው ጉዳይ መስማማት አልችልም።,Refusal,2
11385,ይህን ቡናውን ከፖሊሱ መቀበል አልችልም።,Refusal,2
11387,እባክዎ ይቅርታ፣ ስጦታውን በዚህ አመት ማቅረብ አልችልም።,Refusal,2
11388,እባክዎ ካርታውን ለጓደኛዬ በዚህ ሳምንት ይላኩልኝ።,Request,0
11389,ከፖሊሱ ጋር ስለ መጽሐፉ ጉዳይ መስማማት አልችልም።,Refusal,2
11391,ፍርድ ቤት በዚህ ሳምንት ተከፍቷል።,Assertion,1
11392,ቁልፉ ገና ወደ ሱቅ ከጥቂት ደቂቃዎች በኋላ አልደረሰኝም።,Complaint,6
11396,ምርቱ ገና ወደ ባንክ በዚህ ሳምንት አልደረሰኝም።,Complaint,6
11397,ጎበዝ ስራ ፖሊሱ፣ ውሉ ሙሉ በሙሉ ፈርሷል።,Sarcasm/Irony,5
11398,ቤቱ ገና ወደ ገበያ ከምሽቱ ጀምሮ አልደረሰኝም።,Complaint,6
11399,እባክዎ ማሽኑን ለዶክተሩ ከሶስት ሰዓት በኋላ ይላኩልኝ።,Request,0
11400,ከጓደኛዬ ጋር ስለ ቤቱ ጉዳይ መስማማት አልችልም።,Refusal,2
11401,እባክዎ ቁልፉን ለመሐንዲሱ ከዛሬ ጀምሮ ይላኩልኝ።,Request,0
11402,እንኳን ደስ አለህ መሐንዲሱ ዛሬ ማታ።,Phatic,7
11403,ደህና ሁን ሹፌሩ፣ እስከ በስብሰባው ወቅት እንገናኝ።,Phatic,7
11404,ዕቃው ገና ወደ ባንክ ከሶስት ሰዓት በኋላ አልደረሰኝም።,Complaint,6
11405,ፖሊሱ፣ እንደምን አደርክ ከሰዓት በኋላ?,Phatic,7
11406,ጓደኛዬ ወደ አውሮፕላን ማረፊያ ነገ ጠዋት ሄደዋል።,Assertion,1
11407,ነጋዴው ወደ ፖሊስ ጣቢያ ዛሬ ማታ ሄደዋል።,Assertion,1
11409,የመኪናው ችግር በሚቀጥለው ሳምንት ከፖሊሱ ጋር እፈታለሁ።,Promise,8
11410,የቡናው ገመድ በፋብሪካ አደገኛ ነው ተጠንቀቁ።,Warning,4
11411,እባክዎ ትዕዛዙን ለሚኒስትሩ ከአንድ ሰዓት በኋላ ይላኩልኝ።,Request,0
11412,በሚቀጥለው ወር በሱቅ ስብሰባ እናድርግ።,Suggestion,3
11413,ደህና ሁን ነጋዴው፣ እስከ በሚቀጥለው ወር እንገናኝ።,Phatic,7
11414,ፋብሪካው ስለ ውሃው ማስጠንቀቂያ ነገ ጠዋት አውጥቷል።,Warning,4
11415,የቦርሳው ችግር ከጥቂት ደቂቃዎች በኋላ ከጋዜጠኛው ጋር እፈታለሁ።,Promise,8
11417,እባክዎ ኮምፒዩተሩን ለፖሊሱ ከሰዓት በኋላ ይላኩልኝ።,Request,0
11418,መምህሩ፣ ጤና ይስጥልኝ በሱቅ።,Phatic,7
11419,ማዕከሉ ስለ ስጦታው ማስጠንቀቂያ ከጥቂት ደቂቃዎች በኋላ አውጥቷል።,Warning,4
11420,መምህሩ ወደ ሱቅ ከሁለት ቀናት በኋላ ሄደዋል።,Assertion,1
11421,እባክዎ ውሃውን ለስራ አስኪያጁ ዛሬ ይላኩልኝ።,Request,0
11424,ስልኩን ከአንድ ሰዓት በኋላ ብንሞክር ጥሩ ይሆናል።,Suggestion,3
11428,አመሰግናለሁ ሚኒስትሩ፣ ደህና ዋል በከተማው ውስጥ።,Phatic,7
11429,ቢያንስ አንዴ ስጦታውን በፍርድ ቤት እንሞክር።,Suggestion,3
11431,ደንበኛው፣ ጤና ይስጥልኝ በሱቅ።,Phatic,7
11435,ቦርሳው ገና ወደ ፋብሪካ ዛሬ ማታ አልደረሰኝም።,Complaint,6
11436,ገንዘቡ ገና ወደ ትምህርት ቤት በስብሰባው ወቅት አልደረሰኝም።,Complaint,6
11437,እንኳን ደስ አለህ ሹፌሩ ከሶስት ሰዓት በኋላ።,Phatic,7
11438,አመሰግናለሁ ደንበኛው፣ ደህና ዋል በመንገድ ላይ።,Phatic,7
11439,እባክህ ለሪፖርቱ ይህን ዘዴ ከጥቂት ደቂቃዎች በኋላ ተጠቀም።,Suggestion,3
11440,ኮምፒዩተሩን ነገ ከሰዓት በኋላ ብንሞክር ጥሩ ይሆናል።,Suggestion,3
11441,እባክዎ ሂሳቡን ለመሐንዲሱ ነገ ከሰዓት በኋላ ይላኩልኝ።,Request,0
11442,ደህና እደር አስተማሪዋ፣ ከሶስት ሰዓት በኋላ እንገናኝ።,Phatic,7
11443,መንግስት ስለ ደረሰኙ ማስጠንቀቂያ በሚቀጥለው ሳምንት አውጥቷል።,Warning,4
11444,እባክዎ ገንዘቡን ለሚኒስትሩ ዛሬ ማታ ይላኩልኝ።,Request,0
11445,የስጦታው ችግር ዛሬ ማታ ከጓደኛዬ ጋር እፈታለሁ።,Promise,8
11446,የቡናው ችግር ከጥቂት ደቂቃዎች በኋላ ከሹፌሩ ጋር እፈታለሁ።,Promise,8
11447,ቡናው ገና ወደ ሆስፒታል ከጥቂት ደቂቃዎች በኋላ አልደረሰኝም።,Complaint,6
11448,ሰላም ባልደረባዬ፣ በዚህ ሳምንት እንዴት ነህ?,Phatic,7
11451,በሩ ገና ወደ ትምህርት ቤት ነገ ጠዋት አልደረሰኝም።,Complaint,6
11452,ስለ መጽሐፉ ጉዳይ ከአለቃዬ ጋር እንወያይ።,Suggestion,3
11453,ሚኒስቴሩ ስለ ስልኩ ማስጠንቀቂያ ከሰዓት በኋላ አውጥቷል።,Warning,4
11454,መንግስት ስለ ሪፖርቱ ማስጠንቀቂያ ነገ አውጥቷል።,Warning,4
11457,ባንኩ ስለ ማሽኑ ማስጠንቀቂያ ከምሽቱ ጀምሮ አውጥቷል።,Warning,4
11458,ቢያንስ አንዴ ውሉን በቤት እንሞክር።,Suggestion,3
11459,ፋብሪካው ስለ ገንዘቡ ማስጠንቀቂያ ነገ ከሰዓት በኋላ አውጥቷል።,Warning,4
11460,የመስኮቱ ችግር ከጥቂት ደቂቃዎች በኋላ ከነጋዴው ጋር እፈታለሁ።,Promise,8
11461,ፋብሪካው ስለ ፋይሉ ማስጠንቀቂያ ነገ ከሰዓት በኋላ አውጥቷል።,Warning,4
11466,ይህን ጥያቄውን ከሹፌሩ መቀበል አልችልም።,Refusal,2
11467,የቦርሳው ችግር ከጥቂት ደቂቃዎች በኋላ ከባልደረባዬ ጋር እፈታለሁ።,Promise,8
11469,ከአንድ ሰዓት በኋላ ወደ መንገድ ላይ እመጣለሁ።,Promise,8
11470,የዕቃው ችግር በዚህ ወር ከጓደኛዬ ጋር እፈታለሁ።,Promise,8
11471,ዶክተሩ፣ እንደምን አደርክ ከሁለት ቀናት በኋላ?,Phatic,7
11472,እባክዎ ይቅርታ፣ ቁልፉን በሳምንቱ መጨረሻ ማቅረብ አልችልም።,Refusal,2
11474,ስለ ስልኩ ከሹፌሩ ጋር ማሰብ ይኖርብናል።,Suggestion,3
