id,text,label,label_id,template_id,split
1,ስጦታው ገና ወደ አውሮፕላን ማረፊያ ነገ አልደረሰኝም።,Complaint,6,Complaint_07,train
2,እባክዎ ውሉን ለደንበኛው በዚህ ወር ይላኩልኝ።,Request,0,Request_00,train
3,ነጋዴው፣ ስራ በሆስፒታል እንዴት ነው?,Phatic,7,Phatic_09,val
4,እባክዎ ትዕዛዙን ለፖሊሱ በዚህ አመት ይላኩልኝ።,Request,0,Request_00,train
5,እባክሽ ስጦታውን ዛሬ ማታ አምጪልኝ።,Request,0,Request_09,test
6,የትዕዛዙ ችግር ከምሽቱ ጀምሮ ከጓደኛዬ ጋር እፈታለሁ።,Promise,8,Promise_11,train
7,በጣም ውጤታማ ነው ባንኩ፣ በበዚህ አመት ምንም አልተሰራም።,Sarcasm/Irony,5,Sarcasm/Irony_14,val
8,አለቃዬ፣ ቤተሰብ በቢሮ እንዴት ናቸው?,Phatic,7,Phatic_05,val
9,ደብዳቤው ገና ወደ አውሮፕላን ማረፊያ ከአንድ ሰዓት በኋላ አልደረሰኝም።,Complaint,6,Complaint_07,train
10,እባክዎ ትዕዛዙን ለአለቃዬ በስብሰባው ወቅት ይላኩልኝ።,Request,0,Request_00,train
11,እባክዎ ለመሐንዲሱ ልብሱን ያድርሱ።,Request,0,Request_14,test
12,ከነጋዴው ጋር ዛሬ በፍርድ ቤት እገናኛለሁ።,Promise,8,Promise_04,val
13,እንኳን ወደ ባንክ ደህና መጣህ ሚኒስትሩ።,Phatic,7,Phatic_04,test
14,ጎበዝ ስራ ሹፌሩ፣ መስኮቱ ሙሉ በሙሉ ፈርሷል።,Sarcasm/Irony,5,Sarcasm/Irony_09,train
15,ከሁለት ቀናት በኋላ በባንክ ከባድ ዝናብ ሊዘንብ ይችላል ተጠንቀቁ።,Warning,4,Warning_03,test
16,ስለ ቡናው ከሹፌሩ ጋር ማሰብ ይኖርብናል።,Suggestion,3,Suggestion_03,train
17,ትዕዛዙን ከጥቂት ደቂቃዎች በኋላ ብንሞክር ጥሩ ይሆናል።,Suggestion,3,Suggestion_00,train
18,እባክዎ ኮምፒዩተሩን ለነጋዴው በሳምንቱ መጨረሻ ይላኩልኝ።,Request,0,Request_00,train
19,እባክዎ ለጋዜጠኛው ስለ ኮምፒዩተሩ ይንገሩልኝ።,Request,0,Request_04,val
20,ከሹፌሩ ጋር ከሶስት ሰዓት በኋላ በቤት እገናኛለሁ።,Promise,8,Promise_04,val
21,እሰይ፣ ሌላ ችግር በከተማው ውስጥ ከሰዓት በኋላ፣ ልክ የሚያስፈልገን ይሄው ነበር።,Sarcasm/Irony,5,Sarcasm/Irony_07,train
22,በሩ ገና ወደ መንገድ ላይ ከምሽቱ ጀምሮ አልደረሰኝም።,Complaint,6,Complaint_07,train
23,በባንኩ አዲስ ስልት በሚቀጥለው ሳምንት እንተግብር።,Suggestion,3,Suggestion_14,test
24,ጓደኛዬ ስብሰባውን በሚቀጥለው አመት መርተዋል።,Assertion,1,Assertion_03,val
25,የኮምፒዩተሩ ችግር በዚህ አመት ከጋዜጠኛው ጋር እፈታለሁ።,Promise,8,Promise_11,train
26,የመሳሪያው ችግር በሚቀጥለው ወር ከጋዜጠኛው ጋር እፈታለሁ።,Promise,8,Promise_11,train
27,አስተማሪዋ ወደ ትምህርት ቤት ከአንድ ሰዓት በኋላ ሄደዋል።,Assertion,1,Assertion_07,train
28,እባክዎ ውሉን ለነጋዴው በዚህ ሳምንት ይላኩልኝ።,Request,0,Request_00,train
29,እርግጠኛ ነኝ ነጋዴው ከጥቂት ደቂቃዎች በኋላ ይደርሳሉ፣ እንደ ሁልጊዜው።,Sarcasm/Irony,5,Sarcasm/Irony_05,test
30,እባክዎ ኮምፒዩተሩን ለጓደኛዬ ነገ ጠዋት ይላኩልኝ።,Request,0,Request_00,train
31,መኪናው ገና ወደ አውሮፕላን ማረፊያ ነገ ከሰዓት በኋላ አልደረሰኝም።,Complaint,6,Complaint_07,train
32,ከመሐንዲሱ ጋር ነገ በፍርድ ቤት እገናኛለሁ።,Promise,8,Promise_04,val
33,የመልእክቱ ችግር ከአንድ ሰዓት በኋላ ከመምህሩ ጋር እፈታለሁ።,Promise,8,Promise_11,train
34,ይህን ፕሮጀክቱን ከባልደረባዬ መቀበል አልችልም።,Refusal,2,Refusal_03,train
35,እንኳን አደረሳችሁ ደንበኛው፣ በገበያ።,Phatic,7,Phatic_14,test
36,ጤና ይስጥልኝ ጠበቃው፣ ከሰዓት በኋላ ደህና ነህ?,Phatic,7,Phatic_12,train
37,ወደ ቢሮ ከምሽቱ ጀምሮ መሄድ አልችልም።,Refusal,2,Refusal_13,test
38,አለቃዬ ወደ ከተማው ውስጥ ከሶስት ሰዓት በኋላ ሄደዋል።,Assertion,1,Assertion_07,train
39,ይቅርታ፣ ውሉን ዛሬ ማድረግ አልችልም።,Refusal,2,Refusal_00,train
40,በጣም ውጤታማ ነው ኤጀንሲው፣ በከአንድ ሰዓት በኋላ ምንም አልተሰራም።,Sarcasm/Irony,5,Sarcasm/Irony_14,val
41,እባክህ ይቅርታ አድርግልኝ፣ ወደ መጋዘን በሚቀጥለው ወር መምጣት አልችልም።,Refusal,2,Refusal_01,test
42,እንዴት ጎበዝ ነህ መሐንዲሱ፣ ጥያቄውን ሰብረኸዋል!,Sarcasm/Irony,5,Sarcasm/Irony_00,train
43,እባክዎ ገንዘቡን ለነጋዴው በዚህ አመት ይላኩልኝ።,Request,0,Request_00,train
44,የቤቱ ችግር በሚቀጥለው ሳምንት ከፖሊሱ ጋር እፈታለሁ።,Promise,8,Promise_11,train
45,የሪፖርቱ ችግር ከምሽቱ ጀምሮ ከሹፌሩ ጋር እፈታለሁ።,Promise,8,Promise_11,train
46,ይህን መጽሐፉን ከደንበኛው መቀበል አልችልም።,Refusal,2,Refusal_03,train
47,ወደ መጋዘን በዚህ ወር መሄድ አልችልም።,Refusal,2,Refusal_13,test
48,ምርቱ ገና ወደ ቤት ከሰዓት በኋላ አልደረሰኝም።,Complaint,6,Complaint_07,train
49,ሰላም ባልደረባዬ፣ በሚቀጥለው ሳምንት እንዴት ነህ?,Phatic,7,Phatic_00,train
50,ቢያንስ አንዴ ውሉን በስብሰባ ክፍል እንሞክር።,Suggestion,3,Suggestion_05,train
51,የቤቱ ችግር በስብሰባው ወቅት ከአስተማሪዋ ጋር እፈታለሁ።,Promise,8,Promise_11,train
52,እባክዎ ቡናውን ለደንበኛው በሳምንቱ መጨረሻ ይላኩልኝ።,Request,0,Request_00,train
53,የመልእክቱ ችግር በሚቀጥለው አመት ከመምህሩ ጋር እፈታለሁ።,Promise,8,Promise_11,train
54,ጋዜጠኛው ወደ ቢሮ በዚህ ወር ሄደዋል።,Assertion,1,Assertion_07,train
55,እንኳን ደስ አለህ አለቃዬ፣ ስለ ልብሱ እንደገና ተሳስተሃል።,Sarcasm/Irony,5,Sarcasm/Irony_13,train
56,ደህና ከሁለት ቀናት በኋላ ይሁንልህ ጋዜጠኛው።,Phatic,7,Phatic_02,train
57,የትዕዛዙ ዋጋ ከሶስት ሰዓት በኋላ ጨምሯል።,Assertion,1,Assertion_12,val
58,እባክዎ ጥያቄውን በዚህ ወር ይላኩልኝ።,Request,0,Request_13,val
59,የቁልፉ ወጪውን በሱቅ ብንቀንስ የተሻለ ነው።,Suggestion,3,Suggestion_13,train
60,እባክዎ ሪፖርቱን ለጓደኛዬ ነገ ይላኩልኝ።,Request,0,Request_00,train
61,ይህን መልእክቱን ከባልደረባዬ መቀበል አልችልም።,Refusal,2,Refusal_03,train
62,ክፍያ ብከፍልም ከሚኒስቴሩ አገልግሎት ከጥቂት ደቂቃዎች በኋላ አላገኘሁም።,Complaint,6,Complaint_10,val
63,ሚኒስትሩ ወደ ፍርድ ቤት ነገ ሄደዋል።,Assertion,1,Assertion_07,train
64,የቤቱ ዋጋ ከአንድ ሰዓት በኋላ ጨምሯል።,Assertion,1,Assertion_12,val
65,የቦርሳው ችግር ከጥቂት ደቂቃዎች በኋላ ከጠበቃው ጋር እፈታለሁ።,Promise,8,Promise_11,train
66,ሰላም ሚኒስትሩ፣ በሚቀጥለው ሳምንት እንዴት ነህ?,Phatic,7,Phatic_00,train
67,አመሰግናለሁ ሹፌሩ፣ ደህና ዋል በቤት።,Phatic,7,Phatic_08,train
68,የስጦታው ችግር በስብሰባው ወቅት ከዶክተሩ ጋር እፈታለሁ።,Promise,8,Promise_11,train
69,እባክዎ ቤቱን ለመሐንዲሱ ዛሬ ይላኩልኝ።,Request,0,Request_00,train
70,እባክዎ በዚህ አመት ወደ ከተማው ውስጥ ይድረሱልኝ።,Request,0,Request_07,val
71,እባክዎ ትዕዛዙን ለባልደረባዬ በዚህ አመት ይላኩልኝ።,Request,0,Request_00,train
72,እቅዱን በሚቀጥለው ሳምንት ከማህበሩ ጋር እናሻሽል።,Suggestion,3,Suggestion_12,train
73,ስቱዲዮው ከዛሬ ጀምሮ አዲስ ሰራተኞችን ቀጥሯል።,Assertion,1,Assertion_09,train
74,ስለ ቤቱ ጉዳይ ከደንበኛው ጋር እንወያይ።,Suggestion,3,Suggestion_10,train
75,ኩባንያው ስለ ሰነዱ ማስጠንቀቂያ በሚቀጥለው ወር አውጥቷል።,Warning,4,Warning_08,train
76,ውሃው ገና ወደ ሆስፒታል በዚህ ወር አልደረሰኝም።,Complaint,6,Complaint_07,train
77,ስራ አስኪያጁ፣ ስራ በገበያ እንዴት ነው?,Phatic,7,Phatic_09,val
78,ጥንቃቄ ያድርጉ፣ ከአንድ ሰዓት በኋላ ሱቅ ይንሸራተታል።,Warning,4,Warning_02,train
79,ወደ ሆስፒታል ከጥቂት ደቂቃዎች በኋላ መሄድ አልችልም።,Refusal,2,Refusal_13,test
80,እባክህ ለደረሰኙ ይህን ዘዴ ከሶስት ሰዓት በኋላ ተጠቀም።,Suggestion,3,Suggestion_04,train
81,ወደ ገበያ በሚቀጥለው ሳምንት መሄድ አልችልም።,Refusal,2,Refusal_13,test
82,በጣም ደግ ነህ ሚኒስትሩ፣ በቤት ምንም እርዳታ አልሰጠኸኝም።,Sarcasm/Irony,5,Sarcasm/Irony_12,train
83,ገንዘቡ ገና ወደ ፋብሪካ ነገ ከሰዓት በኋላ አልደረሰኝም።,Complaint,6,Complaint_07,train
84,ማሽኑ ገና ወደ አውሮፕላን ማረፊያ ከሁለት ቀናት በኋላ አልደረሰኝም።,Complaint,6,Complaint_07,train
85,ጎበዝ! በጣም ጥሩ ስራ ሰራህ ሹፌሩ፣ ፋይሉን አበላሸኸው።,Sarcasm/Irony,5,Sarcasm/Irony_02,train
86,ጎበዝ! በጣም ጥሩ ስራ ሰራህ ሚኒስትሩ፣ ልብሱን አበላሸኸው።,Sarcasm/Irony,5,Sarcasm/Irony_02,train
87,ገንዘቡ ገና ወደ ፖሊስ ጣቢያ ከአንድ ሰዓት በኋላ አልደረሰኝም።,Complaint,6,Complaint_07,train
88,የደብዳቤው ችግር ከአንድ ሰዓት በኋላ ከዶክተሩ ጋር እፈታለሁ።,Promise,8,Promise_11,train
89,መስኮቱ ገና ወደ ቢሮ በሳምንቱ መጨረሻ አልደረሰኝም።,Complaint,6,Complaint_07,train
90,እንኳን ደስ አለህ ፖሊሱ፣ ስለ ስጦታው እንደገና ተሳስተሃል።,Sarcasm/Irony,5,Sarcasm/Irony_13,train
91,ስጦታው ገና ወደ መንገድ ላይ ከሁለት ቀናት በኋላ አልደረሰኝም።,Complaint,6,Complaint_07,train
92,ባንኩ ስለ መኪናው ማስጠንቀቂያ በስብሰባው ወቅት አውጥቷል።,Warning,4,Warning_08,train
93,ፖሊሱ ወደ ባንክ ነገ ከሰዓት በኋላ ሄደዋል።,Assertion,1,Assertion_07,train
94,መሐንዲሱ ወደ ስብሰባ ክፍል በሚቀጥለው አመት ሄደዋል።,Assertion,1,Assertion_07,train
95,እባክዎ ትዕዛዙን ለነጋዴው ነገ ይላኩልኝ።,Request,0,Request_00,train
96,የዕቃው ዋጋ በሳምንቱ መጨረሻ ጨምሯል።,Assertion,1,Assertion_12,val
97,ከደንበኛው ጋር በሳምንቱ መጨረሻ በሱቅ እገናኛለሁ።,Promise,8,Promise_04,val
98,እንዴት ጎበዝ ነህ ጓደኛዬ፣ ቡናውን ሰብረኸዋል!,Sarcasm/Irony,5,Sarcasm/Irony_00,train
99,እባክዎ መኪናውን ለደንበኛው ከምሽቱ ጀምሮ ይላኩልኝ።,Request,0,Request_00,train
100,እንዴት ጎበዝ ነህ መሐንዲሱ፣ ውሉን ሰብረኸዋል!,Sarcasm/Irony,5,Sarcasm/Irony_00,train
101,ደብዳቤው ገና ወደ ስብሰባ ክፍል በዚህ አመት አልደረሰኝም።,Complaint,6,Complaint_07,train
102,እባክዎ ሪፖርቱን ለባልደረባዬ በሚቀጥለው ወር ይላኩልኝ።,Request,0,Request_00,train
103,ወደ ትምህርት ቤት ነገ ብቻዎን አይሂዱ።,Warning,4,Warning_06,test
104,ባልደረባዬ፣ ቤተሰብ በሆስፒታል እንዴት ናቸው?,Phatic,7,Phatic_05,val
105,መልእክቱ ገና ወደ ቤት በሚቀጥለው ሳምንት አልደረሰኝም።,Complaint,6,Complaint_07,train
106,ስራው በሚቀጥለው አመት ከአለቃዬ ጋር አልተጠናቀቀም።,Complaint,6,Complaint_03,test
107,ይህን ልብሱን ከመምህሩ መቀበል አልችልም።,Refusal,2,Refusal_03,train
108,መንግስት ስለ ኮምፒዩተሩ ማስጠንቀቂያ በዚህ ሳምንት አውጥቷል።,Warning,4,Warning_08,train
109,የሰነዱ ዋጋ በዚህ ሳምንት ጨምሯል።,Assertion,1,Assertion_12,val
110,ቡናው ገና ወደ ገበያ ከአንድ ሰዓት በኋላ አልደረሰኝም።,Complaint,6,Complaint_07,train
111,እንኳን ወደ ሆስፒታል ደህና መጣህ ስራ አስኪያጁ።,Phatic,7,Phatic_04,test
112,ፖሊሱ ወደ መጋዘን በዚህ አመት ሄደዋል።,Assertion,1,Assertion_07,train
113,ቢያንስ አንዴ ገንዘቡን በሆስፒታል እንሞክር።,Suggestion,3,Suggestion_05,train
114,እንዴት ጥሩ ነው ሚኒስትሩ፣ ከዛሬ ጀምሮ ደግሞ ዘገየ።,Sarcasm/Irony,5,Sarcasm/Irony_10,val
115,እባክዎ ይቅርታ፣ ፕሮጀክቱን በሳምንቱ መጨረሻ ማቅረብ አልችልም።,Refusal,2,Refusal_09,train
116,መንግስት ስለ ቡናው ማስጠንቀቂያ በዚህ ወር አውጥቷል።,Warning,4,Warning_08,train
117,ባልደረባዬ ወደ መንገድ ላይ ከአንድ ሰዓት በኋላ ሄደዋል።,Assertion,1,Assertion_07,train
118,መሐንዲሱ ወደ ፋብሪካ ከሁለት ቀናት በኋላ ሄደዋል።,Assertion,1,Assertion_07,train
119,ድርጅቱ ነገ ከሰዓት በኋላ አዲስ ምርት አስተዋውቋል።,Assertion,1,Assertion_02,val
120,ኤጀንሲው ስለ ማሽኑ ማስጠንቀቂያ በዚህ ወር አውጥቷል።,Warning,4,Warning_08,train
121,ተጠንቀቅ፣ ዛሬ ማታ ፍርድ ቤት ውስጥ አደጋ አለ።,Warning,4,Warning_00,val
122,ደንበኛው ወደ ገበያ ከሶስት ሰዓት በኋላ ሄደዋል።,Assertion,1,Assertion_07,train
123,ጎበዝ! በጣም ጥሩ ስራ ሰራህ ነጋዴው፣ ስልኩን አበላሸኸው።,Sarcasm/Irony,5,Sarcasm/Irony_02,train
124,ጎበዝ ስራ ጋዜጠኛው፣ ምርቱ ሙሉ በሙሉ ፈርሷል።,Sarcasm/Irony,5,Sarcasm/Irony_09,train
125,ቡናው ገና ወደ መንገድ ላይ ከምሽቱ ጀምሮ አልደረሰኝም።,Complaint,6,Complaint_07,train
126,የቦርሳው ችግር በሳምንቱ መጨረሻ ከሚኒስትሩ ጋር እፈታለሁ።,Promise,8,Promise_11,train
127,የደብዳቤው ችግር ከዛሬ ጀምሮ ከደንበኛው ጋር እፈታለሁ።,Promise,8,Promise_11,train
128,ሚኒስቴሩ ቃል የገባውን በሚቀጥለው አመት አላከበረም።,Complaint,6,Complaint_02,test
129,ስለ ውሃው ከደንበኛው ጋር ማሰብ ይኖርብናል።,Suggestion,3,Suggestion_03,train
130,ስቱዲዮው ስለ ፋይሉ ማስጠንቀቂያ በሚቀጥለው ወር አውጥቷል።,Warning,4,Warning_08,train
131,እባክዎ ይቅርታ፣ መኪናውን በስብሰባው ወቅት ማቅረብ አልችልም።,Refusal,2,Refusal_09,train
132,ወደ ፍርድ ቤት በስብሰባው ወቅት እንሂድ።,Suggestion,3,Suggestion_01,test
133,እባክዎ ይቅርታ፣ መልእክቱን ዛሬ ማቅረብ አልችልም።,Refusal,2,Refusal_09,train
134,ደንበኛው ወደ አውሮፕላን ማረፊያ ነገ ጠዋት ሄደዋል።,Assertion,1,Assertion_07,train
135,ድርጅቱ ስለ ስጦታው ማስጠንቀቂያ ከሁለት ቀናት በኋላ አውጥቷል።,Warning,4,Warning_08,train
136,ኩባንያው ስለ ጥያቄው ማስጠንቀቂያ ከጥቂት ደቂቃዎች በኋላ አውጥቷል።,Warning,4,Warning_08,train
137,ኤጀንሲው ስለ ካርታው ማስጠንቀቂያ ከሶስት ሰዓት በኋላ አውጥቷል።,Warning,4,Warning_08,train
138,ባልደረባዬ ወደ መንገድ ላይ በሚቀጥለው አመት ሄደዋል።,Assertion,1,Assertion_07,train
139,ከስራ አስኪያጁ ጋር በሚቀጥለው አመት በቢሮ እገናኛለሁ።,Promise,8,Promise_04,val
140,ማዕከሉ ስለ መሳሪያው ማስጠንቀቂያ ከአንድ ሰዓት በኋላ አውጥቷል።,Warning,4,Warning_08,train
141,የትዕዛዙ ገመድ በፋብሪካ አደገኛ ነው ተጠንቀቁ።,Warning,4,Warning_07,train
142,ዶክተሩ ወደ ገበያ በሚቀጥለው ሳምንት ሄደዋል።,Assertion,1,Assertion_07,train
143,እባክዎ ይቅርታ፣ ሪፖርቱን ከአንድ ሰዓት በኋላ ማቅረብ አልችልም።,Refusal,2,Refusal_09,train
144,እባክዎ መልእክቱን ለባልደረባዬ ከሁለት ቀናት በኋላ ይላኩልኝ።,Request,0,Request_00,train
145,እባክህ ለመልእክቱ ይህን ዘዴ ከአንድ ሰዓት በኋላ ተጠቀም።,Suggestion,3,Suggestion_04,train
146,ቢያንስ አንዴ ደረሰኙን በአውሮፕላን ማረፊያ እንሞክር።,Suggestion,3,Suggestion_05,train
147,የዕቃው ችግር ከሶስት ሰዓት በኋላ ከደንበኛው ጋር እፈታለሁ።,Promise,8,Promise_11,train
148,እባክሽ ደረሰኙን ነገ ጠዋት አምጪልኝ።,Request,0,Request_09,test
149,በዚህ አመት በስብሰባ ክፍል ስብሰባ እናድርግ።,Suggestion,3,Suggestion_02,train
150,በጣም ደግ ነህ አስተማሪዋ፣ በስብሰባ ክፍል ምንም እርዳታ አልሰጠኸኝም።,Sarcasm/Irony,5,Sarcasm/Irony_12,train
151,ባንኩ ስለ መኪናው ማስጠንቀቂያ ከአንድ ሰዓት በኋላ አውጥቷል።,Warning,4,Warning_08,train
152,ኩባንያው ስለ ቁልፉ ማስጠንቀቂያ በዚህ ሳምንት አውጥቷል።,Warning,4,Warning_08,train
153,ከአለቃዬ ጋር ከጥቂት ደቂቃዎች በኋላ በአውሮፕላን ማረፊያ እገናኛለሁ።,Promise,8,Promise_04,val
154,ትዕዛዙ ገና ወደ ስብሰባ ክፍል ከሁለት ቀናት በኋላ አልደረሰኝም።,Complaint,6,Complaint_07,train
155,እባክዎ ዕቃውን ለፖሊሱ ነገ ከሰዓት በኋላ ይላኩልኝ።,Request,0,Request_00,train
156,ኩባንያው ስለ ደረሰኙ ማስጠንቀቂያ ነገ አውጥቷል።,Warning,4,Warning_08,train
157,ዛሬ ማታ ወደ ፋብሪካ እደርሳለሁ።,Promise,8,Promise_10,train
158,ይቅርታ፣ መኪናውን ከምሽቱ ጀምሮ ማድረግ አልችልም።,Refusal,2,Refusal_00,train
159,ኤጀንሲው ስለ መልእክቱ ማስጠንቀቂያ ከአንድ ሰዓት በኋላ አውጥቷል።,Warning,4,Warning_08,train
160,እባክዎ ቁልፉን ለመምህሩ ከሁለት ቀናት በኋላ ይላኩልኝ።,Request,0,Request_00,train
161,መልእክቱ ገና ወደ ፋብሪካ ከአንድ ሰዓት በኋላ አልደረሰኝም።,Complaint,6,Complaint_07,train
162,የቡናው ወጪውን በስብሰባ ክፍል ብንቀንስ የተሻለ ነው።,Suggestion,3,Suggestion_13,train
163,ቃል እገባለሁ፣ መልእክቱን በሳምንቱ መጨረሻ አላዘገይም።,Promise,8,Promise_03,test
164,የቤቱ ደረሰኝ ከባንኩ የተበላሸ ነው።,Complaint,6,Complaint_08,val
165,ሂሳቡ ከሹፌሩ አጠገብ አደገኛ ሊሆን ይችላል።,Warning,4,Warning_01,test
166,ያልተፈቀደ ግቢ ወደ መጋዘን በዚህ አመት አይግቡ።,Warning,4,Warning_09,test
167,እንኳን ደስ አለህ አስተማሪዋ፣ ስለ መስኮቱ እንደገና ተሳስተሃል።,Sarcasm/Irony,5,Sarcasm/Irony_13,train
168,እባክዎ ቁልፉን ለነጋዴው ከሶስት ሰዓት በኋላ ይላኩልኝ።,Request,0,Request_00,train
169,ደህና ሁን ሚኒስትሩ፣ እስከ በዚህ ወር እንገናኝ።,Phatic,7,Phatic_13,train
170,መሳሪያው ገና ወደ ቤት ከአንድ ሰዓት በኋላ አልደረሰኝም።,Complaint,6,Complaint_07,train
171,እንደምን አለህ በአውሮፕላን ማረፊያ፣ ሹፌሩ?,Phatic,7,Phatic_11,val
172,የካርታው ችግር በዚህ አመት ከአለቃዬ ጋር እፈታለሁ።,Promise,8,Promise_11,train
173,መሐንዲሱ፣ ስራ በአውሮፕላን ማረፊያ እንዴት ነው?,Phatic,7,Phatic_09,val
174,እንዴት ጥሩ ነው ሹፌሩ፣ ዛሬ ማታ ደግሞ ዘገየ።,Sarcasm/Irony,5,Sarcasm/Irony_10,val
175,አዎ በርግጥ፣ የመንግስት እቅድ በከጥቂት ደቂቃዎች በኋላ በጭራሽ አይከሽፍም።,Sarcasm/Irony,5,Sarcasm/Irony_11,train
176,ወደ ፋብሪካ በሳምንቱ መጨረሻ መሄድ አልችልም።,Refusal,2,Refusal_13,test
177,ፕሮጀክቱን ከሰዓት በኋላ ከአለቃዬ ጋር ብንጀምር ይሻላል።,Suggestion,3,Suggestion_08,val
178,እንኳን ደስ አለህ መሐንዲሱ፣ ስለ ቡናው እንደገና ተሳስተሃል።,Sarcasm/Irony,5,Sarcasm/Irony_13,train
179,በሩ ገና ወደ ስብሰባ ክፍል ከሶስት ሰዓት በኋላ አልደረሰኝም።,Complaint,6,Complaint_07,train
180,ሚኒስቴሩ ስለ ሂሳቡ ማስጠንቀቂያ በሚቀጥለው አመት አውጥቷል።,Warning,4,Warning_08,train
181,እባክዎ ቁልፉን ለሹፌሩ ነገ ጠዋት ይላኩልኝ።,Request,0,Request_00,train
182,የመጽሐፉ ችግር በዚህ ሳምንት ከሹፌሩ ጋር እፈታለሁ።,Promise,8,Promise_11,train
183,የበሩ ችግር ከሁለት ቀናት በኋላ ከነጋዴው ጋር እፈታለሁ።,Promise,8,Promise_11,train
184,ጓደኛዬ ለቅሬታዬ ምላሽ በዚህ ሳምንት አልሰጡም።,Complaint,6,Complaint_06,val
185,ፖሊሱ፣ እንደምን አደርክ ከሁለት ቀናት በኋላ?,Phatic,7,Phatic_01,train
186,የልብሱ ወጪውን በትምህርት ቤት ብንቀንስ የተሻለ ነው።,Suggestion,3,Suggestion_13,train
187,መሐንዲሱ ወደ መንገድ ላይ ዛሬ ማታ ሄደዋል።,Assertion,1,Assertion_07,train
188,መምህሩ ወደ መጋዘን ከአንድ ሰዓት በኋላ ሄደዋል።,Assertion,1,Assertion_07,train
189,ይቅርታ፣ ስልኩን ነገ ከሰዓት በኋላ ማድረግ አልችልም።,Refusal,2,Refusal_00,train
190,ፋብሪካው ስለ ሰነዱ ማስጠንቀቂያ በሚቀጥለው ሳምንት አውጥቷል።,Warning,4,Warning_08,train
191,አዎ በእርግጥ፣ ደንበኛው ነገ ጠዋት ትመጣለህ ብዬ አላምንም።,Sarcasm/Irony,5,Sarcasm/Irony_01,test
192,ባንኩ ስለ ቦርሳው ማስጠንቀቂያ ዛሬ አውጥቷል።,Warning,4,Warning_08,train
193,ይህን ቡናውን ከአለቃዬ መቀበል አልችልም።,Refusal,2,Refusal_03,train
194,እባክህ ይቅርታ አድርግልኝ፣ ወደ መጋዘን በሳምንቱ መጨረሻ መምጣት አልችልም።,Refusal,2,Refusal_01,test
195,ድርጅቱ ስለ መጽሐፉ ማስጠንቀቂያ በሚቀጥለው ወር አውጥቷል።,Warning,4,Warning_08,train
196,ይቅርታ፣ ቁልፉን በዚህ አመት ማድረግ አልችልም።,Refusal,2,Refusal_00,train
197,ባንኩ ስለ ቤቱ ማስጠንቀቂያ ከጥቂት ደቂቃዎች በኋላ አውጥቷል።,Warning,4,Warning_08,train
198,ገንዘቡ ገና ወደ ስብሰባ ክፍል ዛሬ ማታ አልደረሰኝም።,Complaint,6,Complaint_07,train
199,እንኳን ደስ አለህ መምህሩ፣ ስለ ስልኩ እንደገና ተሳስተሃል።,Sarcasm/Irony,5,Sarcasm/Irony_13,train
200,መስኮቱን በጥንቃቄ ለአስተማሪዋ እይዛለሁ።,Promise,8,Promise_07,train
201,እባክዎ ማሽኑን ለባልደረባዬ በዚህ አመት ይላኩልኝ።,Request,0,Request_00,train
202,የካርታው ችግር ከሰዓት በኋላ ከደንበኛው ጋር እፈታለሁ።,Promise,8,Promise_11,train
203,ነገ ከሰዓት በኋላ በከተማው ውስጥ ስብሰባ እናድርግ።,Suggestion,3,Suggestion_02,train
204,ስለ ማሽኑ ጉዳይ ከደንበኛው ጋር እንወያይ።,Suggestion,3,Suggestion_10,train
205,በሚቀጥለው ሳምንት በፋብሪካ ከባድ ዝናብ ሊዘንብ ይችላል ተጠንቀቁ።,Warning,4,Warning_03,test
206,ነጋዴው፣ ቤተሰብ በገበያ እንዴት ናቸው?,Phatic,7,Phatic_05,val
207,ይህን መልእክቱን ከመምህሩ መቀበል አልችልም።,Refusal,2,Refusal_03,train
208,ቁልፉ ገና ወደ ሆስፒታል ነገ ጠዋት አልደረሰኝም።,Complaint,6,Complaint_07,train
209,ፋይሉን በጥንቃቄ ለዶክተሩ እይዛለሁ።,Promise,8,Promise_07,train
210,ስጦታው ገና ወደ መጋዘን ነገ ጠዋት አልደረሰኝም።,Complaint,6,Complaint_07,train
211,በጣም ትክክለኛ ነው አስተማሪዋ፣ በስብሰባ ክፍል ሁልጊዜ እንደዚህ ይሆናል።,Sarcasm/Irony,5,Sarcasm/Irony_08,val
212,ፕሮጀክቱን ዛሬ ከደንበኛው ጋር ብንጀምር ይሻላል።,Suggestion,3,Suggestion_08,val
213,የስልኩ ዋጋውን በዚህ ሳምንት ብንቀንስ ደንበኞች ይጨምራሉ።,Suggestion,3,Suggestion_07,train
214,ከሁለት ቀናት በኋላ በስብሰባ ክፍል መገኘት አልችልም።,Refusal,2,Refusal_04,val
215,የውሉ ችግር በዚህ አመት ከደንበኛው ጋር እፈታለሁ።,Promise,8,Promise_11,train
216,ከነጋዴው ጋር በዚህ ሳምንት በባንክ እገናኛለሁ።,Promise,8,Promise_04,val
217,እባክዎ ቦርሳውን ለጠበቃው በሚቀጥለው ሳምንት ይላኩልኝ።,Request,0,Request_00,train
218,ገንዘብዎን ይጠብቁ፣ በፖሊስ ጣቢያ ነገ ስርቆት ተከስቷል።,Warning,4,Warning_05,val
219,ሚኒስቴሩ ስለ ደረሰኙ ማስጠንቀቂያ ከዛሬ ጀምሮ አውጥቷል።,Warning,4,Warning_08,train
220,እሰይ፣ ሌላ ችግር በፖሊስ ጣቢያ ዛሬ ማታ፣ ልክ የሚያስፈልገን ይሄው ነበር።,Sarcasm/Irony,5,Sarcasm/Irony_07,train
221,ደረሰኙን በዚህ ሳምንት ብንሞክር ጥሩ ይሆናል።,Suggestion,3,Suggestion_00,train
222,ዶክተሩ ወደ ገበያ ከጥቂት ደቂቃዎች በኋላ ሄደዋል።,Assertion,1,Assertion_07,train
223,በጣም ብልህ ነህ ጓደኛዬ፣ ሂሳቡን ረሳኸው።,Sarcasm/Irony,5,Sarcasm/Irony_04,train
224,የመሳሪያው ችግር በሚቀጥለው ሳምንት ከአስተማሪዋ ጋር እፈታለሁ።,Promise,8,Promise_11,train
225,እባክዎ ኮምፒዩተሩን በሚቀጥለው አመት ይላኩልኝ።,Request,0,Request_13,val
226,መንግስት ስለ ቤቱ ማስጠንቀቂያ ከአንድ ሰዓት በኋላ አውጥቷል።,Warning,4,Warning_08,train
227,ጠበቃው ወደ ባንክ ከዛሬ ጀምሮ ሄደዋል።,Assertion,1,Assertion_07,train
228,የመስኮቱ ችግር ዛሬ ማታ ከባልደረባዬ ጋር እፈታለሁ።,Promise,8,Promise_11,train
229,ቡናው ገና ወደ ሆስፒታል ከሰዓት በኋላ አልደረሰኝም።,Complaint,6,Complaint_07,train
230,ደህና ሁን ባልደረባዬ፣ እስከ ነገ እንገናኝ።,Phatic,7,Phatic_13,train
231,እባክዎ ካርታውን ለስራ አስኪያጁ ከአንድ ሰዓት በኋላ ይላኩልኝ።,Request,0,Request_00,train
232,በጣም ውጤታማ ነው ሚኒስቴሩ፣ በከዛሬ ጀምሮ ምንም አልተሰራም።,Sarcasm/Irony,5,Sarcasm/Irony_14,val
233,እባክዎ ወደ አውሮፕላን ማረፊያ ከዛሬ ጀምሮ ይምጡልኝ።,Request,0,Request_03,test
234,ደህና በዚህ አመት ይሁንልህ አለቃዬ።,Phatic,7,Phatic_02,train
235,ፋብሪካው ስለ ትዕዛዙ ማስጠንቀቂያ ከጥቂት ደቂቃዎች በኋላ አውጥቷል።,Warning,4,Warning_08,train
236,ጋዜጠኛው ወደ ትምህርት ቤት ከሰዓት በኋላ ሄደዋል።,Assertion,1,Assertion_07,train
237,እባክዎ ካርታውን ለዶክተሩ በሚቀጥለው ሳምንት ይላኩልኝ።,Request,0,Request_00,train
238,ከጓደኛዬ ጋር ከሁለት ቀናት በኋላ በአውሮፕላን ማረፊያ እገናኛለሁ።,Promise,8,Promise_04,val
239,ከአለቃዬ ጋር በሳምንቱ መጨረሻ በፍርድ ቤት እገናኛለሁ።,Promise,8,Promise_04,val
240,ፋብሪካው ስለ ቡናው ማስጠንቀቂያ ነገ ከሰዓት በኋላ አውጥቷል።,Warning,4,Warning_08,train
241,ጓደኛዬ ወደ አውሮፕላን ማረፊያ ከአንድ ሰዓት በኋላ ሄደዋል።,Assertion,1,Assertion_07,train
242,የማሽኑ ችግር ነገ ጠዋት ከዶክተሩ ጋር እፈታለሁ።,Promise,8,Promise_11,train
243,እሰይ፣ ሌላ ችግር በሆስፒታል በሚቀጥለው ሳምንት፣ ልክ የሚያስፈልገን ይሄው ነበር።,Sarcasm/Irony,5,Sarcasm/Irony_07,train
244,የቡናው ዋጋውን ነገ ከሰዓት በኋላ ብንቀንስ ደንበኞች ይጨምራሉ።,Suggestion,3,Suggestion_07,train
245,እንዴት ጥሩ ነው ጠበቃው፣ ዛሬ ማታ ደግሞ ዘገየ።,Sarcasm/Irony,5,Sarcasm/Irony_10,val
246,ስራ አስኪያጁ ወደ ፍርድ ቤት ነገ ሄደዋል።,Assertion,1,Assertion_07,train
247,በጣም ብልህ ነህ ዶክተሩ፣ ጥያቄውን ረሳኸው።,Sarcasm/Irony,5,Sarcasm/Irony_04,train
248,መንግስት ስለ ደረሰኙ ማስጠንቀቂያ ከዛሬ ጀምሮ አውጥቷል።,Warning,4,Warning_08,train
249,እባክዎ መጽሐፉን ለሹፌሩ ነገ ይላኩልኝ።,Request,0,Request_00,train
250,ሪፖርቱ ገና ወደ ፋብሪካ በዚህ ወር አልደረሰኝም።,Complaint,6,Complaint_07,train
251,የደብዳቤው ችግር ነገ ጠዋት ከሚኒስትሩ ጋር እፈታለሁ።,Promise,8,Promise_11,train
252,ጋዜጠኛው ስብሰባውን ከሶስት ሰዓት በኋላ መርተዋል።,Assertion,1,Assertion_03,val
253,እንኳን ደስ አለህ ሚኒስትሩ፣ ስለ ስጦታው እንደገና ተሳስተሃል።,Sarcasm/Irony,5,Sarcasm/Irony_13,train
254,የኤጀንሲው ጥያቄ አልቀበልም።,Refusal,2,Refusal_07,train
255,እባክዎ ኮምፒዩተሩን ለአለቃዬ ከምሽቱ ጀምሮ ይላኩልኝ።,Request,0,Request_00,train
256,ፋብሪካ በዚህ አመት ተከፍቷል።,Assertion,1,Assertion_14,train
257,አዎ በርግጥ፣ የስቱዲዮው እቅድ በከሰዓት በኋላ በጭራሽ አይከሽፍም።,Sarcasm/Irony,5,Sarcasm/Irony_11,train
258,እባክዎ ይቅርታ፣ ኮምፒዩተሩን ከምሽቱ ጀምሮ ማቅረብ አልችልም።,Refusal,2,Refusal_09,train
259,ድርጅቱ ቃል የገባውን ዛሬ አላከበረም።,Complaint,6,Complaint_02,test
260,እንኳን ደስ አለህ ሹፌሩ፣ ስለ ምርቱ እንደገና ተሳስተሃል።,Sarcasm/Irony,5,Sarcasm/Irony_13,train
261,ከመምህሩ ጋር ስለ ውሃው ጉዳይ መስማማት አልችልም።,Refusal,2,Refusal_06,train
262,ደንበኛው ወደ መንገድ ላይ ዛሬ ማታ ሄደዋል።,Assertion,1,Assertion_07,train
263,ይቅርታ፣ ገንዘቡን ነገ ማድረግ አልችልም።,Refusal,2,Refusal_00,train
264,ይቅርታ፣ ቁልፉን በሚቀጥለው አመት ማድረግ አልችልም።,Refusal,2,Refusal_00,train
265,ሹፌሩ ወደ ስብሰባ ክፍል ከሁለት ቀናት በኋላ ሄደዋል።,Assertion,1,Assertion_07,train
266,መስኮቱ ገና ወደ መንገድ ላይ በዚህ ወር አልደረሰኝም።,Complaint,6,Complaint_07,train
267,ነጋዴው ወደ አውሮፕላን ማረፊያ ከዛሬ ጀምሮ ሄደዋል።,Assertion,1,Assertion_07,train
268,እንኳን ደስ አለህ ሹፌሩ፣ ስለ መጽሐፉ እንደገና ተሳስተሃል።,Sarcasm/Irony,5,Sarcasm/Irony_13,train
269,ይህን በሩን ከነጋዴው መቀበል አልችልም።,Refusal,2,Refusal_03,train
270,እባክዎ ፕሮጀክቱን ለዶክተሩ ከሶስት ሰዓት በኋላ ይላኩልኝ።,Request,0,Request_00,train
271,የቁልፉ ችግር ከጥቂት ደቂቃዎች በኋላ ከባልደረባዬ ጋር እፈታለሁ።,Promise,8,Promise_11,train
272,ልብሱ በአውሮፕላን ማረፊያ ይገኛል።,Assertion,1,Assertion_00,test
273,ስራ አስኪያጁ፣ ስራ በቤት እንዴት ነው?,Phatic,7,Phatic_09,val
274,ማዕከሉ ስለ ሪፖርቱ ማስጠንቀቂያ ነገ ጠዋት አውጥቷል።,Warning,4,Warning_08,train
275,እባክዎ ይቅርታ፣ ልብሱን በሳምንቱ መጨረሻ ማቅረብ አልችልም።,Refusal,2,Refusal_09,train
276,ስለ ውሃው ጉዳይ ከሚኒስትሩ ጋር እንወያይ።,Suggestion,3,Suggestion_10,train
277,ሚኒስትሩ ወደ ትምህርት ቤት ከዛሬ ጀምሮ ሄደዋል።,Assertion,1,Assertion_07,train
278,ዶክተሩ፣ እንደምን አደርክ ነገ ከሰዓት በኋላ?,Phatic,7,Phatic_01,train
279,ይህን ሃሳብ ስለ ሪፖርቱ አልቀበልም።,Refusal,2,Refusal_14,val
280,ደብዳቤው ጥራት ያለው ነው።,Assertion,1,Assertion_05,test
281,ከጓደኛዬ ጋር በሳምንቱ መጨረሻ መነጋገር ይሻላል።,Suggestion,3,Suggestion_06,val
282,የመስኮቱ ወጪውን በሆስፒታል ብንቀንስ የተሻለ ነው።,Suggestion,3,Suggestion_13,train
283,እንዴት ጥሩ ነው ሹፌሩ፣ ከሁለት ቀናት በኋላ ደግሞ ዘገየ።,Sarcasm/Irony,5,Sarcasm/Irony_10,val
284,እባክዎ ምርቱን ለአለቃዬ ዛሬ ማታ ይላኩልኝ።,Request,0,Request_00,train
285,የመሳሪያው ዋጋውን ከጥቂት ደቂቃዎች በኋላ ብንቀንስ ደንበኞች ይጨምራሉ።,Suggestion,3,Suggestion_07,train
286,እርግጠኛ ነኝ ሚኒስትሩ በሳምንቱ መጨረሻ ይደርሳሉ፣ እንደ ሁልጊዜው።,Sarcasm/Irony,5,Sarcasm/Irony_05,test
287,ካርታውን በጥንቃቄ ለጋዜጠኛው እይዛለሁ።,Promise,8,Promise_07,train
288,መሐንዲሱ ሪፖርቱን ነገ ጠዋት አቅርበዋል።,Assertion,1,Assertion_13,test
289,ስራ አስኪያጁ ወደ ፍርድ ቤት ነገ ከሰዓት በኋላ ሄደዋል።,Assertion,1,Assertion_07,train
290,ሪፖርቱ ገና ወደ ፖሊስ ጣቢያ በሚቀጥለው አመት አልደረሰኝም።,Complaint,6,Complaint_07,train
291,ስራ አስኪያጁ ወደ አውሮፕላን ማረፊያ በስብሰባው ወቅት ሄደዋል።,Assertion,1,Assertion_07,train
292,እንኳን ደስ አለህ አስተማሪዋ ዛሬ ማታ።,Phatic,7,Phatic_07,train
293,እንዴት ደስ ይላል፣ ስራ አስኪያጁ እንደገና በሚቀጥለው አመት ዘገዩ።,Sarcasm/Irony,5,Sarcasm/Irony_03,train
294,እባክዎ ስልኩን ለፖሊሱ ነገ ከሰዓት በኋላ ይላኩልኝ።,Request,0,Request_00,train
295,እንኳን ደስ አለህ አስተማሪዋ ከምሽቱ ጀምሮ።,Phatic,7,Phatic_07,train
296,አዎ በእርግጥ፣ ሹፌሩ ዛሬ ትመጣለህ ብዬ አላምንም።,Sarcasm/Irony,5,Sarcasm/Irony_01,test
297,ሰነዱ ገና ወደ ገበያ ነገ አልደረሰኝም።,Complaint,6,Complaint_07,train
298,የካርታው ዋጋውን ዛሬ ማታ ብንቀንስ ደንበኞች ይጨምራሉ።,Suggestion,3,Suggestion_07,train
299,ማሽኑን በጥንቃቄ ለዶክተሩ እይዛለሁ።,Promise,8,Promise_07,train
300,እባክዎ ይቅርታ፣ ፋይሉን በስብሰባው ወቅት ማቅረብ አልችልም።,Refusal,2,Refusal_09,train
301,ዛሬ ወደ አውሮፕላን ማረፊያ እመጣለሁ።,Promise,8,Promise_00,train
302,ምርቱ ገና ወደ ቤት ከምሽቱ ጀምሮ አልደረሰኝም።,Complaint,6,Complaint_07,train
303,በዚህ አመት በቢሮ መገኘት አልችልም።,Refusal,2,Refusal_04,val
304,መስኮቱ ከጓደኛዬ አጠገብ አደገኛ ሊሆን ይችላል።,Warning,4,Warning_01,test
305,እባክህ ለመስኮቱ ይህን ዘዴ ከዛሬ ጀምሮ ተጠቀም።,Suggestion,3,Suggestion_04,train
306,ስለ መስኮቱ ጉዳይ ከጋዜጠኛው ጋር እንወያይ።,Suggestion,3,Suggestion_10,train
307,ድርጅቱ ስለ ቁልፉ ማስጠንቀቂያ ከምሽቱ ጀምሮ አውጥቷል።,Warning,4,Warning_08,train
308,ከጥቂት ደቂቃዎች በኋላ በመጋዘን መገኘት አልችልም።,Refusal,2,Refusal_04,val
309,እባክዎ ውሉን ለመሐንዲሱ በዚህ ወር ይላኩልኝ።,Request,0,Request_00,train
310,እባክዎ መጽሐፉን ለጓደኛዬ በዚህ ወር ይላኩልኝ።,Request,0,Request_00,train
311,እባክዎ መጽሐፉን ለነጋዴው በዚህ አመት ይላኩልኝ።,Request,0,Request_00,train
312,የማሽኑ ዋጋ በዚህ ወር ጨምሯል።,Assertion,1,Assertion_12,val
313,የካርታው ችግር ነገ ከሰዓት በኋላ ከሚኒስትሩ ጋር እፈታለሁ።,Promise,8,Promise_11,train
314,ማዕከሉ ስለ መልእክቱ ማስጠንቀቂያ ከሁለት ቀናት በኋላ አውጥቷል።,Warning,4,Warning_08,train
315,ውሉ ገና ወደ ቤት ከጥቂት ደቂቃዎች በኋላ አልደረሰኝም።,Complaint,6,Complaint_07,train
316,ትዕዛዙ ገና ወደ ቤት ነገ ጠዋት አልደረሰኝም።,Complaint,6,Complaint_07,train
317,የቤቱ ችግር ከሰዓት በኋላ ከጠበቃው ጋር እፈታለሁ።,Promise,8,Promise_11,train
318,መንግስት ስለ ጥያቄው ማስጠንቀቂያ በዚህ አመት አውጥቷል።,Warning,4,Warning_08,train
319,እባክዎ መሳሪያውን ለደንበኛው በሳምንቱ መጨረሻ ይላኩልኝ።,Request,0,Request_00,train
320,ቅሬታዬን ለፖሊሱ ከሁለት ቀናት በኋላ ብናገርም ማንም አልሰማኝም።,Complaint,6,Complaint_14,val
321,ፋይሉ ገና ወደ ፍርድ ቤት በስብሰባው ወቅት አልደረሰኝም።,Complaint,6,Complaint_07,train
322,የማሽኑ ችግር ነገ ከአስተማሪዋ ጋር እፈታለሁ።,Promise,8,Promise_11,train
323,መሳሪያው ገና ወደ ፍርድ ቤት ከሁለት ቀናት በኋላ አልደረሰኝም።,Complaint,6,Complaint_07,train
324,በከተማው ውስጥ ከዛሬ ጀምሮ ንጽህና ጎድሏል።,Complaint,6,Complaint_13,test
325,ፋብሪካው ነገ አዲስ ምርት አስተዋውቋል።,Assertion,1,Assertion_02,val
326,አለቃዬ ወደ መጋዘን በስብሰባው ወቅት ሄደዋል።,Assertion,1,Assertion_07,train
327,እንደምን አለህ በስብሰባ ክፍል፣ ሚኒስትሩ?,Phatic,7,Phatic_11,val
328,ባልደረባዬ፣ ቤተሰብ በፍርድ ቤት እንዴት ናቸው?,Phatic,7,Phatic_05,val
329,ኤጀንሲው ስለ መስኮቱ ማስጠንቀቂያ በዚህ ወር አውጥቷል።,Warning,4,Warning_08,train
330,ሰላም ፖሊሱ፣ ነገ እንዴት ነህ?,Phatic,7,Phatic_00,train
331,ከጋዜጠኛው ጋር ስለ ትዕዛዙ ጉዳይ መስማማት አልችልም።,Refusal,2,Refusal_06,train
332,እንዴት ጎበዝ ነህ መሐንዲሱ፣ በሩን ሰብረኸዋል!,Sarcasm/Irony,5,Sarcasm/Irony_00,train
333,በጣም ብልህ ነህ ስራ አስኪያጁ፣ ኮምፒዩተሩን ረሳኸው።,Sarcasm/Irony,5,Sarcasm/Irony_04,train
334,በስብሰባ ክፍል በዚህ አመት ንጽህና ጎድሏል።,Complaint,6,Complaint_13,test
335,ፕሮጀክቱ በመንገድ ላይ ይገኛል።,Assertion,1,Assertion_00,test
336,ስለ ገንዘቡ ጉዳይ ከሚኒስትሩ ጋር እንወያይ።,Suggestion,3,Suggestion_10,train
337,ደህና በዚህ አመት ይሁንልህ ጓደኛዬ።,Phatic,7,Phatic_02,train
338,መሳሪያው ገና ወደ ሆስፒታል ዛሬ ማታ አልደረሰኝም።,Complaint,6,Complaint_07,train
339,እንዴት ጎበዝ ነህ ባልደረባዬ፣ ምርቱን ሰብረኸዋል!,Sarcasm/Irony,5,Sarcasm/Irony_00,train
340,ስራው ነገ ከአለቃዬ ጋር አልተጠናቀቀም።,Complaint,6,Complaint_03,test
341,ባልደረባዬ፣ ቤተሰብ በፋብሪካ እንዴት ናቸው?,Phatic,7,Phatic_05,val
342,ጋዜጠኛው፣ ጤና ይስጥልኝ በቤት።,Phatic,7,Phatic_03,train
343,ደህና እደር ባልደረባዬ፣ ከሁለት ቀናት በኋላ እንገናኝ።,Phatic,7,Phatic_06,train
344,የቦርሳው ችግር ከሰዓት በኋላ ከአለቃዬ ጋር እፈታለሁ።,Promise,8,Promise_11,train
345,መሐንዲሱ፣ እንደምን አደርክ በዚህ ሳምንት?,Phatic,7,Phatic_01,train
346,ይህን ሂሳቡን ከመሐንዲሱ መቀበል አልችልም።,Refusal,2,Refusal_03,train
347,ፕሮጀክቱን በዚህ አመት ከጋዜጠኛው ጋር ብንጀምር ይሻላል።,Suggestion,3,Suggestion_08,val
348,ከነጋዴው ጋር በዚህ አመት በመንገድ ላይ እገናኛለሁ።,Promise,8,Promise_04,val
349,እባክዎ ትዕዛዙን ለጋዜጠኛው ከዛሬ ጀምሮ ይላኩልኝ።,Request,0,Request_00,train
350,እባክዎ መጽሐፉን ለአስተማሪዋ በሚቀጥለው አመት ይላኩልኝ።,Request,0,Request_00,train
351,ከሚኒስትሩ ጋር ከሶስት ሰዓት በኋላ በፋብሪካ እገናኛለሁ።,Promise,8,Promise_04,val
352,ባልደረባዬ ወደ ትምህርት ቤት በሚቀጥለው ወር ሄደዋል።,Assertion,1,Assertion_07,train
353,ድርጅቱ ስለ መስኮቱ ማስጠንቀቂያ በዚህ አመት አውጥቷል።,Warning,4,Warning_08,train
354,የገንዘቡ ችግር ከአንድ ሰዓት በኋላ ከመምህሩ ጋር እፈታለሁ።,Promise,8,Promise_11,train
355,ከጋዜጠኛው ጋር ስለ ሪፖርቱ ጉዳይ መስማማት አልችልም።,Refusal,2,Refusal_06,train
356,ስለ ውሉ ጉዳይ ከነጋዴው ጋር እንወያይ።,Suggestion,3,Suggestion_10,train
357,ሱቅ በሚቀጥለው ሳምንት ተከፍቷል።,Assertion,1,Assertion_14,train
358,ባልደረባዬ ሪፖርቱን ከዛሬ ጀምሮ አቅርበዋል።,Assertion,1,Assertion_13,test
359,ያልተፈቀደ ግቢ ወደ ሱቅ በዚህ ወር አይግቡ።,Warning,4,Warning_09,test
360,የፋይሉ ችግር ከምሽቱ ጀምሮ ከስራ አስኪያጁ ጋር እፈታለሁ።,Promise,8,Promise_11,train
361,እባክዎ ምርቱን ለጓደኛዬ በሚቀጥለው አመት ይላኩልኝ።,Request,0,Request_00,train
362,ዛሬ ማታ በመጋዘን መገኘት አልችልም።,Refusal,2,Refusal_04,val
363,ፖሊሱ ወደ ስብሰባ ክፍል በዚህ ሳምንት ሄደዋል።,Assertion,1,Assertion_07,train
364,ፋብሪካው ስለ ስጦታው ማስጠንቀቂያ በዚህ አመት አውጥቷል።,Warning,4,Warning_08,train
365,ከሚኒስትሩ ጋር ከምሽቱ ጀምሮ በከተማው ውስጥ እገናኛለሁ።,Promise,8,Promise_04,val
366,ገንዘብዎን ይጠብቁ፣ በፖሊስ ጣቢያ ነገ ከሰዓት በኋላ ስርቆት ተከስቷል።,Warning,4,Warning_05,val
367,ልብሱን በጥንቃቄ ከሚኒስትሩ ጋር ብንመረምር ይሻላል።,Suggestion,3,Suggestion_11,val
368,በጣም ብልህ ነህ ጠበቃው፣ ደብዳቤውን ረሳኸው።,Sarcasm/Irony,5,Sarcasm/Irony_04,train
369,እንዴት ደስ ይላል፣ ሚኒስትሩ እንደገና በሚቀጥለው ወር ዘገዩ።,Sarcasm/Irony,5,Sarcasm/Irony_03,train
370,እንዴት ጎበዝ ነህ መምህሩ፣ ቦርሳውን ሰብረኸዋል!,Sarcasm/Irony,5,Sarcasm/Irony_00,train
371,ይህን ፕሮጀክቱን ከጓደኛዬ መቀበል አልችልም።,Refusal,2,Refusal_03,train
372,አዎ በእርግጥ፣ አለቃዬ በሚቀጥለው ሳምንት ትመጣለህ ብዬ አላምንም።,Sarcasm/Irony,5,Sarcasm/Irony_01,test
373,የደረሰኙ ችግር በዚህ አመት ከፖሊሱ ጋር እፈታለሁ።,Promise,8,Promise_11,train
374,ሰላም ጋዜጠኛው፣ ከአንድ ሰዓት በኋላ እንዴት ነህ?,Phatic,7,Phatic_00,train
375,ፋብሪካው ስለ ቡናው ማስጠንቀቂያ ከሶስት ሰዓት በኋላ አውጥቷል።,Warning,4,Warning_08,train
376,እንደምን አለህ በቤት፣ ጠበቃው?,Phatic,7,Phatic_11,val
377,ቅሬታዬን ለስራ አስኪያጁ ነገ ብናገርም ማንም አልሰማኝም።,Complaint,6,Complaint_14,val
378,የፋይሉ ዋጋውን በሚቀጥለው አመት ብንቀንስ ደንበኞች ይጨምራሉ።,Suggestion,3,Suggestion_07,train
379,ኤጀንሲው ስለ ውሉ ማስጠንቀቂያ ነገ ጠዋት አውጥቷል።,Warning,4,Warning_08,train
380,ነጋዴው ወደ መንገድ ላይ ነገ ሄደዋል።,Assertion,1,Assertion_07,train
381,ተጠንቀቅ፣ ከአንድ ሰዓት በኋላ መንገድ ላይ ውስጥ አደጋ አለ።,Warning,4,Warning_00,val
382,ስጦታው ገና ወደ ፋብሪካ ነገ አልደረሰኝም።,Complaint,6,Complaint_07,train
383,ጤና ይስጥልኝ ነጋዴው፣ በዚህ ወር ደህና ነህ?,Phatic,7,Phatic_12,train
384,ደህና ሁን ሹፌሩ፣ እስከ ነገ እንገናኝ።,Phatic,7,Phatic_13,train
385,ደህና እደር ጓደኛዬ፣ በሚቀጥለው አመት እንገናኝ።,Phatic,7,Phatic_06,train
386,እባክዎ በሩን ለጋዜጠኛው ከምሽቱ ጀምሮ ይላኩልኝ።,Request,0,Request_00,train
387,ደረሰኙ ገና ወደ ፋብሪካ ከጥቂት ደቂቃዎች በኋላ አልደረሰኝም።,Complaint,6,Complaint_07,train
388,ፖሊሱ ሪፖርቱን በሚቀጥለው አመት አቅርበዋል።,Assertion,1,Assertion_13,test
389,ጎበዝ ስራ ሚኒስትሩ፣ መልእክቱ ሙሉ በሙሉ ፈርሷል።,Sarcasm/Irony,5,Sarcasm/Irony_09,train
390,ከፖሊሱ ጋር ስለ ልብሱ ጉዳይ መስማማት አልችልም።,Refusal,2,Refusal_06,train
391,ደህና እደር ጠበቃው፣ ከምሽቱ ጀምሮ እንገናኝ።,Phatic,7,Phatic_06,train
392,ከጓደኛዬ ጋር ስለ ደረሰኙ ጉዳይ መስማማት አልችልም።,Refusal,2,Refusal_06,train
393,ከዶክተሩ ጋር ነገ ከሰዓት በኋላ በስብሰባ ክፍል እገናኛለሁ።,Promise,8,Promise_04,val
394,ከስራ አስኪያጁ ጋር ከምሽቱ ጀምሮ መነጋገር ይሻላል።,Suggestion,3,Suggestion_06,val
395,ጎበዝ! በጣም ጥሩ ስራ ሰራህ ሹፌሩ፣ ሰነዱን አበላሸኸው።,Sarcasm/Irony,5,Sarcasm/Irony_02,train
396,ደብዳቤው ገና ወደ ቢሮ ነገ ጠዋት አልደረሰኝም።,Complaint,6,Complaint_07,train
397,እባክሽ መሳሪያውን በሚቀጥለው ሳምንት አምጪልኝ።,Request,0,Request_09,test
398,እባክዎ ካርታውን ለአስተማሪዋ በዚህ አመት ይላኩልኝ።,Request,0,Request_00,train
399,እባክዎ ለደንበኛው ደረሰኙን ያድርሱ።,Request,0,Request_14,test
400,ከባልደረባዬ ጋር ነገ በቤት እገናኛለሁ።,Promise,8,Promise_04,val
401,ክፍያ ብከፍልም ከማህበሩ አገልግሎት በሚቀጥለው ወር አላገኘሁም።,Complaint,6,Complaint_10,val
402,ቁልፉ ገና ወደ ፍርድ ቤት ከአንድ ሰዓት በኋላ አልደረሰኝም።,Complaint,6,Complaint_07,train
403,እባክህ ለደረሰኙ ይህን ዘዴ ከሰዓት በኋላ ተጠቀም።,Suggestion,3,Suggestion_04,train
404,እባክዎ መስኮቱን ለአለቃዬ ነገ ከሰዓት በኋላ ይላኩልኝ።,Request,0,Request_00,train
405,ትዕዛዙ ገና ወደ መንገድ ላይ በዚህ አመት አልደረሰኝም።,Complaint,6,Complaint_07,train
406,እንኳን ደስ አለህ መሐንዲሱ፣ ስለ ልብሱ እንደገና ተሳስተሃል።,Sarcasm/Irony,5,Sarcasm/Irony_13,train
407,እባክዎ ለስራ አስኪያጁ ገንዘቡን ያድርሱ።,Request,0,Request_14,test
408,እባክዎ ልብሱን ለሚኒስትሩ ከዛሬ ጀምሮ ይላኩልኝ።,Request,0,Request_00,train
409,ደብዳቤው ገና ወደ ባንክ በሚቀጥለው አመት አልደረሰኝም።,Complaint,6,Complaint_07,train
410,ቤቱ ገና ወደ ፍርድ ቤት በዚህ ወር አልደረሰኝም።,Complaint,6,Complaint_07,train
411,በፋብሪካ ትንሽ እረፍት በስብሰባው ወቅት ብንወስድ ጥሩ ነው።,Suggestion,3,Suggestion_09,test
412,ልብሱ ከመምህሩ አጠገብ አደገኛ ሊሆን ይችላል።,Warning,4,Warning_01,test
413,ስራ አስኪያጁ ስብሰባውን ከሰዓት በኋላ መርተዋል።,Assertion,1,Assertion_03,val
414,ሚኒስትሩ ወደ መንገድ ላይ ከአንድ ሰዓት በኋላ ሄደዋል።,Assertion,1,Assertion_07,train
415,እባክዎ ይቅርታ፣ ውሉን ከዛሬ ጀምሮ ማቅረብ አልችልም።,Refusal,2,Refusal_09,train
416,ስቱዲዮው ነገ ጠዋት አዲስ ሰራተኞችን ቀጥሯል።,Assertion,1,Assertion_09,train
417,ሰነዱ ገና ወደ ፖሊስ ጣቢያ በዚህ ሳምንት አልደረሰኝም።,Complaint,6,Complaint_07,train
418,መንግስት ቃል የገባውን ነገ አላከበረም።,Complaint,6,Complaint_02,test
419,ድርጅቱ ስለ ገንዘቡ ማስጠንቀቂያ በስብሰባው ወቅት አውጥቷል።,Warning,4,Warning_08,train
420,የውሃው ወጪውን በቢሮ ብንቀንስ የተሻለ ነው።,Suggestion,3,Suggestion_13,train
421,እባክሽ መኪናውን በስብሰባው ወቅት አምጪልኝ።,Request,0,Request_09,test
422,ይህ ካርታው ከባንኩ ጥራት የለውም።,Complaint,6,Complaint_00,val
423,ደረሰኙ ገና ወደ ሱቅ በዚህ ወር አልደረሰኝም።,Complaint,6,Complaint_07,train
424,ባልደረባዬ ወደ ባንክ ከሶስት ሰዓት በኋላ ሄደዋል።,Assertion,1,Assertion_07,train
425,ቤቱ ገና ወደ ስብሰባ ክፍል ከሁለት ቀናት በኋላ አልደረሰኝም።,Complaint,6,Complaint_07,train
426,ሹፌሩ፣ እንደምን አደርክ ከአንድ ሰዓት በኋላ?,Phatic,7,Phatic_01,train
427,እባክዎ ቡናውን ለዶክተሩ ከጥቂት ደቂቃዎች በኋላ ይላኩልኝ።,Request,0,Request_00,train
428,እርግጠኛ ነኝ ሚኒስትሩ በዚህ ወር ይደርሳሉ፣ እንደ ሁልጊዜው።,Sarcasm/Irony,5,Sarcasm/Irony_05,test
429,የካርታው ችግር ዛሬ ከመምህሩ ጋር እፈታለሁ።,Promise,8,Promise_11,train
430,በከተማው ውስጥ ትንሽ እረፍት ከሰዓት በኋላ ብንወስድ ጥሩ ነው።,Suggestion,3,Suggestion_09,test
431,ስለ ዕቃው ከጠበቃው ጋር ማሰብ ይኖርብናል።,Suggestion,3,Suggestion_03,train
432,እባክዎ ፋይሉን ለባልደረባዬ ነገ ከሰዓት በኋላ ይላኩልኝ።,Request,0,Request_00,train
433,ጎበዝ! በጣም ጥሩ ስራ ሰራህ ጋዜጠኛው፣ ማሽኑን አበላሸኸው።,Sarcasm/Irony,5,Sarcasm/Irony_02,train
434,እሰይ፣ ሌላ ችግር በከተማው ውስጥ በስብሰባው ወቅት፣ ልክ የሚያስፈልገን ይሄው ነበር።,Sarcasm/Irony,5,Sarcasm/Irony_07,train
435,መስኮቱ ገና ወደ ባንክ ከሁለት ቀናት በኋላ አልደረሰኝም።,Complaint,6,Complaint_07,train
436,ሰላም ሹፌሩ፣ ነገ እንዴት ነህ?,Phatic,7,Phatic_00,train
437,መምህሩ ወደ መንገድ ላይ በዚህ አመት ሄደዋል።,Assertion,1,Assertion_07,train
438,ያልተፈቀደ ግቢ ወደ ገበያ ነገ አይግቡ።,Warning,4,Warning_09,test
439,አዎ በእርግጥ፣ አስተማሪዋ ነገ ጠዋት ትመጣለህ ብዬ አላምንም።,Sarcasm/Irony,5,Sarcasm/Irony_01,test
440,ይህን ፋይሉን ከጓደኛዬ መቀበል አልችልም።,Refusal,2,Refusal_03,train
441,ደብዳቤው ገና ወደ ፖሊስ ጣቢያ በሚቀጥለው አመት አልደረሰኝም።,Complaint,6,Complaint_07,train
442,እባክዎ በሩን ለባልደረባዬ በዚህ አመት ይላኩልኝ።,Request,0,Request_00,train
443,ጠበቃው ስብሰባውን ከሰዓት በኋላ መርተዋል።,Assertion,1,Assertion_03,val
444,እባክዎ መልእክቱን ለነጋዴው በሚቀጥለው ወር ይላኩልኝ።,Request,0,Request_00,train
445,እሰይ፣ ሌላ ችግር በገበያ ከአንድ ሰዓት በኋላ፣ ልክ የሚያስፈልገን ይሄው ነበር።,Sarcasm/Irony,5,Sarcasm/Irony_07,train
446,መልእክቱ ገና ወደ ባንክ በዚህ ሳምንት አልደረሰኝም።,Complaint,6,Complaint_07,train
447,በዚህ አመት በሆስፒታል መገኘት አልችልም።,Refusal,2,Refusal_04,val
448,እንዴት ጎበዝ ነህ ስራ አስኪያጁ፣ ውሉን ሰብረኸዋል!,Sarcasm/Irony,5,Sarcasm/Irony_00,train
449,ስለ ሂሳቡ ከባልደረባዬ ጋር ማሰብ ይኖርብናል።,Suggestion,3,Suggestion_03,train
450,ስራው ነገ ከሰዓት በኋላ ተጠናቅቋል።,Assertion,1,Assertion_06,test
451,ደንበኛው ስብሰባውን ነገ ከሰዓት በኋላ መርተዋል።,Assertion,1,Assertion_03,val
452,ፕሮጀክቱን ከሁለት ቀናት በኋላ ከባልደረባዬ ጋር ብንጀምር ይሻላል።,Suggestion,3,Suggestion_08,val
453,የውሃው ችግር ነገ ከጠበቃው ጋር እፈታለሁ።,Promise,8,Promise_11,train
454,ከመሐንዲሱ ጋር ነገ ጠዋት በቢሮ እገናኛለሁ።,Promise,8,Promise_04,val
455,እባክዎ ሂሳቡን በሚቀጥለው አመት ይላኩልኝ።,Request,0,Request_13,val
456,ስልኩን በጥንቃቄ ለአስተማሪዋ እይዛለሁ።,Promise,8,Promise_07,train
457,ስቱዲዮው ስለ መልእክቱ ማስጠንቀቂያ በዚህ ሳምንት አውጥቷል።,Warning,4,Warning_08,train
458,እባክዎ መጽሐፉን ወደ ፋብሪካ ይላኩ።,Request,0,Request_06,test
459,እንዴት ጎበዝ ነህ ጓደኛዬ፣ ፋይሉን ሰብረኸዋል!,Sarcasm/Irony,5,Sarcasm/Irony_00,train
460,ነጋዴው፣ ቤተሰብ በመንገድ ላይ እንዴት ናቸው?,Phatic,7,Phatic_05,val
461,ሚኒስትሩ ወደ ቤት ከሶስት ሰዓት በኋላ ሄደዋል።,Assertion,1,Assertion_07,train
462,ለመምህሩ የገባሁትን ቃል በዚህ አመት አከብራለሁ።,Promise,8,Promise_08,test
463,ስለ ደረሰኙ ጉዳይ ከባልደረባዬ ጋር እንወያይ።,Suggestion,3,Suggestion_10,train
464,ጤና ይስጥልኝ ጠበቃው፣ በሚቀጥለው ወር ደህና ነህ?,Phatic,7,Phatic_12,train
465,ቅሬታዬን ለዶክተሩ ነገ ብናገርም ማንም አልሰማኝም።,Complaint,6,Complaint_14,val
466,እንዴት ጥሩ ነው ደንበኛው፣ ዛሬ ማታ ደግሞ ዘገየ።,Sarcasm/Irony,5,Sarcasm/Irony_10,val
467,በፖሊስ ጣቢያ ትንሽ እረፍት በስብሰባው ወቅት ብንወስድ ጥሩ ነው።,Suggestion,3,Suggestion_09,test
468,እባክዎ ምርቱን ለጋዜጠኛው በሚቀጥለው አመት ይላኩልኝ።,Request,0,Request_00,train
469,በመንግስት አዲስ ስልት በሚቀጥለው ወር እንተግብር።,Suggestion,3,Suggestion_14,test
470,የማሽኑ ዋጋውን በዚህ አመት ብንቀንስ ደንበኞች ይጨምራሉ።,Suggestion,3,Suggestion_07,train
471,ከሚኒስትሩ ጋር በዚህ ሳምንት በአውሮፕላን ማረፊያ እገናኛለሁ።,Promise,8,Promise_04,val
472,እባክዎ መልእክቱን ለሹፌሩ ከጥቂት ደቂቃዎች በኋላ ይላኩልኝ።,Request,0,Request_00,train
473,እንኳን ደስ አለህ ዶክተሩ፣ ስለ ፋይሉ እንደገና ተሳስተሃል።,Sarcasm/Irony,5,Sarcasm/Irony_13,train
474,ቤቱ ከአስተማሪዋ አጠገብ አደገኛ ሊሆን ይችላል።,Warning,4,Warning_01,test
475,የደብዳቤው ችግር ነገ ጠዋት ከነጋዴው ጋር እፈታለሁ።,Promise,8,Promise_11,train
476,በጣም ጎበዝ ነው ኩባንያው፣ በሱቅ ደንበኞችን ችላ ይላል።,Sarcasm/Irony,5,Sarcasm/Irony_06,test
477,እባክዎ መሳሪያውን ለአለቃዬ በዚህ ወር ይላኩልኝ።,Request,0,Request_00,train
478,ምርቱን በጥንቃቄ ከአለቃዬ ጋር ብንመረምር ይሻላል።,Suggestion,3,Suggestion_11,val
479,ስለ በሩ ከመምህሩ ጋር ማሰብ ይኖርብናል።,Suggestion,3,Suggestion_03,train
480,ባንኩ ቃል የገባውን ከዛሬ ጀምሮ ያከብራል።,Promise,8,Promise_14,test
481,ከጓደኛዬ ጋር በሚቀጥለው ወር በትምህርት ቤት እገናኛለሁ።,Promise,8,Promise_04,val
482,ዛሬ ማታ በአውሮፕላን ማረፊያ ከባድ ዝናብ ሊዘንብ ይችላል ተጠንቀቁ።,Warning,4,Warning_03,test
483,ስለ ደረሰኙ ጉዳይ ከፖሊሱ ጋር እንወያይ።,Suggestion,3,Suggestion_10,train
484,ወደ ቤት ዛሬ ማታ መሄድ አልችልም።,Refusal,2,Refusal_13,test
485,እባክዎ ይቅርታ፣ ውሉን ከሁለት ቀናት በኋላ ማቅረብ አልችልም።,Refusal,2,Refusal_09,train
486,ስለ ኮምፒዩተሩ ከመምህሩ ጋር ማሰብ ይኖርብናል።,Suggestion,3,Suggestion_03,train
487,ፖሊሱ ወደ ትምህርት ቤት በስብሰባው ወቅት ሄደዋል።,Assertion,1,Assertion_07,train
488,ፖሊሱ ወደ ቢሮ በዚህ ሳምንት ሄደዋል።,Assertion,1,Assertion_07,train
489,ይህን ውሃውን ከባልደረባዬ መቀበል አልችልም።,Refusal,2,Refusal_03,train
490,ጠበቃው ወደ ሱቅ በዚህ ሳምንት ሄደዋል።,Assertion,1,Assertion_07,train
491,በገበያ በሚቀጥለው ሳምንት ንጽህና ጎድሏል።,Complaint,6,Complaint_13,test
492,ቁልፉ ገና ወደ መጋዘን በስብሰባው ወቅት አልደረሰኝም።,Complaint,6,Complaint_07,train
493,የሪፖርቱ ችግር በስብሰባው ወቅት ከጋዜጠኛው ጋር እፈታለሁ።,Promise,8,Promise_11,train
494,መንግስት ስለ መልእክቱ ማስጠንቀቂያ ከምሽቱ ጀምሮ አውጥቷል።,Warning,4,Warning_08,train
495,ልብሱ ገና ወደ ቤት ከምሽቱ ጀምሮ አልደረሰኝም።,Complaint,6,Complaint_07,train
496,ጤና ይስጥልኝ ጓደኛዬ፣ በስብሰባው ወቅት ደህና ነህ?,Phatic,7,Phatic_12,train
497,ድርጅቱ ስለ ቦርሳው ማስጠንቀቂያ ከጥቂት ደቂቃዎች በኋላ አውጥቷል።,Warning,4,Warning_08,train
498,እባክዎ ፕሮጀክቱን ለመምህሩ በዚህ ወር ይላኩልኝ።,Request,0,Request_00,train
499,እባክህ ለስልኩ ይህን ዘዴ ከአንድ ሰዓት በኋላ ተጠቀም።,Suggestion,3,Suggestion_04,train
500,ማዕከሉ ስለ ዕቃው ማስጠንቀቂያ በሚቀጥለው አመት አውጥቷል።,Warning,4,Warning_08,train
501,እባክዎ ትዕዛዙን ለጋዜጠኛው ነገ ጠዋት ይላኩልኝ።,Request,0,Request_00,train
502,ጥያቄው ገና ወደ ሆስፒታል ዛሬ አልደረሰኝም።,Complaint,6,Complaint_07,train
503,የትዕዛዙ ዋጋ በሆስፒታል በጣም ውድ ነው።,Complaint,6,Complaint_05,val
504,ሰነዱ ገና ወደ ስብሰባ ክፍል ዛሬ አልደረሰኝም።,Complaint,6,Complaint_07,train
505,ስለ ጥያቄው ጉዳይ ከጋዜጠኛው ጋር እንወያይ።,Suggestion,3,Suggestion_10,train
506,የመስኮቱ ደረሰኝ ከፋብሪካው የተበላሸ ነው።,Complaint,6,Complaint_08,val
507,እቅዱን ዛሬ ማታ ከፋብሪካው ጋር እናሻሽል።,Suggestion,3,Suggestion_12,train
508,ጋዜጠኛው ወደ ከተማው ውስጥ ከሁለት ቀናት በኋላ ሄደዋል።,Assertion,1,Assertion_07,train
509,እባክዎ ይቅርታ፣ ቦርሳውን ዛሬ ማቅረብ አልችልም።,Refusal,2,Refusal_09,train
510,አለቃዬ፣ ጤና ይስጥልኝ በሆስፒታል።,Phatic,7,Phatic_03,train
511,በጣም ደግ ነህ መሐንዲሱ፣ በፋብሪካ ምንም እርዳታ አልሰጠኸኝም።,Sarcasm/Irony,5,Sarcasm/Irony_12,train
512,ኤጀንሲው ቃል የገባውን በዚህ አመት አላከበረም።,Complaint,6,Complaint_02,test
513,እባክዎ ስጦታውን ለጋዜጠኛው ከሶስት ሰዓት በኋላ ይላኩልኝ።,Request,0,Request_00,train
514,እንዴት ጎበዝ ነህ መምህሩ፣ ፋይሉን ሰብረኸዋል!,Sarcasm/Irony,5,Sarcasm/Irony_00,train
515,ይቅርታ፣ መጽሐፉን ከሰዓት በኋላ ማድረግ አልችልም።,Refusal,2,Refusal_00,train
516,እባክህ ለትዕዛዙ ይህን ዘዴ ከሁለት ቀናት በኋላ ተጠቀም።,Suggestion,3,Suggestion_04,train
517,ኮምፒዩተሩን በጥንቃቄ ከነጋዴው ጋር ብንመረምር ይሻላል።,Suggestion,3,Suggestion_11,val
518,ማህበሩ ስለ መጽሐፉ ማስጠንቀቂያ ከዛሬ ጀምሮ አውጥቷል።,Warning,4,Warning_08,train
519,እባክህ ይቅርታ አድርግልኝ፣ ወደ መንገድ ላይ ዛሬ መምጣት አልችልም።,Refusal,2,Refusal_01,test
520,ሂሳቡ ከነጋዴው አጠገብ አደገኛ ሊሆን ይችላል።,Warning,4,Warning_01,test
521,ይቅርታ፣ ፋይሉን ከሁለት ቀናት በኋላ ማድረግ አልችልም።,Refusal,2,Refusal_00,train
522,እባክዎ ይቅርታ፣ ስጦታውን ከሁለት ቀናት በኋላ ማቅረብ አልችልም።,Refusal,2,Refusal_09,train
523,ከአስተማሪዋ ጋር ከጥቂት ደቂቃዎች በኋላ በሱቅ እገናኛለሁ።,Promise,8,Promise_04,val
524,ወደ ቢሮ በሚቀጥለው አመት እንሂድ።,Suggestion,3,Suggestion_01,test
525,ጠበቃው ለቅሬታዬ ምላሽ በዚህ አመት አልሰጡም።,Complaint,6,Complaint_06,val
526,ፖሊሱ ለቅሬታዬ ምላሽ በሚቀጥለው ሳምንት አልሰጡም።,Complaint,6,Complaint_06,val
527,እንዴት ደስ ይላል፣ ዶክተሩ እንደገና በሚቀጥለው አመት ዘገዩ።,Sarcasm/Irony,5,Sarcasm/Irony_03,train
528,ገንዘቡን ለፖሊሱ ነገ ጠዋት እከፍላለሁ።,Promise,8,Promise_02,test
529,ሚኒስቴሩ ስለ መኪናው ማስጠንቀቂያ በዚህ ወር አውጥቷል።,Warning,4,Warning_08,train
530,ሚኒስቴሩ ስለ ጥያቄው ማስጠንቀቂያ ከአንድ ሰዓት በኋላ አውጥቷል።,Warning,4,Warning_08,train
531,አለቃዬ ወደ ስብሰባ ክፍል ነገ ሄደዋል።,Assertion,1,Assertion_07,train
532,ስቱዲዮው ከጥቂት ደቂቃዎች በኋላ አዲስ ሰራተኞችን ቀጥሯል።,Assertion,1,Assertion_09,train
533,ጎበዝ! በጣም ጥሩ ስራ ሰራህ ጠበቃው፣ መሳሪያውን አበላሸኸው።,Sarcasm/Irony,5,Sarcasm/Irony_02,train
534,እባክዎ ስጦታውን ለመሐንዲሱ በሳምንቱ መጨረሻ ይላኩልኝ።,Request,0,Request_00,train
535,ስቱዲዮው ስለ ምርቱ ማስጠንቀቂያ ከሰዓት በኋላ አውጥቷል።,Warning,4,Warning_08,train
536,የመልእክቱ ችግር ነገ ከሰዓት በኋላ ከአለቃዬ ጋር እፈታለሁ።,Promise,8,Promise_11,train
537,እባክዎ ይቅርታ፣ መስኮቱን ዛሬ ማቅረብ አልችልም።,Refusal,2,Refusal_09,train
538,የድርጅቱ ስልክ ከዛሬ ጀምሮ አይነሳም።,Complaint,6,Complaint_11,test
539,ደህና እደር ጓደኛዬ፣ በሚቀጥለው ወር እንገናኝ።,Phatic,7,Phatic_06,train
540,የመጽሐፉ ችግር ነገ ከሰዓት በኋላ ከፖሊሱ ጋር እፈታለሁ።,Promise,8,Promise_11,train
541,ማህበሩ ስለ ፋይሉ ማስጠንቀቂያ ከሶስት ሰዓት በኋላ አውጥቷል።,Warning,4,Warning_08,train
542,አመሰግናለሁ ስራ አስኪያጁ፣ ደህና ዋል በመንገድ ላይ።,Phatic,7,Phatic_08,train
543,በጣም ትክክለኛ ነው ጓደኛዬ፣ በአውሮፕላን ማረፊያ ሁልጊዜ እንደዚህ ይሆናል።,Sarcasm/Irony,5,Sarcasm/Irony_08,val
544,ሚኒስቴሩ ስለ ውሃው ማስጠንቀቂያ ነገ አውጥቷል።,Warning,4,Warning_08,train
545,የውሃው ችግር ዛሬ ከደንበኛው ጋር እፈታለሁ።,Promise,8,Promise_11,train
546,ይህን ገንዘቡን ከስራ አስኪያጁ መቀበል አልችልም።,Refusal,2,Refusal_03,train
547,ስለ ፕሮጀክቱ ከፖሊሱ ጋር ማሰብ ይኖርብናል።,Suggestion,3,Suggestion_03,train
548,እንደምን አለህ በፍርድ ቤት፣ መሐንዲሱ?,Phatic,7,Phatic_11,val
549,አዎ በእርግጥ፣ ጠበቃው ከዛሬ ጀምሮ ትመጣለህ ብዬ አላምንም።,Sarcasm/Irony,5,Sarcasm/Irony_01,test
550,ፕሮጀክቱን ከምሽቱ ጀምሮ ከዶክተሩ ጋር ብንጀምር ይሻላል።,Suggestion,3,Suggestion_08,val
551,እንዴት ጥሩ ነው መምህሩ፣ ዛሬ ማታ ደግሞ ዘገየ።,Sarcasm/Irony,5,Sarcasm/Irony_10,val
552,መሐንዲሱ ወደ ትምህርት ቤት ነገ ጠዋት ሄደዋል።,Assertion,1,Assertion_07,train
553,ተጠንቀቅ፣ ዛሬ መጋዘን ውስጥ አደጋ አለ።,Warning,4,Warning_00,val
554,እንዴት ጥሩ ነው ጓደኛዬ፣ በሚቀጥለው ሳምንት ደግሞ ዘገየ።,Sarcasm/Irony,5,Sarcasm/Irony_10,val
555,ከጠበቃው ጋር ከአንድ ሰዓት በኋላ በመጋዘን እገናኛለሁ።,Promise,8,Promise_04,val
556,ጎበዝ ስራ ባልደረባዬ፣ ስልኩ ሙሉ በሙሉ ፈርሷል።,Sarcasm/Irony,5,Sarcasm/Irony_09,train
557,ጎበዝ ስራ ጠበቃው፣ ትዕዛዙ ሙሉ በሙሉ ፈርሷል።,Sarcasm/Irony,5,Sarcasm/Irony_09,train
558,ገንዘቡ ገና ወደ ሆስፒታል በዚህ ወር አልደረሰኝም።,Complaint,6,Complaint_07,train
559,ደህና እደር መምህሩ፣ ከሶስት ሰዓት በኋላ እንገናኝ።,Phatic,7,Phatic_06,train
560,እባክዎ ለመሐንዲሱ ጥያቄውን ያድርሱ።,Request,0,Request_14,test
561,እንኳን ደስ አለህ መምህሩ፣ ስለ ውሃው እንደገና ተሳስተሃል።,Sarcasm/Irony,5,Sarcasm/Irony_13,train
562,በጣም ውጤታማ ነው ስቱዲዮው፣ በነገ ጠዋት ምንም አልተሰራም።,Sarcasm/Irony,5,Sarcasm/Irony_14,val
563,የቡናው ዋጋውን በሚቀጥለው ሳምንት ብንቀንስ ደንበኞች ይጨምራሉ።,Suggestion,3,Suggestion_07,train
564,ይህን ውሃውን ከደንበኛው መቀበል አልችልም።,Refusal,2,Refusal_03,train
565,እባክዎ ቦርሳውን ለነጋዴው በሳምንቱ መጨረሻ ይላኩልኝ።,Request,0,Request_00,train
566,ሚኒስቴሩ ስለ ማሽኑ ማስጠንቀቂያ ከሶስት ሰዓት በኋላ አውጥቷል።,Warning,4,Warning_08,train
567,ስጦታው ገና ወደ ፋብሪካ ከዛሬ ጀምሮ አልደረሰኝም።,Complaint,6,Complaint_07,train
568,እሰይ፣ ሌላ ችግር በፋብሪካ ከጥቂት ደቂቃዎች በኋላ፣ ልክ የሚያስፈልገን ይሄው ነበር።,Sarcasm/Irony,5,Sarcasm/Irony_07,train
569,በሩ ገና ወደ ባንክ ነገ ከሰዓት በኋላ አልደረሰኝም።,Complaint,6,Complaint_07,train
570,እባክዎ ለሚኒስትሩ ሰነዱን ያድርሱ።,Request,0,Request_14,test
571,እባክዎ ይቅርታ፣ ካርታውን በሚቀጥለው አመት ማቅረብ አልችልም።,Refusal,2,Refusal_09,train
572,እባክዎ ኮምፒዩተሩን ለሹፌሩ በዚህ ሳምንት ይላኩልኝ።,Request,0,Request_00,train
573,የሰነዱ ችግር በዚህ ሳምንት ከመሐንዲሱ ጋር እፈታለሁ።,Promise,8,Promise_11,train
574,የመጽሐፉ ገመድ በፖሊስ ጣቢያ አደገኛ ነው ተጠንቀቁ።,Warning,4,Warning_07,train
575,ከስራ አስኪያጁ ጋር ስለ ቡናው ጉዳይ መስማማት አልችልም።,Refusal,2,Refusal_06,train
576,እባክዎ ትዕዛዙን ለሹፌሩ ከአንድ ሰዓት በኋላ ይላኩልኝ።,Request,0,Request_00,train
577,የመልእክቱ ችግር ነገ ከደንበኛው ጋር እፈታለሁ።,Promise,8,Promise_11,train
578,ድርጅቱ ስለ ሰነዱ ማስጠንቀቂያ በዚህ አመት አውጥቷል።,Warning,4,Warning_08,train
579,ድርጅቱ ስለ ዕቃው ማስጠንቀቂያ በሚቀጥለው ሳምንት አውጥቷል።,Warning,4,Warning_08,train
580,እባክዎ ይቅርታ፣ ስጦታውን ዛሬ ማታ ማቅረብ አልችልም።,Refusal,2,Refusal_09,train
581,ይህን ውሉን ከጠበቃው ጋር በጥንቃቄ ያዙ።,Warning,4,Warning_04,val
582,ድርጅቱ ስለ ቡናው ማስጠንቀቂያ በዚህ ሳምንት አውጥቷል።,Warning,4,Warning_08,train
583,ፖሊሱ፣ ጤና ይስጥልኝ በፋብሪካ።,Phatic,7,Phatic_03,train
584,በዚህ ወር በሆስፒታል ስብሰባ እናድርግ።,Suggestion,3,Suggestion_02,train
585,እባክህ ለካርታው ይህን ዘዴ ነገ ከሰዓት በኋላ ተጠቀም።,Suggestion,3,Suggestion_04,train
586,እንኳን ደስ አለህ ባልደረባዬ፣ ስለ ደብዳቤው እንደገና ተሳስተሃል።,Sarcasm/Irony,5,Sarcasm/Irony_13,train
587,እባክዎ ልብሱን ለባልደረባዬ በስብሰባው ወቅት ይላኩልኝ።,Request,0,Request_00,train
588,ሪፖርቱ ገና ወደ ከተማው ውስጥ በዚህ ወር አልደረሰኝም።,Complaint,6,Complaint_07,train
589,እንኳን ደስ አለህ አስተማሪዋ ከሰዓት በኋላ።,Phatic,7,Phatic_07,train
590,መሐንዲሱ ወደ ስብሰባ ክፍል ከምሽቱ ጀምሮ ሄደዋል።,Assertion,1,Assertion_07,train
591,እንኳን አደረሳችሁ ሚኒስትሩ፣ በቢሮ።,Phatic,7,Phatic_14,test
592,ደህና ነገ ከሰዓት በኋላ ይሁንልህ ሚኒስትሩ።,Phatic,7,Phatic_02,train
593,እባክዎ ደብዳቤውን ከጥቂት ደቂቃዎች በኋላ ይላኩልኝ።,Request,0,Request_13,val
594,ስራ አስኪያጁ ወደ ፋብሪካ ከምሽቱ ጀምሮ ሄደዋል።,Assertion,1,Assertion_07,train
595,መልእክቱን ከሶስት ሰዓት በኋላ ብንሞክር ጥሩ ይሆናል።,Suggestion,3,Suggestion_00,train
596,ነጋዴው ወደ ትምህርት ቤት ከሶስት ሰዓት በኋላ ሄደዋል።,Assertion,1,Assertion_07,train
597,እርግጠኛ ነኝ ጓደኛዬ ከጥቂት ደቂቃዎች በኋላ ይደርሳሉ፣ እንደ ሁልጊዜው።,Sarcasm/Irony,5,Sarcasm/Irony_05,test
598,ገንዘቡን ለዶክተሩ በዚህ ወር እከፍላለሁ።,Promise,8,Promise_02,test
599,ገንዘቡ ከዶክተሩ አጠገብ አደገኛ ሊሆን ይችላል።,Warning,4,Warning_01,test
600,እንዴት ጎበዝ ነህ ጋዜጠኛው፣ መልእክቱን ሰብረኸዋል!,Sarcasm/Irony,5,Sarcasm/Irony_00,train
601,ሪፖርቱን ለዶክተሩ ከምሽቱ ጀምሮ አቀርባለሁ።,Promise,8,Promise_05,train
602,በጣም ደግ ነህ አለቃዬ፣ በመንገድ ላይ ምንም እርዳታ አልሰጠኸኝም።,Sarcasm/Irony,5,Sarcasm/Irony_12,train
603,ጠበቃው ወደ መጋዘን በሚቀጥለው ሳምንት ሄደዋል።,Assertion,1,Assertion_07,train
604,የጥያቄው ችግር ዛሬ ከስራ አስኪያጁ ጋር እፈታለሁ።,Promise,8,Promise_11,train
605,ፋብሪካው ስለ ምርቱ ማስጠንቀቂያ በስብሰባው ወቅት አውጥቷል።,Warning,4,Warning_08,train
606,በጣም ብልህ ነህ አለቃዬ፣ ልብሱን ረሳኸው።,Sarcasm/Irony,5,Sarcasm/Irony_04,train
607,ሹፌሩ ወደ ቢሮ በሚቀጥለው ወር ሄደዋል።,Assertion,1,Assertion_07,train
608,የውሉ ችግር በሚቀጥለው ሳምንት ከአስተማሪዋ ጋር እፈታለሁ።,Promise,8,Promise_11,train
609,እባክዎ መሳሪያውን ለጋዜጠኛው ከሶስት ሰዓት በኋላ ይላኩልኝ።,Request,0,Request_00,train
610,እንኳን ደስ አለህ አለቃዬ ከሁለት ቀናት በኋላ።,Phatic,7,Phatic_07,train
611,የውሉ ችግር ከሰዓት በኋላ ከጓደኛዬ ጋር እፈታለሁ።,Promise,8,Promise_11,train
612,አለቃዬ ወደ ፍርድ ቤት ከዛሬ ጀምሮ ሄደዋል።,Assertion,1,Assertion_07,train
613,እንዴት ጎበዝ ነህ መሐንዲሱ፣ ሰነዱን ሰብረኸዋል!,Sarcasm/Irony,5,Sarcasm/Irony_00,train
614,በጣም ጎበዝ ነው ስቱዲዮው፣ በአውሮፕላን ማረፊያ ደንበኞችን ችላ ይላል።,Sarcasm/Irony,5,Sarcasm/Irony_06,test
615,ከአስተማሪዋ ጋር በዚህ ሳምንት በገበያ እገናኛለሁ።,Promise,8,Promise_04,val
616,ከሹፌሩ ጋር በሳምንቱ መጨረሻ በፋብሪካ እገናኛለሁ።,Promise,8,Promise_04,val
617,መሐንዲሱ ወደ ትምህርት ቤት በስብሰባው ወቅት ሄደዋል።,Assertion,1,Assertion_07,train
618,ስራ አስኪያጁ፣ ጤና ይስጥልኝ በትምህርት ቤት።,Phatic,7,Phatic_03,train
619,ጠበቃው ወደ ትምህርት ቤት ከአንድ ሰዓት በኋላ ሄደዋል።,Assertion,1,Assertion_07,train
620,ስራ አስኪያጁ ወደ ስብሰባ ክፍል ከሁለት ቀናት በኋላ ሄደዋል።,Assertion,1,Assertion_07,train
621,ሰላም ዶክተሩ፣ በዚህ ሳምንት እንዴት ነህ?,Phatic,7,Phatic_00,train
622,መንግስት ስለ ፋይሉ ማስጠንቀቂያ በስብሰባው ወቅት አውጥቷል።,Warning,4,Warning_08,train
623,ጓደኛዬ ወደ መንገድ ላይ ነገ ሄደዋል።,Assertion,1,Assertion_07,train
624,የመጽሐፉ ችግር በሚቀጥለው ወር ከአለቃዬ ጋር እፈታለሁ።,Promise,8,Promise_11,train
625,ቢያንስ አንዴ ኮምፒዩተሩን በሆስፒታል እንሞክር።,Suggestion,3,Suggestion_05,train
626,ይህን ኮምፒዩተሩን ከመምህሩ መቀበል አልችልም።,Refusal,2,Refusal_03,train
627,ጤና ይስጥልኝ ጠበቃው፣ ከጥቂት ደቂቃዎች በኋላ ደህና ነህ?,Phatic,7,Phatic_12,train
628,ዕቃው ገና ወደ ስብሰባ ክፍል በዚህ ወር አልደረሰኝም።,Complaint,6,Complaint_07,train
629,ጥንቃቄ ያድርጉ፣ በሚቀጥለው ሳምንት ትምህርት ቤት ይንሸራተታል።,Warning,4,Warning_02,train
630,እባክዎ ስልኩን ለፖሊሱ ዛሬ ማታ ይላኩልኝ።,Request,0,Request_00,train
631,እባክዎ ገንዘቡን ለሹፌሩ በሚቀጥለው ወር ይላኩልኝ።,Request,0,Request_00,train
632,እባክዎ ይቅርታ፣ ውሉን በዚህ ሳምንት ማቅረብ አልችልም።,Refusal,2,Refusal_09,train
633,እባክዎ ይቅርታ፣ ቦርሳውን ከምሽቱ ጀምሮ ማቅረብ አልችልም።,Refusal,2,Refusal_09,train
634,እባክዎ መሳሪያውን ለመሐንዲሱ በስብሰባው ወቅት ይላኩልኝ።,Request,0,Request_00,train
635,የፋይሉ ዋጋ በአውሮፕላን ማረፊያ በጣም ውድ ነው።,Complaint,6,Complaint_05,val
636,የመጽሐፉ ገመድ በስብሰባ ክፍል አደገኛ ነው ተጠንቀቁ።,Warning,4,Warning_07,train
637,ቤቱ ገና ወደ ሱቅ በዚህ አመት አልደረሰኝም።,Complaint,6,Complaint_07,train
638,ቢያንስ አንዴ ቤቱን በመጋዘን እንሞክር።,Suggestion,3,Suggestion_05,train
639,አመሰግናለሁ ባልደረባዬ፣ ደህና ዋል በገበያ።,Phatic,7,Phatic_08,train
640,ጤና ይስጥልኝ ነጋዴው፣ ከሁለት ቀናት በኋላ ደህና ነህ?,Phatic,7,Phatic_12,train
641,ከስራ አስኪያጁ ጋር ነገ በቤት እገናኛለሁ።,Promise,8,Promise_04,val
642,ነገ ወደ መንገድ ላይ እመጣለሁ።,Promise,8,Promise_00,train
643,ስለ ውሉ ጉዳይ ከደንበኛው ጋር እንወያይ።,Suggestion,3,Suggestion_10,train
644,ይቅርታ፣ ውሉን በሚቀጥለው ወር ማድረግ አልችልም።,Refusal,2,Refusal_00,train
645,ሚኒስትሩ ወደ ስብሰባ ክፍል ዛሬ ማታ ሄደዋል።,Assertion,1,Assertion_07,train
646,እንዴት ጎበዝ ነህ ዶክተሩ፣ ቤቱን ሰብረኸዋል!,Sarcasm/Irony,5,Sarcasm/Irony_00,train
647,ይህን ፋይሉን ከነጋዴው ጋር በጥንቃቄ ያዙ።,Warning,4,Warning_04,val
648,ሚኒስቴሩ ስለ ጥያቄው ማስጠንቀቂያ በሚቀጥለው ወር አውጥቷል።,Warning,4,Warning_08,train
649,መጽሐፉ ገና ወደ ፖሊስ ጣቢያ ከጥቂት ደቂቃዎች በኋላ አልደረሰኝም።,Complaint,6,Complaint_07,train
650,ለነጋዴው የገባሁትን ቃል ነገ ጠዋት አከብራለሁ።,Promise,8,Promise_08,test
651,እሰይ፣ ሌላ ችግር በአውሮፕላን ማረፊያ በሚቀጥለው አመት፣ ልክ የሚያስፈልገን ይሄው ነበር።,Sarcasm/Irony,5,Sarcasm/Irony_07,train
652,ይህን ውሃውን ከባልደረባዬ ጋር በጥንቃቄ ያዙ።,Warning,4,Warning_04,val
653,ማዕከሉ ስለ ደብዳቤው ማስጠንቀቂያ ነገ ጠዋት አውጥቷል።,Warning,4,Warning_08,train
654,ቢያንስ አንዴ ጥያቄውን በቤት እንሞክር።,Suggestion,3,Suggestion_05,train
655,ድርጅቱ ስለ መኪናው ማስጠንቀቂያ በስብሰባው ወቅት አውጥቷል።,Warning,4,Warning_08,train
656,በጣም ትክክለኛ ነው ጋዜጠኛው፣ በሱቅ ሁልጊዜ እንደዚህ ይሆናል።,Sarcasm/Irony,5,Sarcasm/Irony_08,val
657,ሰነዱ ገና ወደ ፋብሪካ በሚቀጥለው ወር አልደረሰኝም።,Complaint,6,Complaint_07,train
658,እባክዎ ሰነዱን ለዶክተሩ ከዛሬ ጀምሮ ይላኩልኝ።,Request,0,Request_00,train
659,አመሰግናለሁ ጓደኛዬ፣ ደህና ዋል በቤት።,Phatic,7,Phatic_08,train
660,እንዴት ጥሩ ነው መሐንዲሱ፣ ከጥቂት ደቂቃዎች በኋላ ደግሞ ዘገየ።,Sarcasm/Irony,5,Sarcasm/Irony_10,val
661,ይህን ቦርሳውን ያለ መምህሩ ትዕዛዝ አይውሰዱ።,Warning,4,Warning_12,val
662,ሚኒስቴሩ ስለ ደረሰኙ ማስጠንቀቂያ በሳምንቱ መጨረሻ አውጥቷል።,Warning,4,Warning_08,train
663,የሂሳቡ ችግር ከምሽቱ ጀምሮ ከአለቃዬ ጋር እፈታለሁ።,Promise,8,Promise_11,train
664,ስጦታው ገና ወደ አውሮፕላን ማረፊያ በሚቀጥለው ወር አልደረሰኝም።,Complaint,6,Complaint_07,train
665,እባክዎ በሩን ለዶክተሩ በሚቀጥለው አመት ይላኩልኝ።,Request,0,Request_00,train
666,ከመምህሩ ጋር ስለ ዕቃው ጉዳይ መስማማት አልችልም።,Refusal,2,Refusal_06,train
667,በጣም ብልህ ነህ ጓደኛዬ፣ ፕሮጀክቱን ረሳኸው።,Sarcasm/Irony,5,Sarcasm/Irony_04,train
668,ለመሐንዲሱ የገባሁትን ቃል ዛሬ አከብራለሁ።,Promise,8,Promise_08,test
669,የደረሰኙ ወጪውን በከተማው ውስጥ ብንቀንስ የተሻለ ነው።,Suggestion,3,Suggestion_13,train
670,እባክዎ ቡናውን ለጠበቃው ዛሬ ይላኩልኝ።,Request,0,Request_00,train
671,ሪፖርቱ ገና ወደ ቢሮ በሚቀጥለው ሳምንት አልደረሰኝም።,Complaint,6,Complaint_07,train
672,እባክሽ ፋይሉን በሚቀጥለው ወር አምጪልኝ።,Request,0,Request_09,test
673,ፍርድ ቤት ከዛሬ ጀምሮ ተከፍቷል።,Assertion,1,Assertion_14,train
674,በጣም ጎበዝ ነው ኤጀንሲው፣ በትምህርት ቤት ደንበኞችን ችላ ይላል።,Sarcasm/Irony,5,Sarcasm/Irony_06,test
675,ከዶክተሩ ጋር በስብሰባው ወቅት በስብሰባ ክፍል እገናኛለሁ።,Promise,8,Promise_04,val
676,እንኳን ደስ አለህ ደንበኛው፣ ስለ በሩ እንደገና ተሳስተሃል።,Sarcasm/Irony,5,Sarcasm/Irony_13,train
677,ባልደረባዬ ወደ መንገድ ላይ በሚቀጥለው ሳምንት ሄደዋል።,Assertion,1,Assertion_07,train
678,መንግስት ስለ መልእክቱ ማስጠንቀቂያ ነገ ጠዋት አውጥቷል።,Warning,4,Warning_08,train
679,የካርታው ችግር በሚቀጥለው ሳምንት ከመምህሩ ጋር እፈታለሁ።,Promise,8,Promise_11,train
680,ስቱዲዮው ስለ መጽሐፉ ማስጠንቀቂያ ከምሽቱ ጀምሮ አውጥቷል።,Warning,4,Warning_08,train
681,ሚኒስቴሩ ስለ ፋይሉ ማስጠንቀቂያ በሚቀጥለው ወር አውጥቷል።,Warning,4,Warning_08,train
682,ደረሰኙን በሚቀጥለው አመት ብንሞክር ጥሩ ይሆናል።,Suggestion,3,Suggestion_00,train
683,ሪፖርቱ ገና ወደ ስብሰባ ክፍል በሚቀጥለው ወር አልደረሰኝም።,Complaint,6,Complaint_07,train
684,ደህና እደር መሐንዲሱ፣ በሚቀጥለው ወር እንገናኝ።,Phatic,7,Phatic_06,train
685,ከደንበኛው ጋር ስለ ሰነዱ ጉዳይ መስማማት አልችልም።,Refusal,2,Refusal_06,train
686,ሚኒስቴሩ ስለ ስልኩ ማስጠንቀቂያ በሚቀጥለው ሳምንት አውጥቷል።,Warning,4,Warning_08,train
687,ስለ ውሉ ከአለቃዬ ጋር ማሰብ ይኖርብናል።,Suggestion,3,Suggestion_03,train
688,እባክዎ ሪፖርቱን ለነጋዴው ከሶስት ሰዓት በኋላ ይላኩልኝ።,Request,0,Request_00,train
689,ፖሊሱ ወደ ስብሰባ ክፍል ከምሽቱ ጀምሮ ሄደዋል።,Assertion,1,Assertion_07,train
690,እባክዎ ትዕዛዙን ለፖሊሱ ዛሬ ይላኩልኝ።,Request,0,Request_00,train
691,የካርታው ችግር ከጥቂት ደቂቃዎች በኋላ ከአስተማሪዋ ጋር እፈታለሁ።,Promise,8,Promise_11,train
692,ይቅርታ፣ ፕሮጀክቱን ከምሽቱ ጀምሮ ማድረግ አልችልም።,Refusal,2,Refusal_00,train
693,ነገ ከሰዓት በኋላ በፖሊስ ጣቢያ ስብሰባ እናድርግ።,Suggestion,3,Suggestion_02,train
694,ይህን መኪናውን ከባልደረባዬ መቀበል አልችልም።,Refusal,2,Refusal_03,train
695,እባክዎ ቁልፉን ለመሐንዲሱ በሳምንቱ መጨረሻ ይላኩልኝ።,Request,0,Request_00,train
696,እርግጠኛ ነኝ አስተማሪዋ ነገ ይደርሳሉ፣ እንደ ሁልጊዜው።,Sarcasm/Irony,5,Sarcasm/Irony_05,test
697,ሰላም ጓደኛዬ፣ በሳምንቱ መጨረሻ እንዴት ነህ?,Phatic,7,Phatic_00,train
698,ይቅርታ፣ ውሃውን ነገ ጠዋት ማድረግ አልችልም።,Refusal,2,Refusal_00,train
699,ይቅርታ፣ መሳሪያውን ከጥቂት ደቂቃዎች በኋላ ማድረግ አልችልም።,Refusal,2,Refusal_00,train
700,ስለ ዕቃው ጉዳይ ከደንበኛው ጋር እንወያይ።,Suggestion,3,Suggestion_10,train
701,ሰነዱ ገና ወደ ስብሰባ ክፍል ከዛሬ ጀምሮ አልደረሰኝም።,Complaint,6,Complaint_07,train
702,ኤጀንሲው ስለ ቡናው ማስጠንቀቂያ ከዛሬ ጀምሮ አውጥቷል።,Warning,4,Warning_08,train
703,ቦርሳው ገና ወደ ቤት ከጥቂት ደቂቃዎች በኋላ አልደረሰኝም።,Complaint,6,Complaint_07,train
704,የፕሮጀክቱ ችግር በሚቀጥለው ሳምንት ከአስተማሪዋ ጋር እፈታለሁ።,Promise,8,Promise_11,train
705,ከሹፌሩ ጋር ስለ ቦርሳው ጉዳይ መስማማት አልችልም።,Refusal,2,Refusal_06,train
706,ከስራ አስኪያጁ ጋር ስለ መሳሪያው ጉዳይ መስማማት አልችልም።,Refusal,2,Refusal_06,train
707,ትዕዛዙ ገና ወደ ሆስፒታል ዛሬ ማታ አልደረሰኝም።,Complaint,6,Complaint_07,train
708,ከጓደኛዬ ጋር ስለ ቦርሳው ጉዳይ መስማማት አልችልም።,Refusal,2,Refusal_06,train
709,ነገ ጠዋት በቤት መገኘት አልችልም።,Refusal,2,Refusal_04,val
710,ወደ ባንክ በዚህ አመት መሄድ አልችልም።,Refusal,2,Refusal_13,test
711,ጤና ይስጥልኝ መሐንዲሱ፣ በሳምንቱ መጨረሻ ደህና ነህ?,Phatic,7,Phatic_12,train
712,እባክህ ይቅርታ አድርግልኝ፣ ወደ አውሮፕላን ማረፊያ ነገ መምጣት አልችልም።,Refusal,2,Refusal_01,test
713,የጥያቄው ችግር ከሰዓት በኋላ ከአስተማሪዋ ጋር እፈታለሁ።,Promise,8,Promise_11,train
714,እባክዎ ውሃውን ለሹፌሩ ከጥቂት ደቂቃዎች በኋላ ይላኩልኝ።,Request,0,Request_00,train
715,እባክዎ ምርቱን ወደ ቢሮ ይላኩ።,Request,0,Request_06,test
716,ስቱዲዮው ስለ ምርቱ ማስጠንቀቂያ በሳምንቱ መጨረሻ አውጥቷል።,Warning,4,Warning_08,train
717,ጋዜጠኛው ወደ ባንክ ከዛሬ ጀምሮ ሄደዋል።,Assertion,1,Assertion_07,train
718,ጎበዝ! በጣም ጥሩ ስራ ሰራህ ስራ አስኪያጁ፣ ልብሱን አበላሸኸው።,Sarcasm/Irony,5,Sarcasm/Irony_02,train
719,አመሰግናለሁ አለቃዬ፣ ደህና ዋል በባንክ።,Phatic,7,Phatic_08,train
720,እባክዎ ቤቱን ለአስተማሪዋ በዚህ ወር ይላኩልኝ።,Request,0,Request_00,train
721,ባንኩ ስለ ፋይሉ ማስጠንቀቂያ በስብሰባው ወቅት አውጥቷል።,Warning,4,Warning_08,train
722,የሂሳቡ ችግር ከሶስት ሰዓት በኋላ ከዶክተሩ ጋር እፈታለሁ።,Promise,8,Promise_11,train
723,የምርቱ ዋጋ ከጥቂት ደቂቃዎች በኋላ ጨምሯል።,Assertion,1,Assertion_12,val
724,ጋዜጠኛው ወደ ፍርድ ቤት በሚቀጥለው አመት ሄደዋል።,Assertion,1,Assertion_07,train
725,ማህበሩ ስለ ቦርሳው ማስጠንቀቂያ በሚቀጥለው ሳምንት አውጥቷል።,Warning,4,Warning_08,train
726,ቢያንስ አንዴ ውሃውን በቢሮ እንሞክር።,Suggestion,3,Suggestion_05,train
727,በመንግስት አዲስ ስልት ከአንድ ሰዓት በኋላ እንተግብር።,Suggestion,3,Suggestion_14,test
728,ጠበቃው፣ ቤተሰብ በባንክ እንዴት ናቸው?,Phatic,7,Phatic_05,val
729,ነጋዴው፣ ስራ በባንክ እንዴት ነው?,Phatic,7,Phatic_09,val
730,ባልደረባዬ ወደ መጋዘን ከሰዓት በኋላ ሄደዋል።,Assertion,1,Assertion_07,train
731,መምህሩ ወደ ባንክ በሚቀጥለው ሳምንት ሄደዋል።,Assertion,1,Assertion_07,train
732,ገንዘብዎን ይጠብቁ፣ በሱቅ ነገ ጠዋት ስርቆት ተከስቷል።,Warning,4,Warning_05,val
733,እባክዎ ፋይሉን ለዶክተሩ በሚቀጥለው ሳምንት ይላኩልኝ።,Request,0,Request_00,train
734,ቃል እገባለሁ፣ ጥያቄውን ከሁለት ቀናት በኋላ አላዘገይም።,Promise,8,Promise_03,test
735,ይቅርታ፣ መስኮቱን በዚህ ወር ማድረግ አልችልም።,Refusal,2,Refusal_00,train
736,ይህን መኪናውን ከአለቃዬ ጋር በጥንቃቄ ያዙ።,Warning,4,Warning_04,val
737,እባክሽ ኮምፒዩተሩን በሚቀጥለው ወር አምጪልኝ።,Request,0,Request_09,test
738,እንዴት ደስ ይላል፣ ጓደኛዬ እንደገና በዚህ አመት ዘገዩ።,Sarcasm/Irony,5,Sarcasm/Irony_03,train
739,የኮምፒዩተሩ ችግር ነገ ከሰዓት በኋላ ከጋዜጠኛው ጋር እፈታለሁ።,Promise,8,Promise_11,train
740,ከሁለት ቀናት በኋላ በመንገድ ላይ መገኘት አልችልም።,Refusal,2,Refusal_04,val
741,እባክዎ መልእክቱን ለጓደኛዬ ነገ ጠዋት ይላኩልኝ።,Request,0,Request_00,train
742,ደብዳቤው ገና ወደ ቢሮ ከጥቂት ደቂቃዎች በኋላ አልደረሰኝም።,Complaint,6,Complaint_07,train
743,ውድቅ አደርገዋለሁ፣ ቡናው ስላልተመቸኝ።,Refusal,2,Refusal_08,val
744,ደህና ከአንድ ሰዓት በኋላ ይሁንልህ መሐንዲሱ።,Phatic,7,Phatic_02,train
745,ዶክተሩ ወደ ፖሊስ ጣቢያ ከጥቂት ደቂቃዎች በኋላ ሄደዋል።,Assertion,1,Assertion_07,train
746,በማህበሩ አዲስ ስልት ዛሬ ማታ እንተግብር።,Suggestion,3,Suggestion_14,test
747,ማሽኑ ገና ወደ ፖሊስ ጣቢያ በሚቀጥለው ሳምንት አልደረሰኝም።,Complaint,6,Complaint_07,train
748,ከአስተማሪዋ ጋር ስለ ፋይሉ ጉዳይ መስማማት አልችልም።,Refusal,2,Refusal_06,train
749,ጠበቃው ወደ ሱቅ ከአንድ ሰዓት በኋላ ሄደዋል።,Assertion,1,Assertion_07,train
750,ያልተፈቀደ ግቢ ወደ አውሮፕላን ማረፊያ ከሁለት ቀናት በኋላ አይግቡ።,Warning,4,Warning_09,test
751,እባክዎ ለባልደረባዬ ስለ ሰነዱ ይንገሩልኝ።,Request,0,Request_04,val
752,ይህን ቁልፉን ከጋዜጠኛው መቀበል አልችልም።,Refusal,2,Refusal_03,train
753,እባክዎ መሳሪያውን ለጠበቃው ከአንድ ሰዓት በኋላ ይላኩልኝ።,Request,0,Request_00,train
754,ሹፌሩ ስብሰባውን በሚቀጥለው አመት መርተዋል።,Assertion,1,Assertion_03,val
755,መንግስት ስለ ደብዳቤው ማስጠንቀቂያ ከዛሬ ጀምሮ አውጥቷል።,Warning,4,Warning_08,train
756,እባክዎ ካርታውን ለጓደኛዬ በሚቀጥለው አመት ይላኩልኝ።,Request,0,Request_00,train
757,በጣም ብልህ ነህ ስራ አስኪያጁ፣ ልብሱን ረሳኸው።,Sarcasm/Irony,5,Sarcasm/Irony_04,train
758,ፋይሉን ነገ ጠዋት ብንሞክር ጥሩ ይሆናል።,Suggestion,3,Suggestion_00,train
759,እንኳን አደረሳችሁ ጠበቃው፣ በቤት።,Phatic,7,Phatic_14,test
760,ፕሮጀክቱ ገና ወደ ስብሰባ ክፍል ነገ ጠዋት አልደረሰኝም።,Complaint,6,Complaint_07,train
761,መስኮቱ ገና ወደ ገበያ በዚህ አመት አልደረሰኝም።,Complaint,6,Complaint_07,train
762,እንዴት ጥሩ ነው ነጋዴው፣ ነገ ደግሞ ዘገየ።,Sarcasm/Irony,5,Sarcasm/Irony_10,val
763,እንኳን ደስ አለህ መምህሩ፣ ስለ ልብሱ እንደገና ተሳስተሃል።,Sarcasm/Irony,5,Sarcasm/Irony_13,train
764,ማህበሩ ስለ ትዕዛዙ ማስጠንቀቂያ በሚቀጥለው ሳምንት አውጥቷል።,Warning,4,Warning_08,train
765,ከደንበኛው ጋር ስለ ስጦታው ጉዳይ መስማማት አልችልም።,Refusal,2,Refusal_06,train
766,የመኪናው ችግር በሚቀጥለው ሳምንት ከአስተማሪዋ ጋር እፈታለሁ።,Promise,8,Promise_11,train
767,እንዴት ደስ ይላል፣ አለቃዬ እንደገና በሚቀጥለው ወር ዘገዩ።,Sarcasm/Irony,5,Sarcasm/Irony_03,train
768,አስተማሪዋ ወደ ትምህርት ቤት ከሁለት ቀናት በኋላ ሄደዋል።,Assertion,1,Assertion_07,train
769,የመስኮቱ ችግር በሚቀጥለው አመት ከጠበቃው ጋር እፈታለሁ።,Promise,8,Promise_11,train
770,ማሽኑ ገና ወደ ሆስፒታል ከሰዓት በኋላ አልደረሰኝም።,Complaint,6,Complaint_07,train
771,እንኳን ደስ አለህ ጓደኛዬ፣ ስለ ስልኩ እንደገና ተሳስተሃል።,Sarcasm/Irony,5,Sarcasm/Irony_13,train
772,በሚቀጥለው አመት በመጋዘን መገኘት አልችልም።,Refusal,2,Refusal_04,val
773,እባክዎ ቁልፉን ለመሐንዲሱ ነገ ይላኩልኝ።,Request,0,Request_00,train
774,መምህሩ ወደ ባንክ በዚህ ወር ሄደዋል።,Assertion,1,Assertion_07,train
775,ስራ አስኪያጁ ወደ ስብሰባ ክፍል በዚህ ሳምንት ሄደዋል።,Assertion,1,Assertion_07,train
776,ሪፖርቱ ከስራ አስኪያጁ አጠገብ አደገኛ ሊሆን ይችላል።,Warning,4,Warning_01,test
777,ደህና ሁን ነጋዴው፣ እስከ በሚቀጥለው ሳምንት እንገናኝ።,Phatic,7,Phatic_13,train
778,መልእክቱን በዚህ ሳምንት ብንሞክር ጥሩ ይሆናል።,Suggestion,3,Suggestion_00,train
779,እባክዎ ትዕዛዙን ለዶክተሩ በሚቀጥለው አመት ይላኩልኝ።,Request,0,Request_00,train
780,ተጠንቀቅ፣ ከሁለት ቀናት በኋላ መጋዘን ውስጥ አደጋ አለ።,Warning,4,Warning_00,val
781,እባክዎ ይቅርታ፣ ቤቱን ከሰዓት በኋላ ማቅረብ አልችልም።,Refusal,2,Refusal_09,train
782,ደህና ከሁለት ቀናት በኋላ ይሁንልህ አለቃዬ።,Phatic,7,Phatic_02,train
783,አስተማሪዋ፣ ስራ በፖሊስ ጣቢያ እንዴት ነው?,Phatic,7,Phatic_09,val
784,ኮምፒዩተሩ ገና ወደ መንገድ ላይ በሚቀጥለው ሳምንት አልደረሰኝም።,Complaint,6,Complaint_07,train
785,የሂሳቡ ችግር ከሰዓት በኋላ ከመምህሩ ጋር እፈታለሁ።,Promise,8,Promise_11,train
786,ወደ ሱቅ በሳምንቱ መጨረሻ መሄድ አልችልም።,Refusal,2,Refusal_13,test
787,አዎ በርግጥ፣ የኩባንያው እቅድ በከጥቂት ደቂቃዎች በኋላ በጭራሽ አይከሽፍም።,Sarcasm/Irony,5,Sarcasm/Irony_11,train
788,የልብሱ ዋጋ ነገ ከሰዓት በኋላ ጨምሯል።,Assertion,1,Assertion_12,val
789,ቡናው ገና ወደ ቢሮ ከምሽቱ ጀምሮ አልደረሰኝም።,Complaint,6,Complaint_07,train
790,ቤት ከአንድ ሰዓት በኋላ ተከፍቷል።,Assertion,1,Assertion_14,train
791,ሚኒስትሩ ወደ ሱቅ ነገ ሄደዋል።,Assertion,1,Assertion_07,train
792,የገንዘቡ ወጪውን በሆስፒታል ብንቀንስ የተሻለ ነው።,Suggestion,3,Suggestion_13,train
793,እባክዎ ለጋዜጠኛው ልብሱን ያድርሱ።,Request,0,Request_14,test
794,አለቃዬ ወደ ፋብሪካ ዛሬ ሄደዋል።,Assertion,1,Assertion_07,train
795,አመሰግናለሁ ዶክተሩ፣ ደህና ዋል በቢሮ።,Phatic,7,Phatic_08,train
796,ወደ መንገድ ላይ ከምሽቱ ጀምሮ ብቻዎን አይሂዱ።,Warning,4,Warning_06,test
797,ይህን ልብሱን ከጋዜጠኛው መቀበል አልችልም።,Refusal,2,Refusal_03,train
798,ይህ ፋይሉ ከኩባንያው ጥራት የለውም።,Complaint,6,Complaint_00,val
799,ሚኒስትሩ ወደ መንገድ ላይ ከሰዓት በኋላ ሄደዋል።,Assertion,1,Assertion_07,train
800,እባክዎ ጥያቄውን ለመምህሩ በዚህ ሳምንት ይላኩልኝ።,Request,0,Request_00,train
801,በጣም ደግ ነህ ሹፌሩ፣ በገበያ ምንም እርዳታ አልሰጠኸኝም።,Sarcasm/Irony,5,Sarcasm/Irony_12,train
802,ይህን ሰነዱን ከጠበቃው መቀበል አልችልም።,Refusal,2,Refusal_03,train
803,መምህሩ ወደ ቢሮ ዛሬ ማታ ሄደዋል።,Assertion,1,Assertion_07,train
804,ነገ ወደ ቤት እደርሳለሁ።,Promise,8,Promise_10,train
805,ስቱዲዮው ስለ ደብዳቤው ማስጠንቀቂያ በሚቀጥለው አመት አውጥቷል።,Warning,4,Warning_08,train
806,ጤና ይስጥልኝ ሹፌሩ፣ ከዛሬ ጀምሮ ደህና ነህ?,Phatic,7,Phatic_12,train
807,ቢያንስ አንዴ ደረሰኙን በፍርድ ቤት እንሞክር።,Suggestion,3,Suggestion_05,train
808,አውሮፕላን ማረፊያ ከጥቂት ደቂቃዎች በኋላ ተከፍቷል።,Assertion,1,Assertion_14,train
809,በጣም ደግ ነህ ፖሊሱ፣ በአውሮፕላን ማረፊያ ምንም እርዳታ አልሰጠኸኝም።,Sarcasm/Irony,5,Sarcasm/Irony_12,train
810,ፖሊሱ ወደ መንገድ ላይ ከጥቂት ደቂቃዎች በኋላ ሄደዋል።,Assertion,1,Assertion_07,train
811,ስራ አስኪያጁ ወደ ሱቅ በዚህ ወር ሄደዋል።,Assertion,1,Assertion_07,train
812,እባክዎ ጥያቄውን በስብሰባው ወቅት ይላኩልኝ።,Request,0,Request_13,val
813,ገንዘብዎን ይጠብቁ፣ በፖሊስ ጣቢያ በሚቀጥለው አመት ስርቆት ተከስቷል።,Warning,4,Warning_05,val
814,ሆስፒታል ዛሬ ማታ ተከፍቷል።,Assertion,1,Assertion_14,train
815,ኮምፒዩተሩ ገና ወደ ስብሰባ ክፍል በሚቀጥለው አመት አልደረሰኝም።,Complaint,6,Complaint_07,train
816,ልብሱ ገና ወደ ስብሰባ ክፍል በስብሰባው ወቅት አልደረሰኝም።,Complaint,6,Complaint_07,train
817,ጤና ይስጥልኝ ጋዜጠኛው፣ በስብሰባው ወቅት ደህና ነህ?,Phatic,7,Phatic_12,train
818,ጎበዝ! በጣም ጥሩ ስራ ሰራህ ጋዜጠኛው፣ ልብሱን አበላሸኸው።,Sarcasm/Irony,5,Sarcasm/Irony_02,train
819,አመሰግናለሁ ፖሊሱ፣ ደህና ዋል በፋብሪካ።,Phatic,7,Phatic_08,train
820,በጣም ትክክለኛ ነው ሹፌሩ፣ በስብሰባ ክፍል ሁልጊዜ እንደዚህ ይሆናል።,Sarcasm/Irony,5,Sarcasm/Irony_08,val
821,ደህና ሁን ፖሊሱ፣ እስከ ከሰዓት በኋላ እንገናኝ።,Phatic,7,Phatic_13,train
822,ገንዘብዎን ይጠብቁ፣ በሱቅ ከሶስት ሰዓት በኋላ ስርቆት ተከስቷል።,Warning,4,Warning_05,val
823,እንዴት ደስ ይላል፣ ነጋዴው እንደገና ነገ ከሰዓት በኋላ ዘገዩ።,Sarcasm/Irony,5,Sarcasm/Irony_03,train
824,በጣም ብልህ ነህ አለቃዬ፣ ማሽኑን ረሳኸው።,Sarcasm/Irony,5,Sarcasm/Irony_04,train
825,በዚህ ሳምንት በትምህርት ቤት ትራፊኩ ከባድ ነው ተጠንቀቁ።,Warning,4,Warning_13,train
826,ፋብሪካው ስለ ቡናው ማስጠንቀቂያ በዚህ ወር አውጥቷል።,Warning,4,Warning_08,train
827,ቢያንስ አንዴ ኮምፒዩተሩን በፍርድ ቤት እንሞክር።,Suggestion,3,Suggestion_05,train
828,ዕቃው ገና ወደ ቢሮ ከሰዓት በኋላ አልደረሰኝም።,Complaint,6,Complaint_07,train
829,ዶክተሩ ወደ ቢሮ በዚህ ሳምንት ሄደዋል።,Assertion,1,Assertion_07,train
830,እንደምን አለህ በሱቅ፣ ደንበኛው?,Phatic,7,Phatic_11,val
831,እባክዎ ትዕዛዙን ለነጋዴው ነገ ጠዋት ይላኩልኝ።,Request,0,Request_00,train
832,ይህን መልእክቱን ከዶክተሩ ጋር በጥንቃቄ ያዙ።,Warning,4,Warning_04,val
833,ሪፖርቱ በአውሮፕላን ማረፊያ ይገኛል።,Assertion,1,Assertion_00,test
834,ፕሮጀክቱን ነገ ከሰዓት በኋላ ከአስተማሪዋ ጋር ብንጀምር ይሻላል።,Suggestion,3,Suggestion_08,val
835,ወደ ከተማው ውስጥ ዛሬ ማታ እንሂድ።,Suggestion,3,Suggestion_01,test
836,ቦርሳው ገና ወደ ፋብሪካ ከዛሬ ጀምሮ አልደረሰኝም።,Complaint,6,Complaint_07,train
837,የደብዳቤው ችግር ከምሽቱ ጀምሮ ከዶክተሩ ጋር እፈታለሁ።,Promise,8,Promise_11,train
838,ስብሰባው ያለ ማስታወቂያ ከአንድ ሰዓት በኋላ በስብሰባ ክፍል ተሰርዟል።,Complaint,6,Complaint_09,test
839,መሳሪያው ገና ወደ ከተማው ውስጥ ከምሽቱ ጀምሮ አልደረሰኝም።,Complaint,6,Complaint_07,train
840,እባክዎ ደብዳቤውን ለደንበኛው ነገ ከሰዓት በኋላ ይላኩልኝ።,Request,0,Request_00,train
841,ኤጀንሲው ስለ ፋይሉ ማስጠንቀቂያ ከጥቂት ደቂቃዎች በኋላ አውጥቷል።,Warning,4,Warning_08,train
842,የመሳሪያው ችግር በዚህ ሳምንት ከጠበቃው ጋር እፈታለሁ።,Promise,8,Promise_11,train
843,በሚቀጥለው ሳምንት በሆስፒታል ስብሰባ እናድርግ።,Suggestion,3,Suggestion_02,train
844,እርግጠኛ ነኝ ስራ አስኪያጁ ነገ ጠዋት ይደርሳሉ፣ እንደ ሁልጊዜው።,Sarcasm/Irony,5,Sarcasm/Irony_05,test
845,አዎ በርግጥ፣ የባንኩ እቅድ በበዚህ አመት በጭራሽ አይከሽፍም።,Sarcasm/Irony,5,Sarcasm/Irony_11,train
846,ጎበዝ! በጣም ጥሩ ስራ ሰራህ ጠበቃው፣ ማሽኑን አበላሸኸው።,Sarcasm/Irony,5,Sarcasm/Irony_02,train
847,ከአንድ ሰዓት በኋላ በአውሮፕላን ማረፊያ ትራፊኩ ከባድ ነው ተጠንቀቁ።,Warning,4,Warning_13,train
848,መሐንዲሱ ወደ ትምህርት ቤት በሚቀጥለው ወር ሄደዋል።,Assertion,1,Assertion_07,train
849,ባልደረባዬ ወደ ቤት በሳምንቱ መጨረሻ ሄደዋል።,Assertion,1,Assertion_07,train
850,ፋብሪካው ስለ ደብዳቤው ማስጠንቀቂያ ከሰዓት በኋላ አውጥቷል።,Warning,4,Warning_08,train
851,መኪናው ገና ወደ ፋብሪካ በሚቀጥለው ወር አልደረሰኝም።,Complaint,6,Complaint_07,train
852,ጓደኛዬ ወደ ስብሰባ ክፍል ነገ ጠዋት ሄደዋል።,Assertion,1,Assertion_07,train
853,ይቅርታ፣ ቦርሳውን ከጥቂት ደቂቃዎች በኋላ ማድረግ አልችልም።,Refusal,2,Refusal_00,train
854,በጣም ትክክለኛ ነው ጋዜጠኛው፣ በቢሮ ሁልጊዜ እንደዚህ ይሆናል።,Sarcasm/Irony,5,Sarcasm/Irony_08,val
855,ማዕከሉ ነገ ጠዋት አዲስ ሰራተኞችን ቀጥሯል።,Assertion,1,Assertion_09,train
856,ከደንበኛው ጋር ነገ መነጋገር ይሻላል።,Suggestion,3,Suggestion_06,val
857,ሰነዱን በዚህ አመት ብንሞክር ጥሩ ይሆናል።,Suggestion,3,Suggestion_00,train
858,ጎበዝ! በጣም ጥሩ ስራ ሰራህ ሹፌሩ፣ ሪፖርቱን አበላሸኸው።,Sarcasm/Irony,5,Sarcasm/Irony_02,train
859,ተጠንቀቅ፣ ከአንድ ሰዓት በኋላ ከተማው ውስጥ ውስጥ አደጋ አለ።,Warning,4,Warning_00,val
860,ስጦታው ገና ወደ ትምህርት ቤት በሳምንቱ መጨረሻ አልደረሰኝም።,Complaint,6,Complaint_07,train
861,ኩባንያው በሚቀጥለው ሳምንት አዲስ ሰራተኞችን ቀጥሯል።,Assertion,1,Assertion_09,train
862,መልእክቱ ገና ወደ አውሮፕላን ማረፊያ በዚህ አመት አልደረሰኝም።,Complaint,6,Complaint_07,train
863,እባክህ ለቦርሳው ይህን ዘዴ ከዛሬ ጀምሮ ተጠቀም።,Suggestion,3,Suggestion_04,train
864,ዶክተሩ ወደ መንገድ ላይ በስብሰባው ወቅት ሄደዋል።,Assertion,1,Assertion_07,train
865,ከሶስት ሰዓት በኋላ በመንገድ ላይ ከባድ ዝናብ ሊዘንብ ይችላል ተጠንቀቁ።,Warning,4,Warning_03,test
866,ከስራ አስኪያጁ ጋር በዚህ ሳምንት በገበያ እገናኛለሁ።,Promise,8,Promise_04,val
867,እባክዎ ልብሱን ለስራ አስኪያጁ በሚቀጥለው አመት ይላኩልኝ።,Request,0,Request_00,train
868,እባክዎ ከዛሬ ጀምሮ ወደ ትምህርት ቤት ይድረሱልኝ።,Request,0,Request_07,val
869,መጽሐፉን ዛሬ ማታ ብንሞክር ጥሩ ይሆናል።,Suggestion,3,Suggestion_00,train
870,ከአስተማሪዋ ጋር ስለ ሪፖርቱ ጉዳይ መስማማት አልችልም።,Refusal,2,Refusal_06,train
871,እባክዎ ካርታውን ለነጋዴው ከሶስት ሰዓት በኋላ ይላኩልኝ።,Request,0,Request_00,train
872,የመስኮቱ ችግር በዚህ ሳምንት ከፖሊሱ ጋር እፈታለሁ።,Promise,8,Promise_11,train
873,አለቃዬ ሪፖርቱን በዚህ ሳምንት አቅርበዋል።,Assertion,1,Assertion_13,test
874,ከነጋዴው ጋር ከሁለት ቀናት በኋላ በትምህርት ቤት እገናኛለሁ።,Promise,8,Promise_04,val
875,ቢያንስ አንዴ በሩን በመንገድ ላይ እንሞክር።,Suggestion,3,Suggestion_05,train
876,ደብዳቤው ገና ወደ ሱቅ ነገ አልደረሰኝም።,Complaint,6,Complaint_07,train
877,ከደንበኛው ጋር ስለ መሳሪያው ጉዳይ መስማማት አልችልም።,Refusal,2,Refusal_06,train
878,እባክዎ ደብዳቤውን ለአስተማሪዋ ከዛሬ ጀምሮ ይላኩልኝ።,Request,0,Request_00,train
879,እባክህ ይቅርታ አድርግልኝ፣ ወደ ፍርድ ቤት በሳምንቱ መጨረሻ መምጣት አልችልም።,Refusal,2,Refusal_01,test
880,ጎበዝ ስራ ጋዜጠኛው፣ ስልኩ ሙሉ በሙሉ ፈርሷል።,Sarcasm/Irony,5,Sarcasm/Irony_09,train
881,ከባልደረባዬ ጋር በዚህ ወር በመጋዘን እገናኛለሁ።,Promise,8,Promise_04,val
882,መኪናው ገና ወደ ከተማው ውስጥ በሚቀጥለው ሳምንት አልደረሰኝም።,Complaint,6,Complaint_07,train
883,እንዴት ጥሩ ነው ነጋዴው፣ በሳምንቱ መጨረሻ ደግሞ ዘገየ።,Sarcasm/Irony,5,Sarcasm/Irony_10,val
884,ደብዳቤው ገና ወደ መንገድ ላይ ነገ ከሰዓት በኋላ አልደረሰኝም።,Complaint,6,Complaint_07,train
885,መሳሪያው ገና ወደ ስብሰባ ክፍል ከጥቂት ደቂቃዎች በኋላ አልደረሰኝም።,Complaint,6,Complaint_07,train
886,ቢያንስ አንዴ ደረሰኙን በቢሮ እንሞክር።,Suggestion,3,Suggestion_05,train
887,ሪፖርቱ ገና ወደ ቢሮ ከሰዓት በኋላ አልደረሰኝም።,Complaint,6,Complaint_07,train
888,መሳሪያው ገና ወደ ፍርድ ቤት በዚህ አመት አልደረሰኝም።,Complaint,6,Complaint_07,train
889,እንዴት ጎበዝ ነህ ጓደኛዬ፣ ደብዳቤውን ሰብረኸዋል!,Sarcasm/Irony,5,Sarcasm/Irony_00,train
890,እባክሽ ትዕዛዙን ነገ አምጪልኝ።,Request,0,Request_09,test
891,መሐንዲሱ ወደ ፋብሪካ ከዛሬ ጀምሮ ሄደዋል።,Assertion,1,Assertion_07,train
892,ጤና ይስጥልኝ ነጋዴው፣ ከዛሬ ጀምሮ ደህና ነህ?,Phatic,7,Phatic_12,train
893,የኮምፒዩተሩ ችግር ነገ ከሰዓት በኋላ ከጓደኛዬ ጋር እፈታለሁ።,Promise,8,Promise_11,train
894,ቡናውን በዚህ ወር ብንሞክር ጥሩ ይሆናል።,Suggestion,3,Suggestion_00,train
895,ትምህርት ቤት በዚህ አመት ተከፍቷል።,Assertion,1,Assertion_14,train
896,እባክዎ በሩን ለጠበቃው በሳምንቱ መጨረሻ ይላኩልኝ።,Request,0,Request_00,train
897,ባንኩ ስለ ሰነዱ ማስጠንቀቂያ ነገ ከሰዓት በኋላ አውጥቷል።,Warning,4,Warning_08,train
898,ድርጅቱ ስለ ዕቃው ማስጠንቀቂያ ነገ ከሰዓት በኋላ አውጥቷል።,Warning,4,Warning_08,train
899,መምህሩ ወደ መጋዘን ነገ ሄደዋል።,Assertion,1,Assertion_07,train
900,ስለ ቦርሳው ከዶክተሩ ጋር ማሰብ ይኖርብናል።,Suggestion,3,Suggestion_03,train
901,ሹፌሩ ወደ መንገድ ላይ ከሁለት ቀናት በኋላ ሄደዋል።,Assertion,1,Assertion_07,train
902,ሪፖርቱ ገና ወደ ፖሊስ ጣቢያ ከዛሬ ጀምሮ አልደረሰኝም።,Complaint,6,Complaint_07,train
903,ቢያንስ አንዴ ልብሱን በፋብሪካ እንሞክር።,Suggestion,3,Suggestion_05,train
904,ከአለቃዬ ጋር ስለ ስጦታው ጉዳይ መስማማት አልችልም።,Refusal,2,Refusal_06,train
905,የገንዘቡ ችግር ከሶስት ሰዓት በኋላ ከፖሊሱ ጋር እፈታለሁ።,Promise,8,Promise_11,train
906,ውሉን ከዛሬ ጀምሮ ብንሞክር ጥሩ ይሆናል።,Suggestion,3,Suggestion_00,train
907,እንዴት ደስ ይላል፣ ሚኒስትሩ እንደገና ከዛሬ ጀምሮ ዘገዩ።,Sarcasm/Irony,5,Sarcasm/Irony_03,train
908,ኮምፒዩተሩ ገና ወደ ቢሮ ከዛሬ ጀምሮ አልደረሰኝም።,Complaint,6,Complaint_07,train
909,ባልደረባዬ፣ ስራ በቤት እንዴት ነው?,Phatic,7,Phatic_09,val
910,መሐንዲሱ፣ እንደምን አደርክ ነገ ከሰዓት በኋላ?,Phatic,7,Phatic_01,train
911,ሰነዱ ገና ወደ ሱቅ ከሁለት ቀናት በኋላ አልደረሰኝም።,Complaint,6,Complaint_07,train
912,ነጋዴው ወደ ባንክ ከሶስት ሰዓት በኋላ ሄደዋል።,Assertion,1,Assertion_07,train
913,ይህን ውሉን ከደንበኛው መቀበል አልችልም።,Refusal,2,Refusal_03,train
914,ቡናው ገና ወደ መንገድ ላይ ከዛሬ ጀምሮ አልደረሰኝም።,Complaint,6,Complaint_07,train
915,እንዴት ጥሩ ነው አለቃዬ፣ ከጥቂት ደቂቃዎች በኋላ ደግሞ ዘገየ።,Sarcasm/Irony,5,Sarcasm/Irony_10,val
916,እምቢ ማለት እፈልጋለሁ፣ ይህ ሂሳቡ አይሆንልኝም።,Refusal,2,Refusal_05,train
917,እንደምን አለህ በፋብሪካ፣ መምህሩ?,Phatic,7,Phatic_11,val
918,ወደ ፋብሪካ ከሰዓት በኋላ ብቻዎን አይሂዱ።,Warning,4,Warning_06,test
919,ስለ ደብዳቤው ጉዳይ ከባልደረባዬ ጋር እንወያይ።,Suggestion,3,Suggestion_10,train
920,ስለ ማሽኑ ጉዳይ ከፖሊሱ ጋር እንወያይ።,Suggestion,3,Suggestion_10,train
921,ደህና እደር ባልደረባዬ፣ ከዛሬ ጀምሮ እንገናኝ።,Phatic,7,Phatic_06,train
922,የሪፖርቱ ችግር ከአንድ ሰዓት በኋላ ከሚኒስትሩ ጋር እፈታለሁ።,Promise,8,Promise_11,train
923,እባክዎ ለአስተማሪዋ ማሽኑን ያድርሱ።,Request,0,Request_14,test
924,ነጋዴው፣ ስራ በገበያ እንዴት ነው?,Phatic,7,Phatic_09,val
925,ነጋዴው ወደ መንገድ ላይ በሳምንቱ መጨረሻ ሄደዋል።,Assertion,1,Assertion_07,train
926,ደንበኛው ወደ ገበያ ከምሽቱ ጀምሮ ሄደዋል።,Assertion,1,Assertion_07,train
927,ጓደኛዬ ወደ ከተማው ውስጥ በዚህ ወር ሄደዋል።,Assertion,1,Assertion_07,train
928,እንዴት ጥሩ ነው ሚኒስትሩ፣ ነገ ደግሞ ዘገየ።,Sarcasm/Irony,5,Sarcasm/Irony_10,val
929,ሰላም ጠበቃው፣ ከሶስት ሰዓት በኋላ እንዴት ነህ?,Phatic,7,Phatic_00,train
930,እባክዎ ማሽኑን ለጓደኛዬ ከአንድ ሰዓት በኋላ ይላኩልኝ።,Request,0,Request_00,train
931,ኤጀንሲው ስለ መጽሐፉ ማስጠንቀቂያ ከሶስት ሰዓት በኋላ አውጥቷል።,Warning,4,Warning_08,train
932,ስራ አስኪያጁ ስብሰባውን ከምሽቱ ጀምሮ መርተዋል።,Assertion,1,Assertion_03,val
933,የኮምፒዩተሩ ችግር ከሶስት ሰዓት በኋላ ከፖሊሱ ጋር እፈታለሁ።,Promise,8,Promise_11,train
934,በፍርድ ቤት ዛሬ ማታ ወንጀል ሊፈጸም ይችላል ተጠንቀቁ።,Warning,4,Warning_11,train
935,ዛሬ ማታ በትምህርት ቤት መገኘት አልችልም።,Refusal,2,Refusal_04,val
936,እባክህ ይቅርታ አድርግልኝ፣ ወደ ፍርድ ቤት ነገ መምጣት አልችልም።,Refusal,2,Refusal_01,test
937,ማንነትዎን ለማያውቁት ሹፌሩ በመንገድ ላይ አይስጡ።,Warning,4,Warning_14,test
938,በጣም ደግ ነህ አለቃዬ፣ በአውሮፕላን ማረፊያ ምንም እርዳታ አልሰጠኸኝም።,Sarcasm/Irony,5,Sarcasm/Irony_12,train
939,እባክዎ ቡናውን ለጋዜጠኛው ከሶስት ሰዓት በኋላ ይላኩልኝ።,Request,0,Request_00,train
940,ባንክ በዚህ ወር ተከፍቷል።,Assertion,1,Assertion_14,train
941,ደህና ሁን መምህሩ፣ እስከ ነገ እንገናኝ።,Phatic,7,Phatic_13,train
942,የስጦታው ችግር በሚቀጥለው አመት ከጠበቃው ጋር እፈታለሁ።,Promise,8,Promise_11,train
943,ደንበኛው ወደ ትምህርት ቤት በሚቀጥለው ሳምንት ሄደዋል።,Assertion,1,Assertion_07,train
944,ፋይሉን በጥንቃቄ ከነጋዴው ጋር ብንመረምር ይሻላል።,Suggestion,3,Suggestion_11,val
945,የኮምፒዩተሩ ችግር ከዛሬ ጀምሮ ከባልደረባዬ ጋር እፈታለሁ።,Promise,8,Promise_11,train
946,ሚኒስቴሩ ስለ ማሽኑ ማስጠንቀቂያ በዚህ አመት አውጥቷል።,Warning,4,Warning_08,train
947,መንግስት ስለ ምርቱ ማስጠንቀቂያ በዚህ አመት አውጥቷል።,Warning,4,Warning_08,train
948,ባልደረባዬ ወደ ቢሮ ዛሬ ማታ ሄደዋል።,Assertion,1,Assertion_07,train
949,የመንግስት ስልክ በዚህ ወር አይነሳም።,Complaint,6,Complaint_11,test
950,የማሽኑ ችግር በሚቀጥለው ሳምንት ከዶክተሩ ጋር እፈታለሁ።,Promise,8,Promise_11,train
951,የገንዘቡ ችግር ከሰዓት በኋላ ከጓደኛዬ ጋር እፈታለሁ።,Promise,8,Promise_11,train
952,ደህና ሁን መምህሩ፣ እስከ ከሁለት ቀናት በኋላ እንገናኝ።,Phatic,7,Phatic_13,train
953,ደህና ሁን ዶክተሩ፣ እስከ ከአንድ ሰዓት በኋላ እንገናኝ።,Phatic,7,Phatic_13,train
954,የፋይሉ ችግር ነገ ከሰዓት በኋላ ከዶክተሩ ጋር እፈታለሁ።,Promise,8,Promise_11,train
955,የስጦታው ችግር ከሶስት ሰዓት በኋላ ከሹፌሩ ጋር እፈታለሁ።,Promise,8,Promise_11,train
956,በሩን ነገ ብንሞክር ጥሩ ይሆናል።,Suggestion,3,Suggestion_00,train
957,ማንነትዎን ለማያውቁት ነጋዴው በመጋዘን አይስጡ።,Warning,4,Warning_14,test
958,እባክዎ ይቅርታ፣ መኪናውን ከጥቂት ደቂቃዎች በኋላ ማቅረብ አልችልም።,Refusal,2,Refusal_09,train
959,የመስኮቱ ገመድ በፋብሪካ አደገኛ ነው ተጠንቀቁ።,Warning,4,Warning_07,train
960,እባክዎ ይቅርታ፣ ቦርሳውን በዚህ አመት ማቅረብ አልችልም።,Refusal,2,Refusal_09,train
961,እባክዎ ይቅርታ፣ ቁልፉን ዛሬ ማታ ማቅረብ አልችልም።,Refusal,2,Refusal_09,train
962,ደህና ሁን መሐንዲሱ፣ እስከ በዚህ አመት እንገናኝ።,Phatic,7,Phatic_13,train
963,መምህሩ ወደ ፍርድ ቤት ከጥቂት ደቂቃዎች በኋላ ሄደዋል።,Assertion,1,Assertion_07,train
964,የቡናው ወጪውን በቤት ብንቀንስ የተሻለ ነው።,Suggestion,3,Suggestion_13,train
965,የሰነዱ ችግር በስብሰባው ወቅት ከመሐንዲሱ ጋር እፈታለሁ።,Promise,8,Promise_11,train
966,ውሉ ገና ወደ ፋብሪካ ነገ አልደረሰኝም።,Complaint,6,Complaint_07,train
967,ቢያንስ አንዴ ደረሰኙን በስብሰባ ክፍል እንሞክር።,Suggestion,3,Suggestion_05,train
968,ነገ ከሰዓት በኋላ በፍርድ ቤት ከባድ ዝናብ ሊዘንብ ይችላል ተጠንቀቁ።,Warning,4,Warning_03,test
969,እባክዎ ቦርሳውን ለሚኒስትሩ በዚህ ሳምንት ይላኩልኝ።,Request,0,Request_00,train
970,በኤጀንሲው አዲስ ስልት ከምሽቱ ጀምሮ እንተግብር።,Suggestion,3,Suggestion_14,test
971,መስኮቱን ነገ ጠዋት ብንሞክር ጥሩ ይሆናል።,Suggestion,3,Suggestion_00,train
972,ፕሮጀክቱን ከአንድ ሰዓት በኋላ ከስራ አስኪያጁ ጋር ብንጀምር ይሻላል።,Suggestion,3,Suggestion_08,val
973,እባክህ ለደረሰኙ ይህን ዘዴ በሳምንቱ መጨረሻ ተጠቀም።,Suggestion,3,Suggestion_04,train
974,አዎ በርግጥ፣ የስቱዲዮው እቅድ በነገ ጠዋት በጭራሽ አይከሽፍም።,Sarcasm/Irony,5,Sarcasm/Irony_11,train
975,ከአስተማሪዋ ጋር ስለ ዕቃው ጉዳይ መስማማት አልችልም።,Refusal,2,Refusal_06,train
976,እባክዎ መኪናውን ለስራ አስኪያጁ በዚህ ሳምንት ይላኩልኝ።,Request,0,Request_00,train
977,ቤቱን በጥንቃቄ ከጠበቃው ጋር ብንመረምር ይሻላል።,Suggestion,3,Suggestion_11,val
978,ድርጅቱ ቃል የገባውን በሚቀጥለው አመት አላከበረም።,Complaint,6,Complaint_02,test
979,እባክህ ለሂሳቡ ይህን ዘዴ በዚህ ወር ተጠቀም።,Suggestion,3,Suggestion_04,train
980,ጠበቃው ወደ ፋብሪካ ከሁለት ቀናት በኋላ ሄደዋል።,Assertion,1,Assertion_07,train
981,ጋዜጠኛው ወደ መጋዘን ነገ ሄደዋል።,Assertion,1,Assertion_07,train
982,ጋዜጠኛው ወደ ገበያ በዚህ ሳምንት ሄደዋል።,Assertion,1,Assertion_07,train
983,በመንገድ ላይ ትንሽ እረፍት በዚህ ሳምንት ብንወስድ ጥሩ ነው።,Suggestion,3,Suggestion_09,test
984,ዕቃው ገና ወደ ባንክ በሚቀጥለው ወር አልደረሰኝም።,Complaint,6,Complaint_07,train
985,እንደምን አለህ በትምህርት ቤት፣ አለቃዬ?,Phatic,7,Phatic_11,val
986,አዎ በእርግጥ፣ ነጋዴው ከጥቂት ደቂቃዎች በኋላ ትመጣለህ ብዬ አላምንም።,Sarcasm/Irony,5,Sarcasm/Irony_01,test
987,በጣም ጎበዝ ነው መንግስት፣ በከተማው ውስጥ ደንበኞችን ችላ ይላል።,Sarcasm/Irony,5,Sarcasm/Irony_06,test
988,ይቅርታ፣ መስኮቱን በስብሰባው ወቅት ማድረግ አልችልም።,Refusal,2,Refusal_00,train
989,ዶክተሩ ሪፖርቱን ከምሽቱ ጀምሮ አቅርበዋል።,Assertion,1,Assertion_13,test
990,እባክዎ ይቅርታ፣ ካርታውን ከምሽቱ ጀምሮ ማቅረብ አልችልም።,Refusal,2,Refusal_09,train
991,መምህሩ ወደ ፋብሪካ በሚቀጥለው ወር ሄደዋል።,Assertion,1,Assertion_07,train
992,እባክዎ ውሉን ለመሐንዲሱ በዚህ አመት ይላኩልኝ።,Request,0,Request_00,train
993,ባንኩ ስለ መሳሪያው ማስጠንቀቂያ በሚቀጥለው አመት አውጥቷል።,Warning,4,Warning_08,train
994,ስቱዲዮው ስለ ዕቃው ማስጠንቀቂያ ዛሬ አውጥቷል።,Warning,4,Warning_08,train
995,እንደምን አለህ በሱቅ፣ መምህሩ?,Phatic,7,Phatic_11,val
996,የስጦታው ችግር በስብሰባው ወቅት ከመሐንዲሱ ጋር እፈታለሁ።,Promise,8,Promise_11,train
997,እባክዎ ካርታውን ለደንበኛው ከሶስት ሰዓት በኋላ ይላኩልኝ።,Request,0,Request_00,train
998,አስተማሪዋ፣ ቤተሰብ በፍርድ ቤት እንዴት ናቸው?,Phatic,7,Phatic_05,val
999,እባክዎ ቁልፉን ለስራ አስኪያጁ ዛሬ ማታ ይላኩልኝ።,Request,0,Request_00,train
1000,ስጦታው ገና ወደ መንገድ ላይ በዚህ አመት አልደረሰኝም።,Complaint,6,Complaint_07,train
1001,ነገ ከሰዓት በኋላ በመንገድ ላይ ስብሰባ እናድርግ።,Suggestion,3,Suggestion_02,train
1002,የገንዘቡ ዋጋውን ነገ ጠዋት ብንቀንስ ደንበኞች ይጨምራሉ።,Suggestion,3,Suggestion_07,train
1003,አዎ በእርግጥ፣ ፖሊሱ በሚቀጥለው ወር ትመጣለህ ብዬ አላምንም።,Sarcasm/Irony,5,Sarcasm/Irony_01,test
1004,ጎበዝ ስራ ባልደረባዬ፣ ሰነዱ ሙሉ በሙሉ ፈርሷል።,Sarcasm/Irony,5,Sarcasm/Irony_09,train
1005,እባክዎ ውሉን ወደ ስብሰባ ክፍል ይላኩ።,Request,0,Request_06,test
1006,በጣም ብልህ ነህ አለቃዬ፣ ሂሳቡን ረሳኸው።,Sarcasm/Irony,5,Sarcasm/Irony_04,train
1007,ይቅርታ፣ ቁልፉን ዛሬ ማታ ማድረግ አልችልም።,Refusal,2,Refusal_00,train
1008,የገንዘቡ ዋጋ በትምህርት ቤት በጣም ውድ ነው።,Complaint,6,Complaint_05,val
1009,የቦርሳው ችግር በሚቀጥለው ሳምንት ከመሐንዲሱ ጋር እፈታለሁ።,Promise,8,Promise_11,train
1010,መንግስት ስለ ደረሰኙ ማስጠንቀቂያ ከሶስት ሰዓት በኋላ አውጥቷል።,Warning,4,Warning_08,train
1011,እንዴት ደስ ይላል፣ ጠበቃው እንደገና ነገ ጠዋት ዘገዩ።,Sarcasm/Irony,5,Sarcasm/Irony_03,train
1012,በጣም ደግ ነህ ዶክተሩ፣ በፋብሪካ ምንም እርዳታ አልሰጠኸኝም።,Sarcasm/Irony,5,Sarcasm/Irony_12,train
1013,በጣም ብልህ ነህ ፖሊሱ፣ በሩን ረሳኸው።,Sarcasm/Irony,5,Sarcasm/Irony_04,train
1014,በአውሮፕላን ማረፊያ ትንሽ እረፍት በዚህ አመት ብንወስድ ጥሩ ነው።,Suggestion,3,Suggestion_09,test
1015,ይህ ገንዘቡ ከባንኩ ጥራት የለውም።,Complaint,6,Complaint_00,val
1016,ልብሱ ገና ወደ ገበያ በሚቀጥለው አመት አልደረሰኝም።,Complaint,6,Complaint_07,train
1017,በጣም ጎበዝ ነው ፋብሪካው፣ በባንክ ደንበኞችን ችላ ይላል።,Sarcasm/Irony,5,Sarcasm/Irony_06,test
1018,የኮምፒዩተሩ ዋጋ በሱቅ በጣም ውድ ነው።,Complaint,6,Complaint_05,val
1019,ገንዘብዎን ይጠብቁ፣ በከተማው ውስጥ በስብሰባው ወቅት ስርቆት ተከስቷል።,Warning,4,Warning_05,val
1020,ደረሰኙ በሆስፒታል ይገኛል።,Assertion,1,Assertion_00,test
1021,ይቅርታ፣ ማሽኑን ከአንድ ሰዓት በኋላ ማድረግ አልችልም።,Refusal,2,Refusal_00,train
1022,የደብዳቤው ችግር ዛሬ ማታ ከነጋዴው ጋር እፈታለሁ።,Promise,8,Promise_11,train
1023,ደህና ዛሬ ይሁንልህ ሹፌሩ።,Phatic,7,Phatic_02,train
1024,ጓደኛዬ ሪፖርቱን በዚህ አመት አቅርበዋል።,Assertion,1,Assertion_13,test
1025,ስልኩ ገና ወደ አውሮፕላን ማረፊያ በዚህ ወር አልደረሰኝም።,Complaint,6,Complaint_07,train
1026,እንኳን ደስ አለህ መሐንዲሱ ከምሽቱ ጀምሮ።,Phatic,7,Phatic_07,train
1027,መሳሪያው ገና ወደ ትምህርት ቤት ከዛሬ ጀምሮ አልደረሰኝም።,Complaint,6,Complaint_07,train
1028,የጥያቄው ዋጋ ነገ ጠዋት ጨምሯል።,Assertion,1,Assertion_12,val
1029,ደህና ሁን ስራ አስኪያጁ፣ እስከ ከአንድ ሰዓት በኋላ እንገናኝ።,Phatic,7,Phatic_13,train
1030,ገንዘብዎን ይጠብቁ፣ በቢሮ በዚህ ሳምንት ስርቆት ተከስቷል።,Warning,4,Warning_05,val
1031,የሰነዱ ችግር ከጥቂት ደቂቃዎች በኋላ ከመሐንዲሱ ጋር እፈታለሁ።,Promise,8,Promise_11,train
1032,ሚኒስትሩ ወደ ትምህርት ቤት ከጥቂት ደቂቃዎች በኋላ ሄደዋል።,Assertion,1,Assertion_07,train
1033,በጣም ደግ ነህ አስተማሪዋ፣ በገበያ ምንም እርዳታ አልሰጠኸኝም።,Sarcasm/Irony,5,Sarcasm/Irony_12,train
1034,ይህን ስልኩን ያለ ሹፌሩ ትዕዛዝ አይውሰዱ።,Warning,4,Warning_12,val
1035,ቢያንስ አንዴ መልእክቱን በከተማው ውስጥ እንሞክር።,Suggestion,3,Suggestion_05,train
1036,ሹፌሩ ወደ ከተማው ውስጥ ከዛሬ ጀምሮ ሄደዋል።,Assertion,1,Assertion_07,train
1037,በጣም ውጤታማ ነው ስቱዲዮው፣ በከጥቂት ደቂቃዎች በኋላ ምንም አልተሰራም።,Sarcasm/Irony,5,Sarcasm/Irony_14,val
1038,ስራ አስኪያጁ፣ ቤተሰብ በቤት እንዴት ናቸው?,Phatic,7,Phatic_05,val
1039,እባክዎ ስልኩን ለደንበኛው ከሁለት ቀናት በኋላ ይላኩልኝ።,Request,0,Request_00,train
1040,ከጥቂት ደቂቃዎች በኋላ በሆስፒታል ስብሰባ እናድርግ።,Suggestion,3,Suggestion_02,train
1041,እባክህ ለገንዘቡ ይህን ዘዴ በዚህ ወር ተጠቀም።,Suggestion,3,Suggestion_04,train
1042,አመሰግናለሁ ነጋዴው፣ ደህና ዋል በገበያ።,Phatic,7,Phatic_08,train
1043,አዎ በርግጥ፣ የኤጀንሲው እቅድ በከአንድ ሰዓት በኋላ በጭራሽ አይከሽፍም።,Sarcasm/Irony,5,Sarcasm/Irony_11,train
1044,እርግጠኛ ነኝ ስራ አስኪያጁ ነገ ከሰዓት በኋላ ይደርሳሉ፣ እንደ ሁልጊዜው።,Sarcasm/Irony,5,Sarcasm/Irony_05,test
1045,እባክዎ ጥያቄውን ለአለቃዬ በስብሰባው ወቅት ይላኩልኝ።,Request,0,Request_00,train
1046,ስለ ምርቱ ጉዳይ ከስራ አስኪያጁ ጋር እንወያይ።,Suggestion,3,Suggestion_10,train
1047,በዚህ ወር በአውሮፕላን ማረፊያ መገኘት አልችልም።,Refusal,2,Refusal_04,val
1048,መንግስት ስለ ሂሳቡ ማስጠንቀቂያ ዛሬ አውጥቷል።,Warning,4,Warning_08,train
1049,ከአለቃዬ ጋር ስለ ዕቃው ጉዳይ መስማማት አልችልም።,Refusal,2,Refusal_06,train
1050,በትምህርት ቤት ነገ ጠዋት ንጽህና ጎድሏል።,Complaint,6,Complaint_13,test
1051,ፋብሪካው ስለ መስኮቱ ማስጠንቀቂያ ነገ ከሰዓት በኋላ አውጥቷል።,Warning,4,Warning_08,train
1052,ይቅርታ፣ ገንዘቡን ከጥቂት ደቂቃዎች በኋላ ማድረግ አልችልም።,Refusal,2,Refusal_00,train
1053,ቅሬታዬን ለመምህሩ ዛሬ ብናገርም ማንም አልሰማኝም።,Complaint,6,Complaint_14,val
1054,ቢያንስ አንዴ ጥያቄውን በመንገድ ላይ እንሞክር።,Suggestion,3,Suggestion_05,train
1055,የቡናው ዋጋ ነገ ጨምሯል።,Assertion,1,Assertion_12,val
1056,መሳሪያው ገና ወደ ሱቅ ነገ አልደረሰኝም።,Complaint,6,Complaint_07,train
1057,ይህን ቁልፉን ከአስተማሪዋ መቀበል አልችልም።,Refusal,2,Refusal_03,train
1058,እባክዎ ወደ መንገድ ላይ ከምሽቱ ጀምሮ ይምጡልኝ።,Request,0,Request_03,test
1059,መጽሐፉ ገና ወደ ከተማው ውስጥ በዚህ ወር አልደረሰኝም።,Complaint,6,Complaint_07,train
1060,እባክዎ ለነጋዴው ቦርሳውን ያድርሱ።,Request,0,Request_14,test
1061,አዎ በርግጥ፣ የፋብሪካው እቅድ በከሁለት ቀናት በኋላ በጭራሽ አይከሽፍም።,Sarcasm/Irony,5,Sarcasm/Irony_11,train
1062,የቁልፉ ዋጋ በፍርድ ቤት በጣም ውድ ነው።,Complaint,6,Complaint_05,val
1063,ቦርሳው ገና ወደ ገበያ ከምሽቱ ጀምሮ አልደረሰኝም።,Complaint,6,Complaint_07,train
1064,ይቅርታ፣ ደብዳቤውን በዚህ ሳምንት ማድረግ አልችልም።,Refusal,2,Refusal_00,train
1065,ጓደኛዬ ወደ አውሮፕላን ማረፊያ በሚቀጥለው ወር ሄደዋል።,Assertion,1,Assertion_07,train
1066,የፋይሉ ችግር በዚህ ሳምንት ከነጋዴው ጋር እፈታለሁ።,Promise,8,Promise_11,train
1067,ደህና ነገ ከሰዓት በኋላ ይሁንልህ መሐንዲሱ።,Phatic,7,Phatic_02,train
1068,እባክዎ ይቅርታ፣ ማሽኑን በሚቀጥለው አመት ማቅረብ አልችልም።,Refusal,2,Refusal_09,train
1069,መሐንዲሱ፣ እንደምን አደርክ ከሁለት ቀናት በኋላ?,Phatic,7,Phatic_01,train
1070,እባክዎ ምርቱን ለደንበኛው ነገ ከሰዓት በኋላ ይላኩልኝ።,Request,0,Request_00,train
1071,ቁልፉ ገና ወደ ሆስፒታል ከአንድ ሰዓት በኋላ አልደረሰኝም።,Complaint,6,Complaint_07,train
1072,ስለ ቦርሳው ጉዳይ ከመሐንዲሱ ጋር እንወያይ።,Suggestion,3,Suggestion_10,train
1073,እባክዎ ይቅርታ፣ ስጦታውን ከሶስት ሰዓት በኋላ ማቅረብ አልችልም።,Refusal,2,Refusal_09,train
1074,የገንዘቡ ችግር ከሶስት ሰዓት በኋላ ከስራ አስኪያጁ ጋር እፈታለሁ።,Promise,8,Promise_11,train
1075,እንኳን ደስ አለህ መምህሩ፣ ስለ ቦርሳው እንደገና ተሳስተሃል።,Sarcasm/Irony,5,Sarcasm/Irony_13,train
1076,እባክዎ ዕቃውን ለፖሊሱ በሳምንቱ መጨረሻ ይላኩልኝ።,Request,0,Request_00,train
1077,ይህን ሰነዱን ከሹፌሩ ጋር በጥንቃቄ ያዙ።,Warning,4,Warning_04,val
1078,ከመሐንዲሱ ጋር ስለ ስልኩ ጉዳይ መስማማት አልችልም።,Refusal,2,Refusal_06,train
1079,ወደ ስብሰባ ክፍል በዚህ ወር መሄድ አልችልም።,Refusal,2,Refusal_13,test
1080,ይህን ትዕዛዙን ከዶክተሩ ጋር በጥንቃቄ ያዙ።,Warning,4,Warning_04,val
1081,ሪፖርቱን ለዶክተሩ በዚህ አመት አቀርባለሁ።,Promise,8,Promise_05,train
1082,እንኳን ደስ አለህ መሐንዲሱ፣ ስለ መሳሪያው እንደገና ተሳስተሃል።,Sarcasm/Irony,5,Sarcasm/Irony_13,train
1083,ተጠንቀቅ፣ በሚቀጥለው ወር ፋብሪካ ውስጥ አደጋ አለ።,Warning,4,Warning_00,val
1084,ጎበዝ! በጣም ጥሩ ስራ ሰራህ ሹፌሩ፣ ልብሱን አበላሸኸው።,Sarcasm/Irony,5,Sarcasm/Irony_02,train
1085,እባክህ ይቅርታ አድርግልኝ፣ ወደ ቢሮ ነገ ከሰዓት በኋላ መምጣት አልችልም።,Refusal,2,Refusal_01,test
1086,መኪናውን በሚቀጥለው አመት ብንሞክር ጥሩ ይሆናል።,Suggestion,3,Suggestion_00,train
1087,የቦርሳው ወጪውን በመጋዘን ብንቀንስ የተሻለ ነው።,Suggestion,3,Suggestion_13,train
1088,መልእክቱ ገና ወደ ባንክ በሚቀጥለው ወር አልደረሰኝም።,Complaint,6,Complaint_07,train
1089,የቡናው ችግር ከጥቂት ደቂቃዎች በኋላ ከመሐንዲሱ ጋር እፈታለሁ።,Promise,8,Promise_11,train
1090,በጣም ብልህ ነህ ባልደረባዬ፣ ስልኩን ረሳኸው።,Sarcasm/Irony,5,Sarcasm/Irony_04,train
1091,ደንበኛው ወደ ቤት በሚቀጥለው አመት ሄደዋል።,Assertion,1,Assertion_07,train
1092,ሚኒስትሩ ወደ ሱቅ ነገ ከሰዓት በኋላ ሄደዋል።,Assertion,1,Assertion_07,train
1093,አመሰግናለሁ ደንበኛው፣ ደህና ዋል በመጋዘን።,Phatic,7,Phatic_08,train
1094,ስራ አስኪያጁ ወደ ቢሮ ከጥቂት ደቂቃዎች በኋላ ሄደዋል።,Assertion,1,Assertion_07,train
1095,ከመሐንዲሱ ጋር ስለ መልእክቱ ጉዳይ መስማማት አልችልም።,Refusal,2,Refusal_06,train
1096,ገንዘቡ በቢሮ ይገኛል።,Assertion,1,Assertion_00,test
1097,የፋይሉ ዋጋውን በሚቀጥለው ወር ብንቀንስ ደንበኞች ይጨምራሉ።,Suggestion,3,Suggestion_07,train
1098,የቤቱ ዋጋ በመንገድ ላይ በጣም ውድ ነው።,Complaint,6,Complaint_05,val
1099,የጥያቄው ወጪውን በአውሮፕላን ማረፊያ ብንቀንስ የተሻለ ነው።,Suggestion,3,Suggestion_13,train
1100,የሪፖርቱ ዋጋውን ከሶስት ሰዓት በኋላ ብንቀንስ ደንበኞች ይጨምራሉ።,Suggestion,3,Suggestion_07,train
1101,የገንዘቡ ወጪውን በፖሊስ ጣቢያ ብንቀንስ የተሻለ ነው።,Suggestion,3,Suggestion_13,train
1102,ጥንቃቄ ያድርጉ፣ በስብሰባው ወቅት ከተማው ውስጥ ይንሸራተታል።,Warning,4,Warning_02,train
1103,ሂሳቡ ገና ወደ ፋብሪካ በሚቀጥለው ወር አልደረሰኝም።,Complaint,6,Complaint_07,train
1104,እሰይ፣ ሌላ ችግር በአውሮፕላን ማረፊያ ዛሬ ማታ፣ ልክ የሚያስፈልገን ይሄው ነበር።,Sarcasm/Irony,5,Sarcasm/Irony_07,train
1105,ወደ ከተማው ውስጥ በሚቀጥለው ሳምንት መሄድ አልችልም።,Refusal,2,Refusal_13,test
1106,ባንኩ ስለ ደረሰኙ ማስጠንቀቂያ ነገ ከሰዓት በኋላ አውጥቷል።,Warning,4,Warning_08,train
1107,ሹፌሩ ወደ ቢሮ በሳምንቱ መጨረሻ ሄደዋል።,Assertion,1,Assertion_07,train
1108,ፕሮጀክቱ ገና ወደ ከተማው ውስጥ በስብሰባው ወቅት አልደረሰኝም።,Complaint,6,Complaint_07,train
1109,ይህን ማሽኑን ከደንበኛው መቀበል አልችልም።,Refusal,2,Refusal_03,train
1110,እባክዎ ለመሐንዲሱ ፕሮጀክቱን ያድርሱ።,Request,0,Request_14,test
1111,ደንበኛው ወደ ሆስፒታል ከሰዓት በኋላ ሄደዋል።,Assertion,1,Assertion_07,train
1112,ይህ ትዕዛዙ ከድርጅቱ ከተገለጸው ጋር አይመሳሰልም።,Complaint,6,Complaint_12,test
1113,እሰይ፣ ሌላ ችግር በመጋዘን በስብሰባው ወቅት፣ ልክ የሚያስፈልገን ይሄው ነበር።,Sarcasm/Irony,5,Sarcasm/Irony_07,train
1114,እባክዎ ሪፖርቱን ለባልደረባዬ ከሶስት ሰዓት በኋላ ይላኩልኝ።,Request,0,Request_00,train
1115,ፖሊሱ ወደ ቤት ነገ ጠዋት ሄደዋል።,Assertion,1,Assertion_07,train
1116,የሰነዱ ደረሰኝ ከስቱዲዮው የተበላሸ ነው።,Complaint,6,Complaint_08,val
1117,መሐንዲሱ ለቅሬታዬ ምላሽ ነገ ጠዋት አልሰጡም።,Complaint,6,Complaint_06,val
1118,ቤቱ ገና ወደ መጋዘን በዚህ ሳምንት አልደረሰኝም።,Complaint,6,Complaint_07,train
1119,ስለ ውሉ ጉዳይ ከጋዜጠኛው ጋር እንወያይ።,Suggestion,3,Suggestion_10,train
1120,ይህን ቡናውን ከአስተማሪዋ መቀበል አልችልም።,Refusal,2,Refusal_03,train
1121,በትምህርት ቤት ትንሽ እረፍት በስብሰባው ወቅት ብንወስድ ጥሩ ነው።,Suggestion,3,Suggestion_09,test
1122,እንኳን ደስ አለህ ዶክተሩ፣ ስለ መሳሪያው እንደገና ተሳስተሃል።,Sarcasm/Irony,5,Sarcasm/Irony_13,train
1123,ፋይሉን በጥንቃቄ ለአስተማሪዋ እይዛለሁ።,Promise,8,Promise_07,train
1124,የመልእክቱ ችግር በዚህ አመት ከአስተማሪዋ ጋር እፈታለሁ።,Promise,8,Promise_11,train
1125,ደህና ነገ ጠዋት ይሁንልህ ጠበቃው።,Phatic,7,Phatic_02,train
1126,ይህ ቁልፉ ከኤጀንሲው ከተገለጸው ጋር አይመሳሰልም።,Complaint,6,Complaint_12,test
1127,እንኳን አደረሳችሁ ሚኒስትሩ፣ በመጋዘን።,Phatic,7,Phatic_14,test
1128,መሐንዲሱ ወደ ባንክ ዛሬ ሄደዋል።,Assertion,1,Assertion_07,train
1129,ገንዘቡ ገና ወደ ባንክ በሳምንቱ መጨረሻ አልደረሰኝም።,Complaint,6,Complaint_07,train
1130,ነጋዴው፣ ቤተሰብ በፍርድ ቤት እንዴት ናቸው?,Phatic,7,Phatic_05,val
1131,እንዴት ጥሩ ነው አለቃዬ፣ ከሰዓት በኋላ ደግሞ ዘገየ።,Sarcasm/Irony,5,Sarcasm/Irony_10,val
1132,ነገ ጠዋት በባንክ መገኘት አልችልም።,Refusal,2,Refusal_04,val
1133,በፖሊስ ጣቢያ ከአንድ ሰዓት በኋላ ንጽህና ጎድሏል።,Complaint,6,Complaint_13,test
1134,አዎ በርግጥ፣ የኩባንያው እቅድ በከሁለት ቀናት በኋላ በጭራሽ አይከሽፍም።,Sarcasm/Irony,5,Sarcasm/Irony_11,train
1135,እሰይ፣ ሌላ ችግር በሱቅ ከጥቂት ደቂቃዎች በኋላ፣ ልክ የሚያስፈልገን ይሄው ነበር።,Sarcasm/Irony,5,Sarcasm/Irony_07,train
1136,የቦርሳው ችግር ነገ ከሰዓት በኋላ ከነጋዴው ጋር እፈታለሁ።,Promise,8,Promise_11,train
1137,የመጽሐፉ ችግር በዚህ ሳምንት ከዶክተሩ ጋር እፈታለሁ።,Promise,8,Promise_11,train
1138,እንዴት ደስ ይላል፣ መሐንዲሱ እንደገና በዚህ አመት ዘገዩ።,Sarcasm/Irony,5,Sarcasm/Irony_03,train
1139,ሚኒስቴሩ ስለ ሪፖርቱ ማስጠንቀቂያ ዛሬ ማታ አውጥቷል።,Warning,4,Warning_08,train
1140,አለቃዬ ወደ ትምህርት ቤት በሚቀጥለው አመት ሄደዋል።,Assertion,1,Assertion_07,train
1141,መሐንዲሱ ወደ አውሮፕላን ማረፊያ በሚቀጥለው ወር ሄደዋል።,Assertion,1,Assertion_07,train
1142,ካርታው ገና ወደ ፋብሪካ ነገ ጠዋት አልደረሰኝም።,Complaint,6,Complaint_07,train
1143,እባክህ ለመኪናው ይህን ዘዴ ከሁለት ቀናት በኋላ ተጠቀም።,Suggestion,3,Suggestion_04,train
1144,እርግጠኛ ነኝ ስራ አስኪያጁ ከምሽቱ ጀምሮ ይደርሳሉ፣ እንደ ሁልጊዜው።,Sarcasm/Irony,5,Sarcasm/Irony_05,test
1145,ቡናው በገበያ ይገኛል።,Assertion,1,Assertion_00,test
1146,ጎበዝ! በጣም ጥሩ ስራ ሰራህ ስራ አስኪያጁ፣ ደረሰኙን አበላሸኸው።,Sarcasm/Irony,5,Sarcasm/Irony_02,train
1147,እንደምን አለህ በገበያ፣ ነጋዴው?,Phatic,7,Phatic_11,val
1148,የሰነዱ ዋጋውን ከሶስት ሰዓት በኋላ ብንቀንስ ደንበኞች ይጨምራሉ።,Suggestion,3,Suggestion_07,train
1149,የምርቱ ችግር ከዛሬ ጀምሮ ከፖሊሱ ጋር እፈታለሁ።,Promise,8,Promise_11,train
1150,መምህሩ፣ ስራ በሆስፒታል እንዴት ነው?,Phatic,7,Phatic_09,val
1151,እባክዎ ፋይሉን ለስራ አስኪያጁ በሚቀጥለው ሳምንት ይላኩልኝ።,Request,0,Request_00,train
1152,ጋዜጠኛው ወደ ሱቅ ከሶስት ሰዓት በኋላ ሄደዋል።,Assertion,1,Assertion_07,train
1153,እባክዎ ቁልፉን ለዶክተሩ ከሰዓት በኋላ ይላኩልኝ።,Request,0,Request_00,train
1154,እባክዎ መኪናውን ለደንበኛው ከሶስት ሰዓት በኋላ ይላኩልኝ።,Request,0,Request_00,train
1155,የካርታው ችግር ከዛሬ ጀምሮ ከሹፌሩ ጋር እፈታለሁ።,Promise,8,Promise_11,train
1156,በሩ ገና ወደ ፖሊስ ጣቢያ ዛሬ አልደረሰኝም።,Complaint,6,Complaint_07,train
1157,ጎበዝ ስራ መሐንዲሱ፣ ደብዳቤው ሙሉ በሙሉ ፈርሷል።,Sarcasm/Irony,5,Sarcasm/Irony_09,train
1158,መሐንዲሱ ወደ ቢሮ ዛሬ ሄደዋል።,Assertion,1,Assertion_07,train
1159,በሚቀጥለው ሳምንት በፍርድ ቤት ትራፊኩ ከባድ ነው ተጠንቀቁ።,Warning,4,Warning_13,train
1160,ደህና ሁን መሐንዲሱ፣ እስከ ከሁለት ቀናት በኋላ እንገናኝ።,Phatic,7,Phatic_13,train
1161,የበሩ ችግር በሚቀጥለው አመት ከደንበኛው ጋር እፈታለሁ።,Promise,8,Promise_11,train
1162,ስራ አስኪያጁ ወደ ትምህርት ቤት ነገ ሄደዋል።,Assertion,1,Assertion_07,train
1163,ከምሽቱ ጀምሮ በቤት ትራፊኩ ከባድ ነው ተጠንቀቁ።,Warning,4,Warning_13,train
1164,በሩ ገና ወደ ገበያ ነገ አልደረሰኝም።,Complaint,6,Complaint_07,train
1165,ጓደኛዬ ለቅሬታዬ ምላሽ ከጥቂት ደቂቃዎች በኋላ አልሰጡም።,Complaint,6,Complaint_06,val
1166,መሳሪያው ገና ወደ ገበያ ከአንድ ሰዓት በኋላ አልደረሰኝም።,Complaint,6,Complaint_07,train
1167,ገንዘቡን በጥንቃቄ ከጓደኛዬ ጋር ብንመረምር ይሻላል።,Suggestion,3,Suggestion_11,val
1168,ማዕከሉ ስለ ስልኩ ማስጠንቀቂያ ከዛሬ ጀምሮ አውጥቷል።,Warning,4,Warning_08,train
1169,ስቱዲዮው ስለ ሰነዱ ማስጠንቀቂያ በዚህ ሳምንት አውጥቷል።,Warning,4,Warning_08,train
1170,እርግጠኛ ነኝ ዶክተሩ ከሶስት ሰዓት በኋላ ይደርሳሉ፣ እንደ ሁልጊዜው።,Sarcasm/Irony,5,Sarcasm/Irony_05,test
1171,ከደንበኛው ጋር በሚቀጥለው ወር በባንክ እገናኛለሁ።,Promise,8,Promise_04,val
1172,ይህን መኪናውን ከጠበቃው መቀበል አልችልም።,Refusal,2,Refusal_03,train
1173,የገንዘቡ ዋጋውን በዚህ ሳምንት ብንቀንስ ደንበኞች ይጨምራሉ።,Suggestion,3,Suggestion_07,train
1174,የኮምፒዩተሩ ዋጋ በሚቀጥለው አመት ጨምሯል።,Assertion,1,Assertion_12,val
1175,ይህን ውሉን ከባልደረባዬ መቀበል አልችልም።,Refusal,2,Refusal_03,train
1176,በከተማው ውስጥ ትንሽ እረፍት በስብሰባው ወቅት ብንወስድ ጥሩ ነው።,Suggestion,3,Suggestion_09,test
1177,ይህን ፕሮጀክቱን ከስራ አስኪያጁ መቀበል አልችልም።,Refusal,2,Refusal_03,train
1178,ባንኩ ስለ መሳሪያው ማስጠንቀቂያ ዛሬ ማታ አውጥቷል።,Warning,4,Warning_08,train
1179,ሰላም ጠበቃው፣ በሳምንቱ መጨረሻ እንዴት ነህ?,Phatic,7,Phatic_00,train
1180,ስለ ሪፖርቱ ከአስተማሪዋ ጋር ማሰብ ይኖርብናል።,Suggestion,3,Suggestion_03,train
1181,ስብሰባው ያለ ማስታወቂያ ዛሬ በሆስፒታል ተሰርዟል።,Complaint,6,Complaint_09,test
1182,ፋብሪካው ስለ ምርቱ ማስጠንቀቂያ ከዛሬ ጀምሮ አውጥቷል።,Warning,4,Warning_08,train
1183,እባክሽ ልብሱን በስብሰባው ወቅት አምጪልኝ።,Request,0,Request_09,test
1184,መጽሐፉን በጥንቃቄ ለመምህሩ እይዛለሁ።,Promise,8,Promise_07,train
1185,የማዕከሉ ስልክ ከጥቂት ደቂቃዎች በኋላ አይነሳም።,Complaint,6,Complaint_11,test
1186,ወደ ሱቅ በሚቀጥለው ወር መሄድ አልችልም።,Refusal,2,Refusal_13,test
1187,የውሉ ችግር ከሁለት ቀናት በኋላ ከጓደኛዬ ጋር እፈታለሁ።,Promise,8,Promise_11,train
1188,ስለ ማሽኑ ከዶክተሩ ጋር ማሰብ ይኖርብናል።,Suggestion,3,Suggestion_03,train
1189,አዎ በርግጥ፣ የመንግስት እቅድ በከሰዓት በኋላ በጭራሽ አይከሽፍም።,Sarcasm/Irony,5,Sarcasm/Irony_11,train
1190,እባክዎ ፕሮጀክቱን ለመምህሩ ዛሬ ይላኩልኝ።,Request,0,Request_00,train
1191,እንዴት ጥሩ ነው ጋዜጠኛው፣ ነገ ጠዋት ደግሞ ዘገየ።,Sarcasm/Irony,5,Sarcasm/Irony_10,val
1192,እባክህ ይቅርታ አድርግልኝ፣ ወደ ፍርድ ቤት በዚህ ሳምንት መምጣት አልችልም።,Refusal,2,Refusal_01,test
1193,እባክህ ይቅርታ አድርግልኝ፣ ወደ ባንክ ነገ መምጣት አልችልም።,Refusal,2,Refusal_01,test
1194,መሐንዲሱ ወደ ፖሊስ ጣቢያ ዛሬ ማታ ሄደዋል።,Assertion,1,Assertion_07,train
1195,ከአለቃዬ ጋር ከምሽቱ ጀምሮ በሱቅ እገናኛለሁ።,Promise,8,Promise_04,val
1196,ቃል እገባለሁ፣ ሂሳቡን ዛሬ ማታ አላዘገይም።,Promise,8,Promise_03,test
1197,እባክዎ ይቅርታ፣ ትዕዛዙን በዚህ ወር ማቅረብ አልችልም።,Refusal,2,Refusal_09,train
1198,ጋዜጠኛው ወደ ፖሊስ ጣቢያ በሚቀጥለው አመት ሄደዋል።,Assertion,1,Assertion_07,train
1199,በሩ ገና ወደ ቤት በሚቀጥለው ሳምንት አልደረሰኝም።,Complaint,6,Complaint_07,train
1200,ቢያንስ አንዴ ፕሮጀክቱን በቤት እንሞክር።,Suggestion,3,Suggestion_05,train
1201,እባክዎ ይቅርታ፣ ውሃውን ከአንድ ሰዓት በኋላ ማቅረብ አልችልም።,Refusal,2,Refusal_09,train
1202,እንኳን ደስ አለህ መምህሩ ከምሽቱ ጀምሮ።,Phatic,7,Phatic_07,train
1203,እባክዎ ሪፖርቱን ለነጋዴው ከዛሬ ጀምሮ ይላኩልኝ።,Request,0,Request_00,train
1204,አስተማሪዋ ወደ ገበያ በዚህ ሳምንት ሄደዋል።,Assertion,1,Assertion_07,train
1205,የካርታው ዋጋ ነገ ከሰዓት በኋላ ጨምሯል።,Assertion,1,Assertion_12,val
1206,ባንኩ ስለ ፕሮጀክቱ ማስጠንቀቂያ ከሁለት ቀናት በኋላ አውጥቷል።,Warning,4,Warning_08,train
1207,ስቱዲዮው ቃል የገባውን ከሰዓት በኋላ አላከበረም።,Complaint,6,Complaint_02,test
1208,እባክዎ ኮምፒዩተሩን ለሚኒስትሩ በሳምንቱ መጨረሻ ይላኩልኝ።,Request,0,Request_00,train
1209,እንኳን ደስ አለህ ሚኒስትሩ፣ ስለ ቤቱ እንደገና ተሳስተሃል።,Sarcasm/Irony,5,Sarcasm/Irony_13,train
1210,እንኳን ደስ አለህ መሐንዲሱ፣ ስለ መስኮቱ እንደገና ተሳስተሃል።,Sarcasm/Irony,5,Sarcasm/Irony_13,train
1211,ነጋዴው ወደ ቤት በዚህ ወር ሄደዋል።,Assertion,1,Assertion_07,train
1212,ሰነዱ ገና ወደ መጋዘን በሚቀጥለው ወር አልደረሰኝም።,Complaint,6,Complaint_07,train
1213,አመሰግናለሁ ዶክተሩ፣ ደህና ዋል በፖሊስ ጣቢያ።,Phatic,7,Phatic_08,train
1214,እባክዎ ደረሰኙን ለጋዜጠኛው በሳምንቱ መጨረሻ ይላኩልኝ።,Request,0,Request_00,train
1215,ከመሐንዲሱ ጋር በዚህ ሳምንት በባንክ እገናኛለሁ።,Promise,8,Promise_04,val
1216,እባክዎ ፋይሉን ለጓደኛዬ ከአንድ ሰዓት በኋላ ይላኩልኝ።,Request,0,Request_00,train
1217,እባክዎ ምርቱን ለነጋዴው ነገ ይላኩልኝ።,Request,0,Request_00,train
1218,ይቅርታ፣ ዕቃውን በዚህ አመት ማድረግ አልችልም።,Refusal,2,Refusal_00,train
1219,ልብሱ ገና ወደ ስብሰባ ክፍል ከሰዓት በኋላ አልደረሰኝም።,Complaint,6,Complaint_07,train
1220,ስለ ሪፖርቱ ጉዳይ ከፖሊሱ ጋር እንወያይ።,Suggestion,3,Suggestion_10,train
1221,የልብሱ ችግር በሳምንቱ መጨረሻ ከጋዜጠኛው ጋር እፈታለሁ።,Promise,8,Promise_11,train
1222,በሚቀጥለው ሳምንት በአውሮፕላን ማረፊያ መገኘት አልችልም።,Refusal,2,Refusal_04,val
1223,እባክዎ ዕቃውን ለመምህሩ ዛሬ ማታ ይላኩልኝ።,Request,0,Request_00,train
1224,ወደ ሆስፒታል ነገ ከሰዓት በኋላ እንሂድ።,Suggestion,3,Suggestion_01,test
1225,እባክዎ ስልኩን ከጥቂት ደቂቃዎች በኋላ ይላኩልኝ።,Request,0,Request_13,val
1226,የስልኩ ዋጋውን በዚህ ወር ብንቀንስ ደንበኞች ይጨምራሉ።,Suggestion,3,Suggestion_07,train
1227,እባክዎ ሰነዱን በስብሰባው ወቅት ይላኩልኝ።,Request,0,Request_13,val
1228,ካርታው ገና ወደ ትምህርት ቤት ነገ ከሰዓት በኋላ አልደረሰኝም።,Complaint,6,Complaint_07,train
1229,ባንኩ ስለ ደረሰኙ ማስጠንቀቂያ በዚህ ሳምንት አውጥቷል።,Warning,4,Warning_08,train
1230,ጥንቃቄ ያድርጉ፣ ነገ ከሰዓት በኋላ መንገድ ላይ ይንሸራተታል።,Warning,4,Warning_02,train
1231,ይህን ሰነዱን ከደንበኛው መቀበል አልችልም።,Refusal,2,Refusal_03,train
1232,ካርታው ገና ወደ መጋዘን በሚቀጥለው ሳምንት አልደረሰኝም።,Complaint,6,Complaint_07,train
1233,እባክዎ ይቅርታ፣ በሩን ከጥቂት ደቂቃዎች በኋላ ማቅረብ አልችልም።,Refusal,2,Refusal_09,train
1234,የስልኩ ዋጋውን ከጥቂት ደቂቃዎች በኋላ ብንቀንስ ደንበኞች ይጨምራሉ።,Suggestion,3,Suggestion_07,train
1235,በጣም ደግ ነህ ጋዜጠኛው፣ በመጋዘን ምንም እርዳታ አልሰጠኸኝም።,Sarcasm/Irony,5,Sarcasm/Irony_12,train
1236,እባክዎ ይቅርታ፣ ምርቱን ከሁለት ቀናት በኋላ ማቅረብ አልችልም።,Refusal,2,Refusal_09,train
1237,ፋብሪካው በሚቀጥለው ወር ትርፍ አግኝቷል።,Assertion,1,Assertion_04,test
1238,እባክህ ይቅርታ አድርግልኝ፣ ወደ ሆስፒታል በሳምንቱ መጨረሻ መምጣት አልችልም።,Refusal,2,Refusal_01,test
1239,ጎበዝ! በጣም ጥሩ ስራ ሰራህ ጋዜጠኛው፣ ገንዘቡን አበላሸኸው።,Sarcasm/Irony,5,Sarcasm/Irony_02,train
1240,እባክዎ ከሁለት ቀናት በኋላ ወደ ሱቅ ይድረሱልኝ።,Request,0,Request_07,val
1241,ስልኩ ገና ወደ ትምህርት ቤት ነገ ጠዋት አልደረሰኝም።,Complaint,6,Complaint_07,train
1242,ድርጅቱ ስለ ሂሳቡ ማስጠንቀቂያ ከሶስት ሰዓት በኋላ አውጥቷል።,Warning,4,Warning_08,train
1243,ጥንቃቄ ያድርጉ፣ ከሁለት ቀናት በኋላ ፖሊስ ጣቢያ ይንሸራተታል።,Warning,4,Warning_02,train
1244,ጋዜጠኛው ወደ ሱቅ ዛሬ ሄደዋል።,Assertion,1,Assertion_07,train
1245,ይቅርታ፣ ቤቱን ነገ ጠዋት ማድረግ አልችልም።,Refusal,2,Refusal_00,train
1246,በጣም ደግ ነህ ነጋዴው፣ በባንክ ምንም እርዳታ አልሰጠኸኝም።,Sarcasm/Irony,5,Sarcasm/Irony_12,train
1247,ከደንበኛው ጋር በሚቀጥለው ሳምንት በመጋዘን እገናኛለሁ።,Promise,8,Promise_04,val
1248,ይቅርታ፣ በሩን በስብሰባው ወቅት ማድረግ አልችልም።,Refusal,2,Refusal_00,train
1249,ጎበዝ! በጣም ጥሩ ስራ ሰራህ ፖሊሱ፣ ደረሰኙን አበላሸኸው።,Sarcasm/Irony,5,Sarcasm/Irony_02,train
1250,የመስኮቱ ወጪውን በትምህርት ቤት ብንቀንስ የተሻለ ነው።,Suggestion,3,Suggestion_13,train
1251,የማሽኑ ዋጋውን በዚህ ሳምንት ብንቀንስ ደንበኞች ይጨምራሉ።,Suggestion,3,Suggestion_07,train
1252,ደንበኛው፣ እንደምን አደርክ ዛሬ ማታ?,Phatic,7,Phatic_01,train
1253,ጎበዝ ስራ መምህሩ፣ ቤቱ ሙሉ በሙሉ ፈርሷል።,Sarcasm/Irony,5,Sarcasm/Irony_09,train
1254,ሪፖርቱን ዛሬ ብንሞክር ጥሩ ይሆናል።,Suggestion,3,Suggestion_00,train
1255,ጓደኛዬ ወደ ፖሊስ ጣቢያ ከሶስት ሰዓት በኋላ ሄደዋል።,Assertion,1,Assertion_07,train
1256,ፋብሪካው ስለ ፋይሉ ማስጠንቀቂያ ከዛሬ ጀምሮ አውጥቷል።,Warning,4,Warning_08,train
1257,ድርጅቱ ስለ ገንዘቡ ማስጠንቀቂያ ከምሽቱ ጀምሮ አውጥቷል።,Warning,4,Warning_08,train
1258,ቢያንስ አንዴ ሪፖርቱን በመንገድ ላይ እንሞክር።,Suggestion,3,Suggestion_05,train
1259,እባክዎ በዚህ አመት ወደ አውሮፕላን ማረፊያ ይድረሱልኝ።,Request,0,Request_07,val
1260,እሰይ፣ ሌላ ችግር በስብሰባ ክፍል ነገ ከሰዓት በኋላ፣ ልክ የሚያስፈልገን ይሄው ነበር።,Sarcasm/Irony,5,Sarcasm/Irony_07,train
1261,እሰይ፣ ሌላ ችግር በቢሮ ከዛሬ ጀምሮ፣ ልክ የሚያስፈልገን ይሄው ነበር።,Sarcasm/Irony,5,Sarcasm/Irony_07,train
1262,መልእክቱ ገና ወደ ስብሰባ ክፍል ከጥቂት ደቂቃዎች በኋላ አልደረሰኝም።,Complaint,6,Complaint_07,train
1263,የቡናው ደረሰኝ ከሚኒስቴሩ የተበላሸ ነው።,Complaint,6,Complaint_08,val
1264,ጠበቃው ሪፖርቱን በዚህ አመት አቅርበዋል።,Assertion,1,Assertion_13,test
1265,እቅዱን በስብሰባው ወቅት ከድርጅቱ ጋር እናሻሽል።,Suggestion,3,Suggestion_12,train
1266,የቁልፉ ችግር በሚቀጥለው ወር ከሹፌሩ ጋር እፈታለሁ።,Promise,8,Promise_11,train
1267,ከአስተማሪዋ ጋር ከጥቂት ደቂቃዎች በኋላ በቤት እገናኛለሁ።,Promise,8,Promise_04,val
1268,ስጦታውን በሚቀጥለው ሳምንት ብንሞክር ጥሩ ይሆናል።,Suggestion,3,Suggestion_00,train
1269,ነገ ጠዋት በሆስፒታል መገኘት አልችልም።,Refusal,2,Refusal_04,val
1270,እንደምን አለህ በሆስፒታል፣ ፖሊሱ?,Phatic,7,Phatic_11,val
1271,እንኳን ደስ አለህ ሚኒስትሩ በዚህ ሳምንት።,Phatic,7,Phatic_07,train
1272,ደህና እደር ሚኒስትሩ፣ ዛሬ ማታ እንገናኝ።,Phatic,7,Phatic_06,train
1273,ቢያንስ አንዴ መልእክቱን በሆስፒታል እንሞክር።,Suggestion,3,Suggestion_05,train
1274,የዕቃው ችግር በሚቀጥለው አመት ከነጋዴው ጋር እፈታለሁ።,Promise,8,Promise_11,train
1275,በስብሰባው ወቅት በአውሮፕላን ማረፊያ ከባድ ዝናብ ሊዘንብ ይችላል ተጠንቀቁ።,Warning,4,Warning_03,test
1276,ወደ ስብሰባ ክፍል ነገ ብቻዎን አይሂዱ።,Warning,4,Warning_06,test
1277,በፖሊስ ጣቢያ ትንሽ እረፍት በዚህ ሳምንት ብንወስድ ጥሩ ነው።,Suggestion,3,Suggestion_09,test
1278,ውሃው ገና ወደ ገበያ በሚቀጥለው ወር አልደረሰኝም።,Complaint,6,Complaint_07,train
1279,የቦርሳው ወጪውን በትምህርት ቤት ብንቀንስ የተሻለ ነው።,Suggestion,3,Suggestion_13,train
1280,በድርጅቱ አዲስ ስልት በዚህ ወር እንተግብር።,Suggestion,3,Suggestion_14,test
1281,ከስራ አስኪያጁ ጋር በሚቀጥለው ሳምንት በአውሮፕላን ማረፊያ እገናኛለሁ።,Promise,8,Promise_04,val
1282,አለቃዬ ሪፖርቱን ከምሽቱ ጀምሮ አቅርበዋል።,Assertion,1,Assertion_13,test
1283,ከአለቃዬ ጋር ከጥቂት ደቂቃዎች በኋላ በፍርድ ቤት እገናኛለሁ።,Promise,8,Promise_04,val
1284,እባክዎ ትዕዛዙን በዚህ ወር ይላኩልኝ።,Request,0,Request_13,val
1285,ይቅርታ፣ ደረሰኙን ዛሬ ማታ ማድረግ አልችልም።,Refusal,2,Refusal_00,train
1286,እሰይ፣ ሌላ ችግር በቢሮ ዛሬ ማታ፣ ልክ የሚያስፈልገን ይሄው ነበር።,Sarcasm/Irony,5,Sarcasm/Irony_07,train
1287,እባክህ ለጥያቄው ይህን ዘዴ በዚህ ወር ተጠቀም።,Suggestion,3,Suggestion_04,train
1288,ያልተፈቀደ ግቢ ወደ ፖሊስ ጣቢያ ነገ አይግቡ።,Warning,4,Warning_09,test
1289,ካርታውን በጥንቃቄ ለዶክተሩ እይዛለሁ።,Promise,8,Promise_07,train
1290,የደረሰኙ ችግር ከጥቂት ደቂቃዎች በኋላ ከዶክተሩ ጋር እፈታለሁ።,Promise,8,Promise_11,train
1291,እባክዎ ይቅርታ፣ በሩን ነገ ማቅረብ አልችልም።,Refusal,2,Refusal_09,train
1292,መምህሩ ወደ ገበያ ነገ ጠዋት ሄደዋል።,Assertion,1,Assertion_07,train
1293,መንግስት ቃል የገባውን ከአንድ ሰዓት በኋላ አላከበረም።,Complaint,6,Complaint_02,test
1294,እንደምን አለህ በመጋዘን፣ ስራ አስኪያጁ?,Phatic,7,Phatic_11,val
1295,የሰነዱ ችግር በስብሰባው ወቅት ከአስተማሪዋ ጋር እፈታለሁ።,Promise,8,Promise_11,train
1296,ዶክተሩ ወደ መጋዘን ከሁለት ቀናት በኋላ ሄደዋል።,Assertion,1,Assertion_07,train
1297,ሂሳቡን በጥንቃቄ ከዶክተሩ ጋር ብንመረምር ይሻላል።,Suggestion,3,Suggestion_11,val
1298,ኮምፒዩተሩን በጥንቃቄ ከመሐንዲሱ ጋር ብንመረምር ይሻላል።,Suggestion,3,Suggestion_11,val
1299,ስቱዲዮው ስለ ምርቱ ማስጠንቀቂያ በዚህ ሳምንት አውጥቷል።,Warning,4,Warning_08,train
1300,ልብሱ ገና ወደ ቢሮ ከሁለት ቀናት በኋላ አልደረሰኝም።,Complaint,6,Complaint_07,train
1301,ደንበኛው፣ ስራ በሆስፒታል እንዴት ነው?,Phatic,7,Phatic_09,val
1302,መሳሪያው በፋብሪካ ይገኛል።,Assertion,1,Assertion_00,test
1303,የጥያቄው ወጪውን በፍርድ ቤት ብንቀንስ የተሻለ ነው።,Suggestion,3,Suggestion_13,train
1304,እንኳን ወደ ፋብሪካ ደህና መጣህ ጓደኛዬ።,Phatic,7,Phatic_04,test
1305,እባክዎ ሰነዱን ለጋዜጠኛው ከሶስት ሰዓት በኋላ ይላኩልኝ።,Request,0,Request_00,train
1306,ውሉ ገና ወደ ቤት በሳምንቱ መጨረሻ አልደረሰኝም።,Complaint,6,Complaint_07,train
1307,እባክዎ ይቅርታ፣ ልብሱን በዚህ ሳምንት ማቅረብ አልችልም።,Refusal,2,Refusal_09,train
1308,ይቅርታ፣ በሩን በዚህ አመት ማድረግ አልችልም።,Refusal,2,Refusal_00,train
1309,ከጋዜጠኛው ጋር ዛሬ ማታ በትምህርት ቤት እገናኛለሁ።,Promise,8,Promise_04,val
1310,ይህን ማሽኑን ከፖሊሱ መቀበል አልችልም።,Refusal,2,Refusal_03,train
1311,ሹፌሩ ወደ ፍርድ ቤት በሚቀጥለው አመት ሄደዋል።,Assertion,1,Assertion_07,train
1312,ሚኒስትሩ ወደ ፋብሪካ ዛሬ ሄደዋል።,Assertion,1,Assertion_07,train
1313,በባንክ ትንሽ እረፍት በሚቀጥለው ሳምንት ብንወስድ ጥሩ ነው።,Suggestion,3,Suggestion_09,test
1314,እባክህ ለመስኮቱ ይህን ዘዴ ዛሬ ተጠቀም።,Suggestion,3,Suggestion_04,train
1315,የደረሰኙ ችግር ነገ ከሰዓት በኋላ ከነጋዴው ጋር እፈታለሁ።,Promise,8,Promise_11,train
1316,ፕሮጀክቱን ከሰዓት በኋላ ከጓደኛዬ ጋር ብንጀምር ይሻላል።,Suggestion,3,Suggestion_08,val
1317,ፋብሪካው ስለ ሪፖርቱ ማስጠንቀቂያ ከአንድ ሰዓት በኋላ አውጥቷል።,Warning,4,Warning_08,train
1318,መሐንዲሱ ወደ ስብሰባ ክፍል ከሶስት ሰዓት በኋላ ሄደዋል።,Assertion,1,Assertion_07,train
1319,ዕቃውን ከዛሬ ጀምሮ ብንሞክር ጥሩ ይሆናል።,Suggestion,3,Suggestion_00,train
1320,ደንበኛው ሪፖርቱን ዛሬ አቅርበዋል።,Assertion,1,Assertion_13,test
1321,እባክዎ ካርታውን ለአስተማሪዋ ከሰዓት በኋላ ይላኩልኝ።,Request,0,Request_00,train
1322,እባክዎ ለመሐንዲሱ ማሽኑን ያድርሱ።,Request,0,Request_14,test
1323,ደንበኛው ለቅሬታዬ ምላሽ ከምሽቱ ጀምሮ አልሰጡም።,Complaint,6,Complaint_06,val
1324,አለቃዬ ወደ አውሮፕላን ማረፊያ በሚቀጥለው አመት ሄደዋል።,Assertion,1,Assertion_07,train
1325,ቢያንስ አንዴ ደረሰኙን በመጋዘን እንሞክር።,Suggestion,3,Suggestion_05,train
1326,ከስራ አስኪያጁ ጋር ስለ መልእክቱ ጉዳይ መስማማት አልችልም።,Refusal,2,Refusal_06,train
1327,የገንዘቡ ችግር በሚቀጥለው አመት ከፖሊሱ ጋር እፈታለሁ።,Promise,8,Promise_11,train
1328,ደህና እደር ዶክተሩ፣ በሚቀጥለው ወር እንገናኝ።,Phatic,7,Phatic_06,train
1329,ከመሐንዲሱ ጋር በሚቀጥለው አመት በገበያ እገናኛለሁ።,Promise,8,Promise_04,val
1330,የፕሮጀክቱ ችግር ከሰዓት በኋላ ከሚኒስትሩ ጋር እፈታለሁ።,Promise,8,Promise_11,train
1331,ኩባንያው ስለ መስኮቱ ማስጠንቀቂያ በሳምንቱ መጨረሻ አውጥቷል።,Warning,4,Warning_08,train
1332,ነገ ወደ ከተማው ውስጥ እደርሳለሁ።,Promise,8,Promise_10,train
1333,ይህ ገንዘቡ ከባንኩ ከተገለጸው ጋር አይመሳሰልም።,Complaint,6,Complaint_12,test
1334,እባክዎ ምርቱን ለባልደረባዬ በዚህ አመት ይላኩልኝ።,Request,0,Request_00,train
1335,ባንኩ ስለ በሩ ማስጠንቀቂያ ከሰዓት በኋላ አውጥቷል።,Warning,4,Warning_08,train
1336,እባክዎ ምርቱን ለሹፌሩ ዛሬ ይላኩልኝ።,Request,0,Request_00,train
1337,በጣም ጎበዝ ነው ስቱዲዮው፣ በስብሰባ ክፍል ደንበኞችን ችላ ይላል።,Sarcasm/Irony,5,Sarcasm/Irony_06,test
1338,እባክዎ በሩን ለጓደኛዬ ከሰዓት በኋላ ይላኩልኝ።,Request,0,Request_00,train
1339,ጤና ይስጥልኝ አለቃዬ፣ ከምሽቱ ጀምሮ ደህና ነህ?,Phatic,7,Phatic_12,train
1340,ባንኩ ስለ ቡናው ማስጠንቀቂያ በሚቀጥለው ወር አውጥቷል።,Warning,4,Warning_08,train
1341,መሐንዲሱ ወደ መንገድ ላይ ነገ ሄደዋል።,Assertion,1,Assertion_07,train
1342,ስለ ምርቱ ጉዳይ ከባልደረባዬ ጋር እንወያይ።,Suggestion,3,Suggestion_10,train
1343,እባክዎ በሩን ለሹፌሩ በዚህ አመት ይላኩልኝ።,Request,0,Request_00,train
1344,በሚቀጥለው ወር በመጋዘን ከባድ ዝናብ ሊዘንብ ይችላል ተጠንቀቁ።,Warning,4,Warning_03,test
1345,በማዕከሉ አዲስ ስልት ነገ ጠዋት እንተግብር።,Suggestion,3,Suggestion_14,test
1346,እባክዎ ትዕዛዙን ለባልደረባዬ በዚህ ወር ይላኩልኝ።,Request,0,Request_00,train
1347,ቢያንስ አንዴ መስኮቱን በመንገድ ላይ እንሞክር።,Suggestion,3,Suggestion_05,train
1348,ከአስተማሪዋ ጋር ነገ ጠዋት በገበያ እገናኛለሁ።,Promise,8,Promise_04,val
1349,ሰነዱ ገና ወደ ፖሊስ ጣቢያ ከጥቂት ደቂቃዎች በኋላ አልደረሰኝም።,Complaint,6,Complaint_07,train
1350,እንዴት ጥሩ ነው ዶክተሩ፣ ከጥቂት ደቂቃዎች በኋላ ደግሞ ዘገየ።,Sarcasm/Irony,5,Sarcasm/Irony_10,val
1351,ገበያ ከምሽቱ ጀምሮ ተከፍቷል።,Assertion,1,Assertion_14,train
1352,አዎ በእርግጥ፣ ባልደረባዬ ነገ ትመጣለህ ብዬ አላምንም።,Sarcasm/Irony,5,Sarcasm/Irony_01,test
1353,ደብዳቤው ገና ወደ ሱቅ ከጥቂት ደቂቃዎች በኋላ አልደረሰኝም።,Complaint,6,Complaint_07,train
1354,ከጠበቃው ጋር ከሁለት ቀናት በኋላ በሱቅ እገናኛለሁ።,Promise,8,Promise_04,val
1355,እባክህ ለሪፖርቱ ይህን ዘዴ በሳምንቱ መጨረሻ ተጠቀም።,Suggestion,3,Suggestion_04,train
1356,የቦርሳው ዋጋ ከሁለት ቀናት በኋላ ጨምሯል።,Assertion,1,Assertion_12,val
1357,በስብሰባው ወቅት ወደ ቢሮ እመጣለሁ።,Promise,8,Promise_00,train
1358,እሰይ፣ ሌላ ችግር በፋብሪካ በዚህ ሳምንት፣ ልክ የሚያስፈልገን ይሄው ነበር።,Sarcasm/Irony,5,Sarcasm/Irony_07,train
1359,እባክዎ ገንዘቡን ለሹፌሩ በሚቀጥለው አመት ይላኩልኝ።,Request,0,Request_00,train
1360,እንኳን አደረሳችሁ አለቃዬ፣ በመጋዘን።,Phatic,7,Phatic_14,test
1361,የቤቱ ችግር ከዛሬ ጀምሮ ከደንበኛው ጋር እፈታለሁ።,Promise,8,Promise_11,train
1362,ይህን ስጦታውን ከነጋዴው መቀበል አልችልም።,Refusal,2,Refusal_03,train
1363,ጥያቄው ገና ወደ ፍርድ ቤት ነገ ከሰዓት በኋላ አልደረሰኝም።,Complaint,6,Complaint_07,train
1364,ከአለቃዬ ጋር ነገ ጠዋት በፖሊስ ጣቢያ እገናኛለሁ።,Promise,8,Promise_04,val
1365,የውሉ ችግር ነገ ጠዋት ከሚኒስትሩ ጋር እፈታለሁ።,Promise,8,Promise_11,train
1366,በሩ በመጋዘን ይገኛል።,Assertion,1,Assertion_00,test
1367,መኪናው ገና ወደ ቢሮ ከሰዓት በኋላ አልደረሰኝም።,Complaint,6,Complaint_07,train
1368,የማሽኑ ዋጋውን ዛሬ ብንቀንስ ደንበኞች ይጨምራሉ።,Suggestion,3,Suggestion_07,train
1369,ፕሮጀክቱን ነገ ጠዋት ከመሐንዲሱ ጋር ብንጀምር ይሻላል።,Suggestion,3,Suggestion_08,val
1370,እንዴት ጎበዝ ነህ ዶክተሩ፣ ልብሱን ሰብረኸዋል!,Sarcasm/Irony,5,Sarcasm/Irony_00,train
1371,እባክህ ይቅርታ አድርግልኝ፣ ወደ ቤት ከምሽቱ ጀምሮ መምጣት አልችልም።,Refusal,2,Refusal_01,test
1372,ይቅርታ፣ ውሉን በስብሰባው ወቅት ማድረግ አልችልም።,Refusal,2,Refusal_00,train
1373,እንደምን አለህ በአውሮፕላን ማረፊያ፣ አለቃዬ?,Phatic,7,Phatic_11,val
1374,ይህን ገንዘቡን ከባልደረባዬ መቀበል አልችልም።,Refusal,2,Refusal_03,train
1375,በጣም ደግ ነህ ሚኒስትሩ፣ በስብሰባ ክፍል ምንም እርዳታ አልሰጠኸኝም።,Sarcasm/Irony,5,Sarcasm/Irony_12,train
1376,ወደ ፖሊስ ጣቢያ ከሶስት ሰዓት በኋላ መሄድ አልችልም።,Refusal,2,Refusal_13,test
1377,እባክዎ ጥያቄውን ለዶክተሩ በሚቀጥለው ወር ይላኩልኝ።,Request,0,Request_00,train
1378,በጣም ብልህ ነህ ስራ አስኪያጁ፣ መልእክቱን ረሳኸው።,Sarcasm/Irony,5,Sarcasm/Irony_04,train
1379,ይህን ሂሳቡን ከስራ አስኪያጁ መቀበል አልችልም።,Refusal,2,Refusal_03,train
1380,እባክዎ ይቅርታ፣ ሰነዱን ዛሬ ማታ ማቅረብ አልችልም።,Refusal,2,Refusal_09,train
1381,እባክዎ ደረሰኙን ለመምህሩ በዚህ ወር ይላኩልኝ።,Request,0,Request_00,train
1382,ኮምፒዩተሩ ገና ወደ ቢሮ በዚህ አመት አልደረሰኝም።,Complaint,6,Complaint_07,train
1383,ከአለቃዬ ጋር ዛሬ ማታ በባንክ እገናኛለሁ።,Promise,8,Promise_04,val
1384,ጥያቄው ገና ወደ ባንክ ከሰዓት በኋላ አልደረሰኝም።,Complaint,6,Complaint_07,train
1385,እንኳን አደረሳችሁ ፖሊሱ፣ በፖሊስ ጣቢያ።,Phatic,7,Phatic_14,test
1386,እሰይ፣ ሌላ ችግር በሱቅ ከምሽቱ ጀምሮ፣ ልክ የሚያስፈልገን ይሄው ነበር።,Sarcasm/Irony,5,Sarcasm/Irony_07,train
1387,አለቃዬ ወደ መንገድ ላይ በሚቀጥለው አመት ሄደዋል።,Assertion,1,Assertion_07,train
1388,እባክዎ ይቅርታ፣ ልብሱን በሚቀጥለው አመት ማቅረብ አልችልም።,Refusal,2,Refusal_09,train
1389,ሚኒስቴሩ ስለ ሰነዱ ማስጠንቀቂያ ከጥቂት ደቂቃዎች በኋላ አውጥቷል።,Warning,4,Warning_08,train
1390,ልብሱ ገና ወደ መጋዘን ዛሬ ማታ አልደረሰኝም።,Complaint,6,Complaint_07,train
1391,መኪናው ገና ወደ ቤት ከምሽቱ ጀምሮ አልደረሰኝም።,Complaint,6,Complaint_07,train
1392,ስለ ልብሱ ጉዳይ ከመምህሩ ጋር እንወያይ።,Suggestion,3,Suggestion_10,train
1393,እንዴት ደስ ይላል፣ ፖሊሱ እንደገና ከሰዓት በኋላ ዘገዩ።,Sarcasm/Irony,5,Sarcasm/Irony_03,train
1394,እንኳን ደስ አለህ ጠበቃው በሚቀጥለው ወር።,Phatic,7,Phatic_07,train
1395,በጣም ደግ ነህ ሚኒስትሩ፣ በፍርድ ቤት ምንም እርዳታ አልሰጠኸኝም።,Sarcasm/Irony,5,Sarcasm/Irony_12,train
1396,የደረሰኙ ወጪውን በአውሮፕላን ማረፊያ ብንቀንስ የተሻለ ነው።,Suggestion,3,Suggestion_13,train
1397,ይህን መጽሐፉን ከአለቃዬ መቀበል አልችልም።,Refusal,2,Refusal_03,train
1398,ከሚኒስትሩ ጋር ዛሬ በአውሮፕላን ማረፊያ እገናኛለሁ።,Promise,8,Promise_04,val
1399,ለአስተማሪዋ የገባሁትን ቃል በሳምንቱ መጨረሻ አከብራለሁ።,Promise,8,Promise_08,test
1400,ከጋዜጠኛው ጋር ከዛሬ ጀምሮ መነጋገር ይሻላል።,Suggestion,3,Suggestion_06,val
1401,ሚኒስትሩ ወደ ቤት ከሰዓት በኋላ ሄደዋል።,Assertion,1,Assertion_07,train
1402,የማሽኑ ችግር ከምሽቱ ጀምሮ ከጓደኛዬ ጋር እፈታለሁ።,Promise,8,Promise_11,train
1403,ዕቃው ገና ወደ መንገድ ላይ ከሁለት ቀናት በኋላ አልደረሰኝም።,Complaint,6,Complaint_07,train
1404,ጎበዝ! በጣም ጥሩ ስራ ሰራህ አስተማሪዋ፣ ቤቱን አበላሸኸው።,Sarcasm/Irony,5,Sarcasm/Irony_02,train
1405,ሹፌሩ ወደ ሱቅ ነገ ጠዋት ሄደዋል።,Assertion,1,Assertion_07,train
1406,ከፖሊሱ ጋር በሚቀጥለው ሳምንት በቢሮ እገናኛለሁ።,Promise,8,Promise_04,val
1407,ማሽኑ ገና ወደ ፍርድ ቤት ዛሬ አልደረሰኝም።,Complaint,6,Complaint_07,train
1408,የማሽኑ ችግር ነገ ጠዋት ከጠበቃው ጋር እፈታለሁ።,Promise,8,Promise_11,train
1409,እባክዎ ደብዳቤውን ለመምህሩ በዚህ ሳምንት ይላኩልኝ።,Request,0,Request_00,train
1410,በመጋዘን ትንሽ እረፍት በሚቀጥለው ወር ብንወስድ ጥሩ ነው።,Suggestion,3,Suggestion_09,test
1411,ቁልፉ ገና ወደ ገበያ ከምሽቱ ጀምሮ አልደረሰኝም።,Complaint,6,Complaint_07,train
1412,በጣም ውጤታማ ነው ኤጀንሲው፣ በነገ ጠዋት ምንም አልተሰራም።,Sarcasm/Irony,5,Sarcasm/Irony_14,val
1413,እባክዎ ስጦታውን ለሚኒስትሩ ነገ ጠዋት ይላኩልኝ።,Request,0,Request_00,train
1414,ደረሰኙ ገና ወደ አውሮፕላን ማረፊያ ነገ ከሰዓት በኋላ አልደረሰኝም።,Complaint,6,Complaint_07,train
1415,ክፍያ ብከፍልም ከኤጀንሲው አገልግሎት ከጥቂት ደቂቃዎች በኋላ አላገኘሁም።,Complaint,6,Complaint_10,val
1416,ባልደረባዬ ሪፖርቱን በሚቀጥለው ወር አቅርበዋል።,Assertion,1,Assertion_13,test
1417,ያልተፈቀደ ግቢ ወደ አውሮፕላን ማረፊያ ከዛሬ ጀምሮ አይግቡ።,Warning,4,Warning_09,test
1418,ፖሊሱ ወደ ሱቅ በሚቀጥለው ሳምንት ሄደዋል።,Assertion,1,Assertion_07,train
1419,እባክዎ ለጋዜጠኛው ኮምፒዩተሩን ያድርሱ።,Request,0,Request_14,test
1420,በጣም ብልህ ነህ ጠበቃው፣ ቦርሳውን ረሳኸው።,Sarcasm/Irony,5,Sarcasm/Irony_04,train
1421,የውሉ ችግር ከምሽቱ ጀምሮ ከስራ አስኪያጁ ጋር እፈታለሁ።,Promise,8,Promise_11,train
1422,እባክህ ለቤቱ ይህን ዘዴ ነገ ከሰዓት በኋላ ተጠቀም።,Suggestion,3,Suggestion_04,train
1423,መንግስት ስለ ፋይሉ ማስጠንቀቂያ ዛሬ ማታ አውጥቷል።,Warning,4,Warning_08,train
1424,ተጠንቀቅ፣ በዚህ ሳምንት አውሮፕላን ማረፊያ ውስጥ አደጋ አለ።,Warning,4,Warning_00,val
1425,እባክዎ ሪፖርቱን ለፖሊሱ በሚቀጥለው ወር ይላኩልኝ።,Request,0,Request_00,train
1426,እንዴት ጥሩ ነው ጋዜጠኛው፣ በዚህ ሳምንት ደግሞ ዘገየ።,Sarcasm/Irony,5,Sarcasm/Irony_10,val
1427,እንኳን አደረሳችሁ ነጋዴው፣ በሱቅ።,Phatic,7,Phatic_14,test
1428,እንኳን ወደ ትምህርት ቤት ደህና መጣህ ስራ አስኪያጁ።,Phatic,7,Phatic_04,test
1429,ሰላም አስተማሪዋ፣ ከሰዓት በኋላ እንዴት ነህ?,Phatic,7,Phatic_00,train
1430,እሰይ፣ ሌላ ችግር በስብሰባ ክፍል በሚቀጥለው ሳምንት፣ ልክ የሚያስፈልገን ይሄው ነበር።,Sarcasm/Irony,5,Sarcasm/Irony_07,train
1431,ስራው ከሶስት ሰዓት በኋላ ተጠናቅቋል።,Assertion,1,Assertion_06,test
1432,የመስኮቱ ችግር በዚህ ሳምንት ከአለቃዬ ጋር እፈታለሁ።,Promise,8,Promise_11,train
1433,እባክዎ ማሽኑን ለነጋዴው ከአንድ ሰዓት በኋላ ይላኩልኝ።,Request,0,Request_00,train
1434,ስራው ነገ ከጠበቃው ጋር አልተጠናቀቀም።,Complaint,6,Complaint_03,test
1435,ባንኩ ስለ መስኮቱ ማስጠንቀቂያ ከዛሬ ጀምሮ አውጥቷል።,Warning,4,Warning_08,train
1436,ስጦታው ገና ወደ አውሮፕላን ማረፊያ በሳምንቱ መጨረሻ አልደረሰኝም።,Complaint,6,Complaint_07,train
1437,በጣም ብልህ ነህ ነጋዴው፣ ምርቱን ረሳኸው።,Sarcasm/Irony,5,Sarcasm/Irony_04,train
1438,ጠበቃው ስብሰባውን በዚህ ወር መርተዋል።,Assertion,1,Assertion_03,val
1439,የመስኮቱ ዋጋ በቢሮ በጣም ውድ ነው።,Complaint,6,Complaint_05,val
1440,መምህሩ ወደ ቤት ከሁለት ቀናት በኋላ ሄደዋል።,Assertion,1,Assertion_07,train
1441,ሚኒስቴሩ ስለ ካርታው ማስጠንቀቂያ በዚህ ሳምንት አውጥቷል።,Warning,4,Warning_08,train
1442,ባንኩ ስለ ስጦታው ማስጠንቀቂያ በዚህ ሳምንት አውጥቷል።,Warning,4,Warning_08,train
1443,ሚኒስትሩ ወደ አውሮፕላን ማረፊያ ከጥቂት ደቂቃዎች በኋላ ሄደዋል።,Assertion,1,Assertion_07,train
1444,መስኮቱን በጥንቃቄ ከጓደኛዬ ጋር ብንመረምር ይሻላል።,Suggestion,3,Suggestion_11,val
1445,በጣም ደግ ነህ ባልደረባዬ፣ በፍርድ ቤት ምንም እርዳታ አልሰጠኸኝም።,Sarcasm/Irony,5,Sarcasm/Irony_12,train
1446,ባልደረባዬ ወደ ስብሰባ ክፍል ዛሬ ማታ ሄደዋል።,Assertion,1,Assertion_07,train
1447,መሳሪያው ገና ወደ ቢሮ ዛሬ አልደረሰኝም።,Complaint,6,Complaint_07,train
1448,ስለ መልእክቱ ጉዳይ ከባልደረባዬ ጋር እንወያይ።,Suggestion,3,Suggestion_10,train
1449,ጎበዝ! በጣም ጥሩ ስራ ሰራህ ሚኒስትሩ፣ ቡናውን አበላሸኸው።,Sarcasm/Irony,5,Sarcasm/Irony_02,train
1450,በኤጀንሲው አዲስ ስልት ዛሬ ማታ እንተግብር።,Suggestion,3,Suggestion_14,test
1451,ከነጋዴው ጋር በዚህ ወር በሆስፒታል እገናኛለሁ።,Promise,8,Promise_04,val
1452,እባክህ ለውሉ ይህን ዘዴ ከዛሬ ጀምሮ ተጠቀም።,Suggestion,3,Suggestion_04,train
1453,እባክዎ ይቅርታ፣ መኪናውን በዚህ ሳምንት ማቅረብ አልችልም።,Refusal,2,Refusal_09,train
1454,ቡናው ገና ወደ መጋዘን ከሰዓት በኋላ አልደረሰኝም።,Complaint,6,Complaint_07,train
1455,እባክዎ ይቅርታ፣ ቤቱን ዛሬ ማቅረብ አልችልም።,Refusal,2,Refusal_09,train
1456,ጥንቃቄ ያድርጉ፣ በሚቀጥለው ሳምንት ፍርድ ቤት ይንሸራተታል።,Warning,4,Warning_02,train
1457,መሳሪያው ገና ወደ ከተማው ውስጥ ከሰዓት በኋላ አልደረሰኝም።,Complaint,6,Complaint_07,train
1458,የስልኩ ወጪውን በአውሮፕላን ማረፊያ ብንቀንስ የተሻለ ነው።,Suggestion,3,Suggestion_13,train
1459,ከአለቃዬ ጋር ስለ ደብዳቤው ጉዳይ መስማማት አልችልም።,Refusal,2,Refusal_06,train
1460,ውሃው ገና ወደ ከተማው ውስጥ በዚህ ሳምንት አልደረሰኝም።,Complaint,6,Complaint_07,train
1461,እባክዎ ምርቱን ለደንበኛው ከምሽቱ ጀምሮ ይላኩልኝ።,Request,0,Request_00,train
1462,የመጽሐፉ ገመድ በቢሮ አደገኛ ነው ተጠንቀቁ።,Warning,4,Warning_07,train
1463,ፖሊሱ ወደ ትምህርት ቤት በሚቀጥለው አመት ሄደዋል።,Assertion,1,Assertion_07,train
1464,ሚኒስትሩ፣ እንደምን አደርክ በሚቀጥለው አመት?,Phatic,7,Phatic_01,train
1465,ደህና ሁን መሐንዲሱ፣ እስከ በስብሰባው ወቅት እንገናኝ።,Phatic,7,Phatic_13,train
1466,እባክዎ ለጋዜጠኛው ስለ ፋይሉ ይንገሩልኝ።,Request,0,Request_04,val
1467,በጣም ውጤታማ ነው ማህበሩ፣ በከምሽቱ ጀምሮ ምንም አልተሰራም።,Sarcasm/Irony,5,Sarcasm/Irony_14,val
1468,መጽሐፉ ገና ወደ ቤት በሚቀጥለው ወር አልደረሰኝም።,Complaint,6,Complaint_07,train
1469,ቢያንስ አንዴ ካርታውን በቤት እንሞክር።,Suggestion,3,Suggestion_05,train
1470,እንዴት ጎበዝ ነህ ሚኒስትሩ፣ ኮምፒዩተሩን ሰብረኸዋል!,Sarcasm/Irony,5,Sarcasm/Irony_00,train
1471,የካርታው ችግር ዛሬ ከሹፌሩ ጋር እፈታለሁ።,Promise,8,Promise_11,train
1472,ደህና እደር ሚኒስትሩ፣ በዚህ ወር እንገናኝ።,Phatic,7,Phatic_06,train
1473,ጎበዝ! በጣም ጥሩ ስራ ሰራህ ሚኒስትሩ፣ ስልኩን አበላሸኸው።,Sarcasm/Irony,5,Sarcasm/Irony_02,train
1474,ስብሰባው ያለ ማስታወቂያ በዚህ አመት በገበያ ተሰርዟል።,Complaint,6,Complaint_09,test
1475,የማሽኑ ዋጋውን ከጥቂት ደቂቃዎች በኋላ ብንቀንስ ደንበኞች ይጨምራሉ።,Suggestion,3,Suggestion_07,train
1476,ስለ መሳሪያው ከአስተማሪዋ ጋር ማሰብ ይኖርብናል።,Suggestion,3,Suggestion_03,train
1477,ኤጀንሲው ዛሬ ማታ አዲስ ሰራተኞችን ቀጥሯል።,Assertion,1,Assertion_09,train
1478,እባክህ ለደብዳቤው ይህን ዘዴ ከሰዓት በኋላ ተጠቀም።,Suggestion,3,Suggestion_04,train
1479,ይህ ቤቱ ከፋብሪካው ጥራት የለውም።,Complaint,6,Complaint_00,val
1480,እንኳን አደረሳችሁ ሹፌሩ፣ በቢሮ።,Phatic,7,Phatic_14,test
1481,ነጋዴው ወደ ስብሰባ ክፍል ከሰዓት በኋላ ሄደዋል።,Assertion,1,Assertion_07,train
1482,እንዴት ደስ ይላል፣ አስተማሪዋ እንደገና በዚህ ሳምንት ዘገዩ።,Sarcasm/Irony,5,Sarcasm/Irony_03,train
1483,እባክህ ይቅርታ አድርግልኝ፣ ወደ ባንክ ከምሽቱ ጀምሮ መምጣት አልችልም።,Refusal,2,Refusal_01,test
1484,ይህን ገንዘቡን ከጓደኛዬ መቀበል አልችልም።,Refusal,2,Refusal_03,train
1485,ስለ ደብዳቤው ከነጋዴው ጋር ማሰብ ይኖርብናል።,Suggestion,3,Suggestion_03,train
1486,ድርጅቱ ስለ ሪፖርቱ ማስጠንቀቂያ ዛሬ አውጥቷል።,Warning,4,Warning_08,train
1487,ጤና ይስጥልኝ ጓደኛዬ፣ ነገ ጠዋት ደህና ነህ?,Phatic,7,Phatic_12,train
1488,እባክዎ ካርታውን ለባልደረባዬ ከአንድ ሰዓት በኋላ ይላኩልኝ።,Request,0,Request_00,train
1489,እንኳን ደስ አለህ ደንበኛው ነገ ከሰዓት በኋላ።,Phatic,7,Phatic_07,train
1490,ወደ ባንክ ነገ ብቻዎን አይሂዱ።,Warning,4,Warning_06,test
1491,እባክዎ ለአለቃዬ ስለ ቁልፉ ይንገሩልኝ።,Request,0,Request_04,val
1492,ሚኒስትሩ ወደ ባንክ በሚቀጥለው አመት ሄደዋል።,Assertion,1,Assertion_07,train
1493,ጋዜጠኛው ወደ ገበያ በስብሰባው ወቅት ሄደዋል።,Assertion,1,Assertion_07,train
1494,ጥንቃቄ ያድርጉ፣ ከጥቂት ደቂቃዎች በኋላ ቢሮ ይንሸራተታል።,Warning,4,Warning_02,train
1495,ሰላም ባልደረባዬ፣ በስብሰባው ወቅት እንዴት ነህ?,Phatic,7,Phatic_00,train
1496,ይህን ስጦታውን ከደንበኛው መቀበል አልችልም።,Refusal,2,Refusal_03,train
1497,እባክዎ ይቅርታ፣ መስኮቱን በስብሰባው ወቅት ማቅረብ አልችልም።,Refusal,2,Refusal_09,train
1498,እባክዎ ስልኩን ለፖሊሱ ከዛሬ ጀምሮ ይላኩልኝ።,Request,0,Request_00,train
1499,ደህና ሁን ጓደኛዬ፣ እስከ በሚቀጥለው አመት እንገናኝ።,Phatic,7,Phatic_13,train
1500,እንዴት ጎበዝ ነህ አለቃዬ፣ ልብሱን ሰብረኸዋል!,Sarcasm/Irony,5,Sarcasm/Irony_00,train
1501,እባክህ ይቅርታ አድርግልኝ፣ ወደ አውሮፕላን ማረፊያ በሳምንቱ መጨረሻ መምጣት አልችልም።,Refusal,2,Refusal_01,test
1502,ኩባንያው ስለ ቁልፉ ማስጠንቀቂያ በዚህ አመት አውጥቷል።,Warning,4,Warning_08,train
1503,ጎበዝ ስራ ፖሊሱ፣ መስኮቱ ሙሉ በሙሉ ፈርሷል።,Sarcasm/Irony,5,Sarcasm/Irony_09,train
1504,መኪናውን በጥንቃቄ ከጋዜጠኛው ጋር ብንመረምር ይሻላል።,Suggestion,3,Suggestion_11,val
1505,በትምህርት ቤት ትንሽ እረፍት በዚህ ወር ብንወስድ ጥሩ ነው።,Suggestion,3,Suggestion_09,test
1506,እባክዎ ዕቃውን ለሚኒስትሩ ከሶስት ሰዓት በኋላ ይላኩልኝ።,Request,0,Request_00,train
1507,ፕሮጀክቱ ገና ወደ ገበያ ከሶስት ሰዓት በኋላ አልደረሰኝም።,Complaint,6,Complaint_07,train
1508,የምርቱ ዋጋ ነገ ጠዋት ጨምሯል።,Assertion,1,Assertion_12,val
1509,ወደ ሱቅ በዚህ ሳምንት እንሂድ።,Suggestion,3,Suggestion_01,test
1510,ደንበኛው ወደ ፍርድ ቤት ከሁለት ቀናት በኋላ ሄደዋል።,Assertion,1,Assertion_07,train
1511,ደህና ሁን ሹፌሩ፣ እስከ በዚህ አመት እንገናኝ።,Phatic,7,Phatic_13,train
1512,አስተማሪዋ ወደ ትምህርት ቤት ዛሬ ማታ ሄደዋል።,Assertion,1,Assertion_07,train
1513,ጎበዝ! በጣም ጥሩ ስራ ሰራህ ስራ አስኪያጁ፣ ቡናውን አበላሸኸው።,Sarcasm/Irony,5,Sarcasm/Irony_02,train
1514,እባክሽ ደብዳቤውን ከጥቂት ደቂቃዎች በኋላ አምጪልኝ።,Request,0,Request_09,test
1515,ቢያንስ አንዴ ልብሱን በሆስፒታል እንሞክር።,Suggestion,3,Suggestion_05,train
1516,ሹፌሩ ወደ መጋዘን ነገ ሄደዋል።,Assertion,1,Assertion_07,train
1517,ከምሽቱ ጀምሮ በፋብሪካ መገኘት አልችልም።,Refusal,2,Refusal_04,val
1518,ባልደረባዬ ሪፖርቱን ከሁለት ቀናት በኋላ አቅርበዋል።,Assertion,1,Assertion_13,test
1519,ወደ ትምህርት ቤት በዚህ ሳምንት መሄድ አልችልም።,Refusal,2,Refusal_13,test
1520,እባክዎ ለደንበኛው ስለ መልእክቱ ይንገሩልኝ።,Request,0,Request_04,val
1521,እንኳን አደረሳችሁ ባልደረባዬ፣ በፍርድ ቤት።,Phatic,7,Phatic_14,test
1522,መሳሪያው ገና ወደ ገበያ በዚህ ወር አልደረሰኝም።,Complaint,6,Complaint_07,train
1523,ክፍያ ብከፍልም ከባንኩ አገልግሎት ከጥቂት ደቂቃዎች በኋላ አላገኘሁም።,Complaint,6,Complaint_10,val
1524,ጎበዝ ስራ መምህሩ፣ ቦርሳው ሙሉ በሙሉ ፈርሷል።,Sarcasm/Irony,5,Sarcasm/Irony_09,train
1525,ስለ ውሉ ጉዳይ ከአለቃዬ ጋር እንወያይ።,Suggestion,3,Suggestion_10,train
1526,በሚቀጥለው ሳምንት በገበያ መገኘት አልችልም።,Refusal,2,Refusal_04,val
1527,ስጦታው ገና ወደ ሆስፒታል በሚቀጥለው ወር አልደረሰኝም።,Complaint,6,Complaint_07,train
1528,እባክዎ መልእክቱን ለጋዜጠኛው ነገ ጠዋት ይላኩልኝ።,Request,0,Request_00,train
1529,ደህና ሁን ሚኒስትሩ፣ እስከ ነገ እንገናኝ።,Phatic,7,Phatic_13,train
1530,ጤና ይስጥልኝ ጋዜጠኛው፣ ነገ ጠዋት ደህና ነህ?,Phatic,7,Phatic_12,train
1531,እንኳን ወደ ስብሰባ ክፍል ደህና መጣህ ፖሊሱ።,Phatic,7,Phatic_04,test
1532,ዕቃው ገና ወደ መጋዘን በስብሰባው ወቅት አልደረሰኝም።,Complaint,6,Complaint_07,train
1533,እንኳን ወደ ባንክ ደህና መጣህ ጓደኛዬ።,Phatic,7,Phatic_04,test
1534,ደህና እደር ጋዜጠኛው፣ በሳምንቱ መጨረሻ እንገናኝ።,Phatic,7,Phatic_06,train
1535,የሰነዱ ችግር ከሰዓት በኋላ ከዶክተሩ ጋር እፈታለሁ።,Promise,8,Promise_11,train
1536,እንኳን አደረሳችሁ አስተማሪዋ፣ በመንገድ ላይ።,Phatic,7,Phatic_14,test
1537,ሰላም ጋዜጠኛው፣ ከጥቂት ደቂቃዎች በኋላ እንዴት ነህ?,Phatic,7,Phatic_00,train
1538,የሰነዱ ዋጋውን በዚህ አመት ብንቀንስ ደንበኞች ይጨምራሉ።,Suggestion,3,Suggestion_07,train
1539,እንኳን ደስ አለህ ደንበኛው በሳምንቱ መጨረሻ።,Phatic,7,Phatic_07,train
1540,ስቱዲዮው ስለ ደረሰኙ ማስጠንቀቂያ በዚህ አመት አውጥቷል።,Warning,4,Warning_08,train
1541,እሰይ፣ ሌላ ችግር በመጋዘን ነገ ጠዋት፣ ልክ የሚያስፈልገን ይሄው ነበር።,Sarcasm/Irony,5,Sarcasm/Irony_07,train
1542,ዕቃው ከአለቃዬ አጠገብ አደገኛ ሊሆን ይችላል።,Warning,4,Warning_01,test
1543,እባክዎ ትዕዛዙን ከጥቂት ደቂቃዎች በኋላ ይላኩልኝ።,Request,0,Request_13,val
1544,የስልኩ ወጪውን በስብሰባ ክፍል ብንቀንስ የተሻለ ነው።,Suggestion,3,Suggestion_13,train
1545,ሰነዱ በሱቅ ይገኛል።,Assertion,1,Assertion_00,test
1546,ወደ ቤት በዚህ አመት መሄድ አልችልም።,Refusal,2,Refusal_13,test
1547,ዕቃው ገና ወደ ቤት በዚህ ሳምንት አልደረሰኝም።,Complaint,6,Complaint_07,train
1548,እንዴት ጥሩ ነው ባልደረባዬ፣ በዚህ አመት ደግሞ ዘገየ።,Sarcasm/Irony,5,Sarcasm/Irony_10,val
1549,እሰይ፣ ሌላ ችግር በስብሰባ ክፍል በሳምንቱ መጨረሻ፣ ልክ የሚያስፈልገን ይሄው ነበር።,Sarcasm/Irony,5,Sarcasm/Irony_07,train
1550,ከአለቃዬ ጋር ስለ መጽሐፉ ጉዳይ መስማማት አልችልም።,Refusal,2,Refusal_06,train
1551,እባክዎ መጽሐፉን ለዶክተሩ በዚህ አመት ይላኩልኝ።,Request,0,Request_00,train
1552,ስራው ነገ ከሰዓት በኋላ ከመሐንዲሱ ጋር አልተጠናቀቀም።,Complaint,6,Complaint_03,test
1553,እንኳን አደረሳችሁ አስተማሪዋ፣ በስብሰባ ክፍል።,Phatic,7,Phatic_14,test
1554,እባክሽ ውሃውን ከሰዓት በኋላ አምጪልኝ።,Request,0,Request_09,test
1555,እንዴት ደስ ይላል፣ ባልደረባዬ እንደገና ከጥቂት ደቂቃዎች በኋላ ዘገዩ።,Sarcasm/Irony,5,Sarcasm/Irony_03,train
1556,መምህሩ፣ ስራ በመንገድ ላይ እንዴት ነው?,Phatic,7,Phatic_09,val
1557,በጣም ብልህ ነህ ጓደኛዬ፣ ውሃውን ረሳኸው።,Sarcasm/Irony,5,Sarcasm/Irony_04,train
1558,እባክሽ ፕሮጀክቱን ከጥቂት ደቂቃዎች በኋላ አምጪልኝ።,Request,0,Request_09,test
1559,ደህና እደር ዶክተሩ፣ በሚቀጥለው ሳምንት እንገናኝ።,Phatic,7,Phatic_06,train
1560,ፋብሪካው ስለ በሩ ማስጠንቀቂያ ከምሽቱ ጀምሮ አውጥቷል።,Warning,4,Warning_08,train
1561,ይቅርታ፣ መስኮቱን ከአንድ ሰዓት በኋላ ማድረግ አልችልም።,Refusal,2,Refusal_00,train
1562,የውሉ ዋጋ በስብሰባው ወቅት ጨምሯል።,Assertion,1,Assertion_12,val
1563,የመጽሐፉ ችግር በሚቀጥለው ሳምንት ከደንበኛው ጋር እፈታለሁ።,Promise,8,Promise_11,train
1564,የማሽኑ ችግር ከጥቂት ደቂቃዎች በኋላ ከሹፌሩ ጋር እፈታለሁ።,Promise,8,Promise_11,train
1565,ጓደኛዬ ወደ ቤት በሚቀጥለው አመት ሄደዋል።,Assertion,1,Assertion_07,train
1566,በጣም ትክክለኛ ነው ዶክተሩ፣ በቤት ሁልጊዜ እንደዚህ ይሆናል።,Sarcasm/Irony,5,Sarcasm/Irony_08,val
1567,አለቃዬ ወደ መንገድ ላይ ነገ ከሰዓት በኋላ ሄደዋል።,Assertion,1,Assertion_07,train
1568,እባክህ ለመኪናው ይህን ዘዴ ከሰዓት በኋላ ተጠቀም።,Suggestion,3,Suggestion_04,train
1569,ከሹፌሩ ጋር ዛሬ ማታ በቤት እገናኛለሁ።,Promise,8,Promise_04,val
1570,ሪፖርቱ ገና ወደ ከተማው ውስጥ ከሰዓት በኋላ አልደረሰኝም።,Complaint,6,Complaint_07,train
1571,ስለ ሂሳቡ ጉዳይ ከጋዜጠኛው ጋር እንወያይ።,Suggestion,3,Suggestion_10,train
1572,አዎ በእርግጥ፣ አስተማሪዋ በዚህ አመት ትመጣለህ ብዬ አላምንም።,Sarcasm/Irony,5,Sarcasm/Irony_01,test
1573,እባክዎ ውሉን ለጋዜጠኛው ከጥቂት ደቂቃዎች በኋላ ይላኩልኝ።,Request,0,Request_00,train
1574,ጥያቄው ገና ወደ ባንክ በስብሰባው ወቅት አልደረሰኝም።,Complaint,6,Complaint_07,train
1575,ሹፌሩ ወደ መንገድ ላይ ነገ ጠዋት ሄደዋል።,Assertion,1,Assertion_07,train
1576,ከሰዓት በኋላ በሱቅ መገኘት አልችልም።,Refusal,2,Refusal_04,val
1577,ጥንቃቄ ያድርጉ፣ በዚህ ሳምንት ባንክ ይንሸራተታል።,Warning,4,Warning_02,train
1578,ከፖሊሱ ጋር በሚቀጥለው ወር በከተማው ውስጥ እገናኛለሁ።,Promise,8,Promise_04,val
1579,መልእክቱ ገና ወደ ሱቅ ከዛሬ ጀምሮ አልደረሰኝም።,Complaint,6,Complaint_07,train
1580,በጣም ጎበዝ ነው ማህበሩ፣ በገበያ ደንበኞችን ችላ ይላል።,Sarcasm/Irony,5,Sarcasm/Irony_06,test
1581,እንኳን ወደ ፍርድ ቤት ደህና መጣህ ደንበኛው።,Phatic,7,Phatic_04,test
1582,እባክዎ ይቅርታ፣ ደብዳቤውን በስብሰባው ወቅት ማቅረብ አልችልም።,Refusal,2,Refusal_09,train
1583,እርግጠኛ ነኝ መምህሩ ነገ ይደርሳሉ፣ እንደ ሁልጊዜው።,Sarcasm/Irony,5,Sarcasm/Irony_05,test
1584,እንኳን ደስ አለህ ሚኒስትሩ ከሶስት ሰዓት በኋላ።,Phatic,7,Phatic_07,train
1585,የውሃው ገመድ በአውሮፕላን ማረፊያ አደገኛ ነው ተጠንቀቁ።,Warning,4,Warning_07,train
1586,እንዴት ጎበዝ ነህ መምህሩ፣ መኪናውን ሰብረኸዋል!,Sarcasm/Irony,5,Sarcasm/Irony_00,train
1587,ሚኒስቴሩ በዚህ ሳምንት አዲስ ምርት አስተዋውቋል።,Assertion,1,Assertion_02,val
1588,እባክዎ ኮምፒዩተሩን ለሚኒስትሩ ከአንድ ሰዓት በኋላ ይላኩልኝ።,Request,0,Request_00,train
1589,ልብሱን በዚህ አመት ብንሞክር ጥሩ ይሆናል።,Suggestion,3,Suggestion_00,train
1590,ፖሊሱ ወደ ባንክ ነገ ሄደዋል።,Assertion,1,Assertion_07,train
1591,እባክዎ ሪፖርቱን በሚቀጥለው አመት ይላኩልኝ።,Request,0,Request_13,val
1592,የቤቱ ችግር ከጥቂት ደቂቃዎች በኋላ ከሚኒስትሩ ጋር እፈታለሁ።,Promise,8,Promise_11,train
1593,ከመሐንዲሱ ጋር በሚቀጥለው ሳምንት በባንክ እገናኛለሁ።,Promise,8,Promise_04,val
1594,እባክዎ ይቅርታ፣ ውሉን ዛሬ ማታ ማቅረብ አልችልም።,Refusal,2,Refusal_09,train
1595,በቤት ትንሽ እረፍት ከአንድ ሰዓት በኋላ ብንወስድ ጥሩ ነው።,Suggestion,3,Suggestion_09,test
1596,አስተማሪዋ ወደ መጋዘን ከሶስት ሰዓት በኋላ ሄደዋል።,Assertion,1,Assertion_07,train
1597,ወደ ገበያ በዚህ ሳምንት መሄድ አልችልም።,Refusal,2,Refusal_13,test
1598,ከአለቃዬ ጋር ስለ መኪናው ጉዳይ መስማማት አልችልም።,Refusal,2,Refusal_06,train
1599,እንዴት ጎበዝ ነህ መምህሩ፣ ሰነዱን ሰብረኸዋል!,Sarcasm/Irony,5,Sarcasm/Irony_00,train
1600,ኩባንያው ስለ ካርታው ማስጠንቀቂያ ዛሬ ማታ አውጥቷል።,Warning,4,Warning_08,train
1601,እባክዎ ካርታውን ለመሐንዲሱ በስብሰባው ወቅት ይላኩልኝ።,Request,0,Request_00,train
1602,እባክዎ ለሚኒስትሩ ስለ ካርታው ይንገሩልኝ።,Request,0,Request_04,val
1603,አዎ በእርግጥ፣ መሐንዲሱ በዚህ ወር ትመጣለህ ብዬ አላምንም።,Sarcasm/Irony,5,Sarcasm/Irony_01,test
1604,የቤቱ ዋጋውን ከሁለት ቀናት በኋላ ብንቀንስ ደንበኞች ይጨምራሉ።,Suggestion,3,Suggestion_07,train
1605,ቤቱ ገና ወደ ስብሰባ ክፍል ከሰዓት በኋላ አልደረሰኝም።,Complaint,6,Complaint_07,train
1606,የፕሮጀክቱ ችግር ከሁለት ቀናት በኋላ ከአስተማሪዋ ጋር እፈታለሁ።,Promise,8,Promise_11,train
1607,የመስኮቱ ችግር ነገ ከሰዓት በኋላ ከዶክተሩ ጋር እፈታለሁ።,Promise,8,Promise_11,train
1608,የቦርሳው ችግር ነገ ከሰዓት በኋላ ከፖሊሱ ጋር እፈታለሁ።,Promise,8,Promise_11,train
1609,መንግስት ቃል የገባውን በሚቀጥለው ወር አላከበረም።,Complaint,6,Complaint_02,test
1610,ጤና ይስጥልኝ መሐንዲሱ፣ በዚህ አመት ደህና ነህ?,Phatic,7,Phatic_12,train
1611,አዎ በእርግጥ፣ ስራ አስኪያጁ ዛሬ ትመጣለህ ብዬ አላምንም።,Sarcasm/Irony,5,Sarcasm/Irony_01,test
1612,ቦርሳው ገና ወደ ትምህርት ቤት በሚቀጥለው አመት አልደረሰኝም።,Complaint,6,Complaint_07,train
1613,ሰላም መሐንዲሱ፣ በስብሰባው ወቅት እንዴት ነህ?,Phatic,7,Phatic_00,train
1614,እንዴት ደስ ይላል፣ ጠበቃው እንደገና ከሶስት ሰዓት በኋላ ዘገዩ።,Sarcasm/Irony,5,Sarcasm/Irony_03,train
1615,ከጥቂት ደቂቃዎች በኋላ በአውሮፕላን ማረፊያ መገኘት አልችልም።,Refusal,2,Refusal_04,val
1616,ከጓደኛዬ ጋር ስለ ልብሱ ጉዳይ መስማማት አልችልም።,Refusal,2,Refusal_06,train
1617,እባክዎ ይቅርታ፣ ምርቱን ነገ ጠዋት ማቅረብ አልችልም።,Refusal,2,Refusal_09,train
1618,ከጥቂት ደቂቃዎች በኋላ በመንገድ ላይ መገኘት አልችልም።,Refusal,2,Refusal_04,val
1619,ባንኩ ስለ በሩ ማስጠንቀቂያ በዚህ አመት አውጥቷል።,Warning,4,Warning_08,train
1620,የስልኩ ችግር በሚቀጥለው ሳምንት ከደንበኛው ጋር እፈታለሁ።,Promise,8,Promise_11,train
1621,ዶክተሩ ወደ ትምህርት ቤት በዚህ ወር ሄደዋል።,Assertion,1,Assertion_07,train
1622,ደህና ዛሬ ማታ ይሁንልህ ዶክተሩ።,Phatic,7,Phatic_02,train
1623,እቅዱን በሚቀጥለው ሳምንት ከመንግስት ጋር እናሻሽል።,Suggestion,3,Suggestion_12,train
1624,ምርቱን በሚቀጥለው ሳምንት ብንሞክር ጥሩ ይሆናል።,Suggestion,3,Suggestion_00,train
1625,ደብዳቤው ገና ወደ ባንክ ነገ ከሰዓት በኋላ አልደረሰኝም።,Complaint,6,Complaint_07,train
1626,እሰይ፣ ሌላ ችግር በቤት ነገ፣ ልክ የሚያስፈልገን ይሄው ነበር።,Sarcasm/Irony,5,Sarcasm/Irony_07,train
1627,ከሶስት ሰዓት በኋላ በፍርድ ቤት ስብሰባ እናድርግ።,Suggestion,3,Suggestion_02,train
1628,ስለ ደረሰኙ ከስራ አስኪያጁ ጋር ማሰብ ይኖርብናል።,Suggestion,3,Suggestion_03,train
1629,እባክዎ ይቅርታ፣ ማሽኑን ከዛሬ ጀምሮ ማቅረብ አልችልም።,Refusal,2,Refusal_09,train
1630,የትዕዛዙ ችግር ከሶስት ሰዓት በኋላ ከሚኒስትሩ ጋር እፈታለሁ።,Promise,8,Promise_11,train
1631,ጋዜጠኛው ወደ ስብሰባ ክፍል በሚቀጥለው አመት ሄደዋል።,Assertion,1,Assertion_07,train
1632,እባክዎ ይቅርታ፣ ካርታውን ከዛሬ ጀምሮ ማቅረብ አልችልም።,Refusal,2,Refusal_09,train
1633,ስቱዲዮው ስለ ልብሱ ማስጠንቀቂያ ከሰዓት በኋላ አውጥቷል።,Warning,4,Warning_08,train
1634,ከፖሊሱ ጋር ከአንድ ሰዓት በኋላ በአውሮፕላን ማረፊያ እገናኛለሁ።,Promise,8,Promise_04,val
1635,እርግጠኛ ነኝ መምህሩ በሳምንቱ መጨረሻ ይደርሳሉ፣ እንደ ሁልጊዜው።,Sarcasm/Irony,5,Sarcasm/Irony_05,test
1636,መምህሩ ወደ ሱቅ ከሶስት ሰዓት በኋላ ሄደዋል።,Assertion,1,Assertion_07,train
1637,እባክዎ ውሃውን ለስራ አስኪያጁ ነገ ጠዋት ይላኩልኝ።,Request,0,Request_00,train
1638,መምህሩ፣ ቤተሰብ በስብሰባ ክፍል እንዴት ናቸው?,Phatic,7,Phatic_05,val
1639,የኮምፒዩተሩ ችግር ከሰዓት በኋላ ከባልደረባዬ ጋር እፈታለሁ።,Promise,8,Promise_11,train
1640,ስለ ሂሳቡ ጉዳይ ከጓደኛዬ ጋር እንወያይ።,Suggestion,3,Suggestion_10,train
1641,ስጦታው ገና ወደ መንገድ ላይ ዛሬ አልደረሰኝም።,Complaint,6,Complaint_07,train
1642,ጎበዝ ስራ ስራ አስኪያጁ፣ ማሽኑ ሙሉ በሙሉ ፈርሷል።,Sarcasm/Irony,5,Sarcasm/Irony_09,train
1643,ውሃውን ከሰዓት በኋላ ብንሞክር ጥሩ ይሆናል።,Suggestion,3,Suggestion_00,train
1644,የስልኩ ወጪውን በመንገድ ላይ ብንቀንስ የተሻለ ነው።,Suggestion,3,Suggestion_13,train
1645,ዶክተሩ ወደ መንገድ ላይ በዚህ ሳምንት ሄደዋል።,Assertion,1,Assertion_07,train
1646,መጽሐፉ ገና ወደ ፖሊስ ጣቢያ ነገ ጠዋት አልደረሰኝም።,Complaint,6,Complaint_07,train
1647,አዎ በርግጥ፣ የሚኒስቴሩ እቅድ በነገ ከሰዓት በኋላ በጭራሽ አይከሽፍም።,Sarcasm/Irony,5,Sarcasm/Irony_11,train
1648,ከሚኒስትሩ ጋር ነገ በመንገድ ላይ እገናኛለሁ።,Promise,8,Promise_04,val
1649,ፖሊሱ፣ ቤተሰብ በገበያ እንዴት ናቸው?,Phatic,7,Phatic_05,val
1650,እባክዎ ለነጋዴው ስለ መስኮቱ ይንገሩልኝ።,Request,0,Request_04,val
1651,ውሉ ገና ወደ ሱቅ በሳምንቱ መጨረሻ አልደረሰኝም።,Complaint,6,Complaint_07,train
1652,በስብሰባ ክፍል ነገ ወንጀል ሊፈጸም ይችላል ተጠንቀቁ።,Warning,4,Warning_11,train
1653,ሹፌሩ፣ እንደምን አደርክ ከምሽቱ ጀምሮ?,Phatic,7,Phatic_01,train
1654,ጤና ይስጥልኝ ጠበቃው፣ በሚቀጥለው ሳምንት ደህና ነህ?,Phatic,7,Phatic_12,train
1655,እሰይ፣ ሌላ ችግር በፖሊስ ጣቢያ ከዛሬ ጀምሮ፣ ልክ የሚያስፈልገን ይሄው ነበር።,Sarcasm/Irony,5,Sarcasm/Irony_07,train
1656,እንኳን አደረሳችሁ አስተማሪዋ፣ በትምህርት ቤት።,Phatic,7,Phatic_14,test
1657,ትዕዛዙ ገና ወደ ሆስፒታል ከሁለት ቀናት በኋላ አልደረሰኝም።,Complaint,6,Complaint_07,train
1658,ኤጀንሲው ስለ መኪናው ማስጠንቀቂያ ከሁለት ቀናት በኋላ አውጥቷል።,Warning,4,Warning_08,train
1659,ነጋዴው ወደ ባንክ በዚህ ወር ሄደዋል።,Assertion,1,Assertion_07,train
1660,እባክዎ መልእክቱን ለስራ አስኪያጁ ነገ ይላኩልኝ።,Request,0,Request_00,train
1661,እባክዎ ሪፖርቱን ለጓደኛዬ በሳምንቱ መጨረሻ ይላኩልኝ።,Request,0,Request_00,train
1662,እባክሽ ዕቃውን ነገ አምጪልኝ።,Request,0,Request_09,test
1663,ደህና ሁን ጠበቃው፣ እስከ ከምሽቱ ጀምሮ እንገናኝ።,Phatic,7,Phatic_13,train
1664,እባክዎ ለፖሊሱ መስኮቱን ያድርሱ።,Request,0,Request_14,test
1665,ኩባንያው ስለ ደረሰኙ ማስጠንቀቂያ ዛሬ አውጥቷል።,Warning,4,Warning_08,train
1666,እባክህ ይቅርታ አድርግልኝ፣ ወደ ፖሊስ ጣቢያ በዚህ ወር መምጣት አልችልም።,Refusal,2,Refusal_01,test
1667,ደህና ሁን ጠበቃው፣ እስከ በሳምንቱ መጨረሻ እንገናኝ።,Phatic,7,Phatic_13,train
1668,በገበያ ትንሽ እረፍት ከአንድ ሰዓት በኋላ ብንወስድ ጥሩ ነው።,Suggestion,3,Suggestion_09,test
1669,ስቱዲዮው ስለ ፕሮጀክቱ ማስጠንቀቂያ ዛሬ አውጥቷል።,Warning,4,Warning_08,train
1670,እንዴት ጎበዝ ነህ አስተማሪዋ፣ ስልኩን ሰብረኸዋል!,Sarcasm/Irony,5,Sarcasm/Irony_00,train
1671,ይህን ውሉን ከፖሊሱ መቀበል አልችልም።,Refusal,2,Refusal_03,train
1672,እንዴት ጎበዝ ነህ ደንበኛው፣ ምርቱን ሰብረኸዋል!,Sarcasm/Irony,5,Sarcasm/Irony_00,train
1673,እባክዎ ስልኩን ለዶክተሩ በስብሰባው ወቅት ይላኩልኝ።,Request,0,Request_00,train
1674,መሐንዲሱ ለቅሬታዬ ምላሽ በሚቀጥለው አመት አልሰጡም።,Complaint,6,Complaint_06,val
1675,የመልእክቱ ችግር ከአንድ ሰዓት በኋላ ከደንበኛው ጋር እፈታለሁ።,Promise,8,Promise_11,train
1676,ደህና እደር አለቃዬ፣ በሳምንቱ መጨረሻ እንገናኝ።,Phatic,7,Phatic_06,train
1677,ከስራ አስኪያጁ ጋር ከዛሬ ጀምሮ በፍርድ ቤት እገናኛለሁ።,Promise,8,Promise_04,val
1678,ኮምፒዩተሩን በጥንቃቄ ከአለቃዬ ጋር ብንመረምር ይሻላል።,Suggestion,3,Suggestion_11,val
1679,የስጦታው ችግር ከጥቂት ደቂቃዎች በኋላ ከደንበኛው ጋር እፈታለሁ።,Promise,8,Promise_11,train
1680,ከጓደኛዬ ጋር ስለ ሪፖርቱ ጉዳይ መስማማት አልችልም።,Refusal,2,Refusal_06,train
1681,ማዕከሉ ስለ ቦርሳው ማስጠንቀቂያ በስብሰባው ወቅት አውጥቷል።,Warning,4,Warning_08,train
1682,እባክዎ ወደ ሆስፒታል ነገ ጠዋት ይምጡልኝ።,Request,0,Request_03,test
1683,ስራ አስኪያጁ ወደ ሆስፒታል ከሶስት ሰዓት በኋላ ሄደዋል።,Assertion,1,Assertion_07,train
1684,ፕሮጀክቱ ገና ወደ ስብሰባ ክፍል በዚህ አመት አልደረሰኝም።,Complaint,6,Complaint_07,train
1685,ፕሮጀክቱን ዛሬ ማታ ከጋዜጠኛው ጋር ብንጀምር ይሻላል።,Suggestion,3,Suggestion_08,val
1686,እባክህ ይቅርታ አድርግልኝ፣ ወደ ገበያ ዛሬ መምጣት አልችልም።,Refusal,2,Refusal_01,test
1687,እባክዎ ውሉን ለሹፌሩ በሚቀጥለው አመት ይላኩልኝ።,Request,0,Request_00,train
1688,ድርጅቱ ስለ ደረሰኙ ማስጠንቀቂያ ከምሽቱ ጀምሮ አውጥቷል።,Warning,4,Warning_08,train
1689,እንዴት ጎበዝ ነህ ባልደረባዬ፣ ካርታውን ሰብረኸዋል!,Sarcasm/Irony,5,Sarcasm/Irony_00,train
1690,ጓደኛዬ፣ ጤና ይስጥልኝ በገበያ።,Phatic,7,Phatic_03,train
1691,ጠበቃው፣ እንደምን አደርክ በሚቀጥለው ሳምንት?,Phatic,7,Phatic_01,train
1692,እባክዎ በሩን ለስራ አስኪያጁ ከሶስት ሰዓት በኋላ ይላኩልኝ።,Request,0,Request_00,train
1693,ከመምህሩ ጋር ስለ ስጦታው ጉዳይ መስማማት አልችልም።,Refusal,2,Refusal_06,train
1694,ወደ ቢሮ በሚቀጥለው ወር መሄድ አልችልም።,Refusal,2,Refusal_13,test
1695,ደህና ሁን ሹፌሩ፣ እስከ በሚቀጥለው ሳምንት እንገናኝ።,Phatic,7,Phatic_13,train
1696,ይህ ሪፖርቱ ከኩባንያው ጥራት የለውም።,Complaint,6,Complaint_00,val
1697,እባክዎ ፋይሉን ወደ ስብሰባ ክፍል ይላኩ።,Request,0,Request_06,test
1698,ፕሮጀክቱን በዚህ አመት ከመሐንዲሱ ጋር ብንጀምር ይሻላል።,Suggestion,3,Suggestion_08,val
1699,መኪናው ገና ወደ መጋዘን በሚቀጥለው አመት አልደረሰኝም።,Complaint,6,Complaint_07,train
1700,ፋብሪካው ስለ ገንዘቡ ማስጠንቀቂያ በሚቀጥለው አመት አውጥቷል።,Warning,4,Warning_08,train
1701,እባክህ ለመልእክቱ ይህን ዘዴ በዚህ ወር ተጠቀም።,Suggestion,3,Suggestion_04,train
1702,ክፍያ ብከፍልም ከኤጀንሲው አገልግሎት ከምሽቱ ጀምሮ አላገኘሁም።,Complaint,6,Complaint_10,val
1703,እባክዎ ውሉን ለፖሊሱ ከሁለት ቀናት በኋላ ይላኩልኝ።,Request,0,Request_00,train
1704,እንኳን ወደ ከተማው ውስጥ ደህና መጣህ ፖሊሱ።,Phatic,7,Phatic_04,test
1705,ሹፌሩ ስብሰባውን ነገ ከሰዓት በኋላ መርተዋል።,Assertion,1,Assertion_03,val
1706,እባክዎ ፕሮጀክቱን ለጠበቃው ዛሬ ይላኩልኝ።,Request,0,Request_00,train
1707,እባክዎ ፕሮጀክቱን ለደንበኛው በሚቀጥለው ወር ይላኩልኝ።,Request,0,Request_00,train
1708,ጎበዝ! በጣም ጥሩ ስራ ሰራህ አለቃዬ፣ መልእክቱን አበላሸኸው።,Sarcasm/Irony,5,Sarcasm/Irony_02,train
1709,ጠበቃው፣ ቤተሰብ በስብሰባ ክፍል እንዴት ናቸው?,Phatic,7,Phatic_05,val
1710,ሪፖርቱን ለአስተማሪዋ በሚቀጥለው ሳምንት አቀርባለሁ።,Promise,8,Promise_05,train
1711,ሚኒስቴሩ በሚቀጥለው ወር ትርፍ አግኝቷል።,Assertion,1,Assertion_04,test
1712,ይቅርታ፣ በሩን ነገ ጠዋት ማድረግ አልችልም።,Refusal,2,Refusal_00,train
1713,ከጠበቃው ጋር በዚህ ወር በቢሮ እገናኛለሁ።,Promise,8,Promise_04,val
1714,ኮምፒዩተሩ ገና ወደ መንገድ ላይ ዛሬ ማታ አልደረሰኝም።,Complaint,6,Complaint_07,train
1715,ሚኒስትሩ ወደ ፍርድ ቤት ነገ ከሰዓት በኋላ ሄደዋል።,Assertion,1,Assertion_07,train
1716,መንግስት ስለ መሳሪያው ማስጠንቀቂያ በዚህ አመት አውጥቷል።,Warning,4,Warning_08,train
1717,ኩባንያው ስለ መልእክቱ ማስጠንቀቂያ ከሰዓት በኋላ አውጥቷል።,Warning,4,Warning_08,train
1718,ከጥቂት ደቂቃዎች በኋላ በባንክ መገኘት አልችልም።,Refusal,2,Refusal_04,val
1719,ፖሊሱ ወደ ፋብሪካ ነገ ጠዋት ሄደዋል።,Assertion,1,Assertion_07,train
1720,በስብሰባው ወቅት በሆስፒታል ትራፊኩ ከባድ ነው ተጠንቀቁ።,Warning,4,Warning_13,train
1721,አዎ በርግጥ፣ የማዕከሉ እቅድ በበሳምንቱ መጨረሻ በጭራሽ አይከሽፍም።,Sarcasm/Irony,5,Sarcasm/Irony_11,train
1722,በጣም ደግ ነህ መምህሩ፣ በቢሮ ምንም እርዳታ አልሰጠኸኝም።,Sarcasm/Irony,5,Sarcasm/Irony_12,train
1723,ባልደረባዬ ወደ ስብሰባ ክፍል በዚህ ሳምንት ሄደዋል።,Assertion,1,Assertion_07,train
1724,እባክዎ ለፖሊሱ ስለ ካርታው ይንገሩልኝ።,Request,0,Request_04,val
1725,የመልእክቱ ደረሰኝ ከመንግስት የተበላሸ ነው።,Complaint,6,Complaint_08,val
1726,የመሳሪያው ዋጋ ዛሬ ጨምሯል።,Assertion,1,Assertion_12,val
1727,የስልኩ ችግር ነገ ከሰዓት በኋላ ከሚኒስትሩ ጋር እፈታለሁ።,Promise,8,Promise_11,train
1728,ዕቃው ገና ወደ ትምህርት ቤት ነገ ከሰዓት በኋላ አልደረሰኝም።,Complaint,6,Complaint_07,train
1729,እባክህ ይቅርታ አድርግልኝ፣ ወደ መንገድ ላይ ከዛሬ ጀምሮ መምጣት አልችልም።,Refusal,2,Refusal_01,test
1730,በሩ ገና ወደ ትምህርት ቤት በዚህ አመት አልደረሰኝም።,Complaint,6,Complaint_07,train
1731,ደንበኛው ወደ ሆስፒታል በሳምንቱ መጨረሻ ሄደዋል።,Assertion,1,Assertion_07,train
1732,ይህን መልእክቱን ያለ አስተማሪዋ ትዕዛዝ አይውሰዱ።,Warning,4,Warning_12,val
1733,እባክዎ ሂሳቡን ለነጋዴው ዛሬ ማታ ይላኩልኝ።,Request,0,Request_00,train
1734,ይህን መልእክቱን ከነጋዴው መቀበል አልችልም።,Refusal,2,Refusal_03,train
1735,በኤጀንሲው አዲስ ስልት ከሶስት ሰዓት በኋላ እንተግብር።,Suggestion,3,Suggestion_14,test
1736,የሂሳቡ ችግር ዛሬ ከደንበኛው ጋር እፈታለሁ።,Promise,8,Promise_11,train
1737,ደህና ሁን ባልደረባዬ፣ እስከ በሚቀጥለው ወር እንገናኝ።,Phatic,7,Phatic_13,train
1738,አስተማሪዋ ሪፖርቱን ነገ ከሰዓት በኋላ አቅርበዋል።,Assertion,1,Assertion_13,test
1739,ይህን ፕሮጀክቱን ከባልደረባዬ ጋር በጥንቃቄ ያዙ።,Warning,4,Warning_04,val
1740,እባክዎ መሳሪያውን ለጋዜጠኛው ዛሬ ይላኩልኝ።,Request,0,Request_00,train
1741,ከነጋዴው ጋር ከጥቂት ደቂቃዎች በኋላ በቢሮ እገናኛለሁ።,Promise,8,Promise_04,val
1742,ደንበኛው፣ ቤተሰብ በከተማው ውስጥ እንዴት ናቸው?,Phatic,7,Phatic_05,val
1743,የምርቱ ወጪውን በመንገድ ላይ ብንቀንስ የተሻለ ነው።,Suggestion,3,Suggestion_13,train
1744,እባክዎ መስኮቱን ወደ ባንክ ይላኩ።,Request,0,Request_06,test
1745,መስኮቱ በሆስፒታል ይገኛል።,Assertion,1,Assertion_00,test
1746,ማሽኑ ገና ወደ ስብሰባ ክፍል ከዛሬ ጀምሮ አልደረሰኝም።,Complaint,6,Complaint_07,train
1747,የዕቃው ገመድ በፍርድ ቤት አደገኛ ነው ተጠንቀቁ።,Warning,4,Warning_07,train
1748,በጣም ጎበዝ ነው ፋብሪካው፣ በፋብሪካ ደንበኞችን ችላ ይላል።,Sarcasm/Irony,5,Sarcasm/Irony_06,test
1749,ይቅርታ፣ ውሉን በሚቀጥለው አመት ማድረግ አልችልም።,Refusal,2,Refusal_00,train
1750,እባክዎ ምርቱን ለአስተማሪዋ ከአንድ ሰዓት በኋላ ይላኩልኝ።,Request,0,Request_00,train
1751,ነጋዴው፣ ስራ በሱቅ እንዴት ነው?,Phatic,7,Phatic_09,val
1752,ኮምፒዩተሩ ገና ወደ አውሮፕላን ማረፊያ ከምሽቱ ጀምሮ አልደረሰኝም።,Complaint,6,Complaint_07,train
1753,የውሃው ችግር ከአንድ ሰዓት በኋላ ከሚኒስትሩ ጋር እፈታለሁ።,Promise,8,Promise_11,train
1754,ሚኒስቴሩ ስለ ስልኩ ማስጠንቀቂያ ከምሽቱ ጀምሮ አውጥቷል።,Warning,4,Warning_08,train
1755,ከጓደኛዬ ጋር ስለ ቁልፉ ጉዳይ መስማማት አልችልም።,Refusal,2,Refusal_06,train
1756,አስተማሪዋ ወደ ቤት ከሶስት ሰዓት በኋላ ሄደዋል።,Assertion,1,Assertion_07,train
1757,ማሽኑን ነገ ጠዋት ብንሞክር ጥሩ ይሆናል።,Suggestion,3,Suggestion_00,train
1758,ከመሐንዲሱ ጋር ከሰዓት በኋላ መነጋገር ይሻላል።,Suggestion,3,Suggestion_06,val
1759,የሪፖርቱ ዋጋውን በሚቀጥለው ወር ብንቀንስ ደንበኞች ይጨምራሉ።,Suggestion,3,Suggestion_07,train
1760,ማሽኑ ገና ወደ ፖሊስ ጣቢያ በሚቀጥለው አመት አልደረሰኝም።,Complaint,6,Complaint_07,train
1761,ማንነትዎን ለማያውቁት ጠበቃው በባንክ አይስጡ።,Warning,4,Warning_14,test
1762,ይህ ትዕዛዙ ከኤጀንሲው ከተገለጸው ጋር አይመሳሰልም።,Complaint,6,Complaint_12,test
1763,እንዴት ጎበዝ ነህ ጋዜጠኛው፣ መኪናውን ሰብረኸዋል!,Sarcasm/Irony,5,Sarcasm/Irony_00,train
1764,እባክዎ ይቅርታ፣ ፕሮጀክቱን ከአንድ ሰዓት በኋላ ማቅረብ አልችልም።,Refusal,2,Refusal_09,train
1765,ቦርሳውን ከጥቂት ደቂቃዎች በኋላ ብንሞክር ጥሩ ይሆናል።,Suggestion,3,Suggestion_00,train
1766,ቡናው ገና ወደ ሱቅ ከጥቂት ደቂቃዎች በኋላ አልደረሰኝም።,Complaint,6,Complaint_07,train
1767,መሐንዲሱ፣ ቤተሰብ በገበያ እንዴት ናቸው?,Phatic,7,Phatic_05,val
1768,ይህ ቁልፉ ከኩባንያው ከተገለጸው ጋር አይመሳሰልም።,Complaint,6,Complaint_12,test
1769,በሩ ገና ወደ ሆስፒታል ዛሬ አልደረሰኝም።,Complaint,6,Complaint_07,train
1770,የውሃው ችግር ከሶስት ሰዓት በኋላ ከአስተማሪዋ ጋር እፈታለሁ።,Promise,8,Promise_11,train
1771,ቤቱ ገና ወደ ቢሮ በዚህ አመት አልደረሰኝም።,Complaint,6,Complaint_07,train
1772,ጤና ይስጥልኝ ዶክተሩ፣ ከሰዓት በኋላ ደህና ነህ?,Phatic,7,Phatic_12,train
1773,የውሃው ችግር ከዛሬ ጀምሮ ከጋዜጠኛው ጋር እፈታለሁ።,Promise,8,Promise_11,train
1774,የሂሳቡ ችግር ከጥቂት ደቂቃዎች በኋላ ከባልደረባዬ ጋር እፈታለሁ።,Promise,8,Promise_11,train
1775,የደብዳቤው ዋጋ በሆስፒታል በጣም ውድ ነው።,Complaint,6,Complaint_05,val
1776,ኮምፒዩተሩ በከተማው ውስጥ ይገኛል።,Assertion,1,Assertion_00,test
1777,እባክህ ይቅርታ አድርግልኝ፣ ወደ ቢሮ በሚቀጥለው አመት መምጣት አልችልም።,Refusal,2,Refusal_01,test
1778,እባክዎ መሳሪያውን ለስራ አስኪያጁ ከጥቂት ደቂቃዎች በኋላ ይላኩልኝ።,Request,0,Request_00,train
1779,ባንኩ ስለ ሪፖርቱ ማስጠንቀቂያ በስብሰባው ወቅት አውጥቷል።,Warning,4,Warning_08,train
1780,የሂሳቡ ዋጋውን በሳምንቱ መጨረሻ ብንቀንስ ደንበኞች ይጨምራሉ።,Suggestion,3,Suggestion_07,train
1781,አለቃዬ ወደ ቢሮ ዛሬ ሄደዋል።,Assertion,1,Assertion_07,train
1782,እንዴት ጎበዝ ነህ ፖሊሱ፣ ቦርሳውን ሰብረኸዋል!,Sarcasm/Irony,5,Sarcasm/Irony_00,train
1783,ደህና ሁን መምህሩ፣ እስከ በሚቀጥለው ሳምንት እንገናኝ።,Phatic,7,Phatic_13,train
1784,መምህሩ ወደ ሆስፒታል ከሁለት ቀናት በኋላ ሄደዋል።,Assertion,1,Assertion_07,train
1785,ጎበዝ ስራ ስራ አስኪያጁ፣ ደረሰኙ ሙሉ በሙሉ ፈርሷል።,Sarcasm/Irony,5,Sarcasm/Irony_09,train
1786,ሰላም አስተማሪዋ፣ በዚህ ወር እንዴት ነህ?,Phatic,7,Phatic_00,train
1787,እባክዎ ውሉን በዚህ አመት ይላኩልኝ።,Request,0,Request_13,val
1788,እንኳን ደስ አለህ አስተማሪዋ ከአንድ ሰዓት በኋላ።,Phatic,7,Phatic_07,train
1789,እባክህ ካርታውን ስጠኝ።,Request,0,Request_08,val
1790,እንዴት ደስ ይላል፣ ነጋዴው እንደገና ከምሽቱ ጀምሮ ዘገዩ።,Sarcasm/Irony,5,Sarcasm/Irony_03,train
1791,ከነጋዴው ጋር ስለ ቁልፉ ጉዳይ መስማማት አልችልም።,Refusal,2,Refusal_06,train
1792,ዛሬ በቤት መገኘት አልችልም።,Refusal,2,Refusal_04,val
1793,በሚቀጥለው አመት በፖሊስ ጣቢያ መገኘት አልችልም።,Refusal,2,Refusal_04,val
1794,ሪፖርቱ ገና ወደ ፖሊስ ጣቢያ ከጥቂት ደቂቃዎች በኋላ አልደረሰኝም።,Complaint,6,Complaint_07,train
1795,የጥያቄው ዋጋውን በሳምንቱ መጨረሻ ብንቀንስ ደንበኞች ይጨምራሉ።,Suggestion,3,Suggestion_07,train
1796,ቢሮ ነገ ጠዋት ተከፍቷል።,Assertion,1,Assertion_14,train
1797,ጠበቃው ለቅሬታዬ ምላሽ በሚቀጥለው ወር አልሰጡም።,Complaint,6,Complaint_06,val
1798,እንደምን አለህ በአውሮፕላን ማረፊያ፣ ባልደረባዬ?,Phatic,7,Phatic_11,val
1799,ነገ በከተማው ውስጥ መገኘት አልችልም።,Refusal,2,Refusal_04,val
1800,የስጦታው ወጪውን በገበያ ብንቀንስ የተሻለ ነው።,Suggestion,3,Suggestion_13,train
1801,በሱቅ በሳምንቱ መጨረሻ ወንጀል ሊፈጸም ይችላል ተጠንቀቁ።,Warning,4,Warning_11,train
1802,ደህና ሁን መሐንዲሱ፣ እስከ ዛሬ እንገናኝ።,Phatic,7,Phatic_13,train
1803,ድርጅቱ ስለ ካርታው ማስጠንቀቂያ በሳምንቱ መጨረሻ አውጥቷል።,Warning,4,Warning_08,train
1804,የካርታው ዋጋውን ከምሽቱ ጀምሮ ብንቀንስ ደንበኞች ይጨምራሉ።,Suggestion,3,Suggestion_07,train
1805,መስኮቱ ጥራት ያለው ነው።,Assertion,1,Assertion_05,test
1806,ውሉ ገና ወደ ትምህርት ቤት በዚህ ሳምንት አልደረሰኝም።,Complaint,6,Complaint_07,train
1807,ከደንበኛው ጋር በዚህ ሳምንት በሆስፒታል እገናኛለሁ።,Promise,8,Promise_04,val
1808,ደህና እደር ሹፌሩ፣ ከአንድ ሰዓት በኋላ እንገናኝ።,Phatic,7,Phatic_06,train
1809,ስራ አስኪያጁ ሪፖርቱን ከጥቂት ደቂቃዎች በኋላ አቅርበዋል።,Assertion,1,Assertion_13,test
1810,አለቃዬ፣ ጤና ይስጥልኝ በትምህርት ቤት።,Phatic,7,Phatic_03,train
1811,ሂሳቡ ገና ወደ ባንክ ነገ ከሰዓት በኋላ አልደረሰኝም።,Complaint,6,Complaint_07,train
1812,የቦርሳው ችግር በሚቀጥለው ሳምንት ከስራ አስኪያጁ ጋር እፈታለሁ።,Promise,8,Promise_11,train
1813,አመሰግናለሁ ሚኒስትሩ፣ ደህና ዋል በፋብሪካ።,Phatic,7,Phatic_08,train
1814,ድርጅቱ ስለ በሩ ማስጠንቀቂያ በሚቀጥለው ሳምንት አውጥቷል።,Warning,4,Warning_08,train
1815,ይህን መኪናውን ከአለቃዬ መቀበል አልችልም።,Refusal,2,Refusal_03,train
1816,መንግስት ቃል የገባውን በዚህ አመት ያከብራል።,Promise,8,Promise_14,test
1817,አዎ በእርግጥ፣ ስራ አስኪያጁ በዚህ ሳምንት ትመጣለህ ብዬ አላምንም።,Sarcasm/Irony,5,Sarcasm/Irony_01,test
1818,እባክዎ ቦርሳውን ለሚኒስትሩ ከሁለት ቀናት በኋላ ይላኩልኝ።,Request,0,Request_00,train
1819,ሹፌሩ ወደ ትምህርት ቤት ነገ ከሰዓት በኋላ ሄደዋል።,Assertion,1,Assertion_07,train
1820,ፋብሪካው ቃል የገባውን ከጥቂት ደቂቃዎች በኋላ ያከብራል።,Promise,8,Promise_14,test
1821,የመሳሪያው ችግር በሚቀጥለው አመት ከሹፌሩ ጋር እፈታለሁ።,Promise,8,Promise_11,train
1822,እባክዎ ለጓደኛዬ ስለ ካርታው ይንገሩልኝ።,Request,0,Request_04,val
1823,ደህና በሚቀጥለው ወር ይሁንልህ ሚኒስትሩ።,Phatic,7,Phatic_02,train
1824,ገንዘቡ ከነጋዴው አጠገብ አደገኛ ሊሆን ይችላል።,Warning,4,Warning_01,test
1825,ይቅርታ፣ ደረሰኙን በዚህ አመት ማድረግ አልችልም።,Refusal,2,Refusal_00,train
1826,ደንበኛው ወደ ከተማው ውስጥ ከአንድ ሰዓት በኋላ ሄደዋል።,Assertion,1,Assertion_07,train
1827,እባክዎ ፕሮጀክቱን ለሚኒስትሩ ከሶስት ሰዓት በኋላ ይላኩልኝ።,Request,0,Request_00,train
1828,እንኳን ደስ አለህ መምህሩ፣ ስለ ቤቱ እንደገና ተሳስተሃል።,Sarcasm/Irony,5,Sarcasm/Irony_13,train
1829,እባክዎ ፕሮጀክቱን ለደንበኛው በሚቀጥለው አመት ይላኩልኝ።,Request,0,Request_00,train
1830,የስጦታው ዋጋውን በሚቀጥለው ወር ብንቀንስ ደንበኞች ይጨምራሉ።,Suggestion,3,Suggestion_07,train
1831,ባልደረባዬ ወደ መንገድ ላይ ነገ ሄደዋል።,Assertion,1,Assertion_07,train
1832,እንኳን አደረሳችሁ ጠበቃው፣ በከተማው ውስጥ።,Phatic,7,Phatic_14,test
1833,ይህን መሳሪያውን ከአስተማሪዋ መቀበል አልችልም።,Refusal,2,Refusal_03,train
1834,ከሁለት ቀናት በኋላ በመንገድ ላይ ስብሰባ እናድርግ።,Suggestion,3,Suggestion_02,train
1835,ነጋዴው ወደ ገበያ በስብሰባው ወቅት ሄደዋል።,Assertion,1,Assertion_07,train
1836,የስጦታው ችግር ከሰዓት በኋላ ከደንበኛው ጋር እፈታለሁ።,Promise,8,Promise_11,train
1837,ይቅርታ፣ ማሽኑን ከሰዓት በኋላ ማድረግ አልችልም።,Refusal,2,Refusal_00,train
1838,የገንዘቡ ደረሰኝ ከኤጀንሲው የተበላሸ ነው።,Complaint,6,Complaint_08,val
1839,ዕቃው ገና ወደ ቤት በዚህ ወር አልደረሰኝም።,Complaint,6,Complaint_07,train
1840,ልብሱ ገና ወደ ፋብሪካ ከሁለት ቀናት በኋላ አልደረሰኝም።,Complaint,6,Complaint_07,train
1841,የምርቱ ዋጋውን በሳምንቱ መጨረሻ ብንቀንስ ደንበኞች ይጨምራሉ።,Suggestion,3,Suggestion_07,train
1842,የደብዳቤው ወጪውን በቤት ብንቀንስ የተሻለ ነው።,Suggestion,3,Suggestion_13,train
1843,ወደ ቢሮ ከሶስት ሰዓት በኋላ መሄድ አልችልም።,Refusal,2,Refusal_13,test
1844,አለቃዬ፣ ቤተሰብ በፖሊስ ጣቢያ እንዴት ናቸው?,Phatic,7,Phatic_05,val
1845,ባልደረባዬ ወደ ስብሰባ ክፍል በሚቀጥለው አመት ሄደዋል።,Assertion,1,Assertion_07,train
1846,ስቱዲዮው ስለ ሂሳቡ ማስጠንቀቂያ ከጥቂት ደቂቃዎች በኋላ አውጥቷል።,Warning,4,Warning_08,train
1847,ቤቱን በሚቀጥለው ወር ብንሞክር ጥሩ ይሆናል።,Suggestion,3,Suggestion_00,train
1848,በሚቀጥለው ሳምንት በፍርድ ቤት ከባድ ዝናብ ሊዘንብ ይችላል ተጠንቀቁ።,Warning,4,Warning_03,test
1849,ሚኒስትሩ ወደ ፋብሪካ በሚቀጥለው ወር ሄደዋል።,Assertion,1,Assertion_07,train
1850,ይህን ቤቱን ከአለቃዬ መቀበል አልችልም።,Refusal,2,Refusal_03,train
1851,ውሃውን በጥንቃቄ ከዶክተሩ ጋር ብንመረምር ይሻላል።,Suggestion,3,Suggestion_11,val
1852,ፋብሪካው በዚህ ሳምንት ትርፍ አግኝቷል።,Assertion,1,Assertion_04,test
1853,ስቱዲዮው ከአንድ ሰዓት በኋላ ትርፍ አግኝቷል።,Assertion,1,Assertion_04,test
1854,እባክዎ ይቅርታ፣ ምርቱን በሚቀጥለው ሳምንት ማቅረብ አልችልም።,Refusal,2,Refusal_09,train
1855,እንደምን አለህ በከተማው ውስጥ፣ ጋዜጠኛው?,Phatic,7,Phatic_11,val
1856,ጠበቃው ስብሰባውን ከሶስት ሰዓት በኋላ መርተዋል።,Assertion,1,Assertion_03,val
1857,የመልእክቱ ዋጋ በዚህ ወር ጨምሯል።,Assertion,1,Assertion_12,val
1858,ደረሰኙ ጥራት ያለው ነው።,Assertion,1,Assertion_05,test
1859,እባክዎ ካርታውን ለነጋዴው በዚህ ሳምንት ይላኩልኝ።,Request,0,Request_00,train
1860,የቡናው ችግር በስብሰባው ወቅት ከደንበኛው ጋር እፈታለሁ።,Promise,8,Promise_11,train
1861,እንኳን ወደ ከተማው ውስጥ ደህና መጣህ ዶክተሩ።,Phatic,7,Phatic_04,test
1862,መሐንዲሱ ሪፖርቱን ከአንድ ሰዓት በኋላ አቅርበዋል።,Assertion,1,Assertion_13,test
1863,ባልደረባዬ ወደ ፍርድ ቤት በሳምንቱ መጨረሻ ሄደዋል።,Assertion,1,Assertion_07,train
1864,የትዕዛዙ ዋጋ በቢሮ በጣም ውድ ነው።,Complaint,6,Complaint_05,val
1865,ጠበቃው ሪፖርቱን ነገ ከሰዓት በኋላ አቅርበዋል።,Assertion,1,Assertion_13,test
1866,ጋዜጠኛው፣ እንደምን አደርክ ከሁለት ቀናት በኋላ?,Phatic,7,Phatic_01,train
1867,ዶክተሩ ወደ አውሮፕላን ማረፊያ በሚቀጥለው ሳምንት ሄደዋል።,Assertion,1,Assertion_07,train
1868,በመንገድ ላይ ዛሬ ማታ ንጽህና ጎድሏል።,Complaint,6,Complaint_13,test
1869,ይቅርታ፣ ሂሳቡን ከጥቂት ደቂቃዎች በኋላ ማድረግ አልችልም።,Refusal,2,Refusal_00,train
1870,ባንኩ ስለ ቡናው ማስጠንቀቂያ ነገ አውጥቷል።,Warning,4,Warning_08,train
1871,ደህና እደር ጓደኛዬ፣ በሚቀጥለው ሳምንት እንገናኝ።,Phatic,7,Phatic_06,train
1872,ፋብሪካው ስለ መልእክቱ ማስጠንቀቂያ በሚቀጥለው ወር አውጥቷል።,Warning,4,Warning_08,train
1873,እባክዎ ወደ መጋዘን ከጥቂት ደቂቃዎች በኋላ ይምጡልኝ።,Request,0,Request_03,test
1874,እባክዎ መኪናውን ለነጋዴው በሚቀጥለው ሳምንት ይላኩልኝ።,Request,0,Request_00,train
1875,ቃል እገባለሁ፣ መጽሐፉን በዚህ ወር አላዘገይም።,Promise,8,Promise_03,test
1876,ከጓደኛዬ ጋር ስለ ጥያቄው ጉዳይ መስማማት አልችልም።,Refusal,2,Refusal_06,train
1877,ወደ ከተማው ውስጥ ከሶስት ሰዓት በኋላ መሄድ አልችልም።,Refusal,2,Refusal_13,test
1878,ባልደረባዬ ወደ ገበያ በዚህ ሳምንት ሄደዋል።,Assertion,1,Assertion_07,train
1879,እባክዎ ዛሬ ወደ ከተማው ውስጥ ይድረሱልኝ።,Request,0,Request_07,val
1880,የመስኮቱ ወጪውን በቢሮ ብንቀንስ የተሻለ ነው።,Suggestion,3,Suggestion_13,train
1881,በሚቀጥለው ወር በገበያ ከባድ ዝናብ ሊዘንብ ይችላል ተጠንቀቁ።,Warning,4,Warning_03,test
1882,ከፖሊሱ ጋር ስለ ምርቱ ጉዳይ መስማማት አልችልም።,Refusal,2,Refusal_06,train
1883,እባክዎ ሰነዱን ለአስተማሪዋ በሚቀጥለው ወር ይላኩልኝ።,Request,0,Request_00,train
1884,ሂሳቡ ገና ወደ ሱቅ ከጥቂት ደቂቃዎች በኋላ አልደረሰኝም።,Complaint,6,Complaint_07,train
1885,ስቱዲዮው ስለ ቦርሳው ማስጠንቀቂያ በዚህ ሳምንት አውጥቷል።,Warning,4,Warning_08,train
1886,ከመሐንዲሱ ጋር ከሶስት ሰዓት በኋላ በሆስፒታል እገናኛለሁ።,Promise,8,Promise_04,val
1887,ጋዜጠኛው ወደ ገበያ ዛሬ ሄደዋል።,Assertion,1,Assertion_07,train
1888,ስለ ጥያቄው ከጓደኛዬ ጋር ማሰብ ይኖርብናል።,Suggestion,3,Suggestion_03,train
1889,የውሃው ችግር በዚህ አመት ከዶክተሩ ጋር እፈታለሁ።,Promise,8,Promise_11,train
1890,እንዴት ደስ ይላል፣ መምህሩ እንደገና ከአንድ ሰዓት በኋላ ዘገዩ።,Sarcasm/Irony,5,Sarcasm/Irony_03,train
1891,መምህሩ ወደ ከተማው ውስጥ ነገ ከሰዓት በኋላ ሄደዋል።,Assertion,1,Assertion_07,train
1892,እባክህ ይቅርታ አድርግልኝ፣ ወደ ከተማው ውስጥ በሚቀጥለው አመት መምጣት አልችልም።,Refusal,2,Refusal_01,test
1893,ይቅርታ፣ ኮምፒዩተሩን ከምሽቱ ጀምሮ ማድረግ አልችልም።,Refusal,2,Refusal_00,train
1894,ጤና ይስጥልኝ መሐንዲሱ፣ ከሁለት ቀናት በኋላ ደህና ነህ?,Phatic,7,Phatic_12,train
1895,በጣም ትክክለኛ ነው ባልደረባዬ፣ በመንገድ ላይ ሁልጊዜ እንደዚህ ይሆናል።,Sarcasm/Irony,5,Sarcasm/Irony_08,val
1896,ለሹፌሩ የገባሁትን ቃል በዚህ ወር አከብራለሁ።,Promise,8,Promise_08,test
1897,አዎ በእርግጥ፣ ጓደኛዬ በሚቀጥለው ሳምንት ትመጣለህ ብዬ አላምንም።,Sarcasm/Irony,5,Sarcasm/Irony_01,test
1898,ከደንበኛው ጋር ስለ ሪፖርቱ ጉዳይ መስማማት አልችልም።,Refusal,2,Refusal_06,train
1899,በጣም ጎበዝ ነው ፋብሪካው፣ በትምህርት ቤት ደንበኞችን ችላ ይላል።,Sarcasm/Irony,5,Sarcasm/Irony_06,test
1900,ደህና ዛሬ ይሁንልህ አስተማሪዋ።,Phatic,7,Phatic_02,train
1901,እባክዎ መሳሪያውን ለነጋዴው በዚህ አመት ይላኩልኝ።,Request,0,Request_00,train
1902,ውሃው ገና ወደ መንገድ ላይ በዚህ አመት አልደረሰኝም።,Complaint,6,Complaint_07,train
1903,ጎበዝ ስራ ጋዜጠኛው፣ በሩ ሙሉ በሙሉ ፈርሷል።,Sarcasm/Irony,5,Sarcasm/Irony_09,train
1904,እንኳን ወደ ቤት ደህና መጣህ ደንበኛው።,Phatic,7,Phatic_04,test
1905,ሰነዱ ገና ወደ ትምህርት ቤት በዚህ አመት አልደረሰኝም።,Complaint,6,Complaint_07,train
1906,ጠበቃው ወደ ባንክ ዛሬ ሄደዋል።,Assertion,1,Assertion_07,train
1907,የስልኩ ዋጋውን በሚቀጥለው ሳምንት ብንቀንስ ደንበኞች ይጨምራሉ።,Suggestion,3,Suggestion_07,train
1908,እሰይ፣ ሌላ ችግር በሆስፒታል ነገ፣ ልክ የሚያስፈልገን ይሄው ነበር።,Sarcasm/Irony,5,Sarcasm/Irony_07,train
1909,እባክዎ ለጓደኛዬ መኪናውን ያድርሱ።,Request,0,Request_14,test
1910,እንኳን ደስ አለህ አለቃዬ፣ ስለ ኮምፒዩተሩ እንደገና ተሳስተሃል።,Sarcasm/Irony,5,Sarcasm/Irony_13,train
1911,ፖሊሱ ሪፖርቱን በዚህ ወር አቅርበዋል።,Assertion,1,Assertion_13,test
1912,እሰይ፣ ሌላ ችግር በመንገድ ላይ ከሶስት ሰዓት በኋላ፣ ልክ የሚያስፈልገን ይሄው ነበር።,Sarcasm/Irony,5,Sarcasm/Irony_07,train
1913,ኮምፒዩተሩ ገና ወደ ቤት ዛሬ አልደረሰኝም።,Complaint,6,Complaint_07,train
1914,ስልኩ ገና ወደ ቤት ከዛሬ ጀምሮ አልደረሰኝም።,Complaint,6,Complaint_07,train
1915,ሪፖርቱን ለባልደረባዬ በዚህ አመት አቀርባለሁ።,Promise,8,Promise_05,train
1916,ሂሳቡ ገና ወደ መንገድ ላይ በዚህ ወር አልደረሰኝም።,Complaint,6,Complaint_07,train
1917,ከአለቃዬ ጋር ስለ ምርቱ ጉዳይ መስማማት አልችልም።,Refusal,2,Refusal_06,train
1918,ከሰዓት በኋላ በከተማው ውስጥ ስብሰባ እናድርግ።,Suggestion,3,Suggestion_02,train
1919,በጣም ብልህ ነህ ዶክተሩ፣ ሰነዱን ረሳኸው።,Sarcasm/Irony,5,Sarcasm/Irony_04,train
1920,ደህና ሁን ጓደኛዬ፣ እስከ ዛሬ ማታ እንገናኝ።,Phatic,7,Phatic_13,train
1921,በጣም ደግ ነህ አለቃዬ፣ በቢሮ ምንም እርዳታ አልሰጠኸኝም።,Sarcasm/Irony,5,Sarcasm/Irony_12,train
1922,ድርጅቱ ስለ መልእክቱ ማስጠንቀቂያ ነገ አውጥቷል።,Warning,4,Warning_08,train
1923,እባክዎ መጽሐፉን ለሚኒስትሩ በሳምንቱ መጨረሻ ይላኩልኝ።,Request,0,Request_00,train
1924,የምርቱ ዋጋውን ነገ ጠዋት ብንቀንስ ደንበኞች ይጨምራሉ።,Suggestion,3,Suggestion_07,train
1925,በዚህ ወር በሱቅ ከባድ ዝናብ ሊዘንብ ይችላል ተጠንቀቁ።,Warning,4,Warning_03,test
1926,ከመሐንዲሱ ጋር ነገ ጠዋት በስብሰባ ክፍል እገናኛለሁ።,Promise,8,Promise_04,val
1927,ትዕዛዙ ገና ወደ ገበያ በስብሰባው ወቅት አልደረሰኝም።,Complaint,6,Complaint_07,train
1928,ስለ ስልኩ ከአስተማሪዋ ጋር ማሰብ ይኖርብናል።,Suggestion,3,Suggestion_03,train
1929,ይቅርታ፣ መኪናውን በዚህ ሳምንት ማድረግ አልችልም።,Refusal,2,Refusal_00,train
1930,ከመሐንዲሱ ጋር ነገ በስብሰባ ክፍል እገናኛለሁ።,Promise,8,Promise_04,val
1931,ዶክተሩ ወደ ስብሰባ ክፍል ከሶስት ሰዓት በኋላ ሄደዋል።,Assertion,1,Assertion_07,train
1932,በመንገድ ላይ ከሶስት ሰዓት በኋላ ንጽህና ጎድሏል።,Complaint,6,Complaint_13,test
1933,የፋይሉ ችግር በዚህ አመት ከጠበቃው ጋር እፈታለሁ።,Promise,8,Promise_11,train
1934,በሳምንቱ መጨረሻ በአውሮፕላን ማረፊያ መገኘት አልችልም።,Refusal,2,Refusal_04,val
1935,እንኳን ወደ ፋብሪካ ደህና መጣህ ደንበኛው።,Phatic,7,Phatic_04,test
1936,የሰነዱ ችግር ዛሬ ማታ ከመምህሩ ጋር እፈታለሁ።,Promise,8,Promise_11,train
1937,ኤጀንሲው ስለ ኮምፒዩተሩ ማስጠንቀቂያ ዛሬ ማታ አውጥቷል።,Warning,4,Warning_08,train
1938,በሩ ገና ወደ ፖሊስ ጣቢያ በሚቀጥለው ወር አልደረሰኝም።,Complaint,6,Complaint_07,train
1939,ገንዘቡ ገና ወደ ገበያ ዛሬ ማታ አልደረሰኝም።,Complaint,6,Complaint_07,train
1940,ከዶክተሩ ጋር ከዛሬ ጀምሮ በስብሰባ ክፍል እገናኛለሁ።,Promise,8,Promise_04,val
1941,ጥያቄውን ከጥቂት ደቂቃዎች በኋላ ብንሞክር ጥሩ ይሆናል።,Suggestion,3,Suggestion_00,train
1942,ደህና እደር አለቃዬ፣ በሚቀጥለው ወር እንገናኝ።,Phatic,7,Phatic_06,train
1943,ጎበዝ ስራ ጓደኛዬ፣ ቤቱ ሙሉ በሙሉ ፈርሷል።,Sarcasm/Irony,5,Sarcasm/Irony_09,train
1944,እንኳን ደስ አለህ ጠበቃው ከአንድ ሰዓት በኋላ።,Phatic,7,Phatic_07,train
1945,ወደ ፋብሪካ ነገ መሄድ አልችልም።,Refusal,2,Refusal_13,test
1946,ከፖሊሱ ጋር ስለ ገንዘቡ ጉዳይ መስማማት አልችልም።,Refusal,2,Refusal_06,train
1947,ዶክተሩ፣ ጤና ይስጥልኝ በገበያ።,Phatic,7,Phatic_03,train
1948,ስለ ትዕዛዙ ከጋዜጠኛው ጋር ማሰብ ይኖርብናል።,Suggestion,3,Suggestion_03,train
1949,እባክዎ መሳሪያውን ለአስተማሪዋ በሚቀጥለው አመት ይላኩልኝ።,Request,0,Request_00,train
1950,ከነጋዴው ጋር ስለ ገንዘቡ ጉዳይ መስማማት አልችልም።,Refusal,2,Refusal_06,train
1951,እባክህ ይቅርታ አድርግልኝ፣ ወደ ትምህርት ቤት ከአንድ ሰዓት በኋላ መምጣት አልችልም።,Refusal,2,Refusal_01,test
1952,በጣም ብልህ ነህ መምህሩ፣ ደረሰኙን ረሳኸው።,Sarcasm/Irony,5,Sarcasm/Irony_04,train
1953,ዶክተሩ ወደ መጋዘን ከሰዓት በኋላ ሄደዋል።,Assertion,1,Assertion_07,train
1954,ቢያንስ አንዴ ቁልፉን በፍርድ ቤት እንሞክር።,Suggestion,3,Suggestion_05,train
1955,ዶክተሩ ወደ ሱቅ በሳምንቱ መጨረሻ ሄደዋል።,Assertion,1,Assertion_07,train
1956,እባክዎ መሳሪያውን ያረጋግጡልኝ።,Request,0,Request_05,val
1957,ጎበዝ ስራ ጠበቃው፣ መስኮቱ ሙሉ በሙሉ ፈርሷል።,Sarcasm/Irony,5,Sarcasm/Irony_09,train
1958,ካርታው ገና ወደ ቤት ከሰዓት በኋላ አልደረሰኝም።,Complaint,6,Complaint_07,train
1959,ጎበዝ ስራ ጋዜጠኛው፣ ትዕዛዙ ሙሉ በሙሉ ፈርሷል።,Sarcasm/Irony,5,Sarcasm/Irony_09,train
1960,ለጠበቃው የገባሁትን ቃል ከምሽቱ ጀምሮ አከብራለሁ።,Promise,8,Promise_08,test
1961,መሐንዲሱ ወደ ባንክ ነገ ጠዋት ሄደዋል።,Assertion,1,Assertion_07,train
1962,እንኳን ወደ ቢሮ ደህና መጣህ ጓደኛዬ።,Phatic,7,Phatic_04,test
1963,የመስኮቱ ወጪውን በገበያ ብንቀንስ የተሻለ ነው።,Suggestion,3,Suggestion_13,train
1964,እባክዎ ሂሳቡን ለሹፌሩ ከምሽቱ ጀምሮ ይላኩልኝ።,Request,0,Request_00,train
1965,አዎ በእርግጥ፣ መሐንዲሱ ከሁለት ቀናት በኋላ ትመጣለህ ብዬ አላምንም።,Sarcasm/Irony,5,Sarcasm/Irony_01,test
1966,በጣም ብልህ ነህ አለቃዬ፣ ምርቱን ረሳኸው።,Sarcasm/Irony,5,Sarcasm/Irony_04,train
1967,ቡናው ገና ወደ ከተማው ውስጥ በዚህ አመት አልደረሰኝም።,Complaint,6,Complaint_07,train
1968,አዎ በእርግጥ፣ መሐንዲሱ በስብሰባው ወቅት ትመጣለህ ብዬ አላምንም።,Sarcasm/Irony,5,Sarcasm/Irony_01,test
1969,ሚኒስቴሩ በሳምንቱ መጨረሻ አዲስ ምርት አስተዋውቋል።,Assertion,1,Assertion_02,val
1970,ፖሊሱ፣ እንደምን አደርክ ከምሽቱ ጀምሮ?,Phatic,7,Phatic_01,train
1971,እሰይ፣ ሌላ ችግር በቢሮ በሚቀጥለው አመት፣ ልክ የሚያስፈልገን ይሄው ነበር።,Sarcasm/Irony,5,Sarcasm/Irony_07,train
1972,ገንዘቡ ገና ወደ ስብሰባ ክፍል ዛሬ አልደረሰኝም።,Complaint,6,Complaint_07,train
1973,ጠበቃው ወደ ከተማው ውስጥ ከሁለት ቀናት በኋላ ሄደዋል።,Assertion,1,Assertion_07,train
1974,ባልደረባዬ፣ እንደምን አደርክ ከዛሬ ጀምሮ?,Phatic,7,Phatic_01,train
1975,እባክህ ይቅርታ አድርግልኝ፣ ወደ ትምህርት ቤት ከጥቂት ደቂቃዎች በኋላ መምጣት አልችልም።,Refusal,2,Refusal_01,test
1976,ቤቱ ከባልደረባዬ አጠገብ አደገኛ ሊሆን ይችላል።,Warning,4,Warning_01,test
1977,እባክዎ ስጦታውን ለጋዜጠኛው ከጥቂት ደቂቃዎች በኋላ ይላኩልኝ።,Request,0,Request_00,train
1978,የስልኩ ችግር በሚቀጥለው ሳምንት ከመሐንዲሱ ጋር እፈታለሁ።,Promise,8,Promise_11,train
1979,ነጋዴው ወደ ባንክ ከጥቂት ደቂቃዎች በኋላ ሄደዋል።,Assertion,1,Assertion_07,train
1980,ይህን ቦርሳውን ከጓደኛዬ ጋር በጥንቃቄ ያዙ።,Warning,4,Warning_04,val
1981,እባክዎ መልእክቱን ለደንበኛው ከምሽቱ ጀምሮ ይላኩልኝ።,Request,0,Request_00,train
1982,እባክዎ ሪፖርቱን ለጋዜጠኛው ከአንድ ሰዓት በኋላ ይላኩልኝ።,Request,0,Request_00,train
1983,የሪፖርቱ ችግር ከሁለት ቀናት በኋላ ከዶክተሩ ጋር እፈታለሁ።,Promise,8,Promise_11,train
1984,በጣም ብልህ ነህ አለቃዬ፣ መስኮቱን ረሳኸው።,Sarcasm/Irony,5,Sarcasm/Irony_04,train
1985,ወደ ሱቅ ከጥቂት ደቂቃዎች በኋላ መሄድ አልችልም።,Refusal,2,Refusal_13,test
1986,ሰነዱ ገና ወደ ቢሮ በዚህ ወር አልደረሰኝም።,Complaint,6,Complaint_07,train
1987,ደረሰኙ ገና ወደ ሆስፒታል ነገ ጠዋት አልደረሰኝም።,Complaint,6,Complaint_07,train
1988,ፋብሪካው ስለ ዕቃው ማስጠንቀቂያ ከአንድ ሰዓት በኋላ አውጥቷል።,Warning,4,Warning_08,train
1989,ዶክተሩ ወደ ስብሰባ ክፍል ከዛሬ ጀምሮ ሄደዋል።,Assertion,1,Assertion_07,train
1990,እባክህ ይቅርታ አድርግልኝ፣ ወደ ከተማው ውስጥ በሳምንቱ መጨረሻ መምጣት አልችልም።,Refusal,2,Refusal_01,test
1991,ይቅርታ፣ ሰነዱን በሚቀጥለው አመት ማድረግ አልችልም።,Refusal,2,Refusal_00,train
1992,የዕቃው ገመድ በሆስፒታል አደገኛ ነው ተጠንቀቁ።,Warning,4,Warning_07,train
1993,የቤቱ ችግር በዚህ አመት ከጋዜጠኛው ጋር እፈታለሁ።,Promise,8,Promise_11,train
1994,ጠበቃው ለቅሬታዬ ምላሽ ከሁለት ቀናት በኋላ አልሰጡም።,Complaint,6,Complaint_06,val
1995,ጥንቃቄ ያድርጉ፣ ዛሬ ባንክ ይንሸራተታል።,Warning,4,Warning_02,train
1996,እባክዎ መልእክቱን ለባልደረባዬ በሚቀጥለው ወር ይላኩልኝ።,Request,0,Request_00,train
1997,እባክዎ መስኮቱን ለሚኒስትሩ ከሁለት ቀናት በኋላ ይላኩልኝ።,Request,0,Request_00,train
1998,ገንዘብዎን ይጠብቁ፣ በስብሰባ ክፍል ከአንድ ሰዓት በኋላ ስርቆት ተከስቷል።,Warning,4,Warning_05,val
1999,የምርቱ ችግር ነገ ጠዋት ከባልደረባዬ ጋር እፈታለሁ።,Promise,8,Promise_11,train
2000,ፋብሪካው ስለ ትዕዛዙ ማስጠንቀቂያ ዛሬ ማታ አውጥቷል።,Warning,4,Warning_08,train
2001,እባክዎ ይቅርታ፣ ውሃውን ዛሬ ማቅረብ አልችልም።,Refusal,2,Refusal_09,train
2002,እባክዎ ስልኩን ለጋዜጠኛው ነገ ጠዋት ይላኩልኝ።,Request,0,Request_00,train
2003,በዚህ ሳምንት በመንገድ ላይ ስብሰባ እናድርግ።,Suggestion,3,Suggestion_02,train
2004,ሚኒስቴሩ ስለ ስልኩ ማስጠንቀቂያ በዚህ ሳምንት አውጥቷል።,Warning,4,Warning_08,train
2005,ስራው ነገ ጠዋት ከሚኒስትሩ ጋር አልተጠናቀቀም።,Complaint,6,Complaint_03,test
2006,ከሶስት ሰዓት በኋላ በቢሮ መገኘት አልችልም።,Refusal,2,Refusal_04,val
2007,ይቅርታ፣ ዕቃውን በሳምንቱ መጨረሻ ማድረግ አልችልም።,Refusal,2,Refusal_00,train
2008,የጥያቄው ወጪውን በሱቅ ብንቀንስ የተሻለ ነው።,Suggestion,3,Suggestion_13,train
2009,ፍርድ ቤት ነገ ተከፍቷል።,Assertion,1,Assertion_14,train
2010,ጤና ይስጥልኝ አለቃዬ፣ ዛሬ ማታ ደህና ነህ?,Phatic,7,Phatic_12,train
2011,እባክዎ ደብዳቤውን ለስራ አስኪያጁ በሚቀጥለው አመት ይላኩልኝ።,Request,0,Request_00,train
2012,ሪፖርቱን ለመሐንዲሱ ዛሬ ማታ አቀርባለሁ።,Promise,8,Promise_05,train
2013,ተጠንቀቅ፣ ከምሽቱ ጀምሮ መጋዘን ውስጥ አደጋ አለ።,Warning,4,Warning_00,val
2014,ምርቱ በመንገድ ላይ ይገኛል።,Assertion,1,Assertion_00,test
2015,እንኳን ደስ አለህ ነጋዴው በሚቀጥለው አመት።,Phatic,7,Phatic_07,train
2016,ይቅርታ፣ ልብሱን ከአንድ ሰዓት በኋላ ማድረግ አልችልም።,Refusal,2,Refusal_00,train
2017,ዕቃውን ከሁለት ቀናት በኋላ ብንሞክር ጥሩ ይሆናል።,Suggestion,3,Suggestion_00,train
2018,የኤጀንሲው ስልክ በዚህ ወር አይነሳም።,Complaint,6,Complaint_11,test
2019,ይህን ስራ ከጋዜጠኛው ጋር አልቀበልም።,Refusal,2,Refusal_12,train
2020,የደረሰኙ ገመድ በመጋዘን አደገኛ ነው ተጠንቀቁ።,Warning,4,Warning_07,train
2021,ይህን ሃሳብ ስለ መልእክቱ አልቀበልም።,Refusal,2,Refusal_14,val
2022,ይህን ካርታውን ከመሐንዲሱ መቀበል አልችልም።,Refusal,2,Refusal_03,train
2023,ሰላም አለቃዬ፣ ከሰዓት በኋላ እንዴት ነህ?,Phatic,7,Phatic_00,train
2024,ሚኒስቴሩ በሚቀጥለው አመት አዲስ ሰራተኞችን ቀጥሯል።,Assertion,1,Assertion_09,train
2025,እባክዎ ልብሱን ለአስተማሪዋ በዚህ አመት ይላኩልኝ።,Request,0,Request_00,train
2026,ይህን መጽሐፉን ከባልደረባዬ ጋር በጥንቃቄ ያዙ።,Warning,4,Warning_04,val
2027,ቁልፉ ገና ወደ ፖሊስ ጣቢያ ነገ ጠዋት አልደረሰኝም።,Complaint,6,Complaint_07,train
2028,እርግጠኛ ነኝ ጓደኛዬ በሚቀጥለው ሳምንት ይደርሳሉ፣ እንደ ሁልጊዜው።,Sarcasm/Irony,5,Sarcasm/Irony_05,test
2029,መንግስት በሳምንቱ መጨረሻ አዲስ ሰራተኞችን ቀጥሯል።,Assertion,1,Assertion_09,train
2030,ሪፖርቱን ለፖሊሱ ነገ ጠዋት አቀርባለሁ።,Promise,8,Promise_05,train
2031,በቢሮ በስብሰባው ወቅት ንጽህና ጎድሏል።,Complaint,6,Complaint_13,test
2032,የባንኩ ስልክ ከጥቂት ደቂቃዎች በኋላ አይነሳም።,Complaint,6,Complaint_11,test
2033,በጣም ጎበዝ ነው መንግስት፣ በትምህርት ቤት ደንበኞችን ችላ ይላል።,Sarcasm/Irony,5,Sarcasm/Irony_06,test
2034,የትዕዛዙ ዋጋውን በዚህ አመት ብንቀንስ ደንበኞች ይጨምራሉ።,Suggestion,3,Suggestion_07,train
2035,እባክህ ለፕሮጀክቱ ይህን ዘዴ በዚህ አመት ተጠቀም።,Suggestion,3,Suggestion_04,train
2036,እባክህ ለመሳሪያው ይህን ዘዴ ከምሽቱ ጀምሮ ተጠቀም።,Suggestion,3,Suggestion_04,train
2037,የውሃው ዋጋውን ከዛሬ ጀምሮ ብንቀንስ ደንበኞች ይጨምራሉ።,Suggestion,3,Suggestion_07,train
2038,የማህበሩ ስልክ በሚቀጥለው ወር አይነሳም።,Complaint,6,Complaint_11,test
2039,ካርታው ከጓደኛዬ አጠገብ አደገኛ ሊሆን ይችላል።,Warning,4,Warning_01,test
2040,ነጋዴው ወደ ትምህርት ቤት ከዛሬ ጀምሮ ሄደዋል።,Assertion,1,Assertion_07,train
2041,የኮምፒዩተሩ ገመድ በትምህርት ቤት አደገኛ ነው ተጠንቀቁ።,Warning,4,Warning_07,train
2042,ስለ ቤቱ ጉዳይ ከነጋዴው ጋር እንወያይ።,Suggestion,3,Suggestion_10,train
2043,ቢያንስ አንዴ ካርታውን በፖሊስ ጣቢያ እንሞክር።,Suggestion,3,Suggestion_05,train
2044,የዕቃው ችግር ከሶስት ሰዓት በኋላ ከጋዜጠኛው ጋር እፈታለሁ።,Promise,8,Promise_11,train
2045,ገንዘቡን ለሹፌሩ ከምሽቱ ጀምሮ እከፍላለሁ።,Promise,8,Promise_02,test
2046,እንዴት ጎበዝ ነህ ጠበቃው፣ ቁልፉን ሰብረኸዋል!,Sarcasm/Irony,5,Sarcasm/Irony_00,train
2047,እንኳን አደረሳችሁ ሚኒስትሩ፣ በባንክ።,Phatic,7,Phatic_14,test
2048,ጠበቃው ወደ ፋብሪካ ከምሽቱ ጀምሮ ሄደዋል።,Assertion,1,Assertion_07,train
2049,ቡናው ገና ወደ ስብሰባ ክፍል ነገ አልደረሰኝም።,Complaint,6,Complaint_07,train
2050,ይህን ልብሱን ያለ አለቃዬ ትዕዛዝ አይውሰዱ።,Warning,4,Warning_12,val
2051,አስተማሪዋ ወደ ገበያ ከአንድ ሰዓት በኋላ ሄደዋል።,Assertion,1,Assertion_07,train
2052,እባክዎ በሚቀጥለው አመት ወደ ፖሊስ ጣቢያ ይድረሱልኝ።,Request,0,Request_07,val
2053,ከአንድ ሰዓት በኋላ በመንገድ ላይ ስብሰባ እናድርግ።,Suggestion,3,Suggestion_02,train
2054,የትዕዛዙ ችግር በሚቀጥለው ሳምንት ከባልደረባዬ ጋር እፈታለሁ።,Promise,8,Promise_11,train
2055,እባክዎ ይቅርታ፣ ቤቱን በዚህ ሳምንት ማቅረብ አልችልም።,Refusal,2,Refusal_09,train
2056,ሪፖርቱን በጥንቃቄ ከሹፌሩ ጋር ብንመረምር ይሻላል።,Suggestion,3,Suggestion_11,val
2057,ፖሊሱ፣ ቤተሰብ በባንክ እንዴት ናቸው?,Phatic,7,Phatic_05,val
2058,በሩ በትክክል ይሰራል።,Assertion,1,Assertion_11,val
2059,ደህና ሁን አስተማሪዋ፣ እስከ በዚህ ወር እንገናኝ።,Phatic,7,Phatic_13,train
2060,ባልደረባዬ ሪፖርቱን ዛሬ አቅርበዋል።,Assertion,1,Assertion_13,test
2061,እንዴት ጥሩ ነው ጋዜጠኛው፣ ከምሽቱ ጀምሮ ደግሞ ዘገየ።,Sarcasm/Irony,5,Sarcasm/Irony_10,val
2062,በጣም ብልህ ነህ ጋዜጠኛው፣ መጽሐፉን ረሳኸው።,Sarcasm/Irony,5,Sarcasm/Irony_04,train
2063,ነገ በመጋዘን ስብሰባ እናድርግ።,Suggestion,3,Suggestion_02,train
2064,በባንክ ትንሽ እረፍት በሚቀጥለው ወር ብንወስድ ጥሩ ነው።,Suggestion,3,Suggestion_09,test
2065,እባክዎ ኮምፒዩተሩን ወደ ገበያ ይላኩ።,Request,0,Request_06,test
2066,ባንኩ ስለ መጽሐፉ ማስጠንቀቂያ በሚቀጥለው አመት አውጥቷል።,Warning,4,Warning_08,train
2067,እባክዎ መኪናውን ለአስተማሪዋ በሳምንቱ መጨረሻ ይላኩልኝ።,Request,0,Request_00,train
2068,ሚኒስትሩ ወደ ፋብሪካ ነገ ሄደዋል።,Assertion,1,Assertion_07,train
2069,በሩ በአውሮፕላን ማረፊያ ይገኛል።,Assertion,1,Assertion_00,test
2070,እባክዎ ይቅርታ፣ መልእክቱን ከሁለት ቀናት በኋላ ማቅረብ አልችልም።,Refusal,2,Refusal_09,train
2071,እንኳን ወደ ቢሮ ደህና መጣህ መሐንዲሱ።,Phatic,7,Phatic_04,test
2072,ማህበሩ ቃል የገባውን በስብሰባው ወቅት አላከበረም።,Complaint,6,Complaint_02,test
2073,ስለ ጥያቄው ከሚኒስትሩ ጋር ማሰብ ይኖርብናል።,Suggestion,3,Suggestion_03,train
2074,እባክዎ ስልኩን ወደ ባንክ ይላኩ።,Request,0,Request_06,test
2075,በጣም ውጤታማ ነው ማዕከሉ፣ በነገ ጠዋት ምንም አልተሰራም።,Sarcasm/Irony,5,Sarcasm/Irony_14,val
2076,ፋብሪካው ስለ ሪፖርቱ ማስጠንቀቂያ ከሁለት ቀናት በኋላ አውጥቷል።,Warning,4,Warning_08,train
2077,ስራው ከሰዓት በኋላ ከፖሊሱ ጋር አልተጠናቀቀም።,Complaint,6,Complaint_03,test
2078,እንዴት ጎበዝ ነህ ጓደኛዬ፣ ቦርሳውን ሰብረኸዋል!,Sarcasm/Irony,5,Sarcasm/Irony_00,train
2079,የመኪናው ወጪውን በሱቅ ብንቀንስ የተሻለ ነው።,Suggestion,3,Suggestion_13,train
2080,ደንበኛው ወደ ትምህርት ቤት ዛሬ ሄደዋል።,Assertion,1,Assertion_07,train
2081,እባክሽ ትዕዛዙን ነገ ጠዋት አምጪልኝ።,Request,0,Request_09,test
2082,ደህና በሚቀጥለው ወር ይሁንልህ አለቃዬ።,Phatic,7,Phatic_02,train
2083,እንኳን ደስ አለህ አለቃዬ፣ ስለ መሳሪያው እንደገና ተሳስተሃል።,Sarcasm/Irony,5,Sarcasm/Irony_13,train
2084,ከስራ አስኪያጁ ጋር ስለ መስኮቱ ጉዳይ መስማማት አልችልም።,Refusal,2,Refusal_06,train
2085,ሰነዱ ገና ወደ ቤት ከዛሬ ጀምሮ አልደረሰኝም።,Complaint,6,Complaint_07,train
2086,ገንዘቡን ለጓደኛዬ ከሶስት ሰዓት በኋላ እከፍላለሁ።,Promise,8,Promise_02,test
2087,ባንኩ ስለ ፋይሉ ማስጠንቀቂያ በሚቀጥለው ወር አውጥቷል።,Warning,4,Warning_08,train
2088,የሰነዱ ችግር ከጥቂት ደቂቃዎች በኋላ ከዶክተሩ ጋር እፈታለሁ።,Promise,8,Promise_11,train
2089,በጣም ጎበዝ ነው ኤጀንሲው፣ በአውሮፕላን ማረፊያ ደንበኞችን ችላ ይላል።,Sarcasm/Irony,5,Sarcasm/Irony_06,test
2090,ተጠንቀቅ፣ ከአንድ ሰዓት በኋላ ስብሰባ ክፍል ውስጥ አደጋ አለ።,Warning,4,Warning_00,val
2091,በመንገድ ላይ ትንሽ እረፍት ከሰዓት በኋላ ብንወስድ ጥሩ ነው።,Suggestion,3,Suggestion_09,test
2092,እባክዎ ማሽኑን በሚቀጥለው አመት ይላኩልኝ።,Request,0,Request_13,val
2093,እባክዎ ይቅርታ፣ ሪፖርቱን በሚቀጥለው ወር ማቅረብ አልችልም።,Refusal,2,Refusal_09,train
2094,ይህ ልብሱ ከባንኩ ጥራት የለውም።,Complaint,6,Complaint_00,val
2095,አለቃዬ ወደ ሆስፒታል ዛሬ ሄደዋል።,Assertion,1,Assertion_07,train
2096,ደህና እደር ጋዜጠኛው፣ በዚህ አመት እንገናኝ።,Phatic,7,Phatic_06,train
2097,እባክዎ ዕቃውን ለፖሊሱ በዚህ ሳምንት ይላኩልኝ።,Request,0,Request_00,train
2098,ኤጀንሲው ስለ መስኮቱ ማስጠንቀቂያ ከምሽቱ ጀምሮ አውጥቷል።,Warning,4,Warning_08,train
2099,እባክዎ ቤቱን ለመሐንዲሱ በሚቀጥለው አመት ይላኩልኝ።,Request,0,Request_00,train
2100,የደረሰኙ ዋጋ በስብሰባ ክፍል በጣም ውድ ነው።,Complaint,6,Complaint_05,val
2101,ደህና እደር ነጋዴው፣ ነገ እንገናኝ።,Phatic,7,Phatic_06,train
2102,እንኳን ደስ አለህ ዶክተሩ፣ ስለ ስልኩ እንደገና ተሳስተሃል።,Sarcasm/Irony,5,Sarcasm/Irony_13,train
2103,እባክዎ ቦርሳውን ለሚኒስትሩ ዛሬ ይላኩልኝ።,Request,0,Request_00,train
2104,እባክህ መኪናውን ስጠኝ።,Request,0,Request_08,val
2105,ኩባንያው ስለ ምርቱ ማስጠንቀቂያ ከዛሬ ጀምሮ አውጥቷል።,Warning,4,Warning_08,train
2106,ደንበኛው ወደ ባንክ ነገ ሄደዋል።,Assertion,1,Assertion_07,train
2107,ከሹፌሩ ጋር ስለ ገንዘቡ ጉዳይ መስማማት አልችልም።,Refusal,2,Refusal_06,train
2108,እርግጠኛ ነኝ ጓደኛዬ ከሶስት ሰዓት በኋላ ይደርሳሉ፣ እንደ ሁልጊዜው።,Sarcasm/Irony,5,Sarcasm/Irony_05,test
2109,የሰነዱ ችግር በሳምንቱ መጨረሻ ከደንበኛው ጋር እፈታለሁ።,Promise,8,Promise_11,train
2110,እባክዎ ቤቱን ለመምህሩ ከዛሬ ጀምሮ ይላኩልኝ።,Request,0,Request_00,train
2111,ሚኒስቴሩ ስለ ደብዳቤው ማስጠንቀቂያ በሚቀጥለው ወር አውጥቷል።,Warning,4,Warning_08,train
2112,በጣም ደግ ነህ መሐንዲሱ፣ በአውሮፕላን ማረፊያ ምንም እርዳታ አልሰጠኸኝም።,Sarcasm/Irony,5,Sarcasm/Irony_12,train
2113,የደብዳቤው ዋጋውን ከአንድ ሰዓት በኋላ ብንቀንስ ደንበኞች ይጨምራሉ።,Suggestion,3,Suggestion_07,train
2114,ሚኒስቴሩ ስለ መጽሐፉ ማስጠንቀቂያ ዛሬ ማታ አውጥቷል።,Warning,4,Warning_08,train
2115,ሹፌሩ ለቅሬታዬ ምላሽ በዚህ ሳምንት አልሰጡም።,Complaint,6,Complaint_06,val
2116,እንዴት ደስ ይላል፣ ፖሊሱ እንደገና ከሶስት ሰዓት በኋላ ዘገዩ።,Sarcasm/Irony,5,Sarcasm/Irony_03,train
2117,ሪፖርቱ በፍርድ ቤት ይገኛል።,Assertion,1,Assertion_00,test
2118,እባክዎ ደረሰኙን ለሹፌሩ በሚቀጥለው ወር ይላኩልኝ።,Request,0,Request_00,train
2119,ስጦታውን በጥንቃቄ ከስራ አስኪያጁ ጋር ብንመረምር ይሻላል።,Suggestion,3,Suggestion_11,val
2120,እንዴት ጎበዝ ነህ ጓደኛዬ፣ መስኮቱን ሰብረኸዋል!,Sarcasm/Irony,5,Sarcasm/Irony_00,train
2121,የካርታው ወጪውን በአውሮፕላን ማረፊያ ብንቀንስ የተሻለ ነው።,Suggestion,3,Suggestion_13,train
2122,መሐንዲሱ ወደ ፖሊስ ጣቢያ በሚቀጥለው ወር ሄደዋል።,Assertion,1,Assertion_07,train
2123,እባክዎ መኪናውን ለስራ አስኪያጁ በስብሰባው ወቅት ይላኩልኝ።,Request,0,Request_00,train
2124,ባንኩ ስለ ሂሳቡ ማስጠንቀቂያ ነገ ከሰዓት በኋላ አውጥቷል።,Warning,4,Warning_08,train
2125,ባንኩ በዚህ ሳምንት አዲስ ሰራተኞችን ቀጥሯል።,Assertion,1,Assertion_09,train
2126,በከተማው ውስጥ በዚህ ሳምንት ወንጀል ሊፈጸም ይችላል ተጠንቀቁ።,Warning,4,Warning_11,train
2127,ምርቱ ገና ወደ አውሮፕላን ማረፊያ በሚቀጥለው ወር አልደረሰኝም።,Complaint,6,Complaint_07,train
2128,ፋብሪካው ቃል የገባውን ከሰዓት በኋላ ያከብራል።,Promise,8,Promise_14,test
2129,ድርጅቱ ስለ ስጦታው ማስጠንቀቂያ ዛሬ ማታ አውጥቷል።,Warning,4,Warning_08,train
2130,እርግጠኛ ነኝ ባልደረባዬ ከምሽቱ ጀምሮ ይደርሳሉ፣ እንደ ሁልጊዜው።,Sarcasm/Irony,5,Sarcasm/Irony_05,test
2131,ክፍያ ብከፍልም ከማህበሩ አገልግሎት ነገ ጠዋት አላገኘሁም።,Complaint,6,Complaint_10,val
2132,እባክዎ ይቅርታ፣ ስጦታውን ከአንድ ሰዓት በኋላ ማቅረብ አልችልም።,Refusal,2,Refusal_09,train
2133,ክፍያ ብከፍልም ከድርጅቱ አገልግሎት ነገ አላገኘሁም።,Complaint,6,Complaint_10,val
2134,ከሶስት ሰዓት በኋላ በባንክ ከባድ ዝናብ ሊዘንብ ይችላል ተጠንቀቁ።,Warning,4,Warning_03,test
2135,የሂሳቡ ዋጋውን ከዛሬ ጀምሮ ብንቀንስ ደንበኞች ይጨምራሉ።,Suggestion,3,Suggestion_07,train
2136,እንኳን አደረሳችሁ ዶክተሩ፣ በሆስፒታል።,Phatic,7,Phatic_14,test
2137,በጣም ብልህ ነህ ጓደኛዬ፣ ደረሰኙን ረሳኸው።,Sarcasm/Irony,5,Sarcasm/Irony_04,train
2138,ሰላም ባልደረባዬ፣ ከሁለት ቀናት በኋላ እንዴት ነህ?,Phatic,7,Phatic_00,train
2139,እባክዎ ለነጋዴው ጥያቄውን ያድርሱ።,Request,0,Request_14,test
2140,ይህን ሰነዱን ከባልደረባዬ መቀበል አልችልም።,Refusal,2,Refusal_03,train
2141,መሐንዲሱ፣ እንደምን አደርክ ከአንድ ሰዓት በኋላ?,Phatic,7,Phatic_01,train
2142,እባክዎ ቡናውን ለሚኒስትሩ በሚቀጥለው ሳምንት ይላኩልኝ።,Request,0,Request_00,train
2143,እባክዎ ስልኩን ለፖሊሱ ከጥቂት ደቂቃዎች በኋላ ይላኩልኝ።,Request,0,Request_00,train
2144,እባክዎ ምርቱን ለሹፌሩ ነገ ከሰዓት በኋላ ይላኩልኝ።,Request,0,Request_00,train
2145,የዕቃው ችግር ከሁለት ቀናት በኋላ ከጓደኛዬ ጋር እፈታለሁ።,Promise,8,Promise_11,train
2146,እባክዎ ለጓደኛዬ ስለ ስልኩ ይንገሩልኝ።,Request,0,Request_04,val
2147,የፋይሉ ወጪውን በገበያ ብንቀንስ የተሻለ ነው።,Suggestion,3,Suggestion_13,train
2148,መስኮቱ ገና ወደ ፋብሪካ ከአንድ ሰዓት በኋላ አልደረሰኝም።,Complaint,6,Complaint_07,train
2149,ይህን ደረሰኙን ከጠበቃው ጋር በጥንቃቄ ያዙ።,Warning,4,Warning_04,val
2150,ደንበኛው፣ ጤና ይስጥልኝ በአውሮፕላን ማረፊያ።,Phatic,7,Phatic_03,train
2151,ቁልፉ ገና ወደ ቢሮ ከዛሬ ጀምሮ አልደረሰኝም።,Complaint,6,Complaint_07,train
2152,አስተማሪዋ ወደ ገበያ ነገ ጠዋት ሄደዋል።,Assertion,1,Assertion_07,train
2153,እባክዎ ይቅርታ፣ ኮምፒዩተሩን ነገ ከሰዓት በኋላ ማቅረብ አልችልም።,Refusal,2,Refusal_09,train
2154,እንኳን ደስ አለህ ስራ አስኪያጁ በዚህ አመት።,Phatic,7,Phatic_07,train
2155,የጥያቄው ችግር በሚቀጥለው ወር ከባልደረባዬ ጋር እፈታለሁ።,Promise,8,Promise_11,train
2156,አዎ በርግጥ፣ የኩባንያው እቅድ በበሳምንቱ መጨረሻ በጭራሽ አይከሽፍም።,Sarcasm/Irony,5,Sarcasm/Irony_11,train
2157,መንግስት ስለ ደረሰኙ ማስጠንቀቂያ በዚህ ወር አውጥቷል።,Warning,4,Warning_08,train
2158,በጣም ደግ ነህ ነጋዴው፣ በቢሮ ምንም እርዳታ አልሰጠኸኝም።,Sarcasm/Irony,5,Sarcasm/Irony_12,train
2159,ቤቱ ገና ወደ ስብሰባ ክፍል በዚህ ወር አልደረሰኝም።,Complaint,6,Complaint_07,train
2160,ባንኩ ስለ ቦርሳው ማስጠንቀቂያ በዚህ ሳምንት አውጥቷል።,Warning,4,Warning_08,train
2161,ደህና እደር አስተማሪዋ፣ ከሰዓት በኋላ እንገናኝ።,Phatic,7,Phatic_06,train
2162,እባክዎ ምርቱን ለሹፌሩ በሚቀጥለው ወር ይላኩልኝ።,Request,0,Request_00,train
2163,በሱቅ ትንሽ እረፍት ከሶስት ሰዓት በኋላ ብንወስድ ጥሩ ነው።,Suggestion,3,Suggestion_09,test
2164,እባክዎ ውሃውን ለዶክተሩ ከሶስት ሰዓት በኋላ ይላኩልኝ።,Request,0,Request_00,train
2165,ደህና እደር ስራ አስኪያጁ፣ በዚህ አመት እንገናኝ።,Phatic,7,Phatic_06,train
2166,ከፖሊሱ ጋር ከአንድ ሰዓት በኋላ መነጋገር ይሻላል።,Suggestion,3,Suggestion_06,val
2167,ሂሳቡ ገና ወደ ቤት በሳምንቱ መጨረሻ አልደረሰኝም።,Complaint,6,Complaint_07,train
2168,የሪፖርቱ ችግር በሚቀጥለው ወር ከባልደረባዬ ጋር እፈታለሁ።,Promise,8,Promise_11,train
2169,በመንግስት አዲስ ስልት ከሁለት ቀናት በኋላ እንተግብር።,Suggestion,3,Suggestion_14,test
2170,ይህን በሩን ከጠበቃው መቀበል አልችልም።,Refusal,2,Refusal_03,train
2171,ይህን ሪፖርቱን ያለ ስራ አስኪያጁ ትዕዛዝ አይውሰዱ።,Warning,4,Warning_12,val
2172,ጋዜጠኛው ወደ ስብሰባ ክፍል በሳምንቱ መጨረሻ ሄደዋል።,Assertion,1,Assertion_07,train
2173,ጎበዝ! በጣም ጥሩ ስራ ሰራህ ጋዜጠኛው፣ ዕቃውን አበላሸኸው።,Sarcasm/Irony,5,Sarcasm/Irony_02,train
2174,የመልእክቱ ዋጋ ከጥቂት ደቂቃዎች በኋላ ጨምሯል።,Assertion,1,Assertion_12,val
2175,ለስራ አስኪያጁ ጥያቄ ፍቃደኛ አይደለሁም።,Refusal,2,Refusal_10,val
2176,ከሚኒስትሩ ጋር በዚህ ወር በቤት እገናኛለሁ።,Promise,8,Promise_04,val
2177,እርግጠኛ ነኝ ነጋዴው ከምሽቱ ጀምሮ ይደርሳሉ፣ እንደ ሁልጊዜው።,Sarcasm/Irony,5,Sarcasm/Irony_05,test
2178,እባክዎ ቁልፉን ለስራ አስኪያጁ ከአንድ ሰዓት በኋላ ይላኩልኝ።,Request,0,Request_00,train
2179,አመሰግናለሁ ጋዜጠኛው፣ ደህና ዋል በአውሮፕላን ማረፊያ።,Phatic,7,Phatic_08,train
2180,ስራውን ከስራ አስኪያጁ ጋር በሚቀጥለው አመት እጨርሳለሁ።,Promise,8,Promise_01,test
2181,ሰላም ሚኒስትሩ፣ ነገ ከሰዓት በኋላ እንዴት ነህ?,Phatic,7,Phatic_00,train
2182,በጣም ውጤታማ ነው ኩባንያው፣ በበሳምንቱ መጨረሻ ምንም አልተሰራም።,Sarcasm/Irony,5,Sarcasm/Irony_14,val
2183,በፋብሪካው አዲስ ስልት ነገ ጠዋት እንተግብር።,Suggestion,3,Suggestion_14,test
2184,ፕሮጀክቱን ነገ ከሰዓት በኋላ ከዶክተሩ ጋር ብንጀምር ይሻላል።,Suggestion,3,Suggestion_08,val
2185,ከተማው ውስጥ ነገ ከሰዓት በኋላ ተከፍቷል።,Assertion,1,Assertion_14,train
2186,መልእክቱን በስብሰባው ወቅት ብንሞክር ጥሩ ይሆናል።,Suggestion,3,Suggestion_00,train
2187,እባክሽ ልብሱን ከምሽቱ ጀምሮ አምጪልኝ።,Request,0,Request_09,test
2188,በሳምንቱ መጨረሻ የአየር ሁኔታው ጥሩ ነው።,Assertion,1,Assertion_01,val
2189,ከደንበኛው ጋር ከሁለት ቀናት በኋላ መነጋገር ይሻላል።,Suggestion,3,Suggestion_06,val
2190,ፋብሪካው ስለ ጥያቄው ማስጠንቀቂያ ከሶስት ሰዓት በኋላ አውጥቷል።,Warning,4,Warning_08,train
2191,እንኳን አደረሳችሁ ሚኒስትሩ፣ በመንገድ ላይ።,Phatic,7,Phatic_14,test
2192,እንዴት ጎበዝ ነህ አለቃዬ፣ ቤቱን ሰብረኸዋል!,Sarcasm/Irony,5,Sarcasm/Irony_00,train
2193,እባክዎ ይቅርታ፣ መልእክቱን ነገ ማቅረብ አልችልም።,Refusal,2,Refusal_09,train
2194,እርግጠኛ ነኝ ባልደረባዬ በሚቀጥለው ወር ይደርሳሉ፣ እንደ ሁልጊዜው።,Sarcasm/Irony,5,Sarcasm/Irony_05,test
2195,እባክዎ ማሽኑን ከዛሬ ጀምሮ ይላኩልኝ።,Request,0,Request_13,val
2196,ኩባንያው ስለ ገንዘቡ ማስጠንቀቂያ ዛሬ ማታ አውጥቷል።,Warning,4,Warning_08,train
2197,ውሃውን ነገ ብንሞክር ጥሩ ይሆናል።,Suggestion,3,Suggestion_00,train
2198,ጓደኛዬ ወደ ከተማው ውስጥ በሚቀጥለው ሳምንት ሄደዋል።,Assertion,1,Assertion_07,train
2199,መልእክቱ ገና ወደ መጋዘን ዛሬ ማታ አልደረሰኝም።,Complaint,6,Complaint_07,train
2200,ባንኩ ስለ ዕቃው ማስጠንቀቂያ በሳምንቱ መጨረሻ አውጥቷል።,Warning,4,Warning_08,train
2201,እባክዎ ዛሬ ማታ ወደ ከተማው ውስጥ ይድረሱልኝ።,Request,0,Request_07,val
2202,ከስራ አስኪያጁ ጋር ስለ ፋይሉ ጉዳይ መስማማት አልችልም።,Refusal,2,Refusal_06,train
2203,እባክዎ መሳሪያውን ለሚኒስትሩ ከአንድ ሰዓት በኋላ ይላኩልኝ።,Request,0,Request_00,train
2204,እባክዎ ውሉን ለመሐንዲሱ በዚህ ሳምንት ይላኩልኝ።,Request,0,Request_00,train
2205,የመሳሪያው ችግር ከምሽቱ ጀምሮ ከባልደረባዬ ጋር እፈታለሁ።,Promise,8,Promise_11,train
2206,እባክዎ ለጋዜጠኛው ስለ ደብዳቤው ይንገሩልኝ።,Request,0,Request_04,val
2207,እንኳን ወደ ቤት ደህና መጣህ መሐንዲሱ።,Phatic,7,Phatic_04,test
2208,እባክሽ ፕሮጀክቱን በሚቀጥለው ወር አምጪልኝ።,Request,0,Request_09,test
2209,ኩባንያው ስለ ደብዳቤው ማስጠንቀቂያ በዚህ አመት አውጥቷል።,Warning,4,Warning_08,train
2210,ደረሰኙ ገና ወደ ገበያ ከዛሬ ጀምሮ አልደረሰኝም።,Complaint,6,Complaint_07,train
2211,ጎበዝ ስራ ጋዜጠኛው፣ መጽሐፉ ሙሉ በሙሉ ፈርሷል።,Sarcasm/Irony,5,Sarcasm/Irony_09,train
2212,እባክህ ይቅርታ አድርግልኝ፣ ወደ ትምህርት ቤት በሳምንቱ መጨረሻ መምጣት አልችልም።,Refusal,2,Refusal_01,test
2213,የስጦታው ወጪውን በሱቅ ብንቀንስ የተሻለ ነው።,Suggestion,3,Suggestion_13,train
2214,ገንዘብዎን ይጠብቁ፣ በመጋዘን ከሶስት ሰዓት በኋላ ስርቆት ተከስቷል።,Warning,4,Warning_05,val
2215,ኮምፒዩተሩ ገና ወደ አውሮፕላን ማረፊያ በስብሰባው ወቅት አልደረሰኝም።,Complaint,6,Complaint_07,train
2216,ከነጋዴው ጋር ስለ መስኮቱ ጉዳይ መስማማት አልችልም።,Refusal,2,Refusal_06,train
2217,ከሚኒስትሩ ጋር በስብሰባው ወቅት በፍርድ ቤት እገናኛለሁ።,Promise,8,Promise_04,val
2218,የመኪናው ገመድ በባንክ አደገኛ ነው ተጠንቀቁ።,Warning,4,Warning_07,train
2219,በኩባንያው አዲስ ስልት በዚህ ወር እንተግብር።,Suggestion,3,Suggestion_14,test
2220,እባክዎ ቦርሳውን ለባልደረባዬ በዚህ አመት ይላኩልኝ።,Request,0,Request_00,train
2221,መሐንዲሱ፣ ቤተሰብ በፖሊስ ጣቢያ እንዴት ናቸው?,Phatic,7,Phatic_05,val
2222,ይቅርታ፣ ቡናውን በዚህ ወር ማድረግ አልችልም።,Refusal,2,Refusal_00,train
2223,ፖሊሱ ወደ ከተማው ውስጥ ዛሬ ሄደዋል።,Assertion,1,Assertion_07,train
2224,መምህሩ ወደ ቤት ከምሽቱ ጀምሮ ሄደዋል።,Assertion,1,Assertion_07,train
2225,የመልእክቱ ችግር ዛሬ ማታ ከፖሊሱ ጋር እፈታለሁ።,Promise,8,Promise_11,train
2226,ፖሊሱ፣ ቤተሰብ በመጋዘን እንዴት ናቸው?,Phatic,7,Phatic_05,val
2227,ፋብሪካው ስለ ሰነዱ ማስጠንቀቂያ በዚህ አመት አውጥቷል።,Warning,4,Warning_08,train
2228,እንኳን ወደ ፖሊስ ጣቢያ ደህና መጣህ ፖሊሱ።,Phatic,7,Phatic_04,test
2229,እባክዎ ምርቱን ለሹፌሩ በዚህ ሳምንት ይላኩልኝ።,Request,0,Request_00,train
2230,ማዕከሉ ስለ ስልኩ ማስጠንቀቂያ ከሶስት ሰዓት በኋላ አውጥቷል።,Warning,4,Warning_08,train
2231,ኮምፒዩተሩ ገና ወደ ፍርድ ቤት ዛሬ ማታ አልደረሰኝም።,Complaint,6,Complaint_07,train
2232,ካርታው ገና ወደ አውሮፕላን ማረፊያ ከምሽቱ ጀምሮ አልደረሰኝም።,Complaint,6,Complaint_07,train
2233,እንኳን አደረሳችሁ አለቃዬ፣ በስብሰባ ክፍል።,Phatic,7,Phatic_14,test
2234,እባክዎ ይቅርታ፣ ቤቱን ከዛሬ ጀምሮ ማቅረብ አልችልም።,Refusal,2,Refusal_09,train
2235,እንኳን ደስ አለህ ሹፌሩ፣ ስለ ኮምፒዩተሩ እንደገና ተሳስተሃል።,Sarcasm/Irony,5,Sarcasm/Irony_13,train
2236,ከነጋዴው ጋር በሚቀጥለው ሳምንት በሱቅ እገናኛለሁ።,Promise,8,Promise_04,val
2237,ደብዳቤው ገና ወደ መንገድ ላይ ከአንድ ሰዓት በኋላ አልደረሰኝም።,Complaint,6,Complaint_07,train
2238,በጣም ብልህ ነህ ነጋዴው፣ መጽሐፉን ረሳኸው።,Sarcasm/Irony,5,Sarcasm/Irony_04,train
2239,ይቅርታ፣ መስኮቱን ዛሬ ማታ ማድረግ አልችልም።,Refusal,2,Refusal_00,train
2240,ገንዘብዎን ይጠብቁ፣ በሱቅ በስብሰባው ወቅት ስርቆት ተከስቷል።,Warning,4,Warning_05,val
2241,የካርታው ዋጋውን በዚህ አመት ብንቀንስ ደንበኞች ይጨምራሉ።,Suggestion,3,Suggestion_07,train
2242,ይህን ኮምፒዩተሩን ከፖሊሱ መቀበል አልችልም።,Refusal,2,Refusal_03,train
2243,ከዶክተሩ ጋር በዚህ አመት በፍርድ ቤት እገናኛለሁ።,Promise,8,Promise_04,val
2244,እባክዎ ዕቃውን በስብሰባው ወቅት ይላኩልኝ።,Request,0,Request_13,val
2245,ሚኒስቴሩ ከዛሬ ጀምሮ አዲስ ምርት አስተዋውቋል።,Assertion,1,Assertion_02,val
2246,እባክዎ ትዕዛዙን ለስራ አስኪያጁ ነገ ከሰዓት በኋላ ይላኩልኝ።,Request,0,Request_00,train
2247,ዛሬ ማታ በመጋዘን ትራፊኩ ከባድ ነው ተጠንቀቁ።,Warning,4,Warning_13,train
2248,እባክዎ ገንዘቡን ለሚኒስትሩ በስብሰባው ወቅት ይላኩልኝ።,Request,0,Request_00,train
2249,የስጦታው ችግር ዛሬ ማታ ከአለቃዬ ጋር እፈታለሁ።,Promise,8,Promise_11,train
2250,አለቃዬ ስብሰባውን ከሁለት ቀናት በኋላ መርተዋል።,Assertion,1,Assertion_03,val
2251,እባክህ ለውሃው ይህን ዘዴ ከሰዓት በኋላ ተጠቀም።,Suggestion,3,Suggestion_04,train
2252,እባክዎ ቡናውን ለመምህሩ ከዛሬ ጀምሮ ይላኩልኝ።,Request,0,Request_00,train
2253,ጎበዝ! በጣም ጥሩ ስራ ሰራህ ደንበኛው፣ ገንዘቡን አበላሸኸው።,Sarcasm/Irony,5,Sarcasm/Irony_02,train
2254,ይቅርታ፣ ጥያቄውን ከሶስት ሰዓት በኋላ ማድረግ አልችልም።,Refusal,2,Refusal_00,train
2255,ፖሊሱ ወደ ፍርድ ቤት ከጥቂት ደቂቃዎች በኋላ ሄደዋል።,Assertion,1,Assertion_07,train
2256,በፖሊስ ጣቢያ በሚቀጥለው ወር ንጽህና ጎድሏል።,Complaint,6,Complaint_13,test
2257,ደረሰኙን በጥንቃቄ ከመምህሩ ጋር ብንመረምር ይሻላል።,Suggestion,3,Suggestion_11,val
2258,ቃል እገባለሁ፣ ገንዘቡን በሚቀጥለው ወር አላዘገይም።,Promise,8,Promise_03,test
2259,አመሰግናለሁ ፖሊሱ፣ ደህና ዋል በትምህርት ቤት።,Phatic,7,Phatic_08,train
2260,ሚኒስትሩ፣ ጤና ይስጥልኝ በትምህርት ቤት።,Phatic,7,Phatic_03,train
2261,እባክዎ ደረሰኙን ለጓደኛዬ በዚህ ወር ይላኩልኝ።,Request,0,Request_00,train
2262,የመልእክቱ ወጪውን በፖሊስ ጣቢያ ብንቀንስ የተሻለ ነው።,Suggestion,3,Suggestion_13,train
2263,የቡናው ገመድ በመንገድ ላይ አደገኛ ነው ተጠንቀቁ።,Warning,4,Warning_07,train
2264,ስራው ከሰዓት በኋላ ከመምህሩ ጋር አልተጠናቀቀም።,Complaint,6,Complaint_03,test
2265,እንኳን አደረሳችሁ መምህሩ፣ በሆስፒታል።,Phatic,7,Phatic_14,test
2266,በዚህ ወር በመንገድ ላይ መገኘት አልችልም።,Refusal,2,Refusal_04,val
2267,ማዕከሉ ስለ ካርታው ማስጠንቀቂያ ከአንድ ሰዓት በኋላ አውጥቷል።,Warning,4,Warning_08,train
2268,እባክዎ ይቅርታ፣ ሂሳቡን ዛሬ ማታ ማቅረብ አልችልም።,Refusal,2,Refusal_09,train
2269,ድርጅቱ ስለ ሪፖርቱ ማስጠንቀቂያ ከጥቂት ደቂቃዎች በኋላ አውጥቷል።,Warning,4,Warning_08,train
2270,ፖሊሱ፣ እንደምን አደርክ ነገ ከሰዓት በኋላ?,Phatic,7,Phatic_01,train
2271,በጣም ብልህ ነህ ጓደኛዬ፣ በሩን ረሳኸው።,Sarcasm/Irony,5,Sarcasm/Irony_04,train
2272,ካርታው ገና ወደ ትምህርት ቤት በሚቀጥለው ሳምንት አልደረሰኝም።,Complaint,6,Complaint_07,train
2273,ደብዳቤው ገና ወደ ፖሊስ ጣቢያ ነገ አልደረሰኝም።,Complaint,6,Complaint_07,train
2274,ፋብሪካው በሚቀጥለው ወር አዲስ ምርት አስተዋውቋል።,Assertion,1,Assertion_02,val
2275,ስራ አስኪያጁ ስብሰባውን ነገ መርተዋል።,Assertion,1,Assertion_03,val
2276,የገንዘቡ ዋጋውን ከሁለት ቀናት በኋላ ብንቀንስ ደንበኞች ይጨምራሉ።,Suggestion,3,Suggestion_07,train
2277,ይህን ውሉን ከሚኒስትሩ ጋር በጥንቃቄ ያዙ።,Warning,4,Warning_04,val
2278,ነጋዴው ወደ ቤት ከምሽቱ ጀምሮ ሄደዋል።,Assertion,1,Assertion_07,train
2279,እባክዎ ካርታውን ለጠበቃው ነገ ከሰዓት በኋላ ይላኩልኝ።,Request,0,Request_00,train
2280,በዚህ አመት በመንገድ ላይ ትራፊኩ ከባድ ነው ተጠንቀቁ።,Warning,4,Warning_13,train
2281,እንደምን አለህ በገበያ፣ ደንበኛው?,Phatic,7,Phatic_11,val
2282,ወደ ቢሮ ከአንድ ሰዓት በኋላ መሄድ አልችልም።,Refusal,2,Refusal_13,test
2283,ስራ አስኪያጁ፣ ቤተሰብ በትምህርት ቤት እንዴት ናቸው?,Phatic,7,Phatic_05,val
2284,ይቅርታ፣ ስጦታውን በስብሰባው ወቅት ማድረግ አልችልም።,Refusal,2,Refusal_00,train
2285,ጓደኛዬ ወደ መጋዘን በስብሰባው ወቅት ሄደዋል።,Assertion,1,Assertion_07,train
2286,እንኳን ደስ አለህ ጠበቃው፣ ስለ ቤቱ እንደገና ተሳስተሃል።,Sarcasm/Irony,5,Sarcasm/Irony_13,train
2287,እንኳን አደረሳችሁ ሹፌሩ፣ በሱቅ።,Phatic,7,Phatic_14,test
2288,የገንዘቡ ችግር ከጥቂት ደቂቃዎች በኋላ ከጋዜጠኛው ጋር እፈታለሁ።,Promise,8,Promise_11,train
2289,ሚኒስትሩ ወደ ትምህርት ቤት ነገ ሄደዋል።,Assertion,1,Assertion_07,train
2290,እባክህ ይቅርታ አድርግልኝ፣ ወደ ሱቅ ከሶስት ሰዓት በኋላ መምጣት አልችልም።,Refusal,2,Refusal_01,test
2291,መጽሐፉ ገና ወደ ቢሮ ዛሬ ማታ አልደረሰኝም።,Complaint,6,Complaint_07,train
2292,ፋይሉን በጥንቃቄ ለሹፌሩ እይዛለሁ።,Promise,8,Promise_07,train
2293,እንደምን አለህ በቢሮ፣ መምህሩ?,Phatic,7,Phatic_11,val
2294,በሚቀጥለው ሳምንት በሆስፒታል መገኘት አልችልም።,Refusal,2,Refusal_04,val
2295,ይቅርታ፣ ስጦታውን ነገ ከሰዓት በኋላ ማድረግ አልችልም።,Refusal,2,Refusal_00,train
2296,ጓደኛዬ ወደ ቤት ዛሬ ሄደዋል።,Assertion,1,Assertion_07,train
2297,ፕሮጀክቱን በስብሰባው ወቅት ከመሐንዲሱ ጋር ብንጀምር ይሻላል።,Suggestion,3,Suggestion_08,val
2298,ጥያቄው ከአለቃዬ አጠገብ አደገኛ ሊሆን ይችላል።,Warning,4,Warning_01,test
2299,እባክዎ ደብዳቤውን ለመሐንዲሱ ከዛሬ ጀምሮ ይላኩልኝ።,Request,0,Request_00,train
2300,ፋብሪካው ስለ ፋይሉ ማስጠንቀቂያ ዛሬ ማታ አውጥቷል።,Warning,4,Warning_08,train
2301,ማህበሩ ስለ መጽሐፉ ማስጠንቀቂያ በሳምንቱ መጨረሻ አውጥቷል።,Warning,4,Warning_08,train
2302,ከነጋዴው ጋር ከሶስት ሰዓት በኋላ በመጋዘን እገናኛለሁ።,Promise,8,Promise_04,val
2303,እባክዎ ይቅርታ፣ ቁልፉን በዚህ ሳምንት ማቅረብ አልችልም።,Refusal,2,Refusal_09,train
2304,ጤና ይስጥልኝ መምህሩ፣ በሚቀጥለው ወር ደህና ነህ?,Phatic,7,Phatic_12,train
2305,እንዴት ጎበዝ ነህ ጓደኛዬ፣ መኪናውን ሰብረኸዋል!,Sarcasm/Irony,5,Sarcasm/Irony_00,train
2306,የሂሳቡ ችግር ከሁለት ቀናት በኋላ ከሚኒስትሩ ጋር እፈታለሁ።,Promise,8,Promise_11,train
2307,ማንነትዎን ለማያውቁት ፖሊሱ በገበያ አይስጡ።,Warning,4,Warning_14,test
2308,ኤጀንሲው ስለ ትዕዛዙ ማስጠንቀቂያ ዛሬ ማታ አውጥቷል።,Warning,4,Warning_08,train
2309,በዚህ ሳምንት በፖሊስ ጣቢያ ስብሰባ እናድርግ።,Suggestion,3,Suggestion_02,train
2310,እባክዎ ሰነዱን ለደንበኛው በዚህ ወር ይላኩልኝ።,Request,0,Request_00,train
2311,ዕቃው በትምህርት ቤት ይገኛል።,Assertion,1,Assertion_00,test
2312,ስለ ቡናው ከነጋዴው ጋር ማሰብ ይኖርብናል።,Suggestion,3,Suggestion_03,train
2313,መሐንዲሱ፣ እንደምን አደርክ ነገ?,Phatic,7,Phatic_01,train
2314,እንኳን ደስ አለህ ስራ አስኪያጁ ከአንድ ሰዓት በኋላ።,Phatic,7,Phatic_07,train
2315,የጥያቄው ዋጋ ነገ ከሰዓት በኋላ ጨምሯል።,Assertion,1,Assertion_12,val
2316,ደንበኛው ወደ አውሮፕላን ማረፊያ ከጥቂት ደቂቃዎች በኋላ ሄደዋል።,Assertion,1,Assertion_07,train
2317,እንዴት ጥሩ ነው ደንበኛው፣ ነገ ከሰዓት በኋላ ደግሞ ዘገየ።,Sarcasm/Irony,5,Sarcasm/Irony_10,val
2318,አለቃዬ ወደ ባንክ ከሰዓት በኋላ ሄደዋል።,Assertion,1,Assertion_07,train
2319,አዎ በርግጥ፣ የባንኩ እቅድ በበሚቀጥለው አመት በጭራሽ አይከሽፍም።,Sarcasm/Irony,5,Sarcasm/Irony_11,train
2320,ከሚኒስትሩ ጋር በሚቀጥለው ሳምንት በቤት እገናኛለሁ።,Promise,8,Promise_04,val
2321,የፕሮጀክቱ ችግር በሳምንቱ መጨረሻ ከዶክተሩ ጋር እፈታለሁ።,Promise,8,Promise_11,train
2322,ከዶክተሩ ጋር ስለ ቦርሳው ጉዳይ መስማማት አልችልም።,Refusal,2,Refusal_06,train
2323,ይቅርታ፣ ደብዳቤውን ዛሬ ማታ ማድረግ አልችልም።,Refusal,2,Refusal_00,train
2324,ከባልደረባዬ ጋር ነገ ጠዋት በከተማው ውስጥ እገናኛለሁ።,Promise,8,Promise_04,val
2325,መንግስት ስለ ማሽኑ ማስጠንቀቂያ ዛሬ ማታ አውጥቷል።,Warning,4,Warning_08,train
2326,እባክህ ለማሽኑ ይህን ዘዴ በዚህ አመት ተጠቀም።,Suggestion,3,Suggestion_04,train
2327,ደህና ከአንድ ሰዓት በኋላ ይሁንልህ ደንበኛው።,Phatic,7,Phatic_02,train
2328,ጎበዝ ስራ ደንበኛው፣ ደረሰኙ ሙሉ በሙሉ ፈርሷል።,Sarcasm/Irony,5,Sarcasm/Irony_09,train
2329,አስተማሪዋ ለቅሬታዬ ምላሽ ዛሬ ማታ አልሰጡም።,Complaint,6,Complaint_06,val
2330,ሹፌሩ፣ ቤተሰብ በመንገድ ላይ እንዴት ናቸው?,Phatic,7,Phatic_05,val
2331,በጣም ብልህ ነህ መሐንዲሱ፣ ልብሱን ረሳኸው።,Sarcasm/Irony,5,Sarcasm/Irony_04,train
2332,እባክዎ ቡናውን ለስራ አስኪያጁ በዚህ ወር ይላኩልኝ።,Request,0,Request_00,train
2333,ጎበዝ! በጣም ጥሩ ስራ ሰራህ መሐንዲሱ፣ ካርታውን አበላሸኸው።,Sarcasm/Irony,5,Sarcasm/Irony_02,train
2334,የልብሱ ችግር ከአንድ ሰዓት በኋላ ከነጋዴው ጋር እፈታለሁ።,Promise,8,Promise_11,train
2335,ለነጋዴው የገባሁትን ቃል በዚህ ሳምንት አከብራለሁ።,Promise,8,Promise_08,test
2336,ነጋዴው ወደ ሆስፒታል ከምሽቱ ጀምሮ ሄደዋል።,Assertion,1,Assertion_07,train
2337,በጣም ጎበዝ ነው ስቱዲዮው፣ በትምህርት ቤት ደንበኞችን ችላ ይላል።,Sarcasm/Irony,5,Sarcasm/Irony_06,test
2338,ከሁለት ቀናት በኋላ በትምህርት ቤት ከባድ ዝናብ ሊዘንብ ይችላል ተጠንቀቁ።,Warning,4,Warning_03,test
2339,ስለ በሩ ከአለቃዬ ጋር ማሰብ ይኖርብናል።,Suggestion,3,Suggestion_03,train
2340,እባክዎ በዚህ ወር ወደ ገበያ ይድረሱልኝ።,Request,0,Request_07,val
2341,አዎ በርግጥ፣ የማህበሩ እቅድ በበዚህ ወር በጭራሽ አይከሽፍም።,Sarcasm/Irony,5,Sarcasm/Irony_11,train
2342,የደብዳቤው ወጪውን በመጋዘን ብንቀንስ የተሻለ ነው።,Suggestion,3,Suggestion_13,train
2343,እባክዎ ይቅርታ፣ ጥያቄውን ነገ ከሰዓት በኋላ ማቅረብ አልችልም።,Refusal,2,Refusal_09,train
2344,የውሃው ችግር ከምሽቱ ጀምሮ ከመሐንዲሱ ጋር እፈታለሁ።,Promise,8,Promise_11,train
2345,ይቅርታ፣ መኪናውን ከሁለት ቀናት በኋላ ማድረግ አልችልም።,Refusal,2,Refusal_00,train
2346,ማዕከሉ ስለ ውሉ ማስጠንቀቂያ ከምሽቱ ጀምሮ አውጥቷል።,Warning,4,Warning_08,train
2347,ሰላም ጋዜጠኛው፣ ነገ ከሰዓት በኋላ እንዴት ነህ?,Phatic,7,Phatic_00,train
2348,ኤጀንሲው ስለ ደብዳቤው ማስጠንቀቂያ በሚቀጥለው አመት አውጥቷል።,Warning,4,Warning_08,train
2349,እንዴት ደስ ይላል፣ ባልደረባዬ እንደገና በዚህ ወር ዘገዩ።,Sarcasm/Irony,5,Sarcasm/Irony_03,train
2350,የገንዘቡ ችግር ከዛሬ ጀምሮ ከደንበኛው ጋር እፈታለሁ።,Promise,8,Promise_11,train
2351,ቁልፉ ገና ወደ ትምህርት ቤት ዛሬ አልደረሰኝም።,Complaint,6,Complaint_07,train
2352,ወደ መጋዘን ነገ ጠዋት እንሂድ።,Suggestion,3,Suggestion_01,test
2353,ሹፌሩ ወደ ሱቅ ከሶስት ሰዓት በኋላ ሄደዋል።,Assertion,1,Assertion_07,train
2354,አስተማሪዋ ወደ ከተማው ውስጥ በሚቀጥለው ሳምንት ሄደዋል።,Assertion,1,Assertion_07,train
2355,እንኳን አደረሳችሁ አለቃዬ፣ በገበያ።,Phatic,7,Phatic_14,test
2356,እንዴት ጎበዝ ነህ ሚኒስትሩ፣ መስኮቱን ሰብረኸዋል!,Sarcasm/Irony,5,Sarcasm/Irony_00,train
2357,ማህበሩ ስለ ገንዘቡ ማስጠንቀቂያ ከሶስት ሰዓት በኋላ አውጥቷል።,Warning,4,Warning_08,train
2358,ጎበዝ ስራ አለቃዬ፣ ገንዘቡ ሙሉ በሙሉ ፈርሷል።,Sarcasm/Irony,5,Sarcasm/Irony_09,train
2359,የመሳሪያው ችግር ዛሬ ከባልደረባዬ ጋር እፈታለሁ።,Promise,8,Promise_11,train
2360,መልእክቱ ገና ወደ መጋዘን ከምሽቱ ጀምሮ አልደረሰኝም።,Complaint,6,Complaint_07,train
2361,ሂሳቡ ገና ወደ መንገድ ላይ በሚቀጥለው አመት አልደረሰኝም።,Complaint,6,Complaint_07,train
2362,ማህበሩ ከጥቂት ደቂቃዎች በኋላ ትርፍ አግኝቷል።,Assertion,1,Assertion_04,test
2363,ፋይሉ በትክክል ይሰራል።,Assertion,1,Assertion_11,val
2364,እባክዎ ቤቱን ለዶክተሩ በዚህ አመት ይላኩልኝ።,Request,0,Request_00,train
2365,ከምሽቱ ጀምሮ በፖሊስ ጣቢያ ስብሰባ እናድርግ።,Suggestion,3,Suggestion_02,train
2366,ይቅርታ፣ ቁልፉን ከሁለት ቀናት በኋላ ማድረግ አልችልም።,Refusal,2,Refusal_00,train
2367,የቁልፉ ችግር በዚህ ወር ከሹፌሩ ጋር እፈታለሁ።,Promise,8,Promise_11,train
2368,እንዴት ጥሩ ነው ባልደረባዬ፣ በሚቀጥለው ወር ደግሞ ዘገየ።,Sarcasm/Irony,5,Sarcasm/Irony_10,val
2369,እባክዎ ምርቱን በሳምንቱ መጨረሻ ይላኩልኝ።,Request,0,Request_13,val
2370,የልብሱ ዋጋውን ከጥቂት ደቂቃዎች በኋላ ብንቀንስ ደንበኞች ይጨምራሉ።,Suggestion,3,Suggestion_07,train
2371,እባክህ ለኮምፒዩተሩ ይህን ዘዴ ከጥቂት ደቂቃዎች በኋላ ተጠቀም።,Suggestion,3,Suggestion_04,train
2372,ነጋዴው ወደ መንገድ ላይ ከጥቂት ደቂቃዎች በኋላ ሄደዋል።,Assertion,1,Assertion_07,train
2373,እባክዎ ስጦታውን ከዛሬ ጀምሮ ይላኩልኝ።,Request,0,Request_13,val
2374,የሪፖርቱ ዋጋውን በሚቀጥለው ሳምንት ብንቀንስ ደንበኞች ይጨምራሉ።,Suggestion,3,Suggestion_07,train
2375,ከሶስት ሰዓት በኋላ በሱቅ መገኘት አልችልም።,Refusal,2,Refusal_04,val
2376,መሐንዲሱ ወደ ገበያ በሚቀጥለው አመት ሄደዋል።,Assertion,1,Assertion_07,train
2377,ድርጅቱ ስለ ካርታው ማስጠንቀቂያ ከሶስት ሰዓት በኋላ አውጥቷል።,Warning,4,Warning_08,train
2378,እባክዎ ማሽኑን ለመምህሩ በዚህ ሳምንት ይላኩልኝ።,Request,0,Request_00,train
2379,እንኳን አደረሳችሁ መሐንዲሱ፣ በቢሮ።,Phatic,7,Phatic_14,test
2380,ጠበቃው ወደ ቤት ነገ ሄደዋል።,Assertion,1,Assertion_07,train
2381,እባክዎ ሪፖርቱን ለመምህሩ በሳምንቱ መጨረሻ ይላኩልኝ።,Request,0,Request_00,train
2382,የዕቃው ችግር ከአንድ ሰዓት በኋላ ከፖሊሱ ጋር እፈታለሁ።,Promise,8,Promise_11,train
2383,እባክዎ ለመምህሩ ስለ በሩ ይንገሩልኝ።,Request,0,Request_04,val
2384,እንኳን ደስ አለህ ጓደኛዬ፣ ስለ መጽሐፉ እንደገና ተሳስተሃል።,Sarcasm/Irony,5,Sarcasm/Irony_13,train
2385,ዕቃው ጥራት ያለው ነው።,Assertion,1,Assertion_05,test
2386,ደንበኛው ስብሰባውን ነገ መርተዋል።,Assertion,1,Assertion_03,val
2387,በጣም ትክክለኛ ነው መምህሩ፣ በቢሮ ሁልጊዜ እንደዚህ ይሆናል።,Sarcasm/Irony,5,Sarcasm/Irony_08,val
2388,እባክዎ ይቅርታ፣ ጥያቄውን ዛሬ ማቅረብ አልችልም።,Refusal,2,Refusal_09,train
2389,ውድቅ አደርገዋለሁ፣ ሰነዱ ስላልተመቸኝ።,Refusal,2,Refusal_08,val
2390,ደህና ሁን ባልደረባዬ፣ እስከ በሚቀጥለው አመት እንገናኝ።,Phatic,7,Phatic_13,train
2391,ስልኩ ገና ወደ መንገድ ላይ በዚህ ሳምንት አልደረሰኝም።,Complaint,6,Complaint_07,train
2392,የዕቃው ችግር ከሁለት ቀናት በኋላ ከአለቃዬ ጋር እፈታለሁ።,Promise,8,Promise_11,train
2393,አዎ በእርግጥ፣ ስራ አስኪያጁ በሚቀጥለው ወር ትመጣለህ ብዬ አላምንም።,Sarcasm/Irony,5,Sarcasm/Irony_01,test
2394,እባክዎ ይቅርታ፣ ቡናውን ነገ ከሰዓት በኋላ ማቅረብ አልችልም።,Refusal,2,Refusal_09,train
2395,ጤና ይስጥልኝ ባልደረባዬ፣ ከሶስት ሰዓት በኋላ ደህና ነህ?,Phatic,7,Phatic_12,train
2396,ከአስተማሪዋ ጋር ስለ ካርታው ጉዳይ መስማማት አልችልም።,Refusal,2,Refusal_06,train
2397,እንኳን ደስ አለህ ጓደኛዬ፣ ስለ ሪፖርቱ እንደገና ተሳስተሃል።,Sarcasm/Irony,5,Sarcasm/Irony_13,train
2398,የውሃው ችግር ዛሬ ከጠበቃው ጋር እፈታለሁ።,Promise,8,Promise_11,train
2399,እባክዎ ይቅርታ፣ ፋይሉን በሚቀጥለው አመት ማቅረብ አልችልም።,Refusal,2,Refusal_09,train
2400,እንኳን ደስ አለህ ሹፌሩ፣ ስለ ትዕዛዙ እንደገና ተሳስተሃል።,Sarcasm/Irony,5,Sarcasm/Irony_13,train
2401,ፕሮጀክቱን በሚቀጥለው ሳምንት ከነጋዴው ጋር ብንጀምር ይሻላል።,Suggestion,3,Suggestion_08,val
2402,ከጥቂት ደቂቃዎች በኋላ በትምህርት ቤት ከባድ ዝናብ ሊዘንብ ይችላል ተጠንቀቁ።,Warning,4,Warning_03,test
2403,ከባልደረባዬ ጋር ከሁለት ቀናት በኋላ በስብሰባ ክፍል እገናኛለሁ።,Promise,8,Promise_04,val
2404,መሳሪያው ገና ወደ ፋብሪካ በዚህ አመት አልደረሰኝም።,Complaint,6,Complaint_07,train
2405,ስጦታውን በጥንቃቄ ከባልደረባዬ ጋር ብንመረምር ይሻላል።,Suggestion,3,Suggestion_11,val
2406,ነገ የአየር ሁኔታው ጥሩ ነው።,Assertion,1,Assertion_01,val
2407,እንኳን ደስ አለህ ዶክተሩ ከአንድ ሰዓት በኋላ።,Phatic,7,Phatic_07,train
2408,እባክዎ ቁልፉን ለሚኒስትሩ በሚቀጥለው አመት ይላኩልኝ።,Request,0,Request_00,train
2409,አይ፣ ከኤጀንሲው ጋር አልስማማም።,Refusal,2,Refusal_11,val
2410,የገንዘቡ ችግር በዚህ አመት ከመምህሩ ጋር እፈታለሁ።,Promise,8,Promise_11,train
2411,መሐንዲሱ፣ ቤተሰብ በፍርድ ቤት እንዴት ናቸው?,Phatic,7,Phatic_05,val
2412,የስልኩ ችግር ነገ ጠዋት ከመሐንዲሱ ጋር እፈታለሁ።,Promise,8,Promise_11,train
2413,ስለ ካርታው ጉዳይ ከመምህሩ ጋር እንወያይ።,Suggestion,3,Suggestion_10,train
2414,የቤቱ ችግር በስብሰባው ወቅት ከመሐንዲሱ ጋር እፈታለሁ።,Promise,8,Promise_11,train
2415,ቤቱን በጥንቃቄ ከአለቃዬ ጋር ብንመረምር ይሻላል።,Suggestion,3,Suggestion_11,val
2416,ባንኩ ስለ ስልኩ ማስጠንቀቂያ በዚህ ሳምንት አውጥቷል።,Warning,4,Warning_08,train
2417,ይህ ኮምፒዩተሩ ከፋብሪካው ጥራት የለውም።,Complaint,6,Complaint_00,val
2418,ቅሬታዬን ለመምህሩ ከዛሬ ጀምሮ ብናገርም ማንም አልሰማኝም።,Complaint,6,Complaint_14,val
2419,ከአስተማሪዋ ጋር ስለ ልብሱ ጉዳይ መስማማት አልችልም።,Refusal,2,Refusal_06,train
2420,በሳምንቱ መጨረሻ በቢሮ መገኘት አልችልም።,Refusal,2,Refusal_04,val
2421,ነገ ጠዋት በባንክ ስብሰባ እናድርግ።,Suggestion,3,Suggestion_02,train
2422,ኤጀንሲው ስለ ውሃው ማስጠንቀቂያ በዚህ ወር አውጥቷል።,Warning,4,Warning_08,train
2423,አለቃዬ ወደ መጋዘን ከምሽቱ ጀምሮ ሄደዋል።,Assertion,1,Assertion_07,train
2424,ጎበዝ! በጣም ጥሩ ስራ ሰራህ መሐንዲሱ፣ መሳሪያውን አበላሸኸው።,Sarcasm/Irony,5,Sarcasm/Irony_02,train
2425,ሹፌሩ፣ ጤና ይስጥልኝ በባንክ።,Phatic,7,Phatic_03,train
2426,ቁልፉን ከሁለት ቀናት በኋላ ብንሞክር ጥሩ ይሆናል።,Suggestion,3,Suggestion_00,train
2427,እባክዎ ውሃውን ለፖሊሱ ከጥቂት ደቂቃዎች በኋላ ይላኩልኝ።,Request,0,Request_00,train
2428,እባክዎ ፋይሉን ለአስተማሪዋ ነገ ይላኩልኝ።,Request,0,Request_00,train
2429,ቢያንስ አንዴ ጥያቄውን በሆስፒታል እንሞክር።,Suggestion,3,Suggestion_05,train
2430,እባክዎ ደብዳቤውን ለፖሊሱ በሚቀጥለው ሳምንት ይላኩልኝ።,Request,0,Request_00,train
2431,አለቃዬ፣ ጤና ይስጥልኝ በሱቅ።,Phatic,7,Phatic_03,train
2432,ወደ ትምህርት ቤት ከሶስት ሰዓት በኋላ መሄድ አልችልም።,Refusal,2,Refusal_13,test
2433,እባክዎ መሳሪያውን ለመምህሩ ከሶስት ሰዓት በኋላ ይላኩልኝ።,Request,0,Request_00,train
2434,ደብዳቤውን በዚህ ወር ብንሞክር ጥሩ ይሆናል።,Suggestion,3,Suggestion_00,train
2435,አዎ በርግጥ፣ የማዕከሉ እቅድ በነገ ጠዋት በጭራሽ አይከሽፍም።,Sarcasm/Irony,5,Sarcasm/Irony_11,train
2436,ባንኩ ስለ ውሃው ማስጠንቀቂያ ዛሬ አውጥቷል።,Warning,4,Warning_08,train
2437,በሚቀጥለው ሳምንት በአውሮፕላን ማረፊያ ስብሰባ እናድርግ።,Suggestion,3,Suggestion_02,train
2438,ስቱዲዮው ስለ ትዕዛዙ ማስጠንቀቂያ ከዛሬ ጀምሮ አውጥቷል።,Warning,4,Warning_08,train
2439,የሰነዱ ችግር ነገ ጠዋት ከፖሊሱ ጋር እፈታለሁ።,Promise,8,Promise_11,train
2440,በጣም ውጤታማ ነው ስቱዲዮው፣ በበሚቀጥለው ወር ምንም አልተሰራም።,Sarcasm/Irony,5,Sarcasm/Irony_14,val
2441,እባክህ ለስልኩ ይህን ዘዴ በሚቀጥለው አመት ተጠቀም።,Suggestion,3,Suggestion_04,train
2442,እባክዎ ትዕዛዙን ለመሐንዲሱ ከሰዓት በኋላ ይላኩልኝ።,Request,0,Request_00,train
2443,እባክዎ መሳሪያውን ለባልደረባዬ ከሁለት ቀናት በኋላ ይላኩልኝ።,Request,0,Request_00,train
2444,እባክዎ ካርታውን ነገ ይላኩልኝ።,Request,0,Request_13,val
2445,ይህን ዕቃውን ከጠበቃው መቀበል አልችልም።,Refusal,2,Refusal_03,train
2446,አስተማሪዋ ወደ መጋዘን ከምሽቱ ጀምሮ ሄደዋል።,Assertion,1,Assertion_07,train
2447,መሐንዲሱ ወደ ቢሮ ከአንድ ሰዓት በኋላ ሄደዋል።,Assertion,1,Assertion_07,train
2448,እባክዎ መጽሐፉን ለሚኒስትሩ ከሁለት ቀናት በኋላ ይላኩልኝ።,Request,0,Request_00,train
2449,እባክዎ ይቅርታ፣ ስልኩን ዛሬ ማታ ማቅረብ አልችልም።,Refusal,2,Refusal_09,train
2450,ከመምህሩ ጋር ነገ ጠዋት በቢሮ እገናኛለሁ።,Promise,8,Promise_04,val
2451,ጎበዝ! በጣም ጥሩ ስራ ሰራህ ነጋዴው፣ ደረሰኙን አበላሸኸው።,Sarcasm/Irony,5,Sarcasm/Irony_02,train
2452,እንኳን ደስ አለህ ፖሊሱ፣ ስለ ካርታው እንደገና ተሳስተሃል።,Sarcasm/Irony,5,Sarcasm/Irony_13,train
2453,ደህና ነገ ጠዋት ይሁንልህ ጋዜጠኛው።,Phatic,7,Phatic_02,train
2454,እባክዎ ይቅርታ፣ መጽሐፉን ከሰዓት በኋላ ማቅረብ አልችልም።,Refusal,2,Refusal_09,train
2455,የኮምፒዩተሩ ችግር ዛሬ ከሚኒስትሩ ጋር እፈታለሁ።,Promise,8,Promise_11,train
2456,ይህን ፋይሉን ከጠበቃው ጋር በጥንቃቄ ያዙ።,Warning,4,Warning_04,val
2457,የዕቃው ችግር በዚህ ወር ከሚኒስትሩ ጋር እፈታለሁ።,Promise,8,Promise_11,train
2458,ጎበዝ ስራ ባልደረባዬ፣ ካርታው ሙሉ በሙሉ ፈርሷል።,Sarcasm/Irony,5,Sarcasm/Irony_09,train
2459,እንኳን ደስ አለህ መምህሩ፣ ስለ ትዕዛዙ እንደገና ተሳስተሃል።,Sarcasm/Irony,5,Sarcasm/Irony_13,train
2460,ማሽኑን ከሶስት ሰዓት በኋላ ብንሞክር ጥሩ ይሆናል።,Suggestion,3,Suggestion_00,train
2461,እንኳን ወደ ፖሊስ ጣቢያ ደህና መጣህ ሹፌሩ።,Phatic,7,Phatic_04,test
2462,ጠበቃው፣ ቤተሰብ በመንገድ ላይ እንዴት ናቸው?,Phatic,7,Phatic_05,val
2463,ነገ ከሰዓት በኋላ በሆስፒታል ስብሰባ እናድርግ።,Suggestion,3,Suggestion_02,train
2464,ይህ ቁልፉ ከስቱዲዮው ከተገለጸው ጋር አይመሳሰልም።,Complaint,6,Complaint_12,test
2465,ማህበሩ ስለ ደብዳቤው ማስጠንቀቂያ ዛሬ ማታ አውጥቷል።,Warning,4,Warning_08,train
2466,የሰነዱ ችግር ከዛሬ ጀምሮ ከአለቃዬ ጋር እፈታለሁ።,Promise,8,Promise_11,train
2467,ማሽኑ ገና ወደ መንገድ ላይ በሚቀጥለው ሳምንት አልደረሰኝም።,Complaint,6,Complaint_07,train
2468,ከአስተማሪዋ ጋር ዛሬ ማታ በአውሮፕላን ማረፊያ እገናኛለሁ።,Promise,8,Promise_04,val
2469,ደብዳቤው ገና ወደ ቤት ዛሬ ማታ አልደረሰኝም።,Complaint,6,Complaint_07,train
2470,ጋዜጠኛው ወደ ፖሊስ ጣቢያ በስብሰባው ወቅት ሄደዋል።,Assertion,1,Assertion_07,train
2471,እባክዎ ዕቃውን በሚቀጥለው ወር ይላኩልኝ።,Request,0,Request_13,val
2472,ከአንድ ሰዓት በኋላ ወደ ቢሮ እመጣለሁ።,Promise,8,Promise_00,train
2473,እንዴት ጥሩ ነው ነጋዴው፣ ከሁለት ቀናት በኋላ ደግሞ ዘገየ።,Sarcasm/Irony,5,Sarcasm/Irony_10,val
2474,እባክዎ ወደ ቤት በስብሰባው ወቅት ይምጡልኝ።,Request,0,Request_03,test
2475,ጠበቃው ወደ መንገድ ላይ ከምሽቱ ጀምሮ ሄደዋል።,Assertion,1,Assertion_07,train
2476,ቢያንስ አንዴ ዕቃውን በቢሮ እንሞክር።,Suggestion,3,Suggestion_05,train
2477,ጤና ይስጥልኝ ደንበኛው፣ ከሶስት ሰዓት በኋላ ደህና ነህ?,Phatic,7,Phatic_12,train
2478,እባክዎ ከዛሬ ጀምሮ ወደ ፍርድ ቤት ይድረሱልኝ።,Request,0,Request_07,val
2479,ከዛሬ ጀምሮ በፖሊስ ጣቢያ ስብሰባ እናድርግ።,Suggestion,3,Suggestion_02,train
2480,እባክህ ይቅርታ አድርግልኝ፣ ወደ ትምህርት ቤት ነገ ከሰዓት በኋላ መምጣት አልችልም።,Refusal,2,Refusal_01,test
2481,ደህና ከሶስት ሰዓት በኋላ ይሁንልህ ዶክተሩ።,Phatic,7,Phatic_02,train
2482,ስጦታውን በጥንቃቄ ከጓደኛዬ ጋር ብንመረምር ይሻላል።,Suggestion,3,Suggestion_11,val
2483,ውሃው ገና ወደ ገበያ ከምሽቱ ጀምሮ አልደረሰኝም።,Complaint,6,Complaint_07,train
2484,ደህና ሁን ጋዜጠኛው፣ እስከ ከሁለት ቀናት በኋላ እንገናኝ።,Phatic,7,Phatic_13,train
2485,ከሶስት ሰዓት በኋላ በመንገድ ላይ ስብሰባ እናድርግ።,Suggestion,3,Suggestion_02,train
2486,ይህን ልብሱን ከሚኒስትሩ ጋር በጥንቃቄ ያዙ።,Warning,4,Warning_04,val
2487,ፋይሉ ገና ወደ መጋዘን ከአንድ ሰዓት በኋላ አልደረሰኝም።,Complaint,6,Complaint_07,train
2488,የምርቱ ችግር በሚቀጥለው ወር ከመምህሩ ጋር እፈታለሁ።,Promise,8,Promise_11,train
2489,ሰላም ሹፌሩ፣ ከሁለት ቀናት በኋላ እንዴት ነህ?,Phatic,7,Phatic_00,train
2490,እባክዎ ለስራ አስኪያጁ ልብሱን ያድርሱ።,Request,0,Request_14,test
2491,ወደ ሆስፒታል ነገ እንሂድ።,Suggestion,3,Suggestion_01,test
2492,ሰላም፣ በዚህ ሳምንት ደህና አደርክ?,Phatic,7,Phatic_10,test
2493,እባክዎ ሂሳቡን ለስራ አስኪያጁ በዚህ ወር ይላኩልኝ።,Request,0,Request_00,train
2494,ወደ ስብሰባ ክፍል በሚቀጥለው አመት እንሂድ።,Suggestion,3,Suggestion_01,test
2495,የውሉ ዋጋውን ዛሬ ብንቀንስ ደንበኞች ይጨምራሉ።,Suggestion,3,Suggestion_07,train
2496,ሂሳቡ ገና ወደ ከተማው ውስጥ ከሰዓት በኋላ አልደረሰኝም።,Complaint,6,Complaint_07,train
2497,እንዴት ጥሩ ነው መምህሩ፣ ዛሬ ደግሞ ዘገየ።,Sarcasm/Irony,5,Sarcasm/Irony_10,val
2498,እቅዱን ከጥቂት ደቂቃዎች በኋላ ከስቱዲዮው ጋር እናሻሽል።,Suggestion,3,Suggestion_12,train
2499,ያልተፈቀደ ግቢ ወደ ሱቅ ከአንድ ሰዓት በኋላ አይግቡ።,Warning,4,Warning_09,test
2500,እንኳን ወደ አውሮፕላን ማረፊያ ደህና መጣህ ጠበቃው።,Phatic,7,Phatic_04,test
2501,የፋይሉ ደረሰኝ ከማህበሩ የተበላሸ ነው።,Complaint,6,Complaint_08,val
2502,እንኳን ደስ አለህ ጠበቃው፣ ስለ ውሃው እንደገና ተሳስተሃል።,Sarcasm/Irony,5,Sarcasm/Irony_13,train
2503,ከደንበኛው ጋር ስለ ትዕዛዙ ጉዳይ መስማማት አልችልም።,Refusal,2,Refusal_06,train
2504,ባንኩ ስለ ቤቱ ማስጠንቀቂያ ከሶስት ሰዓት በኋላ አውጥቷል።,Warning,4,Warning_08,train
2505,ከሹፌሩ ጋር ከሰዓት በኋላ በቢሮ እገናኛለሁ።,Promise,8,Promise_04,val
2506,ሰላም ሚኒስትሩ፣ በሚቀጥለው አመት እንዴት ነህ?,Phatic,7,Phatic_00,train
2507,እንዴት ጎበዝ ነህ ጋዜጠኛው፣ ፋይሉን ሰብረኸዋል!,Sarcasm/Irony,5,Sarcasm/Irony_00,train
2508,ቢያንስ አንዴ ካርታውን በመጋዘን እንሞክር።,Suggestion,3,Suggestion_05,train
2509,ከባልደረባዬ ጋር ነገ በፍርድ ቤት እገናኛለሁ።,Promise,8,Promise_04,val
2510,እባክህ ለቁልፉ ይህን ዘዴ ከምሽቱ ጀምሮ ተጠቀም።,Suggestion,3,Suggestion_04,train
2511,ገንዘቡን ለሹፌሩ ከሁለት ቀናት በኋላ እከፍላለሁ።,Promise,8,Promise_02,test
2512,ይህን ውሃውን ከፖሊሱ መቀበል አልችልም።,Refusal,2,Refusal_03,train
2513,የጥያቄው ችግር በሚቀጥለው ሳምንት ከደንበኛው ጋር እፈታለሁ።,Promise,8,Promise_11,train
2514,በጣም ውጤታማ ነው ኤጀንሲው፣ በበሳምንቱ መጨረሻ ምንም አልተሰራም።,Sarcasm/Irony,5,Sarcasm/Irony_14,val
2515,እንዴት ደስ ይላል፣ አለቃዬ እንደገና በስብሰባው ወቅት ዘገዩ።,Sarcasm/Irony,5,Sarcasm/Irony_03,train
2516,ደህና ሁን ጠበቃው፣ እስከ በሚቀጥለው ሳምንት እንገናኝ።,Phatic,7,Phatic_13,train
2517,ፋብሪካው ስለ ውሃው ማስጠንቀቂያ በዚህ አመት አውጥቷል።,Warning,4,Warning_08,train
2518,እባክህ ለቤቱ ይህን ዘዴ ከሁለት ቀናት በኋላ ተጠቀም።,Suggestion,3,Suggestion_04,train
2519,ትዕዛዙ ገና ወደ ትምህርት ቤት በሚቀጥለው ወር አልደረሰኝም።,Complaint,6,Complaint_07,train
2520,ቁልፉ ገና ወደ ባንክ ከጥቂት ደቂቃዎች በኋላ አልደረሰኝም።,Complaint,6,Complaint_07,train
2521,እባክህ ይቅርታ አድርግልኝ፣ ወደ አውሮፕላን ማረፊያ ከሁለት ቀናት በኋላ መምጣት አልችልም።,Refusal,2,Refusal_01,test
2522,የውሉ ችግር ከጥቂት ደቂቃዎች በኋላ ከጓደኛዬ ጋር እፈታለሁ።,Promise,8,Promise_11,train
2523,ምርቱን በጥንቃቄ ከመሐንዲሱ ጋር ብንመረምር ይሻላል።,Suggestion,3,Suggestion_11,val
2524,የካርታው ችግር በሚቀጥለው ሳምንት ከሹፌሩ ጋር እፈታለሁ።,Promise,8,Promise_11,train
2525,የፕሮጀክቱ ችግር ከሰዓት በኋላ ከጋዜጠኛው ጋር እፈታለሁ።,Promise,8,Promise_11,train
2526,ስቱዲዮው ስለ ደረሰኙ ማስጠንቀቂያ በሚቀጥለው ሳምንት አውጥቷል።,Warning,4,Warning_08,train
2527,ደንበኛው ወደ ሆስፒታል በሚቀጥለው ሳምንት ሄደዋል።,Assertion,1,Assertion_07,train
2528,ጓደኛዬ ወደ ትምህርት ቤት በሚቀጥለው ሳምንት ሄደዋል።,Assertion,1,Assertion_07,train
2529,ደንበኛው፣ ቤተሰብ በቢሮ እንዴት ናቸው?,Phatic,7,Phatic_05,val
2530,እባክዎ ነገ ከሰዓት በኋላ ወደ ባንክ ይድረሱልኝ።,Request,0,Request_07,val
2531,አለቃዬ ወደ ሱቅ ዛሬ ማታ ሄደዋል።,Assertion,1,Assertion_07,train
2532,ተጠንቀቅ፣ ከጥቂት ደቂቃዎች በኋላ ሱቅ ውስጥ አደጋ አለ።,Warning,4,Warning_00,val
2533,የፕሮጀክቱ ችግር ከዛሬ ጀምሮ ከጠበቃው ጋር እፈታለሁ።,Promise,8,Promise_11,train
2534,እንዴት ጥሩ ነው መምህሩ፣ በሳምንቱ መጨረሻ ደግሞ ዘገየ።,Sarcasm/Irony,5,Sarcasm/Irony_10,val
2535,እባክዎ በሩን ለፖሊሱ ከሁለት ቀናት በኋላ ይላኩልኝ።,Request,0,Request_00,train
2536,እባክዎ ማሽኑን ለመምህሩ ከአንድ ሰዓት በኋላ ይላኩልኝ።,Request,0,Request_00,train
2537,በኩባንያው አዲስ ስልት ዛሬ ማታ እንተግብር።,Suggestion,3,Suggestion_14,test
2538,አዎ በእርግጥ፣ ፖሊሱ ከምሽቱ ጀምሮ ትመጣለህ ብዬ አላምንም።,Sarcasm/Irony,5,Sarcasm/Irony_01,test
2539,እንኳን ደስ አለህ ዶክተሩ በሳምንቱ መጨረሻ።,Phatic,7,Phatic_07,train
2540,ውሃውን በጥንቃቄ ከአለቃዬ ጋር ብንመረምር ይሻላል።,Suggestion,3,Suggestion_11,val
2541,ደህና ሁን ዶክተሩ፣ እስከ በዚህ ወር እንገናኝ።,Phatic,7,Phatic_13,train
2542,ጠበቃው፣ ስራ በመንገድ ላይ እንዴት ነው?,Phatic,7,Phatic_09,val
2543,ሚኒስትሩ ወደ ፍርድ ቤት በሚቀጥለው ወር ሄደዋል።,Assertion,1,Assertion_07,train
2544,ነገ ከሰዓት በኋላ በፖሊስ ጣቢያ መገኘት አልችልም።,Refusal,2,Refusal_04,val
2545,እባክዎ ሰነዱን ወደ ቤት ይላኩ።,Request,0,Request_06,test
2546,መምህሩ፣ እንደምን አደርክ በዚህ ወር?,Phatic,7,Phatic_01,train
2547,እባክዎ ኮምፒዩተሩን ለሹፌሩ ዛሬ ይላኩልኝ።,Request,0,Request_00,train
2548,የዕቃው ዋጋውን በዚህ ወር ብንቀንስ ደንበኞች ይጨምራሉ።,Suggestion,3,Suggestion_07,train
2549,የማሽኑ ወጪውን በፋብሪካ ብንቀንስ የተሻለ ነው።,Suggestion,3,Suggestion_13,train
2550,አመሰግናለሁ ጓደኛዬ፣ ደህና ዋል በስብሰባ ክፍል።,Phatic,7,Phatic_08,train
2551,የመኪናው ገመድ በቤት አደገኛ ነው ተጠንቀቁ።,Warning,4,Warning_07,train
2552,ደህና ሁን ጋዜጠኛው፣ እስከ ዛሬ ማታ እንገናኝ።,Phatic,7,Phatic_13,train
2553,ጎበዝ ስራ ነጋዴው፣ ምርቱ ሙሉ በሙሉ ፈርሷል።,Sarcasm/Irony,5,Sarcasm/Irony_09,train
2554,አዎ በርግጥ፣ የስቱዲዮው እቅድ በከምሽቱ ጀምሮ በጭራሽ አይከሽፍም።,Sarcasm/Irony,5,Sarcasm/Irony_11,train
2555,እባክዎ ሪፖርቱን ለአለቃዬ ነገ ጠዋት ይላኩልኝ።,Request,0,Request_00,train
2556,እሰይ፣ ሌላ ችግር በፖሊስ ጣቢያ ነገ ከሰዓት በኋላ፣ ልክ የሚያስፈልገን ይሄው ነበር።,Sarcasm/Irony,5,Sarcasm/Irony_07,train
2557,ይቅርታ፣ መልእክቱን በሚቀጥለው አመት ማድረግ አልችልም።,Refusal,2,Refusal_00,train
2558,እንኳን አደረሳችሁ አለቃዬ፣ በከተማው ውስጥ።,Phatic,7,Phatic_14,test
2559,ወደ ቢሮ ከአንድ ሰዓት በኋላ እንሂድ።,Suggestion,3,Suggestion_01,test
2560,አለቃዬ ወደ ፋብሪካ ከሁለት ቀናት በኋላ ሄደዋል።,Assertion,1,Assertion_07,train
2561,ድርጅቱ ስለ ትዕዛዙ ማስጠንቀቂያ በሳምንቱ መጨረሻ አውጥቷል።,Warning,4,Warning_08,train
2562,ከዛሬ ጀምሮ በቤት መገኘት አልችልም።,Refusal,2,Refusal_04,val
2563,እንዴት ጎበዝ ነህ ዶክተሩ፣ ውሉን ሰብረኸዋል!,Sarcasm/Irony,5,Sarcasm/Irony_00,train
2564,ይቅርታ፣ ደረሰኙን ከሁለት ቀናት በኋላ ማድረግ አልችልም።,Refusal,2,Refusal_00,train
2565,ማህበሩ ስለ መኪናው ማስጠንቀቂያ ከምሽቱ ጀምሮ አውጥቷል።,Warning,4,Warning_08,train
2566,እቅዱን ከምሽቱ ጀምሮ ከባንኩ ጋር እናሻሽል።,Suggestion,3,Suggestion_12,train
2567,እባክዎ ጥያቄውን ለጠበቃው ከሶስት ሰዓት በኋላ ይላኩልኝ።,Request,0,Request_00,train
2568,ቁልፉ ገና ወደ ቤት በሳምንቱ መጨረሻ አልደረሰኝም።,Complaint,6,Complaint_07,train
2569,የምርቱ ገመድ በመጋዘን አደገኛ ነው ተጠንቀቁ።,Warning,4,Warning_07,train
2570,እባክዎ ልብሱን በሳምንቱ መጨረሻ ይላኩልኝ።,Request,0,Request_13,val
2571,ደብዳቤውን በጥንቃቄ ከጓደኛዬ ጋር ብንመረምር ይሻላል።,Suggestion,3,Suggestion_11,val
2572,የሪፖርቱ ችግር ከጥቂት ደቂቃዎች በኋላ ከመሐንዲሱ ጋር እፈታለሁ።,Promise,8,Promise_11,train
2573,መስኮቱ በገበያ ይገኛል።,Assertion,1,Assertion_00,test
2574,በጣም ብልህ ነህ መምህሩ፣ መሳሪያውን ረሳኸው።,Sarcasm/Irony,5,Sarcasm/Irony_04,train
2575,ጎበዝ! በጣም ጥሩ ስራ ሰራህ ስራ አስኪያጁ፣ ሂሳቡን አበላሸኸው።,Sarcasm/Irony,5,Sarcasm/Irony_02,train
2576,ፕሮጀክቱ ገና ወደ ባንክ በዚህ አመት አልደረሰኝም።,Complaint,6,Complaint_07,train
2577,ደንበኛው፣ ጤና ይስጥልኝ በፍርድ ቤት።,Phatic,7,Phatic_03,train
2578,ጠበቃው፣ ቤተሰብ በቤት እንዴት ናቸው?,Phatic,7,Phatic_05,val
2579,እባክዎ ዕቃውን ለአለቃዬ ነገ ከሰዓት በኋላ ይላኩልኝ።,Request,0,Request_00,train
2580,ቡናው ገና ወደ ከተማው ውስጥ ከሁለት ቀናት በኋላ አልደረሰኝም።,Complaint,6,Complaint_07,train
2581,እባክዎ ፕሮጀክቱን ለአለቃዬ ዛሬ ማታ ይላኩልኝ።,Request,0,Request_00,train
2582,ይህን ቁልፉን ከደንበኛው መቀበል አልችልም።,Refusal,2,Refusal_03,train
2583,በስብሰባ ክፍል ትንሽ እረፍት በሳምንቱ መጨረሻ ብንወስድ ጥሩ ነው።,Suggestion,3,Suggestion_09,test
2584,ድርጅቱ ስለ ሪፖርቱ ማስጠንቀቂያ በዚህ አመት አውጥቷል።,Warning,4,Warning_08,train
2585,ዶክተሩ ወደ አውሮፕላን ማረፊያ ከዛሬ ጀምሮ ሄደዋል።,Assertion,1,Assertion_07,train
2586,ኤጀንሲው ስለ ቤቱ ማስጠንቀቂያ በዚህ ወር አውጥቷል።,Warning,4,Warning_08,train
2587,እባክዎ ሂሳቡን ለመምህሩ ከጥቂት ደቂቃዎች በኋላ ይላኩልኝ።,Request,0,Request_00,train
2588,ፋብሪካ ከሶስት ሰዓት በኋላ ተከፍቷል።,Assertion,1,Assertion_14,train
2589,እባክዎ መልእክቱን ለባልደረባዬ ዛሬ ይላኩልኝ።,Request,0,Request_00,train
2590,ኮምፒዩተሩን በጥንቃቄ ለመሐንዲሱ እይዛለሁ።,Promise,8,Promise_07,train
2591,ካርታውን ነገ ከሰዓት በኋላ ብንሞክር ጥሩ ይሆናል።,Suggestion,3,Suggestion_00,train
2592,ዶክተሩ ለቅሬታዬ ምላሽ በሚቀጥለው ሳምንት አልሰጡም።,Complaint,6,Complaint_06,val
2593,መሐንዲሱ ወደ ፖሊስ ጣቢያ ከሁለት ቀናት በኋላ ሄደዋል።,Assertion,1,Assertion_07,train
2594,ባልደረባዬ ወደ ቢሮ ነገ ሄደዋል።,Assertion,1,Assertion_07,train
2595,ነጋዴው ወደ መጋዘን ከሁለት ቀናት በኋላ ሄደዋል።,Assertion,1,Assertion_07,train
2596,እንዴት ደስ ይላል፣ መሐንዲሱ እንደገና ዛሬ ማታ ዘገዩ።,Sarcasm/Irony,5,Sarcasm/Irony_03,train
2597,ደህና እደር ጠበቃው፣ ዛሬ ማታ እንገናኝ።,Phatic,7,Phatic_06,train
2598,ሂሳቡን ከጥቂት ደቂቃዎች በኋላ ብንሞክር ጥሩ ይሆናል።,Suggestion,3,Suggestion_00,train
2599,እንዴት ጎበዝ ነህ ፖሊሱ፣ መጽሐፉን ሰብረኸዋል!,Sarcasm/Irony,5,Sarcasm/Irony_00,train
2600,ጓደኛዬ ወደ አውሮፕላን ማረፊያ ከዛሬ ጀምሮ ሄደዋል።,Assertion,1,Assertion_07,train
2601,የመኪናው ችግር ነገ ከጠበቃው ጋር እፈታለሁ።,Promise,8,Promise_11,train
2602,ፋይሉ ገና ወደ መንገድ ላይ ከሶስት ሰዓት በኋላ አልደረሰኝም።,Complaint,6,Complaint_07,train
2603,ጥንቃቄ ያድርጉ፣ በዚህ ወር ሱቅ ይንሸራተታል።,Warning,4,Warning_02,train
2604,ትዕዛዙን ከአንድ ሰዓት በኋላ ብንሞክር ጥሩ ይሆናል።,Suggestion,3,Suggestion_00,train
2605,የደብዳቤው ችግር ከሰዓት በኋላ ከሚኒስትሩ ጋር እፈታለሁ።,Promise,8,Promise_11,train
2606,መልእክቱ ገና ወደ ቤት ከሁለት ቀናት በኋላ አልደረሰኝም።,Complaint,6,Complaint_07,train
2607,ኤጀንሲው ስለ ቁልፉ ማስጠንቀቂያ በዚህ አመት አውጥቷል።,Warning,4,Warning_08,train
2608,እባክዎ መስኮቱን ለዶክተሩ በሚቀጥለው ወር ይላኩልኝ።,Request,0,Request_00,train
2609,በጣም ውጤታማ ነው ባንኩ፣ በከአንድ ሰዓት በኋላ ምንም አልተሰራም።,Sarcasm/Irony,5,Sarcasm/Irony_14,val
2610,ፍርድ ቤት በስብሰባው ወቅት ተከፍቷል።,Assertion,1,Assertion_14,train
2611,መምህሩ ወደ መጋዘን ከዛሬ ጀምሮ ሄደዋል።,Assertion,1,Assertion_07,train
2612,እባክዎ ይቅርታ፣ ጥያቄውን ከጥቂት ደቂቃዎች በኋላ ማቅረብ አልችልም።,Refusal,2,Refusal_09,train
2613,በጣም ደግ ነህ መምህሩ፣ በስብሰባ ክፍል ምንም እርዳታ አልሰጠኸኝም።,Sarcasm/Irony,5,Sarcasm/Irony_12,train
2614,ደህና ሁን ፖሊሱ፣ እስከ በስብሰባው ወቅት እንገናኝ።,Phatic,7,Phatic_13,train
2615,የፋይሉ ዋጋ በሚቀጥለው አመት ጨምሯል።,Assertion,1,Assertion_12,val
2616,እንኳን ወደ ስብሰባ ክፍል ደህና መጣህ ሹፌሩ።,Phatic,7,Phatic_04,test
2617,ጋዜጠኛው ለቅሬታዬ ምላሽ ነገ ከሰዓት በኋላ አልሰጡም።,Complaint,6,Complaint_06,val
2618,እንኳን ወደ ቢሮ ደህና መጣህ ደንበኛው።,Phatic,7,Phatic_04,test
2619,እባክዎ በሩን ለፖሊሱ በሚቀጥለው ወር ይላኩልኝ።,Request,0,Request_00,train
2620,እባክዎ መስኮቱን በዚህ ሳምንት ይላኩልኝ።,Request,0,Request_13,val
2621,ባንኩ ስለ መሳሪያው ማስጠንቀቂያ ከምሽቱ ጀምሮ አውጥቷል።,Warning,4,Warning_08,train
2622,እባክዎ ሰነዱን ለጓደኛዬ ከአንድ ሰዓት በኋላ ይላኩልኝ።,Request,0,Request_00,train
2623,የሪፖርቱ ችግር ከሰዓት በኋላ ከጋዜጠኛው ጋር እፈታለሁ።,Promise,8,Promise_11,train
2624,ይቅርታ፣ ቦርሳውን ነገ ከሰዓት በኋላ ማድረግ አልችልም።,Refusal,2,Refusal_00,train
2625,ከጋዜጠኛው ጋር ነገ ከሰዓት በኋላ መነጋገር ይሻላል።,Suggestion,3,Suggestion_06,val
2626,አዎ በርግጥ፣ የድርጅቱ እቅድ በበሚቀጥለው ሳምንት በጭራሽ አይከሽፍም።,Sarcasm/Irony,5,Sarcasm/Irony_11,train
2627,ደህና እደር ዶክተሩ፣ ከዛሬ ጀምሮ እንገናኝ።,Phatic,7,Phatic_06,train
2628,የዕቃው ወጪውን በቢሮ ብንቀንስ የተሻለ ነው።,Suggestion,3,Suggestion_13,train
2629,እባክዎ ነገ ወደ ፋብሪካ ይድረሱልኝ።,Request,0,Request_07,val
2630,እባክዎ ቦርሳውን ለባልደረባዬ በዚህ ወር ይላኩልኝ።,Request,0,Request_00,train
2631,ጎበዝ! በጣም ጥሩ ስራ ሰራህ ጓደኛዬ፣ ገንዘቡን አበላሸኸው።,Sarcasm/Irony,5,Sarcasm/Irony_02,train
2632,እባክዎ ይቅርታ፣ ሰነዱን በስብሰባው ወቅት ማቅረብ አልችልም።,Refusal,2,Refusal_09,train
2633,ውሉ ገና ወደ ፖሊስ ጣቢያ በሚቀጥለው ሳምንት አልደረሰኝም።,Complaint,6,Complaint_07,train
2634,እባክዎ ሰነዱን ለፖሊሱ ነገ ከሰዓት በኋላ ይላኩልኝ።,Request,0,Request_00,train
2635,ይቅርታ፣ ሰነዱን ከምሽቱ ጀምሮ ማድረግ አልችልም።,Refusal,2,Refusal_00,train
2636,እባክዎ ዕቃውን ለሚኒስትሩ ከአንድ ሰዓት በኋላ ይላኩልኝ።,Request,0,Request_00,train
2637,እባክዎ ስጦታውን በዚህ ሳምንት ይላኩልኝ።,Request,0,Request_13,val
2638,ማህበሩ ስለ ስጦታው ማስጠንቀቂያ ከዛሬ ጀምሮ አውጥቷል።,Warning,4,Warning_08,train
2639,በሩ ገና ወደ ሆስፒታል ዛሬ ማታ አልደረሰኝም።,Complaint,6,Complaint_07,train
2640,እባክዎ ዕቃውን ለዶክተሩ በዚህ አመት ይላኩልኝ።,Request,0,Request_00,train
2641,መሐንዲሱ ወደ አውሮፕላን ማረፊያ ዛሬ ሄደዋል።,Assertion,1,Assertion_07,train
2642,አለቃዬ ወደ ቢሮ ከዛሬ ጀምሮ ሄደዋል።,Assertion,1,Assertion_07,train
2643,ጎበዝ! በጣም ጥሩ ስራ ሰራህ ባልደረባዬ፣ ፕሮጀክቱን አበላሸኸው።,Sarcasm/Irony,5,Sarcasm/Irony_02,train
2644,እንዴት ጎበዝ ነህ ባልደረባዬ፣ መልእክቱን ሰብረኸዋል!,Sarcasm/Irony,5,Sarcasm/Irony_00,train
2645,እባክዎ መስኮቱን ለአለቃዬ ከጥቂት ደቂቃዎች በኋላ ይላኩልኝ።,Request,0,Request_00,train
2646,ይህ መስኮቱ ከሚኒስቴሩ ጥራት የለውም።,Complaint,6,Complaint_00,val
2647,ደህና እደር ደንበኛው፣ ነገ ከሰዓት በኋላ እንገናኝ።,Phatic,7,Phatic_06,train
2648,እባክዎ ይቅርታ፣ ቁልፉን ነገ ከሰዓት በኋላ ማቅረብ አልችልም።,Refusal,2,Refusal_09,train
2649,እባክዎ ማሽኑን ለባልደረባዬ ከሁለት ቀናት በኋላ ይላኩልኝ።,Request,0,Request_00,train
2650,ስለ ዕቃው ከሚኒስትሩ ጋር ማሰብ ይኖርብናል።,Suggestion,3,Suggestion_03,train
2651,ዛሬ ማታ በባንክ መገኘት አልችልም።,Refusal,2,Refusal_04,val
2652,ነገ ጠዋት በትምህርት ቤት መገኘት አልችልም።,Refusal,2,Refusal_04,val
2653,ይቅርታ፣ ቤቱን ከሰዓት በኋላ ማድረግ አልችልም።,Refusal,2,Refusal_00,train
2654,በጣም ትክክለኛ ነው ስራ አስኪያጁ፣ በገበያ ሁልጊዜ እንደዚህ ይሆናል።,Sarcasm/Irony,5,Sarcasm/Irony_08,val
2655,እባክዎ ሂሳቡን ለጋዜጠኛው ከጥቂት ደቂቃዎች በኋላ ይላኩልኝ።,Request,0,Request_00,train
2656,ደህና ዛሬ ይሁንልህ ጋዜጠኛው።,Phatic,7,Phatic_02,train
2657,አለቃዬ፣ ቤተሰብ በፋብሪካ እንዴት ናቸው?,Phatic,7,Phatic_05,val
2658,መኪናው ገና ወደ አውሮፕላን ማረፊያ በስብሰባው ወቅት አልደረሰኝም።,Complaint,6,Complaint_07,train
2659,ደህና እደር ጠበቃው፣ ዛሬ እንገናኝ።,Phatic,7,Phatic_06,train
2660,የመጽሐፉ ችግር በሚቀጥለው አመት ከባልደረባዬ ጋር እፈታለሁ።,Promise,8,Promise_11,train
2661,በጣም ውጤታማ ነው ኤጀንሲው፣ በከዛሬ ጀምሮ ምንም አልተሰራም።,Sarcasm/Irony,5,Sarcasm/Irony_14,val
2662,ወደ ስብሰባ ክፍል በስብሰባው ወቅት መሄድ አልችልም።,Refusal,2,Refusal_13,test
2663,የሰነዱ ዋጋውን ከጥቂት ደቂቃዎች በኋላ ብንቀንስ ደንበኞች ይጨምራሉ።,Suggestion,3,Suggestion_07,train
2664,ጋዜጠኛው ወደ ባንክ ነገ ጠዋት ሄደዋል።,Assertion,1,Assertion_07,train
2665,እባክህ ለመኪናው ይህን ዘዴ በዚህ ወር ተጠቀም።,Suggestion,3,Suggestion_04,train
2666,እንኳን ወደ ስብሰባ ክፍል ደህና መጣህ ዶክተሩ።,Phatic,7,Phatic_04,test
2667,ደንበኛው ሪፖርቱን ከሰዓት በኋላ አቅርበዋል።,Assertion,1,Assertion_13,test
2668,እንዴት ጥሩ ነው ጠበቃው፣ ዛሬ ደግሞ ዘገየ።,Sarcasm/Irony,5,Sarcasm/Irony_10,val
2669,እንደምን አለህ በከተማው ውስጥ፣ ደንበኛው?,Phatic,7,Phatic_11,val
2670,ጎበዝ! በጣም ጥሩ ስራ ሰራህ አስተማሪዋ፣ ሰነዱን አበላሸኸው።,Sarcasm/Irony,5,Sarcasm/Irony_02,train
2671,መንግስት በዚህ ወር አዲስ ምርት አስተዋውቋል።,Assertion,1,Assertion_02,val
2672,መሳሪያው ገና ወደ ስብሰባ ክፍል ከሶስት ሰዓት በኋላ አልደረሰኝም።,Complaint,6,Complaint_07,train
2673,ጤና ይስጥልኝ ጓደኛዬ፣ ከአንድ ሰዓት በኋላ ደህና ነህ?,Phatic,7,Phatic_12,train
2674,እባክዎ ቡናውን ለስራ አስኪያጁ በሚቀጥለው አመት ይላኩልኝ።,Request,0,Request_00,train
2675,የመሳሪያው ዋጋውን ከሰዓት በኋላ ብንቀንስ ደንበኞች ይጨምራሉ።,Suggestion,3,Suggestion_07,train
2676,እባክዎ ሰነዱን በሚቀጥለው ሳምንት ይላኩልኝ።,Request,0,Request_13,val
2677,በጣም ደግ ነህ አስተማሪዋ፣ በቤት ምንም እርዳታ አልሰጠኸኝም።,Sarcasm/Irony,5,Sarcasm/Irony_12,train
2678,እንዴት ደስ ይላል፣ ሚኒስትሩ እንደገና ከሁለት ቀናት በኋላ ዘገዩ።,Sarcasm/Irony,5,Sarcasm/Irony_03,train
2679,እባክዎ ይቅርታ፣ ደብዳቤውን ከአንድ ሰዓት በኋላ ማቅረብ አልችልም።,Refusal,2,Refusal_09,train
2680,አመሰግናለሁ ፖሊሱ፣ ደህና ዋል በአውሮፕላን ማረፊያ።,Phatic,7,Phatic_08,train
2681,እባክዎ ይቅርታ፣ ቤቱን በዚህ ወር ማቅረብ አልችልም።,Refusal,2,Refusal_09,train
2682,እባክዎ ሂሳቡን ለዶክተሩ ከዛሬ ጀምሮ ይላኩልኝ።,Request,0,Request_00,train
2683,እባክዎ ገንዘቡን ለጠበቃው በዚህ አመት ይላኩልኝ።,Request,0,Request_00,train
2684,ቦርሳው ገና ወደ ትምህርት ቤት ከሁለት ቀናት በኋላ አልደረሰኝም።,Complaint,6,Complaint_07,train
2685,ማዕከሉ ስለ ጥያቄው ማስጠንቀቂያ በዚህ ሳምንት አውጥቷል።,Warning,4,Warning_08,train
2686,የቡናው ችግር ከሰዓት በኋላ ከነጋዴው ጋር እፈታለሁ።,Promise,8,Promise_11,train
2687,መጽሐፉ ገና ወደ ፍርድ ቤት በስብሰባው ወቅት አልደረሰኝም።,Complaint,6,Complaint_07,train
2688,የልብሱ ዋጋ ከሶስት ሰዓት በኋላ ጨምሯል።,Assertion,1,Assertion_12,val
2689,ዕቃው ገና ወደ ገበያ በሚቀጥለው አመት አልደረሰኝም።,Complaint,6,Complaint_07,train
2690,ድርጅቱ ስለ ምርቱ ማስጠንቀቂያ በዚህ አመት አውጥቷል።,Warning,4,Warning_08,train
2691,ጤና ይስጥልኝ ዶክተሩ፣ በዚህ ሳምንት ደህና ነህ?,Phatic,7,Phatic_12,train
2692,እንዴት ጎበዝ ነህ ጓደኛዬ፣ ካርታውን ሰብረኸዋል!,Sarcasm/Irony,5,Sarcasm/Irony_00,train
2693,ኩባንያው ስለ በሩ ማስጠንቀቂያ ከሶስት ሰዓት በኋላ አውጥቷል።,Warning,4,Warning_08,train
2694,እንኳን ደስ አለህ ሚኒስትሩ በዚህ ወር።,Phatic,7,Phatic_07,train
2695,ሚኒስቴሩ ስለ ቦርሳው ማስጠንቀቂያ በሚቀጥለው ሳምንት አውጥቷል።,Warning,4,Warning_08,train
2696,በሆስፒታል ትንሽ እረፍት ዛሬ ብንወስድ ጥሩ ነው።,Suggestion,3,Suggestion_09,test
2697,እባክዎ ለስራ አስኪያጁ ስለ መልእክቱ ይንገሩልኝ።,Request,0,Request_04,val
2698,እንደምን አለህ በቢሮ፣ ጠበቃው?,Phatic,7,Phatic_11,val
2699,እንደምን አለህ በሱቅ፣ ጋዜጠኛው?,Phatic,7,Phatic_11,val
2700,እባክዎ ገንዘቡን ለአለቃዬ ከሰዓት በኋላ ይላኩልኝ።,Request,0,Request_00,train
2701,ከጓደኛዬ ጋር ዛሬ በባንክ እገናኛለሁ።,Promise,8,Promise_04,val
2702,እባክዎ ቦርሳውን ያረጋግጡልኝ።,Request,0,Request_05,val
2703,እባክዎ ሪፖርቱን ለሹፌሩ በዚህ ሳምንት ይላኩልኝ።,Request,0,Request_00,train
2704,ከአንድ ሰዓት በኋላ በቤት መገኘት አልችልም።,Refusal,2,Refusal_04,val
2705,እባክዎ ይቅርታ፣ ቤቱን ነገ ከሰዓት በኋላ ማቅረብ አልችልም።,Refusal,2,Refusal_09,train
2706,መምህሩ ስብሰባውን ነገ ጠዋት መርተዋል።,Assertion,1,Assertion_03,val
2707,እባክሽ ስልኩን ዛሬ ማታ አምጪልኝ።,Request,0,Request_09,test
2708,አለቃዬ ወደ ሱቅ ከሶስት ሰዓት በኋላ ሄደዋል።,Assertion,1,Assertion_07,train
2709,ደረሰኙ ገና ወደ ገበያ በሚቀጥለው ሳምንት አልደረሰኝም።,Complaint,6,Complaint_07,train
2710,ገንዘብዎን ይጠብቁ፣ በባንክ በስብሰባው ወቅት ስርቆት ተከስቷል።,Warning,4,Warning_05,val
2711,ከነጋዴው ጋር በሚቀጥለው አመት መነጋገር ይሻላል።,Suggestion,3,Suggestion_06,val
2712,መጽሐፉ ገና ወደ ፍርድ ቤት በዚህ ወር አልደረሰኝም።,Complaint,6,Complaint_07,train
2713,ልብሱን ከምሽቱ ጀምሮ ብንሞክር ጥሩ ይሆናል።,Suggestion,3,Suggestion_00,train
2714,እንኳን አደረሳችሁ ፖሊሱ፣ በቤት።,Phatic,7,Phatic_14,test
2715,ደህና በዚህ አመት ይሁንልህ ሹፌሩ።,Phatic,7,Phatic_02,train
2716,ስራውን ከአለቃዬ ጋር ከምሽቱ ጀምሮ እጨርሳለሁ።,Promise,8,Promise_01,test
2717,በሩ ገና ወደ ስብሰባ ክፍል ከጥቂት ደቂቃዎች በኋላ አልደረሰኝም።,Complaint,6,Complaint_07,train
2718,ስቱዲዮው ስለ ትዕዛዙ ማስጠንቀቂያ ዛሬ ማታ አውጥቷል።,Warning,4,Warning_08,train
2719,አዎ በእርግጥ፣ ስራ አስኪያጁ ዛሬ ማታ ትመጣለህ ብዬ አላምንም።,Sarcasm/Irony,5,Sarcasm/Irony_01,test
2720,ደህና ከሰዓት በኋላ ይሁንልህ አስተማሪዋ።,Phatic,7,Phatic_02,train
2721,ገንዘቡ በስብሰባ ክፍል ይገኛል።,Assertion,1,Assertion_00,test
2722,እባክዎ ውሉን ለነጋዴው ከዛሬ ጀምሮ ይላኩልኝ።,Request,0,Request_00,train
2723,እባክዎ ማሽኑን ለመምህሩ ነገ ጠዋት ይላኩልኝ።,Request,0,Request_00,train
2724,ኩባንያው ስለ ስጦታው ማስጠንቀቂያ ከጥቂት ደቂቃዎች በኋላ አውጥቷል።,Warning,4,Warning_08,train
2725,ጤና ይስጥልኝ ሹፌሩ፣ ዛሬ ደህና ነህ?,Phatic,7,Phatic_12,train
2726,እባክዎ ይቅርታ፣ ልብሱን ከምሽቱ ጀምሮ ማቅረብ አልችልም።,Refusal,2,Refusal_09,train
2727,ሰላም ነጋዴው፣ በዚህ ሳምንት እንዴት ነህ?,Phatic,7,Phatic_00,train
2728,ከአለቃዬ ጋር ስለ ጥያቄው ጉዳይ መስማማት አልችልም።,Refusal,2,Refusal_06,train
2729,እባክዎ ፋይሉን ለጓደኛዬ ነገ ከሰዓት በኋላ ይላኩልኝ።,Request,0,Request_00,train
2730,ደህና ሁን ባልደረባዬ፣ እስከ በሳምንቱ መጨረሻ እንገናኝ።,Phatic,7,Phatic_13,train
2731,እንኳን ደስ አለህ ጋዜጠኛው፣ ስለ ቤቱ እንደገና ተሳስተሃል።,Sarcasm/Irony,5,Sarcasm/Irony_13,train
2732,አዎ በእርግጥ፣ ጋዜጠኛው በሚቀጥለው ሳምንት ትመጣለህ ብዬ አላምንም።,Sarcasm/Irony,5,Sarcasm/Irony_01,test
2733,እባክዎ ምርቱን ለጠበቃው ከሶስት ሰዓት በኋላ ይላኩልኝ።,Request,0,Request_00,train
2734,ስለ ውሉ ጉዳይ ከጓደኛዬ ጋር እንወያይ።,Suggestion,3,Suggestion_10,train
2735,ሹፌሩ ስብሰባውን ነገ ጠዋት መርተዋል።,Assertion,1,Assertion_03,val
2736,ደህና ከአንድ ሰዓት በኋላ ይሁንልህ ጓደኛዬ።,Phatic,7,Phatic_02,train
2737,እንዴት ጎበዝ ነህ ስራ አስኪያጁ፣ ትዕዛዙን ሰብረኸዋል!,Sarcasm/Irony,5,Sarcasm/Irony_00,train
2738,አለቃዬ፣ ስራ በአውሮፕላን ማረፊያ እንዴት ነው?,Phatic,7,Phatic_09,val
2739,መሳሪያው ገና ወደ ትምህርት ቤት በሚቀጥለው ወር አልደረሰኝም።,Complaint,6,Complaint_07,train
2740,በጣም ብልህ ነህ ነጋዴው፣ መልእክቱን ረሳኸው።,Sarcasm/Irony,5,Sarcasm/Irony_04,train
2741,መምህሩ ሪፖርቱን በሳምንቱ መጨረሻ አቅርበዋል።,Assertion,1,Assertion_13,test
2742,ፋብሪካው ስለ ገንዘቡ ማስጠንቀቂያ ነገ ጠዋት አውጥቷል።,Warning,4,Warning_08,train
2743,ይህን ውሉን ከአለቃዬ መቀበል አልችልም።,Refusal,2,Refusal_03,train
2744,ወደ ፍርድ ቤት ከምሽቱ ጀምሮ መሄድ አልችልም።,Refusal,2,Refusal_13,test
2745,ሚኒስትሩ ወደ ፍርድ ቤት ነገ ጠዋት ሄደዋል።,Assertion,1,Assertion_07,train
2746,በጣም ብልህ ነህ ባልደረባዬ፣ ሪፖርቱን ረሳኸው።,Sarcasm/Irony,5,Sarcasm/Irony_04,train
2747,እባክዎ ገንዘቡን ለፖሊሱ ነገ ከሰዓት በኋላ ይላኩልኝ።,Request,0,Request_00,train
2748,ጤና ይስጥልኝ አለቃዬ፣ ዛሬ ደህና ነህ?,Phatic,7,Phatic_12,train
2749,ማሽኑ ገና ወደ ቢሮ ከሰዓት በኋላ አልደረሰኝም።,Complaint,6,Complaint_07,train
2750,ከአንድ ሰዓት በኋላ በገበያ ስብሰባ እናድርግ።,Suggestion,3,Suggestion_02,train
2751,ከጥቂት ደቂቃዎች በኋላ በስብሰባ ክፍል ከባድ ዝናብ ሊዘንብ ይችላል ተጠንቀቁ።,Warning,4,Warning_03,test
2752,ሚኒስቴሩ ስለ ስጦታው ማስጠንቀቂያ ዛሬ አውጥቷል።,Warning,4,Warning_08,train
2753,እባክዎ ቤቱን ለመምህሩ በሚቀጥለው ወር ይላኩልኝ።,Request,0,Request_00,train
2754,የዕቃው ችግር ከዛሬ ጀምሮ ከመሐንዲሱ ጋር እፈታለሁ።,Promise,8,Promise_11,train
2755,እሰይ፣ ሌላ ችግር በባንክ በሚቀጥለው አመት፣ ልክ የሚያስፈልገን ይሄው ነበር።,Sarcasm/Irony,5,Sarcasm/Irony_07,train
2756,ከፖሊሱ ጋር ከሶስት ሰዓት በኋላ በመጋዘን እገናኛለሁ።,Promise,8,Promise_04,val
2757,ኤጀንሲው ስለ ሪፖርቱ ማስጠንቀቂያ ከሶስት ሰዓት በኋላ አውጥቷል።,Warning,4,Warning_08,train
2758,እባክዎ ለጋዜጠኛው ቡናውን ያድርሱ።,Request,0,Request_14,test
2759,በጣም ብልህ ነህ አስተማሪዋ፣ ሪፖርቱን ረሳኸው።,Sarcasm/Irony,5,Sarcasm/Irony_04,train
2760,ፕሮጀክቱን በሚቀጥለው ሳምንት ከጓደኛዬ ጋር ብንጀምር ይሻላል።,Suggestion,3,Suggestion_08,val
2761,ፋይሉ ገና ወደ ቤት ነገ ጠዋት አልደረሰኝም።,Complaint,6,Complaint_07,train
2762,ሚኒስትሩ፣ ቤተሰብ በሱቅ እንዴት ናቸው?,Phatic,7,Phatic_05,val
2763,እንኳን ደስ አለህ ደንበኛው ከምሽቱ ጀምሮ።,Phatic,7,Phatic_07,train
2764,ሪፖርቱን ለጓደኛዬ በዚህ አመት አቀርባለሁ።,Promise,8,Promise_05,train
2765,አለቃዬ ወደ ቢሮ ከምሽቱ ጀምሮ ሄደዋል።,Assertion,1,Assertion_07,train
2766,የደረሰኙ ችግር ከሁለት ቀናት በኋላ ከነጋዴው ጋር እፈታለሁ።,Promise,8,Promise_11,train
2767,መስኮቱ ገና ወደ ሱቅ ከሰዓት በኋላ አልደረሰኝም።,Complaint,6,Complaint_07,train
2768,ጎበዝ! በጣም ጥሩ ስራ ሰራህ አለቃዬ፣ ማሽኑን አበላሸኸው።,Sarcasm/Irony,5,Sarcasm/Irony_02,train
2769,የጥያቄው ችግር በስብሰባው ወቅት ከመምህሩ ጋር እፈታለሁ።,Promise,8,Promise_11,train
2770,እባክዎ ቡናውን ለሚኒስትሩ ከዛሬ ጀምሮ ይላኩልኝ።,Request,0,Request_00,train
2771,ሚኒስትሩ ወደ ባንክ በሳምንቱ መጨረሻ ሄደዋል።,Assertion,1,Assertion_07,train
2772,ደረሰኙን በጥንቃቄ ለጓደኛዬ እይዛለሁ።,Promise,8,Promise_07,train
2773,አይ፣ ከማህበሩ ጋር አልስማማም።,Refusal,2,Refusal_11,val
2774,ይህን ውሉን ከሹፌሩ መቀበል አልችልም።,Refusal,2,Refusal_03,train
2775,እንደምን አለህ በመጋዘን፣ መምህሩ?,Phatic,7,Phatic_11,val
2776,ደህና በዚህ ሳምንት ይሁንልህ ባልደረባዬ።,Phatic,7,Phatic_02,train
2777,እርግጠኛ ነኝ መምህሩ በዚህ አመት ይደርሳሉ፣ እንደ ሁልጊዜው።,Sarcasm/Irony,5,Sarcasm/Irony_05,test
2778,ከዶክተሩ ጋር ስለ ሂሳቡ ጉዳይ መስማማት አልችልም።,Refusal,2,Refusal_06,train
2779,እባክዎ ይቅርታ፣ ቡናውን ከሰዓት በኋላ ማቅረብ አልችልም።,Refusal,2,Refusal_09,train
2780,ባልደረባዬ ወደ ከተማው ውስጥ ዛሬ ማታ ሄደዋል።,Assertion,1,Assertion_07,train
2781,ውሉን ነገ ጠዋት ብንሞክር ጥሩ ይሆናል።,Suggestion,3,Suggestion_00,train
2782,ይህ ደብዳቤው ከኩባንያው ጥራት የለውም።,Complaint,6,Complaint_00,val
2783,ደህና ከሰዓት በኋላ ይሁንልህ መሐንዲሱ።,Phatic,7,Phatic_02,train
2784,ኤጀንሲው ስለ ቤቱ ማስጠንቀቂያ ከሁለት ቀናት በኋላ አውጥቷል።,Warning,4,Warning_08,train
2785,ቢያንስ አንዴ ቁልፉን በከተማው ውስጥ እንሞክር።,Suggestion,3,Suggestion_05,train
2786,በጣም ብልህ ነህ ስራ አስኪያጁ፣ ገንዘቡን ረሳኸው።,Sarcasm/Irony,5,Sarcasm/Irony_04,train
2787,ይህን ሂሳቡን ከሚኒስትሩ መቀበል አልችልም።,Refusal,2,Refusal_03,train
2788,ወደ አውሮፕላን ማረፊያ ዛሬ ማታ መሄድ አልችልም።,Refusal,2,Refusal_13,test
2789,ደህና እደር ሹፌሩ፣ በዚህ ሳምንት እንገናኝ።,Phatic,7,Phatic_06,train
2790,ይቅርታ፣ ዕቃውን ከሁለት ቀናት በኋላ ማድረግ አልችልም።,Refusal,2,Refusal_00,train
2791,እንኳን ወደ ሱቅ ደህና መጣህ ጠበቃው።,Phatic,7,Phatic_04,test
2792,ማህበሩ ነገ ጠዋት አዲስ ምርት አስተዋውቋል።,Assertion,1,Assertion_02,val
2793,እሰይ፣ ሌላ ችግር በመጋዘን በሳምንቱ መጨረሻ፣ ልክ የሚያስፈልገን ይሄው ነበር።,Sarcasm/Irony,5,Sarcasm/Irony_07,train
2794,መንግስት ስለ ሪፖርቱ ማስጠንቀቂያ በሚቀጥለው አመት አውጥቷል።,Warning,4,Warning_08,train
2795,እባክዎ ማሽኑን ለአስተማሪዋ በስብሰባው ወቅት ይላኩልኝ።,Request,0,Request_00,train
2796,በሱቅ ከሰዓት በኋላ ንጽህና ጎድሏል።,Complaint,6,Complaint_13,test
2797,የሂሳቡ ችግር በስብሰባው ወቅት ከስራ አስኪያጁ ጋር እፈታለሁ።,Promise,8,Promise_11,train
2798,መምህሩ፣ እንደምን አደርክ በሚቀጥለው አመት?,Phatic,7,Phatic_01,train
2799,መጽሐፉ ገና ወደ ሆስፒታል ከሰዓት በኋላ አልደረሰኝም።,Complaint,6,Complaint_07,train
2800,ማህበሩ ስለ ውሉ ማስጠንቀቂያ ከሰዓት በኋላ አውጥቷል።,Warning,4,Warning_08,train
2801,ሂሳቡን በጥንቃቄ ከአስተማሪዋ ጋር ብንመረምር ይሻላል።,Suggestion,3,Suggestion_11,val
2802,እንደምን አለህ በሱቅ፣ ጓደኛዬ?,Phatic,7,Phatic_11,val
2803,አለቃዬ ወደ ፍርድ ቤት ዛሬ ሄደዋል።,Assertion,1,Assertion_07,train
2804,እባክዎ ገንዘቡን ወደ መንገድ ላይ ይላኩ።,Request,0,Request_06,test
2805,እንዴት ጥሩ ነው ዶክተሩ፣ ከሶስት ሰዓት በኋላ ደግሞ ዘገየ።,Sarcasm/Irony,5,Sarcasm/Irony_10,val
2806,እባክዎ ይቅርታ፣ ደብዳቤውን ዛሬ ማታ ማቅረብ አልችልም።,Refusal,2,Refusal_09,train
2807,ወደ ፋብሪካ በሳምንቱ መጨረሻ እንሂድ።,Suggestion,3,Suggestion_01,test
2808,ከጋዜጠኛው ጋር በሚቀጥለው ሳምንት በፖሊስ ጣቢያ እገናኛለሁ።,Promise,8,Promise_04,val
2809,እርግጠኛ ነኝ ሹፌሩ ነገ ከሰዓት በኋላ ይደርሳሉ፣ እንደ ሁልጊዜው።,Sarcasm/Irony,5,Sarcasm/Irony_05,test
2810,እንዴት ጥሩ ነው ስራ አስኪያጁ፣ ከምሽቱ ጀምሮ ደግሞ ዘገየ።,Sarcasm/Irony,5,Sarcasm/Irony_10,val
2811,እባክዎ መሳሪያውን ለዶክተሩ ነገ ጠዋት ይላኩልኝ።,Request,0,Request_00,train
2812,እባክዎ ካርታውን ለጠበቃው ዛሬ ይላኩልኝ።,Request,0,Request_00,train
2813,ሚኒስቴሩ ስለ መጽሐፉ ማስጠንቀቂያ ከምሽቱ ጀምሮ አውጥቷል።,Warning,4,Warning_08,train
2814,መምህሩ ወደ ፋብሪካ በሚቀጥለው አመት ሄደዋል።,Assertion,1,Assertion_07,train
2815,ኤጀንሲው ስለ መሳሪያው ማስጠንቀቂያ በዚህ አመት አውጥቷል።,Warning,4,Warning_08,train
2816,በዚህ ወር በባንክ ከባድ ዝናብ ሊዘንብ ይችላል ተጠንቀቁ።,Warning,4,Warning_03,test
2817,ይቅርታ፣ ቤቱን በስብሰባው ወቅት ማድረግ አልችልም።,Refusal,2,Refusal_00,train
2818,በጣም ውጤታማ ነው መንግስት፣ በነገ ምንም አልተሰራም።,Sarcasm/Irony,5,Sarcasm/Irony_14,val
2819,እባክዎ ሂሳቡን ለስራ አስኪያጁ ከምሽቱ ጀምሮ ይላኩልኝ።,Request,0,Request_00,train
2820,ከአንድ ሰዓት በኋላ በስብሰባ ክፍል ስብሰባ እናድርግ።,Suggestion,3,Suggestion_02,train
2821,እባክዎ ለደንበኛው ስለ ሰነዱ ይንገሩልኝ።,Request,0,Request_04,val
2822,መኪናው ገና ወደ ፋብሪካ ከአንድ ሰዓት በኋላ አልደረሰኝም።,Complaint,6,Complaint_07,train
2823,ዶክተሩ ወደ መጋዘን በስብሰባው ወቅት ሄደዋል።,Assertion,1,Assertion_07,train
2824,እባክህ ይቅርታ አድርግልኝ፣ ወደ ስብሰባ ክፍል በሚቀጥለው ሳምንት መምጣት አልችልም።,Refusal,2,Refusal_01,test
2825,እንኳን ወደ ከተማው ውስጥ ደህና መጣህ መምህሩ።,Phatic,7,Phatic_04,test
2826,ይህን ምርቱን ያለ ፖሊሱ ትዕዛዝ አይውሰዱ።,Warning,4,Warning_12,val
2827,ደህና ነገ ይሁንልህ ሚኒስትሩ።,Phatic,7,Phatic_02,train
2828,ኩባንያው ስለ ትዕዛዙ ማስጠንቀቂያ በዚህ ሳምንት አውጥቷል።,Warning,4,Warning_08,train
2829,እንዴት ጥሩ ነው ፖሊሱ፣ ነገ ጠዋት ደግሞ ዘገየ።,Sarcasm/Irony,5,Sarcasm/Irony_10,val
2830,የመሳሪያው ችግር በስብሰባው ወቅት ከጋዜጠኛው ጋር እፈታለሁ።,Promise,8,Promise_11,train
2831,እባክዎ ካርታውን ለመሐንዲሱ ከሶስት ሰዓት በኋላ ይላኩልኝ።,Request,0,Request_00,train
2832,ድርጅቱ ስለ ስልኩ ማስጠንቀቂያ ከሶስት ሰዓት በኋላ አውጥቷል።,Warning,4,Warning_08,train
2833,መንግስት ስለ ሂሳቡ ማስጠንቀቂያ በስብሰባው ወቅት አውጥቷል።,Warning,4,Warning_08,train
2834,እባክዎ ጥያቄውን ለዶክተሩ ከምሽቱ ጀምሮ ይላኩልኝ።,Request,0,Request_00,train
2835,ቁልፉን በጥንቃቄ ከመምህሩ ጋር ብንመረምር ይሻላል።,Suggestion,3,Suggestion_11,val
2836,በባንክ በዚህ ወር ንጽህና ጎድሏል።,Complaint,6,Complaint_13,test
2837,እባክህ ይቅርታ አድርግልኝ፣ ወደ ፋብሪካ በሚቀጥለው ወር መምጣት አልችልም።,Refusal,2,Refusal_01,test
2838,ደረሰኙ ገና ወደ ሆስፒታል ከሰዓት በኋላ አልደረሰኝም።,Complaint,6,Complaint_07,train
2839,የውሉ ወጪውን በገበያ ብንቀንስ የተሻለ ነው።,Suggestion,3,Suggestion_13,train
2840,እንደምን አለህ በገበያ፣ አለቃዬ?,Phatic,7,Phatic_11,val
2841,ከጋዜጠኛው ጋር ስለ ምርቱ ጉዳይ መስማማት አልችልም።,Refusal,2,Refusal_06,train
2842,የመጽሐፉ ዋጋ ዛሬ ማታ ጨምሯል።,Assertion,1,Assertion_12,val
2843,እንኳን አደረሳችሁ ጋዜጠኛው፣ በመንገድ ላይ።,Phatic,7,Phatic_14,test
2844,ኤጀንሲው ስለ ምርቱ ማስጠንቀቂያ በሚቀጥለው ሳምንት አውጥቷል።,Warning,4,Warning_08,train
2845,ስለ በሩ ጉዳይ ከስራ አስኪያጁ ጋር እንወያይ።,Suggestion,3,Suggestion_10,train
2846,የዕቃው ችግር በስብሰባው ወቅት ከሹፌሩ ጋር እፈታለሁ።,Promise,8,Promise_11,train
2847,ሚኒስትሩ ወደ መንገድ ላይ በሚቀጥለው ሳምንት ሄደዋል።,Assertion,1,Assertion_07,train
2848,እንኳን ወደ ከተማው ውስጥ ደህና መጣህ ጠበቃው።,Phatic,7,Phatic_04,test
2849,ጎበዝ! በጣም ጥሩ ስራ ሰራህ ጋዜጠኛው፣ ሂሳቡን አበላሸኸው።,Sarcasm/Irony,5,Sarcasm/Irony_02,train
2850,እባክዎ ይቅርታ፣ ገንዘቡን ከጥቂት ደቂቃዎች በኋላ ማቅረብ አልችልም።,Refusal,2,Refusal_09,train
2851,ስለ መስኮቱ ከጠበቃው ጋር ማሰብ ይኖርብናል።,Suggestion,3,Suggestion_03,train
2852,እባክሽ ፋይሉን በሚቀጥለው አመት አምጪልኝ።,Request,0,Request_09,test
2853,ሚኒስትሩ ወደ ባንክ ነገ ጠዋት ሄደዋል።,Assertion,1,Assertion_07,train
2854,ልብሱ ገና ወደ ባንክ በዚህ ወር አልደረሰኝም።,Complaint,6,Complaint_07,train
2855,እባክዎ ይቅርታ፣ ደረሰኙን ነገ ማቅረብ አልችልም።,Refusal,2,Refusal_09,train
2856,ስልኩ ገና ወደ ሱቅ ዛሬ አልደረሰኝም።,Complaint,6,Complaint_07,train
2857,ከጋዜጠኛው ጋር ከሰዓት በኋላ በሆስፒታል እገናኛለሁ።,Promise,8,Promise_04,val
2858,ነጋዴው ወደ ትምህርት ቤት በዚህ ወር ሄደዋል።,Assertion,1,Assertion_07,train
2859,ስራ አስኪያጁ ወደ ገበያ ከጥቂት ደቂቃዎች በኋላ ሄደዋል።,Assertion,1,Assertion_07,train
2860,ገንዘቡ ገና ወደ ፍርድ ቤት ከሶስት ሰዓት በኋላ አልደረሰኝም።,Complaint,6,Complaint_07,train
2861,አዎ በእርግጥ፣ አስተማሪዋ በሚቀጥለው ሳምንት ትመጣለህ ብዬ አላምንም።,Sarcasm/Irony,5,Sarcasm/Irony_01,test
2862,ውሃው ገና ወደ ትምህርት ቤት ዛሬ ማታ አልደረሰኝም።,Complaint,6,Complaint_07,train
2863,እንኳን ደስ አለህ ጓደኛዬ፣ ስለ ደብዳቤው እንደገና ተሳስተሃል።,Sarcasm/Irony,5,Sarcasm/Irony_13,train
2864,እባክህ ለኮምፒዩተሩ ይህን ዘዴ ከዛሬ ጀምሮ ተጠቀም።,Suggestion,3,Suggestion_04,train
2865,በሱቅ ነገ ንጽህና ጎድሏል።,Complaint,6,Complaint_13,test
2866,ደንበኛው ወደ ፋብሪካ ከዛሬ ጀምሮ ሄደዋል።,Assertion,1,Assertion_07,train
2867,የቁልፉ ችግር በሚቀጥለው ሳምንት ከነጋዴው ጋር እፈታለሁ።,Promise,8,Promise_11,train
2868,ስልኩ ገና ወደ ፖሊስ ጣቢያ ከሁለት ቀናት በኋላ አልደረሰኝም።,Complaint,6,Complaint_07,train
2869,እባክዎ ጥያቄውን ለሚኒስትሩ በሚቀጥለው ሳምንት ይላኩልኝ።,Request,0,Request_00,train
2870,ከመሐንዲሱ ጋር ከአንድ ሰዓት በኋላ በመንገድ ላይ እገናኛለሁ።,Promise,8,Promise_04,val
2871,መሳሪያው ገና ወደ ፖሊስ ጣቢያ ከጥቂት ደቂቃዎች በኋላ አልደረሰኝም።,Complaint,6,Complaint_07,train
2872,ጎበዝ! በጣም ጥሩ ስራ ሰራህ ሹፌሩ፣ ቦርሳውን አበላሸኸው።,Sarcasm/Irony,5,Sarcasm/Irony_02,train
2873,እባክዎ ይቅርታ፣ ጥያቄውን በሚቀጥለው ሳምንት ማቅረብ አልችልም።,Refusal,2,Refusal_09,train
2874,የቡናው ዋጋ በሚቀጥለው ሳምንት ጨምሯል።,Assertion,1,Assertion_12,val
2875,እባክዎ ማሽኑን ለባልደረባዬ በሳምንቱ መጨረሻ ይላኩልኝ።,Request,0,Request_00,train
2876,እባክዎ ይቅርታ፣ መሳሪያውን ከአንድ ሰዓት በኋላ ማቅረብ አልችልም።,Refusal,2,Refusal_09,train
2877,መኪናው ገና ወደ ከተማው ውስጥ በሳምንቱ መጨረሻ አልደረሰኝም።,Complaint,6,Complaint_07,train
2878,እሰይ፣ ሌላ ችግር በባንክ ከዛሬ ጀምሮ፣ ልክ የሚያስፈልገን ይሄው ነበር።,Sarcasm/Irony,5,Sarcasm/Irony_07,train
2879,እባክዎ ምርቱን ለመሐንዲሱ በዚህ ሳምንት ይላኩልኝ።,Request,0,Request_00,train
2880,የቤቱ ዋጋ በሚቀጥለው ወር ጨምሯል።,Assertion,1,Assertion_12,val
2881,እባክህ ይቅርታ አድርግልኝ፣ ወደ ባንክ ከዛሬ ጀምሮ መምጣት አልችልም።,Refusal,2,Refusal_01,test
2882,ከጋዜጠኛው ጋር በሚቀጥለው ወር በስብሰባ ክፍል እገናኛለሁ።,Promise,8,Promise_04,val
2883,እባክዎ ትዕዛዙን ለአስተማሪዋ በዚህ አመት ይላኩልኝ።,Request,0,Request_00,train
2884,እባክህ ይቅርታ አድርግልኝ፣ ወደ ከተማው ውስጥ ዛሬ ማታ መምጣት አልችልም።,Refusal,2,Refusal_01,test
2885,የጥያቄው ዋጋውን በስብሰባው ወቅት ብንቀንስ ደንበኞች ይጨምራሉ።,Suggestion,3,Suggestion_07,train
2886,እንዴት ጎበዝ ነህ ጓደኛዬ፣ ምርቱን ሰብረኸዋል!,Sarcasm/Irony,5,Sarcasm/Irony_00,train
2887,እባክዎ ፕሮጀክቱን ለመሐንዲሱ ከዛሬ ጀምሮ ይላኩልኝ።,Request,0,Request_00,train
2888,ወደ ፋብሪካ ከሁለት ቀናት በኋላ መሄድ አልችልም።,Refusal,2,Refusal_13,test
2889,እንዴት ደስ ይላል፣ ዶክተሩ እንደገና ከአንድ ሰዓት በኋላ ዘገዩ።,Sarcasm/Irony,5,Sarcasm/Irony_03,train
2890,መምህሩ ወደ ፋብሪካ ከሁለት ቀናት በኋላ ሄደዋል።,Assertion,1,Assertion_07,train
2891,እባክዎ ለደንበኛው ማሽኑን ያድርሱ።,Request,0,Request_14,test
2892,እባክዎ ሂሳቡን ዛሬ ማታ ይላኩልኝ።,Request,0,Request_13,val
2893,የመልእክቱ ዋጋ ከሁለት ቀናት በኋላ ጨምሯል።,Assertion,1,Assertion_12,val
2894,እንኳን ደስ አለህ መምህሩ ከሰዓት በኋላ።,Phatic,7,Phatic_07,train
2895,ውሃውን በጥንቃቄ ከጓደኛዬ ጋር ብንመረምር ይሻላል።,Suggestion,3,Suggestion_11,val
2896,መንግስት ስለ ገንዘቡ ማስጠንቀቂያ ከጥቂት ደቂቃዎች በኋላ አውጥቷል።,Warning,4,Warning_08,train
2897,እባክዎ ስጦታውን ለጋዜጠኛው ከምሽቱ ጀምሮ ይላኩልኝ።,Request,0,Request_00,train
2898,ማዕከሉ ዛሬ ማታ አዲስ ሰራተኞችን ቀጥሯል።,Assertion,1,Assertion_09,train
2899,አዎ በርግጥ፣ የኤጀንሲው እቅድ በበሳምንቱ መጨረሻ በጭራሽ አይከሽፍም።,Sarcasm/Irony,5,Sarcasm/Irony_11,train
2900,ስራውን ከፖሊሱ ጋር በሳምንቱ መጨረሻ እጨርሳለሁ።,Promise,8,Promise_01,test
2901,ስልኩን በሚቀጥለው አመት ብንሞክር ጥሩ ይሆናል።,Suggestion,3,Suggestion_00,train
2902,እባክዎ ይቅርታ፣ ማሽኑን ከጥቂት ደቂቃዎች በኋላ ማቅረብ አልችልም።,Refusal,2,Refusal_09,train
2903,ምርቱ ገና ወደ ስብሰባ ክፍል ከሶስት ሰዓት በኋላ አልደረሰኝም።,Complaint,6,Complaint_07,train
2904,ደንበኛው ወደ ከተማው ውስጥ ከሁለት ቀናት በኋላ ሄደዋል።,Assertion,1,Assertion_07,train
2905,እባክዎ ስልኩን ለነጋዴው ነገ ይላኩልኝ።,Request,0,Request_00,train
2906,ደህና ሁን ፖሊሱ፣ እስከ በሚቀጥለው አመት እንገናኝ።,Phatic,7,Phatic_13,train
2907,እባክዎ ደረሰኙን ለመሐንዲሱ ነገ ጠዋት ይላኩልኝ።,Request,0,Request_00,train
2908,እባክዎ ቤቱን ለፖሊሱ ከሁለት ቀናት በኋላ ይላኩልኝ።,Request,0,Request_00,train
2909,ሚኒስቴሩ ስለ ስጦታው ማስጠንቀቂያ ነገ ከሰዓት በኋላ አውጥቷል።,Warning,4,Warning_08,train
2910,ስቱዲዮው ስለ ውሉ ማስጠንቀቂያ ነገ አውጥቷል።,Warning,4,Warning_08,train
2911,ደህና እደር ፖሊሱ፣ ከጥቂት ደቂቃዎች በኋላ እንገናኝ።,Phatic,7,Phatic_06,train
2912,መሐንዲሱ ስብሰባውን ነገ ከሰዓት በኋላ መርተዋል።,Assertion,1,Assertion_03,val
2913,እባክዎ ስልኩን ለፖሊሱ በዚህ አመት ይላኩልኝ።,Request,0,Request_00,train
2914,ደህና በሚቀጥለው ሳምንት ይሁንልህ ሚኒስትሩ።,Phatic,7,Phatic_02,train
2915,ደንበኛው ወደ ፋብሪካ በዚህ ሳምንት ሄደዋል።,Assertion,1,Assertion_07,train
2916,ይህን ልብሱን ከነጋዴው መቀበል አልችልም።,Refusal,2,Refusal_03,train
2917,በጣም ደግ ነህ አለቃዬ፣ በፍርድ ቤት ምንም እርዳታ አልሰጠኸኝም።,Sarcasm/Irony,5,Sarcasm/Irony_12,train
2918,የትዕዛዙ ዋጋ ከጥቂት ደቂቃዎች በኋላ ጨምሯል።,Assertion,1,Assertion_12,val
2919,የሰነዱ ችግር ነገ ጠዋት ከጓደኛዬ ጋር እፈታለሁ።,Promise,8,Promise_11,train
2920,እንኳን ወደ ሆስፒታል ደህና መጣህ መሐንዲሱ።,Phatic,7,Phatic_04,test
2921,እባክዎ ይቅርታ፣ ካርታውን ከሁለት ቀናት በኋላ ማቅረብ አልችልም።,Refusal,2,Refusal_09,train
2922,እባክዎ በሩን ለሹፌሩ ከዛሬ ጀምሮ ይላኩልኝ።,Request,0,Request_00,train
2923,እባክዎ ቦርሳውን ወደ ፍርድ ቤት ይላኩ።,Request,0,Request_06,test
2924,ከዛሬ ጀምሮ በመጋዘን መገኘት አልችልም።,Refusal,2,Refusal_04,val
2925,ፋይሉ ገና ወደ ቢሮ ከዛሬ ጀምሮ አልደረሰኝም።,Complaint,6,Complaint_07,train
2926,ከዛሬ ጀምሮ በትምህርት ቤት መገኘት አልችልም።,Refusal,2,Refusal_04,val
2927,የሰነዱ ችግር በዚህ ወር ከአስተማሪዋ ጋር እፈታለሁ።,Promise,8,Promise_11,train
2928,ባንኩ ስለ ደብዳቤው ማስጠንቀቂያ ዛሬ ማታ አውጥቷል።,Warning,4,Warning_08,train
2929,ደህና እደር ዶክተሩ፣ ከሰዓት በኋላ እንገናኝ።,Phatic,7,Phatic_06,train
2930,ባንኩ ዛሬ ትርፍ አግኝቷል።,Assertion,1,Assertion_04,test
2931,በጣም ብልህ ነህ መሐንዲሱ፣ ሂሳቡን ረሳኸው።,Sarcasm/Irony,5,Sarcasm/Irony_04,train
2932,የሪፖርቱ ወጪውን በፍርድ ቤት ብንቀንስ የተሻለ ነው።,Suggestion,3,Suggestion_13,train
2933,አመሰግናለሁ ደንበኛው፣ ደህና ዋል በከተማው ውስጥ።,Phatic,7,Phatic_08,train
2934,እንዴት ጎበዝ ነህ ዶክተሩ፣ ስጦታውን ሰብረኸዋል!,Sarcasm/Irony,5,Sarcasm/Irony_00,train
2935,ጎበዝ! በጣም ጥሩ ስራ ሰራህ ባልደረባዬ፣ ሂሳቡን አበላሸኸው።,Sarcasm/Irony,5,Sarcasm/Irony_02,train
2936,እባክህ ይቅርታ አድርግልኝ፣ ወደ ሱቅ ከሰዓት በኋላ መምጣት አልችልም።,Refusal,2,Refusal_01,test
2937,ቡናው ገና ወደ ገበያ ዛሬ አልደረሰኝም።,Complaint,6,Complaint_07,train
2938,አስተማሪዋ ወደ ሱቅ በስብሰባው ወቅት ሄደዋል።,Assertion,1,Assertion_07,train
2939,ትዕዛዙን ከሁለት ቀናት በኋላ ብንሞክር ጥሩ ይሆናል።,Suggestion,3,Suggestion_00,train
2940,እባክዎ መኪናውን ለአስተማሪዋ ከሰዓት በኋላ ይላኩልኝ።,Request,0,Request_00,train
2941,ሰላም ደንበኛው፣ ነገ ከሰዓት በኋላ እንዴት ነህ?,Phatic,7,Phatic_00,train
2942,የኤጀንሲው ስልክ ከሰዓት በኋላ አይነሳም።,Complaint,6,Complaint_11,test
2943,ይቅርታ፣ መኪናውን ነገ ከሰዓት በኋላ ማድረግ አልችልም።,Refusal,2,Refusal_00,train
2944,የገንዘቡ ዋጋውን ዛሬ ብንቀንስ ደንበኞች ይጨምራሉ።,Suggestion,3,Suggestion_07,train
2945,ከጠበቃው ጋር ስለ ምርቱ ጉዳይ መስማማት አልችልም።,Refusal,2,Refusal_06,train
2946,እሰይ፣ ሌላ ችግር በቤት ከአንድ ሰዓት በኋላ፣ ልክ የሚያስፈልገን ይሄው ነበር።,Sarcasm/Irony,5,Sarcasm/Irony_07,train
2947,እባክዎ ውሉን ለጓደኛዬ በሚቀጥለው ሳምንት ይላኩልኝ።,Request,0,Request_00,train
2948,ምርቱ ገና ወደ ትምህርት ቤት ከምሽቱ ጀምሮ አልደረሰኝም።,Complaint,6,Complaint_07,train
2949,የመስኮቱ ወጪውን በቤት ብንቀንስ የተሻለ ነው።,Suggestion,3,Suggestion_13,train
2950,ማንነትዎን ለማያውቁት ባልደረባዬ በከተማው ውስጥ አይስጡ።,Warning,4,Warning_14,test
2951,የደረሰኙ ችግር ከሰዓት በኋላ ከጠበቃው ጋር እፈታለሁ።,Promise,8,Promise_11,train
2952,እባክዎ ይቅርታ፣ ውሉን ዛሬ ማቅረብ አልችልም።,Refusal,2,Refusal_09,train
2953,ደህና ሁን ፖሊሱ፣ እስከ ከአንድ ሰዓት በኋላ እንገናኝ።,Phatic,7,Phatic_13,train
2954,እሰይ፣ ሌላ ችግር በከተማው ውስጥ በሚቀጥለው ወር፣ ልክ የሚያስፈልገን ይሄው ነበር።,Sarcasm/Irony,5,Sarcasm/Irony_07,train
2955,እንደምን አለህ በስብሰባ ክፍል፣ ደንበኛው?,Phatic,7,Phatic_11,val
2956,ትዕዛዙ ገና ወደ ቤት በዚህ ሳምንት አልደረሰኝም።,Complaint,6,Complaint_07,train
2957,እንደምን አለህ በፖሊስ ጣቢያ፣ ጠበቃው?,Phatic,7,Phatic_11,val
2958,ስራ አስኪያጁ ወደ ፍርድ ቤት በስብሰባው ወቅት ሄደዋል።,Assertion,1,Assertion_07,train
2959,ቦርሳውን ከዛሬ ጀምሮ ብንሞክር ጥሩ ይሆናል።,Suggestion,3,Suggestion_00,train
2960,የውሃው ችግር ዛሬ ማታ ከጓደኛዬ ጋር እፈታለሁ።,Promise,8,Promise_11,train
2961,እባክህ ለመኪናው ይህን ዘዴ ከሶስት ሰዓት በኋላ ተጠቀም።,Suggestion,3,Suggestion_04,train
2962,ውሉ ገና ወደ ባንክ በስብሰባው ወቅት አልደረሰኝም።,Complaint,6,Complaint_07,train
2963,ደህና ሁን ጠበቃው፣ እስከ ከዛሬ ጀምሮ እንገናኝ።,Phatic,7,Phatic_13,train
2964,የበሩ ደረሰኝ ከማዕከሉ የተበላሸ ነው።,Complaint,6,Complaint_08,val
2965,በጣም ደግ ነህ ደንበኛው፣ በቢሮ ምንም እርዳታ አልሰጠኸኝም።,Sarcasm/Irony,5,Sarcasm/Irony_12,train
2966,በጣም ደግ ነህ አስተማሪዋ፣ በፖሊስ ጣቢያ ምንም እርዳታ አልሰጠኸኝም።,Sarcasm/Irony,5,Sarcasm/Irony_12,train
2967,ከስራ አስኪያጁ ጋር በሚቀጥለው ሳምንት በባንክ እገናኛለሁ።,Promise,8,Promise_04,val
2968,እባክዎ ሂሳቡን ለስራ አስኪያጁ ከሰዓት በኋላ ይላኩልኝ።,Request,0,Request_00,train
2969,ከአለቃዬ ጋር ከአንድ ሰዓት በኋላ በከተማው ውስጥ እገናኛለሁ።,Promise,8,Promise_04,val
2970,ደህና እደር ጠበቃው፣ በሚቀጥለው አመት እንገናኝ።,Phatic,7,Phatic_06,train
2971,አለቃዬ ወደ ስብሰባ ክፍል ዛሬ ማታ ሄደዋል።,Assertion,1,Assertion_07,train
2972,በጣም ጎበዝ ነው ሚኒስቴሩ፣ በፍርድ ቤት ደንበኞችን ችላ ይላል።,Sarcasm/Irony,5,Sarcasm/Irony_06,test
2973,ደረሰኙ ገና ወደ ገበያ ከአንድ ሰዓት በኋላ አልደረሰኝም።,Complaint,6,Complaint_07,train
2974,ስለ መኪናው ጉዳይ ከሚኒስትሩ ጋር እንወያይ።,Suggestion,3,Suggestion_10,train
2975,እሰይ፣ ሌላ ችግር በፍርድ ቤት ዛሬ ማታ፣ ልክ የሚያስፈልገን ይሄው ነበር።,Sarcasm/Irony,5,Sarcasm/Irony_07,train
2976,ፕሮጀክቱን ነገ ጠዋት ከስራ አስኪያጁ ጋር ብንጀምር ይሻላል።,Suggestion,3,Suggestion_08,val
2977,ደህና በዚህ ሳምንት ይሁንልህ አለቃዬ።,Phatic,7,Phatic_02,train
2978,ባንኩ በሚቀጥለው ሳምንት ትርፍ አግኝቷል።,Assertion,1,Assertion_04,test
2979,እባክዎ ይቅርታ፣ ስጦታውን ከዛሬ ጀምሮ ማቅረብ አልችልም።,Refusal,2,Refusal_09,train
2980,ሹፌሩ ወደ ፖሊስ ጣቢያ በሚቀጥለው አመት ሄደዋል።,Assertion,1,Assertion_07,train
2981,ኤጀንሲው ስለ ኮምፒዩተሩ ማስጠንቀቂያ ነገ ጠዋት አውጥቷል።,Warning,4,Warning_08,train
2982,የሂሳቡ ችግር በዚህ ሳምንት ከደንበኛው ጋር እፈታለሁ።,Promise,8,Promise_11,train
2983,ሰላም ጋዜጠኛው፣ ከምሽቱ ጀምሮ እንዴት ነህ?,Phatic,7,Phatic_00,train
2984,የውሉ ችግር በዚህ አመት ከአስተማሪዋ ጋር እፈታለሁ።,Promise,8,Promise_11,train
2985,ከባልደረባዬ ጋር ስለ ውሃው ጉዳይ መስማማት አልችልም።,Refusal,2,Refusal_06,train
2986,ጎበዝ ስራ መሐንዲሱ፣ ማሽኑ ሙሉ በሙሉ ፈርሷል።,Sarcasm/Irony,5,Sarcasm/Irony_09,train
2987,የመሳሪያው ችግር ከአንድ ሰዓት በኋላ ከነጋዴው ጋር እፈታለሁ።,Promise,8,Promise_11,train
2988,እባክህ ለፋይሉ ይህን ዘዴ በዚህ አመት ተጠቀም።,Suggestion,3,Suggestion_04,train
2989,እባክዎ ውሃውን ለባልደረባዬ በሚቀጥለው አመት ይላኩልኝ።,Request,0,Request_00,train
2990,እንዴት ደስ ይላል፣ አስተማሪዋ እንደገና በዚህ ወር ዘገዩ።,Sarcasm/Irony,5,Sarcasm/Irony_03,train
2991,ጠበቃው ሪፖርቱን በስብሰባው ወቅት አቅርበዋል።,Assertion,1,Assertion_13,test
2992,ጠበቃው፣ ስራ በስብሰባ ክፍል እንዴት ነው?,Phatic,7,Phatic_09,val
2993,እባክዎ መኪናውን ለሚኒስትሩ ከምሽቱ ጀምሮ ይላኩልኝ።,Request,0,Request_00,train
2994,እባክህ ለካርታው ይህን ዘዴ ነገ ጠዋት ተጠቀም።,Suggestion,3,Suggestion_04,train
2995,እባክዎ ቡናውን ለነጋዴው በስብሰባው ወቅት ይላኩልኝ።,Request,0,Request_00,train
2996,መምህሩ፣ ቤተሰብ በሆስፒታል እንዴት ናቸው?,Phatic,7,Phatic_05,val
2997,ማህበሩ በሚቀጥለው ወር አዲስ ምርት አስተዋውቋል።,Assertion,1,Assertion_02,val
2998,ደህና በሚቀጥለው ሳምንት ይሁንልህ ስራ አስኪያጁ።,Phatic,7,Phatic_02,train
2999,እባክዎ ትዕዛዙን ለሹፌሩ በዚህ ወር ይላኩልኝ።,Request,0,Request_00,train
3000,ሚኒስትሩ ወደ ፍርድ ቤት ዛሬ ሄደዋል።,Assertion,1,Assertion_07,train
3001,እባክዎ ኮምፒዩተሩን ለመሐንዲሱ በዚህ ሳምንት ይላኩልኝ።,Request,0,Request_00,train
3002,እንዴት ደስ ይላል፣ አለቃዬ እንደገና በዚህ አመት ዘገዩ።,Sarcasm/Irony,5,Sarcasm/Irony_03,train
3003,እባክዎ ውሃውን ለሚኒስትሩ ከዛሬ ጀምሮ ይላኩልኝ።,Request,0,Request_00,train
3004,ደህና እደር ሚኒስትሩ፣ ከሶስት ሰዓት በኋላ እንገናኝ።,Phatic,7,Phatic_06,train
3005,ጠበቃው ወደ ከተማው ውስጥ ከሰዓት በኋላ ሄደዋል።,Assertion,1,Assertion_07,train
3006,ካርታው ገና ወደ መጋዘን ከጥቂት ደቂቃዎች በኋላ አልደረሰኝም።,Complaint,6,Complaint_07,train
3007,በጣም ደግ ነህ ነጋዴው፣ በፋብሪካ ምንም እርዳታ አልሰጠኸኝም።,Sarcasm/Irony,5,Sarcasm/Irony_12,train
3008,ወደ አውሮፕላን ማረፊያ ዛሬ ማታ እንሂድ።,Suggestion,3,Suggestion_01,test
3009,ዶክተሩ ወደ ፋብሪካ ከሶስት ሰዓት በኋላ ሄደዋል።,Assertion,1,Assertion_07,train
3010,ከሰዓት በኋላ በስብሰባ ክፍል ስብሰባ እናድርግ።,Suggestion,3,Suggestion_02,train
3011,እንዴት ደስ ይላል፣ ባልደረባዬ እንደገና ነገ ዘገዩ።,Sarcasm/Irony,5,Sarcasm/Irony_03,train
3012,እባክህ ይቅርታ አድርግልኝ፣ ወደ መጋዘን ዛሬ ማታ መምጣት አልችልም።,Refusal,2,Refusal_01,test
3013,ኩባንያው ስለ ማሽኑ ማስጠንቀቂያ ከሁለት ቀናት በኋላ አውጥቷል።,Warning,4,Warning_08,train
3014,ማሽኑ ገና ወደ ስብሰባ ክፍል ዛሬ ማታ አልደረሰኝም።,Complaint,6,Complaint_07,train
3015,ቁልፉን በጥንቃቄ ከስራ አስኪያጁ ጋር ብንመረምር ይሻላል።,Suggestion,3,Suggestion_11,val
3016,ነገ ከሰዓት በኋላ በስብሰባ ክፍል መገኘት አልችልም።,Refusal,2,Refusal_04,val
3017,እባክዎ ጥያቄውን ለመሐንዲሱ በዚህ ሳምንት ይላኩልኝ።,Request,0,Request_00,train
3018,በጣም ውጤታማ ነው መንግስት፣ በበሚቀጥለው ወር ምንም አልተሰራም።,Sarcasm/Irony,5,Sarcasm/Irony_14,val
3019,ቦርሳው ገና ወደ ስብሰባ ክፍል በዚህ ሳምንት አልደረሰኝም።,Complaint,6,Complaint_07,train
3020,የትዕዛዙ ችግር በዚህ ወር ከፖሊሱ ጋር እፈታለሁ።,Promise,8,Promise_11,train
3021,ጎበዝ! በጣም ጥሩ ስራ ሰራህ ጓደኛዬ፣ መልእክቱን አበላሸኸው።,Sarcasm/Irony,5,Sarcasm/Irony_02,train
3022,የዕቃው ችግር ከሁለት ቀናት በኋላ ከጠበቃው ጋር እፈታለሁ።,Promise,8,Promise_11,train
3023,እንኳን ደስ አለህ አለቃዬ፣ ስለ ሪፖርቱ እንደገና ተሳስተሃል።,Sarcasm/Irony,5,Sarcasm/Irony_13,train
3024,ይህን ልብሱን ከፖሊሱ ጋር በጥንቃቄ ያዙ።,Warning,4,Warning_04,val
3025,ጎበዝ ስራ ሹፌሩ፣ ስልኩ ሙሉ በሙሉ ፈርሷል።,Sarcasm/Irony,5,Sarcasm/Irony_09,train
3026,ደህና ሁን ሚኒስትሩ፣ እስከ በዚህ ሳምንት እንገናኝ።,Phatic,7,Phatic_13,train
3027,ደህና ሁን ፖሊሱ፣ እስከ በዚህ ሳምንት እንገናኝ።,Phatic,7,Phatic_13,train
3028,እባክዎ ስልኩን በስብሰባው ወቅት ይላኩልኝ።,Request,0,Request_13,val
3029,የፕሮጀክቱ ገመድ በስብሰባ ክፍል አደገኛ ነው ተጠንቀቁ።,Warning,4,Warning_07,train
3030,እባክዎ ደረሰኙን ለጓደኛዬ ከዛሬ ጀምሮ ይላኩልኝ።,Request,0,Request_00,train
3031,የውሃው ወጪውን በፍርድ ቤት ብንቀንስ የተሻለ ነው።,Suggestion,3,Suggestion_13,train
3032,ከደንበኛው ጋር ዛሬ በባንክ እገናኛለሁ።,Promise,8,Promise_04,val
3033,ባንኩ ስለ ሂሳቡ ማስጠንቀቂያ በዚህ ሳምንት አውጥቷል።,Warning,4,Warning_08,train
3034,ወደ ትምህርት ቤት ከሁለት ቀናት በኋላ መሄድ አልችልም።,Refusal,2,Refusal_13,test
3035,መምህሩ ወደ መጋዘን ከሰዓት በኋላ ሄደዋል።,Assertion,1,Assertion_07,train
3036,ይህን ቡናውን ከባልደረባዬ ጋር በጥንቃቄ ያዙ።,Warning,4,Warning_04,val
3037,እባክህ ለስልኩ ይህን ዘዴ በዚህ ወር ተጠቀም።,Suggestion,3,Suggestion_04,train
3038,ሆስፒታል ከሶስት ሰዓት በኋላ ተከፍቷል።,Assertion,1,Assertion_14,train
3039,እባክዎ ኮምፒዩተሩን ለጓደኛዬ በስብሰባው ወቅት ይላኩልኝ።,Request,0,Request_00,train
3040,መስኮቱ ገና ወደ ቤት በሚቀጥለው ሳምንት አልደረሰኝም።,Complaint,6,Complaint_07,train
3041,እባክሽ ስጦታውን ከሁለት ቀናት በኋላ አምጪልኝ።,Request,0,Request_09,test
3042,መሐንዲሱ፣ ቤተሰብ በቢሮ እንዴት ናቸው?,Phatic,7,Phatic_05,val
3043,እባክዎ ደረሰኙን ለጠበቃው ከምሽቱ ጀምሮ ይላኩልኝ።,Request,0,Request_00,train
3044,ከነጋዴው ጋር ስለ መኪናው ጉዳይ መስማማት አልችልም።,Refusal,2,Refusal_06,train
3045,እባክዎ ቁልፉን ለአለቃዬ ከሰዓት በኋላ ይላኩልኝ።,Request,0,Request_00,train
3046,ስቱዲዮው ስለ መስኮቱ ማስጠንቀቂያ በሚቀጥለው ሳምንት አውጥቷል።,Warning,4,Warning_08,train
3047,ደንበኛው፣ ስራ በመጋዘን እንዴት ነው?,Phatic,7,Phatic_09,val
3048,የመስኮቱ ችግር ከምሽቱ ጀምሮ ከሹፌሩ ጋር እፈታለሁ።,Promise,8,Promise_11,train
3049,እባክሽ መሳሪያውን ነገ ጠዋት አምጪልኝ።,Request,0,Request_09,test
3050,ድርጅቱ ስለ ሰነዱ ማስጠንቀቂያ በዚህ ሳምንት አውጥቷል።,Warning,4,Warning_08,train
3051,እንዴት ደስ ይላል፣ ስራ አስኪያጁ እንደገና ነገ ከሰዓት በኋላ ዘገዩ።,Sarcasm/Irony,5,Sarcasm/Irony_03,train
3052,የበሩ ችግር ከሰዓት በኋላ ከአለቃዬ ጋር እፈታለሁ።,Promise,8,Promise_11,train
3053,ቦርሳው በቤት ይገኛል።,Assertion,1,Assertion_00,test
3054,በጣም ትክክለኛ ነው መምህሩ፣ በመጋዘን ሁልጊዜ እንደዚህ ይሆናል።,Sarcasm/Irony,5,Sarcasm/Irony_08,val
3055,ከመሐንዲሱ ጋር በሚቀጥለው ሳምንት በገበያ እገናኛለሁ።,Promise,8,Promise_04,val
3056,ሚኒስቴሩ ስለ ስጦታው ማስጠንቀቂያ ከዛሬ ጀምሮ አውጥቷል።,Warning,4,Warning_08,train
3057,እንደምን አለህ በመጋዘን፣ ጓደኛዬ?,Phatic,7,Phatic_11,val
3058,የገንዘቡ ዋጋ በዚህ አመት ጨምሯል።,Assertion,1,Assertion_12,val
3059,እባክዎ ደብዳቤውን ለመምህሩ በሚቀጥለው አመት ይላኩልኝ።,Request,0,Request_00,train
3060,የፋይሉ ችግር ከዛሬ ጀምሮ ከጋዜጠኛው ጋር እፈታለሁ።,Promise,8,Promise_11,train
3061,የልብሱ ችግር በሚቀጥለው ሳምንት ከመሐንዲሱ ጋር እፈታለሁ።,Promise,8,Promise_11,train
3062,አመሰግናለሁ ስራ አስኪያጁ፣ ደህና ዋል በቤት።,Phatic,7,Phatic_08,train
3063,እባክዎ ውሉን ለስራ አስኪያጁ ዛሬ ይላኩልኝ።,Request,0,Request_00,train
3064,እባክዎ በሩን ለሹፌሩ ዛሬ ማታ ይላኩልኝ።,Request,0,Request_00,train
3065,የውሉ ገመድ በአውሮፕላን ማረፊያ አደገኛ ነው ተጠንቀቁ።,Warning,4,Warning_07,train
3066,እባክዎ ገንዘቡን ወደ ገበያ ይላኩ።,Request,0,Request_06,test
3067,እባክዎ ቡናውን ለፖሊሱ ነገ ይላኩልኝ።,Request,0,Request_00,train
3068,አለቃዬ ወደ ፍርድ ቤት ዛሬ ማታ ሄደዋል።,Assertion,1,Assertion_07,train
3069,አስተማሪዋ ወደ ሆስፒታል ነገ ጠዋት ሄደዋል።,Assertion,1,Assertion_07,train
3070,ፖሊሱ ወደ ከተማው ውስጥ ነገ ሄደዋል።,Assertion,1,Assertion_07,train
3071,ሰላም ደንበኛው፣ በሚቀጥለው ሳምንት እንዴት ነህ?,Phatic,7,Phatic_00,train
3072,የደረሰኙ ዋጋ ከዛሬ ጀምሮ ጨምሯል።,Assertion,1,Assertion_12,val
3073,ጎበዝ ስራ ፖሊሱ፣ ዕቃው ሙሉ በሙሉ ፈርሷል።,Sarcasm/Irony,5,Sarcasm/Irony_09,train
3074,የመጽሐፉ ወጪውን በመንገድ ላይ ብንቀንስ የተሻለ ነው።,Suggestion,3,Suggestion_13,train
3075,ወደ ፖሊስ ጣቢያ ከምሽቱ ጀምሮ መሄድ አልችልም።,Refusal,2,Refusal_13,test
3076,እባክዎ ቁልፉን ለዶክተሩ በሚቀጥለው ወር ይላኩልኝ።,Request,0,Request_00,train
3077,የጥያቄው ገመድ በገበያ አደገኛ ነው ተጠንቀቁ።,Warning,4,Warning_07,train
3078,ስለ ልብሱ ከደንበኛው ጋር ማሰብ ይኖርብናል።,Suggestion,3,Suggestion_03,train
3079,ስለ መስኮቱ ጉዳይ ከአለቃዬ ጋር እንወያይ።,Suggestion,3,Suggestion_10,train
3080,ይቅርታ፣ ሪፖርቱን በሚቀጥለው አመት ማድረግ አልችልም።,Refusal,2,Refusal_00,train
3081,መጽሐፉ ገና ወደ መንገድ ላይ በስብሰባው ወቅት አልደረሰኝም።,Complaint,6,Complaint_07,train
3082,ሰላም ነጋዴው፣ በዚህ ወር እንዴት ነህ?,Phatic,7,Phatic_00,train
3083,ፕሮጀክቱን ዛሬ ማታ ከሹፌሩ ጋር ብንጀምር ይሻላል።,Suggestion,3,Suggestion_08,val
3084,እባክዎ ዕቃውን ለዶክተሩ ከሶስት ሰዓት በኋላ ይላኩልኝ።,Request,0,Request_00,train
3085,ቢያንስ አንዴ መሳሪያውን በገበያ እንሞክር።,Suggestion,3,Suggestion_05,train
3086,ስራ አስኪያጁ፣ ጤና ይስጥልኝ በስብሰባ ክፍል።,Phatic,7,Phatic_03,train
3087,ስራ አስኪያጁ፣ ቤተሰብ በገበያ እንዴት ናቸው?,Phatic,7,Phatic_05,val
3088,እባክዎ መጽሐፉን በሳምንቱ መጨረሻ ይላኩልኝ።,Request,0,Request_13,val
3089,እሰይ፣ ሌላ ችግር በቤት በሚቀጥለው አመት፣ ልክ የሚያስፈልገን ይሄው ነበር።,Sarcasm/Irony,5,Sarcasm/Irony_07,train
3090,ከፖሊሱ ጋር በዚህ ሳምንት በትምህርት ቤት እገናኛለሁ።,Promise,8,Promise_04,val
3091,ባንኩ ስለ መጽሐፉ ማስጠንቀቂያ ከጥቂት ደቂቃዎች በኋላ አውጥቷል።,Warning,4,Warning_08,train
3092,ፕሮጀክቱን ከዛሬ ጀምሮ ከመምህሩ ጋር ብንጀምር ይሻላል።,Suggestion,3,Suggestion_08,val
3093,ከፖሊሱ ጋር ከሁለት ቀናት በኋላ በፍርድ ቤት እገናኛለሁ።,Promise,8,Promise_04,val
3094,ድርጅቱ በሳምንቱ መጨረሻ አዲስ ምርት አስተዋውቋል።,Assertion,1,Assertion_02,val
3095,እባክዎ መስኮቱን ለጓደኛዬ በዚህ ሳምንት ይላኩልኝ።,Request,0,Request_00,train
3096,ፋብሪካው ቃል የገባውን በዚህ አመት አላከበረም።,Complaint,6,Complaint_02,test
3097,የፕሮጀክቱ ችግር በዚህ ሳምንት ከጋዜጠኛው ጋር እፈታለሁ።,Promise,8,Promise_11,train
3098,አስተማሪዋ፣ ስራ በአውሮፕላን ማረፊያ እንዴት ነው?,Phatic,7,Phatic_09,val
3099,እንኳን ደስ አለህ ባልደረባዬ በዚህ ወር።,Phatic,7,Phatic_07,train
3100,ሚኒስትሩ ወደ ቤት በሚቀጥለው ሳምንት ሄደዋል።,Assertion,1,Assertion_07,train
3101,ማሽኑ ገና ወደ ሱቅ ከምሽቱ ጀምሮ አልደረሰኝም።,Complaint,6,Complaint_07,train
3102,በሩ ገና ወደ ቢሮ ከምሽቱ ጀምሮ አልደረሰኝም።,Complaint,6,Complaint_07,train
3103,መሐንዲሱ፣ ስራ በፖሊስ ጣቢያ እንዴት ነው?,Phatic,7,Phatic_09,val
3104,ባንኩ ስለ ሂሳቡ ማስጠንቀቂያ ነገ አውጥቷል።,Warning,4,Warning_08,train
3105,ማህበሩ ስለ ጥያቄው ማስጠንቀቂያ በስብሰባው ወቅት አውጥቷል።,Warning,4,Warning_08,train
3106,ጎበዝ ስራ ፖሊሱ፣ መሳሪያው ሙሉ በሙሉ ፈርሷል።,Sarcasm/Irony,5,Sarcasm/Irony_09,train
3107,ወደ መጋዘን በሚቀጥለው ሳምንት መሄድ አልችልም።,Refusal,2,Refusal_13,test
3108,ይቅርታ፣ መሳሪያውን በሳምንቱ መጨረሻ ማድረግ አልችልም።,Refusal,2,Refusal_00,train
3109,እባክዎ ቤቱን ለዶክተሩ በዚህ ወር ይላኩልኝ።,Request,0,Request_00,train
3110,ፕሮጀክቱ በሆስፒታል ይገኛል።,Assertion,1,Assertion_00,test
3111,እንዴት ጎበዝ ነህ አስተማሪዋ፣ ኮምፒዩተሩን ሰብረኸዋል!,Sarcasm/Irony,5,Sarcasm/Irony_00,train
3112,በጣም ትክክለኛ ነው ፖሊሱ፣ በባንክ ሁልጊዜ እንደዚህ ይሆናል።,Sarcasm/Irony,5,Sarcasm/Irony_08,val
3113,ደህና ሁን ነጋዴው፣ እስከ ከጥቂት ደቂቃዎች በኋላ እንገናኝ።,Phatic,7,Phatic_13,train
3114,ሚኒስቴሩ ስለ መጽሐፉ ማስጠንቀቂያ በሚቀጥለው ሳምንት አውጥቷል።,Warning,4,Warning_08,train
3115,ባንኩ በሳምንቱ መጨረሻ አዲስ ምርት አስተዋውቋል።,Assertion,1,Assertion_02,val
3116,ውሃው ከመምህሩ አጠገብ አደገኛ ሊሆን ይችላል።,Warning,4,Warning_01,test
3117,የትዕዛዙ ችግር ነገ ጠዋት ከባልደረባዬ ጋር እፈታለሁ።,Promise,8,Promise_11,train
3118,እንኳን ወደ ስብሰባ ክፍል ደህና መጣህ ጠበቃው።,Phatic,7,Phatic_04,test
3119,እባክህ ለስጦታው ይህን ዘዴ ዛሬ ተጠቀም።,Suggestion,3,Suggestion_04,train
3120,የደረሰኙ ችግር ከጥቂት ደቂቃዎች በኋላ ከፖሊሱ ጋር እፈታለሁ።,Promise,8,Promise_11,train
3121,እባክህ ለዕቃው ይህን ዘዴ ከአንድ ሰዓት በኋላ ተጠቀም።,Suggestion,3,Suggestion_04,train
3122,እባክዎ ይቅርታ፣ መሳሪያውን ነገ ጠዋት ማቅረብ አልችልም።,Refusal,2,Refusal_09,train
3123,በባንክ ከዛሬ ጀምሮ ወንጀል ሊፈጸም ይችላል ተጠንቀቁ።,Warning,4,Warning_11,train
3124,የደብዳቤው ችግር በዚህ ሳምንት ከዶክተሩ ጋር እፈታለሁ።,Promise,8,Promise_11,train
3125,ያልተፈቀደ ግቢ ወደ ፍርድ ቤት ዛሬ አይግቡ።,Warning,4,Warning_09,test
3126,መልእክቱ በገበያ ይገኛል።,Assertion,1,Assertion_00,test
3127,የመጽሐፉ ችግር ከጥቂት ደቂቃዎች በኋላ ከአለቃዬ ጋር እፈታለሁ።,Promise,8,Promise_11,train
3128,እባክዎ ፋይሉን ለአስተማሪዋ በዚህ ወር ይላኩልኝ።,Request,0,Request_00,train
3129,ይቅርታ፣ ቁልፉን በሚቀጥለው ሳምንት ማድረግ አልችልም።,Refusal,2,Refusal_00,train
3130,ደህና ሁን ዶክተሩ፣ እስከ በስብሰባው ወቅት እንገናኝ።,Phatic,7,Phatic_13,train
3131,እባክህ ለሂሳቡ ይህን ዘዴ ዛሬ ማታ ተጠቀም።,Suggestion,3,Suggestion_04,train
3132,ወደ ከተማው ውስጥ ከምሽቱ ጀምሮ መሄድ አልችልም።,Refusal,2,Refusal_13,test
3133,ጓደኛዬ ወደ አውሮፕላን ማረፊያ ዛሬ ሄደዋል።,Assertion,1,Assertion_07,train
3134,ውሉ ገና ወደ ትምህርት ቤት ከጥቂት ደቂቃዎች በኋላ አልደረሰኝም።,Complaint,6,Complaint_07,train
3135,ከሁለት ቀናት በኋላ በፖሊስ ጣቢያ መገኘት አልችልም።,Refusal,2,Refusal_04,val
3136,ሰነዱ ገና ወደ ፍርድ ቤት በስብሰባው ወቅት አልደረሰኝም።,Complaint,6,Complaint_07,train
3137,ዛሬ ማታ በሱቅ መገኘት አልችልም።,Refusal,2,Refusal_04,val
3138,ጥያቄው ከባልደረባዬ አጠገብ አደገኛ ሊሆን ይችላል።,Warning,4,Warning_01,test
3139,እንኳን ደስ አለህ አለቃዬ፣ ስለ መልእክቱ እንደገና ተሳስተሃል።,Sarcasm/Irony,5,Sarcasm/Irony_13,train
3140,እባክዎ ደረሰኙን ለአለቃዬ በዚህ ወር ይላኩልኝ።,Request,0,Request_00,train
3141,ክፍያ ብከፍልም ከባንኩ አገልግሎት ከአንድ ሰዓት በኋላ አላገኘሁም።,Complaint,6,Complaint_10,val
3142,ጓደኛዬ ሪፖርቱን ነገ ከሰዓት በኋላ አቅርበዋል።,Assertion,1,Assertion_13,test
3143,ነጋዴው ወደ ሆስፒታል በዚህ ሳምንት ሄደዋል።,Assertion,1,Assertion_07,train
3144,እባክዎ ወደ ቢሮ ዛሬ ይምጡልኝ።,Request,0,Request_03,test
3145,የምርቱ ደረሰኝ ከማዕከሉ የተበላሸ ነው።,Complaint,6,Complaint_08,val
3146,ትዕዛዙን ከሶስት ሰዓት በኋላ ብንሞክር ጥሩ ይሆናል።,Suggestion,3,Suggestion_00,train
3147,ኤጀንሲው ስለ ደብዳቤው ማስጠንቀቂያ ዛሬ አውጥቷል።,Warning,4,Warning_08,train
3148,ስራ አስኪያጁ ወደ ገበያ በዚህ ሳምንት ሄደዋል።,Assertion,1,Assertion_07,train
3149,መሐንዲሱ፣ ጤና ይስጥልኝ በፋብሪካ።,Phatic,7,Phatic_03,train
3150,ኤጀንሲው ስለ በሩ ማስጠንቀቂያ በዚህ ወር አውጥቷል።,Warning,4,Warning_08,train
3151,እንዴት ጎበዝ ነህ ዶክተሩ፣ ደረሰኙን ሰብረኸዋል!,Sarcasm/Irony,5,Sarcasm/Irony_00,train
3152,ይቅርታ፣ ደረሰኙን ከጥቂት ደቂቃዎች በኋላ ማድረግ አልችልም።,Refusal,2,Refusal_00,train
3153,ከፖሊሱ ጋር ከሰዓት በኋላ መነጋገር ይሻላል።,Suggestion,3,Suggestion_06,val
3154,እባክዎ ለጓደኛዬ ስለ ልብሱ ይንገሩልኝ።,Request,0,Request_04,val
3155,ደንበኛው ወደ ሱቅ ከሁለት ቀናት በኋላ ሄደዋል።,Assertion,1,Assertion_07,train
3156,የቦርሳው ችግር በስብሰባው ወቅት ከጓደኛዬ ጋር እፈታለሁ።,Promise,8,Promise_11,train
3157,እንዴት ጎበዝ ነህ አለቃዬ፣ ቡናውን ሰብረኸዋል!,Sarcasm/Irony,5,Sarcasm/Irony_00,train
3158,በፋብሪካ በሚቀጥለው አመት ወንጀል ሊፈጸም ይችላል ተጠንቀቁ።,Warning,4,Warning_11,train
3159,በጣም ብልህ ነህ ስራ አስኪያጁ፣ ቡናውን ረሳኸው።,Sarcasm/Irony,5,Sarcasm/Irony_04,train
3160,ገንዘብዎን ይጠብቁ፣ በገበያ በሚቀጥለው ወር ስርቆት ተከስቷል።,Warning,4,Warning_05,val
3161,አዎ በእርግጥ፣ ሚኒስትሩ ነገ ትመጣለህ ብዬ አላምንም።,Sarcasm/Irony,5,Sarcasm/Irony_01,test
3162,መጽሐፉ በከተማው ውስጥ ይገኛል።,Assertion,1,Assertion_00,test
3163,ከአስተማሪዋ ጋር በሚቀጥለው አመት መነጋገር ይሻላል።,Suggestion,3,Suggestion_06,val
3164,ጓደኛዬ ወደ ሆስፒታል ከጥቂት ደቂቃዎች በኋላ ሄደዋል።,Assertion,1,Assertion_07,train
3165,ፋብሪካው ስለ መኪናው ማስጠንቀቂያ ከሁለት ቀናት በኋላ አውጥቷል።,Warning,4,Warning_08,train
3166,ከፖሊሱ ጋር በስብሰባው ወቅት በቢሮ እገናኛለሁ።,Promise,8,Promise_04,val
3167,ጓደኛዬ ወደ ፍርድ ቤት ከአንድ ሰዓት በኋላ ሄደዋል።,Assertion,1,Assertion_07,train
3168,ነጋዴው፣ እንደምን አደርክ ዛሬ ማታ?,Phatic,7,Phatic_01,train
3169,ፕሮጀክቱ ከአለቃዬ አጠገብ አደገኛ ሊሆን ይችላል።,Warning,4,Warning_01,test
3170,እሰይ፣ ሌላ ችግር በመንገድ ላይ ከአንድ ሰዓት በኋላ፣ ልክ የሚያስፈልገን ይሄው ነበር።,Sarcasm/Irony,5,Sarcasm/Irony_07,train
3171,እርግጠኛ ነኝ አለቃዬ በሳምንቱ መጨረሻ ይደርሳሉ፣ እንደ ሁልጊዜው።,Sarcasm/Irony,5,Sarcasm/Irony_05,test
3172,የማሽኑ ገመድ በመንገድ ላይ አደገኛ ነው ተጠንቀቁ።,Warning,4,Warning_07,train
3173,የቁልፉ ችግር ነገ ጠዋት ከፖሊሱ ጋር እፈታለሁ።,Promise,8,Promise_11,train
3174,ስለ ሪፖርቱ ጉዳይ ከአለቃዬ ጋር እንወያይ።,Suggestion,3,Suggestion_10,train
3175,እቅዱን በሚቀጥለው አመት ከድርጅቱ ጋር እናሻሽል።,Suggestion,3,Suggestion_12,train
3176,እንደምን አለህ በቤት፣ ዶክተሩ?,Phatic,7,Phatic_11,val
3177,በሩ ከአለቃዬ አጠገብ አደገኛ ሊሆን ይችላል።,Warning,4,Warning_01,test
3178,ስልኩ ገና ወደ ስብሰባ ክፍል በሚቀጥለው ሳምንት አልደረሰኝም።,Complaint,6,Complaint_07,train
3179,ወደ አውሮፕላን ማረፊያ ከዛሬ ጀምሮ መሄድ አልችልም።,Refusal,2,Refusal_13,test
3180,እንዴት ጎበዝ ነህ ስራ አስኪያጁ፣ ልብሱን ሰብረኸዋል!,Sarcasm/Irony,5,Sarcasm/Irony_00,train
3181,ከመምህሩ ጋር ነገ በፍርድ ቤት እገናኛለሁ።,Promise,8,Promise_04,val
3182,ጎበዝ ስራ ደንበኛው፣ ኮምፒዩተሩ ሙሉ በሙሉ ፈርሷል።,Sarcasm/Irony,5,Sarcasm/Irony_09,train
3183,አዎ በእርግጥ፣ ደንበኛው ከሁለት ቀናት በኋላ ትመጣለህ ብዬ አላምንም።,Sarcasm/Irony,5,Sarcasm/Irony_01,test
3184,የጥያቄው ዋጋውን በዚህ ሳምንት ብንቀንስ ደንበኞች ይጨምራሉ።,Suggestion,3,Suggestion_07,train
3185,እባክዎ ይቅርታ፣ መጽሐፉን ከሁለት ቀናት በኋላ ማቅረብ አልችልም።,Refusal,2,Refusal_09,train
3186,የስልኩ ዋጋ ከምሽቱ ጀምሮ ጨምሯል።,Assertion,1,Assertion_12,val
3187,የቤቱ ወጪውን በአውሮፕላን ማረፊያ ብንቀንስ የተሻለ ነው።,Suggestion,3,Suggestion_13,train
3188,ሰላም ደንበኛው፣ በሚቀጥለው አመት እንዴት ነህ?,Phatic,7,Phatic_00,train
3189,ደህና ከሰዓት በኋላ ይሁንልህ ጓደኛዬ።,Phatic,7,Phatic_02,train
3190,ስራ አስኪያጁ ወደ ቤት በዚህ አመት ሄደዋል።,Assertion,1,Assertion_07,train
3191,ፋይሉ ገና ወደ ሱቅ ከጥቂት ደቂቃዎች በኋላ አልደረሰኝም።,Complaint,6,Complaint_07,train
3192,ይቅርታ፣ ትዕዛዙን ነገ ማድረግ አልችልም።,Refusal,2,Refusal_00,train
3193,የመጽሐፉ ዋጋ በሚቀጥለው አመት ጨምሯል።,Assertion,1,Assertion_12,val
3194,ጎበዝ ስራ ነጋዴው፣ ፋይሉ ሙሉ በሙሉ ፈርሷል።,Sarcasm/Irony,5,Sarcasm/Irony_09,train
3195,ስለ ስልኩ ጉዳይ ከመሐንዲሱ ጋር እንወያይ።,Suggestion,3,Suggestion_10,train
3196,ይቅርታ፣ መሳሪያውን ነገ ጠዋት ማድረግ አልችልም።,Refusal,2,Refusal_00,train
3197,እባክዎ ከዛሬ ጀምሮ ወደ ገበያ ይድረሱልኝ።,Request,0,Request_07,val
3198,አስተማሪዋ ለቅሬታዬ ምላሽ በሚቀጥለው ወር አልሰጡም።,Complaint,6,Complaint_06,val
3199,የውሉ ችግር ዛሬ ከሚኒስትሩ ጋር እፈታለሁ።,Promise,8,Promise_11,train
3200,እባክዎ ማሽኑን ለደንበኛው በዚህ ሳምንት ይላኩልኝ።,Request,0,Request_00,train
3201,ጎበዝ ስራ ስራ አስኪያጁ፣ ሪፖርቱ ሙሉ በሙሉ ፈርሷል።,Sarcasm/Irony,5,Sarcasm/Irony_09,train
3202,እንዴት ጥሩ ነው ሚኒስትሩ፣ በሳምንቱ መጨረሻ ደግሞ ዘገየ።,Sarcasm/Irony,5,Sarcasm/Irony_10,val
3203,ስራውን ከፖሊሱ ጋር ከሰዓት በኋላ እጨርሳለሁ።,Promise,8,Promise_01,test
3204,ይህን ምርቱን ከዶክተሩ መቀበል አልችልም።,Refusal,2,Refusal_03,train
3205,ፖሊሱ ወደ ባንክ ከሁለት ቀናት በኋላ ሄደዋል።,Assertion,1,Assertion_07,train
3206,ባንኩ ስለ መጽሐፉ ማስጠንቀቂያ በዚህ አመት አውጥቷል።,Warning,4,Warning_08,train
3207,ፖሊሱ ወደ ባንክ ከአንድ ሰዓት በኋላ ሄደዋል።,Assertion,1,Assertion_07,train
3208,የካርታው ችግር ዛሬ ማታ ከጠበቃው ጋር እፈታለሁ።,Promise,8,Promise_11,train
3209,በኤጀንሲው አዲስ ስልት ነገ ከሰዓት በኋላ እንተግብር።,Suggestion,3,Suggestion_14,test
3210,የሰነዱ ችግር ነገ ከሰዓት በኋላ ከጠበቃው ጋር እፈታለሁ።,Promise,8,Promise_11,train
3211,ይቅርታ፣ ቤቱን ከዛሬ ጀምሮ ማድረግ አልችልም።,Refusal,2,Refusal_00,train
3212,እባክህ ለመጽሐፉ ይህን ዘዴ ከሰዓት በኋላ ተጠቀም።,Suggestion,3,Suggestion_04,train
3213,የኮምፒዩተሩ ገመድ በሱቅ አደገኛ ነው ተጠንቀቁ።,Warning,4,Warning_07,train
3214,ስቱዲዮው በሳምንቱ መጨረሻ አዲስ ሰራተኞችን ቀጥሯል።,Assertion,1,Assertion_09,train
3215,ምርቱን ከሁለት ቀናት በኋላ ብንሞክር ጥሩ ይሆናል።,Suggestion,3,Suggestion_00,train
3216,አስተማሪዋ ወደ ባንክ በሚቀጥለው ወር ሄደዋል።,Assertion,1,Assertion_07,train
3217,ከሰዓት በኋላ በመንገድ ላይ መገኘት አልችልም።,Refusal,2,Refusal_04,val
3218,እንኳን ደስ አለህ ዶክተሩ በሚቀጥለው አመት።,Phatic,7,Phatic_07,train
3219,እባክዎ ዕቃውን ለነጋዴው በዚህ አመት ይላኩልኝ።,Request,0,Request_00,train
3220,የደረሰኙ ችግር ነገ ከሰዓት በኋላ ከመሐንዲሱ ጋር እፈታለሁ።,Promise,8,Promise_11,train
3221,ባልደረባዬ ወደ አውሮፕላን ማረፊያ ነገ ጠዋት ሄደዋል።,Assertion,1,Assertion_07,train
3222,ይህን ቁልፉን ከአለቃዬ ጋር በጥንቃቄ ያዙ።,Warning,4,Warning_04,val
3223,ስጦታውን ዛሬ ማታ ብንሞክር ጥሩ ይሆናል።,Suggestion,3,Suggestion_00,train
3224,በጣም ብልህ ነህ ፖሊሱ፣ ሪፖርቱን ረሳኸው።,Sarcasm/Irony,5,Sarcasm/Irony_04,train
3225,መንግስት ስለ ፕሮጀክቱ ማስጠንቀቂያ ነገ ከሰዓት በኋላ አውጥቷል።,Warning,4,Warning_08,train
3226,ተጠንቀቅ፣ በዚህ ሳምንት ቤት ውስጥ አደጋ አለ።,Warning,4,Warning_00,val
3227,እንኳን አደረሳችሁ ዶክተሩ፣ በመጋዘን።,Phatic,7,Phatic_14,test
3228,እባክህ ይቅርታ አድርግልኝ፣ ወደ ባንክ በሳምንቱ መጨረሻ መምጣት አልችልም።,Refusal,2,Refusal_01,test
3229,እባክዎ ገንዘቡን ለባልደረባዬ ከምሽቱ ጀምሮ ይላኩልኝ።,Request,0,Request_00,train
3230,እባክዎ መኪናውን ለነጋዴው ከምሽቱ ጀምሮ ይላኩልኝ።,Request,0,Request_00,train
3231,እባክህ ፕሮጀክቱን ስጠኝ።,Request,0,Request_08,val
3232,ማዕከሉ ስለ መስኮቱ ማስጠንቀቂያ ከአንድ ሰዓት በኋላ አውጥቷል።,Warning,4,Warning_08,train
3233,ይህን ፋይሉን ከሹፌሩ መቀበል አልችልም።,Refusal,2,Refusal_03,train
3234,መንግስት ስለ ምርቱ ማስጠንቀቂያ በዚህ ወር አውጥቷል።,Warning,4,Warning_08,train
3235,ዶክተሩ ወደ ከተማው ውስጥ በሚቀጥለው አመት ሄደዋል።,Assertion,1,Assertion_07,train
3236,ጤና ይስጥልኝ ደንበኛው፣ ነገ ጠዋት ደህና ነህ?,Phatic,7,Phatic_12,train
3237,በፖሊስ ጣቢያ ትንሽ እረፍት ነገ ጠዋት ብንወስድ ጥሩ ነው።,Suggestion,3,Suggestion_09,test
3238,ይህን ገንዘቡን ከደንበኛው መቀበል አልችልም።,Refusal,2,Refusal_03,train
3239,ፖሊሱ ወደ ፖሊስ ጣቢያ በዚህ አመት ሄደዋል።,Assertion,1,Assertion_07,train
3240,እባክዎ ደረሰኙን ለሹፌሩ ነገ ከሰዓት በኋላ ይላኩልኝ።,Request,0,Request_00,train
3241,ወደ ሱቅ በዚህ አመት ብቻዎን አይሂዱ።,Warning,4,Warning_06,test
3242,ከስራ አስኪያጁ ጋር ዛሬ በገበያ እገናኛለሁ።,Promise,8,Promise_04,val
3243,እባክዎ ኮምፒዩተሩን ለዶክተሩ በስብሰባው ወቅት ይላኩልኝ።,Request,0,Request_00,train
3244,እባክዎ ዕቃውን ለሚኒስትሩ በሚቀጥለው ሳምንት ይላኩልኝ።,Request,0,Request_00,train
3245,እባክህ ለቡናው ይህን ዘዴ በሚቀጥለው አመት ተጠቀም።,Suggestion,3,Suggestion_04,train
3246,እባክዎ ፋይሉን ለአለቃዬ ከሁለት ቀናት በኋላ ይላኩልኝ።,Request,0,Request_00,train
3247,ጓደኛዬ ለቅሬታዬ ምላሽ ከአንድ ሰዓት በኋላ አልሰጡም።,Complaint,6,Complaint_06,val
3248,ጤና ይስጥልኝ አስተማሪዋ፣ ነገ ደህና ነህ?,Phatic,7,Phatic_12,train
3249,ቢያንስ አንዴ ኮምፒዩተሩን በቤት እንሞክር።,Suggestion,3,Suggestion_05,train
3250,ሂሳቡን ከሶስት ሰዓት በኋላ ብንሞክር ጥሩ ይሆናል።,Suggestion,3,Suggestion_00,train
3251,ቢያንስ አንዴ ስልኩን በሆስፒታል እንሞክር።,Suggestion,3,Suggestion_05,train
3252,ወደ ፍርድ ቤት በሚቀጥለው አመት እንሂድ።,Suggestion,3,Suggestion_01,test
3253,ወደ ስብሰባ ክፍል ከሰዓት በኋላ መሄድ አልችልም።,Refusal,2,Refusal_13,test
3254,ይቅርታ፣ ቡናውን በሚቀጥለው አመት ማድረግ አልችልም።,Refusal,2,Refusal_00,train
3255,በገበያ ከዛሬ ጀምሮ ንጽህና ጎድሏል።,Complaint,6,Complaint_13,test
3256,ይህ ፕሮጀክቱ ከማዕከሉ ጥራት የለውም።,Complaint,6,Complaint_00,val
3257,መምህሩ፣ ጤና ይስጥልኝ በስብሰባ ክፍል።,Phatic,7,Phatic_03,train
3258,መምህሩ ወደ ስብሰባ ክፍል ነገ ጠዋት ሄደዋል።,Assertion,1,Assertion_07,train
3259,እባክዎ ለነጋዴው ልብሱን ያድርሱ።,Request,0,Request_14,test
3260,ደረሰኙን ዛሬ ማታ ብንሞክር ጥሩ ይሆናል።,Suggestion,3,Suggestion_00,train
3261,የዕቃው ችግር ነገ ጠዋት ከጓደኛዬ ጋር እፈታለሁ።,Promise,8,Promise_11,train
3262,ይህን ውሃውን ከመምህሩ መቀበል አልችልም።,Refusal,2,Refusal_03,train
3263,የውሃው ችግር ከዛሬ ጀምሮ ከሚኒስትሩ ጋር እፈታለሁ።,Promise,8,Promise_11,train
3264,የፋይሉ ዋጋውን ከምሽቱ ጀምሮ ብንቀንስ ደንበኞች ይጨምራሉ።,Suggestion,3,Suggestion_07,train
3265,ይህን ደረሰኙን ከስራ አስኪያጁ መቀበል አልችልም።,Refusal,2,Refusal_03,train
3266,እባክህ ይቅርታ አድርግልኝ፣ ወደ ቢሮ ነገ ጠዋት መምጣት አልችልም።,Refusal,2,Refusal_01,test
3267,ሹፌሩ ወደ ሱቅ ዛሬ ማታ ሄደዋል።,Assertion,1,Assertion_07,train
3268,እቅዱን ዛሬ ከድርጅቱ ጋር እናሻሽል።,Suggestion,3,Suggestion_12,train
3269,መምህሩ ወደ ቤት በሚቀጥለው ወር ሄደዋል።,Assertion,1,Assertion_07,train
3270,ማዕከሉ ስለ ካርታው ማስጠንቀቂያ በዚህ ሳምንት አውጥቷል።,Warning,4,Warning_08,train
3271,እንደምን አለህ በቢሮ፣ ባልደረባዬ?,Phatic,7,Phatic_11,val
3272,የጥያቄው ገመድ በቤት አደገኛ ነው ተጠንቀቁ።,Warning,4,Warning_07,train
3273,እርግጠኛ ነኝ ጠበቃው ዛሬ ይደርሳሉ፣ እንደ ሁልጊዜው።,Sarcasm/Irony,5,Sarcasm/Irony_05,test
3274,ስቱዲዮው ስለ ውሃው ማስጠንቀቂያ በዚህ አመት አውጥቷል።,Warning,4,Warning_08,train
3275,ስለ ገንዘቡ ጉዳይ ከነጋዴው ጋር እንወያይ።,Suggestion,3,Suggestion_10,train
3276,ሹፌሩ ወደ ቤት በሚቀጥለው ወር ሄደዋል።,Assertion,1,Assertion_07,train
3277,ኤጀንሲው ከዛሬ ጀምሮ አዲስ ምርት አስተዋውቋል።,Assertion,1,Assertion_02,val
3278,በጣም ትክክለኛ ነው አለቃዬ፣ በባንክ ሁልጊዜ እንደዚህ ይሆናል።,Sarcasm/Irony,5,Sarcasm/Irony_08,val
3279,ይህ ደረሰኙ ከመንግስት ከተገለጸው ጋር አይመሳሰልም።,Complaint,6,Complaint_12,test
3280,እባክዎ ሂሳቡን ለሹፌሩ ከሁለት ቀናት በኋላ ይላኩልኝ።,Request,0,Request_00,train
3281,የስልኩ ችግር በሚቀጥለው ወር ከጠበቃው ጋር እፈታለሁ።,Promise,8,Promise_11,train
3282,እባክዎ መኪናውን ለባልደረባዬ ከምሽቱ ጀምሮ ይላኩልኝ።,Request,0,Request_00,train
3283,እባክዎ ፕሮጀክቱን ለጠበቃው ነገ ጠዋት ይላኩልኝ።,Request,0,Request_00,train
3284,በባንክ ትንሽ እረፍት ነገ ብንወስድ ጥሩ ነው።,Suggestion,3,Suggestion_09,test
3285,እንኳን ደስ አለህ ጋዜጠኛው በሚቀጥለው ወር።,Phatic,7,Phatic_07,train
3286,እባክዎ ስጦታውን ለባልደረባዬ ዛሬ ይላኩልኝ።,Request,0,Request_00,train
3287,እንዴት ደስ ይላል፣ ጓደኛዬ እንደገና ዛሬ ማታ ዘገዩ።,Sarcasm/Irony,5,Sarcasm/Irony_03,train
3288,የመልእክቱ ዋጋ ከአንድ ሰዓት በኋላ ጨምሯል።,Assertion,1,Assertion_12,val
3289,ደህና እደር ዶክተሩ፣ ነገ ጠዋት እንገናኝ።,Phatic,7,Phatic_06,train
3290,ይህን ትዕዛዙን ከነጋዴው መቀበል አልችልም።,Refusal,2,Refusal_03,train
3291,ጠበቃው፣ እንደምን አደርክ በዚህ አመት?,Phatic,7,Phatic_01,train
3292,ስራ አስኪያጁ ወደ መንገድ ላይ በዚህ አመት ሄደዋል።,Assertion,1,Assertion_07,train
3293,ከባልደረባዬ ጋር ዛሬ በከተማው ውስጥ እገናኛለሁ።,Promise,8,Promise_04,val
3294,ፖሊሱ ወደ ፖሊስ ጣቢያ ዛሬ ሄደዋል።,Assertion,1,Assertion_07,train
3295,ስለ ዕቃው ጉዳይ ከባልደረባዬ ጋር እንወያይ።,Suggestion,3,Suggestion_10,train
3296,ፕሮጀክቱ ገና ወደ ባንክ ዛሬ ማታ አልደረሰኝም።,Complaint,6,Complaint_07,train
3297,ከነጋዴው ጋር በዚህ ወር በፖሊስ ጣቢያ እገናኛለሁ።,Promise,8,Promise_04,val
3298,የኮምፒዩተሩ ዋጋውን ነገ ጠዋት ብንቀንስ ደንበኞች ይጨምራሉ።,Suggestion,3,Suggestion_07,train
3299,ደህና ከዛሬ ጀምሮ ይሁንልህ ጠበቃው።,Phatic,7,Phatic_02,train
3300,የማሽኑ ችግር ከሶስት ሰዓት በኋላ ከሹፌሩ ጋር እፈታለሁ።,Promise,8,Promise_11,train
3301,የውሉ ገመድ በከተማው ውስጥ አደገኛ ነው ተጠንቀቁ።,Warning,4,Warning_07,train
3302,እርግጠኛ ነኝ ደንበኛው ከሶስት ሰዓት በኋላ ይደርሳሉ፣ እንደ ሁልጊዜው።,Sarcasm/Irony,5,Sarcasm/Irony_05,test
3303,ወደ ሱቅ ከሁለት ቀናት በኋላ እንሂድ።,Suggestion,3,Suggestion_01,test
3304,እንኳን አደረሳችሁ አለቃዬ፣ በሆስፒታል።,Phatic,7,Phatic_14,test
3305,ከመሐንዲሱ ጋር ከአንድ ሰዓት በኋላ መነጋገር ይሻላል።,Suggestion,3,Suggestion_06,val
3306,ይቅርታ፣ ሰነዱን በሳምንቱ መጨረሻ ማድረግ አልችልም።,Refusal,2,Refusal_00,train
3307,ከባልደረባዬ ጋር ዛሬ ማታ በመጋዘን እገናኛለሁ።,Promise,8,Promise_04,val
3308,ደህና በስብሰባው ወቅት ይሁንልህ ጋዜጠኛው።,Phatic,7,Phatic_02,train
3309,አመሰግናለሁ መሐንዲሱ፣ ደህና ዋል በከተማው ውስጥ።,Phatic,7,Phatic_08,train
3310,እባክዎ ቡናውን ለመሐንዲሱ ከምሽቱ ጀምሮ ይላኩልኝ።,Request,0,Request_00,train
3311,እባክዎ ሂሳቡን ለመሐንዲሱ ከሶስት ሰዓት በኋላ ይላኩልኝ።,Request,0,Request_00,train
3312,ይህን መኪናውን ያለ ሚኒስትሩ ትዕዛዝ አይውሰዱ።,Warning,4,Warning_12,val
3313,ጥያቄው ገና ወደ አውሮፕላን ማረፊያ በሳምንቱ መጨረሻ አልደረሰኝም።,Complaint,6,Complaint_07,train
3314,ጎበዝ ስራ መሐንዲሱ፣ ሰነዱ ሙሉ በሙሉ ፈርሷል።,Sarcasm/Irony,5,Sarcasm/Irony_09,train
3315,ደህና እደር ዶክተሩ፣ በዚህ አመት እንገናኝ።,Phatic,7,Phatic_06,train
3316,ጠበቃው ወደ ትምህርት ቤት ነገ ጠዋት ሄደዋል።,Assertion,1,Assertion_07,train
3317,በጣም ብልህ ነህ ስራ አስኪያጁ፣ ቦርሳውን ረሳኸው።,Sarcasm/Irony,5,Sarcasm/Irony_04,train
3318,ይህን ቦርሳውን ከጋዜጠኛው ጋር በጥንቃቄ ያዙ።,Warning,4,Warning_04,val
3319,ሰላም ደንበኛው፣ በዚህ ወር እንዴት ነህ?,Phatic,7,Phatic_00,train
3320,ልብሱ ገና ወደ መጋዘን በሚቀጥለው ወር አልደረሰኝም።,Complaint,6,Complaint_07,train
3321,ቁልፉ ገና ወደ ገበያ በሳምንቱ መጨረሻ አልደረሰኝም።,Complaint,6,Complaint_07,train
3322,እንደምን አለህ በፖሊስ ጣቢያ፣ ጓደኛዬ?,Phatic,7,Phatic_11,val
3323,ነጋዴው ወደ ትምህርት ቤት በስብሰባው ወቅት ሄደዋል።,Assertion,1,Assertion_07,train
3324,ገንዘብዎን ይጠብቁ፣ በፋብሪካ በሳምንቱ መጨረሻ ስርቆት ተከስቷል።,Warning,4,Warning_05,val
3325,በፍርድ ቤት ነገ ንጽህና ጎድሏል።,Complaint,6,Complaint_13,test
3326,የሪፖርቱ ገመድ በፖሊስ ጣቢያ አደገኛ ነው ተጠንቀቁ።,Warning,4,Warning_07,train
3327,ይቅርታ፣ ኮምፒዩተሩን በዚህ ወር ማድረግ አልችልም።,Refusal,2,Refusal_00,train
3328,በጣም ውጤታማ ነው ስቱዲዮው፣ በበሚቀጥለው አመት ምንም አልተሰራም።,Sarcasm/Irony,5,Sarcasm/Irony_14,val
3329,ከመምህሩ ጋር ከዛሬ ጀምሮ መነጋገር ይሻላል።,Suggestion,3,Suggestion_06,val
3330,ከጋዜጠኛው ጋር ከዛሬ ጀምሮ በቢሮ እገናኛለሁ።,Promise,8,Promise_04,val
3331,በጣም ጎበዝ ነው ኩባንያው፣ በፖሊስ ጣቢያ ደንበኞችን ችላ ይላል።,Sarcasm/Irony,5,Sarcasm/Irony_06,test
3332,እባክዎ መሳሪያውን ለስራ አስኪያጁ ዛሬ ማታ ይላኩልኝ።,Request,0,Request_00,train
3333,ይህን ፋይሉን ከፖሊሱ መቀበል አልችልም።,Refusal,2,Refusal_03,train
3334,በመጋዘን ትንሽ እረፍት ከሁለት ቀናት በኋላ ብንወስድ ጥሩ ነው።,Suggestion,3,Suggestion_09,test
3335,ውሉ ገና ወደ ፋብሪካ ከሰዓት በኋላ አልደረሰኝም።,Complaint,6,Complaint_07,train
3336,እንኳን ደስ አለህ ጋዜጠኛው በሚቀጥለው ሳምንት።,Phatic,7,Phatic_07,train
3337,ከመሐንዲሱ ጋር ስለ ዕቃው ጉዳይ መስማማት አልችልም።,Refusal,2,Refusal_06,train
3338,መልእክቱን በጥንቃቄ ከጓደኛዬ ጋር ብንመረምር ይሻላል።,Suggestion,3,Suggestion_11,val
3339,ይቅርታ፣ ሰነዱን በሚቀጥለው ሳምንት ማድረግ አልችልም።,Refusal,2,Refusal_00,train
3340,አለቃዬ፣ ጤና ይስጥልኝ በመጋዘን።,Phatic,7,Phatic_03,train
3341,እባክዎ በስብሰባው ወቅት ወደ ባንክ ይድረሱልኝ።,Request,0,Request_07,val
3342,ይህ ፕሮጀክቱ ከማዕከሉ ከተገለጸው ጋር አይመሳሰልም።,Complaint,6,Complaint_12,test
3343,ምርቱ ከሹፌሩ አጠገብ አደገኛ ሊሆን ይችላል።,Warning,4,Warning_01,test
3344,ወደ ባንክ በዚህ ወር እንሂድ።,Suggestion,3,Suggestion_01,test
3345,ውሉ በሱቅ ይገኛል።,Assertion,1,Assertion_00,test
3346,የኮምፒዩተሩ ችግር በሚቀጥለው አመት ከአለቃዬ ጋር እፈታለሁ።,Promise,8,Promise_11,train
3347,እሰይ፣ ሌላ ችግር በከተማው ውስጥ ነገ ከሰዓት በኋላ፣ ልክ የሚያስፈልገን ይሄው ነበር።,Sarcasm/Irony,5,Sarcasm/Irony_07,train
3348,ጤና ይስጥልኝ ጓደኛዬ፣ ከሁለት ቀናት በኋላ ደህና ነህ?,Phatic,7,Phatic_12,train
3349,ደህና በሳምንቱ መጨረሻ ይሁንልህ አለቃዬ።,Phatic,7,Phatic_02,train
3350,ሚኒስቴሩ ስለ መሳሪያው ማስጠንቀቂያ ከዛሬ ጀምሮ አውጥቷል።,Warning,4,Warning_08,train
3351,ጎበዝ ስራ ጋዜጠኛው፣ ቡናው ሙሉ በሙሉ ፈርሷል።,Sarcasm/Irony,5,Sarcasm/Irony_09,train
3352,እንዴት ጎበዝ ነህ ሚኒስትሩ፣ ሪፖርቱን ሰብረኸዋል!,Sarcasm/Irony,5,Sarcasm/Irony_00,train
3353,የበሩ ገመድ በፖሊስ ጣቢያ አደገኛ ነው ተጠንቀቁ።,Warning,4,Warning_07,train
3354,በጣም ብልህ ነህ ፖሊሱ፣ ኮምፒዩተሩን ረሳኸው።,Sarcasm/Irony,5,Sarcasm/Irony_04,train
3355,እባክዎ ፕሮጀክቱን ለደንበኛው ከሰዓት በኋላ ይላኩልኝ።,Request,0,Request_00,train
3356,ማዕከሉ ስለ መስኮቱ ማስጠንቀቂያ በሚቀጥለው ወር አውጥቷል።,Warning,4,Warning_08,train
3357,እንኳን አደረሳችሁ አስተማሪዋ፣ በፍርድ ቤት።,Phatic,7,Phatic_14,test
3358,ስለ ገንዘቡ ከሚኒስትሩ ጋር ማሰብ ይኖርብናል።,Suggestion,3,Suggestion_03,train
3359,ይቅርታ፣ ጥያቄውን ከአንድ ሰዓት በኋላ ማድረግ አልችልም።,Refusal,2,Refusal_00,train
3360,እባክዎ ውሃውን ለፖሊሱ ከዛሬ ጀምሮ ይላኩልኝ።,Request,0,Request_00,train
3361,ይህን ውሃውን ከመሐንዲሱ ጋር በጥንቃቄ ያዙ።,Warning,4,Warning_04,val
3362,የቤቱ ችግር በዚህ ወር ከሹፌሩ ጋር እፈታለሁ።,Promise,8,Promise_11,train
3363,እባክዎ ለመምህሩ ስለ ፕሮጀክቱ ይንገሩልኝ።,Request,0,Request_04,val
3364,የልብሱ ዋጋ በቢሮ በጣም ውድ ነው።,Complaint,6,Complaint_05,val
3365,እንዴት ጎበዝ ነህ ጠበቃው፣ ገንዘቡን ሰብረኸዋል!,Sarcasm/Irony,5,Sarcasm/Irony_00,train
3366,ዶክተሩ፣ እንደምን አደርክ ከጥቂት ደቂቃዎች በኋላ?,Phatic,7,Phatic_01,train
3367,እቅዱን ከሰዓት በኋላ ከስቱዲዮው ጋር እናሻሽል።,Suggestion,3,Suggestion_12,train
3368,ይህን በሩን ከጋዜጠኛው መቀበል አልችልም።,Refusal,2,Refusal_03,train
3369,እቅዱን በዚህ አመት ከስቱዲዮው ጋር እናሻሽል።,Suggestion,3,Suggestion_12,train
3370,ይቅርታ፣ ጥያቄውን በዚህ ሳምንት ማድረግ አልችልም።,Refusal,2,Refusal_00,train
3371,ስለ ደብዳቤው ከአስተማሪዋ ጋር ማሰብ ይኖርብናል።,Suggestion,3,Suggestion_03,train
3372,ከአስተማሪዋ ጋር ነገ በከተማው ውስጥ እገናኛለሁ።,Promise,8,Promise_04,val
3373,እንዴት ጎበዝ ነህ ደንበኛው፣ ሪፖርቱን ሰብረኸዋል!,Sarcasm/Irony,5,Sarcasm/Irony_00,train
3374,እባክዎ ይቅርታ፣ መጽሐፉን ዛሬ ማቅረብ አልችልም።,Refusal,2,Refusal_09,train
3375,ደንበኛው ወደ ፋብሪካ በሚቀጥለው ሳምንት ሄደዋል።,Assertion,1,Assertion_07,train
3376,ዶክተሩ ወደ ባንክ ዛሬ ማታ ሄደዋል።,Assertion,1,Assertion_07,train
3377,መንግስት ስለ መስኮቱ ማስጠንቀቂያ ዛሬ አውጥቷል።,Warning,4,Warning_08,train
3378,ኩባንያው ዛሬ ማታ አዲስ ሰራተኞችን ቀጥሯል።,Assertion,1,Assertion_09,train
3379,አለቃዬ ወደ ከተማው ውስጥ በሚቀጥለው አመት ሄደዋል።,Assertion,1,Assertion_07,train
3380,ከነጋዴው ጋር ስለ ሰነዱ ጉዳይ መስማማት አልችልም።,Refusal,2,Refusal_06,train
3381,ኩባንያው ስለ መጽሐፉ ማስጠንቀቂያ ከሰዓት በኋላ አውጥቷል።,Warning,4,Warning_08,train
3382,ጎበዝ ስራ ጠበቃው፣ መልእክቱ ሙሉ በሙሉ ፈርሷል።,Sarcasm/Irony,5,Sarcasm/Irony_09,train
3383,እባክዎ በሩን ለመምህሩ ከጥቂት ደቂቃዎች በኋላ ይላኩልኝ።,Request,0,Request_00,train
3384,ባንኩ ስለ ስጦታው ማስጠንቀቂያ በሳምንቱ መጨረሻ አውጥቷል።,Warning,4,Warning_08,train
3385,በሩ ገና ወደ ቤት ከምሽቱ ጀምሮ አልደረሰኝም።,Complaint,6,Complaint_07,train
3386,እንዴት ጥሩ ነው ጠበቃው፣ በሳምንቱ መጨረሻ ደግሞ ዘገየ።,Sarcasm/Irony,5,Sarcasm/Irony_10,val
3387,በጣም ብልህ ነህ ዶክተሩ፣ ሂሳቡን ረሳኸው።,Sarcasm/Irony,5,Sarcasm/Irony_04,train
3388,ጤና ይስጥልኝ ሹፌሩ፣ ከሰዓት በኋላ ደህና ነህ?,Phatic,7,Phatic_12,train
3389,እርግጠኛ ነኝ ሹፌሩ በሳምንቱ መጨረሻ ይደርሳሉ፣ እንደ ሁልጊዜው።,Sarcasm/Irony,5,Sarcasm/Irony_05,test
3390,ወደ መንገድ ላይ በሚቀጥለው ሳምንት መሄድ አልችልም።,Refusal,2,Refusal_13,test
3391,ሪፖርቱ ገና ወደ ሆስፒታል በሚቀጥለው ወር አልደረሰኝም።,Complaint,6,Complaint_07,train
3392,በባንኩ አዲስ ስልት በስብሰባው ወቅት እንተግብር።,Suggestion,3,Suggestion_14,test
3393,ኩባንያው ስለ ስጦታው ማስጠንቀቂያ ነገ አውጥቷል።,Warning,4,Warning_08,train
3394,መንግስት ስለ ስጦታው ማስጠንቀቂያ በዚህ አመት አውጥቷል።,Warning,4,Warning_08,train
3395,እባክህ ይቅርታ አድርግልኝ፣ ወደ ፍርድ ቤት ከሰዓት በኋላ መምጣት አልችልም።,Refusal,2,Refusal_01,test
3396,የፕሮጀክቱ ችግር ከዛሬ ጀምሮ ከባልደረባዬ ጋር እፈታለሁ።,Promise,8,Promise_11,train
3397,እንኳን ወደ መንገድ ላይ ደህና መጣህ ነጋዴው።,Phatic,7,Phatic_04,test
3398,እባክህ ይቅርታ አድርግልኝ፣ ወደ ሱቅ ነገ መምጣት አልችልም።,Refusal,2,Refusal_01,test
3399,ማህበሩ ስለ መሳሪያው ማስጠንቀቂያ በሚቀጥለው ወር አውጥቷል።,Warning,4,Warning_08,train
3400,የገንዘቡ ችግር በዚህ አመት ከሹፌሩ ጋር እፈታለሁ።,Promise,8,Promise_11,train
3401,መሐንዲሱ ወደ ፋብሪካ ከጥቂት ደቂቃዎች በኋላ ሄደዋል።,Assertion,1,Assertion_07,train
3402,እንኳን አደረሳችሁ መምህሩ፣ በፍርድ ቤት።,Phatic,7,Phatic_14,test
3403,እንኳን ደስ አለህ ባልደረባዬ በሳምንቱ መጨረሻ።,Phatic,7,Phatic_07,train
3404,በባንክ ትንሽ እረፍት ዛሬ ማታ ብንወስድ ጥሩ ነው።,Suggestion,3,Suggestion_09,test
3405,ከሰዓት በኋላ በፖሊስ ጣቢያ ስብሰባ እናድርግ።,Suggestion,3,Suggestion_02,train
3406,ይቅርታ፣ ሂሳቡን በዚህ ሳምንት ማድረግ አልችልም።,Refusal,2,Refusal_00,train
3407,እባክዎ ይቅርታ፣ ሰነዱን ነገ ጠዋት ማቅረብ አልችልም።,Refusal,2,Refusal_09,train
3408,እንደምን አለህ በፍርድ ቤት፣ ነጋዴው?,Phatic,7,Phatic_11,val
3409,እባክዎ ልብሱን ለአስተማሪዋ ከምሽቱ ጀምሮ ይላኩልኝ።,Request,0,Request_00,train
3410,መጽሐፉን በሳምንቱ መጨረሻ ብንሞክር ጥሩ ይሆናል።,Suggestion,3,Suggestion_00,train
3411,መሳሪያው ገና ወደ ሆስፒታል በዚህ አመት አልደረሰኝም።,Complaint,6,Complaint_07,train
3412,ከአንድ ሰዓት በኋላ በስብሰባ ክፍል መገኘት አልችልም።,Refusal,2,Refusal_04,val
3413,እንዴት ጎበዝ ነህ ሚኒስትሩ፣ ልብሱን ሰብረኸዋል!,Sarcasm/Irony,5,Sarcasm/Irony_00,train
3414,ጤና ይስጥልኝ ነጋዴው፣ በሳምንቱ መጨረሻ ደህና ነህ?,Phatic,7,Phatic_12,train
3415,ጠበቃው፣ ጤና ይስጥልኝ በትምህርት ቤት።,Phatic,7,Phatic_03,train
3416,ከሚኒስትሩ ጋር ስለ መሳሪያው ጉዳይ መስማማት አልችልም።,Refusal,2,Refusal_06,train
3417,ስለ ስልኩ ከሚኒስትሩ ጋር ማሰብ ይኖርብናል።,Suggestion,3,Suggestion_03,train
3418,እባክዎ መስኮቱን ለደንበኛው ከሁለት ቀናት በኋላ ይላኩልኝ።,Request,0,Request_00,train
3419,እቅዱን ነገ ከሰዓት በኋላ ከመንግስት ጋር እናሻሽል።,Suggestion,3,Suggestion_12,train
3420,አለቃዬ፣ ቤተሰብ በቤት እንዴት ናቸው?,Phatic,7,Phatic_05,val
3421,የደብዳቤው ችግር በሚቀጥለው አመት ከባልደረባዬ ጋር እፈታለሁ።,Promise,8,Promise_11,train
3422,የፕሮጀክቱ ደረሰኝ ከመንግስት የተበላሸ ነው።,Complaint,6,Complaint_08,val
3423,ይህን ቦርሳውን ከጋዜጠኛው መቀበል አልችልም።,Refusal,2,Refusal_03,train
3424,ፋብሪካው ስለ ሰነዱ ማስጠንቀቂያ ከጥቂት ደቂቃዎች በኋላ አውጥቷል።,Warning,4,Warning_08,train
3425,ከጓደኛዬ ጋር ከአንድ ሰዓት በኋላ በገበያ እገናኛለሁ።,Promise,8,Promise_04,val
3426,እንኳን ደስ አለህ ጓደኛዬ ከሰዓት በኋላ።,Phatic,7,Phatic_07,train
3427,በከተማው ውስጥ ነገ ከሰዓት በኋላ ወንጀል ሊፈጸም ይችላል ተጠንቀቁ።,Warning,4,Warning_11,train
3428,ፕሮጀክቱን ከሁለት ቀናት በኋላ ከጋዜጠኛው ጋር ብንጀምር ይሻላል።,Suggestion,3,Suggestion_08,val
3429,በጣም ትክክለኛ ነው ሚኒስትሩ፣ በቢሮ ሁልጊዜ እንደዚህ ይሆናል።,Sarcasm/Irony,5,Sarcasm/Irony_08,val
3430,የመስኮቱ ችግር በሚቀጥለው ሳምንት ከባልደረባዬ ጋር እፈታለሁ።,Promise,8,Promise_11,train
3431,እንኳን አደረሳችሁ መሐንዲሱ፣ በአውሮፕላን ማረፊያ።,Phatic,7,Phatic_14,test
3432,እባክዎ ማሽኑን ለመሐንዲሱ በስብሰባው ወቅት ይላኩልኝ።,Request,0,Request_00,train
3433,እንኳን ደስ አለህ አለቃዬ፣ ስለ ውሃው እንደገና ተሳስተሃል።,Sarcasm/Irony,5,Sarcasm/Irony_13,train
3434,እባክዎ ለጋዜጠኛው ቁልፉን ያድርሱ።,Request,0,Request_14,test
3435,ያልተፈቀደ ግቢ ወደ ገበያ ከአንድ ሰዓት በኋላ አይግቡ።,Warning,4,Warning_09,test
3436,ፕሮጀክቱ ገና ወደ ከተማው ውስጥ ከጥቂት ደቂቃዎች በኋላ አልደረሰኝም።,Complaint,6,Complaint_07,train
3437,የትዕዛዙ ዋጋውን ዛሬ ማታ ብንቀንስ ደንበኞች ይጨምራሉ።,Suggestion,3,Suggestion_07,train
3438,እንደምን አለህ በፋብሪካ፣ መሐንዲሱ?,Phatic,7,Phatic_11,val
3439,እቅዱን ከምሽቱ ጀምሮ ከኩባንያው ጋር እናሻሽል።,Suggestion,3,Suggestion_12,train
3440,ጋዜጠኛው፣ ጤና ይስጥልኝ በሱቅ።,Phatic,7,Phatic_03,train
3441,የመጽሐፉ ችግር ከአንድ ሰዓት በኋላ ከጠበቃው ጋር እፈታለሁ።,Promise,8,Promise_11,train
3442,የቡናው ገመድ በሱቅ አደገኛ ነው ተጠንቀቁ።,Warning,4,Warning_07,train
3443,እንዴት ጎበዝ ነህ ሹፌሩ፣ መሳሪያውን ሰብረኸዋል!,Sarcasm/Irony,5,Sarcasm/Irony_00,train
3444,የፋይሉ ዋጋውን ከሰዓት በኋላ ብንቀንስ ደንበኞች ይጨምራሉ።,Suggestion,3,Suggestion_07,train
3445,የኮምፒዩተሩ ደረሰኝ ከስቱዲዮው የተበላሸ ነው።,Complaint,6,Complaint_08,val
3446,ስራው ከአንድ ሰዓት በኋላ ከመሐንዲሱ ጋር አልተጠናቀቀም።,Complaint,6,Complaint_03,test
3447,ነገ ጠዋት በስብሰባ ክፍል ስብሰባ እናድርግ።,Suggestion,3,Suggestion_02,train
3448,የመልእክቱ ችግር ከዛሬ ጀምሮ ከሹፌሩ ጋር እፈታለሁ።,Promise,8,Promise_11,train
3449,አዎ በርግጥ፣ የፋብሪካው እቅድ በበሚቀጥለው ወር በጭራሽ አይከሽፍም።,Sarcasm/Irony,5,Sarcasm/Irony_11,train
3450,ከጋዜጠኛው ጋር በስብሰባው ወቅት በትምህርት ቤት እገናኛለሁ።,Promise,8,Promise_04,val
3451,የመጽሐፉ ወጪውን በመጋዘን ብንቀንስ የተሻለ ነው።,Suggestion,3,Suggestion_13,train
3452,መስኮቱ ገና ወደ ሱቅ በዚህ አመት አልደረሰኝም።,Complaint,6,Complaint_07,train
3453,ቤቱ ገና ወደ ትምህርት ቤት በሚቀጥለው አመት አልደረሰኝም።,Complaint,6,Complaint_07,train
3454,ስለ ደረሰኙ ከባልደረባዬ ጋር ማሰብ ይኖርብናል።,Suggestion,3,Suggestion_03,train
3455,ከባልደረባዬ ጋር ስለ ትዕዛዙ ጉዳይ መስማማት አልችልም።,Refusal,2,Refusal_06,train
3456,መምህሩ ሪፖርቱን በዚህ አመት አቅርበዋል።,Assertion,1,Assertion_13,test
3457,ባንኩ ስለ ደረሰኙ ማስጠንቀቂያ በሚቀጥለው ወር አውጥቷል።,Warning,4,Warning_08,train
3458,ፋብሪካው ስለ መሳሪያው ማስጠንቀቂያ ከሰዓት በኋላ አውጥቷል።,Warning,4,Warning_08,train
3459,ኮምፒዩተሩን ከሁለት ቀናት በኋላ ብንሞክር ጥሩ ይሆናል።,Suggestion,3,Suggestion_00,train
3460,የሂሳቡ ችግር ከሶስት ሰዓት በኋላ ከባልደረባዬ ጋር እፈታለሁ።,Promise,8,Promise_11,train
3461,እባክዎ ትዕዛዙን ለሹፌሩ ዛሬ ይላኩልኝ።,Request,0,Request_00,train
3462,ደህና በሚቀጥለው ወር ይሁንልህ ነጋዴው።,Phatic,7,Phatic_02,train
3463,ይቅርታ፣ ደብዳቤውን በሚቀጥለው አመት ማድረግ አልችልም።,Refusal,2,Refusal_00,train
3464,ከመሐንዲሱ ጋር ስለ ደብዳቤው ጉዳይ መስማማት አልችልም።,Refusal,2,Refusal_06,train
3465,እባክህ ይቅርታ አድርግልኝ፣ ወደ ስብሰባ ክፍል በዚህ ሳምንት መምጣት አልችልም።,Refusal,2,Refusal_01,test
3466,ገንዘቡ ገና ወደ ገበያ በዚህ አመት አልደረሰኝም።,Complaint,6,Complaint_07,train
3467,እንኳን አደረሳችሁ አስተማሪዋ፣ በቢሮ።,Phatic,7,Phatic_14,test
3468,እባክዎ ይቅርታ፣ ሂሳቡን ከዛሬ ጀምሮ ማቅረብ አልችልም።,Refusal,2,Refusal_09,train
3469,ስራ አስኪያጁ፣ እንደምን አደርክ ከጥቂት ደቂቃዎች በኋላ?,Phatic,7,Phatic_01,train
3470,መልእክቱ ገና ወደ መጋዘን ከሶስት ሰዓት በኋላ አልደረሰኝም።,Complaint,6,Complaint_07,train
3471,ማህበሩ ስለ መጽሐፉ ማስጠንቀቂያ ከምሽቱ ጀምሮ አውጥቷል።,Warning,4,Warning_08,train
3472,ማህበሩ በዚህ ወር ትርፍ አግኝቷል።,Assertion,1,Assertion_04,test
3473,ሚኒስትሩ ወደ መንገድ ላይ ነገ ጠዋት ሄደዋል።,Assertion,1,Assertion_07,train
3474,ጎበዝ! በጣም ጥሩ ስራ ሰራህ ደንበኛው፣ ፋይሉን አበላሸኸው።,Sarcasm/Irony,5,Sarcasm/Irony_02,train
3475,መንግስት ስለ ኮምፒዩተሩ ማስጠንቀቂያ በሚቀጥለው ወር አውጥቷል።,Warning,4,Warning_08,train
3476,ተጠንቀቅ፣ ዛሬ ማታ መንገድ ላይ ውስጥ አደጋ አለ።,Warning,4,Warning_00,val
3477,የመጽሐፉ ችግር በሳምንቱ መጨረሻ ከጋዜጠኛው ጋር እፈታለሁ።,Promise,8,Promise_11,train
3478,እባክዎ ዕቃውን ለሹፌሩ በዚህ ሳምንት ይላኩልኝ።,Request,0,Request_00,train
3479,ሚኒስትሩ ወደ ሆስፒታል በሚቀጥለው ወር ሄደዋል።,Assertion,1,Assertion_07,train
3480,ከፖሊሱ ጋር ስለ ትዕዛዙ ጉዳይ መስማማት አልችልም።,Refusal,2,Refusal_06,train
3481,እንኳን አደረሳችሁ ነጋዴው፣ በአውሮፕላን ማረፊያ።,Phatic,7,Phatic_14,test
3482,አዎ በእርግጥ፣ ሹፌሩ በስብሰባው ወቅት ትመጣለህ ብዬ አላምንም።,Sarcasm/Irony,5,Sarcasm/Irony_01,test
3483,እባክህ ይቅርታ አድርግልኝ፣ ወደ ፋብሪካ ነገ ጠዋት መምጣት አልችልም።,Refusal,2,Refusal_01,test
3484,እንዴት ጎበዝ ነህ መሐንዲሱ፣ ካርታውን ሰብረኸዋል!,Sarcasm/Irony,5,Sarcasm/Irony_00,train
3485,እባክህ ይቅርታ አድርግልኝ፣ ወደ ገበያ ነገ ጠዋት መምጣት አልችልም።,Refusal,2,Refusal_01,test
3486,ይቅርታ፣ ስልኩን ነገ ጠዋት ማድረግ አልችልም።,Refusal,2,Refusal_00,train
3487,ከዶክተሩ ጋር ነገ ከሰዓት በኋላ በፍርድ ቤት እገናኛለሁ።,Promise,8,Promise_04,val
3488,ወደ መጋዘን ከሰዓት በኋላ ብቻዎን አይሂዱ።,Warning,4,Warning_06,test
3489,ስራው ነገ ጠዋት ከመሐንዲሱ ጋር አልተጠናቀቀም።,Complaint,6,Complaint_03,test
3490,በጣም ብልህ ነህ ሹፌሩ፣ ቁልፉን ረሳኸው።,Sarcasm/Irony,5,Sarcasm/Irony_04,train
3491,በሩ ከመምህሩ አጠገብ አደገኛ ሊሆን ይችላል።,Warning,4,Warning_01,test
3492,እባክዎ መልእክቱን ለአለቃዬ በሳምንቱ መጨረሻ ይላኩልኝ።,Request,0,Request_00,train
3493,ሚኒስቴሩ ስለ ደረሰኙ ማስጠንቀቂያ ከሁለት ቀናት በኋላ አውጥቷል።,Warning,4,Warning_08,train
3494,ይህን መሳሪያውን ከመምህሩ መቀበል አልችልም።,Refusal,2,Refusal_03,train
3495,ነጋዴው፣ ጤና ይስጥልኝ በሱቅ።,Phatic,7,Phatic_03,train
3496,እባክህ ለጥያቄው ይህን ዘዴ ከጥቂት ደቂቃዎች በኋላ ተጠቀም።,Suggestion,3,Suggestion_04,train
3497,ፋይሉ ገና ወደ መንገድ ላይ ከአንድ ሰዓት በኋላ አልደረሰኝም።,Complaint,6,Complaint_07,train
3498,ደንበኛው ወደ ትምህርት ቤት ነገ ጠዋት ሄደዋል።,Assertion,1,Assertion_07,train
3499,ዶክተሩ፣ ስራ በቤት እንዴት ነው?,Phatic,7,Phatic_09,val
3500,እባክዎ ቤቱን ለጠበቃው ከሁለት ቀናት በኋላ ይላኩልኝ።,Request,0,Request_00,train
3501,ጤና ይስጥልኝ ሚኒስትሩ፣ በሚቀጥለው ወር ደህና ነህ?,Phatic,7,Phatic_12,train
3502,ባንክ በዚህ አመት ተከፍቷል።,Assertion,1,Assertion_14,train
3503,እባክዎ ቡናውን ለጓደኛዬ ነገ ጠዋት ይላኩልኝ።,Request,0,Request_00,train
3504,በዚህ ወር በፖሊስ ጣቢያ መገኘት አልችልም።,Refusal,2,Refusal_04,val
3505,ይቅርታ፣ ዕቃውን ዛሬ ማድረግ አልችልም።,Refusal,2,Refusal_00,train
3506,ደብዳቤው ገና ወደ ገበያ በሚቀጥለው ሳምንት አልደረሰኝም።,Complaint,6,Complaint_07,train
3507,እንኳን አደረሳችሁ ነጋዴው፣ በመጋዘን።,Phatic,7,Phatic_14,test
3508,የጥያቄው ችግር ከጥቂት ደቂቃዎች በኋላ ከአለቃዬ ጋር እፈታለሁ።,Promise,8,Promise_11,train
3509,ማዕከሉ ስለ ማሽኑ ማስጠንቀቂያ በዚህ ሳምንት አውጥቷል።,Warning,4,Warning_08,train
3510,የሚኒስቴሩ ስልክ ከሁለት ቀናት በኋላ አይነሳም።,Complaint,6,Complaint_11,test
3511,ይህን ቡናውን ያለ ጋዜጠኛው ትዕዛዝ አይውሰዱ።,Warning,4,Warning_12,val
3512,ማህበሩ ስለ ምርቱ ማስጠንቀቂያ በሚቀጥለው ወር አውጥቷል።,Warning,4,Warning_08,train
3513,ከመምህሩ ጋር ከአንድ ሰዓት በኋላ በሱቅ እገናኛለሁ።,Promise,8,Promise_04,val
3514,እባክዎ ቦርሳውን ለስራ አስኪያጁ ነገ ጠዋት ይላኩልኝ።,Request,0,Request_00,train
3515,ወደ ስብሰባ ክፍል ዛሬ ብቻዎን አይሂዱ።,Warning,4,Warning_06,test
3516,ኤጀንሲው ስለ ቤቱ ማስጠንቀቂያ ከምሽቱ ጀምሮ አውጥቷል።,Warning,4,Warning_08,train
3517,ደንበኛው፣ ቤተሰብ በባንክ እንዴት ናቸው?,Phatic,7,Phatic_05,val
3518,በኤጀንሲው አዲስ ስልት ነገ እንተግብር።,Suggestion,3,Suggestion_14,test
3519,እባክዎ ማሽኑን ለዶክተሩ ከሰዓት በኋላ ይላኩልኝ።,Request,0,Request_00,train
3520,ይህን ፋይሉን ከሹፌሩ ጋር በጥንቃቄ ያዙ።,Warning,4,Warning_04,val
3521,ይህን ደብዳቤውን ከሹፌሩ መቀበል አልችልም።,Refusal,2,Refusal_03,train
3522,ጠበቃው ሪፖርቱን ከሰዓት በኋላ አቅርበዋል።,Assertion,1,Assertion_13,test
3523,እባክዎ ፋይሉን ለባልደረባዬ በዚህ ሳምንት ይላኩልኝ።,Request,0,Request_00,train
3524,መምህሩ ሪፖርቱን ከምሽቱ ጀምሮ አቅርበዋል።,Assertion,1,Assertion_13,test
3525,አመሰግናለሁ ፖሊሱ፣ ደህና ዋል በፍርድ ቤት።,Phatic,7,Phatic_08,train
3526,የቦርሳው ችግር ከሰዓት በኋላ ከባልደረባዬ ጋር እፈታለሁ።,Promise,8,Promise_11,train
3527,ከነጋዴው ጋር በሳምንቱ መጨረሻ በመንገድ ላይ እገናኛለሁ።,Promise,8,Promise_04,val
3528,እንኳን አደረሳችሁ አለቃዬ፣ በአውሮፕላን ማረፊያ።,Phatic,7,Phatic_14,test
3529,ነጋዴው ወደ ገበያ ዛሬ ማታ ሄደዋል።,Assertion,1,Assertion_07,train
3530,ልብሱ ገና ወደ ገበያ ከአንድ ሰዓት በኋላ አልደረሰኝም።,Complaint,6,Complaint_07,train
3531,አዎ በእርግጥ፣ ዶክተሩ በሚቀጥለው ወር ትመጣለህ ብዬ አላምንም።,Sarcasm/Irony,5,Sarcasm/Irony_01,test
3532,እንዴት ጎበዝ ነህ ነጋዴው፣ ውሃውን ሰብረኸዋል!,Sarcasm/Irony,5,Sarcasm/Irony_00,train
3533,አለቃዬ ወደ ባንክ ከዛሬ ጀምሮ ሄደዋል።,Assertion,1,Assertion_07,train
3534,መሐንዲሱ፣ ጤና ይስጥልኝ በትምህርት ቤት።,Phatic,7,Phatic_03,train
3535,በገበያ ዛሬ ወንጀል ሊፈጸም ይችላል ተጠንቀቁ።,Warning,4,Warning_11,train
3536,ይቅርታ፣ ትዕዛዙን ዛሬ ማድረግ አልችልም።,Refusal,2,Refusal_00,train
3537,እባክዎ ገንዘቡን ለሚኒስትሩ ነገ ይላኩልኝ።,Request,0,Request_00,train
3538,አለቃዬ፣ ጤና ይስጥልኝ በስብሰባ ክፍል።,Phatic,7,Phatic_03,train
3539,የትዕዛዙ ገመድ በሱቅ አደገኛ ነው ተጠንቀቁ።,Warning,4,Warning_07,train
3540,የውሃው ዋጋ በቤት በጣም ውድ ነው።,Complaint,6,Complaint_05,val
3541,መኪናው ገና ወደ ሱቅ ከምሽቱ ጀምሮ አልደረሰኝም።,Complaint,6,Complaint_07,train
3542,ባልደረባዬ ወደ ገበያ ነገ ከሰዓት በኋላ ሄደዋል።,Assertion,1,Assertion_07,train
3543,ደህና ዛሬ ማታ ይሁንልህ መሐንዲሱ።,Phatic,7,Phatic_02,train
3544,ነጋዴው ወደ ፋብሪካ በዚህ አመት ሄደዋል።,Assertion,1,Assertion_07,train
3545,መስኮቱ ገና ወደ ባንክ ዛሬ ማታ አልደረሰኝም።,Complaint,6,Complaint_07,train
3546,መምህሩ ወደ ፋብሪካ ከሰዓት በኋላ ሄደዋል።,Assertion,1,Assertion_07,train
3547,ከአስተማሪዋ ጋር ስለ ደረሰኙ ጉዳይ መስማማት አልችልም።,Refusal,2,Refusal_06,train
3548,አመሰግናለሁ ባልደረባዬ፣ ደህና ዋል በቢሮ።,Phatic,7,Phatic_08,train
3549,የሪፖርቱ ችግር ዛሬ ማታ ከአለቃዬ ጋር እፈታለሁ።,Promise,8,Promise_11,train
3550,ጋዜጠኛው፣ ቤተሰብ በቤት እንዴት ናቸው?,Phatic,7,Phatic_05,val
3551,እባክዎ ወደ ፖሊስ ጣቢያ ከዛሬ ጀምሮ ይምጡልኝ።,Request,0,Request_03,test
3552,በጣም ጎበዝ ነው ፋብሪካው፣ በቢሮ ደንበኞችን ችላ ይላል።,Sarcasm/Irony,5,Sarcasm/Irony_06,test
3553,ባልደረባዬ ወደ ቢሮ በሚቀጥለው ሳምንት ሄደዋል።,Assertion,1,Assertion_07,train
3554,እባክዎ ቁልፉን ለመሐንዲሱ ከጥቂት ደቂቃዎች በኋላ ይላኩልኝ።,Request,0,Request_00,train
3555,እንደምን አለህ በመንገድ ላይ፣ ነጋዴው?,Phatic,7,Phatic_11,val
3556,ነጋዴው፣ ስራ በአውሮፕላን ማረፊያ እንዴት ነው?,Phatic,7,Phatic_09,val
3557,እንዴት ጎበዝ ነህ ነጋዴው፣ ልብሱን ሰብረኸዋል!,Sarcasm/Irony,5,Sarcasm/Irony_00,train
3558,ፋብሪካው ከአንድ ሰዓት በኋላ አዲስ ሰራተኞችን ቀጥሯል።,Assertion,1,Assertion_09,train
3559,ነገ ከሰዓት በኋላ ወደ ሆስፒታል እደርሳለሁ።,Promise,8,Promise_10,train
3560,ከጠበቃው ጋር በሚቀጥለው አመት በአውሮፕላን ማረፊያ እገናኛለሁ።,Promise,8,Promise_04,val
3561,ባንኩ ቃል የገባውን ከሁለት ቀናት በኋላ ያከብራል።,Promise,8,Promise_14,test
3562,ደህና ሁን ጓደኛዬ፣ እስከ በሚቀጥለው ሳምንት እንገናኝ።,Phatic,7,Phatic_13,train
3563,እባክዎ ለጠበቃው ደብዳቤውን ያድርሱ።,Request,0,Request_14,test
3564,ደህና በሳምንቱ መጨረሻ ይሁንልህ ጠበቃው።,Phatic,7,Phatic_02,train
3565,እባክህ ለሪፖርቱ ይህን ዘዴ ዛሬ ተጠቀም።,Suggestion,3,Suggestion_04,train
3566,የመሳሪያው ችግር ከሶስት ሰዓት በኋላ ከመምህሩ ጋር እፈታለሁ።,Promise,8,Promise_11,train
3567,እባክዎ ደረሰኙን ለአለቃዬ ከሁለት ቀናት በኋላ ይላኩልኝ።,Request,0,Request_00,train
3568,እርግጠኛ ነኝ አለቃዬ ዛሬ ይደርሳሉ፣ እንደ ሁልጊዜው።,Sarcasm/Irony,5,Sarcasm/Irony_05,test
3569,መምህሩ፣ ቤተሰብ በከተማው ውስጥ እንዴት ናቸው?,Phatic,7,Phatic_05,val
3570,ከመምህሩ ጋር ስለ ውሉ ጉዳይ መስማማት አልችልም።,Refusal,2,Refusal_06,train
3571,እንኳን ወደ ትምህርት ቤት ደህና መጣህ አለቃዬ።,Phatic,7,Phatic_04,test
3572,ቃል እገባለሁ፣ ገንዘቡን ከጥቂት ደቂቃዎች በኋላ አላዘገይም።,Promise,8,Promise_03,test
3573,አለቃዬ ወደ ከተማው ውስጥ ከምሽቱ ጀምሮ ሄደዋል።,Assertion,1,Assertion_07,train
3574,ይህን ስራ ከመምህሩ ጋር አልቀበልም።,Refusal,2,Refusal_12,train
3575,እባክዎ ምርቱን ለደንበኛው በሚቀጥለው ወር ይላኩልኝ።,Request,0,Request_00,train
3576,ጠበቃው ወደ ሱቅ በዚህ ወር ሄደዋል።,Assertion,1,Assertion_07,train
3577,ደንበኛው፣ ቤተሰብ በፖሊስ ጣቢያ እንዴት ናቸው?,Phatic,7,Phatic_05,val
3578,እባክዎ ቡናውን ለሚኒስትሩ ከምሽቱ ጀምሮ ይላኩልኝ።,Request,0,Request_00,train
3579,ከጋዜጠኛው ጋር በሚቀጥለው ሳምንት መነጋገር ይሻላል።,Suggestion,3,Suggestion_06,val
3580,መኪናው በባንክ ይገኛል።,Assertion,1,Assertion_00,test
3581,ፕሮጀክቱን በዚህ አመት ከስራ አስኪያጁ ጋር ብንጀምር ይሻላል።,Suggestion,3,Suggestion_08,val
3582,አለቃዬ ወደ ቤት በዚህ አመት ሄደዋል።,Assertion,1,Assertion_07,train
3583,ስለ ቦርሳው ጉዳይ ከባልደረባዬ ጋር እንወያይ።,Suggestion,3,Suggestion_10,train
3584,ተጠንቀቅ፣ ከአንድ ሰዓት በኋላ ፍርድ ቤት ውስጥ አደጋ አለ።,Warning,4,Warning_00,val
3585,በጣም ውጤታማ ነው ፋብሪካው፣ በበዚህ ሳምንት ምንም አልተሰራም።,Sarcasm/Irony,5,Sarcasm/Irony_14,val
3586,እባክህ ይቅርታ አድርግልኝ፣ ወደ አውሮፕላን ማረፊያ ከሰዓት በኋላ መምጣት አልችልም።,Refusal,2,Refusal_01,test
3587,እባክህ ይቅርታ አድርግልኝ፣ ወደ ፖሊስ ጣቢያ ነገ መምጣት አልችልም።,Refusal,2,Refusal_01,test
3588,የስልኩ ችግር ከጥቂት ደቂቃዎች በኋላ ከጓደኛዬ ጋር እፈታለሁ።,Promise,8,Promise_11,train
3589,ደህና ሁን ሹፌሩ፣ እስከ ዛሬ እንገናኝ።,Phatic,7,Phatic_13,train
3590,የውሉ ዋጋ በዚህ አመት ጨምሯል።,Assertion,1,Assertion_12,val
3591,ከመሐንዲሱ ጋር ስለ ቤቱ ጉዳይ መስማማት አልችልም።,Refusal,2,Refusal_06,train
3592,ስለ ትዕዛዙ ከፖሊሱ ጋር ማሰብ ይኖርብናል።,Suggestion,3,Suggestion_03,train
3593,ሰላም፣ ዛሬ ማታ ደህና አደርክ?,Phatic,7,Phatic_10,test
3594,ቃል እገባለሁ፣ ልብሱን ከሰዓት በኋላ አላዘገይም።,Promise,8,Promise_03,test
3595,እባክዎ ለባልደረባዬ ስለ ማሽኑ ይንገሩልኝ።,Request,0,Request_04,val
3596,ደብዳቤው ገና ወደ መጋዘን ነገ አልደረሰኝም።,Complaint,6,Complaint_07,train
3597,የኮምፒዩተሩ ችግር ከሶስት ሰዓት በኋላ ከአስተማሪዋ ጋር እፈታለሁ።,Promise,8,Promise_11,train
3598,መሐንዲሱ ሪፖርቱን ነገ ከሰዓት በኋላ አቅርበዋል።,Assertion,1,Assertion_13,test
3599,ከጓደኛዬ ጋር ከአንድ ሰዓት በኋላ በከተማው ውስጥ እገናኛለሁ።,Promise,8,Promise_04,val
3600,ወደ ቤት ከጥቂት ደቂቃዎች በኋላ እንሂድ።,Suggestion,3,Suggestion_01,test
3601,የገንዘቡ ወጪውን በአውሮፕላን ማረፊያ ብንቀንስ የተሻለ ነው።,Suggestion,3,Suggestion_13,train
3602,እንኳን ደስ አለህ ስራ አስኪያጁ በዚህ ወር።,Phatic,7,Phatic_07,train
3603,ደህና ከዛሬ ጀምሮ ይሁንልህ ሹፌሩ።,Phatic,7,Phatic_02,train
3604,መሳሪያውን ከምሽቱ ጀምሮ ብንሞክር ጥሩ ይሆናል።,Suggestion,3,Suggestion_00,train
3605,ባልደረባዬ፣ ቤተሰብ በገበያ እንዴት ናቸው?,Phatic,7,Phatic_05,val
3606,እባክዎ ካርታውን ለፖሊሱ ነገ ጠዋት ይላኩልኝ።,Request,0,Request_00,train
3607,እንኳን ደስ አለህ ፖሊሱ፣ ስለ ሪፖርቱ እንደገና ተሳስተሃል።,Sarcasm/Irony,5,Sarcasm/Irony_13,train
3608,የልብሱ ችግር ከሶስት ሰዓት በኋላ ከባልደረባዬ ጋር እፈታለሁ።,Promise,8,Promise_11,train
3609,የፕሮጀክቱ ችግር ከአንድ ሰዓት በኋላ ከሚኒስትሩ ጋር እፈታለሁ።,Promise,8,Promise_11,train
3610,አመሰግናለሁ ጓደኛዬ፣ ደህና ዋል በፖሊስ ጣቢያ።,Phatic,7,Phatic_08,train
3611,የቤቱ ችግር ከዛሬ ጀምሮ ከነጋዴው ጋር እፈታለሁ።,Promise,8,Promise_11,train
3612,የውሃው ችግር በሚቀጥለው ሳምንት ከደንበኛው ጋር እፈታለሁ።,Promise,8,Promise_11,train
3613,የገንዘቡ ዋጋ በዚህ ወር ጨምሯል።,Assertion,1,Assertion_12,val
3614,እባክዎ ይቅርታ፣ መሳሪያውን ከምሽቱ ጀምሮ ማቅረብ አልችልም።,Refusal,2,Refusal_09,train
3615,ኮምፒዩተሩ ከፖሊሱ አጠገብ አደገኛ ሊሆን ይችላል።,Warning,4,Warning_01,test
3616,ከዶክተሩ ጋር ስለ ሰነዱ ጉዳይ መስማማት አልችልም።,Refusal,2,Refusal_06,train
3617,ምርቱን በጥንቃቄ ከስራ አስኪያጁ ጋር ብንመረምር ይሻላል።,Suggestion,3,Suggestion_11,val
3618,ፋብሪካው ስለ ቁልፉ ማስጠንቀቂያ ነገ አውጥቷል።,Warning,4,Warning_08,train
3619,ቤቱ ገና ወደ ፋብሪካ በሚቀጥለው ወር አልደረሰኝም።,Complaint,6,Complaint_07,train
3620,ስልኩ ገና ወደ መጋዘን ዛሬ አልደረሰኝም።,Complaint,6,Complaint_07,train
3621,እባክዎ መጽሐፉን ለጋዜጠኛው በዚህ ወር ይላኩልኝ።,Request,0,Request_00,train
3622,ለአለቃዬ የገባሁትን ቃል በዚህ ሳምንት አከብራለሁ።,Promise,8,Promise_08,test
3623,ይህ ደብዳቤው ከመንግስት ከተገለጸው ጋር አይመሳሰልም።,Complaint,6,Complaint_12,test
3624,እንኳን ደስ አለህ ፖሊሱ በሳምንቱ መጨረሻ።,Phatic,7,Phatic_07,train
3625,ቡናው ገና ወደ ሆስፒታል በዚህ አመት አልደረሰኝም።,Complaint,6,Complaint_07,train
3626,መኪናው ገና ወደ ፍርድ ቤት ከሰዓት በኋላ አልደረሰኝም።,Complaint,6,Complaint_07,train
3627,ነገ በመንገድ ላይ መገኘት አልችልም።,Refusal,2,Refusal_04,val
3628,ኤጀንሲው በሚቀጥለው ሳምንት ትርፍ አግኝቷል።,Assertion,1,Assertion_04,test
3629,ውሃው ገና ወደ ፋብሪካ ከሶስት ሰዓት በኋላ አልደረሰኝም።,Complaint,6,Complaint_07,train
3630,ስብሰባው ያለ ማስታወቂያ ዛሬ ማታ በአውሮፕላን ማረፊያ ተሰርዟል።,Complaint,6,Complaint_09,test
3631,እንዴት ጎበዝ ነህ አለቃዬ፣ መልእክቱን ሰብረኸዋል!,Sarcasm/Irony,5,Sarcasm/Irony_00,train
3632,ከሚኒስትሩ ጋር በሳምንቱ መጨረሻ በፖሊስ ጣቢያ እገናኛለሁ።,Promise,8,Promise_04,val
3633,እባክዎ ፕሮጀክቱን ለጠበቃው ከምሽቱ ጀምሮ ይላኩልኝ።,Request,0,Request_00,train
3634,ጎበዝ! በጣም ጥሩ ስራ ሰራህ መሐንዲሱ፣ ፕሮጀክቱን አበላሸኸው።,Sarcasm/Irony,5,Sarcasm/Irony_02,train
3635,እባክህ ለቦርሳው ይህን ዘዴ በሳምንቱ መጨረሻ ተጠቀም።,Suggestion,3,Suggestion_04,train
3636,ከጥቂት ደቂቃዎች በኋላ በመጋዘን ስብሰባ እናድርግ።,Suggestion,3,Suggestion_02,train
3637,ኤጀንሲው ስለ ሂሳቡ ማስጠንቀቂያ በሳምንቱ መጨረሻ አውጥቷል።,Warning,4,Warning_08,train
3638,እባክዎ ይቅርታ፣ ቤቱን ከጥቂት ደቂቃዎች በኋላ ማቅረብ አልችልም።,Refusal,2,Refusal_09,train
3639,ጓደኛዬ ወደ ትምህርት ቤት ነገ ጠዋት ሄደዋል።,Assertion,1,Assertion_07,train
3640,ደረሰኙ ገና ወደ ፋብሪካ ነገ አልደረሰኝም።,Complaint,6,Complaint_07,train
3641,ስቱዲዮው ስለ ዕቃው ማስጠንቀቂያ ከሰዓት በኋላ አውጥቷል።,Warning,4,Warning_08,train
3642,የትዕዛዙ ዋጋውን ከአንድ ሰዓት በኋላ ብንቀንስ ደንበኞች ይጨምራሉ።,Suggestion,3,Suggestion_07,train
3643,ይህ መኪናው ከመንግስት ከተገለጸው ጋር አይመሳሰልም።,Complaint,6,Complaint_12,test
3644,ከደንበኛው ጋር ከሁለት ቀናት በኋላ በፍርድ ቤት እገናኛለሁ።,Promise,8,Promise_04,val
3645,እባክዎ ይቅርታ፣ ቁልፉን በዚህ አመት ማቅረብ አልችልም።,Refusal,2,Refusal_09,train
3646,በሩ በፋብሪካ ይገኛል።,Assertion,1,Assertion_00,test
3647,የልብሱ ችግር ከዛሬ ጀምሮ ከመምህሩ ጋር እፈታለሁ።,Promise,8,Promise_11,train
3648,ስቱዲዮው ስለ ማሽኑ ማስጠንቀቂያ በዚህ ወር አውጥቷል።,Warning,4,Warning_08,train
3649,ክፍያ ብከፍልም ከድርጅቱ አገልግሎት በሳምንቱ መጨረሻ አላገኘሁም።,Complaint,6,Complaint_10,val
3650,ጥያቄው ገና ወደ አውሮፕላን ማረፊያ በዚህ ሳምንት አልደረሰኝም።,Complaint,6,Complaint_07,train
3651,ማዕከሉ በዚህ ወር ትርፍ አግኝቷል።,Assertion,1,Assertion_04,test
3652,ከአለቃዬ ጋር በስብሰባው ወቅት መነጋገር ይሻላል።,Suggestion,3,Suggestion_06,val
3653,ስራ አስኪያጁ ወደ ሱቅ ነገ ሄደዋል።,Assertion,1,Assertion_07,train
3654,ሚኒስትሩ፣ ስራ በአውሮፕላን ማረፊያ እንዴት ነው?,Phatic,7,Phatic_09,val
3655,ፕሮጀክቱ ገና ወደ መጋዘን ከአንድ ሰዓት በኋላ አልደረሰኝም።,Complaint,6,Complaint_07,train
3656,የቁልፉ ዋጋውን ዛሬ ማታ ብንቀንስ ደንበኞች ይጨምራሉ።,Suggestion,3,Suggestion_07,train
3657,እባክዎ ዕቃውን ለመሐንዲሱ ከአንድ ሰዓት በኋላ ይላኩልኝ።,Request,0,Request_00,train
3658,ቢያንስ አንዴ መኪናውን በሆስፒታል እንሞክር።,Suggestion,3,Suggestion_05,train
3659,ስራው ከምሽቱ ጀምሮ ከአስተማሪዋ ጋር አልተጠናቀቀም።,Complaint,6,Complaint_03,test
3660,ይህን ስጦታውን ያለ ሹፌሩ ትዕዛዝ አይውሰዱ።,Warning,4,Warning_12,val
3661,አለቃዬ ወደ ሱቅ ከጥቂት ደቂቃዎች በኋላ ሄደዋል።,Assertion,1,Assertion_07,train
3662,ጥንቃቄ ያድርጉ፣ ከዛሬ ጀምሮ አውሮፕላን ማረፊያ ይንሸራተታል።,Warning,4,Warning_02,train
3663,ድርጅቱ ስለ ቡናው ማስጠንቀቂያ ከሁለት ቀናት በኋላ አውጥቷል።,Warning,4,Warning_08,train
3664,እንዴት ጎበዝ ነህ ፖሊሱ፣ ኮምፒዩተሩን ሰብረኸዋል!,Sarcasm/Irony,5,Sarcasm/Irony_00,train
3665,ከዶክተሩ ጋር በሚቀጥለው አመት በትምህርት ቤት እገናኛለሁ።,Promise,8,Promise_04,val
3666,ከጓደኛዬ ጋር ከዛሬ ጀምሮ በፍርድ ቤት እገናኛለሁ።,Promise,8,Promise_04,val
3667,እንኳን ደስ አለህ ባልደረባዬ፣ ስለ ሰነዱ እንደገና ተሳስተሃል።,Sarcasm/Irony,5,Sarcasm/Irony_13,train
3668,እንኳን ወደ ፍርድ ቤት ደህና መጣህ ጋዜጠኛው።,Phatic,7,Phatic_04,test
3669,ቁልፉ ገና ወደ ስብሰባ ክፍል ነገ ከሰዓት በኋላ አልደረሰኝም።,Complaint,6,Complaint_07,train
3670,ወደ ከተማው ውስጥ ከሰዓት በኋላ መሄድ አልችልም።,Refusal,2,Refusal_13,test
3671,እንደምን አለህ በትምህርት ቤት፣ ጓደኛዬ?,Phatic,7,Phatic_11,val
3672,በጣም ብልህ ነህ አለቃዬ፣ ካርታውን ረሳኸው።,Sarcasm/Irony,5,Sarcasm/Irony_04,train
3673,እባክዎ መልእክቱን ለስራ አስኪያጁ በዚህ አመት ይላኩልኝ።,Request,0,Request_00,train
3674,እባክዎ ጥያቄውን ለአለቃዬ በዚህ ወር ይላኩልኝ።,Request,0,Request_00,train
3675,ውሉ ገና ወደ አውሮፕላን ማረፊያ ከጥቂት ደቂቃዎች በኋላ አልደረሰኝም።,Complaint,6,Complaint_07,train
3676,ወደ ቢሮ በስብሰባው ወቅት ብቻዎን አይሂዱ።,Warning,4,Warning_06,test
3677,ከጓደኛዬ ጋር ከአንድ ሰዓት በኋላ በስብሰባ ክፍል እገናኛለሁ።,Promise,8,Promise_04,val
3678,ከመሐንዲሱ ጋር በዚህ ሳምንት መነጋገር ይሻላል።,Suggestion,3,Suggestion_06,val
3679,ዕቃው ገና ወደ ባንክ ከምሽቱ ጀምሮ አልደረሰኝም።,Complaint,6,Complaint_07,train
3680,እባክሽ ገንዘቡን በሚቀጥለው አመት አምጪልኝ።,Request,0,Request_09,test
3681,ቤቱ ገና ወደ ከተማው ውስጥ ከሁለት ቀናት በኋላ አልደረሰኝም።,Complaint,6,Complaint_07,train
3682,የበሩ ችግር በዚህ ወር ከአለቃዬ ጋር እፈታለሁ።,Promise,8,Promise_11,train
3683,ስለ ቤቱ ከጓደኛዬ ጋር ማሰብ ይኖርብናል።,Suggestion,3,Suggestion_03,train
3684,ገንዘቡ ገና ወደ ከተማው ውስጥ ከምሽቱ ጀምሮ አልደረሰኝም።,Complaint,6,Complaint_07,train
3685,የመልእክቱ ወጪውን በባንክ ብንቀንስ የተሻለ ነው።,Suggestion,3,Suggestion_13,train
3686,ኮምፒዩተሩ ገና ወደ ቤት ዛሬ ማታ አልደረሰኝም።,Complaint,6,Complaint_07,train
3687,አስተማሪዋ፣ ቤተሰብ በባንክ እንዴት ናቸው?,Phatic,7,Phatic_05,val
3688,ስራ አስኪያጁ ወደ ፍርድ ቤት ከዛሬ ጀምሮ ሄደዋል።,Assertion,1,Assertion_07,train
3689,ይቅርታ፣ መጽሐፉን ከሁለት ቀናት በኋላ ማድረግ አልችልም።,Refusal,2,Refusal_00,train
3690,እባክዎ ትዕዛዙን ለመምህሩ ነገ ጠዋት ይላኩልኝ።,Request,0,Request_00,train
3691,እባክዎ ጥያቄውን ለነጋዴው በሚቀጥለው ሳምንት ይላኩልኝ።,Request,0,Request_00,train
3692,ኩባንያው ዛሬ ማታ ትርፍ አግኝቷል።,Assertion,1,Assertion_04,test
3693,ዶክተሩ ለቅሬታዬ ምላሽ ዛሬ አልሰጡም።,Complaint,6,Complaint_06,val
3694,ከስራ አስኪያጁ ጋር ስለ ማሽኑ ጉዳይ መስማማት አልችልም።,Refusal,2,Refusal_06,train
3695,ከጠበቃው ጋር በዚህ ወር በመንገድ ላይ እገናኛለሁ።,Promise,8,Promise_04,val
3696,በፖሊስ ጣቢያ በሚቀጥለው ሳምንት ንጽህና ጎድሏል።,Complaint,6,Complaint_13,test
3697,በጣም ትክክለኛ ነው አለቃዬ፣ በትምህርት ቤት ሁልጊዜ እንደዚህ ይሆናል።,Sarcasm/Irony,5,Sarcasm/Irony_08,val
3698,በመንገድ ላይ ትንሽ እረፍት በሳምንቱ መጨረሻ ብንወስድ ጥሩ ነው።,Suggestion,3,Suggestion_09,test
3699,ይቅርታ፣ ውሃውን ከአንድ ሰዓት በኋላ ማድረግ አልችልም።,Refusal,2,Refusal_00,train
3700,እባክዎ ይቅርታ፣ ኮምፒዩተሩን በዚህ አመት ማቅረብ አልችልም።,Refusal,2,Refusal_09,train
3701,እባክዎ ይቅርታ፣ ዕቃውን ከሶስት ሰዓት በኋላ ማቅረብ አልችልም።,Refusal,2,Refusal_09,train
3702,እባክዎ ይቅርታ፣ ዕቃውን ከሁለት ቀናት በኋላ ማቅረብ አልችልም።,Refusal,2,Refusal_09,train
3703,ተጠንቀቅ፣ በሚቀጥለው ወር ሆስፒታል ውስጥ አደጋ አለ።,Warning,4,Warning_00,val
3704,እባክዎ ልብሱን ለሹፌሩ ከአንድ ሰዓት በኋላ ይላኩልኝ።,Request,0,Request_00,train
3705,እባክዎ ለሚኒስትሩ ካርታውን ያድርሱ።,Request,0,Request_14,test
3706,አዎ በርግጥ፣ የማዕከሉ እቅድ በዛሬ ማታ በጭራሽ አይከሽፍም።,Sarcasm/Irony,5,Sarcasm/Irony_11,train
3707,ከዶክተሩ ጋር በሚቀጥለው ሳምንት በመንገድ ላይ እገናኛለሁ።,Promise,8,Promise_04,val
3708,በፖሊስ ጣቢያ ከሰዓት በኋላ ወንጀል ሊፈጸም ይችላል ተጠንቀቁ።,Warning,4,Warning_11,train
3709,ነገ ከሰዓት በኋላ በመንገድ ላይ መገኘት አልችልም።,Refusal,2,Refusal_04,val
3710,ቁልፉን በጥንቃቄ ከሚኒስትሩ ጋር ብንመረምር ይሻላል።,Suggestion,3,Suggestion_11,val
3711,እባክዎ ለጠበቃው ስልኩን ያድርሱ።,Request,0,Request_14,test
3712,መስኮቱ በመንገድ ላይ ይገኛል።,Assertion,1,Assertion_00,test
3713,እሰይ፣ ሌላ ችግር በከተማው ውስጥ ዛሬ፣ ልክ የሚያስፈልገን ይሄው ነበር።,Sarcasm/Irony,5,Sarcasm/Irony_07,train
3714,እባክዎ ስጦታውን ለነጋዴው ዛሬ ማታ ይላኩልኝ።,Request,0,Request_00,train
3715,ደንበኛው ወደ ባንክ በሚቀጥለው ወር ሄደዋል።,Assertion,1,Assertion_07,train
3716,እንዴት ጎበዝ ነህ ጋዜጠኛው፣ ስጦታውን ሰብረኸዋል!,Sarcasm/Irony,5,Sarcasm/Irony_00,train
3717,ስራ አስኪያጁ ወደ ስብሰባ ክፍል በሳምንቱ መጨረሻ ሄደዋል።,Assertion,1,Assertion_07,train
3718,የመልእክቱ ወጪውን በፋብሪካ ብንቀንስ የተሻለ ነው።,Suggestion,3,Suggestion_13,train
3719,እንኳን ደስ አለህ ጓደኛዬ፣ ስለ ትዕዛዙ እንደገና ተሳስተሃል።,Sarcasm/Irony,5,Sarcasm/Irony_13,train
3720,በስብሰባው ወቅት በፍርድ ቤት መገኘት አልችልም።,Refusal,2,Refusal_04,val
3721,ስለ ቡናው ከሚኒስትሩ ጋር ማሰብ ይኖርብናል።,Suggestion,3,Suggestion_03,train
3722,እባክዎ ሂሳቡን ለስራ አስኪያጁ ከጥቂት ደቂቃዎች በኋላ ይላኩልኝ።,Request,0,Request_00,train
3723,ውሃው ገና ወደ ገበያ በሚቀጥለው ሳምንት አልደረሰኝም።,Complaint,6,Complaint_07,train
3724,ስልኩ ገና ወደ አውሮፕላን ማረፊያ በዚህ አመት አልደረሰኝም።,Complaint,6,Complaint_07,train
3725,እባክዎ ለጠበቃው ስለ ሂሳቡ ይንገሩልኝ።,Request,0,Request_04,val
3726,የደብዳቤው ችግር በሚቀጥለው ሳምንት ከባልደረባዬ ጋር እፈታለሁ።,Promise,8,Promise_11,train
3727,ወደ መንገድ ላይ በዚህ ወር መሄድ አልችልም።,Refusal,2,Refusal_13,test
3728,በዚህ ሳምንት በገበያ መገኘት አልችልም።,Refusal,2,Refusal_04,val
3729,እባክዎ ሰነዱን ለዶክተሩ በዚህ ሳምንት ይላኩልኝ።,Request,0,Request_00,train
3730,እባክዎ ዕቃውን ለጠበቃው በሚቀጥለው አመት ይላኩልኝ።,Request,0,Request_00,train
3731,መንግስት ስለ ትዕዛዙ ማስጠንቀቂያ ዛሬ አውጥቷል።,Warning,4,Warning_08,train
3732,ቤቱ ገና ወደ ፍርድ ቤት በሚቀጥለው አመት አልደረሰኝም።,Complaint,6,Complaint_07,train
3733,ከሹፌሩ ጋር በሚቀጥለው ሳምንት በፋብሪካ እገናኛለሁ።,Promise,8,Promise_04,val
3734,የመልእክቱ ችግር ከሶስት ሰዓት በኋላ ከሹፌሩ ጋር እፈታለሁ።,Promise,8,Promise_11,train
3735,ይህን ጥያቄውን ያለ አለቃዬ ትዕዛዝ አይውሰዱ።,Warning,4,Warning_12,val
3736,ይቅርታ፣ ውሉን በዚህ ወር ማድረግ አልችልም።,Refusal,2,Refusal_00,train
3737,እንኳን አደረሳችሁ ደንበኛው፣ በትምህርት ቤት።,Phatic,7,Phatic_14,test
3738,እባክዎ ሂሳቡን ለጓደኛዬ በዚህ አመት ይላኩልኝ።,Request,0,Request_00,train
3739,እንዴት ደስ ይላል፣ ፖሊሱ እንደገና ነገ ጠዋት ዘገዩ።,Sarcasm/Irony,5,Sarcasm/Irony_03,train
3740,መንግስት ስለ ፋይሉ ማስጠንቀቂያ ከምሽቱ ጀምሮ አውጥቷል።,Warning,4,Warning_08,train
3741,እባክዎ ስጦታውን ለሹፌሩ በሚቀጥለው ወር ይላኩልኝ።,Request,0,Request_00,train
3742,ካርታው ገና ወደ ባንክ ከምሽቱ ጀምሮ አልደረሰኝም።,Complaint,6,Complaint_07,train
3743,የሂሳቡ ዋጋ ዛሬ ማታ ጨምሯል።,Assertion,1,Assertion_12,val
3744,ማንነትዎን ለማያውቁት ባልደረባዬ በፋብሪካ አይስጡ።,Warning,4,Warning_14,test
3745,ስለ ትዕዛዙ ከደንበኛው ጋር ማሰብ ይኖርብናል።,Suggestion,3,Suggestion_03,train
3746,የመሳሪያው ችግር ዛሬ ከአለቃዬ ጋር እፈታለሁ።,Promise,8,Promise_11,train
3747,እንዴት ጥሩ ነው ባልደረባዬ፣ ዛሬ ደግሞ ዘገየ።,Sarcasm/Irony,5,Sarcasm/Irony_10,val
3748,እሰይ፣ ሌላ ችግር በመንገድ ላይ በዚህ አመት፣ ልክ የሚያስፈልገን ይሄው ነበር።,Sarcasm/Irony,5,Sarcasm/Irony_07,train
3749,ይቅርታ፣ ፕሮጀክቱን ከሁለት ቀናት በኋላ ማድረግ አልችልም።,Refusal,2,Refusal_00,train
3750,ከመሐንዲሱ ጋር በሚቀጥለው ሳምንት በከተማው ውስጥ እገናኛለሁ።,Promise,8,Promise_04,val
3751,በከተማው ውስጥ ትንሽ እረፍት ነገ ጠዋት ብንወስድ ጥሩ ነው።,Suggestion,3,Suggestion_09,test
3752,ድርጅቱ በሚቀጥለው ወር አዲስ ምርት አስተዋውቋል።,Assertion,1,Assertion_02,val
3753,ገንዘቡን ለመሐንዲሱ ከሁለት ቀናት በኋላ እከፍላለሁ።,Promise,8,Promise_02,test
3754,መስኮቱ ገና ወደ ፖሊስ ጣቢያ ከምሽቱ ጀምሮ አልደረሰኝም።,Complaint,6,Complaint_07,train
3755,በሩ ገና ወደ ከተማው ውስጥ ነገ ጠዋት አልደረሰኝም።,Complaint,6,Complaint_07,train
3756,ይህ በሩ ከማዕከሉ ጥራት የለውም።,Complaint,6,Complaint_00,val
3757,መንግስት ስለ ሰነዱ ማስጠንቀቂያ ነገ ጠዋት አውጥቷል።,Warning,4,Warning_08,train
3758,ከፖሊሱ ጋር በዚህ ወር መነጋገር ይሻላል።,Suggestion,3,Suggestion_06,val
3759,እባክዎ መኪናውን ለዶክተሩ በሚቀጥለው ሳምንት ይላኩልኝ።,Request,0,Request_00,train
3760,ጥንቃቄ ያድርጉ፣ ከአንድ ሰዓት በኋላ ከተማው ውስጥ ይንሸራተታል።,Warning,4,Warning_02,train
3761,እንዴት ጥሩ ነው ባልደረባዬ፣ ነገ ደግሞ ዘገየ።,Sarcasm/Irony,5,Sarcasm/Irony_10,val
3762,በጣም ውጤታማ ነው ማህበሩ፣ በነገ ከሰዓት በኋላ ምንም አልተሰራም።,Sarcasm/Irony,5,Sarcasm/Irony_14,val
3763,ጤና ይስጥልኝ ሹፌሩ፣ ከሁለት ቀናት በኋላ ደህና ነህ?,Phatic,7,Phatic_12,train
3764,ሂሳቡ ገና ወደ መጋዘን ነገ ጠዋት አልደረሰኝም።,Complaint,6,Complaint_07,train
3765,ይህ ቦርሳው ከኤጀንሲው ከተገለጸው ጋር አይመሳሰልም።,Complaint,6,Complaint_12,test
3766,ተጠንቀቅ፣ በዚህ አመት ሆስፒታል ውስጥ አደጋ አለ።,Warning,4,Warning_00,val
3767,ስራውን ከጋዜጠኛው ጋር በዚህ ሳምንት እጨርሳለሁ።,Promise,8,Promise_01,test
3768,እንዴት ጎበዝ ነህ መምህሩ፣ ቁልፉን ሰብረኸዋል!,Sarcasm/Irony,5,Sarcasm/Irony_00,train
3769,ያልተፈቀደ ግቢ ወደ ቤት ዛሬ አይግቡ።,Warning,4,Warning_09,test
3770,የፕሮጀክቱ ችግር በሳምንቱ መጨረሻ ከነጋዴው ጋር እፈታለሁ።,Promise,8,Promise_11,train
3771,እባክዎ ፋይሉን ለአስተማሪዋ በሚቀጥለው ሳምንት ይላኩልኝ።,Request,0,Request_00,train
3772,እባክህ ለመልእክቱ ይህን ዘዴ በዚህ አመት ተጠቀም።,Suggestion,3,Suggestion_04,train
3773,ጋዜጠኛው ሪፖርቱን ነገ አቅርበዋል።,Assertion,1,Assertion_13,test
3774,ደረሰኙ ገና ወደ ፋብሪካ በዚህ ወር አልደረሰኝም።,Complaint,6,Complaint_07,train
3775,ይህን ሂሳቡን ከደንበኛው መቀበል አልችልም።,Refusal,2,Refusal_03,train
3776,እባክሽ መስኮቱን ዛሬ አምጪልኝ።,Request,0,Request_09,test
3777,ፋይሉ በፖሊስ ጣቢያ ይገኛል።,Assertion,1,Assertion_00,test
3778,ይቅርታ፣ ኮምፒዩተሩን ከሰዓት በኋላ ማድረግ አልችልም።,Refusal,2,Refusal_00,train
3779,ከመምህሩ ጋር በዚህ አመት በመጋዘን እገናኛለሁ።,Promise,8,Promise_04,val
3780,ሪፖርቱ ከፖሊሱ አጠገብ አደገኛ ሊሆን ይችላል።,Warning,4,Warning_01,test
3781,ስልኩ በሱቅ ይገኛል።,Assertion,1,Assertion_00,test
3782,ነጋዴው ወደ ባንክ ከሰዓት በኋላ ሄደዋል።,Assertion,1,Assertion_07,train
3783,ከጠበቃው ጋር ከጥቂት ደቂቃዎች በኋላ በፍርድ ቤት እገናኛለሁ።,Promise,8,Promise_04,val
3784,በጣም ደግ ነህ ባልደረባዬ፣ በአውሮፕላን ማረፊያ ምንም እርዳታ አልሰጠኸኝም።,Sarcasm/Irony,5,Sarcasm/Irony_12,train
3785,ማህበሩ ስለ ዕቃው ማስጠንቀቂያ ዛሬ አውጥቷል።,Warning,4,Warning_08,train
3786,ስራ አስኪያጁ ወደ ስብሰባ ክፍል በዚህ አመት ሄደዋል።,Assertion,1,Assertion_07,train
3787,የበሩ ወጪውን በሆስፒታል ብንቀንስ የተሻለ ነው።,Suggestion,3,Suggestion_13,train
3788,ነገ ከሰዓት በኋላ በፍርድ ቤት መገኘት አልችልም።,Refusal,2,Refusal_04,val
3789,እባክህ ይቅርታ አድርግልኝ፣ ወደ መንገድ ላይ በስብሰባው ወቅት መምጣት አልችልም።,Refusal,2,Refusal_01,test
3790,ቃል እገባለሁ፣ መጽሐፉን ነገ ጠዋት አላዘገይም።,Promise,8,Promise_03,test
3791,እባክዎ ቁልፉን ለአስተማሪዋ ነገ ይላኩልኝ።,Request,0,Request_00,train
3792,ፋብሪካው ስለ መሳሪያው ማስጠንቀቂያ ከጥቂት ደቂቃዎች በኋላ አውጥቷል።,Warning,4,Warning_08,train
3793,መምህሩ ወደ ባንክ ነገ ጠዋት ሄደዋል።,Assertion,1,Assertion_07,train
3794,እባክዎ ቁልፉን ለሹፌሩ በዚህ ሳምንት ይላኩልኝ።,Request,0,Request_00,train
3795,ይህን ሃሳብ ስለ ቤቱ አልቀበልም።,Refusal,2,Refusal_14,val
3796,ይቅርታ፣ ትዕዛዙን ከምሽቱ ጀምሮ ማድረግ አልችልም።,Refusal,2,Refusal_00,train
3797,መምህሩ፣ ጤና ይስጥልኝ በቤት።,Phatic,7,Phatic_03,train
3798,ዛሬ ማታ በሱቅ ከባድ ዝናብ ሊዘንብ ይችላል ተጠንቀቁ።,Warning,4,Warning_03,test
3799,የውሃው ችግር ነገ ከሚኒስትሩ ጋር እፈታለሁ።,Promise,8,Promise_11,train
3800,እባክዎ መሳሪያውን ለጠበቃው ከምሽቱ ጀምሮ ይላኩልኝ።,Request,0,Request_00,train
3801,የቤቱ ወጪውን በፍርድ ቤት ብንቀንስ የተሻለ ነው።,Suggestion,3,Suggestion_13,train
3802,በጣም ብልህ ነህ ደንበኛው፣ ደረሰኙን ረሳኸው።,Sarcasm/Irony,5,Sarcasm/Irony_04,train
3803,ሹፌሩ ስብሰባውን በዚህ አመት መርተዋል።,Assertion,1,Assertion_03,val
3804,የቡናው ገመድ በፍርድ ቤት አደገኛ ነው ተጠንቀቁ።,Warning,4,Warning_07,train
3805,ለሚኒስትሩ የገባሁትን ቃል ከሰዓት በኋላ አከብራለሁ።,Promise,8,Promise_08,test
3806,ሪፖርቱን ለነጋዴው በዚህ ሳምንት አቀርባለሁ።,Promise,8,Promise_05,train
3807,ጠበቃው ወደ ቢሮ ከጥቂት ደቂቃዎች በኋላ ሄደዋል።,Assertion,1,Assertion_07,train
3808,እንኳን ደስ አለህ ባልደረባዬ ከሁለት ቀናት በኋላ።,Phatic,7,Phatic_07,train
3809,ክፍያ ብከፍልም ከኤጀንሲው አገልግሎት ነገ አላገኘሁም።,Complaint,6,Complaint_10,val
3810,እንኳን ደስ አለህ ሚኒስትሩ፣ ስለ ልብሱ እንደገና ተሳስተሃል።,Sarcasm/Irony,5,Sarcasm/Irony_13,train
3811,እባክዎ ሂሳቡን ለደንበኛው ነገ ጠዋት ይላኩልኝ።,Request,0,Request_00,train
3812,እባክሽ ቡናውን ዛሬ ማታ አምጪልኝ።,Request,0,Request_09,test
3813,መሳሪያውን በሚቀጥለው ሳምንት ብንሞክር ጥሩ ይሆናል።,Suggestion,3,Suggestion_00,train
3814,ቁልፉ በፖሊስ ጣቢያ ይገኛል።,Assertion,1,Assertion_00,test
3815,ኩባንያው ስለ ጥያቄው ማስጠንቀቂያ ዛሬ ማታ አውጥቷል።,Warning,4,Warning_08,train
3816,በሚቀጥለው ሳምንት በመንገድ ላይ መገኘት አልችልም።,Refusal,2,Refusal_04,val
3817,ፕሮጀክቱን ከሶስት ሰዓት በኋላ ከስራ አስኪያጁ ጋር ብንጀምር ይሻላል።,Suggestion,3,Suggestion_08,val
3818,ከሶስት ሰዓት በኋላ ወደ ባንክ እመጣለሁ።,Promise,8,Promise_00,train
3819,እንኳን ደስ አለህ ነጋዴው፣ ስለ ጥያቄው እንደገና ተሳስተሃል።,Sarcasm/Irony,5,Sarcasm/Irony_13,train
3820,ሰነዱ ገና ወደ ገበያ ነገ ከሰዓት በኋላ አልደረሰኝም።,Complaint,6,Complaint_07,train
3821,አለቃዬ፣ ቤተሰብ በአውሮፕላን ማረፊያ እንዴት ናቸው?,Phatic,7,Phatic_05,val
3822,ደንበኛው ወደ ባንክ በሚቀጥለው ሳምንት ሄደዋል።,Assertion,1,Assertion_07,train
3823,መንግስት ስለ መልእክቱ ማስጠንቀቂያ በስብሰባው ወቅት አውጥቷል።,Warning,4,Warning_08,train
3824,የቡናው ችግር ከምሽቱ ጀምሮ ከጠበቃው ጋር እፈታለሁ።,Promise,8,Promise_11,train
3825,ወደ ፍርድ ቤት ዛሬ እንሂድ።,Suggestion,3,Suggestion_01,test
3826,ከሶስት ሰዓት በኋላ በመጋዘን መገኘት አልችልም።,Refusal,2,Refusal_04,val
3827,ስለ ሂሳቡ ከጓደኛዬ ጋር ማሰብ ይኖርብናል።,Suggestion,3,Suggestion_03,train
3828,በጣም ትክክለኛ ነው ጋዜጠኛው፣ በከተማው ውስጥ ሁልጊዜ እንደዚህ ይሆናል።,Sarcasm/Irony,5,Sarcasm/Irony_08,val
3829,ይህን ቁልፉን ከዶክተሩ መቀበል አልችልም።,Refusal,2,Refusal_03,train
3830,የትዕዛዙ ችግር ከሶስት ሰዓት በኋላ ከነጋዴው ጋር እፈታለሁ።,Promise,8,Promise_11,train
3831,ቢያንስ አንዴ ልብሱን በባንክ እንሞክር።,Suggestion,3,Suggestion_05,train
3832,ኩባንያው በሳምንቱ መጨረሻ አዲስ ምርት አስተዋውቋል።,Assertion,1,Assertion_02,val
3833,እንዴት ጥሩ ነው ጠበቃው፣ በዚህ ወር ደግሞ ዘገየ።,Sarcasm/Irony,5,Sarcasm/Irony_10,val
3834,እንዴት ጎበዝ ነህ ስራ አስኪያጁ፣ ደብዳቤውን ሰብረኸዋል!,Sarcasm/Irony,5,Sarcasm/Irony_00,train
3835,በጣም ብልህ ነህ ሹፌሩ፣ ሰነዱን ረሳኸው።,Sarcasm/Irony,5,Sarcasm/Irony_04,train
3836,አለቃዬ ወደ ፋብሪካ ከዛሬ ጀምሮ ሄደዋል።,Assertion,1,Assertion_07,train
3837,ይቅርታ፣ ገንዘቡን ከሶስት ሰዓት በኋላ ማድረግ አልችልም።,Refusal,2,Refusal_00,train
3838,የስጦታው ወጪውን በመጋዘን ብንቀንስ የተሻለ ነው።,Suggestion,3,Suggestion_13,train
3839,መሐንዲሱ ወደ መንገድ ላይ ከሁለት ቀናት በኋላ ሄደዋል።,Assertion,1,Assertion_07,train
3840,እባክህ ይቅርታ አድርግልኝ፣ ወደ ሆስፒታል ከሰዓት በኋላ መምጣት አልችልም።,Refusal,2,Refusal_01,test
3841,እባክዎ ማሽኑን ለሹፌሩ በሚቀጥለው ወር ይላኩልኝ።,Request,0,Request_00,train
3842,የበሩ ችግር ከሰዓት በኋላ ከዶክተሩ ጋር እፈታለሁ።,Promise,8,Promise_11,train
3843,በጣም ትክክለኛ ነው ሹፌሩ፣ በአውሮፕላን ማረፊያ ሁልጊዜ እንደዚህ ይሆናል።,Sarcasm/Irony,5,Sarcasm/Irony_08,val
3844,ስራ አስኪያጁ ወደ ሱቅ በሚቀጥለው ሳምንት ሄደዋል።,Assertion,1,Assertion_07,train
3845,ከጥቂት ደቂቃዎች በኋላ በትምህርት ቤት ስብሰባ እናድርግ።,Suggestion,3,Suggestion_02,train
3846,ከሶስት ሰዓት በኋላ ወደ ፍርድ ቤት እደርሳለሁ።,Promise,8,Promise_10,train
3847,እንደምን አለህ በፍርድ ቤት፣ ሹፌሩ?,Phatic,7,Phatic_11,val
3848,እባክዎ በሩን ለባልደረባዬ በሚቀጥለው አመት ይላኩልኝ።,Request,0,Request_00,train
3849,ጤና ይስጥልኝ አስተማሪዋ፣ በሚቀጥለው ሳምንት ደህና ነህ?,Phatic,7,Phatic_12,train
3850,ድርጅቱ ስለ ኮምፒዩተሩ ማስጠንቀቂያ ከአንድ ሰዓት በኋላ አውጥቷል።,Warning,4,Warning_08,train
3851,ነጋዴው፣ ቤተሰብ በአውሮፕላን ማረፊያ እንዴት ናቸው?,Phatic,7,Phatic_05,val
3852,እባክህ ለኮምፒዩተሩ ይህን ዘዴ በሚቀጥለው አመት ተጠቀም።,Suggestion,3,Suggestion_04,train
3853,በቤት ትንሽ እረፍት ከምሽቱ ጀምሮ ብንወስድ ጥሩ ነው።,Suggestion,3,Suggestion_09,test
3854,ጎበዝ ስራ አስተማሪዋ፣ ፕሮጀክቱ ሙሉ በሙሉ ፈርሷል።,Sarcasm/Irony,5,Sarcasm/Irony_09,train
3855,የድርጅቱ አገልግሎት በፍርድ ቤት በጣም ደካማ ነው።,Complaint,6,Complaint_01,test
3856,እንኳን ደስ አለህ ጓደኛዬ ከሁለት ቀናት በኋላ።,Phatic,7,Phatic_07,train
3857,ማንነትዎን ለማያውቁት አስተማሪዋ በገበያ አይስጡ።,Warning,4,Warning_14,test
3858,ገንዘብዎን ይጠብቁ፣ በቤት በሚቀጥለው ሳምንት ስርቆት ተከስቷል።,Warning,4,Warning_05,val
3859,በባንኩ አዲስ ስልት ዛሬ ማታ እንተግብር።,Suggestion,3,Suggestion_14,test
3860,እባክዎ ልብሱን ለመሐንዲሱ ከአንድ ሰዓት በኋላ ይላኩልኝ።,Request,0,Request_00,train
3861,ፋይሉን በዚህ ሳምንት ብንሞክር ጥሩ ይሆናል።,Suggestion,3,Suggestion_00,train
3862,እባክዎ በዚህ ሳምንት ወደ ቢሮ ይድረሱልኝ።,Request,0,Request_07,val
3863,ማዕከሉ ስለ ገንዘቡ ማስጠንቀቂያ ነገ ጠዋት አውጥቷል።,Warning,4,Warning_08,train
3864,ፖሊሱ ወደ ስብሰባ ክፍል ዛሬ ሄደዋል።,Assertion,1,Assertion_07,train
3865,ከጋዜጠኛው ጋር ከጥቂት ደቂቃዎች በኋላ በከተማው ውስጥ እገናኛለሁ።,Promise,8,Promise_04,val
3866,ከባልደረባዬ ጋር በሚቀጥለው ወር መነጋገር ይሻላል።,Suggestion,3,Suggestion_06,val
3867,የሰነዱ ችግር በዚህ አመት ከአስተማሪዋ ጋር እፈታለሁ።,Promise,8,Promise_11,train
3868,እንዴት ደስ ይላል፣ ነጋዴው እንደገና በዚህ ወር ዘገዩ።,Sarcasm/Irony,5,Sarcasm/Irony_03,train
3869,ስጦታው ገና ወደ ገበያ በዚህ ሳምንት አልደረሰኝም።,Complaint,6,Complaint_07,train
3870,ይህን ውሉን ከአለቃዬ ጋር በጥንቃቄ ያዙ።,Warning,4,Warning_04,val
3871,እንኳን አደረሳችሁ ስራ አስኪያጁ፣ በቤት።,Phatic,7,Phatic_14,test
3872,ልብሱ ገና ወደ ፍርድ ቤት ከሶስት ሰዓት በኋላ አልደረሰኝም።,Complaint,6,Complaint_07,train
3873,ጠበቃው ወደ ሆስፒታል ከሁለት ቀናት በኋላ ሄደዋል።,Assertion,1,Assertion_07,train
3874,እባክዎ ቡናውን ለባልደረባዬ ከአንድ ሰዓት በኋላ ይላኩልኝ።,Request,0,Request_00,train
3875,የማሽኑ ችግር በሚቀጥለው ወር ከነጋዴው ጋር እፈታለሁ።,Promise,8,Promise_11,train
3876,ይቅርታ፣ ጥያቄውን ነገ ማድረግ አልችልም።,Refusal,2,Refusal_00,train
3877,እንዴት ጎበዝ ነህ ደንበኛው፣ ስጦታውን ሰብረኸዋል!,Sarcasm/Irony,5,Sarcasm/Irony_00,train
3878,እባክህ ለመስኮቱ ይህን ዘዴ ከሁለት ቀናት በኋላ ተጠቀም።,Suggestion,3,Suggestion_04,train
3879,ቡናው ገና ወደ መጋዘን በዚህ አመት አልደረሰኝም።,Complaint,6,Complaint_07,train
3880,ካርታው ጥራት ያለው ነው።,Assertion,1,Assertion_05,test
3881,የጥያቄው ዋጋውን በሚቀጥለው ሳምንት ብንቀንስ ደንበኞች ይጨምራሉ።,Suggestion,3,Suggestion_07,train
3882,ደንበኛው ወደ ትምህርት ቤት ነገ ሄደዋል።,Assertion,1,Assertion_07,train
3883,ይህን መጽሐፉን ከፖሊሱ መቀበል አልችልም።,Refusal,2,Refusal_03,train
3884,እምቢ ማለት እፈልጋለሁ፣ ይህ መኪናው አይሆንልኝም።,Refusal,2,Refusal_05,train
3885,ሂሳቡ ገና ወደ ሆስፒታል ከዛሬ ጀምሮ አልደረሰኝም።,Complaint,6,Complaint_07,train
3886,ከአንድ ሰዓት በኋላ በከተማው ውስጥ ከባድ ዝናብ ሊዘንብ ይችላል ተጠንቀቁ።,Warning,4,Warning_03,test
3887,ሹፌሩ ሪፖርቱን ከዛሬ ጀምሮ አቅርበዋል።,Assertion,1,Assertion_13,test
3888,እንዴት ጎበዝ ነህ አለቃዬ፣ ማሽኑን ሰብረኸዋል!,Sarcasm/Irony,5,Sarcasm/Irony_00,train
3889,እባክዎ ደረሰኙን ለጋዜጠኛው ነገ ጠዋት ይላኩልኝ።,Request,0,Request_00,train
3890,እባክዎ ትዕዛዙን ወደ ፋብሪካ ይላኩ።,Request,0,Request_06,test
3891,ከሹፌሩ ጋር ከዛሬ ጀምሮ በፋብሪካ እገናኛለሁ።,Promise,8,Promise_04,val
3892,እባክህ ይቅርታ አድርግልኝ፣ ወደ ከተማው ውስጥ በስብሰባው ወቅት መምጣት አልችልም።,Refusal,2,Refusal_01,test
3893,ቅሬታዬን ለዶክተሩ በዚህ ወር ብናገርም ማንም አልሰማኝም።,Complaint,6,Complaint_14,val
3894,ደህና ነገ ጠዋት ይሁንልህ መምህሩ።,Phatic,7,Phatic_02,train
3895,ይህን ቡናውን ከደንበኛው መቀበል አልችልም።,Refusal,2,Refusal_03,train
3896,ጥያቄውን ከአንድ ሰዓት በኋላ ብንሞክር ጥሩ ይሆናል።,Suggestion,3,Suggestion_00,train
3897,እንዴት ጥሩ ነው ደንበኛው፣ ከዛሬ ጀምሮ ደግሞ ዘገየ።,Sarcasm/Irony,5,Sarcasm/Irony_10,val
3898,ከምሽቱ ጀምሮ በሱቅ መገኘት አልችልም።,Refusal,2,Refusal_04,val
3899,የፋይሉ ዋጋውን ከጥቂት ደቂቃዎች በኋላ ብንቀንስ ደንበኞች ይጨምራሉ።,Suggestion,3,Suggestion_07,train
3900,ከፖሊሱ ጋር ከምሽቱ ጀምሮ መነጋገር ይሻላል።,Suggestion,3,Suggestion_06,val
3901,የዕቃው ዋጋውን በዚህ ሳምንት ብንቀንስ ደንበኞች ይጨምራሉ።,Suggestion,3,Suggestion_07,train
3902,እቅዱን ነገ ከባንኩ ጋር እናሻሽል።,Suggestion,3,Suggestion_12,train
3903,የድርጅቱ አገልግሎት በቢሮ በጣም ደካማ ነው።,Complaint,6,Complaint_01,test
3904,እሰይ፣ ሌላ ችግር በከተማው ውስጥ በሳምንቱ መጨረሻ፣ ልክ የሚያስፈልገን ይሄው ነበር።,Sarcasm/Irony,5,Sarcasm/Irony_07,train
3905,ጠበቃው ወደ አውሮፕላን ማረፊያ ከጥቂት ደቂቃዎች በኋላ ሄደዋል።,Assertion,1,Assertion_07,train
3906,እንዴት ጥሩ ነው ሹፌሩ፣ በሚቀጥለው ሳምንት ደግሞ ዘገየ።,Sarcasm/Irony,5,Sarcasm/Irony_10,val
3907,ቤቱን በጥንቃቄ ከዶክተሩ ጋር ብንመረምር ይሻላል።,Suggestion,3,Suggestion_11,val
3908,የመሐንዲሱ ጥያቄ ውድቅ አደርጋለሁ።,Refusal,2,Refusal_02,val
3909,ይቅርታ፣ ልብሱን ከሁለት ቀናት በኋላ ማድረግ አልችልም።,Refusal,2,Refusal_00,train
3910,ከጠበቃው ጋር ስለ ደረሰኙ ጉዳይ መስማማት አልችልም።,Refusal,2,Refusal_06,train
3911,ቡናው ገና ወደ ትምህርት ቤት ነገ አልደረሰኝም።,Complaint,6,Complaint_07,train
3912,እባክዎ ይቅርታ፣ ውሃውን በሳምንቱ መጨረሻ ማቅረብ አልችልም።,Refusal,2,Refusal_09,train
3913,እባክዎ ኮምፒዩተሩን ለጋዜጠኛው በሚቀጥለው ሳምንት ይላኩልኝ።,Request,0,Request_00,train
3914,ይህን ቤቱን ከነጋዴው ጋር በጥንቃቄ ያዙ።,Warning,4,Warning_04,val
3915,ምርቱ ገና ወደ ፖሊስ ጣቢያ በስብሰባው ወቅት አልደረሰኝም።,Complaint,6,Complaint_07,train
3916,እንዴት ጥሩ ነው መሐንዲሱ፣ ከሁለት ቀናት በኋላ ደግሞ ዘገየ።,Sarcasm/Irony,5,Sarcasm/Irony_10,val
3917,ስለ ሪፖርቱ ከፖሊሱ ጋር ማሰብ ይኖርብናል።,Suggestion,3,Suggestion_03,train
3918,ጥያቄው ገና ወደ ስብሰባ ክፍል ከምሽቱ ጀምሮ አልደረሰኝም።,Complaint,6,Complaint_07,train
3919,አዎ በእርግጥ፣ አለቃዬ በዚህ አመት ትመጣለህ ብዬ አላምንም።,Sarcasm/Irony,5,Sarcasm/Irony_01,test
3920,እንዴት ጥሩ ነው መምህሩ፣ ከምሽቱ ጀምሮ ደግሞ ዘገየ።,Sarcasm/Irony,5,Sarcasm/Irony_10,val
3921,ከአንድ ሰዓት በኋላ በሆስፒታል ትራፊኩ ከባድ ነው ተጠንቀቁ።,Warning,4,Warning_13,train
3922,ሰነዱ ገና ወደ መጋዘን በሚቀጥለው ሳምንት አልደረሰኝም።,Complaint,6,Complaint_07,train
3923,ያልተፈቀደ ግቢ ወደ ቢሮ ከሰዓት በኋላ አይግቡ።,Warning,4,Warning_09,test
3924,ክፍያ ብከፍልም ከድርጅቱ አገልግሎት ከሁለት ቀናት በኋላ አላገኘሁም።,Complaint,6,Complaint_10,val
3925,የልብሱ ችግር ከሁለት ቀናት በኋላ ከሹፌሩ ጋር እፈታለሁ።,Promise,8,Promise_11,train
3926,መምህሩ ወደ ፋብሪካ ከዛሬ ጀምሮ ሄደዋል።,Assertion,1,Assertion_07,train
3927,እባክዎ ስጦታውን ለዶክተሩ ከሁለት ቀናት በኋላ ይላኩልኝ።,Request,0,Request_00,train
3928,የገንዘቡ ችግር ነገ ጠዋት ከአስተማሪዋ ጋር እፈታለሁ።,Promise,8,Promise_11,train
3929,መሐንዲሱ ወደ ፋብሪካ በዚህ አመት ሄደዋል።,Assertion,1,Assertion_07,train
3930,ወደ ፖሊስ ጣቢያ ከሰዓት በኋላ መሄድ አልችልም።,Refusal,2,Refusal_13,test
3931,ጎበዝ ስራ ሹፌሩ፣ መልእክቱ ሙሉ በሙሉ ፈርሷል።,Sarcasm/Irony,5,Sarcasm/Irony_09,train
3932,ዛሬ ማታ በቢሮ ስብሰባ እናድርግ።,Suggestion,3,Suggestion_02,train
3933,ይህን መኪናውን ከባልደረባዬ ጋር በጥንቃቄ ያዙ።,Warning,4,Warning_04,val
3934,ይቅርታ፣ ዕቃውን ነገ ከሰዓት በኋላ ማድረግ አልችልም።,Refusal,2,Refusal_00,train
3935,ሹፌሩ ወደ ትምህርት ቤት ከዛሬ ጀምሮ ሄደዋል።,Assertion,1,Assertion_07,train
3936,እባክህ ለካርታው ይህን ዘዴ ነገ ተጠቀም።,Suggestion,3,Suggestion_04,train
3937,እባክዎ ውሃውን ለጓደኛዬ በሚቀጥለው አመት ይላኩልኝ።,Request,0,Request_00,train
3938,ማዕከሉ ስለ ደረሰኙ ማስጠንቀቂያ በዚህ ሳምንት አውጥቷል።,Warning,4,Warning_08,train
3939,የውሃው ችግር ነገ ከሰዓት በኋላ ከዶክተሩ ጋር እፈታለሁ።,Promise,8,Promise_11,train
3940,ማዕከሉ ስለ ውሃው ማስጠንቀቂያ ከሰዓት በኋላ አውጥቷል።,Warning,4,Warning_08,train
3941,ካርታው በስብሰባ ክፍል ይገኛል።,Assertion,1,Assertion_00,test
3942,ድርጅቱ ቃል የገባውን ከዛሬ ጀምሮ ያከብራል።,Promise,8,Promise_14,test
3943,እንኳን አደረሳችሁ አስተማሪዋ፣ በሱቅ።,Phatic,7,Phatic_14,test
3944,ከዶክተሩ ጋር ስለ መሳሪያው ጉዳይ መስማማት አልችልም።,Refusal,2,Refusal_06,train
3945,ሪፖርቱን በጥንቃቄ ለደንበኛው እይዛለሁ።,Promise,8,Promise_07,train
3946,እባክዎ ሰነዱን ለጓደኛዬ ከሰዓት በኋላ ይላኩልኝ።,Request,0,Request_00,train
3947,እባክዎ ልብሱን ለአለቃዬ ዛሬ ማታ ይላኩልኝ።,Request,0,Request_00,train
3948,እሰይ፣ ሌላ ችግር በመጋዘን በዚህ ወር፣ ልክ የሚያስፈልገን ይሄው ነበር።,Sarcasm/Irony,5,Sarcasm/Irony_07,train
3949,እባክዎ በሩን ለባልደረባዬ በዚህ ወር ይላኩልኝ።,Request,0,Request_00,train
3950,ኤጀንሲው ስለ ዕቃው ማስጠንቀቂያ በዚህ አመት አውጥቷል።,Warning,4,Warning_08,train
3951,እባክህ ለቤቱ ይህን ዘዴ ከምሽቱ ጀምሮ ተጠቀም።,Suggestion,3,Suggestion_04,train
3952,ልብሱን በጥንቃቄ ከአለቃዬ ጋር ብንመረምር ይሻላል።,Suggestion,3,Suggestion_11,val
3953,ገንዘቡን ለጓደኛዬ በሚቀጥለው ወር እከፍላለሁ።,Promise,8,Promise_02,test
3954,እንደምን አለህ በቤት፣ ሹፌሩ?,Phatic,7,Phatic_11,val
3955,የመጽሐፉ ወጪውን በስብሰባ ክፍል ብንቀንስ የተሻለ ነው።,Suggestion,3,Suggestion_13,train
3956,ቢያንስ አንዴ መልእክቱን በባንክ እንሞክር።,Suggestion,3,Suggestion_05,train
3957,የውሉ ዋጋውን ነገ ከሰዓት በኋላ ብንቀንስ ደንበኞች ይጨምራሉ።,Suggestion,3,Suggestion_07,train
3958,ማዕከሉ ስለ ፋይሉ ማስጠንቀቂያ ነገ ከሰዓት በኋላ አውጥቷል።,Warning,4,Warning_08,train
3959,ምርቱ ከአስተማሪዋ አጠገብ አደገኛ ሊሆን ይችላል።,Warning,4,Warning_01,test
3960,ይህን ኮምፒዩተሩን ከነጋዴው መቀበል አልችልም።,Refusal,2,Refusal_03,train
3961,ይህ ውሃው ከስቱዲዮው ከተገለጸው ጋር አይመሳሰልም።,Complaint,6,Complaint_12,test
3962,እባክዎ ቡናውን ለጓደኛዬ ከዛሬ ጀምሮ ይላኩልኝ።,Request,0,Request_00,train
3963,ቃል እገባለሁ፣ ቤቱን ከሰዓት በኋላ አላዘገይም።,Promise,8,Promise_03,test
3964,ጎበዝ ስራ ሹፌሩ፣ ፕሮጀክቱ ሙሉ በሙሉ ፈርሷል።,Sarcasm/Irony,5,Sarcasm/Irony_09,train
3965,በጣም ትክክለኛ ነው ጋዜጠኛው፣ በመንገድ ላይ ሁልጊዜ እንደዚህ ይሆናል።,Sarcasm/Irony,5,Sarcasm/Irony_08,val
3966,እባክዎ መስኮቱን ለጠበቃው በሳምንቱ መጨረሻ ይላኩልኝ።,Request,0,Request_00,train
3967,ይህ መጽሐፉ ከድርጅቱ ጥራት የለውም።,Complaint,6,Complaint_00,val
3968,ጎበዝ ስራ መምህሩ፣ መሳሪያው ሙሉ በሙሉ ፈርሷል።,Sarcasm/Irony,5,Sarcasm/Irony_09,train
3969,ጤና ይስጥልኝ ጠበቃው፣ ከምሽቱ ጀምሮ ደህና ነህ?,Phatic,7,Phatic_12,train
3970,ከፖሊሱ ጋር በሳምንቱ መጨረሻ በፋብሪካ እገናኛለሁ።,Promise,8,Promise_04,val
3971,ስለ ካርታው ጉዳይ ከአስተማሪዋ ጋር እንወያይ።,Suggestion,3,Suggestion_10,train
3972,የደረሰኙ ዋጋውን በዚህ ወር ብንቀንስ ደንበኞች ይጨምራሉ።,Suggestion,3,Suggestion_07,train
3973,ስጦታው ገና ወደ ከተማው ውስጥ ዛሬ አልደረሰኝም።,Complaint,6,Complaint_07,train
3974,ማዕከሉ ስለ ሰነዱ ማስጠንቀቂያ በሚቀጥለው ወር አውጥቷል።,Warning,4,Warning_08,train
3975,ስቱዲዮው ስለ ምርቱ ማስጠንቀቂያ በሚቀጥለው አመት አውጥቷል።,Warning,4,Warning_08,train
3976,መኪናውን በዚህ አመት ብንሞክር ጥሩ ይሆናል።,Suggestion,3,Suggestion_00,train
3977,ይህን ስልኩን ከጠበቃው መቀበል አልችልም።,Refusal,2,Refusal_03,train
3978,በከተማው ውስጥ ትንሽ እረፍት ከዛሬ ጀምሮ ብንወስድ ጥሩ ነው።,Suggestion,3,Suggestion_09,test
3979,ሰላም መምህሩ፣ ከምሽቱ ጀምሮ እንዴት ነህ?,Phatic,7,Phatic_00,train
3980,በጣም ትክክለኛ ነው ፖሊሱ፣ በፍርድ ቤት ሁልጊዜ እንደዚህ ይሆናል።,Sarcasm/Irony,5,Sarcasm/Irony_08,val
3981,እባክዎ ጥያቄውን ለስራ አስኪያጁ ነገ ጠዋት ይላኩልኝ።,Request,0,Request_00,train
3982,የቁልፉ ወጪውን በመንገድ ላይ ብንቀንስ የተሻለ ነው።,Suggestion,3,Suggestion_13,train
3983,ጎበዝ! በጣም ጥሩ ስራ ሰራህ ነጋዴው፣ ውሉን አበላሸኸው።,Sarcasm/Irony,5,Sarcasm/Irony_02,train
3984,ቡናው ገና ወደ ቢሮ ነገ አልደረሰኝም።,Complaint,6,Complaint_07,train
3985,እባክዎ ውሃውን ለመሐንዲሱ በዚህ አመት ይላኩልኝ።,Request,0,Request_00,train
3986,የመልእክቱ ችግር ከሁለት ቀናት በኋላ ከፖሊሱ ጋር እፈታለሁ።,Promise,8,Promise_11,train
3987,የስልኩ ችግር ነገ ከደንበኛው ጋር እፈታለሁ።,Promise,8,Promise_11,train
3988,እባክዎ ፕሮጀክቱን ለሹፌሩ ከሰዓት በኋላ ይላኩልኝ።,Request,0,Request_00,train
3989,ወደ ፖሊስ ጣቢያ በዚህ አመት መሄድ አልችልም።,Refusal,2,Refusal_13,test
3990,ደህና እደር መሐንዲሱ፣ በዚህ አመት እንገናኝ።,Phatic,7,Phatic_06,train
3991,ጎበዝ ስራ ጠበቃው፣ ፋይሉ ሙሉ በሙሉ ፈርሷል።,Sarcasm/Irony,5,Sarcasm/Irony_09,train
3992,ስራ አስኪያጁ ወደ ገበያ ዛሬ ሄደዋል።,Assertion,1,Assertion_07,train
3993,እንኳን ደስ አለህ ስራ አስኪያጁ ዛሬ ማታ።,Phatic,7,Phatic_07,train
3994,እባክዎ ይቅርታ፣ ሪፖርቱን በስብሰባው ወቅት ማቅረብ አልችልም።,Refusal,2,Refusal_09,train
3995,ወደ ቢሮ በሳምንቱ መጨረሻ እንሂድ።,Suggestion,3,Suggestion_01,test
3996,እሰይ፣ ሌላ ችግር በቢሮ ነገ ከሰዓት በኋላ፣ ልክ የሚያስፈልገን ይሄው ነበር።,Sarcasm/Irony,5,Sarcasm/Irony_07,train
3997,እባክዎ መጽሐፉን በስብሰባው ወቅት ይላኩልኝ።,Request,0,Request_13,val
3998,አስተማሪዋ ወደ ቤት ዛሬ ሄደዋል።,Assertion,1,Assertion_07,train
3999,ይህን ደብዳቤውን ከጋዜጠኛው ጋር በጥንቃቄ ያዙ።,Warning,4,Warning_04,val
4000,ስጦታው ገና ወደ መንገድ ላይ በሚቀጥለው ሳምንት አልደረሰኝም።,Complaint,6,Complaint_07,train
4001,ባንኩ ስለ ማሽኑ ማስጠንቀቂያ ከሶስት ሰዓት በኋላ አውጥቷል።,Warning,4,Warning_08,train
4002,ደረሰኙ ገና ወደ መንገድ ላይ ከምሽቱ ጀምሮ አልደረሰኝም።,Complaint,6,Complaint_07,train
4003,ማህበሩ ስለ ቤቱ ማስጠንቀቂያ በስብሰባው ወቅት አውጥቷል።,Warning,4,Warning_08,train
4004,የመስኮቱ ዋጋ በመጋዘን በጣም ውድ ነው።,Complaint,6,Complaint_05,val
4005,ደህና ሁን ሹፌሩ፣ እስከ ከጥቂት ደቂቃዎች በኋላ እንገናኝ።,Phatic,7,Phatic_13,train
4006,እባክዎ ውሃውን ለሹፌሩ በሚቀጥለው ሳምንት ይላኩልኝ።,Request,0,Request_00,train
4007,ስብሰባው ያለ ማስታወቂያ በዚህ አመት በመንገድ ላይ ተሰርዟል።,Complaint,6,Complaint_09,test
4008,ምርቱ ገና ወደ ፋብሪካ በሚቀጥለው አመት አልደረሰኝም።,Complaint,6,Complaint_07,train
4009,ወደ ስብሰባ ክፍል ነገ ጠዋት ብቻዎን አይሂዱ።,Warning,4,Warning_06,test
4010,የደብዳቤው ወጪውን በስብሰባ ክፍል ብንቀንስ የተሻለ ነው።,Suggestion,3,Suggestion_13,train
4011,ደህና ከዛሬ ጀምሮ ይሁንልህ ባልደረባዬ።,Phatic,7,Phatic_02,train
4012,እባክህ ለገንዘቡ ይህን ዘዴ ከዛሬ ጀምሮ ተጠቀም።,Suggestion,3,Suggestion_04,train
4013,እባክዎ ገንዘቡን ለአስተማሪዋ በሚቀጥለው ወር ይላኩልኝ።,Request,0,Request_00,train
4014,ሚኒስትሩ ወደ መንገድ ላይ በዚህ አመት ሄደዋል።,Assertion,1,Assertion_07,train
4015,ያልተፈቀደ ግቢ ወደ ሆስፒታል በስብሰባው ወቅት አይግቡ።,Warning,4,Warning_09,test
4016,በጣም ጎበዝ ነው ድርጅቱ፣ በስብሰባ ክፍል ደንበኞችን ችላ ይላል።,Sarcasm/Irony,5,Sarcasm/Irony_06,test
4017,ወደ ከተማው ውስጥ በሚቀጥለው አመት ብቻዎን አይሂዱ።,Warning,4,Warning_06,test
4018,አስተማሪዋ ወደ ሆስፒታል በዚህ አመት ሄደዋል።,Assertion,1,Assertion_07,train
4019,እባክዎ ሪፖርቱን ለመምህሩ ከአንድ ሰዓት በኋላ ይላኩልኝ።,Request,0,Request_00,train
4020,የመልእክቱ ዋጋውን ከምሽቱ ጀምሮ ብንቀንስ ደንበኞች ይጨምራሉ።,Suggestion,3,Suggestion_07,train
4021,ስለ ቁልፉ ከሹፌሩ ጋር ማሰብ ይኖርብናል።,Suggestion,3,Suggestion_03,train
4022,ስለ ሂሳቡ ከነጋዴው ጋር ማሰብ ይኖርብናል።,Suggestion,3,Suggestion_03,train
4023,ጎበዝ! በጣም ጥሩ ስራ ሰራህ ጋዜጠኛው፣ ኮምፒዩተሩን አበላሸኸው።,Sarcasm/Irony,5,Sarcasm/Irony_02,train
4024,እንዴት ጎበዝ ነህ አለቃዬ፣ ደረሰኙን ሰብረኸዋል!,Sarcasm/Irony,5,Sarcasm/Irony_00,train
4025,ማህበሩ ከሶስት ሰዓት በኋላ ትርፍ አግኝቷል።,Assertion,1,Assertion_04,test
4026,የውሉ ችግር ከሰዓት በኋላ ከመሐንዲሱ ጋር እፈታለሁ።,Promise,8,Promise_11,train
4027,ይቅርታ፣ መልእክቱን በሚቀጥለው ወር ማድረግ አልችልም።,Refusal,2,Refusal_00,train
4028,እንዴት ጥሩ ነው ሚኒስትሩ፣ ከአንድ ሰዓት በኋላ ደግሞ ዘገየ።,Sarcasm/Irony,5,Sarcasm/Irony_10,val
4029,እባክዎ ለጓደኛዬ ቦርሳውን ያድርሱ።,Request,0,Request_14,test
4030,እባክህ ለሂሳቡ ይህን ዘዴ በሳምንቱ መጨረሻ ተጠቀም።,Suggestion,3,Suggestion_04,train
4031,ጎበዝ ስራ ሹፌሩ፣ ሰነዱ ሙሉ በሙሉ ፈርሷል።,Sarcasm/Irony,5,Sarcasm/Irony_09,train
4032,ነጋዴው፣ ስራ በከተማው ውስጥ እንዴት ነው?,Phatic,7,Phatic_09,val
4033,ደንበኛው ወደ ሆስፒታል በዚህ ሳምንት ሄደዋል።,Assertion,1,Assertion_07,train
4034,የጥያቄው ችግር ከሁለት ቀናት በኋላ ከጋዜጠኛው ጋር እፈታለሁ።,Promise,8,Promise_11,train
4035,ሚኒስትሩ፣ እንደምን አደርክ ከሰዓት በኋላ?,Phatic,7,Phatic_01,train
4036,እባክዎ ማሽኑን ለጠበቃው ከምሽቱ ጀምሮ ይላኩልኝ።,Request,0,Request_00,train
4037,ስራውን ከጓደኛዬ ጋር ነገ እጨርሳለሁ።,Promise,8,Promise_01,test
4038,የስልኩ ችግር በዚህ ወር ከዶክተሩ ጋር እፈታለሁ።,Promise,8,Promise_11,train
4039,በዚህ ሳምንት በቤት መገኘት አልችልም።,Refusal,2,Refusal_04,val
4040,ጤና ይስጥልኝ ባልደረባዬ፣ በዚህ አመት ደህና ነህ?,Phatic,7,Phatic_12,train
4041,ደህና ዛሬ ማታ ይሁንልህ ፖሊሱ።,Phatic,7,Phatic_02,train
4042,ይህ ገንዘቡ ከስቱዲዮው ከተገለጸው ጋር አይመሳሰልም።,Complaint,6,Complaint_12,test
4043,ሚኒስትሩ፣ ቤተሰብ በመንገድ ላይ እንዴት ናቸው?,Phatic,7,Phatic_05,val
4044,እባክዎ መኪናውን ለአለቃዬ በስብሰባው ወቅት ይላኩልኝ።,Request,0,Request_00,train
4045,የማሽኑ ወጪውን በመንገድ ላይ ብንቀንስ የተሻለ ነው።,Suggestion,3,Suggestion_13,train
4046,የገንዘቡ ችግር ከሰዓት በኋላ ከጠበቃው ጋር እፈታለሁ።,Promise,8,Promise_11,train
4047,በጣም ደግ ነህ ስራ አስኪያጁ፣ በገበያ ምንም እርዳታ አልሰጠኸኝም።,Sarcasm/Irony,5,Sarcasm/Irony_12,train
4048,በጣም ደግ ነህ ጠበቃው፣ በቢሮ ምንም እርዳታ አልሰጠኸኝም።,Sarcasm/Irony,5,Sarcasm/Irony_12,train
4049,እንዴት ጎበዝ ነህ መምህሩ፣ ካርታውን ሰብረኸዋል!,Sarcasm/Irony,5,Sarcasm/Irony_00,train
4050,የደረሰኙ ዋጋውን በስብሰባው ወቅት ብንቀንስ ደንበኞች ይጨምራሉ።,Suggestion,3,Suggestion_07,train
4051,የጥያቄው ችግር በሚቀጥለው አመት ከአስተማሪዋ ጋር እፈታለሁ።,Promise,8,Promise_11,train
4052,ይህን ሰነዱን ከጓደኛዬ መቀበል አልችልም።,Refusal,2,Refusal_03,train
4053,ማሽኑ ገና ወደ አውሮፕላን ማረፊያ በሳምንቱ መጨረሻ አልደረሰኝም።,Complaint,6,Complaint_07,train
4054,እባክዎ ይቅርታ፣ ሰነዱን በሳምንቱ መጨረሻ ማቅረብ አልችልም።,Refusal,2,Refusal_09,train
4055,ማህበሩ ነገ ከሰዓት በኋላ አዲስ ምርት አስተዋውቋል።,Assertion,1,Assertion_02,val
4056,ጎበዝ ስራ ባልደረባዬ፣ ፋይሉ ሙሉ በሙሉ ፈርሷል።,Sarcasm/Irony,5,Sarcasm/Irony_09,train
4057,እባክዎ ውሉን ለደንበኛው በሚቀጥለው ሳምንት ይላኩልኝ።,Request,0,Request_00,train
4058,ከጋዜጠኛው ጋር ነገ በቤት እገናኛለሁ።,Promise,8,Promise_04,val
4059,አዎ በእርግጥ፣ ሚኒስትሩ ከሶስት ሰዓት በኋላ ትመጣለህ ብዬ አላምንም።,Sarcasm/Irony,5,Sarcasm/Irony_01,test
4060,የገንዘቡ ችግር በስብሰባው ወቅት ከደንበኛው ጋር እፈታለሁ።,Promise,8,Promise_11,train
4061,ወደ ከተማው ውስጥ በዚህ አመት መሄድ አልችልም።,Refusal,2,Refusal_13,test
4062,እባክዎ ይቅርታ፣ ሰነዱን ከአንድ ሰዓት በኋላ ማቅረብ አልችልም።,Refusal,2,Refusal_09,train
4063,የቡናው ችግር በሚቀጥለው አመት ከዶክተሩ ጋር እፈታለሁ።,Promise,8,Promise_11,train
4064,ስራ አስኪያጁ ወደ ትምህርት ቤት ከሁለት ቀናት በኋላ ሄደዋል።,Assertion,1,Assertion_07,train
4065,የልብሱ ችግር ከሶስት ሰዓት በኋላ ከደንበኛው ጋር እፈታለሁ።,Promise,8,Promise_11,train
4066,በጣም ብልህ ነህ ስራ አስኪያጁ፣ ጥያቄውን ረሳኸው።,Sarcasm/Irony,5,Sarcasm/Irony_04,train
4067,እቅዱን ከሶስት ሰዓት በኋላ ከማዕከሉ ጋር እናሻሽል።,Suggestion,3,Suggestion_12,train
4068,እሰይ፣ ሌላ ችግር በከተማው ውስጥ ከጥቂት ደቂቃዎች በኋላ፣ ልክ የሚያስፈልገን ይሄው ነበር።,Sarcasm/Irony,5,Sarcasm/Irony_07,train
4069,ጋዜጠኛው፣ ቤተሰብ በስብሰባ ክፍል እንዴት ናቸው?,Phatic,7,Phatic_05,val
4070,ባንኩ ስለ ስልኩ ማስጠንቀቂያ ከሁለት ቀናት በኋላ አውጥቷል።,Warning,4,Warning_08,train
4071,ወደ ባንክ በዚህ ሳምንት እንሂድ።,Suggestion,3,Suggestion_01,test
4072,ወደ ፍርድ ቤት ከሰዓት በኋላ መሄድ አልችልም።,Refusal,2,Refusal_13,test
4073,ቃል እገባለሁ፣ መስኮቱን በሚቀጥለው ወር አላዘገይም።,Promise,8,Promise_03,test
4074,እባክዎ ስልኩን ለአለቃዬ በዚህ ሳምንት ይላኩልኝ።,Request,0,Request_00,train
4075,ይህን ቁልፉን ከመምህሩ መቀበል አልችልም።,Refusal,2,Refusal_03,train
4076,እንኳን ወደ ሱቅ ደህና መጣህ ጓደኛዬ።,Phatic,7,Phatic_04,test
4077,መምህሩ፣ እንደምን አደርክ ከዛሬ ጀምሮ?,Phatic,7,Phatic_01,train
4078,በጣም ትክክለኛ ነው ፖሊሱ፣ በሱቅ ሁልጊዜ እንደዚህ ይሆናል።,Sarcasm/Irony,5,Sarcasm/Irony_08,val
4079,እባክዎ ዕቃውን ለሚኒስትሩ ነገ ይላኩልኝ።,Request,0,Request_00,train
4080,ከአንድ ሰዓት በኋላ በአውሮፕላን ማረፊያ መገኘት አልችልም።,Refusal,2,Refusal_04,val
4081,ቦርሳው ገና ወደ ቢሮ በሚቀጥለው ሳምንት አልደረሰኝም።,Complaint,6,Complaint_07,train
4082,እባክዎ ስልኩን በዚህ ሳምንት ይላኩልኝ።,Request,0,Request_13,val
4083,እባክዎ ይቅርታ፣ ፕሮጀክቱን በዚህ አመት ማቅረብ አልችልም።,Refusal,2,Refusal_09,train
4084,የሰነዱ ዋጋ በሚቀጥለው አመት ጨምሯል።,Assertion,1,Assertion_12,val
4085,በሩን በጥንቃቄ ከነጋዴው ጋር ብንመረምር ይሻላል።,Suggestion,3,Suggestion_11,val
4086,ባልደረባዬ ወደ መንገድ ላይ ዛሬ ሄደዋል።,Assertion,1,Assertion_07,train
4087,አስተማሪዋ፣ ስራ በገበያ እንዴት ነው?,Phatic,7,Phatic_09,val
4088,እንዴት ደስ ይላል፣ ደንበኛው እንደገና ከሰዓት በኋላ ዘገዩ።,Sarcasm/Irony,5,Sarcasm/Irony_03,train
4089,እባክዎ ውሉን ለስራ አስኪያጁ ነገ ጠዋት ይላኩልኝ።,Request,0,Request_00,train
4090,እንኳን ደስ አለህ ነጋዴው፣ ስለ ገንዘቡ እንደገና ተሳስተሃል።,Sarcasm/Irony,5,Sarcasm/Irony_13,train
4091,የጥያቄው ችግር በሳምንቱ መጨረሻ ከስራ አስኪያጁ ጋር እፈታለሁ።,Promise,8,Promise_11,train
4092,እባክዎ ይቅርታ፣ መኪናውን ከሰዓት በኋላ ማቅረብ አልችልም።,Refusal,2,Refusal_09,train
4093,ጓደኛዬ ወደ ከተማው ውስጥ በዚህ አመት ሄደዋል።,Assertion,1,Assertion_07,train
4094,ስጦታው ገና ወደ ፋብሪካ ዛሬ አልደረሰኝም።,Complaint,6,Complaint_07,train
4095,እባክዎ መልእክቱን ለጋዜጠኛው በሚቀጥለው ሳምንት ይላኩልኝ።,Request,0,Request_00,train
4096,ቢያንስ አንዴ ሪፖርቱን በቤት እንሞክር።,Suggestion,3,Suggestion_05,train
4097,ቦርሳው ገና ወደ ከተማው ውስጥ በስብሰባው ወቅት አልደረሰኝም።,Complaint,6,Complaint_07,train
4098,ጎበዝ! በጣም ጥሩ ስራ ሰራህ አስተማሪዋ፣ መሳሪያውን አበላሸኸው።,Sarcasm/Irony,5,Sarcasm/Irony_02,train
4099,ማህበሩ ስለ ዕቃው ማስጠንቀቂያ በሳምንቱ መጨረሻ አውጥቷል።,Warning,4,Warning_08,train
4100,ባንኩ ስለ ደብዳቤው ማስጠንቀቂያ ዛሬ አውጥቷል።,Warning,4,Warning_08,train
4101,እንደምን አለህ በቤት፣ አስተማሪዋ?,Phatic,7,Phatic_11,val
4102,ከሚኒስትሩ ጋር ዛሬ ማታ በከተማው ውስጥ እገናኛለሁ።,Promise,8,Promise_04,val
4103,አመሰግናለሁ መምህሩ፣ ደህና ዋል በባንክ።,Phatic,7,Phatic_08,train
4104,ሰነዱ ገና ወደ ገበያ ዛሬ አልደረሰኝም።,Complaint,6,Complaint_07,train
4105,ጋዜጠኛው ወደ ቤት በሚቀጥለው ሳምንት ሄደዋል።,Assertion,1,Assertion_07,train
4106,ማዕከሉ ስለ ፋይሉ ማስጠንቀቂያ በሚቀጥለው አመት አውጥቷል።,Warning,4,Warning_08,train
4107,የመኪናው ዋጋውን በዚህ ወር ብንቀንስ ደንበኞች ይጨምራሉ።,Suggestion,3,Suggestion_07,train
4108,እባክህ ይቅርታ አድርግልኝ፣ ወደ ገበያ በሳምንቱ መጨረሻ መምጣት አልችልም።,Refusal,2,Refusal_01,test
4109,ደህና ከሶስት ሰዓት በኋላ ይሁንልህ አስተማሪዋ።,Phatic,7,Phatic_02,train
4110,እባክዎ መልእክቱን ለአስተማሪዋ ከምሽቱ ጀምሮ ይላኩልኝ።,Request,0,Request_00,train
4111,ይህን ሂሳቡን ከጠበቃው መቀበል አልችልም።,Refusal,2,Refusal_03,train
4112,በሩን በጥንቃቄ ከአለቃዬ ጋር ብንመረምር ይሻላል።,Suggestion,3,Suggestion_11,val
4113,ጎበዝ ስራ ሹፌሩ፣ ማሽኑ ሙሉ በሙሉ ፈርሷል።,Sarcasm/Irony,5,Sarcasm/Irony_09,train
4114,ከፖሊሱ ጋር ስለ ስጦታው ጉዳይ መስማማት አልችልም።,Refusal,2,Refusal_06,train
4115,ይቅርታ፣ ውሃውን ከጥቂት ደቂቃዎች በኋላ ማድረግ አልችልም።,Refusal,2,Refusal_00,train
4116,እንኳን ደስ አለህ ባልደረባዬ፣ ስለ ሪፖርቱ እንደገና ተሳስተሃል።,Sarcasm/Irony,5,Sarcasm/Irony_13,train
4117,አስተማሪዋ ወደ ፋብሪካ ከሰዓት በኋላ ሄደዋል።,Assertion,1,Assertion_07,train
4118,ሚኒስትሩ ወደ መጋዘን ከሰዓት በኋላ ሄደዋል።,Assertion,1,Assertion_07,train
4119,ባልደረባዬ፣ ቤተሰብ በትምህርት ቤት እንዴት ናቸው?,Phatic,7,Phatic_05,val
4120,የስልኩ ችግር ከዛሬ ጀምሮ ከስራ አስኪያጁ ጋር እፈታለሁ።,Promise,8,Promise_11,train
4121,የደረሰኙ ወጪውን በስብሰባ ክፍል ብንቀንስ የተሻለ ነው።,Suggestion,3,Suggestion_13,train
4122,የቤቱ ወጪውን በመንገድ ላይ ብንቀንስ የተሻለ ነው።,Suggestion,3,Suggestion_13,train
4123,ከሁለት ቀናት በኋላ በፍርድ ቤት ትራፊኩ ከባድ ነው ተጠንቀቁ።,Warning,4,Warning_13,train
4124,የሪፖርቱ ችግር ነገ ከሰዓት በኋላ ከጋዜጠኛው ጋር እፈታለሁ።,Promise,8,Promise_11,train
4125,በሚቀጥለው ወር በፍርድ ቤት መገኘት አልችልም።,Refusal,2,Refusal_04,val
4126,እባክሽ ቁልፉን ከአንድ ሰዓት በኋላ አምጪልኝ።,Request,0,Request_09,test
4127,እቅዱን ከሁለት ቀናት በኋላ ከድርጅቱ ጋር እናሻሽል።,Suggestion,3,Suggestion_12,train
4128,ወደ መጋዘን ከሁለት ቀናት በኋላ መሄድ አልችልም።,Refusal,2,Refusal_13,test
4129,የዕቃው ዋጋውን በሳምንቱ መጨረሻ ብንቀንስ ደንበኞች ይጨምራሉ።,Suggestion,3,Suggestion_07,train
4130,እባክሽ ሂሳቡን በሚቀጥለው ወር አምጪልኝ።,Request,0,Request_09,test
4131,ይህን ምርቱን ከጋዜጠኛው መቀበል አልችልም።,Refusal,2,Refusal_03,train
4132,ይህን ደረሰኙን ከጓደኛዬ መቀበል አልችልም።,Refusal,2,Refusal_03,train
4133,ጎበዝ ስራ ደንበኛው፣ ፋይሉ ሙሉ በሙሉ ፈርሷል።,Sarcasm/Irony,5,Sarcasm/Irony_09,train
4134,ማሽኑ ገና ወደ ፍርድ ቤት ከዛሬ ጀምሮ አልደረሰኝም።,Complaint,6,Complaint_07,train
4135,ይህ ዕቃው ከኩባንያው ከተገለጸው ጋር አይመሳሰልም።,Complaint,6,Complaint_12,test
4136,ውሃው ገና ወደ ቤት ከምሽቱ ጀምሮ አልደረሰኝም።,Complaint,6,Complaint_07,train
4137,አመሰግናለሁ ባልደረባዬ፣ ደህና ዋል በመጋዘን።,Phatic,7,Phatic_08,train
4138,ይህን መጽሐፉን ከጓደኛዬ መቀበል አልችልም።,Refusal,2,Refusal_03,train
4139,እባክዎ ጥያቄውን ለስራ አስኪያጁ ከአንድ ሰዓት በኋላ ይላኩልኝ።,Request,0,Request_00,train
4140,መስኮቱን በጥንቃቄ ከዶክተሩ ጋር ብንመረምር ይሻላል።,Suggestion,3,Suggestion_11,val
4141,በመጋዘን ትንሽ እረፍት ዛሬ ማታ ብንወስድ ጥሩ ነው።,Suggestion,3,Suggestion_09,test
4142,የጥያቄው ችግር ከሶስት ሰዓት በኋላ ከደንበኛው ጋር እፈታለሁ።,Promise,8,Promise_11,train
4143,እባክዎ ወደ ሱቅ ዛሬ ማታ ይምጡልኝ።,Request,0,Request_03,test
4144,በገበያ ትንሽ እረፍት ከምሽቱ ጀምሮ ብንወስድ ጥሩ ነው።,Suggestion,3,Suggestion_09,test
4145,ፖሊሱ ወደ ፋብሪካ በሚቀጥለው ሳምንት ሄደዋል።,Assertion,1,Assertion_07,train
4146,እንኳን ደስ አለህ ስራ አስኪያጁ፣ ስለ ዕቃው እንደገና ተሳስተሃል።,Sarcasm/Irony,5,Sarcasm/Irony_13,train
4147,ቡናው ከሚኒስትሩ አጠገብ አደገኛ ሊሆን ይችላል።,Warning,4,Warning_01,test
4148,እባክህ ለደረሰኙ ይህን ዘዴ በዚህ አመት ተጠቀም።,Suggestion,3,Suggestion_04,train
4149,ይቅርታ፣ ሪፖርቱን ነገ ከሰዓት በኋላ ማድረግ አልችልም።,Refusal,2,Refusal_00,train
4150,በፖሊስ ጣቢያ በዚህ አመት ወንጀል ሊፈጸም ይችላል ተጠንቀቁ።,Warning,4,Warning_11,train
4151,ስራው ከጥቂት ደቂቃዎች በኋላ ከስራ አስኪያጁ ጋር አልተጠናቀቀም።,Complaint,6,Complaint_03,test
4152,ማሽኑን ከአንድ ሰዓት በኋላ ብንሞክር ጥሩ ይሆናል።,Suggestion,3,Suggestion_00,train
4153,በዚህ ወር በትምህርት ቤት ስብሰባ እናድርግ።,Suggestion,3,Suggestion_02,train
4154,ትዕዛዙ ከአስተማሪዋ አጠገብ አደገኛ ሊሆን ይችላል።,Warning,4,Warning_01,test
4155,መንግስት ቃል የገባውን በሚቀጥለው ሳምንት ያከብራል።,Promise,8,Promise_14,test
4156,ማዕከሉ ስለ ውሃው ማስጠንቀቂያ በሚቀጥለው ሳምንት አውጥቷል።,Warning,4,Warning_08,train
4157,የስጦታው ደረሰኝ ከፋብሪካው የተበላሸ ነው።,Complaint,6,Complaint_08,val
4158,እባክህ ይቅርታ አድርግልኝ፣ ወደ ሆስፒታል ዛሬ መምጣት አልችልም።,Refusal,2,Refusal_01,test
4159,ከመምህሩ ጋር በዚህ ሳምንት በፖሊስ ጣቢያ እገናኛለሁ።,Promise,8,Promise_04,val
4160,መሳሪያውን ነገ ጠዋት ብንሞክር ጥሩ ይሆናል።,Suggestion,3,Suggestion_00,train
4161,እባክዎ ገንዘቡን ለጋዜጠኛው በስብሰባው ወቅት ይላኩልኝ።,Request,0,Request_00,train
4162,እንኳን ደስ አለህ ፖሊሱ፣ ስለ ምርቱ እንደገና ተሳስተሃል።,Sarcasm/Irony,5,Sarcasm/Irony_13,train
4163,ጥያቄውን ዛሬ ብንሞክር ጥሩ ይሆናል።,Suggestion,3,Suggestion_00,train
4164,ወደ ቢሮ ዛሬ ማታ መሄድ አልችልም።,Refusal,2,Refusal_13,test
4165,እባክዎ ጥያቄውን ለመምህሩ በሳምንቱ መጨረሻ ይላኩልኝ።,Request,0,Request_00,train
4166,እባክሽ ውሃውን በስብሰባው ወቅት አምጪልኝ።,Request,0,Request_09,test
4167,ሹፌሩ፣ ጤና ይስጥልኝ በቤት።,Phatic,7,Phatic_03,train
4168,የፕሮጀክቱ ችግር በሳምንቱ መጨረሻ ከስራ አስኪያጁ ጋር እፈታለሁ።,Promise,8,Promise_11,train
4169,ጥንቃቄ ያድርጉ፣ ዛሬ ማታ ቤት ይንሸራተታል።,Warning,4,Warning_02,train
4170,መስኮቱ ገና ወደ መጋዘን ከአንድ ሰዓት በኋላ አልደረሰኝም።,Complaint,6,Complaint_07,train
4171,ይቅርታ፣ መኪናውን በስብሰባው ወቅት ማድረግ አልችልም።,Refusal,2,Refusal_00,train
4172,ምርቱ ገና ወደ ሆስፒታል በሚቀጥለው ሳምንት አልደረሰኝም።,Complaint,6,Complaint_07,train
4173,የልብሱ ችግር በሚቀጥለው አመት ከሚኒስትሩ ጋር እፈታለሁ።,Promise,8,Promise_11,train
4174,የቡናው ችግር በዚህ ሳምንት ከጓደኛዬ ጋር እፈታለሁ።,Promise,8,Promise_11,train
4175,እባክህ ይቅርታ አድርግልኝ፣ ወደ ከተማው ውስጥ ነገ መምጣት አልችልም።,Refusal,2,Refusal_01,test
4176,እንኳን ደስ አለህ ፖሊሱ፣ ስለ ቦርሳው እንደገና ተሳስተሃል።,Sarcasm/Irony,5,Sarcasm/Irony_13,train
4177,መንግስት ከአንድ ሰዓት በኋላ አዲስ ምርት አስተዋውቋል።,Assertion,1,Assertion_02,val
4178,ስራ አስኪያጁ፣ ስራ በአውሮፕላን ማረፊያ እንዴት ነው?,Phatic,7,Phatic_09,val
4179,እባክዎ ጥያቄውን ለአስተማሪዋ ከምሽቱ ጀምሮ ይላኩልኝ።,Request,0,Request_00,train
4180,ወደ መጋዘን በዚህ ሳምንት መሄድ አልችልም።,Refusal,2,Refusal_13,test
4181,ከአስተማሪዋ ጋር በሚቀጥለው ሳምንት መነጋገር ይሻላል።,Suggestion,3,Suggestion_06,val
4182,በዚህ አመት በስብሰባ ክፍል መገኘት አልችልም።,Refusal,2,Refusal_04,val
4183,ያልተፈቀደ ግቢ ወደ ሆስፒታል ዛሬ ማታ አይግቡ።,Warning,4,Warning_09,test
4184,መምህሩ ወደ ባንክ ከሶስት ሰዓት በኋላ ሄደዋል።,Assertion,1,Assertion_07,train
4185,ጎበዝ ስራ ሚኒስትሩ፣ ስልኩ ሙሉ በሙሉ ፈርሷል።,Sarcasm/Irony,5,Sarcasm/Irony_09,train
4186,የፕሮጀክቱ ዋጋውን ዛሬ ብንቀንስ ደንበኞች ይጨምራሉ።,Suggestion,3,Suggestion_07,train
4187,ኩባንያው ከጥቂት ደቂቃዎች በኋላ አዲስ ምርት አስተዋውቋል።,Assertion,1,Assertion_02,val
4188,እባክዎ መልእክቱን ነገ ይላኩልኝ።,Request,0,Request_13,val
4189,እባክዎ ቦርሳውን ለስራ አስኪያጁ በሳምንቱ መጨረሻ ይላኩልኝ።,Request,0,Request_00,train
4190,ኤጀንሲው ስለ ውሉ ማስጠንቀቂያ ከዛሬ ጀምሮ አውጥቷል።,Warning,4,Warning_08,train
4191,አመሰግናለሁ ሹፌሩ፣ ደህና ዋል በቢሮ።,Phatic,7,Phatic_08,train
4192,እባክዎ ሰነዱን ለመምህሩ በሚቀጥለው ወር ይላኩልኝ።,Request,0,Request_00,train
4193,እባክዎ በሚቀጥለው ወር ወደ አውሮፕላን ማረፊያ ይድረሱልኝ።,Request,0,Request_07,val
4194,የድርጅቱ አገልግሎት በገበያ በጣም ደካማ ነው።,Complaint,6,Complaint_01,test
4195,አመሰግናለሁ ጋዜጠኛው፣ ደህና ዋል በከተማው ውስጥ።,Phatic,7,Phatic_08,train
4196,ቃል እገባለሁ፣ ሰነዱን በሚቀጥለው ሳምንት አላዘገይም።,Promise,8,Promise_03,test
4197,ከነጋዴው ጋር ስለ ቤቱ ጉዳይ መስማማት አልችልም።,Refusal,2,Refusal_06,train
4198,ስልኩን በዚህ ሳምንት ብንሞክር ጥሩ ይሆናል።,Suggestion,3,Suggestion_00,train
4199,ያልተፈቀደ ግቢ ወደ ቤት በሚቀጥለው ሳምንት አይግቡ።,Warning,4,Warning_09,test
4200,እንዴት ደስ ይላል፣ ነጋዴው እንደገና ነገ ዘገዩ።,Sarcasm/Irony,5,Sarcasm/Irony_03,train
4201,እንኳን ደስ አለህ ነጋዴው፣ ስለ ምርቱ እንደገና ተሳስተሃል።,Sarcasm/Irony,5,Sarcasm/Irony_13,train
4202,መጽሐፉ ገና ወደ ባንክ ከጥቂት ደቂቃዎች በኋላ አልደረሰኝም።,Complaint,6,Complaint_07,train
4203,ነገ ጠዋት በፍርድ ቤት ትራፊኩ ከባድ ነው ተጠንቀቁ።,Warning,4,Warning_13,train
4204,ስራውን ከስራ አስኪያጁ ጋር ከሰዓት በኋላ እጨርሳለሁ።,Promise,8,Promise_01,test
4205,ኮምፒዩተሩ ከጠበቃው አጠገብ አደገኛ ሊሆን ይችላል።,Warning,4,Warning_01,test
4206,ስለ ልብሱ ከመሐንዲሱ ጋር ማሰብ ይኖርብናል።,Suggestion,3,Suggestion_03,train
4207,አስተማሪዋ፣ ስራ በሱቅ እንዴት ነው?,Phatic,7,Phatic_09,val
4208,እንዴት ደስ ይላል፣ ስራ አስኪያጁ እንደገና በሳምንቱ መጨረሻ ዘገዩ።,Sarcasm/Irony,5,Sarcasm/Irony_03,train
4209,ሚኒስቴሩ ቃል የገባውን ከምሽቱ ጀምሮ አላከበረም።,Complaint,6,Complaint_02,test
4210,እንደምን አለህ በፋብሪካ፣ ጋዜጠኛው?,Phatic,7,Phatic_11,val
4211,እንዴት ጎበዝ ነህ ባልደረባዬ፣ መኪናውን ሰብረኸዋል!,Sarcasm/Irony,5,Sarcasm/Irony_00,train
4212,የስጦታው ወጪውን በከተማው ውስጥ ብንቀንስ የተሻለ ነው።,Suggestion,3,Suggestion_13,train
4213,የኤጀንሲው ስልክ በሳምንቱ መጨረሻ አይነሳም።,Complaint,6,Complaint_11,test
4214,መሐንዲሱ ወደ ገበያ ከሶስት ሰዓት በኋላ ሄደዋል።,Assertion,1,Assertion_07,train
4215,የደረሰኙ ችግር ነገ ከአስተማሪዋ ጋር እፈታለሁ።,Promise,8,Promise_11,train
4216,ውሃው ገና ወደ አውሮፕላን ማረፊያ በዚህ ወር አልደረሰኝም።,Complaint,6,Complaint_07,train
4217,መኪናውን ከምሽቱ ጀምሮ ብንሞክር ጥሩ ይሆናል።,Suggestion,3,Suggestion_00,train
4218,የፕሮጀክቱ ወጪውን በመጋዘን ብንቀንስ የተሻለ ነው።,Suggestion,3,Suggestion_13,train
4219,ማሽኑ ገና ወደ ቤት በሚቀጥለው ወር አልደረሰኝም።,Complaint,6,Complaint_07,train
4220,እባክህ ለውሃው ይህን ዘዴ ዛሬ ተጠቀም።,Suggestion,3,Suggestion_04,train
4221,እባክዎ ይቅርታ፣ ደብዳቤውን በዚህ አመት ማቅረብ አልችልም።,Refusal,2,Refusal_09,train
4222,የካርታው ችግር በዚህ ሳምንት ከመምህሩ ጋር እፈታለሁ።,Promise,8,Promise_11,train
4223,ጤና ይስጥልኝ ጠበቃው፣ በሚቀጥለው አመት ደህና ነህ?,Phatic,7,Phatic_12,train
4224,ከመሐንዲሱ ጋር ከዛሬ ጀምሮ መነጋገር ይሻላል።,Suggestion,3,Suggestion_06,val
4225,ገንዘቡ ገና ወደ መጋዘን ነገ አልደረሰኝም።,Complaint,6,Complaint_07,train
4226,የደብዳቤው ችግር በሚቀጥለው ወር ከአስተማሪዋ ጋር እፈታለሁ።,Promise,8,Promise_11,train
4227,ማህበሩ ስለ ፕሮጀክቱ ማስጠንቀቂያ ከአንድ ሰዓት በኋላ አውጥቷል።,Warning,4,Warning_08,train
4228,ቢያንስ አንዴ ዕቃውን በትምህርት ቤት እንሞክር።,Suggestion,3,Suggestion_05,train
4229,እባክዎ ስጦታውን ለመምህሩ ከሶስት ሰዓት በኋላ ይላኩልኝ።,Request,0,Request_00,train
4230,ደህና እደር ሹፌሩ፣ ከምሽቱ ጀምሮ እንገናኝ።,Phatic,7,Phatic_06,train
4231,የሪፖርቱ ችግር ነገ ጠዋት ከአለቃዬ ጋር እፈታለሁ።,Promise,8,Promise_11,train
4232,አለቃዬ ሪፖርቱን በዚህ ወር አቅርበዋል።,Assertion,1,Assertion_13,test
4233,ጋዜጠኛው፣ ስራ በቢሮ እንዴት ነው?,Phatic,7,Phatic_09,val
4234,ወደ ስብሰባ ክፍል በዚህ ሳምንት ብቻዎን አይሂዱ።,Warning,4,Warning_06,test
4235,ጤና ይስጥልኝ ደንበኛው፣ ከምሽቱ ጀምሮ ደህና ነህ?,Phatic,7,Phatic_12,train
4236,ደህና ነገ ጠዋት ይሁንልህ መሐንዲሱ።,Phatic,7,Phatic_02,train
4237,ቁልፉ ገና ወደ ቤት ነገ አልደረሰኝም።,Complaint,6,Complaint_07,train
4238,አስተማሪዋ ወደ ስብሰባ ክፍል ነገ ከሰዓት በኋላ ሄደዋል።,Assertion,1,Assertion_07,train
4239,ድርጅቱ ስለ ስጦታው ማስጠንቀቂያ ከሶስት ሰዓት በኋላ አውጥቷል።,Warning,4,Warning_08,train
4240,ውሉን በጥንቃቄ ከጓደኛዬ ጋር ብንመረምር ይሻላል።,Suggestion,3,Suggestion_11,val
4241,አስተማሪዋ ወደ ፋብሪካ ዛሬ ሄደዋል።,Assertion,1,Assertion_07,train
4242,ከፖሊሱ ጋር ከሶስት ሰዓት በኋላ በባንክ እገናኛለሁ።,Promise,8,Promise_04,val
4243,ስቱዲዮው ስለ ካርታው ማስጠንቀቂያ ነገ አውጥቷል።,Warning,4,Warning_08,train
4244,ከሶስት ሰዓት በኋላ በፖሊስ ጣቢያ ስብሰባ እናድርግ።,Suggestion,3,Suggestion_02,train
4245,በባንክ በሳምንቱ መጨረሻ ወንጀል ሊፈጸም ይችላል ተጠንቀቁ።,Warning,4,Warning_11,train
4246,ስብሰባው ያለ ማስታወቂያ ከሶስት ሰዓት በኋላ በከተማው ውስጥ ተሰርዟል።,Complaint,6,Complaint_09,test
4247,እንደምን አለህ በከተማው ውስጥ፣ ነጋዴው?,Phatic,7,Phatic_11,val
4248,ከዛሬ ጀምሮ በሆስፒታል መገኘት አልችልም።,Refusal,2,Refusal_04,val
4249,ሰላም አለቃዬ፣ በሚቀጥለው አመት እንዴት ነህ?,Phatic,7,Phatic_00,train
4250,ቁልፉ ከሹፌሩ አጠገብ አደገኛ ሊሆን ይችላል።,Warning,4,Warning_01,test
4251,ዛሬ በፖሊስ ጣቢያ መገኘት አልችልም።,Refusal,2,Refusal_04,val
4252,እንኳን ወደ መንገድ ላይ ደህና መጣህ ሚኒስትሩ።,Phatic,7,Phatic_04,test
4253,ይህን መኪናውን ከደንበኛው ጋር በጥንቃቄ ያዙ።,Warning,4,Warning_04,val
4254,ጎበዝ! በጣም ጥሩ ስራ ሰራህ ፖሊሱ፣ መልእክቱን አበላሸኸው።,Sarcasm/Irony,5,Sarcasm/Irony_02,train
4255,እሰይ፣ ሌላ ችግር በቢሮ ከምሽቱ ጀምሮ፣ ልክ የሚያስፈልገን ይሄው ነበር።,Sarcasm/Irony,5,Sarcasm/Irony_07,train
4256,ባልደረባዬ፣ ቤተሰብ በሱቅ እንዴት ናቸው?,Phatic,7,Phatic_05,val
4257,ዶክተሩ፣ ጤና ይስጥልኝ በቤት።,Phatic,7,Phatic_03,train
4258,የሰነዱ ዋጋውን ዛሬ ብንቀንስ ደንበኞች ይጨምራሉ።,Suggestion,3,Suggestion_07,train
4259,ጥንቃቄ ያድርጉ፣ በሚቀጥለው ወር ስብሰባ ክፍል ይንሸራተታል።,Warning,4,Warning_02,train
4260,የምርቱ ችግር ዛሬ ከዶክተሩ ጋር እፈታለሁ።,Promise,8,Promise_11,train
4261,ማህበሩ ስለ ውሉ ማስጠንቀቂያ ከዛሬ ጀምሮ አውጥቷል።,Warning,4,Warning_08,train
4262,ከአስተማሪዋ ጋር ስለ ውሉ ጉዳይ መስማማት አልችልም።,Refusal,2,Refusal_06,train
4263,ስልኩን በጥንቃቄ ለመሐንዲሱ እይዛለሁ።,Promise,8,Promise_07,train
4264,ደህና በዚህ አመት ይሁንልህ አስተማሪዋ።,Phatic,7,Phatic_02,train
4265,ባንኩ ስለ መሳሪያው ማስጠንቀቂያ ከሰዓት በኋላ አውጥቷል።,Warning,4,Warning_08,train
4266,ለመምህሩ ጥያቄ ፍቃደኛ አይደለሁም።,Refusal,2,Refusal_10,val
4267,በመጋዘን ትንሽ እረፍት በዚህ ሳምንት ብንወስድ ጥሩ ነው።,Suggestion,3,Suggestion_09,test
4268,ከነጋዴው ጋር በዚህ ሳምንት በአውሮፕላን ማረፊያ እገናኛለሁ።,Promise,8,Promise_04,val
4269,ሰላም አለቃዬ፣ ከአንድ ሰዓት በኋላ እንዴት ነህ?,Phatic,7,Phatic_00,train
4270,የበሩ ችግር በስብሰባው ወቅት ከፖሊሱ ጋር እፈታለሁ።,Promise,8,Promise_11,train
4271,ሰላም መምህሩ፣ በዚህ አመት እንዴት ነህ?,Phatic,7,Phatic_00,train
4272,ባንኩ ስለ ጥያቄው ማስጠንቀቂያ በሚቀጥለው ወር አውጥቷል።,Warning,4,Warning_08,train
4273,ጤና ይስጥልኝ መምህሩ፣ ከምሽቱ ጀምሮ ደህና ነህ?,Phatic,7,Phatic_12,train
4274,እባክዎ መጽሐፉን ለደንበኛው በዚህ ሳምንት ይላኩልኝ።,Request,0,Request_00,train
4275,ማህበሩ ቃል የገባውን በሚቀጥለው አመት ያከብራል።,Promise,8,Promise_14,test
4276,ቢያንስ አንዴ ማሽኑን በፍርድ ቤት እንሞክር።,Suggestion,3,Suggestion_05,train
4277,እባክዎ ፋይሉን ለሹፌሩ ከሰዓት በኋላ ይላኩልኝ።,Request,0,Request_00,train
4278,ካርታው ገና ወደ ሱቅ ዛሬ አልደረሰኝም።,Complaint,6,Complaint_07,train
4279,ምርቱን በጥንቃቄ ለነጋዴው እይዛለሁ።,Promise,8,Promise_07,train
4280,ሹፌሩ ወደ ፋብሪካ ከአንድ ሰዓት በኋላ ሄደዋል።,Assertion,1,Assertion_07,train
4281,ድርጅቱ ነገ ከሰዓት በኋላ አዲስ ሰራተኞችን ቀጥሯል።,Assertion,1,Assertion_09,train
4282,እባክዎ ወደ መጋዘን በስብሰባው ወቅት ይምጡልኝ።,Request,0,Request_03,test
4283,ሚኒስቴሩ ስለ ቁልፉ ማስጠንቀቂያ ነገ ጠዋት አውጥቷል።,Warning,4,Warning_08,train
4284,ማሽኑ ከደንበኛው አጠገብ አደገኛ ሊሆን ይችላል።,Warning,4,Warning_01,test
4285,ይህን መሳሪያውን ከጓደኛዬ መቀበል አልችልም።,Refusal,2,Refusal_03,train
4286,ደንበኛው ወደ ፖሊስ ጣቢያ በሚቀጥለው አመት ሄደዋል።,Assertion,1,Assertion_07,train
4287,ሰነዱ ገና ወደ ፍርድ ቤት ከሁለት ቀናት በኋላ አልደረሰኝም።,Complaint,6,Complaint_07,train
4288,ልብሱ በቤት ይገኛል።,Assertion,1,Assertion_00,test
4289,እንኳን ደስ አለህ መምህሩ፣ ስለ ደረሰኙ እንደገና ተሳስተሃል።,Sarcasm/Irony,5,Sarcasm/Irony_13,train
4290,ባልደረባዬ ሪፖርቱን ነገ አቅርበዋል።,Assertion,1,Assertion_13,test
4291,የፋይሉ ችግር ዛሬ ማታ ከፖሊሱ ጋር እፈታለሁ።,Promise,8,Promise_11,train
4292,በቢሮ ትንሽ እረፍት በዚህ ወር ብንወስድ ጥሩ ነው።,Suggestion,3,Suggestion_09,test
4293,ድርጅቱ ስለ መኪናው ማስጠንቀቂያ ከሰዓት በኋላ አውጥቷል።,Warning,4,Warning_08,train
4294,በጣም ትክክለኛ ነው መሐንዲሱ፣ በቢሮ ሁልጊዜ እንደዚህ ይሆናል።,Sarcasm/Irony,5,Sarcasm/Irony_08,val
4295,ማዕከሉ ስለ ትዕዛዙ ማስጠንቀቂያ በዚህ ወር አውጥቷል።,Warning,4,Warning_08,train
4296,በጣም ትክክለኛ ነው ነጋዴው፣ በገበያ ሁልጊዜ እንደዚህ ይሆናል።,Sarcasm/Irony,5,Sarcasm/Irony_08,val
4297,ዶክተሩ፣ ቤተሰብ በመንገድ ላይ እንዴት ናቸው?,Phatic,7,Phatic_05,val
4298,እንዴት ጎበዝ ነህ ጓደኛዬ፣ ጥያቄውን ሰብረኸዋል!,Sarcasm/Irony,5,Sarcasm/Irony_00,train
4299,የፕሮጀክቱ ችግር ዛሬ ማታ ከሚኒስትሩ ጋር እፈታለሁ።,Promise,8,Promise_11,train
4300,በሚቀጥለው ሳምንት በባንክ መገኘት አልችልም።,Refusal,2,Refusal_04,val
4301,ሚኒስቴሩ ቃል የገባውን ዛሬ ማታ አላከበረም።,Complaint,6,Complaint_02,test
4302,በፋብሪካ ትንሽ እረፍት ከምሽቱ ጀምሮ ብንወስድ ጥሩ ነው።,Suggestion,3,Suggestion_09,test
4303,የመኪናው ዋጋውን በሳምንቱ መጨረሻ ብንቀንስ ደንበኞች ይጨምራሉ።,Suggestion,3,Suggestion_07,train
4304,በጣም ብልህ ነህ ጠበቃው፣ ሂሳቡን ረሳኸው።,Sarcasm/Irony,5,Sarcasm/Irony_04,train
4305,የመኪናው ችግር ነገ ከመሐንዲሱ ጋር እፈታለሁ።,Promise,8,Promise_11,train
4306,እንዴት ጎበዝ ነህ አስተማሪዋ፣ ጥያቄውን ሰብረኸዋል!,Sarcasm/Irony,5,Sarcasm/Irony_00,train
4307,ምርቱን በጥንቃቄ ለባልደረባዬ እይዛለሁ።,Promise,8,Promise_07,train
4308,የትዕዛዙ ችግር ከምሽቱ ጀምሮ ከስራ አስኪያጁ ጋር እፈታለሁ።,Promise,8,Promise_11,train
4309,ስራው በዚህ ሳምንት ተጠናቅቋል።,Assertion,1,Assertion_06,test
4310,የስልኩ ወጪውን በፋብሪካ ብንቀንስ የተሻለ ነው።,Suggestion,3,Suggestion_13,train
4311,በሚኒስቴሩ አዲስ ስልት በስብሰባው ወቅት እንተግብር።,Suggestion,3,Suggestion_14,test
4312,ስቱዲዮው ስለ ገንዘቡ ማስጠንቀቂያ ከዛሬ ጀምሮ አውጥቷል።,Warning,4,Warning_08,train
4313,ከደንበኛው ጋር ከምሽቱ ጀምሮ መነጋገር ይሻላል።,Suggestion,3,Suggestion_06,val
4314,ፋብሪካው ስለ መሳሪያው ማስጠንቀቂያ ከአንድ ሰዓት በኋላ አውጥቷል።,Warning,4,Warning_08,train
4315,በጣም ውጤታማ ነው ስቱዲዮው፣ በከሰዓት በኋላ ምንም አልተሰራም።,Sarcasm/Irony,5,Sarcasm/Irony_14,val
4316,ያልተፈቀደ ግቢ ወደ ፋብሪካ ከሶስት ሰዓት በኋላ አይግቡ።,Warning,4,Warning_09,test
4317,በጣም ውጤታማ ነው ማህበሩ፣ በከአንድ ሰዓት በኋላ ምንም አልተሰራም።,Sarcasm/Irony,5,Sarcasm/Irony_14,val
4318,የትዕዛዙ ገመድ በትምህርት ቤት አደገኛ ነው ተጠንቀቁ።,Warning,4,Warning_07,train
4319,በጣም ብልህ ነህ አስተማሪዋ፣ ቤቱን ረሳኸው።,Sarcasm/Irony,5,Sarcasm/Irony_04,train
4320,ስለ መልእክቱ ከሚኒስትሩ ጋር ማሰብ ይኖርብናል።,Suggestion,3,Suggestion_03,train
4321,የሰነዱ ዋጋውን ዛሬ ማታ ብንቀንስ ደንበኞች ይጨምራሉ።,Suggestion,3,Suggestion_07,train
4322,ጤና ይስጥልኝ ነጋዴው፣ በሚቀጥለው ወር ደህና ነህ?,Phatic,7,Phatic_12,train
4323,ኤጀንሲው ስለ ኮምፒዩተሩ ማስጠንቀቂያ በሚቀጥለው ወር አውጥቷል።,Warning,4,Warning_08,train
4324,እንኳን አደረሳችሁ ዶክተሩ፣ በገበያ።,Phatic,7,Phatic_14,test
4325,ሚኒስቴሩ ስለ ውሃው ማስጠንቀቂያ በዚህ አመት አውጥቷል።,Warning,4,Warning_08,train
4326,የዕቃው ችግር ከምሽቱ ጀምሮ ከጓደኛዬ ጋር እፈታለሁ።,Promise,8,Promise_11,train
4327,ከስራ አስኪያጁ ጋር ነገ መነጋገር ይሻላል።,Suggestion,3,Suggestion_06,val
4328,የስልኩ ችግር ከምሽቱ ጀምሮ ከዶክተሩ ጋር እፈታለሁ።,Promise,8,Promise_11,train
4329,መምህሩ ስብሰባውን በሚቀጥለው ሳምንት መርተዋል።,Assertion,1,Assertion_03,val
4330,ቦርሳው ገና ወደ ሆስፒታል በሳምንቱ መጨረሻ አልደረሰኝም።,Complaint,6,Complaint_07,train
4331,ጎበዝ ስራ ሚኒስትሩ፣ ደብዳቤው ሙሉ በሙሉ ፈርሷል።,Sarcasm/Irony,5,Sarcasm/Irony_09,train
4332,ይቅርታ፣ ፋይሉን ከሰዓት በኋላ ማድረግ አልችልም።,Refusal,2,Refusal_00,train
4333,የፋይሉ ዋጋ ከጥቂት ደቂቃዎች በኋላ ጨምሯል።,Assertion,1,Assertion_12,val
4334,የስልኩ ችግር ከሶስት ሰዓት በኋላ ከጓደኛዬ ጋር እፈታለሁ።,Promise,8,Promise_11,train
4335,ከሁለት ቀናት በኋላ በአውሮፕላን ማረፊያ መገኘት አልችልም።,Refusal,2,Refusal_04,val
4336,መጽሐፉ ገና ወደ ፖሊስ ጣቢያ ከሶስት ሰዓት በኋላ አልደረሰኝም።,Complaint,6,Complaint_07,train
4337,ነገ ጠዋት በትምህርት ቤት ትራፊኩ ከባድ ነው ተጠንቀቁ።,Warning,4,Warning_13,train
4338,የካርታው ችግር ነገ ከዶክተሩ ጋር እፈታለሁ።,Promise,8,Promise_11,train
4339,ከጠበቃው ጋር ከዛሬ ጀምሮ በፖሊስ ጣቢያ እገናኛለሁ።,Promise,8,Promise_04,val
4340,ከጓደኛዬ ጋር ስለ ስልኩ ጉዳይ መስማማት አልችልም።,Refusal,2,Refusal_06,train
4341,ስብሰባው ያለ ማስታወቂያ ከአንድ ሰዓት በኋላ በቢሮ ተሰርዟል።,Complaint,6,Complaint_09,test
4342,ለአለቃዬ የገባሁትን ቃል ከዛሬ ጀምሮ አከብራለሁ።,Promise,8,Promise_08,test
4343,እባክዎ መኪናውን ለደንበኛው ዛሬ ማታ ይላኩልኝ።,Request,0,Request_00,train
4344,ይህን ልብሱን ከደንበኛው ጋር በጥንቃቄ ያዙ።,Warning,4,Warning_04,val
4345,የቤቱ ችግር ከአንድ ሰዓት በኋላ ከሚኒስትሩ ጋር እፈታለሁ።,Promise,8,Promise_11,train
4346,አዎ በእርግጥ፣ ፖሊሱ በሚቀጥለው አመት ትመጣለህ ብዬ አላምንም።,Sarcasm/Irony,5,Sarcasm/Irony_01,test
4347,ከባልደረባዬ ጋር ከሰዓት በኋላ በስብሰባ ክፍል እገናኛለሁ።,Promise,8,Promise_04,val
4348,ጎበዝ ስራ ዶክተሩ፣ መኪናው ሙሉ በሙሉ ፈርሷል።,Sarcasm/Irony,5,Sarcasm/Irony_09,train
4349,እባክዎ ወደ ፍርድ ቤት ከሶስት ሰዓት በኋላ ይምጡልኝ።,Request,0,Request_03,test
4350,የቦርሳው ችግር ነገ ከአስተማሪዋ ጋር እፈታለሁ።,Promise,8,Promise_11,train
4351,ምርቱ ገና ወደ ገበያ ከምሽቱ ጀምሮ አልደረሰኝም።,Complaint,6,Complaint_07,train
4352,እባክዎ ለነጋዴው ስለ ደረሰኙ ይንገሩልኝ።,Request,0,Request_04,val
4353,ጠበቃው፣ ስራ በባንክ እንዴት ነው?,Phatic,7,Phatic_09,val
4354,ይህ ገንዘቡ ከድርጅቱ ከተገለጸው ጋር አይመሳሰልም።,Complaint,6,Complaint_12,test
4355,ውድቅ አደርገዋለሁ፣ ውሃው ስላልተመቸኝ።,Refusal,2,Refusal_08,val
4356,ድርጅቱ ስለ ልብሱ ማስጠንቀቂያ ዛሬ ማታ አውጥቷል።,Warning,4,Warning_08,train
4357,ጎበዝ! በጣም ጥሩ ስራ ሰራህ ጋዜጠኛው፣ መልእክቱን አበላሸኸው።,Sarcasm/Irony,5,Sarcasm/Irony_02,train
4358,ስራው ዛሬ ከጠበቃው ጋር አልተጠናቀቀም።,Complaint,6,Complaint_03,test
4359,እባክዎ ዕቃውን ለሚኒስትሩ ከሰዓት በኋላ ይላኩልኝ።,Request,0,Request_00,train
4360,እባክዎ መልእክቱን ለአስተማሪዋ በዚህ ወር ይላኩልኝ።,Request,0,Request_00,train
4361,ገንዘቡ ገና ወደ ሱቅ በስብሰባው ወቅት አልደረሰኝም።,Complaint,6,Complaint_07,train
4362,ጋዜጠኛው ስብሰባውን በሚቀጥለው ወር መርተዋል።,Assertion,1,Assertion_03,val
4363,እባክዎ ትዕዛዙን ነገ ከሰዓት በኋላ ይላኩልኝ።,Request,0,Request_13,val
4364,በጣም ጎበዝ ነው ኩባንያው፣ በቢሮ ደንበኞችን ችላ ይላል።,Sarcasm/Irony,5,Sarcasm/Irony_06,test
4365,ጎበዝ! በጣም ጥሩ ስራ ሰራህ መሐንዲሱ፣ ውሃውን አበላሸኸው።,Sarcasm/Irony,5,Sarcasm/Irony_02,train
4366,የስልኩ ወጪውን በቢሮ ብንቀንስ የተሻለ ነው።,Suggestion,3,Suggestion_13,train
4367,ጎበዝ ስራ ነጋዴው፣ መጽሐፉ ሙሉ በሙሉ ፈርሷል።,Sarcasm/Irony,5,Sarcasm/Irony_09,train
4368,አስተማሪዋ ወደ ትምህርት ቤት ከሰዓት በኋላ ሄደዋል።,Assertion,1,Assertion_07,train
4369,እባክዎ ይቅርታ፣ ደብዳቤውን ነገ ማቅረብ አልችልም።,Refusal,2,Refusal_09,train
4370,ወደ ፋብሪካ ከጥቂት ደቂቃዎች በኋላ መሄድ አልችልም።,Refusal,2,Refusal_13,test
4371,ጎበዝ! በጣም ጥሩ ስራ ሰራህ ስራ አስኪያጁ፣ ቦርሳውን አበላሸኸው።,Sarcasm/Irony,5,Sarcasm/Irony_02,train
4372,ይህን መኪናውን ያለ መምህሩ ትዕዛዝ አይውሰዱ።,Warning,4,Warning_12,val
4373,ከፖሊሱ ጋር ስለ ቁልፉ ጉዳይ መስማማት አልችልም።,Refusal,2,Refusal_06,train
4374,እባክህ ይቅርታ አድርግልኝ፣ ወደ ሱቅ ከሁለት ቀናት በኋላ መምጣት አልችልም።,Refusal,2,Refusal_01,test
4375,እባክዎ ሰነዱን ነገ ይላኩልኝ።,Request,0,Request_13,val
4376,በጣም ብልህ ነህ ሚኒስትሩ፣ ኮምፒዩተሩን ረሳኸው።,Sarcasm/Irony,5,Sarcasm/Irony_04,train
4377,ጎበዝ ስራ ጋዜጠኛው፣ ሂሳቡ ሙሉ በሙሉ ፈርሷል።,Sarcasm/Irony,5,Sarcasm/Irony_09,train
4378,ሰላም ጠበቃው፣ በሚቀጥለው ወር እንዴት ነህ?,Phatic,7,Phatic_00,train
4379,ጥንቃቄ ያድርጉ፣ በሚቀጥለው አመት ሱቅ ይንሸራተታል።,Warning,4,Warning_02,train
4380,ውሃው ገና ወደ ቢሮ ነገ ጠዋት አልደረሰኝም።,Complaint,6,Complaint_07,train
4381,ስራ አስኪያጁ ወደ መንገድ ላይ ከጥቂት ደቂቃዎች በኋላ ሄደዋል።,Assertion,1,Assertion_07,train
4382,ዶክተሩ ለቅሬታዬ ምላሽ በዚህ ወር አልሰጡም።,Complaint,6,Complaint_06,val
4383,ጋዜጠኛው ወደ ቤት በዚህ አመት ሄደዋል።,Assertion,1,Assertion_07,train
4384,ቃል እገባለሁ፣ ስጦታውን ከዛሬ ጀምሮ አላዘገይም።,Promise,8,Promise_03,test
4385,ወደ መንገድ ላይ ዛሬ መሄድ አልችልም።,Refusal,2,Refusal_13,test
4386,መጽሐፉ ገና ወደ ቤት ከጥቂት ደቂቃዎች በኋላ አልደረሰኝም።,Complaint,6,Complaint_07,train
4387,መምህሩ ወደ ከተማው ውስጥ ከአንድ ሰዓት በኋላ ሄደዋል።,Assertion,1,Assertion_07,train
4388,ጤና ይስጥልኝ ሚኒስትሩ፣ ነገ ጠዋት ደህና ነህ?,Phatic,7,Phatic_12,train
4389,እንኳን ወደ ፋብሪካ ደህና መጣህ ሹፌሩ።,Phatic,7,Phatic_04,test
4390,ደህና ነገ ይሁንልህ ጓደኛዬ።,Phatic,7,Phatic_02,train
4391,ከሚኒስትሩ ጋር በዚህ ሳምንት በከተማው ውስጥ እገናኛለሁ።,Promise,8,Promise_04,val
4392,ደንበኛው ወደ መንገድ ላይ በዚህ ወር ሄደዋል።,Assertion,1,Assertion_07,train
4393,ይቅርታ፣ ማሽኑን ዛሬ ማድረግ አልችልም።,Refusal,2,Refusal_00,train
4394,እንደምን አለህ በመንገድ ላይ፣ መምህሩ?,Phatic,7,Phatic_11,val
4395,የሪፖርቱ ችግር በዚህ አመት ከሹፌሩ ጋር እፈታለሁ።,Promise,8,Promise_11,train
4396,አመሰግናለሁ ፖሊሱ፣ ደህና ዋል በስብሰባ ክፍል።,Phatic,7,Phatic_08,train
4397,ደህና ሁን ጠበቃው፣ እስከ ከሁለት ቀናት በኋላ እንገናኝ።,Phatic,7,Phatic_13,train
4398,አመሰግናለሁ አስተማሪዋ፣ ደህና ዋል በገበያ።,Phatic,7,Phatic_08,train
4399,ስጦታው በገበያ ይገኛል።,Assertion,1,Assertion_00,test
4400,እባክዎ ቡናውን ለደንበኛው በዚህ አመት ይላኩልኝ።,Request,0,Request_00,train
4401,ጤና ይስጥልኝ ጓደኛዬ፣ ከሰዓት በኋላ ደህና ነህ?,Phatic,7,Phatic_12,train
4402,እባክዎ ፕሮጀክቱን ለባልደረባዬ ዛሬ ማታ ይላኩልኝ።,Request,0,Request_00,train
4403,ፋይሉ ገና ወደ ባንክ በሚቀጥለው አመት አልደረሰኝም።,Complaint,6,Complaint_07,train
4404,ባንኩ ቃል የገባውን ከሰዓት በኋላ አላከበረም።,Complaint,6,Complaint_02,test
4405,በዚህ አመት ወደ ትምህርት ቤት እደርሳለሁ።,Promise,8,Promise_10,train
4406,እባክዎ ቁልፉን ለዶክተሩ ከጥቂት ደቂቃዎች በኋላ ይላኩልኝ።,Request,0,Request_00,train
4407,እባክዎ ይቅርታ፣ ትዕዛዙን ከሁለት ቀናት በኋላ ማቅረብ አልችልም።,Refusal,2,Refusal_09,train
4408,በስብሰባ ክፍል ትንሽ እረፍት በሚቀጥለው አመት ብንወስድ ጥሩ ነው።,Suggestion,3,Suggestion_09,test
4409,የገንዘቡ ችግር በስብሰባው ወቅት ከስራ አስኪያጁ ጋር እፈታለሁ።,Promise,8,Promise_11,train
4410,ስልኩ ገና ወደ ገበያ በዚህ ወር አልደረሰኝም።,Complaint,6,Complaint_07,train
4411,ጥንቃቄ ያድርጉ፣ በዚህ ሳምንት አውሮፕላን ማረፊያ ይንሸራተታል።,Warning,4,Warning_02,train
4412,እባክዎ መኪናውን ለአስተማሪዋ ከሁለት ቀናት በኋላ ይላኩልኝ።,Request,0,Request_00,train
4413,ከመምህሩ ጋር ከሰዓት በኋላ በመጋዘን እገናኛለሁ።,Promise,8,Promise_04,val
4414,እባክዎ ጥያቄውን ለመሐንዲሱ ነገ ይላኩልኝ።,Request,0,Request_00,train
4415,እባክህ ለውሉ ይህን ዘዴ ነገ ተጠቀም።,Suggestion,3,Suggestion_04,train
4416,ዶክተሩ ወደ ሆስፒታል በሳምንቱ መጨረሻ ሄደዋል።,Assertion,1,Assertion_07,train
4417,ስራ አስኪያጁ፣ እንደምን አደርክ በስብሰባው ወቅት?,Phatic,7,Phatic_01,train
4418,የበሩ ችግር ከሶስት ሰዓት በኋላ ከፖሊሱ ጋር እፈታለሁ።,Promise,8,Promise_11,train
4419,እባክዎ ውሉን ለመሐንዲሱ ከሰዓት በኋላ ይላኩልኝ።,Request,0,Request_00,train
4420,ይህን ትዕዛዙን ያለ ስራ አስኪያጁ ትዕዛዝ አይውሰዱ።,Warning,4,Warning_12,val
4421,ጎበዝ! በጣም ጥሩ ስራ ሰራህ ባልደረባዬ፣ ጥያቄውን አበላሸኸው።,Sarcasm/Irony,5,Sarcasm/Irony_02,train
4422,በዚህ ወር በቢሮ መገኘት አልችልም።,Refusal,2,Refusal_04,val
4423,ስለ ልብሱ ጉዳይ ከባልደረባዬ ጋር እንወያይ።,Suggestion,3,Suggestion_10,train
4424,እባክዎ ስልኩን ለፖሊሱ በዚህ ሳምንት ይላኩልኝ።,Request,0,Request_00,train
4425,ስለ ፋይሉ ከነጋዴው ጋር ማሰብ ይኖርብናል።,Suggestion,3,Suggestion_03,train
4426,ሰነዱ ገና ወደ ከተማው ውስጥ በዚህ ወር አልደረሰኝም።,Complaint,6,Complaint_07,train
4427,ጎበዝ! በጣም ጥሩ ስራ ሰራህ መምህሩ፣ ኮምፒዩተሩን አበላሸኸው።,Sarcasm/Irony,5,Sarcasm/Irony_02,train
4428,እንዴት ጎበዝ ነህ ዶክተሩ፣ ትዕዛዙን ሰብረኸዋል!,Sarcasm/Irony,5,Sarcasm/Irony_00,train
4429,ቃል እገባለሁ፣ ዕቃውን በዚህ አመት አላዘገይም።,Promise,8,Promise_03,test
4430,እባክዎ ለሹፌሩ ስለ ካርታው ይንገሩልኝ።,Request,0,Request_04,val
4431,የሂሳቡ ችግር ነገ ከመምህሩ ጋር እፈታለሁ።,Promise,8,Promise_11,train
4432,ደህና እደር ሚኒስትሩ፣ ከዛሬ ጀምሮ እንገናኝ።,Phatic,7,Phatic_06,train
4433,ይቅርታ፣ ስልኩን በዚህ ወር ማድረግ አልችልም።,Refusal,2,Refusal_00,train
4434,ሰላም አስተማሪዋ፣ በዚህ አመት እንዴት ነህ?,Phatic,7,Phatic_00,train
4435,ስልኩ ገና ወደ ገበያ ከሶስት ሰዓት በኋላ አልደረሰኝም።,Complaint,6,Complaint_07,train
4436,ከጋዜጠኛው ጋር ከአንድ ሰዓት በኋላ በትምህርት ቤት እገናኛለሁ።,Promise,8,Promise_04,val
4437,እንኳን ደስ አለህ አስተማሪዋ ነገ ከሰዓት በኋላ።,Phatic,7,Phatic_07,train
4438,ፕሮጀክቱን በሚቀጥለው አመት ከሹፌሩ ጋር ብንጀምር ይሻላል።,Suggestion,3,Suggestion_08,val
4439,እባክዎ ቦርሳውን ወደ ባንክ ይላኩ።,Request,0,Request_06,test
4440,ነገ በቤት መገኘት አልችልም።,Refusal,2,Refusal_04,val
4441,ከባልደረባዬ ጋር በሳምንቱ መጨረሻ መነጋገር ይሻላል።,Suggestion,3,Suggestion_06,val
4442,ስጦታውን በጥንቃቄ ከፖሊሱ ጋር ብንመረምር ይሻላል።,Suggestion,3,Suggestion_11,val
4443,ከፖሊሱ ጋር ስለ ቤቱ ጉዳይ መስማማት አልችልም።,Refusal,2,Refusal_06,train
4444,ከሚኒስትሩ ጋር በሚቀጥለው አመት መነጋገር ይሻላል።,Suggestion,3,Suggestion_06,val
4445,ልብሱን ከሰዓት በኋላ ብንሞክር ጥሩ ይሆናል።,Suggestion,3,Suggestion_00,train
4446,እባክዎ ለሚኒስትሩ ስለ ሰነዱ ይንገሩልኝ።,Request,0,Request_04,val
4447,እርግጠኛ ነኝ ስራ አስኪያጁ በዚህ አመት ይደርሳሉ፣ እንደ ሁልጊዜው።,Sarcasm/Irony,5,Sarcasm/Irony_05,test
4448,እባክህ ለፕሮጀክቱ ይህን ዘዴ ከሰዓት በኋላ ተጠቀም።,Suggestion,3,Suggestion_04,train
4449,ዕቃው ገና ወደ ትምህርት ቤት በዚህ ሳምንት አልደረሰኝም።,Complaint,6,Complaint_07,train
4450,ከመምህሩ ጋር ስለ መጽሐፉ ጉዳይ መስማማት አልችልም።,Refusal,2,Refusal_06,train
4451,ደንበኛው፣ እንደምን አደርክ ዛሬ?,Phatic,7,Phatic_01,train
4452,ወደ ገበያ ከዛሬ ጀምሮ ብቻዎን አይሂዱ።,Warning,4,Warning_06,test
4453,ደህና ከአንድ ሰዓት በኋላ ይሁንልህ ሚኒስትሩ።,Phatic,7,Phatic_02,train
4454,እሰይ፣ ሌላ ችግር በፋብሪካ ነገ፣ ልክ የሚያስፈልገን ይሄው ነበር።,Sarcasm/Irony,5,Sarcasm/Irony_07,train
4455,እባክዎ ማሽኑን ለጋዜጠኛው በሳምንቱ መጨረሻ ይላኩልኝ።,Request,0,Request_00,train
4456,ይህን ቁልፉን ከስራ አስኪያጁ መቀበል አልችልም።,Refusal,2,Refusal_03,train
4457,መሐንዲሱ ወደ ስብሰባ ክፍል ከሰዓት በኋላ ሄደዋል።,Assertion,1,Assertion_07,train
4458,በጣም ውጤታማ ነው ኩባንያው፣ በከአንድ ሰዓት በኋላ ምንም አልተሰራም።,Sarcasm/Irony,5,Sarcasm/Irony_14,val
4459,እባክህ ይቅርታ አድርግልኝ፣ ወደ ሱቅ ነገ ከሰዓት በኋላ መምጣት አልችልም።,Refusal,2,Refusal_01,test
4460,በዚህ አመት በከተማው ውስጥ መገኘት አልችልም።,Refusal,2,Refusal_04,val
4461,ከአስተማሪዋ ጋር ነገ ጠዋት በአውሮፕላን ማረፊያ እገናኛለሁ።,Promise,8,Promise_04,val
4462,ከመምህሩ ጋር ነገ መነጋገር ይሻላል።,Suggestion,3,Suggestion_06,val
4463,ወደ መንገድ ላይ በዚህ ወር እንሂድ።,Suggestion,3,Suggestion_01,test
4464,ነገ ጠዋት በመንገድ ላይ ስብሰባ እናድርግ።,Suggestion,3,Suggestion_02,train
4465,እባክዎ ይቅርታ፣ ቡናውን በሚቀጥለው ሳምንት ማቅረብ አልችልም።,Refusal,2,Refusal_09,train
4466,ቦርሳውን በጥንቃቄ ከነጋዴው ጋር ብንመረምር ይሻላል።,Suggestion,3,Suggestion_11,val
4467,የውሃው ችግር በሚቀጥለው ወር ከመምህሩ ጋር እፈታለሁ።,Promise,8,Promise_11,train
4468,ሂሳቡን በዚህ አመት ብንሞክር ጥሩ ይሆናል።,Suggestion,3,Suggestion_00,train
4469,እባክዎ ሂሳቡን ለነጋዴው ከአንድ ሰዓት በኋላ ይላኩልኝ።,Request,0,Request_00,train
4470,እባክዎ ልብሱን በሚቀጥለው ወር ይላኩልኝ።,Request,0,Request_13,val
4471,ፕሮጀክቱን ነገ ከባልደረባዬ ጋር ብንጀምር ይሻላል።,Suggestion,3,Suggestion_08,val
4472,ማህበሩ ስለ ቦርሳው ማስጠንቀቂያ ከአንድ ሰዓት በኋላ አውጥቷል።,Warning,4,Warning_08,train
4473,እባክዎ መልእክቱን ለሹፌሩ ነገ ከሰዓት በኋላ ይላኩልኝ።,Request,0,Request_00,train
4474,የደረሰኙ ደረሰኝ ከመንግስት የተበላሸ ነው።,Complaint,6,Complaint_08,val
4475,ስጦታው በከተማው ውስጥ ይገኛል።,Assertion,1,Assertion_00,test
4476,መስኮቱ ገና ወደ ከተማው ውስጥ ከምሽቱ ጀምሮ አልደረሰኝም።,Complaint,6,Complaint_07,train
4477,ስለ ቤቱ ከደንበኛው ጋር ማሰብ ይኖርብናል።,Suggestion,3,Suggestion_03,train
4478,ለሚኒስትሩ ጥያቄ ፍቃደኛ አይደለሁም።,Refusal,2,Refusal_10,val
4479,ይህን ደረሰኙን ከሹፌሩ መቀበል አልችልም።,Refusal,2,Refusal_03,train
4480,የስልኩ ገመድ በሆስፒታል አደገኛ ነው ተጠንቀቁ።,Warning,4,Warning_07,train
4481,መምህሩ ወደ ፖሊስ ጣቢያ ነገ ጠዋት ሄደዋል።,Assertion,1,Assertion_07,train
4482,የሚኒስቴሩ ጥያቄ አልቀበልም።,Refusal,2,Refusal_07,train
4483,ይቅርታ፣ ጥያቄውን በሚቀጥለው ወር ማድረግ አልችልም።,Refusal,2,Refusal_00,train
4484,በጣም ብልህ ነህ ጋዜጠኛው፣ መስኮቱን ረሳኸው።,Sarcasm/Irony,5,Sarcasm/Irony_04,train
4485,ቅሬታዬን ለጠበቃው ነገ ጠዋት ብናገርም ማንም አልሰማኝም።,Complaint,6,Complaint_14,val
4486,ጠበቃው ሪፖርቱን ከሁለት ቀናት በኋላ አቅርበዋል።,Assertion,1,Assertion_13,test
4487,የኮምፒዩተሩ ችግር ከዛሬ ጀምሮ ከሹፌሩ ጋር እፈታለሁ።,Promise,8,Promise_11,train
4488,በጣም ብልህ ነህ ባልደረባዬ፣ ልብሱን ረሳኸው።,Sarcasm/Irony,5,Sarcasm/Irony_04,train
4489,ሰነዱ ገና ወደ መጋዘን ዛሬ አልደረሰኝም።,Complaint,6,Complaint_07,train
4490,ወደ ከተማው ውስጥ ከሰዓት በኋላ እንሂድ።,Suggestion,3,Suggestion_01,test
4491,ከጋዜጠኛው ጋር ከዛሬ ጀምሮ በስብሰባ ክፍል እገናኛለሁ።,Promise,8,Promise_04,val
4492,አለቃዬ ወደ ፍርድ ቤት ነገ ሄደዋል።,Assertion,1,Assertion_07,train
4493,እባክዎ ውሃውን ለአስተማሪዋ በሚቀጥለው ወር ይላኩልኝ።,Request,0,Request_00,train
4494,ይቅርታ፣ መስኮቱን ከጥቂት ደቂቃዎች በኋላ ማድረግ አልችልም።,Refusal,2,Refusal_00,train
4495,እባክዎ ይቅርታ፣ ትዕዛዙን በሚቀጥለው ሳምንት ማቅረብ አልችልም።,Refusal,2,Refusal_09,train
4496,ስራውን ከመምህሩ ጋር ከሁለት ቀናት በኋላ እጨርሳለሁ።,Promise,8,Promise_01,test
4497,በአውሮፕላን ማረፊያ ከሁለት ቀናት በኋላ ንጽህና ጎድሏል።,Complaint,6,Complaint_13,test
4498,እባክዎ ውሉን ለደንበኛው ከምሽቱ ጀምሮ ይላኩልኝ።,Request,0,Request_00,train
4499,በቤት በዚህ ወር ንጽህና ጎድሏል።,Complaint,6,Complaint_13,test
4500,እሰይ፣ ሌላ ችግር በሆስፒታል በሚቀጥለው አመት፣ ልክ የሚያስፈልገን ይሄው ነበር።,Sarcasm/Irony,5,Sarcasm/Irony_07,train
4501,ከሁለት ቀናት በኋላ በሆስፒታል መገኘት አልችልም።,Refusal,2,Refusal_04,val
4502,ባንኩ ስለ ፋይሉ ማስጠንቀቂያ በሳምንቱ መጨረሻ አውጥቷል።,Warning,4,Warning_08,train
4503,እንኳን ደስ አለህ መምህሩ ከሁለት ቀናት በኋላ።,Phatic,7,Phatic_07,train
4504,ከፖሊሱ ጋር ስለ መሳሪያው ጉዳይ መስማማት አልችልም።,Refusal,2,Refusal_06,train
4505,ስራ አስኪያጁ፣ እንደምን አደርክ ከሁለት ቀናት በኋላ?,Phatic,7,Phatic_01,train
4506,ማህበሩ ስለ መልእክቱ ማስጠንቀቂያ በሚቀጥለው ወር አውጥቷል።,Warning,4,Warning_08,train
4507,ሹፌሩ፣ እንደምን አደርክ ዛሬ ማታ?,Phatic,7,Phatic_01,train
4508,ይህን ማሽኑን ከጠበቃው ጋር በጥንቃቄ ያዙ።,Warning,4,Warning_04,val
4509,ወደ ትምህርት ቤት ነገ ከሰዓት በኋላ ብቻዎን አይሂዱ።,Warning,4,Warning_06,test
4510,ቢያንስ አንዴ ስልኩን በቤት እንሞክር።,Suggestion,3,Suggestion_05,train
4511,እባክዎ መስኮቱን ለባልደረባዬ ዛሬ ማታ ይላኩልኝ።,Request,0,Request_00,train
4512,የዕቃው ችግር ነገ ከነጋዴው ጋር እፈታለሁ።,Promise,8,Promise_11,train
4513,የቡናው ችግር ከዛሬ ጀምሮ ከደንበኛው ጋር እፈታለሁ።,Promise,8,Promise_11,train
4514,የቦርሳው ችግር በዚህ ሳምንት ከመሐንዲሱ ጋር እፈታለሁ።,Promise,8,Promise_11,train
4515,እባክዎ ዕቃውን ለስራ አስኪያጁ ነገ ይላኩልኝ።,Request,0,Request_00,train
4516,ወደ መንገድ ላይ በዚህ ሳምንት መሄድ አልችልም።,Refusal,2,Refusal_13,test
4517,በከተማው ውስጥ በሚቀጥለው ወር ወንጀል ሊፈጸም ይችላል ተጠንቀቁ።,Warning,4,Warning_11,train
4518,ነገ በፋብሪካ ስብሰባ እናድርግ።,Suggestion,3,Suggestion_02,train
4519,የምርቱ ዋጋ ዛሬ ማታ ጨምሯል።,Assertion,1,Assertion_12,val
4520,ጓደኛዬ ስብሰባውን በሳምንቱ መጨረሻ መርተዋል።,Assertion,1,Assertion_03,val
4521,ፕሮጀክቱ ገና ወደ ከተማው ውስጥ ዛሬ አልደረሰኝም።,Complaint,6,Complaint_07,train
4522,እንዴት ጎበዝ ነህ ነጋዴው፣ ቦርሳውን ሰብረኸዋል!,Sarcasm/Irony,5,Sarcasm/Irony_00,train
4523,የጥያቄው ዋጋውን በዚህ አመት ብንቀንስ ደንበኞች ይጨምራሉ።,Suggestion,3,Suggestion_07,train
4524,ስራው ነገ ከሰዓት በኋላ ከደንበኛው ጋር አልተጠናቀቀም።,Complaint,6,Complaint_03,test
4525,የካርታው ችግር በሚቀጥለው ሳምንት ከአስተማሪዋ ጋር እፈታለሁ።,Promise,8,Promise_11,train
4526,እባክዎ ቦርሳውን ለአለቃዬ ነገ ጠዋት ይላኩልኝ።,Request,0,Request_00,train
4527,ጎበዝ ስራ ደንበኛው፣ ቦርሳው ሙሉ በሙሉ ፈርሷል።,Sarcasm/Irony,5,Sarcasm/Irony_09,train
4528,እንኳን ደስ አለህ ሚኒስትሩ ከጥቂት ደቂቃዎች በኋላ።,Phatic,7,Phatic_07,train
4529,ስጦታው በፖሊስ ጣቢያ ይገኛል።,Assertion,1,Assertion_00,test
4530,በድርጅቱ አዲስ ስልት ዛሬ እንተግብር።,Suggestion,3,Suggestion_14,test
4531,እባክዎ መሳሪያውን ለመምህሩ ከሰዓት በኋላ ይላኩልኝ።,Request,0,Request_00,train
4532,ስቱዲዮው ስለ ኮምፒዩተሩ ማስጠንቀቂያ በስብሰባው ወቅት አውጥቷል።,Warning,4,Warning_08,train
4533,ፕሮጀክቱን በሚቀጥለው አመት ከመምህሩ ጋር ብንጀምር ይሻላል።,Suggestion,3,Suggestion_08,val
4534,ሚኒስትሩ፣ እንደምን አደርክ ዛሬ?,Phatic,7,Phatic_01,train
4535,ስራውን ከስራ አስኪያጁ ጋር በስብሰባው ወቅት እጨርሳለሁ።,Promise,8,Promise_01,test
4536,ስቱዲዮው ስለ መልእክቱ ማስጠንቀቂያ ነገ ጠዋት አውጥቷል።,Warning,4,Warning_08,train
4537,ስራ አስኪያጁ ወደ መጋዘን በዚህ ወር ሄደዋል።,Assertion,1,Assertion_07,train
4538,ስብሰባው ያለ ማስታወቂያ ነገ በፋብሪካ ተሰርዟል።,Complaint,6,Complaint_09,test
4539,ጓደኛዬ ወደ መጋዘን በዚህ አመት ሄደዋል።,Assertion,1,Assertion_07,train
4540,የማሽኑ ችግር ከአንድ ሰዓት በኋላ ከአስተማሪዋ ጋር እፈታለሁ።,Promise,8,Promise_11,train
4541,እንደምን አለህ በአውሮፕላን ማረፊያ፣ ጓደኛዬ?,Phatic,7,Phatic_11,val
4542,እባክዎ ደረሰኙን ለጓደኛዬ ነገ ከሰዓት በኋላ ይላኩልኝ።,Request,0,Request_00,train
4543,መጽሐፉ ገና ወደ ሱቅ ከምሽቱ ጀምሮ አልደረሰኝም።,Complaint,6,Complaint_07,train
4544,ኩባንያው ስለ ቦርሳው ማስጠንቀቂያ በዚህ አመት አውጥቷል።,Warning,4,Warning_08,train
4545,እንኳን ወደ መጋዘን ደህና መጣህ ስራ አስኪያጁ።,Phatic,7,Phatic_04,test
4546,ባልደረባዬ ወደ ስብሰባ ክፍል ከሶስት ሰዓት በኋላ ሄደዋል።,Assertion,1,Assertion_07,train
4547,መጽሐፉ ከጓደኛዬ አጠገብ አደገኛ ሊሆን ይችላል።,Warning,4,Warning_01,test
4548,ከጓደኛዬ ጋር በስብሰባው ወቅት መነጋገር ይሻላል።,Suggestion,3,Suggestion_06,val
4549,በጣም ጎበዝ ነው ስቱዲዮው፣ በሆስፒታል ደንበኞችን ችላ ይላል።,Sarcasm/Irony,5,Sarcasm/Irony_06,test
4550,ዶክተሩ ወደ ትምህርት ቤት ከሰዓት በኋላ ሄደዋል።,Assertion,1,Assertion_07,train
4551,እባክዎ ውሉን ለአለቃዬ ዛሬ ማታ ይላኩልኝ።,Request,0,Request_00,train
4552,ደንበኛው ወደ ቢሮ በሚቀጥለው ወር ሄደዋል።,Assertion,1,Assertion_07,train
4553,እባክዎ ሰነዱን ከአንድ ሰዓት በኋላ ይላኩልኝ።,Request,0,Request_13,val
4554,እንዴት ጥሩ ነው መምህሩ፣ በሚቀጥለው ወር ደግሞ ዘገየ።,Sarcasm/Irony,5,Sarcasm/Irony_10,val
4555,ኩባንያው ስለ ስጦታው ማስጠንቀቂያ በስብሰባው ወቅት አውጥቷል።,Warning,4,Warning_08,train
4556,እባክዎ ይቅርታ፣ ስጦታውን በሚቀጥለው ሳምንት ማቅረብ አልችልም።,Refusal,2,Refusal_09,train
4557,ሪፖርቱን ለዶክተሩ በሚቀጥለው ወር አቀርባለሁ።,Promise,8,Promise_05,train
4558,ስለ ኮምፒዩተሩ ጉዳይ ከዶክተሩ ጋር እንወያይ።,Suggestion,3,Suggestion_10,train
4559,ሚኒስቴሩ ስለ ውሃው ማስጠንቀቂያ ከሁለት ቀናት በኋላ አውጥቷል።,Warning,4,Warning_08,train
4560,ወደ ከተማው ውስጥ ከዛሬ ጀምሮ መሄድ አልችልም።,Refusal,2,Refusal_13,test
4561,ማዕከሉ ስለ ፕሮጀክቱ ማስጠንቀቂያ ነገ አውጥቷል።,Warning,4,Warning_08,train
4562,እንኳን ደስ አለህ ሚኒስትሩ በሚቀጥለው አመት።,Phatic,7,Phatic_07,train
4563,እባክህ ለፕሮጀክቱ ይህን ዘዴ ነገ ከሰዓት በኋላ ተጠቀም።,Suggestion,3,Suggestion_04,train
4564,ከሚኒስትሩ ጋር ስለ ቁልፉ ጉዳይ መስማማት አልችልም።,Refusal,2,Refusal_06,train
4565,እንኳን ደስ አለህ አለቃዬ ነገ ከሰዓት በኋላ።,Phatic,7,Phatic_07,train
4566,ወደ ከተማው ውስጥ ዛሬ መሄድ አልችልም።,Refusal,2,Refusal_13,test
4567,ስልኩ ገና ወደ ፋብሪካ በሳምንቱ መጨረሻ አልደረሰኝም።,Complaint,6,Complaint_07,train
4568,ማዕከሉ ስለ ልብሱ ማስጠንቀቂያ በሳምንቱ መጨረሻ አውጥቷል።,Warning,4,Warning_08,train
4569,በከተማው ውስጥ ከሶስት ሰዓት በኋላ ንጽህና ጎድሏል።,Complaint,6,Complaint_13,test
4570,መምህሩ፣ ስራ በሱቅ እንዴት ነው?,Phatic,7,Phatic_09,val
4571,ያልተፈቀደ ግቢ ወደ መጋዘን በሚቀጥለው ሳምንት አይግቡ።,Warning,4,Warning_09,test
4572,እንዴት ጥሩ ነው አስተማሪዋ፣ በሚቀጥለው ሳምንት ደግሞ ዘገየ።,Sarcasm/Irony,5,Sarcasm/Irony_10,val
4573,በጣም ትክክለኛ ነው ጠበቃው፣ በገበያ ሁልጊዜ እንደዚህ ይሆናል።,Sarcasm/Irony,5,Sarcasm/Irony_08,val
4574,ሚኒስትሩ ስብሰባውን ዛሬ መርተዋል።,Assertion,1,Assertion_03,val
4575,እባክዎ በሳምንቱ መጨረሻ ወደ ሱቅ ይድረሱልኝ።,Request,0,Request_07,val
4576,ጋዜጠኛው ስብሰባውን ከጥቂት ደቂቃዎች በኋላ መርተዋል።,Assertion,1,Assertion_03,val
4577,ነጋዴው ሪፖርቱን በስብሰባው ወቅት አቅርበዋል።,Assertion,1,Assertion_13,test
4578,ወደ ቤት ነገ ጠዋት እንሂድ።,Suggestion,3,Suggestion_01,test
4579,እርግጠኛ ነኝ ጠበቃው ከምሽቱ ጀምሮ ይደርሳሉ፣ እንደ ሁልጊዜው።,Sarcasm/Irony,5,Sarcasm/Irony_05,test
4580,ስለ መስኮቱ ጉዳይ ከዶክተሩ ጋር እንወያይ።,Suggestion,3,Suggestion_10,train
4581,ጎበዝ! በጣም ጥሩ ስራ ሰራህ መሐንዲሱ፣ መስኮቱን አበላሸኸው።,Sarcasm/Irony,5,Sarcasm/Irony_02,train
4582,ባልደረባዬ ወደ ባንክ ከሁለት ቀናት በኋላ ሄደዋል።,Assertion,1,Assertion_07,train
4583,የቦርሳው ችግር በዚህ ሳምንት ከባልደረባዬ ጋር እፈታለሁ።,Promise,8,Promise_11,train
4584,እንዴት ጎበዝ ነህ ደንበኛው፣ ኮምፒዩተሩን ሰብረኸዋል!,Sarcasm/Irony,5,Sarcasm/Irony_00,train
4585,ፖሊሱ ወደ ስብሰባ ክፍል በሳምንቱ መጨረሻ ሄደዋል።,Assertion,1,Assertion_07,train
4586,እባክዎ ይቅርታ፣ ምርቱን ዛሬ ማቅረብ አልችልም።,Refusal,2,Refusal_09,train
4587,እንዴት ጥሩ ነው መሐንዲሱ፣ በዚህ አመት ደግሞ ዘገየ።,Sarcasm/Irony,5,Sarcasm/Irony_10,val
4588,ስለ ሰነዱ ጉዳይ ከጋዜጠኛው ጋር እንወያይ።,Suggestion,3,Suggestion_10,train
4589,ዕቃው ገና ወደ ፋብሪካ ከጥቂት ደቂቃዎች በኋላ አልደረሰኝም።,Complaint,6,Complaint_07,train
4590,ደንበኛው ሪፖርቱን ከሶስት ሰዓት በኋላ አቅርበዋል።,Assertion,1,Assertion_13,test
4591,ከፖሊሱ ጋር ከሰዓት በኋላ በመጋዘን እገናኛለሁ።,Promise,8,Promise_04,val
4592,እባክዎ በሩን ለመምህሩ በሚቀጥለው ወር ይላኩልኝ።,Request,0,Request_00,train
4593,ኮምፒዩተሩ ገና ወደ ቢሮ በሚቀጥለው ሳምንት አልደረሰኝም።,Complaint,6,Complaint_07,train
4594,ማዕከሉ ስለ መጽሐፉ ማስጠንቀቂያ በሳምንቱ መጨረሻ አውጥቷል።,Warning,4,Warning_08,train
4595,እባክዎ ለአስተማሪዋ ስለ ፋይሉ ይንገሩልኝ።,Request,0,Request_04,val
4596,ከጠበቃው ጋር በዚህ ወር በአውሮፕላን ማረፊያ እገናኛለሁ።,Promise,8,Promise_04,val
4597,ፋብሪካው ስለ ቤቱ ማስጠንቀቂያ በሚቀጥለው ወር አውጥቷል።,Warning,4,Warning_08,train
4598,ሪፖርቱ ገና ወደ መንገድ ላይ በሚቀጥለው አመት አልደረሰኝም።,Complaint,6,Complaint_07,train
4599,በጣም ውጤታማ ነው ስቱዲዮው፣ በነገ ምንም አልተሰራም።,Sarcasm/Irony,5,Sarcasm/Irony_14,val
4600,ስራ አስኪያጁ፣ ጤና ይስጥልኝ በሆስፒታል።,Phatic,7,Phatic_03,train
4601,ጤና ይስጥልኝ ጋዜጠኛው፣ ከምሽቱ ጀምሮ ደህና ነህ?,Phatic,7,Phatic_12,train
4602,ስቱዲዮው ስለ ማሽኑ ማስጠንቀቂያ ከሰዓት በኋላ አውጥቷል።,Warning,4,Warning_08,train
4603,ደህና እደር ፖሊሱ፣ በዚህ አመት እንገናኝ።,Phatic,7,Phatic_06,train
4604,እባክህ ለመስኮቱ ይህን ዘዴ በዚህ ሳምንት ተጠቀም።,Suggestion,3,Suggestion_04,train
4605,ከሰዓት በኋላ በገበያ ስብሰባ እናድርግ።,Suggestion,3,Suggestion_02,train
4606,ስልኩ ገና ወደ መጋዘን በስብሰባው ወቅት አልደረሰኝም።,Complaint,6,Complaint_07,train
4607,ከነጋዴው ጋር ስለ በሩ ጉዳይ መስማማት አልችልም።,Refusal,2,Refusal_06,train
4608,የትዕዛዙ ወጪውን በቤት ብንቀንስ የተሻለ ነው።,Suggestion,3,Suggestion_13,train
4609,ትዕዛዙ ገና ወደ ቢሮ ከሰዓት በኋላ አልደረሰኝም።,Complaint,6,Complaint_07,train
4610,አመሰግናለሁ ፖሊሱ፣ ደህና ዋል በቢሮ።,Phatic,7,Phatic_08,train
4611,ኤጀንሲው ስለ በሩ ማስጠንቀቂያ በዚህ ሳምንት አውጥቷል።,Warning,4,Warning_08,train
4612,አለቃዬ ወደ ፍርድ ቤት በሚቀጥለው ሳምንት ሄደዋል።,Assertion,1,Assertion_07,train
4613,ቃል እገባለሁ፣ ቡናውን ነገ ጠዋት አላዘገይም።,Promise,8,Promise_03,test
4614,ደረሰኙ ገና ወደ ሆስፒታል በዚህ ሳምንት አልደረሰኝም።,Complaint,6,Complaint_07,train
4615,ከነጋዴው ጋር ከሶስት ሰዓት በኋላ በፖሊስ ጣቢያ እገናኛለሁ።,Promise,8,Promise_04,val
4616,ልብሱ ገና ወደ ቢሮ ከሶስት ሰዓት በኋላ አልደረሰኝም።,Complaint,6,Complaint_07,train
4617,አዎ በርግጥ፣ የድርጅቱ እቅድ በከዛሬ ጀምሮ በጭራሽ አይከሽፍም።,Sarcasm/Irony,5,Sarcasm/Irony_11,train
4618,ይቅርታ፣ ሂሳቡን በስብሰባው ወቅት ማድረግ አልችልም።,Refusal,2,Refusal_00,train
4619,ይቅርታ፣ መኪናውን ከአንድ ሰዓት በኋላ ማድረግ አልችልም።,Refusal,2,Refusal_00,train
4620,ይቅርታ፣ ደረሰኙን ከሶስት ሰዓት በኋላ ማድረግ አልችልም።,Refusal,2,Refusal_00,train
4621,በጣም ደግ ነህ መምህሩ፣ በቤት ምንም እርዳታ አልሰጠኸኝም።,Sarcasm/Irony,5,Sarcasm/Irony_12,train
4622,ጤና ይስጥልኝ ደንበኛው፣ በሚቀጥለው አመት ደህና ነህ?,Phatic,7,Phatic_12,train
4623,ክፍያ ብከፍልም ከፋብሪካው አገልግሎት ነገ ከሰዓት በኋላ አላገኘሁም።,Complaint,6,Complaint_10,val
4624,እባክዎ ይቅርታ፣ ምርቱን ከሰዓት በኋላ ማቅረብ አልችልም።,Refusal,2,Refusal_09,train
4625,እባክህ ለቦርሳው ይህን ዘዴ ከሶስት ሰዓት በኋላ ተጠቀም።,Suggestion,3,Suggestion_04,train
4626,እባክዎ ልብሱን ለዶክተሩ ነገ ይላኩልኝ።,Request,0,Request_00,train
4627,ቡናው ከስራ አስኪያጁ አጠገብ አደገኛ ሊሆን ይችላል።,Warning,4,Warning_01,test
4628,ይቅርታ፣ ዕቃውን ከአንድ ሰዓት በኋላ ማድረግ አልችልም።,Refusal,2,Refusal_00,train
4629,የበሩ ችግር በሚቀጥለው ሳምንት ከመምህሩ ጋር እፈታለሁ።,Promise,8,Promise_11,train
4630,እባክዎ ኮምፒዩተሩን ለሚኒስትሩ ከምሽቱ ጀምሮ ይላኩልኝ።,Request,0,Request_00,train
4631,ሰላም ፖሊሱ፣ በስብሰባው ወቅት እንዴት ነህ?,Phatic,7,Phatic_00,train
4632,ኤጀንሲው ስለ ሂሳቡ ማስጠንቀቂያ ዛሬ አውጥቷል።,Warning,4,Warning_08,train
4633,ጓደኛዬ፣ ጤና ይስጥልኝ በመጋዘን።,Phatic,7,Phatic_03,train
4634,እንዴት ጥሩ ነው መምህሩ፣ በዚህ ወር ደግሞ ዘገየ።,Sarcasm/Irony,5,Sarcasm/Irony_10,val
4635,ሚኒስቴሩ ስለ ፕሮጀክቱ ማስጠንቀቂያ በዚህ ወር አውጥቷል።,Warning,4,Warning_08,train
4636,እንኳን አደረሳችሁ መምህሩ፣ በገበያ።,Phatic,7,Phatic_14,test
4637,ኩባንያው ስለ ውሃው ማስጠንቀቂያ በሚቀጥለው ወር አውጥቷል።,Warning,4,Warning_08,train
4638,መሳሪያው ገና ወደ ትምህርት ቤት በስብሰባው ወቅት አልደረሰኝም።,Complaint,6,Complaint_07,train
4639,እባክዎ ቁልፉን ለመሐንዲሱ ዛሬ ይላኩልኝ።,Request,0,Request_00,train
4640,እንኳን ደስ አለህ ዶክተሩ በዚህ ወር።,Phatic,7,Phatic_07,train
4641,ቢያንስ አንዴ ሰነዱን በቢሮ እንሞክር።,Suggestion,3,Suggestion_05,train
4642,የደብዳቤው ችግር በሚቀጥለው ወር ከነጋዴው ጋር እፈታለሁ።,Promise,8,Promise_11,train
4643,ፖሊሱ ወደ መጋዘን በዚህ ወር ሄደዋል።,Assertion,1,Assertion_07,train
4644,ከሹፌሩ ጋር ስለ ፋይሉ ጉዳይ መስማማት አልችልም።,Refusal,2,Refusal_06,train
4645,የምርቱ ችግር በሚቀጥለው ወር ከስራ አስኪያጁ ጋር እፈታለሁ።,Promise,8,Promise_11,train
4646,ሰላም፣ ከአንድ ሰዓት በኋላ ደህና አደርክ?,Phatic,7,Phatic_10,test
4647,ስቱዲዮው ስለ ደብዳቤው ማስጠንቀቂያ በሳምንቱ መጨረሻ አውጥቷል።,Warning,4,Warning_08,train
4648,እባክህ ለቁልፉ ይህን ዘዴ ነገ ተጠቀም።,Suggestion,3,Suggestion_04,train
4649,ሚኒስትሩ ወደ ፖሊስ ጣቢያ ነገ ጠዋት ሄደዋል።,Assertion,1,Assertion_07,train
4650,የትዕዛዙ ዋጋ ከሰዓት በኋላ ጨምሯል።,Assertion,1,Assertion_12,val
4651,እባክዎ ስጦታውን ለደንበኛው ከምሽቱ ጀምሮ ይላኩልኝ።,Request,0,Request_00,train
4652,በሳምንቱ መጨረሻ በቤት ከባድ ዝናብ ሊዘንብ ይችላል ተጠንቀቁ።,Warning,4,Warning_03,test
4653,የውሉ ችግር በዚህ አመት ከነጋዴው ጋር እፈታለሁ።,Promise,8,Promise_11,train
4654,እባክዎ ቦርሳውን ለዶክተሩ በሚቀጥለው ሳምንት ይላኩልኝ።,Request,0,Request_00,train
4655,ስራውን ከፖሊሱ ጋር በሚቀጥለው ሳምንት እጨርሳለሁ።,Promise,8,Promise_01,test
4656,እቅዱን ነገ ከድርጅቱ ጋር እናሻሽል።,Suggestion,3,Suggestion_12,train
4657,ሪፖርቱን ለአለቃዬ በሚቀጥለው ወር አቀርባለሁ።,Promise,8,Promise_05,train
4658,እባክህ ልብሱን ስጠኝ።,Request,0,Request_08,val
4659,ስለ ደብዳቤው ጉዳይ ከፖሊሱ ጋር እንወያይ።,Suggestion,3,Suggestion_10,train
4660,እባክሽ መጽሐፉን ከምሽቱ ጀምሮ አምጪልኝ።,Request,0,Request_09,test
4661,ከሶስት ሰዓት በኋላ ወደ ፖሊስ ጣቢያ እደርሳለሁ።,Promise,8,Promise_10,train
4662,ስራ አስኪያጁ፣ እንደምን አደርክ ከአንድ ሰዓት በኋላ?,Phatic,7,Phatic_01,train
4663,ሰላም፣ ከምሽቱ ጀምሮ ደህና አደርክ?,Phatic,7,Phatic_10,test
4664,እባክህ ለልብሱ ይህን ዘዴ ነገ ጠዋት ተጠቀም።,Suggestion,3,Suggestion_04,train
4665,ሹፌሩ ወደ ከተማው ውስጥ ከአንድ ሰዓት በኋላ ሄደዋል።,Assertion,1,Assertion_07,train
4666,መሐንዲሱ ወደ አውሮፕላን ማረፊያ በሚቀጥለው ሳምንት ሄደዋል።,Assertion,1,Assertion_07,train
4667,ፋብሪካው ስለ ውሉ ማስጠንቀቂያ ከአንድ ሰዓት በኋላ አውጥቷል።,Warning,4,Warning_08,train
4668,ገንዘቡን ዛሬ ማታ ብንሞክር ጥሩ ይሆናል።,Suggestion,3,Suggestion_00,train
4669,ሂሳቡ ገና ወደ ባንክ በዚህ ሳምንት አልደረሰኝም።,Complaint,6,Complaint_07,train
4670,ባንኩ ስለ ትዕዛዙ ማስጠንቀቂያ ነገ ጠዋት አውጥቷል።,Warning,4,Warning_08,train
4671,እንኳን ደስ አለህ አስተማሪዋ በስብሰባው ወቅት።,Phatic,7,Phatic_07,train
4672,እንኳን ደስ አለህ ጋዜጠኛው፣ ስለ ሪፖርቱ እንደገና ተሳስተሃል።,Sarcasm/Irony,5,Sarcasm/Irony_13,train
4673,ከሚኒስትሩ ጋር በዚህ ወር በትምህርት ቤት እገናኛለሁ።,Promise,8,Promise_04,val
4674,በጣም ደግ ነህ ደንበኛው፣ በትምህርት ቤት ምንም እርዳታ አልሰጠኸኝም።,Sarcasm/Irony,5,Sarcasm/Irony_12,train
4675,ደህና ሁን ነጋዴው፣ እስከ በሳምንቱ መጨረሻ እንገናኝ።,Phatic,7,Phatic_13,train
4676,እባክህ ለመሳሪያው ይህን ዘዴ በዚህ አመት ተጠቀም።,Suggestion,3,Suggestion_04,train
4677,ደንበኛው ወደ ስብሰባ ክፍል በዚህ አመት ሄደዋል።,Assertion,1,Assertion_07,train
4678,ወደ ፖሊስ ጣቢያ ከዛሬ ጀምሮ መሄድ አልችልም።,Refusal,2,Refusal_13,test
4679,እባክዎ ውሃውን ለመምህሩ በሚቀጥለው ወር ይላኩልኝ።,Request,0,Request_00,train
4680,እምቢ ማለት እፈልጋለሁ፣ ይህ ደብዳቤው አይሆንልኝም።,Refusal,2,Refusal_05,train
4681,ኮምፒዩተሩ ገና ወደ መጋዘን ከጥቂት ደቂቃዎች በኋላ አልደረሰኝም።,Complaint,6,Complaint_07,train
4682,ከመምህሩ ጋር ስለ ገንዘቡ ጉዳይ መስማማት አልችልም።,Refusal,2,Refusal_06,train
4683,እባክህ ለሂሳቡ ይህን ዘዴ ከሶስት ሰዓት በኋላ ተጠቀም።,Suggestion,3,Suggestion_04,train
4684,መምህሩ ወደ ገበያ በዚህ ወር ሄደዋል።,Assertion,1,Assertion_07,train
4685,ደህና ሁን ሚኒስትሩ፣ እስከ ዛሬ እንገናኝ።,Phatic,7,Phatic_13,train
4686,እንዴት ጎበዝ ነህ ደንበኛው፣ ውሉን ሰብረኸዋል!,Sarcasm/Irony,5,Sarcasm/Irony_00,train
4687,አዎ በእርግጥ፣ መሐንዲሱ በዚህ አመት ትመጣለህ ብዬ አላምንም።,Sarcasm/Irony,5,Sarcasm/Irony_01,test
4688,ደህና ነገ ጠዋት ይሁንልህ ፖሊሱ።,Phatic,7,Phatic_02,train
4689,እንደምን አለህ በመንገድ ላይ፣ ባልደረባዬ?,Phatic,7,Phatic_11,val
4690,ይህን ልብሱን ከሹፌሩ መቀበል አልችልም።,Refusal,2,Refusal_03,train
4691,ሚኒስትሩ ወደ ፍርድ ቤት በስብሰባው ወቅት ሄደዋል።,Assertion,1,Assertion_07,train
4692,ትዕዛዙ ገና ወደ ፋብሪካ ከሶስት ሰዓት በኋላ አልደረሰኝም።,Complaint,6,Complaint_07,train
4693,እባክህ ይቅርታ አድርግልኝ፣ ወደ ገበያ በዚህ ሳምንት መምጣት አልችልም።,Refusal,2,Refusal_01,test
4694,የገንዘቡ ችግር ነገ ከአስተማሪዋ ጋር እፈታለሁ።,Promise,8,Promise_11,train
4695,ይህን መስኮቱን ከፖሊሱ መቀበል አልችልም።,Refusal,2,Refusal_03,train
4696,ጠበቃው፣ ጤና ይስጥልኝ በፋብሪካ።,Phatic,7,Phatic_03,train
4697,ማዕከሉ ስለ ፕሮጀክቱ ማስጠንቀቂያ ነገ ጠዋት አውጥቷል።,Warning,4,Warning_08,train
4698,ከጠበቃው ጋር ስለ መስኮቱ ጉዳይ መስማማት አልችልም።,Refusal,2,Refusal_06,train
4699,ነጋዴው ወደ ቢሮ በስብሰባው ወቅት ሄደዋል።,Assertion,1,Assertion_07,train
4700,ጤና ይስጥልኝ ሹፌሩ፣ ነገ ደህና ነህ?,Phatic,7,Phatic_12,train
4701,ይቅርታ፣ ቡናውን ከጥቂት ደቂቃዎች በኋላ ማድረግ አልችልም።,Refusal,2,Refusal_00,train
4702,በሩ ገና ወደ ባንክ ነገ ጠዋት አልደረሰኝም።,Complaint,6,Complaint_07,train
4703,እባክህ ለቦርሳው ይህን ዘዴ በሚቀጥለው ሳምንት ተጠቀም።,Suggestion,3,Suggestion_04,train
4704,ፋብሪካው ስለ ውሉ ማስጠንቀቂያ በዚህ ሳምንት አውጥቷል።,Warning,4,Warning_08,train
4705,ጓደኛዬ ወደ ፍርድ ቤት በሚቀጥለው ወር ሄደዋል።,Assertion,1,Assertion_07,train
4706,እባክዎ ሂሳቡን ለአስተማሪዋ በዚህ አመት ይላኩልኝ።,Request,0,Request_00,train
4707,ከመሐንዲሱ ጋር በዚህ ወር በትምህርት ቤት እገናኛለሁ።,Promise,8,Promise_04,val
4708,ከደንበኛው ጋር ስለ ቦርሳው ጉዳይ መስማማት አልችልም።,Refusal,2,Refusal_06,train
4709,ሂሳቡ በመጋዘን ይገኛል።,Assertion,1,Assertion_00,test
4710,ደህና እደር ጓደኛዬ፣ በስብሰባው ወቅት እንገናኝ።,Phatic,7,Phatic_06,train
4711,ከጓደኛዬ ጋር ከሁለት ቀናት በኋላ በሆስፒታል እገናኛለሁ።,Promise,8,Promise_04,val
4712,እባክዎ ሰነዱን ለስራ አስኪያጁ ከምሽቱ ጀምሮ ይላኩልኝ።,Request,0,Request_00,train
4713,የገንዘቡ ደረሰኝ ከኩባንያው የተበላሸ ነው።,Complaint,6,Complaint_08,val
4714,ሂሳቡ ገና ወደ ቢሮ ከምሽቱ ጀምሮ አልደረሰኝም።,Complaint,6,Complaint_07,train
4715,ከደንበኛው ጋር ስለ ሂሳቡ ጉዳይ መስማማት አልችልም።,Refusal,2,Refusal_06,train
4716,ወደ ስብሰባ ክፍል ዛሬ ማታ መሄድ አልችልም።,Refusal,2,Refusal_13,test
4717,ካርታው ገና ወደ ቤት ዛሬ አልደረሰኝም።,Complaint,6,Complaint_07,train
4718,ነገ ወደ ገበያ እደርሳለሁ።,Promise,8,Promise_10,train
4719,ምርቱ ገና ወደ መጋዘን በዚህ አመት አልደረሰኝም።,Complaint,6,Complaint_07,train
4720,የደንበኛው ጥያቄ ውድቅ አደርጋለሁ።,Refusal,2,Refusal_02,val
4721,የትዕዛዙ ችግር ከሰዓት በኋላ ከፖሊሱ ጋር እፈታለሁ።,Promise,8,Promise_11,train
4722,ከመሐንዲሱ ጋር ዛሬ መነጋገር ይሻላል።,Suggestion,3,Suggestion_06,val
4723,እንኳን ደስ አለህ ነጋዴው፣ ስለ መሳሪያው እንደገና ተሳስተሃል።,Sarcasm/Irony,5,Sarcasm/Irony_13,train
4724,ሚኒስቴሩ ስለ ሪፖርቱ ማስጠንቀቂያ ነገ ጠዋት አውጥቷል።,Warning,4,Warning_08,train
4725,እባክሽ ልብሱን በሚቀጥለው ሳምንት አምጪልኝ።,Request,0,Request_09,test
4726,የመጽሐፉ ዋጋውን ከጥቂት ደቂቃዎች በኋላ ብንቀንስ ደንበኞች ይጨምራሉ።,Suggestion,3,Suggestion_07,train
4727,በማዕከሉ አዲስ ስልት ከጥቂት ደቂቃዎች በኋላ እንተግብር።,Suggestion,3,Suggestion_14,test
4728,ጎበዝ ስራ ፖሊሱ፣ ጥያቄው ሙሉ በሙሉ ፈርሷል።,Sarcasm/Irony,5,Sarcasm/Irony_09,train
4729,እባክዎ ሪፖርቱን ለስራ አስኪያጁ በዚህ ወር ይላኩልኝ።,Request,0,Request_00,train
4730,ሹፌሩ ወደ ስብሰባ ክፍል በሳምንቱ መጨረሻ ሄደዋል።,Assertion,1,Assertion_07,train
4731,ስቱዲዮው ስለ መጽሐፉ ማስጠንቀቂያ በሚቀጥለው ወር አውጥቷል።,Warning,4,Warning_08,train
4732,እባክዎ መሳሪያውን ለደንበኛው በሚቀጥለው አመት ይላኩልኝ።,Request,0,Request_00,train
4733,እሰይ፣ ሌላ ችግር በባንክ ዛሬ፣ ልክ የሚያስፈልገን ይሄው ነበር።,Sarcasm/Irony,5,Sarcasm/Irony_07,train
4734,መጽሐፉ ገና ወደ ገበያ ዛሬ ማታ አልደረሰኝም።,Complaint,6,Complaint_07,train
4735,እንኳን ደስ አለህ ጋዜጠኛው በስብሰባው ወቅት።,Phatic,7,Phatic_07,train
4736,ቤቱ ገና ወደ ሆስፒታል ነገ ከሰዓት በኋላ አልደረሰኝም።,Complaint,6,Complaint_07,train
4737,እንዴት ጎበዝ ነህ ሹፌሩ፣ ትዕዛዙን ሰብረኸዋል!,Sarcasm/Irony,5,Sarcasm/Irony_00,train
4738,እንኳን አደረሳችሁ ነጋዴው፣ በፍርድ ቤት።,Phatic,7,Phatic_14,test
4739,ሰነዱን በጥንቃቄ ከጠበቃው ጋር ብንመረምር ይሻላል።,Suggestion,3,Suggestion_11,val
4740,ይህን ገንዘቡን ከጋዜጠኛው መቀበል አልችልም።,Refusal,2,Refusal_03,train
4741,እባክዎ ዕቃውን ለጓደኛዬ በዚህ ወር ይላኩልኝ።,Request,0,Request_00,train
4742,ጤና ይስጥልኝ ደንበኛው፣ በሳምንቱ መጨረሻ ደህና ነህ?,Phatic,7,Phatic_12,train
4743,ፋብሪካው ስለ ትዕዛዙ ማስጠንቀቂያ በሚቀጥለው ወር አውጥቷል።,Warning,4,Warning_08,train
4744,ቢያንስ አንዴ ደረሰኙን በሆስፒታል እንሞክር።,Suggestion,3,Suggestion_05,train
4745,ደረሰኙን በጥንቃቄ ከመሐንዲሱ ጋር ብንመረምር ይሻላል።,Suggestion,3,Suggestion_11,val
4746,የመንግስት ሰራተኞች በቢሮ ደንበኞችን በአግባቡ አያስተናግዱም።,Complaint,6,Complaint_04,val
4747,ስራ አስኪያጁ ወደ ሱቅ ዛሬ ሄደዋል።,Assertion,1,Assertion_07,train
4748,የትዕዛዙ ዋጋውን ከምሽቱ ጀምሮ ብንቀንስ ደንበኞች ይጨምራሉ።,Suggestion,3,Suggestion_07,train
4749,ይህን ቁልፉን ከፖሊሱ መቀበል አልችልም።,Refusal,2,Refusal_03,train
4750,ፋብሪካው ስለ መጽሐፉ ማስጠንቀቂያ ከሁለት ቀናት በኋላ አውጥቷል።,Warning,4,Warning_08,train
4751,እባክህ ይቅርታ አድርግልኝ፣ ወደ ሱቅ ዛሬ ማታ መምጣት አልችልም።,Refusal,2,Refusal_01,test
4752,ስለ ካርታው ከደንበኛው ጋር ማሰብ ይኖርብናል።,Suggestion,3,Suggestion_03,train
4753,ቢያንስ አንዴ ጥያቄውን በትምህርት ቤት እንሞክር።,Suggestion,3,Suggestion_05,train
4754,አመሰግናለሁ ጓደኛዬ፣ ደህና ዋል በሱቅ።,Phatic,7,Phatic_08,train
4755,ሰነዱ በስብሰባ ክፍል ይገኛል።,Assertion,1,Assertion_00,test
4756,እባክዎ በሩን ለባልደረባዬ በዚህ ሳምንት ይላኩልኝ።,Request,0,Request_00,train
4757,ስለ መልእክቱ ጉዳይ ከሚኒስትሩ ጋር እንወያይ።,Suggestion,3,Suggestion_10,train
4758,ከፖሊሱ ጋር ከሰዓት በኋላ በትምህርት ቤት እገናኛለሁ።,Promise,8,Promise_04,val
4759,ጥያቄው ገና ወደ ባንክ ከምሽቱ ጀምሮ አልደረሰኝም።,Complaint,6,Complaint_07,train
4760,ባልደረባዬ፣ እንደምን አደርክ ከሶስት ሰዓት በኋላ?,Phatic,7,Phatic_01,train
4761,እባክህ ይቅርታ አድርግልኝ፣ ወደ ቤት በዚህ አመት መምጣት አልችልም።,Refusal,2,Refusal_01,test
4762,አስተማሪዋ ወደ ፋብሪካ ከምሽቱ ጀምሮ ሄደዋል።,Assertion,1,Assertion_07,train
4763,እባክዎ በሩን ለመሐንዲሱ በሳምንቱ መጨረሻ ይላኩልኝ።,Request,0,Request_00,train
4764,ደንበኛው፣ እንደምን አደርክ በሳምንቱ መጨረሻ?,Phatic,7,Phatic_01,train
4765,የትዕዛዙ ችግር ከዛሬ ጀምሮ ከደንበኛው ጋር እፈታለሁ።,Promise,8,Promise_11,train
4766,እንኳን ደስ አለህ ሹፌሩ፣ ስለ መኪናው እንደገና ተሳስተሃል።,Sarcasm/Irony,5,Sarcasm/Irony_13,train
4767,መስኮቱ ገና ወደ ትምህርት ቤት በስብሰባው ወቅት አልደረሰኝም።,Complaint,6,Complaint_07,train
4768,እባክዎ ፋይሉን ለሚኒስትሩ ከሶስት ሰዓት በኋላ ይላኩልኝ።,Request,0,Request_00,train
4769,ይህ ፕሮጀክቱ ከመንግስት ከተገለጸው ጋር አይመሳሰልም።,Complaint,6,Complaint_12,test
4770,አዎ በእርግጥ፣ ደንበኛው በስብሰባው ወቅት ትመጣለህ ብዬ አላምንም።,Sarcasm/Irony,5,Sarcasm/Irony_01,test
4771,ባልደረባዬ ወደ ትምህርት ቤት በዚህ ወር ሄደዋል።,Assertion,1,Assertion_07,train
4772,ወደ መንገድ ላይ ነገ እንሂድ።,Suggestion,3,Suggestion_01,test
4773,እባክህ ለመኪናው ይህን ዘዴ ከምሽቱ ጀምሮ ተጠቀም።,Suggestion,3,Suggestion_04,train
4774,ሪፖርቱ ገና ወደ ቢሮ ከሁለት ቀናት በኋላ አልደረሰኝም።,Complaint,6,Complaint_07,train
4775,አመሰግናለሁ ጋዜጠኛው፣ ደህና ዋል በፖሊስ ጣቢያ።,Phatic,7,Phatic_08,train
4776,መንግስት ስለ ደረሰኙ ማስጠንቀቂያ ነገ ከሰዓት በኋላ አውጥቷል።,Warning,4,Warning_08,train
4777,ይህን ምርቱን ከነጋዴው መቀበል አልችልም።,Refusal,2,Refusal_03,train
4778,እንዴት ጥሩ ነው ሹፌሩ፣ ከሶስት ሰዓት በኋላ ደግሞ ዘገየ።,Sarcasm/Irony,5,Sarcasm/Irony_10,val
4779,አለቃዬ ወደ ስብሰባ ክፍል ከዛሬ ጀምሮ ሄደዋል።,Assertion,1,Assertion_07,train
4780,እባክዎ ይቅርታ፣ ካርታውን በስብሰባው ወቅት ማቅረብ አልችልም።,Refusal,2,Refusal_09,train
4781,የምርቱ ችግር በዚህ ወር ከሹፌሩ ጋር እፈታለሁ።,Promise,8,Promise_11,train
4782,ይህን ልብሱን ከፖሊሱ መቀበል አልችልም።,Refusal,2,Refusal_03,train
4783,እባክዎ ደረሰኙን ለደንበኛው በዚህ ሳምንት ይላኩልኝ።,Request,0,Request_00,train
4784,ሪፖርቱን ለሚኒስትሩ በዚህ አመት አቀርባለሁ።,Promise,8,Promise_05,train
4785,መሐንዲሱ ወደ ስብሰባ ክፍል በሳምንቱ መጨረሻ ሄደዋል።,Assertion,1,Assertion_07,train
4786,ነጋዴው ወደ ሱቅ በሚቀጥለው አመት ሄደዋል።,Assertion,1,Assertion_07,train
4787,መሐንዲሱ ወደ ገበያ ነገ ሄደዋል።,Assertion,1,Assertion_07,train
4788,በጣም ጎበዝ ነው ኤጀንሲው፣ በፍርድ ቤት ደንበኞችን ችላ ይላል።,Sarcasm/Irony,5,Sarcasm/Irony_06,test
4789,በሩ ገና ወደ ሱቅ በሚቀጥለው ወር አልደረሰኝም።,Complaint,6,Complaint_07,train
4790,በስብሰባው ወቅት በስብሰባ ክፍል መገኘት አልችልም።,Refusal,2,Refusal_04,val
4791,አመሰግናለሁ ባልደረባዬ፣ ደህና ዋል በፋብሪካ።,Phatic,7,Phatic_08,train
4792,ሹፌሩ ወደ ቤት በሳምንቱ መጨረሻ ሄደዋል።,Assertion,1,Assertion_07,train
4793,መምህሩ ለቅሬታዬ ምላሽ ነገ አልሰጡም።,Complaint,6,Complaint_06,val
4794,እባክዎ ሪፖርቱን ለነጋዴው ነገ ይላኩልኝ።,Request,0,Request_00,train
4795,ቢያንስ አንዴ ቁልፉን በፖሊስ ጣቢያ እንሞክር።,Suggestion,3,Suggestion_05,train
4796,ጥያቄው ገና ወደ ትምህርት ቤት በሚቀጥለው ወር አልደረሰኝም።,Complaint,6,Complaint_07,train
4797,እሰይ፣ ሌላ ችግር በፋብሪካ ከዛሬ ጀምሮ፣ ልክ የሚያስፈልገን ይሄው ነበር።,Sarcasm/Irony,5,Sarcasm/Irony_07,train
4798,መሐንዲሱ፣ ቤተሰብ በሱቅ እንዴት ናቸው?,Phatic,7,Phatic_05,val
4799,እባክዎ ፋይሉን ለጋዜጠኛው በሚቀጥለው ወር ይላኩልኝ።,Request,0,Request_00,train
4800,ስልኩ ገና ወደ ቤት በሳምንቱ መጨረሻ አልደረሰኝም።,Complaint,6,Complaint_07,train
4801,ከባልደረባዬ ጋር ስለ ኮምፒዩተሩ ጉዳይ መስማማት አልችልም።,Refusal,2,Refusal_06,train
4802,ማዕከሉ ስለ ቦርሳው ማስጠንቀቂያ ነገ ጠዋት አውጥቷል።,Warning,4,Warning_08,train
4803,ወደ ፋብሪካ ዛሬ ማታ መሄድ አልችልም።,Refusal,2,Refusal_13,test
4804,ኮምፒዩተሩ ገና ወደ ከተማው ውስጥ ከምሽቱ ጀምሮ አልደረሰኝም።,Complaint,6,Complaint_07,train
4805,ቦርሳው በሱቅ ይገኛል።,Assertion,1,Assertion_00,test
4806,ምርቱን ከሰዓት በኋላ ብንሞክር ጥሩ ይሆናል።,Suggestion,3,Suggestion_00,train
4807,ጠበቃው ስብሰባውን በስብሰባው ወቅት መርተዋል።,Assertion,1,Assertion_03,val
4808,ከጥቂት ደቂቃዎች በኋላ በቢሮ መገኘት አልችልም።,Refusal,2,Refusal_04,val
4809,የካርታው ዋጋውን ነገ ከሰዓት በኋላ ብንቀንስ ደንበኞች ይጨምራሉ።,Suggestion,3,Suggestion_07,train
4810,ደህና ከጥቂት ደቂቃዎች በኋላ ይሁንልህ ጓደኛዬ።,Phatic,7,Phatic_02,train
4811,ስለ ካርታው ጉዳይ ከደንበኛው ጋር እንወያይ።,Suggestion,3,Suggestion_10,train
4812,ጤና ይስጥልኝ ጠበቃው፣ በዚህ ሳምንት ደህና ነህ?,Phatic,7,Phatic_12,train
4813,በጣም ውጤታማ ነው ኩባንያው፣ በዛሬ ማታ ምንም አልተሰራም።,Sarcasm/Irony,5,Sarcasm/Irony_14,val
4814,በጣም ደግ ነህ ባልደረባዬ፣ በቢሮ ምንም እርዳታ አልሰጠኸኝም።,Sarcasm/Irony,5,Sarcasm/Irony_12,train
4815,እባክዎ ሂሳቡን ለመምህሩ በዚህ ሳምንት ይላኩልኝ።,Request,0,Request_00,train
4816,የማሽኑ ችግር በዚህ ወር ከነጋዴው ጋር እፈታለሁ።,Promise,8,Promise_11,train
4817,መምህሩ ወደ ስብሰባ ክፍል በሳምንቱ መጨረሻ ሄደዋል።,Assertion,1,Assertion_07,train
4818,ስራው ከሶስት ሰዓት በኋላ ከስራ አስኪያጁ ጋር አልተጠናቀቀም።,Complaint,6,Complaint_03,test
4819,ደህና ሁን ጋዜጠኛው፣ እስከ ከምሽቱ ጀምሮ እንገናኝ።,Phatic,7,Phatic_13,train
4820,መሳሪያው ገና ወደ ፍርድ ቤት በሳምንቱ መጨረሻ አልደረሰኝም።,Complaint,6,Complaint_07,train
4821,ድርጅቱ ስለ ጥያቄው ማስጠንቀቂያ ከዛሬ ጀምሮ አውጥቷል።,Warning,4,Warning_08,train
4822,አስተማሪዋ ወደ መንገድ ላይ ዛሬ ሄደዋል።,Assertion,1,Assertion_07,train
4823,በጣም ጎበዝ ነው ባንኩ፣ በባንክ ደንበኞችን ችላ ይላል።,Sarcasm/Irony,5,Sarcasm/Irony_06,test
4824,እባክዎ ለጓደኛዬ ደብዳቤውን ያድርሱ።,Request,0,Request_14,test
4825,ስለ በሩ ከሹፌሩ ጋር ማሰብ ይኖርብናል።,Suggestion,3,Suggestion_03,train
4826,ድርጅቱ ስለ መጽሐፉ ማስጠንቀቂያ በዚህ ወር አውጥቷል።,Warning,4,Warning_08,train
4827,ሹፌሩ ወደ ገበያ ከሰዓት በኋላ ሄደዋል።,Assertion,1,Assertion_07,train
4828,እባክህ ለፋይሉ ይህን ዘዴ በስብሰባው ወቅት ተጠቀም።,Suggestion,3,Suggestion_04,train
4829,በመጋዘን በዚህ አመት ንጽህና ጎድሏል።,Complaint,6,Complaint_13,test
4830,እንዴት ጥሩ ነው አለቃዬ፣ በዚህ አመት ደግሞ ዘገየ።,Sarcasm/Irony,5,Sarcasm/Irony_10,val
4831,ስራ አስኪያጁ ስብሰባውን በስብሰባው ወቅት መርተዋል።,Assertion,1,Assertion_03,val
4832,ጓደኛዬ ወደ ፖሊስ ጣቢያ ከሰዓት በኋላ ሄደዋል።,Assertion,1,Assertion_07,train
4833,በሆስፒታል ከዛሬ ጀምሮ ወንጀል ሊፈጸም ይችላል ተጠንቀቁ።,Warning,4,Warning_11,train
4834,የስጦታው ዋጋውን ከአንድ ሰዓት በኋላ ብንቀንስ ደንበኞች ይጨምራሉ።,Suggestion,3,Suggestion_07,train
4835,ስለ ሪፖርቱ ጉዳይ ከጓደኛዬ ጋር እንወያይ።,Suggestion,3,Suggestion_10,train
4836,ውድቅ አደርገዋለሁ፣ መስኮቱ ስላልተመቸኝ።,Refusal,2,Refusal_08,val
4837,ከነጋዴው ጋር በሚቀጥለው ሳምንት በባንክ እገናኛለሁ።,Promise,8,Promise_04,val
4838,የጥያቄው ወጪውን በከተማው ውስጥ ብንቀንስ የተሻለ ነው።,Suggestion,3,Suggestion_13,train
4839,ከመሐንዲሱ ጋር ከሁለት ቀናት በኋላ በመንገድ ላይ እገናኛለሁ።,Promise,8,Promise_04,val
4840,ፖሊሱ ወደ መንገድ ላይ ከሶስት ሰዓት በኋላ ሄደዋል።,Assertion,1,Assertion_07,train
4841,ከጠበቃው ጋር በሚቀጥለው ወር በስብሰባ ክፍል እገናኛለሁ።,Promise,8,Promise_04,val
4842,ከጓደኛዬ ጋር በዚህ ሳምንት በሱቅ እገናኛለሁ።,Promise,8,Promise_04,val
4843,ከዛሬ ጀምሮ ወደ ገበያ እመጣለሁ።,Promise,8,Promise_00,train
4844,አስተማሪዋ ወደ ፍርድ ቤት ከሰዓት በኋላ ሄደዋል።,Assertion,1,Assertion_07,train
4845,እባክዎ ምርቱን ለሚኒስትሩ በስብሰባው ወቅት ይላኩልኝ።,Request,0,Request_00,train
4846,ፋይሉ ገና ወደ ፖሊስ ጣቢያ በሳምንቱ መጨረሻ አልደረሰኝም።,Complaint,6,Complaint_07,train
4847,ዶክተሩ፣ ስራ በሆስፒታል እንዴት ነው?,Phatic,7,Phatic_09,val
4848,ገንዘቡ ገና ወደ መጋዘን በሚቀጥለው ሳምንት አልደረሰኝም።,Complaint,6,Complaint_07,train
4849,ከሚኒስትሩ ጋር በሚቀጥለው ወር መነጋገር ይሻላል።,Suggestion,3,Suggestion_06,val
4850,አዎ በርግጥ፣ የኩባንያው እቅድ በበሚቀጥለው ወር በጭራሽ አይከሽፍም።,Sarcasm/Irony,5,Sarcasm/Irony_11,train
4851,ደህና ሁን መሐንዲሱ፣ እስከ ነገ እንገናኝ።,Phatic,7,Phatic_13,train
4852,ከመሐንዲሱ ጋር ስለ ካርታው ጉዳይ መስማማት አልችልም።,Refusal,2,Refusal_06,train
4853,በመንገድ ላይ ትንሽ እረፍት ዛሬ ማታ ብንወስድ ጥሩ ነው።,Suggestion,3,Suggestion_09,test
4854,ውሉ በፍርድ ቤት ይገኛል።,Assertion,1,Assertion_00,test
4855,የገንዘቡ ችግር በስብሰባው ወቅት ከዶክተሩ ጋር እፈታለሁ።,Promise,8,Promise_11,train
4856,ሚኒስትሩ ለቅሬታዬ ምላሽ ከሰዓት በኋላ አልሰጡም።,Complaint,6,Complaint_06,val
4857,እንዴት ደስ ይላል፣ ጠበቃው እንደገና ከሰዓት በኋላ ዘገዩ።,Sarcasm/Irony,5,Sarcasm/Irony_03,train
4858,ይህ ስጦታው ከሚኒስቴሩ ከተገለጸው ጋር አይመሳሰልም።,Complaint,6,Complaint_12,test
4859,ይህን ስራ ከባልደረባዬ ጋር አልቀበልም።,Refusal,2,Refusal_12,train
4860,ፋብሪካው ስለ ፋይሉ ማስጠንቀቂያ ከሁለት ቀናት በኋላ አውጥቷል።,Warning,4,Warning_08,train
4861,መሐንዲሱ ወደ ሆስፒታል ከሁለት ቀናት በኋላ ሄደዋል።,Assertion,1,Assertion_07,train
4862,እባክሽ መኪናውን ነገ አምጪልኝ።,Request,0,Request_09,test
4863,በድርጅቱ አዲስ ስልት ከሰዓት በኋላ እንተግብር።,Suggestion,3,Suggestion_14,test
4864,ጓደኛዬ፣ እንደምን አደርክ ዛሬ?,Phatic,7,Phatic_01,train
4865,ቦርሳው ገና ወደ ባንክ ከምሽቱ ጀምሮ አልደረሰኝም።,Complaint,6,Complaint_07,train
4866,እባክዎ ደረሰኙን ለመምህሩ ዛሬ ይላኩልኝ።,Request,0,Request_00,train
4867,የደብዳቤው ችግር ነገ ከባልደረባዬ ጋር እፈታለሁ።,Promise,8,Promise_11,train
4868,ስራ አስኪያጁ ወደ ፖሊስ ጣቢያ ከሁለት ቀናት በኋላ ሄደዋል።,Assertion,1,Assertion_07,train
4869,እርግጠኛ ነኝ ባልደረባዬ በዚህ ወር ይደርሳሉ፣ እንደ ሁልጊዜው።,Sarcasm/Irony,5,Sarcasm/Irony_05,test
4870,ስለ ፕሮጀክቱ ጉዳይ ከጓደኛዬ ጋር እንወያይ።,Suggestion,3,Suggestion_10,train
4871,እንኳን አደረሳችሁ ሹፌሩ፣ በመጋዘን።,Phatic,7,Phatic_14,test
4872,በመጋዘን ከሶስት ሰዓት በኋላ ወንጀል ሊፈጸም ይችላል ተጠንቀቁ።,Warning,4,Warning_11,train
4873,እባክህ ለሪፖርቱ ይህን ዘዴ በዚህ አመት ተጠቀም።,Suggestion,3,Suggestion_04,train
4874,ጥንቃቄ ያድርጉ፣ ከምሽቱ ጀምሮ ፋብሪካ ይንሸራተታል።,Warning,4,Warning_02,train
4875,እባክዎ ይቅርታ፣ ሪፖርቱን በዚህ ሳምንት ማቅረብ አልችልም።,Refusal,2,Refusal_09,train
4876,አስተማሪዋ ወደ ትምህርት ቤት ዛሬ ሄደዋል።,Assertion,1,Assertion_07,train
4877,ደንበኛው ወደ ፖሊስ ጣቢያ ከምሽቱ ጀምሮ ሄደዋል።,Assertion,1,Assertion_07,train
4878,እንኳን ደስ አለህ ደንበኛው፣ ስለ ትዕዛዙ እንደገና ተሳስተሃል።,Sarcasm/Irony,5,Sarcasm/Irony_13,train
4879,ደህና ሁን ነጋዴው፣ እስከ በዚህ ሳምንት እንገናኝ።,Phatic,7,Phatic_13,train
4880,ማዕከሉ ቃል የገባውን በዚህ አመት አላከበረም።,Complaint,6,Complaint_02,test
4881,እንደምን አለህ በፋብሪካ፣ ስራ አስኪያጁ?,Phatic,7,Phatic_11,val
4882,ስለ ኮምፒዩተሩ ከጓደኛዬ ጋር ማሰብ ይኖርብናል።,Suggestion,3,Suggestion_03,train
4883,የቡናው ዋጋ በትምህርት ቤት በጣም ውድ ነው።,Complaint,6,Complaint_05,val
4884,እባክህ ይቅርታ አድርግልኝ፣ ወደ ፋብሪካ በዚህ ሳምንት መምጣት አልችልም።,Refusal,2,Refusal_01,test
4885,ቁልፉ ገና ወደ ባንክ ነገ ጠዋት አልደረሰኝም።,Complaint,6,Complaint_07,train
4886,ምርቱ ገና ወደ ፖሊስ ጣቢያ ነገ ጠዋት አልደረሰኝም።,Complaint,6,Complaint_07,train
4887,የዕቃው ችግር ከአንድ ሰዓት በኋላ ከሹፌሩ ጋር እፈታለሁ።,Promise,8,Promise_11,train
4888,እባክዎ ልብሱን ለመምህሩ ከአንድ ሰዓት በኋላ ይላኩልኝ።,Request,0,Request_00,train
4889,እንኳን ደስ አለህ ደንበኛው፣ ስለ ቡናው እንደገና ተሳስተሃል።,Sarcasm/Irony,5,Sarcasm/Irony_13,train
4890,ከሚኒስትሩ ጋር ዛሬ በመንገድ ላይ እገናኛለሁ።,Promise,8,Promise_04,val
4891,ከፖሊሱ ጋር በሚቀጥለው ሳምንት በገበያ እገናኛለሁ።,Promise,8,Promise_04,val
4892,በፍርድ ቤት ትንሽ እረፍት ነገ ከሰዓት በኋላ ብንወስድ ጥሩ ነው።,Suggestion,3,Suggestion_09,test
4893,ጠበቃው፣ ጤና ይስጥልኝ በስብሰባ ክፍል።,Phatic,7,Phatic_03,train
4894,በዚህ ሳምንት በፋብሪካ መገኘት አልችልም።,Refusal,2,Refusal_04,val
4895,እባክዎ መጽሐፉን ለነጋዴው ዛሬ ማታ ይላኩልኝ።,Request,0,Request_00,train
4896,እንኳን ደስ አለህ ዶክተሩ በዚህ ሳምንት።,Phatic,7,Phatic_07,train
4897,ጎበዝ! በጣም ጥሩ ስራ ሰራህ ፖሊሱ፣ ጥያቄውን አበላሸኸው።,Sarcasm/Irony,5,Sarcasm/Irony_02,train
4898,ወደ ከተማው ውስጥ በሚቀጥለው ወር እንሂድ።,Suggestion,3,Suggestion_01,test
4899,ልብሱ በመጋዘን ይገኛል።,Assertion,1,Assertion_00,test
4900,እባክዎ ጥያቄውን ለመምህሩ ከጥቂት ደቂቃዎች በኋላ ይላኩልኝ።,Request,0,Request_00,train
4901,ስብሰባው ያለ ማስታወቂያ በዚህ ወር በአውሮፕላን ማረፊያ ተሰርዟል።,Complaint,6,Complaint_09,test
4902,እባክዎ ለጋዜጠኛው ሰነዱን ያድርሱ።,Request,0,Request_14,test
4903,የመልእክቱ ችግር በሚቀጥለው ወር ከሹፌሩ ጋር እፈታለሁ።,Promise,8,Promise_11,train
4904,ከዶክተሩ ጋር ከጥቂት ደቂቃዎች በኋላ በገበያ እገናኛለሁ።,Promise,8,Promise_04,val
4905,ጎበዝ ስራ ዶክተሩ፣ ትዕዛዙ ሙሉ በሙሉ ፈርሷል።,Sarcasm/Irony,5,Sarcasm/Irony_09,train
4906,ከመምህሩ ጋር ዛሬ በፍርድ ቤት እገናኛለሁ።,Promise,8,Promise_04,val
4907,ዛሬ ማታ በቤት መገኘት አልችልም።,Refusal,2,Refusal_04,val
4908,የመሳሪያው ችግር ከምሽቱ ጀምሮ ከጠበቃው ጋር እፈታለሁ።,Promise,8,Promise_11,train
4909,ሚኒስቴሩ ስለ ሰነዱ ማስጠንቀቂያ በስብሰባው ወቅት አውጥቷል።,Warning,4,Warning_08,train
4910,ጤና ይስጥልኝ አስተማሪዋ፣ በሳምንቱ መጨረሻ ደህና ነህ?,Phatic,7,Phatic_12,train
4911,ሹፌሩ ወደ ፖሊስ ጣቢያ በስብሰባው ወቅት ሄደዋል።,Assertion,1,Assertion_07,train
4912,መጽሐፉ ገና ወደ ገበያ በሳምንቱ መጨረሻ አልደረሰኝም።,Complaint,6,Complaint_07,train
4913,ይቅርታ፣ ልብሱን በስብሰባው ወቅት ማድረግ አልችልም።,Refusal,2,Refusal_00,train
4914,የሪፖርቱ ገመድ በአውሮፕላን ማረፊያ አደገኛ ነው ተጠንቀቁ።,Warning,4,Warning_07,train
4915,እባክዎ ሰነዱን በሳምንቱ መጨረሻ ይላኩልኝ።,Request,0,Request_13,val
4916,ይህን ዕቃውን ከአስተማሪዋ ጋር በጥንቃቄ ያዙ።,Warning,4,Warning_04,val
4917,አይ፣ ከባንኩ ጋር አልስማማም።,Refusal,2,Refusal_11,val
4918,መኪናው ገና ወደ ሱቅ ነገ ከሰዓት በኋላ አልደረሰኝም።,Complaint,6,Complaint_07,train
4919,ከመምህሩ ጋር ከምሽቱ ጀምሮ በአውሮፕላን ማረፊያ እገናኛለሁ።,Promise,8,Promise_04,val
4920,እባክዎ ወደ ባንክ በሚቀጥለው ሳምንት ይምጡልኝ።,Request,0,Request_03,test
4921,ደህና ሁን አስተማሪዋ፣ እስከ ነገ ጠዋት እንገናኝ።,Phatic,7,Phatic_13,train
4922,ውሉን ከአለቃዬ ጋር ሳያነቡ አይፈርሙ።,Warning,4,Warning_10,val
4923,አዎ በርግጥ፣ የመንግስት እቅድ በከሁለት ቀናት በኋላ በጭራሽ አይከሽፍም።,Sarcasm/Irony,5,Sarcasm/Irony_11,train
4924,የኮምፒዩተሩ ችግር በዚህ አመት ከፖሊሱ ጋር እፈታለሁ።,Promise,8,Promise_11,train
4925,እባክዎ ይቅርታ፣ መሳሪያውን ነገ ማቅረብ አልችልም።,Refusal,2,Refusal_09,train
4926,ጤና ይስጥልኝ ጓደኛዬ፣ በዚህ ሳምንት ደህና ነህ?,Phatic,7,Phatic_12,train
4927,ስለ ጥያቄው ጉዳይ ከፖሊሱ ጋር እንወያይ።,Suggestion,3,Suggestion_10,train
4928,ይቅርታ፣ ደረሰኙን ነገ ከሰዓት በኋላ ማድረግ አልችልም።,Refusal,2,Refusal_00,train
4929,ቡናው ገና ወደ ባንክ በዚህ ወር አልደረሰኝም።,Complaint,6,Complaint_07,train
4930,ማዕከሉ ስለ ካርታው ማስጠንቀቂያ ከሁለት ቀናት በኋላ አውጥቷል።,Warning,4,Warning_08,train
4931,እርግጠኛ ነኝ ባልደረባዬ ዛሬ ይደርሳሉ፣ እንደ ሁልጊዜው።,Sarcasm/Irony,5,Sarcasm/Irony_05,test
4932,ጎበዝ! በጣም ጥሩ ስራ ሰራህ ባልደረባዬ፣ መልእክቱን አበላሸኸው።,Sarcasm/Irony,5,Sarcasm/Irony_02,train
4933,ቦርሳው ገና ወደ ትምህርት ቤት ነገ ከሰዓት በኋላ አልደረሰኝም።,Complaint,6,Complaint_07,train
4934,ሚኒስትሩ ወደ ቤት ዛሬ ሄደዋል።,Assertion,1,Assertion_07,train
4935,ጠበቃው ወደ መጋዘን ነገ ሄደዋል።,Assertion,1,Assertion_07,train
4936,ባልደረባዬ ወደ ፍርድ ቤት ከሰዓት በኋላ ሄደዋል።,Assertion,1,Assertion_07,train
4937,ደህና ሁን መሐንዲሱ፣ እስከ ከሶስት ሰዓት በኋላ እንገናኝ።,Phatic,7,Phatic_13,train
4938,ጎበዝ ስራ ባልደረባዬ፣ ውሃው ሙሉ በሙሉ ፈርሷል።,Sarcasm/Irony,5,Sarcasm/Irony_09,train
4939,እባክዎ መኪናውን ለነጋዴው ነገ ይላኩልኝ።,Request,0,Request_00,train
4940,ከጋዜጠኛው ጋር ስለ መልእክቱ ጉዳይ መስማማት አልችልም።,Refusal,2,Refusal_06,train
4941,እባክዎ ስልኩን ለጋዜጠኛው በሚቀጥለው አመት ይላኩልኝ።,Request,0,Request_00,train
4942,ይህን ትዕዛዙን ከዶክተሩ መቀበል አልችልም።,Refusal,2,Refusal_03,train
4943,መንግስት ስለ ጥያቄው ማስጠንቀቂያ ነገ ከሰዓት በኋላ አውጥቷል።,Warning,4,Warning_08,train
4944,ስራ አስኪያጁ ወደ ፖሊስ ጣቢያ ነገ ከሰዓት በኋላ ሄደዋል።,Assertion,1,Assertion_07,train
4945,እንዴት ጎበዝ ነህ አስተማሪዋ፣ ገንዘቡን ሰብረኸዋል!,Sarcasm/Irony,5,Sarcasm/Irony_00,train
4946,በመጋዘን በስብሰባው ወቅት ንጽህና ጎድሏል።,Complaint,6,Complaint_13,test
4947,እባክዎ ልብሱን ለጋዜጠኛው ዛሬ ማታ ይላኩልኝ።,Request,0,Request_00,train
4948,ወደ ሱቅ ከሰዓት በኋላ ብቻዎን አይሂዱ።,Warning,4,Warning_06,test
4949,ደህና ከምሽቱ ጀምሮ ይሁንልህ ደንበኛው።,Phatic,7,Phatic_02,train
4950,ደንበኛው፣ ቤተሰብ በመጋዘን እንዴት ናቸው?,Phatic,7,Phatic_05,val
4951,ጎበዝ ስራ መምህሩ፣ ውሉ ሙሉ በሙሉ ፈርሷል።,Sarcasm/Irony,5,Sarcasm/Irony_09,train
4952,እንኳን ወደ መጋዘን ደህና መጣህ ጓደኛዬ።,Phatic,7,Phatic_04,test
4953,ሚኒስትሩ ወደ ፖሊስ ጣቢያ ነገ ሄደዋል።,Assertion,1,Assertion_07,train
4954,ስለ መስኮቱ ጉዳይ ከጓደኛዬ ጋር እንወያይ።,Suggestion,3,Suggestion_10,train
4955,ከዶክተሩ ጋር ስለ ደረሰኙ ጉዳይ መስማማት አልችልም።,Refusal,2,Refusal_06,train
4956,አስተማሪዋ ወደ ባንክ ከሶስት ሰዓት በኋላ ሄደዋል።,Assertion,1,Assertion_07,train
4957,ቢሮ በሳምንቱ መጨረሻ ተከፍቷል።,Assertion,1,Assertion_14,train
4958,ውሃው በፖሊስ ጣቢያ ይገኛል።,Assertion,1,Assertion_00,test
4959,እባክዎ ይቅርታ፣ መልእክቱን ከአንድ ሰዓት በኋላ ማቅረብ አልችልም።,Refusal,2,Refusal_09,train
4960,ከጠበቃው ጋር ስለ መኪናው ጉዳይ መስማማት አልችልም።,Refusal,2,Refusal_06,train
4961,ደህና እደር ሚኒስትሩ፣ በዚህ አመት እንገናኝ።,Phatic,7,Phatic_06,train
4962,በጣም ጎበዝ ነው ማህበሩ፣ በባንክ ደንበኞችን ችላ ይላል።,Sarcasm/Irony,5,Sarcasm/Irony_06,test
4963,ደህና ሁን ባልደረባዬ፣ እስከ ከዛሬ ጀምሮ እንገናኝ።,Phatic,7,Phatic_13,train
4964,ወደ ሆስፒታል ነገ መሄድ አልችልም።,Refusal,2,Refusal_13,test
4965,ዶክተሩ፣ ስራ በትምህርት ቤት እንዴት ነው?,Phatic,7,Phatic_09,val
4966,እባክዎ ደረሰኙን በሚቀጥለው ሳምንት ይላኩልኝ።,Request,0,Request_13,val
4967,መንግስት ስለ መልእክቱ ማስጠንቀቂያ ዛሬ አውጥቷል።,Warning,4,Warning_08,train
4968,በጣም ውጤታማ ነው ማህበሩ፣ በበዚህ ወር ምንም አልተሰራም።,Sarcasm/Irony,5,Sarcasm/Irony_14,val
4969,እባክዎ መልእክቱን ለፖሊሱ ነገ ከሰዓት በኋላ ይላኩልኝ።,Request,0,Request_00,train
4970,ጥያቄው ገና ወደ ቤት ነገ ጠዋት አልደረሰኝም።,Complaint,6,Complaint_07,train
4971,ይቅርታ፣ ቡናውን በሚቀጥለው ወር ማድረግ አልችልም።,Refusal,2,Refusal_00,train
4972,የልብሱ ችግር ከአንድ ሰዓት በኋላ ከዶክተሩ ጋር እፈታለሁ።,Promise,8,Promise_11,train
4973,እባክዎ ውሃውን ለመምህሩ በሚቀጥለው አመት ይላኩልኝ።,Request,0,Request_00,train
4974,አዎ በእርግጥ፣ ጓደኛዬ ከዛሬ ጀምሮ ትመጣለህ ብዬ አላምንም።,Sarcasm/Irony,5,Sarcasm/Irony_01,test
4975,ባልደረባዬ ወደ ሆስፒታል በዚህ አመት ሄደዋል።,Assertion,1,Assertion_07,train
4976,በሳምንቱ መጨረሻ ወደ ገበያ እመጣለሁ።,Promise,8,Promise_00,train
4977,እርግጠኛ ነኝ ፖሊሱ በስብሰባው ወቅት ይደርሳሉ፣ እንደ ሁልጊዜው።,Sarcasm/Irony,5,Sarcasm/Irony_05,test
4978,እባክህ ይቅርታ አድርግልኝ፣ ወደ ስብሰባ ክፍል ዛሬ መምጣት አልችልም።,Refusal,2,Refusal_01,test
4979,እባክዎ ይቅርታ፣ ውሉን በዚህ አመት ማቅረብ አልችልም።,Refusal,2,Refusal_09,train
4980,የሂሳቡ ችግር ከምሽቱ ጀምሮ ከፖሊሱ ጋር እፈታለሁ።,Promise,8,Promise_11,train
4981,እባክዎ ፕሮጀክቱን ለባልደረባዬ ከምሽቱ ጀምሮ ይላኩልኝ።,Request,0,Request_00,train
4982,ገንዘቡ ገና ወደ ገበያ በዚህ ሳምንት አልደረሰኝም።,Complaint,6,Complaint_07,train
4983,ይቅርታ፣ ገንዘቡን በሚቀጥለው ወር ማድረግ አልችልም።,Refusal,2,Refusal_00,train
4984,ቤቱ ገና ወደ ትምህርት ቤት ከሁለት ቀናት በኋላ አልደረሰኝም።,Complaint,6,Complaint_07,train
4985,እባክዎ መልእክቱን ለመሐንዲሱ በሳምንቱ መጨረሻ ይላኩልኝ።,Request,0,Request_00,train
4986,እባክዎ ይቅርታ፣ ማሽኑን ከአንድ ሰዓት በኋላ ማቅረብ አልችልም።,Refusal,2,Refusal_09,train
4987,የሰነዱ ዋጋውን በሚቀጥለው አመት ብንቀንስ ደንበኞች ይጨምራሉ።,Suggestion,3,Suggestion_07,train
4988,ደህና ሁን ጋዜጠኛው፣ እስከ ከጥቂት ደቂቃዎች በኋላ እንገናኝ።,Phatic,7,Phatic_13,train
4989,እቅዱን ዛሬ ማታ ከማህበሩ ጋር እናሻሽል።,Suggestion,3,Suggestion_12,train
4990,የቁልፉ ችግር በስብሰባው ወቅት ከደንበኛው ጋር እፈታለሁ።,Promise,8,Promise_11,train
4991,እባክዎ በሩን ለደንበኛው በሚቀጥለው ወር ይላኩልኝ።,Request,0,Request_00,train
4992,የማሽኑ ችግር ከዛሬ ጀምሮ ከፖሊሱ ጋር እፈታለሁ።,Promise,8,Promise_11,train
4993,ስለ ቤቱ ጉዳይ ከሹፌሩ ጋር እንወያይ።,Suggestion,3,Suggestion_10,train
4994,በጣም ብልህ ነህ ሹፌሩ፣ ደብዳቤውን ረሳኸው።,Sarcasm/Irony,5,Sarcasm/Irony_04,train
4995,እንኳን አደረሳችሁ ስራ አስኪያጁ፣ በባንክ።,Phatic,7,Phatic_14,test
4996,እባክዎ ካርታውን ለዶክተሩ በዚህ አመት ይላኩልኝ።,Request,0,Request_00,train
4997,መሐንዲሱ፣ ጤና ይስጥልኝ በፍርድ ቤት።,Phatic,7,Phatic_03,train
4998,ነገ ጠዋት በቤት ስብሰባ እናድርግ።,Suggestion,3,Suggestion_02,train
4999,እባክህ ይቅርታ አድርግልኝ፣ ወደ መጋዘን ዛሬ መምጣት አልችልም።,Refusal,2,Refusal_01,test
5000,እባክዎ መኪናውን ለነጋዴው ከሶስት ሰዓት በኋላ ይላኩልኝ።,Request,0,Request_00,train
5001,መጽሐፉ ገና ወደ ፍርድ ቤት ከሶስት ሰዓት በኋላ አልደረሰኝም።,Complaint,6,Complaint_07,train
5002,አመሰግናለሁ ሚኒስትሩ፣ ደህና ዋል በመጋዘን።,Phatic,7,Phatic_08,train
5003,እባክዎ ይቅርታ፣ ማሽኑን በሚቀጥለው ወር ማቅረብ አልችልም።,Refusal,2,Refusal_09,train
5004,እባክዎ ይቅርታ፣ ኮምፒዩተሩን በዚህ ሳምንት ማቅረብ አልችልም።,Refusal,2,Refusal_09,train
5005,ነጋዴው ወደ ሆስፒታል በስብሰባው ወቅት ሄደዋል።,Assertion,1,Assertion_07,train
5006,የገንዘቡ ችግር ዛሬ ከጋዜጠኛው ጋር እፈታለሁ።,Promise,8,Promise_11,train
5007,ነጋዴው፣ ቤተሰብ በባንክ እንዴት ናቸው?,Phatic,7,Phatic_05,val
5008,ሹፌሩ ወደ ቢሮ በዚህ ወር ሄደዋል።,Assertion,1,Assertion_07,train
5009,ደብዳቤው ገና ወደ መንገድ ላይ ከሁለት ቀናት በኋላ አልደረሰኝም።,Complaint,6,Complaint_07,train
5010,መሐንዲሱ ወደ ስብሰባ ክፍል በሚቀጥለው ሳምንት ሄደዋል።,Assertion,1,Assertion_07,train
5011,እባክዎ ይቅርታ፣ በሩን ነገ ከሰዓት በኋላ ማቅረብ አልችልም።,Refusal,2,Refusal_09,train
5012,እባክዎ ይቅርታ፣ ሰነዱን በዚህ ወር ማቅረብ አልችልም።,Refusal,2,Refusal_09,train
5013,ሚኒስትሩ ወደ ፍርድ ቤት ከጥቂት ደቂቃዎች በኋላ ሄደዋል።,Assertion,1,Assertion_07,train
5014,ጠበቃው ወደ ቢሮ ነገ ጠዋት ሄደዋል።,Assertion,1,Assertion_07,train
5015,በሩን ከአንድ ሰዓት በኋላ ብንሞክር ጥሩ ይሆናል።,Suggestion,3,Suggestion_00,train
5016,እባክዎ ሰነዱን ለዶክተሩ ነገ ከሰዓት በኋላ ይላኩልኝ።,Request,0,Request_00,train
5017,የምርቱ ችግር ዛሬ ከደንበኛው ጋር እፈታለሁ።,Promise,8,Promise_11,train
5018,ቁልፉ ገና ወደ ፍርድ ቤት በዚህ ሳምንት አልደረሰኝም።,Complaint,6,Complaint_07,train
5019,መሐንዲሱ ወደ ፖሊስ ጣቢያ በሳምንቱ መጨረሻ ሄደዋል።,Assertion,1,Assertion_07,train
5020,አስተማሪዋ ወደ ከተማው ውስጥ ከሶስት ሰዓት በኋላ ሄደዋል።,Assertion,1,Assertion_07,train
5021,ከሹፌሩ ጋር ከአንድ ሰዓት በኋላ በባንክ እገናኛለሁ።,Promise,8,Promise_04,val
5022,እባክዎ ማሽኑን ለደንበኛው ነገ ከሰዓት በኋላ ይላኩልኝ።,Request,0,Request_00,train
5023,እባክህ ይቅርታ አድርግልኝ፣ ወደ ባንክ ከሁለት ቀናት በኋላ መምጣት አልችልም።,Refusal,2,Refusal_01,test
5024,እባክዎ መሳሪያውን ለጓደኛዬ ከሶስት ሰዓት በኋላ ይላኩልኝ።,Request,0,Request_00,train
5025,እባክዎ መጽሐፉን ለጋዜጠኛው ነገ ጠዋት ይላኩልኝ።,Request,0,Request_00,train
5026,እባክዎ ማሽኑን ለጠበቃው ከሁለት ቀናት በኋላ ይላኩልኝ።,Request,0,Request_00,train
5027,ደህና እደር ነጋዴው፣ ዛሬ እንገናኝ።,Phatic,7,Phatic_06,train
5028,በሚቀጥለው አመት በሆስፒታል መገኘት አልችልም።,Refusal,2,Refusal_04,val
5029,ቡናውን በጥንቃቄ ከአስተማሪዋ ጋር ብንመረምር ይሻላል።,Suggestion,3,Suggestion_11,val
5030,ዛሬ ማታ በስብሰባ ክፍል መገኘት አልችልም።,Refusal,2,Refusal_04,val
5031,በጣም ውጤታማ ነው ኤጀንሲው፣ በበዚህ አመት ምንም አልተሰራም።,Sarcasm/Irony,5,Sarcasm/Irony_14,val
5032,ወደ አውሮፕላን ማረፊያ ከሁለት ቀናት በኋላ እንሂድ።,Suggestion,3,Suggestion_01,test
5033,ይቅርታ፣ ደብዳቤውን ከአንድ ሰዓት በኋላ ማድረግ አልችልም።,Refusal,2,Refusal_00,train
5034,ይቅርታ፣ ሂሳቡን ዛሬ ማድረግ አልችልም።,Refusal,2,Refusal_00,train
5035,በዚህ ሳምንት በስብሰባ ክፍል ከባድ ዝናብ ሊዘንብ ይችላል ተጠንቀቁ።,Warning,4,Warning_03,test
5036,ቤቱ በገበያ ይገኛል።,Assertion,1,Assertion_00,test
5037,መምህሩ ወደ ሱቅ ዛሬ ሄደዋል።,Assertion,1,Assertion_07,train
5038,የስጦታው ችግር በሚቀጥለው አመት ከደንበኛው ጋር እፈታለሁ።,Promise,8,Promise_11,train
5039,የስራ አስኪያጁ ጥያቄ ውድቅ አደርጋለሁ።,Refusal,2,Refusal_02,val
5040,የዕቃው ችግር ነገ ከሰዓት በኋላ ከሹፌሩ ጋር እፈታለሁ።,Promise,8,Promise_11,train
5041,አለቃዬ ወደ ከተማው ውስጥ ከሁለት ቀናት በኋላ ሄደዋል።,Assertion,1,Assertion_07,train
5042,ወደ ትምህርት ቤት በሚቀጥለው ሳምንት መሄድ አልችልም።,Refusal,2,Refusal_13,test
5043,እንኳን አደረሳችሁ ስራ አስኪያጁ፣ በሱቅ።,Phatic,7,Phatic_14,test
5044,ከሹፌሩ ጋር ስለ ውሉ ጉዳይ መስማማት አልችልም።,Refusal,2,Refusal_06,train
5045,መሐንዲሱ ወደ ፍርድ ቤት በሳምንቱ መጨረሻ ሄደዋል።,Assertion,1,Assertion_07,train
5046,ሚኒስቴሩ ስለ ውሃው ማስጠንቀቂያ ከዛሬ ጀምሮ አውጥቷል።,Warning,4,Warning_08,train
5047,ኩባንያው ስለ መጽሐፉ ማስጠንቀቂያ ከአንድ ሰዓት በኋላ አውጥቷል።,Warning,4,Warning_08,train
5048,ቢያንስ አንዴ ሰነዱን በአውሮፕላን ማረፊያ እንሞክር።,Suggestion,3,Suggestion_05,train
5049,በባንክ በዚህ አመት ንጽህና ጎድሏል።,Complaint,6,Complaint_13,test
5050,ከአለቃዬ ጋር በሳምንቱ መጨረሻ በአውሮፕላን ማረፊያ እገናኛለሁ።,Promise,8,Promise_04,val
5051,ጎበዝ ስራ ባልደረባዬ፣ ስጦታው ሙሉ በሙሉ ፈርሷል።,Sarcasm/Irony,5,Sarcasm/Irony_09,train
5052,እባክዎ መጽሐፉን ለአለቃዬ በሚቀጥለው ወር ይላኩልኝ።,Request,0,Request_00,train
5053,ፕሮጀክቱ በሳምንቱ መጨረሻ ይጀምራል።,Assertion,1,Assertion_10,test
5054,ፕሮጀክቱ ገና ወደ ባንክ ከጥቂት ደቂቃዎች በኋላ አልደረሰኝም።,Complaint,6,Complaint_07,train
5055,ጎበዝ! በጣም ጥሩ ስራ ሰራህ ሚኒስትሩ፣ ደብዳቤውን አበላሸኸው።,Sarcasm/Irony,5,Sarcasm/Irony_02,train
5056,እባክዎ ይቅርታ፣ በሩን ከሁለት ቀናት በኋላ ማቅረብ አልችልም።,Refusal,2,Refusal_09,train
5057,ይቅርታ፣ ደብዳቤውን ዛሬ ማድረግ አልችልም።,Refusal,2,Refusal_00,train
5058,ደህና ከሶስት ሰዓት በኋላ ይሁንልህ ጓደኛዬ።,Phatic,7,Phatic_02,train
5059,ነጋዴው ወደ ገበያ ነገ ከሰዓት በኋላ ሄደዋል።,Assertion,1,Assertion_07,train
5060,የደረሰኙ ችግር ከአንድ ሰዓት በኋላ ከጋዜጠኛው ጋር እፈታለሁ።,Promise,8,Promise_11,train
5061,የመጽሐፉ ዋጋውን ከአንድ ሰዓት በኋላ ብንቀንስ ደንበኞች ይጨምራሉ።,Suggestion,3,Suggestion_07,train
5062,እንዴት ደስ ይላል፣ ጋዜጠኛው እንደገና በስብሰባው ወቅት ዘገዩ።,Sarcasm/Irony,5,Sarcasm/Irony_03,train
5063,በቢሮ ነገ ከሰዓት በኋላ ወንጀል ሊፈጸም ይችላል ተጠንቀቁ።,Warning,4,Warning_11,train
5064,መሐንዲሱ ወደ ፖሊስ ጣቢያ ከጥቂት ደቂቃዎች በኋላ ሄደዋል።,Assertion,1,Assertion_07,train
5065,እባክዎ ጥያቄውን ለጠበቃው በሚቀጥለው ወር ይላኩልኝ።,Request,0,Request_00,train
5066,እንኳን አደረሳችሁ ጠበቃው፣ በሆስፒታል።,Phatic,7,Phatic_14,test
5067,እባክዎ ደረሰኙን ለባልደረባዬ በዚህ አመት ይላኩልኝ።,Request,0,Request_00,train
5068,መኪናው ገና ወደ ከተማው ውስጥ ከአንድ ሰዓት በኋላ አልደረሰኝም።,Complaint,6,Complaint_07,train
5069,ስብሰባው ያለ ማስታወቂያ ከዛሬ ጀምሮ በፖሊስ ጣቢያ ተሰርዟል።,Complaint,6,Complaint_09,test
5070,ቤቱ ገና ወደ ከተማው ውስጥ ከሰዓት በኋላ አልደረሰኝም።,Complaint,6,Complaint_07,train
5071,እባክዎ በሩን ለነጋዴው ከሰዓት በኋላ ይላኩልኝ።,Request,0,Request_00,train
5072,እባክዎ ትዕዛዙን ለሹፌሩ በሚቀጥለው ወር ይላኩልኝ።,Request,0,Request_00,train
5073,አመሰግናለሁ ፖሊሱ፣ ደህና ዋል በመጋዘን።,Phatic,7,Phatic_08,train
5074,እባክህ ይቅርታ አድርግልኝ፣ ወደ ባንክ ነገ ከሰዓት በኋላ መምጣት አልችልም።,Refusal,2,Refusal_01,test
5075,የቤቱ ችግር በዚህ ሳምንት ከስራ አስኪያጁ ጋር እፈታለሁ።,Promise,8,Promise_11,train
5076,ሂሳቡ ገና ወደ ሆስፒታል ከምሽቱ ጀምሮ አልደረሰኝም።,Complaint,6,Complaint_07,train
5077,ሪፖርቱ ገና ወደ ቤት ዛሬ ማታ አልደረሰኝም።,Complaint,6,Complaint_07,train
5078,ደህና እደር አለቃዬ፣ ዛሬ ማታ እንገናኝ።,Phatic,7,Phatic_06,train
5079,ድርጅቱ ስለ ቤቱ ማስጠንቀቂያ ከዛሬ ጀምሮ አውጥቷል።,Warning,4,Warning_08,train
5080,በዚህ አመት በገበያ ከባድ ዝናብ ሊዘንብ ይችላል ተጠንቀቁ።,Warning,4,Warning_03,test
5081,ኩባንያው ስለ ኮምፒዩተሩ ማስጠንቀቂያ ዛሬ ማታ አውጥቷል።,Warning,4,Warning_08,train
5082,መልእክቱ ገና ወደ ቢሮ ከሁለት ቀናት በኋላ አልደረሰኝም።,Complaint,6,Complaint_07,train
5083,እባክዎ ይቅርታ፣ ሰነዱን ዛሬ ማቅረብ አልችልም።,Refusal,2,Refusal_09,train
5084,የመሳሪያው ዋጋ ከሰዓት በኋላ ጨምሯል።,Assertion,1,Assertion_12,val
5085,የመንግስት አገልግሎት በፖሊስ ጣቢያ በጣም ደካማ ነው።,Complaint,6,Complaint_01,test
5086,ደረሰኙ ገና ወደ ስብሰባ ክፍል ከሶስት ሰዓት በኋላ አልደረሰኝም።,Complaint,6,Complaint_07,train
5087,እባክዎ ፋይሉን ለዶክተሩ ዛሬ ይላኩልኝ።,Request,0,Request_00,train
5088,ጋዜጠኛው፣ ስራ በፋብሪካ እንዴት ነው?,Phatic,7,Phatic_09,val
5089,እባክህ ለደብዳቤው ይህን ዘዴ ከሶስት ሰዓት በኋላ ተጠቀም።,Suggestion,3,Suggestion_04,train
5090,ፕሮጀክቱን ነገ ከሰዓት በኋላ ከአለቃዬ ጋር ብንጀምር ይሻላል።,Suggestion,3,Suggestion_08,val
5091,የስጦታው ችግር በሚቀጥለው ሳምንት ከስራ አስኪያጁ ጋር እፈታለሁ።,Promise,8,Promise_11,train
5092,እባክዎ ልብሱን ለሹፌሩ ነገ ይላኩልኝ።,Request,0,Request_00,train
5093,ከጠበቃው ጋር ስለ ሂሳቡ ጉዳይ መስማማት አልችልም።,Refusal,2,Refusal_06,train
5094,ሂሳቡን ነገ ከሰዓት በኋላ ብንሞክር ጥሩ ይሆናል።,Suggestion,3,Suggestion_00,train
5095,ደረሰኙ ገና ወደ ባንክ ዛሬ አልደረሰኝም።,Complaint,6,Complaint_07,train
5096,ይህን ስልኩን ከአስተማሪዋ ጋር በጥንቃቄ ያዙ።,Warning,4,Warning_04,val
5097,እንኳን ደስ አለህ ነጋዴው ከሶስት ሰዓት በኋላ።,Phatic,7,Phatic_07,train
5098,ሚኒስቴሩ ስለ ምርቱ ማስጠንቀቂያ ከምሽቱ ጀምሮ አውጥቷል።,Warning,4,Warning_08,train
5099,እባክሽ ማሽኑን ነገ አምጪልኝ።,Request,0,Request_09,test
5100,አስተማሪዋ ወደ ቢሮ በሚቀጥለው ወር ሄደዋል።,Assertion,1,Assertion_07,train
5101,ካርታው ገና ወደ ባንክ በስብሰባው ወቅት አልደረሰኝም።,Complaint,6,Complaint_07,train
5102,እባክዎ ይቅርታ፣ ስልኩን ከሶስት ሰዓት በኋላ ማቅረብ አልችልም።,Refusal,2,Refusal_09,train
5103,ስቱዲዮው ስለ ጥያቄው ማስጠንቀቂያ ከሶስት ሰዓት በኋላ አውጥቷል።,Warning,4,Warning_08,train
5104,መጽሐፉን በዚህ ወር ብንሞክር ጥሩ ይሆናል።,Suggestion,3,Suggestion_00,train
5105,የውሃው ዋጋውን በዚህ ወር ብንቀንስ ደንበኞች ይጨምራሉ።,Suggestion,3,Suggestion_07,train
5106,ወደ ሱቅ በዚህ ሳምንት ብቻዎን አይሂዱ።,Warning,4,Warning_06,test
5107,ጎበዝ! በጣም ጥሩ ስራ ሰራህ ስራ አስኪያጁ፣ ቁልፉን አበላሸኸው።,Sarcasm/Irony,5,Sarcasm/Irony_02,train
5108,እንኳን ወደ አውሮፕላን ማረፊያ ደህና መጣህ ሚኒስትሩ።,Phatic,7,Phatic_04,test
5109,እባክዎ ማሽኑን ለመምህሩ በስብሰባው ወቅት ይላኩልኝ።,Request,0,Request_00,train
5110,የውሉ ዋጋ በባንክ በጣም ውድ ነው።,Complaint,6,Complaint_05,val
5111,የመጽሐፉ ችግር በዚህ ሳምንት ከጠበቃው ጋር እፈታለሁ።,Promise,8,Promise_11,train
5112,ቡናው ገና ወደ ስብሰባ ክፍል ከሁለት ቀናት በኋላ አልደረሰኝም።,Complaint,6,Complaint_07,train
5113,እንኳን አደረሳችሁ ደንበኛው፣ በባንክ።,Phatic,7,Phatic_14,test
5114,ደንበኛው ወደ ፍርድ ቤት በዚህ ሳምንት ሄደዋል።,Assertion,1,Assertion_07,train
5115,እባክዎ በሩን በዚህ ወር ይላኩልኝ።,Request,0,Request_13,val
5116,እባክዎ ቡናውን ለሹፌሩ ነገ ይላኩልኝ።,Request,0,Request_00,train
5117,ከስራ አስኪያጁ ጋር ስለ ውሃው ጉዳይ መስማማት አልችልም።,Refusal,2,Refusal_06,train
5118,የውሉ ዋጋውን ዛሬ ማታ ብንቀንስ ደንበኞች ይጨምራሉ።,Suggestion,3,Suggestion_07,train
5119,የልብሱ ዋጋ በዚህ ወር ጨምሯል።,Assertion,1,Assertion_12,val
5120,እባክዎ ይቅርታ፣ ካርታውን ዛሬ ማታ ማቅረብ አልችልም።,Refusal,2,Refusal_09,train
5121,እቅዱን ዛሬ ከማህበሩ ጋር እናሻሽል።,Suggestion,3,Suggestion_12,train
5122,ከተማው ውስጥ ከጥቂት ደቂቃዎች በኋላ ተከፍቷል።,Assertion,1,Assertion_14,train
5123,በጣም ብልህ ነህ ደንበኛው፣ ገንዘቡን ረሳኸው።,Sarcasm/Irony,5,Sarcasm/Irony_04,train
5124,ስብሰባው ያለ ማስታወቂያ ዛሬ ማታ በቢሮ ተሰርዟል።,Complaint,6,Complaint_09,test
5125,የልብሱ ችግር በሚቀጥለው አመት ከስራ አስኪያጁ ጋር እፈታለሁ።,Promise,8,Promise_11,train
5126,እባክዎ ፕሮጀክቱን ለሹፌሩ ዛሬ ማታ ይላኩልኝ።,Request,0,Request_00,train
5127,ዶክተሩ ወደ አውሮፕላን ማረፊያ ዛሬ ሄደዋል።,Assertion,1,Assertion_07,train
5128,ፋብሪካው ስለ ልብሱ ማስጠንቀቂያ ከዛሬ ጀምሮ አውጥቷል።,Warning,4,Warning_08,train
5129,በጣም ብልህ ነህ መሐንዲሱ፣ መኪናውን ረሳኸው።,Sarcasm/Irony,5,Sarcasm/Irony_04,train
5130,ያልተፈቀደ ግቢ ወደ መጋዘን ዛሬ አይግቡ።,Warning,4,Warning_09,test
5131,የገንዘቡ ችግር በዚህ አመት ከፖሊሱ ጋር እፈታለሁ።,Promise,8,Promise_11,train
5132,ይህን ሪፖርቱን ከአለቃዬ መቀበል አልችልም።,Refusal,2,Refusal_03,train
5133,እባክዎ በሩን ለነጋዴው ከሶስት ሰዓት በኋላ ይላኩልኝ።,Request,0,Request_00,train
5134,መሐንዲሱ ወደ ቢሮ ነገ ጠዋት ሄደዋል።,Assertion,1,Assertion_07,train
5135,ስራ አስኪያጁ ወደ ቤት ነገ ሄደዋል።,Assertion,1,Assertion_07,train
5136,በሩን በጥንቃቄ ለሹፌሩ እይዛለሁ።,Promise,8,Promise_07,train
5137,ደህና እደር አስተማሪዋ፣ ዛሬ እንገናኝ።,Phatic,7,Phatic_06,train
5138,እንዴት ጎበዝ ነህ ጠበቃው፣ ቤቱን ሰብረኸዋል!,Sarcasm/Irony,5,Sarcasm/Irony_00,train
5139,እንኳን አደረሳችሁ ጋዜጠኛው፣ በፖሊስ ጣቢያ።,Phatic,7,Phatic_14,test
5140,ትዕዛዙ በሱቅ ይገኛል።,Assertion,1,Assertion_00,test
5141,በጣም ውጤታማ ነው ባንኩ፣ በነገ ምንም አልተሰራም።,Sarcasm/Irony,5,Sarcasm/Irony_14,val
5142,በጣም ብልህ ነህ ሹፌሩ፣ ኮምፒዩተሩን ረሳኸው።,Sarcasm/Irony,5,Sarcasm/Irony_04,train
5143,ይቅርታ፣ ቤቱን በሳምንቱ መጨረሻ ማድረግ አልችልም።,Refusal,2,Refusal_00,train
5144,የቦርሳው ችግር ከአንድ ሰዓት በኋላ ከአለቃዬ ጋር እፈታለሁ።,Promise,8,Promise_11,train
5145,ማህበሩ ቃል የገባውን ከጥቂት ደቂቃዎች በኋላ አላከበረም።,Complaint,6,Complaint_02,test
5146,ትዕዛዙ ገና ወደ ፋብሪካ ዛሬ ማታ አልደረሰኝም።,Complaint,6,Complaint_07,train
5147,ሰላም ስራ አስኪያጁ፣ በዚህ ሳምንት እንዴት ነህ?,Phatic,7,Phatic_00,train
5148,ደህና እደር ዶክተሩ፣ ነገ እንገናኝ።,Phatic,7,Phatic_06,train
5149,እባክዎ መኪናውን ለዶክተሩ ዛሬ ይላኩልኝ።,Request,0,Request_00,train
5150,ተጠንቀቅ፣ ከጥቂት ደቂቃዎች በኋላ ፋብሪካ ውስጥ አደጋ አለ።,Warning,4,Warning_00,val
5151,በጣም ብልህ ነህ አስተማሪዋ፣ መኪናውን ረሳኸው።,Sarcasm/Irony,5,Sarcasm/Irony_04,train
5152,ከሚኒስትሩ ጋር በስብሰባው ወቅት መነጋገር ይሻላል።,Suggestion,3,Suggestion_06,val
5153,ድርጅቱ ስለ ቡናው ማስጠንቀቂያ በስብሰባው ወቅት አውጥቷል።,Warning,4,Warning_08,train
5154,ካርታው ገና ወደ ስብሰባ ክፍል ዛሬ አልደረሰኝም።,Complaint,6,Complaint_07,train
5155,ዛሬ ማታ በከተማው ውስጥ ስብሰባ እናድርግ።,Suggestion,3,Suggestion_02,train
5156,ወደ መንገድ ላይ ከሰዓት በኋላ እንሂድ።,Suggestion,3,Suggestion_01,test
5157,እባክህ ለቦርሳው ይህን ዘዴ ዛሬ ማታ ተጠቀም።,Suggestion,3,Suggestion_04,train
5158,ስራ አስኪያጁ ወደ ቢሮ ከአንድ ሰዓት በኋላ ሄደዋል።,Assertion,1,Assertion_07,train
5159,ሹፌሩ ወደ ፍርድ ቤት ዛሬ ማታ ሄደዋል።,Assertion,1,Assertion_07,train
5160,ይህን ቁልፉን ከመምህሩ ጋር በጥንቃቄ ያዙ።,Warning,4,Warning_04,val
5161,እቅዱን ዛሬ ማታ ከማዕከሉ ጋር እናሻሽል።,Suggestion,3,Suggestion_12,train
5162,ይቅርታ፣ መስኮቱን ነገ ከሰዓት በኋላ ማድረግ አልችልም።,Refusal,2,Refusal_00,train
5163,እባክዎ ደብዳቤውን ለአለቃዬ ከምሽቱ ጀምሮ ይላኩልኝ።,Request,0,Request_00,train
5164,ከጓደኛዬ ጋር ስለ መስኮቱ ጉዳይ መስማማት አልችልም።,Refusal,2,Refusal_06,train
5165,ከነጋዴው ጋር ከዛሬ ጀምሮ መነጋገር ይሻላል።,Suggestion,3,Suggestion_06,val
5166,የልብሱ ዋጋ በሆስፒታል በጣም ውድ ነው።,Complaint,6,Complaint_05,val
5167,እቅዱን በሚቀጥለው ወር ከሚኒስቴሩ ጋር እናሻሽል።,Suggestion,3,Suggestion_12,train
5168,ከጓደኛዬ ጋር ነገ በፋብሪካ እገናኛለሁ።,Promise,8,Promise_04,val
5169,ከጠበቃው ጋር ነገ ከሰዓት በኋላ በስብሰባ ክፍል እገናኛለሁ።,Promise,8,Promise_04,val
5170,ፋብሪካው ስለ ሂሳቡ ማስጠንቀቂያ በሚቀጥለው ወር አውጥቷል።,Warning,4,Warning_08,train
5171,ሰላም ባልደረባዬ፣ ከሰዓት በኋላ እንዴት ነህ?,Phatic,7,Phatic_00,train
5172,የኮምፒዩተሩ ችግር በዚህ ወር ከአስተማሪዋ ጋር እፈታለሁ።,Promise,8,Promise_11,train
5173,ውሉ ገና ወደ ሆስፒታል ከሶስት ሰዓት በኋላ አልደረሰኝም።,Complaint,6,Complaint_07,train
5174,ኩባንያው ስለ ጥያቄው ማስጠንቀቂያ ነገ ጠዋት አውጥቷል።,Warning,4,Warning_08,train
5175,በስብሰባ ክፍል ነገ ከሰዓት በኋላ ወንጀል ሊፈጸም ይችላል ተጠንቀቁ።,Warning,4,Warning_11,train
5176,እባክዎ ልብሱን ለዶክተሩ ከአንድ ሰዓት በኋላ ይላኩልኝ።,Request,0,Request_00,train
5177,ቦርሳው ገና ወደ ፍርድ ቤት በሳምንቱ መጨረሻ አልደረሰኝም።,Complaint,6,Complaint_07,train
5178,እንኳን አደረሳችሁ ዶክተሩ፣ በሱቅ።,Phatic,7,Phatic_14,test
5179,የካርታው ችግር ነገ ከፖሊሱ ጋር እፈታለሁ።,Promise,8,Promise_11,train
5180,ጎበዝ! በጣም ጥሩ ስራ ሰራህ ጠበቃው፣ ደብዳቤውን አበላሸኸው።,Sarcasm/Irony,5,Sarcasm/Irony_02,train
5181,እንኳን ወደ ስብሰባ ክፍል ደህና መጣህ መምህሩ።,Phatic,7,Phatic_04,test
5182,ጠበቃው ወደ ቢሮ ከአንድ ሰዓት በኋላ ሄደዋል።,Assertion,1,Assertion_07,train
5183,መጽሐፉ ገና ወደ ትምህርት ቤት ከጥቂት ደቂቃዎች በኋላ አልደረሰኝም።,Complaint,6,Complaint_07,train
5184,መምህሩ ወደ ቢሮ በሳምንቱ መጨረሻ ሄደዋል።,Assertion,1,Assertion_07,train
5185,እባክዎ ነገ ከሰዓት በኋላ ወደ ፍርድ ቤት ይድረሱልኝ።,Request,0,Request_07,val
5186,በትምህርት ቤት ትንሽ እረፍት ከምሽቱ ጀምሮ ብንወስድ ጥሩ ነው።,Suggestion,3,Suggestion_09,test
5187,ውሃው ከባልደረባዬ አጠገብ አደገኛ ሊሆን ይችላል።,Warning,4,Warning_01,test
5188,ፖሊሱ ለቅሬታዬ ምላሽ በሚቀጥለው ወር አልሰጡም።,Complaint,6,Complaint_06,val
5189,የቦርሳው ገመድ በገበያ አደገኛ ነው ተጠንቀቁ።,Warning,4,Warning_07,train
5190,ሰነዱ ገና ወደ ፖሊስ ጣቢያ በዚህ አመት አልደረሰኝም።,Complaint,6,Complaint_07,train
5191,እባክህ ለማሽኑ ይህን ዘዴ ዛሬ ተጠቀም።,Suggestion,3,Suggestion_04,train
5192,አለቃዬ፣ እንደምን አደርክ በሳምንቱ መጨረሻ?,Phatic,7,Phatic_01,train
5193,መኪናው ገና ወደ ሱቅ በዚህ አመት አልደረሰኝም።,Complaint,6,Complaint_07,train
5194,እንዴት ደስ ይላል፣ አስተማሪዋ እንደገና ከጥቂት ደቂቃዎች በኋላ ዘገዩ።,Sarcasm/Irony,5,Sarcasm/Irony_03,train
5195,ጥንቃቄ ያድርጉ፣ በሚቀጥለው አመት ገበያ ይንሸራተታል።,Warning,4,Warning_02,train
5196,የኮምፒዩተሩ ችግር ዛሬ ማታ ከመምህሩ ጋር እፈታለሁ።,Promise,8,Promise_11,train
5197,እባክህ ለመሳሪያው ይህን ዘዴ በሚቀጥለው ሳምንት ተጠቀም።,Suggestion,3,Suggestion_04,train
5198,ደህና ነገ ይሁንልህ መሐንዲሱ።,Phatic,7,Phatic_02,train
5199,እባክዎ ስልኩን ለዶክተሩ ከሁለት ቀናት በኋላ ይላኩልኝ።,Request,0,Request_00,train
5200,የሰነዱ ችግር ከሰዓት በኋላ ከመሐንዲሱ ጋር እፈታለሁ።,Promise,8,Promise_11,train
5201,ማሽኑ ገና ወደ አውሮፕላን ማረፊያ ነገ አልደረሰኝም።,Complaint,6,Complaint_07,train
5202,እባክዎ ለባልደረባዬ ስለ ኮምፒዩተሩ ይንገሩልኝ።,Request,0,Request_04,val
5203,ውሃው ገና ወደ ፖሊስ ጣቢያ ከምሽቱ ጀምሮ አልደረሰኝም።,Complaint,6,Complaint_07,train
5204,ኩባንያው ስለ ቦርሳው ማስጠንቀቂያ በሚቀጥለው አመት አውጥቷል።,Warning,4,Warning_08,train
5205,የመሳሪያው ወጪውን በገበያ ብንቀንስ የተሻለ ነው።,Suggestion,3,Suggestion_13,train
5206,ሚኒስትሩ ወደ ቢሮ ከአንድ ሰዓት በኋላ ሄደዋል።,Assertion,1,Assertion_07,train
5207,ሪፖርቱ ገና ወደ ባንክ ከሁለት ቀናት በኋላ አልደረሰኝም።,Complaint,6,Complaint_07,train
5208,ወደ ገበያ ዛሬ መሄድ አልችልም።,Refusal,2,Refusal_13,test
5209,እባክዎ ውሃውን ለነጋዴው በሳምንቱ መጨረሻ ይላኩልኝ።,Request,0,Request_00,train
5210,ከመሐንዲሱ ጋር በሚቀጥለው ሳምንት በትምህርት ቤት እገናኛለሁ።,Promise,8,Promise_04,val
5211,መምህሩ ወደ አውሮፕላን ማረፊያ በዚህ ሳምንት ሄደዋል።,Assertion,1,Assertion_07,train
5212,ዶክተሩ ስብሰባውን ነገ ጠዋት መርተዋል።,Assertion,1,Assertion_03,val
5213,ማህበሩ ከሁለት ቀናት በኋላ ትርፍ አግኝቷል።,Assertion,1,Assertion_04,test
5214,ዛሬ ወደ አውሮፕላን ማረፊያ እደርሳለሁ።,Promise,8,Promise_10,train
5215,ሚኒስቴሩ ስለ ገንዘቡ ማስጠንቀቂያ ከሶስት ሰዓት በኋላ አውጥቷል።,Warning,4,Warning_08,train
5216,ይህን ካርታውን ከስራ አስኪያጁ ጋር በጥንቃቄ ያዙ።,Warning,4,Warning_04,val
5217,ስለ ኮምፒዩተሩ ጉዳይ ከደንበኛው ጋር እንወያይ።,Suggestion,3,Suggestion_10,train
5218,አዎ በእርግጥ፣ ነጋዴው ከምሽቱ ጀምሮ ትመጣለህ ብዬ አላምንም።,Sarcasm/Irony,5,Sarcasm/Irony_01,test
5219,በዚህ ሳምንት የአየር ሁኔታው ጥሩ ነው።,Assertion,1,Assertion_01,val
5220,የመስኮቱ ችግር ከአንድ ሰዓት በኋላ ከአስተማሪዋ ጋር እፈታለሁ።,Promise,8,Promise_11,train
5221,ቃል እገባለሁ፣ ካርታውን ከጥቂት ደቂቃዎች በኋላ አላዘገይም።,Promise,8,Promise_03,test
5222,እርግጠኛ ነኝ ጋዜጠኛው ነገ ጠዋት ይደርሳሉ፣ እንደ ሁልጊዜው።,Sarcasm/Irony,5,Sarcasm/Irony_05,test
5223,ይህ ማሽኑ ከመንግስት ጥራት የለውም።,Complaint,6,Complaint_00,val
5224,ከጓደኛዬ ጋር ከሶስት ሰዓት በኋላ በፖሊስ ጣቢያ እገናኛለሁ።,Promise,8,Promise_04,val
5225,እንዴት ጎበዝ ነህ ደንበኛው፣ ካርታውን ሰብረኸዋል!,Sarcasm/Irony,5,Sarcasm/Irony_00,train
5226,ሚኒስትሩ ወደ ሆስፒታል ከሁለት ቀናት በኋላ ሄደዋል።,Assertion,1,Assertion_07,train
5227,እንደምን አለህ በባንክ፣ ጋዜጠኛው?,Phatic,7,Phatic_11,val
5228,የማሽኑ ዋጋ በመንገድ ላይ በጣም ውድ ነው።,Complaint,6,Complaint_05,val
5229,ማህበሩ ስለ ልብሱ ማስጠንቀቂያ በስብሰባው ወቅት አውጥቷል።,Warning,4,Warning_08,train
5230,በጣም ብልህ ነህ ነጋዴው፣ ፕሮጀክቱን ረሳኸው።,Sarcasm/Irony,5,Sarcasm/Irony_04,train
5231,በስብሰባው ወቅት በመንገድ ላይ መገኘት አልችልም።,Refusal,2,Refusal_04,val
5232,ነገ ጠዋት በቢሮ ትራፊኩ ከባድ ነው ተጠንቀቁ።,Warning,4,Warning_13,train
5233,ይቅርታ፣ ጥያቄውን በሚቀጥለው አመት ማድረግ አልችልም።,Refusal,2,Refusal_00,train
5234,ፋብሪካው ስለ ቦርሳው ማስጠንቀቂያ በስብሰባው ወቅት አውጥቷል።,Warning,4,Warning_08,train
5235,ውሉ ገና ወደ ሱቅ ነገ ከሰዓት በኋላ አልደረሰኝም።,Complaint,6,Complaint_07,train
5236,እባክዎ ለስራ አስኪያጁ ስለ ውሃው ይንገሩልኝ።,Request,0,Request_04,val
5237,ይቅርታ፣ መሳሪያውን ዛሬ ማድረግ አልችልም።,Refusal,2,Refusal_00,train
5238,ነገ በስብሰባ ክፍል መገኘት አልችልም።,Refusal,2,Refusal_04,val
5239,ከመምህሩ ጋር በስብሰባው ወቅት በስብሰባ ክፍል እገናኛለሁ።,Promise,8,Promise_04,val
5240,ቃል እገባለሁ፣ ቡናውን ከሶስት ሰዓት በኋላ አላዘገይም።,Promise,8,Promise_03,test
5241,ሹፌሩ ሪፖርቱን ዛሬ አቅርበዋል።,Assertion,1,Assertion_13,test
5242,የገንዘቡ ዋጋ ዛሬ ማታ ጨምሯል።,Assertion,1,Assertion_12,val
5243,ማዕከሉ ስለ ቤቱ ማስጠንቀቂያ ከሁለት ቀናት በኋላ አውጥቷል።,Warning,4,Warning_08,train
5244,ደህና እደር ዶክተሩ፣ ከጥቂት ደቂቃዎች በኋላ እንገናኝ።,Phatic,7,Phatic_06,train
5245,ማሽኑ በቢሮ ይገኛል።,Assertion,1,Assertion_00,test
5246,ነገ ከሰዓት በኋላ በፋብሪካ ስብሰባ እናድርግ።,Suggestion,3,Suggestion_02,train
5247,እባክዎ ለጋዜጠኛው ውሃውን ያድርሱ።,Request,0,Request_14,test
5248,ይቅርታ፣ ልብሱን በሚቀጥለው ወር ማድረግ አልችልም።,Refusal,2,Refusal_00,train
5249,ማህበሩ ስለ ደብዳቤው ማስጠንቀቂያ ከምሽቱ ጀምሮ አውጥቷል።,Warning,4,Warning_08,train
5250,እንዴት ጥሩ ነው አስተማሪዋ፣ በሚቀጥለው አመት ደግሞ ዘገየ።,Sarcasm/Irony,5,Sarcasm/Irony_10,val
5251,እንዴት ጎበዝ ነህ ባልደረባዬ፣ ሂሳቡን ሰብረኸዋል!,Sarcasm/Irony,5,Sarcasm/Irony_00,train
5252,ይህን መጽሐፉን ከጠበቃው መቀበል አልችልም።,Refusal,2,Refusal_03,train
5253,እንዴት ጎበዝ ነህ ጋዜጠኛው፣ ቁልፉን ሰብረኸዋል!,Sarcasm/Irony,5,Sarcasm/Irony_00,train
5254,ከሹፌሩ ጋር ስለ መስኮቱ ጉዳይ መስማማት አልችልም።,Refusal,2,Refusal_06,train
5255,ይህን ስጦታውን ከሹፌሩ ጋር በጥንቃቄ ያዙ።,Warning,4,Warning_04,val
5256,ከሹፌሩ ጋር ስለ መልእክቱ ጉዳይ መስማማት አልችልም።,Refusal,2,Refusal_06,train
5257,ከደንበኛው ጋር ስለ ልብሱ ጉዳይ መስማማት አልችልም።,Refusal,2,Refusal_06,train
5258,እንኳን ደስ አለህ ፖሊሱ፣ ስለ ቁልፉ እንደገና ተሳስተሃል።,Sarcasm/Irony,5,Sarcasm/Irony_13,train
5259,ይህን ቁልፉን ከሚኒስትሩ መቀበል አልችልም።,Refusal,2,Refusal_03,train
5260,ሪፖርቱን ለስራ አስኪያጁ በሚቀጥለው አመት አቀርባለሁ።,Promise,8,Promise_05,train
5261,እንዴት ጎበዝ ነህ ነጋዴው፣ ቡናውን ሰብረኸዋል!,Sarcasm/Irony,5,Sarcasm/Irony_00,train
5262,ስቱዲዮው ስለ ስጦታው ማስጠንቀቂያ ከሰዓት በኋላ አውጥቷል።,Warning,4,Warning_08,train
5263,ዶክተሩ፣ ስራ በባንክ እንዴት ነው?,Phatic,7,Phatic_09,val
5264,እባክህ ስጦታውን ስጠኝ።,Request,0,Request_08,val
5265,እባክህ ለውሉ ይህን ዘዴ ነገ ጠዋት ተጠቀም።,Suggestion,3,Suggestion_04,train
5266,ደንበኛው፣ ስራ በሱቅ እንዴት ነው?,Phatic,7,Phatic_09,val
5267,ለዶክተሩ የገባሁትን ቃል ከሁለት ቀናት በኋላ አከብራለሁ።,Promise,8,Promise_08,test
5268,ጎበዝ! በጣም ጥሩ ስራ ሰራህ አስተማሪዋ፣ ፕሮጀክቱን አበላሸኸው።,Sarcasm/Irony,5,Sarcasm/Irony_02,train
5269,ወደ ስብሰባ ክፍል በሳምንቱ መጨረሻ መሄድ አልችልም።,Refusal,2,Refusal_13,test
5270,ስቱዲዮው ስለ ቦርሳው ማስጠንቀቂያ ከአንድ ሰዓት በኋላ አውጥቷል።,Warning,4,Warning_08,train
5271,ማህበሩ ስለ ደብዳቤው ማስጠንቀቂያ በዚህ አመት አውጥቷል።,Warning,4,Warning_08,train
5272,ያልተፈቀደ ግቢ ወደ መንገድ ላይ በስብሰባው ወቅት አይግቡ።,Warning,4,Warning_09,test
5273,ቡናው በትምህርት ቤት ይገኛል።,Assertion,1,Assertion_00,test
5274,ጎበዝ! በጣም ጥሩ ስራ ሰራህ መምህሩ፣ ካርታውን አበላሸኸው።,Sarcasm/Irony,5,Sarcasm/Irony_02,train
5275,እንዴት ጥሩ ነው መምህሩ፣ ከጥቂት ደቂቃዎች በኋላ ደግሞ ዘገየ።,Sarcasm/Irony,5,Sarcasm/Irony_10,val
5276,ጋዜጠኛው ወደ ትምህርት ቤት ከዛሬ ጀምሮ ሄደዋል።,Assertion,1,Assertion_07,train
5277,እባክዎ ጥያቄውን ለዶክተሩ ከአንድ ሰዓት በኋላ ይላኩልኝ።,Request,0,Request_00,train
5278,እንኳን ደስ አለህ ደንበኛው ዛሬ ማታ።,Phatic,7,Phatic_07,train
5279,የገንዘቡ ችግር ነገ ከሰዓት በኋላ ከአለቃዬ ጋር እፈታለሁ።,Promise,8,Promise_11,train
5280,ይህን ስራ ከጓደኛዬ ጋር አልቀበልም።,Refusal,2,Refusal_12,train
5281,ነጋዴው፣ እንደምን አደርክ ነገ ከሰዓት በኋላ?,Phatic,7,Phatic_01,train
5282,ጤና ይስጥልኝ መምህሩ፣ በዚህ ሳምንት ደህና ነህ?,Phatic,7,Phatic_12,train
5283,ስለ ማሽኑ ከደንበኛው ጋር ማሰብ ይኖርብናል።,Suggestion,3,Suggestion_03,train
5284,እንዴት ደስ ይላል፣ ጋዜጠኛው እንደገና በሚቀጥለው አመት ዘገዩ።,Sarcasm/Irony,5,Sarcasm/Irony_03,train
5285,ሪፖርቱ ገና ወደ ከተማው ውስጥ ነገ ከሰዓት በኋላ አልደረሰኝም።,Complaint,6,Complaint_07,train
5286,ፋብሪካው ስለ መኪናው ማስጠንቀቂያ ነገ አውጥቷል።,Warning,4,Warning_08,train
5287,ስለ ፕሮጀክቱ ጉዳይ ከፖሊሱ ጋር እንወያይ።,Suggestion,3,Suggestion_10,train
5288,ጋዜጠኛው ወደ አውሮፕላን ማረፊያ በዚህ አመት ሄደዋል።,Assertion,1,Assertion_07,train
5289,እባክዎ ይቅርታ፣ ደብዳቤውን በሚቀጥለው ሳምንት ማቅረብ አልችልም።,Refusal,2,Refusal_09,train
5290,ደህና ሁን መሐንዲሱ፣ እስከ ነገ ከሰዓት በኋላ እንገናኝ።,Phatic,7,Phatic_13,train
5291,ስለ መኪናው ጉዳይ ከስራ አስኪያጁ ጋር እንወያይ።,Suggestion,3,Suggestion_10,train
5292,የቤቱ ችግር በሚቀጥለው አመት ከስራ አስኪያጁ ጋር እፈታለሁ።,Promise,8,Promise_11,train
5293,ሹፌሩ፣ እንደምን አደርክ ነገ?,Phatic,7,Phatic_01,train
5294,እንደምን አለህ በሱቅ፣ መሐንዲሱ?,Phatic,7,Phatic_11,val
5295,እባክዎ ሰነዱን ለባልደረባዬ ነገ ከሰዓት በኋላ ይላኩልኝ።,Request,0,Request_00,train
5296,መሳሪያው ገና ወደ ትምህርት ቤት ከሶስት ሰዓት በኋላ አልደረሰኝም።,Complaint,6,Complaint_07,train
5297,ኩባንያው ስለ ማሽኑ ማስጠንቀቂያ ዛሬ ማታ አውጥቷል።,Warning,4,Warning_08,train
5298,የቁልፉ ችግር በሚቀጥለው ሳምንት ከስራ አስኪያጁ ጋር እፈታለሁ።,Promise,8,Promise_11,train
5299,ቢያንስ አንዴ መሳሪያውን በሆስፒታል እንሞክር።,Suggestion,3,Suggestion_05,train
5300,ጠበቃው ወደ ሱቅ በሚቀጥለው ሳምንት ሄደዋል።,Assertion,1,Assertion_07,train
5301,ደህና ከሰዓት በኋላ ይሁንልህ ፖሊሱ።,Phatic,7,Phatic_02,train
5302,ይቅርታ፣ ስልኩን በሚቀጥለው አመት ማድረግ አልችልም።,Refusal,2,Refusal_00,train
5303,እባክዎ መኪናውን ለአለቃዬ ነገ ይላኩልኝ።,Request,0,Request_00,train
5304,ከስራ አስኪያጁ ጋር በዚህ አመት በቤት እገናኛለሁ።,Promise,8,Promise_04,val
5305,ይቅርታ፣ ሰነዱን ከሁለት ቀናት በኋላ ማድረግ አልችልም።,Refusal,2,Refusal_00,train
5306,ፋይሉ በመጋዘን ይገኛል።,Assertion,1,Assertion_00,test
5307,የስልኩ ችግር በዚህ አመት ከዶክተሩ ጋር እፈታለሁ።,Promise,8,Promise_11,train
5308,ጎበዝ! በጣም ጥሩ ስራ ሰራህ ነጋዴው፣ ማሽኑን አበላሸኸው።,Sarcasm/Irony,5,Sarcasm/Irony_02,train
5309,እንኳን ደስ አለህ አስተማሪዋ፣ ስለ መሳሪያው እንደገና ተሳስተሃል።,Sarcasm/Irony,5,Sarcasm/Irony_13,train
5310,አዎ በእርግጥ፣ ዶክተሩ በዚህ ወር ትመጣለህ ብዬ አላምንም።,Sarcasm/Irony,5,Sarcasm/Irony_01,test
5311,ከባልደረባዬ ጋር ስለ ቤቱ ጉዳይ መስማማት አልችልም።,Refusal,2,Refusal_06,train
5312,ተጠንቀቅ፣ ከሁለት ቀናት በኋላ ቤት ውስጥ አደጋ አለ።,Warning,4,Warning_00,val
5313,ገንዘቡ ገና ወደ ባንክ በዚህ ወር አልደረሰኝም።,Complaint,6,Complaint_07,train
5314,ደህና ሁን ዶክተሩ፣ እስከ ከሰዓት በኋላ እንገናኝ።,Phatic,7,Phatic_13,train
5315,ጤና ይስጥልኝ ዶክተሩ፣ ከምሽቱ ጀምሮ ደህና ነህ?,Phatic,7,Phatic_12,train
5316,ቦርሳውን በጥንቃቄ ከደንበኛው ጋር ብንመረምር ይሻላል።,Suggestion,3,Suggestion_11,val
5317,ስለ ፕሮጀክቱ ጉዳይ ከዶክተሩ ጋር እንወያይ።,Suggestion,3,Suggestion_10,train
5318,እንዴት ጎበዝ ነህ አለቃዬ፣ ደብዳቤውን ሰብረኸዋል!,Sarcasm/Irony,5,Sarcasm/Irony_00,train
5319,ነገ በመንገድ ላይ ከባድ ዝናብ ሊዘንብ ይችላል ተጠንቀቁ።,Warning,4,Warning_03,test
5320,አመሰግናለሁ ነጋዴው፣ ደህና ዋል በስብሰባ ክፍል።,Phatic,7,Phatic_08,train
5321,እርግጠኛ ነኝ ጠበቃው በዚህ ሳምንት ይደርሳሉ፣ እንደ ሁልጊዜው።,Sarcasm/Irony,5,Sarcasm/Irony_05,test
5322,ባልደረባዬ ወደ ቤት ከምሽቱ ጀምሮ ሄደዋል።,Assertion,1,Assertion_07,train
5323,እንዴት ጎበዝ ነህ ጠበቃው፣ ፕሮጀክቱን ሰብረኸዋል!,Sarcasm/Irony,5,Sarcasm/Irony_00,train
5324,አዎ በእርግጥ፣ ጠበቃው በዚህ አመት ትመጣለህ ብዬ አላምንም።,Sarcasm/Irony,5,Sarcasm/Irony_01,test
5325,ጎበዝ! በጣም ጥሩ ስራ ሰራህ ጠበቃው፣ ቁልፉን አበላሸኸው።,Sarcasm/Irony,5,Sarcasm/Irony_02,train
5326,እባክዎ ስልኩን ለደንበኛው ነገ ይላኩልኝ።,Request,0,Request_00,train
5327,ሹፌሩ፣ እንደምን አደርክ ዛሬ?,Phatic,7,Phatic_01,train
5328,እንኳን ደስ አለህ መሐንዲሱ በዚህ ወር።,Phatic,7,Phatic_07,train
5329,ፖሊሱ፣ እንደምን አደርክ በዚህ አመት?,Phatic,7,Phatic_01,train
5330,አመሰግናለሁ መሐንዲሱ፣ ደህና ዋል በቢሮ።,Phatic,7,Phatic_08,train
5331,ስቱዲዮው ነገ አዲስ ምርት አስተዋውቋል።,Assertion,1,Assertion_02,val
5332,መንግስት ስለ ቁልፉ ማስጠንቀቂያ ከሶስት ሰዓት በኋላ አውጥቷል።,Warning,4,Warning_08,train
5333,ማሽኑ ገና ወደ ፋብሪካ በስብሰባው ወቅት አልደረሰኝም።,Complaint,6,Complaint_07,train
5334,እንኳን ደስ አለህ መምህሩ ነገ ከሰዓት በኋላ።,Phatic,7,Phatic_07,train
5335,ዛሬ ማታ በፖሊስ ጣቢያ ስብሰባ እናድርግ።,Suggestion,3,Suggestion_02,train
5336,ገንዘቡ ገና ወደ ሆስፒታል ከሁለት ቀናት በኋላ አልደረሰኝም።,Complaint,6,Complaint_07,train
5337,ወደ ከተማው ውስጥ ነገ ከሰዓት በኋላ መሄድ አልችልም።,Refusal,2,Refusal_13,test
5338,አዎ በርግጥ፣ የፋብሪካው እቅድ በከጥቂት ደቂቃዎች በኋላ በጭራሽ አይከሽፍም።,Sarcasm/Irony,5,Sarcasm/Irony_11,train
5339,የበሩ ገመድ በቢሮ አደገኛ ነው ተጠንቀቁ።,Warning,4,Warning_07,train
5340,ይህን ውሃውን ከአለቃዬ መቀበል አልችልም።,Refusal,2,Refusal_03,train
5341,በስብሰባ ክፍል ትንሽ እረፍት በሚቀጥለው ሳምንት ብንወስድ ጥሩ ነው።,Suggestion,3,Suggestion_09,test
5342,አለቃዬ ወደ ሆስፒታል በሚቀጥለው ወር ሄደዋል።,Assertion,1,Assertion_07,train
5343,ቢያንስ አንዴ ስጦታውን በገበያ እንሞክር።,Suggestion,3,Suggestion_05,train
5344,ከሶስት ሰዓት በኋላ በባንክ መገኘት አልችልም።,Refusal,2,Refusal_04,val
5345,በጣም ውጤታማ ነው ፋብሪካው፣ በበሚቀጥለው ወር ምንም አልተሰራም።,Sarcasm/Irony,5,Sarcasm/Irony_14,val
5346,የኮምፒዩተሩ ችግር በዚህ አመት ከጓደኛዬ ጋር እፈታለሁ።,Promise,8,Promise_11,train
5347,ውሃው ገና ወደ መንገድ ላይ በሚቀጥለው አመት አልደረሰኝም።,Complaint,6,Complaint_07,train
5348,ነጋዴው ወደ ፍርድ ቤት ከምሽቱ ጀምሮ ሄደዋል።,Assertion,1,Assertion_07,train
5349,እባክዎ ገንዘቡን ለነጋዴው ከዛሬ ጀምሮ ይላኩልኝ።,Request,0,Request_00,train
5350,ወደ ቤት ከጥቂት ደቂቃዎች በኋላ መሄድ አልችልም።,Refusal,2,Refusal_13,test
5351,ኤጀንሲው ስለ ደብዳቤው ማስጠንቀቂያ ዛሬ ማታ አውጥቷል።,Warning,4,Warning_08,train
5352,የቦርሳው ዋጋውን ከአንድ ሰዓት በኋላ ብንቀንስ ደንበኞች ይጨምራሉ።,Suggestion,3,Suggestion_07,train
5353,ኮምፒዩተሩ ገና ወደ መጋዘን ዛሬ ማታ አልደረሰኝም።,Complaint,6,Complaint_07,train
5354,ሚኒስትሩ ወደ አውሮፕላን ማረፊያ ዛሬ ማታ ሄደዋል።,Assertion,1,Assertion_07,train
5355,ማዕከሉ ስለ መጽሐፉ ማስጠንቀቂያ ከሰዓት በኋላ አውጥቷል።,Warning,4,Warning_08,train
5356,ጠበቃው ወደ መጋዘን በሳምንቱ መጨረሻ ሄደዋል።,Assertion,1,Assertion_07,train
5357,ሪፖርቱን ለጋዜጠኛው በዚህ አመት አቀርባለሁ።,Promise,8,Promise_05,train
5358,ገንዘብዎን ይጠብቁ፣ በፋብሪካ ነገ ስርቆት ተከስቷል።,Warning,4,Warning_05,val
5359,መሳሪያው ገና ወደ ከተማው ውስጥ በዚህ ወር አልደረሰኝም።,Complaint,6,Complaint_07,train
5360,ደህና ከዛሬ ጀምሮ ይሁንልህ መምህሩ።,Phatic,7,Phatic_02,train
5361,ይቅርታ፣ ገንዘቡን ነገ ጠዋት ማድረግ አልችልም።,Refusal,2,Refusal_00,train
5362,ማዕከሉ ስለ ሰነዱ ማስጠንቀቂያ በሳምንቱ መጨረሻ አውጥቷል።,Warning,4,Warning_08,train
5363,በሚቀጥለው አመት በፍርድ ቤት ትራፊኩ ከባድ ነው ተጠንቀቁ።,Warning,4,Warning_13,train
5364,ደህና በሚቀጥለው ወር ይሁንልህ መምህሩ።,Phatic,7,Phatic_02,train
5365,ሰላም አስተማሪዋ፣ ከሁለት ቀናት በኋላ እንዴት ነህ?,Phatic,7,Phatic_00,train
5366,መጽሐፉ ከስራ አስኪያጁ አጠገብ አደገኛ ሊሆን ይችላል።,Warning,4,Warning_01,test
5367,አዎ በእርግጥ፣ ስራ አስኪያጁ በስብሰባው ወቅት ትመጣለህ ብዬ አላምንም።,Sarcasm/Irony,5,Sarcasm/Irony_01,test
5368,ካርታው ገና ወደ ገበያ በሚቀጥለው ወር አልደረሰኝም።,Complaint,6,Complaint_07,train
5369,ከመሐንዲሱ ጋር በስብሰባው ወቅት በቤት እገናኛለሁ።,Promise,8,Promise_04,val
5370,የኮምፒዩተሩ ዋጋውን ከዛሬ ጀምሮ ብንቀንስ ደንበኞች ይጨምራሉ።,Suggestion,3,Suggestion_07,train
5371,ከሚኒስትሩ ጋር ስለ ፕሮጀክቱ ጉዳይ መስማማት አልችልም።,Refusal,2,Refusal_06,train
5372,እባክህ ይቅርታ አድርግልኝ፣ ወደ ቢሮ በዚህ አመት መምጣት አልችልም።,Refusal,2,Refusal_01,test
5373,በሚቀጥለው ሳምንት በመጋዘን መገኘት አልችልም።,Refusal,2,Refusal_04,val
5374,ደህና ነገ ጠዋት ይሁንልህ ሚኒስትሩ።,Phatic,7,Phatic_02,train
5375,ደብዳቤው ገና ወደ ከተማው ውስጥ በስብሰባው ወቅት አልደረሰኝም።,Complaint,6,Complaint_07,train
5376,ሂሳቡ ገና ወደ ፍርድ ቤት ዛሬ ማታ አልደረሰኝም።,Complaint,6,Complaint_07,train
5377,እባክዎ በሩን ለሚኒስትሩ ከሰዓት በኋላ ይላኩልኝ።,Request,0,Request_00,train
5378,የቡናው ችግር ነገ ከጓደኛዬ ጋር እፈታለሁ።,Promise,8,Promise_11,train
5379,እንዴት ጎበዝ ነህ ሚኒስትሩ፣ ስልኩን ሰብረኸዋል!,Sarcasm/Irony,5,Sarcasm/Irony_00,train
5380,በዚህ ወር በገበያ መገኘት አልችልም።,Refusal,2,Refusal_04,val
5381,እባክዎ ይቅርታ፣ ዕቃውን ነገ ከሰዓት በኋላ ማቅረብ አልችልም።,Refusal,2,Refusal_09,train
5382,እባክዎ ይቅርታ፣ መስኮቱን ነገ ማቅረብ አልችልም።,Refusal,2,Refusal_09,train
5383,እንዴት ደስ ይላል፣ ጠበቃው እንደገና በሚቀጥለው አመት ዘገዩ።,Sarcasm/Irony,5,Sarcasm/Irony_03,train
5384,እባክዎ ይቅርታ፣ ደብዳቤውን ነገ ጠዋት ማቅረብ አልችልም።,Refusal,2,Refusal_09,train
5385,በሳምንቱ መጨረሻ በሱቅ መገኘት አልችልም።,Refusal,2,Refusal_04,val
5386,እባክዎ ቦርሳውን ለጓደኛዬ ከዛሬ ጀምሮ ይላኩልኝ።,Request,0,Request_00,train
5387,የባንኩ ሰራተኞች በሱቅ ደንበኞችን በአግባቡ አያስተናግዱም።,Complaint,6,Complaint_04,val
5388,ይህን በሩን ከጋዜጠኛው ጋር በጥንቃቄ ያዙ።,Warning,4,Warning_04,val
5389,እባክዎ ሰነዱን ለሚኒስትሩ በሳምንቱ መጨረሻ ይላኩልኝ።,Request,0,Request_00,train
5390,ኩባንያው ስለ በሩ ማስጠንቀቂያ ከምሽቱ ጀምሮ አውጥቷል።,Warning,4,Warning_08,train
5391,ነገ ጠዋት በመንገድ ላይ መገኘት አልችልም።,Refusal,2,Refusal_04,val
5392,ቅሬታዬን ለሹፌሩ በሚቀጥለው አመት ብናገርም ማንም አልሰማኝም።,Complaint,6,Complaint_14,val
5393,እርግጠኛ ነኝ ደንበኛው ከዛሬ ጀምሮ ይደርሳሉ፣ እንደ ሁልጊዜው።,Sarcasm/Irony,5,Sarcasm/Irony_05,test
5394,እባክዎ ሂሳቡን ለነጋዴው በዚህ ሳምንት ይላኩልኝ።,Request,0,Request_00,train
5395,ደህና ሁን ደንበኛው፣ እስከ በሳምንቱ መጨረሻ እንገናኝ።,Phatic,7,Phatic_13,train
5396,የማህበሩ ስልክ ከምሽቱ ጀምሮ አይነሳም።,Complaint,6,Complaint_11,test
5397,እንኳን ወደ ገበያ ደህና መጣህ ዶክተሩ።,Phatic,7,Phatic_04,test
5398,ወደ ስብሰባ ክፍል ከሰዓት በኋላ እንሂድ።,Suggestion,3,Suggestion_01,test
5399,አመሰግናለሁ ጠበቃው፣ ደህና ዋል በሆስፒታል።,Phatic,7,Phatic_08,train
5400,ከባልደረባዬ ጋር ነገ ጠዋት በመጋዘን እገናኛለሁ።,Promise,8,Promise_04,val
5401,ይቅርታ፣ መኪናውን በዚህ አመት ማድረግ አልችልም።,Refusal,2,Refusal_00,train
5402,ደህና እደር ጋዜጠኛው፣ ከምሽቱ ጀምሮ እንገናኝ።,Phatic,7,Phatic_06,train
5403,እባክዎ ይቅርታ፣ ፋይሉን በሚቀጥለው ወር ማቅረብ አልችልም።,Refusal,2,Refusal_09,train
5404,እባክዎ ይቅርታ፣ ስጦታውን በሚቀጥለው አመት ማቅረብ አልችልም።,Refusal,2,Refusal_09,train
5405,ጤና ይስጥልኝ አለቃዬ፣ ከሁለት ቀናት በኋላ ደህና ነህ?,Phatic,7,Phatic_12,train
5406,እንኳን ደስ አለህ ደንበኛው፣ ስለ ፕሮጀክቱ እንደገና ተሳስተሃል።,Sarcasm/Irony,5,Sarcasm/Irony_13,train
5407,መንግስት በሚቀጥለው ሳምንት አዲስ ሰራተኞችን ቀጥሯል።,Assertion,1,Assertion_09,train
5408,ማዕከሉ ስለ መልእክቱ ማስጠንቀቂያ በስብሰባው ወቅት አውጥቷል።,Warning,4,Warning_08,train
5409,ውሃው ገና ወደ ስብሰባ ክፍል ነገ አልደረሰኝም።,Complaint,6,Complaint_07,train
5410,መልእክቱ ገና ወደ ፍርድ ቤት ከጥቂት ደቂቃዎች በኋላ አልደረሰኝም።,Complaint,6,Complaint_07,train
5411,የገንዘቡ ችግር በዚህ አመት ከጓደኛዬ ጋር እፈታለሁ።,Promise,8,Promise_11,train
5412,ይህ ዕቃው ከሚኒስቴሩ ከተገለጸው ጋር አይመሳሰልም።,Complaint,6,Complaint_12,test
5413,ይህን ትዕዛዙን ከፖሊሱ መቀበል አልችልም።,Refusal,2,Refusal_03,train
5414,እባክዎ መሳሪያውን ለሚኒስትሩ በሳምንቱ መጨረሻ ይላኩልኝ።,Request,0,Request_00,train
5415,ስጦታው ከፖሊሱ አጠገብ አደገኛ ሊሆን ይችላል።,Warning,4,Warning_01,test
5416,ይቅርታ፣ ቁልፉን ከጥቂት ደቂቃዎች በኋላ ማድረግ አልችልም።,Refusal,2,Refusal_00,train
5417,ይቅርታ፣ መስኮቱን ከሁለት ቀናት በኋላ ማድረግ አልችልም።,Refusal,2,Refusal_00,train
5418,እባክዎ መልእክቱን ለሹፌሩ በሚቀጥለው ሳምንት ይላኩልኝ።,Request,0,Request_00,train
5419,መምህሩ፣ ስራ በባንክ እንዴት ነው?,Phatic,7,Phatic_09,val
5420,የካርታው ችግር ከጥቂት ደቂቃዎች በኋላ ከነጋዴው ጋር እፈታለሁ።,Promise,8,Promise_11,train
5421,ወደ አውሮፕላን ማረፊያ በዚህ ሳምንት መሄድ አልችልም።,Refusal,2,Refusal_13,test
5422,ኮምፒዩተሩ ገና ወደ ሆስፒታል በዚህ ሳምንት አልደረሰኝም።,Complaint,6,Complaint_07,train
5423,ፋብሪካው ስለ ካርታው ማስጠንቀቂያ ከሁለት ቀናት በኋላ አውጥቷል።,Warning,4,Warning_08,train
5424,የቤቱ ዋጋ ከጥቂት ደቂቃዎች በኋላ ጨምሯል።,Assertion,1,Assertion_12,val
5425,እባክዎ ልብሱን ወደ ፖሊስ ጣቢያ ይላኩ።,Request,0,Request_06,test
5426,እባክዎ ገንዘቡን ለጓደኛዬ ነገ ጠዋት ይላኩልኝ።,Request,0,Request_00,train
5427,የትዕዛዙ ዋጋ ከአንድ ሰዓት በኋላ ጨምሯል።,Assertion,1,Assertion_12,val
5428,እንኳን ደስ አለህ ጓደኛዬ ነገ።,Phatic,7,Phatic_07,train
5429,ሰላም ጋዜጠኛው፣ በሳምንቱ መጨረሻ እንዴት ነህ?,Phatic,7,Phatic_00,train
5430,ሚኒስትሩ ወደ ቤት በሚቀጥለው አመት ሄደዋል።,Assertion,1,Assertion_07,train
5431,እርግጠኛ ነኝ ነጋዴው ነገ ይደርሳሉ፣ እንደ ሁልጊዜው።,Sarcasm/Irony,5,Sarcasm/Irony_05,test
5432,ይህን ቡናውን ከመሐንዲሱ መቀበል አልችልም።,Refusal,2,Refusal_03,train
5433,እንኳን ደስ አለህ ነጋዴው፣ ስለ ፕሮጀክቱ እንደገና ተሳስተሃል።,Sarcasm/Irony,5,Sarcasm/Irony_13,train
5434,ደህና ከምሽቱ ጀምሮ ይሁንልህ መምህሩ።,Phatic,7,Phatic_02,train
5435,እባክዎ ይቅርታ፣ ዕቃውን በዚህ አመት ማቅረብ አልችልም።,Refusal,2,Refusal_09,train
5436,እባክዎ ውሉን ለጓደኛዬ ዛሬ ማታ ይላኩልኝ።,Request,0,Request_00,train
5437,እባክዎ ዕቃውን ለመምህሩ ከሶስት ሰዓት በኋላ ይላኩልኝ።,Request,0,Request_00,train
5438,እንኳን ደስ አለህ ጋዜጠኛው ከዛሬ ጀምሮ።,Phatic,7,Phatic_07,train
5439,ስራ አስኪያጁ ወደ መንገድ ላይ ከሶስት ሰዓት በኋላ ሄደዋል።,Assertion,1,Assertion_07,train
5440,ማንነትዎን ለማያውቁት ነጋዴው በቤት አይስጡ።,Warning,4,Warning_14,test
5441,ደንበኛው ወደ አውሮፕላን ማረፊያ ከሰዓት በኋላ ሄደዋል።,Assertion,1,Assertion_07,train
5442,ደረሰኙን በጥንቃቄ ከሚኒስትሩ ጋር ብንመረምር ይሻላል።,Suggestion,3,Suggestion_11,val
5443,ቦርሳው ገና ወደ ፍርድ ቤት ከጥቂት ደቂቃዎች በኋላ አልደረሰኝም።,Complaint,6,Complaint_07,train
5444,እባክዎ ደረሰኙን ለስራ አስኪያጁ ከዛሬ ጀምሮ ይላኩልኝ።,Request,0,Request_00,train
5445,እባክዎ ቁልፉን ለአለቃዬ በዚህ ወር ይላኩልኝ።,Request,0,Request_00,train
5446,ስራ አስኪያጁ ወደ ባንክ ከሁለት ቀናት በኋላ ሄደዋል።,Assertion,1,Assertion_07,train
5447,እባክዎ ውሉን ለጓደኛዬ በስብሰባው ወቅት ይላኩልኝ።,Request,0,Request_00,train
5448,እባክህ ይቅርታ አድርግልኝ፣ ወደ ባንክ በሚቀጥለው አመት መምጣት አልችልም።,Refusal,2,Refusal_01,test
5449,ማሽኑ ገና ወደ አውሮፕላን ማረፊያ በዚህ አመት አልደረሰኝም።,Complaint,6,Complaint_07,train
5450,እርግጠኛ ነኝ ዶክተሩ በሚቀጥለው አመት ይደርሳሉ፣ እንደ ሁልጊዜው።,Sarcasm/Irony,5,Sarcasm/Irony_05,test
5451,ሰላም ባልደረባዬ፣ ነገ ጠዋት እንዴት ነህ?,Phatic,7,Phatic_00,train
5452,ጋዜጠኛው፣ እንደምን አደርክ ነገ ከሰዓት በኋላ?,Phatic,7,Phatic_01,train
5453,ጎበዝ! በጣም ጥሩ ስራ ሰራህ ደንበኛው፣ መሳሪያውን አበላሸኸው።,Sarcasm/Irony,5,Sarcasm/Irony_02,train
5454,የደብዳቤው ወጪውን በሱቅ ብንቀንስ የተሻለ ነው።,Suggestion,3,Suggestion_13,train
5455,እሰይ፣ ሌላ ችግር በገበያ ከሶስት ሰዓት በኋላ፣ ልክ የሚያስፈልገን ይሄው ነበር።,Sarcasm/Irony,5,Sarcasm/Irony_07,train
5456,የሰነዱ ችግር በሚቀጥለው ሳምንት ከጋዜጠኛው ጋር እፈታለሁ።,Promise,8,Promise_11,train
5457,አመሰግናለሁ ስራ አስኪያጁ፣ ደህና ዋል በፋብሪካ።,Phatic,7,Phatic_08,train
5458,በፍርድ ቤት ከሰዓት በኋላ ወንጀል ሊፈጸም ይችላል ተጠንቀቁ።,Warning,4,Warning_11,train
5459,ልብሱ ገና ወደ ትምህርት ቤት በዚህ ወር አልደረሰኝም።,Complaint,6,Complaint_07,train
5460,ደህና ዛሬ ይሁንልህ መምህሩ።,Phatic,7,Phatic_02,train
5461,የቦርሳው ዋጋ ዛሬ ጨምሯል።,Assertion,1,Assertion_12,val
5462,እባክዎ ይቅርታ፣ ልብሱን ዛሬ ማቅረብ አልችልም።,Refusal,2,Refusal_09,train
5463,ስራ አስኪያጁ፣ እንደምን አደርክ ከሰዓት በኋላ?,Phatic,7,Phatic_01,train
5464,የልብሱ ችግር ዛሬ ከደንበኛው ጋር እፈታለሁ።,Promise,8,Promise_11,train
5465,ይቅርታ፣ ሰነዱን በዚህ ወር ማድረግ አልችልም።,Refusal,2,Refusal_00,train
5466,ነጋዴው ወደ አውሮፕላን ማረፊያ ከሰዓት በኋላ ሄደዋል።,Assertion,1,Assertion_07,train
5467,ጤና ይስጥልኝ አለቃዬ፣ ነገ ደህና ነህ?,Phatic,7,Phatic_12,train
5468,እባክዎ ከዛሬ ጀምሮ ወደ ቢሮ ይድረሱልኝ።,Request,0,Request_07,val
5469,ከመሐንዲሱ ጋር ከሶስት ሰዓት በኋላ በሱቅ እገናኛለሁ።,Promise,8,Promise_04,val
5470,ተጠንቀቅ፣ በዚህ አመት ቢሮ ውስጥ አደጋ አለ።,Warning,4,Warning_00,val
5471,ይቅርታ፣ ሪፖርቱን ዛሬ ማታ ማድረግ አልችልም።,Refusal,2,Refusal_00,train
5472,የመጽሐፉ ችግር በሳምንቱ መጨረሻ ከስራ አስኪያጁ ጋር እፈታለሁ።,Promise,8,Promise_11,train
5473,ጋዜጠኛው ወደ ከተማው ውስጥ በዚህ ወር ሄደዋል።,Assertion,1,Assertion_07,train
5474,ይህ በሩ ከመንግስት ጥራት የለውም።,Complaint,6,Complaint_00,val
5475,መሐንዲሱ ሪፖርቱን በዚህ ሳምንት አቅርበዋል።,Assertion,1,Assertion_13,test
5476,ቃል እገባለሁ፣ ማሽኑን ከሁለት ቀናት በኋላ አላዘገይም።,Promise,8,Promise_03,test
5477,በቤት በስብሰባው ወቅት ወንጀል ሊፈጸም ይችላል ተጠንቀቁ።,Warning,4,Warning_11,train
5478,ይህን ደረሰኙን ከባልደረባዬ መቀበል አልችልም።,Refusal,2,Refusal_03,train
5479,እባክዎ ለመሐንዲሱ ቁልፉን ያድርሱ።,Request,0,Request_14,test
5480,ጠበቃው ወደ ፍርድ ቤት በዚህ ወር ሄደዋል።,Assertion,1,Assertion_07,train
5481,በጣም ትክክለኛ ነው ነጋዴው፣ በቢሮ ሁልጊዜ እንደዚህ ይሆናል።,Sarcasm/Irony,5,Sarcasm/Irony_08,val
5482,ወደ ሆስፒታል ነገ ጠዋት እንሂድ።,Suggestion,3,Suggestion_01,test
5483,በጣም ደግ ነህ መምህሩ፣ በገበያ ምንም እርዳታ አልሰጠኸኝም።,Sarcasm/Irony,5,Sarcasm/Irony_12,train
5484,እንደምን አለህ በሆስፒታል፣ ደንበኛው?,Phatic,7,Phatic_11,val
5485,በዚህ ሳምንት በስብሰባ ክፍል ስብሰባ እናድርግ።,Suggestion,3,Suggestion_02,train
5486,ገንዘብዎን ይጠብቁ፣ በቢሮ በሚቀጥለው ወር ስርቆት ተከስቷል።,Warning,4,Warning_05,val
5487,ባንኩ ስለ ቦርሳው ማስጠንቀቂያ ከዛሬ ጀምሮ አውጥቷል።,Warning,4,Warning_08,train
5488,ከጠበቃው ጋር ከሁለት ቀናት በኋላ በገበያ እገናኛለሁ።,Promise,8,Promise_04,val
5489,እንዴት ጎበዝ ነህ መሐንዲሱ፣ መሳሪያውን ሰብረኸዋል!,Sarcasm/Irony,5,Sarcasm/Irony_00,train
5490,ስለ መልእክቱ ከጠበቃው ጋር ማሰብ ይኖርብናል።,Suggestion,3,Suggestion_03,train
5491,ፖሊሱ ስብሰባውን ከጥቂት ደቂቃዎች በኋላ መርተዋል።,Assertion,1,Assertion_03,val
5492,ከፖሊሱ ጋር ከዛሬ ጀምሮ በፋብሪካ እገናኛለሁ።,Promise,8,Promise_04,val
5493,ደንበኛው ወደ ስብሰባ ክፍል ከሶስት ሰዓት በኋላ ሄደዋል።,Assertion,1,Assertion_07,train
5494,እሰይ፣ ሌላ ችግር በፋብሪካ ዛሬ፣ ልክ የሚያስፈልገን ይሄው ነበር።,Sarcasm/Irony,5,Sarcasm/Irony_07,train
5495,የስጦታው ወጪውን በአውሮፕላን ማረፊያ ብንቀንስ የተሻለ ነው።,Suggestion,3,Suggestion_13,train
5496,እንዴት ጥሩ ነው ነጋዴው፣ ዛሬ ማታ ደግሞ ዘገየ።,Sarcasm/Irony,5,Sarcasm/Irony_10,val
5497,ከደንበኛው ጋር ዛሬ ማታ በሆስፒታል እገናኛለሁ።,Promise,8,Promise_04,val
5498,ለአስተማሪዋ የገባሁትን ቃል ነገ ጠዋት አከብራለሁ።,Promise,8,Promise_08,test
5499,እባክዎ ማሽኑን ለነጋዴው በስብሰባው ወቅት ይላኩልኝ።,Request,0,Request_00,train
5500,እባክዎ መስኮቱን ወደ መንገድ ላይ ይላኩ።,Request,0,Request_06,test
5501,ባልደረባዬ፣ ጤና ይስጥልኝ በስብሰባ ክፍል።,Phatic,7,Phatic_03,train
5502,ሰላም ደንበኛው፣ ከሶስት ሰዓት በኋላ እንዴት ነህ?,Phatic,7,Phatic_00,train
5503,ሹፌሩ ወደ መንገድ ላይ ከሰዓት በኋላ ሄደዋል።,Assertion,1,Assertion_07,train
5504,በጣም ብልህ ነህ አለቃዬ፣ ቤቱን ረሳኸው።,Sarcasm/Irony,5,Sarcasm/Irony_04,train
5505,የመጽሐፉ ወጪውን በአውሮፕላን ማረፊያ ብንቀንስ የተሻለ ነው።,Suggestion,3,Suggestion_13,train
5506,ማዕከሉ ስለ ቁልፉ ማስጠንቀቂያ ነገ አውጥቷል።,Warning,4,Warning_08,train
5507,እባክዎ ይቅርታ፣ ካርታውን ከሰዓት በኋላ ማቅረብ አልችልም።,Refusal,2,Refusal_09,train
5508,አዎ በእርግጥ፣ ነጋዴው በሚቀጥለው አመት ትመጣለህ ብዬ አላምንም።,Sarcasm/Irony,5,Sarcasm/Irony_01,test
5509,ሹፌሩ ወደ ሱቅ በዚህ ሳምንት ሄደዋል።,Assertion,1,Assertion_07,train
5510,እንኳን ወደ ትምህርት ቤት ደህና መጣህ መሐንዲሱ።,Phatic,7,Phatic_04,test
5511,እንዴት ደስ ይላል፣ ስራ አስኪያጁ እንደገና በስብሰባው ወቅት ዘገዩ።,Sarcasm/Irony,5,Sarcasm/Irony_03,train
5512,እባክሽ ደረሰኙን ከሰዓት በኋላ አምጪልኝ።,Request,0,Request_09,test
5513,እባክዎ ቤቱን ለፖሊሱ በስብሰባው ወቅት ይላኩልኝ።,Request,0,Request_00,train
5514,ፋይሉ ገና ወደ ፋብሪካ ከምሽቱ ጀምሮ አልደረሰኝም።,Complaint,6,Complaint_07,train
5515,እርግጠኛ ነኝ ጋዜጠኛው በሚቀጥለው ወር ይደርሳሉ፣ እንደ ሁልጊዜው።,Sarcasm/Irony,5,Sarcasm/Irony_05,test
5516,ዛሬ በስብሰባ ክፍል ከባድ ዝናብ ሊዘንብ ይችላል ተጠንቀቁ።,Warning,4,Warning_03,test
5517,ያልተፈቀደ ግቢ ወደ ከተማው ውስጥ ከሶስት ሰዓት በኋላ አይግቡ።,Warning,4,Warning_09,test
5518,ይህን ገንዘቡን ከጠበቃው ጋር በጥንቃቄ ያዙ።,Warning,4,Warning_04,val
5519,ስራ አስኪያጁ ወደ ስብሰባ ክፍል ከአንድ ሰዓት በኋላ ሄደዋል።,Assertion,1,Assertion_07,train
5520,አመሰግናለሁ ጋዜጠኛው፣ ደህና ዋል በገበያ።,Phatic,7,Phatic_08,train
5521,የመኪናው ችግር በዚህ ሳምንት ከስራ አስኪያጁ ጋር እፈታለሁ።,Promise,8,Promise_11,train
5522,የገንዘቡ ችግር በስብሰባው ወቅት ከጓደኛዬ ጋር እፈታለሁ።,Promise,8,Promise_11,train
5523,የመጽሐፉ ዋጋውን በዚህ አመት ብንቀንስ ደንበኞች ይጨምራሉ።,Suggestion,3,Suggestion_07,train
5524,ማህበሩ ነገ ጠዋት ትርፍ አግኝቷል።,Assertion,1,Assertion_04,test
5525,ባልደረባዬ ወደ ሱቅ በሳምንቱ መጨረሻ ሄደዋል።,Assertion,1,Assertion_07,train
5526,ስጦታው ገና ወደ ባንክ ዛሬ አልደረሰኝም።,Complaint,6,Complaint_07,train
5527,የቡናው ዋጋ በቤት በጣም ውድ ነው።,Complaint,6,Complaint_05,val
5528,ደረሰኙ ገና ወደ ባንክ በሚቀጥለው ሳምንት አልደረሰኝም።,Complaint,6,Complaint_07,train
5529,መሐንዲሱ፣ ቤተሰብ በሆስፒታል እንዴት ናቸው?,Phatic,7,Phatic_05,val
5530,ኮምፒዩተሩ ከሹፌሩ አጠገብ አደገኛ ሊሆን ይችላል።,Warning,4,Warning_01,test
5531,እባክዎ ይቅርታ፣ ገንዘቡን ከዛሬ ጀምሮ ማቅረብ አልችልም።,Refusal,2,Refusal_09,train
5532,እንዴት ጥሩ ነው ነጋዴው፣ በዚህ ወር ደግሞ ዘገየ።,Sarcasm/Irony,5,Sarcasm/Irony_10,val
5533,ይቅርታ፣ ፕሮጀክቱን ከዛሬ ጀምሮ ማድረግ አልችልም።,Refusal,2,Refusal_00,train
5534,በባንክ ትንሽ እረፍት ከሰዓት በኋላ ብንወስድ ጥሩ ነው።,Suggestion,3,Suggestion_09,test
5535,ይቅርታ፣ ስጦታውን ከዛሬ ጀምሮ ማድረግ አልችልም።,Refusal,2,Refusal_00,train
5536,ሂሳቡ ገና ወደ ፖሊስ ጣቢያ ከጥቂት ደቂቃዎች በኋላ አልደረሰኝም።,Complaint,6,Complaint_07,train
5537,ዶክተሩ ወደ ቤት ነገ ከሰዓት በኋላ ሄደዋል።,Assertion,1,Assertion_07,train
5538,እንኳን ደስ አለህ ስራ አስኪያጁ፣ ስለ ጥያቄው እንደገና ተሳስተሃል።,Sarcasm/Irony,5,Sarcasm/Irony_13,train
5539,ሹፌሩ ወደ ቤት በዚህ ሳምንት ሄደዋል።,Assertion,1,Assertion_07,train
5540,እባክዎ ፕሮጀክቱን ለአስተማሪዋ ከጥቂት ደቂቃዎች በኋላ ይላኩልኝ።,Request,0,Request_00,train
5541,የስልኩ ችግር ነገ ከአለቃዬ ጋር እፈታለሁ።,Promise,8,Promise_11,train
5542,መጽሐፉ ገና ወደ ስብሰባ ክፍል ዛሬ አልደረሰኝም።,Complaint,6,Complaint_07,train
5543,ወደ ቤት በዚህ ወር መሄድ አልችልም።,Refusal,2,Refusal_13,test
5544,እንኳን ወደ ፍርድ ቤት ደህና መጣህ ዶክተሩ።,Phatic,7,Phatic_04,test
5545,ይቅርታ፣ በሩን በዚህ ሳምንት ማድረግ አልችልም።,Refusal,2,Refusal_00,train
5546,የመጽሐፉ ደረሰኝ ከኤጀንሲው የተበላሸ ነው።,Complaint,6,Complaint_08,val
5547,የመልእክቱ ችግር ነገ ከሰዓት በኋላ ከሚኒስትሩ ጋር እፈታለሁ።,Promise,8,Promise_11,train
5548,ደህና እደር ጓደኛዬ፣ ከሶስት ሰዓት በኋላ እንገናኝ።,Phatic,7,Phatic_06,train
5549,እባክዎ ሂሳቡን ለስራ አስኪያጁ በሚቀጥለው ወር ይላኩልኝ።,Request,0,Request_00,train
5550,ከፖሊሱ ጋር ነገ ጠዋት በመጋዘን እገናኛለሁ።,Promise,8,Promise_04,val
5551,የቦርሳው ችግር ከሶስት ሰዓት በኋላ ከመምህሩ ጋር እፈታለሁ።,Promise,8,Promise_11,train
5552,ጤና ይስጥልኝ ደንበኛው፣ ዛሬ ደህና ነህ?,Phatic,7,Phatic_12,train
5553,የመልእክቱ ዋጋ በዚህ አመት ጨምሯል።,Assertion,1,Assertion_12,val
5554,ጓደኛዬ፣ ጤና ይስጥልኝ በፋብሪካ።,Phatic,7,Phatic_03,train
5555,ማሽኑ ገና ወደ ፍርድ ቤት በዚህ ሳምንት አልደረሰኝም።,Complaint,6,Complaint_07,train
5556,ነጋዴው ወደ አውሮፕላን ማረፊያ በሚቀጥለው ወር ሄደዋል።,Assertion,1,Assertion_07,train
5557,ደህና ሁን አስተማሪዋ፣ እስከ ነገ እንገናኝ።,Phatic,7,Phatic_13,train
5558,ገንዘብዎን ይጠብቁ፣ በስብሰባ ክፍል ከሰዓት በኋላ ስርቆት ተከስቷል።,Warning,4,Warning_05,val
5559,ከፖሊሱ ጋር በሚቀጥለው ሳምንት መነጋገር ይሻላል።,Suggestion,3,Suggestion_06,val
5560,እባክህ ለፕሮጀክቱ ይህን ዘዴ ነገ ጠዋት ተጠቀም።,Suggestion,3,Suggestion_04,train
5561,እባክዎ ይቅርታ፣ ማሽኑን ነገ ማቅረብ አልችልም።,Refusal,2,Refusal_09,train
5562,የመኪናው ወጪውን በገበያ ብንቀንስ የተሻለ ነው።,Suggestion,3,Suggestion_13,train
5563,ወደ ገበያ በሳምንቱ መጨረሻ መሄድ አልችልም።,Refusal,2,Refusal_13,test
5564,ደብዳቤው ገና ወደ ፖሊስ ጣቢያ በዚህ ሳምንት አልደረሰኝም።,Complaint,6,Complaint_07,train
5565,ኩባንያው ስለ ቡናው ማስጠንቀቂያ በስብሰባው ወቅት አውጥቷል።,Warning,4,Warning_08,train
5566,የመስኮቱ ችግር በዚህ ሳምንት ከሹፌሩ ጋር እፈታለሁ።,Promise,8,Promise_11,train
5567,አመሰግናለሁ መምህሩ፣ ደህና ዋል በገበያ።,Phatic,7,Phatic_08,train
5568,ጎበዝ! በጣም ጥሩ ስራ ሰራህ ጓደኛዬ፣ ቦርሳውን አበላሸኸው።,Sarcasm/Irony,5,Sarcasm/Irony_02,train
5569,ሹፌሩ ወደ ፖሊስ ጣቢያ ዛሬ ሄደዋል።,Assertion,1,Assertion_07,train
5570,በፍርድ ቤት ትንሽ እረፍት ነገ ጠዋት ብንወስድ ጥሩ ነው።,Suggestion,3,Suggestion_09,test
5571,እንኳን ደስ አለህ ባልደረባዬ ከሶስት ሰዓት በኋላ።,Phatic,7,Phatic_07,train
5572,ነጋዴው ወደ ስብሰባ ክፍል ነገ ሄደዋል።,Assertion,1,Assertion_07,train
5573,እንዴት ጎበዝ ነህ አለቃዬ፣ ስጦታውን ሰብረኸዋል!,Sarcasm/Irony,5,Sarcasm/Irony_00,train
5574,ሚኒስቴሩ ስለ ቦርሳው ማስጠንቀቂያ ነገ ከሰዓት በኋላ አውጥቷል።,Warning,4,Warning_08,train
5575,ይህን ውሉን ያለ ሚኒስትሩ ትዕዛዝ አይውሰዱ።,Warning,4,Warning_12,val
5576,ባልደረባዬ ወደ ባንክ በዚህ ሳምንት ሄደዋል።,Assertion,1,Assertion_07,train
5577,እንዴት ጎበዝ ነህ አለቃዬ፣ መጽሐፉን ሰብረኸዋል!,Sarcasm/Irony,5,Sarcasm/Irony_00,train
5578,እንዴት ደስ ይላል፣ ነጋዴው እንደገና በስብሰባው ወቅት ዘገዩ።,Sarcasm/Irony,5,Sarcasm/Irony_03,train
5579,የካርታው ችግር ነገ ጠዋት ከሚኒስትሩ ጋር እፈታለሁ።,Promise,8,Promise_11,train
5580,ሹፌሩ፣ ጤና ይስጥልኝ በመጋዘን።,Phatic,7,Phatic_03,train
5581,የቤቱ ዋጋ በመጋዘን በጣም ውድ ነው።,Complaint,6,Complaint_05,val
5582,ስራ አስኪያጁ ወደ ፍርድ ቤት በዚህ ሳምንት ሄደዋል።,Assertion,1,Assertion_07,train
5583,ገንዘቡ ከደንበኛው አጠገብ አደገኛ ሊሆን ይችላል።,Warning,4,Warning_01,test
5584,ማዕከሉ ስለ ልብሱ ማስጠንቀቂያ በዚህ ሳምንት አውጥቷል።,Warning,4,Warning_08,train
5585,ጓደኛዬ፣ ቤተሰብ በመጋዘን እንዴት ናቸው?,Phatic,7,Phatic_05,val
5586,በሳምንቱ መጨረሻ በመንገድ ላይ ስብሰባ እናድርግ።,Suggestion,3,Suggestion_02,train
5587,እባክዎ ስጦታውን ለጓደኛዬ ከአንድ ሰዓት በኋላ ይላኩልኝ።,Request,0,Request_00,train
5588,እሰይ፣ ሌላ ችግር በፍርድ ቤት ከሶስት ሰዓት በኋላ፣ ልክ የሚያስፈልገን ይሄው ነበር።,Sarcasm/Irony,5,Sarcasm/Irony_07,train
5589,ከመሐንዲሱ ጋር ከዛሬ ጀምሮ በሱቅ እገናኛለሁ።,Promise,8,Promise_04,val
5590,የውሃው ዋጋውን ዛሬ ብንቀንስ ደንበኞች ይጨምራሉ።,Suggestion,3,Suggestion_07,train
5591,ደንበኛው ስብሰባውን ነገ ጠዋት መርተዋል።,Assertion,1,Assertion_03,val
5592,ፖሊሱ፣ ስራ በስብሰባ ክፍል እንዴት ነው?,Phatic,7,Phatic_09,val
5593,ማሽኑ ገና ወደ ፖሊስ ጣቢያ በሚቀጥለው ወር አልደረሰኝም።,Complaint,6,Complaint_07,train
5594,ጎበዝ ስራ ሹፌሩ፣ መጽሐፉ ሙሉ በሙሉ ፈርሷል።,Sarcasm/Irony,5,Sarcasm/Irony_09,train
5595,እባክዎ ምርቱን ለጓደኛዬ ከጥቂት ደቂቃዎች በኋላ ይላኩልኝ።,Request,0,Request_00,train
5596,የገንዘቡ ዋጋውን ነገ ብንቀንስ ደንበኞች ይጨምራሉ።,Suggestion,3,Suggestion_07,train
5597,ኤጀንሲው ስለ ቁልፉ ማስጠንቀቂያ ከሶስት ሰዓት በኋላ አውጥቷል።,Warning,4,Warning_08,train
5598,መምህሩ፣ እንደምን አደርክ ዛሬ ማታ?,Phatic,7,Phatic_01,train
5599,እንዴት ጎበዝ ነህ ፖሊሱ፣ ጥያቄውን ሰብረኸዋል!,Sarcasm/Irony,5,Sarcasm/Irony_00,train
5600,ድርጅቱ ስለ ቡናው ማስጠንቀቂያ በዚህ አመት አውጥቷል።,Warning,4,Warning_08,train
5601,ዕቃው ገና ወደ ስብሰባ ክፍል ነገ ጠዋት አልደረሰኝም።,Complaint,6,Complaint_07,train
5602,እንኳን ወደ ቢሮ ደህና መጣህ ዶክተሩ።,Phatic,7,Phatic_04,test
5603,ደህና በሚቀጥለው አመት ይሁንልህ ነጋዴው።,Phatic,7,Phatic_02,train
5604,በጣም ውጤታማ ነው ማህበሩ፣ በበዚህ ሳምንት ምንም አልተሰራም።,Sarcasm/Irony,5,Sarcasm/Irony_14,val
5605,ይቅርታ፣ ውሉን ከአንድ ሰዓት በኋላ ማድረግ አልችልም።,Refusal,2,Refusal_00,train
5606,መሐንዲሱ ወደ ቤት ከሰዓት በኋላ ሄደዋል።,Assertion,1,Assertion_07,train
5607,ኤጀንሲው ስለ በሩ ማስጠንቀቂያ በሚቀጥለው ወር አውጥቷል።,Warning,4,Warning_08,train
5608,ኩባንያው ስለ ሪፖርቱ ማስጠንቀቂያ በዚህ ወር አውጥቷል።,Warning,4,Warning_08,train
5609,ጎበዝ ስራ ደንበኛው፣ ሪፖርቱ ሙሉ በሙሉ ፈርሷል።,Sarcasm/Irony,5,Sarcasm/Irony_09,train
5610,ጎበዝ! በጣም ጥሩ ስራ ሰራህ ጋዜጠኛው፣ ስጦታውን አበላሸኸው።,Sarcasm/Irony,5,Sarcasm/Irony_02,train
5611,የመልእክቱ ችግር በሚቀጥለው አመት ከጋዜጠኛው ጋር እፈታለሁ።,Promise,8,Promise_11,train
5612,ስለ ሰነዱ ጉዳይ ከነጋዴው ጋር እንወያይ።,Suggestion,3,Suggestion_10,train
5613,ፖሊሱ ወደ አውሮፕላን ማረፊያ ከሰዓት በኋላ ሄደዋል።,Assertion,1,Assertion_07,train
5614,እቅዱን በሚቀጥለው ሳምንት ከኤጀንሲው ጋር እናሻሽል።,Suggestion,3,Suggestion_12,train
5615,ከአለቃዬ ጋር ስለ መስኮቱ ጉዳይ መስማማት አልችልም።,Refusal,2,Refusal_06,train
5616,የጥያቄው ችግር በዚህ ወር ከመሐንዲሱ ጋር እፈታለሁ።,Promise,8,Promise_11,train
5617,በባንክ በሚቀጥለው ሳምንት ወንጀል ሊፈጸም ይችላል ተጠንቀቁ።,Warning,4,Warning_11,train
5618,ወደ ፋብሪካ በስብሰባው ወቅት ብቻዎን አይሂዱ።,Warning,4,Warning_06,test
5619,በዚህ ወር በፍርድ ቤት መገኘት አልችልም።,Refusal,2,Refusal_04,val
5620,ከፖሊሱ ጋር ከምሽቱ ጀምሮ በፖሊስ ጣቢያ እገናኛለሁ።,Promise,8,Promise_04,val
5621,እባክዎ ሪፖርቱን ለሹፌሩ በዚህ አመት ይላኩልኝ።,Request,0,Request_00,train
5622,ተጠንቀቅ፣ ከጥቂት ደቂቃዎች በኋላ ስብሰባ ክፍል ውስጥ አደጋ አለ።,Warning,4,Warning_00,val
5623,የመስኮቱ ችግር ነገ ከሰዓት በኋላ ከነጋዴው ጋር እፈታለሁ።,Promise,8,Promise_11,train
5624,የበሩ ችግር ነገ ጠዋት ከጋዜጠኛው ጋር እፈታለሁ።,Promise,8,Promise_11,train
5625,ጠበቃው፣ እንደምን አደርክ ነገ ከሰዓት በኋላ?,Phatic,7,Phatic_01,train
5626,ተጠንቀቅ፣ በስብሰባው ወቅት ገበያ ውስጥ አደጋ አለ።,Warning,4,Warning_00,val
5627,ስቱዲዮው ስለ ምርቱ ማስጠንቀቂያ ከሶስት ሰዓት በኋላ አውጥቷል።,Warning,4,Warning_08,train
5628,እባክዎ ይቅርታ፣ ደረሰኙን በዚህ ሳምንት ማቅረብ አልችልም።,Refusal,2,Refusal_09,train
5629,ሚኒስትሩ፣ እንደምን አደርክ ዛሬ ማታ?,Phatic,7,Phatic_01,train
5630,የባንኩ ስልክ በስብሰባው ወቅት አይነሳም።,Complaint,6,Complaint_11,test
5631,የሰነዱ ችግር ዛሬ ከመምህሩ ጋር እፈታለሁ።,Promise,8,Promise_11,train
5632,እባክዎ ቁልፉን ለሚኒስትሩ ከሁለት ቀናት በኋላ ይላኩልኝ።,Request,0,Request_00,train
5633,እባክዎ ቦርሳውን ለነጋዴው ዛሬ ማታ ይላኩልኝ።,Request,0,Request_00,train
5634,እሰይ፣ ሌላ ችግር በሱቅ በሚቀጥለው ሳምንት፣ ልክ የሚያስፈልገን ይሄው ነበር።,Sarcasm/Irony,5,Sarcasm/Irony_07,train
5635,እሰይ፣ ሌላ ችግር በቤት ዛሬ ማታ፣ ልክ የሚያስፈልገን ይሄው ነበር።,Sarcasm/Irony,5,Sarcasm/Irony_07,train
5636,ጋዜጠኛው ወደ ባንክ በዚህ ሳምንት ሄደዋል።,Assertion,1,Assertion_07,train
5637,ወደ አውሮፕላን ማረፊያ ከጥቂት ደቂቃዎች በኋላ መሄድ አልችልም።,Refusal,2,Refusal_13,test
5638,የኮምፒዩተሩ ችግር ነገ ከሰዓት በኋላ ከፖሊሱ ጋር እፈታለሁ።,Promise,8,Promise_11,train
5639,እባክዎ ለፖሊሱ ስለ ሪፖርቱ ይንገሩልኝ።,Request,0,Request_04,val
5640,እባክዎ ወደ ስብሰባ ክፍል በሚቀጥለው አመት ይምጡልኝ።,Request,0,Request_03,test
5641,ባንኩ ስለ ሪፖርቱ ማስጠንቀቂያ ከሰዓት በኋላ አውጥቷል።,Warning,4,Warning_08,train
5642,እባክዎ ሰነዱን ከጥቂት ደቂቃዎች በኋላ ይላኩልኝ።,Request,0,Request_13,val
5643,እንኳን ደስ አለህ ፖሊሱ በሚቀጥለው ወር።,Phatic,7,Phatic_07,train
5644,እንዴት ጥሩ ነው ዶክተሩ፣ ከሰዓት በኋላ ደግሞ ዘገየ።,Sarcasm/Irony,5,Sarcasm/Irony_10,val
5645,እባክዎ ቦርሳውን ለስራ አስኪያጁ በዚህ ወር ይላኩልኝ።,Request,0,Request_00,train
5646,እባክህ ይቅርታ አድርግልኝ፣ ወደ ቢሮ ዛሬ ማታ መምጣት አልችልም።,Refusal,2,Refusal_01,test
5647,ደህና ነገ ከሰዓት በኋላ ይሁንልህ አስተማሪዋ።,Phatic,7,Phatic_02,train
5648,ውሃውን በሳምንቱ መጨረሻ ብንሞክር ጥሩ ይሆናል።,Suggestion,3,Suggestion_00,train
5649,የትዕዛዙ ችግር ከሁለት ቀናት በኋላ ከጠበቃው ጋር እፈታለሁ።,Promise,8,Promise_11,train
5650,የስጦታው ችግር ከዛሬ ጀምሮ ከመሐንዲሱ ጋር እፈታለሁ።,Promise,8,Promise_11,train
5651,ይህን ሃሳብ ስለ ስልኩ አልቀበልም።,Refusal,2,Refusal_14,val
5652,እባክህ ለመሳሪያው ይህን ዘዴ ከሁለት ቀናት በኋላ ተጠቀም።,Suggestion,3,Suggestion_04,train
5653,እባክህ ይቅርታ አድርግልኝ፣ ወደ ሱቅ ከምሽቱ ጀምሮ መምጣት አልችልም።,Refusal,2,Refusal_01,test
5654,ደብዳቤው ገና ወደ መንገድ ላይ ከምሽቱ ጀምሮ አልደረሰኝም።,Complaint,6,Complaint_07,train
5655,ሹፌሩ ወደ ፋብሪካ ዛሬ ማታ ሄደዋል።,Assertion,1,Assertion_07,train
5656,ኤጀንሲው ስለ ቡናው ማስጠንቀቂያ በዚህ ወር አውጥቷል።,Warning,4,Warning_08,train
5657,ለጠበቃው የገባሁትን ቃል በሚቀጥለው ሳምንት አከብራለሁ።,Promise,8,Promise_08,test
5658,እባክዎ ደብዳቤውን ወደ ከተማው ውስጥ ይላኩ።,Request,0,Request_06,test
5659,እንዴት ጎበዝ ነህ ስራ አስኪያጁ፣ ስልኩን ሰብረኸዋል!,Sarcasm/Irony,5,Sarcasm/Irony_00,train
5660,ወደ ትምህርት ቤት ነገ ጠዋት እንሂድ።,Suggestion,3,Suggestion_01,test
5661,ባንኩ ስለ ውሉ ማስጠንቀቂያ በዚህ አመት አውጥቷል።,Warning,4,Warning_08,train
5662,ጋዜጠኛው ወደ ስብሰባ ክፍል በሚቀጥለው ሳምንት ሄደዋል።,Assertion,1,Assertion_07,train
5663,ኩባንያው ስለ ምርቱ ማስጠንቀቂያ ነገ ጠዋት አውጥቷል።,Warning,4,Warning_08,train
5664,እንኳን ደስ አለህ አለቃዬ፣ ስለ ካርታው እንደገና ተሳስተሃል።,Sarcasm/Irony,5,Sarcasm/Irony_13,train
5665,ጎበዝ! በጣም ጥሩ ስራ ሰራህ መሐንዲሱ፣ ደረሰኙን አበላሸኸው።,Sarcasm/Irony,5,Sarcasm/Irony_02,train
5666,የሂሳቡ ደረሰኝ ከኤጀንሲው የተበላሸ ነው።,Complaint,6,Complaint_08,val
5667,ሰላም ባልደረባዬ፣ ዛሬ እንዴት ነህ?,Phatic,7,Phatic_00,train
5668,እባክዎ ቤቱን ለሹፌሩ በሚቀጥለው አመት ይላኩልኝ።,Request,0,Request_00,train
5669,ወደ ገበያ ነገ ከሰዓት በኋላ መሄድ አልችልም።,Refusal,2,Refusal_13,test
5670,ጤና ይስጥልኝ ጠበቃው፣ በዚህ ወር ደህና ነህ?,Phatic,7,Phatic_12,train
5671,እባክዎ ይቅርታ፣ ፕሮጀክቱን ዛሬ ማታ ማቅረብ አልችልም።,Refusal,2,Refusal_09,train
5672,ባልደረባዬ፣ ስራ በመጋዘን እንዴት ነው?,Phatic,7,Phatic_09,val
5673,ከነጋዴው ጋር በስብሰባው ወቅት በፖሊስ ጣቢያ እገናኛለሁ።,Promise,8,Promise_04,val
5674,እባክዎ ቁልፉን ለጋዜጠኛው ከሶስት ሰዓት በኋላ ይላኩልኝ።,Request,0,Request_00,train
5675,እባክዎ መስኮቱን ለሹፌሩ ነገ ከሰዓት በኋላ ይላኩልኝ።,Request,0,Request_00,train
5676,ድርጅቱ ስለ ስልኩ ማስጠንቀቂያ ከምሽቱ ጀምሮ አውጥቷል።,Warning,4,Warning_08,train
5677,የትዕዛዙ ዋጋ በዚህ ወር ጨምሯል።,Assertion,1,Assertion_12,val
5678,ከመምህሩ ጋር ከአንድ ሰዓት በኋላ በስብሰባ ክፍል እገናኛለሁ።,Promise,8,Promise_04,val
5679,ገንዘብዎን ይጠብቁ፣ በሱቅ በዚህ ሳምንት ስርቆት ተከስቷል።,Warning,4,Warning_05,val
5680,እባክዎ ፕሮጀክቱን ለአለቃዬ ከምሽቱ ጀምሮ ይላኩልኝ።,Request,0,Request_00,train
5681,እንኳን ደስ አለህ ደንበኛው፣ ስለ ቁልፉ እንደገና ተሳስተሃል።,Sarcasm/Irony,5,Sarcasm/Irony_13,train
5682,ጎበዝ! በጣም ጥሩ ስራ ሰራህ ጠበቃው፣ ፕሮጀክቱን አበላሸኸው።,Sarcasm/Irony,5,Sarcasm/Irony_02,train
5683,እባክዎ ይቅርታ፣ መጽሐፉን በዚህ ሳምንት ማቅረብ አልችልም።,Refusal,2,Refusal_09,train
5684,እባክዎ ማሽኑን ለዶክተሩ በሚቀጥለው አመት ይላኩልኝ።,Request,0,Request_00,train
5685,ሂሳቡን በጥንቃቄ ከባልደረባዬ ጋር ብንመረምር ይሻላል።,Suggestion,3,Suggestion_11,val
5686,ጤና ይስጥልኝ ጠበቃው፣ ዛሬ ደህና ነህ?,Phatic,7,Phatic_12,train
5687,አለቃዬ፣ እንደምን አደርክ ነገ?,Phatic,7,Phatic_01,train
5688,ይቅርታ፣ ካርታውን በዚህ አመት ማድረግ አልችልም።,Refusal,2,Refusal_00,train
5689,እንዴት ጥሩ ነው ደንበኛው፣ በዚህ አመት ደግሞ ዘገየ።,Sarcasm/Irony,5,Sarcasm/Irony_10,val
5690,ይህን ሰነዱን ከዶክተሩ መቀበል አልችልም።,Refusal,2,Refusal_03,train
5691,የመልእክቱ ችግር ነገ ከሰዓት በኋላ ከመሐንዲሱ ጋር እፈታለሁ።,Promise,8,Promise_11,train
5692,ስብሰባው ያለ ማስታወቂያ በዚህ አመት በስብሰባ ክፍል ተሰርዟል።,Complaint,6,Complaint_09,test
5693,እባክዎ ውሃውን ያረጋግጡልኝ።,Request,0,Request_05,val
5694,ከዶክተሩ ጋር በዚህ ሳምንት በአውሮፕላን ማረፊያ እገናኛለሁ።,Promise,8,Promise_04,val
5695,ጥንቃቄ ያድርጉ፣ ከጥቂት ደቂቃዎች በኋላ መጋዘን ይንሸራተታል።,Warning,4,Warning_02,train
5696,ጎበዝ ስራ ጋዜጠኛው፣ ቁልፉ ሙሉ በሙሉ ፈርሷል።,Sarcasm/Irony,5,Sarcasm/Irony_09,train
5697,እባክዎ ውሃውን ለሚኒስትሩ በሚቀጥለው ወር ይላኩልኝ።,Request,0,Request_00,train
5698,ይህን ፋይሉን ከአስተማሪዋ መቀበል አልችልም።,Refusal,2,Refusal_03,train
5699,እባክህ ለልብሱ ይህን ዘዴ ከሶስት ሰዓት በኋላ ተጠቀም።,Suggestion,3,Suggestion_04,train
5700,የሪፖርቱ ችግር ዛሬ ከአስተማሪዋ ጋር እፈታለሁ።,Promise,8,Promise_11,train
5701,መስኮቱ ገና ወደ ሱቅ ከአንድ ሰዓት በኋላ አልደረሰኝም።,Complaint,6,Complaint_07,train
5702,የስልኩ ገመድ በሱቅ አደገኛ ነው ተጠንቀቁ።,Warning,4,Warning_07,train
5703,ድርጅቱ ስለ ዕቃው ማስጠንቀቂያ በሚቀጥለው ወር አውጥቷል።,Warning,4,Warning_08,train
5704,ማህበሩ ስለ መስኮቱ ማስጠንቀቂያ ነገ ከሰዓት በኋላ አውጥቷል።,Warning,4,Warning_08,train
5705,እባክዎ ስልኩን ያረጋግጡልኝ።,Request,0,Request_05,val
5706,ውሃው ገና ወደ ገበያ ከሁለት ቀናት በኋላ አልደረሰኝም።,Complaint,6,Complaint_07,train
5707,መሳሪያው ገና ወደ ቢሮ በዚህ ወር አልደረሰኝም።,Complaint,6,Complaint_07,train
5708,ዶክተሩ ሪፖርቱን ከሁለት ቀናት በኋላ አቅርበዋል።,Assertion,1,Assertion_13,test
5709,እቅዱን ነገ ከመንግስት ጋር እናሻሽል።,Suggestion,3,Suggestion_12,train
5710,የማሽኑ ችግር ዛሬ ማታ ከጋዜጠኛው ጋር እፈታለሁ።,Promise,8,Promise_11,train
5711,ከሚኒስትሩ ጋር ከአንድ ሰዓት በኋላ በፖሊስ ጣቢያ እገናኛለሁ።,Promise,8,Promise_04,val
5712,መሳሪያው ከመምህሩ አጠገብ አደገኛ ሊሆን ይችላል።,Warning,4,Warning_01,test
5713,በማዕከሉ አዲስ ስልት ዛሬ ማታ እንተግብር።,Suggestion,3,Suggestion_14,test
5714,ጎበዝ! በጣም ጥሩ ስራ ሰራህ ዶክተሩ፣ መስኮቱን አበላሸኸው።,Sarcasm/Irony,5,Sarcasm/Irony_02,train
5715,እባክዎ ቦርሳውን ለአለቃዬ በሚቀጥለው ወር ይላኩልኝ።,Request,0,Request_00,train
5716,እንደምን አለህ በመጋዘን፣ ነጋዴው?,Phatic,7,Phatic_11,val
5717,ድርጅቱ ስለ ገንዘቡ ማስጠንቀቂያ በሚቀጥለው ሳምንት አውጥቷል።,Warning,4,Warning_08,train
5718,ሰላም ጋዜጠኛው፣ ከሶስት ሰዓት በኋላ እንዴት ነህ?,Phatic,7,Phatic_00,train
5719,ተጠንቀቅ፣ በሚቀጥለው ሳምንት ፖሊስ ጣቢያ ውስጥ አደጋ አለ።,Warning,4,Warning_00,val
5720,ደህና ሁን አለቃዬ፣ እስከ ከአንድ ሰዓት በኋላ እንገናኝ።,Phatic,7,Phatic_13,train
5721,እባክህ ይቅርታ አድርግልኝ፣ ወደ ቤት ከጥቂት ደቂቃዎች በኋላ መምጣት አልችልም።,Refusal,2,Refusal_01,test
5722,ሪፖርቱ ገና ወደ አውሮፕላን ማረፊያ በዚህ ወር አልደረሰኝም።,Complaint,6,Complaint_07,train
5723,ማዕከሉ ስለ መጽሐፉ ማስጠንቀቂያ በሚቀጥለው አመት አውጥቷል።,Warning,4,Warning_08,train
5724,መሳሪያው ገና ወደ አውሮፕላን ማረፊያ በሳምንቱ መጨረሻ አልደረሰኝም።,Complaint,6,Complaint_07,train
5725,ዕቃው ገና ወደ ገበያ በዚህ ሳምንት አልደረሰኝም።,Complaint,6,Complaint_07,train
5726,ጤና ይስጥልኝ ፖሊሱ፣ በስብሰባው ወቅት ደህና ነህ?,Phatic,7,Phatic_12,train
5727,ነገ ከሰዓት በኋላ በመጋዘን ከባድ ዝናብ ሊዘንብ ይችላል ተጠንቀቁ።,Warning,4,Warning_03,test
5728,እንዴት ጎበዝ ነህ ሚኒስትሩ፣ ስጦታውን ሰብረኸዋል!,Sarcasm/Irony,5,Sarcasm/Irony_00,train
5729,ከጠበቃው ጋር በዚህ ወር በገበያ እገናኛለሁ።,Promise,8,Promise_04,val
5730,ፋብሪካው ስለ ደረሰኙ ማስጠንቀቂያ ነገ ከሰዓት በኋላ አውጥቷል።,Warning,4,Warning_08,train
5731,ሚኒስትሩ ወደ መንገድ ላይ ከሶስት ሰዓት በኋላ ሄደዋል።,Assertion,1,Assertion_07,train
5732,እባክዎ ሂሳቡን ለባልደረባዬ ነገ ከሰዓት በኋላ ይላኩልኝ።,Request,0,Request_00,train
5733,እባክዎ ማሽኑን ለደንበኛው ከዛሬ ጀምሮ ይላኩልኝ።,Request,0,Request_00,train
5734,ጥያቄው በፋብሪካ ይገኛል።,Assertion,1,Assertion_00,test
5735,ከሹፌሩ ጋር በሚቀጥለው ሳምንት በስብሰባ ክፍል እገናኛለሁ።,Promise,8,Promise_04,val
5736,እባክዎ ካርታውን ወደ ፋብሪካ ይላኩ።,Request,0,Request_06,test
5737,እባክዎ ካርታውን ወደ ከተማው ውስጥ ይላኩ።,Request,0,Request_06,test
5738,መጽሐፉ ገና ወደ ቤት በስብሰባው ወቅት አልደረሰኝም።,Complaint,6,Complaint_07,train
5739,ያልተፈቀደ ግቢ ወደ ትምህርት ቤት ነገ ከሰዓት በኋላ አይግቡ።,Warning,4,Warning_09,test
5740,እባክዎ ይቅርታ፣ ገንዘቡን ከሶስት ሰዓት በኋላ ማቅረብ አልችልም።,Refusal,2,Refusal_09,train
5741,እባክዎ ደብዳቤውን ለነጋዴው ነገ ጠዋት ይላኩልኝ።,Request,0,Request_00,train
5742,አስተማሪዋ ወደ ገበያ ዛሬ ማታ ሄደዋል።,Assertion,1,Assertion_07,train
5743,መንግስት ነገ ጠዋት አዲስ ሰራተኞችን ቀጥሯል።,Assertion,1,Assertion_09,train
5744,ጎበዝ ስራ ስራ አስኪያጁ፣ ሂሳቡ ሙሉ በሙሉ ፈርሷል።,Sarcasm/Irony,5,Sarcasm/Irony_09,train
5745,እባክሽ ቡናውን ከምሽቱ ጀምሮ አምጪልኝ።,Request,0,Request_09,test
5746,እንኳን ደስ አለህ ዶክተሩ ከሶስት ሰዓት በኋላ።,Phatic,7,Phatic_07,train
5747,ያልተፈቀደ ግቢ ወደ ስብሰባ ክፍል በሳምንቱ መጨረሻ አይግቡ።,Warning,4,Warning_09,test
5748,በሩ ገና ወደ ገበያ በዚህ አመት አልደረሰኝም።,Complaint,6,Complaint_07,train
5749,እባክዎ ልብሱን ለባልደረባዬ ከሶስት ሰዓት በኋላ ይላኩልኝ።,Request,0,Request_00,train
5750,ዶክተሩ፣ ቤተሰብ በስብሰባ ክፍል እንዴት ናቸው?,Phatic,7,Phatic_05,val
5751,እባክዎ ትዕዛዙን ለጓደኛዬ ነገ ይላኩልኝ።,Request,0,Request_00,train
5752,እንደምን አለህ በባንክ፣ ፖሊሱ?,Phatic,7,Phatic_11,val
5753,ደህና እደር ዶክተሩ፣ በዚህ ሳምንት እንገናኝ።,Phatic,7,Phatic_06,train
5754,ስለ ሰነዱ ከስራ አስኪያጁ ጋር ማሰብ ይኖርብናል።,Suggestion,3,Suggestion_03,train
5755,እባክዎ ለመምህሩ ስለ ደብዳቤው ይንገሩልኝ።,Request,0,Request_04,val
5756,የመሳሪያው ወጪውን በባንክ ብንቀንስ የተሻለ ነው።,Suggestion,3,Suggestion_13,train
5757,የጥያቄው ዋጋውን ነገ ብንቀንስ ደንበኞች ይጨምራሉ።,Suggestion,3,Suggestion_07,train
5758,ቡናውን ከጥቂት ደቂቃዎች በኋላ ብንሞክር ጥሩ ይሆናል።,Suggestion,3,Suggestion_00,train
5759,እቅዱን በዚህ ሳምንት ከማዕከሉ ጋር እናሻሽል።,Suggestion,3,Suggestion_12,train
5760,ደህና እደር ነጋዴው፣ ከጥቂት ደቂቃዎች በኋላ እንገናኝ።,Phatic,7,Phatic_06,train
5761,እባክዎ ከጥቂት ደቂቃዎች በኋላ ወደ ፖሊስ ጣቢያ ይድረሱልኝ።,Request,0,Request_07,val
5762,ኤጀንሲው ስለ ፕሮጀክቱ ማስጠንቀቂያ በሳምንቱ መጨረሻ አውጥቷል።,Warning,4,Warning_08,train
5763,ፕሮጀክቱ በአውሮፕላን ማረፊያ ይገኛል።,Assertion,1,Assertion_00,test
5764,ባንኩ ስለ ገንዘቡ ማስጠንቀቂያ ከሰዓት በኋላ አውጥቷል።,Warning,4,Warning_08,train
5765,ማሽኑን በጥንቃቄ ከነጋዴው ጋር ብንመረምር ይሻላል።,Suggestion,3,Suggestion_11,val
5766,ደንበኛው፣ ጤና ይስጥልኝ በገበያ።,Phatic,7,Phatic_03,train
5767,እባክዎ ዕቃውን ከአንድ ሰዓት በኋላ ይላኩልኝ።,Request,0,Request_13,val
5768,እባክዎ ይቅርታ፣ ቁልፉን ከጥቂት ደቂቃዎች በኋላ ማቅረብ አልችልም።,Refusal,2,Refusal_09,train
5769,ተጠንቀቅ፣ በሚቀጥለው ወር ባንክ ውስጥ አደጋ አለ።,Warning,4,Warning_00,val
5770,ዕቃው ገና ወደ ሆስፒታል በሚቀጥለው ወር አልደረሰኝም።,Complaint,6,Complaint_07,train
5771,ማዕከሉ ስለ ሰነዱ ማስጠንቀቂያ በሚቀጥለው አመት አውጥቷል።,Warning,4,Warning_08,train
5772,ሚኒስትሩ ወደ ፖሊስ ጣቢያ ነገ ከሰዓት በኋላ ሄደዋል።,Assertion,1,Assertion_07,train
5773,ገንዘቡ ገና ወደ ትምህርት ቤት ከምሽቱ ጀምሮ አልደረሰኝም።,Complaint,6,Complaint_07,train
5774,በጣም ደግ ነህ ደንበኛው፣ በቤት ምንም እርዳታ አልሰጠኸኝም።,Sarcasm/Irony,5,Sarcasm/Irony_12,train
5775,የመልእክቱ ችግር በሳምንቱ መጨረሻ ከሹፌሩ ጋር እፈታለሁ።,Promise,8,Promise_11,train
5776,አስተማሪዋ ወደ ስብሰባ ክፍል በሚቀጥለው አመት ሄደዋል።,Assertion,1,Assertion_07,train
5777,ማንነትዎን ለማያውቁት አለቃዬ በባንክ አይስጡ።,Warning,4,Warning_14,test
5778,ጠበቃው ወደ ከተማው ውስጥ በዚህ አመት ሄደዋል።,Assertion,1,Assertion_07,train
5779,የደረሰኙ ገመድ በቢሮ አደገኛ ነው ተጠንቀቁ።,Warning,4,Warning_07,train
5780,በፍርድ ቤት ትንሽ እረፍት በሚቀጥለው አመት ብንወስድ ጥሩ ነው።,Suggestion,3,Suggestion_09,test
5781,የፕሮጀክቱ ችግር ዛሬ ከአስተማሪዋ ጋር እፈታለሁ።,Promise,8,Promise_11,train
5782,ስጦታውን ከሁለት ቀናት በኋላ ብንሞክር ጥሩ ይሆናል።,Suggestion,3,Suggestion_00,train
5783,ወደ ፋብሪካ በዚህ ወር መሄድ አልችልም።,Refusal,2,Refusal_13,test
5784,ጥያቄው ገና ወደ ሱቅ ከዛሬ ጀምሮ አልደረሰኝም።,Complaint,6,Complaint_07,train
5785,የጥያቄው ችግር ከሁለት ቀናት በኋላ ከባልደረባዬ ጋር እፈታለሁ።,Promise,8,Promise_11,train
5786,እባክዎ ለፖሊሱ ምርቱን ያድርሱ።,Request,0,Request_14,test
5787,በሳምንቱ መጨረሻ በቢሮ ከባድ ዝናብ ሊዘንብ ይችላል ተጠንቀቁ።,Warning,4,Warning_03,test
5788,የገንዘቡ ችግር ዛሬ ማታ ከባልደረባዬ ጋር እፈታለሁ።,Promise,8,Promise_11,train
5789,ቁልፉ ገና ወደ ትምህርት ቤት በስብሰባው ወቅት አልደረሰኝም።,Complaint,6,Complaint_07,train
5790,ስለ መኪናው ጉዳይ ከጠበቃው ጋር እንወያይ።,Suggestion,3,Suggestion_10,train
5791,ደህና ከሶስት ሰዓት በኋላ ይሁንልህ ሹፌሩ።,Phatic,7,Phatic_02,train
5792,እባክዎ መጽሐፉን ለሚኒስትሩ ከአንድ ሰዓት በኋላ ይላኩልኝ።,Request,0,Request_00,train
5793,ከመሐንዲሱ ጋር ከሁለት ቀናት በኋላ በቢሮ እገናኛለሁ።,Promise,8,Promise_04,val
5794,እባክዎ መስኮቱን ወደ አውሮፕላን ማረፊያ ይላኩ።,Request,0,Request_06,test
5795,እባክሽ ስጦታውን ዛሬ አምጪልኝ።,Request,0,Request_09,test
5796,ወደ መጋዘን በሚቀጥለው አመት ብቻዎን አይሂዱ።,Warning,4,Warning_06,test
5797,እባክሽ መኪናውን ነገ ከሰዓት በኋላ አምጪልኝ።,Request,0,Request_09,test
5798,መጽሐፉን በጥንቃቄ ከጓደኛዬ ጋር ብንመረምር ይሻላል።,Suggestion,3,Suggestion_11,val
5799,ባልደረባዬ ወደ መጋዘን ከአንድ ሰዓት በኋላ ሄደዋል።,Assertion,1,Assertion_07,train
5800,እባክዎ ፋይሉን ለደንበኛው ነገ ይላኩልኝ።,Request,0,Request_00,train
5801,ደህና በዚህ አመት ይሁንልህ ባልደረባዬ።,Phatic,7,Phatic_02,train
5802,ባልደረባዬ ሪፖርቱን ከጥቂት ደቂቃዎች በኋላ አቅርበዋል።,Assertion,1,Assertion_13,test
5803,ከጓደኛዬ ጋር ከጥቂት ደቂቃዎች በኋላ በመንገድ ላይ እገናኛለሁ።,Promise,8,Promise_04,val
5804,ሂሳቡ ገና ወደ ፖሊስ ጣቢያ በስብሰባው ወቅት አልደረሰኝም።,Complaint,6,Complaint_07,train
5805,ባልደረባዬ፣ እንደምን አደርክ በሳምንቱ መጨረሻ?,Phatic,7,Phatic_01,train
5806,አዎ በርግጥ፣ የማዕከሉ እቅድ በነገ በጭራሽ አይከሽፍም።,Sarcasm/Irony,5,Sarcasm/Irony_11,train
5807,ደህና በዚህ ወር ይሁንልህ ፖሊሱ።,Phatic,7,Phatic_02,train
5808,የቦርሳው ዋጋ በሚቀጥለው ወር ጨምሯል።,Assertion,1,Assertion_12,val
5809,እባክዎ ቦርሳውን ለፖሊሱ በሚቀጥለው ወር ይላኩልኝ።,Request,0,Request_00,train
5810,ያልተፈቀደ ግቢ ወደ ባንክ በሚቀጥለው አመት አይግቡ።,Warning,4,Warning_09,test
5811,ይቅርታ፣ ሪፖርቱን ከምሽቱ ጀምሮ ማድረግ አልችልም።,Refusal,2,Refusal_00,train
5812,ፕሮጀክቱን በሚቀጥለው አመት ከአለቃዬ ጋር ብንጀምር ይሻላል።,Suggestion,3,Suggestion_08,val
5813,እባክዎ ፋይሉን ለስራ አስኪያጁ ዛሬ ይላኩልኝ።,Request,0,Request_00,train
5814,ድርጅቱ ስለ ስልኩ ማስጠንቀቂያ ከሰዓት በኋላ አውጥቷል።,Warning,4,Warning_08,train
5815,ደህና እደር አስተማሪዋ፣ ከሁለት ቀናት በኋላ እንገናኝ።,Phatic,7,Phatic_06,train
5816,ስለ ትዕዛዙ ጉዳይ ከመሐንዲሱ ጋር እንወያይ።,Suggestion,3,Suggestion_10,train
5817,እባክህ ለደረሰኙ ይህን ዘዴ በዚህ ወር ተጠቀም።,Suggestion,3,Suggestion_04,train
5818,ገንዘቡን ለመምህሩ በሳምንቱ መጨረሻ እከፍላለሁ።,Promise,8,Promise_02,test
5819,ፖሊሱ፣ ስራ በሆስፒታል እንዴት ነው?,Phatic,7,Phatic_09,val
5820,ጠበቃው ወደ መንገድ ላይ በዚህ አመት ሄደዋል።,Assertion,1,Assertion_07,train
5821,ተጠንቀቅ፣ ከአንድ ሰዓት በኋላ ትምህርት ቤት ውስጥ አደጋ አለ።,Warning,4,Warning_00,val
5822,ሰላም ባልደረባዬ፣ በዚህ ወር እንዴት ነህ?,Phatic,7,Phatic_00,train
5823,ዶክተሩ ወደ ፖሊስ ጣቢያ ዛሬ ሄደዋል።,Assertion,1,Assertion_07,train
5824,አስተማሪዋ፣ ስራ በፍርድ ቤት እንዴት ነው?,Phatic,7,Phatic_09,val
5825,እባክዎ ለነጋዴው መጽሐፉን ያድርሱ።,Request,0,Request_14,test
5826,አዎ በእርግጥ፣ ዶክተሩ ነገ ከሰዓት በኋላ ትመጣለህ ብዬ አላምንም።,Sarcasm/Irony,5,Sarcasm/Irony_01,test
5827,እባክዎ ለባልደረባዬ ዕቃውን ያድርሱ።,Request,0,Request_14,test
5828,ይህን ካርታውን ከጓደኛዬ መቀበል አልችልም።,Refusal,2,Refusal_03,train
5829,ፕሮጀክቱን በሚቀጥለው ወር ብንሞክር ጥሩ ይሆናል።,Suggestion,3,Suggestion_00,train
5830,ትዕዛዙ በቤት ይገኛል።,Assertion,1,Assertion_00,test
5831,የበሩ ችግር በሳምንቱ መጨረሻ ከፖሊሱ ጋር እፈታለሁ።,Promise,8,Promise_11,train
5832,ጋዜጠኛው ወደ አውሮፕላን ማረፊያ ከሶስት ሰዓት በኋላ ሄደዋል።,Assertion,1,Assertion_07,train
5833,ከዶክተሩ ጋር ከምሽቱ ጀምሮ በቤት እገናኛለሁ።,Promise,8,Promise_04,val
5834,ማህበሩ በሚቀጥለው አመት ትርፍ አግኝቷል።,Assertion,1,Assertion_04,test
5835,አዎ በርግጥ፣ የስቱዲዮው እቅድ በበዚህ አመት በጭራሽ አይከሽፍም።,Sarcasm/Irony,5,Sarcasm/Irony_11,train
5836,መሐንዲሱ ወደ ሱቅ በሚቀጥለው ሳምንት ሄደዋል።,Assertion,1,Assertion_07,train
5837,ምርቱ ገና ወደ ሱቅ ነገ አልደረሰኝም።,Complaint,6,Complaint_07,train
5838,የደብዳቤው ዋጋውን ዛሬ ማታ ብንቀንስ ደንበኞች ይጨምራሉ።,Suggestion,3,Suggestion_07,train
5839,እርግጠኛ ነኝ ፖሊሱ በዚህ ወር ይደርሳሉ፣ እንደ ሁልጊዜው።,Sarcasm/Irony,5,Sarcasm/Irony_05,test
5840,ኩባንያው ስለ ቦርሳው ማስጠንቀቂያ ከዛሬ ጀምሮ አውጥቷል።,Warning,4,Warning_08,train
5841,እባክህ ይቅርታ አድርግልኝ፣ ወደ ሆስፒታል በዚህ አመት መምጣት አልችልም።,Refusal,2,Refusal_01,test
5842,እባክዎ ሰነዱን ለአለቃዬ ከሶስት ሰዓት በኋላ ይላኩልኝ።,Request,0,Request_00,train
5843,በጣም ጎበዝ ነው መንግስት፣ በሆስፒታል ደንበኞችን ችላ ይላል።,Sarcasm/Irony,5,Sarcasm/Irony_06,test
5844,እርግጠኛ ነኝ ፖሊሱ ከሶስት ሰዓት በኋላ ይደርሳሉ፣ እንደ ሁልጊዜው።,Sarcasm/Irony,5,Sarcasm/Irony_05,test
5845,የማሽኑ ችግር ከምሽቱ ጀምሮ ከጋዜጠኛው ጋር እፈታለሁ።,Promise,8,Promise_11,train
5846,ገበያ በሳምንቱ መጨረሻ ተከፍቷል።,Assertion,1,Assertion_14,train
5847,ይህ ቡናው ከኩባንያው ከተገለጸው ጋር አይመሳሰልም።,Complaint,6,Complaint_12,test
5848,ስራ አስኪያጁ ወደ አውሮፕላን ማረፊያ ከጥቂት ደቂቃዎች በኋላ ሄደዋል።,Assertion,1,Assertion_07,train
5849,በስቱዲዮው አዲስ ስልት ነገ ከሰዓት በኋላ እንተግብር።,Suggestion,3,Suggestion_14,test
5850,ቅሬታዬን ለመሐንዲሱ በዚህ ሳምንት ብናገርም ማንም አልሰማኝም።,Complaint,6,Complaint_14,val
5851,ባልደረባዬ፣ ጤና ይስጥልኝ በቤት።,Phatic,7,Phatic_03,train
5852,መስኮቱ ገና ወደ ፍርድ ቤት በሳምንቱ መጨረሻ አልደረሰኝም።,Complaint,6,Complaint_07,train
5853,መጽሐፉ ገና ወደ ባንክ ከዛሬ ጀምሮ አልደረሰኝም።,Complaint,6,Complaint_07,train
5854,ባንኩ ስለ ገንዘቡ ማስጠንቀቂያ በሳምንቱ መጨረሻ አውጥቷል።,Warning,4,Warning_08,train
5855,የመጽሐፉ ችግር ከአንድ ሰዓት በኋላ ከፖሊሱ ጋር እፈታለሁ።,Promise,8,Promise_11,train
5856,ወደ ገበያ ከአንድ ሰዓት በኋላ መሄድ አልችልም።,Refusal,2,Refusal_13,test
5857,ከመሐንዲሱ ጋር ከሶስት ሰዓት በኋላ መነጋገር ይሻላል።,Suggestion,3,Suggestion_06,val
5858,አዎ በርግጥ፣ የኤጀንሲው እቅድ በበሚቀጥለው አመት በጭራሽ አይከሽፍም።,Sarcasm/Irony,5,Sarcasm/Irony_11,train
5859,እባክዎ መስኮቱን ለፖሊሱ በዚህ ወር ይላኩልኝ።,Request,0,Request_00,train
5860,እባክዎ ይቅርታ፣ ልብሱን ከጥቂት ደቂቃዎች በኋላ ማቅረብ አልችልም።,Refusal,2,Refusal_09,train
5861,ባንኩ ስለ ቁልፉ ማስጠንቀቂያ በዚህ ወር አውጥቷል።,Warning,4,Warning_08,train
5862,እባክዎ ገንዘቡን ለሹፌሩ በሚቀጥለው ሳምንት ይላኩልኝ።,Request,0,Request_00,train
5863,ጋዜጠኛው ወደ አውሮፕላን ማረፊያ ከሁለት ቀናት በኋላ ሄደዋል።,Assertion,1,Assertion_07,train
5864,እባክዎ መጽሐፉን ወደ ከተማው ውስጥ ይላኩ።,Request,0,Request_06,test
5865,የፕሮጀክቱ ችግር ከአንድ ሰዓት በኋላ ከነጋዴው ጋር እፈታለሁ።,Promise,8,Promise_11,train
5866,ስቱዲዮው ስለ ደረሰኙ ማስጠንቀቂያ ከዛሬ ጀምሮ አውጥቷል።,Warning,4,Warning_08,train
5867,ገንዘቡ ገና ወደ ትምህርት ቤት በሚቀጥለው ሳምንት አልደረሰኝም።,Complaint,6,Complaint_07,train
5868,ትምህርት ቤት በሳምንቱ መጨረሻ ተከፍቷል።,Assertion,1,Assertion_14,train
5869,ይህን ቡናውን ከጓደኛዬ ጋር በጥንቃቄ ያዙ።,Warning,4,Warning_04,val
5870,ድርጅቱ ስለ ደብዳቤው ማስጠንቀቂያ ከሁለት ቀናት በኋላ አውጥቷል።,Warning,4,Warning_08,train
5871,እባክዎ መሳሪያውን ለአስተማሪዋ በሚቀጥለው ሳምንት ይላኩልኝ።,Request,0,Request_00,train
5872,ወደ ስብሰባ ክፍል በስብሰባው ወቅት እንሂድ።,Suggestion,3,Suggestion_01,test
5873,ያልተፈቀደ ግቢ ወደ ቢሮ ነገ አይግቡ።,Warning,4,Warning_09,test
5874,ማዕከሉ ስለ ሂሳቡ ማስጠንቀቂያ ከሁለት ቀናት በኋላ አውጥቷል።,Warning,4,Warning_08,train
5875,እባክዎ ውሉን ለዶክተሩ ዛሬ ይላኩልኝ።,Request,0,Request_00,train
5876,ባንኩ ስለ ገንዘቡ ማስጠንቀቂያ በሚቀጥለው አመት አውጥቷል።,Warning,4,Warning_08,train
5877,ሚኒስቴሩ ነገ ከሰዓት በኋላ ትርፍ አግኝቷል።,Assertion,1,Assertion_04,test
5878,ዕቃው ገና ወደ ሆስፒታል ዛሬ አልደረሰኝም።,Complaint,6,Complaint_07,train
5879,እንኳን ወደ ሆስፒታል ደህና መጣህ ነጋዴው።,Phatic,7,Phatic_04,test
5880,ስቱዲዮው ስለ ደብዳቤው ማስጠንቀቂያ ከዛሬ ጀምሮ አውጥቷል።,Warning,4,Warning_08,train
5881,ጠበቃው፣ ስራ በቤት እንዴት ነው?,Phatic,7,Phatic_09,val
5882,የመኪናው ችግር ከዛሬ ጀምሮ ከጋዜጠኛው ጋር እፈታለሁ።,Promise,8,Promise_11,train
5883,ከጥቂት ደቂቃዎች በኋላ በፍርድ ቤት መገኘት አልችልም።,Refusal,2,Refusal_04,val
5884,ከመምህሩ ጋር ስለ ሂሳቡ ጉዳይ መስማማት አልችልም።,Refusal,2,Refusal_06,train
5885,ከአስተማሪዋ ጋር ከዛሬ ጀምሮ በፖሊስ ጣቢያ እገናኛለሁ።,Promise,8,Promise_04,val
5886,ጎበዝ! በጣም ጥሩ ስራ ሰራህ ሹፌሩ፣ ቤቱን አበላሸኸው።,Sarcasm/Irony,5,Sarcasm/Irony_02,train
5887,ባልደረባዬ ወደ ገበያ ከሶስት ሰዓት በኋላ ሄደዋል።,Assertion,1,Assertion_07,train
5888,ወደ ሆስፒታል ከሰዓት በኋላ ብቻዎን አይሂዱ።,Warning,4,Warning_06,test
5889,እንኳን ደስ አለህ ደንበኛው ከጥቂት ደቂቃዎች በኋላ።,Phatic,7,Phatic_07,train
5890,ጋዜጠኛው ወደ ሆስፒታል ከሶስት ሰዓት በኋላ ሄደዋል።,Assertion,1,Assertion_07,train
5891,ኮምፒዩተሩ ገና ወደ ሆስፒታል በሚቀጥለው ሳምንት አልደረሰኝም።,Complaint,6,Complaint_07,train
5892,እንዴት ጥሩ ነው አስተማሪዋ፣ ከምሽቱ ጀምሮ ደግሞ ዘገየ።,Sarcasm/Irony,5,Sarcasm/Irony_10,val
5893,ደህና ነገ ይሁንልህ አለቃዬ።,Phatic,7,Phatic_02,train
5894,እባክዎ ቁልፉን ለጋዜጠኛው በስብሰባው ወቅት ይላኩልኝ።,Request,0,Request_00,train
5895,ሹፌሩ ወደ ፖሊስ ጣቢያ በሳምንቱ መጨረሻ ሄደዋል።,Assertion,1,Assertion_07,train
5896,ማዕከሉ ስለ ቤቱ ማስጠንቀቂያ በሳምንቱ መጨረሻ አውጥቷል።,Warning,4,Warning_08,train
5897,ከስራ አስኪያጁ ጋር በዚህ አመት በመጋዘን እገናኛለሁ።,Promise,8,Promise_04,val
5898,እባክሽ መጽሐፉን ከአንድ ሰዓት በኋላ አምጪልኝ።,Request,0,Request_09,test
5899,እባክዎ ፕሮጀክቱን ለዶክተሩ በሚቀጥለው አመት ይላኩልኝ።,Request,0,Request_00,train
5900,ውሉ ገና ወደ ከተማው ውስጥ ከሁለት ቀናት በኋላ አልደረሰኝም።,Complaint,6,Complaint_07,train
5901,በጣም ብልህ ነህ ዶክተሩ፣ ትዕዛዙን ረሳኸው።,Sarcasm/Irony,5,Sarcasm/Irony_04,train
5902,ነጋዴው ወደ ፋብሪካ ነገ ጠዋት ሄደዋል።,Assertion,1,Assertion_07,train
5903,ዶክተሩ፣ ጤና ይስጥልኝ በፋብሪካ።,Phatic,7,Phatic_03,train
5904,የምርቱ ችግር ዛሬ ማታ ከስራ አስኪያጁ ጋር እፈታለሁ።,Promise,8,Promise_11,train
5905,እሰይ፣ ሌላ ችግር በትምህርት ቤት በስብሰባው ወቅት፣ ልክ የሚያስፈልገን ይሄው ነበር።,Sarcasm/Irony,5,Sarcasm/Irony_07,train
5906,እንኳን አደረሳችሁ ሚኒስትሩ፣ በቤት።,Phatic,7,Phatic_14,test
5907,ዶክተሩ ወደ ከተማው ውስጥ ነገ ከሰዓት በኋላ ሄደዋል።,Assertion,1,Assertion_07,train
5908,ማንነትዎን ለማያውቁት መምህሩ በአውሮፕላን ማረፊያ አይስጡ።,Warning,4,Warning_14,test
5909,ስራ አስኪያጁ ለቅሬታዬ ምላሽ ዛሬ አልሰጡም።,Complaint,6,Complaint_06,val
5910,ስራውን ከጓደኛዬ ጋር በሚቀጥለው ሳምንት እጨርሳለሁ።,Promise,8,Promise_01,test
5911,ሰነዱን በጥንቃቄ ከደንበኛው ጋር ብንመረምር ይሻላል።,Suggestion,3,Suggestion_11,val
5912,ሹፌሩ ወደ ፋብሪካ ዛሬ ሄደዋል።,Assertion,1,Assertion_07,train
5913,እባክዎ ዕቃውን ለጠበቃው ከዛሬ ጀምሮ ይላኩልኝ።,Request,0,Request_00,train
5914,እንኳን ደስ አለህ ጋዜጠኛው በዚህ ሳምንት።,Phatic,7,Phatic_07,train
5915,ፋብሪካው በዚህ ሳምንት አዲስ ሰራተኞችን ቀጥሯል።,Assertion,1,Assertion_09,train
5916,እባክዎ ቤቱን ለአስተማሪዋ ከጥቂት ደቂቃዎች በኋላ ይላኩልኝ።,Request,0,Request_00,train
5917,የዕቃው ችግር በሚቀጥለው ወር ከመምህሩ ጋር እፈታለሁ።,Promise,8,Promise_11,train
5918,እንኳን አደረሳችሁ መምህሩ፣ በቤት።,Phatic,7,Phatic_14,test
5919,እባክዎ መሳሪያውን ለአስተማሪዋ በዚህ ወር ይላኩልኝ።,Request,0,Request_00,train
5920,ወደ ሆስፒታል በሚቀጥለው ሳምንት ብቻዎን አይሂዱ።,Warning,4,Warning_06,test
5921,እባክህ ለዕቃው ይህን ዘዴ በዚህ ሳምንት ተጠቀም።,Suggestion,3,Suggestion_04,train
5922,ይህ ምርቱ ከስቱዲዮው ከተገለጸው ጋር አይመሳሰልም።,Complaint,6,Complaint_12,test
5923,በትምህርት ቤት ትንሽ እረፍት ከሶስት ሰዓት በኋላ ብንወስድ ጥሩ ነው።,Suggestion,3,Suggestion_09,test
5924,እባክዎ ይቅርታ፣ ስጦታውን በዚህ ወር ማቅረብ አልችልም።,Refusal,2,Refusal_09,train
5925,እባክዎ መጽሐፉን ለፖሊሱ ከዛሬ ጀምሮ ይላኩልኝ።,Request,0,Request_00,train
5926,እባክዎ ሪፖርቱን ለደንበኛው ዛሬ ይላኩልኝ።,Request,0,Request_00,train
5927,ደብዳቤውን በጥንቃቄ ከጋዜጠኛው ጋር ብንመረምር ይሻላል።,Suggestion,3,Suggestion_11,val
5928,የኮምፒዩተሩ ችግር በዚህ አመት ከሚኒስትሩ ጋር እፈታለሁ።,Promise,8,Promise_11,train
5929,እንኳን ወደ ፋብሪካ ደህና መጣህ ነጋዴው።,Phatic,7,Phatic_04,test
5930,ውሉ ገና ወደ አውሮፕላን ማረፊያ ነገ ጠዋት አልደረሰኝም።,Complaint,6,Complaint_07,train
5931,እባክዎ ሰነዱን ለጓደኛዬ በስብሰባው ወቅት ይላኩልኝ።,Request,0,Request_00,train
5932,እባክዎ ይቅርታ፣ ቡናውን ከሁለት ቀናት በኋላ ማቅረብ አልችልም።,Refusal,2,Refusal_09,train
5933,እባክዎ ይቅርታ፣ በሩን በዚህ ወር ማቅረብ አልችልም።,Refusal,2,Refusal_09,train
5934,በጣም ደግ ነህ መሐንዲሱ፣ በመንገድ ላይ ምንም እርዳታ አልሰጠኸኝም።,Sarcasm/Irony,5,Sarcasm/Irony_12,train
5935,አለቃዬ ሪፖርቱን በሚቀጥለው ሳምንት አቅርበዋል።,Assertion,1,Assertion_13,test
5936,እባክዎ ይቅርታ፣ ሂሳቡን በሚቀጥለው ወር ማቅረብ አልችልም።,Refusal,2,Refusal_09,train
5937,ኩባንያው ስለ ካርታው ማስጠንቀቂያ ከምሽቱ ጀምሮ አውጥቷል።,Warning,4,Warning_08,train
5938,በትምህርት ቤት ትንሽ እረፍት ነገ ከሰዓት በኋላ ብንወስድ ጥሩ ነው።,Suggestion,3,Suggestion_09,test
5939,ዶክተሩ ወደ ስብሰባ ክፍል ከጥቂት ደቂቃዎች በኋላ ሄደዋል።,Assertion,1,Assertion_07,train
5940,አዎ በእርግጥ፣ አለቃዬ ነገ ትመጣለህ ብዬ አላምንም።,Sarcasm/Irony,5,Sarcasm/Irony_01,test
5941,የመሳሪያው ችግር በሚቀጥለው ሳምንት ከስራ አስኪያጁ ጋር እፈታለሁ።,Promise,8,Promise_11,train
5942,በሳምንቱ መጨረሻ በፖሊስ ጣቢያ መገኘት አልችልም።,Refusal,2,Refusal_04,val
5943,ስለ መስኮቱ ከአስተማሪዋ ጋር ማሰብ ይኖርብናል።,Suggestion,3,Suggestion_03,train
5944,እንዴት ደስ ይላል፣ መሐንዲሱ እንደገና ነገ ጠዋት ዘገዩ።,Sarcasm/Irony,5,Sarcasm/Irony_03,train
5945,በቢሮ ትንሽ እረፍት ከሰዓት በኋላ ብንወስድ ጥሩ ነው።,Suggestion,3,Suggestion_09,test
5946,ሹፌሩ፣ እንደምን አደርክ ከዛሬ ጀምሮ?,Phatic,7,Phatic_01,train
5947,መምህሩ፣ እንደምን አደርክ በዚህ አመት?,Phatic,7,Phatic_01,train
5948,እርግጠኛ ነኝ ደንበኛው በዚህ ሳምንት ይደርሳሉ፣ እንደ ሁልጊዜው።,Sarcasm/Irony,5,Sarcasm/Irony_05,test
5949,ስለ መሳሪያው ከጋዜጠኛው ጋር ማሰብ ይኖርብናል።,Suggestion,3,Suggestion_03,train
5950,ቤቱ ገና ወደ ከተማው ውስጥ ነገ ጠዋት አልደረሰኝም።,Complaint,6,Complaint_07,train
5951,በጣም ብልህ ነህ ጠበቃው፣ ኮምፒዩተሩን ረሳኸው።,Sarcasm/Irony,5,Sarcasm/Irony_04,train
5952,በጣም ትክክለኛ ነው ጠበቃው፣ በሆስፒታል ሁልጊዜ እንደዚህ ይሆናል።,Sarcasm/Irony,5,Sarcasm/Irony_08,val
5953,በጣም ትክክለኛ ነው ሹፌሩ፣ በቢሮ ሁልጊዜ እንደዚህ ይሆናል።,Sarcasm/Irony,5,Sarcasm/Irony_08,val
5954,ባልደረባዬ ሪፖርቱን በስብሰባው ወቅት አቅርበዋል።,Assertion,1,Assertion_13,test
5955,እምቢ ማለት እፈልጋለሁ፣ ይህ ውሉ አይሆንልኝም።,Refusal,2,Refusal_05,train
5956,እንኳን አደረሳችሁ ሚኒስትሩ፣ በገበያ።,Phatic,7,Phatic_14,test
5957,ማሽኑ ገና ወደ ቢሮ በዚህ ሳምንት አልደረሰኝም።,Complaint,6,Complaint_07,train
5958,እባክዎ ደረሰኙን ለሚኒስትሩ ነገ ጠዋት ይላኩልኝ።,Request,0,Request_00,train
5959,እንዴት ጥሩ ነው ጓደኛዬ፣ ከሶስት ሰዓት በኋላ ደግሞ ዘገየ።,Sarcasm/Irony,5,Sarcasm/Irony_10,val
5960,የቁልፉ ችግር ከሶስት ሰዓት በኋላ ከሚኒስትሩ ጋር እፈታለሁ።,Promise,8,Promise_11,train
5961,ፋብሪካው ስለ ጥያቄው ማስጠንቀቂያ ዛሬ አውጥቷል።,Warning,4,Warning_08,train
5962,ወደ ፋብሪካ ነገ ጠዋት እንሂድ።,Suggestion,3,Suggestion_01,test
5963,በሩ ገና ወደ መጋዘን ከሁለት ቀናት በኋላ አልደረሰኝም።,Complaint,6,Complaint_07,train
5964,ደብዳቤው በፋብሪካ ይገኛል።,Assertion,1,Assertion_00,test
5965,ማዕከሉ ስለ ቡናው ማስጠንቀቂያ ነገ ጠዋት አውጥቷል።,Warning,4,Warning_08,train
5966,ጤና ይስጥልኝ ጓደኛዬ፣ በሚቀጥለው አመት ደህና ነህ?,Phatic,7,Phatic_12,train
5967,አስተማሪዋ ወደ ሱቅ በሚቀጥለው ወር ሄደዋል።,Assertion,1,Assertion_07,train
5968,ሹፌሩ ወደ ሆስፒታል ከሰዓት በኋላ ሄደዋል።,Assertion,1,Assertion_07,train
5969,የኮምፒዩተሩ ችግር ከአንድ ሰዓት በኋላ ከአለቃዬ ጋር እፈታለሁ።,Promise,8,Promise_11,train
5970,እንኳን አደረሳችሁ ፖሊሱ፣ በሆስፒታል።,Phatic,7,Phatic_14,test
5971,ያልተፈቀደ ግቢ ወደ መጋዘን ነገ ከሰዓት በኋላ አይግቡ።,Warning,4,Warning_09,test
5972,ዛሬ የአየር ሁኔታው ጥሩ ነው።,Assertion,1,Assertion_01,val
5973,ጓደኛዬ ወደ ቤት በዚህ ሳምንት ሄደዋል።,Assertion,1,Assertion_07,train
5974,ፖሊሱ ወደ ቢሮ በሚቀጥለው ሳምንት ሄደዋል።,Assertion,1,Assertion_07,train
5975,እባክዎ ካርታውን ለባልደረባዬ ዛሬ ይላኩልኝ።,Request,0,Request_00,train
5976,የውሃው ችግር በሚቀጥለው ወር ከአስተማሪዋ ጋር እፈታለሁ።,Promise,8,Promise_11,train
5977,እንዴት ጥሩ ነው ጓደኛዬ፣ ነገ ጠዋት ደግሞ ዘገየ።,Sarcasm/Irony,5,Sarcasm/Irony_10,val
5978,በሆስፒታል በሚቀጥለው ሳምንት ወንጀል ሊፈጸም ይችላል ተጠንቀቁ።,Warning,4,Warning_11,train
5979,የውሉ ችግር ነገ ከዶክተሩ ጋር እፈታለሁ።,Promise,8,Promise_11,train
5980,ትዕዛዙ ገና ወደ ፖሊስ ጣቢያ በዚህ ወር አልደረሰኝም።,Complaint,6,Complaint_07,train
5981,ጠበቃው ወደ አውሮፕላን ማረፊያ በሚቀጥለው ወር ሄደዋል።,Assertion,1,Assertion_07,train
5982,ቃል እገባለሁ፣ ደብዳቤውን በሚቀጥለው ወር አላዘገይም።,Promise,8,Promise_03,test
5983,ከሁለት ቀናት በኋላ በመጋዘን ስብሰባ እናድርግ።,Suggestion,3,Suggestion_02,train
5984,ከፖሊሱ ጋር ከምሽቱ ጀምሮ በሆስፒታል እገናኛለሁ።,Promise,8,Promise_04,val
5985,ከዶክተሩ ጋር በሳምንቱ መጨረሻ በስብሰባ ክፍል እገናኛለሁ።,Promise,8,Promise_04,val
5986,ሂሳቡን በጥንቃቄ ከስራ አስኪያጁ ጋር ብንመረምር ይሻላል።,Suggestion,3,Suggestion_11,val
5987,መጽሐፉ ገና ወደ ቢሮ ከጥቂት ደቂቃዎች በኋላ አልደረሰኝም።,Complaint,6,Complaint_07,train
5988,እሰይ፣ ሌላ ችግር በፋብሪካ በሳምንቱ መጨረሻ፣ ልክ የሚያስፈልገን ይሄው ነበር።,Sarcasm/Irony,5,Sarcasm/Irony_07,train
5989,ካርታውን በጥንቃቄ ከጓደኛዬ ጋር ብንመረምር ይሻላል።,Suggestion,3,Suggestion_11,val
5990,አዎ በእርግጥ፣ ሹፌሩ ከሰዓት በኋላ ትመጣለህ ብዬ አላምንም።,Sarcasm/Irony,5,Sarcasm/Irony_01,test
5991,ይህ ፕሮጀክቱ ከስቱዲዮው ከተገለጸው ጋር አይመሳሰልም።,Complaint,6,Complaint_12,test
5992,ሰላም አለቃዬ፣ ነገ እንዴት ነህ?,Phatic,7,Phatic_00,train
5993,የደረሰኙ ወጪውን በመጋዘን ብንቀንስ የተሻለ ነው።,Suggestion,3,Suggestion_13,train
5994,እንዴት ጎበዝ ነህ ሚኒስትሩ፣ መጽሐፉን ሰብረኸዋል!,Sarcasm/Irony,5,Sarcasm/Irony_00,train
5995,ይቅርታ፣ መጽሐፉን ዛሬ ማታ ማድረግ አልችልም።,Refusal,2,Refusal_00,train
5996,ከአለቃዬ ጋር ስለ ውሉ ጉዳይ መስማማት አልችልም።,Refusal,2,Refusal_06,train
5997,ኩባንያው ስለ ጥያቄው ማስጠንቀቂያ ከሶስት ሰዓት በኋላ አውጥቷል።,Warning,4,Warning_08,train
5998,ባልደረባዬ ወደ ከተማው ውስጥ በስብሰባው ወቅት ሄደዋል።,Assertion,1,Assertion_07,train
5999,በስብሰባው ወቅት በከተማው ውስጥ መገኘት አልችልም።,Refusal,2,Refusal_04,val
6000,እባክዎ ቁልፉን ለባልደረባዬ ከዛሬ ጀምሮ ይላኩልኝ።,Request,0,Request_00,train
6001,እሰይ፣ ሌላ ችግር በትምህርት ቤት ከሰዓት በኋላ፣ ልክ የሚያስፈልገን ይሄው ነበር።,Sarcasm/Irony,5,Sarcasm/Irony_07,train
6002,ባልደረባዬ፣ እንደምን አደርክ በሚቀጥለው አመት?,Phatic,7,Phatic_01,train
6003,እባክዎ ስለ ቡናው መረጃ ይስጡኝ።,Request,0,Request_11,test
6004,እንዴት ጎበዝ ነህ አስተማሪዋ፣ ደብዳቤውን ሰብረኸዋል!,Sarcasm/Irony,5,Sarcasm/Irony_00,train
6005,ሂሳቡ ገና ወደ ቤት በስብሰባው ወቅት አልደረሰኝም።,Complaint,6,Complaint_07,train
6006,ኤጀንሲው ስለ ቁልፉ ማስጠንቀቂያ በሚቀጥለው ወር አውጥቷል።,Warning,4,Warning_08,train
6007,በጣም ትክክለኛ ነው ነጋዴው፣ በትምህርት ቤት ሁልጊዜ እንደዚህ ይሆናል።,Sarcasm/Irony,5,Sarcasm/Irony_08,val
6008,እንደምን አለህ በቢሮ፣ ስራ አስኪያጁ?,Phatic,7,Phatic_11,val
6009,ይቅርታ፣ መጽሐፉን በዚህ አመት ማድረግ አልችልም።,Refusal,2,Refusal_00,train
6010,የካርታው ችግር ከሰዓት በኋላ ከነጋዴው ጋር እፈታለሁ።,Promise,8,Promise_11,train
6011,ባንኩ ነገ አዲስ ሰራተኞችን ቀጥሯል።,Assertion,1,Assertion_09,train
6012,ጎበዝ! በጣም ጥሩ ስራ ሰራህ መሐንዲሱ፣ ቤቱን አበላሸኸው።,Sarcasm/Irony,5,Sarcasm/Irony_02,train
6013,ቢያንስ አንዴ ስጦታውን በፖሊስ ጣቢያ እንሞክር።,Suggestion,3,Suggestion_05,train
6014,በስብሰባው ወቅት በቢሮ መገኘት አልችልም።,Refusal,2,Refusal_04,val
6015,ስራ አስኪያጁ ወደ ትምህርት ቤት በሚቀጥለው ወር ሄደዋል።,Assertion,1,Assertion_07,train
6016,እባክህ ይቅርታ አድርግልኝ፣ ወደ ከተማው ውስጥ በሚቀጥለው ሳምንት መምጣት አልችልም።,Refusal,2,Refusal_01,test
6017,ስራው ከሰዓት በኋላ ከባልደረባዬ ጋር አልተጠናቀቀም።,Complaint,6,Complaint_03,test
6018,ስቱዲዮው ስለ ገንዘቡ ማስጠንቀቂያ በሚቀጥለው ሳምንት አውጥቷል።,Warning,4,Warning_08,train
6019,የስጦታው ችግር በዚህ አመት ከጋዜጠኛው ጋር እፈታለሁ።,Promise,8,Promise_11,train
6020,የልብሱ ችግር ከምሽቱ ጀምሮ ከባልደረባዬ ጋር እፈታለሁ።,Promise,8,Promise_11,train
6021,እባክዎ ይቅርታ፣ ሂሳቡን በሚቀጥለው ሳምንት ማቅረብ አልችልም።,Refusal,2,Refusal_09,train
6022,ከጠበቃው ጋር ዛሬ ማታ በፋብሪካ እገናኛለሁ።,Promise,8,Promise_04,val
6023,የስልኩ ችግር ዛሬ ማታ ከስራ አስኪያጁ ጋር እፈታለሁ።,Promise,8,Promise_11,train
6024,አስተማሪዋ ሪፖርቱን በሚቀጥለው ሳምንት አቅርበዋል።,Assertion,1,Assertion_13,test
6025,የስጦታው ዋጋውን ዛሬ ማታ ብንቀንስ ደንበኞች ይጨምራሉ።,Suggestion,3,Suggestion_07,train
6026,ደብዳቤው ገና ወደ ፍርድ ቤት በዚህ ሳምንት አልደረሰኝም።,Complaint,6,Complaint_07,train
6027,ከፖሊሱ ጋር ከምሽቱ ጀምሮ በአውሮፕላን ማረፊያ እገናኛለሁ።,Promise,8,Promise_04,val
6028,ከስራ አስኪያጁ ጋር በሚቀጥለው ሳምንት በሆስፒታል እገናኛለሁ።,Promise,8,Promise_04,val
6029,ከመሐንዲሱ ጋር ስለ ፋይሉ ጉዳይ መስማማት አልችልም።,Refusal,2,Refusal_06,train
6030,መጽሐፉ ገና ወደ ቢሮ በዚህ ወር አልደረሰኝም።,Complaint,6,Complaint_07,train
6031,በዚህ ሳምንት በባንክ ከባድ ዝናብ ሊዘንብ ይችላል ተጠንቀቁ።,Warning,4,Warning_03,test
6032,ጎበዝ ስራ አስተማሪዋ፣ ውሃው ሙሉ በሙሉ ፈርሷል።,Sarcasm/Irony,5,Sarcasm/Irony_09,train
6033,በጣም ውጤታማ ነው ኤጀንሲው፣ በከምሽቱ ጀምሮ ምንም አልተሰራም።,Sarcasm/Irony,5,Sarcasm/Irony_14,val
6034,ስለ ገንዘቡ ከሹፌሩ ጋር ማሰብ ይኖርብናል።,Suggestion,3,Suggestion_03,train
6035,ይህ ስጦታው ከድርጅቱ ከተገለጸው ጋር አይመሳሰልም።,Complaint,6,Complaint_12,test
6036,በጣም ትክክለኛ ነው ደንበኛው፣ በቤት ሁልጊዜ እንደዚህ ይሆናል።,Sarcasm/Irony,5,Sarcasm/Irony_08,val
6037,ኩባንያው በስብሰባው ወቅት አዲስ ምርት አስተዋውቋል።,Assertion,1,Assertion_02,val
6038,ደህና ሁን አስተማሪዋ፣ እስከ በስብሰባው ወቅት እንገናኝ።,Phatic,7,Phatic_13,train
6039,ፕሮጀክቱን ከሰዓት በኋላ ከመምህሩ ጋር ብንጀምር ይሻላል።,Suggestion,3,Suggestion_08,val
6040,ስቱዲዮው ስለ ማሽኑ ማስጠንቀቂያ ዛሬ ማታ አውጥቷል።,Warning,4,Warning_08,train
6041,ደህና ሁን ጋዜጠኛው፣ እስከ ከሰዓት በኋላ እንገናኝ።,Phatic,7,Phatic_13,train
6042,ወደ ፋብሪካ ነገ እንሂድ።,Suggestion,3,Suggestion_01,test
6043,እባክሽ ውሃውን በሳምንቱ መጨረሻ አምጪልኝ።,Request,0,Request_09,test
6044,ፖሊሱ ወደ መንገድ ላይ ዛሬ ሄደዋል።,Assertion,1,Assertion_07,train
6045,ሚኒስቴሩ ስለ ምርቱ ማስጠንቀቂያ በዚህ ወር አውጥቷል።,Warning,4,Warning_08,train
6046,የትዕዛዙ ዋጋውን በሚቀጥለው ሳምንት ብንቀንስ ደንበኞች ይጨምራሉ።,Suggestion,3,Suggestion_07,train
6047,የካርታው ዋጋውን ከሰዓት በኋላ ብንቀንስ ደንበኞች ይጨምራሉ።,Suggestion,3,Suggestion_07,train
6048,እንኳን አደረሳችሁ ዶክተሩ፣ በባንክ።,Phatic,7,Phatic_14,test
6049,ኤጀንሲው ስለ ደረሰኙ ማስጠንቀቂያ ነገ አውጥቷል።,Warning,4,Warning_08,train
6050,የምርቱ ችግር በሚቀጥለው ወር ከመሐንዲሱ ጋር እፈታለሁ።,Promise,8,Promise_11,train
6051,ስጦታውን ነገ ከሰዓት በኋላ ብንሞክር ጥሩ ይሆናል።,Suggestion,3,Suggestion_00,train
6052,አዎ በርግጥ፣ የማህበሩ እቅድ በበዚህ አመት በጭራሽ አይከሽፍም።,Sarcasm/Irony,5,Sarcasm/Irony_11,train
6053,እባክዎ ፕሮጀክቱን ለነጋዴው በሚቀጥለው ወር ይላኩልኝ።,Request,0,Request_00,train
6054,የሂሳቡ ችግር በሚቀጥለው ወር ከመምህሩ ጋር እፈታለሁ።,Promise,8,Promise_11,train
6055,ደረሰኙ ገና ወደ ፖሊስ ጣቢያ ነገ ጠዋት አልደረሰኝም።,Complaint,6,Complaint_07,train
6056,ይህ መልእክቱ ከባንኩ ከተገለጸው ጋር አይመሳሰልም።,Complaint,6,Complaint_12,test
6057,ከሚኒስትሩ ጋር ነገ በገበያ እገናኛለሁ።,Promise,8,Promise_04,val
6058,ድርጅቱ ስለ ሰነዱ ማስጠንቀቂያ በሚቀጥለው ወር አውጥቷል።,Warning,4,Warning_08,train
6059,ይህን መልእክቱን ከአለቃዬ ጋር በጥንቃቄ ያዙ።,Warning,4,Warning_04,val
6060,እንደምን አለህ በፍርድ ቤት፣ ሚኒስትሩ?,Phatic,7,Phatic_11,val
6061,ባንኩ ስለ ዕቃው ማስጠንቀቂያ ዛሬ ማታ አውጥቷል።,Warning,4,Warning_08,train
6062,ከአስተማሪዋ ጋር በዚህ አመት በአውሮፕላን ማረፊያ እገናኛለሁ።,Promise,8,Promise_04,val
6063,የስጦታው ችግር በሚቀጥለው አመት ከጓደኛዬ ጋር እፈታለሁ።,Promise,8,Promise_11,train
6064,ኤጀንሲው ቃል የገባውን ዛሬ ያከብራል።,Promise,8,Promise_14,test
6065,መምህሩ፣ እንደምን አደርክ በሚቀጥለው ወር?,Phatic,7,Phatic_01,train
6066,መጽሐፉን ከሰዓት በኋላ ብንሞክር ጥሩ ይሆናል።,Suggestion,3,Suggestion_00,train
6067,ሹፌሩ ወደ ገበያ በሚቀጥለው ሳምንት ሄደዋል።,Assertion,1,Assertion_07,train
6068,ስለ ኮምፒዩተሩ ከነጋዴው ጋር ማሰብ ይኖርብናል።,Suggestion,3,Suggestion_03,train
6069,በጣም ደግ ነህ አስተማሪዋ፣ በአውሮፕላን ማረፊያ ምንም እርዳታ አልሰጠኸኝም።,Sarcasm/Irony,5,Sarcasm/Irony_12,train
6070,አዎ በርግጥ፣ የባንኩ እቅድ በከምሽቱ ጀምሮ በጭራሽ አይከሽፍም።,Sarcasm/Irony,5,Sarcasm/Irony_11,train
6071,እንኳን ደስ አለህ ሹፌሩ ከአንድ ሰዓት በኋላ።,Phatic,7,Phatic_07,train
6072,ልብሱ ገና ወደ ባንክ በሚቀጥለው ሳምንት አልደረሰኝም።,Complaint,6,Complaint_07,train
6073,ኤጀንሲው ስለ ደብዳቤው ማስጠንቀቂያ ከሁለት ቀናት በኋላ አውጥቷል።,Warning,4,Warning_08,train
6074,ይህን መሳሪያውን ከአለቃዬ መቀበል አልችልም።,Refusal,2,Refusal_03,train
6075,ልብሱን በጥንቃቄ ለመሐንዲሱ እይዛለሁ።,Promise,8,Promise_07,train
6076,እንዴት ደስ ይላል፣ አስተማሪዋ እንደገና ነገ ዘገዩ።,Sarcasm/Irony,5,Sarcasm/Irony_03,train
6077,ሚኒስቴሩ ስለ ምርቱ ማስጠንቀቂያ ዛሬ ማታ አውጥቷል።,Warning,4,Warning_08,train
6078,ከስራ አስኪያጁ ጋር በዚህ ወር በመንገድ ላይ እገናኛለሁ።,Promise,8,Promise_04,val
6079,እባክህ ለቤቱ ይህን ዘዴ በሚቀጥለው ወር ተጠቀም።,Suggestion,3,Suggestion_04,train
6080,ስራውን ከጠበቃው ጋር በዚህ ሳምንት እጨርሳለሁ።,Promise,8,Promise_01,test
6081,እባክዎ ጥያቄውን ለዶክተሩ ከሁለት ቀናት በኋላ ይላኩልኝ።,Request,0,Request_00,train
6082,ሰላም መሐንዲሱ፣ ከሁለት ቀናት በኋላ እንዴት ነህ?,Phatic,7,Phatic_00,train
6083,ይህን መስኮቱን ከባልደረባዬ ጋር በጥንቃቄ ያዙ።,Warning,4,Warning_04,val
6084,ከስራ አስኪያጁ ጋር ስለ ካርታው ጉዳይ መስማማት አልችልም።,Refusal,2,Refusal_06,train
6085,በሚቀጥለው አመት በመንገድ ላይ መገኘት አልችልም።,Refusal,2,Refusal_04,val
6086,እባክዎ ይቅርታ፣ ደረሰኙን በሚቀጥለው አመት ማቅረብ አልችልም።,Refusal,2,Refusal_09,train
6087,ወደ ቤት በስብሰባው ወቅት እንሂድ።,Suggestion,3,Suggestion_01,test
6088,ስልኩን በጥንቃቄ ከነጋዴው ጋር ብንመረምር ይሻላል።,Suggestion,3,Suggestion_11,val
6089,መንግስት ስለ ሪፖርቱ ማስጠንቀቂያ ከአንድ ሰዓት በኋላ አውጥቷል።,Warning,4,Warning_08,train
6090,እባክህ ለበሩ ይህን ዘዴ ከሁለት ቀናት በኋላ ተጠቀም።,Suggestion,3,Suggestion_04,train
6091,የቁልፉ ወጪውን በቤት ብንቀንስ የተሻለ ነው።,Suggestion,3,Suggestion_13,train
6092,እንዴት ጎበዝ ነህ ነጋዴው፣ ሂሳቡን ሰብረኸዋል!,Sarcasm/Irony,5,Sarcasm/Irony_00,train
6093,መስኮቱ ገና ወደ ስብሰባ ክፍል በሚቀጥለው ሳምንት አልደረሰኝም።,Complaint,6,Complaint_07,train
6094,ማህበሩ ስለ ትዕዛዙ ማስጠንቀቂያ ነገ ጠዋት አውጥቷል።,Warning,4,Warning_08,train
6095,የደረሰኙ ችግር በዚህ አመት ከመምህሩ ጋር እፈታለሁ።,Promise,8,Promise_11,train
6096,ከሹፌሩ ጋር በስብሰባው ወቅት በቤት እገናኛለሁ።,Promise,8,Promise_04,val
6097,እባክዎ ትዕዛዙን ለዶክተሩ ዛሬ ይላኩልኝ።,Request,0,Request_00,train
6098,ቃል እገባለሁ፣ ፕሮጀክቱን በሚቀጥለው አመት አላዘገይም።,Promise,8,Promise_03,test
6099,ሰላም ጓደኛዬ፣ ነገ ከሰዓት በኋላ እንዴት ነህ?,Phatic,7,Phatic_00,train
6100,እባክዎ ምርቱን ለጋዜጠኛው ከሶስት ሰዓት በኋላ ይላኩልኝ።,Request,0,Request_00,train
6101,የቤቱ ችግር በዚህ ወር ከፖሊሱ ጋር እፈታለሁ።,Promise,8,Promise_11,train
6102,ኩባንያው ስለ ቡናው ማስጠንቀቂያ ዛሬ አውጥቷል።,Warning,4,Warning_08,train
6103,ደህና በሳምንቱ መጨረሻ ይሁንልህ ሹፌሩ።,Phatic,7,Phatic_02,train
6104,መሐንዲሱ ወደ መንገድ ላይ ከዛሬ ጀምሮ ሄደዋል።,Assertion,1,Assertion_07,train
6105,ከአስተማሪዋ ጋር ስለ ፕሮጀክቱ ጉዳይ መስማማት አልችልም።,Refusal,2,Refusal_06,train
6106,ይቅርታ፣ በሩን ነገ ከሰዓት በኋላ ማድረግ አልችልም።,Refusal,2,Refusal_00,train
6107,ምርቱ ገና ወደ ፋብሪካ ከሁለት ቀናት በኋላ አልደረሰኝም።,Complaint,6,Complaint_07,train
6108,እባክህ ይቅርታ አድርግልኝ፣ ወደ ፍርድ ቤት ከዛሬ ጀምሮ መምጣት አልችልም።,Refusal,2,Refusal_01,test
6109,ስለ ኮምፒዩተሩ ከጋዜጠኛው ጋር ማሰብ ይኖርብናል።,Suggestion,3,Suggestion_03,train
6110,እባክዎ ፋይሉን ለባልደረባዬ በዚህ አመት ይላኩልኝ።,Request,0,Request_00,train
6111,ሆስፒታል በዚህ ሳምንት ተከፍቷል።,Assertion,1,Assertion_14,train
6112,ሰላም ሹፌሩ፣ በዚህ ሳምንት እንዴት ነህ?,Phatic,7,Phatic_00,train
6113,ዕቃው ገና ወደ ባንክ ከአንድ ሰዓት በኋላ አልደረሰኝም።,Complaint,6,Complaint_07,train
6114,እባክህ ለስጦታው ይህን ዘዴ ዛሬ ማታ ተጠቀም።,Suggestion,3,Suggestion_04,train
6115,ውድቅ አደርገዋለሁ፣ ውሉ ስላልተመቸኝ።,Refusal,2,Refusal_08,val
6116,አስተማሪዋ፣ እንደምን አደርክ ነገ?,Phatic,7,Phatic_01,train
6117,እባክዎ ቡናውን ለዶክተሩ በዚህ አመት ይላኩልኝ።,Request,0,Request_00,train
6118,አመሰግናለሁ ዶክተሩ፣ ደህና ዋል በቤት።,Phatic,7,Phatic_08,train
6119,ቅሬታዬን ለነጋዴው ከሁለት ቀናት በኋላ ብናገርም ማንም አልሰማኝም።,Complaint,6,Complaint_14,val
6120,እባክዎ ይቅርታ፣ ኮምፒዩተሩን ዛሬ ማቅረብ አልችልም።,Refusal,2,Refusal_09,train
6121,መምህሩ ወደ ሆስፒታል በሚቀጥለው አመት ሄደዋል።,Assertion,1,Assertion_07,train
6122,ይህን ገንዘቡን ያለ ጠበቃው ትዕዛዝ አይውሰዱ።,Warning,4,Warning_12,val
6123,ይቅርታ፣ መጽሐፉን ነገ ጠዋት ማድረግ አልችልም።,Refusal,2,Refusal_00,train
6124,ቦርሳውን በጥንቃቄ ከአለቃዬ ጋር ብንመረምር ይሻላል።,Suggestion,3,Suggestion_11,val
6125,ቃል እገባለሁ፣ መሳሪያውን በዚህ አመት አላዘገይም።,Promise,8,Promise_03,test
6126,ከስራ አስኪያጁ ጋር ነገ በመጋዘን እገናኛለሁ።,Promise,8,Promise_04,val
6127,ካርታው ከፖሊሱ አጠገብ አደገኛ ሊሆን ይችላል።,Warning,4,Warning_01,test
6128,በጣም ውጤታማ ነው ድርጅቱ፣ በበሳምንቱ መጨረሻ ምንም አልተሰራም።,Sarcasm/Irony,5,Sarcasm/Irony_14,val
6129,እባክዎ መጽሐፉን ለሚኒስትሩ ከሰዓት በኋላ ይላኩልኝ።,Request,0,Request_00,train
6130,ድርጅቱ ስለ ደረሰኙ ማስጠንቀቂያ ዛሬ አውጥቷል።,Warning,4,Warning_08,train
6131,ጎበዝ ስራ ነጋዴው፣ ሰነዱ ሙሉ በሙሉ ፈርሷል።,Sarcasm/Irony,5,Sarcasm/Irony_09,train
6132,ስቱዲዮው ስለ መሳሪያው ማስጠንቀቂያ ነገ ከሰዓት በኋላ አውጥቷል።,Warning,4,Warning_08,train
6133,አመሰግናለሁ ሹፌሩ፣ ደህና ዋል በአውሮፕላን ማረፊያ።,Phatic,7,Phatic_08,train
6134,ስራውን ከአለቃዬ ጋር በሚቀጥለው ወር እጨርሳለሁ።,Promise,8,Promise_01,test
6135,ውድቅ አደርገዋለሁ፣ ገንዘቡ ስላልተመቸኝ።,Refusal,2,Refusal_08,val
6136,የዕቃው ችግር በዚህ አመት ከሚኒስትሩ ጋር እፈታለሁ።,Promise,8,Promise_11,train
6137,የካርታው ወጪውን በመንገድ ላይ ብንቀንስ የተሻለ ነው።,Suggestion,3,Suggestion_13,train
6138,ሚኒስቴሩ ስለ መጽሐፉ ማስጠንቀቂያ በሳምንቱ መጨረሻ አውጥቷል።,Warning,4,Warning_08,train
6139,እንኳን ደስ አለህ አለቃዬ በዚህ ወር።,Phatic,7,Phatic_07,train
6140,አለቃዬ ወደ መጋዘን ከአንድ ሰዓት በኋላ ሄደዋል።,Assertion,1,Assertion_07,train
6141,አስተማሪዋ፣ ቤተሰብ በከተማው ውስጥ እንዴት ናቸው?,Phatic,7,Phatic_05,val
6142,ባልደረባዬ ወደ ፖሊስ ጣቢያ በዚህ አመት ሄደዋል።,Assertion,1,Assertion_07,train
6143,እንዴት ደስ ይላል፣ ስራ አስኪያጁ እንደገና ከአንድ ሰዓት በኋላ ዘገዩ።,Sarcasm/Irony,5,Sarcasm/Irony_03,train
6144,ሹፌሩ ወደ አውሮፕላን ማረፊያ በሳምንቱ መጨረሻ ሄደዋል።,Assertion,1,Assertion_07,train
6145,እባክህ ይቅርታ አድርግልኝ፣ ወደ ባንክ ነገ ጠዋት መምጣት አልችልም።,Refusal,2,Refusal_01,test
6146,ውድቅ አደርገዋለሁ፣ ልብሱ ስላልተመቸኝ።,Refusal,2,Refusal_08,val
6147,ዕቃው ገና ወደ መጋዘን በሳምንቱ መጨረሻ አልደረሰኝም።,Complaint,6,Complaint_07,train
6148,ኤጀንሲው ስለ ሰነዱ ማስጠንቀቂያ በዚህ ሳምንት አውጥቷል።,Warning,4,Warning_08,train
6149,ጎበዝ! በጣም ጥሩ ስራ ሰራህ ዶክተሩ፣ በሩን አበላሸኸው።,Sarcasm/Irony,5,Sarcasm/Irony_02,train
6150,ከሶስት ሰዓት በኋላ በመጋዘን ትራፊኩ ከባድ ነው ተጠንቀቁ።,Warning,4,Warning_13,train
6151,መምህሩ፣ ጤና ይስጥልኝ በከተማው ውስጥ።,Phatic,7,Phatic_03,train
6152,ሂሳቡን በጥንቃቄ ለመምህሩ እይዛለሁ።,Promise,8,Promise_07,train
6153,ይቅርታ፣ በሩን ከሶስት ሰዓት በኋላ ማድረግ አልችልም።,Refusal,2,Refusal_00,train
6154,በጣም ብልህ ነህ ጠበቃው፣ ካርታውን ረሳኸው።,Sarcasm/Irony,5,Sarcasm/Irony_04,train
6155,ውሃው ገና ወደ መጋዘን በስብሰባው ወቅት አልደረሰኝም።,Complaint,6,Complaint_07,train
6156,ኤጀንሲው በሚቀጥለው ሳምንት አዲስ ምርት አስተዋውቋል።,Assertion,1,Assertion_02,val
6157,እባክዎ ቤቱን ለመሐንዲሱ ነገ ይላኩልኝ።,Request,0,Request_00,train
6158,መኪናው ገና ወደ ትምህርት ቤት በሚቀጥለው ሳምንት አልደረሰኝም።,Complaint,6,Complaint_07,train
6159,ትዕዛዙ ገና ወደ ትምህርት ቤት በዚህ አመት አልደረሰኝም።,Complaint,6,Complaint_07,train
6160,እባክዎ ቁልፉን ለነጋዴው ዛሬ ይላኩልኝ።,Request,0,Request_00,train
6161,መስኮቱን በጥንቃቄ ከመሐንዲሱ ጋር ብንመረምር ይሻላል።,Suggestion,3,Suggestion_11,val
6162,ፕሮጀክቱን ነገ ከነጋዴው ጋር ብንጀምር ይሻላል።,Suggestion,3,Suggestion_08,val
6163,ባንኩ ስለ ጥያቄው ማስጠንቀቂያ ከአንድ ሰዓት በኋላ አውጥቷል።,Warning,4,Warning_08,train
6164,ጥያቄው ገና ወደ ትምህርት ቤት በስብሰባው ወቅት አልደረሰኝም።,Complaint,6,Complaint_07,train
6165,እባክዎ መኪናውን ለፖሊሱ በሳምንቱ መጨረሻ ይላኩልኝ።,Request,0,Request_00,train
6166,በጣም ብልህ ነህ ነጋዴው፣ ዕቃውን ረሳኸው።,Sarcasm/Irony,5,Sarcasm/Irony_04,train
6167,በጣም ብልህ ነህ ስራ አስኪያጁ፣ ፕሮጀክቱን ረሳኸው።,Sarcasm/Irony,5,Sarcasm/Irony_04,train
6168,እባክዎ ይቅርታ፣ ትዕዛዙን ከሶስት ሰዓት በኋላ ማቅረብ አልችልም።,Refusal,2,Refusal_09,train
6169,ይህን ፋይሉን ከደንበኛው ጋር በጥንቃቄ ያዙ።,Warning,4,Warning_04,val
6170,ጎበዝ! በጣም ጥሩ ስራ ሰራህ አስተማሪዋ፣ ስልኩን አበላሸኸው።,Sarcasm/Irony,5,Sarcasm/Irony_02,train
6171,የሂሳቡ ዋጋ በሱቅ በጣም ውድ ነው።,Complaint,6,Complaint_05,val
6172,ወደ ስብሰባ ክፍል ከጥቂት ደቂቃዎች በኋላ መሄድ አልችልም።,Refusal,2,Refusal_13,test
6173,መሐንዲሱ ወደ ቤት ከጥቂት ደቂቃዎች በኋላ ሄደዋል።,Assertion,1,Assertion_07,train
6174,ስራው በስብሰባው ወቅት ከስራ አስኪያጁ ጋር አልተጠናቀቀም።,Complaint,6,Complaint_03,test
6175,የኩባንያው አገልግሎት በፖሊስ ጣቢያ በጣም ደካማ ነው።,Complaint,6,Complaint_01,test
6176,እንደምን አለህ በከተማው ውስጥ፣ ሹፌሩ?,Phatic,7,Phatic_11,val
6177,ቁልፉ ገና ወደ ስብሰባ ክፍል ከሁለት ቀናት በኋላ አልደረሰኝም።,Complaint,6,Complaint_07,train
6178,ይህን ፋይሉን ከስራ አስኪያጁ መቀበል አልችልም።,Refusal,2,Refusal_03,train
6179,እባክዎ ይቅርታ፣ መኪናውን በዚህ አመት ማቅረብ አልችልም።,Refusal,2,Refusal_09,train
6180,ስቱዲዮው በዚህ አመት ትርፍ አግኝቷል።,Assertion,1,Assertion_04,test
6181,ወደ መጋዘን ዛሬ መሄድ አልችልም።,Refusal,2,Refusal_13,test
6182,መስኮቱ በትምህርት ቤት ይገኛል።,Assertion,1,Assertion_00,test
6183,ከዶክተሩ ጋር ከአንድ ሰዓት በኋላ በመንገድ ላይ እገናኛለሁ።,Promise,8,Promise_04,val
6184,ዶክተሩ ወደ ፍርድ ቤት ከዛሬ ጀምሮ ሄደዋል።,Assertion,1,Assertion_07,train
6185,ከባልደረባዬ ጋር ስለ መስኮቱ ጉዳይ መስማማት አልችልም።,Refusal,2,Refusal_06,train
6186,ጤና ይስጥልኝ ሹፌሩ፣ ከምሽቱ ጀምሮ ደህና ነህ?,Phatic,7,Phatic_12,train
6187,ስለ ምርቱ ከስራ አስኪያጁ ጋር ማሰብ ይኖርብናል።,Suggestion,3,Suggestion_03,train
6188,እንኳን አደረሳችሁ ጋዜጠኛው፣ በገበያ።,Phatic,7,Phatic_14,test
6189,ይቅርታ፣ ማሽኑን ከሶስት ሰዓት በኋላ ማድረግ አልችልም።,Refusal,2,Refusal_00,train
6190,የደረሰኙ ወጪውን በሆስፒታል ብንቀንስ የተሻለ ነው።,Suggestion,3,Suggestion_13,train
6191,ቃል እገባለሁ፣ ሂሳቡን ዛሬ አላዘገይም።,Promise,8,Promise_03,test
6192,ጤና ይስጥልኝ ጋዜጠኛው፣ በሚቀጥለው አመት ደህና ነህ?,Phatic,7,Phatic_12,train
6193,እባክዎ መጽሐፉን ለደንበኛው በሳምንቱ መጨረሻ ይላኩልኝ።,Request,0,Request_00,train
6194,ቦርሳው ገና ወደ ቤት ዛሬ አልደረሰኝም።,Complaint,6,Complaint_07,train
6195,ይቅርታ፣ ካርታውን በሳምንቱ መጨረሻ ማድረግ አልችልም።,Refusal,2,Refusal_00,train
6196,እባክህ ይቅርታ አድርግልኝ፣ ወደ ቢሮ በዚህ ሳምንት መምጣት አልችልም።,Refusal,2,Refusal_01,test
6197,ደብዳቤው ገና ወደ ቢሮ ዛሬ አልደረሰኝም።,Complaint,6,Complaint_07,train
6198,ይቅርታ፣ ትዕዛዙን ነገ ከሰዓት በኋላ ማድረግ አልችልም።,Refusal,2,Refusal_00,train
6199,የኮምፒዩተሩ ዋጋ በዚህ አመት ጨምሯል።,Assertion,1,Assertion_12,val
6200,ቦርሳው ገና ወደ ከተማው ውስጥ በሳምንቱ መጨረሻ አልደረሰኝም።,Complaint,6,Complaint_07,train
6201,ነጋዴው ወደ ሱቅ በዚህ ወር ሄደዋል።,Assertion,1,Assertion_07,train
6202,ባንኩ ከሶስት ሰዓት በኋላ ትርፍ አግኝቷል።,Assertion,1,Assertion_04,test
6203,እንኳን ደስ አለህ ዶክተሩ፣ ስለ ቡናው እንደገና ተሳስተሃል።,Sarcasm/Irony,5,Sarcasm/Irony_13,train
6204,እርግጠኛ ነኝ ነጋዴው ከሰዓት በኋላ ይደርሳሉ፣ እንደ ሁልጊዜው።,Sarcasm/Irony,5,Sarcasm/Irony_05,test
6205,እባክዎ ይቅርታ፣ ማሽኑን ከሰዓት በኋላ ማቅረብ አልችልም።,Refusal,2,Refusal_09,train
6206,ወደ ገበያ ከሁለት ቀናት በኋላ መሄድ አልችልም።,Refusal,2,Refusal_13,test
6207,የመልእክቱ ደረሰኝ ከድርጅቱ የተበላሸ ነው።,Complaint,6,Complaint_08,val
6208,ውሉ ገና ወደ ሆስፒታል በሚቀጥለው ሳምንት አልደረሰኝም።,Complaint,6,Complaint_07,train
6209,በድርጅቱ አዲስ ስልት በሚቀጥለው አመት እንተግብር።,Suggestion,3,Suggestion_14,test
6210,በጣም ብልህ ነህ አስተማሪዋ፣ ስልኩን ረሳኸው።,Sarcasm/Irony,5,Sarcasm/Irony_04,train
6211,ስጦታው ገና ወደ ፋብሪካ በሳምንቱ መጨረሻ አልደረሰኝም።,Complaint,6,Complaint_07,train
6212,የውሉ ችግር ከሶስት ሰዓት በኋላ ከመምህሩ ጋር እፈታለሁ።,Promise,8,Promise_11,train
6213,መንግስት በሚቀጥለው አመት አዲስ ሰራተኞችን ቀጥሯል።,Assertion,1,Assertion_09,train
6214,ስለ ኮምፒዩተሩ ከዶክተሩ ጋር ማሰብ ይኖርብናል።,Suggestion,3,Suggestion_03,train
6215,እባክዎ መልእክቱን ከሁለት ቀናት በኋላ ይላኩልኝ።,Request,0,Request_13,val
6216,ስቱዲዮው ስለ ስልኩ ማስጠንቀቂያ ከሶስት ሰዓት በኋላ አውጥቷል።,Warning,4,Warning_08,train
6217,መልእክቱ ገና ወደ መጋዘን ነገ ከሰዓት በኋላ አልደረሰኝም።,Complaint,6,Complaint_07,train
6218,ደረሰኙ ገና ወደ ቤት ከሁለት ቀናት በኋላ አልደረሰኝም።,Complaint,6,Complaint_07,train
6219,ደህና እደር ጋዜጠኛው፣ ከዛሬ ጀምሮ እንገናኝ።,Phatic,7,Phatic_06,train
6220,ዶክተሩ፣ እንደምን አደርክ ዛሬ?,Phatic,7,Phatic_01,train
6221,ወደ ከተማው ውስጥ ከአንድ ሰዓት በኋላ ብቻዎን አይሂዱ።,Warning,4,Warning_06,test
6222,እንኳን ደስ አለህ አለቃዬ ከአንድ ሰዓት በኋላ።,Phatic,7,Phatic_07,train
6223,ጎበዝ! በጣም ጥሩ ስራ ሰራህ ሚኒስትሩ፣ መጽሐፉን አበላሸኸው።,Sarcasm/Irony,5,Sarcasm/Irony_02,train
6224,የስቱዲዮው አገልግሎት በመንገድ ላይ በጣም ደካማ ነው።,Complaint,6,Complaint_01,test
6225,ማንነትዎን ለማያውቁት ስራ አስኪያጁ በባንክ አይስጡ።,Warning,4,Warning_14,test
6226,እቅዱን ከሁለት ቀናት በኋላ ከማዕከሉ ጋር እናሻሽል።,Suggestion,3,Suggestion_12,train
6227,ፕሮጀክቱ ገና ወደ ገበያ ነገ አልደረሰኝም።,Complaint,6,Complaint_07,train
6228,በስብሰባው ወቅት በስብሰባ ክፍል ስብሰባ እናድርግ።,Suggestion,3,Suggestion_02,train
6229,ደህና ነገ ይሁንልህ ፖሊሱ።,Phatic,7,Phatic_02,train
6230,መሳሪያው በመንገድ ላይ ይገኛል።,Assertion,1,Assertion_00,test
6231,ፋብሪካው ስለ ውሉ ማስጠንቀቂያ በሚቀጥለው ወር አውጥቷል።,Warning,4,Warning_08,train
6232,ከመምህሩ ጋር ስለ ጥያቄው ጉዳይ መስማማት አልችልም።,Refusal,2,Refusal_06,train
6233,ከሚኒስትሩ ጋር ነገ በአውሮፕላን ማረፊያ እገናኛለሁ።,Promise,8,Promise_04,val
6234,ይቅርታ፣ ካርታውን ከጥቂት ደቂቃዎች በኋላ ማድረግ አልችልም።,Refusal,2,Refusal_00,train
6235,ጎበዝ! በጣም ጥሩ ስራ ሰራህ ስራ አስኪያጁ፣ ጥያቄውን አበላሸኸው።,Sarcasm/Irony,5,Sarcasm/Irony_02,train
6236,ከሚኒስትሩ ጋር ነገ ጠዋት በስብሰባ ክፍል እገናኛለሁ።,Promise,8,Promise_04,val
6237,ጤና ይስጥልኝ ስራ አስኪያጁ፣ በሳምንቱ መጨረሻ ደህና ነህ?,Phatic,7,Phatic_12,train
6238,በከተማው ውስጥ ትንሽ እረፍት ከሶስት ሰዓት በኋላ ብንወስድ ጥሩ ነው።,Suggestion,3,Suggestion_09,test
6239,የስጦታው ወጪውን በቢሮ ብንቀንስ የተሻለ ነው።,Suggestion,3,Suggestion_13,train
6240,እንዴት ጎበዝ ነህ ጋዜጠኛው፣ ሰነዱን ሰብረኸዋል!,Sarcasm/Irony,5,Sarcasm/Irony_00,train
6241,የልብሱ ደረሰኝ ከመንግስት የተበላሸ ነው።,Complaint,6,Complaint_08,val
6242,ጓደኛዬ ወደ ቢሮ በዚህ አመት ሄደዋል።,Assertion,1,Assertion_07,train
6243,አመሰግናለሁ ጋዜጠኛው፣ ደህና ዋል በባንክ።,Phatic,7,Phatic_08,train
6244,ከዶክተሩ ጋር ዛሬ በአውሮፕላን ማረፊያ እገናኛለሁ።,Promise,8,Promise_04,val
6245,ለዶክተሩ የገባሁትን ቃል በዚህ አመት አከብራለሁ።,Promise,8,Promise_08,test
6246,ሹፌሩ ወደ ሆስፒታል ዛሬ ማታ ሄደዋል።,Assertion,1,Assertion_07,train
6247,ማህበሩ ስለ ካርታው ማስጠንቀቂያ ነገ አውጥቷል።,Warning,4,Warning_08,train
6248,ጋዜጠኛው ወደ አውሮፕላን ማረፊያ በዚህ ሳምንት ሄደዋል።,Assertion,1,Assertion_07,train
6249,ጎበዝ! በጣም ጥሩ ስራ ሰራህ ሹፌሩ፣ ማሽኑን አበላሸኸው።,Sarcasm/Irony,5,Sarcasm/Irony_02,train
6250,ሰላም ፖሊሱ፣ ዛሬ እንዴት ነህ?,Phatic,7,Phatic_00,train
6251,የቦርሳው ችግር ነገ ጠዋት ከሹፌሩ ጋር እፈታለሁ።,Promise,8,Promise_11,train
6252,ከዶክተሩ ጋር በሳምንቱ መጨረሻ መነጋገር ይሻላል።,Suggestion,3,Suggestion_06,val
6253,እባክዎ ውሉን ለዶክተሩ በዚህ ሳምንት ይላኩልኝ።,Request,0,Request_00,train
6254,እባክዎ መስኮቱን ለመሐንዲሱ ነገ ይላኩልኝ።,Request,0,Request_00,train
6255,እንኳን ደስ አለህ ጠበቃው በዚህ አመት።,Phatic,7,Phatic_07,train
6256,በሆስፒታል በዚህ አመት ወንጀል ሊፈጸም ይችላል ተጠንቀቁ።,Warning,4,Warning_11,train
6257,እባክዎ ለጠበቃው ስለ ስጦታው ይንገሩልኝ።,Request,0,Request_04,val
6258,ከስራ አስኪያጁ ጋር በስብሰባው ወቅት በከተማው ውስጥ እገናኛለሁ።,Promise,8,Promise_04,val
6259,በጣም ውጤታማ ነው ኤጀንሲው፣ በዛሬ ማታ ምንም አልተሰራም።,Sarcasm/Irony,5,Sarcasm/Irony_14,val
6260,ይህን መሳሪያውን ከደንበኛው መቀበል አልችልም።,Refusal,2,Refusal_03,train
6261,እባክዎ ምርቱን ለጠበቃው ከሰዓት በኋላ ይላኩልኝ።,Request,0,Request_00,train
6262,የምርቱ ችግር ከምሽቱ ጀምሮ ከስራ አስኪያጁ ጋር እፈታለሁ።,Promise,8,Promise_11,train
6263,በጣም ውጤታማ ነው ኤጀንሲው፣ በነገ ከሰዓት በኋላ ምንም አልተሰራም።,Sarcasm/Irony,5,Sarcasm/Irony_14,val
6264,ፋብሪካው ዛሬ አዲስ ምርት አስተዋውቋል።,Assertion,1,Assertion_02,val
6265,ከአንድ ሰዓት በኋላ በባንክ ስብሰባ እናድርግ።,Suggestion,3,Suggestion_02,train
6266,ጥያቄው ገና ወደ ቢሮ በሚቀጥለው አመት አልደረሰኝም።,Complaint,6,Complaint_07,train
6267,ስጦታው ገና ወደ መጋዘን በሚቀጥለው አመት አልደረሰኝም።,Complaint,6,Complaint_07,train
6268,ከሰዓት በኋላ በመንገድ ላይ ስብሰባ እናድርግ።,Suggestion,3,Suggestion_02,train
6269,ቤቱን በጥንቃቄ ከባልደረባዬ ጋር ብንመረምር ይሻላል።,Suggestion,3,Suggestion_11,val
6270,እባክዎ ይቅርታ፣ ሪፖርቱን በሚቀጥለው ሳምንት ማቅረብ አልችልም።,Refusal,2,Refusal_09,train
6271,ማዕከሉ ስለ ሰነዱ ማስጠንቀቂያ ከሰዓት በኋላ አውጥቷል።,Warning,4,Warning_08,train
6272,ውሉ ገና ወደ ሱቅ ከምሽቱ ጀምሮ አልደረሰኝም።,Complaint,6,Complaint_07,train
6273,የኮምፒዩተሩ ወጪውን በባንክ ብንቀንስ የተሻለ ነው።,Suggestion,3,Suggestion_13,train
6274,ማዕከሉ ስለ ቡናው ማስጠንቀቂያ ከአንድ ሰዓት በኋላ አውጥቷል።,Warning,4,Warning_08,train
6275,እርግጠኛ ነኝ ሚኒስትሩ ነገ ከሰዓት በኋላ ይደርሳሉ፣ እንደ ሁልጊዜው።,Sarcasm/Irony,5,Sarcasm/Irony_05,test
6276,ትዕዛዙ ገና ወደ ሆስፒታል ከጥቂት ደቂቃዎች በኋላ አልደረሰኝም።,Complaint,6,Complaint_07,train
6277,ደንበኛው ለቅሬታዬ ምላሽ በዚህ አመት አልሰጡም።,Complaint,6,Complaint_06,val
6278,የመሳሪያው ዋጋ ነገ ጠዋት ጨምሯል።,Assertion,1,Assertion_12,val
6279,መሐንዲሱ፣ ስራ በከተማው ውስጥ እንዴት ነው?,Phatic,7,Phatic_09,val
6280,ነጋዴው ወደ ሆስፒታል ነገ ጠዋት ሄደዋል።,Assertion,1,Assertion_07,train
6281,የምርቱ ችግር ከዛሬ ጀምሮ ከአለቃዬ ጋር እፈታለሁ።,Promise,8,Promise_11,train
6282,እባክዎ ቁልፉን ለአስተማሪዋ ዛሬ ይላኩልኝ።,Request,0,Request_00,train
6283,ይቅርታ፣ ካርታውን ዛሬ ማድረግ አልችልም።,Refusal,2,Refusal_00,train
6284,ስጦታው ገና ወደ መንገድ ላይ ነገ ጠዋት አልደረሰኝም።,Complaint,6,Complaint_07,train
6285,እንዴት ጥሩ ነው ጠበቃው፣ ነገ ከሰዓት በኋላ ደግሞ ዘገየ።,Sarcasm/Irony,5,Sarcasm/Irony_10,val
6286,ሂሳቡን በጥንቃቄ ለሹፌሩ እይዛለሁ።,Promise,8,Promise_07,train
6287,እባክዎ ማሽኑን ወደ ፋብሪካ ይላኩ።,Request,0,Request_06,test
6288,እባክዎ መሳሪያውን ለፖሊሱ ዛሬ ይላኩልኝ።,Request,0,Request_00,train
6289,ኤጀንሲው ስለ ቡናው ማስጠንቀቂያ ከጥቂት ደቂቃዎች በኋላ አውጥቷል።,Warning,4,Warning_08,train
6290,እባክዎ ቁልፉን ወደ መጋዘን ይላኩ።,Request,0,Request_06,test
6291,እባክዎ ይቅርታ፣ ቦርሳውን በሚቀጥለው ሳምንት ማቅረብ አልችልም።,Refusal,2,Refusal_09,train
6292,እባክዎ ለመምህሩ ውሃውን ያድርሱ።,Request,0,Request_14,test
6293,መንግስት ስለ ልብሱ ማስጠንቀቂያ ዛሬ ማታ አውጥቷል።,Warning,4,Warning_08,train
6294,እባክዎ ካርታውን ያዘጋጁልኝ።,Request,0,Request_01,val
6295,የስልኩ ችግር በዚህ አመት ከጠበቃው ጋር እፈታለሁ።,Promise,8,Promise_11,train
6296,ድርጅቱ ስለ ስጦታው ማስጠንቀቂያ በዚህ አመት አውጥቷል።,Warning,4,Warning_08,train
6297,ገንዘቡን ለመሐንዲሱ በሚቀጥለው አመት እከፍላለሁ።,Promise,8,Promise_02,test
6298,ከሚኒስትሩ ጋር ስለ ሰነዱ ጉዳይ መስማማት አልችልም።,Refusal,2,Refusal_06,train
6299,ከሁለት ቀናት በኋላ በሆስፒታል ስብሰባ እናድርግ።,Suggestion,3,Suggestion_02,train
6300,በመንገድ ላይ ትንሽ እረፍት በሚቀጥለው አመት ብንወስድ ጥሩ ነው።,Suggestion,3,Suggestion_09,test
6301,እባክዎ ቦርሳውን ለዶክተሩ ከጥቂት ደቂቃዎች በኋላ ይላኩልኝ።,Request,0,Request_00,train
6302,ጓደኛዬ ወደ ስብሰባ ክፍል በሚቀጥለው አመት ሄደዋል።,Assertion,1,Assertion_07,train
6303,ተጠንቀቅ፣ ከሶስት ሰዓት በኋላ ቤት ውስጥ አደጋ አለ።,Warning,4,Warning_00,val
6304,እባክህ ይቅርታ አድርግልኝ፣ ወደ ቢሮ በዚህ ወር መምጣት አልችልም።,Refusal,2,Refusal_01,test
6305,ሪፖርቱን በጥንቃቄ ከጋዜጠኛው ጋር ብንመረምር ይሻላል።,Suggestion,3,Suggestion_11,val
6306,እንዴት ጎበዝ ነህ መሐንዲሱ፣ ሪፖርቱን ሰብረኸዋል!,Sarcasm/Irony,5,Sarcasm/Irony_00,train
6307,ከባልደረባዬ ጋር በሚቀጥለው ወር በቤት እገናኛለሁ።,Promise,8,Promise_04,val
6308,ጤና ይስጥልኝ አስተማሪዋ፣ ከምሽቱ ጀምሮ ደህና ነህ?,Phatic,7,Phatic_12,train
6309,ፋብሪካው ስለ መጽሐፉ ማስጠንቀቂያ ከሰዓት በኋላ አውጥቷል።,Warning,4,Warning_08,train
6310,የበሩ ችግር ዛሬ ማታ ከፖሊሱ ጋር እፈታለሁ።,Promise,8,Promise_11,train
6311,እንዴት ደስ ይላል፣ ፖሊሱ እንደገና ዛሬ ዘገዩ።,Sarcasm/Irony,5,Sarcasm/Irony_03,train
6312,የደብዳቤው ዋጋ በፋብሪካ በጣም ውድ ነው።,Complaint,6,Complaint_05,val
6313,አዎ በርግጥ፣ የስቱዲዮው እቅድ በነገ ከሰዓት በኋላ በጭራሽ አይከሽፍም።,Sarcasm/Irony,5,Sarcasm/Irony_11,train
6314,ሰላም መምህሩ፣ በስብሰባው ወቅት እንዴት ነህ?,Phatic,7,Phatic_00,train
6315,ተጠንቀቅ፣ ዛሬ ቤት ውስጥ አደጋ አለ።,Warning,4,Warning_00,val
6316,ጎበዝ! በጣም ጥሩ ስራ ሰራህ ጋዜጠኛው፣ ጥያቄውን አበላሸኸው።,Sarcasm/Irony,5,Sarcasm/Irony_02,train
6317,የመልእክቱ ችግር ነገ ጠዋት ከዶክተሩ ጋር እፈታለሁ።,Promise,8,Promise_11,train
6318,ደንበኛው ወደ ባንክ ነገ ከሰዓት በኋላ ሄደዋል።,Assertion,1,Assertion_07,train
6319,ቡናው ገና ወደ ቤት ከአንድ ሰዓት በኋላ አልደረሰኝም።,Complaint,6,Complaint_07,train
6320,ስራ አስኪያጁ ወደ ፋብሪካ ዛሬ ሄደዋል።,Assertion,1,Assertion_07,train
6321,ቁልፉ ገና ወደ ስብሰባ ክፍል ዛሬ ማታ አልደረሰኝም።,Complaint,6,Complaint_07,train
6322,በፍርድ ቤት በሚቀጥለው ወር ወንጀል ሊፈጸም ይችላል ተጠንቀቁ።,Warning,4,Warning_11,train
6323,እባክዎ በስብሰባው ወቅት ወደ ፋብሪካ ይድረሱልኝ።,Request,0,Request_07,val
6324,እንኳን ወደ መንገድ ላይ ደህና መጣህ አለቃዬ።,Phatic,7,Phatic_04,test
6325,ወደ ፋብሪካ ከሰዓት በኋላ መሄድ አልችልም።,Refusal,2,Refusal_13,test
6326,ይቅርታ፣ ትዕዛዙን በዚህ ወር ማድረግ አልችልም።,Refusal,2,Refusal_00,train
6327,እባክዎ ይቅርታ፣ ልብሱን ነገ ጠዋት ማቅረብ አልችልም።,Refusal,2,Refusal_09,train
6328,እባክዎ ፋይሉን በሚቀጥለው ሳምንት ይላኩልኝ።,Request,0,Request_13,val
6329,እባክህ ይቅርታ አድርግልኝ፣ ወደ ሆስፒታል ከጥቂት ደቂቃዎች በኋላ መምጣት አልችልም።,Refusal,2,Refusal_01,test
6330,ቁልፉ ገና ወደ መንገድ ላይ ነገ ጠዋት አልደረሰኝም።,Complaint,6,Complaint_07,train
6331,የልብሱ ችግር ነገ ከሰዓት በኋላ ከአለቃዬ ጋር እፈታለሁ።,Promise,8,Promise_11,train
6332,በስብሰባ ክፍል ትንሽ እረፍት ከዛሬ ጀምሮ ብንወስድ ጥሩ ነው።,Suggestion,3,Suggestion_09,test
6333,እባክዎ መልእክቱን ለደንበኛው ከሰዓት በኋላ ይላኩልኝ።,Request,0,Request_00,train
6334,ጓደኛዬ ወደ መጋዘን ከምሽቱ ጀምሮ ሄደዋል።,Assertion,1,Assertion_07,train
6335,ደንበኛው ወደ ትምህርት ቤት ከዛሬ ጀምሮ ሄደዋል።,Assertion,1,Assertion_07,train
6336,የቁልፉ ችግር ነገ ከፖሊሱ ጋር እፈታለሁ።,Promise,8,Promise_11,train
6337,መሐንዲሱ ወደ መጋዘን ነገ ሄደዋል።,Assertion,1,Assertion_07,train
6338,ዛሬ በአውሮፕላን ማረፊያ መገኘት አልችልም።,Refusal,2,Refusal_04,val
6339,ቁልፉ ገና ወደ ሆስፒታል ከሶስት ሰዓት በኋላ አልደረሰኝም።,Complaint,6,Complaint_07,train
6340,ጥያቄው ገና ወደ ስብሰባ ክፍል ከሶስት ሰዓት በኋላ አልደረሰኝም።,Complaint,6,Complaint_07,train
6341,እሰይ፣ ሌላ ችግር በአውሮፕላን ማረፊያ በዚህ አመት፣ ልክ የሚያስፈልገን ይሄው ነበር።,Sarcasm/Irony,5,Sarcasm/Irony_07,train
6342,ይቅርታ፣ ቡናውን ከሁለት ቀናት በኋላ ማድረግ አልችልም።,Refusal,2,Refusal_00,train
6343,እባክዎ ማሽኑን ለነጋዴው በሚቀጥለው አመት ይላኩልኝ።,Request,0,Request_00,train
6344,ጎበዝ ስራ አለቃዬ፣ ቁልፉ ሙሉ በሙሉ ፈርሷል።,Sarcasm/Irony,5,Sarcasm/Irony_09,train
6345,ኩባንያው ስለ ኮምፒዩተሩ ማስጠንቀቂያ ዛሬ አውጥቷል።,Warning,4,Warning_08,train
6346,ስለ ቤቱ ጉዳይ ከጓደኛዬ ጋር እንወያይ።,Suggestion,3,Suggestion_10,train
6347,ማሽኑ ገና ወደ ሆስፒታል ከምሽቱ ጀምሮ አልደረሰኝም።,Complaint,6,Complaint_07,train
6348,ከስራ አስኪያጁ ጋር ስለ ልብሱ ጉዳይ መስማማት አልችልም።,Refusal,2,Refusal_06,train
6349,በጣም ደግ ነህ ዶክተሩ፣ በስብሰባ ክፍል ምንም እርዳታ አልሰጠኸኝም።,Sarcasm/Irony,5,Sarcasm/Irony_12,train
6350,ከደንበኛው ጋር በዚህ አመት በሆስፒታል እገናኛለሁ።,Promise,8,Promise_04,val
6351,ከደንበኛው ጋር ዛሬ ማታ በሱቅ እገናኛለሁ።,Promise,8,Promise_04,val
6352,ድርጅቱ ከሶስት ሰዓት በኋላ ትርፍ አግኝቷል።,Assertion,1,Assertion_04,test
6353,እቅዱን ነገ ከሰዓት በኋላ ከፋብሪካው ጋር እናሻሽል።,Suggestion,3,Suggestion_12,train
6354,ፋብሪካው ስለ መስኮቱ ማስጠንቀቂያ በዚህ ወር አውጥቷል።,Warning,4,Warning_08,train
6355,የቤቱ ወጪውን በሱቅ ብንቀንስ የተሻለ ነው።,Suggestion,3,Suggestion_13,train
6356,የጥያቄው ዋጋውን ዛሬ ብንቀንስ ደንበኞች ይጨምራሉ።,Suggestion,3,Suggestion_07,train
6357,እባክዎ ለሹፌሩ ስለ ቦርሳው ይንገሩልኝ።,Request,0,Request_04,val
6358,ሂሳቡ ገና ወደ ሆስፒታል ዛሬ አልደረሰኝም።,Complaint,6,Complaint_07,train
6359,እባክዎ መስኮቱን ለጓደኛዬ በዚህ አመት ይላኩልኝ።,Request,0,Request_00,train
6360,የካርታው ዋጋ በፖሊስ ጣቢያ በጣም ውድ ነው።,Complaint,6,Complaint_05,val
6361,ማህበሩ ስለ ውሃው ማስጠንቀቂያ ከምሽቱ ጀምሮ አውጥቷል።,Warning,4,Warning_08,train
6362,የሂሳቡ ወጪውን በፖሊስ ጣቢያ ብንቀንስ የተሻለ ነው።,Suggestion,3,Suggestion_13,train
6363,እሰይ፣ ሌላ ችግር በቢሮ በሚቀጥለው ሳምንት፣ ልክ የሚያስፈልገን ይሄው ነበር።,Sarcasm/Irony,5,Sarcasm/Irony_07,train
6364,እንኳን ደስ አለህ ሚኒስትሩ፣ ስለ በሩ እንደገና ተሳስተሃል።,Sarcasm/Irony,5,Sarcasm/Irony_13,train
6365,ያልተፈቀደ ግቢ ወደ ባንክ ከሶስት ሰዓት በኋላ አይግቡ።,Warning,4,Warning_09,test
6366,ይህን ዕቃውን ከሚኒስትሩ መቀበል አልችልም።,Refusal,2,Refusal_03,train
6367,እባክዎ መስኮቱን ለዶክተሩ ነገ ከሰዓት በኋላ ይላኩልኝ።,Request,0,Request_00,train
6368,ቢያንስ አንዴ ገንዘቡን በፋብሪካ እንሞክር።,Suggestion,3,Suggestion_05,train
6369,አለቃዬ ለቅሬታዬ ምላሽ ነገ አልሰጡም።,Complaint,6,Complaint_06,val
6370,ይቅርታ፣ ቤቱን ነገ ማድረግ አልችልም።,Refusal,2,Refusal_00,train
6371,ይህን ምርቱን ከአለቃዬ መቀበል አልችልም።,Refusal,2,Refusal_03,train
6372,ፋብሪካው ስለ ውሉ ማስጠንቀቂያ በሚቀጥለው ሳምንት አውጥቷል።,Warning,4,Warning_08,train
6373,ይህን ስጦታውን ከሚኒስትሩ መቀበል አልችልም።,Refusal,2,Refusal_03,train
6374,ከዶክተሩ ጋር ስለ ቤቱ ጉዳይ መስማማት አልችልም።,Refusal,2,Refusal_06,train
6375,ስቱዲዮው ቃል የገባውን ነገ አላከበረም።,Complaint,6,Complaint_02,test
6376,ሰላም መሐንዲሱ፣ ከዛሬ ጀምሮ እንዴት ነህ?,Phatic,7,Phatic_00,train
6377,እባክሽ ቤቱን ዛሬ ማታ አምጪልኝ።,Request,0,Request_09,test
6378,ጎበዝ! በጣም ጥሩ ስራ ሰራህ ዶክተሩ፣ ስጦታውን አበላሸኸው።,Sarcasm/Irony,5,Sarcasm/Irony_02,train
6379,የሪፖርቱ ችግር ከሰዓት በኋላ ከባልደረባዬ ጋር እፈታለሁ።,Promise,8,Promise_11,train
6380,ሰላም ሹፌሩ፣ ከምሽቱ ጀምሮ እንዴት ነህ?,Phatic,7,Phatic_00,train
6381,ደህና ሁን ጓደኛዬ፣ እስከ ከሶስት ሰዓት በኋላ እንገናኝ።,Phatic,7,Phatic_13,train
6382,እንኳን ወደ ገበያ ደህና መጣህ ሹፌሩ።,Phatic,7,Phatic_04,test
6383,ኤጀንሲው ስለ ልብሱ ማስጠንቀቂያ ከሰዓት በኋላ አውጥቷል።,Warning,4,Warning_08,train
6384,እንኳን ደስ አለህ ጠበቃው፣ ስለ መስኮቱ እንደገና ተሳስተሃል።,Sarcasm/Irony,5,Sarcasm/Irony_13,train
6385,ይህን መኪናውን ከመምህሩ ጋር በጥንቃቄ ያዙ።,Warning,4,Warning_04,val
6386,ማንነትዎን ለማያውቁት ነጋዴው በቢሮ አይስጡ።,Warning,4,Warning_14,test
6387,ደብዳቤውን በሳምንቱ መጨረሻ ብንሞክር ጥሩ ይሆናል።,Suggestion,3,Suggestion_00,train
6388,እሰይ፣ ሌላ ችግር በከተማው ውስጥ በሚቀጥለው ሳምንት፣ ልክ የሚያስፈልገን ይሄው ነበር።,Sarcasm/Irony,5,Sarcasm/Irony_07,train
6389,በፖሊስ ጣቢያ ትንሽ እረፍት ነገ ከሰዓት በኋላ ብንወስድ ጥሩ ነው።,Suggestion,3,Suggestion_09,test
6390,የምርቱ ወጪውን በስብሰባ ክፍል ብንቀንስ የተሻለ ነው።,Suggestion,3,Suggestion_13,train
6391,ክፍያ ብከፍልም ከፋብሪካው አገልግሎት ከዛሬ ጀምሮ አላገኘሁም።,Complaint,6,Complaint_10,val
6392,ያልተፈቀደ ግቢ ወደ ቢሮ ከዛሬ ጀምሮ አይግቡ።,Warning,4,Warning_09,test
6393,ጠበቃው፣ እንደምን አደርክ ዛሬ ማታ?,Phatic,7,Phatic_01,train
6394,ከአለቃዬ ጋር ስለ ኮምፒዩተሩ ጉዳይ መስማማት አልችልም።,Refusal,2,Refusal_06,train
6395,አስተማሪዋ ወደ ፍርድ ቤት ከአንድ ሰዓት በኋላ ሄደዋል።,Assertion,1,Assertion_07,train
6396,ደንበኛው ወደ መንገድ ላይ ከሁለት ቀናት በኋላ ሄደዋል።,Assertion,1,Assertion_07,train
6397,ካርታው ገና ወደ ስብሰባ ክፍል በሳምንቱ መጨረሻ አልደረሰኝም።,Complaint,6,Complaint_07,train
6398,ኤጀንሲው ስለ ደረሰኙ ማስጠንቀቂያ በዚህ አመት አውጥቷል።,Warning,4,Warning_08,train
6399,ከአስተማሪዋ ጋር ዛሬ ማታ መነጋገር ይሻላል።,Suggestion,3,Suggestion_06,val
6400,እባክዎ ማሽኑን ለስራ አስኪያጁ በዚህ ሳምንት ይላኩልኝ።,Request,0,Request_00,train
6401,ሰላም ባልደረባዬ፣ ከሶስት ሰዓት በኋላ እንዴት ነህ?,Phatic,7,Phatic_00,train
6402,ስለ ልብሱ ከስራ አስኪያጁ ጋር ማሰብ ይኖርብናል።,Suggestion,3,Suggestion_03,train
6403,የሂሳቡ ገመድ በባንክ አደገኛ ነው ተጠንቀቁ።,Warning,4,Warning_07,train
6404,ክፍያ ብከፍልም ከመንግስት አገልግሎት ከሶስት ሰዓት በኋላ አላገኘሁም።,Complaint,6,Complaint_10,val
6405,ምርቱ ገና ወደ ገበያ ነገ ከሰዓት በኋላ አልደረሰኝም።,Complaint,6,Complaint_07,train
6406,ወደ ትምህርት ቤት ዛሬ መሄድ አልችልም።,Refusal,2,Refusal_13,test
6407,ይቅርታ፣ ምርቱን ዛሬ ማታ ማድረግ አልችልም።,Refusal,2,Refusal_00,train
6408,እርግጠኛ ነኝ አለቃዬ በዚህ አመት ይደርሳሉ፣ እንደ ሁልጊዜው።,Sarcasm/Irony,5,Sarcasm/Irony_05,test
6409,የልብሱ ችግር በዚህ አመት ከፖሊሱ ጋር እፈታለሁ።,Promise,8,Promise_11,train
6410,የሂሳቡ ችግር ነገ ከአስተማሪዋ ጋር እፈታለሁ።,Promise,8,Promise_11,train
6411,እባክዎ ለባልደረባዬ ስለ ገንዘቡ ይንገሩልኝ።,Request,0,Request_04,val
6412,እንኳን ደስ አለህ ጠበቃው በዚህ ሳምንት።,Phatic,7,Phatic_07,train
6413,የደብዳቤው ችግር ከአንድ ሰዓት በኋላ ከጋዜጠኛው ጋር እፈታለሁ።,Promise,8,Promise_11,train
6414,ሪፖርቱን ለጓደኛዬ ከሰዓት በኋላ አቀርባለሁ።,Promise,8,Promise_05,train
6415,በጣም ብልህ ነህ ፖሊሱ፣ መልእክቱን ረሳኸው።,Sarcasm/Irony,5,Sarcasm/Irony_04,train
6416,የመስኮቱ ችግር ከአንድ ሰዓት በኋላ ከነጋዴው ጋር እፈታለሁ።,Promise,8,Promise_11,train
6417,መንግስት ስለ ቁልፉ ማስጠንቀቂያ በስብሰባው ወቅት አውጥቷል።,Warning,4,Warning_08,train
6418,የድርጅቱ ሰራተኞች በስብሰባ ክፍል ደንበኞችን በአግባቡ አያስተናግዱም።,Complaint,6,Complaint_04,val
6419,ፖሊሱ ወደ ሆስፒታል በሚቀጥለው ሳምንት ሄደዋል።,Assertion,1,Assertion_07,train
6420,እባክዎ ፋይሉን ለስራ አስኪያጁ በዚህ ሳምንት ይላኩልኝ።,Request,0,Request_00,train
6421,ስብሰባው ያለ ማስታወቂያ ከጥቂት ደቂቃዎች በኋላ በትምህርት ቤት ተሰርዟል።,Complaint,6,Complaint_09,test
6422,እባክዎ ለሹፌሩ ኮምፒዩተሩን ያድርሱ።,Request,0,Request_14,test
6423,እባክዎ በሩን ለአለቃዬ በስብሰባው ወቅት ይላኩልኝ።,Request,0,Request_00,train
6424,ደብዳቤው ገና ወደ አውሮፕላን ማረፊያ በሚቀጥለው አመት አልደረሰኝም።,Complaint,6,Complaint_07,train
6425,ከጠበቃው ጋር ከሁለት ቀናት በኋላ በቢሮ እገናኛለሁ።,Promise,8,Promise_04,val
6426,ወደ ፖሊስ ጣቢያ በሚቀጥለው ሳምንት እንሂድ።,Suggestion,3,Suggestion_01,test
6427,እባክዎ ቡናውን ለጋዜጠኛው ከአንድ ሰዓት በኋላ ይላኩልኝ።,Request,0,Request_00,train
6428,ከሹፌሩ ጋር በሚቀጥለው ወር በትምህርት ቤት እገናኛለሁ።,Promise,8,Promise_04,val
6429,እባክህ ለደረሰኙ ይህን ዘዴ ከጥቂት ደቂቃዎች በኋላ ተጠቀም።,Suggestion,3,Suggestion_04,train
6430,ደህና እደር ጓደኛዬ፣ ከጥቂት ደቂቃዎች በኋላ እንገናኝ።,Phatic,7,Phatic_06,train
6431,ይህን ልብሱን ያለ አስተማሪዋ ትዕዛዝ አይውሰዱ።,Warning,4,Warning_12,val
6432,ከጋዜጠኛው ጋር ከጥቂት ደቂቃዎች በኋላ በትምህርት ቤት እገናኛለሁ።,Promise,8,Promise_04,val
6433,እንኳን ደስ አለህ መሐንዲሱ፣ ስለ ሪፖርቱ እንደገና ተሳስተሃል።,Sarcasm/Irony,5,Sarcasm/Irony_13,train
6434,በቢሮ ትንሽ እረፍት በሳምንቱ መጨረሻ ብንወስድ ጥሩ ነው።,Suggestion,3,Suggestion_09,test
6435,የመልእክቱ ዋጋ በገበያ በጣም ውድ ነው።,Complaint,6,Complaint_05,val
6436,ውሃው ገና ወደ ፍርድ ቤት በሚቀጥለው ወር አልደረሰኝም።,Complaint,6,Complaint_07,train
6437,ሹፌሩ ወደ መንገድ ላይ ከሶስት ሰዓት በኋላ ሄደዋል።,Assertion,1,Assertion_07,train
6438,ኤጀንሲው ስለ ፋይሉ ማስጠንቀቂያ ከሁለት ቀናት በኋላ አውጥቷል።,Warning,4,Warning_08,train
6439,ካርታውን በጥንቃቄ ከአስተማሪዋ ጋር ብንመረምር ይሻላል።,Suggestion,3,Suggestion_11,val
6440,እባክዎ ይቅርታ፣ ካርታውን ከሶስት ሰዓት በኋላ ማቅረብ አልችልም።,Refusal,2,Refusal_09,train
6441,ይቅርታ፣ ኮምፒዩተሩን በሚቀጥለው አመት ማድረግ አልችልም።,Refusal,2,Refusal_00,train
6442,እንኳን አደረሳችሁ መሐንዲሱ፣ በባንክ።,Phatic,7,Phatic_14,test
6443,ደህና በዚህ ወር ይሁንልህ አለቃዬ።,Phatic,7,Phatic_02,train
6444,የቤቱ ደረሰኝ ከማዕከሉ የተበላሸ ነው።,Complaint,6,Complaint_08,val
6445,መንግስት ከዛሬ ጀምሮ አዲስ ሰራተኞችን ቀጥሯል።,Assertion,1,Assertion_09,train
6446,የትዕዛዙ ገመድ በሆስፒታል አደገኛ ነው ተጠንቀቁ።,Warning,4,Warning_07,train
6447,እባክዎ መስኮቱን ለነጋዴው ከሁለት ቀናት በኋላ ይላኩልኝ።,Request,0,Request_00,train
6448,በጣም ውጤታማ ነው ፋብሪካው፣ በከሁለት ቀናት በኋላ ምንም አልተሰራም።,Sarcasm/Irony,5,Sarcasm/Irony_14,val
6449,በጣም ብልህ ነህ ጠበቃው፣ ውሃውን ረሳኸው።,Sarcasm/Irony,5,Sarcasm/Irony_04,train
6450,ወደ ከተማው ውስጥ ከምሽቱ ጀምሮ እንሂድ።,Suggestion,3,Suggestion_01,test
6451,ነገ ጠዋት በፍርድ ቤት መገኘት አልችልም።,Refusal,2,Refusal_04,val
6452,ውሃውን ከምሽቱ ጀምሮ ብንሞክር ጥሩ ይሆናል።,Suggestion,3,Suggestion_00,train
6453,አዎ በእርግጥ፣ ስራ አስኪያጁ በዚህ ወር ትመጣለህ ብዬ አላምንም።,Sarcasm/Irony,5,Sarcasm/Irony_01,test
6454,ገንዘቡን ለሹፌሩ ከጥቂት ደቂቃዎች በኋላ እከፍላለሁ።,Promise,8,Promise_02,test
6455,ደህና ሁን ጋዜጠኛው፣ እስከ በሚቀጥለው ወር እንገናኝ።,Phatic,7,Phatic_13,train
6456,የመስኮቱ ዋጋውን ነገ ብንቀንስ ደንበኞች ይጨምራሉ።,Suggestion,3,Suggestion_07,train
6457,እባክዎ ቤቱን ለመምህሩ ነገ ጠዋት ይላኩልኝ።,Request,0,Request_00,train
6458,ስልኩ ገና ወደ ገበያ ከአንድ ሰዓት በኋላ አልደረሰኝም።,Complaint,6,Complaint_07,train
6459,ጓደኛዬ፣ እንደምን አደርክ በሚቀጥለው ሳምንት?,Phatic,7,Phatic_01,train
6460,ይህን ሃሳብ ስለ ጥያቄው አልቀበልም።,Refusal,2,Refusal_14,val
6461,እንዴት ጎበዝ ነህ ስራ አስኪያጁ፣ ሂሳቡን ሰብረኸዋል!,Sarcasm/Irony,5,Sarcasm/Irony_00,train
6462,ከጋዜጠኛው ጋር ከሁለት ቀናት በኋላ በፍርድ ቤት እገናኛለሁ።,Promise,8,Promise_04,val
6463,ጓደኛዬ ወደ ሱቅ በሚቀጥለው አመት ሄደዋል።,Assertion,1,Assertion_07,train
6464,በጣም ትክክለኛ ነው መምህሩ፣ በስብሰባ ክፍል ሁልጊዜ እንደዚህ ይሆናል።,Sarcasm/Irony,5,Sarcasm/Irony_08,val
6465,መሐንዲሱ ወደ ሆስፒታል ከምሽቱ ጀምሮ ሄደዋል።,Assertion,1,Assertion_07,train
6466,ማህበሩ ስለ ትዕዛዙ ማስጠንቀቂያ ከሁለት ቀናት በኋላ አውጥቷል።,Warning,4,Warning_08,train
6467,ደህና እደር ነጋዴው፣ ነገ ጠዋት እንገናኝ።,Phatic,7,Phatic_06,train
6468,በጣም ጎበዝ ነው ድርጅቱ፣ በቤት ደንበኞችን ችላ ይላል።,Sarcasm/Irony,5,Sarcasm/Irony_06,test
6469,የደረሰኙ ዋጋውን ከሰዓት በኋላ ብንቀንስ ደንበኞች ይጨምራሉ።,Suggestion,3,Suggestion_07,train
6470,በጣም ጎበዝ ነው ባንኩ፣ በፖሊስ ጣቢያ ደንበኞችን ችላ ይላል።,Sarcasm/Irony,5,Sarcasm/Irony_06,test
6471,ከጋዜጠኛው ጋር በዚህ አመት በስብሰባ ክፍል እገናኛለሁ።,Promise,8,Promise_04,val
6472,ዶክተሩ ወደ ገበያ ከአንድ ሰዓት በኋላ ሄደዋል።,Assertion,1,Assertion_07,train
6473,እባክዎ ይቅርታ፣ ውሃውን ከጥቂት ደቂቃዎች በኋላ ማቅረብ አልችልም።,Refusal,2,Refusal_09,train
6474,በጣም ውጤታማ ነው ማዕከሉ፣ በከሶስት ሰዓት በኋላ ምንም አልተሰራም።,Sarcasm/Irony,5,Sarcasm/Irony_14,val
6475,ዕቃው ገና ወደ ፋብሪካ ከምሽቱ ጀምሮ አልደረሰኝም።,Complaint,6,Complaint_07,train
6476,አለቃዬ ወደ ፋብሪካ በሳምንቱ መጨረሻ ሄደዋል።,Assertion,1,Assertion_07,train
6477,ስብሰባው ያለ ማስታወቂያ ከሰዓት በኋላ በአውሮፕላን ማረፊያ ተሰርዟል።,Complaint,6,Complaint_09,test
6478,ጎበዝ! በጣም ጥሩ ስራ ሰራህ ነጋዴው፣ ቦርሳውን አበላሸኸው።,Sarcasm/Irony,5,Sarcasm/Irony_02,train
6479,ኮምፒዩተሩ በፖሊስ ጣቢያ ይገኛል።,Assertion,1,Assertion_00,test
6480,በጣም ብልህ ነህ ነጋዴው፣ ውሃውን ረሳኸው።,Sarcasm/Irony,5,Sarcasm/Irony_04,train
6481,በዚህ ወር ወደ ትምህርት ቤት እደርሳለሁ።,Promise,8,Promise_10,train
6482,መምህሩ ወደ ሆስፒታል በሳምንቱ መጨረሻ ሄደዋል።,Assertion,1,Assertion_07,train
6483,እባክዎ ፋይሉን ለመሐንዲሱ ከዛሬ ጀምሮ ይላኩልኝ።,Request,0,Request_00,train
6484,ማንነትዎን ለማያውቁት ደንበኛው በባንክ አይስጡ።,Warning,4,Warning_14,test
6485,አዎ በርግጥ፣ የድርጅቱ እቅድ በከሰዓት በኋላ በጭራሽ አይከሽፍም።,Sarcasm/Irony,5,Sarcasm/Irony_11,train
6486,ፋብሪካው ስለ ስጦታው ማስጠንቀቂያ በስብሰባው ወቅት አውጥቷል።,Warning,4,Warning_08,train
6487,አይ፣ ከስቱዲዮው ጋር አልስማማም።,Refusal,2,Refusal_11,val
6488,ሰላም ጋዜጠኛው፣ ከዛሬ ጀምሮ እንዴት ነህ?,Phatic,7,Phatic_00,train
6489,በሩ ገና ወደ ሱቅ በዚህ አመት አልደረሰኝም።,Complaint,6,Complaint_07,train
6490,ማንነትዎን ለማያውቁት ጠበቃው በትምህርት ቤት አይስጡ።,Warning,4,Warning_14,test
6491,ወደ ሆስፒታል በዚህ አመት መሄድ አልችልም።,Refusal,2,Refusal_13,test
6492,ይህን ውሉን ከመሐንዲሱ መቀበል አልችልም።,Refusal,2,Refusal_03,train
6493,የመኪናው ችግር ከሁለት ቀናት በኋላ ከጋዜጠኛው ጋር እፈታለሁ።,Promise,8,Promise_11,train
6494,ፕሮጀክቱን በጥንቃቄ ለጋዜጠኛው እይዛለሁ።,Promise,8,Promise_07,train
6495,ጤና ይስጥልኝ ጓደኛዬ፣ በሳምንቱ መጨረሻ ደህና ነህ?,Phatic,7,Phatic_12,train
6496,ስራው ከጥቂት ደቂቃዎች በኋላ ከባልደረባዬ ጋር አልተጠናቀቀም።,Complaint,6,Complaint_03,test
6497,ጤና ይስጥልኝ ደንበኛው፣ ከዛሬ ጀምሮ ደህና ነህ?,Phatic,7,Phatic_12,train
6498,ፋብሪካው ስለ ቦርሳው ማስጠንቀቂያ በዚህ ወር አውጥቷል።,Warning,4,Warning_08,train
6499,የውሉ ገመድ በፋብሪካ አደገኛ ነው ተጠንቀቁ።,Warning,4,Warning_07,train
6500,ጋዜጠኛው ወደ ቢሮ ዛሬ ማታ ሄደዋል።,Assertion,1,Assertion_07,train
6501,እባክዎ ይቅርታ፣ መጽሐፉን በሳምንቱ መጨረሻ ማቅረብ አልችልም።,Refusal,2,Refusal_09,train
6502,አለቃዬ ወደ ሆስፒታል ነገ ከሰዓት በኋላ ሄደዋል።,Assertion,1,Assertion_07,train
6503,ጥያቄው ገና ወደ ፍርድ ቤት ከምሽቱ ጀምሮ አልደረሰኝም።,Complaint,6,Complaint_07,train
6504,ጓደኛዬ፣ እንደምን አደርክ ነገ ጠዋት?,Phatic,7,Phatic_01,train
6505,ሹፌሩ፣ ጤና ይስጥልኝ በሆስፒታል።,Phatic,7,Phatic_03,train
6506,ከዶክተሩ ጋር ከአንድ ሰዓት በኋላ መነጋገር ይሻላል።,Suggestion,3,Suggestion_06,val
6507,ወደፊት ስለ በሩ አልደግመውም ቃል እገባለሁ።,Promise,8,Promise_09,train
6508,ከባልደረባዬ ጋር ስለ ዕቃው ጉዳይ መስማማት አልችልም።,Refusal,2,Refusal_06,train
6509,ስጦታው ገና ወደ ትምህርት ቤት በሚቀጥለው አመት አልደረሰኝም።,Complaint,6,Complaint_07,train
6510,እባክዎ ለጓደኛዬ ስለ ገንዘቡ ይንገሩልኝ።,Request,0,Request_04,val
6511,የፕሮጀክቱ ችግር ከሰዓት በኋላ ከሹፌሩ ጋር እፈታለሁ።,Promise,8,Promise_11,train
6512,ቤቱ ገና ወደ ፍርድ ቤት በሚቀጥለው ሳምንት አልደረሰኝም።,Complaint,6,Complaint_07,train
6513,ቅሬታዬን ለባልደረባዬ ከዛሬ ጀምሮ ብናገርም ማንም አልሰማኝም።,Complaint,6,Complaint_14,val
6514,እንኳን ደስ አለህ ጓደኛዬ፣ ስለ ቡናው እንደገና ተሳስተሃል።,Sarcasm/Irony,5,Sarcasm/Irony_13,train
6515,ስራ አስኪያጁ ወደ መጋዘን ነገ ሄደዋል።,Assertion,1,Assertion_07,train
6516,በገበያ ከሰዓት በኋላ ወንጀል ሊፈጸም ይችላል ተጠንቀቁ።,Warning,4,Warning_11,train
6517,እባክዎ ፕሮጀክቱን ለጋዜጠኛው ከጥቂት ደቂቃዎች በኋላ ይላኩልኝ።,Request,0,Request_00,train
6518,እባክሽ ማሽኑን ከጥቂት ደቂቃዎች በኋላ አምጪልኝ።,Request,0,Request_09,test
6519,እርግጠኛ ነኝ ሚኒስትሩ ከሶስት ሰዓት በኋላ ይደርሳሉ፣ እንደ ሁልጊዜው።,Sarcasm/Irony,5,Sarcasm/Irony_05,test
6520,ለነጋዴው የገባሁትን ቃል በሚቀጥለው ሳምንት አከብራለሁ።,Promise,8,Promise_08,test
6521,በፋብሪካው አዲስ ስልት ከሁለት ቀናት በኋላ እንተግብር።,Suggestion,3,Suggestion_14,test
6522,እባክዎ ስጦታውን ወደ ሱቅ ይላኩ።,Request,0,Request_06,test
6523,ዶክተሩ፣ ቤተሰብ በቢሮ እንዴት ናቸው?,Phatic,7,Phatic_05,val
6524,እባክሽ ደብዳቤውን ከሁለት ቀናት በኋላ አምጪልኝ።,Request,0,Request_09,test
6525,እባክዎ ደረሰኙን ለመሐንዲሱ በሚቀጥለው ሳምንት ይላኩልኝ።,Request,0,Request_00,train
6526,ጎበዝ ስራ ደንበኛው፣ መስኮቱ ሙሉ በሙሉ ፈርሷል።,Sarcasm/Irony,5,Sarcasm/Irony_09,train
6527,ስራው ከሰዓት በኋላ ከአስተማሪዋ ጋር አልተጠናቀቀም።,Complaint,6,Complaint_03,test
6528,ገንዘብዎን ይጠብቁ፣ በገበያ በሚቀጥለው አመት ስርቆት ተከስቷል።,Warning,4,Warning_05,val
6529,ፖሊሱ ወደ ስብሰባ ክፍል በስብሰባው ወቅት ሄደዋል።,Assertion,1,Assertion_07,train
6530,ካርታውን ከሰዓት በኋላ ብንሞክር ጥሩ ይሆናል።,Suggestion,3,Suggestion_00,train
6531,የቁልፉ ችግር በሚቀጥለው አመት ከፖሊሱ ጋር እፈታለሁ።,Promise,8,Promise_11,train
6532,ደህና በዚህ አመት ይሁንልህ ሚኒስትሩ።,Phatic,7,Phatic_02,train
6533,ማህበሩ ስለ ትዕዛዙ ማስጠንቀቂያ በሚቀጥለው ወር አውጥቷል።,Warning,4,Warning_08,train
6534,እባክዎ ቁልፉን ለስራ አስኪያጁ በሚቀጥለው ወር ይላኩልኝ።,Request,0,Request_00,train
6535,ጎበዝ! በጣም ጥሩ ስራ ሰራህ ባልደረባዬ፣ መሳሪያውን አበላሸኸው።,Sarcasm/Irony,5,Sarcasm/Irony_02,train
6536,ሪፖርቱ ገና ወደ ፍርድ ቤት በስብሰባው ወቅት አልደረሰኝም።,Complaint,6,Complaint_07,train
6537,ደንበኛው ወደ አውሮፕላን ማረፊያ በሚቀጥለው አመት ሄደዋል።,Assertion,1,Assertion_07,train
6538,ደህና እደር ሚኒስትሩ፣ በሚቀጥለው ወር እንገናኝ።,Phatic,7,Phatic_06,train
6539,በፍርድ ቤት በዚህ አመት ወንጀል ሊፈጸም ይችላል ተጠንቀቁ።,Warning,4,Warning_11,train
6540,በሚቀጥለው ወር በፍርድ ቤት ትራፊኩ ከባድ ነው ተጠንቀቁ።,Warning,4,Warning_13,train
6541,መንግስት ስለ ቁልፉ ማስጠንቀቂያ በሚቀጥለው ሳምንት አውጥቷል።,Warning,4,Warning_08,train
6542,ከነጋዴው ጋር ከሶስት ሰዓት በኋላ በባንክ እገናኛለሁ።,Promise,8,Promise_04,val
6543,እንኳን አደረሳችሁ ጠበቃው፣ በፋብሪካ።,Phatic,7,Phatic_14,test
6544,እባክዎ ይቅርታ፣ መሳሪያውን በዚህ አመት ማቅረብ አልችልም።,Refusal,2,Refusal_09,train
6545,ማህበሩ ስለ ቡናው ማስጠንቀቂያ ከሰዓት በኋላ አውጥቷል።,Warning,4,Warning_08,train
6546,ደንበኛው ስብሰባውን በዚህ ሳምንት መርተዋል።,Assertion,1,Assertion_03,val
6547,የሰነዱ ችግር ከሰዓት በኋላ ከደንበኛው ጋር እፈታለሁ።,Promise,8,Promise_11,train
6548,ሰላም ጠበቃው፣ ከምሽቱ ጀምሮ እንዴት ነህ?,Phatic,7,Phatic_00,train
6549,አስተማሪዋ ወደ ስብሰባ ክፍል በስብሰባው ወቅት ሄደዋል።,Assertion,1,Assertion_07,train
6550,እንዴት ደስ ይላል፣ አለቃዬ እንደገና ከሰዓት በኋላ ዘገዩ።,Sarcasm/Irony,5,Sarcasm/Irony_03,train
6551,ፖሊሱ ወደ ሱቅ በሳምንቱ መጨረሻ ሄደዋል።,Assertion,1,Assertion_07,train
6552,ጠበቃው ወደ ፋብሪካ ከሶስት ሰዓት በኋላ ሄደዋል።,Assertion,1,Assertion_07,train
6553,ኮምፒዩተሩ በትምህርት ቤት ይገኛል።,Assertion,1,Assertion_00,test
6554,የመልእክቱ ችግር ከጥቂት ደቂቃዎች በኋላ ከመምህሩ ጋር እፈታለሁ።,Promise,8,Promise_11,train
6555,ዶክተሩ፣ ስራ በፋብሪካ እንዴት ነው?,Phatic,7,Phatic_09,val
6556,ጎበዝ ስራ አለቃዬ፣ መጽሐፉ ሙሉ በሙሉ ፈርሷል።,Sarcasm/Irony,5,Sarcasm/Irony_09,train
6557,ስለ በሩ ጉዳይ ከጠበቃው ጋር እንወያይ።,Suggestion,3,Suggestion_10,train
6558,በጣም ደግ ነህ አስተማሪዋ፣ በፋብሪካ ምንም እርዳታ አልሰጠኸኝም።,Sarcasm/Irony,5,Sarcasm/Irony_12,train
6559,እባክህ ይቅርታ አድርግልኝ፣ ወደ ትምህርት ቤት ዛሬ መምጣት አልችልም።,Refusal,2,Refusal_01,test
6560,ደህና እደር ፖሊሱ፣ ነገ ከሰዓት በኋላ እንገናኝ።,Phatic,7,Phatic_06,train
6561,ዕቃው ገና ወደ ባንክ ከሰዓት በኋላ አልደረሰኝም።,Complaint,6,Complaint_07,train
6562,አመሰግናለሁ ጠበቃው፣ ደህና ዋል በፋብሪካ።,Phatic,7,Phatic_08,train
6563,ፕሮጀክቱን ዛሬ ማታ ብንሞክር ጥሩ ይሆናል።,Suggestion,3,Suggestion_00,train
6564,አመሰግናለሁ መምህሩ፣ ደህና ዋል በመጋዘን።,Phatic,7,Phatic_08,train
6565,ከሚኒስትሩ ጋር ከጥቂት ደቂቃዎች በኋላ መነጋገር ይሻላል።,Suggestion,3,Suggestion_06,val
6566,የቦርሳው ችግር ነገ ከሰዓት በኋላ ከጓደኛዬ ጋር እፈታለሁ።,Promise,8,Promise_11,train
6567,ስራው በዚህ ሳምንት ከሚኒስትሩ ጋር አልተጠናቀቀም።,Complaint,6,Complaint_03,test
6568,እባክህ ለሂሳቡ ይህን ዘዴ በዚህ አመት ተጠቀም።,Suggestion,3,Suggestion_04,train
6569,ቢያንስ አንዴ ጥያቄውን በፍርድ ቤት እንሞክር።,Suggestion,3,Suggestion_05,train
6570,ወደ ፍርድ ቤት ከሶስት ሰዓት በኋላ መሄድ አልችልም።,Refusal,2,Refusal_13,test
6571,እባክዎ ደብዳቤውን ለደንበኛው ከጥቂት ደቂቃዎች በኋላ ይላኩልኝ።,Request,0,Request_00,train
6572,ስለ ዕቃው ከአስተማሪዋ ጋር ማሰብ ይኖርብናል።,Suggestion,3,Suggestion_03,train
6573,ማዕከሉ ስለ ትዕዛዙ ማስጠንቀቂያ ዛሬ አውጥቷል።,Warning,4,Warning_08,train
6574,ስለ ትዕዛዙ ጉዳይ ከዶክተሩ ጋር እንወያይ።,Suggestion,3,Suggestion_10,train
6575,እባክዎ ይቅርታ፣ ኮምፒዩተሩን ከሶስት ሰዓት በኋላ ማቅረብ አልችልም።,Refusal,2,Refusal_09,train
6576,እንኳን ደስ አለህ መምህሩ፣ ስለ መሳሪያው እንደገና ተሳስተሃል።,Sarcasm/Irony,5,Sarcasm/Irony_13,train
6577,ነገ ከሰዓት በኋላ በአውሮፕላን ማረፊያ ስብሰባ እናድርግ።,Suggestion,3,Suggestion_02,train
6578,አለቃዬ ወደ ፍርድ ቤት ከምሽቱ ጀምሮ ሄደዋል።,Assertion,1,Assertion_07,train
6579,ከሚኒስትሩ ጋር ስለ ሪፖርቱ ጉዳይ መስማማት አልችልም።,Refusal,2,Refusal_06,train
6580,ቢያንስ አንዴ ገንዘቡን በሱቅ እንሞክር።,Suggestion,3,Suggestion_05,train
6581,ማሽኑ ገና ወደ ፍርድ ቤት ከምሽቱ ጀምሮ አልደረሰኝም።,Complaint,6,Complaint_07,train
6582,ይህን ትዕዛዙን ከጓደኛዬ መቀበል አልችልም።,Refusal,2,Refusal_03,train
6583,ማዕከሉ ስለ ሪፖርቱ ማስጠንቀቂያ በዚህ ሳምንት አውጥቷል።,Warning,4,Warning_08,train
6584,ጋዜጠኛው ወደ መንገድ ላይ ከዛሬ ጀምሮ ሄደዋል።,Assertion,1,Assertion_07,train
6585,ፖሊስ ጣቢያ ከጥቂት ደቂቃዎች በኋላ ተከፍቷል።,Assertion,1,Assertion_14,train
6586,ባልደረባዬ ወደ ቢሮ ከሰዓት በኋላ ሄደዋል።,Assertion,1,Assertion_07,train
6587,እባክዎ ትዕዛዙን ለነጋዴው በዚህ አመት ይላኩልኝ።,Request,0,Request_00,train
6588,የትዕዛዙ ዋጋውን ከጥቂት ደቂቃዎች በኋላ ብንቀንስ ደንበኞች ይጨምራሉ።,Suggestion,3,Suggestion_07,train
6589,እባክዎ ኮምፒዩተሩን ለጠበቃው ከሁለት ቀናት በኋላ ይላኩልኝ።,Request,0,Request_00,train
6590,ሪፖርቱ ከባልደረባዬ አጠገብ አደገኛ ሊሆን ይችላል።,Warning,4,Warning_01,test
6591,እርግጠኛ ነኝ ደንበኛው ከሰዓት በኋላ ይደርሳሉ፣ እንደ ሁልጊዜው።,Sarcasm/Irony,5,Sarcasm/Irony_05,test
6592,ስቱዲዮው ስለ ሪፖርቱ ማስጠንቀቂያ ከዛሬ ጀምሮ አውጥቷል።,Warning,4,Warning_08,train
6593,መሐንዲሱ፣ እንደምን አደርክ ከሶስት ሰዓት በኋላ?,Phatic,7,Phatic_01,train
6594,ውሃው ከጠበቃው አጠገብ አደገኛ ሊሆን ይችላል።,Warning,4,Warning_01,test
6595,ይቅርታ፣ ቡናውን በዚህ አመት ማድረግ አልችልም።,Refusal,2,Refusal_00,train
6596,አዎ በርግጥ፣ የፋብሪካው እቅድ በከአንድ ሰዓት በኋላ በጭራሽ አይከሽፍም።,Sarcasm/Irony,5,Sarcasm/Irony_11,train
6597,ስለ ውሃው ከጋዜጠኛው ጋር ማሰብ ይኖርብናል።,Suggestion,3,Suggestion_03,train
6598,እባክዎ በሩን ለአስተማሪዋ ነገ ይላኩልኝ።,Request,0,Request_00,train
6599,በፖሊስ ጣቢያ ትንሽ እረፍት በሳምንቱ መጨረሻ ብንወስድ ጥሩ ነው።,Suggestion,3,Suggestion_09,test
6600,ደረሰኙ ገና ወደ ገበያ ከሶስት ሰዓት በኋላ አልደረሰኝም።,Complaint,6,Complaint_07,train
6601,እንዴት ጎበዝ ነህ ሚኒስትሩ፣ በሩን ሰብረኸዋል!,Sarcasm/Irony,5,Sarcasm/Irony_00,train
6602,መጋዘን ከሰዓት በኋላ ተከፍቷል።,Assertion,1,Assertion_14,train
6603,እባክዎ መሳሪያውን ለባልደረባዬ ከሰዓት በኋላ ይላኩልኝ።,Request,0,Request_00,train
6604,የመልእክቱ ችግር በዚህ ሳምንት ከጠበቃው ጋር እፈታለሁ።,Promise,8,Promise_11,train
6605,ወደ ትምህርት ቤት ከምሽቱ ጀምሮ እንሂድ።,Suggestion,3,Suggestion_01,test
6606,የፕሮጀክቱ ችግር ከምሽቱ ጀምሮ ከመሐንዲሱ ጋር እፈታለሁ።,Promise,8,Promise_11,train
6607,ገንዘብዎን ይጠብቁ፣ በመጋዘን ከጥቂት ደቂቃዎች በኋላ ስርቆት ተከስቷል።,Warning,4,Warning_05,val
6608,ተጠንቀቅ፣ ነገ ስብሰባ ክፍል ውስጥ አደጋ አለ።,Warning,4,Warning_00,val
6609,እባክዎ ትዕዛዙን ለደንበኛው በስብሰባው ወቅት ይላኩልኝ።,Request,0,Request_00,train
6610,ቢያንስ አንዴ ቡናውን በስብሰባ ክፍል እንሞክር።,Suggestion,3,Suggestion_05,train
6611,ደብዳቤው ገና ወደ ፖሊስ ጣቢያ ከጥቂት ደቂቃዎች በኋላ አልደረሰኝም።,Complaint,6,Complaint_07,train
6612,በጣም ብልህ ነህ ጓደኛዬ፣ መሳሪያውን ረሳኸው።,Sarcasm/Irony,5,Sarcasm/Irony_04,train
6613,ከአስተማሪዋ ጋር ዛሬ ማታ በሆስፒታል እገናኛለሁ።,Promise,8,Promise_04,val
6614,ደንበኛው ወደ ሆስፒታል ከዛሬ ጀምሮ ሄደዋል።,Assertion,1,Assertion_07,train
6615,የሪፖርቱ ችግር በሚቀጥለው ሳምንት ከነጋዴው ጋር እፈታለሁ።,Promise,8,Promise_11,train
6616,ይህን ቡናውን ያለ ሚኒስትሩ ትዕዛዝ አይውሰዱ።,Warning,4,Warning_12,val
6617,እንኳን ደስ አለህ ደንበኛው ነገ ጠዋት።,Phatic,7,Phatic_07,train
6618,እባክዎ ስጦታውን ለሚኒስትሩ ነገ ከሰዓት በኋላ ይላኩልኝ።,Request,0,Request_00,train
6619,የፋይሉ ችግር በስብሰባው ወቅት ከጠበቃው ጋር እፈታለሁ።,Promise,8,Promise_11,train
6620,እርግጠኛ ነኝ መሐንዲሱ በሳምንቱ መጨረሻ ይደርሳሉ፣ እንደ ሁልጊዜው።,Sarcasm/Irony,5,Sarcasm/Irony_05,test
6621,ሰነዱ በባንክ ይገኛል።,Assertion,1,Assertion_00,test
6622,የመኪናው ወጪውን በባንክ ብንቀንስ የተሻለ ነው።,Suggestion,3,Suggestion_13,train
6623,የመጽሐፉ ችግር በሳምንቱ መጨረሻ ከባልደረባዬ ጋር እፈታለሁ።,Promise,8,Promise_11,train
6624,ፕሮጀክቱን ከአንድ ሰዓት በኋላ ከጋዜጠኛው ጋር ብንጀምር ይሻላል።,Suggestion,3,Suggestion_08,val
6625,በጣም ብልህ ነህ አለቃዬ፣ ገንዘቡን ረሳኸው።,Sarcasm/Irony,5,Sarcasm/Irony_04,train
6626,ደህና በሚቀጥለው ሳምንት ይሁንልህ ደንበኛው።,Phatic,7,Phatic_02,train
6627,ቃል እገባለሁ፣ ፋይሉን ከአንድ ሰዓት በኋላ አላዘገይም።,Promise,8,Promise_03,test
6628,እንኳን ወደ ገበያ ደህና መጣህ አለቃዬ።,Phatic,7,Phatic_04,test
6629,ፖሊሱ ወደ ቢሮ በዚህ አመት ሄደዋል።,Assertion,1,Assertion_07,train
6630,የዕቃው ችግር በሚቀጥለው አመት ከመሐንዲሱ ጋር እፈታለሁ።,Promise,8,Promise_11,train
6631,በመጋዘን ትንሽ እረፍት ከጥቂት ደቂቃዎች በኋላ ብንወስድ ጥሩ ነው።,Suggestion,3,Suggestion_09,test
6632,እባክዎ ምርቱን ለጋዜጠኛው ከምሽቱ ጀምሮ ይላኩልኝ።,Request,0,Request_00,train
6633,ፕሮጀክቱን ከሁለት ቀናት በኋላ ብንሞክር ጥሩ ይሆናል።,Suggestion,3,Suggestion_00,train
6634,ስብሰባው ያለ ማስታወቂያ ከጥቂት ደቂቃዎች በኋላ በፖሊስ ጣቢያ ተሰርዟል።,Complaint,6,Complaint_09,test
6635,እባክዎ ማሽኑን ወደ መንገድ ላይ ይላኩ።,Request,0,Request_06,test
6636,እባክዎ ምርቱን ለሚኒስትሩ በዚህ አመት ይላኩልኝ።,Request,0,Request_00,train
6637,በሩ ገና ወደ ገበያ ዛሬ አልደረሰኝም።,Complaint,6,Complaint_07,train
6638,እባክዎ ውሃውን ለፖሊሱ በሚቀጥለው ወር ይላኩልኝ።,Request,0,Request_00,train
6639,እባክዎ ውሉን ለነጋዴው ዛሬ ማታ ይላኩልኝ።,Request,0,Request_00,train
6640,ስቱዲዮው ስለ ቡናው ማስጠንቀቂያ በሚቀጥለው አመት አውጥቷል።,Warning,4,Warning_08,train
6641,እንኳን ደስ አለህ መሐንዲሱ፣ ስለ ገንዘቡ እንደገና ተሳስተሃል።,Sarcasm/Irony,5,Sarcasm/Irony_13,train
6642,የምርቱ ችግር ነገ ጠዋት ከሹፌሩ ጋር እፈታለሁ።,Promise,8,Promise_11,train
6643,በጣም ጎበዝ ነው ድርጅቱ፣ በፍርድ ቤት ደንበኞችን ችላ ይላል።,Sarcasm/Irony,5,Sarcasm/Irony_06,test
6644,ይህን ፋይሉን ከሚኒስትሩ መቀበል አልችልም።,Refusal,2,Refusal_03,train
6645,መንግስት ስለ ቤቱ ማስጠንቀቂያ ከሁለት ቀናት በኋላ አውጥቷል።,Warning,4,Warning_08,train
6646,እንኳን ወደ ባንክ ደህና መጣህ ደንበኛው።,Phatic,7,Phatic_04,test
6647,እባክህ በሩን ስጠኝ።,Request,0,Request_08,val
6648,ስቱዲዮው ስለ ካርታው ማስጠንቀቂያ በሚቀጥለው ሳምንት አውጥቷል።,Warning,4,Warning_08,train
6649,መልእክቱ በመጋዘን ይገኛል።,Assertion,1,Assertion_00,test
6650,ስራው ከሶስት ሰዓት በኋላ ከሹፌሩ ጋር አልተጠናቀቀም።,Complaint,6,Complaint_03,test
6651,ከባልደረባዬ ጋር በዚህ አመት በከተማው ውስጥ እገናኛለሁ።,Promise,8,Promise_04,val
6652,ከነጋዴው ጋር በስብሰባው ወቅት መነጋገር ይሻላል።,Suggestion,3,Suggestion_06,val
6653,ደህና ሁን መምህሩ፣ እስከ በስብሰባው ወቅት እንገናኝ።,Phatic,7,Phatic_13,train
6654,መንግስት ስለ ማሽኑ ማስጠንቀቂያ ከጥቂት ደቂቃዎች በኋላ አውጥቷል።,Warning,4,Warning_08,train
6655,እባክህ ለቦርሳው ይህን ዘዴ በሚቀጥለው አመት ተጠቀም።,Suggestion,3,Suggestion_04,train
6656,እባክህ ይቅርታ አድርግልኝ፣ ወደ ፖሊስ ጣቢያ በስብሰባው ወቅት መምጣት አልችልም።,Refusal,2,Refusal_01,test
6657,አዎ በርግጥ፣ የድርጅቱ እቅድ በዛሬ ማታ በጭራሽ አይከሽፍም።,Sarcasm/Irony,5,Sarcasm/Irony_11,train
6658,መንግስት ነገ ጠዋት አዲስ ምርት አስተዋውቋል።,Assertion,1,Assertion_02,val
6659,ጤና ይስጥልኝ መምህሩ፣ ነገ ጠዋት ደህና ነህ?,Phatic,7,Phatic_12,train
6660,እባክህ ለሪፖርቱ ይህን ዘዴ ከዛሬ ጀምሮ ተጠቀም።,Suggestion,3,Suggestion_04,train
6661,ጎበዝ! በጣም ጥሩ ስራ ሰራህ ዶክተሩ፣ ሂሳቡን አበላሸኸው።,Sarcasm/Irony,5,Sarcasm/Irony_02,train
6662,ተጠንቀቅ፣ ነገ ፋብሪካ ውስጥ አደጋ አለ።,Warning,4,Warning_00,val
6663,ቤቱ ከዶክተሩ አጠገብ አደገኛ ሊሆን ይችላል።,Warning,4,Warning_01,test
6664,ኩባንያው ስለ መስኮቱ ማስጠንቀቂያ በስብሰባው ወቅት አውጥቷል።,Warning,4,Warning_08,train
6665,እባክሽ ስጦታውን በዚህ ወር አምጪልኝ።,Request,0,Request_09,test
6666,የማሽኑ ችግር ከምሽቱ ጀምሮ ከሚኒስትሩ ጋር እፈታለሁ።,Promise,8,Promise_11,train
6667,እባክዎ ትዕዛዙን ለደንበኛው ከጥቂት ደቂቃዎች በኋላ ይላኩልኝ።,Request,0,Request_00,train
6668,ወደፊት ስለ መስኮቱ አልደግመውም ቃል እገባለሁ።,Promise,8,Promise_09,train
6669,ከባልደረባዬ ጋር በሳምንቱ መጨረሻ በመጋዘን እገናኛለሁ።,Promise,8,Promise_04,val
6670,ጎበዝ ስራ ስራ አስኪያጁ፣ ጥያቄው ሙሉ በሙሉ ፈርሷል።,Sarcasm/Irony,5,Sarcasm/Irony_09,train
6671,እባክዎ ስጦታውን ለነጋዴው ነገ ከሰዓት በኋላ ይላኩልኝ።,Request,0,Request_00,train
6672,ነጋዴው፣ ጤና ይስጥልኝ በከተማው ውስጥ።,Phatic,7,Phatic_03,train
6673,በዚህ አመት በባንክ መገኘት አልችልም።,Refusal,2,Refusal_04,val
6674,እባክዎ ልብሱን ለሚኒስትሩ በዚህ ሳምንት ይላኩልኝ።,Request,0,Request_00,train
6675,ጋዜጠኛው ወደ ቢሮ ነገ ከሰዓት በኋላ ሄደዋል።,Assertion,1,Assertion_07,train
6676,እንኳን ደስ አለህ ባልደረባዬ፣ ስለ ምርቱ እንደገና ተሳስተሃል።,Sarcasm/Irony,5,Sarcasm/Irony_13,train
6677,አስተማሪዋ ስብሰባውን በሚቀጥለው ወር መርተዋል።,Assertion,1,Assertion_03,val
6678,ድርጅቱ ስለ ፋይሉ ማስጠንቀቂያ ነገ አውጥቷል።,Warning,4,Warning_08,train
6679,የኮምፒዩተሩ ዋጋ ዛሬ ማታ ጨምሯል።,Assertion,1,Assertion_12,val
6680,ነጋዴው ሪፖርቱን በሚቀጥለው ወር አቅርበዋል።,Assertion,1,Assertion_13,test
6681,እባክዎ ሪፖርቱን ለጋዜጠኛው ነገ ይላኩልኝ።,Request,0,Request_00,train
6682,የቤቱ ችግር ከሰዓት በኋላ ከሹፌሩ ጋር እፈታለሁ።,Promise,8,Promise_11,train
6683,ከሚኒስትሩ ጋር በዚህ ሳምንት በመጋዘን እገናኛለሁ።,Promise,8,Promise_04,val
6684,የመሳሪያው ዋጋውን በሚቀጥለው ወር ብንቀንስ ደንበኞች ይጨምራሉ።,Suggestion,3,Suggestion_07,train
6685,ከዶክተሩ ጋር ስለ ዕቃው ጉዳይ መስማማት አልችልም።,Refusal,2,Refusal_06,train
6686,ይህን መኪናውን ከደንበኛው መቀበል አልችልም።,Refusal,2,Refusal_03,train
6687,እባክዎ ለሹፌሩ ውሉን ያድርሱ።,Request,0,Request_14,test
6688,እንደምን አለህ በባንክ፣ ጠበቃው?,Phatic,7,Phatic_11,val
6689,ኩባንያው ስለ ኮምፒዩተሩ ማስጠንቀቂያ በሳምንቱ መጨረሻ አውጥቷል።,Warning,4,Warning_08,train
6690,እባክህ ይቅርታ አድርግልኝ፣ ወደ ስብሰባ ክፍል ከምሽቱ ጀምሮ መምጣት አልችልም።,Refusal,2,Refusal_01,test
6691,ድርጅቱ ስለ በሩ ማስጠንቀቂያ ከሶስት ሰዓት በኋላ አውጥቷል።,Warning,4,Warning_08,train
6692,ደብዳቤውን በጥንቃቄ ለስራ አስኪያጁ እይዛለሁ።,Promise,8,Promise_07,train
6693,እባክዎ ውሉን ለፖሊሱ በሳምንቱ መጨረሻ ይላኩልኝ።,Request,0,Request_00,train
6694,መሐንዲሱ ወደ ስብሰባ ክፍል ከዛሬ ጀምሮ ሄደዋል።,Assertion,1,Assertion_07,train
6695,ስብሰባው ያለ ማስታወቂያ ነገ ጠዋት በፍርድ ቤት ተሰርዟል።,Complaint,6,Complaint_09,test
6696,እባክዎ ይቅርታ፣ ጥያቄውን ዛሬ ማታ ማቅረብ አልችልም።,Refusal,2,Refusal_09,train
6697,ቁልፉን ከዛሬ ጀምሮ ብንሞክር ጥሩ ይሆናል።,Suggestion,3,Suggestion_00,train
6698,በጣም ውጤታማ ነው ፋብሪካው፣ በነገ ከሰዓት በኋላ ምንም አልተሰራም።,Sarcasm/Irony,5,Sarcasm/Irony_14,val
6699,እባክዎ ውሉን ለሚኒስትሩ ከሁለት ቀናት በኋላ ይላኩልኝ።,Request,0,Request_00,train
6700,እንዴት ደስ ይላል፣ ጋዜጠኛው እንደገና ከሰዓት በኋላ ዘገዩ።,Sarcasm/Irony,5,Sarcasm/Irony_03,train
6701,ቅሬታዬን ለሹፌሩ ከጥቂት ደቂቃዎች በኋላ ብናገርም ማንም አልሰማኝም።,Complaint,6,Complaint_14,val
6702,ማንነትዎን ለማያውቁት አለቃዬ በቢሮ አይስጡ።,Warning,4,Warning_14,test
6703,ሰላም ስራ አስኪያጁ፣ በሚቀጥለው አመት እንዴት ነህ?,Phatic,7,Phatic_00,train
6704,ጎበዝ! በጣም ጥሩ ስራ ሰራህ ጓደኛዬ፣ ስጦታውን አበላሸኸው።,Sarcasm/Irony,5,Sarcasm/Irony_02,train
6705,አስተማሪዋ፣ እንደምን አደርክ ከሶስት ሰዓት በኋላ?,Phatic,7,Phatic_01,train
6706,ከጥቂት ደቂቃዎች በኋላ በትምህርት ቤት መገኘት አልችልም።,Refusal,2,Refusal_04,val
6707,እባክዎ ስልኩን ለአስተማሪዋ ዛሬ ይላኩልኝ።,Request,0,Request_00,train
6708,ማዕከሉ ስለ መልእክቱ ማስጠንቀቂያ በሚቀጥለው ወር አውጥቷል።,Warning,4,Warning_08,train
6709,እንዴት ጎበዝ ነህ አስተማሪዋ፣ ደረሰኙን ሰብረኸዋል!,Sarcasm/Irony,5,Sarcasm/Irony_00,train
6710,ደህና ነገ ከሰዓት በኋላ ይሁንልህ ሹፌሩ።,Phatic,7,Phatic_02,train
6711,የገንዘቡ ችግር ከምሽቱ ጀምሮ ከመምህሩ ጋር እፈታለሁ።,Promise,8,Promise_11,train
6712,እንኳን ደስ አለህ ሚኒስትሩ፣ ስለ ሂሳቡ እንደገና ተሳስተሃል።,Sarcasm/Irony,5,Sarcasm/Irony_13,train
6713,ጠበቃው ወደ ባንክ በሚቀጥለው አመት ሄደዋል።,Assertion,1,Assertion_07,train
6714,እባክህ ለምርቱ ይህን ዘዴ ከአንድ ሰዓት በኋላ ተጠቀም።,Suggestion,3,Suggestion_04,train
6715,መጽሐፉ ገና ወደ ፖሊስ ጣቢያ ከሁለት ቀናት በኋላ አልደረሰኝም።,Complaint,6,Complaint_07,train
6716,እባክዎ ትዕዛዙን ለጋዜጠኛው በሚቀጥለው አመት ይላኩልኝ።,Request,0,Request_00,train
6717,አመሰግናለሁ መምህሩ፣ ደህና ዋል በአውሮፕላን ማረፊያ።,Phatic,7,Phatic_08,train
6718,ሹፌሩ ወደ ከተማው ውስጥ በሚቀጥለው አመት ሄደዋል።,Assertion,1,Assertion_07,train
6719,እባክዎ መሳሪያውን ለሚኒስትሩ ከዛሬ ጀምሮ ይላኩልኝ።,Request,0,Request_00,train
6720,ድርጅቱ ስለ ገንዘቡ ማስጠንቀቂያ በሚቀጥለው ወር አውጥቷል።,Warning,4,Warning_08,train
6721,በጣም ብልህ ነህ አለቃዬ፣ ዕቃውን ረሳኸው።,Sarcasm/Irony,5,Sarcasm/Irony_04,train
6722,የልብሱ ወጪውን በፖሊስ ጣቢያ ብንቀንስ የተሻለ ነው።,Suggestion,3,Suggestion_13,train
6723,ጓደኛዬ ወደ ስብሰባ ክፍል ነገ ከሰዓት በኋላ ሄደዋል።,Assertion,1,Assertion_07,train
6724,ከሚኒስትሩ ጋር ስለ ፋይሉ ጉዳይ መስማማት አልችልም።,Refusal,2,Refusal_06,train
6725,እባክህ ለመልእክቱ ይህን ዘዴ በዚህ ሳምንት ተጠቀም።,Suggestion,3,Suggestion_04,train
6726,ጋዜጠኛው ወደ ሱቅ በሚቀጥለው አመት ሄደዋል።,Assertion,1,Assertion_07,train
6727,ሰላም ነጋዴው፣ ነገ እንዴት ነህ?,Phatic,7,Phatic_00,train
6728,ማዕከሉ ስለ መልእክቱ ማስጠንቀቂያ በሚቀጥለው አመት አውጥቷል።,Warning,4,Warning_08,train
6729,እንዴት ደስ ይላል፣ ዶክተሩ እንደገና ከሁለት ቀናት በኋላ ዘገዩ።,Sarcasm/Irony,5,Sarcasm/Irony_03,train
6730,ከፖሊሱ ጋር በሚቀጥለው ሳምንት በመንገድ ላይ እገናኛለሁ።,Promise,8,Promise_04,val
6731,ካርታው ገና ወደ ፋብሪካ ነገ ከሰዓት በኋላ አልደረሰኝም።,Complaint,6,Complaint_07,train
6732,መኪናው ገና ወደ ገበያ ነገ ከሰዓት በኋላ አልደረሰኝም።,Complaint,6,Complaint_07,train
6733,የድርጅቱ ስልክ ከሰዓት በኋላ አይነሳም።,Complaint,6,Complaint_11,test
6734,ጤና ይስጥልኝ ሹፌሩ፣ በዚህ ወር ደህና ነህ?,Phatic,7,Phatic_12,train
6735,እባክዎ ቦርሳውን ለሹፌሩ ከሁለት ቀናት በኋላ ይላኩልኝ።,Request,0,Request_00,train
6736,የሰነዱ ችግር በስብሰባው ወቅት ከባልደረባዬ ጋር እፈታለሁ።,Promise,8,Promise_11,train
6737,በጣም ጎበዝ ነው ማህበሩ፣ በመጋዘን ደንበኞችን ችላ ይላል።,Sarcasm/Irony,5,Sarcasm/Irony_06,test
6738,ነጋዴው ወደ ቢሮ ነገ ከሰዓት በኋላ ሄደዋል።,Assertion,1,Assertion_07,train
6739,ስለ ስጦታው ከባልደረባዬ ጋር ማሰብ ይኖርብናል።,Suggestion,3,Suggestion_03,train
6740,የደብዳቤው ወጪውን በባንክ ብንቀንስ የተሻለ ነው።,Suggestion,3,Suggestion_13,train
6741,ደህና እደር አስተማሪዋ፣ ከምሽቱ ጀምሮ እንገናኝ።,Phatic,7,Phatic_06,train
6742,እባክዎ መጽሐፉን ለጠበቃው ዛሬ ይላኩልኝ።,Request,0,Request_00,train
6743,እንዴት ደስ ይላል፣ አለቃዬ እንደገና ከአንድ ሰዓት በኋላ ዘገዩ።,Sarcasm/Irony,5,Sarcasm/Irony_03,train
6744,ባልደረባዬ ወደ ቤት በዚህ ሳምንት ሄደዋል።,Assertion,1,Assertion_07,train
6745,በጣም ትክክለኛ ነው አስተማሪዋ፣ በባንክ ሁልጊዜ እንደዚህ ይሆናል።,Sarcasm/Irony,5,Sarcasm/Irony_08,val
6746,በጣም ብልህ ነህ ደንበኛው፣ ቁልፉን ረሳኸው።,Sarcasm/Irony,5,Sarcasm/Irony_04,train
6747,የሪፖርቱ ገመድ በፍርድ ቤት አደገኛ ነው ተጠንቀቁ።,Warning,4,Warning_07,train
6748,ይህን ሪፖርቱን ከመሐንዲሱ ጋር በጥንቃቄ ያዙ።,Warning,4,Warning_04,val
6749,የመጽሐፉ ችግር ከሶስት ሰዓት በኋላ ከዶክተሩ ጋር እፈታለሁ።,Promise,8,Promise_11,train
6750,ጤና ይስጥልኝ ፖሊሱ፣ ከሰዓት በኋላ ደህና ነህ?,Phatic,7,Phatic_12,train
6751,ወደ ስብሰባ ክፍል ነገ ጠዋት መሄድ አልችልም።,Refusal,2,Refusal_13,test
6752,ይህን ውሉን ያለ ዶክተሩ ትዕዛዝ አይውሰዱ።,Warning,4,Warning_12,val
6753,በመንግስት አዲስ ስልት ከጥቂት ደቂቃዎች በኋላ እንተግብር።,Suggestion,3,Suggestion_14,test
6754,እንኳን ወደ ቢሮ ደህና መጣህ አስተማሪዋ።,Phatic,7,Phatic_04,test
6755,እባክዎ ይቅርታ፣ ማሽኑን ከሶስት ሰዓት በኋላ ማቅረብ አልችልም።,Refusal,2,Refusal_09,train
6756,ወደ ትምህርት ቤት በሳምንቱ መጨረሻ መሄድ አልችልም።,Refusal,2,Refusal_13,test
6757,የዕቃው ችግር ነገ ጠዋት ከመምህሩ ጋር እፈታለሁ።,Promise,8,Promise_11,train
6758,በጣም ደግ ነህ ሚኒስትሩ፣ በአውሮፕላን ማረፊያ ምንም እርዳታ አልሰጠኸኝም።,Sarcasm/Irony,5,Sarcasm/Irony_12,train
6759,ከዶክተሩ ጋር በዚህ ሳምንት በፋብሪካ እገናኛለሁ።,Promise,8,Promise_04,val
6760,ከደንበኛው ጋር ስለ ምርቱ ጉዳይ መስማማት አልችልም።,Refusal,2,Refusal_06,train
6761,ካርታውን በጥንቃቄ ከሹፌሩ ጋር ብንመረምር ይሻላል።,Suggestion,3,Suggestion_11,val
6762,ትዕዛዙን በጥንቃቄ ከሚኒስትሩ ጋር ብንመረምር ይሻላል።,Suggestion,3,Suggestion_11,val
6763,እንኳን ደስ አለህ ነጋዴው፣ ስለ ደብዳቤው እንደገና ተሳስተሃል።,Sarcasm/Irony,5,Sarcasm/Irony_13,train
6764,በጣም ጎበዝ ነው ሚኒስቴሩ፣ በሱቅ ደንበኞችን ችላ ይላል።,Sarcasm/Irony,5,Sarcasm/Irony_06,test
6765,ዶክተሩ ወደ ቤት በዚህ አመት ሄደዋል።,Assertion,1,Assertion_07,train
6766,ማህበሩ ስለ ማሽኑ ማስጠንቀቂያ ከሰዓት በኋላ አውጥቷል።,Warning,4,Warning_08,train
6767,ጎበዝ! በጣም ጥሩ ስራ ሰራህ አስተማሪዋ፣ ትዕዛዙን አበላሸኸው።,Sarcasm/Irony,5,Sarcasm/Irony_02,train
6768,በጣም ደግ ነህ ሚኒስትሩ፣ በመንገድ ላይ ምንም እርዳታ አልሰጠኸኝም።,Sarcasm/Irony,5,Sarcasm/Irony_12,train
6769,እባክዎ ፋይሉን ለደንበኛው ከሁለት ቀናት በኋላ ይላኩልኝ።,Request,0,Request_00,train
6770,ከፖሊሱ ጋር ስለ ደረሰኙ ጉዳይ መስማማት አልችልም።,Refusal,2,Refusal_06,train
6771,ሰላም መሐንዲሱ፣ ከሰዓት በኋላ እንዴት ነህ?,Phatic,7,Phatic_00,train
6772,ጎበዝ ስራ ሚኒስትሩ፣ ቤቱ ሙሉ በሙሉ ፈርሷል።,Sarcasm/Irony,5,Sarcasm/Irony_09,train
6773,ከሚኒስትሩ ጋር ከሶስት ሰዓት በኋላ በከተማው ውስጥ እገናኛለሁ።,Promise,8,Promise_04,val
6774,ደህና በሚቀጥለው ወር ይሁንልህ ሹፌሩ።,Phatic,7,Phatic_02,train
6775,በከተማው ውስጥ ነገ ንጽህና ጎድሏል።,Complaint,6,Complaint_13,test
6776,ቅሬታዬን ለፖሊሱ ነገ ብናገርም ማንም አልሰማኝም።,Complaint,6,Complaint_14,val
6777,የኮምፒዩተሩ ዋጋ ከጥቂት ደቂቃዎች በኋላ ጨምሯል።,Assertion,1,Assertion_12,val
6778,አዎ በእርግጥ፣ ፖሊሱ በሚቀጥለው ሳምንት ትመጣለህ ብዬ አላምንም።,Sarcasm/Irony,5,Sarcasm/Irony_01,test
6779,በጣም ትክክለኛ ነው ደንበኛው፣ በአውሮፕላን ማረፊያ ሁልጊዜ እንደዚህ ይሆናል።,Sarcasm/Irony,5,Sarcasm/Irony_08,val
6780,መሐንዲሱ ወደ ሱቅ በዚህ ሳምንት ሄደዋል።,Assertion,1,Assertion_07,train
6781,ይህ ቤቱ ከሚኒስቴሩ ከተገለጸው ጋር አይመሳሰልም።,Complaint,6,Complaint_12,test
6782,መንግስት ስለ ፋይሉ ማስጠንቀቂያ በሚቀጥለው አመት አውጥቷል።,Warning,4,Warning_08,train
6783,ከጋዜጠኛው ጋር በሳምንቱ መጨረሻ በመጋዘን እገናኛለሁ።,Promise,8,Promise_04,val
6784,ባንኩ ስለ ቦርሳው ማስጠንቀቂያ ዛሬ ማታ አውጥቷል።,Warning,4,Warning_08,train
6785,እንዴት ጥሩ ነው ሚኒስትሩ፣ በሚቀጥለው ሳምንት ደግሞ ዘገየ።,Sarcasm/Irony,5,Sarcasm/Irony_10,val
6786,እባክዎ ቦርሳውን ለአስተማሪዋ በዚህ ወር ይላኩልኝ።,Request,0,Request_00,train
6787,እንኳን ደስ አለህ አለቃዬ ከምሽቱ ጀምሮ።,Phatic,7,Phatic_07,train
6788,ከጠበቃው ጋር ከሰዓት በኋላ በገበያ እገናኛለሁ።,Promise,8,Promise_04,val
6789,ደህና ሁን ፖሊሱ፣ እስከ በዚህ አመት እንገናኝ።,Phatic,7,Phatic_13,train
6790,ስጦታው ገና ወደ ትምህርት ቤት ከሰዓት በኋላ አልደረሰኝም።,Complaint,6,Complaint_07,train
6791,ሚኒስትሩ፣ ቤተሰብ በስብሰባ ክፍል እንዴት ናቸው?,Phatic,7,Phatic_05,val
6792,እባክዎ ይቅርታ፣ ገንዘቡን ነገ ማቅረብ አልችልም።,Refusal,2,Refusal_09,train
6793,እንኳን ወደ ባንክ ደህና መጣህ አለቃዬ።,Phatic,7,Phatic_04,test
6794,እባክዎ ይቅርታ፣ ቁልፉን በሚቀጥለው ወር ማቅረብ አልችልም።,Refusal,2,Refusal_09,train
6795,አለቃዬ፣ ስራ በገበያ እንዴት ነው?,Phatic,7,Phatic_09,val
6796,እባክዎ ውሉን ለአለቃዬ ከዛሬ ጀምሮ ይላኩልኝ።,Request,0,Request_00,train
6797,ኩባንያው ስለ መስኮቱ ማስጠንቀቂያ በዚህ አመት አውጥቷል።,Warning,4,Warning_08,train
6798,እንኳን አደረሳችሁ ሚኒስትሩ፣ በሆስፒታል።,Phatic,7,Phatic_14,test
6799,ቢያንስ አንዴ ቡናውን በከተማው ውስጥ እንሞክር።,Suggestion,3,Suggestion_05,train
6800,ባልደረባዬ፣ እንደምን አደርክ በሚቀጥለው ሳምንት?,Phatic,7,Phatic_01,train
6801,እባክዎ ይቅርታ፣ ምርቱን ከሶስት ሰዓት በኋላ ማቅረብ አልችልም።,Refusal,2,Refusal_09,train
6802,ስቱዲዮው ስለ መስኮቱ ማስጠንቀቂያ ነገ አውጥቷል።,Warning,4,Warning_08,train
6803,እንደምን አለህ በፍርድ ቤት፣ ጠበቃው?,Phatic,7,Phatic_11,val
6804,ክፍያ ብከፍልም ከኤጀንሲው አገልግሎት ነገ ከሰዓት በኋላ አላገኘሁም።,Complaint,6,Complaint_10,val
6805,በሱቅ ነገ ጠዋት ወንጀል ሊፈጸም ይችላል ተጠንቀቁ።,Warning,4,Warning_11,train
6806,ስቱዲዮው ስለ ደብዳቤው ማስጠንቀቂያ ከሶስት ሰዓት በኋላ አውጥቷል።,Warning,4,Warning_08,train
6807,ፋብሪካው በዚህ አመት አዲስ ሰራተኞችን ቀጥሯል።,Assertion,1,Assertion_09,train
6808,በጣም ደግ ነህ ደንበኛው፣ በሆስፒታል ምንም እርዳታ አልሰጠኸኝም።,Sarcasm/Irony,5,Sarcasm/Irony_12,train
6809,እባክዎ ስጦታውን ለጠበቃው በዚህ ወር ይላኩልኝ።,Request,0,Request_00,train
6810,እባክህ ይቅርታ አድርግልኝ፣ ወደ መንገድ ላይ ከሁለት ቀናት በኋላ መምጣት አልችልም።,Refusal,2,Refusal_01,test
6811,ቅሬታዬን ለነጋዴው ከዛሬ ጀምሮ ብናገርም ማንም አልሰማኝም።,Complaint,6,Complaint_14,val
6812,የትዕዛዙ ዋጋ በአውሮፕላን ማረፊያ በጣም ውድ ነው።,Complaint,6,Complaint_05,val
6813,የፕሮጀክቱ ችግር ከዛሬ ጀምሮ ከአለቃዬ ጋር እፈታለሁ።,Promise,8,Promise_11,train
6814,ይቅርታ፣ ቤቱን ዛሬ ማድረግ አልችልም።,Refusal,2,Refusal_00,train
6815,ፋብሪካው በሚቀጥለው አመት ትርፍ አግኝቷል።,Assertion,1,Assertion_04,test
6816,ተጠንቀቅ፣ በዚህ ሳምንት መንገድ ላይ ውስጥ አደጋ አለ።,Warning,4,Warning_00,val
6817,የልብሱ ችግር ከዛሬ ጀምሮ ከፖሊሱ ጋር እፈታለሁ።,Promise,8,Promise_11,train
6818,መምህሩ ወደ ስብሰባ ክፍል ከጥቂት ደቂቃዎች በኋላ ሄደዋል።,Assertion,1,Assertion_07,train
6819,እባክህ ይቅርታ አድርግልኝ፣ ወደ መንገድ ላይ ከአንድ ሰዓት በኋላ መምጣት አልችልም።,Refusal,2,Refusal_01,test
6820,ኮምፒዩተሩ ገና ወደ ባንክ ከሁለት ቀናት በኋላ አልደረሰኝም።,Complaint,6,Complaint_07,train
6821,መሐንዲሱ ሪፖርቱን በሚቀጥለው ሳምንት አቅርበዋል።,Assertion,1,Assertion_13,test
6822,ከመሐንዲሱ ጋር ዛሬ በመንገድ ላይ እገናኛለሁ።,Promise,8,Promise_04,val
6823,ከመምህሩ ጋር ስለ ኮምፒዩተሩ ጉዳይ መስማማት አልችልም።,Refusal,2,Refusal_06,train
6824,ገንዘቡ ገና ወደ ፍርድ ቤት ከምሽቱ ጀምሮ አልደረሰኝም።,Complaint,6,Complaint_07,train
6825,ስለ ቦርሳው ጉዳይ ከሚኒስትሩ ጋር እንወያይ።,Suggestion,3,Suggestion_10,train
6826,እንኳን ደስ አለህ መምህሩ፣ ስለ ጥያቄው እንደገና ተሳስተሃል።,Sarcasm/Irony,5,Sarcasm/Irony_13,train
6827,ስብሰባው ያለ ማስታወቂያ ከሁለት ቀናት በኋላ በፋብሪካ ተሰርዟል።,Complaint,6,Complaint_09,test
6828,እባክህ ለሰነዱ ይህን ዘዴ ከምሽቱ ጀምሮ ተጠቀም።,Suggestion,3,Suggestion_04,train
6829,እባክሽ መጽሐፉን ነገ አምጪልኝ።,Request,0,Request_09,test
6830,በገበያ በዚህ አመት ወንጀል ሊፈጸም ይችላል ተጠንቀቁ።,Warning,4,Warning_11,train
6831,እባክዎ ደብዳቤውን ለነጋዴው በዚህ አመት ይላኩልኝ።,Request,0,Request_00,train
6832,ቁልፉ ገና ወደ ፍርድ ቤት ከሰዓት በኋላ አልደረሰኝም።,Complaint,6,Complaint_07,train
6833,ማዕከሉ ቃል የገባውን ከምሽቱ ጀምሮ ያከብራል።,Promise,8,Promise_14,test
6834,እባክዎ ለዶክተሩ ስለ ጥያቄው ይንገሩልኝ።,Request,0,Request_04,val
6835,ያልተፈቀደ ግቢ ወደ አውሮፕላን ማረፊያ ከጥቂት ደቂቃዎች በኋላ አይግቡ።,Warning,4,Warning_09,test
6836,በስብሰባው ወቅት በቤት መገኘት አልችልም።,Refusal,2,Refusal_04,val
6837,የማሽኑ ችግር ዛሬ ማታ ከስራ አስኪያጁ ጋር እፈታለሁ።,Promise,8,Promise_11,train
6838,ኤጀንሲው ከዛሬ ጀምሮ ትርፍ አግኝቷል።,Assertion,1,Assertion_04,test
6839,የማህበሩ ጥያቄ አልቀበልም።,Refusal,2,Refusal_07,train
6840,እባክዎ ይቅርታ፣ ቁልፉን ነገ ጠዋት ማቅረብ አልችልም።,Refusal,2,Refusal_09,train
6841,ስልኩን በጥንቃቄ ከስራ አስኪያጁ ጋር ብንመረምር ይሻላል።,Suggestion,3,Suggestion_11,val
6842,ሚኒስቴሩ ስለ በሩ ማስጠንቀቂያ ነገ ጠዋት አውጥቷል።,Warning,4,Warning_08,train
6843,የስጦታው ችግር ከምሽቱ ጀምሮ ከዶክተሩ ጋር እፈታለሁ።,Promise,8,Promise_11,train
6844,የመኪናው ችግር ነገ ከጓደኛዬ ጋር እፈታለሁ።,Promise,8,Promise_11,train
6845,ድርጅቱ ስለ ጥያቄው ማስጠንቀቂያ በዚህ ወር አውጥቷል።,Warning,4,Warning_08,train
6846,ቤት ነገ ተከፍቷል።,Assertion,1,Assertion_14,train
6847,በዚህ ሳምንት ወደ ፖሊስ ጣቢያ እመጣለሁ።,Promise,8,Promise_00,train
6848,የካርታው ዋጋ በመጋዘን በጣም ውድ ነው።,Complaint,6,Complaint_05,val
6849,ጎበዝ! በጣም ጥሩ ስራ ሰራህ ጠበቃው፣ ውሃውን አበላሸኸው።,Sarcasm/Irony,5,Sarcasm/Irony_02,train
6850,ከደንበኛው ጋር ስለ ውሉ ጉዳይ መስማማት አልችልም።,Refusal,2,Refusal_06,train
6851,እንዴት ጎበዝ ነህ ዶክተሩ፣ በሩን ሰብረኸዋል!,Sarcasm/Irony,5,Sarcasm/Irony_00,train
6852,በጣም ብልህ ነህ ስራ አስኪያጁ፣ ስልኩን ረሳኸው።,Sarcasm/Irony,5,Sarcasm/Irony_04,train
6853,በአውሮፕላን ማረፊያ ትንሽ እረፍት ከአንድ ሰዓት በኋላ ብንወስድ ጥሩ ነው።,Suggestion,3,Suggestion_09,test
6854,ማዕከሉ ስለ ውሃው ማስጠንቀቂያ ከአንድ ሰዓት በኋላ አውጥቷል።,Warning,4,Warning_08,train
6855,ወደ ሆስፒታል በሚቀጥለው ሳምንት መሄድ አልችልም።,Refusal,2,Refusal_13,test
6856,መኪናውን በጥንቃቄ ከደንበኛው ጋር ብንመረምር ይሻላል።,Suggestion,3,Suggestion_11,val
6857,ጎበዝ ስራ ጓደኛዬ፣ መስኮቱ ሙሉ በሙሉ ፈርሷል።,Sarcasm/Irony,5,Sarcasm/Irony_09,train
6858,ጤና ይስጥልኝ መምህሩ፣ ከሁለት ቀናት በኋላ ደህና ነህ?,Phatic,7,Phatic_12,train
6859,ሚኒስቴሩ ቃል የገባውን በዚህ አመት ያከብራል።,Promise,8,Promise_14,test
6860,ከስራ አስኪያጁ ጋር ስለ ኮምፒዩተሩ ጉዳይ መስማማት አልችልም።,Refusal,2,Refusal_06,train
6861,እባክዎ በሚቀጥለው ወር ወደ ፖሊስ ጣቢያ ይድረሱልኝ።,Request,0,Request_07,val
6862,እባክዎ ገንዘቡን ወደ መጋዘን ይላኩ።,Request,0,Request_06,test
6863,እባክዎ ኮምፒዩተሩን ለዶክተሩ ከሁለት ቀናት በኋላ ይላኩልኝ።,Request,0,Request_00,train
6864,ከፖሊሱ ጋር ነገ ከሰዓት በኋላ በከተማው ውስጥ እገናኛለሁ።,Promise,8,Promise_04,val
6865,እባክዎ ይቅርታ፣ ፕሮጀክቱን ዛሬ ማቅረብ አልችልም።,Refusal,2,Refusal_09,train
6866,ይቅርታ፣ ፕሮጀክቱን ነገ ማድረግ አልችልም።,Refusal,2,Refusal_00,train
6867,አስተማሪዋ ወደ መንገድ ላይ በሳምንቱ መጨረሻ ሄደዋል።,Assertion,1,Assertion_07,train
6868,ስቱዲዮው ቃል የገባውን በሳምንቱ መጨረሻ ያከብራል።,Promise,8,Promise_14,test
6869,ከመምህሩ ጋር ከሰዓት በኋላ በባንክ እገናኛለሁ።,Promise,8,Promise_04,val
6870,መጽሐፉ ጥራት ያለው ነው።,Assertion,1,Assertion_05,test
6871,ከፖሊሱ ጋር በሚቀጥለው ወር በስብሰባ ክፍል እገናኛለሁ።,Promise,8,Promise_04,val
6872,የማሽኑ ችግር ዛሬ ከአስተማሪዋ ጋር እፈታለሁ።,Promise,8,Promise_11,train
6873,ስለ ፕሮጀክቱ ከመሐንዲሱ ጋር ማሰብ ይኖርብናል።,Suggestion,3,Suggestion_03,train
6874,ፋይሉን ከሰዓት በኋላ ብንሞክር ጥሩ ይሆናል።,Suggestion,3,Suggestion_00,train
6875,ስብሰባው ያለ ማስታወቂያ በስብሰባው ወቅት በመጋዘን ተሰርዟል።,Complaint,6,Complaint_09,test
6876,እንዴት ደስ ይላል፣ መምህሩ እንደገና ከሶስት ሰዓት በኋላ ዘገዩ።,Sarcasm/Irony,5,Sarcasm/Irony_03,train
6877,እንኳን ደስ አለህ ደንበኛው በሚቀጥለው ሳምንት።,Phatic,7,Phatic_07,train
6878,እባክህ ይቅርታ አድርግልኝ፣ ወደ ትምህርት ቤት በሚቀጥለው ወር መምጣት አልችልም።,Refusal,2,Refusal_01,test
6879,እሰይ፣ ሌላ ችግር በቢሮ በሚቀጥለው ወር፣ ልክ የሚያስፈልገን ይሄው ነበር።,Sarcasm/Irony,5,Sarcasm/Irony_07,train
6880,መምህሩ ወደ አውሮፕላን ማረፊያ ከአንድ ሰዓት በኋላ ሄደዋል።,Assertion,1,Assertion_07,train
6881,ስልኩ ገና ወደ ፋብሪካ በሚቀጥለው ወር አልደረሰኝም።,Complaint,6,Complaint_07,train
6882,ከአንድ ሰዓት በኋላ በመጋዘን ስብሰባ እናድርግ።,Suggestion,3,Suggestion_02,train
6883,ውሃው ገና ወደ ሱቅ ከሰዓት በኋላ አልደረሰኝም።,Complaint,6,Complaint_07,train
6884,ድርጅቱ ስለ ቦርሳው ማስጠንቀቂያ በሚቀጥለው አመት አውጥቷል።,Warning,4,Warning_08,train
6885,እንኳን ወደ አውሮፕላን ማረፊያ ደህና መጣህ ሹፌሩ።,Phatic,7,Phatic_04,test
6886,ሹፌሩ ወደ ቤት በዚህ ወር ሄደዋል።,Assertion,1,Assertion_07,train
6887,ይቅርታ፣ ምርቱን በዚህ አመት ማድረግ አልችልም።,Refusal,2,Refusal_00,train
6888,ማዕከሉ ስለ ቁልፉ ማስጠንቀቂያ ነገ ከሰዓት በኋላ አውጥቷል።,Warning,4,Warning_08,train
6889,የሰነዱ ችግር ከዛሬ ጀምሮ ከባልደረባዬ ጋር እፈታለሁ።,Promise,8,Promise_11,train
6890,ስለ ቁልፉ ከስራ አስኪያጁ ጋር ማሰብ ይኖርብናል።,Suggestion,3,Suggestion_03,train
6891,ይቅርታ፣ ሪፖርቱን ነገ ማድረግ አልችልም።,Refusal,2,Refusal_00,train
6892,አመሰግናለሁ ሹፌሩ፣ ደህና ዋል በፋብሪካ።,Phatic,7,Phatic_08,train
6893,ከሹፌሩ ጋር ስለ መጽሐፉ ጉዳይ መስማማት አልችልም።,Refusal,2,Refusal_06,train
6894,የመልእክቱ ችግር በሚቀጥለው ወር ከመሐንዲሱ ጋር እፈታለሁ።,Promise,8,Promise_11,train
6895,ስብሰባው ያለ ማስታወቂያ ከአንድ ሰዓት በኋላ በፍርድ ቤት ተሰርዟል።,Complaint,6,Complaint_09,test
6896,የኮምፒዩተሩ ችግር ከአንድ ሰዓት በኋላ ከጓደኛዬ ጋር እፈታለሁ።,Promise,8,Promise_11,train
6897,ዕቃው ገና ወደ ፖሊስ ጣቢያ ነገ አልደረሰኝም።,Complaint,6,Complaint_07,train
6898,ውሉ ገና ወደ ፍርድ ቤት ዛሬ ማታ አልደረሰኝም።,Complaint,6,Complaint_07,train
6899,ደህና ከአንድ ሰዓት በኋላ ይሁንልህ ሹፌሩ።,Phatic,7,Phatic_02,train
6900,የውሉ ችግር ከሁለት ቀናት በኋላ ከአለቃዬ ጋር እፈታለሁ።,Promise,8,Promise_11,train
6901,ዶክተሩ ወደ ፖሊስ ጣቢያ ከምሽቱ ጀምሮ ሄደዋል።,Assertion,1,Assertion_07,train
6902,እባክዎ ልብሱን ለመምህሩ በስብሰባው ወቅት ይላኩልኝ።,Request,0,Request_00,train
6903,በከተማው ውስጥ ትንሽ እረፍት በሚቀጥለው ወር ብንወስድ ጥሩ ነው።,Suggestion,3,Suggestion_09,test
6904,ፋይሉ በፍርድ ቤት ይገኛል።,Assertion,1,Assertion_00,test
6905,አለቃዬ ወደ ስብሰባ ክፍል ከጥቂት ደቂቃዎች በኋላ ሄደዋል።,Assertion,1,Assertion_07,train
6906,እባክዎ ይቅርታ፣ ፕሮጀክቱን በሚቀጥለው አመት ማቅረብ አልችልም።,Refusal,2,Refusal_09,train
6907,ማህበሩ ስለ በሩ ማስጠንቀቂያ ከጥቂት ደቂቃዎች በኋላ አውጥቷል።,Warning,4,Warning_08,train
6908,እንዴት ጎበዝ ነህ ነጋዴው፣ በሩን ሰብረኸዋል!,Sarcasm/Irony,5,Sarcasm/Irony_00,train
6909,ሪፖርቱን ለፖሊሱ ከምሽቱ ጀምሮ አቀርባለሁ።,Promise,8,Promise_05,train
6910,እባክዎ ኮምፒዩተሩን ለሹፌሩ በዚህ ወር ይላኩልኝ።,Request,0,Request_00,train
6911,ስለ መጽሐፉ ከዶክተሩ ጋር ማሰብ ይኖርብናል።,Suggestion,3,Suggestion_03,train
6912,ዕቃው ገና ወደ ቤት ነገ ከሰዓት በኋላ አልደረሰኝም።,Complaint,6,Complaint_07,train
6913,አዎ በርግጥ፣ የኩባንያው እቅድ በነገ ከሰዓት በኋላ በጭራሽ አይከሽፍም።,Sarcasm/Irony,5,Sarcasm/Irony_11,train
6914,እንኳን ደስ አለህ ፖሊሱ፣ ስለ ውሉ እንደገና ተሳስተሃል።,Sarcasm/Irony,5,Sarcasm/Irony_13,train
6915,ባልደረባዬ ወደ ገበያ ከምሽቱ ጀምሮ ሄደዋል።,Assertion,1,Assertion_07,train
6916,ዶክተሩ፣ ጤና ይስጥልኝ በቢሮ።,Phatic,7,Phatic_03,train
6917,በጣም ብልህ ነህ ደንበኛው፣ ትዕዛዙን ረሳኸው።,Sarcasm/Irony,5,Sarcasm/Irony_04,train
6918,ይቅርታ፣ ደረሰኙን ከአንድ ሰዓት በኋላ ማድረግ አልችልም።,Refusal,2,Refusal_00,train
6919,ጠበቃው ወደ ስብሰባ ክፍል ከሰዓት በኋላ ሄደዋል።,Assertion,1,Assertion_07,train
6920,ይህን መሳሪያውን ከሚኒስትሩ መቀበል አልችልም።,Refusal,2,Refusal_03,train
6921,ይህን ቦርሳውን ከደንበኛው ጋር በጥንቃቄ ያዙ።,Warning,4,Warning_04,val
6922,ስለ ገንዘቡ ከጠበቃው ጋር ማሰብ ይኖርብናል።,Suggestion,3,Suggestion_03,train
6923,ጤና ይስጥልኝ ጋዜጠኛው፣ በሚቀጥለው ወር ደህና ነህ?,Phatic,7,Phatic_12,train
6924,እባክዎ ይቅርታ፣ ቦርሳውን በዚህ ሳምንት ማቅረብ አልችልም።,Refusal,2,Refusal_09,train
6925,ነገ ጠዋት በሆስፒታል ከባድ ዝናብ ሊዘንብ ይችላል ተጠንቀቁ።,Warning,4,Warning_03,test
6926,እባክዎ ማሽኑን ለፖሊሱ ነገ ይላኩልኝ።,Request,0,Request_00,train
6927,እባክዎ ደረሰኙን ለሹፌሩ በዚህ አመት ይላኩልኝ።,Request,0,Request_00,train
6928,ልብሱ ገና ወደ ገበያ ዛሬ አልደረሰኝም።,Complaint,6,Complaint_07,train
6929,እባክህ ለኮምፒዩተሩ ይህን ዘዴ ዛሬ ማታ ተጠቀም።,Suggestion,3,Suggestion_04,train
6930,ጥያቄውን በጥንቃቄ ለጓደኛዬ እይዛለሁ።,Promise,8,Promise_07,train
6931,ፋብሪካው ስለ ምርቱ ማስጠንቀቂያ ከአንድ ሰዓት በኋላ አውጥቷል።,Warning,4,Warning_08,train
6932,ሚኒስቴሩ ስለ ደብዳቤው ማስጠንቀቂያ ከአንድ ሰዓት በኋላ አውጥቷል።,Warning,4,Warning_08,train
6933,ያልተፈቀደ ግቢ ወደ ቢሮ ከምሽቱ ጀምሮ አይግቡ።,Warning,4,Warning_09,test
6934,የደረሰኙ ችግር ዛሬ ከደንበኛው ጋር እፈታለሁ።,Promise,8,Promise_11,train
6935,ስለ ደረሰኙ ከመሐንዲሱ ጋር ማሰብ ይኖርብናል።,Suggestion,3,Suggestion_03,train
6936,እባክህ ይቅርታ አድርግልኝ፣ ወደ ቤት ከሰዓት በኋላ መምጣት አልችልም።,Refusal,2,Refusal_01,test
6937,ደህና እደር ጠበቃው፣ በዚህ አመት እንገናኝ።,Phatic,7,Phatic_06,train
6938,ገንዘብዎን ይጠብቁ፣ በፍርድ ቤት በስብሰባው ወቅት ስርቆት ተከስቷል።,Warning,4,Warning_05,val
6939,እባክዎ ማሽኑን ለጋዜጠኛው ከምሽቱ ጀምሮ ይላኩልኝ።,Request,0,Request_00,train
6940,ከባልደረባዬ ጋር ነገ መነጋገር ይሻላል።,Suggestion,3,Suggestion_06,val
6941,ቁልፉ ገና ወደ ሆስፒታል በስብሰባው ወቅት አልደረሰኝም።,Complaint,6,Complaint_07,train
6942,ፕሮጀክቱን ነገ ከሰዓት በኋላ ከጓደኛዬ ጋር ብንጀምር ይሻላል።,Suggestion,3,Suggestion_08,val
6943,እባክዎ ውሉን ለደንበኛው ከአንድ ሰዓት በኋላ ይላኩልኝ።,Request,0,Request_00,train
6944,የሰነዱ ወጪውን በቢሮ ብንቀንስ የተሻለ ነው።,Suggestion,3,Suggestion_13,train
6945,እባክዎ ምርቱን ለአስተማሪዋ በስብሰባው ወቅት ይላኩልኝ።,Request,0,Request_00,train
6946,የፋብሪካው አገልግሎት በፋብሪካ በጣም ደካማ ነው።,Complaint,6,Complaint_01,test
6947,እባክዎ ገንዘቡን ለባልደረባዬ በሚቀጥለው አመት ይላኩልኝ።,Request,0,Request_00,train
6948,የትዕዛዙ ችግር ከምሽቱ ጀምሮ ከዶክተሩ ጋር እፈታለሁ።,Promise,8,Promise_11,train
6949,ነገ ከሰዓት በኋላ በገበያ ስብሰባ እናድርግ።,Suggestion,3,Suggestion_02,train
6950,እንኳን ደስ አለህ ደንበኛው፣ ስለ መጽሐፉ እንደገና ተሳስተሃል።,Sarcasm/Irony,5,Sarcasm/Irony_13,train
6951,ደህና ነገ ከሰዓት በኋላ ይሁንልህ ጠበቃው።,Phatic,7,Phatic_02,train
6952,ይህን ቤቱን ከጓደኛዬ መቀበል አልችልም።,Refusal,2,Refusal_03,train
6953,ሚኒስትሩ፣ ጤና ይስጥልኝ በቢሮ።,Phatic,7,Phatic_03,train
6954,እባክዎ ለነጋዴው ስለ ቦርሳው ይንገሩልኝ።,Request,0,Request_04,val
6955,መንግስት ነገ አዲስ ምርት አስተዋውቋል።,Assertion,1,Assertion_02,val
6956,መኪናው ገና ወደ ፋብሪካ በዚህ ወር አልደረሰኝም።,Complaint,6,Complaint_07,train
6957,የሰነዱ ዋጋ በገበያ በጣም ውድ ነው።,Complaint,6,Complaint_05,val
6958,የፕሮጀክቱ ደረሰኝ ከፋብሪካው የተበላሸ ነው።,Complaint,6,Complaint_08,val
6959,ሰላም አስተማሪዋ፣ ነገ ጠዋት እንዴት ነህ?,Phatic,7,Phatic_00,train
6960,ይህን ልብሱን ከመሐንዲሱ መቀበል አልችልም።,Refusal,2,Refusal_03,train
6961,እባክዎ ቤቱን ለሹፌሩ ዛሬ ይላኩልኝ።,Request,0,Request_00,train
6962,በሚቀጥለው ሳምንት ወደ መጋዘን እመጣለሁ።,Promise,8,Promise_00,train
6963,እባክዎ ይቅርታ፣ ቡናውን በዚህ አመት ማቅረብ አልችልም።,Refusal,2,Refusal_09,train
6964,ድርጅቱ ስለ ፕሮጀክቱ ማስጠንቀቂያ በስብሰባው ወቅት አውጥቷል።,Warning,4,Warning_08,train
6965,በጣም ብልህ ነህ ባልደረባዬ፣ መኪናውን ረሳኸው።,Sarcasm/Irony,5,Sarcasm/Irony_04,train
6966,እንኳን ደስ አለህ ነጋዴው፣ ስለ ቦርሳው እንደገና ተሳስተሃል።,Sarcasm/Irony,5,Sarcasm/Irony_13,train
6967,እባክዎ ሂሳቡን ለጋዜጠኛው በሚቀጥለው አመት ይላኩልኝ።,Request,0,Request_00,train
6968,ሹፌሩ፣ ጤና ይስጥልኝ በፍርድ ቤት።,Phatic,7,Phatic_03,train
6969,የገንዘቡ ችግር በሳምንቱ መጨረሻ ከመሐንዲሱ ጋር እፈታለሁ።,Promise,8,Promise_11,train
6970,ማዕከሉ ስለ መልእክቱ ማስጠንቀቂያ ዛሬ ማታ አውጥቷል።,Warning,4,Warning_08,train
6971,ይህን ልብሱን ከጓደኛዬ መቀበል አልችልም።,Refusal,2,Refusal_03,train
6972,ስለ ቡናው ጉዳይ ከደንበኛው ጋር እንወያይ።,Suggestion,3,Suggestion_10,train
6973,ከመሐንዲሱ ጋር ነገ ከሰዓት በኋላ በስብሰባ ክፍል እገናኛለሁ።,Promise,8,Promise_04,val
6974,የደብዳቤው ችግር ነገ ጠዋት ከአስተማሪዋ ጋር እፈታለሁ።,Promise,8,Promise_11,train
6975,የፋይሉ ችግር ከሁለት ቀናት በኋላ ከሚኒስትሩ ጋር እፈታለሁ።,Promise,8,Promise_11,train
6976,በጣም ትክክለኛ ነው አለቃዬ፣ በሱቅ ሁልጊዜ እንደዚህ ይሆናል።,Sarcasm/Irony,5,Sarcasm/Irony_08,val
6977,እባክዎ ፕሮጀክቱን ለጋዜጠኛው ከምሽቱ ጀምሮ ይላኩልኝ።,Request,0,Request_00,train
6978,ሰላም ዶክተሩ፣ በዚህ ወር እንዴት ነህ?,Phatic,7,Phatic_00,train
6979,ጓደኛዬ፣ እንደምን አደርክ በዚህ ሳምንት?,Phatic,7,Phatic_01,train
6980,የፋብሪካው አገልግሎት በአውሮፕላን ማረፊያ በጣም ደካማ ነው።,Complaint,6,Complaint_01,test
6981,ስብሰባው ያለ ማስታወቂያ በሚቀጥለው አመት በቢሮ ተሰርዟል።,Complaint,6,Complaint_09,test
6982,እንኳን ደስ አለህ ጠበቃው፣ ስለ መጽሐፉ እንደገና ተሳስተሃል።,Sarcasm/Irony,5,Sarcasm/Irony_13,train
6983,የትዕዛዙ ችግር ከጥቂት ደቂቃዎች በኋላ ከነጋዴው ጋር እፈታለሁ።,Promise,8,Promise_11,train
6984,እንደምን አለህ በፋብሪካ፣ ደንበኛው?,Phatic,7,Phatic_11,val
6985,ማዕከሉ ስለ ትዕዛዙ ማስጠንቀቂያ ነገ አውጥቷል።,Warning,4,Warning_08,train
6986,የካርታው ችግር ከአንድ ሰዓት በኋላ ከመሐንዲሱ ጋር እፈታለሁ።,Promise,8,Promise_11,train
6987,የመጽሐፉ ችግር ከሰዓት በኋላ ከነጋዴው ጋር እፈታለሁ።,Promise,8,Promise_11,train
6988,ወደ መንገድ ላይ ከሶስት ሰዓት በኋላ እንሂድ።,Suggestion,3,Suggestion_01,test
6989,ከባልደረባዬ ጋር በሚቀጥለው ሳምንት በመንገድ ላይ እገናኛለሁ።,Promise,8,Promise_04,val
6990,ስብሰባው ያለ ማስታወቂያ ነገ በስብሰባ ክፍል ተሰርዟል።,Complaint,6,Complaint_09,test
6991,አመሰግናለሁ ነጋዴው፣ ደህና ዋል በቤት።,Phatic,7,Phatic_08,train
6992,ቁልፉ ገና ወደ ሆስፒታል በሚቀጥለው ወር አልደረሰኝም።,Complaint,6,Complaint_07,train
6993,ገንዘብዎን ይጠብቁ፣ በስብሰባ ክፍል ነገ ከሰዓት በኋላ ስርቆት ተከስቷል።,Warning,4,Warning_05,val
6994,እባክዎ ይቅርታ፣ ጥያቄውን በዚህ ወር ማቅረብ አልችልም።,Refusal,2,Refusal_09,train
6995,ወደ ትምህርት ቤት ከሰዓት በኋላ እንሂድ።,Suggestion,3,Suggestion_01,test
6996,ኮምፒዩተሩ ገና ወደ መንገድ ላይ ነገ አልደረሰኝም።,Complaint,6,Complaint_07,train
6997,እባክዎ ይቅርታ፣ ኮምፒዩተሩን ከሁለት ቀናት በኋላ ማቅረብ አልችልም።,Refusal,2,Refusal_09,train
6998,እባክዎ ኮምፒዩተሩን ለመሐንዲሱ ነገ ጠዋት ይላኩልኝ።,Request,0,Request_00,train
6999,እባክዎ መሳሪያውን ለመምህሩ ከዛሬ ጀምሮ ይላኩልኝ።,Request,0,Request_00,train
7000,ቅሬታዬን ለጓደኛዬ ዛሬ ብናገርም ማንም አልሰማኝም።,Complaint,6,Complaint_14,val
7001,እባክዎ ይቅርታ፣ ጥያቄውን በዚህ ሳምንት ማቅረብ አልችልም።,Refusal,2,Refusal_09,train
7002,ኤጀንሲው ስለ መስኮቱ ማስጠንቀቂያ ነገ ጠዋት አውጥቷል።,Warning,4,Warning_08,train
7003,የጥያቄው ዋጋውን ከሶስት ሰዓት በኋላ ብንቀንስ ደንበኞች ይጨምራሉ።,Suggestion,3,Suggestion_07,train
7004,ባንኩ ስለ ትዕዛዙ ማስጠንቀቂያ ከዛሬ ጀምሮ አውጥቷል።,Warning,4,Warning_08,train
7005,እባክዎ ማሽኑን ለመሐንዲሱ በዚህ አመት ይላኩልኝ።,Request,0,Request_00,train
7006,የውሉ ዋጋ ነገ ከሰዓት በኋላ ጨምሯል።,Assertion,1,Assertion_12,val
7007,ይቅርታ፣ ውሉን ነገ ከሰዓት በኋላ ማድረግ አልችልም።,Refusal,2,Refusal_00,train
7008,መሳሪያው ገና ወደ ትምህርት ቤት በዚህ አመት አልደረሰኝም።,Complaint,6,Complaint_07,train
7009,እባክዎ መልእክቱን ለአለቃዬ ከሶስት ሰዓት በኋላ ይላኩልኝ።,Request,0,Request_00,train
7010,እባክህ ሂሳቡን ስጠኝ።,Request,0,Request_08,val
7011,የደረሰኙ ችግር ከዛሬ ጀምሮ ከጓደኛዬ ጋር እፈታለሁ።,Promise,8,Promise_11,train
7012,የመሳሪያው ችግር በሚቀጥለው ሳምንት ከመሐንዲሱ ጋር እፈታለሁ።,Promise,8,Promise_11,train
7013,እንኳን ደስ አለህ መምህሩ፣ ስለ ዕቃው እንደገና ተሳስተሃል።,Sarcasm/Irony,5,Sarcasm/Irony_13,train
7014,የስቱዲዮው ሰራተኞች በቤት ደንበኞችን በአግባቡ አያስተናግዱም።,Complaint,6,Complaint_04,val
7015,እባክዎ ልብሱን ለመሐንዲሱ ነገ ጠዋት ይላኩልኝ።,Request,0,Request_00,train
7016,መስኮቱ ገና ወደ ሆስፒታል ከሰዓት በኋላ አልደረሰኝም።,Complaint,6,Complaint_07,train
7017,ካርታው ገና ወደ ስብሰባ ክፍል በስብሰባው ወቅት አልደረሰኝም።,Complaint,6,Complaint_07,train
7018,እባክህ ለበሩ ይህን ዘዴ በዚህ አመት ተጠቀም።,Suggestion,3,Suggestion_04,train
7019,እንደምን አለህ በቤት፣ መምህሩ?,Phatic,7,Phatic_11,val
7020,ቢያንስ አንዴ ምርቱን በአውሮፕላን ማረፊያ እንሞክር።,Suggestion,3,Suggestion_05,train
7021,መኪናው ከአለቃዬ አጠገብ አደገኛ ሊሆን ይችላል።,Warning,4,Warning_01,test
7022,እባክሽ ቡናውን ከጥቂት ደቂቃዎች በኋላ አምጪልኝ።,Request,0,Request_09,test
7023,ወደ ቢሮ ከሰዓት በኋላ እንሂድ።,Suggestion,3,Suggestion_01,test
7024,ማህበሩ ስለ ስጦታው ማስጠንቀቂያ በዚህ ወር አውጥቷል።,Warning,4,Warning_08,train
7025,የመሳሪያው ችግር በሚቀጥለው ሳምንት ከሚኒስትሩ ጋር እፈታለሁ።,Promise,8,Promise_11,train
7026,ፋብሪካው ስለ ዕቃው ማስጠንቀቂያ በሚቀጥለው ወር አውጥቷል።,Warning,4,Warning_08,train
7027,ከመሐንዲሱ ጋር ከአንድ ሰዓት በኋላ በቤት እገናኛለሁ።,Promise,8,Promise_04,val
7028,ሚኒስቴሩ ስለ ሰነዱ ማስጠንቀቂያ በዚህ አመት አውጥቷል።,Warning,4,Warning_08,train
7029,ቅሬታዬን ለሹፌሩ ከዛሬ ጀምሮ ብናገርም ማንም አልሰማኝም።,Complaint,6,Complaint_14,val
7030,እባክህ ለዕቃው ይህን ዘዴ ከሰዓት በኋላ ተጠቀም።,Suggestion,3,Suggestion_04,train
7031,እባክዎ ይቅርታ፣ መስኮቱን ነገ ከሰዓት በኋላ ማቅረብ አልችልም።,Refusal,2,Refusal_09,train
7032,ፖሊሱ፣ እንደምን አደርክ ከጥቂት ደቂቃዎች በኋላ?,Phatic,7,Phatic_01,train
7033,ገንዘብዎን ይጠብቁ፣ በሱቅ ከሰዓት በኋላ ስርቆት ተከስቷል።,Warning,4,Warning_05,val
7034,በጣም ትክክለኛ ነው ደንበኛው፣ በመንገድ ላይ ሁልጊዜ እንደዚህ ይሆናል።,Sarcasm/Irony,5,Sarcasm/Irony_08,val
7035,በጣም ብልህ ነህ ሹፌሩ፣ መጽሐፉን ረሳኸው።,Sarcasm/Irony,5,Sarcasm/Irony_04,train
7036,የሂሳቡ ገመድ በፋብሪካ አደገኛ ነው ተጠንቀቁ።,Warning,4,Warning_07,train
7037,እባክሽ ፕሮጀክቱን ከሶስት ሰዓት በኋላ አምጪልኝ።,Request,0,Request_09,test
7038,ከሚኒስትሩ ጋር በሳምንቱ መጨረሻ መነጋገር ይሻላል።,Suggestion,3,Suggestion_06,val
7039,የመሳሪያው ችግር ዛሬ ከጠበቃው ጋር እፈታለሁ።,Promise,8,Promise_11,train
7040,ስራውን ከስራ አስኪያጁ ጋር ከዛሬ ጀምሮ እጨርሳለሁ።,Promise,8,Promise_01,test
7041,ይቅርታ፣ ስልኩን ነገ ማድረግ አልችልም።,Refusal,2,Refusal_00,train
7042,ገንዘቡን ለአለቃዬ በሚቀጥለው አመት እከፍላለሁ።,Promise,8,Promise_02,test
7043,የውሉ ችግር በሚቀጥለው አመት ከአስተማሪዋ ጋር እፈታለሁ።,Promise,8,Promise_11,train
7044,ኤጀንሲው ስለ ውሉ ማስጠንቀቂያ ከሁለት ቀናት በኋላ አውጥቷል።,Warning,4,Warning_08,train
7045,እንዴት ጎበዝ ነህ ሹፌሩ፣ ስልኩን ሰብረኸዋል!,Sarcasm/Irony,5,Sarcasm/Irony_00,train
7046,ከነጋዴው ጋር ስለ መልእክቱ ጉዳይ መስማማት አልችልም።,Refusal,2,Refusal_06,train
7047,እባክዎ ዕቃውን ለአስተማሪዋ ከሶስት ሰዓት በኋላ ይላኩልኝ።,Request,0,Request_00,train
7048,ጥንቃቄ ያድርጉ፣ ከአንድ ሰዓት በኋላ ቤት ይንሸራተታል።,Warning,4,Warning_02,train
7049,ስብሰባው ያለ ማስታወቂያ ዛሬ በፖሊስ ጣቢያ ተሰርዟል።,Complaint,6,Complaint_09,test
7050,እንኳን ደስ አለህ አስተማሪዋ፣ ስለ ውሃው እንደገና ተሳስተሃል።,Sarcasm/Irony,5,Sarcasm/Irony_13,train
7051,እባክዎ ዕቃውን ለሹፌሩ ከሰዓት በኋላ ይላኩልኝ።,Request,0,Request_00,train
7052,አዎ በእርግጥ፣ ባልደረባዬ በሚቀጥለው አመት ትመጣለህ ብዬ አላምንም።,Sarcasm/Irony,5,Sarcasm/Irony_01,test
7053,ጓደኛዬ ወደ መጋዘን ነገ ከሰዓት በኋላ ሄደዋል።,Assertion,1,Assertion_07,train
7054,የቤቱ ችግር ከሁለት ቀናት በኋላ ከጓደኛዬ ጋር እፈታለሁ።,Promise,8,Promise_11,train
7055,በጣም ትክክለኛ ነው ጋዜጠኛው፣ በቤት ሁልጊዜ እንደዚህ ይሆናል።,Sarcasm/Irony,5,Sarcasm/Irony_08,val
7056,ጓደኛዬ ወደ ቢሮ ከምሽቱ ጀምሮ ሄደዋል።,Assertion,1,Assertion_07,train
7057,እባክዎ ኮምፒዩተሩን ለጠበቃው ከምሽቱ ጀምሮ ይላኩልኝ።,Request,0,Request_00,train
7058,ስለ ጥያቄው ጉዳይ ከሹፌሩ ጋር እንወያይ።,Suggestion,3,Suggestion_10,train
7059,ይቅርታ፣ ሪፖርቱን ከሁለት ቀናት በኋላ ማድረግ አልችልም።,Refusal,2,Refusal_00,train
7060,የደብዳቤው ዋጋ ከጥቂት ደቂቃዎች በኋላ ጨምሯል።,Assertion,1,Assertion_12,val
7061,ሚኒስትሩ፣ ጤና ይስጥልኝ በመንገድ ላይ።,Phatic,7,Phatic_03,train
7062,እባክዎ ማሽኑን ለአለቃዬ ዛሬ ይላኩልኝ።,Request,0,Request_00,train
7063,እባክሽ ሰነዱን ከምሽቱ ጀምሮ አምጪልኝ።,Request,0,Request_09,test
7064,እንዴት ጎበዝ ነህ አለቃዬ፣ ዕቃውን ሰብረኸዋል!,Sarcasm/Irony,5,Sarcasm/Irony_00,train
7065,ነገ ከሰዓት በኋላ በቤት ስብሰባ እናድርግ።,Suggestion,3,Suggestion_02,train
7066,እባክዎ ማሽኑን በሚቀጥለው ወር ይላኩልኝ።,Request,0,Request_13,val
7067,እንዴት ጥሩ ነው ደንበኛው፣ ከጥቂት ደቂቃዎች በኋላ ደግሞ ዘገየ።,Sarcasm/Irony,5,Sarcasm/Irony_10,val
7068,ነጋዴው ስብሰባውን በሚቀጥለው ወር መርተዋል።,Assertion,1,Assertion_03,val
7069,ደህና በሚቀጥለው አመት ይሁንልህ መሐንዲሱ።,Phatic,7,Phatic_02,train
7070,መኪናው ገና ወደ ፖሊስ ጣቢያ ነገ ጠዋት አልደረሰኝም።,Complaint,6,Complaint_07,train
7071,እባክህ ይቅርታ አድርግልኝ፣ ወደ ትምህርት ቤት በሚቀጥለው አመት መምጣት አልችልም።,Refusal,2,Refusal_01,test
7072,ፕሮጀክቱ ገና ወደ ባንክ በዚህ ወር አልደረሰኝም።,Complaint,6,Complaint_07,train
7073,አመሰግናለሁ ነጋዴው፣ ደህና ዋል በሱቅ።,Phatic,7,Phatic_08,train
7074,ሪፖርቱ ገና ወደ መጋዘን ዛሬ ማታ አልደረሰኝም።,Complaint,6,Complaint_07,train
7075,ማዕከሉ ስለ ደብዳቤው ማስጠንቀቂያ በሚቀጥለው አመት አውጥቷል።,Warning,4,Warning_08,train
7076,ከሁለት ቀናት በኋላ ወደ ፋብሪካ እመጣለሁ።,Promise,8,Promise_00,train
7077,ይህን ቁልፉን ከነጋዴው መቀበል አልችልም።,Refusal,2,Refusal_03,train
7078,እባክዎ ውሃውን ለአስተማሪዋ ከሶስት ሰዓት በኋላ ይላኩልኝ።,Request,0,Request_00,train
7079,ምርቱ ገና ወደ ቢሮ ነገ ጠዋት አልደረሰኝም።,Complaint,6,Complaint_07,train
7080,ይህን ሰነዱን ከአስተማሪዋ መቀበል አልችልም።,Refusal,2,Refusal_03,train
7081,ሰነዱ ገና ወደ ፍርድ ቤት በሚቀጥለው አመት አልደረሰኝም።,Complaint,6,Complaint_07,train
7082,እንኳን ደስ አለህ ደንበኛው፣ ስለ ገንዘቡ እንደገና ተሳስተሃል።,Sarcasm/Irony,5,Sarcasm/Irony_13,train
7083,የሪፖርቱ ችግር በሳምንቱ መጨረሻ ከአስተማሪዋ ጋር እፈታለሁ።,Promise,8,Promise_11,train
7084,ይህን መስኮቱን ከአስተማሪዋ ጋር በጥንቃቄ ያዙ።,Warning,4,Warning_04,val
7085,መሐንዲሱ፣ ስራ በትምህርት ቤት እንዴት ነው?,Phatic,7,Phatic_09,val
7086,ይህን ልብሱን ከአለቃዬ ጋር በጥንቃቄ ያዙ።,Warning,4,Warning_04,val
7087,ጠበቃው ወደ ቤት ከሶስት ሰዓት በኋላ ሄደዋል።,Assertion,1,Assertion_07,train
7088,ኮምፒዩተሩ ገና ወደ ገበያ ዛሬ ማታ አልደረሰኝም።,Complaint,6,Complaint_07,train
7089,በጣም ብልህ ነህ ነጋዴው፣ መስኮቱን ረሳኸው።,Sarcasm/Irony,5,Sarcasm/Irony_04,train
7090,እባክዎ ማሽኑን ወደ አውሮፕላን ማረፊያ ይላኩ።,Request,0,Request_06,test
7091,ከስራ አስኪያጁ ጋር ከአንድ ሰዓት በኋላ በሱቅ እገናኛለሁ።,Promise,8,Promise_04,val
7092,ደብዳቤው በመጋዘን ይገኛል።,Assertion,1,Assertion_00,test
7093,ጥያቄው ገና ወደ ገበያ ከዛሬ ጀምሮ አልደረሰኝም።,Complaint,6,Complaint_07,train
7094,በስብሰባው ወቅት በባንክ መገኘት አልችልም።,Refusal,2,Refusal_04,val
7095,ከዶክተሩ ጋር በስብሰባው ወቅት በገበያ እገናኛለሁ።,Promise,8,Promise_04,val
7096,እባክዎ ሪፖርቱን ለዶክተሩ በሳምንቱ መጨረሻ ይላኩልኝ።,Request,0,Request_00,train
7097,የሂሳቡ ችግር ከሰዓት በኋላ ከሹፌሩ ጋር እፈታለሁ።,Promise,8,Promise_11,train
7098,ወደ ስብሰባ ክፍል ከሁለት ቀናት በኋላ መሄድ አልችልም።,Refusal,2,Refusal_13,test
7099,ጎበዝ! በጣም ጥሩ ስራ ሰራህ ፖሊሱ፣ በሩን አበላሸኸው።,Sarcasm/Irony,5,Sarcasm/Irony_02,train
7100,ወደ መንገድ ላይ ከሰዓት በኋላ መሄድ አልችልም።,Refusal,2,Refusal_13,test
7101,በሚቀጥለው አመት በቢሮ መገኘት አልችልም።,Refusal,2,Refusal_04,val
7102,በጣም ደግ ነህ ጋዜጠኛው፣ በባንክ ምንም እርዳታ አልሰጠኸኝም።,Sarcasm/Irony,5,Sarcasm/Irony_12,train
7103,ፕሮጀክቱን ከአንድ ሰዓት በኋላ ከሚኒስትሩ ጋር ብንጀምር ይሻላል።,Suggestion,3,Suggestion_08,val
7104,የደረሰኙ ገመድ በስብሰባ ክፍል አደገኛ ነው ተጠንቀቁ።,Warning,4,Warning_07,train
7105,ሹፌሩ ወደ አውሮፕላን ማረፊያ በስብሰባው ወቅት ሄደዋል።,Assertion,1,Assertion_07,train
7106,የውሉ ዋጋ ከአንድ ሰዓት በኋላ ጨምሯል።,Assertion,1,Assertion_12,val
7107,የሂሳቡ ችግር ነገ ጠዋት ከጓደኛዬ ጋር እፈታለሁ።,Promise,8,Promise_11,train
7108,የማሽኑ ችግር ዛሬ ማታ ከነጋዴው ጋር እፈታለሁ።,Promise,8,Promise_11,train
7109,ቤቱን በጥንቃቄ ከደንበኛው ጋር ብንመረምር ይሻላል።,Suggestion,3,Suggestion_11,val
7110,እባክዎ ለመምህሩ ስለ ልብሱ ይንገሩልኝ።,Request,0,Request_04,val
7111,እባክዎ መልእክቱን ለመሐንዲሱ በዚህ ሳምንት ይላኩልኝ።,Request,0,Request_00,train
7112,ዶክተሩ ወደ ከተማው ውስጥ ዛሬ ሄደዋል።,Assertion,1,Assertion_07,train
7113,ነጋዴው ወደ ፋብሪካ ከዛሬ ጀምሮ ሄደዋል።,Assertion,1,Assertion_07,train
7114,በጣም ብልህ ነህ ደንበኛው፣ ውሃውን ረሳኸው።,Sarcasm/Irony,5,Sarcasm/Irony_04,train
7115,ስቱዲዮው ስለ ምርቱ ማስጠንቀቂያ ነገ አውጥቷል።,Warning,4,Warning_08,train
7116,የፕሮጀክቱ ዋጋ በዚህ ወር ጨምሯል።,Assertion,1,Assertion_12,val
7117,ማሽኑ ገና ወደ ስብሰባ ክፍል በሚቀጥለው ሳምንት አልደረሰኝም።,Complaint,6,Complaint_07,train
7118,ይህን መስኮቱን ከጋዜጠኛው ጋር በጥንቃቄ ያዙ።,Warning,4,Warning_04,val
7119,የኮምፒዩተሩ ችግር ነገ ከሰዓት በኋላ ከጠበቃው ጋር እፈታለሁ።,Promise,8,Promise_11,train
7120,ውሉ ገና ወደ ፍርድ ቤት በሳምንቱ መጨረሻ አልደረሰኝም።,Complaint,6,Complaint_07,train
7121,ጤና ይስጥልኝ ጠበቃው፣ ከአንድ ሰዓት በኋላ ደህና ነህ?,Phatic,7,Phatic_12,train
7122,የመልእክቱ ችግር በዚህ ሳምንት ከመምህሩ ጋር እፈታለሁ።,Promise,8,Promise_11,train
7123,ገንዘብዎን ይጠብቁ፣ በትምህርት ቤት ከዛሬ ጀምሮ ስርቆት ተከስቷል።,Warning,4,Warning_05,val
7124,አመሰግናለሁ መሐንዲሱ፣ ደህና ዋል በፍርድ ቤት።,Phatic,7,Phatic_08,train
7125,እባክዎ ትዕዛዙን ለባልደረባዬ በዚህ ሳምንት ይላኩልኝ።,Request,0,Request_00,train
7126,ነጋዴው ወደ ከተማው ውስጥ ዛሬ ሄደዋል።,Assertion,1,Assertion_07,train
7127,እሰይ፣ ሌላ ችግር በቢሮ በስብሰባው ወቅት፣ ልክ የሚያስፈልገን ይሄው ነበር።,Sarcasm/Irony,5,Sarcasm/Irony_07,train
7128,በሩ ገና ወደ ፍርድ ቤት ከዛሬ ጀምሮ አልደረሰኝም።,Complaint,6,Complaint_07,train
7129,ገንዘቡ ገና ወደ ፋብሪካ በሚቀጥለው ወር አልደረሰኝም።,Complaint,6,Complaint_07,train
7130,የዕቃው ዋጋ በፋብሪካ በጣም ውድ ነው።,Complaint,6,Complaint_05,val
7131,ገንዘቡን ለጋዜጠኛው ነገ እከፍላለሁ።,Promise,8,Promise_02,test
7132,ሰነዱ ገና ወደ ባንክ ከአንድ ሰዓት በኋላ አልደረሰኝም።,Complaint,6,Complaint_07,train
7133,የመስኮቱ ችግር በዚህ አመት ከደንበኛው ጋር እፈታለሁ።,Promise,8,Promise_11,train
7134,እቅዱን ከአንድ ሰዓት በኋላ ከኤጀንሲው ጋር እናሻሽል።,Suggestion,3,Suggestion_12,train
7135,ወደ ፍርድ ቤት ዛሬ ማታ መሄድ አልችልም።,Refusal,2,Refusal_13,test
7136,ይህን ቁልፉን ያለ ስራ አስኪያጁ ትዕዛዝ አይውሰዱ።,Warning,4,Warning_12,val
7137,ኩባንያው ስለ ልብሱ ማስጠንቀቂያ ነገ ከሰዓት በኋላ አውጥቷል።,Warning,4,Warning_08,train
7138,ማህበሩ ስለ ገንዘቡ ማስጠንቀቂያ ከሰዓት በኋላ አውጥቷል።,Warning,4,Warning_08,train
7139,ኩባንያው ስለ ቤቱ ማስጠንቀቂያ ከጥቂት ደቂቃዎች በኋላ አውጥቷል።,Warning,4,Warning_08,train
7140,ማህበሩ ስለ ደብዳቤው ማስጠንቀቂያ ዛሬ አውጥቷል።,Warning,4,Warning_08,train
7141,እባክዎ ለደንበኛው ገንዘቡን ያድርሱ።,Request,0,Request_14,test
7142,እንዴት ጥሩ ነው ዶክተሩ፣ በሚቀጥለው ወር ደግሞ ዘገየ።,Sarcasm/Irony,5,Sarcasm/Irony_10,val
7143,እባክዎ ይቅርታ፣ መጽሐፉን ነገ ማቅረብ አልችልም።,Refusal,2,Refusal_09,train
7144,የበሩ ዋጋ ከዛሬ ጀምሮ ጨምሯል።,Assertion,1,Assertion_12,val
7145,አስተማሪዋ ወደ ፖሊስ ጣቢያ በሚቀጥለው ወር ሄደዋል።,Assertion,1,Assertion_07,train
7146,ቤቱ ገና ወደ ፖሊስ ጣቢያ ዛሬ ማታ አልደረሰኝም።,Complaint,6,Complaint_07,train
7147,ፋብሪካው ስለ ቦርሳው ማስጠንቀቂያ ነገ ከሰዓት በኋላ አውጥቷል።,Warning,4,Warning_08,train
7148,ጋዜጠኛው፣ ስራ በአውሮፕላን ማረፊያ እንዴት ነው?,Phatic,7,Phatic_09,val
7149,ጎበዝ ስራ አስተማሪዋ፣ መልእክቱ ሙሉ በሙሉ ፈርሷል።,Sarcasm/Irony,5,Sarcasm/Irony_09,train
7150,ይህን ገንዘቡን ከአለቃዬ መቀበል አልችልም።,Refusal,2,Refusal_03,train
7151,ዶክተሩ ወደ ፍርድ ቤት ነገ ጠዋት ሄደዋል።,Assertion,1,Assertion_07,train
7152,ስራ አስኪያጁ ወደ ሱቅ ከዛሬ ጀምሮ ሄደዋል።,Assertion,1,Assertion_07,train
7153,አዎ በርግጥ፣ የኩባንያው እቅድ በከሰዓት በኋላ በጭራሽ አይከሽፍም።,Sarcasm/Irony,5,Sarcasm/Irony_11,train
7154,ማንነትዎን ለማያውቁት መሐንዲሱ በገበያ አይስጡ።,Warning,4,Warning_14,test
7155,ኮምፒዩተሩ ገና ወደ ከተማው ውስጥ በሚቀጥለው አመት አልደረሰኝም።,Complaint,6,Complaint_07,train
7156,እንዴት ጥሩ ነው ባልደረባዬ፣ በዚህ ወር ደግሞ ዘገየ።,Sarcasm/Irony,5,Sarcasm/Irony_10,val
7157,እንደምን አለህ በገበያ፣ ጠበቃው?,Phatic,7,Phatic_11,val
7158,ፕሮጀክቱን ከጥቂት ደቂቃዎች በኋላ ከጋዜጠኛው ጋር ብንጀምር ይሻላል።,Suggestion,3,Suggestion_08,val
7159,ደንበኛው ወደ ቤት በሳምንቱ መጨረሻ ሄደዋል።,Assertion,1,Assertion_07,train
7160,ደህና በሚቀጥለው አመት ይሁንልህ ባልደረባዬ።,Phatic,7,Phatic_02,train
7161,የስልኩ ዋጋ ዛሬ ማታ ጨምሯል።,Assertion,1,Assertion_12,val
7162,የልብሱ ችግር ነገ ከሰዓት በኋላ ከመምህሩ ጋር እፈታለሁ።,Promise,8,Promise_11,train
7163,የማሽኑ ዋጋ ከአንድ ሰዓት በኋላ ጨምሯል።,Assertion,1,Assertion_12,val
7164,ፖሊሱ፣ ጤና ይስጥልኝ በገበያ።,Phatic,7,Phatic_03,train
7165,ከሹፌሩ ጋር ከሰዓት በኋላ በፍርድ ቤት እገናኛለሁ።,Promise,8,Promise_04,val
7166,ሰነዱ ገና ወደ ፖሊስ ጣቢያ ከሁለት ቀናት በኋላ አልደረሰኝም።,Complaint,6,Complaint_07,train
7167,የሂሳቡ ችግር በዚህ ወር ከዶክተሩ ጋር እፈታለሁ።,Promise,8,Promise_11,train
7168,እባክህ ይቅርታ አድርግልኝ፣ ወደ ፖሊስ ጣቢያ በሳምንቱ መጨረሻ መምጣት አልችልም።,Refusal,2,Refusal_01,test
7169,ፋብሪካው ስለ ገንዘቡ ማስጠንቀቂያ በስብሰባው ወቅት አውጥቷል።,Warning,4,Warning_08,train
7170,ወደ ስብሰባ ክፍል በሚቀጥለው ሳምንት መሄድ አልችልም።,Refusal,2,Refusal_13,test
7171,ቢያንስ አንዴ መልእክቱን በመንገድ ላይ እንሞክር።,Suggestion,3,Suggestion_05,train
7172,ነጋዴው ወደ ፖሊስ ጣቢያ ዛሬ ሄደዋል።,Assertion,1,Assertion_07,train
7173,የውሃው ችግር ነገ ከሰዓት በኋላ ከባልደረባዬ ጋር እፈታለሁ።,Promise,8,Promise_11,train
7174,እርግጠኛ ነኝ ጓደኛዬ በሳምንቱ መጨረሻ ይደርሳሉ፣ እንደ ሁልጊዜው።,Sarcasm/Irony,5,Sarcasm/Irony_05,test
7175,እንኳን ደስ አለህ መሐንዲሱ፣ ስለ ዕቃው እንደገና ተሳስተሃል።,Sarcasm/Irony,5,Sarcasm/Irony_13,train
7176,የቦርሳው ችግር በዚህ ወር ከጓደኛዬ ጋር እፈታለሁ።,Promise,8,Promise_11,train
7177,ጎበዝ ስራ ሹፌሩ፣ ሪፖርቱ ሙሉ በሙሉ ፈርሷል።,Sarcasm/Irony,5,Sarcasm/Irony_09,train
7178,ደህና ዛሬ ይሁንልህ ጓደኛዬ።,Phatic,7,Phatic_02,train
7179,ዶክተሩ፣ እንደምን አደርክ በሳምንቱ መጨረሻ?,Phatic,7,Phatic_01,train
7180,ሚኒስቴሩ ቃል የገባውን ከዛሬ ጀምሮ አላከበረም።,Complaint,6,Complaint_02,test
7181,ማሽኑ ገና ወደ ፍርድ ቤት ነገ ጠዋት አልደረሰኝም።,Complaint,6,Complaint_07,train
7182,እባክዎ ቦርሳውን ለፖሊሱ በዚህ አመት ይላኩልኝ።,Request,0,Request_00,train
7183,ከአንድ ሰዓት በኋላ በመንገድ ላይ መገኘት አልችልም።,Refusal,2,Refusal_04,val
7184,ይህን ቦርሳውን ከጓደኛዬ መቀበል አልችልም።,Refusal,2,Refusal_03,train
7185,እባክዎ ገንዘቡን ለስራ አስኪያጁ ከጥቂት ደቂቃዎች በኋላ ይላኩልኝ።,Request,0,Request_00,train
7186,ደረሰኙ ገና ወደ ሱቅ ዛሬ ማታ አልደረሰኝም።,Complaint,6,Complaint_07,train
7187,ፕሮጀክቱ ገና ወደ ከተማው ውስጥ ነገ ጠዋት አልደረሰኝም።,Complaint,6,Complaint_07,train
7188,እባክዎ ሰነዱን ይመልከቱልኝ።,Request,0,Request_10,val
7189,እንዴት ጥሩ ነው አስተማሪዋ፣ ከሰዓት በኋላ ደግሞ ዘገየ።,Sarcasm/Irony,5,Sarcasm/Irony_10,val
7190,ስለ ልብሱ ከአለቃዬ ጋር ማሰብ ይኖርብናል።,Suggestion,3,Suggestion_03,train
7191,ጎበዝ! በጣም ጥሩ ስራ ሰራህ አለቃዬ፣ ውሉን አበላሸኸው።,Sarcasm/Irony,5,Sarcasm/Irony_02,train
7192,ከደንበኛው ጋር ከሶስት ሰዓት በኋላ በቢሮ እገናኛለሁ።,Promise,8,Promise_04,val
7193,የፕሮጀክቱ ችግር ከሰዓት በኋላ ከመምህሩ ጋር እፈታለሁ።,Promise,8,Promise_11,train
7194,ቢያንስ አንዴ ካርታውን በገበያ እንሞክር።,Suggestion,3,Suggestion_05,train
7195,ኤጀንሲው ስለ ማሽኑ ማስጠንቀቂያ ነገ ጠዋት አውጥቷል።,Warning,4,Warning_08,train
7196,ቃል እገባለሁ፣ መልእክቱን በስብሰባው ወቅት አላዘገይም።,Promise,8,Promise_03,test
7197,ደረሰኙ ገና ወደ ገበያ በዚህ ወር አልደረሰኝም።,Complaint,6,Complaint_07,train
7198,እንዴት ጥሩ ነው ሹፌሩ፣ ከዛሬ ጀምሮ ደግሞ ዘገየ።,Sarcasm/Irony,5,Sarcasm/Irony_10,val
7199,በጣም ብልህ ነህ ጠበቃው፣ ፕሮጀክቱን ረሳኸው።,Sarcasm/Irony,5,Sarcasm/Irony_04,train
7200,ወደ መንገድ ላይ በሚቀጥለው አመት እንሂድ።,Suggestion,3,Suggestion_01,test
7201,ሰነዱ ገና ወደ ከተማው ውስጥ ዛሬ ማታ አልደረሰኝም።,Complaint,6,Complaint_07,train
7202,የቦርሳው ዋጋ በቤት በጣም ውድ ነው።,Complaint,6,Complaint_05,val
7203,እባክዎ ይቅርታ፣ ስልኩን ከሁለት ቀናት በኋላ ማቅረብ አልችልም።,Refusal,2,Refusal_09,train
7204,ከዛሬ ጀምሮ በባንክ መገኘት አልችልም።,Refusal,2,Refusal_04,val
7205,እንኳን ደስ አለህ አስተማሪዋ፣ ስለ ካርታው እንደገና ተሳስተሃል።,Sarcasm/Irony,5,Sarcasm/Irony_13,train
7206,ውሉ በመንገድ ላይ ይገኛል።,Assertion,1,Assertion_00,test
7207,የቤቱ ችግር በሳምንቱ መጨረሻ ከሚኒስትሩ ጋር እፈታለሁ።,Promise,8,Promise_11,train
7208,አዎ በርግጥ፣ የድርጅቱ እቅድ በከምሽቱ ጀምሮ በጭራሽ አይከሽፍም።,Sarcasm/Irony,5,Sarcasm/Irony_11,train
7209,እባክዎ ቤቱን ለደንበኛው ከምሽቱ ጀምሮ ይላኩልኝ።,Request,0,Request_00,train
7210,ፕሮጀክቱ በትምህርት ቤት ይገኛል።,Assertion,1,Assertion_00,test
7211,መንግስት ስለ ኮምፒዩተሩ ማስጠንቀቂያ ከጥቂት ደቂቃዎች በኋላ አውጥቷል።,Warning,4,Warning_08,train
7212,እንኳን ደስ አለህ ነጋዴው በሚቀጥለው ወር።,Phatic,7,Phatic_07,train
7213,እባክዎ ይቅርታ፣ ደረሰኙን ከምሽቱ ጀምሮ ማቅረብ አልችልም።,Refusal,2,Refusal_09,train
7214,ቤቱ ከመሐንዲሱ አጠገብ አደገኛ ሊሆን ይችላል።,Warning,4,Warning_01,test
7215,በአውሮፕላን ማረፊያ ትንሽ እረፍት በዚህ ሳምንት ብንወስድ ጥሩ ነው።,Suggestion,3,Suggestion_09,test
7216,ደህና እደር ሹፌሩ፣ ዛሬ ማታ እንገናኝ።,Phatic,7,Phatic_06,train
7217,ገንዘቡን በጥንቃቄ ከስራ አስኪያጁ ጋር ብንመረምር ይሻላል።,Suggestion,3,Suggestion_11,val
7218,ከጥቂት ደቂቃዎች በኋላ በፋብሪካ መገኘት አልችልም።,Refusal,2,Refusal_04,val
7219,ማንነትዎን ለማያውቁት ጠበቃው በፖሊስ ጣቢያ አይስጡ።,Warning,4,Warning_14,test
7220,እንኳን ወደ ፖሊስ ጣቢያ ደህና መጣህ ሚኒስትሩ።,Phatic,7,Phatic_04,test
7221,እባክህ ይቅርታ አድርግልኝ፣ ወደ መጋዘን ከሶስት ሰዓት በኋላ መምጣት አልችልም።,Refusal,2,Refusal_01,test
7222,እባክዎ በሩን ለሹፌሩ ከአንድ ሰዓት በኋላ ይላኩልኝ።,Request,0,Request_00,train
7223,ጠበቃው ወደ ፍርድ ቤት ከጥቂት ደቂቃዎች በኋላ ሄደዋል።,Assertion,1,Assertion_07,train
7224,የውሃው ችግር ከጥቂት ደቂቃዎች በኋላ ከጠበቃው ጋር እፈታለሁ።,Promise,8,Promise_11,train
7225,ኤጀንሲው ስለ ምርቱ ማስጠንቀቂያ ከአንድ ሰዓት በኋላ አውጥቷል።,Warning,4,Warning_08,train
7226,ይህን ደረሰኙን ከጋዜጠኛው መቀበል አልችልም።,Refusal,2,Refusal_03,train
7227,ቃል እገባለሁ፣ ስልኩን ከዛሬ ጀምሮ አላዘገይም።,Promise,8,Promise_03,test
7228,ሚኒስቴሩ ስለ ፋይሉ ማስጠንቀቂያ ነገ ከሰዓት በኋላ አውጥቷል።,Warning,4,Warning_08,train
7229,ኤጀንሲው ስለ መኪናው ማስጠንቀቂያ በስብሰባው ወቅት አውጥቷል።,Warning,4,Warning_08,train
7230,እንኳን አደረሳችሁ ፖሊሱ፣ በመንገድ ላይ።,Phatic,7,Phatic_14,test
7231,ስለ መልእክቱ ከጓደኛዬ ጋር ማሰብ ይኖርብናል።,Suggestion,3,Suggestion_03,train
7232,ይቅርታ፣ ውሉን ዛሬ ማታ ማድረግ አልችልም።,Refusal,2,Refusal_00,train
7233,በሳምንቱ መጨረሻ በሆስፒታል መገኘት አልችልም።,Refusal,2,Refusal_04,val
7234,እባክህ ለሂሳቡ ይህን ዘዴ ነገ ተጠቀም።,Suggestion,3,Suggestion_04,train
7235,የውሃው ችግር በሚቀጥለው አመት ከነጋዴው ጋር እፈታለሁ።,Promise,8,Promise_11,train
7236,ስቱዲዮው ስለ መጽሐፉ ማስጠንቀቂያ በዚህ አመት አውጥቷል።,Warning,4,Warning_08,train
7237,ከአለቃዬ ጋር ስለ ማሽኑ ጉዳይ መስማማት አልችልም።,Refusal,2,Refusal_06,train
7238,እባክዎ ፋይሉን ለደንበኛው በሚቀጥለው ሳምንት ይላኩልኝ።,Request,0,Request_00,train
7239,ኤጀንሲው ስለ ልብሱ ማስጠንቀቂያ በዚህ ሳምንት አውጥቷል።,Warning,4,Warning_08,train
7240,ደህና በዚህ ሳምንት ይሁንልህ ዶክተሩ።,Phatic,7,Phatic_02,train
7241,ከደንበኛው ጋር በሚቀጥለው አመት በፋብሪካ እገናኛለሁ።,Promise,8,Promise_04,val
7242,እንኳን ደስ አለህ መሐንዲሱ፣ ስለ ሰነዱ እንደገና ተሳስተሃል።,Sarcasm/Irony,5,Sarcasm/Irony_13,train
7243,ውሃው ገና ወደ ፋብሪካ ከሰዓት በኋላ አልደረሰኝም።,Complaint,6,Complaint_07,train
7244,ይህ ቦርሳው ከድርጅቱ ጥራት የለውም።,Complaint,6,Complaint_00,val
7245,እባክዎ ቦርሳውን ለባልደረባዬ ዛሬ ማታ ይላኩልኝ።,Request,0,Request_00,train
7246,ከአስተማሪዋ ጋር ከአንድ ሰዓት በኋላ በቢሮ እገናኛለሁ።,Promise,8,Promise_04,val
7247,ሚኒስቴሩ ስለ ስጦታው ማስጠንቀቂያ በዚህ ሳምንት አውጥቷል።,Warning,4,Warning_08,train
7248,መንግስት ስለ ቡናው ማስጠንቀቂያ ዛሬ አውጥቷል።,Warning,4,Warning_08,train
7249,እባክዎ ልብሱን ለነጋዴው በዚህ ሳምንት ይላኩልኝ።,Request,0,Request_00,train
7250,ባልደረባዬ፣ ጤና ይስጥልኝ በፍርድ ቤት።,Phatic,7,Phatic_03,train
7251,ደህና ከጥቂት ደቂቃዎች በኋላ ይሁንልህ ዶክተሩ።,Phatic,7,Phatic_02,train
7252,የሪፖርቱ ዋጋውን ነገ ከሰዓት በኋላ ብንቀንስ ደንበኞች ይጨምራሉ።,Suggestion,3,Suggestion_07,train
7253,እባክዎ ሰነዱን ለዶክተሩ ነገ ጠዋት ይላኩልኝ።,Request,0,Request_00,train
7254,የቡናው ችግር ከአንድ ሰዓት በኋላ ከጓደኛዬ ጋር እፈታለሁ።,Promise,8,Promise_11,train
7255,ከዶክተሩ ጋር ከሶስት ሰዓት በኋላ በሆስፒታል እገናኛለሁ።,Promise,8,Promise_04,val
7256,የሂሳቡ ችግር ከዛሬ ጀምሮ ከባልደረባዬ ጋር እፈታለሁ።,Promise,8,Promise_11,train
7257,እንዴት ደስ ይላል፣ ሚኒስትሩ እንደገና ከሶስት ሰዓት በኋላ ዘገዩ።,Sarcasm/Irony,5,Sarcasm/Irony_03,train
7258,በጣም ጎበዝ ነው ማህበሩ፣ በፖሊስ ጣቢያ ደንበኞችን ችላ ይላል።,Sarcasm/Irony,5,Sarcasm/Irony_06,test
7259,ይህን ውሃውን ከመምህሩ ጋር በጥንቃቄ ያዙ።,Warning,4,Warning_04,val
7260,ጥንቃቄ ያድርጉ፣ ነገ ጠዋት መጋዘን ይንሸራተታል።,Warning,4,Warning_02,train
7261,ወደ ትምህርት ቤት ከአንድ ሰዓት በኋላ መሄድ አልችልም።,Refusal,2,Refusal_13,test
7262,ደብዳቤውን በጥንቃቄ ከዶክተሩ ጋር ብንመረምር ይሻላል።,Suggestion,3,Suggestion_11,val
7263,ደህና እደር ሚኒስትሩ፣ ነገ ጠዋት እንገናኝ።,Phatic,7,Phatic_06,train
7264,አለቃዬ፣ ቤተሰብ በሱቅ እንዴት ናቸው?,Phatic,7,Phatic_05,val
7265,ቢያንስ አንዴ ስጦታውን በቢሮ እንሞክር።,Suggestion,3,Suggestion_05,train
7266,ጎበዝ ስራ ጓደኛዬ፣ ደረሰኙ ሙሉ በሙሉ ፈርሷል።,Sarcasm/Irony,5,Sarcasm/Irony_09,train
7267,መስኮቱ ገና ወደ ቢሮ ከአንድ ሰዓት በኋላ አልደረሰኝም።,Complaint,6,Complaint_07,train
7268,እባክዎ ይቅርታ፣ ቦርሳውን ከአንድ ሰዓት በኋላ ማቅረብ አልችልም።,Refusal,2,Refusal_09,train
7269,ጤና ይስጥልኝ መምህሩ፣ ዛሬ ደህና ነህ?,Phatic,7,Phatic_12,train
7270,ሚኒስትሩ ወደ መጋዘን ነገ ከሰዓት በኋላ ሄደዋል።,Assertion,1,Assertion_07,train
7271,ደህና ሁን ሚኒስትሩ፣ እስከ ነገ ከሰዓት በኋላ እንገናኝ።,Phatic,7,Phatic_13,train
7272,ጤና ይስጥልኝ ጠበቃው፣ ዛሬ ማታ ደህና ነህ?,Phatic,7,Phatic_12,train
7273,ማዕከሉ ስለ ቤቱ ማስጠንቀቂያ በዚህ አመት አውጥቷል።,Warning,4,Warning_08,train
7274,እባክዎ ውሃውን ለጠበቃው ዛሬ ይላኩልኝ።,Request,0,Request_00,train
7275,ፖሊሱ ወደ መጋዘን ነገ ሄደዋል።,Assertion,1,Assertion_07,train
7276,ሂሳቡ ገና ወደ መንገድ ላይ በሚቀጥለው ሳምንት አልደረሰኝም።,Complaint,6,Complaint_07,train
7277,ደህና እደር ጋዜጠኛው፣ ከሶስት ሰዓት በኋላ እንገናኝ።,Phatic,7,Phatic_06,train
7278,በስብሰባው ወቅት በመጋዘን ከባድ ዝናብ ሊዘንብ ይችላል ተጠንቀቁ።,Warning,4,Warning_03,test
7279,እባክዎ መስኮቱን ለባልደረባዬ ከአንድ ሰዓት በኋላ ይላኩልኝ።,Request,0,Request_00,train
7280,ማህበሩ ስለ በሩ ማስጠንቀቂያ በዚህ ሳምንት አውጥቷል።,Warning,4,Warning_08,train
7281,እባክህ ይቅርታ አድርግልኝ፣ ወደ ባንክ በሚቀጥለው ሳምንት መምጣት አልችልም።,Refusal,2,Refusal_01,test
7282,ማዕከሉ ስለ ቡናው ማስጠንቀቂያ በሚቀጥለው ሳምንት አውጥቷል።,Warning,4,Warning_08,train
7283,ለሚኒስትሩ የገባሁትን ቃል በሚቀጥለው አመት አከብራለሁ።,Promise,8,Promise_08,test
7284,ከጋዜጠኛው ጋር ስለ ፕሮጀክቱ ጉዳይ መስማማት አልችልም።,Refusal,2,Refusal_06,train
7285,እቅዱን ከዛሬ ጀምሮ ከፋብሪካው ጋር እናሻሽል።,Suggestion,3,Suggestion_12,train
7286,የስልኩ ዋጋ በስብሰባ ክፍል በጣም ውድ ነው።,Complaint,6,Complaint_05,val
7287,አስተማሪዋ ወደ ስብሰባ ክፍል በዚህ ወር ሄደዋል።,Assertion,1,Assertion_07,train
7288,ቡናው ገና ወደ ፖሊስ ጣቢያ በሚቀጥለው ሳምንት አልደረሰኝም።,Complaint,6,Complaint_07,train
7289,በከተማው ውስጥ ትንሽ እረፍት ከሁለት ቀናት በኋላ ብንወስድ ጥሩ ነው።,Suggestion,3,Suggestion_09,test
7290,መሳሪያው ገና ወደ ቢሮ ከሶስት ሰዓት በኋላ አልደረሰኝም።,Complaint,6,Complaint_07,train
7291,የልብሱ ችግር ዛሬ ከባልደረባዬ ጋር እፈታለሁ።,Promise,8,Promise_11,train
7292,እንዴት ጎበዝ ነህ ጋዜጠኛው፣ መስኮቱን ሰብረኸዋል!,Sarcasm/Irony,5,Sarcasm/Irony_00,train
7293,የሰነዱ ደረሰኝ ከማዕከሉ የተበላሸ ነው።,Complaint,6,Complaint_08,val
7294,በጣም ብልህ ነህ መምህሩ፣ ስልኩን ረሳኸው።,Sarcasm/Irony,5,Sarcasm/Irony_04,train
7295,እንኳን ደስ አለህ ሚኒስትሩ በሳምንቱ መጨረሻ።,Phatic,7,Phatic_07,train
7296,እንዴት ደስ ይላል፣ አስተማሪዋ እንደገና ከሁለት ቀናት በኋላ ዘገዩ።,Sarcasm/Irony,5,Sarcasm/Irony_03,train
7297,ማህበሩ ስለ ውሉ ማስጠንቀቂያ በዚህ ሳምንት አውጥቷል።,Warning,4,Warning_08,train
7298,አለቃዬ፣ ጤና ይስጥልኝ በከተማው ውስጥ።,Phatic,7,Phatic_03,train
7299,የፕሮጀክቱ ዋጋ በቢሮ በጣም ውድ ነው።,Complaint,6,Complaint_05,val
7300,እንዴት ደስ ይላል፣ ጋዜጠኛው እንደገና ከዛሬ ጀምሮ ዘገዩ።,Sarcasm/Irony,5,Sarcasm/Irony_03,train
7301,ዕቃው በስብሰባ ክፍል ይገኛል።,Assertion,1,Assertion_00,test
7302,ቅሬታዬን ለስራ አስኪያጁ ነገ ጠዋት ብናገርም ማንም አልሰማኝም።,Complaint,6,Complaint_14,val
7303,እባክዎ ፋይሉን ለዶክተሩ በሚቀጥለው አመት ይላኩልኝ።,Request,0,Request_00,train
7304,እንዴት ጎበዝ ነህ ፖሊሱ፣ ስልኩን ሰብረኸዋል!,Sarcasm/Irony,5,Sarcasm/Irony_00,train
7305,ደረሰኙ ገና ወደ ፋብሪካ ከሶስት ሰዓት በኋላ አልደረሰኝም።,Complaint,6,Complaint_07,train
7306,የውሃው ዋጋ ከሰዓት በኋላ ጨምሯል።,Assertion,1,Assertion_12,val
7307,እባክዎ ይቅርታ፣ ኮምፒዩተሩን በሚቀጥለው ወር ማቅረብ አልችልም።,Refusal,2,Refusal_09,train
7308,የትዕዛዙ ችግር ከምሽቱ ጀምሮ ከደንበኛው ጋር እፈታለሁ።,Promise,8,Promise_11,train
7309,ወደ ገበያ ዛሬ ማታ መሄድ አልችልም።,Refusal,2,Refusal_13,test
7310,ባልደረባዬ ወደ መንገድ ላይ በስብሰባው ወቅት ሄደዋል።,Assertion,1,Assertion_07,train
7311,እባክሽ መልእክቱን በዚህ አመት አምጪልኝ።,Request,0,Request_09,test
7312,ሰነዱ ገና ወደ ፖሊስ ጣቢያ በሚቀጥለው አመት አልደረሰኝም።,Complaint,6,Complaint_07,train
7313,በስቱዲዮው አዲስ ስልት ዛሬ ማታ እንተግብር።,Suggestion,3,Suggestion_14,test
7314,ስቱዲዮው ስለ ፕሮጀክቱ ማስጠንቀቂያ በዚህ ሳምንት አውጥቷል።,Warning,4,Warning_08,train
7315,ስለ ሪፖርቱ ከዶክተሩ ጋር ማሰብ ይኖርብናል።,Suggestion,3,Suggestion_03,train
7316,እባክዎ ጥያቄውን ወደ ፋብሪካ ይላኩ።,Request,0,Request_06,test
7317,ጎበዝ! በጣም ጥሩ ስራ ሰራህ አስተማሪዋ፣ ቡናውን አበላሸኸው።,Sarcasm/Irony,5,Sarcasm/Irony_02,train
7318,ፋይሉ ገና ወደ ሆስፒታል በሚቀጥለው ወር አልደረሰኝም።,Complaint,6,Complaint_07,train
7319,ለባልደረባዬ የገባሁትን ቃል ከአንድ ሰዓት በኋላ አከብራለሁ።,Promise,8,Promise_08,test
7320,ይህን ውሉን ከመምህሩ መቀበል አልችልም።,Refusal,2,Refusal_03,train
7321,በሚቀጥለው ወር በገበያ መገኘት አልችልም።,Refusal,2,Refusal_04,val
7322,የቦርሳው ደረሰኝ ከድርጅቱ የተበላሸ ነው።,Complaint,6,Complaint_08,val
7323,አስተማሪዋ ወደ አውሮፕላን ማረፊያ በዚህ ወር ሄደዋል።,Assertion,1,Assertion_07,train
7324,ስለ መኪናው ጉዳይ ከጓደኛዬ ጋር እንወያይ።,Suggestion,3,Suggestion_10,train
7325,ቡናው ገና ወደ ቢሮ በዚህ ወር አልደረሰኝም።,Complaint,6,Complaint_07,train
7326,እባክዎ ሰነዱን ለሚኒስትሩ ነገ ጠዋት ይላኩልኝ።,Request,0,Request_00,train
7327,የቡናው ገመድ በከተማው ውስጥ አደገኛ ነው ተጠንቀቁ።,Warning,4,Warning_07,train
7328,የፕሮጀክቱ ዋጋ በፋብሪካ በጣም ውድ ነው።,Complaint,6,Complaint_05,val
7329,ምርቱን ከአንድ ሰዓት በኋላ ብንሞክር ጥሩ ይሆናል።,Suggestion,3,Suggestion_00,train
7330,መልእክቱ ገና ወደ አውሮፕላን ማረፊያ ነገ ጠዋት አልደረሰኝም።,Complaint,6,Complaint_07,train
7331,ድርጅቱ በሳምንቱ መጨረሻ ትርፍ አግኝቷል።,Assertion,1,Assertion_04,test
7332,ቃል እገባለሁ፣ ማሽኑን በዚህ ሳምንት አላዘገይም።,Promise,8,Promise_03,test
7333,የመጽሐፉ ዋጋ ከጥቂት ደቂቃዎች በኋላ ጨምሯል።,Assertion,1,Assertion_12,val
7334,ሰላም ነጋዴው፣ በሚቀጥለው አመት እንዴት ነህ?,Phatic,7,Phatic_00,train
7335,መሐንዲሱ ወደ ከተማው ውስጥ በሚቀጥለው አመት ሄደዋል።,Assertion,1,Assertion_07,train
7336,አዎ በእርግጥ፣ ጠበቃው ከአንድ ሰዓት በኋላ ትመጣለህ ብዬ አላምንም።,Sarcasm/Irony,5,Sarcasm/Irony_01,test
7337,ጎበዝ! በጣም ጥሩ ስራ ሰራህ ስራ አስኪያጁ፣ ማሽኑን አበላሸኸው።,Sarcasm/Irony,5,Sarcasm/Irony_02,train
7338,የቦርሳው ችግር ዛሬ ከስራ አስኪያጁ ጋር እፈታለሁ።,Promise,8,Promise_11,train
7339,የምርቱ ዋጋ በስብሰባው ወቅት ጨምሯል።,Assertion,1,Assertion_12,val
7340,በስብሰባው ወቅት ወደ መጋዘን እደርሳለሁ።,Promise,8,Promise_10,train
7341,ገንዘቡ ገና ወደ ስብሰባ ክፍል በሚቀጥለው ሳምንት አልደረሰኝም።,Complaint,6,Complaint_07,train
7342,የፕሮጀክቱ ወጪውን በትምህርት ቤት ብንቀንስ የተሻለ ነው።,Suggestion,3,Suggestion_13,train
7343,በጣም ትክክለኛ ነው ባልደረባዬ፣ በሱቅ ሁልጊዜ እንደዚህ ይሆናል።,Sarcasm/Irony,5,Sarcasm/Irony_08,val
7344,ፕሮጀክቱ ገና ወደ ገበያ ከሁለት ቀናት በኋላ አልደረሰኝም።,Complaint,6,Complaint_07,train
7345,ስብሰባው ያለ ማስታወቂያ በስብሰባው ወቅት በፖሊስ ጣቢያ ተሰርዟል።,Complaint,6,Complaint_09,test
7346,ይህ ሪፖርቱ ከባንኩ ጥራት የለውም።,Complaint,6,Complaint_00,val
7347,ደብዳቤው ገና ወደ ስብሰባ ክፍል ነገ ከሰዓት በኋላ አልደረሰኝም።,Complaint,6,Complaint_07,train
7348,ስራ አስኪያጁ ወደ ቢሮ ነገ ሄደዋል።,Assertion,1,Assertion_07,train
7349,መልእክቱ በትክክል ይሰራል።,Assertion,1,Assertion_11,val
7350,መንገድ ላይ ከአንድ ሰዓት በኋላ ተከፍቷል።,Assertion,1,Assertion_14,train
7351,ከነጋዴው ጋር ስለ ፕሮጀክቱ ጉዳይ መስማማት አልችልም።,Refusal,2,Refusal_06,train
7352,የመልእክቱ ችግር ነገ ከሰዓት በኋላ ከጋዜጠኛው ጋር እፈታለሁ።,Promise,8,Promise_11,train
7353,ይቅርታ፣ ኮምፒዩተሩን ነገ ጠዋት ማድረግ አልችልም።,Refusal,2,Refusal_00,train
7354,ፕሮጀክቱ ገና ወደ አውሮፕላን ማረፊያ ዛሬ አልደረሰኝም።,Complaint,6,Complaint_07,train
7355,ትዕዛዙ ገና ወደ ትምህርት ቤት ከዛሬ ጀምሮ አልደረሰኝም።,Complaint,6,Complaint_07,train
7356,ደህና ሁን ሹፌሩ፣ እስከ ከዛሬ ጀምሮ እንገናኝ።,Phatic,7,Phatic_13,train
7357,እሰይ፣ ሌላ ችግር በመጋዘን በሚቀጥለው ሳምንት፣ ልክ የሚያስፈልገን ይሄው ነበር።,Sarcasm/Irony,5,Sarcasm/Irony_07,train
7358,እንደምን አለህ በቤት፣ ነጋዴው?,Phatic,7,Phatic_11,val
7359,ደህና ሁን መሐንዲሱ፣ እስከ በሚቀጥለው አመት እንገናኝ።,Phatic,7,Phatic_13,train
7360,እባክዎ ይቅርታ፣ ካርታውን በዚህ አመት ማቅረብ አልችልም።,Refusal,2,Refusal_09,train
7361,በባንክ ከሶስት ሰዓት በኋላ ወንጀል ሊፈጸም ይችላል ተጠንቀቁ።,Warning,4,Warning_11,train
7362,ጋዜጠኛው፣ ቤተሰብ በፖሊስ ጣቢያ እንዴት ናቸው?,Phatic,7,Phatic_05,val
7363,እንኳን ወደ ቢሮ ደህና መጣህ መምህሩ።,Phatic,7,Phatic_04,test
7364,ከሰዓት በኋላ በቤት ስብሰባ እናድርግ።,Suggestion,3,Suggestion_02,train
7365,ስቱዲዮው ስለ መሳሪያው ማስጠንቀቂያ በሳምንቱ መጨረሻ አውጥቷል።,Warning,4,Warning_08,train
7366,የደረሰኙ ችግር በሚቀጥለው ሳምንት ከነጋዴው ጋር እፈታለሁ።,Promise,8,Promise_11,train
7367,ጤና ይስጥልኝ መሐንዲሱ፣ ከሶስት ሰዓት በኋላ ደህና ነህ?,Phatic,7,Phatic_12,train
7368,ስለ ደብዳቤው ከስራ አስኪያጁ ጋር ማሰብ ይኖርብናል።,Suggestion,3,Suggestion_03,train
7369,እባክዎ በሩን ለአስተማሪዋ ከሶስት ሰዓት በኋላ ይላኩልኝ።,Request,0,Request_00,train
7370,እባክዎ ልብሱን ለሚኒስትሩ በሚቀጥለው አመት ይላኩልኝ።,Request,0,Request_00,train
7371,እንዴት ጎበዝ ነህ ጋዜጠኛው፣ ደብዳቤውን ሰብረኸዋል!,Sarcasm/Irony,5,Sarcasm/Irony_00,train
7372,ደህና በሚቀጥለው ሳምንት ይሁንልህ ጓደኛዬ።,Phatic,7,Phatic_02,train
7373,በጣም ትክክለኛ ነው አለቃዬ፣ በመንገድ ላይ ሁልጊዜ እንደዚህ ይሆናል።,Sarcasm/Irony,5,Sarcasm/Irony_08,val
7374,እንዴት ጥሩ ነው ስራ አስኪያጁ፣ ዛሬ ደግሞ ዘገየ።,Sarcasm/Irony,5,Sarcasm/Irony_10,val
7375,ኩባንያው ስለ ፕሮጀክቱ ማስጠንቀቂያ በሳምንቱ መጨረሻ አውጥቷል።,Warning,4,Warning_08,train
7376,ደንበኛው ወደ አውሮፕላን ማረፊያ ከምሽቱ ጀምሮ ሄደዋል።,Assertion,1,Assertion_07,train
7377,ፋይሉ ገና ወደ መጋዘን በዚህ ወር አልደረሰኝም።,Complaint,6,Complaint_07,train
7378,አዎ በርግጥ፣ የመንግስት እቅድ በዛሬ በጭራሽ አይከሽፍም።,Sarcasm/Irony,5,Sarcasm/Irony_11,train
7379,መምህሩ ወደ መጋዘን ዛሬ ማታ ሄደዋል።,Assertion,1,Assertion_07,train
7380,ማህበሩ ቃል የገባውን ከምሽቱ ጀምሮ ያከብራል።,Promise,8,Promise_14,test
7381,ከአንድ ሰዓት በኋላ በፍርድ ቤት መገኘት አልችልም።,Refusal,2,Refusal_04,val
7382,መኪናው ገና ወደ ቢሮ በሚቀጥለው አመት አልደረሰኝም።,Complaint,6,Complaint_07,train
7383,ውሉ ገና ወደ ገበያ ከአንድ ሰዓት በኋላ አልደረሰኝም።,Complaint,6,Complaint_07,train
7384,እባክዎ መጽሐፉን ለሹፌሩ በሚቀጥለው ወር ይላኩልኝ።,Request,0,Request_00,train
7385,እባክዎ ቦርሳውን ለአስተማሪዋ ከዛሬ ጀምሮ ይላኩልኝ።,Request,0,Request_00,train
7386,ማህበሩ ስለ በሩ ማስጠንቀቂያ ከሁለት ቀናት በኋላ አውጥቷል።,Warning,4,Warning_08,train
7387,የልብሱ ወጪውን በሆስፒታል ብንቀንስ የተሻለ ነው።,Suggestion,3,Suggestion_13,train
7388,መንግስት ስለ ማሽኑ ማስጠንቀቂያ ከምሽቱ ጀምሮ አውጥቷል።,Warning,4,Warning_08,train
7389,በጣም ብልህ ነህ ባልደረባዬ፣ ፕሮጀክቱን ረሳኸው።,Sarcasm/Irony,5,Sarcasm/Irony_04,train
7390,ከፖሊሱ ጋር ዛሬ ማታ በሆስፒታል እገናኛለሁ።,Promise,8,Promise_04,val
7391,እባክዎ ይቅርታ፣ ሂሳቡን ከአንድ ሰዓት በኋላ ማቅረብ አልችልም።,Refusal,2,Refusal_09,train
7392,እባክዎ ቦርሳውን ለጠበቃው ከጥቂት ደቂቃዎች በኋላ ይላኩልኝ።,Request,0,Request_00,train
7393,እሰይ፣ ሌላ ችግር በቢሮ ከሁለት ቀናት በኋላ፣ ልክ የሚያስፈልገን ይሄው ነበር።,Sarcasm/Irony,5,Sarcasm/Irony_07,train
7394,አመሰግናለሁ ባልደረባዬ፣ ደህና ዋል በከተማው ውስጥ።,Phatic,7,Phatic_08,train
7395,ኤጀንሲው ስለ መጽሐፉ ማስጠንቀቂያ ነገ ጠዋት አውጥቷል።,Warning,4,Warning_08,train
7396,ሚኒስቴሩ ስለ ውሉ ማስጠንቀቂያ ከአንድ ሰዓት በኋላ አውጥቷል።,Warning,4,Warning_08,train
7397,ቁልፉ ገና ወደ ሱቅ ከአንድ ሰዓት በኋላ አልደረሰኝም።,Complaint,6,Complaint_07,train
7398,ባልደረባዬ ወደ ስብሰባ ክፍል በሚቀጥለው ሳምንት ሄደዋል።,Assertion,1,Assertion_07,train
7399,ልብሱ ገና ወደ አውሮፕላን ማረፊያ በሚቀጥለው አመት አልደረሰኝም።,Complaint,6,Complaint_07,train
7400,እባክዎ ደረሰኙን ለአለቃዬ ከሰዓት በኋላ ይላኩልኝ።,Request,0,Request_00,train
7401,እባክዎ ውሃውን ወደ ሱቅ ይላኩ።,Request,0,Request_06,test
7402,እንኳን ደስ አለህ ጠበቃው፣ ስለ ልብሱ እንደገና ተሳስተሃል።,Sarcasm/Irony,5,Sarcasm/Irony_13,train
7403,እባክዎ ልብሱን ለደንበኛው ነገ ጠዋት ይላኩልኝ።,Request,0,Request_00,train
7404,ከጓደኛዬ ጋር ስለ መጽሐፉ ጉዳይ መስማማት አልችልም።,Refusal,2,Refusal_06,train
7405,ጎበዝ! በጣም ጥሩ ስራ ሰራህ መምህሩ፣ ፋይሉን አበላሸኸው።,Sarcasm/Irony,5,Sarcasm/Irony_02,train
7406,የደብዳቤው ችግር ነገ ጠዋት ከመምህሩ ጋር እፈታለሁ።,Promise,8,Promise_11,train
7407,የውሃው ደረሰኝ ከመንግስት የተበላሸ ነው።,Complaint,6,Complaint_08,val
7408,እባክዎ ሰነዱን ለሚኒስትሩ በዚህ አመት ይላኩልኝ።,Request,0,Request_00,train
7409,ከነጋዴው ጋር ነገ ከሰዓት በኋላ በፋብሪካ እገናኛለሁ።,Promise,8,Promise_04,val
7410,እንዴት ጥሩ ነው አስተማሪዋ፣ ዛሬ ማታ ደግሞ ዘገየ።,Sarcasm/Irony,5,Sarcasm/Irony_10,val
7411,የቤቱ ችግር ከምሽቱ ጀምሮ ከደንበኛው ጋር እፈታለሁ።,Promise,8,Promise_11,train
7412,እባክዎ ልብሱን ለስራ አስኪያጁ ከሁለት ቀናት በኋላ ይላኩልኝ።,Request,0,Request_00,train
7413,ቢያንስ አንዴ ውሃውን በፋብሪካ እንሞክር።,Suggestion,3,Suggestion_05,train
7414,እንኳን ወደ ፍርድ ቤት ደህና መጣህ መሐንዲሱ።,Phatic,7,Phatic_04,test
7415,ይህን ደብዳቤውን ከፖሊሱ መቀበል አልችልም።,Refusal,2,Refusal_03,train
7416,እባክሽ ደብዳቤውን ከዛሬ ጀምሮ አምጪልኝ።,Request,0,Request_09,test
7417,ክፍያ ብከፍልም ከፋብሪካው አገልግሎት በሳምንቱ መጨረሻ አላገኘሁም።,Complaint,6,Complaint_10,val
7418,ጎበዝ ስራ ፖሊሱ፣ ልብሱ ሙሉ በሙሉ ፈርሷል።,Sarcasm/Irony,5,Sarcasm/Irony_09,train
7419,የገንዘቡ ችግር ከአንድ ሰዓት በኋላ ከነጋዴው ጋር እፈታለሁ።,Promise,8,Promise_11,train
7420,ጋዜጠኛው ወደ ቢሮ ከሶስት ሰዓት በኋላ ሄደዋል።,Assertion,1,Assertion_07,train
7421,ሰላም ደንበኛው፣ ከጥቂት ደቂቃዎች በኋላ እንዴት ነህ?,Phatic,7,Phatic_00,train
7422,ውሃው ገና ወደ ባንክ ዛሬ ማታ አልደረሰኝም።,Complaint,6,Complaint_07,train
7423,ዛሬ በባንክ መገኘት አልችልም።,Refusal,2,Refusal_04,val
7424,ከሰዓት በኋላ የአየር ሁኔታው ጥሩ ነው።,Assertion,1,Assertion_01,val
7425,ሂሳቡ በሱቅ ይገኛል።,Assertion,1,Assertion_00,test
7426,በጣም ብልህ ነህ አለቃዬ፣ በሩን ረሳኸው።,Sarcasm/Irony,5,Sarcasm/Irony_04,train
7427,ገንዘብዎን ይጠብቁ፣ በፖሊስ ጣቢያ በዚህ ሳምንት ስርቆት ተከስቷል።,Warning,4,Warning_05,val
7428,ደህና ነገ ከሰዓት በኋላ ይሁንልህ ዶክተሩ።,Phatic,7,Phatic_02,train
7429,ደህና እደር አስተማሪዋ፣ ከጥቂት ደቂቃዎች በኋላ እንገናኝ።,Phatic,7,Phatic_06,train
7430,ኤጀንሲው ስለ ቦርሳው ማስጠንቀቂያ ዛሬ አውጥቷል።,Warning,4,Warning_08,train
7431,ድርጅቱ ስለ ደብዳቤው ማስጠንቀቂያ ነገ አውጥቷል።,Warning,4,Warning_08,train
7432,በከተማው ውስጥ ትንሽ እረፍት ከአንድ ሰዓት በኋላ ብንወስድ ጥሩ ነው።,Suggestion,3,Suggestion_09,test
7433,እባክዎ ትዕዛዙን ወደ ሱቅ ይላኩ።,Request,0,Request_06,test
7434,ከዶክተሩ ጋር ስለ መኪናው ጉዳይ መስማማት አልችልም።,Refusal,2,Refusal_06,train
7435,ሹፌሩ፣ ቤተሰብ በከተማው ውስጥ እንዴት ናቸው?,Phatic,7,Phatic_05,val
7436,እባክሽ መልእክቱን ከአንድ ሰዓት በኋላ አምጪልኝ።,Request,0,Request_09,test
7437,እባክዎ ቡናውን በሳምንቱ መጨረሻ ይላኩልኝ።,Request,0,Request_13,val
7438,እባክዎ መጽሐፉን ለፖሊሱ ከሶስት ሰዓት በኋላ ይላኩልኝ።,Request,0,Request_00,train
7439,የካርታው ችግር በስብሰባው ወቅት ከመምህሩ ጋር እፈታለሁ።,Promise,8,Promise_11,train
7440,እንኳን ደስ አለህ ጠበቃው ከዛሬ ጀምሮ።,Phatic,7,Phatic_07,train
7441,መኪናው ገና ወደ ፍርድ ቤት ከሁለት ቀናት በኋላ አልደረሰኝም።,Complaint,6,Complaint_07,train
7442,ስራው ከዛሬ ጀምሮ ከመሐንዲሱ ጋር አልተጠናቀቀም።,Complaint,6,Complaint_03,test
7443,ደህና እደር ጋዜጠኛው፣ ከሰዓት በኋላ እንገናኝ።,Phatic,7,Phatic_06,train
7444,መንግስት ስለ መኪናው ማስጠንቀቂያ ከሶስት ሰዓት በኋላ አውጥቷል።,Warning,4,Warning_08,train
7445,ፋብሪካው ስለ ቦርሳው ማስጠንቀቂያ ዛሬ አውጥቷል።,Warning,4,Warning_08,train
7446,እባክዎ ቦርሳውን ለዶክተሩ ከሶስት ሰዓት በኋላ ይላኩልኝ።,Request,0,Request_00,train
7447,ይህ ሰነዱ ከስቱዲዮው ጥራት የለውም።,Complaint,6,Complaint_00,val
7448,እንኳን ደስ አለህ መሐንዲሱ በስብሰባው ወቅት።,Phatic,7,Phatic_07,train
7449,ባንኩ ስለ መልእክቱ ማስጠንቀቂያ ከሰዓት በኋላ አውጥቷል።,Warning,4,Warning_08,train
7450,እቅዱን ከአንድ ሰዓት በኋላ ከመንግስት ጋር እናሻሽል።,Suggestion,3,Suggestion_12,train
7451,ጎበዝ ስራ መሐንዲሱ፣ መኪናው ሙሉ በሙሉ ፈርሷል።,Sarcasm/Irony,5,Sarcasm/Irony_09,train
7452,እንዴት ጥሩ ነው ስራ አስኪያጁ፣ በሚቀጥለው ሳምንት ደግሞ ዘገየ።,Sarcasm/Irony,5,Sarcasm/Irony_10,val
7453,እሰይ፣ ሌላ ችግር በሆስፒታል በዚህ ወር፣ ልክ የሚያስፈልገን ይሄው ነበር።,Sarcasm/Irony,5,Sarcasm/Irony_07,train
7454,ኮምፒዩተሩ ገና ወደ ከተማው ውስጥ ከሁለት ቀናት በኋላ አልደረሰኝም።,Complaint,6,Complaint_07,train
7455,መሳሪያው ገና ወደ ፖሊስ ጣቢያ ከአንድ ሰዓት በኋላ አልደረሰኝም።,Complaint,6,Complaint_07,train
7456,እባክዎ ከሰዓት በኋላ ወደ ከተማው ውስጥ ይድረሱልኝ።,Request,0,Request_07,val
7457,እባክዎ ፋይሉን ለዶክተሩ ነገ ይላኩልኝ።,Request,0,Request_00,train
7458,ፕሮጀክቱን በዚህ ሳምንት ከጠበቃው ጋር ብንጀምር ይሻላል።,Suggestion,3,Suggestion_08,val
7459,ከስራ አስኪያጁ ጋር ነገ ከሰዓት በኋላ በመጋዘን እገናኛለሁ።,Promise,8,Promise_04,val
7460,እባክዎ ይቅርታ፣ ደረሰኙን በሚቀጥለው ሳምንት ማቅረብ አልችልም።,Refusal,2,Refusal_09,train
7461,ጤና ይስጥልኝ ባልደረባዬ፣ ከምሽቱ ጀምሮ ደህና ነህ?,Phatic,7,Phatic_12,train
7462,መምህሩ ሪፖርቱን ከሰዓት በኋላ አቅርበዋል።,Assertion,1,Assertion_13,test
7463,ማሽኑን በጥንቃቄ ከባልደረባዬ ጋር ብንመረምር ይሻላል።,Suggestion,3,Suggestion_11,val
7464,እባክዎ ዕቃውን ለጓደኛዬ ነገ ከሰዓት በኋላ ይላኩልኝ።,Request,0,Request_00,train
7465,የመልእክቱ ችግር ከሁለት ቀናት በኋላ ከጓደኛዬ ጋር እፈታለሁ።,Promise,8,Promise_11,train
7466,ሪፖርቱ ገና ወደ ፋብሪካ በሳምንቱ መጨረሻ አልደረሰኝም።,Complaint,6,Complaint_07,train
7467,እባክዎ ካርታውን ለደንበኛው ከጥቂት ደቂቃዎች በኋላ ይላኩልኝ።,Request,0,Request_00,train
7468,እባክዎ ይቅርታ፣ ደብዳቤውን በሚቀጥለው ወር ማቅረብ አልችልም።,Refusal,2,Refusal_09,train
7469,ስለ ትዕዛዙ ጉዳይ ከፖሊሱ ጋር እንወያይ።,Suggestion,3,Suggestion_10,train
7470,እባክዎ ሪፖርቱን ወደ ፋብሪካ ይላኩ።,Request,0,Request_06,test
7471,በስብሰባው ወቅት በሱቅ ትራፊኩ ከባድ ነው ተጠንቀቁ።,Warning,4,Warning_13,train
7472,ይህን ገንዘቡን ያለ ባልደረባዬ ትዕዛዝ አይውሰዱ።,Warning,4,Warning_12,val
7473,የደብዳቤው ችግር በዚህ ወር ከመምህሩ ጋር እፈታለሁ።,Promise,8,Promise_11,train
7474,ይህን ፕሮጀክቱን ከነጋዴው ጋር በጥንቃቄ ያዙ።,Warning,4,Warning_04,val
7475,ይቅርታ፣ ደብዳቤውን ከዛሬ ጀምሮ ማድረግ አልችልም።,Refusal,2,Refusal_00,train
7476,በጣም ብልህ ነህ ስራ አስኪያጁ፣ መስኮቱን ረሳኸው።,Sarcasm/Irony,5,Sarcasm/Irony_04,train
7477,ከአስተማሪዋ ጋር በሚቀጥለው አመት በከተማው ውስጥ እገናኛለሁ።,Promise,8,Promise_04,val
7478,የመሳሪያው ችግር በዚህ አመት ከባልደረባዬ ጋር እፈታለሁ።,Promise,8,Promise_11,train
7479,መምህሩ ወደ ቤት በሳምንቱ መጨረሻ ሄደዋል።,Assertion,1,Assertion_07,train
7480,አዎ በርግጥ፣ የማህበሩ እቅድ በከምሽቱ ጀምሮ በጭራሽ አይከሽፍም።,Sarcasm/Irony,5,Sarcasm/Irony_11,train
7481,ጤና ይስጥልኝ ነጋዴው፣ ከምሽቱ ጀምሮ ደህና ነህ?,Phatic,7,Phatic_12,train
7482,አመሰግናለሁ ደንበኛው፣ ደህና ዋል በፋብሪካ።,Phatic,7,Phatic_08,train
7483,ኮምፒዩተሩ ገና ወደ ፖሊስ ጣቢያ ከሁለት ቀናት በኋላ አልደረሰኝም።,Complaint,6,Complaint_07,train
7484,ቡናው ገና ወደ ቤት በሚቀጥለው አመት አልደረሰኝም።,Complaint,6,Complaint_07,train
7485,ውሃው ገና ወደ ፋብሪካ በዚህ አመት አልደረሰኝም።,Complaint,6,Complaint_07,train
7486,የመንግስት ሰራተኞች በመንገድ ላይ ደንበኞችን በአግባቡ አያስተናግዱም።,Complaint,6,Complaint_04,val
7487,ዶክተሩ፣ እንደምን አደርክ በሚቀጥለው ሳምንት?,Phatic,7,Phatic_01,train
7488,መምህሩ ወደ መጋዘን በሳምንቱ መጨረሻ ሄደዋል።,Assertion,1,Assertion_07,train
7489,ማህበሩ ስለ ሰነዱ ማስጠንቀቂያ ከሰዓት በኋላ አውጥቷል።,Warning,4,Warning_08,train
7490,በጣም ብልህ ነህ ባልደረባዬ፣ ሰነዱን ረሳኸው።,Sarcasm/Irony,5,Sarcasm/Irony_04,train
7491,ቤቱ ገና ወደ ሱቅ ከሶስት ሰዓት በኋላ አልደረሰኝም።,Complaint,6,Complaint_07,train
7492,በጣም ትክክለኛ ነው አስተማሪዋ፣ በፋብሪካ ሁልጊዜ እንደዚህ ይሆናል።,Sarcasm/Irony,5,Sarcasm/Irony_08,val
7493,በሚቀጥለው አመት በስብሰባ ክፍል ከባድ ዝናብ ሊዘንብ ይችላል ተጠንቀቁ።,Warning,4,Warning_03,test
7494,ደህና ከሁለት ቀናት በኋላ ይሁንልህ ስራ አስኪያጁ።,Phatic,7,Phatic_02,train
7495,ፋብሪካው ስለ ሪፖርቱ ማስጠንቀቂያ በዚህ ወር አውጥቷል።,Warning,4,Warning_08,train
7496,እንኳን ደስ አለህ ጓደኛዬ፣ ስለ ዕቃው እንደገና ተሳስተሃል።,Sarcasm/Irony,5,Sarcasm/Irony_13,train
7497,ፖሊሱ፣ ስራ በመጋዘን እንዴት ነው?,Phatic,7,Phatic_09,val
7498,አስተማሪዋ ወደ ቢሮ በዚህ አመት ሄደዋል።,Assertion,1,Assertion_07,train
7499,ቁልፉ ገና ወደ ሱቅ ከሁለት ቀናት በኋላ አልደረሰኝም።,Complaint,6,Complaint_07,train
7500,የገንዘቡ ዋጋውን ከሶስት ሰዓት በኋላ ብንቀንስ ደንበኞች ይጨምራሉ።,Suggestion,3,Suggestion_07,train
7501,እንኳን ደስ አለህ አለቃዬ፣ ስለ ፋይሉ እንደገና ተሳስተሃል።,Sarcasm/Irony,5,Sarcasm/Irony_13,train
7502,እንደምን አለህ በከተማው ውስጥ፣ አስተማሪዋ?,Phatic,7,Phatic_11,val
7503,ምርቱ ገና ወደ ፍርድ ቤት በሚቀጥለው አመት አልደረሰኝም።,Complaint,6,Complaint_07,train
7504,ከጓደኛዬ ጋር ስለ መልእክቱ ጉዳይ መስማማት አልችልም።,Refusal,2,Refusal_06,train
7505,ኩባንያው ከሰዓት በኋላ ትርፍ አግኝቷል።,Assertion,1,Assertion_04,test
7506,ቃል እገባለሁ፣ መኪናውን ዛሬ ማታ አላዘገይም።,Promise,8,Promise_03,test
7507,የማሽኑ ችግር ከሰዓት በኋላ ከሚኒስትሩ ጋር እፈታለሁ።,Promise,8,Promise_11,train
7508,ከሹፌሩ ጋር ነገ ጠዋት በቢሮ እገናኛለሁ።,Promise,8,Promise_04,val
7509,ነገ ወደ ስብሰባ ክፍል እመጣለሁ።,Promise,8,Promise_00,train
7510,እባክዎ መሳሪያውን ለዶክተሩ በስብሰባው ወቅት ይላኩልኝ።,Request,0,Request_00,train
7511,እንደምን አለህ በፖሊስ ጣቢያ፣ መሐንዲሱ?,Phatic,7,Phatic_11,val
7512,እንኳን አደረሳችሁ ባልደረባዬ፣ በሱቅ።,Phatic,7,Phatic_14,test
7513,ልብሱ በከተማው ውስጥ ይገኛል።,Assertion,1,Assertion_00,test
7514,ቅሬታዬን ለፖሊሱ ከአንድ ሰዓት በኋላ ብናገርም ማንም አልሰማኝም።,Complaint,6,Complaint_14,val
7515,የቡናው ችግር ከሶስት ሰዓት በኋላ ከፖሊሱ ጋር እፈታለሁ።,Promise,8,Promise_11,train
7516,መንግስት ስለ መልእክቱ ማስጠንቀቂያ በዚህ አመት አውጥቷል።,Warning,4,Warning_08,train
7517,አዎ በእርግጥ፣ ጋዜጠኛው በዚህ አመት ትመጣለህ ብዬ አላምንም።,Sarcasm/Irony,5,Sarcasm/Irony_01,test
7518,ጎበዝ ስራ ጠበቃው፣ ደብዳቤው ሙሉ በሙሉ ፈርሷል።,Sarcasm/Irony,5,Sarcasm/Irony_09,train
7519,ጓደኛዬ ወደ ሱቅ በዚህ ሳምንት ሄደዋል።,Assertion,1,Assertion_07,train
7520,እርግጠኛ ነኝ ስራ አስኪያጁ ነገ ይደርሳሉ፣ እንደ ሁልጊዜው።,Sarcasm/Irony,5,Sarcasm/Irony_05,test
7521,ደንበኛው ወደ ቢሮ ነገ ከሰዓት በኋላ ሄደዋል።,Assertion,1,Assertion_07,train
7522,ኩባንያው ስለ ፋይሉ ማስጠንቀቂያ ከጥቂት ደቂቃዎች በኋላ አውጥቷል።,Warning,4,Warning_08,train
7523,እባክህ ለውሃው ይህን ዘዴ ከአንድ ሰዓት በኋላ ተጠቀም።,Suggestion,3,Suggestion_04,train
7524,የውሃው ዋጋ በሚቀጥለው ሳምንት ጨምሯል።,Assertion,1,Assertion_12,val
7525,የገንዘቡ ችግር ከሶስት ሰዓት በኋላ ከሹፌሩ ጋር እፈታለሁ።,Promise,8,Promise_11,train
7526,ደህና ሁን ሚኒስትሩ፣ እስከ በሳምንቱ መጨረሻ እንገናኝ።,Phatic,7,Phatic_13,train
7527,እባክዎ ዕቃውን በዚህ ወር ይላኩልኝ።,Request,0,Request_13,val
7528,ስለ ምርቱ ከመሐንዲሱ ጋር ማሰብ ይኖርብናል።,Suggestion,3,Suggestion_03,train
7529,ወደ ሱቅ በዚህ አመት መሄድ አልችልም።,Refusal,2,Refusal_13,test
7530,ከደንበኛው ጋር ስለ መስኮቱ ጉዳይ መስማማት አልችልም።,Refusal,2,Refusal_06,train
7531,በመጋዘን ትንሽ እረፍት ነገ ከሰዓት በኋላ ብንወስድ ጥሩ ነው።,Suggestion,3,Suggestion_09,test
7532,ድርጅቱ ስለ ስልኩ ማስጠንቀቂያ ዛሬ ማታ አውጥቷል።,Warning,4,Warning_08,train
7533,የሰነዱ ችግር ከሁለት ቀናት በኋላ ከስራ አስኪያጁ ጋር እፈታለሁ።,Promise,8,Promise_11,train
7534,በሚኒስቴሩ አዲስ ስልት ከጥቂት ደቂቃዎች በኋላ እንተግብር።,Suggestion,3,Suggestion_14,test
7535,እንኳን ደስ አለህ መሐንዲሱ ነገ ጠዋት።,Phatic,7,Phatic_07,train
7536,እቅዱን ነገ ከሰዓት በኋላ ከኤጀንሲው ጋር እናሻሽል።,Suggestion,3,Suggestion_12,train
7537,እባክዎ መጽሐፉን ለስራ አስኪያጁ በዚህ ወር ይላኩልኝ።,Request,0,Request_00,train
7538,በጣም ጎበዝ ነው ኤጀንሲው፣ በሆስፒታል ደንበኞችን ችላ ይላል።,Sarcasm/Irony,5,Sarcasm/Irony_06,test
7539,መሐንዲሱ ወደ ቤት ዛሬ ማታ ሄደዋል።,Assertion,1,Assertion_07,train
7540,የቁልፉ ዋጋ በሆስፒታል በጣም ውድ ነው።,Complaint,6,Complaint_05,val
7541,የሪፖርቱ ችግር ከሁለት ቀናት በኋላ ከጓደኛዬ ጋር እፈታለሁ።,Promise,8,Promise_11,train
7542,እባክዎ ከሁለት ቀናት በኋላ ይደውሉልኝ።,Request,0,Request_02,test
7543,የሹፌሩ ጥያቄ ውድቅ አደርጋለሁ።,Refusal,2,Refusal_02,val
7544,መምህሩ ሪፖርቱን ዛሬ ማታ አቅርበዋል።,Assertion,1,Assertion_13,test
7545,ጎበዝ ስራ ባልደረባዬ፣ ልብሱ ሙሉ በሙሉ ፈርሷል።,Sarcasm/Irony,5,Sarcasm/Irony_09,train
7546,መንግስት ስለ መልእክቱ ማስጠንቀቂያ ነገ ከሰዓት በኋላ አውጥቷል።,Warning,4,Warning_08,train
7547,የሪፖርቱ ዋጋውን በዚህ ሳምንት ብንቀንስ ደንበኞች ይጨምራሉ።,Suggestion,3,Suggestion_07,train
7548,ከሚኒስትሩ ጋር በዚህ አመት በከተማው ውስጥ እገናኛለሁ።,Promise,8,Promise_04,val
7549,ተጠንቀቅ፣ ከዛሬ ጀምሮ አውሮፕላን ማረፊያ ውስጥ አደጋ አለ።,Warning,4,Warning_00,val
7550,ይቅርታ፣ ደረሰኙን ከሰዓት በኋላ ማድረግ አልችልም።,Refusal,2,Refusal_00,train
7551,ጤና ይስጥልኝ መምህሩ፣ ዛሬ ማታ ደህና ነህ?,Phatic,7,Phatic_12,train
7552,ስለ ገንዘቡ ጉዳይ ከሹፌሩ ጋር እንወያይ።,Suggestion,3,Suggestion_10,train
7553,በጣም ደግ ነህ ጓደኛዬ፣ በከተማው ውስጥ ምንም እርዳታ አልሰጠኸኝም።,Sarcasm/Irony,5,Sarcasm/Irony_12,train
7554,ማሽኑ ገና ወደ ፖሊስ ጣቢያ በሳምንቱ መጨረሻ አልደረሰኝም።,Complaint,6,Complaint_07,train
7555,ባንኩ ቃል የገባውን በሚቀጥለው አመት ያከብራል።,Promise,8,Promise_14,test
7556,እባክዎ መጽሐፉን ለስራ አስኪያጁ በሳምንቱ መጨረሻ ይላኩልኝ።,Request,0,Request_00,train
7557,እባክዎ ይቅርታ፣ ልብሱን ከዛሬ ጀምሮ ማቅረብ አልችልም።,Refusal,2,Refusal_09,train
7558,ወደ አውሮፕላን ማረፊያ ከምሽቱ ጀምሮ መሄድ አልችልም።,Refusal,2,Refusal_13,test
7559,ገንዘቡ ገና ወደ ከተማው ውስጥ በዚህ ወር አልደረሰኝም።,Complaint,6,Complaint_07,train
7560,አመሰግናለሁ ነጋዴው፣ ደህና ዋል በፖሊስ ጣቢያ።,Phatic,7,Phatic_08,train
7561,በጣም ደግ ነህ አስተማሪዋ፣ በሱቅ ምንም እርዳታ አልሰጠኸኝም።,Sarcasm/Irony,5,Sarcasm/Irony_12,train
7562,ይህን ካርታውን ከጠበቃው መቀበል አልችልም።,Refusal,2,Refusal_03,train
7563,ስለ መስኮቱ ከሚኒስትሩ ጋር ማሰብ ይኖርብናል።,Suggestion,3,Suggestion_03,train
7564,ስቱዲዮው ስለ ልብሱ ማስጠንቀቂያ ነገ አውጥቷል።,Warning,4,Warning_08,train
7565,መጽሐፉ ከጠበቃው አጠገብ አደገኛ ሊሆን ይችላል።,Warning,4,Warning_01,test
7566,ከፖሊሱ ጋር ከሰዓት በኋላ በፋብሪካ እገናኛለሁ።,Promise,8,Promise_04,val
7567,ከጋዜጠኛው ጋር በዚህ ሳምንት በሆስፒታል እገናኛለሁ።,Promise,8,Promise_04,val
7568,ሰላም ዶክተሩ፣ ነገ ጠዋት እንዴት ነህ?,Phatic,7,Phatic_00,train
7569,ደህና ሁን ባልደረባዬ፣ እስከ ከጥቂት ደቂቃዎች በኋላ እንገናኝ።,Phatic,7,Phatic_13,train
7570,ይህ ኮምፒዩተሩ ከማህበሩ ጥራት የለውም።,Complaint,6,Complaint_00,val
7571,የስቱዲዮው ስልክ ነገ ከሰዓት በኋላ አይነሳም።,Complaint,6,Complaint_11,test
7572,የመንግስት አገልግሎት በቢሮ በጣም ደካማ ነው።,Complaint,6,Complaint_01,test
7573,ጓደኛዬ፣ ጤና ይስጥልኝ በቢሮ።,Phatic,7,Phatic_03,train
7574,የቁልፉ ዋጋ ከሰዓት በኋላ ጨምሯል።,Assertion,1,Assertion_12,val
7575,ሚኒስቴሩ ስለ መልእክቱ ማስጠንቀቂያ ከሶስት ሰዓት በኋላ አውጥቷል።,Warning,4,Warning_08,train
7576,በፖሊስ ጣቢያ ትንሽ እረፍት ከሶስት ሰዓት በኋላ ብንወስድ ጥሩ ነው።,Suggestion,3,Suggestion_09,test
7577,ነገ ከሰዓት በኋላ በከተማው ውስጥ መገኘት አልችልም።,Refusal,2,Refusal_04,val
7578,ከመምህሩ ጋር ስለ ቦርሳው ጉዳይ መስማማት አልችልም።,Refusal,2,Refusal_06,train
7579,አዎ በእርግጥ፣ ነጋዴው ነገ ከሰዓት በኋላ ትመጣለህ ብዬ አላምንም።,Sarcasm/Irony,5,Sarcasm/Irony_01,test
7580,እንዴት ጎበዝ ነህ ዶክተሩ፣ ኮምፒዩተሩን ሰብረኸዋል!,Sarcasm/Irony,5,Sarcasm/Irony_00,train
7581,እባክዎ ፋይሉን ወደ ሱቅ ይላኩ።,Request,0,Request_06,test
7582,ውሉ ገና ወደ ገበያ በዚህ አመት አልደረሰኝም።,Complaint,6,Complaint_07,train
7583,በገበያ ትንሽ እረፍት ዛሬ ብንወስድ ጥሩ ነው።,Suggestion,3,Suggestion_09,test
7584,ስራ አስኪያጁ፣ ጤና ይስጥልኝ በባንክ።,Phatic,7,Phatic_03,train
7585,እባክዎ ይቅርታ፣ ምርቱን ነገ ማቅረብ አልችልም።,Refusal,2,Refusal_09,train
7586,ሰላም ጠበቃው፣ በሚቀጥለው ሳምንት እንዴት ነህ?,Phatic,7,Phatic_00,train
7587,እባክዎ ልብሱን ለአስተማሪዋ ከዛሬ ጀምሮ ይላኩልኝ።,Request,0,Request_00,train
7588,በጣም ብልህ ነህ ሚኒስትሩ፣ ደብዳቤውን ረሳኸው።,Sarcasm/Irony,5,Sarcasm/Irony_04,train
7589,ትዕዛዙን በጥንቃቄ ከጠበቃው ጋር ብንመረምር ይሻላል።,Suggestion,3,Suggestion_11,val
7590,እሰይ፣ ሌላ ችግር በመንገድ ላይ ነገ ጠዋት፣ ልክ የሚያስፈልገን ይሄው ነበር።,Sarcasm/Irony,5,Sarcasm/Irony_07,train
7591,ጋዜጠኛው ወደ ሱቅ ከምሽቱ ጀምሮ ሄደዋል።,Assertion,1,Assertion_07,train
7592,እንኳን ወደ ቤት ደህና መጣህ ሚኒስትሩ።,Phatic,7,Phatic_04,test
7593,ነጋዴው ወደ ቤት ነገ ጠዋት ሄደዋል።,Assertion,1,Assertion_07,train
7594,ማህበሩ ከሁለት ቀናት በኋላ አዲስ ምርት አስተዋውቋል።,Assertion,1,Assertion_02,val
7595,ጓደኛዬ ለቅሬታዬ ምላሽ ነገ ከሰዓት በኋላ አልሰጡም።,Complaint,6,Complaint_06,val
7596,እባክዎ ስጦታውን ለሹፌሩ ነገ ጠዋት ይላኩልኝ።,Request,0,Request_00,train
7597,ይህን ውሉን ከፖሊሱ ጋር በጥንቃቄ ያዙ።,Warning,4,Warning_04,val
7598,ሚኒስቴሩ ስለ ውሉ ማስጠንቀቂያ በሚቀጥለው ሳምንት አውጥቷል።,Warning,4,Warning_08,train
7599,ባልደረባዬ ወደ ፍርድ ቤት ከዛሬ ጀምሮ ሄደዋል።,Assertion,1,Assertion_07,train
7600,እባክዎ መሳሪያውን ወደ ሆስፒታል ይላኩ።,Request,0,Request_06,test
7601,ሚኒስትሩ ወደ ሱቅ በዚህ ሳምንት ሄደዋል።,Assertion,1,Assertion_07,train
7602,ይቅርታ፣ ውሃውን ከዛሬ ጀምሮ ማድረግ አልችልም።,Refusal,2,Refusal_00,train
7603,ያልተፈቀደ ግቢ ወደ ስብሰባ ክፍል ነገ ጠዋት አይግቡ።,Warning,4,Warning_09,test
7604,እንዴት ጎበዝ ነህ ጓደኛዬ፣ ገንዘቡን ሰብረኸዋል!,Sarcasm/Irony,5,Sarcasm/Irony_00,train
7605,እንደምን አለህ በገበያ፣ ሚኒስትሩ?,Phatic,7,Phatic_11,val
7606,ቤቱ ገና ወደ መጋዘን በሳምንቱ መጨረሻ አልደረሰኝም።,Complaint,6,Complaint_07,train
7607,ሪፖርቱ ገና ወደ አውሮፕላን ማረፊያ በስብሰባው ወቅት አልደረሰኝም።,Complaint,6,Complaint_07,train
7608,ስልኩ በፋብሪካ ይገኛል።,Assertion,1,Assertion_00,test
7609,የቡናው ችግር ከአንድ ሰዓት በኋላ ከስራ አስኪያጁ ጋር እፈታለሁ።,Promise,8,Promise_11,train
7610,ከስራ አስኪያጁ ጋር ከሶስት ሰዓት በኋላ በሱቅ እገናኛለሁ።,Promise,8,Promise_04,val
7611,ኩባንያው ስለ ውሉ ማስጠንቀቂያ በዚህ አመት አውጥቷል።,Warning,4,Warning_08,train
7612,ደብዳቤው ገና ወደ ስብሰባ ክፍል ከሁለት ቀናት በኋላ አልደረሰኝም።,Complaint,6,Complaint_07,train
7613,የመልእክቱ ችግር ከጥቂት ደቂቃዎች በኋላ ከአለቃዬ ጋር እፈታለሁ።,Promise,8,Promise_11,train
7614,እባክዎ መሳሪያውን ለጓደኛዬ በሚቀጥለው ሳምንት ይላኩልኝ።,Request,0,Request_00,train
7615,የፕሮጀክቱ ዋጋ ነገ ጠዋት ጨምሯል።,Assertion,1,Assertion_12,val
7616,ይቅርታ፣ መጽሐፉን በሚቀጥለው ወር ማድረግ አልችልም።,Refusal,2,Refusal_00,train
7617,ለነጋዴው የገባሁትን ቃል በዚህ አመት አከብራለሁ።,Promise,8,Promise_08,test
7618,እንኳን ደስ አለህ ሹፌሩ፣ ስለ ካርታው እንደገና ተሳስተሃል።,Sarcasm/Irony,5,Sarcasm/Irony_13,train
7619,በስብሰባው ወቅት በፖሊስ ጣቢያ ከባድ ዝናብ ሊዘንብ ይችላል ተጠንቀቁ።,Warning,4,Warning_03,test
7620,ጎበዝ! በጣም ጥሩ ስራ ሰራህ ደንበኛው፣ መስኮቱን አበላሸኸው።,Sarcasm/Irony,5,Sarcasm/Irony_02,train
7621,ቢያንስ አንዴ ውሃውን በአውሮፕላን ማረፊያ እንሞክር።,Suggestion,3,Suggestion_05,train
7622,ስጦታው ገና ወደ ሱቅ ከጥቂት ደቂቃዎች በኋላ አልደረሰኝም።,Complaint,6,Complaint_07,train
7623,በጣም ደግ ነህ ጠበቃው፣ በሱቅ ምንም እርዳታ አልሰጠኸኝም።,Sarcasm/Irony,5,Sarcasm/Irony_12,train
7624,መሐንዲሱ ወደ ገበያ በዚህ አመት ሄደዋል።,Assertion,1,Assertion_07,train
7625,አመሰግናለሁ መሐንዲሱ፣ ደህና ዋል በአውሮፕላን ማረፊያ።,Phatic,7,Phatic_08,train
7626,ይህ ትዕዛዙ ከኩባንያው ከተገለጸው ጋር አይመሳሰልም።,Complaint,6,Complaint_12,test
7627,የገንዘቡ ዋጋውን ነገ ከሰዓት በኋላ ብንቀንስ ደንበኞች ይጨምራሉ።,Suggestion,3,Suggestion_07,train
7628,ይቅርታ፣ ቦርሳውን በሳምንቱ መጨረሻ ማድረግ አልችልም።,Refusal,2,Refusal_00,train
7629,እባክዎ ገንዘቡን ለፖሊሱ ነገ ይላኩልኝ።,Request,0,Request_00,train
7630,ጓደኛዬ ወደ ባንክ በሚቀጥለው አመት ሄደዋል።,Assertion,1,Assertion_07,train
7631,ከመምህሩ ጋር ዛሬ በመጋዘን እገናኛለሁ።,Promise,8,Promise_04,val
7632,ጋዜጠኛው ወደ መጋዘን በዚህ ሳምንት ሄደዋል።,Assertion,1,Assertion_07,train
7633,የመልእክቱ ገመድ በመጋዘን አደገኛ ነው ተጠንቀቁ።,Warning,4,Warning_07,train
7634,እባክዎ ቤቱን ለሚኒስትሩ ነገ ከሰዓት በኋላ ይላኩልኝ።,Request,0,Request_00,train
7635,መንግስት ስለ መሳሪያው ማስጠንቀቂያ ዛሬ ማታ አውጥቷል።,Warning,4,Warning_08,train
7636,የመልእክቱ ገመድ በቤት አደገኛ ነው ተጠንቀቁ።,Warning,4,Warning_07,train
7637,አዎ በእርግጥ፣ ሚኒስትሩ ነገ ከሰዓት በኋላ ትመጣለህ ብዬ አላምንም።,Sarcasm/Irony,5,Sarcasm/Irony_01,test
7638,እባክዎ ቤቱን ለፖሊሱ በሚቀጥለው አመት ይላኩልኝ።,Request,0,Request_00,train
7639,ሚኒስትሩ ወደ ከተማው ውስጥ በዚህ ሳምንት ሄደዋል።,Assertion,1,Assertion_07,train
7640,መስኮቱ ከጠበቃው አጠገብ አደገኛ ሊሆን ይችላል።,Warning,4,Warning_01,test
7641,የኤጀንሲው ስልክ በስብሰባው ወቅት አይነሳም።,Complaint,6,Complaint_11,test
7642,የውሉ ዋጋ ነገ ጠዋት ጨምሯል።,Assertion,1,Assertion_12,val
7643,ጥያቄው ገና ወደ ትምህርት ቤት ከሁለት ቀናት በኋላ አልደረሰኝም።,Complaint,6,Complaint_07,train
7644,ለዶክተሩ የገባሁትን ቃል ነገ ከሰዓት በኋላ አከብራለሁ።,Promise,8,Promise_08,test
7645,ሪፖርቱ ገና ወደ ገበያ ዛሬ አልደረሰኝም።,Complaint,6,Complaint_07,train
7646,እባክዎ ገንዘቡን ለሹፌሩ ከሶስት ሰዓት በኋላ ይላኩልኝ።,Request,0,Request_00,train
7647,ደህና ከአንድ ሰዓት በኋላ ይሁንልህ ስራ አስኪያጁ።,Phatic,7,Phatic_02,train
7648,መስኮቱ ገና ወደ ሆስፒታል ነገ ከሰዓት በኋላ አልደረሰኝም።,Complaint,6,Complaint_07,train
7649,ጠበቃው ወደ ቢሮ በዚህ አመት ሄደዋል።,Assertion,1,Assertion_07,train
7650,እባክዎ ይቅርታ፣ መስኮቱን በዚህ አመት ማቅረብ አልችልም።,Refusal,2,Refusal_09,train
7651,ከዛሬ ጀምሮ በቤት ትራፊኩ ከባድ ነው ተጠንቀቁ።,Warning,4,Warning_13,train
7652,እባክዎ ሰነዱን ለሹፌሩ በሚቀጥለው አመት ይላኩልኝ።,Request,0,Request_00,train
7653,በጣም ትክክለኛ ነው ዶክተሩ፣ በቢሮ ሁልጊዜ እንደዚህ ይሆናል።,Sarcasm/Irony,5,Sarcasm/Irony_08,val
7654,በሚቀጥለው አመት በሆስፒታል ትራፊኩ ከባድ ነው ተጠንቀቁ።,Warning,4,Warning_13,train
7655,ይህን ቤቱን ከመምህሩ መቀበል አልችልም።,Refusal,2,Refusal_03,train
7656,አዎ በርግጥ፣ የኤጀንሲው እቅድ በዛሬ በጭራሽ አይከሽፍም።,Sarcasm/Irony,5,Sarcasm/Irony_11,train
7657,የስጦታው ችግር ነገ ጠዋት ከደንበኛው ጋር እፈታለሁ።,Promise,8,Promise_11,train
7658,ይቅርታ፣ ሰነዱን ከዛሬ ጀምሮ ማድረግ አልችልም።,Refusal,2,Refusal_00,train
7659,እባክዎ ስልኩን ለመሐንዲሱ በዚህ ወር ይላኩልኝ።,Request,0,Request_00,train
7660,ሚኒስቴሩ ስለ መኪናው ማስጠንቀቂያ ነገ ከሰዓት በኋላ አውጥቷል።,Warning,4,Warning_08,train
7661,ደህና እደር ሹፌሩ፣ በሚቀጥለው አመት እንገናኝ።,Phatic,7,Phatic_06,train
7662,እባክዎ ፕሮጀክቱን ለዶክተሩ ነገ ይላኩልኝ።,Request,0,Request_00,train
7663,የሪፖርቱ ችግር ከአንድ ሰዓት በኋላ ከጠበቃው ጋር እፈታለሁ።,Promise,8,Promise_11,train
7664,በዚህ ወር በቢሮ ስብሰባ እናድርግ።,Suggestion,3,Suggestion_02,train
7665,በጣም ትክክለኛ ነው ጋዜጠኛው፣ በፖሊስ ጣቢያ ሁልጊዜ እንደዚህ ይሆናል።,Sarcasm/Irony,5,Sarcasm/Irony_08,val
7666,ይህን መጽሐፉን ከነጋዴው ጋር በጥንቃቄ ያዙ።,Warning,4,Warning_04,val
7667,እባክዎ ሰነዱን ለደንበኛው በሚቀጥለው ወር ይላኩልኝ።,Request,0,Request_00,train
7668,ወደ ሆስፒታል ከአንድ ሰዓት በኋላ እንሂድ።,Suggestion,3,Suggestion_01,test
7669,ደህና ሁን አስተማሪዋ፣ እስከ ከአንድ ሰዓት በኋላ እንገናኝ።,Phatic,7,Phatic_13,train
7670,ከሶስት ሰዓት በኋላ በመንገድ ላይ መገኘት አልችልም።,Refusal,2,Refusal_04,val
7671,ፋይሉ ገና ወደ አውሮፕላን ማረፊያ በሚቀጥለው አመት አልደረሰኝም።,Complaint,6,Complaint_07,train
7672,መንግስት ስለ ቤቱ ማስጠንቀቂያ ነገ ከሰዓት በኋላ አውጥቷል።,Warning,4,Warning_08,train
7673,ሂሳቡ ገና ወደ መጋዘን ዛሬ አልደረሰኝም።,Complaint,6,Complaint_07,train
7674,ከነጋዴው ጋር ከሁለት ቀናት በኋላ በገበያ እገናኛለሁ።,Promise,8,Promise_04,val
7675,መንግስት በዚህ ሳምንት አዲስ ምርት አስተዋውቋል።,Assertion,1,Assertion_02,val
7676,ጎበዝ ስራ ጋዜጠኛው፣ ፕሮጀክቱ ሙሉ በሙሉ ፈርሷል።,Sarcasm/Irony,5,Sarcasm/Irony_09,train
7677,ስቱዲዮው ስለ ደብዳቤው ማስጠንቀቂያ ነገ አውጥቷል።,Warning,4,Warning_08,train
7678,በጣም ብልህ ነህ ጋዜጠኛው፣ መኪናውን ረሳኸው።,Sarcasm/Irony,5,Sarcasm/Irony_04,train
7679,እባክዎ ዕቃውን ለጠበቃው በሚቀጥለው ሳምንት ይላኩልኝ።,Request,0,Request_00,train
7680,እንኳን ደስ አለህ ደንበኛው፣ ስለ ሪፖርቱ እንደገና ተሳስተሃል።,Sarcasm/Irony,5,Sarcasm/Irony_13,train
7681,ስለ ውሉ ከመምህሩ ጋር ማሰብ ይኖርብናል።,Suggestion,3,Suggestion_03,train
7682,ትዕዛዙ ገና ወደ ሱቅ በሚቀጥለው ወር አልደረሰኝም።,Complaint,6,Complaint_07,train
7683,እንዴት ጥሩ ነው ጓደኛዬ፣ በስብሰባው ወቅት ደግሞ ዘገየ።,Sarcasm/Irony,5,Sarcasm/Irony_10,val
7684,ገንዘቡ ገና ወደ ሱቅ ከዛሬ ጀምሮ አልደረሰኝም።,Complaint,6,Complaint_07,train
7685,ፋይሉ ገና ወደ ፋብሪካ በዚህ ወር አልደረሰኝም።,Complaint,6,Complaint_07,train
7686,ወደ ሱቅ ከአንድ ሰዓት በኋላ መሄድ አልችልም።,Refusal,2,Refusal_13,test
7687,የጥያቄው ዋጋውን በሚቀጥለው አመት ብንቀንስ ደንበኞች ይጨምራሉ።,Suggestion,3,Suggestion_07,train
7688,የማዕከሉ አገልግሎት በትምህርት ቤት በጣም ደካማ ነው።,Complaint,6,Complaint_01,test
7689,እንኳን ደስ አለህ ደንበኛው፣ ስለ ቦርሳው እንደገና ተሳስተሃል።,Sarcasm/Irony,5,Sarcasm/Irony_13,train
7690,እሰይ፣ ሌላ ችግር በሱቅ በዚህ አመት፣ ልክ የሚያስፈልገን ይሄው ነበር።,Sarcasm/Irony,5,Sarcasm/Irony_07,train
7691,እንደምን አለህ በባንክ፣ ነጋዴው?,Phatic,7,Phatic_11,val
7692,ኩባንያው ስለ ፋይሉ ማስጠንቀቂያ ከምሽቱ ጀምሮ አውጥቷል።,Warning,4,Warning_08,train
7693,ጎበዝ ስራ ስራ አስኪያጁ፣ ልብሱ ሙሉ በሙሉ ፈርሷል።,Sarcasm/Irony,5,Sarcasm/Irony_09,train
7694,ይቅርታ፣ ቡናውን ከሰዓት በኋላ ማድረግ አልችልም።,Refusal,2,Refusal_00,train
7695,ፖሊሱ ወደ መጋዘን በዚህ ሳምንት ሄደዋል።,Assertion,1,Assertion_07,train
7696,መልእክቱ ገና ወደ መጋዘን በሚቀጥለው ወር አልደረሰኝም።,Complaint,6,Complaint_07,train
7697,ከጠበቃው ጋር ነገ ጠዋት በቤት እገናኛለሁ።,Promise,8,Promise_04,val
7698,ጓደኛዬ፣ እንደምን አደርክ ከምሽቱ ጀምሮ?,Phatic,7,Phatic_01,train
7699,የዕቃው ችግር በዚህ ሳምንት ከአለቃዬ ጋር እፈታለሁ።,Promise,8,Promise_11,train
7700,ደህና እደር ፖሊሱ፣ ከሰዓት በኋላ እንገናኝ።,Phatic,7,Phatic_06,train
7701,እባክዎ በሩን ለዶክተሩ በሚቀጥለው ወር ይላኩልኝ።,Request,0,Request_00,train
7702,እሰይ፣ ሌላ ችግር በመንገድ ላይ ዛሬ፣ ልክ የሚያስፈልገን ይሄው ነበር።,Sarcasm/Irony,5,Sarcasm/Irony_07,train
7703,ከደንበኛው ጋር ከጥቂት ደቂቃዎች በኋላ በመጋዘን እገናኛለሁ።,Promise,8,Promise_04,val
7704,ሪፖርቱ ገና ወደ ቢሮ ነገ አልደረሰኝም።,Complaint,6,Complaint_07,train
7705,በጣም ደግ ነህ ሚኒስትሩ፣ በመጋዘን ምንም እርዳታ አልሰጠኸኝም።,Sarcasm/Irony,5,Sarcasm/Irony_12,train
7706,እንኳን ደስ አለህ ነጋዴው፣ ስለ መልእክቱ እንደገና ተሳስተሃል።,Sarcasm/Irony,5,Sarcasm/Irony_13,train
7707,ፋብሪካው ስለ ምርቱ ማስጠንቀቂያ ዛሬ ማታ አውጥቷል።,Warning,4,Warning_08,train
7708,ኤጀንሲው ስለ ውሃው ማስጠንቀቂያ በሚቀጥለው ወር አውጥቷል።,Warning,4,Warning_08,train
7709,ወደ መጋዘን በስብሰባው ወቅት መሄድ አልችልም።,Refusal,2,Refusal_13,test
7710,ቢያንስ አንዴ ፕሮጀክቱን በቢሮ እንሞክር።,Suggestion,3,Suggestion_05,train
7711,ይህን ቡናውን ከጋዜጠኛው ጋር በጥንቃቄ ያዙ።,Warning,4,Warning_04,val
7712,ይህን ሃሳብ ስለ መስኮቱ አልቀበልም።,Refusal,2,Refusal_14,val
7713,እንኳን አደረሳችሁ መሐንዲሱ፣ በፖሊስ ጣቢያ።,Phatic,7,Phatic_14,test
7714,እባክዎ ቁልፉን በሚቀጥለው አመት ይላኩልኝ።,Request,0,Request_13,val
7715,ደህና እደር አለቃዬ፣ ነገ ጠዋት እንገናኝ።,Phatic,7,Phatic_06,train
7716,ከነጋዴው ጋር ከዛሬ ጀምሮ በፋብሪካ እገናኛለሁ።,Promise,8,Promise_04,val
7717,ወደ ሆስፒታል በሚቀጥለው ወር መሄድ አልችልም።,Refusal,2,Refusal_13,test
7718,እንኳን አደረሳችሁ ፖሊሱ፣ በፍርድ ቤት።,Phatic,7,Phatic_14,test
7719,እንኳን ወደ አውሮፕላን ማረፊያ ደህና መጣህ ስራ አስኪያጁ።,Phatic,7,Phatic_04,test
7720,እንዴት ደስ ይላል፣ ጠበቃው እንደገና በዚህ ወር ዘገዩ።,Sarcasm/Irony,5,Sarcasm/Irony_03,train
7721,ኩባንያው ስለ መልእክቱ ማስጠንቀቂያ ነገ አውጥቷል።,Warning,4,Warning_08,train
7722,ከዶክተሩ ጋር በዚህ ወር መነጋገር ይሻላል።,Suggestion,3,Suggestion_06,val
7723,ከፖሊሱ ጋር ከዛሬ ጀምሮ በመጋዘን እገናኛለሁ።,Promise,8,Promise_04,val
7724,ፕሮጀክቱ ገና ወደ ትምህርት ቤት በሚቀጥለው ወር አልደረሰኝም።,Complaint,6,Complaint_07,train
7725,ስብሰባው ያለ ማስታወቂያ ነገ ከሰዓት በኋላ በትምህርት ቤት ተሰርዟል።,Complaint,6,Complaint_09,test
7726,መልእክቱ ገና ወደ መጋዘን ነገ አልደረሰኝም።,Complaint,6,Complaint_07,train
7727,በሩ ገና ወደ ከተማው ውስጥ በዚህ አመት አልደረሰኝም።,Complaint,6,Complaint_07,train
7728,እባክዎ ሂሳቡን ለመምህሩ ዛሬ ማታ ይላኩልኝ።,Request,0,Request_00,train
7729,ስለ ቡናው ጉዳይ ከነጋዴው ጋር እንወያይ።,Suggestion,3,Suggestion_10,train
7730,የመጽሐፉ ችግር ከአንድ ሰዓት በኋላ ከነጋዴው ጋር እፈታለሁ።,Promise,8,Promise_11,train
7731,እባክዎ መሳሪያውን ለሹፌሩ ከሶስት ሰዓት በኋላ ይላኩልኝ።,Request,0,Request_00,train
7732,እባክዎ ደብዳቤውን ለጋዜጠኛው ዛሬ ይላኩልኝ።,Request,0,Request_00,train
7733,ጠበቃው ወደ ፖሊስ ጣቢያ ዛሬ ማታ ሄደዋል።,Assertion,1,Assertion_07,train
7734,ገንዘብዎን ይጠብቁ፣ በከተማው ውስጥ ከምሽቱ ጀምሮ ስርቆት ተከስቷል።,Warning,4,Warning_05,val
7735,በዚህ አመት በቤት ከባድ ዝናብ ሊዘንብ ይችላል ተጠንቀቁ።,Warning,4,Warning_03,test
7736,ገንዘቡን ለደንበኛው ከአንድ ሰዓት በኋላ እከፍላለሁ።,Promise,8,Promise_02,test
7737,የሂሳቡ ዋጋውን በዚህ አመት ብንቀንስ ደንበኞች ይጨምራሉ።,Suggestion,3,Suggestion_07,train
7738,እንኳን አደረሳችሁ ጋዜጠኛው፣ በሆስፒታል።,Phatic,7,Phatic_14,test
7739,እባክዎ ካርታውን ለአለቃዬ በዚህ ሳምንት ይላኩልኝ።,Request,0,Request_00,train
7740,በጣም ትክክለኛ ነው ነጋዴው፣ በከተማው ውስጥ ሁልጊዜ እንደዚህ ይሆናል።,Sarcasm/Irony,5,Sarcasm/Irony_08,val
7741,እባክዎ ፋይሉን ለፖሊሱ በሳምንቱ መጨረሻ ይላኩልኝ።,Request,0,Request_00,train
7742,በትምህርት ቤት በዚህ ሳምንት ወንጀል ሊፈጸም ይችላል ተጠንቀቁ።,Warning,4,Warning_11,train
7743,ስራ አስኪያጁ ሪፖርቱን ከሶስት ሰዓት በኋላ አቅርበዋል።,Assertion,1,Assertion_13,test
7744,እሰይ፣ ሌላ ችግር በመንገድ ላይ ነገ ከሰዓት በኋላ፣ ልክ የሚያስፈልገን ይሄው ነበር።,Sarcasm/Irony,5,Sarcasm/Irony_07,train
7745,እንዴት ጥሩ ነው ዶክተሩ፣ በሳምንቱ መጨረሻ ደግሞ ዘገየ።,Sarcasm/Irony,5,Sarcasm/Irony_10,val
7746,የጥያቄው ችግር በዚህ ወር ከዶክተሩ ጋር እፈታለሁ።,Promise,8,Promise_11,train
7747,ወደ አውሮፕላን ማረፊያ በሳምንቱ መጨረሻ መሄድ አልችልም።,Refusal,2,Refusal_13,test
7748,ባንኩ ስለ ቦርሳው ማስጠንቀቂያ በዚህ አመት አውጥቷል።,Warning,4,Warning_08,train
7749,ይቅርታ፣ ስጦታውን ከጥቂት ደቂቃዎች በኋላ ማድረግ አልችልም።,Refusal,2,Refusal_00,train
7750,እንኳን ደስ አለህ ደንበኛው፣ ስለ ልብሱ እንደገና ተሳስተሃል።,Sarcasm/Irony,5,Sarcasm/Irony_13,train
7751,እንዴት ጎበዝ ነህ መሐንዲሱ፣ ቡናውን ሰብረኸዋል!,Sarcasm/Irony,5,Sarcasm/Irony_00,train
7752,ከምሽቱ ጀምሮ በመንገድ ላይ መገኘት አልችልም።,Refusal,2,Refusal_04,val
7753,ከመምህሩ ጋር ዛሬ በመንገድ ላይ እገናኛለሁ።,Promise,8,Promise_04,val
7754,እባክዎ መኪናውን ነገ ከሰዓት በኋላ ይላኩልኝ።,Request,0,Request_13,val
7755,ጤና ይስጥልኝ ፖሊሱ፣ ከምሽቱ ጀምሮ ደህና ነህ?,Phatic,7,Phatic_12,train
7756,ከአለቃዬ ጋር በዚህ ወር በመንገድ ላይ እገናኛለሁ።,Promise,8,Promise_04,val
7757,የውሃው ችግር ከምሽቱ ጀምሮ ከሚኒስትሩ ጋር እፈታለሁ።,Promise,8,Promise_11,train
7758,ከፖሊሱ ጋር በሚቀጥለው ሳምንት በባንክ እገናኛለሁ።,Promise,8,Promise_04,val
7759,የጥያቄው ችግር በዚህ ሳምንት ከጓደኛዬ ጋር እፈታለሁ።,Promise,8,Promise_11,train
7760,ገንዘብዎን ይጠብቁ፣ በፖሊስ ጣቢያ ዛሬ ማታ ስርቆት ተከስቷል።,Warning,4,Warning_05,val
7761,ፖሊሱ፣ ጤና ይስጥልኝ በቤት።,Phatic,7,Phatic_03,train
7762,የሰነዱ ችግር ነገ ከሰዓት በኋላ ከጓደኛዬ ጋር እፈታለሁ።,Promise,8,Promise_11,train
7763,እባክዎ ለዶክተሩ ስለ ቡናው ይንገሩልኝ።,Request,0,Request_04,val
7764,ማህበሩ ስለ መስኮቱ ማስጠንቀቂያ በሚቀጥለው ሳምንት አውጥቷል።,Warning,4,Warning_08,train
7765,ደህና እደር ባልደረባዬ፣ ዛሬ ማታ እንገናኝ።,Phatic,7,Phatic_06,train
7766,ጥንቃቄ ያድርጉ፣ በዚህ ወር ፖሊስ ጣቢያ ይንሸራተታል።,Warning,4,Warning_02,train
7767,በጣም ጎበዝ ነው ማዕከሉ፣ በከተማው ውስጥ ደንበኞችን ችላ ይላል።,Sarcasm/Irony,5,Sarcasm/Irony_06,test
7768,እባክዎ ፕሮጀክቱን ለሹፌሩ በስብሰባው ወቅት ይላኩልኝ።,Request,0,Request_00,train
7769,ጥያቄው ገና ወደ መጋዘን በዚህ ሳምንት አልደረሰኝም።,Complaint,6,Complaint_07,train
7770,ባንኩ ስለ ዕቃው ማስጠንቀቂያ በዚህ ሳምንት አውጥቷል።,Warning,4,Warning_08,train
7771,መኪናው ገና ወደ ሱቅ ከሶስት ሰዓት በኋላ አልደረሰኝም።,Complaint,6,Complaint_07,train
7772,ማሽኑ ገና ወደ መንገድ ላይ በዚህ አመት አልደረሰኝም።,Complaint,6,Complaint_07,train
7773,እባክዎ ትዕዛዙን ለአስተማሪዋ በስብሰባው ወቅት ይላኩልኝ።,Request,0,Request_00,train
7774,የልብሱ ደረሰኝ ከፋብሪካው የተበላሸ ነው።,Complaint,6,Complaint_08,val
7775,እቅዱን በዚህ ሳምንት ከስቱዲዮው ጋር እናሻሽል።,Suggestion,3,Suggestion_12,train
7776,እባክሽ ኮምፒዩተሩን በዚህ ሳምንት አምጪልኝ።,Request,0,Request_09,test
7777,የማህበሩ ስልክ በሳምንቱ መጨረሻ አይነሳም።,Complaint,6,Complaint_11,test
7778,እባክዎ ደረሰኙን ይመልከቱልኝ።,Request,0,Request_10,val
7779,ይህን ቁልፉን ከጠበቃው መቀበል አልችልም።,Refusal,2,Refusal_03,train
7780,ፖሊሱ ወደ ገበያ ከሁለት ቀናት በኋላ ሄደዋል።,Assertion,1,Assertion_07,train
7781,ከነጋዴው ጋር በሚቀጥለው ወር በገበያ እገናኛለሁ።,Promise,8,Promise_04,val
7782,በመንገድ ላይ ትንሽ እረፍት ከአንድ ሰዓት በኋላ ብንወስድ ጥሩ ነው።,Suggestion,3,Suggestion_09,test
7783,ኤጀንሲው ስለ በሩ ማስጠንቀቂያ በስብሰባው ወቅት አውጥቷል።,Warning,4,Warning_08,train
7784,ባንኩ ስለ መጽሐፉ ማስጠንቀቂያ ከሁለት ቀናት በኋላ አውጥቷል።,Warning,4,Warning_08,train
7785,እንደምን አለህ በከተማው ውስጥ፣ ስራ አስኪያጁ?,Phatic,7,Phatic_11,val
7786,የቁልፉ ችግር ዛሬ ማታ ከስራ አስኪያጁ ጋር እፈታለሁ።,Promise,8,Promise_11,train
7787,ባልደረባዬ፣ እንደምን አደርክ ነገ ከሰዓት በኋላ?,Phatic,7,Phatic_01,train
7788,ከባልደረባዬ ጋር ከሰዓት በኋላ በቤት እገናኛለሁ።,Promise,8,Promise_04,val
7789,እባክዎ ደብዳቤውን ለጠበቃው በዚህ ሳምንት ይላኩልኝ።,Request,0,Request_00,train
7790,ፕሮጀክቱን በዚህ ሳምንት ብንሞክር ጥሩ ይሆናል።,Suggestion,3,Suggestion_00,train
7791,እባክዎ ውሉን ለመሐንዲሱ ከጥቂት ደቂቃዎች በኋላ ይላኩልኝ።,Request,0,Request_00,train
7792,ከጠበቃው ጋር ስለ መጽሐፉ ጉዳይ መስማማት አልችልም።,Refusal,2,Refusal_06,train
7793,ደህና እደር ጠበቃው፣ በዚህ ሳምንት እንገናኝ።,Phatic,7,Phatic_06,train
7794,እንዴት ጎበዝ ነህ ባልደረባዬ፣ ሪፖርቱን ሰብረኸዋል!,Sarcasm/Irony,5,Sarcasm/Irony_00,train
7795,እባክዎ ቡናውን ለዶክተሩ ከሶስት ሰዓት በኋላ ይላኩልኝ።,Request,0,Request_00,train
7796,እባክዎ ይቅርታ፣ በሩን ከምሽቱ ጀምሮ ማቅረብ አልችልም።,Refusal,2,Refusal_09,train
7797,እባክህ ለሰነዱ ይህን ዘዴ በሚቀጥለው ሳምንት ተጠቀም።,Suggestion,3,Suggestion_04,train
7798,እንደምን አለህ በሆስፒታል፣ መምህሩ?,Phatic,7,Phatic_11,val
7799,ሂሳቡ ገና ወደ ቢሮ በሳምንቱ መጨረሻ አልደረሰኝም።,Complaint,6,Complaint_07,train
7800,ወደ ገበያ ከምሽቱ ጀምሮ እንሂድ።,Suggestion,3,Suggestion_01,test
7801,ልብሱ ገና ወደ መጋዘን በሳምንቱ መጨረሻ አልደረሰኝም።,Complaint,6,Complaint_07,train
7802,ምርቱ ገና ወደ ገበያ በስብሰባው ወቅት አልደረሰኝም።,Complaint,6,Complaint_07,train
7803,ከዛሬ ጀምሮ በቢሮ ስብሰባ እናድርግ።,Suggestion,3,Suggestion_02,train
7804,እንዴት ደስ ይላል፣ ሚኒስትሩ እንደገና ከአንድ ሰዓት በኋላ ዘገዩ።,Sarcasm/Irony,5,Sarcasm/Irony_03,train
7805,ከባልደረባዬ ጋር ነገ ጠዋት በሆስፒታል እገናኛለሁ።,Promise,8,Promise_04,val
7806,የደብዳቤው ችግር ነገ ጠዋት ከአለቃዬ ጋር እፈታለሁ።,Promise,8,Promise_11,train
7807,እባክዎ ቦርሳውን ለጓደኛዬ ዛሬ ይላኩልኝ።,Request,0,Request_00,train
7808,እባክዎ ፕሮጀክቱን ለጠበቃው በስብሰባው ወቅት ይላኩልኝ።,Request,0,Request_00,train
7809,የካርታው ዋጋ ነገ ጨምሯል።,Assertion,1,Assertion_12,val
7810,በጣም ውጤታማ ነው ፋብሪካው፣ በነገ ምንም አልተሰራም።,Sarcasm/Irony,5,Sarcasm/Irony_14,val
7811,ፖሊስ ጣቢያ በሚቀጥለው ወር ተከፍቷል።,Assertion,1,Assertion_14,train
7812,እባክሽ ቁልፉን በዚህ ሳምንት አምጪልኝ።,Request,0,Request_09,test
7813,እባክዎ ለጠበቃው በሩን ያድርሱ።,Request,0,Request_14,test
7814,ፋይሉ ገና ወደ መንገድ ላይ ከሁለት ቀናት በኋላ አልደረሰኝም።,Complaint,6,Complaint_07,train
7815,አዎ በርግጥ፣ የስቱዲዮው እቅድ በዛሬ በጭራሽ አይከሽፍም።,Sarcasm/Irony,5,Sarcasm/Irony_11,train
7816,የዕቃው ዋጋ በስብሰባው ወቅት ጨምሯል።,Assertion,1,Assertion_12,val
7817,ይቅርታ፣ ፋይሉን በሚቀጥለው ወር ማድረግ አልችልም።,Refusal,2,Refusal_00,train
7818,መጋዘን ከዛሬ ጀምሮ ተከፍቷል።,Assertion,1,Assertion_14,train
7819,የትዕዛዙ ችግር ነገ ከሰዓት በኋላ ከጓደኛዬ ጋር እፈታለሁ።,Promise,8,Promise_11,train
7820,ስልኩ ገና ወደ ባንክ በሚቀጥለው ወር አልደረሰኝም።,Complaint,6,Complaint_07,train
7821,ቁልፉ ገና ወደ አውሮፕላን ማረፊያ ዛሬ ማታ አልደረሰኝም።,Complaint,6,Complaint_07,train
7822,እንደምን አለህ በቢሮ፣ ጋዜጠኛው?,Phatic,7,Phatic_11,val
7823,ነጋዴው ለቅሬታዬ ምላሽ በሚቀጥለው ወር አልሰጡም።,Complaint,6,Complaint_06,val
7824,በዚህ አመት በአውሮፕላን ማረፊያ ትራፊኩ ከባድ ነው ተጠንቀቁ።,Warning,4,Warning_13,train
7825,ፕሮጀክቱን ከአንድ ሰዓት በኋላ ብንሞክር ጥሩ ይሆናል።,Suggestion,3,Suggestion_00,train
7826,የቡናው ወጪውን በመንገድ ላይ ብንቀንስ የተሻለ ነው።,Suggestion,3,Suggestion_13,train
7827,ኩባንያው ከዛሬ ጀምሮ አዲስ ምርት አስተዋውቋል።,Assertion,1,Assertion_02,val
7828,ዶክተሩ ለቅሬታዬ ምላሽ በሳምንቱ መጨረሻ አልሰጡም።,Complaint,6,Complaint_06,val
7829,ይህን በሩን ከባልደረባዬ መቀበል አልችልም።,Refusal,2,Refusal_03,train
7830,ቢያንስ አንዴ ትዕዛዙን በፖሊስ ጣቢያ እንሞክር።,Suggestion,3,Suggestion_05,train
7831,እባክህ ይቅርታ አድርግልኝ፣ ወደ ስብሰባ ክፍል ነገ መምጣት አልችልም።,Refusal,2,Refusal_01,test
7832,ከመምህሩ ጋር ስለ ሰነዱ ጉዳይ መስማማት አልችልም።,Refusal,2,Refusal_06,train
7833,ጓደኛዬ፣ ቤተሰብ በመንገድ ላይ እንዴት ናቸው?,Phatic,7,Phatic_05,val
7834,ባንኩ ስለ ኮምፒዩተሩ ማስጠንቀቂያ ከሰዓት በኋላ አውጥቷል።,Warning,4,Warning_08,train
7835,የቡናው ወጪውን በአውሮፕላን ማረፊያ ብንቀንስ የተሻለ ነው።,Suggestion,3,Suggestion_13,train
7836,እባክዎ ፋይሉን ለዶክተሩ በሳምንቱ መጨረሻ ይላኩልኝ።,Request,0,Request_00,train
7837,ጥንቃቄ ያድርጉ፣ ዛሬ ፖሊስ ጣቢያ ይንሸራተታል።,Warning,4,Warning_02,train
7838,ነጋዴው ሪፖርቱን በዚህ አመት አቅርበዋል።,Assertion,1,Assertion_13,test
7839,እባክዎ ይቅርታ፣ ጥያቄውን ከምሽቱ ጀምሮ ማቅረብ አልችልም።,Refusal,2,Refusal_09,train
7840,ስራውን ከጋዜጠኛው ጋር ዛሬ ማታ እጨርሳለሁ።,Promise,8,Promise_01,test
7841,ጎበዝ ስራ ስራ አስኪያጁ፣ ውሉ ሙሉ በሙሉ ፈርሷል።,Sarcasm/Irony,5,Sarcasm/Irony_09,train
7842,የማሽኑ ዋጋ ከዛሬ ጀምሮ ጨምሯል።,Assertion,1,Assertion_12,val
7843,ከምሽቱ ጀምሮ በቤት ስብሰባ እናድርግ።,Suggestion,3,Suggestion_02,train
7844,መስኮቱ ገና ወደ ባንክ በዚህ አመት አልደረሰኝም።,Complaint,6,Complaint_07,train
7845,ከምሽቱ ጀምሮ በፍርድ ቤት መገኘት አልችልም።,Refusal,2,Refusal_04,val
7846,ከጓደኛዬ ጋር ስለ ፕሮጀክቱ ጉዳይ መስማማት አልችልም።,Refusal,2,Refusal_06,train
7847,ይህን ስልኩን ከመምህሩ ጋር በጥንቃቄ ያዙ።,Warning,4,Warning_04,val
7848,እባክዎ ውሉን ለመሐንዲሱ በሚቀጥለው ሳምንት ይላኩልኝ።,Request,0,Request_00,train
7849,የደብዳቤው ችግር በሳምንቱ መጨረሻ ከአስተማሪዋ ጋር እፈታለሁ።,Promise,8,Promise_11,train
7850,የልብሱ ችግር ከሰዓት በኋላ ከሹፌሩ ጋር እፈታለሁ።,Promise,8,Promise_11,train
7851,የትዕዛዙ ችግር ከሰዓት በኋላ ከአለቃዬ ጋር እፈታለሁ።,Promise,8,Promise_11,train
7852,የኩባንያው አገልግሎት በባንክ በጣም ደካማ ነው።,Complaint,6,Complaint_01,test
7853,ሰላም ሹፌሩ፣ ዛሬ እንዴት ነህ?,Phatic,7,Phatic_00,train
7854,እባክዎ ደብዳቤውን ለባልደረባዬ ነገ ይላኩልኝ።,Request,0,Request_00,train
7855,እባክዎ ኮምፒዩተሩን ለሹፌሩ ከአንድ ሰዓት በኋላ ይላኩልኝ።,Request,0,Request_00,train
7856,ኩባንያው ስለ ስጦታው ማስጠንቀቂያ በዚህ ሳምንት አውጥቷል።,Warning,4,Warning_08,train
7857,ስቱዲዮው ስለ መጽሐፉ ማስጠንቀቂያ ከጥቂት ደቂቃዎች በኋላ አውጥቷል።,Warning,4,Warning_08,train
7858,ደህና እደር አለቃዬ፣ ከሁለት ቀናት በኋላ እንገናኝ።,Phatic,7,Phatic_06,train
7859,በቤት ዛሬ ንጽህና ጎድሏል።,Complaint,6,Complaint_13,test
7860,አዎ በእርግጥ፣ መምህሩ በዚህ ሳምንት ትመጣለህ ብዬ አላምንም።,Sarcasm/Irony,5,Sarcasm/Irony_01,test
7861,ማሽኑ ገና ወደ ፖሊስ ጣቢያ ከዛሬ ጀምሮ አልደረሰኝም።,Complaint,6,Complaint_07,train
7862,በመጋዘን በሚቀጥለው አመት ንጽህና ጎድሏል።,Complaint,6,Complaint_13,test
7863,ይህን ደረሰኙን ከነጋዴው መቀበል አልችልም።,Refusal,2,Refusal_03,train
7864,ዛሬ ማታ በፍርድ ቤት መገኘት አልችልም።,Refusal,2,Refusal_04,val
7865,ጓደኛዬ ወደ ሆስፒታል ከምሽቱ ጀምሮ ሄደዋል።,Assertion,1,Assertion_07,train
7866,እባክዎ መስኮቱን ለጋዜጠኛው ነገ ከሰዓት በኋላ ይላኩልኝ።,Request,0,Request_00,train
7867,ማንነትዎን ለማያውቁት ደንበኛው በከተማው ውስጥ አይስጡ።,Warning,4,Warning_14,test
7868,አመሰግናለሁ ነጋዴው፣ ደህና ዋል በፋብሪካ።,Phatic,7,Phatic_08,train
7869,መጽሐፉ ገና ወደ ሆስፒታል በሚቀጥለው ወር አልደረሰኝም።,Complaint,6,Complaint_07,train
7870,ስለ መኪናው ጉዳይ ከደንበኛው ጋር እንወያይ።,Suggestion,3,Suggestion_10,train
7871,በጣም ብልህ ነህ አስተማሪዋ፣ ቁልፉን ረሳኸው።,Sarcasm/Irony,5,Sarcasm/Irony_04,train
7872,ጋዜጠኛው ወደ ቢሮ ዛሬ ሄደዋል።,Assertion,1,Assertion_07,train
7873,የሰነዱ ችግር ዛሬ ማታ ከፖሊሱ ጋር እፈታለሁ።,Promise,8,Promise_11,train
7874,የደረሰኙ ችግር በሚቀጥለው ወር ከመምህሩ ጋር እፈታለሁ።,Promise,8,Promise_11,train
7875,የሰነዱ ችግር በዚህ ሳምንት ከመምህሩ ጋር እፈታለሁ።,Promise,8,Promise_11,train
7876,ከጥቂት ደቂቃዎች በኋላ በሱቅ ትራፊኩ ከባድ ነው ተጠንቀቁ።,Warning,4,Warning_13,train
7877,ቦርሳውን ነገ ከሰዓት በኋላ ብንሞክር ጥሩ ይሆናል።,Suggestion,3,Suggestion_00,train
7878,እንዴት ደስ ይላል፣ ባልደረባዬ እንደገና ነገ ጠዋት ዘገዩ።,Sarcasm/Irony,5,Sarcasm/Irony_03,train
7879,ስራ አስኪያጁ ወደ ገበያ ነገ ከሰዓት በኋላ ሄደዋል።,Assertion,1,Assertion_07,train
7880,ስለ ሰነዱ ጉዳይ ከመሐንዲሱ ጋር እንወያይ።,Suggestion,3,Suggestion_10,train
7881,ጎበዝ ስራ ነጋዴው፣ መሳሪያው ሙሉ በሙሉ ፈርሷል።,Sarcasm/Irony,5,Sarcasm/Irony_09,train
7882,ጎበዝ ስራ ሹፌሩ፣ ውሃው ሙሉ በሙሉ ፈርሷል።,Sarcasm/Irony,5,Sarcasm/Irony_09,train
7883,ኤጀንሲው ስለ ቦርሳው ማስጠንቀቂያ በሚቀጥለው ሳምንት አውጥቷል።,Warning,4,Warning_08,train
7884,እባክዎ ይቅርታ፣ ሰነዱን ከሁለት ቀናት በኋላ ማቅረብ አልችልም።,Refusal,2,Refusal_09,train
7885,ከስራ አስኪያጁ ጋር ከሶስት ሰዓት በኋላ በባንክ እገናኛለሁ።,Promise,8,Promise_04,val
7886,እባክዎ ይቅርታ፣ ቦርሳውን ከሶስት ሰዓት በኋላ ማቅረብ አልችልም።,Refusal,2,Refusal_09,train
7887,እሰይ፣ ሌላ ችግር በመጋዘን ዛሬ ማታ፣ ልክ የሚያስፈልገን ይሄው ነበር።,Sarcasm/Irony,5,Sarcasm/Irony_07,train
7888,ደህና ነገ ከሰዓት በኋላ ይሁንልህ ፖሊሱ።,Phatic,7,Phatic_02,train
7889,እባክዎ ምርቱን ለጠበቃው በሚቀጥለው አመት ይላኩልኝ።,Request,0,Request_00,train
7890,እባክዎ ይቅርታ፣ ካርታውን በሳምንቱ መጨረሻ ማቅረብ አልችልም።,Refusal,2,Refusal_09,train
7891,ጎበዝ! በጣም ጥሩ ስራ ሰራህ ባልደረባዬ፣ ደረሰኙን አበላሸኸው።,Sarcasm/Irony,5,Sarcasm/Irony_02,train
7892,እባክህ ይቅርታ አድርግልኝ፣ ወደ ገበያ ከዛሬ ጀምሮ መምጣት አልችልም።,Refusal,2,Refusal_01,test
7893,እባክዎ ለፖሊሱ ሰነዱን ያድርሱ።,Request,0,Request_14,test
7894,አዎ በርግጥ፣ የሚኒስቴሩ እቅድ በከዛሬ ጀምሮ በጭራሽ አይከሽፍም።,Sarcasm/Irony,5,Sarcasm/Irony_11,train
7895,ኩባንያው ስለ ውሉ ማስጠንቀቂያ ከዛሬ ጀምሮ አውጥቷል።,Warning,4,Warning_08,train
7896,በትምህርት ቤት ዛሬ ማታ ንጽህና ጎድሏል።,Complaint,6,Complaint_13,test
7897,እንዴት ደስ ይላል፣ ጠበቃው እንደገና ከጥቂት ደቂቃዎች በኋላ ዘገዩ።,Sarcasm/Irony,5,Sarcasm/Irony_03,train
7898,ስራው በሚቀጥለው አመት ከመምህሩ ጋር አልተጠናቀቀም።,Complaint,6,Complaint_03,test
7899,እባክዎ ካርታውን ለመሐንዲሱ ከዛሬ ጀምሮ ይላኩልኝ።,Request,0,Request_00,train
7900,ፖሊሱ ወደ ስብሰባ ክፍል ነገ ከሰዓት በኋላ ሄደዋል።,Assertion,1,Assertion_07,train
7901,ለመሐንዲሱ ጥያቄ ፍቃደኛ አይደለሁም።,Refusal,2,Refusal_10,val
7902,እሰይ፣ ሌላ ችግር በሱቅ በሳምንቱ መጨረሻ፣ ልክ የሚያስፈልገን ይሄው ነበር።,Sarcasm/Irony,5,Sarcasm/Irony_07,train
7903,ስለ ቁልፉ ጉዳይ ከደንበኛው ጋር እንወያይ።,Suggestion,3,Suggestion_10,train
7904,እንዴት ጎበዝ ነህ ነጋዴው፣ ስልኩን ሰብረኸዋል!,Sarcasm/Irony,5,Sarcasm/Irony_00,train
7905,እንዴት ጥሩ ነው ባልደረባዬ፣ በሚቀጥለው አመት ደግሞ ዘገየ።,Sarcasm/Irony,5,Sarcasm/Irony_10,val
7906,የስልኩ ችግር በሚቀጥለው ሳምንት ከፖሊሱ ጋር እፈታለሁ።,Promise,8,Promise_11,train
7907,እባክህ ይቅርታ አድርግልኝ፣ ወደ ትምህርት ቤት ከሰዓት በኋላ መምጣት አልችልም።,Refusal,2,Refusal_01,test
7908,ደህና በሚቀጥለው አመት ይሁንልህ ስራ አስኪያጁ።,Phatic,7,Phatic_02,train
7909,ኮምፒዩተሩ ገና ወደ ሆስፒታል ነገ ከሰዓት በኋላ አልደረሰኝም።,Complaint,6,Complaint_07,train
7910,በኩባንያው አዲስ ስልት በሚቀጥለው አመት እንተግብር።,Suggestion,3,Suggestion_14,test
7911,እባክዎ ዕቃውን ለስራ አስኪያጁ በስብሰባው ወቅት ይላኩልኝ።,Request,0,Request_00,train
7912,እባክዎ ይቅርታ፣ መስኮቱን በዚህ ሳምንት ማቅረብ አልችልም።,Refusal,2,Refusal_09,train
7913,እባክዎ ገንዘቡን ለነጋዴው ከሁለት ቀናት በኋላ ይላኩልኝ።,Request,0,Request_00,train
7914,በትምህርት ቤት በሚቀጥለው ሳምንት ወንጀል ሊፈጸም ይችላል ተጠንቀቁ።,Warning,4,Warning_11,train
7915,እባክዎ ትዕዛዙን ለነጋዴው ነገ ከሰዓት በኋላ ይላኩልኝ።,Request,0,Request_00,train
7916,አለቃዬ፣ ስራ በቤት እንዴት ነው?,Phatic,7,Phatic_09,val
7917,አለቃዬ ወደ ቢሮ ነገ ከሰዓት በኋላ ሄደዋል።,Assertion,1,Assertion_07,train
7918,እባክዎ ፋይሉን ለስራ አስኪያጁ ከሰዓት በኋላ ይላኩልኝ።,Request,0,Request_00,train
7919,ጓደኛዬ ወደ ትምህርት ቤት በዚህ አመት ሄደዋል።,Assertion,1,Assertion_07,train
7920,ማንነትዎን ለማያውቁት ስራ አስኪያጁ በከተማው ውስጥ አይስጡ።,Warning,4,Warning_14,test
7921,ይቅርታ፣ ውሉን ከጥቂት ደቂቃዎች በኋላ ማድረግ አልችልም።,Refusal,2,Refusal_00,train
7922,ከደንበኛው ጋር ከሰዓት በኋላ በፖሊስ ጣቢያ እገናኛለሁ።,Promise,8,Promise_04,val
7923,ከጓደኛዬ ጋር ነገ በስብሰባ ክፍል እገናኛለሁ።,Promise,8,Promise_04,val
7924,እባክዎ ማሽኑን ለጓደኛዬ በስብሰባው ወቅት ይላኩልኝ።,Request,0,Request_00,train
7925,ይህን ቤቱን ከጋዜጠኛው መቀበል አልችልም።,Refusal,2,Refusal_03,train
7926,መልእክቱ በአውሮፕላን ማረፊያ ይገኛል።,Assertion,1,Assertion_00,test
7927,ኤጀንሲው ስለ ኮምፒዩተሩ ማስጠንቀቂያ ከሁለት ቀናት በኋላ አውጥቷል።,Warning,4,Warning_08,train
7928,ደህና ሁን አለቃዬ፣ እስከ በዚህ ሳምንት እንገናኝ።,Phatic,7,Phatic_13,train
7929,ደብዳቤው ከስራ አስኪያጁ አጠገብ አደገኛ ሊሆን ይችላል።,Warning,4,Warning_01,test
7930,ስልኩ ገና ወደ መንገድ ላይ ነገ አልደረሰኝም።,Complaint,6,Complaint_07,train
7931,ሚኒስቴሩ ስለ ደረሰኙ ማስጠንቀቂያ በስብሰባው ወቅት አውጥቷል።,Warning,4,Warning_08,train
7932,ደንበኛው ወደ መጋዘን በሚቀጥለው አመት ሄደዋል።,Assertion,1,Assertion_07,train
7933,ሹፌሩ ወደ ሆስፒታል በዚህ አመት ሄደዋል።,Assertion,1,Assertion_07,train
7934,ጤና ይስጥልኝ ጓደኛዬ፣ ከዛሬ ጀምሮ ደህና ነህ?,Phatic,7,Phatic_12,train
7935,ቅሬታዬን ለስራ አስኪያጁ በስብሰባው ወቅት ብናገርም ማንም አልሰማኝም።,Complaint,6,Complaint_14,val
7936,ዛሬ ወደ ፖሊስ ጣቢያ እደርሳለሁ።,Promise,8,Promise_10,train
7937,መንግስት ቃል የገባውን በሚቀጥለው ሳምንት አላከበረም።,Complaint,6,Complaint_02,test
7938,እሰይ፣ ሌላ ችግር በገበያ ዛሬ፣ ልክ የሚያስፈልገን ይሄው ነበር።,Sarcasm/Irony,5,Sarcasm/Irony_07,train
7939,ይህን ምርቱን ከጓደኛዬ ጋር በጥንቃቄ ያዙ።,Warning,4,Warning_04,val
7940,ኤጀንሲው ስለ መስኮቱ ማስጠንቀቂያ ነገ ከሰዓት በኋላ አውጥቷል።,Warning,4,Warning_08,train
7941,በቢሮ ትንሽ እረፍት በሚቀጥለው አመት ብንወስድ ጥሩ ነው።,Suggestion,3,Suggestion_09,test
7942,ቢያንስ አንዴ መኪናውን በቢሮ እንሞክር።,Suggestion,3,Suggestion_05,train
7943,ማህበሩ በሳምንቱ መጨረሻ አዲስ ምርት አስተዋውቋል።,Assertion,1,Assertion_02,val
7944,መኪናው ገና ወደ ፋብሪካ ነገ ጠዋት አልደረሰኝም።,Complaint,6,Complaint_07,train
7945,የደብዳቤው ችግር በዚህ ወር ከስራ አስኪያጁ ጋር እፈታለሁ።,Promise,8,Promise_11,train
7946,እንዴት ደስ ይላል፣ ጋዜጠኛው እንደገና በሚቀጥለው ወር ዘገዩ።,Sarcasm/Irony,5,Sarcasm/Irony_03,train
7947,የቡናው ችግር ነገ ከነጋዴው ጋር እፈታለሁ።,Promise,8,Promise_11,train
7948,ጎበዝ! በጣም ጥሩ ስራ ሰራህ አለቃዬ፣ መሳሪያውን አበላሸኸው።,Sarcasm/Irony,5,Sarcasm/Irony_02,train
7949,በጣም ትክክለኛ ነው መሐንዲሱ፣ በሱቅ ሁልጊዜ እንደዚህ ይሆናል።,Sarcasm/Irony,5,Sarcasm/Irony_08,val
7950,ጠበቃው ሪፖርቱን በዚህ ሳምንት አቅርበዋል።,Assertion,1,Assertion_13,test
7951,እንኳን ደስ አለህ ጋዜጠኛው፣ ስለ ደረሰኙ እንደገና ተሳስተሃል።,Sarcasm/Irony,5,Sarcasm/Irony_13,train
7952,ይቅርታ፣ ሪፖርቱን በሳምንቱ መጨረሻ ማድረግ አልችልም።,Refusal,2,Refusal_00,train
7953,ጎበዝ ስራ አስተማሪዋ፣ ኮምፒዩተሩ ሙሉ በሙሉ ፈርሷል።,Sarcasm/Irony,5,Sarcasm/Irony_09,train
7954,እንኳን ወደ መጋዘን ደህና መጣህ አለቃዬ።,Phatic,7,Phatic_04,test
7955,ውሃውን ነገ ከሰዓት በኋላ ብንሞክር ጥሩ ይሆናል።,Suggestion,3,Suggestion_00,train
7956,ስቱዲዮው ስለ ቤቱ ማስጠንቀቂያ ከሰዓት በኋላ አውጥቷል።,Warning,4,Warning_08,train
7957,የስልኩ ዋጋ በሚቀጥለው አመት ጨምሯል።,Assertion,1,Assertion_12,val
7958,ከነጋዴው ጋር ስለ ካርታው ጉዳይ መስማማት አልችልም።,Refusal,2,Refusal_06,train
7959,ዶክተሩ፣ ስራ በገበያ እንዴት ነው?,Phatic,7,Phatic_09,val
7960,በጣም ውጤታማ ነው ኩባንያው፣ በከሰዓት በኋላ ምንም አልተሰራም።,Sarcasm/Irony,5,Sarcasm/Irony_14,val
7961,መምህሩ ወደ ሱቅ ከዛሬ ጀምሮ ሄደዋል።,Assertion,1,Assertion_07,train
7962,እባክዎ ደብዳቤውን ለመሐንዲሱ ነገ ከሰዓት በኋላ ይላኩልኝ።,Request,0,Request_00,train
7963,ስራ አስኪያጁ ወደ ስብሰባ ክፍል ከሰዓት በኋላ ሄደዋል።,Assertion,1,Assertion_07,train
7964,እንዴት ጎበዝ ነህ ደንበኛው፣ ፕሮጀክቱን ሰብረኸዋል!,Sarcasm/Irony,5,Sarcasm/Irony_00,train
7965,ስልኩ ገና ወደ ፍርድ ቤት ከዛሬ ጀምሮ አልደረሰኝም።,Complaint,6,Complaint_07,train
7966,በጣም ብልህ ነህ መሐንዲሱ፣ ገንዘቡን ረሳኸው።,Sarcasm/Irony,5,Sarcasm/Irony_04,train
7967,ይቅርታ፣ ቁልፉን ነገ ጠዋት ማድረግ አልችልም።,Refusal,2,Refusal_00,train
7968,ሰነዱ ገና ወደ አውሮፕላን ማረፊያ ከሁለት ቀናት በኋላ አልደረሰኝም።,Complaint,6,Complaint_07,train
7969,የምርቱ ችግር ከምሽቱ ጀምሮ ከአስተማሪዋ ጋር እፈታለሁ።,Promise,8,Promise_11,train
7970,ይህን ፋይሉን ከጋዜጠኛው መቀበል አልችልም።,Refusal,2,Refusal_03,train
7971,ሹፌሩ ወደ መጋዘን በዚህ አመት ሄደዋል።,Assertion,1,Assertion_07,train
7972,ፋይሉን በጥንቃቄ ለአለቃዬ እይዛለሁ።,Promise,8,Promise_07,train
7973,እንኳን ደስ አለህ መምህሩ፣ ስለ ቁልፉ እንደገና ተሳስተሃል።,Sarcasm/Irony,5,Sarcasm/Irony_13,train
7974,እባክህ ለሪፖርቱ ይህን ዘዴ በዚህ ወር ተጠቀም።,Suggestion,3,Suggestion_04,train
7975,ድርጅቱ ስለ ቤቱ ማስጠንቀቂያ ዛሬ ማታ አውጥቷል።,Warning,4,Warning_08,train
7976,መምህሩ፣ እንደምን አደርክ ነገ?,Phatic,7,Phatic_01,train
7977,ቤቱ ገና ወደ ፍርድ ቤት በሚቀጥለው ወር አልደረሰኝም።,Complaint,6,Complaint_07,train
7978,እባክዎ ውሃውን ለጋዜጠኛው ከዛሬ ጀምሮ ይላኩልኝ።,Request,0,Request_00,train
7979,ከጓደኛዬ ጋር ከሰዓት በኋላ በባንክ እገናኛለሁ።,Promise,8,Promise_04,val
7980,ሰላም ጠበቃው፣ ከዛሬ ጀምሮ እንዴት ነህ?,Phatic,7,Phatic_00,train
7981,ይህን ቦርሳውን ከመምህሩ መቀበል አልችልም።,Refusal,2,Refusal_03,train
7982,እንኳን ደስ አለህ ሚኒስትሩ ከዛሬ ጀምሮ።,Phatic,7,Phatic_07,train
7983,ስራ አስኪያጁ ወደ ቢሮ ዛሬ ሄደዋል።,Assertion,1,Assertion_07,train
7984,ልብሱ ገና ወደ ባንክ ዛሬ ማታ አልደረሰኝም።,Complaint,6,Complaint_07,train
7985,ደንበኛው ወደ ስብሰባ ክፍል ዛሬ ማታ ሄደዋል።,Assertion,1,Assertion_07,train
7986,ጎበዝ ስራ ዶክተሩ፣ ልብሱ ሙሉ በሙሉ ፈርሷል።,Sarcasm/Irony,5,Sarcasm/Irony_09,train
7987,ፕሮጀክቱ ገና ወደ ቤት ከምሽቱ ጀምሮ አልደረሰኝም።,Complaint,6,Complaint_07,train
7988,እባክዎ ይቅርታ፣ ሰነዱን ከሰዓት በኋላ ማቅረብ አልችልም።,Refusal,2,Refusal_09,train
7989,ማሽኑ ገና ወደ ባንክ በዚህ አመት አልደረሰኝም።,Complaint,6,Complaint_07,train
7990,ኤጀንሲው ስለ መሳሪያው ማስጠንቀቂያ ከሶስት ሰዓት በኋላ አውጥቷል።,Warning,4,Warning_08,train
7991,ይቅርታ፣ መልእክቱን በዚህ አመት ማድረግ አልችልም።,Refusal,2,Refusal_00,train
7992,ውሃው ገና ወደ ከተማው ውስጥ ነገ ጠዋት አልደረሰኝም።,Complaint,6,Complaint_07,train
7993,እንደምን አለህ በመጋዘን፣ ጠበቃው?,Phatic,7,Phatic_11,val
7994,እንዴት ጎበዝ ነህ ባልደረባዬ፣ ቤቱን ሰብረኸዋል!,Sarcasm/Irony,5,Sarcasm/Irony_00,train
7995,ስጦታው ገና ወደ መጋዘን ከአንድ ሰዓት በኋላ አልደረሰኝም።,Complaint,6,Complaint_07,train
7996,ውሃው ገና ወደ ባንክ ከምሽቱ ጀምሮ አልደረሰኝም።,Complaint,6,Complaint_07,train
7997,ይህን ሂሳቡን ከመሐንዲሱ ጋር በጥንቃቄ ያዙ።,Warning,4,Warning_04,val
7998,መሳሪያውን ዛሬ ማታ ብንሞክር ጥሩ ይሆናል።,Suggestion,3,Suggestion_00,train
7999,ሰላም አለቃዬ፣ በሚቀጥለው ወር እንዴት ነህ?,Phatic,7,Phatic_00,train
8000,እርግጠኛ ነኝ መሐንዲሱ ዛሬ ማታ ይደርሳሉ፣ እንደ ሁልጊዜው።,Sarcasm/Irony,5,Sarcasm/Irony_05,test
8001,እባክዎ ደረሰኙን ለሹፌሩ ዛሬ ይላኩልኝ።,Request,0,Request_00,train
8002,ውሉን በዚህ ሳምንት ብንሞክር ጥሩ ይሆናል።,Suggestion,3,Suggestion_00,train
8003,ደረሰኙ ገና ወደ ቢሮ ነገ አልደረሰኝም።,Complaint,6,Complaint_07,train
8004,አስተማሪዋ፣ ስራ በፋብሪካ እንዴት ነው?,Phatic,7,Phatic_09,val
8005,ጎበዝ ስራ ደንበኛው፣ ካርታው ሙሉ በሙሉ ፈርሷል።,Sarcasm/Irony,5,Sarcasm/Irony_09,train
8006,የበሩ ዋጋ በሚቀጥለው ወር ጨምሯል።,Assertion,1,Assertion_12,val
8007,ደረሰኙ በፍርድ ቤት ይገኛል።,Assertion,1,Assertion_00,test
8008,በዚህ አመት በፋብሪካ መገኘት አልችልም።,Refusal,2,Refusal_04,val
8009,ከነጋዴው ጋር በዚህ ሳምንት በሱቅ እገናኛለሁ።,Promise,8,Promise_04,val
8010,በሱቅ ትንሽ እረፍት ከሰዓት በኋላ ብንወስድ ጥሩ ነው።,Suggestion,3,Suggestion_09,test
8011,ከደንበኛው ጋር ነገ ከሰዓት በኋላ በቢሮ እገናኛለሁ።,Promise,8,Promise_04,val
8012,ከባልደረባዬ ጋር ስለ መሳሪያው ጉዳይ መስማማት አልችልም።,Refusal,2,Refusal_06,train
8013,እባክዎ ስልኩን ለጠበቃው በሳምንቱ መጨረሻ ይላኩልኝ።,Request,0,Request_00,train
8014,ትዕዛዙ ገና ወደ መንገድ ላይ ከአንድ ሰዓት በኋላ አልደረሰኝም።,Complaint,6,Complaint_07,train
8015,እባክዎ ሪፖርቱን ለአስተማሪዋ በስብሰባው ወቅት ይላኩልኝ።,Request,0,Request_00,train
8016,ወደ መጋዘን ከሰዓት በኋላ መሄድ አልችልም።,Refusal,2,Refusal_13,test
8017,ነጋዴው ወደ አውሮፕላን ማረፊያ ከጥቂት ደቂቃዎች በኋላ ሄደዋል።,Assertion,1,Assertion_07,train
8018,ፖሊሱ፣ ጤና ይስጥልኝ በፖሊስ ጣቢያ።,Phatic,7,Phatic_03,train
8019,ፖሊሱ ወደ ፍርድ ቤት ከዛሬ ጀምሮ ሄደዋል።,Assertion,1,Assertion_07,train
8020,ማንነትዎን ለማያውቁት አለቃዬ በትምህርት ቤት አይስጡ።,Warning,4,Warning_14,test
8021,እባክዎ ይቅርታ፣ ዕቃውን ከሰዓት በኋላ ማቅረብ አልችልም።,Refusal,2,Refusal_09,train
8022,ቦርሳው ገና ወደ ፖሊስ ጣቢያ ከሶስት ሰዓት በኋላ አልደረሰኝም።,Complaint,6,Complaint_07,train
8023,ኩባንያው ስለ ስጦታው ማስጠንቀቂያ በሚቀጥለው ሳምንት አውጥቷል።,Warning,4,Warning_08,train
8024,ጎበዝ! በጣም ጥሩ ስራ ሰራህ አስተማሪዋ፣ ደብዳቤውን አበላሸኸው።,Sarcasm/Irony,5,Sarcasm/Irony_02,train
8025,አዎ በእርግጥ፣ ደንበኛው ከሶስት ሰዓት በኋላ ትመጣለህ ብዬ አላምንም።,Sarcasm/Irony,5,Sarcasm/Irony_01,test
8026,እርግጠኛ ነኝ ዶክተሩ ከሁለት ቀናት በኋላ ይደርሳሉ፣ እንደ ሁልጊዜው።,Sarcasm/Irony,5,Sarcasm/Irony_05,test
8027,ፋይሉን በሚቀጥለው ሳምንት ብንሞክር ጥሩ ይሆናል።,Suggestion,3,Suggestion_00,train
8028,ደንበኛው፣ እንደምን አደርክ ከሁለት ቀናት በኋላ?,Phatic,7,Phatic_01,train
8029,ወደ ቤት በሚቀጥለው ሳምንት መሄድ አልችልም።,Refusal,2,Refusal_13,test
8030,ባንኩ ስለ ቡናው ማስጠንቀቂያ በስብሰባው ወቅት አውጥቷል።,Warning,4,Warning_08,train
8031,ጥያቄውን በጥንቃቄ ከሹፌሩ ጋር ብንመረምር ይሻላል።,Suggestion,3,Suggestion_11,val
8032,ከነጋዴው ጋር ስለ ሪፖርቱ ጉዳይ መስማማት አልችልም።,Refusal,2,Refusal_06,train
8033,ድርጅቱ ስለ ደረሰኙ ማስጠንቀቂያ ነገ ከሰዓት በኋላ አውጥቷል።,Warning,4,Warning_08,train
8034,በሱቅ ከምሽቱ ጀምሮ ወንጀል ሊፈጸም ይችላል ተጠንቀቁ።,Warning,4,Warning_11,train
8035,ከዶክተሩ ጋር ነገ በከተማው ውስጥ እገናኛለሁ።,Promise,8,Promise_04,val
8036,እንዴት ደስ ይላል፣ ፖሊሱ እንደገና ከሁለት ቀናት በኋላ ዘገዩ።,Sarcasm/Irony,5,Sarcasm/Irony_03,train
8037,ማዕከሉ ስለ ኮምፒዩተሩ ማስጠንቀቂያ ነገ አውጥቷል።,Warning,4,Warning_08,train
8038,የቡናው ደረሰኝ ከስቱዲዮው የተበላሸ ነው።,Complaint,6,Complaint_08,val
8039,ሹፌሩ ወደ ገበያ ከሶስት ሰዓት በኋላ ሄደዋል።,Assertion,1,Assertion_07,train
8040,እሰይ፣ ሌላ ችግር በፖሊስ ጣቢያ ከሁለት ቀናት በኋላ፣ ልክ የሚያስፈልገን ይሄው ነበር።,Sarcasm/Irony,5,Sarcasm/Irony_07,train
8041,እባክዎ ቡናውን ለመምህሩ በዚህ ወር ይላኩልኝ።,Request,0,Request_00,train
8042,ሰላም መሐንዲሱ፣ በዚህ አመት እንዴት ነህ?,Phatic,7,Phatic_00,train
8043,ወደ ገበያ ከዛሬ ጀምሮ መሄድ አልችልም።,Refusal,2,Refusal_13,test
8044,እንዴት ደስ ይላል፣ ደንበኛው እንደገና ዛሬ ማታ ዘገዩ።,Sarcasm/Irony,5,Sarcasm/Irony_03,train
8045,ደብዳቤው ገና ወደ ፍርድ ቤት ከአንድ ሰዓት በኋላ አልደረሰኝም።,Complaint,6,Complaint_07,train
8046,አለቃዬ ወደ መንገድ ላይ በሚቀጥለው ወር ሄደዋል።,Assertion,1,Assertion_07,train
8047,የሰነዱ ችግር ዛሬ ከፖሊሱ ጋር እፈታለሁ።,Promise,8,Promise_11,train
8048,እንዴት ጎበዝ ነህ አለቃዬ፣ መሳሪያውን ሰብረኸዋል!,Sarcasm/Irony,5,Sarcasm/Irony_00,train
8049,እባክዎ ውሃውን ለነጋዴው በዚህ አመት ይላኩልኝ።,Request,0,Request_00,train
8050,እባክዎ ኮምፒዩተሩን ለጋዜጠኛው ነገ ይላኩልኝ።,Request,0,Request_00,train
8051,ውሃው ገና ወደ ሆስፒታል ከምሽቱ ጀምሮ አልደረሰኝም።,Complaint,6,Complaint_07,train
8052,መጽሐፉ ከዶክተሩ አጠገብ አደገኛ ሊሆን ይችላል።,Warning,4,Warning_01,test
8053,እባክዎ ጥያቄውን ለመምህሩ ዛሬ ይላኩልኝ።,Request,0,Request_00,train
8054,ሚኒስትሩ ወደ ፍርድ ቤት ከአንድ ሰዓት በኋላ ሄደዋል።,Assertion,1,Assertion_07,train
8055,የገንዘቡ ችግር በዚህ ወር ከአስተማሪዋ ጋር እፈታለሁ።,Promise,8,Promise_11,train
8056,እንኳን ደስ አለህ አለቃዬ በሳምንቱ መጨረሻ።,Phatic,7,Phatic_07,train
8057,ከሹፌሩ ጋር ስለ ውሃው ጉዳይ መስማማት አልችልም።,Refusal,2,Refusal_06,train
8058,እባክዎ ዕቃውን ለጋዜጠኛው ነገ ጠዋት ይላኩልኝ።,Request,0,Request_00,train
8059,ይቅርታ፣ ዕቃውን በሚቀጥለው አመት ማድረግ አልችልም።,Refusal,2,Refusal_00,train
8060,መምህሩ ወደ ገበያ ዛሬ ማታ ሄደዋል።,Assertion,1,Assertion_07,train
8061,ጠበቃው፣ እንደምን አደርክ በዚህ ወር?,Phatic,7,Phatic_01,train
8062,ጥንቃቄ ያድርጉ፣ ዛሬ ማታ ትምህርት ቤት ይንሸራተታል።,Warning,4,Warning_02,train
8063,እንኳን ደስ አለህ ባልደረባዬ ከሰዓት በኋላ።,Phatic,7,Phatic_07,train
8064,ስቱዲዮው ስለ ደብዳቤው ማስጠንቀቂያ ነገ ጠዋት አውጥቷል።,Warning,4,Warning_08,train
8065,እንኳን አደረሳችሁ ጓደኛዬ፣ በገበያ።,Phatic,7,Phatic_14,test
8066,በጣም ትክክለኛ ነው ነጋዴው፣ በአውሮፕላን ማረፊያ ሁልጊዜ እንደዚህ ይሆናል።,Sarcasm/Irony,5,Sarcasm/Irony_08,val
8067,ደንበኛው ስብሰባውን በዚህ ወር መርተዋል።,Assertion,1,Assertion_03,val
8068,ሚኒስትሩ ወደ ስብሰባ ክፍል ከአንድ ሰዓት በኋላ ሄደዋል።,Assertion,1,Assertion_07,train
8069,ማንነትዎን ለማያውቁት ባልደረባዬ በፍርድ ቤት አይስጡ።,Warning,4,Warning_14,test
8070,እባክዎ መልእክቱን ለመሐንዲሱ ዛሬ ማታ ይላኩልኝ።,Request,0,Request_00,train
8071,ይቅርታ፣ ትዕዛዙን በሳምንቱ መጨረሻ ማድረግ አልችልም።,Refusal,2,Refusal_00,train
8072,የገንዘቡ ችግር በሚቀጥለው ወር ከፖሊሱ ጋር እፈታለሁ።,Promise,8,Promise_11,train
8073,እባክዎ ለመምህሩ ቦርሳውን ያድርሱ።,Request,0,Request_14,test
8074,ቢያንስ አንዴ ገንዘቡን በስብሰባ ክፍል እንሞክር።,Suggestion,3,Suggestion_05,train
8075,ደህና በዚህ ሳምንት ይሁንልህ ስራ አስኪያጁ።,Phatic,7,Phatic_02,train
8076,የመጽሐፉ ችግር ዛሬ ከመሐንዲሱ ጋር እፈታለሁ።,Promise,8,Promise_11,train
8077,ማህበሩ ዛሬ ትርፍ አግኝቷል።,Assertion,1,Assertion_04,test
8078,ስለ ፋይሉ ከሚኒስትሩ ጋር ማሰብ ይኖርብናል።,Suggestion,3,Suggestion_03,train
8079,ጎበዝ ስራ መሐንዲሱ፣ ትዕዛዙ ሙሉ በሙሉ ፈርሷል።,Sarcasm/Irony,5,Sarcasm/Irony_09,train
8080,ደህና እደር ጓደኛዬ፣ ከዛሬ ጀምሮ እንገናኝ።,Phatic,7,Phatic_06,train
8081,ይህን ትዕዛዙን ከደንበኛው መቀበል አልችልም።,Refusal,2,Refusal_03,train
8082,ከመምህሩ ጋር ስለ ቡናው ጉዳይ መስማማት አልችልም።,Refusal,2,Refusal_06,train
8083,ደህና ሁን ሚኒስትሩ፣ እስከ ከሁለት ቀናት በኋላ እንገናኝ።,Phatic,7,Phatic_13,train
8084,የትዕዛዙ ችግር ዛሬ ከሚኒስትሩ ጋር እፈታለሁ።,Promise,8,Promise_11,train
8085,ማዕከሉ ስለ ውሃው ማስጠንቀቂያ በዚህ ሳምንት አውጥቷል።,Warning,4,Warning_08,train
8086,የፋይሉ ችግር በስብሰባው ወቅት ከሹፌሩ ጋር እፈታለሁ።,Promise,8,Promise_11,train
8087,ይቅርታ፣ ምርቱን ከሶስት ሰዓት በኋላ ማድረግ አልችልም።,Refusal,2,Refusal_00,train
8088,መሳሪያው ገና ወደ ቢሮ ከጥቂት ደቂቃዎች በኋላ አልደረሰኝም።,Complaint,6,Complaint_07,train
8089,ከምሽቱ ጀምሮ በባንክ መገኘት አልችልም።,Refusal,2,Refusal_04,val
8090,አዎ በርግጥ፣ የመንግስት እቅድ በከምሽቱ ጀምሮ በጭራሽ አይከሽፍም።,Sarcasm/Irony,5,Sarcasm/Irony_11,train
8091,አመሰግናለሁ ጋዜጠኛው፣ ደህና ዋል በፍርድ ቤት።,Phatic,7,Phatic_08,train
8092,ሹፌሩ፣ ጤና ይስጥልኝ በቢሮ።,Phatic,7,Phatic_03,train
8093,የሂሳቡ ችግር ከሁለት ቀናት በኋላ ከዶክተሩ ጋር እፈታለሁ።,Promise,8,Promise_11,train
8094,ጎበዝ! በጣም ጥሩ ስራ ሰራህ ዶክተሩ፣ ቦርሳውን አበላሸኸው።,Sarcasm/Irony,5,Sarcasm/Irony_02,train
8095,ፋብሪካው ስለ ቁልፉ ማስጠንቀቂያ ነገ ከሰዓት በኋላ አውጥቷል።,Warning,4,Warning_08,train
8096,በጣም ትክክለኛ ነው አለቃዬ፣ በፋብሪካ ሁልጊዜ እንደዚህ ይሆናል።,Sarcasm/Irony,5,Sarcasm/Irony_08,val
8097,ፋብሪካው ስለ ቤቱ ማስጠንቀቂያ በዚህ ሳምንት አውጥቷል።,Warning,4,Warning_08,train
8098,ዶክተሩ ሪፖርቱን በሚቀጥለው ሳምንት አቅርበዋል።,Assertion,1,Assertion_13,test
8099,አዎ በርግጥ፣ የማህበሩ እቅድ በዛሬ በጭራሽ አይከሽፍም።,Sarcasm/Irony,5,Sarcasm/Irony_11,train
8100,የውሃው ዋጋውን ከሶስት ሰዓት በኋላ ብንቀንስ ደንበኞች ይጨምራሉ።,Suggestion,3,Suggestion_07,train
8101,የደብዳቤው ችግር ከሰዓት በኋላ ከስራ አስኪያጁ ጋር እፈታለሁ።,Promise,8,Promise_11,train
8102,እርግጠኛ ነኝ ጠበቃው ነገ ጠዋት ይደርሳሉ፣ እንደ ሁልጊዜው።,Sarcasm/Irony,5,Sarcasm/Irony_05,test
8103,ይህን መስኮቱን ያለ መሐንዲሱ ትዕዛዝ አይውሰዱ።,Warning,4,Warning_12,val
8104,የፕሮጀክቱ ችግር ነገ ከፖሊሱ ጋር እፈታለሁ።,Promise,8,Promise_11,train
8105,መሐንዲሱ፣ ጤና ይስጥልኝ በሆስፒታል።,Phatic,7,Phatic_03,train
8106,እባክዎ መስኮቱን ለአስተማሪዋ ነገ ይላኩልኝ።,Request,0,Request_00,train
8107,ይህን ምርቱን ከባልደረባዬ መቀበል አልችልም።,Refusal,2,Refusal_03,train
8108,ቤቱን በጥንቃቄ ከጓደኛዬ ጋር ብንመረምር ይሻላል።,Suggestion,3,Suggestion_11,val
8109,ቢያንስ አንዴ ጥያቄውን በመጋዘን እንሞክር።,Suggestion,3,Suggestion_05,train
8110,ጎበዝ ስራ አለቃዬ፣ ቤቱ ሙሉ በሙሉ ፈርሷል።,Sarcasm/Irony,5,Sarcasm/Irony_09,train
8111,ደህና ሁን ደንበኛው፣ እስከ ከጥቂት ደቂቃዎች በኋላ እንገናኝ።,Phatic,7,Phatic_13,train
8112,ሪፖርቱን ለደንበኛው ከሁለት ቀናት በኋላ አቀርባለሁ።,Promise,8,Promise_05,train
8113,በጣም ደግ ነህ ጓደኛዬ፣ በሆስፒታል ምንም እርዳታ አልሰጠኸኝም።,Sarcasm/Irony,5,Sarcasm/Irony_12,train
8114,ጓደኛዬ ሪፖርቱን ነገ ጠዋት አቅርበዋል።,Assertion,1,Assertion_13,test
8115,የውሉ ዋጋ በአውሮፕላን ማረፊያ በጣም ውድ ነው።,Complaint,6,Complaint_05,val
8116,እባክዎ ደረሰኙን ነገ ጠዋት ይላኩልኝ።,Request,0,Request_13,val
8117,የቡናው ችግር ከጥቂት ደቂቃዎች በኋላ ከነጋዴው ጋር እፈታለሁ።,Promise,8,Promise_11,train
8118,የመሳሪያው ችግር በሚቀጥለው ሳምንት ከመምህሩ ጋር እፈታለሁ።,Promise,8,Promise_11,train
8119,የማዕከሉ ሰራተኞች በቤት ደንበኞችን በአግባቡ አያስተናግዱም።,Complaint,6,Complaint_04,val
8120,ከስራ አስኪያጁ ጋር በዚህ ሳምንት በከተማው ውስጥ እገናኛለሁ።,Promise,8,Promise_04,val
8121,ጠበቃው ወደ መንገድ ላይ ከሰዓት በኋላ ሄደዋል።,Assertion,1,Assertion_07,train
8122,እባክዎ ውሃውን ለስራ አስኪያጁ ከዛሬ ጀምሮ ይላኩልኝ።,Request,0,Request_00,train
8123,እንዴት ጎበዝ ነህ ዶክተሩ፣ ጥያቄውን ሰብረኸዋል!,Sarcasm/Irony,5,Sarcasm/Irony_00,train
8124,ደህና ሁን ጋዜጠኛው፣ እስከ ከሶስት ሰዓት በኋላ እንገናኝ።,Phatic,7,Phatic_13,train
8125,እንኳን ደስ አለህ ጋዜጠኛው፣ ስለ ልብሱ እንደገና ተሳስተሃል።,Sarcasm/Irony,5,Sarcasm/Irony_13,train
8126,የቤቱ ችግር ከጥቂት ደቂቃዎች በኋላ ከባልደረባዬ ጋር እፈታለሁ።,Promise,8,Promise_11,train
8127,እባክዎ ኮምፒዩተሩን ለመምህሩ በሚቀጥለው ወር ይላኩልኝ።,Request,0,Request_00,train
8128,ቁልፉ ገና ወደ አውሮፕላን ማረፊያ ከምሽቱ ጀምሮ አልደረሰኝም።,Complaint,6,Complaint_07,train
8129,ወደ ፖሊስ ጣቢያ ነገ ጠዋት መሄድ አልችልም።,Refusal,2,Refusal_13,test
8130,ይህ ቦርሳው ከማዕከሉ ጥራት የለውም።,Complaint,6,Complaint_00,val
8131,ፖሊሱ ወደ መጋዘን ዛሬ ሄደዋል።,Assertion,1,Assertion_07,train
8132,ኤጀንሲው ስለ ቤቱ ማስጠንቀቂያ ነገ አውጥቷል።,Warning,4,Warning_08,train
8133,እንኳን ደስ አለህ መምህሩ፣ ስለ ሰነዱ እንደገና ተሳስተሃል።,Sarcasm/Irony,5,Sarcasm/Irony_13,train
8134,ኤጀንሲው ነገ ከሰዓት በኋላ አዲስ ምርት አስተዋውቋል።,Assertion,1,Assertion_02,val
8135,የውሃው ችግር ከአንድ ሰዓት በኋላ ከሹፌሩ ጋር እፈታለሁ።,Promise,8,Promise_11,train
8136,ጋዜጠኛው ወደ መጋዘን በሳምንቱ መጨረሻ ሄደዋል።,Assertion,1,Assertion_07,train
8137,ስለ መስኮቱ ጉዳይ ከጠበቃው ጋር እንወያይ።,Suggestion,3,Suggestion_10,train
8138,ባንኩ ስለ ስልኩ ማስጠንቀቂያ በሚቀጥለው አመት አውጥቷል።,Warning,4,Warning_08,train
8139,ባንኩ ስለ መጽሐፉ ማስጠንቀቂያ በዚህ ሳምንት አውጥቷል።,Warning,4,Warning_08,train
8140,እባክዎ ፋይሉን ለአስተማሪዋ ነገ ጠዋት ይላኩልኝ።,Request,0,Request_00,train
8141,ከጥቂት ደቂቃዎች በኋላ በፍርድ ቤት ስብሰባ እናድርግ።,Suggestion,3,Suggestion_02,train
8142,እንዴት ጥሩ ነው ጓደኛዬ፣ ከምሽቱ ጀምሮ ደግሞ ዘገየ።,Sarcasm/Irony,5,Sarcasm/Irony_10,val
8143,የገንዘቡ ዋጋውን ከጥቂት ደቂቃዎች በኋላ ብንቀንስ ደንበኞች ይጨምራሉ።,Suggestion,3,Suggestion_07,train
8144,እባክዎ ይቅርታ፣ መሳሪያውን ከጥቂት ደቂቃዎች በኋላ ማቅረብ አልችልም።,Refusal,2,Refusal_09,train
8145,እባክዎ ሂሳቡን ነገ ይላኩልኝ።,Request,0,Request_13,val
8146,ያልተፈቀደ ግቢ ወደ ፍርድ ቤት ከሶስት ሰዓት በኋላ አይግቡ።,Warning,4,Warning_09,test
8147,ወደ አውሮፕላን ማረፊያ ከሰዓት በኋላ እንሂድ።,Suggestion,3,Suggestion_01,test
8148,እባክዎ ፕሮጀክቱን ወደ ገበያ ይላኩ።,Request,0,Request_06,test
8149,ለአስተማሪዋ ጥያቄ ፍቃደኛ አይደለሁም።,Refusal,2,Refusal_10,val
8150,በጣም ጎበዝ ነው ፋብሪካው፣ በቤት ደንበኞችን ችላ ይላል።,Sarcasm/Irony,5,Sarcasm/Irony_06,test
8151,ስራ አስኪያጁ፣ ቤተሰብ በቢሮ እንዴት ናቸው?,Phatic,7,Phatic_05,val
8152,ባንኩ ስለ ገንዘቡ ማስጠንቀቂያ ዛሬ አውጥቷል።,Warning,4,Warning_08,train
8153,እባክዎ ካርታውን ለነጋዴው ነገ ይላኩልኝ።,Request,0,Request_00,train
8154,የካርታው ችግር ነገ ከሰዓት በኋላ ከፖሊሱ ጋር እፈታለሁ።,Promise,8,Promise_11,train
8155,ቦርሳው ገና ወደ ሆስፒታል ከሰዓት በኋላ አልደረሰኝም።,Complaint,6,Complaint_07,train
8156,ደህና ሁን ጠበቃው፣ እስከ ከሰዓት በኋላ እንገናኝ።,Phatic,7,Phatic_13,train
8157,የስጦታው ችግር በዚህ አመት ከአስተማሪዋ ጋር እፈታለሁ።,Promise,8,Promise_11,train
8158,እባክዎ ውሃውን ለጋዜጠኛው በዚህ አመት ይላኩልኝ።,Request,0,Request_00,train
8159,ከመሐንዲሱ ጋር ከምሽቱ ጀምሮ በመንገድ ላይ እገናኛለሁ።,Promise,8,Promise_04,val
8160,ጎበዝ ስራ ሚኒስትሩ፣ መጽሐፉ ሙሉ በሙሉ ፈርሷል።,Sarcasm/Irony,5,Sarcasm/Irony_09,train
8161,ይህን ቤቱን ከስራ አስኪያጁ መቀበል አልችልም።,Refusal,2,Refusal_03,train
8162,ኤጀንሲው ነገ ከሰዓት በኋላ አዲስ ሰራተኞችን ቀጥሯል።,Assertion,1,Assertion_09,train
8163,ጓደኛዬ፣ ጤና ይስጥልኝ በሆስፒታል።,Phatic,7,Phatic_03,train
8164,እባክዎ ኮምፒዩተሩን ከሁለት ቀናት በኋላ ይላኩልኝ።,Request,0,Request_13,val
8165,ማዕከሉ ስለ ፋይሉ ማስጠንቀቂያ በዚህ አመት አውጥቷል።,Warning,4,Warning_08,train
8166,ያልተፈቀደ ግቢ ወደ ቤት በዚህ አመት አይግቡ።,Warning,4,Warning_09,test
8167,እባክዎ ሂሳቡን ለባልደረባዬ ዛሬ ይላኩልኝ።,Request,0,Request_00,train
8168,ቤቱ ገና ወደ ትምህርት ቤት ነገ ከሰዓት በኋላ አልደረሰኝም።,Complaint,6,Complaint_07,train
8169,በጣም ደግ ነህ ስራ አስኪያጁ፣ በፋብሪካ ምንም እርዳታ አልሰጠኸኝም።,Sarcasm/Irony,5,Sarcasm/Irony_12,train
8170,መምህሩ፣ እንደምን አደርክ ነገ ከሰዓት በኋላ?,Phatic,7,Phatic_01,train
8171,ውሃው ገና ወደ ሱቅ በሚቀጥለው ሳምንት አልደረሰኝም።,Complaint,6,Complaint_07,train
8172,የቡናው ችግር በዚህ ሳምንት ከፖሊሱ ጋር እፈታለሁ።,Promise,8,Promise_11,train
8173,ሂሳቡን በሳምንቱ መጨረሻ ብንሞክር ጥሩ ይሆናል።,Suggestion,3,Suggestion_00,train
8174,እባክዎ ወደ ፋብሪካ በሚቀጥለው አመት ይምጡልኝ።,Request,0,Request_03,test
8175,እባክሽ ካርታውን ነገ ጠዋት አምጪልኝ።,Request,0,Request_09,test
8176,ስለ ማሽኑ ከጋዜጠኛው ጋር ማሰብ ይኖርብናል።,Suggestion,3,Suggestion_03,train
8177,ከደንበኛው ጋር ከጥቂት ደቂቃዎች በኋላ በፋብሪካ እገናኛለሁ።,Promise,8,Promise_04,val
8178,ፋይሉን በጥንቃቄ ከሚኒስትሩ ጋር ብንመረምር ይሻላል።,Suggestion,3,Suggestion_11,val
8179,ከአስተማሪዋ ጋር ስለ ደብዳቤው ጉዳይ መስማማት አልችልም።,Refusal,2,Refusal_06,train
8180,በስብሰባው ወቅት በከተማው ውስጥ ትራፊኩ ከባድ ነው ተጠንቀቁ።,Warning,4,Warning_13,train
8181,ጠበቃው ወደ ከተማው ውስጥ ከጥቂት ደቂቃዎች በኋላ ሄደዋል።,Assertion,1,Assertion_07,train
8182,ፖሊሱ ወደ ሱቅ በሚቀጥለው አመት ሄደዋል።,Assertion,1,Assertion_07,train
8183,ውሉ ገና ወደ መጋዘን ከጥቂት ደቂቃዎች በኋላ አልደረሰኝም።,Complaint,6,Complaint_07,train
8184,መሐንዲሱ ወደ ፋብሪካ ዛሬ ሄደዋል።,Assertion,1,Assertion_07,train
8185,ይህን ምርቱን ከጋዜጠኛው ጋር በጥንቃቄ ያዙ።,Warning,4,Warning_04,val
8186,እንዴት ደስ ይላል፣ መምህሩ እንደገና በሚቀጥለው አመት ዘገዩ።,Sarcasm/Irony,5,Sarcasm/Irony_03,train
8187,እባክዎ ስልኩን ለሚኒስትሩ ከሁለት ቀናት በኋላ ይላኩልኝ።,Request,0,Request_00,train
8188,የጥያቄው ዋጋ ከሰዓት በኋላ ጨምሯል።,Assertion,1,Assertion_12,val
8189,የደብዳቤው ዋጋውን በሳምንቱ መጨረሻ ብንቀንስ ደንበኞች ይጨምራሉ።,Suggestion,3,Suggestion_07,train
8190,ኤጀንሲው ስለ ውሉ ማስጠንቀቂያ ዛሬ ማታ አውጥቷል።,Warning,4,Warning_08,train
8191,የቁልፉ ገመድ በፋብሪካ አደገኛ ነው ተጠንቀቁ።,Warning,4,Warning_07,train
8192,ውሃው በባንክ ይገኛል።,Assertion,1,Assertion_00,test
8193,አስተማሪዋ ወደ ከተማው ውስጥ ዛሬ ማታ ሄደዋል።,Assertion,1,Assertion_07,train
8194,ጤና ይስጥልኝ አለቃዬ፣ ነገ ከሰዓት በኋላ ደህና ነህ?,Phatic,7,Phatic_12,train
8195,አስተማሪዋ ወደ ፍርድ ቤት ከዛሬ ጀምሮ ሄደዋል።,Assertion,1,Assertion_07,train
8196,ውሃው ገና ወደ ሱቅ ከዛሬ ጀምሮ አልደረሰኝም።,Complaint,6,Complaint_07,train
8197,መልእክቱ ገና ወደ ከተማው ውስጥ በዚህ አመት አልደረሰኝም።,Complaint,6,Complaint_07,train
8198,ጋዜጠኛው ወደ መንገድ ላይ ነገ ጠዋት ሄደዋል።,Assertion,1,Assertion_07,train
8199,የስልኩ ወጪውን በመጋዘን ብንቀንስ የተሻለ ነው።,Suggestion,3,Suggestion_13,train
8200,ሚኒስቴሩ ስለ ውሃው ማስጠንቀቂያ ነገ ጠዋት አውጥቷል።,Warning,4,Warning_08,train
8201,እባክህ ለቡናው ይህን ዘዴ በሚቀጥለው ወር ተጠቀም።,Suggestion,3,Suggestion_04,train
8202,አዎ በርግጥ፣ የሚኒስቴሩ እቅድ በበሚቀጥለው ወር በጭራሽ አይከሽፍም።,Sarcasm/Irony,5,Sarcasm/Irony_11,train
8203,አመሰግናለሁ ስራ አስኪያጁ፣ ደህና ዋል በትምህርት ቤት።,Phatic,7,Phatic_08,train
8204,ሚኒስቴሩ ከሁለት ቀናት በኋላ ትርፍ አግኝቷል።,Assertion,1,Assertion_04,test
8205,እባክህ ለልብሱ ይህን ዘዴ ዛሬ ተጠቀም።,Suggestion,3,Suggestion_04,train
8206,እንደምን አለህ በፖሊስ ጣቢያ፣ ስራ አስኪያጁ?,Phatic,7,Phatic_11,val
8207,ከዛሬ ጀምሮ በሱቅ መገኘት አልችልም።,Refusal,2,Refusal_04,val
8208,አመሰግናለሁ አስተማሪዋ፣ ደህና ዋል በሱቅ።,Phatic,7,Phatic_08,train
8209,የዕቃው ችግር ዛሬ ማታ ከነጋዴው ጋር እፈታለሁ።,Promise,8,Promise_11,train
8210,በጣም ትክክለኛ ነው ደንበኛው፣ በሆስፒታል ሁልጊዜ እንደዚህ ይሆናል።,Sarcasm/Irony,5,Sarcasm/Irony_08,val
8211,የትዕዛዙ ችግር በዚህ አመት ከሹፌሩ ጋር እፈታለሁ።,Promise,8,Promise_11,train
8212,አስተማሪዋ፣ ስራ በቢሮ እንዴት ነው?,Phatic,7,Phatic_09,val
8213,ከጋዜጠኛው ጋር በስብሰባው ወቅት በፖሊስ ጣቢያ እገናኛለሁ።,Promise,8,Promise_04,val
8214,እንኳን ወደ ገበያ ደህና መጣህ ፖሊሱ።,Phatic,7,Phatic_04,test
8215,እንኳን ደስ አለህ ነጋዴው ነገ ጠዋት።,Phatic,7,Phatic_07,train
8216,የቦርሳው ወጪውን በሱቅ ብንቀንስ የተሻለ ነው።,Suggestion,3,Suggestion_13,train
8217,ከምሽቱ ጀምሮ በትምህርት ቤት ትራፊኩ ከባድ ነው ተጠንቀቁ።,Warning,4,Warning_13,train
8218,የማሽኑ ዋጋውን ከሰዓት በኋላ ብንቀንስ ደንበኞች ይጨምራሉ።,Suggestion,3,Suggestion_07,train
8219,ኮምፒዩተሩ ገና ወደ መጋዘን በሚቀጥለው ሳምንት አልደረሰኝም።,Complaint,6,Complaint_07,train
8220,መልእክቱ ገና ወደ ባንክ ከሁለት ቀናት በኋላ አልደረሰኝም።,Complaint,6,Complaint_07,train
8221,ፕሮጀክቱን በዚህ ሳምንት ከስራ አስኪያጁ ጋር ብንጀምር ይሻላል።,Suggestion,3,Suggestion_08,val
8222,መሐንዲሱ ወደ ባንክ በሳምንቱ መጨረሻ ሄደዋል።,Assertion,1,Assertion_07,train
8223,በሩ በፖሊስ ጣቢያ ይገኛል።,Assertion,1,Assertion_00,test
8224,እንኳን ደስ አለህ ጓደኛዬ በዚህ አመት።,Phatic,7,Phatic_07,train
8225,የትዕዛዙ ዋጋ ከዛሬ ጀምሮ ጨምሯል።,Assertion,1,Assertion_12,val
8226,ይህን ሪፖርቱን ከዶክተሩ መቀበል አልችልም።,Refusal,2,Refusal_03,train
8227,እንደምን አለህ በገበያ፣ ሹፌሩ?,Phatic,7,Phatic_11,val
8228,ሚኒስቴሩ ነገ ትርፍ አግኝቷል።,Assertion,1,Assertion_04,test
8229,አዎ በርግጥ፣ የኩባንያው እቅድ በበስብሰባው ወቅት በጭራሽ አይከሽፍም።,Sarcasm/Irony,5,Sarcasm/Irony_11,train
8230,እባክዎ ለሹፌሩ ስለ ኮምፒዩተሩ ይንገሩልኝ።,Request,0,Request_04,val
8231,እንኳን ደስ አለህ ደንበኛው፣ ስለ ኮምፒዩተሩ እንደገና ተሳስተሃል።,Sarcasm/Irony,5,Sarcasm/Irony_13,train
8232,ደንበኛው፣ ጤና ይስጥልኝ በትምህርት ቤት።,Phatic,7,Phatic_03,train
8233,እባክህ ለምርቱ ይህን ዘዴ በዚህ ወር ተጠቀም።,Suggestion,3,Suggestion_04,train
8234,ከጥቂት ደቂቃዎች በኋላ በቤት መገኘት አልችልም።,Refusal,2,Refusal_04,val
8235,ይህን ደረሰኙን ያለ መምህሩ ትዕዛዝ አይውሰዱ።,Warning,4,Warning_12,val
8236,እንዴት ጥሩ ነው ጋዜጠኛው፣ ከአንድ ሰዓት በኋላ ደግሞ ዘገየ።,Sarcasm/Irony,5,Sarcasm/Irony_10,val
8237,ጓደኛዬ ለቅሬታዬ ምላሽ ከሁለት ቀናት በኋላ አልሰጡም።,Complaint,6,Complaint_06,val
8238,ደህና በሚቀጥለው አመት ይሁንልህ ፖሊሱ።,Phatic,7,Phatic_02,train
8239,እንኳን ደስ አለህ ሚኒስትሩ ከሰዓት በኋላ።,Phatic,7,Phatic_07,train
8240,ስጦታው በመጋዘን ይገኛል።,Assertion,1,Assertion_00,test
8241,ምርቱን በጥንቃቄ ከሚኒስትሩ ጋር ብንመረምር ይሻላል።,Suggestion,3,Suggestion_11,val
8242,ፕሮጀክቱን ከምሽቱ ጀምሮ ከደንበኛው ጋር ብንጀምር ይሻላል።,Suggestion,3,Suggestion_08,val
8243,በሚቀጥለው ሳምንት ወደ ፍርድ ቤት እደርሳለሁ።,Promise,8,Promise_10,train
8244,ይህን ውሃውን ከሚኒስትሩ መቀበል አልችልም።,Refusal,2,Refusal_03,train
8245,ከጠበቃው ጋር ነገ ጠዋት በፍርድ ቤት እገናኛለሁ።,Promise,8,Promise_04,val
8246,እንደምን አለህ በከተማው ውስጥ፣ ሚኒስትሩ?,Phatic,7,Phatic_11,val
8247,ስለ ፕሮጀክቱ ጉዳይ ከጋዜጠኛው ጋር እንወያይ።,Suggestion,3,Suggestion_10,train
8248,በዚህ አመት በመጋዘን መገኘት አልችልም።,Refusal,2,Refusal_04,val
8249,ጓደኛዬ ወደ ስብሰባ ክፍል ዛሬ ሄደዋል።,Assertion,1,Assertion_07,train
8250,ከመምህሩ ጋር ከሁለት ቀናት በኋላ በትምህርት ቤት እገናኛለሁ።,Promise,8,Promise_04,val
8251,ማዕከሉ ስለ ጥያቄው ማስጠንቀቂያ በዚህ ወር አውጥቷል።,Warning,4,Warning_08,train
8252,እባክዎ ለጋዜጠኛው ካርታውን ያድርሱ።,Request,0,Request_14,test
8253,በጣም ብልህ ነህ ጋዜጠኛው፣ ሪፖርቱን ረሳኸው።,Sarcasm/Irony,5,Sarcasm/Irony_04,train
8254,እሰይ፣ ሌላ ችግር በሆስፒታል ከጥቂት ደቂቃዎች በኋላ፣ ልክ የሚያስፈልገን ይሄው ነበር።,Sarcasm/Irony,5,Sarcasm/Irony_07,train
8255,ስለ ቦርሳው ከጠበቃው ጋር ማሰብ ይኖርብናል።,Suggestion,3,Suggestion_03,train
8256,ቤቱ ገና ወደ ፋብሪካ ከሰዓት በኋላ አልደረሰኝም።,Complaint,6,Complaint_07,train
8257,እርግጠኛ ነኝ አለቃዬ በዚህ ሳምንት ይደርሳሉ፣ እንደ ሁልጊዜው።,Sarcasm/Irony,5,Sarcasm/Irony_05,test
8258,ከሰዓት በኋላ በፍርድ ቤት መገኘት አልችልም።,Refusal,2,Refusal_04,val
8259,እባክዎ ፋይሉን ለስራ አስኪያጁ ከዛሬ ጀምሮ ይላኩልኝ።,Request,0,Request_00,train
8260,ምርቱን በስብሰባው ወቅት ብንሞክር ጥሩ ይሆናል።,Suggestion,3,Suggestion_00,train
8261,እባክዎ ቡናውን ለሹፌሩ ዛሬ ይላኩልኝ።,Request,0,Request_00,train
8262,በዚህ ወር በፖሊስ ጣቢያ ከባድ ዝናብ ሊዘንብ ይችላል ተጠንቀቁ።,Warning,4,Warning_03,test
8263,ይህን ቡናውን ከፖሊሱ ጋር በጥንቃቄ ያዙ።,Warning,4,Warning_04,val
8264,በጣም ትክክለኛ ነው ነጋዴው፣ በባንክ ሁልጊዜ እንደዚህ ይሆናል።,Sarcasm/Irony,5,Sarcasm/Irony_08,val
8265,ማዕከሉ ስለ ቤቱ ማስጠንቀቂያ ከምሽቱ ጀምሮ አውጥቷል።,Warning,4,Warning_08,train
8266,ደህና ሁን ነጋዴው፣ እስከ ከሰዓት በኋላ እንገናኝ።,Phatic,7,Phatic_13,train
8267,ደህና ከዛሬ ጀምሮ ይሁንልህ አለቃዬ።,Phatic,7,Phatic_02,train
8268,ይህን ደረሰኙን ከፖሊሱ መቀበል አልችልም።,Refusal,2,Refusal_03,train
8269,ጎበዝ! በጣም ጥሩ ስራ ሰራህ ባልደረባዬ፣ መጽሐፉን አበላሸኸው።,Sarcasm/Irony,5,Sarcasm/Irony_02,train
8270,ፋብሪካው ቃል የገባውን በሚቀጥለው ሳምንት ያከብራል።,Promise,8,Promise_14,test
8271,የልብሱ ዋጋውን በሳምንቱ መጨረሻ ብንቀንስ ደንበኞች ይጨምራሉ።,Suggestion,3,Suggestion_07,train
8272,እባክዎ ይቅርታ፣ ሂሳቡን ከምሽቱ ጀምሮ ማቅረብ አልችልም።,Refusal,2,Refusal_09,train
8273,ይህን ቦርሳውን ከነጋዴው መቀበል አልችልም።,Refusal,2,Refusal_03,train
8274,እንኳን ደስ አለህ ጋዜጠኛው ከሰዓት በኋላ።,Phatic,7,Phatic_07,train
8275,እባክህ ይቅርታ አድርግልኝ፣ ወደ ቢሮ ከምሽቱ ጀምሮ መምጣት አልችልም።,Refusal,2,Refusal_01,test
8276,እባክህ ለሂሳቡ ይህን ዘዴ ዛሬ ተጠቀም።,Suggestion,3,Suggestion_04,train
8277,መሐንዲሱ ወደ አውሮፕላን ማረፊያ ከሶስት ሰዓት በኋላ ሄደዋል።,Assertion,1,Assertion_07,train
8278,እባክዎ ይቅርታ፣ ስልኩን ነገ ማቅረብ አልችልም።,Refusal,2,Refusal_09,train
8279,ሚኒስትሩ ወደ ገበያ ከአንድ ሰዓት በኋላ ሄደዋል።,Assertion,1,Assertion_07,train
8280,ፖሊሱ ወደ ከተማው ውስጥ በዚህ ወር ሄደዋል።,Assertion,1,Assertion_07,train
8281,እንኳን ደስ አለህ ደንበኛው ከሶስት ሰዓት በኋላ።,Phatic,7,Phatic_07,train
8282,ሰነዱ ገና ወደ መጋዘን ነገ ከሰዓት በኋላ አልደረሰኝም።,Complaint,6,Complaint_07,train
8283,እንደምን አለህ በትምህርት ቤት፣ ዶክተሩ?,Phatic,7,Phatic_11,val
8284,ፋብሪካው ስለ ቦርሳው ማስጠንቀቂያ በሚቀጥለው አመት አውጥቷል።,Warning,4,Warning_08,train
8285,ደህና ሁን ፖሊሱ፣ እስከ ከጥቂት ደቂቃዎች በኋላ እንገናኝ።,Phatic,7,Phatic_13,train
8286,ይቅርታ፣ መጽሐፉን ዛሬ ማድረግ አልችልም።,Refusal,2,Refusal_00,train
8287,ስጦታውን በጥንቃቄ ከዶክተሩ ጋር ብንመረምር ይሻላል።,Suggestion,3,Suggestion_11,val
8288,ለአለቃዬ የገባሁትን ቃል ዛሬ አከብራለሁ።,Promise,8,Promise_08,test
8289,ይህን ስራ ከነጋዴው ጋር አልቀበልም።,Refusal,2,Refusal_12,train
8290,ሰላም ዶክተሩ፣ ነገ ከሰዓት በኋላ እንዴት ነህ?,Phatic,7,Phatic_00,train
8291,እባክዎ ይቅርታ፣ ቤቱን በሳምንቱ መጨረሻ ማቅረብ አልችልም።,Refusal,2,Refusal_09,train
8292,ሹፌሩ ወደ ቤት በዚህ አመት ሄደዋል።,Assertion,1,Assertion_07,train
8293,ደህና እደር ነጋዴው፣ በሳምንቱ መጨረሻ እንገናኝ።,Phatic,7,Phatic_06,train
8294,በጣም ደግ ነህ ጓደኛዬ፣ በፖሊስ ጣቢያ ምንም እርዳታ አልሰጠኸኝም።,Sarcasm/Irony,5,Sarcasm/Irony_12,train
8295,እንኳን ደስ አለህ ስራ አስኪያጁ፣ ስለ በሩ እንደገና ተሳስተሃል።,Sarcasm/Irony,5,Sarcasm/Irony_13,train
8296,እንዴት ጎበዝ ነህ ጋዜጠኛው፣ ማሽኑን ሰብረኸዋል!,Sarcasm/Irony,5,Sarcasm/Irony_00,train
8297,ከአንድ ሰዓት በኋላ በቤት ትራፊኩ ከባድ ነው ተጠንቀቁ።,Warning,4,Warning_13,train
8298,አለቃዬ፣ እንደምን አደርክ በሚቀጥለው ሳምንት?,Phatic,7,Phatic_01,train
8299,ተጠንቀቅ፣ በሚቀጥለው አመት ቤት ውስጥ አደጋ አለ።,Warning,4,Warning_00,val
8300,ከሶስት ሰዓት በኋላ በሱቅ ከባድ ዝናብ ሊዘንብ ይችላል ተጠንቀቁ።,Warning,4,Warning_03,test
8301,ስለ መጽሐፉ ጉዳይ ከስራ አስኪያጁ ጋር እንወያይ።,Suggestion,3,Suggestion_10,train
8302,ጠበቃው ወደ ባንክ ነገ ሄደዋል።,Assertion,1,Assertion_07,train
8303,የኩባንያው ስልክ ነገ አይነሳም።,Complaint,6,Complaint_11,test
8304,እባክዎ ቤቱን ለጠበቃው በስብሰባው ወቅት ይላኩልኝ።,Request,0,Request_00,train
8305,የፋይሉ ችግር በሚቀጥለው ወር ከደንበኛው ጋር እፈታለሁ።,Promise,8,Promise_11,train
8306,ከመሐንዲሱ ጋር ስለ በሩ ጉዳይ መስማማት አልችልም።,Refusal,2,Refusal_06,train
8307,ጠበቃው፣ ቤተሰብ በከተማው ውስጥ እንዴት ናቸው?,Phatic,7,Phatic_05,val
8308,እባክዎ ጥያቄውን ለመሐንዲሱ በዚህ አመት ይላኩልኝ።,Request,0,Request_00,train
8309,ውሃው ገና ወደ መጋዘን በዚህ አመት አልደረሰኝም።,Complaint,6,Complaint_07,train
8310,የመስኮቱ ችግር ከአንድ ሰዓት በኋላ ከጓደኛዬ ጋር እፈታለሁ።,Promise,8,Promise_11,train
8311,በሩ ገና ወደ ቤት ከሶስት ሰዓት በኋላ አልደረሰኝም።,Complaint,6,Complaint_07,train
8312,ኩባንያው ስለ ፕሮጀክቱ ማስጠንቀቂያ ከምሽቱ ጀምሮ አውጥቷል።,Warning,4,Warning_08,train
8313,እባክዎ ይቅርታ፣ ጥያቄውን ከሰዓት በኋላ ማቅረብ አልችልም።,Refusal,2,Refusal_09,train
8314,መምህሩ ወደ ትምህርት ቤት ከሁለት ቀናት በኋላ ሄደዋል።,Assertion,1,Assertion_07,train
8315,አለቃዬ ወደ ስብሰባ ክፍል ከሁለት ቀናት በኋላ ሄደዋል።,Assertion,1,Assertion_07,train
8316,ትዕዛዙ ከመምህሩ አጠገብ አደገኛ ሊሆን ይችላል።,Warning,4,Warning_01,test
8317,ስራው ከሰዓት በኋላ ከስራ አስኪያጁ ጋር አልተጠናቀቀም።,Complaint,6,Complaint_03,test
8318,በሩ ገና ወደ ፋብሪካ ከሶስት ሰዓት በኋላ አልደረሰኝም።,Complaint,6,Complaint_07,train
8319,ደህና እደር መምህሩ፣ በስብሰባው ወቅት እንገናኝ።,Phatic,7,Phatic_06,train
8320,እንኳን አደረሳችሁ ባልደረባዬ፣ በፋብሪካ።,Phatic,7,Phatic_14,test
8321,ፋብሪካው ስለ ሂሳቡ ማስጠንቀቂያ ዛሬ አውጥቷል።,Warning,4,Warning_08,train
8322,ሚኒስቴሩ ስለ ጥያቄው ማስጠንቀቂያ በዚህ ሳምንት አውጥቷል።,Warning,4,Warning_08,train
8323,አስተማሪዋ ወደ ፋብሪካ በሚቀጥለው ወር ሄደዋል።,Assertion,1,Assertion_07,train
8324,ሰላም ጋዜጠኛው፣ ነገ ጠዋት እንዴት ነህ?,Phatic,7,Phatic_00,train
8325,መንግስት ስለ ደብዳቤው ማስጠንቀቂያ በዚህ ወር አውጥቷል።,Warning,4,Warning_08,train
8326,ገንዘቡን ለነጋዴው በዚህ አመት እከፍላለሁ።,Promise,8,Promise_02,test
8327,እንዴት ጎበዝ ነህ ፖሊሱ፣ መልእክቱን ሰብረኸዋል!,Sarcasm/Irony,5,Sarcasm/Irony_00,train
8328,እንደምን አለህ በትምህርት ቤት፣ ሹፌሩ?,Phatic,7,Phatic_11,val
8329,እባክዎ ለነጋዴው ደብዳቤውን ያድርሱ።,Request,0,Request_14,test
8330,ውሉ ገና ወደ ቢሮ ከዛሬ ጀምሮ አልደረሰኝም።,Complaint,6,Complaint_07,train
8331,ለአለቃዬ የገባሁትን ቃል በሚቀጥለው ሳምንት አከብራለሁ።,Promise,8,Promise_08,test
8332,የካርታው ችግር በዚህ አመት ከፖሊሱ ጋር እፈታለሁ።,Promise,8,Promise_11,train
8333,እርግጠኛ ነኝ መምህሩ በሚቀጥለው አመት ይደርሳሉ፣ እንደ ሁልጊዜው።,Sarcasm/Irony,5,Sarcasm/Irony_05,test
8334,እባክዎ ውሉን ለሹፌሩ በዚህ ወር ይላኩልኝ።,Request,0,Request_00,train
8335,በሚቀጥለው ሳምንት በመንገድ ላይ ስብሰባ እናድርግ።,Suggestion,3,Suggestion_02,train
8336,ጎበዝ ስራ አስተማሪዋ፣ መጽሐፉ ሙሉ በሙሉ ፈርሷል።,Sarcasm/Irony,5,Sarcasm/Irony_09,train
8337,የመኪናው ዋጋውን በዚህ ሳምንት ብንቀንስ ደንበኞች ይጨምራሉ።,Suggestion,3,Suggestion_07,train
8338,እባክዎ ይቅርታ፣ ቦርሳውን ከዛሬ ጀምሮ ማቅረብ አልችልም።,Refusal,2,Refusal_09,train
8339,ጋዜጠኛው፣ ቤተሰብ በቢሮ እንዴት ናቸው?,Phatic,7,Phatic_05,val
8340,ፋብሪካው ስለ ጥያቄው ማስጠንቀቂያ ነገ አውጥቷል።,Warning,4,Warning_08,train
8341,እባክዎ ይቅርታ፣ በሩን በሳምንቱ መጨረሻ ማቅረብ አልችልም።,Refusal,2,Refusal_09,train
8342,እንኳን ወደ ፖሊስ ጣቢያ ደህና መጣህ ጠበቃው።,Phatic,7,Phatic_04,test
8343,ጓደኛዬ ወደ ፖሊስ ጣቢያ ከዛሬ ጀምሮ ሄደዋል።,Assertion,1,Assertion_07,train
8344,እባክህ ለደብዳቤው ይህን ዘዴ በዚህ ወር ተጠቀም።,Suggestion,3,Suggestion_04,train
8345,ደብዳቤው ገና ወደ ሆስፒታል ዛሬ ማታ አልደረሰኝም።,Complaint,6,Complaint_07,train
8346,እባክዎ ትዕዛዙን ለሹፌሩ በሚቀጥለው አመት ይላኩልኝ።,Request,0,Request_00,train
8347,እባክዎ በሩን ለጋዜጠኛው ነገ ይላኩልኝ።,Request,0,Request_00,train
8348,በጣም ብልህ ነህ መምህሩ፣ ኮምፒዩተሩን ረሳኸው።,Sarcasm/Irony,5,Sarcasm/Irony_04,train
8349,ከጠበቃው ጋር ስለ ስጦታው ጉዳይ መስማማት አልችልም።,Refusal,2,Refusal_06,train
8350,በትምህርት ቤት በሳምንቱ መጨረሻ ንጽህና ጎድሏል።,Complaint,6,Complaint_13,test
8351,መንግስት ስለ ስልኩ ማስጠንቀቂያ ነገ ከሰዓት በኋላ አውጥቷል።,Warning,4,Warning_08,train
8352,ከደንበኛው ጋር ከምሽቱ ጀምሮ በፍርድ ቤት እገናኛለሁ።,Promise,8,Promise_04,val
8353,እባክህ ለትዕዛዙ ይህን ዘዴ ከአንድ ሰዓት በኋላ ተጠቀም።,Suggestion,3,Suggestion_04,train
8354,ማሽኑን ዛሬ ብንሞክር ጥሩ ይሆናል።,Suggestion,3,Suggestion_00,train
8355,ከደንበኛው ጋር ከጥቂት ደቂቃዎች በኋላ በገበያ እገናኛለሁ።,Promise,8,Promise_04,val
8356,ኩባንያው ስለ ሂሳቡ ማስጠንቀቂያ ዛሬ ማታ አውጥቷል።,Warning,4,Warning_08,train
8357,እባክዎ ቤቱን ለሹፌሩ ከሁለት ቀናት በኋላ ይላኩልኝ።,Request,0,Request_00,train
8358,ሚኒስትሩ ወደ ቢሮ ከሁለት ቀናት በኋላ ሄደዋል።,Assertion,1,Assertion_07,train
8359,ገንዘቡ በአውሮፕላን ማረፊያ ይገኛል።,Assertion,1,Assertion_00,test
8360,በጣም ደግ ነህ ስራ አስኪያጁ፣ በባንክ ምንም እርዳታ አልሰጠኸኝም።,Sarcasm/Irony,5,Sarcasm/Irony_12,train
8361,ከመምህሩ ጋር በሚቀጥለው ወር መነጋገር ይሻላል።,Suggestion,3,Suggestion_06,val
8362,እባክዎ ካርታውን ለዶክተሩ ከአንድ ሰዓት በኋላ ይላኩልኝ።,Request,0,Request_00,train
8363,እባክዎ ወደ ባንክ ነገ ከሰዓት በኋላ ይምጡልኝ።,Request,0,Request_03,test
8364,ኤጀንሲው ስለ ደብዳቤው ማስጠንቀቂያ በዚህ ሳምንት አውጥቷል።,Warning,4,Warning_08,train
8365,መሐንዲሱ ለቅሬታዬ ምላሽ ከሁለት ቀናት በኋላ አልሰጡም።,Complaint,6,Complaint_06,val
8366,ዕቃውን ነገ ከሰዓት በኋላ ብንሞክር ጥሩ ይሆናል።,Suggestion,3,Suggestion_00,train
8367,በመጋዘን ትንሽ እረፍት ነገ ጠዋት ብንወስድ ጥሩ ነው።,Suggestion,3,Suggestion_09,test
8368,ይቅርታ፣ ቡናውን ዛሬ ማድረግ አልችልም።,Refusal,2,Refusal_00,train
8369,ፋብሪካው ስለ ደብዳቤው ማስጠንቀቂያ ከጥቂት ደቂቃዎች በኋላ አውጥቷል።,Warning,4,Warning_08,train
8370,ደንበኛው ወደ ትምህርት ቤት ከሶስት ሰዓት በኋላ ሄደዋል።,Assertion,1,Assertion_07,train
8371,ወደ ባንክ በስብሰባው ወቅት መሄድ አልችልም።,Refusal,2,Refusal_13,test
8372,ማንነትዎን ለማያውቁት ጋዜጠኛው በመጋዘን አይስጡ።,Warning,4,Warning_14,test
8373,የዕቃው ችግር በሳምንቱ መጨረሻ ከጠበቃው ጋር እፈታለሁ።,Promise,8,Promise_11,train
8374,መልእክቱ ገና ወደ መጋዘን በዚህ ሳምንት አልደረሰኝም።,Complaint,6,Complaint_07,train
8375,ድርጅቱ ነገ ጠዋት አዲስ ምርት አስተዋውቋል።,Assertion,1,Assertion_02,val
8376,ስቱዲዮው ስለ ፋይሉ ማስጠንቀቂያ ከጥቂት ደቂቃዎች በኋላ አውጥቷል።,Warning,4,Warning_08,train
8377,ይህን መኪናውን ከሚኒስትሩ ጋር በጥንቃቄ ያዙ።,Warning,4,Warning_04,val
8378,ማዕከሉ ስለ ሂሳቡ ማስጠንቀቂያ ከምሽቱ ጀምሮ አውጥቷል።,Warning,4,Warning_08,train
8379,ስለ ሪፖርቱ ከሚኒስትሩ ጋር ማሰብ ይኖርብናል።,Suggestion,3,Suggestion_03,train
8380,ይቅርታ፣ በሩን በሚቀጥለው ሳምንት ማድረግ አልችልም።,Refusal,2,Refusal_00,train
8381,በሚቀጥለው ወር በከተማው ውስጥ ስብሰባ እናድርግ።,Suggestion,3,Suggestion_02,train
8382,ይቅርታ፣ ቦርሳውን ነገ ጠዋት ማድረግ አልችልም።,Refusal,2,Refusal_00,train
8383,እባክዎ ጥያቄውን ወደ አውሮፕላን ማረፊያ ይላኩ።,Request,0,Request_06,test
8384,ገንዘቡን ለባልደረባዬ ከሁለት ቀናት በኋላ እከፍላለሁ።,Promise,8,Promise_02,test
8385,ከጓደኛዬ ጋር በዚህ አመት በፋብሪካ እገናኛለሁ።,Promise,8,Promise_04,val
8386,ነጋዴው ወደ ቢሮ ከሰዓት በኋላ ሄደዋል።,Assertion,1,Assertion_07,train
8387,ስራው ዛሬ ማታ ተጠናቅቋል።,Assertion,1,Assertion_06,test
8388,ከሚኒስትሩ ጋር ስለ በሩ ጉዳይ መስማማት አልችልም።,Refusal,2,Refusal_06,train
8389,ምርቱ በትምህርት ቤት ይገኛል።,Assertion,1,Assertion_00,test
8390,ወደ ቤት ከአንድ ሰዓት በኋላ መሄድ አልችልም።,Refusal,2,Refusal_13,test
8391,በጣም ደግ ነህ ጓደኛዬ፣ በፍርድ ቤት ምንም እርዳታ አልሰጠኸኝም።,Sarcasm/Irony,5,Sarcasm/Irony_12,train
8392,ውሉ ገና ወደ መንገድ ላይ ከሰዓት በኋላ አልደረሰኝም።,Complaint,6,Complaint_07,train
8393,መንግስት ስለ ውሃው ማስጠንቀቂያ በሳምንቱ መጨረሻ አውጥቷል።,Warning,4,Warning_08,train
8394,ሚኒስቴሩ ስለ መሳሪያው ማስጠንቀቂያ ከሶስት ሰዓት በኋላ አውጥቷል።,Warning,4,Warning_08,train
8395,እባክዎ ይቅርታ፣ ምርቱን ከጥቂት ደቂቃዎች በኋላ ማቅረብ አልችልም።,Refusal,2,Refusal_09,train
8396,እባክዎ ኮምፒዩተሩን ወደ ፋብሪካ ይላኩ።,Request,0,Request_06,test
8397,የመልእክቱ ችግር በስብሰባው ወቅት ከመምህሩ ጋር እፈታለሁ።,Promise,8,Promise_11,train
8398,በሚኒስቴሩ አዲስ ስልት ከሁለት ቀናት በኋላ እንተግብር።,Suggestion,3,Suggestion_14,test
8399,ይቅርታ፣ መሳሪያውን ከሰዓት በኋላ ማድረግ አልችልም።,Refusal,2,Refusal_00,train
8400,የማሽኑ ገመድ በፍርድ ቤት አደገኛ ነው ተጠንቀቁ።,Warning,4,Warning_07,train
8401,ደህና እደር ጠበቃው፣ ነገ ጠዋት እንገናኝ።,Phatic,7,Phatic_06,train
8402,ቦርሳውን በጥንቃቄ ለነጋዴው እይዛለሁ።,Promise,8,Promise_07,train
8403,እባክዎ ፋይሉን ለመምህሩ በሳምንቱ መጨረሻ ይላኩልኝ።,Request,0,Request_00,train
8404,መልእክቱ ገና ወደ ገበያ ከዛሬ ጀምሮ አልደረሰኝም።,Complaint,6,Complaint_07,train
8405,በሆስፒታል ትንሽ እረፍት ከጥቂት ደቂቃዎች በኋላ ብንወስድ ጥሩ ነው።,Suggestion,3,Suggestion_09,test
8406,አለቃዬ፣ ጤና ይስጥልኝ በቤት።,Phatic,7,Phatic_03,train
8407,ማህበሩ በሚቀጥለው ወር ትርፍ አግኝቷል።,Assertion,1,Assertion_04,test
8408,ስብሰባ ክፍል ከሶስት ሰዓት በኋላ ተከፍቷል።,Assertion,1,Assertion_14,train
8409,ስቱዲዮው ስለ ዕቃው ማስጠንቀቂያ ከሁለት ቀናት በኋላ አውጥቷል።,Warning,4,Warning_08,train
8410,ከደንበኛው ጋር ዛሬ ማታ በፖሊስ ጣቢያ እገናኛለሁ።,Promise,8,Promise_04,val
8411,ትዕዛዙ ገና ወደ አውሮፕላን ማረፊያ በሚቀጥለው አመት አልደረሰኝም።,Complaint,6,Complaint_07,train
8412,በጣም ብልህ ነህ መምህሩ፣ ቁልፉን ረሳኸው።,Sarcasm/Irony,5,Sarcasm/Irony_04,train
8413,የትዕዛዙ ችግር ዛሬ ከጓደኛዬ ጋር እፈታለሁ።,Promise,8,Promise_11,train
8414,መምህሩ ወደ መንገድ ላይ በዚህ ሳምንት ሄደዋል።,Assertion,1,Assertion_07,train
8415,እባክዎ ሰነዱን ለጓደኛዬ በዚህ ወር ይላኩልኝ።,Request,0,Request_00,train
8416,ጋዜጠኛው ወደ ፖሊስ ጣቢያ ነገ ጠዋት ሄደዋል።,Assertion,1,Assertion_07,train
8417,ተጠንቀቅ፣ በስብሰባው ወቅት ሱቅ ውስጥ አደጋ አለ።,Warning,4,Warning_00,val
8418,ቤቱ ገና ወደ ስብሰባ ክፍል ከምሽቱ ጀምሮ አልደረሰኝም።,Complaint,6,Complaint_07,train
8419,ነገ በከተማው ውስጥ ትራፊኩ ከባድ ነው ተጠንቀቁ።,Warning,4,Warning_13,train
8420,ጠበቃው፣ እንደምን አደርክ ዛሬ?,Phatic,7,Phatic_01,train
8421,የመኪናው ችግር ከምሽቱ ጀምሮ ከአለቃዬ ጋር እፈታለሁ።,Promise,8,Promise_11,train
8422,እባክዎ ይቅርታ፣ ልብሱን ዛሬ ማታ ማቅረብ አልችልም።,Refusal,2,Refusal_09,train
8423,መልእክቱ ገና ወደ አውሮፕላን ማረፊያ በሚቀጥለው ወር አልደረሰኝም።,Complaint,6,Complaint_07,train
8424,የደብዳቤው ዋጋ በዚህ አመት ጨምሯል።,Assertion,1,Assertion_12,val
8425,መሳሪያው ገና ወደ መንገድ ላይ ከምሽቱ ጀምሮ አልደረሰኝም።,Complaint,6,Complaint_07,train
8426,ስለ ትዕዛዙ ጉዳይ ከባልደረባዬ ጋር እንወያይ።,Suggestion,3,Suggestion_10,train
8427,እባክዎ ትዕዛዙን በዚህ ሳምንት ይላኩልኝ።,Request,0,Request_13,val
8428,በጣም ጎበዝ ነው ማዕከሉ፣ በባንክ ደንበኞችን ችላ ይላል።,Sarcasm/Irony,5,Sarcasm/Irony_06,test
8429,እባክህ ይቅርታ አድርግልኝ፣ ወደ ፋብሪካ ከምሽቱ ጀምሮ መምጣት አልችልም።,Refusal,2,Refusal_01,test
8430,ይቅርታ፣ ካርታውን ከምሽቱ ጀምሮ ማድረግ አልችልም።,Refusal,2,Refusal_00,train
8431,ያልተፈቀደ ግቢ ወደ መጋዘን ከጥቂት ደቂቃዎች በኋላ አይግቡ።,Warning,4,Warning_09,test
8432,ጤና ይስጥልኝ ሹፌሩ፣ በዚህ አመት ደህና ነህ?,Phatic,7,Phatic_12,train
8433,ሂሳቡን በዚህ ወር ብንሞክር ጥሩ ይሆናል።,Suggestion,3,Suggestion_00,train
8434,ሪፖርቱ ገና ወደ ቢሮ ከዛሬ ጀምሮ አልደረሰኝም።,Complaint,6,Complaint_07,train
8435,ዶክተሩ ወደ ባንክ ከሶስት ሰዓት በኋላ ሄደዋል።,Assertion,1,Assertion_07,train
8436,እባክህ ይቅርታ አድርግልኝ፣ ወደ ሱቅ በዚህ ሳምንት መምጣት አልችልም።,Refusal,2,Refusal_01,test
8437,እባክዎ ኮምፒዩተሩን ለፖሊሱ ከሁለት ቀናት በኋላ ይላኩልኝ።,Request,0,Request_00,train
8438,ስብሰባው ያለ ማስታወቂያ ዛሬ ማታ በባንክ ተሰርዟል።,Complaint,6,Complaint_09,test
8439,ዶክተሩ ስብሰባውን ከጥቂት ደቂቃዎች በኋላ መርተዋል።,Assertion,1,Assertion_03,val
8440,እንኳን ደስ አለህ ስራ አስኪያጁ በሚቀጥለው ወር።,Phatic,7,Phatic_07,train
8441,ጓደኛዬ ወደ ባንክ ነገ ከሰዓት በኋላ ሄደዋል።,Assertion,1,Assertion_07,train
8442,እባክዎ ለሹፌሩ ስለ ውሃው ይንገሩልኝ።,Request,0,Request_04,val
8443,ጥንቃቄ ያድርጉ፣ ከዛሬ ጀምሮ ቤት ይንሸራተታል።,Warning,4,Warning_02,train
8444,ጋዜጠኛው፣ እንደምን አደርክ በዚህ ወር?,Phatic,7,Phatic_01,train
8445,ስብሰባው ያለ ማስታወቂያ ከዛሬ ጀምሮ በአውሮፕላን ማረፊያ ተሰርዟል።,Complaint,6,Complaint_09,test
8446,ይህን ሪፖርቱን ያለ ደንበኛው ትዕዛዝ አይውሰዱ።,Warning,4,Warning_12,val
8447,እንዴት ደስ ይላል፣ ጋዜጠኛው እንደገና ከጥቂት ደቂቃዎች በኋላ ዘገዩ።,Sarcasm/Irony,5,Sarcasm/Irony_03,train
8448,የስጦታው ችግር በሚቀጥለው ወር ከደንበኛው ጋር እፈታለሁ።,Promise,8,Promise_11,train
8449,መምህሩ ወደ ፍርድ ቤት በዚህ አመት ሄደዋል።,Assertion,1,Assertion_07,train
8450,ከሹፌሩ ጋር ከዛሬ ጀምሮ በትምህርት ቤት እገናኛለሁ።,Promise,8,Promise_04,val
8451,ጤና ይስጥልኝ ጋዜጠኛው፣ ከሶስት ሰዓት በኋላ ደህና ነህ?,Phatic,7,Phatic_12,train
8452,የስልኩ ዋጋውን ከአንድ ሰዓት በኋላ ብንቀንስ ደንበኞች ይጨምራሉ።,Suggestion,3,Suggestion_07,train
8453,ቡናው ገና ወደ አውሮፕላን ማረፊያ በዚህ ሳምንት አልደረሰኝም።,Complaint,6,Complaint_07,train
8454,ፋብሪካው ስለ ዕቃው ማስጠንቀቂያ በዚህ አመት አውጥቷል።,Warning,4,Warning_08,train
8455,የቡናው ችግር ዛሬ ከጠበቃው ጋር እፈታለሁ።,Promise,8,Promise_11,train
8456,ለጋዜጠኛው የገባሁትን ቃል ነገ ጠዋት አከብራለሁ።,Promise,8,Promise_08,test
8457,ከጥቂት ደቂቃዎች በኋላ በፋብሪካ ትራፊኩ ከባድ ነው ተጠንቀቁ።,Warning,4,Warning_13,train
8458,ሚኒስቴሩ ከአንድ ሰዓት በኋላ ትርፍ አግኝቷል።,Assertion,1,Assertion_04,test
8459,ከመሐንዲሱ ጋር በዚህ አመት በሆስፒታል እገናኛለሁ።,Promise,8,Promise_04,val
8460,ስራ አስኪያጁ ወደ አውሮፕላን ማረፊያ ዛሬ ማታ ሄደዋል።,Assertion,1,Assertion_07,train
8461,እንደምን አለህ በፖሊስ ጣቢያ፣ ጋዜጠኛው?,Phatic,7,Phatic_11,val
8462,ጤና ይስጥልኝ ነጋዴው፣ ከአንድ ሰዓት በኋላ ደህና ነህ?,Phatic,7,Phatic_12,train
8463,ስቱዲዮው ስለ ፋይሉ ማስጠንቀቂያ ከሰዓት በኋላ አውጥቷል።,Warning,4,Warning_08,train
8464,እንኳን ደስ አለህ ሹፌሩ በሚቀጥለው አመት።,Phatic,7,Phatic_07,train
8465,እባክዎ ትዕዛዙን ለአስተማሪዋ ከአንድ ሰዓት በኋላ ይላኩልኝ።,Request,0,Request_00,train
8466,ሹፌሩ ወደ ገበያ በስብሰባው ወቅት ሄደዋል።,Assertion,1,Assertion_07,train
8467,ከነጋዴው ጋር ስለ ውሃው ጉዳይ መስማማት አልችልም።,Refusal,2,Refusal_06,train
8468,ደህና ሁን ጓደኛዬ፣ እስከ በዚህ ወር እንገናኝ።,Phatic,7,Phatic_13,train
8469,ጤና ይስጥልኝ ሚኒስትሩ፣ በዚህ ወር ደህና ነህ?,Phatic,7,Phatic_12,train
8470,እባክዎ ደብዳቤውን ለነጋዴው ከሰዓት በኋላ ይላኩልኝ።,Request,0,Request_00,train
8471,ከጋዜጠኛው ጋር ዛሬ ማታ በከተማው ውስጥ እገናኛለሁ።,Promise,8,Promise_04,val
8472,እንዴት ደስ ይላል፣ ጓደኛዬ እንደገና በዚህ ሳምንት ዘገዩ።,Sarcasm/Irony,5,Sarcasm/Irony_03,train
8473,ይቅርታ፣ ፕሮጀክቱን በስብሰባው ወቅት ማድረግ አልችልም።,Refusal,2,Refusal_00,train
8474,የቤቱ ዋጋ በስብሰባው ወቅት ጨምሯል።,Assertion,1,Assertion_12,val
8475,በሚቀጥለው ወር በከተማው ውስጥ ከባድ ዝናብ ሊዘንብ ይችላል ተጠንቀቁ።,Warning,4,Warning_03,test
8476,ስለ ኮምፒዩተሩ ከመሐንዲሱ ጋር ማሰብ ይኖርብናል።,Suggestion,3,Suggestion_03,train
8477,በአውሮፕላን ማረፊያ ዛሬ ወንጀል ሊፈጸም ይችላል ተጠንቀቁ።,Warning,4,Warning_11,train
8478,ሰላም ደንበኛው፣ ከሰዓት በኋላ እንዴት ነህ?,Phatic,7,Phatic_00,train
8479,እባክዎ ቤቱን ለመሐንዲሱ ከሰዓት በኋላ ይላኩልኝ።,Request,0,Request_00,train
8480,ገንዘብዎን ይጠብቁ፣ በመጋዘን ነገ ከሰዓት በኋላ ስርቆት ተከስቷል።,Warning,4,Warning_05,val
8481,እባክዎ ምርቱን በዚህ ወር ይላኩልኝ።,Request,0,Request_13,val
8482,የምርቱ ችግር በዚህ ወር ከጋዜጠኛው ጋር እፈታለሁ።,Promise,8,Promise_11,train
8483,ካርታው ገና ወደ ቢሮ ነገ አልደረሰኝም።,Complaint,6,Complaint_07,train
8484,እባክዎ ልብሱን ለመሐንዲሱ ነገ ይላኩልኝ።,Request,0,Request_00,train
8485,እባክዎ ቡናውን ለጠበቃው ከጥቂት ደቂቃዎች በኋላ ይላኩልኝ።,Request,0,Request_00,train
8486,ጤና ይስጥልኝ ፖሊሱ፣ ከአንድ ሰዓት በኋላ ደህና ነህ?,Phatic,7,Phatic_12,train
8487,እንኳን አደረሳችሁ ሚኒስትሩ፣ በፖሊስ ጣቢያ።,Phatic,7,Phatic_14,test
8488,ይቅርታ፣ በሩን ዛሬ ማታ ማድረግ አልችልም።,Refusal,2,Refusal_00,train
8489,እንዴት ጎበዝ ነህ መሐንዲሱ፣ ፋይሉን ሰብረኸዋል!,Sarcasm/Irony,5,Sarcasm/Irony_00,train
8490,ባንኩ ስለ ሰነዱ ማስጠንቀቂያ ከሰዓት በኋላ አውጥቷል።,Warning,4,Warning_08,train
8491,እባክዎ ቡናውን ለጓደኛዬ ከምሽቱ ጀምሮ ይላኩልኝ።,Request,0,Request_00,train
8492,እባክዎ ደብዳቤውን ለባልደረባዬ ነገ ጠዋት ይላኩልኝ።,Request,0,Request_00,train
8493,በጣም ውጤታማ ነው ማዕከሉ፣ በበሚቀጥለው አመት ምንም አልተሰራም።,Sarcasm/Irony,5,Sarcasm/Irony_14,val
8494,ጠበቃው፣ ቤተሰብ በትምህርት ቤት እንዴት ናቸው?,Phatic,7,Phatic_05,val
8495,የቤቱ ችግር ዛሬ ማታ ከፖሊሱ ጋር እፈታለሁ።,Promise,8,Promise_11,train
8496,በጣም ብልህ ነህ ዶክተሩ፣ ዕቃውን ረሳኸው።,Sarcasm/Irony,5,Sarcasm/Irony_04,train
8497,የቁልፉ ዋጋ በቤት በጣም ውድ ነው።,Complaint,6,Complaint_05,val
8498,ከሚኒስትሩ ጋር ስለ ደረሰኙ ጉዳይ መስማማት አልችልም።,Refusal,2,Refusal_06,train
8499,አስተማሪዋ ወደ ሱቅ ከምሽቱ ጀምሮ ሄደዋል።,Assertion,1,Assertion_07,train
8500,በሚቀጥለው ሳምንት ወደ ትምህርት ቤት እደርሳለሁ።,Promise,8,Promise_10,train
8501,እባክዎ ቁልፉን ለጋዜጠኛው ከሁለት ቀናት በኋላ ይላኩልኝ።,Request,0,Request_00,train
8502,ጎበዝ ስራ ፖሊሱ፣ ደረሰኙ ሙሉ በሙሉ ፈርሷል።,Sarcasm/Irony,5,Sarcasm/Irony_09,train
8503,ወደ ፖሊስ ጣቢያ በሚቀጥለው ወር እንሂድ።,Suggestion,3,Suggestion_01,test
8504,እባክዎ ዕቃውን ለስራ አስኪያጁ ከዛሬ ጀምሮ ይላኩልኝ።,Request,0,Request_00,train
8505,ማህበሩ ስለ ሰነዱ ማስጠንቀቂያ በሳምንቱ መጨረሻ አውጥቷል።,Warning,4,Warning_08,train
8506,ሪፖርቱ ገና ወደ ሱቅ ከምሽቱ ጀምሮ አልደረሰኝም።,Complaint,6,Complaint_07,train
8507,ይህን ደረሰኙን ከአስተማሪዋ መቀበል አልችልም።,Refusal,2,Refusal_03,train
8508,ሪፖርቱ ጥራት ያለው ነው።,Assertion,1,Assertion_05,test
8509,ስልኩ ገና ወደ አውሮፕላን ማረፊያ ነገ ከሰዓት በኋላ አልደረሰኝም።,Complaint,6,Complaint_07,train
8510,ጥንቃቄ ያድርጉ፣ በሚቀጥለው አመት ስብሰባ ክፍል ይንሸራተታል።,Warning,4,Warning_02,train
8511,ይህ ገንዘቡ ከማዕከሉ ከተገለጸው ጋር አይመሳሰልም።,Complaint,6,Complaint_12,test
8512,እባክዎ ሂሳቡን ለመሐንዲሱ ነገ ይላኩልኝ።,Request,0,Request_00,train
8513,ሰላም፣ በሳምንቱ መጨረሻ ደህና አደርክ?,Phatic,7,Phatic_10,test
8514,እባክህ ይቅርታ አድርግልኝ፣ ወደ ትምህርት ቤት ከምሽቱ ጀምሮ መምጣት አልችልም።,Refusal,2,Refusal_01,test
8515,ሂሳቡ ገና ወደ ቤት ከሰዓት በኋላ አልደረሰኝም።,Complaint,6,Complaint_07,train
8516,ዶክተሩ፣ ስራ በቢሮ እንዴት ነው?,Phatic,7,Phatic_09,val
8517,እባክዎ መሳሪያውን ለዶክተሩ ዛሬ ይላኩልኝ።,Request,0,Request_00,train
8518,እባክዎ ልብሱን ወደ ቢሮ ይላኩ።,Request,0,Request_06,test
8519,ማሽኑ ገና ወደ ፍርድ ቤት በሚቀጥለው ወር አልደረሰኝም።,Complaint,6,Complaint_07,train
8520,አዎ በእርግጥ፣ ስራ አስኪያጁ ከምሽቱ ጀምሮ ትመጣለህ ብዬ አላምንም።,Sarcasm/Irony,5,Sarcasm/Irony_01,test
8521,የማሽኑ ዋጋውን በሳምንቱ መጨረሻ ብንቀንስ ደንበኞች ይጨምራሉ።,Suggestion,3,Suggestion_07,train
8522,ጋዜጠኛው ወደ ሱቅ በዚህ ወር ሄደዋል።,Assertion,1,Assertion_07,train
8523,ፖሊሱ ወደ መንገድ ላይ ከምሽቱ ጀምሮ ሄደዋል።,Assertion,1,Assertion_07,train
8524,ደህና ዛሬ ይሁንልህ ደንበኛው።,Phatic,7,Phatic_02,train
8525,ፕሮጀክቱን ከዛሬ ጀምሮ ብንሞክር ጥሩ ይሆናል።,Suggestion,3,Suggestion_00,train
8526,ፖሊሱ ወደ ከተማው ውስጥ ነገ ከሰዓት በኋላ ሄደዋል።,Assertion,1,Assertion_07,train
8527,ይህን ቦርሳውን ከሹፌሩ መቀበል አልችልም።,Refusal,2,Refusal_03,train
8528,ይህን ስጦታውን ከሚኒስትሩ ጋር በጥንቃቄ ያዙ።,Warning,4,Warning_04,val
8529,ቡናውን በጥንቃቄ ከጓደኛዬ ጋር ብንመረምር ይሻላል።,Suggestion,3,Suggestion_11,val
8530,በጣም ውጤታማ ነው ማዕከሉ፣ በከሰዓት በኋላ ምንም አልተሰራም።,Sarcasm/Irony,5,Sarcasm/Irony_14,val
8531,ሚኒስትሩ ወደ ፋብሪካ ነገ ከሰዓት በኋላ ሄደዋል።,Assertion,1,Assertion_07,train
8532,ጓደኛዬ፣ ቤተሰብ በትምህርት ቤት እንዴት ናቸው?,Phatic,7,Phatic_05,val
8533,ስራ አስኪያጁ ወደ ትምህርት ቤት ነገ ጠዋት ሄደዋል።,Assertion,1,Assertion_07,train
8534,የጥያቄው ችግር በሚቀጥለው ሳምንት ከጓደኛዬ ጋር እፈታለሁ።,Promise,8,Promise_11,train
8535,ይህን ሰነዱን ከስራ አስኪያጁ መቀበል አልችልም።,Refusal,2,Refusal_03,train
8536,ይቅርታ፣ ፕሮጀክቱን ነገ ጠዋት ማድረግ አልችልም።,Refusal,2,Refusal_00,train
8537,እባክዎ በሩን ለባልደረባዬ ነገ ይላኩልኝ።,Request,0,Request_00,train
8538,መስኮቱን በጥንቃቄ ከፖሊሱ ጋር ብንመረምር ይሻላል።,Suggestion,3,Suggestion_11,val
8539,እርግጠኛ ነኝ መምህሩ ከሶስት ሰዓት በኋላ ይደርሳሉ፣ እንደ ሁልጊዜው።,Sarcasm/Irony,5,Sarcasm/Irony_05,test
8540,ባልደረባዬ ወደ ባንክ ዛሬ ማታ ሄደዋል።,Assertion,1,Assertion_07,train
8541,ስብሰባው ያለ ማስታወቂያ ነገ ጠዋት በገበያ ተሰርዟል።,Complaint,6,Complaint_09,test
8542,የመሳሪያው ወጪውን በትምህርት ቤት ብንቀንስ የተሻለ ነው።,Suggestion,3,Suggestion_13,train
8543,ይህን ማሽኑን ከአለቃዬ መቀበል አልችልም።,Refusal,2,Refusal_03,train
8544,ማዕከሉ ከሶስት ሰዓት በኋላ አዲስ ሰራተኞችን ቀጥሯል።,Assertion,1,Assertion_09,train
8545,እንኳን ደስ አለህ ጠበቃው ነገ ከሰዓት በኋላ።,Phatic,7,Phatic_07,train
8546,ለደንበኛው የገባሁትን ቃል ነገ አከብራለሁ።,Promise,8,Promise_08,test
8547,እርግጠኛ ነኝ ጠበቃው በሚቀጥለው ሳምንት ይደርሳሉ፣ እንደ ሁልጊዜው።,Sarcasm/Irony,5,Sarcasm/Irony_05,test
8548,መንግስት ስለ ዕቃው ማስጠንቀቂያ ነገ አውጥቷል።,Warning,4,Warning_08,train
8549,ካርታው ገና ወደ ቤት በሳምንቱ መጨረሻ አልደረሰኝም።,Complaint,6,Complaint_07,train
8550,የደረሰኙ ችግር በዚህ አመት ከነጋዴው ጋር እፈታለሁ።,Promise,8,Promise_11,train
8551,ገንዘቡ ከሚኒስትሩ አጠገብ አደገኛ ሊሆን ይችላል።,Warning,4,Warning_01,test
8552,ቢያንስ አንዴ ካርታውን በከተማው ውስጥ እንሞክር።,Suggestion,3,Suggestion_05,train
8553,አዎ በእርግጥ፣ ጓደኛዬ ነገ ከሰዓት በኋላ ትመጣለህ ብዬ አላምንም።,Sarcasm/Irony,5,Sarcasm/Irony_01,test
8554,ደህና እደር አለቃዬ፣ በዚህ ወር እንገናኝ።,Phatic,7,Phatic_06,train
8555,የደረሰኙ ችግር ዛሬ ማታ ከደንበኛው ጋር እፈታለሁ።,Promise,8,Promise_11,train
8556,በጣም ትክክለኛ ነው መሐንዲሱ፣ በባንክ ሁልጊዜ እንደዚህ ይሆናል።,Sarcasm/Irony,5,Sarcasm/Irony_08,val
8557,ማህበሩ ስለ ደረሰኙ ማስጠንቀቂያ ነገ ጠዋት አውጥቷል።,Warning,4,Warning_08,train
8558,ውሃው ገና ወደ ቤት ከአንድ ሰዓት በኋላ አልደረሰኝም።,Complaint,6,Complaint_07,train
8559,እባክህ ለምርቱ ይህን ዘዴ በዚህ አመት ተጠቀም።,Suggestion,3,Suggestion_04,train
8560,ዕቃው ገና ወደ መንገድ ላይ በዚህ ወር አልደረሰኝም።,Complaint,6,Complaint_07,train
8561,ኤጀንሲው ስለ ሰነዱ ማስጠንቀቂያ በዚህ አመት አውጥቷል።,Warning,4,Warning_08,train
8562,ሰነዱ ገና ወደ ሱቅ ከምሽቱ ጀምሮ አልደረሰኝም።,Complaint,6,Complaint_07,train
8563,ውሃው ገና ወደ መጋዘን ነገ አልደረሰኝም።,Complaint,6,Complaint_07,train
8564,እቅዱን ከጥቂት ደቂቃዎች በኋላ ከፋብሪካው ጋር እናሻሽል።,Suggestion,3,Suggestion_12,train
8565,ይቅርታ፣ በሩን ከሰዓት በኋላ ማድረግ አልችልም።,Refusal,2,Refusal_00,train
8566,መንግስት ስለ መሳሪያው ማስጠንቀቂያ ከአንድ ሰዓት በኋላ አውጥቷል።,Warning,4,Warning_08,train
8567,እባክዎ መኪናውን ለአስተማሪዋ ከዛሬ ጀምሮ ይላኩልኝ።,Request,0,Request_00,train
8568,ደንበኛው ወደ ሱቅ በሚቀጥለው ወር ሄደዋል።,Assertion,1,Assertion_07,train
8569,ደህና ነገ ይሁንልህ ስራ አስኪያጁ።,Phatic,7,Phatic_02,train
8570,እባክዎ ቡናውን ያዘጋጁልኝ።,Request,0,Request_01,val
8571,ክፍያ ብከፍልም ከባንኩ አገልግሎት በሚቀጥለው አመት አላገኘሁም።,Complaint,6,Complaint_10,val
8572,ባልደረባዬ ወደ ቢሮ ነገ ጠዋት ሄደዋል።,Assertion,1,Assertion_07,train
8573,ትዕዛዙ ገና ወደ ከተማው ውስጥ በሳምንቱ መጨረሻ አልደረሰኝም።,Complaint,6,Complaint_07,train
8574,በሳምንቱ መጨረሻ በባንክ መገኘት አልችልም።,Refusal,2,Refusal_04,val
8575,በጣም ብልህ ነህ አስተማሪዋ፣ ቡናውን ረሳኸው።,Sarcasm/Irony,5,Sarcasm/Irony_04,train
8576,ጎበዝ! በጣም ጥሩ ስራ ሰራህ መሐንዲሱ፣ ቁልፉን አበላሸኸው።,Sarcasm/Irony,5,Sarcasm/Irony_02,train
8577,የመስኮቱ ዋጋውን በሳምንቱ መጨረሻ ብንቀንስ ደንበኞች ይጨምራሉ።,Suggestion,3,Suggestion_07,train
8578,በጣም ደግ ነህ መምህሩ፣ በትምህርት ቤት ምንም እርዳታ አልሰጠኸኝም።,Sarcasm/Irony,5,Sarcasm/Irony_12,train
8579,ማዕከሉ ስለ ቡናው ማስጠንቀቂያ ከምሽቱ ጀምሮ አውጥቷል።,Warning,4,Warning_08,train
8580,ቢያንስ አንዴ መጽሐፉን በሆስፒታል እንሞክር።,Suggestion,3,Suggestion_05,train
8581,እባክዎ ይቅርታ፣ ትዕዛዙን ዛሬ ማታ ማቅረብ አልችልም።,Refusal,2,Refusal_09,train
8582,የሰነዱ ችግር ነገ ከጓደኛዬ ጋር እፈታለሁ።,Promise,8,Promise_11,train
8583,ፖሊሱ ወደ አውሮፕላን ማረፊያ ከዛሬ ጀምሮ ሄደዋል።,Assertion,1,Assertion_07,train
8584,የቤቱ ወጪውን በትምህርት ቤት ብንቀንስ የተሻለ ነው።,Suggestion,3,Suggestion_13,train
8585,ሰላም ነጋዴው፣ ዛሬ እንዴት ነህ?,Phatic,7,Phatic_00,train
8586,ዛሬ ማታ በገበያ ከባድ ዝናብ ሊዘንብ ይችላል ተጠንቀቁ።,Warning,4,Warning_03,test
8587,ደረሰኙ ገና ወደ ቢሮ በሳምንቱ መጨረሻ አልደረሰኝም።,Complaint,6,Complaint_07,train
8588,የገንዘቡ ችግር ነገ ጠዋት ከጠበቃው ጋር እፈታለሁ።,Promise,8,Promise_11,train
8589,እባክዎ ፕሮጀክቱን ለፖሊሱ ከዛሬ ጀምሮ ይላኩልኝ።,Request,0,Request_00,train
8590,እባክዎ መጽሐፉን ለሚኒስትሩ ከሶስት ሰዓት በኋላ ይላኩልኝ።,Request,0,Request_00,train
8591,በፋብሪካው አዲስ ስልት ከሶስት ሰዓት በኋላ እንተግብር።,Suggestion,3,Suggestion_14,test
8592,እንዴት ደስ ይላል፣ ጠበቃው እንደገና በዚህ አመት ዘገዩ።,Sarcasm/Irony,5,Sarcasm/Irony_03,train
8593,ፖሊሱ ወደ አውሮፕላን ማረፊያ ነገ ከሰዓት በኋላ ሄደዋል።,Assertion,1,Assertion_07,train
8594,ባልደረባዬ፣ ጤና ይስጥልኝ በቢሮ።,Phatic,7,Phatic_03,train
8595,የፕሮጀክቱ ገመድ በባንክ አደገኛ ነው ተጠንቀቁ።,Warning,4,Warning_07,train
8596,ደንበኛው ወደ ሱቅ በስብሰባው ወቅት ሄደዋል።,Assertion,1,Assertion_07,train
8597,ስራ አስኪያጁ ወደ መጋዘን በሳምንቱ መጨረሻ ሄደዋል።,Assertion,1,Assertion_07,train
8598,መሐንዲሱ ወደ ገበያ ከአንድ ሰዓት በኋላ ሄደዋል።,Assertion,1,Assertion_07,train
8599,ዛሬ ማታ ወደ መጋዘን እመጣለሁ።,Promise,8,Promise_00,train
8600,ሹፌሩ፣ እንደምን አደርክ ነገ ከሰዓት በኋላ?,Phatic,7,Phatic_01,train
8601,ጋዜጠኛው፣ ቤተሰብ በመንገድ ላይ እንዴት ናቸው?,Phatic,7,Phatic_05,val
8602,ኮምፒዩተሩ ገና ወደ ትምህርት ቤት ከዛሬ ጀምሮ አልደረሰኝም።,Complaint,6,Complaint_07,train
8603,ገንዘቡን በጥንቃቄ ከሚኒስትሩ ጋር ብንመረምር ይሻላል።,Suggestion,3,Suggestion_11,val
8604,የትዕዛዙ ዋጋ ከሁለት ቀናት በኋላ ጨምሯል።,Assertion,1,Assertion_12,val
8605,ወደ ቢሮ ነገ እንሂድ።,Suggestion,3,Suggestion_01,test
8606,ከጠበቃው ጋር ስለ ቤቱ ጉዳይ መስማማት አልችልም።,Refusal,2,Refusal_06,train
8607,ከስራ አስኪያጁ ጋር ነገ በከተማው ውስጥ እገናኛለሁ።,Promise,8,Promise_04,val
8608,እንዴት ደስ ይላል፣ ጓደኛዬ እንደገና ከሁለት ቀናት በኋላ ዘገዩ።,Sarcasm/Irony,5,Sarcasm/Irony_03,train
8609,ይቅርታ፣ ኮምፒዩተሩን ከሶስት ሰዓት በኋላ ማድረግ አልችልም።,Refusal,2,Refusal_00,train
8610,እቅዱን ከሁለት ቀናት በኋላ ከሚኒስቴሩ ጋር እናሻሽል።,Suggestion,3,Suggestion_12,train
8611,ይቅርታ፣ ሪፖርቱን ከአንድ ሰዓት በኋላ ማድረግ አልችልም።,Refusal,2,Refusal_00,train
8612,ደህና ሁን ባልደረባዬ፣ እስከ ዛሬ ማታ እንገናኝ።,Phatic,7,Phatic_13,train
8613,እባክዎ ይቅርታ፣ ፋይሉን በዚህ አመት ማቅረብ አልችልም።,Refusal,2,Refusal_09,train
8614,እባክዎ ስጦታውን ለስራ አስኪያጁ ነገ ጠዋት ይላኩልኝ።,Request,0,Request_00,train
8615,መንግስት ቃል የገባውን ዛሬ ማታ አላከበረም።,Complaint,6,Complaint_02,test
8616,እባክዎ መኪናውን ለመሐንዲሱ ነገ ይላኩልኝ።,Request,0,Request_00,train
8617,የሂሳቡ ዋጋ ከሁለት ቀናት በኋላ ጨምሯል።,Assertion,1,Assertion_12,val
8618,ኤጀንሲው ስለ መጽሐፉ ማስጠንቀቂያ በዚህ አመት አውጥቷል።,Warning,4,Warning_08,train
8619,አመሰግናለሁ ባልደረባዬ፣ ደህና ዋል በመንገድ ላይ።,Phatic,7,Phatic_08,train
8620,አዎ በእርግጥ፣ ዶክተሩ ነገ ጠዋት ትመጣለህ ብዬ አላምንም።,Sarcasm/Irony,5,Sarcasm/Irony_01,test
8621,በዚህ ወር በሆስፒታል መገኘት አልችልም።,Refusal,2,Refusal_04,val
8622,እባክዎ መኪናውን ለነጋዴው ከሁለት ቀናት በኋላ ይላኩልኝ።,Request,0,Request_00,train
8623,አዎ በእርግጥ፣ ጓደኛዬ ከሁለት ቀናት በኋላ ትመጣለህ ብዬ አላምንም።,Sarcasm/Irony,5,Sarcasm/Irony_01,test
8624,እባክዎ ሰነዱን ለጓደኛዬ በዚህ ሳምንት ይላኩልኝ።,Request,0,Request_00,train
8625,በኤጀንሲው አዲስ ስልት በዚህ አመት እንተግብር።,Suggestion,3,Suggestion_14,test
8626,ሚኒስትሩ ወደ ባንክ ከሶስት ሰዓት በኋላ ሄደዋል።,Assertion,1,Assertion_07,train
8627,ዶክተሩ ወደ ሱቅ ከሁለት ቀናት በኋላ ሄደዋል።,Assertion,1,Assertion_07,train
8628,መምህሩ ወደ ፍርድ ቤት ከሶስት ሰዓት በኋላ ሄደዋል።,Assertion,1,Assertion_07,train
8629,ከአለቃዬ ጋር በዚህ ሳምንት በሱቅ እገናኛለሁ።,Promise,8,Promise_04,val
8630,የቡናው ችግር በሚቀጥለው አመት ከሹፌሩ ጋር እፈታለሁ።,Promise,8,Promise_11,train
8631,ከነጋዴው ጋር በሚቀጥለው አመት በቢሮ እገናኛለሁ።,Promise,8,Promise_04,val
8632,የሪፖርቱ ዋጋውን ከሁለት ቀናት በኋላ ብንቀንስ ደንበኞች ይጨምራሉ።,Suggestion,3,Suggestion_07,train
8633,በስብሰባው ወቅት ወደ ፖሊስ ጣቢያ እደርሳለሁ።,Promise,8,Promise_10,train
8634,ቤቱ ገና ወደ ባንክ ዛሬ ማታ አልደረሰኝም።,Complaint,6,Complaint_07,train
8635,ጎበዝ! በጣም ጥሩ ስራ ሰራህ ጓደኛዬ፣ ስልኩን አበላሸኸው።,Sarcasm/Irony,5,Sarcasm/Irony_02,train
8636,እንኳን ደስ አለህ ስራ አስኪያጁ ዛሬ።,Phatic,7,Phatic_07,train
8637,ደህና እደር መምህሩ፣ በዚህ አመት እንገናኝ።,Phatic,7,Phatic_06,train
8638,የማዕከሉ ስልክ በስብሰባው ወቅት አይነሳም።,Complaint,6,Complaint_11,test
8639,የሂሳቡ ችግር ከዛሬ ጀምሮ ከመሐንዲሱ ጋር እፈታለሁ።,Promise,8,Promise_11,train
8640,በአውሮፕላን ማረፊያ ትንሽ እረፍት በዚህ ወር ብንወስድ ጥሩ ነው።,Suggestion,3,Suggestion_09,test
8641,እባክህ ለደረሰኙ ይህን ዘዴ በስብሰባው ወቅት ተጠቀም።,Suggestion,3,Suggestion_04,train
8642,እሰይ፣ ሌላ ችግር በፖሊስ ጣቢያ ከሶስት ሰዓት በኋላ፣ ልክ የሚያስፈልገን ይሄው ነበር።,Sarcasm/Irony,5,Sarcasm/Irony_07,train
8643,ከአለቃዬ ጋር ስለ ሪፖርቱ ጉዳይ መስማማት አልችልም።,Refusal,2,Refusal_06,train
8644,ከመሐንዲሱ ጋር በዚህ ሳምንት በመንገድ ላይ እገናኛለሁ።,Promise,8,Promise_04,val
8645,ጓደኛዬ ወደ ቤት በስብሰባው ወቅት ሄደዋል።,Assertion,1,Assertion_07,train
8646,አዎ በርግጥ፣ የኩባንያው እቅድ በከዛሬ ጀምሮ በጭራሽ አይከሽፍም።,Sarcasm/Irony,5,Sarcasm/Irony_11,train
8647,ወደ ፋብሪካ ከምሽቱ ጀምሮ እንሂድ።,Suggestion,3,Suggestion_01,test
8648,በቢሮ ትንሽ እረፍት ከሁለት ቀናት በኋላ ብንወስድ ጥሩ ነው።,Suggestion,3,Suggestion_09,test
8649,እባክዎ ውሃውን ለጓደኛዬ በሚቀጥለው ሳምንት ይላኩልኝ።,Request,0,Request_00,train
8650,በጣም ውጤታማ ነው ማዕከሉ፣ በበዚህ ወር ምንም አልተሰራም።,Sarcasm/Irony,5,Sarcasm/Irony_14,val
8651,እባክዎ መሳሪያውን ለመሐንዲሱ ነገ ከሰዓት በኋላ ይላኩልኝ።,Request,0,Request_00,train
8652,ደብዳቤው ገና ወደ መንገድ ላይ ከዛሬ ጀምሮ አልደረሰኝም።,Complaint,6,Complaint_07,train
8653,ውሉ ገና ወደ ከተማው ውስጥ ነገ ጠዋት አልደረሰኝም።,Complaint,6,Complaint_07,train
8654,እባክዎ ስለ ምርቱ መረጃ ይስጡኝ።,Request,0,Request_11,test
8655,እባክህ ይቅርታ አድርግልኝ፣ ወደ ትምህርት ቤት ዛሬ ማታ መምጣት አልችልም።,Refusal,2,Refusal_01,test
8656,የመኪናው ችግር ከዛሬ ጀምሮ ከስራ አስኪያጁ ጋር እፈታለሁ።,Promise,8,Promise_11,train
8657,ደንበኛው ወደ ቤት ከሶስት ሰዓት በኋላ ሄደዋል።,Assertion,1,Assertion_07,train
8658,ጎበዝ ስራ ጓደኛዬ፣ ዕቃው ሙሉ በሙሉ ፈርሷል።,Sarcasm/Irony,5,Sarcasm/Irony_09,train
8659,የመኪናው ወጪውን በስብሰባ ክፍል ብንቀንስ የተሻለ ነው።,Suggestion,3,Suggestion_13,train
8660,ውሉ ገና ወደ ቤት በሚቀጥለው ሳምንት አልደረሰኝም።,Complaint,6,Complaint_07,train
8661,ከባልደረባዬ ጋር በሚቀጥለው አመት በፖሊስ ጣቢያ እገናኛለሁ።,Promise,8,Promise_04,val
8662,ፕሮጀክቱ በገበያ ይገኛል።,Assertion,1,Assertion_00,test
8663,የምርቱ ችግር ዛሬ ማታ ከአለቃዬ ጋር እፈታለሁ።,Promise,8,Promise_11,train
8664,ድርጅቱ በሚቀጥለው አመት አዲስ ሰራተኞችን ቀጥሯል።,Assertion,1,Assertion_09,train
8665,በቤት ትንሽ እረፍት በዚህ ወር ብንወስድ ጥሩ ነው።,Suggestion,3,Suggestion_09,test
8666,ጎበዝ! በጣም ጥሩ ስራ ሰራህ ጋዜጠኛው፣ ደረሰኙን አበላሸኸው።,Sarcasm/Irony,5,Sarcasm/Irony_02,train
8667,አዎ በእርግጥ፣ መምህሩ በሚቀጥለው ሳምንት ትመጣለህ ብዬ አላምንም።,Sarcasm/Irony,5,Sarcasm/Irony_01,test
8668,ማዕከሉ ስለ ፋይሉ ማስጠንቀቂያ በዚህ ወር አውጥቷል።,Warning,4,Warning_08,train
8669,እባክዎ ገንዘቡን ለስራ አስኪያጁ ከአንድ ሰዓት በኋላ ይላኩልኝ።,Request,0,Request_00,train
8670,ደህና ሁን ደንበኛው፣ እስከ ነገ ከሰዓት በኋላ እንገናኝ።,Phatic,7,Phatic_13,train
8671,ባንኩ ስለ ቡናው ማስጠንቀቂያ ከጥቂት ደቂቃዎች በኋላ አውጥቷል።,Warning,4,Warning_08,train
8672,ወደ ትምህርት ቤት ዛሬ ማታ መሄድ አልችልም።,Refusal,2,Refusal_13,test
8673,እባክዎ ይቅርታ፣ ጥያቄውን በስብሰባው ወቅት ማቅረብ አልችልም።,Refusal,2,Refusal_09,train
8674,ስለ ሪፖርቱ ከደንበኛው ጋር ማሰብ ይኖርብናል።,Suggestion,3,Suggestion_03,train
8675,እንኳን አደረሳችሁ ደንበኛው፣ በፍርድ ቤት።,Phatic,7,Phatic_14,test
8676,ጠበቃው ወደ አውሮፕላን ማረፊያ ዛሬ ማታ ሄደዋል።,Assertion,1,Assertion_07,train
8677,ከባልደረባዬ ጋር ከአንድ ሰዓት በኋላ በቤት እገናኛለሁ።,Promise,8,Promise_04,val
8678,እባክዎ ቡናውን ለአለቃዬ በዚህ አመት ይላኩልኝ።,Request,0,Request_00,train
8679,ሚኒስቴሩ ስለ ሰነዱ ማስጠንቀቂያ ነገ ከሰዓት በኋላ አውጥቷል።,Warning,4,Warning_08,train
8680,እንደምን አለህ በቤት፣ ሚኒስትሩ?,Phatic,7,Phatic_11,val
8681,በሚቀጥለው ሳምንት በፋብሪካ መገኘት አልችልም።,Refusal,2,Refusal_04,val
8682,ትዕዛዙ ከፖሊሱ አጠገብ አደገኛ ሊሆን ይችላል።,Warning,4,Warning_01,test
8683,ደንበኛው፣ እንደምን አደርክ በዚህ አመት?,Phatic,7,Phatic_01,train
8684,ወደ ባንክ ከጥቂት ደቂቃዎች በኋላ መሄድ አልችልም።,Refusal,2,Refusal_13,test
8685,እባክዎ መስኮቱን ለስራ አስኪያጁ ነገ ከሰዓት በኋላ ይላኩልኝ።,Request,0,Request_00,train
8686,ከጠበቃው ጋር ስለ በሩ ጉዳይ መስማማት አልችልም።,Refusal,2,Refusal_06,train
8687,ሂሳቡ ገና ወደ አውሮፕላን ማረፊያ ከሰዓት በኋላ አልደረሰኝም።,Complaint,6,Complaint_07,train
8688,በከተማው ውስጥ ትንሽ እረፍት በዚህ ሳምንት ብንወስድ ጥሩ ነው።,Suggestion,3,Suggestion_09,test
8689,ገንዘብዎን ይጠብቁ፣ በትምህርት ቤት ነገ ከሰዓት በኋላ ስርቆት ተከስቷል።,Warning,4,Warning_05,val
8690,ገንዘቡን ለጠበቃው ነገ ከሰዓት በኋላ እከፍላለሁ።,Promise,8,Promise_02,test
8691,ከአንድ ሰዓት በኋላ በፋብሪካ መገኘት አልችልም።,Refusal,2,Refusal_04,val
8692,በጣም ትክክለኛ ነው ደንበኛው፣ በፋብሪካ ሁልጊዜ እንደዚህ ይሆናል።,Sarcasm/Irony,5,Sarcasm/Irony_08,val
8693,ይህን መስኮቱን ከስራ አስኪያጁ መቀበል አልችልም።,Refusal,2,Refusal_03,train
8694,እንዴት ጥሩ ነው ዶክተሩ፣ ነገ ከሰዓት በኋላ ደግሞ ዘገየ።,Sarcasm/Irony,5,Sarcasm/Irony_10,val
8695,እባክዎ ገንዘቡን ለአለቃዬ ከሁለት ቀናት በኋላ ይላኩልኝ።,Request,0,Request_00,train
8696,ከአለቃዬ ጋር በዚህ አመት በሆስፒታል እገናኛለሁ።,Promise,8,Promise_04,val
8697,ይቅርታ፣ ገንዘቡን ነገ ከሰዓት በኋላ ማድረግ አልችልም።,Refusal,2,Refusal_00,train
8698,ከነጋዴው ጋር ከምሽቱ ጀምሮ በሆስፒታል እገናኛለሁ።,Promise,8,Promise_04,val
8699,ደህና ነገ ከሰዓት በኋላ ይሁንልህ ደንበኛው።,Phatic,7,Phatic_02,train
8700,እባክዎ መስኮቱን ለአለቃዬ በዚህ አመት ይላኩልኝ።,Request,0,Request_00,train
8701,በጣም ውጤታማ ነው ሚኒስቴሩ፣ በዛሬ ምንም አልተሰራም።,Sarcasm/Irony,5,Sarcasm/Irony_14,val
8702,እንኳን አደረሳችሁ ነጋዴው፣ በባንክ።,Phatic,7,Phatic_14,test
8703,አስተማሪዋ ወደ ፖሊስ ጣቢያ ዛሬ ሄደዋል።,Assertion,1,Assertion_07,train
8704,ዶክተሩ ወደ ፍርድ ቤት በዚህ ወር ሄደዋል።,Assertion,1,Assertion_07,train
8705,እባክህ ለቦርሳው ይህን ዘዴ ከምሽቱ ጀምሮ ተጠቀም።,Suggestion,3,Suggestion_04,train
8706,በሩን በጥንቃቄ ለደንበኛው እይዛለሁ።,Promise,8,Promise_07,train
8707,የመጽሐፉ ችግር ከዛሬ ጀምሮ ከአስተማሪዋ ጋር እፈታለሁ።,Promise,8,Promise_11,train
8708,እባክዎ በሩን ወደ ፖሊስ ጣቢያ ይላኩ።,Request,0,Request_06,test
8709,እንዴት ደስ ይላል፣ ሚኒስትሩ እንደገና በዚህ ወር ዘገዩ።,Sarcasm/Irony,5,Sarcasm/Irony_03,train
8710,ደህና ሁን አለቃዬ፣ እስከ በስብሰባው ወቅት እንገናኝ።,Phatic,7,Phatic_13,train
8711,አመሰግናለሁ ዶክተሩ፣ ደህና ዋል በመጋዘን።,Phatic,7,Phatic_08,train
8712,እባክዎ ምርቱን ለባልደረባዬ በዚህ ወር ይላኩልኝ።,Request,0,Request_00,train
8713,እንኳን አደረሳችሁ ጠበቃው፣ በአውሮፕላን ማረፊያ።,Phatic,7,Phatic_14,test
8714,እባክህ ለመሳሪያው ይህን ዘዴ ዛሬ ተጠቀም።,Suggestion,3,Suggestion_04,train
8715,ፖሊሱ ወደ ገበያ በዚህ አመት ሄደዋል።,Assertion,1,Assertion_07,train
8716,መሐንዲሱ ወደ ቤት በዚህ ወር ሄደዋል።,Assertion,1,Assertion_07,train
8717,በጣም ጎበዝ ነው ስቱዲዮው፣ በሱቅ ደንበኞችን ችላ ይላል።,Sarcasm/Irony,5,Sarcasm/Irony_06,test
8718,እሰይ፣ ሌላ ችግር በቢሮ ከጥቂት ደቂቃዎች በኋላ፣ ልክ የሚያስፈልገን ይሄው ነበር።,Sarcasm/Irony,5,Sarcasm/Irony_07,train
8719,እባክዎ ሪፖርቱን ለጓደኛዬ ነገ ከሰዓት በኋላ ይላኩልኝ።,Request,0,Request_00,train
8720,ልብሱን በጥንቃቄ ለሹፌሩ እይዛለሁ።,Promise,8,Promise_07,train
8721,ድርጅቱ ስለ ገንዘቡ ማስጠንቀቂያ ዛሬ ማታ አውጥቷል።,Warning,4,Warning_08,train
8722,እንደምን አለህ በአውሮፕላን ማረፊያ፣ ጠበቃው?,Phatic,7,Phatic_11,val
8723,ባልደረባዬ ወደ ሆስፒታል ዛሬ ሄደዋል።,Assertion,1,Assertion_07,train
8724,ከነጋዴው ጋር በስብሰባው ወቅት በመጋዘን እገናኛለሁ።,Promise,8,Promise_04,val
8725,ኮምፒዩተሩ ገና ወደ ሆስፒታል በዚህ ወር አልደረሰኝም።,Complaint,6,Complaint_07,train
8726,የካርታው ችግር በስብሰባው ወቅት ከስራ አስኪያጁ ጋር እፈታለሁ።,Promise,8,Promise_11,train
8727,አዎ በእርግጥ፣ መምህሩ ዛሬ ትመጣለህ ብዬ አላምንም።,Sarcasm/Irony,5,Sarcasm/Irony_01,test
8728,የኮምፒዩተሩ ወጪውን በትምህርት ቤት ብንቀንስ የተሻለ ነው።,Suggestion,3,Suggestion_13,train
8729,አዎ በእርግጥ፣ መምህሩ ከዛሬ ጀምሮ ትመጣለህ ብዬ አላምንም።,Sarcasm/Irony,5,Sarcasm/Irony_01,test
8730,የጥያቄው ወጪውን በፋብሪካ ብንቀንስ የተሻለ ነው።,Suggestion,3,Suggestion_13,train
8731,እባክዎ ልብሱን ለመሐንዲሱ ነገ ከሰዓት በኋላ ይላኩልኝ።,Request,0,Request_00,train
8732,ወደ ገበያ ከምሽቱ ጀምሮ ብቻዎን አይሂዱ።,Warning,4,Warning_06,test
8733,የፋይሉ ችግር በሚቀጥለው ሳምንት ከደንበኛው ጋር እፈታለሁ።,Promise,8,Promise_11,train
8734,የፕሮጀክቱ ዋጋውን ነገ ጠዋት ብንቀንስ ደንበኞች ይጨምራሉ።,Suggestion,3,Suggestion_07,train
8735,እንዴት ጥሩ ነው ባልደረባዬ፣ በስብሰባው ወቅት ደግሞ ዘገየ።,Sarcasm/Irony,5,Sarcasm/Irony_10,val
8736,ይቅርታ፣ ቡናውን ነገ ማድረግ አልችልም።,Refusal,2,Refusal_00,train
8737,እባክዎ ይቅርታ፣ ደረሰኙን ከአንድ ሰዓት በኋላ ማቅረብ አልችልም።,Refusal,2,Refusal_09,train
8738,እባክዎ ይቅርታ፣ ትዕዛዙን ነገ ጠዋት ማቅረብ አልችልም።,Refusal,2,Refusal_09,train
8739,ከመምህሩ ጋር ስለ ትዕዛዙ ጉዳይ መስማማት አልችልም።,Refusal,2,Refusal_06,train
8740,ነገ ከሰዓት በኋላ በባንክ ስብሰባ እናድርግ።,Suggestion,3,Suggestion_02,train
8741,ጎበዝ! በጣም ጥሩ ስራ ሰራህ ሹፌሩ፣ መሳሪያውን አበላሸኸው።,Sarcasm/Irony,5,Sarcasm/Irony_02,train
8742,እንኳን ደስ አለህ ሹፌሩ ከዛሬ ጀምሮ።,Phatic,7,Phatic_07,train
8743,በመንግስት አዲስ ስልት ከዛሬ ጀምሮ እንተግብር።,Suggestion,3,Suggestion_14,test
8744,እንኳን ደስ አለህ ሚኒስትሩ ከሁለት ቀናት በኋላ።,Phatic,7,Phatic_07,train
8745,ቢያንስ አንዴ መስኮቱን በአውሮፕላን ማረፊያ እንሞክር።,Suggestion,3,Suggestion_05,train
8746,ስጦታው ገና ወደ ባንክ ዛሬ ማታ አልደረሰኝም።,Complaint,6,Complaint_07,train
8747,መሐንዲሱ ወደ መጋዘን ከጥቂት ደቂቃዎች በኋላ ሄደዋል።,Assertion,1,Assertion_07,train
8748,ጤና ይስጥልኝ ሚኒስትሩ፣ በዚህ አመት ደህና ነህ?,Phatic,7,Phatic_12,train
8749,ደብዳቤው ገና ወደ ገበያ በዚህ አመት አልደረሰኝም።,Complaint,6,Complaint_07,train
8750,ጎበዝ! በጣም ጥሩ ስራ ሰራህ ባልደረባዬ፣ ስልኩን አበላሸኸው።,Sarcasm/Irony,5,Sarcasm/Irony_02,train
8751,ጠበቃው፣ እንደምን አደርክ በስብሰባው ወቅት?,Phatic,7,Phatic_01,train
8752,ስጦታው ገና ወደ አውሮፕላን ማረፊያ በሚቀጥለው አመት አልደረሰኝም።,Complaint,6,Complaint_07,train
8753,ጓደኛዬ ስብሰባውን ከሶስት ሰዓት በኋላ መርተዋል።,Assertion,1,Assertion_03,val
8754,እባክዎ ፋይሉን ለሚኒስትሩ በሚቀጥለው ሳምንት ይላኩልኝ።,Request,0,Request_00,train
8755,በሳምንቱ መጨረሻ ወደ ቤት እመጣለሁ።,Promise,8,Promise_00,train
8756,ሰነዱን ከሶስት ሰዓት በኋላ ብንሞክር ጥሩ ይሆናል።,Suggestion,3,Suggestion_00,train
8757,ጥንቃቄ ያድርጉ፣ ከሁለት ቀናት በኋላ መጋዘን ይንሸራተታል።,Warning,4,Warning_02,train
8758,እባክዎ ለነጋዴው ትዕዛዙን ያድርሱ።,Request,0,Request_14,test
8759,ይቅርታ፣ ቦርሳውን ከሶስት ሰዓት በኋላ ማድረግ አልችልም።,Refusal,2,Refusal_00,train
8760,የመሳሪያው ዋጋውን በዚህ አመት ብንቀንስ ደንበኞች ይጨምራሉ።,Suggestion,3,Suggestion_07,train
8761,ነጋዴው ወደ ቢሮ በዚህ ወር ሄደዋል።,Assertion,1,Assertion_07,train
8762,ሰላም ደንበኛው፣ ከምሽቱ ጀምሮ እንዴት ነህ?,Phatic,7,Phatic_00,train
8763,እባክዎ ልብሱን ለመሐንዲሱ ከሁለት ቀናት በኋላ ይላኩልኝ።,Request,0,Request_00,train
8764,የስጦታው ችግር ዛሬ ከጓደኛዬ ጋር እፈታለሁ።,Promise,8,Promise_11,train
8765,መኪናውን ነገ ብንሞክር ጥሩ ይሆናል።,Suggestion,3,Suggestion_00,train
8766,የውሉ ችግር በዚህ ወር ከነጋዴው ጋር እፈታለሁ።,Promise,8,Promise_11,train
8767,የደረሰኙ ችግር በዚህ ወር ከመምህሩ ጋር እፈታለሁ።,Promise,8,Promise_11,train
8768,ሚኒስትሩ ወደ መጋዘን ከሁለት ቀናት በኋላ ሄደዋል።,Assertion,1,Assertion_07,train
8769,መስኮቱ ገና ወደ ሱቅ ነገ ከሰዓት በኋላ አልደረሰኝም።,Complaint,6,Complaint_07,train
8770,ደህና ሁን ጋዜጠኛው፣ እስከ በስብሰባው ወቅት እንገናኝ።,Phatic,7,Phatic_13,train
8771,ከጠበቃው ጋር ስለ ውሉ ጉዳይ መስማማት አልችልም።,Refusal,2,Refusal_06,train
8772,መኪናው ገና ወደ አውሮፕላን ማረፊያ ከጥቂት ደቂቃዎች በኋላ አልደረሰኝም።,Complaint,6,Complaint_07,train
8773,እባክዎ ቁልፉን ለጠበቃው በስብሰባው ወቅት ይላኩልኝ።,Request,0,Request_00,train
8774,ደረሰኙ ገና ወደ ትምህርት ቤት ከአንድ ሰዓት በኋላ አልደረሰኝም።,Complaint,6,Complaint_07,train
8775,ፖሊሱ ወደ ፍርድ ቤት ከሶስት ሰዓት በኋላ ሄደዋል።,Assertion,1,Assertion_07,train
8776,ስለ ቤቱ ከመሐንዲሱ ጋር ማሰብ ይኖርብናል።,Suggestion,3,Suggestion_03,train
8777,ስቱዲዮው ስለ ሰነዱ ማስጠንቀቂያ ነገ ከሰዓት በኋላ አውጥቷል።,Warning,4,Warning_08,train
8778,መስኮቱ ገና ወደ መንገድ ላይ ነገ ከሰዓት በኋላ አልደረሰኝም።,Complaint,6,Complaint_07,train
8779,እንኳን ደስ አለህ ዶክተሩ ከሰዓት በኋላ።,Phatic,7,Phatic_07,train
8780,ጋዜጠኛው፣ ጤና ይስጥልኝ በሆስፒታል።,Phatic,7,Phatic_03,train
8781,የቡናው ዋጋውን በዚህ አመት ብንቀንስ ደንበኞች ይጨምራሉ።,Suggestion,3,Suggestion_07,train
8782,መስኮቱ ገና ወደ አውሮፕላን ማረፊያ ከሶስት ሰዓት በኋላ አልደረሰኝም።,Complaint,6,Complaint_07,train
8783,ሰላም ሹፌሩ፣ ከሰዓት በኋላ እንዴት ነህ?,Phatic,7,Phatic_00,train
8784,ጠበቃው፣ ስራ በቢሮ እንዴት ነው?,Phatic,7,Phatic_09,val
8785,እባክሽ ሪፖርቱን ከጥቂት ደቂቃዎች በኋላ አምጪልኝ።,Request,0,Request_09,test
8786,የፋይሉ ችግር በሚቀጥለው ወር ከነጋዴው ጋር እፈታለሁ።,Promise,8,Promise_11,train
8787,ዶክተሩ፣ እንደምን አደርክ ከምሽቱ ጀምሮ?,Phatic,7,Phatic_01,train
8788,ከጠበቃው ጋር ስለ መሳሪያው ጉዳይ መስማማት አልችልም።,Refusal,2,Refusal_06,train
8789,የኮምፒዩተሩ ችግር ከሰዓት በኋላ ከጋዜጠኛው ጋር እፈታለሁ።,Promise,8,Promise_11,train
8790,ደህና እደር ጓደኛዬ፣ ነገ ከሰዓት በኋላ እንገናኝ።,Phatic,7,Phatic_06,train
8791,ስብሰባ ክፍል ከሁለት ቀናት በኋላ ተከፍቷል።,Assertion,1,Assertion_14,train
8792,ከሁለት ቀናት በኋላ በሱቅ ስብሰባ እናድርግ።,Suggestion,3,Suggestion_02,train
8793,ስለ ካርታው ጉዳይ ከመሐንዲሱ ጋር እንወያይ።,Suggestion,3,Suggestion_10,train
8794,ወደ መንገድ ላይ ከዛሬ ጀምሮ እንሂድ።,Suggestion,3,Suggestion_01,test
8795,እባክዎ ይቅርታ፣ ፋይሉን በዚህ ሳምንት ማቅረብ አልችልም።,Refusal,2,Refusal_09,train
8796,የዕቃው ወጪውን በመንገድ ላይ ብንቀንስ የተሻለ ነው።,Suggestion,3,Suggestion_13,train
8797,ከአስተማሪዋ ጋር ስለ ውሃው ጉዳይ መስማማት አልችልም።,Refusal,2,Refusal_06,train
8798,የምርቱ ችግር ነገ ጠዋት ከጓደኛዬ ጋር እፈታለሁ።,Promise,8,Promise_11,train
8799,እባክዎ ዕቃውን በሚቀጥለው አመት ይላኩልኝ።,Request,0,Request_13,val
8800,እባክዎ ውሉን ለመምህሩ ከምሽቱ ጀምሮ ይላኩልኝ።,Request,0,Request_00,train
8801,ስልኩ ገና ወደ ባንክ ከአንድ ሰዓት በኋላ አልደረሰኝም።,Complaint,6,Complaint_07,train
8802,እሰይ፣ ሌላ ችግር በቤት ነገ ጠዋት፣ ልክ የሚያስፈልገን ይሄው ነበር።,Sarcasm/Irony,5,Sarcasm/Irony_07,train
8803,እባክዎ በሩን ለመምህሩ በሚቀጥለው አመት ይላኩልኝ።,Request,0,Request_00,train
8804,ቡናው ገና ወደ ቢሮ ዛሬ አልደረሰኝም።,Complaint,6,Complaint_07,train
8805,በጣም ጎበዝ ነው ባንኩ፣ በፍርድ ቤት ደንበኞችን ችላ ይላል።,Sarcasm/Irony,5,Sarcasm/Irony_06,test
8806,እባክዎ ይቅርታ፣ ውሃውን ከሶስት ሰዓት በኋላ ማቅረብ አልችልም።,Refusal,2,Refusal_09,train
8807,እባክዎ ይቅርታ፣ ቡናውን ከአንድ ሰዓት በኋላ ማቅረብ አልችልም።,Refusal,2,Refusal_09,train
8808,ደንበኛው፣ ቤተሰብ በስብሰባ ክፍል እንዴት ናቸው?,Phatic,7,Phatic_05,val
8809,እባክዎ ይቅርታ፣ ቤቱን ከአንድ ሰዓት በኋላ ማቅረብ አልችልም።,Refusal,2,Refusal_09,train
8810,እባክሽ ዕቃውን ነገ ከሰዓት በኋላ አምጪልኝ።,Request,0,Request_09,test
8811,ስራ አስኪያጁ ወደ ገበያ ከምሽቱ ጀምሮ ሄደዋል።,Assertion,1,Assertion_07,train
8812,የልብሱ ችግር በሚቀጥለው ሳምንት ከጠበቃው ጋር እፈታለሁ።,Promise,8,Promise_11,train
8813,እባክህ ለበሩ ይህን ዘዴ ከሶስት ሰዓት በኋላ ተጠቀም።,Suggestion,3,Suggestion_04,train
8814,እባክዎ ለአለቃዬ ጥያቄውን ያድርሱ።,Request,0,Request_14,test
8815,እባክህ ሰነዱን ስጠኝ።,Request,0,Request_08,val
8816,ቡናው ገና ወደ ፖሊስ ጣቢያ ከሰዓት በኋላ አልደረሰኝም።,Complaint,6,Complaint_07,train
8817,የስጦታው ችግር ከጥቂት ደቂቃዎች በኋላ ከአስተማሪዋ ጋር እፈታለሁ።,Promise,8,Promise_11,train
8818,እባክዎ ይቅርታ፣ ሪፖርቱን ከሶስት ሰዓት በኋላ ማቅረብ አልችልም።,Refusal,2,Refusal_09,train
8819,የማሽኑ ችግር ከሁለት ቀናት በኋላ ከጋዜጠኛው ጋር እፈታለሁ።,Promise,8,Promise_11,train
8820,እባክዎ በሳምንቱ መጨረሻ ወደ ባንክ ይድረሱልኝ።,Request,0,Request_07,val
8821,ፖሊሱ ወደ ቢሮ በሳምንቱ መጨረሻ ሄደዋል።,Assertion,1,Assertion_07,train
8822,እርግጠኛ ነኝ ዶክተሩ ዛሬ ማታ ይደርሳሉ፣ እንደ ሁልጊዜው።,Sarcasm/Irony,5,Sarcasm/Irony_05,test
8823,ሚኒስትሩ ወደ ቢሮ ዛሬ ማታ ሄደዋል።,Assertion,1,Assertion_07,train
8824,የፋይሉ ዋጋውን ዛሬ ብንቀንስ ደንበኞች ይጨምራሉ።,Suggestion,3,Suggestion_07,train
8825,አለቃዬ ወደ ቢሮ ከሰዓት በኋላ ሄደዋል።,Assertion,1,Assertion_07,train
8826,ጋዜጠኛው፣ እንደምን አደርክ ነገ?,Phatic,7,Phatic_01,train
8827,አዎ በእርግጥ፣ ሹፌሩ ነገ ከሰዓት በኋላ ትመጣለህ ብዬ አላምንም።,Sarcasm/Irony,5,Sarcasm/Irony_01,test
8828,ስለ ማሽኑ ከባልደረባዬ ጋር ማሰብ ይኖርብናል።,Suggestion,3,Suggestion_03,train
8829,እባክዎ ስጦታውን ለሚኒስትሩ በሚቀጥለው ወር ይላኩልኝ።,Request,0,Request_00,train
8830,እንኳን ደስ አለህ ጓደኛዬ፣ ስለ ቤቱ እንደገና ተሳስተሃል።,Sarcasm/Irony,5,Sarcasm/Irony_13,train
8831,ጠበቃው ወደ ሱቅ በሳምንቱ መጨረሻ ሄደዋል።,Assertion,1,Assertion_07,train
8832,ከአስተማሪዋ ጋር ዛሬ በመጋዘን እገናኛለሁ።,Promise,8,Promise_04,val
8833,ከዶክተሩ ጋር ከዛሬ ጀምሮ በሆስፒታል እገናኛለሁ።,Promise,8,Promise_04,val
8834,ጋዜጠኛው ወደ ቢሮ በዚህ ሳምንት ሄደዋል።,Assertion,1,Assertion_07,train
8835,እንዴት ደስ ይላል፣ ጓደኛዬ እንደገና ከሶስት ሰዓት በኋላ ዘገዩ።,Sarcasm/Irony,5,Sarcasm/Irony_03,train
8836,እባክዎ ቡናውን ከዛሬ ጀምሮ ይላኩልኝ።,Request,0,Request_13,val
8837,ደህና ሁን ፖሊሱ፣ እስከ ከዛሬ ጀምሮ እንገናኝ።,Phatic,7,Phatic_13,train
8838,ዶክተሩ፣ ስራ በፖሊስ ጣቢያ እንዴት ነው?,Phatic,7,Phatic_09,val
8839,መስኮቱ ገና ወደ መጋዘን ከጥቂት ደቂቃዎች በኋላ አልደረሰኝም።,Complaint,6,Complaint_07,train
8840,እባክዎ መኪናውን ለደንበኛው በስብሰባው ወቅት ይላኩልኝ።,Request,0,Request_00,train
8841,የበሩ ችግር በዚህ ወር ከሚኒስትሩ ጋር እፈታለሁ።,Promise,8,Promise_11,train
8842,የሂሳቡ ወጪውን በሱቅ ብንቀንስ የተሻለ ነው።,Suggestion,3,Suggestion_13,train
8843,የሂሳቡ ችግር ዛሬ ከስራ አስኪያጁ ጋር እፈታለሁ።,Promise,8,Promise_11,train
8844,ፕሮጀክቱን በስብሰባው ወቅት ከነጋዴው ጋር ብንጀምር ይሻላል።,Suggestion,3,Suggestion_08,val
8845,ደህና ነገ ይሁንልህ ነጋዴው።,Phatic,7,Phatic_02,train
8846,እንኳን ደስ አለህ ነጋዴው፣ ስለ ዕቃው እንደገና ተሳስተሃል።,Sarcasm/Irony,5,Sarcasm/Irony_13,train
8847,ወደ ከተማው ውስጥ በሚቀጥለው ሳምንት እንሂድ።,Suggestion,3,Suggestion_01,test
8848,የስጦታው ችግር ከሶስት ሰዓት በኋላ ከጋዜጠኛው ጋር እፈታለሁ።,Promise,8,Promise_11,train
8849,ወደ ሆስፒታል ከሁለት ቀናት በኋላ መሄድ አልችልም።,Refusal,2,Refusal_13,test
8850,በቢሮ ከሁለት ቀናት በኋላ ንጽህና ጎድሏል።,Complaint,6,Complaint_13,test
8851,ቃል እገባለሁ፣ ካርታውን ከምሽቱ ጀምሮ አላዘገይም።,Promise,8,Promise_03,test
8852,እባክዎ በሩን ከዛሬ ጀምሮ ይላኩልኝ።,Request,0,Request_13,val
8853,የሂሳቡ ወጪውን በከተማው ውስጥ ብንቀንስ የተሻለ ነው።,Suggestion,3,Suggestion_13,train
8854,ማዕከሉ ስለ ስልኩ ማስጠንቀቂያ በሚቀጥለው አመት አውጥቷል።,Warning,4,Warning_08,train
8855,እንዴት ደስ ይላል፣ አስተማሪዋ እንደገና በሳምንቱ መጨረሻ ዘገዩ።,Sarcasm/Irony,5,Sarcasm/Irony_03,train
8856,ከዶክተሩ ጋር ከምሽቱ ጀምሮ በፖሊስ ጣቢያ እገናኛለሁ።,Promise,8,Promise_04,val
8857,ጎበዝ ስራ ጓደኛዬ፣ ፕሮጀክቱ ሙሉ በሙሉ ፈርሷል።,Sarcasm/Irony,5,Sarcasm/Irony_09,train
8858,እባክዎ ምርቱን ለባልደረባዬ በሳምንቱ መጨረሻ ይላኩልኝ።,Request,0,Request_00,train
8859,ጋዜጠኛው ወደ ባንክ ነገ ሄደዋል።,Assertion,1,Assertion_07,train
8860,ጎበዝ ስራ ነጋዴው፣ ቁልፉ ሙሉ በሙሉ ፈርሷል።,Sarcasm/Irony,5,Sarcasm/Irony_09,train
8861,ከባልደረባዬ ጋር ከጥቂት ደቂቃዎች በኋላ በፍርድ ቤት እገናኛለሁ።,Promise,8,Promise_04,val
8862,እንዴት ጎበዝ ነህ አስተማሪዋ፣ ትዕዛዙን ሰብረኸዋል!,Sarcasm/Irony,5,Sarcasm/Irony_00,train
8863,እባክህ ይቅርታ አድርግልኝ፣ ወደ ሱቅ በዚህ አመት መምጣት አልችልም።,Refusal,2,Refusal_01,test
8864,እባክህ ይቅርታ አድርግልኝ፣ ወደ ባንክ በሚቀጥለው ወር መምጣት አልችልም።,Refusal,2,Refusal_01,test
8865,ኤጀንሲው ስለ ምርቱ ማስጠንቀቂያ ከሶስት ሰዓት በኋላ አውጥቷል።,Warning,4,Warning_08,train
8866,እባክዎ ውሉን ለስራ አስኪያጁ ከሁለት ቀናት በኋላ ይላኩልኝ።,Request,0,Request_00,train
8867,የመሳሪያው ችግር ከምሽቱ ጀምሮ ከጓደኛዬ ጋር እፈታለሁ።,Promise,8,Promise_11,train
8868,እባክዎ ይቅርታ፣ ማሽኑን ነገ ከሰዓት በኋላ ማቅረብ አልችልም።,Refusal,2,Refusal_09,train
8869,እንዴት ጥሩ ነው ሚኒስትሩ፣ ከሁለት ቀናት በኋላ ደግሞ ዘገየ።,Sarcasm/Irony,5,Sarcasm/Irony_10,val
8870,አዎ በእርግጥ፣ ነጋዴው በሚቀጥለው ወር ትመጣለህ ብዬ አላምንም።,Sarcasm/Irony,5,Sarcasm/Irony_01,test
8871,ቦርሳው ገና ወደ አውሮፕላን ማረፊያ በዚህ ሳምንት አልደረሰኝም።,Complaint,6,Complaint_07,train
8872,የውሃው ችግር ነገ ጠዋት ከፖሊሱ ጋር እፈታለሁ።,Promise,8,Promise_11,train
8873,ወደ ገበያ ከሁለት ቀናት በኋላ ብቻዎን አይሂዱ።,Warning,4,Warning_06,test
8874,ደንበኛው ወደ ሱቅ በዚህ አመት ሄደዋል።,Assertion,1,Assertion_07,train
8875,እባክህ ይቅርታ አድርግልኝ፣ ወደ ፖሊስ ጣቢያ ከሁለት ቀናት በኋላ መምጣት አልችልም።,Refusal,2,Refusal_01,test
8876,ሪፖርቱን ለመሐንዲሱ ነገ ጠዋት አቀርባለሁ።,Promise,8,Promise_05,train
8877,በጣም ጎበዝ ነው ድርጅቱ፣ በሆስፒታል ደንበኞችን ችላ ይላል።,Sarcasm/Irony,5,Sarcasm/Irony_06,test
8878,እባክህ ይቅርታ አድርግልኝ፣ ወደ ቤት ከዛሬ ጀምሮ መምጣት አልችልም።,Refusal,2,Refusal_01,test
8879,ከጠበቃው ጋር ከሶስት ሰዓት በኋላ በአውሮፕላን ማረፊያ እገናኛለሁ።,Promise,8,Promise_04,val
8880,እባክዎ ቡናውን ለዶክተሩ በዚህ ሳምንት ይላኩልኝ።,Request,0,Request_00,train
8881,እቅዱን በዚህ ወር ከማህበሩ ጋር እናሻሽል።,Suggestion,3,Suggestion_12,train
8882,እባክሽ ኮምፒዩተሩን ከሁለት ቀናት በኋላ አምጪልኝ።,Request,0,Request_09,test
8883,እሰይ፣ ሌላ ችግር በስብሰባ ክፍል በሚቀጥለው አመት፣ ልክ የሚያስፈልገን ይሄው ነበር።,Sarcasm/Irony,5,Sarcasm/Irony_07,train
8884,እንዴት ደስ ይላል፣ ነጋዴው እንደገና ከዛሬ ጀምሮ ዘገዩ።,Sarcasm/Irony,5,Sarcasm/Irony_03,train
8885,የመኪናው ችግር ነገ ጠዋት ከጋዜጠኛው ጋር እፈታለሁ።,Promise,8,Promise_11,train
8886,ኮምፒዩተሩ በቢሮ ይገኛል።,Assertion,1,Assertion_00,test
8887,ደረሰኙ ገና ወደ ፋብሪካ በሳምንቱ መጨረሻ አልደረሰኝም።,Complaint,6,Complaint_07,train
8888,ወደ ፍርድ ቤት በዚህ ወር መሄድ አልችልም።,Refusal,2,Refusal_13,test
8889,እባክዎ ወደ ቤት ዛሬ ማታ ይምጡልኝ።,Request,0,Request_03,test
8890,ሚኒስትሩ፣ ጤና ይስጥልኝ በመጋዘን።,Phatic,7,Phatic_03,train
8891,ስብሰባው ያለ ማስታወቂያ በሚቀጥለው ወር በቢሮ ተሰርዟል።,Complaint,6,Complaint_09,test
8892,በጣም ደግ ነህ ዶክተሩ፣ በገበያ ምንም እርዳታ አልሰጠኸኝም።,Sarcasm/Irony,5,Sarcasm/Irony_12,train
8893,ይህ ኮምፒዩተሩ ከሚኒስቴሩ ጥራት የለውም።,Complaint,6,Complaint_00,val
8894,ከዶክተሩ ጋር ስለ መልእክቱ ጉዳይ መስማማት አልችልም።,Refusal,2,Refusal_06,train
8895,ወደ ሆስፒታል ከዛሬ ጀምሮ መሄድ አልችልም።,Refusal,2,Refusal_13,test
8896,እባክዎ ኮምፒዩተሩን ለጋዜጠኛው በሚቀጥለው አመት ይላኩልኝ።,Request,0,Request_00,train
8897,ደህና ሁን ስራ አስኪያጁ፣ እስከ ዛሬ እንገናኝ።,Phatic,7,Phatic_13,train
8898,ይቅርታ፣ መሳሪያውን ከአንድ ሰዓት በኋላ ማድረግ አልችልም።,Refusal,2,Refusal_00,train
8899,ጋዜጠኛው ወደ ሱቅ ከአንድ ሰዓት በኋላ ሄደዋል።,Assertion,1,Assertion_07,train
8900,እባክዎ ሂሳቡን ለሚኒስትሩ በሳምንቱ መጨረሻ ይላኩልኝ።,Request,0,Request_00,train
8901,ማህበሩ ስለ ኮምፒዩተሩ ማስጠንቀቂያ ከሁለት ቀናት በኋላ አውጥቷል።,Warning,4,Warning_08,train
8902,ከመምህሩ ጋር በሳምንቱ መጨረሻ መነጋገር ይሻላል።,Suggestion,3,Suggestion_06,val
8903,የመስኮቱ ችግር ነገ ከሰዓት በኋላ ከመምህሩ ጋር እፈታለሁ።,Promise,8,Promise_11,train
8904,ከነጋዴው ጋር በዚህ ወር በፍርድ ቤት እገናኛለሁ።,Promise,8,Promise_04,val
8905,እባክዎ ደብዳቤውን ከሁለት ቀናት በኋላ ይላኩልኝ።,Request,0,Request_13,val
8906,እባክዎ ፕሮጀክቱን ለፖሊሱ በሚቀጥለው ሳምንት ይላኩልኝ።,Request,0,Request_00,train
8907,ጎበዝ! በጣም ጥሩ ስራ ሰራህ ፖሊሱ፣ ፋይሉን አበላሸኸው።,Sarcasm/Irony,5,Sarcasm/Irony_02,train
8908,ደህና ነገ ከሰዓት በኋላ ይሁንልህ ጋዜጠኛው።,Phatic,7,Phatic_02,train
8909,ከደንበኛው ጋር ስለ ስልኩ ጉዳይ መስማማት አልችልም።,Refusal,2,Refusal_06,train
8910,አውሮፕላን ማረፊያ ከሁለት ቀናት በኋላ ተከፍቷል።,Assertion,1,Assertion_14,train
8911,እንኳን ደስ አለህ መሐንዲሱ፣ ስለ ፋይሉ እንደገና ተሳስተሃል።,Sarcasm/Irony,5,Sarcasm/Irony_13,train
8912,መምህሩ፣ ቤተሰብ በሱቅ እንዴት ናቸው?,Phatic,7,Phatic_05,val
8913,ቡናው ከመምህሩ አጠገብ አደገኛ ሊሆን ይችላል።,Warning,4,Warning_01,test
8914,እንኳን ወደ ፍርድ ቤት ደህና መጣህ አስተማሪዋ።,Phatic,7,Phatic_04,test
8915,የመልእክቱ ችግር በሳምንቱ መጨረሻ ከጋዜጠኛው ጋር እፈታለሁ።,Promise,8,Promise_11,train
8916,ይህን ደብዳቤውን ከደንበኛው መቀበል አልችልም።,Refusal,2,Refusal_03,train
8917,ፕሮጀክቱን ዛሬ ማታ ከመምህሩ ጋር ብንጀምር ይሻላል።,Suggestion,3,Suggestion_08,val
8918,ይቅርታ፣ ካርታውን በሚቀጥለው ሳምንት ማድረግ አልችልም።,Refusal,2,Refusal_00,train
8919,መምህሩ ወደ ፋብሪካ በሳምንቱ መጨረሻ ሄደዋል።,Assertion,1,Assertion_07,train
8920,ከጋዜጠኛው ጋር ስለ ካርታው ጉዳይ መስማማት አልችልም።,Refusal,2,Refusal_06,train
8921,ደህና እደር መሐንዲሱ፣ ዛሬ ማታ እንገናኝ።,Phatic,7,Phatic_06,train
8922,እባክዎ ውሃውን ለአለቃዬ ከምሽቱ ጀምሮ ይላኩልኝ።,Request,0,Request_00,train
8923,ነገ በፍርድ ቤት ስብሰባ እናድርግ።,Suggestion,3,Suggestion_02,train
8924,ባንኩ ስለ ቡናው ማስጠንቀቂያ ዛሬ አውጥቷል።,Warning,4,Warning_08,train
8925,ድርጅቱ ስለ ዕቃው ማስጠንቀቂያ ዛሬ ማታ አውጥቷል።,Warning,4,Warning_08,train
8926,ሚኒስትሩ ወደ መንገድ ላይ ዛሬ ማታ ሄደዋል።,Assertion,1,Assertion_07,train
8927,እንዴት ጥሩ ነው ሹፌሩ፣ በዚህ ወር ደግሞ ዘገየ።,Sarcasm/Irony,5,Sarcasm/Irony_10,val
8928,ይህን ጉዳይ ስለ ስጦታው በአስቸኳይ እከታተላለሁ።,Promise,8,Promise_06,train
8929,በጣም ውጤታማ ነው ሚኒስቴሩ፣ በበሚቀጥለው ሳምንት ምንም አልተሰራም።,Sarcasm/Irony,5,Sarcasm/Irony_14,val
8930,እንኳን ደስ አለህ መምህሩ፣ ስለ መጽሐፉ እንደገና ተሳስተሃል።,Sarcasm/Irony,5,Sarcasm/Irony_13,train
8931,እሰይ፣ ሌላ ችግር በገበያ ከዛሬ ጀምሮ፣ ልክ የሚያስፈልገን ይሄው ነበር።,Sarcasm/Irony,5,Sarcasm/Irony_07,train
8932,ስለ ኮምፒዩተሩ ጉዳይ ከሹፌሩ ጋር እንወያይ።,Suggestion,3,Suggestion_10,train
8933,ስራ አስኪያጁ ወደ ፋብሪካ በዚህ ወር ሄደዋል።,Assertion,1,Assertion_07,train
8934,ወደ ፍርድ ቤት በሚቀጥለው ወር ብቻዎን አይሂዱ።,Warning,4,Warning_06,test
8935,እባክዎ ቡናውን ለሹፌሩ ነገ ጠዋት ይላኩልኝ።,Request,0,Request_00,train
8936,መኪናው ገና ወደ አውሮፕላን ማረፊያ በሚቀጥለው ሳምንት አልደረሰኝም።,Complaint,6,Complaint_07,train
8937,ስለ ገንዘቡ ከፖሊሱ ጋር ማሰብ ይኖርብናል።,Suggestion,3,Suggestion_03,train
8938,ከጋዜጠኛው ጋር ከሶስት ሰዓት በኋላ በቤት እገናኛለሁ።,Promise,8,Promise_04,val
8939,መስኮቱ ገና ወደ ቤት ነገ አልደረሰኝም።,Complaint,6,Complaint_07,train
8940,ሪፖርቱ ገና ወደ ገበያ ከሶስት ሰዓት በኋላ አልደረሰኝም።,Complaint,6,Complaint_07,train
8941,በሩ ገና ወደ ትምህርት ቤት ከሁለት ቀናት በኋላ አልደረሰኝም።,Complaint,6,Complaint_07,train
8942,ስቱዲዮው ስለ ስጦታው ማስጠንቀቂያ በዚህ አመት አውጥቷል።,Warning,4,Warning_08,train
8943,አስተማሪዋ ወደ ባንክ በስብሰባው ወቅት ሄደዋል።,Assertion,1,Assertion_07,train
8944,ሹፌሩ ወደ ሱቅ በዚህ አመት ሄደዋል።,Assertion,1,Assertion_07,train
8945,የሰነዱ ዋጋ በባንክ በጣም ውድ ነው።,Complaint,6,Complaint_05,val
8946,ከጋዜጠኛው ጋር በሚቀጥለው ሳምንት በአውሮፕላን ማረፊያ እገናኛለሁ።,Promise,8,Promise_04,val
8947,ነጋዴው ወደ ገበያ በሚቀጥለው ሳምንት ሄደዋል።,Assertion,1,Assertion_07,train
8948,ወደ ገበያ በሳምንቱ መጨረሻ ብቻዎን አይሂዱ።,Warning,4,Warning_06,test
8949,ፕሮጀክቱ ገና ወደ መንገድ ላይ ከሰዓት በኋላ አልደረሰኝም።,Complaint,6,Complaint_07,train
8950,የደረሰኙ ችግር ከሶስት ሰዓት በኋላ ከአለቃዬ ጋር እፈታለሁ።,Promise,8,Promise_11,train
8951,እባክዎ መኪናውን ለፖሊሱ ነገ ከሰዓት በኋላ ይላኩልኝ።,Request,0,Request_00,train
8952,ባንኩ ስለ ሰነዱ ማስጠንቀቂያ በዚህ ወር አውጥቷል።,Warning,4,Warning_08,train
8953,ሱቅ በሚቀጥለው አመት ተከፍቷል።,Assertion,1,Assertion_14,train
8954,ፕሮጀክቱን በሚቀጥለው አመት ከስራ አስኪያጁ ጋር ብንጀምር ይሻላል።,Suggestion,3,Suggestion_08,val
8955,ይህን ውሉን ከባልደረባዬ ጋር በጥንቃቄ ያዙ።,Warning,4,Warning_04,val
8956,ደህና በዚህ አመት ይሁንልህ ስራ አስኪያጁ።,Phatic,7,Phatic_02,train
8957,እባክሽ ቦርሳውን በሳምንቱ መጨረሻ አምጪልኝ።,Request,0,Request_09,test
8958,እባክህ ለቡናው ይህን ዘዴ ዛሬ ማታ ተጠቀም።,Suggestion,3,Suggestion_04,train
8959,ምርቱ ገና ወደ ሆስፒታል በሳምንቱ መጨረሻ አልደረሰኝም።,Complaint,6,Complaint_07,train
8960,ማህበሩ ስለ መጽሐፉ ማስጠንቀቂያ በዚህ ወር አውጥቷል።,Warning,4,Warning_08,train
8961,ጥያቄው ገና ወደ ቤት ከሰዓት በኋላ አልደረሰኝም።,Complaint,6,Complaint_07,train
8962,መንግስት ዛሬ ማታ አዲስ ሰራተኞችን ቀጥሯል።,Assertion,1,Assertion_09,train
8963,የቤቱ ገመድ በቢሮ አደገኛ ነው ተጠንቀቁ።,Warning,4,Warning_07,train
8964,ይቅርታ፣ ኮምፒዩተሩን በሚቀጥለው ሳምንት ማድረግ አልችልም።,Refusal,2,Refusal_00,train
8965,እባክዎ ሪፖርቱን ከዛሬ ጀምሮ ይላኩልኝ።,Request,0,Request_13,val
8966,ይቅርታ፣ መጽሐፉን ከሶስት ሰዓት በኋላ ማድረግ አልችልም።,Refusal,2,Refusal_00,train
8967,ሰላም ጓደኛዬ፣ ዛሬ እንዴት ነህ?,Phatic,7,Phatic_00,train
8968,ባልደረባዬ ወደ መንገድ ላይ ከዛሬ ጀምሮ ሄደዋል።,Assertion,1,Assertion_07,train
8969,ጥንቃቄ ያድርጉ፣ ነገ ፍርድ ቤት ይንሸራተታል።,Warning,4,Warning_02,train
8970,መጽሐፉ ገና ወደ ባንክ ከአንድ ሰዓት በኋላ አልደረሰኝም።,Complaint,6,Complaint_07,train
8971,እንኳን አደረሳችሁ ፖሊሱ፣ በቢሮ።,Phatic,7,Phatic_14,test
8972,ሰነዱ ገና ወደ መጋዘን በሳምንቱ መጨረሻ አልደረሰኝም።,Complaint,6,Complaint_07,train
8973,በጣም ትክክለኛ ነው መሐንዲሱ፣ በገበያ ሁልጊዜ እንደዚህ ይሆናል።,Sarcasm/Irony,5,Sarcasm/Irony_08,val
8974,ጎበዝ ስራ ስራ አስኪያጁ፣ በሩ ሙሉ በሙሉ ፈርሷል።,Sarcasm/Irony,5,Sarcasm/Irony_09,train
8975,ስራው በስብሰባው ወቅት ከጓደኛዬ ጋር አልተጠናቀቀም።,Complaint,6,Complaint_03,test
8976,እባክዎ መልእክቱን ለመምህሩ ነገ ከሰዓት በኋላ ይላኩልኝ።,Request,0,Request_00,train
8977,የዕቃው ችግር በሚቀጥለው አመት ከፖሊሱ ጋር እፈታለሁ።,Promise,8,Promise_11,train
8978,ጤና ይስጥልኝ ሚኒስትሩ፣ ከሶስት ሰዓት በኋላ ደህና ነህ?,Phatic,7,Phatic_12,train
8979,በስብሰባ ክፍል ከሰዓት በኋላ ወንጀል ሊፈጸም ይችላል ተጠንቀቁ።,Warning,4,Warning_11,train
8980,እንኳን ደስ አለህ ሚኒስትሩ፣ ስለ ደረሰኙ እንደገና ተሳስተሃል።,Sarcasm/Irony,5,Sarcasm/Irony_13,train
8981,እባክዎ ሂሳቡን ለመምህሩ ነገ ከሰዓት በኋላ ይላኩልኝ።,Request,0,Request_00,train
8982,ትዕዛዙ ገና ወደ ስብሰባ ክፍል በሚቀጥለው ወር አልደረሰኝም።,Complaint,6,Complaint_07,train
8983,እንዴት ደስ ይላል፣ ፖሊሱ እንደገና በስብሰባው ወቅት ዘገዩ።,Sarcasm/Irony,5,Sarcasm/Irony_03,train
8984,ዶክተሩ ወደ ፖሊስ ጣቢያ በስብሰባው ወቅት ሄደዋል።,Assertion,1,Assertion_07,train
8985,አለቃዬ፣ እንደምን አደርክ ዛሬ ማታ?,Phatic,7,Phatic_01,train
8986,በጣም ብልህ ነህ አስተማሪዋ፣ ኮምፒዩተሩን ረሳኸው።,Sarcasm/Irony,5,Sarcasm/Irony_04,train
8987,ገንዘብዎን ይጠብቁ፣ በከተማው ውስጥ በሚቀጥለው ወር ስርቆት ተከስቷል።,Warning,4,Warning_05,val
8988,እባክዎ ውሉን ለአስተማሪዋ ነገ ጠዋት ይላኩልኝ።,Request,0,Request_00,train
8989,ስጦታው ገና ወደ ፖሊስ ጣቢያ ከአንድ ሰዓት በኋላ አልደረሰኝም።,Complaint,6,Complaint_07,train
8990,እሰይ፣ ሌላ ችግር በፍርድ ቤት በስብሰባው ወቅት፣ ልክ የሚያስፈልገን ይሄው ነበር።,Sarcasm/Irony,5,Sarcasm/Irony_07,train
8991,ሪፖርቱን ለባልደረባዬ ከጥቂት ደቂቃዎች በኋላ አቀርባለሁ።,Promise,8,Promise_05,train
8992,እባክሽ ገንዘቡን በስብሰባው ወቅት አምጪልኝ።,Request,0,Request_09,test
8993,ነገ ጠዋት ወደ ባንክ እመጣለሁ።,Promise,8,Promise_00,train
8994,ከጋዜጠኛው ጋር በዚህ ወር በባንክ እገናኛለሁ።,Promise,8,Promise_04,val
8995,ትምህርት ቤት በዚህ ወር ተከፍቷል።,Assertion,1,Assertion_14,train
8996,ይቅርታ፣ ሂሳቡን በሚቀጥለው ወር ማድረግ አልችልም።,Refusal,2,Refusal_00,train
8997,መምህሩ ወደ መጋዘን ከጥቂት ደቂቃዎች በኋላ ሄደዋል።,Assertion,1,Assertion_07,train
8998,ከምሽቱ ጀምሮ በቢሮ ትራፊኩ ከባድ ነው ተጠንቀቁ።,Warning,4,Warning_13,train
8999,አዎ በእርግጥ፣ ደንበኛው ከሰዓት በኋላ ትመጣለህ ብዬ አላምንም።,Sarcasm/Irony,5,Sarcasm/Irony_01,test
9000,ልብሱ ገና ወደ ሱቅ ከሶስት ሰዓት በኋላ አልደረሰኝም።,Complaint,6,Complaint_07,train
9001,የመኪናው ችግር ነገ ከሰዓት በኋላ ከጓደኛዬ ጋር እፈታለሁ።,Promise,8,Promise_11,train
9002,እባክዎ ሂሳቡን ለዶክተሩ ከሰዓት በኋላ ይላኩልኝ።,Request,0,Request_00,train
9003,አለቃዬ ወደ ባንክ በሚቀጥለው ወር ሄደዋል።,Assertion,1,Assertion_07,train
9004,ጤና ይስጥልኝ አለቃዬ፣ በሚቀጥለው ሳምንት ደህና ነህ?,Phatic,7,Phatic_12,train
9005,እንዴት ጎበዝ ነህ አለቃዬ፣ ኮምፒዩተሩን ሰብረኸዋል!,Sarcasm/Irony,5,Sarcasm/Irony_00,train
9006,እባክዎ መልእክቱን ለሹፌሩ በሚቀጥለው ወር ይላኩልኝ።,Request,0,Request_00,train
9007,ይህን ሰነዱን ከሹፌሩ መቀበል አልችልም።,Refusal,2,Refusal_03,train
9008,ደህና ሁን ነጋዴው፣ እስከ ዛሬ ማታ እንገናኝ።,Phatic,7,Phatic_13,train
9009,እባክዎ ለሚኒስትሩ ስለ ኮምፒዩተሩ ይንገሩልኝ።,Request,0,Request_04,val
9010,ዶክተሩ፣ ጤና ይስጥልኝ በፖሊስ ጣቢያ።,Phatic,7,Phatic_03,train
9011,ይህን ደብዳቤውን ከነጋዴው መቀበል አልችልም።,Refusal,2,Refusal_03,train
9012,ባንኩ ስለ ምርቱ ማስጠንቀቂያ ከጥቂት ደቂቃዎች በኋላ አውጥቷል።,Warning,4,Warning_08,train
9013,ገንዘቡ ገና ወደ ሆስፒታል ከሰዓት በኋላ አልደረሰኝም።,Complaint,6,Complaint_07,train
9014,እባክዎ ደረሰኙን ለመሐንዲሱ ከሶስት ሰዓት በኋላ ይላኩልኝ።,Request,0,Request_00,train
9015,እባክዎ ለሹፌሩ ምርቱን ያድርሱ።,Request,0,Request_14,test
9016,የስጦታው ዋጋውን ዛሬ ብንቀንስ ደንበኞች ይጨምራሉ።,Suggestion,3,Suggestion_07,train
9017,ኤጀንሲው ስለ ቦርሳው ማስጠንቀቂያ ነገ ከሰዓት በኋላ አውጥቷል።,Warning,4,Warning_08,train
9018,እባክዎ ማሽኑን ለአለቃዬ ከጥቂት ደቂቃዎች በኋላ ይላኩልኝ።,Request,0,Request_00,train
9019,አስተማሪዋ፣ ጤና ይስጥልኝ በሱቅ።,Phatic,7,Phatic_03,train
9020,አስተማሪዋ ወደ ባንክ በዚህ አመት ሄደዋል።,Assertion,1,Assertion_07,train
9021,ስለ መጽሐፉ ጉዳይ ከባልደረባዬ ጋር እንወያይ።,Suggestion,3,Suggestion_10,train
9022,ወደ ገበያ ከሁለት ቀናት በኋላ እንሂድ።,Suggestion,3,Suggestion_01,test
9023,መልእክቱ ከመሐንዲሱ አጠገብ አደገኛ ሊሆን ይችላል።,Warning,4,Warning_01,test
9024,ባንኩ በሚቀጥለው ሳምንት አዲስ ምርት አስተዋውቋል።,Assertion,1,Assertion_02,val
9025,ሚኒስቴሩ ስለ ገንዘቡ ማስጠንቀቂያ ከጥቂት ደቂቃዎች በኋላ አውጥቷል።,Warning,4,Warning_08,train
9026,እንኳን ደስ አለህ ጋዜጠኛው፣ ስለ ሂሳቡ እንደገና ተሳስተሃል።,Sarcasm/Irony,5,Sarcasm/Irony_13,train
9027,ነጋዴው ወደ ቢሮ ከጥቂት ደቂቃዎች በኋላ ሄደዋል።,Assertion,1,Assertion_07,train
9028,ወደ ቢሮ ከሰዓት በኋላ መሄድ አልችልም።,Refusal,2,Refusal_13,test
9029,ኤጀንሲው ስለ ቦርሳው ማስጠንቀቂያ ነገ ጠዋት አውጥቷል።,Warning,4,Warning_08,train
9030,ፕሮጀክቱን በሚቀጥለው ሳምንት ከመምህሩ ጋር ብንጀምር ይሻላል።,Suggestion,3,Suggestion_08,val
9031,የቁልፉ ችግር ከሁለት ቀናት በኋላ ከዶክተሩ ጋር እፈታለሁ።,Promise,8,Promise_11,train
9032,እባክህ ይቅርታ አድርግልኝ፣ ወደ ትምህርት ቤት በዚህ ሳምንት መምጣት አልችልም።,Refusal,2,Refusal_01,test
9033,እባክዎ ይቅርታ፣ ቤቱን በዚህ አመት ማቅረብ አልችልም።,Refusal,2,Refusal_09,train
9034,ኮምፒዩተሩ ገና ወደ ሱቅ ከሁለት ቀናት በኋላ አልደረሰኝም።,Complaint,6,Complaint_07,train
9035,እባክህ ለሂሳቡ ይህን ዘዴ ከሰዓት በኋላ ተጠቀም።,Suggestion,3,Suggestion_04,train
9036,መሐንዲሱ ወደ ፖሊስ ጣቢያ ነገ ከሰዓት በኋላ ሄደዋል።,Assertion,1,Assertion_07,train
9037,ሰነዱ ገና ወደ ፖሊስ ጣቢያ በሚቀጥለው ወር አልደረሰኝም።,Complaint,6,Complaint_07,train
9038,ጋዜጠኛው ወደ ሆስፒታል በዚህ ሳምንት ሄደዋል።,Assertion,1,Assertion_07,train
9039,እባክዎ ውሃውን ለመምህሩ ዛሬ ይላኩልኝ።,Request,0,Request_00,train
9040,እንዴት ጎበዝ ነህ ዶክተሩ፣ ምርቱን ሰብረኸዋል!,Sarcasm/Irony,5,Sarcasm/Irony_00,train
9041,ይቅርታ፣ ፕሮጀክቱን በሚቀጥለው ወር ማድረግ አልችልም።,Refusal,2,Refusal_00,train
9042,እባክዎ ውሃውን ለጓደኛዬ በዚህ ሳምንት ይላኩልኝ።,Request,0,Request_00,train
9043,ስራ አስኪያጁ፣ ስራ በሱቅ እንዴት ነው?,Phatic,7,Phatic_09,val
9044,የፕሮጀክቱ ዋጋውን ነገ ብንቀንስ ደንበኞች ይጨምራሉ።,Suggestion,3,Suggestion_07,train
9045,ማዕከሉ ስለ ካርታው ማስጠንቀቂያ በሚቀጥለው ወር አውጥቷል።,Warning,4,Warning_08,train
9046,ፖሊሱ ወደ ፍርድ ቤት በስብሰባው ወቅት ሄደዋል።,Assertion,1,Assertion_07,train
9047,እንዴት ጎበዝ ነህ ባልደረባዬ፣ ማሽኑን ሰብረኸዋል!,Sarcasm/Irony,5,Sarcasm/Irony_00,train
9048,ውሉ በሆስፒታል ይገኛል።,Assertion,1,Assertion_00,test
9049,ድርጅቱ ስለ ካርታው ማስጠንቀቂያ በዚህ ወር አውጥቷል።,Warning,4,Warning_08,train
9050,ባንኩ ስለ ትዕዛዙ ማስጠንቀቂያ ከጥቂት ደቂቃዎች በኋላ አውጥቷል።,Warning,4,Warning_08,train
9051,በጣም ደግ ነህ ጋዜጠኛው፣ በገበያ ምንም እርዳታ አልሰጠኸኝም።,Sarcasm/Irony,5,Sarcasm/Irony_12,train
9052,ጎበዝ! በጣም ጥሩ ስራ ሰራህ ዶክተሩ፣ ዕቃውን አበላሸኸው።,Sarcasm/Irony,5,Sarcasm/Irony_02,train
9053,እባክዎ ከአንድ ሰዓት በኋላ ወደ ፍርድ ቤት ይድረሱልኝ።,Request,0,Request_07,val
9054,ማዕከሉ ስለ ማሽኑ ማስጠንቀቂያ ከዛሬ ጀምሮ አውጥቷል።,Warning,4,Warning_08,train
9055,ደህና በዚህ ሳምንት ይሁንልህ ጋዜጠኛው።,Phatic,7,Phatic_02,train
9056,መኪናው ገና ወደ ከተማው ውስጥ ከሰዓት በኋላ አልደረሰኝም።,Complaint,6,Complaint_07,train
9057,እንኳን ደስ አለህ መሐንዲሱ፣ ስለ ፕሮጀክቱ እንደገና ተሳስተሃል።,Sarcasm/Irony,5,Sarcasm/Irony_13,train
9058,ይህን ፋይሉን ያለ ጠበቃው ትዕዛዝ አይውሰዱ።,Warning,4,Warning_12,val
9059,አዎ በርግጥ፣ የማዕከሉ እቅድ በበሚቀጥለው ሳምንት በጭራሽ አይከሽፍም።,Sarcasm/Irony,5,Sarcasm/Irony_11,train
9060,ደህና ሁን ጓደኛዬ፣ እስከ ከጥቂት ደቂቃዎች በኋላ እንገናኝ።,Phatic,7,Phatic_13,train
9061,ጥያቄው ገና ወደ ገበያ ነገ አልደረሰኝም።,Complaint,6,Complaint_07,train
9062,ስለ ስጦታው ጉዳይ ከጓደኛዬ ጋር እንወያይ።,Suggestion,3,Suggestion_10,train
9063,ሰላም ስራ አስኪያጁ፣ በስብሰባው ወቅት እንዴት ነህ?,Phatic,7,Phatic_00,train
9064,የመልእክቱ ችግር ነገ ከነጋዴው ጋር እፈታለሁ።,Promise,8,Promise_11,train
9065,እባክዎ ትዕዛዙን ይመልከቱልኝ።,Request,0,Request_10,val
9066,እባክዎ መጽሐፉን ለሹፌሩ ዛሬ ማታ ይላኩልኝ።,Request,0,Request_00,train
9067,ይቅርታ፣ ደብዳቤውን ከሶስት ሰዓት በኋላ ማድረግ አልችልም።,Refusal,2,Refusal_00,train
9068,ወደ ገበያ በዚህ ወር መሄድ አልችልም።,Refusal,2,Refusal_13,test
9069,እሰይ፣ ሌላ ችግር በከተማው ውስጥ በዚህ ሳምንት፣ ልክ የሚያስፈልገን ይሄው ነበር።,Sarcasm/Irony,5,Sarcasm/Irony_07,train
9070,ሹፌሩ ወደ ገበያ ነገ ጠዋት ሄደዋል።,Assertion,1,Assertion_07,train
9071,ድርጅቱ ስለ ደረሰኙ ማስጠንቀቂያ ከዛሬ ጀምሮ አውጥቷል።,Warning,4,Warning_08,train
9072,ቃል እገባለሁ፣ ኮምፒዩተሩን በዚህ ሳምንት አላዘገይም።,Promise,8,Promise_03,test
9073,ባንኩ ስለ ምርቱ ማስጠንቀቂያ ዛሬ አውጥቷል።,Warning,4,Warning_08,train
9074,የፋይሉ ዋጋውን ከሶስት ሰዓት በኋላ ብንቀንስ ደንበኞች ይጨምራሉ።,Suggestion,3,Suggestion_07,train
9075,በጣም ብልህ ነህ ፖሊሱ፣ ደብዳቤውን ረሳኸው።,Sarcasm/Irony,5,Sarcasm/Irony_04,train
9076,ደህና እደር አስተማሪዋ፣ ነገ ጠዋት እንገናኝ።,Phatic,7,Phatic_06,train
9077,አዎ በርግጥ፣ የድርጅቱ እቅድ በበሳምንቱ መጨረሻ በጭራሽ አይከሽፍም።,Sarcasm/Irony,5,Sarcasm/Irony_11,train
9078,ይህን መስኮቱን ከነጋዴው መቀበል አልችልም።,Refusal,2,Refusal_03,train
9079,ይቅርታ፣ ዕቃውን ከዛሬ ጀምሮ ማድረግ አልችልም።,Refusal,2,Refusal_00,train
9080,ቢያንስ አንዴ ሂሳቡን በአውሮፕላን ማረፊያ እንሞክር።,Suggestion,3,Suggestion_05,train
9081,ፖሊሱ ወደ ባንክ ከሰዓት በኋላ ሄደዋል።,Assertion,1,Assertion_07,train
9082,ቢያንስ አንዴ በሩን በቤት እንሞክር።,Suggestion,3,Suggestion_05,train
9083,የመሳሪያው ዋጋ በዚህ ሳምንት ጨምሯል።,Assertion,1,Assertion_12,val
9084,ፕሮጀክቱ ገና ወደ ፋብሪካ በሚቀጥለው ወር አልደረሰኝም።,Complaint,6,Complaint_07,train
9085,እባክዎ መልእክቱን ለጠበቃው በዚህ አመት ይላኩልኝ።,Request,0,Request_00,train
9086,ገንዘቡን ለነጋዴው ከሰዓት በኋላ እከፍላለሁ።,Promise,8,Promise_02,test
9087,ጤና ይስጥልኝ ዶክተሩ፣ ከሶስት ሰዓት በኋላ ደህና ነህ?,Phatic,7,Phatic_12,train
9088,ደህና ከሁለት ቀናት በኋላ ይሁንልህ ዶክተሩ።,Phatic,7,Phatic_02,train
9089,ምርቱ ገና ወደ ቢሮ ከአንድ ሰዓት በኋላ አልደረሰኝም።,Complaint,6,Complaint_07,train
9090,ባልደረባዬ፣ እንደምን አደርክ ከአንድ ሰዓት በኋላ?,Phatic,7,Phatic_01,train
9091,ከአለቃዬ ጋር ስለ ውሃው ጉዳይ መስማማት አልችልም።,Refusal,2,Refusal_06,train
9092,ከአስተማሪዋ ጋር ስለ መጽሐፉ ጉዳይ መስማማት አልችልም።,Refusal,2,Refusal_06,train
9093,የምርቱ ችግር ነገ ከሰዓት በኋላ ከመሐንዲሱ ጋር እፈታለሁ።,Promise,8,Promise_11,train
9094,እባክዎ ውሉን ለስራ አስኪያጁ ከጥቂት ደቂቃዎች በኋላ ይላኩልኝ።,Request,0,Request_00,train
9095,ኮምፒዩተሩ በፋብሪካ ይገኛል።,Assertion,1,Assertion_00,test
9096,ደህና ነገ ይሁንልህ መምህሩ።,Phatic,7,Phatic_02,train
9097,በጣም ጎበዝ ነው ድርጅቱ፣ በገበያ ደንበኞችን ችላ ይላል።,Sarcasm/Irony,5,Sarcasm/Irony_06,test
9098,የሪፖርቱ ችግር ነገ ጠዋት ከዶክተሩ ጋር እፈታለሁ።,Promise,8,Promise_11,train
9099,ዶክተሩ ወደ ቤት በስብሰባው ወቅት ሄደዋል።,Assertion,1,Assertion_07,train
9100,እባክዎ ይቅርታ፣ ትዕዛዙን ነገ ማቅረብ አልችልም።,Refusal,2,Refusal_09,train
9101,እባክዎ ስጦታውን ለፖሊሱ ነገ ጠዋት ይላኩልኝ።,Request,0,Request_00,train
9102,ደህና እደር መምህሩ፣ በሚቀጥለው ሳምንት እንገናኝ።,Phatic,7,Phatic_06,train
9103,ማሽኑ ከጠበቃው አጠገብ አደገኛ ሊሆን ይችላል።,Warning,4,Warning_01,test
9104,የውሉ ወጪውን በሆስፒታል ብንቀንስ የተሻለ ነው።,Suggestion,3,Suggestion_13,train
9105,ከጋዜጠኛው ጋር ከሰዓት በኋላ መነጋገር ይሻላል።,Suggestion,3,Suggestion_06,val
9106,የደረሰኙ ችግር በሚቀጥለው ወር ከፖሊሱ ጋር እፈታለሁ።,Promise,8,Promise_11,train
9107,እባክህ ይቅርታ አድርግልኝ፣ ወደ ሆስፒታል ከአንድ ሰዓት በኋላ መምጣት አልችልም።,Refusal,2,Refusal_01,test
9108,ይህን ስልኩን ከአለቃዬ መቀበል አልችልም።,Refusal,2,Refusal_03,train
9109,ድርጅቱ ስለ ዕቃው ማስጠንቀቂያ በዚህ አመት አውጥቷል።,Warning,4,Warning_08,train
9110,ከዶክተሩ ጋር ዛሬ ማታ መነጋገር ይሻላል።,Suggestion,3,Suggestion_06,val
9111,እባክዎ ስልኩን ለሚኒስትሩ በሚቀጥለው ሳምንት ይላኩልኝ።,Request,0,Request_00,train
9112,የበሩ ችግር ከሶስት ሰዓት በኋላ ከሹፌሩ ጋር እፈታለሁ።,Promise,8,Promise_11,train
9113,መስኮቱ ከመምህሩ አጠገብ አደገኛ ሊሆን ይችላል።,Warning,4,Warning_01,test
9114,ደህና እደር መምህሩ፣ ከአንድ ሰዓት በኋላ እንገናኝ።,Phatic,7,Phatic_06,train
9115,ማሽኑ በትምህርት ቤት ይገኛል።,Assertion,1,Assertion_00,test
9116,ደህና ከዛሬ ጀምሮ ይሁንልህ ጋዜጠኛው።,Phatic,7,Phatic_02,train
9117,ይህን ስጦታውን ከአለቃዬ መቀበል አልችልም።,Refusal,2,Refusal_03,train
9118,እንኳን ደስ አለህ ፖሊሱ በሚቀጥለው ሳምንት።,Phatic,7,Phatic_07,train
9119,ደረሰኙ ገና ወደ አውሮፕላን ማረፊያ በሚቀጥለው ሳምንት አልደረሰኝም።,Complaint,6,Complaint_07,train
9120,ስራውን ከሚኒስትሩ ጋር ከምሽቱ ጀምሮ እጨርሳለሁ።,Promise,8,Promise_01,test
9121,መንግስት ስለ መሳሪያው ማስጠንቀቂያ ከጥቂት ደቂቃዎች በኋላ አውጥቷል።,Warning,4,Warning_08,train
9122,እሰይ፣ ሌላ ችግር በስብሰባ ክፍል በዚህ ሳምንት፣ ልክ የሚያስፈልገን ይሄው ነበር።,Sarcasm/Irony,5,Sarcasm/Irony_07,train
9123,ጥያቄው ገና ወደ ፋብሪካ ከሁለት ቀናት በኋላ አልደረሰኝም።,Complaint,6,Complaint_07,train
9124,በጣም ትክክለኛ ነው ባልደረባዬ፣ በፍርድ ቤት ሁልጊዜ እንደዚህ ይሆናል።,Sarcasm/Irony,5,Sarcasm/Irony_08,val
9125,እባክህ ይቅርታ አድርግልኝ፣ ወደ ፋብሪካ በዚህ ወር መምጣት አልችልም።,Refusal,2,Refusal_01,test
9126,አስተማሪዋ፣ እንደምን አደርክ ከሁለት ቀናት በኋላ?,Phatic,7,Phatic_01,train
9127,አመሰግናለሁ አለቃዬ፣ ደህና ዋል በከተማው ውስጥ።,Phatic,7,Phatic_08,train
9128,ጥያቄው ገና ወደ ባንክ በዚህ ወር አልደረሰኝም።,Complaint,6,Complaint_07,train
9129,የደረሰኙ ችግር ከሶስት ሰዓት በኋላ ከደንበኛው ጋር እፈታለሁ።,Promise,8,Promise_11,train
9130,ይህን ደረሰኙን ያለ አለቃዬ ትዕዛዝ አይውሰዱ።,Warning,4,Warning_12,val
9131,የምርቱ ችግር በዚህ ሳምንት ከባልደረባዬ ጋር እፈታለሁ።,Promise,8,Promise_11,train
9132,አስተማሪዋ ወደ መንገድ ላይ በሚቀጥለው አመት ሄደዋል።,Assertion,1,Assertion_07,train
9133,ሂሳቡ ገና ወደ ፍርድ ቤት ነገ አልደረሰኝም።,Complaint,6,Complaint_07,train
9134,እባክዎ ቁልፉን ወደ መንገድ ላይ ይላኩ።,Request,0,Request_06,test
9135,ይህን ሃሳብ ስለ ዕቃው አልቀበልም።,Refusal,2,Refusal_14,val
9136,ደንበኛው ወደ መጋዘን ከጥቂት ደቂቃዎች በኋላ ሄደዋል።,Assertion,1,Assertion_07,train
9137,ማህበሩ ስለ ሪፖርቱ ማስጠንቀቂያ ነገ ከሰዓት በኋላ አውጥቷል።,Warning,4,Warning_08,train
9138,ከፖሊሱ ጋር ከሶስት ሰዓት በኋላ በፍርድ ቤት እገናኛለሁ።,Promise,8,Promise_04,val
9139,እባክዎ ስልኩን ለጓደኛዬ ከሁለት ቀናት በኋላ ይላኩልኝ።,Request,0,Request_00,train
9140,መምህሩ ወደ ሱቅ ከጥቂት ደቂቃዎች በኋላ ሄደዋል።,Assertion,1,Assertion_07,train
9141,የፕሮጀክቱ ዋጋ በስብሰባው ወቅት ጨምሯል።,Assertion,1,Assertion_12,val
9142,ውሉን በዚህ ወር ብንሞክር ጥሩ ይሆናል።,Suggestion,3,Suggestion_00,train
9143,መምህሩ ወደ ትምህርት ቤት በሚቀጥለው ሳምንት ሄደዋል።,Assertion,1,Assertion_07,train
9144,ፋብሪካው ስለ ቡናው ማስጠንቀቂያ ከሰዓት በኋላ አውጥቷል።,Warning,4,Warning_08,train
9145,በጣም ብልህ ነህ ነጋዴው፣ ቤቱን ረሳኸው።,Sarcasm/Irony,5,Sarcasm/Irony_04,train
9146,ስጦታውን በዚህ ወር ብንሞክር ጥሩ ይሆናል።,Suggestion,3,Suggestion_00,train
9147,ነጋዴው ለቅሬታዬ ምላሽ ከምሽቱ ጀምሮ አልሰጡም።,Complaint,6,Complaint_06,val
9148,ፕሮጀክቱን በሚቀጥለው ሳምንት ከፖሊሱ ጋር ብንጀምር ይሻላል።,Suggestion,3,Suggestion_08,val
9149,ገንዘብዎን ይጠብቁ፣ በከተማው ውስጥ በዚህ ሳምንት ስርቆት ተከስቷል።,Warning,4,Warning_05,val
9150,ቢያንስ አንዴ መልእክቱን በፋብሪካ እንሞክር።,Suggestion,3,Suggestion_05,train
9151,ይቅርታ፣ ውሃውን ዛሬ ማድረግ አልችልም።,Refusal,2,Refusal_00,train
9152,እሰይ፣ ሌላ ችግር በባንክ ከሶስት ሰዓት በኋላ፣ ልክ የሚያስፈልገን ይሄው ነበር።,Sarcasm/Irony,5,Sarcasm/Irony_07,train
9153,የገንዘቡ ችግር ዛሬ ማታ ከመምህሩ ጋር እፈታለሁ።,Promise,8,Promise_11,train
9154,ወደ ፍርድ ቤት ከምሽቱ ጀምሮ እንሂድ።,Suggestion,3,Suggestion_01,test
9155,ስለ ደብዳቤው ከአለቃዬ ጋር ማሰብ ይኖርብናል።,Suggestion,3,Suggestion_03,train
9156,እባክህ ይቅርታ አድርግልኝ፣ ወደ ባንክ ከአንድ ሰዓት በኋላ መምጣት አልችልም።,Refusal,2,Refusal_01,test
9157,ጎበዝ! በጣም ጥሩ ስራ ሰራህ ጠበቃው፣ ቦርሳውን አበላሸኸው።,Sarcasm/Irony,5,Sarcasm/Irony_02,train
9158,የመኪናው ችግር ከዛሬ ጀምሮ ከዶክተሩ ጋር እፈታለሁ።,Promise,8,Promise_11,train
9159,የመኪናው ችግር በስብሰባው ወቅት ከሹፌሩ ጋር እፈታለሁ።,Promise,8,Promise_11,train
9160,የቡናው ችግር በሚቀጥለው ሳምንት ከሹፌሩ ጋር እፈታለሁ።,Promise,8,Promise_11,train
9161,ይህን ስልኩን ከመምህሩ መቀበል አልችልም።,Refusal,2,Refusal_03,train
9162,ይህን ሂሳቡን ያለ መምህሩ ትዕዛዝ አይውሰዱ።,Warning,4,Warning_12,val
9163,የትዕዛዙ ችግር በስብሰባው ወቅት ከሹፌሩ ጋር እፈታለሁ።,Promise,8,Promise_11,train
9164,ይቅርታ፣ ውሉን ነገ ጠዋት ማድረግ አልችልም።,Refusal,2,Refusal_00,train
9165,የመስኮቱ ወጪውን በሱቅ ብንቀንስ የተሻለ ነው።,Suggestion,3,Suggestion_13,train
9166,እንኳን ደስ አለህ ሹፌሩ ዛሬ ማታ።,Phatic,7,Phatic_07,train
9167,ስራው ከምሽቱ ጀምሮ ከነጋዴው ጋር አልተጠናቀቀም።,Complaint,6,Complaint_03,test
9168,ይቅርታ፣ መልእክቱን ከዛሬ ጀምሮ ማድረግ አልችልም።,Refusal,2,Refusal_00,train
9169,ደህና ሁን ሹፌሩ፣ እስከ በሚቀጥለው አመት እንገናኝ።,Phatic,7,Phatic_13,train
9170,አመሰግናለሁ አስተማሪዋ፣ ደህና ዋል በመጋዘን።,Phatic,7,Phatic_08,train
9171,የኩባንያው ሰራተኞች በከተማው ውስጥ ደንበኞችን በአግባቡ አያስተናግዱም።,Complaint,6,Complaint_04,val
9172,እባክዎ ቤቱን ለሹፌሩ በሚቀጥለው ሳምንት ይላኩልኝ።,Request,0,Request_00,train
9173,እባክዎ ይቅርታ፣ ዕቃውን ነገ ማቅረብ አልችልም።,Refusal,2,Refusal_09,train
9174,እንደምን አለህ በስብሰባ ክፍል፣ አስተማሪዋ?,Phatic,7,Phatic_11,val
9175,እባክህ ለጥያቄው ይህን ዘዴ በስብሰባው ወቅት ተጠቀም።,Suggestion,3,Suggestion_04,train
9176,እንዴት ጥሩ ነው ደንበኛው፣ በሚቀጥለው ወር ደግሞ ዘገየ።,Sarcasm/Irony,5,Sarcasm/Irony_10,val
9177,እባክዎ ኮምፒዩተሩን ከሰዓት በኋላ ይላኩልኝ።,Request,0,Request_13,val
9178,ተጠንቀቅ፣ ከሶስት ሰዓት በኋላ ባንክ ውስጥ አደጋ አለ።,Warning,4,Warning_00,val
9179,ኩባንያው ስለ ስልኩ ማስጠንቀቂያ ከጥቂት ደቂቃዎች በኋላ አውጥቷል።,Warning,4,Warning_08,train
9180,በባንኩ አዲስ ስልት ከጥቂት ደቂቃዎች በኋላ እንተግብር።,Suggestion,3,Suggestion_14,test
9181,ስቱዲዮው በሚቀጥለው ወር አዲስ ሰራተኞችን ቀጥሯል።,Assertion,1,Assertion_09,train
9182,የስጦታው ዋጋውን ከሁለት ቀናት በኋላ ብንቀንስ ደንበኞች ይጨምራሉ።,Suggestion,3,Suggestion_07,train
9183,በጣም ትክክለኛ ነው መሐንዲሱ፣ በአውሮፕላን ማረፊያ ሁልጊዜ እንደዚህ ይሆናል።,Sarcasm/Irony,5,Sarcasm/Irony_08,val
9184,ሚኒስትሩ ሪፖርቱን በሚቀጥለው ወር አቅርበዋል።,Assertion,1,Assertion_13,test
9185,ክፍያ ብከፍልም ከፋብሪካው አገልግሎት በሚቀጥለው ሳምንት አላገኘሁም።,Complaint,6,Complaint_10,val
9186,የውሉ ወጪውን በባንክ ብንቀንስ የተሻለ ነው።,Suggestion,3,Suggestion_13,train
9187,ኤጀንሲው ስለ ውሉ ማስጠንቀቂያ ነገ አውጥቷል።,Warning,4,Warning_08,train
9188,ባንኩ ነገ ከሰዓት በኋላ ትርፍ አግኝቷል።,Assertion,1,Assertion_04,test
9189,ጤና ይስጥልኝ ደንበኛው፣ በስብሰባው ወቅት ደህና ነህ?,Phatic,7,Phatic_12,train
9190,ስብሰባው ያለ ማስታወቂያ ነገ በመንገድ ላይ ተሰርዟል።,Complaint,6,Complaint_09,test
9191,ስልኩን ነገ ከሰዓት በኋላ ብንሞክር ጥሩ ይሆናል።,Suggestion,3,Suggestion_00,train
9192,የኮምፒዩተሩ ችግር ዛሬ ማታ ከጋዜጠኛው ጋር እፈታለሁ።,Promise,8,Promise_11,train
9193,በጣም ደግ ነህ ዶክተሩ፣ በፍርድ ቤት ምንም እርዳታ አልሰጠኸኝም።,Sarcasm/Irony,5,Sarcasm/Irony_12,train
9194,እባክዎ መሳሪያውን ለሹፌሩ ከሁለት ቀናት በኋላ ይላኩልኝ።,Request,0,Request_00,train
9195,እንኳን ደስ አለህ ደንበኛው፣ ስለ መስኮቱ እንደገና ተሳስተሃል።,Sarcasm/Irony,5,Sarcasm/Irony_13,train
9196,መምህሩ ወደ ትምህርት ቤት ነገ ከሰዓት በኋላ ሄደዋል።,Assertion,1,Assertion_07,train
9197,ፋይሉ ገና ወደ ከተማው ውስጥ ከሁለት ቀናት በኋላ አልደረሰኝም።,Complaint,6,Complaint_07,train
9198,እርግጠኛ ነኝ መሐንዲሱ ከሰዓት በኋላ ይደርሳሉ፣ እንደ ሁልጊዜው።,Sarcasm/Irony,5,Sarcasm/Irony_05,test
9199,ይህን ሃሳብ ስለ ካርታው አልቀበልም።,Refusal,2,Refusal_14,val
9200,ቃል እገባለሁ፣ ሂሳቡን በዚህ ሳምንት አላዘገይም።,Promise,8,Promise_03,test
9201,ጤና ይስጥልኝ መምህሩ፣ ከዛሬ ጀምሮ ደህና ነህ?,Phatic,7,Phatic_12,train
9202,ፋይሉ ገና ወደ ሆስፒታል ከዛሬ ጀምሮ አልደረሰኝም።,Complaint,6,Complaint_07,train
9203,በስብሰባ ክፍል ትንሽ እረፍት በስብሰባው ወቅት ብንወስድ ጥሩ ነው።,Suggestion,3,Suggestion_09,test
9204,እባክዎ ለመምህሩ ስለ ጥያቄው ይንገሩልኝ።,Request,0,Request_04,val
9205,እባክህ ለሪፖርቱ ይህን ዘዴ ነገ ጠዋት ተጠቀም።,Suggestion,3,Suggestion_04,train
9206,እባክዎ ስጦታውን ለአስተማሪዋ ከሰዓት በኋላ ይላኩልኝ።,Request,0,Request_00,train
9207,መስኮቱን በጥንቃቄ ለአለቃዬ እይዛለሁ።,Promise,8,Promise_07,train
9208,የመስኮቱ ችግር ከሶስት ሰዓት በኋላ ከአስተማሪዋ ጋር እፈታለሁ።,Promise,8,Promise_11,train
9209,ፕሮጀክቱ ገና ወደ መጋዘን በዚህ አመት አልደረሰኝም።,Complaint,6,Complaint_07,train
9210,እባክህ ይቅርታ አድርግልኝ፣ ወደ ፖሊስ ጣቢያ በዚህ አመት መምጣት አልችልም።,Refusal,2,Refusal_01,test
9211,ሂሳቡ ገና ወደ ገበያ ነገ ጠዋት አልደረሰኝም።,Complaint,6,Complaint_07,train
9212,ጓደኛዬ ወደ ፍርድ ቤት ነገ ሄደዋል።,Assertion,1,Assertion_07,train
9213,እባክዎ ይቅርታ፣ ስጦታውን ከጥቂት ደቂቃዎች በኋላ ማቅረብ አልችልም።,Refusal,2,Refusal_09,train
9214,ቁልፉን በጥንቃቄ ከአስተማሪዋ ጋር ብንመረምር ይሻላል።,Suggestion,3,Suggestion_11,val
9215,ነጋዴው፣ ስራ በስብሰባ ክፍል እንዴት ነው?,Phatic,7,Phatic_09,val
9216,ቢያንስ አንዴ ገንዘቡን በፖሊስ ጣቢያ እንሞክር።,Suggestion,3,Suggestion_05,train
9217,የፋይሉ ችግር ከሰዓት በኋላ ከጋዜጠኛው ጋር እፈታለሁ።,Promise,8,Promise_11,train
9218,ጓደኛዬ ወደ ቢሮ በሚቀጥለው አመት ሄደዋል።,Assertion,1,Assertion_07,train
9219,ሹፌሩ ወደ ስብሰባ ክፍል በሚቀጥለው ሳምንት ሄደዋል።,Assertion,1,Assertion_07,train
9220,ጓደኛዬ ሪፖርቱን ከዛሬ ጀምሮ አቅርበዋል።,Assertion,1,Assertion_13,test
9221,እባክህ ለውሉ ይህን ዘዴ በሳምንቱ መጨረሻ ተጠቀም።,Suggestion,3,Suggestion_04,train
9222,እንኳን ደስ አለህ ዶክተሩ ከጥቂት ደቂቃዎች በኋላ።,Phatic,7,Phatic_07,train
9223,መኪናው ገና ወደ ትምህርት ቤት ከሰዓት በኋላ አልደረሰኝም።,Complaint,6,Complaint_07,train
9224,ይህ ካርታው ከኤጀንሲው ከተገለጸው ጋር አይመሳሰልም።,Complaint,6,Complaint_12,test
9225,የፋብሪካው አገልግሎት በሱቅ በጣም ደካማ ነው።,Complaint,6,Complaint_01,test
9226,የጥያቄው ችግር ከሶስት ሰዓት በኋላ ከባልደረባዬ ጋር እፈታለሁ።,Promise,8,Promise_11,train
9227,ዛሬ ማታ በገበያ ትራፊኩ ከባድ ነው ተጠንቀቁ።,Warning,4,Warning_13,train
9228,መምህሩ ሪፖርቱን ከሁለት ቀናት በኋላ አቅርበዋል።,Assertion,1,Assertion_13,test
9229,እንዴት ጎበዝ ነህ አስተማሪዋ፣ ማሽኑን ሰብረኸዋል!,Sarcasm/Irony,5,Sarcasm/Irony_00,train
9230,እንኳን ደስ አለህ ስራ አስኪያጁ፣ ስለ መልእክቱ እንደገና ተሳስተሃል።,Sarcasm/Irony,5,Sarcasm/Irony_13,train
9231,እባክዎ በሩን በሚቀጥለው ሳምንት ይላኩልኝ።,Request,0,Request_13,val
9232,ማህበሩ ስለ ሪፖርቱ ማስጠንቀቂያ ከሁለት ቀናት በኋላ አውጥቷል።,Warning,4,Warning_08,train
9233,የውሃው ችግር ዛሬ ከነጋዴው ጋር እፈታለሁ።,Promise,8,Promise_11,train
9234,ጎበዝ ስራ ባልደረባዬ፣ ቦርሳው ሙሉ በሙሉ ፈርሷል።,Sarcasm/Irony,5,Sarcasm/Irony_09,train
9235,ጓደኛዬ ወደ ሱቅ በሚቀጥለው ወር ሄደዋል።,Assertion,1,Assertion_07,train
9236,እባክዎ ደረሰኙን ለሹፌሩ ከሰዓት በኋላ ይላኩልኝ።,Request,0,Request_00,train
9237,እባክዎ ቡናውን ለጠበቃው ዛሬ ማታ ይላኩልኝ።,Request,0,Request_00,train
9238,ከአንድ ሰዓት በኋላ በፖሊስ ጣቢያ መገኘት አልችልም።,Refusal,2,Refusal_04,val
9239,ከጠበቃው ጋር ከሁለት ቀናት በኋላ መነጋገር ይሻላል።,Suggestion,3,Suggestion_06,val
9240,ዛሬ ማታ በመንገድ ላይ መገኘት አልችልም።,Refusal,2,Refusal_04,val
9241,ከመምህሩ ጋር ከሶስት ሰዓት በኋላ በሆስፒታል እገናኛለሁ።,Promise,8,Promise_04,val
9242,እባክዎ ልብሱን ለአለቃዬ ከሁለት ቀናት በኋላ ይላኩልኝ።,Request,0,Request_00,train
9243,እባክዎ ለሹፌሩ ስለ መኪናው ይንገሩልኝ።,Request,0,Request_04,val
9244,እንኳን አደረሳችሁ አስተማሪዋ፣ በባንክ።,Phatic,7,Phatic_14,test
9245,ከአስተማሪዋ ጋር ነገ ከሰዓት በኋላ በፍርድ ቤት እገናኛለሁ።,Promise,8,Promise_04,val
9246,አመሰግናለሁ ስራ አስኪያጁ፣ ደህና ዋል በመጋዘን።,Phatic,7,Phatic_08,train
9247,ጓደኛዬ፣ እንደምን አደርክ በሚቀጥለው አመት?,Phatic,7,Phatic_01,train
9248,ከሹፌሩ ጋር ከሶስት ሰዓት በኋላ መነጋገር ይሻላል።,Suggestion,3,Suggestion_06,val
9249,እባክህ ይቅርታ አድርግልኝ፣ ወደ ፍርድ ቤት ከሶስት ሰዓት በኋላ መምጣት አልችልም።,Refusal,2,Refusal_01,test
9250,ሪፖርቱን ከአንድ ሰዓት በኋላ ብንሞክር ጥሩ ይሆናል።,Suggestion,3,Suggestion_00,train
9251,ይቅርታ፣ ቦርሳውን በስብሰባው ወቅት ማድረግ አልችልም።,Refusal,2,Refusal_00,train
9252,የቦርሳው ዋጋ በፖሊስ ጣቢያ በጣም ውድ ነው።,Complaint,6,Complaint_05,val
9253,ከዶክተሩ ጋር ስለ ካርታው ጉዳይ መስማማት አልችልም።,Refusal,2,Refusal_06,train
9254,ከነጋዴው ጋር ከሁለት ቀናት በኋላ በቢሮ እገናኛለሁ።,Promise,8,Promise_04,val
9255,ኤጀንሲው ስለ መስኮቱ ማስጠንቀቂያ ከሁለት ቀናት በኋላ አውጥቷል።,Warning,4,Warning_08,train
9256,ሪፖርቱን ለጓደኛዬ በሚቀጥለው ወር አቀርባለሁ።,Promise,8,Promise_05,train
9257,እሰይ፣ ሌላ ችግር በትምህርት ቤት ዛሬ ማታ፣ ልክ የሚያስፈልገን ይሄው ነበር።,Sarcasm/Irony,5,Sarcasm/Irony_07,train
9258,ይህን ጥያቄውን ከጠበቃው ጋር በጥንቃቄ ያዙ።,Warning,4,Warning_04,val
9259,ከጠበቃው ጋር በሚቀጥለው ሳምንት በአውሮፕላን ማረፊያ እገናኛለሁ።,Promise,8,Promise_04,val
9260,አዎ በእርግጥ፣ ባልደረባዬ ከሰዓት በኋላ ትመጣለህ ብዬ አላምንም።,Sarcasm/Irony,5,Sarcasm/Irony_01,test
9261,ከመምህሩ ጋር ስለ ማሽኑ ጉዳይ መስማማት አልችልም።,Refusal,2,Refusal_06,train
9262,ሰላም መሐንዲሱ፣ በዚህ ወር እንዴት ነህ?,Phatic,7,Phatic_00,train
9263,እባክዎ ውሉን ለአስተማሪዋ ነገ ከሰዓት በኋላ ይላኩልኝ።,Request,0,Request_00,train
9264,እባክዎ ፋይሉን ለፖሊሱ ከአንድ ሰዓት በኋላ ይላኩልኝ።,Request,0,Request_00,train
9265,ዕቃው ገና ወደ ባንክ በሚቀጥለው ሳምንት አልደረሰኝም።,Complaint,6,Complaint_07,train
9266,ጎበዝ ስራ አስተማሪዋ፣ ልብሱ ሙሉ በሙሉ ፈርሷል።,Sarcasm/Irony,5,Sarcasm/Irony_09,train
9267,የካርታው ችግር ዛሬ ማታ ከነጋዴው ጋር እፈታለሁ።,Promise,8,Promise_11,train
9268,እባክህ ይቅርታ አድርግልኝ፣ ወደ መንገድ ላይ በሚቀጥለው ወር መምጣት አልችልም።,Refusal,2,Refusal_01,test
9269,ኤጀንሲው ስለ ትዕዛዙ ማስጠንቀቂያ በዚህ ሳምንት አውጥቷል።,Warning,4,Warning_08,train
9270,ስጦታው ገና ወደ ባንክ በሚቀጥለው ወር አልደረሰኝም።,Complaint,6,Complaint_07,train
9271,ከሚኒስትሩ ጋር በሳምንቱ መጨረሻ በባንክ እገናኛለሁ።,Promise,8,Promise_04,val
9272,ከሹፌሩ ጋር ከጥቂት ደቂቃዎች በኋላ በፋብሪካ እገናኛለሁ።,Promise,8,Promise_04,val
9273,ኩባንያው በሚቀጥለው ሳምንት አዲስ ምርት አስተዋውቋል።,Assertion,1,Assertion_02,val
9274,እንኳን ወደ ፍርድ ቤት ደህና መጣህ ሚኒስትሩ።,Phatic,7,Phatic_04,test
9275,ጤና ይስጥልኝ ጓደኛዬ፣ በሚቀጥለው ወር ደህና ነህ?,Phatic,7,Phatic_12,train
9276,ተጠንቀቅ፣ ነገ ከሰዓት በኋላ ትምህርት ቤት ውስጥ አደጋ አለ።,Warning,4,Warning_00,val
9277,ሂሳቡ ገና ወደ ፖሊስ ጣቢያ ከሰዓት በኋላ አልደረሰኝም።,Complaint,6,Complaint_07,train
9278,ፕሮጀክቱን ከሶስት ሰዓት በኋላ ከሹፌሩ ጋር ብንጀምር ይሻላል።,Suggestion,3,Suggestion_08,val
9279,መስኮቱ ገና ወደ ቢሮ ከሁለት ቀናት በኋላ አልደረሰኝም።,Complaint,6,Complaint_07,train
9280,በሩ ከፖሊሱ አጠገብ አደገኛ ሊሆን ይችላል።,Warning,4,Warning_01,test
9281,ወደ ፋብሪካ በሚቀጥለው ወር መሄድ አልችልም።,Refusal,2,Refusal_13,test
9282,ጋዜጠኛው ወደ ሆስፒታል ዛሬ ማታ ሄደዋል።,Assertion,1,Assertion_07,train
9283,የበሩ ዋጋውን ከአንድ ሰዓት በኋላ ብንቀንስ ደንበኞች ይጨምራሉ።,Suggestion,3,Suggestion_07,train
9284,እንኳን ወደ ከተማው ውስጥ ደህና መጣህ ጋዜጠኛው።,Phatic,7,Phatic_04,test
9285,እባክዎ ይቅርታ፣ ውሃውን በዚህ ሳምንት ማቅረብ አልችልም።,Refusal,2,Refusal_09,train
9286,እባክዎ ነገ ወደ ቢሮ ይድረሱልኝ።,Request,0,Request_07,val
9287,እባክዎ ልብሱን ለመሐንዲሱ ዛሬ ይላኩልኝ።,Request,0,Request_00,train
9288,የሰነዱ ችግር ከሁለት ቀናት በኋላ ከደንበኛው ጋር እፈታለሁ።,Promise,8,Promise_11,train
9289,እባክዎ ሪፖርቱን ለነጋዴው ዛሬ ማታ ይላኩልኝ።,Request,0,Request_00,train
9290,የበሩ ዋጋ በስብሰባው ወቅት ጨምሯል።,Assertion,1,Assertion_12,val
9291,ጠበቃው ወደ ከተማው ውስጥ ነገ ጠዋት ሄደዋል።,Assertion,1,Assertion_07,train
9292,እባክህ ለካርታው ይህን ዘዴ በሚቀጥለው ወር ተጠቀም።,Suggestion,3,Suggestion_04,train
9293,እባክዎ ትዕዛዙን ለመሐንዲሱ ከሶስት ሰዓት በኋላ ይላኩልኝ።,Request,0,Request_00,train
9294,ማሽኑ ገና ወደ ባንክ ከምሽቱ ጀምሮ አልደረሰኝም።,Complaint,6,Complaint_07,train
9295,መሳሪያው ገና ወደ ፋብሪካ በሚቀጥለው አመት አልደረሰኝም።,Complaint,6,Complaint_07,train
9296,ጎበዝ ስራ ስራ አስኪያጁ፣ ካርታው ሙሉ በሙሉ ፈርሷል።,Sarcasm/Irony,5,Sarcasm/Irony_09,train
9297,ይህን በሩን ከስራ አስኪያጁ መቀበል አልችልም።,Refusal,2,Refusal_03,train
9298,ስለ ስጦታው ጉዳይ ከሚኒስትሩ ጋር እንወያይ።,Suggestion,3,Suggestion_10,train
9299,ከስራ አስኪያጁ ጋር ዛሬ ማታ በመንገድ ላይ እገናኛለሁ።,Promise,8,Promise_04,val
9300,አስተማሪዋ ወደ ትምህርት ቤት በዚህ ወር ሄደዋል።,Assertion,1,Assertion_07,train
9301,ጎበዝ ስራ ዶክተሩ፣ ማሽኑ ሙሉ በሙሉ ፈርሷል።,Sarcasm/Irony,5,Sarcasm/Irony_09,train
9302,ይህን ገንዘቡን ያለ አስተማሪዋ ትዕዛዝ አይውሰዱ።,Warning,4,Warning_12,val
9303,ወደ ስብሰባ ክፍል ዛሬ መሄድ አልችልም።,Refusal,2,Refusal_13,test
9304,እባክህ ለቤቱ ይህን ዘዴ ነገ ጠዋት ተጠቀም።,Suggestion,3,Suggestion_04,train
9305,ፖሊሱ ወደ ትምህርት ቤት ከሁለት ቀናት በኋላ ሄደዋል።,Assertion,1,Assertion_07,train
9306,ባንኩ ስለ ፋይሉ ማስጠንቀቂያ ከሶስት ሰዓት በኋላ አውጥቷል።,Warning,4,Warning_08,train
9307,ጎበዝ! በጣም ጥሩ ስራ ሰራህ ነጋዴው፣ ካርታውን አበላሸኸው።,Sarcasm/Irony,5,Sarcasm/Irony_02,train
9308,ስራ አስኪያጁ ስብሰባውን በሚቀጥለው ሳምንት መርተዋል።,Assertion,1,Assertion_03,val
9309,ጓደኛዬ፣ እንደምን አደርክ ከሶስት ሰዓት በኋላ?,Phatic,7,Phatic_01,train
9310,አስተማሪዋ ወደ ቢሮ በሳምንቱ መጨረሻ ሄደዋል።,Assertion,1,Assertion_07,train
9311,የደብዳቤው ችግር በሳምንቱ መጨረሻ ከሹፌሩ ጋር እፈታለሁ።,Promise,8,Promise_11,train
9312,እባክዎ ኮምፒዩተሩን ለመሐንዲሱ ዛሬ ማታ ይላኩልኝ።,Request,0,Request_00,train
9313,የሪፖርቱ ችግር በሳምንቱ መጨረሻ ከጋዜጠኛው ጋር እፈታለሁ።,Promise,8,Promise_11,train
9314,እንደምን አለህ በመንገድ ላይ፣ ጓደኛዬ?,Phatic,7,Phatic_11,val
9315,ይህን ኮምፒዩተሩን ከአለቃዬ ጋር በጥንቃቄ ያዙ።,Warning,4,Warning_04,val
9316,ማንነትዎን ለማያውቁት መምህሩ በቢሮ አይስጡ።,Warning,4,Warning_14,test
9317,የካርታው ችግር ዛሬ ከጓደኛዬ ጋር እፈታለሁ።,Promise,8,Promise_11,train
9318,ሰላም ፖሊሱ፣ ነገ ጠዋት እንዴት ነህ?,Phatic,7,Phatic_00,train
9319,ወደ ቢሮ ከዛሬ ጀምሮ መሄድ አልችልም።,Refusal,2,Refusal_13,test
9320,መጽሐፉ ገና ወደ ስብሰባ ክፍል ዛሬ ማታ አልደረሰኝም።,Complaint,6,Complaint_07,train
9321,ፖሊሱ ወደ ከተማው ውስጥ በሚቀጥለው ሳምንት ሄደዋል።,Assertion,1,Assertion_07,train
9322,እባክዎ ለአለቃዬ ስለ ጥያቄው ይንገሩልኝ።,Request,0,Request_04,val
9323,በጣም ውጤታማ ነው ማዕከሉ፣ በበሚቀጥለው ወር ምንም አልተሰራም።,Sarcasm/Irony,5,Sarcasm/Irony_14,val
9324,እንደምን አለህ በገበያ፣ ፖሊሱ?,Phatic,7,Phatic_11,val
9325,ማዕከሉ ስለ ውሃው ማስጠንቀቂያ በስብሰባው ወቅት አውጥቷል።,Warning,4,Warning_08,train
9326,መንግስት በሚቀጥለው ወር አዲስ ምርት አስተዋውቋል።,Assertion,1,Assertion_02,val
9327,ጠበቃው ወደ ፍርድ ቤት ከሶስት ሰዓት በኋላ ሄደዋል።,Assertion,1,Assertion_07,train
9328,እባክዎ መስኮቱን ለደንበኛው ነገ ከሰዓት በኋላ ይላኩልኝ።,Request,0,Request_00,train
9329,ወደ ፋብሪካ በሚቀጥለው ሳምንት መሄድ አልችልም።,Refusal,2,Refusal_13,test
9330,እባክዎ ስለ ውሃው መረጃ ይስጡኝ።,Request,0,Request_11,test
9331,የመልእክቱ ችግር በሚቀጥለው ወር ከደንበኛው ጋር እፈታለሁ።,Promise,8,Promise_11,train
9332,ከአስተማሪዋ ጋር ስለ መልእክቱ ጉዳይ መስማማት አልችልም።,Refusal,2,Refusal_06,train
9333,ወደ ገበያ ከምሽቱ ጀምሮ መሄድ አልችልም።,Refusal,2,Refusal_13,test
9334,እባክዎ ጥያቄውን ለዶክተሩ በሚቀጥለው አመት ይላኩልኝ።,Request,0,Request_00,train
9335,እባክዎ ስልኩን ለፖሊሱ በሚቀጥለው ሳምንት ይላኩልኝ።,Request,0,Request_00,train
9336,ነጋዴው ወደ ቤት በሚቀጥለው ወር ሄደዋል።,Assertion,1,Assertion_07,train
9337,እንኳን ደስ አለህ ጠበቃው፣ ስለ ኮምፒዩተሩ እንደገና ተሳስተሃል።,Sarcasm/Irony,5,Sarcasm/Irony_13,train
9338,ፕሮጀክቱን ከሶስት ሰዓት በኋላ ከጠበቃው ጋር ብንጀምር ይሻላል።,Suggestion,3,Suggestion_08,val
9339,ከጓደኛዬ ጋር በሚቀጥለው አመት በሱቅ እገናኛለሁ።,Promise,8,Promise_04,val
9340,ማህበሩ ስለ ገንዘቡ ማስጠንቀቂያ በስብሰባው ወቅት አውጥቷል።,Warning,4,Warning_08,train
9341,እባክዎ ይቅርታ፣ ደረሰኙን ነገ ጠዋት ማቅረብ አልችልም።,Refusal,2,Refusal_09,train
9342,የገንዘቡ ችግር ነገ ከሰዓት በኋላ ከጋዜጠኛው ጋር እፈታለሁ።,Promise,8,Promise_11,train
9343,እንኳን ወደ ባንክ ደህና መጣህ ጠበቃው።,Phatic,7,Phatic_04,test
9344,ቃል እገባለሁ፣ ትዕዛዙን በዚህ ወር አላዘገይም።,Promise,8,Promise_03,test
9345,ከሹፌሩ ጋር ዛሬ በገበያ እገናኛለሁ።,Promise,8,Promise_04,val
9346,ይህን ኮምፒዩተሩን ከፖሊሱ ጋር በጥንቃቄ ያዙ።,Warning,4,Warning_04,val
9347,ይህን ቤቱን ከፖሊሱ መቀበል አልችልም።,Refusal,2,Refusal_03,train
9348,ደብዳቤው ገና ወደ ቢሮ ከሶስት ሰዓት በኋላ አልደረሰኝም።,Complaint,6,Complaint_07,train
9349,የኮምፒዩተሩ ችግር ዛሬ ከጋዜጠኛው ጋር እፈታለሁ።,Promise,8,Promise_11,train
9350,ፋብሪካው ስለ ቁልፉ ማስጠንቀቂያ ከአንድ ሰዓት በኋላ አውጥቷል።,Warning,4,Warning_08,train
9351,ደህና በሳምንቱ መጨረሻ ይሁንልህ ዶክተሩ።,Phatic,7,Phatic_02,train
9352,ኮምፒዩተሩን በሚቀጥለው ሳምንት ብንሞክር ጥሩ ይሆናል።,Suggestion,3,Suggestion_00,train
9353,እንደምን አለህ በባንክ፣ ሹፌሩ?,Phatic,7,Phatic_11,val
9354,የካርታው ወጪውን በትምህርት ቤት ብንቀንስ የተሻለ ነው።,Suggestion,3,Suggestion_13,train
9355,ትዕዛዙ ገና ወደ ከተማው ውስጥ በዚህ ሳምንት አልደረሰኝም።,Complaint,6,Complaint_07,train
9356,እንኳን ወደ ገበያ ደህና መጣህ ጠበቃው።,Phatic,7,Phatic_04,test
9357,ምርቱ ገና ወደ ገበያ በዚህ ወር አልደረሰኝም።,Complaint,6,Complaint_07,train
9358,ውሃው ገና ወደ መንገድ ላይ በስብሰባው ወቅት አልደረሰኝም።,Complaint,6,Complaint_07,train
9359,ነገ ጠዋት ወደ ፋብሪካ እደርሳለሁ።,Promise,8,Promise_10,train
9360,ፕሮጀክቱን ከዛሬ ጀምሮ ከፖሊሱ ጋር ብንጀምር ይሻላል።,Suggestion,3,Suggestion_08,val
9361,ወደ ትምህርት ቤት ነገ ከሰዓት በኋላ መሄድ አልችልም።,Refusal,2,Refusal_13,test
9362,እምቢ ማለት እፈልጋለሁ፣ ይህ ቤቱ አይሆንልኝም።,Refusal,2,Refusal_05,train
9363,የውሉ ዋጋውን ከሶስት ሰዓት በኋላ ብንቀንስ ደንበኞች ይጨምራሉ።,Suggestion,3,Suggestion_07,train
9364,ማህበሩ ስለ ጥያቄው ማስጠንቀቂያ ዛሬ ማታ አውጥቷል።,Warning,4,Warning_08,train
9365,እባክዎ ዛሬ ማታ ወደ መጋዘን ይድረሱልኝ።,Request,0,Request_07,val
9366,እባክህ ለዕቃው ይህን ዘዴ ከሁለት ቀናት በኋላ ተጠቀም።,Suggestion,3,Suggestion_04,train
9367,ከጋዜጠኛው ጋር ከምሽቱ ጀምሮ በፍርድ ቤት እገናኛለሁ።,Promise,8,Promise_04,val
9368,እባክዎ ካርታውን ለአስተማሪዋ በዚህ ሳምንት ይላኩልኝ።,Request,0,Request_00,train
9369,እባክህ ለመስኮቱ ይህን ዘዴ በሚቀጥለው አመት ተጠቀም።,Suggestion,3,Suggestion_04,train
9370,ፖሊሱ ወደ ቤት ዛሬ ማታ ሄደዋል።,Assertion,1,Assertion_07,train
9371,መሐንዲሱ፣ ስራ በቤት እንዴት ነው?,Phatic,7,Phatic_09,val
9372,እባክህ ይቅርታ አድርግልኝ፣ ወደ ከተማው ውስጥ በዚህ አመት መምጣት አልችልም።,Refusal,2,Refusal_01,test
9373,እባክዎ በሩን ለነጋዴው ከሁለት ቀናት በኋላ ይላኩልኝ።,Request,0,Request_00,train
9374,መጽሐፉ ገና ወደ አውሮፕላን ማረፊያ በሚቀጥለው ሳምንት አልደረሰኝም።,Complaint,6,Complaint_07,train
9375,ይቅርታ፣ ቡናውን ዛሬ ማታ ማድረግ አልችልም።,Refusal,2,Refusal_00,train
9376,ይቅርታ፣ ስጦታውን ከምሽቱ ጀምሮ ማድረግ አልችልም።,Refusal,2,Refusal_00,train
9377,ማሽኑ ገና ወደ አውሮፕላን ማረፊያ በሚቀጥለው ወር አልደረሰኝም።,Complaint,6,Complaint_07,train
9378,እባክዎ ቤቱን ለነጋዴው ከሁለት ቀናት በኋላ ይላኩልኝ።,Request,0,Request_00,train
9379,ኤጀንሲው ስለ ውሉ ማስጠንቀቂያ በሚቀጥለው አመት አውጥቷል።,Warning,4,Warning_08,train
9380,እንዴት ደስ ይላል፣ ጓደኛዬ እንደገና ዛሬ ዘገዩ።,Sarcasm/Irony,5,Sarcasm/Irony_03,train
9381,ሆስፒታል ነገ ጠዋት ተከፍቷል።,Assertion,1,Assertion_14,train
9382,የመስኮቱ ችግር ነገ ከጠበቃው ጋር እፈታለሁ።,Promise,8,Promise_11,train
9383,ይቅርታ፣ ቡናውን ነገ ከሰዓት በኋላ ማድረግ አልችልም።,Refusal,2,Refusal_00,train
9384,የቤቱ ችግር ከአንድ ሰዓት በኋላ ከባልደረባዬ ጋር እፈታለሁ።,Promise,8,Promise_11,train
9385,ኮምፒዩተሩ ገና ወደ አውሮፕላን ማረፊያ ከሶስት ሰዓት በኋላ አልደረሰኝም።,Complaint,6,Complaint_07,train
9386,በቤት በስብሰባው ወቅት ንጽህና ጎድሏል።,Complaint,6,Complaint_13,test
9387,ጎበዝ! በጣም ጥሩ ስራ ሰራህ መምህሩ፣ ፕሮጀክቱን አበላሸኸው።,Sarcasm/Irony,5,Sarcasm/Irony_02,train
9388,ድርጅቱ ስለ ትዕዛዙ ማስጠንቀቂያ ከአንድ ሰዓት በኋላ አውጥቷል።,Warning,4,Warning_08,train
9389,እንኳን አደረሳችሁ አለቃዬ፣ በቤት።,Phatic,7,Phatic_14,test
9390,እባክዎ መሳሪያውን ለሹፌሩ በዚህ ወር ይላኩልኝ።,Request,0,Request_00,train
9391,እንኳን ደስ አለህ ነጋዴው፣ ስለ ቁልፉ እንደገና ተሳስተሃል።,Sarcasm/Irony,5,Sarcasm/Irony_13,train
9392,አመሰግናለሁ መሐንዲሱ፣ ደህና ዋል በመጋዘን።,Phatic,7,Phatic_08,train
9393,መምህሩ፣ ስራ በገበያ እንዴት ነው?,Phatic,7,Phatic_09,val
9394,ሹፌሩ፣ ቤተሰብ በፍርድ ቤት እንዴት ናቸው?,Phatic,7,Phatic_05,val
9395,ጓደኛዬ ወደ ትምህርት ቤት ከሶስት ሰዓት በኋላ ሄደዋል።,Assertion,1,Assertion_07,train
9396,እንኳን ደስ አለህ ጋዜጠኛው ነገ።,Phatic,7,Phatic_07,train
9397,የፋይሉ ችግር ዛሬ ከደንበኛው ጋር እፈታለሁ።,Promise,8,Promise_11,train
9398,ሰነዱ ገና ወደ ፍርድ ቤት ነገ ጠዋት አልደረሰኝም።,Complaint,6,Complaint_07,train
9399,ጎበዝ ስራ ፖሊሱ፣ ገንዘቡ ሙሉ በሙሉ ፈርሷል።,Sarcasm/Irony,5,Sarcasm/Irony_09,train
9400,እባክዎ ለጋዜጠኛው ዕቃውን ያድርሱ።,Request,0,Request_14,test
9401,እባክዎ ቁልፉን ለሚኒስትሩ በስብሰባው ወቅት ይላኩልኝ።,Request,0,Request_00,train
9402,ሚኒስትሩ፣ ጤና ይስጥልኝ በከተማው ውስጥ።,Phatic,7,Phatic_03,train
9403,ይቅርታ፣ ደረሰኙን በሚቀጥለው ወር ማድረግ አልችልም።,Refusal,2,Refusal_00,train
9404,ቤቱ ገና ወደ ከተማው ውስጥ ከጥቂት ደቂቃዎች በኋላ አልደረሰኝም።,Complaint,6,Complaint_07,train
9405,የፋይሉ ችግር በስብሰባው ወቅት ከአስተማሪዋ ጋር እፈታለሁ።,Promise,8,Promise_11,train
9406,በፋብሪካ ከሰዓት በኋላ ንጽህና ጎድሏል።,Complaint,6,Complaint_13,test
9407,እባክዎ ይቅርታ፣ ቁልፉን ከሶስት ሰዓት በኋላ ማቅረብ አልችልም።,Refusal,2,Refusal_09,train
9408,እባክዎ ኮምፒዩተሩን ለሚኒስትሩ ዛሬ ይላኩልኝ።,Request,0,Request_00,train
9409,ጋዜጠኛው ወደ ፋብሪካ በስብሰባው ወቅት ሄደዋል።,Assertion,1,Assertion_07,train
9410,ስራውን ከጠበቃው ጋር በሚቀጥለው አመት እጨርሳለሁ።,Promise,8,Promise_01,test
9411,ባልደረባዬ፣ ቤተሰብ በባንክ እንዴት ናቸው?,Phatic,7,Phatic_05,val
9412,እባክዎ ደረሰኙን ለመሐንዲሱ ከአንድ ሰዓት በኋላ ይላኩልኝ።,Request,0,Request_00,train
9413,እባክዎ ማሽኑን ለደንበኛው ዛሬ ማታ ይላኩልኝ።,Request,0,Request_00,train
9414,የቡናው ዋጋ ከሶስት ሰዓት በኋላ ጨምሯል።,Assertion,1,Assertion_12,val
9415,እባክዎ መኪናውን ለስራ አስኪያጁ ነገ ጠዋት ይላኩልኝ።,Request,0,Request_00,train
9416,በሚቀጥለው ወር በሱቅ መገኘት አልችልም።,Refusal,2,Refusal_04,val
9417,የቦርሳው ችግር በሚቀጥለው ወር ከአስተማሪዋ ጋር እፈታለሁ።,Promise,8,Promise_11,train
9418,እባክዎ ይቅርታ፣ ስልኩን በዚህ አመት ማቅረብ አልችልም።,Refusal,2,Refusal_09,train
9419,ነገ ጠዋት በፋብሪካ መገኘት አልችልም።,Refusal,2,Refusal_04,val
9420,ይቅርታ፣ ሰነዱን በስብሰባው ወቅት ማድረግ አልችልም።,Refusal,2,Refusal_00,train
9421,እሰይ፣ ሌላ ችግር በፖሊስ ጣቢያ በስብሰባው ወቅት፣ ልክ የሚያስፈልገን ይሄው ነበር።,Sarcasm/Irony,5,Sarcasm/Irony_07,train
9422,ይቅርታ፣ ውሉን ከሶስት ሰዓት በኋላ ማድረግ አልችልም።,Refusal,2,Refusal_00,train
9423,በኩባንያው አዲስ ስልት ከአንድ ሰዓት በኋላ እንተግብር።,Suggestion,3,Suggestion_14,test
9424,ማዕከሉ ስለ ቦርሳው ማስጠንቀቂያ ከሰዓት በኋላ አውጥቷል።,Warning,4,Warning_08,train
9425,ፋብሪካው ስለ ማሽኑ ማስጠንቀቂያ በሳምንቱ መጨረሻ አውጥቷል።,Warning,4,Warning_08,train
9426,በባንኩ አዲስ ስልት ዛሬ እንተግብር።,Suggestion,3,Suggestion_14,test
9427,እባክዎ ካርታውን ለጓደኛዬ ነገ ይላኩልኝ።,Request,0,Request_00,train
9428,ደህና ሁን ዶክተሩ፣ እስከ በሚቀጥለው ወር እንገናኝ።,Phatic,7,Phatic_13,train
9429,ይቅርታ፣ ውሃውን በሚቀጥለው ሳምንት ማድረግ አልችልም።,Refusal,2,Refusal_00,train
9430,በጣም ብልህ ነህ ባልደረባዬ፣ ቦርሳውን ረሳኸው።,Sarcasm/Irony,5,Sarcasm/Irony_04,train
9431,የመሳሪያው ችግር በሳምንቱ መጨረሻ ከፖሊሱ ጋር እፈታለሁ።,Promise,8,Promise_11,train
9432,ኤጀንሲው ስለ ልብሱ ማስጠንቀቂያ በዚህ አመት አውጥቷል።,Warning,4,Warning_08,train
9433,ኤጀንሲው ስለ ስጦታው ማስጠንቀቂያ ከዛሬ ጀምሮ አውጥቷል።,Warning,4,Warning_08,train
9434,እባክዎ ሪፖርቱን ለመሐንዲሱ ነገ ይላኩልኝ።,Request,0,Request_00,train
9435,ደህና እደር ጓደኛዬ፣ በዚህ ሳምንት እንገናኝ።,Phatic,7,Phatic_06,train
9436,ጎበዝ! በጣም ጥሩ ስራ ሰራህ ባልደረባዬ፣ ትዕዛዙን አበላሸኸው።,Sarcasm/Irony,5,Sarcasm/Irony_02,train
9437,መጽሐፉ በትክክል ይሰራል።,Assertion,1,Assertion_11,val
9438,ወደ ስብሰባ ክፍል ነገ ከሰዓት በኋላ እንሂድ።,Suggestion,3,Suggestion_01,test
9439,ይቅርታ፣ ደብዳቤውን ነገ ማድረግ አልችልም።,Refusal,2,Refusal_00,train
9440,በጣም ብልህ ነህ ደንበኛው፣ መጽሐፉን ረሳኸው።,Sarcasm/Irony,5,Sarcasm/Irony_04,train
9441,እንኳን ደስ አለህ ባልደረባዬ፣ ስለ ቡናው እንደገና ተሳስተሃል።,Sarcasm/Irony,5,Sarcasm/Irony_13,train
9442,እንዴት ጎበዝ ነህ ሹፌሩ፣ ፋይሉን ሰብረኸዋል!,Sarcasm/Irony,5,Sarcasm/Irony_00,train
9443,እባክዎ ኮምፒዩተሩን ለጠበቃው ዛሬ ይላኩልኝ።,Request,0,Request_00,train
9444,የካርታው ችግር ዛሬ ማታ ከጓደኛዬ ጋር እፈታለሁ።,Promise,8,Promise_11,train
9445,የኮምፒዩተሩ ወጪውን በአውሮፕላን ማረፊያ ብንቀንስ የተሻለ ነው።,Suggestion,3,Suggestion_13,train
9446,እባክዎ ይቅርታ፣ ውሉን በስብሰባው ወቅት ማቅረብ አልችልም።,Refusal,2,Refusal_09,train
9447,ሰላም ጋዜጠኛው፣ ዛሬ እንዴት ነህ?,Phatic,7,Phatic_00,train
9448,በጣም ጎበዝ ነው ፋብሪካው፣ በሆስፒታል ደንበኞችን ችላ ይላል።,Sarcasm/Irony,5,Sarcasm/Irony_06,test
9449,የመልእክቱ ችግር በሚቀጥለው ወር ከሚኒስትሩ ጋር እፈታለሁ።,Promise,8,Promise_11,train
9450,ደህና ነገ ጠዋት ይሁንልህ ነጋዴው።,Phatic,7,Phatic_02,train
9451,ሪፖርቱን ከጥቂት ደቂቃዎች በኋላ ብንሞክር ጥሩ ይሆናል።,Suggestion,3,Suggestion_00,train
9452,እባክዎ ሪፖርቱን ወደ ፖሊስ ጣቢያ ይላኩ።,Request,0,Request_06,test
9453,ትዕዛዙ ገና ወደ ቤት ከሶስት ሰዓት በኋላ አልደረሰኝም።,Complaint,6,Complaint_07,train
9454,ጤና ይስጥልኝ ደንበኛው፣ ነገ ደህና ነህ?,Phatic,7,Phatic_12,train
9455,ስለ ደረሰኙ ከአስተማሪዋ ጋር ማሰብ ይኖርብናል።,Suggestion,3,Suggestion_03,train
9456,በሚቀጥለው ሳምንት በሆስፒታል ከባድ ዝናብ ሊዘንብ ይችላል ተጠንቀቁ።,Warning,4,Warning_03,test
9457,ወደ ሆስፒታል ከምሽቱ ጀምሮ እንሂድ።,Suggestion,3,Suggestion_01,test
9458,የኮምፒዩተሩ ችግር ዛሬ ማታ ከመሐንዲሱ ጋር እፈታለሁ።,Promise,8,Promise_11,train
9459,የቤቱ ዋጋ ከምሽቱ ጀምሮ ጨምሯል።,Assertion,1,Assertion_12,val
9460,ፖሊሱ ሪፖርቱን በሚቀጥለው ሳምንት አቅርበዋል።,Assertion,1,Assertion_13,test
9461,ነጋዴው ወደ ትምህርት ቤት ዛሬ ማታ ሄደዋል።,Assertion,1,Assertion_07,train
9462,እባክዎ ሰነዱን ለመሐንዲሱ ዛሬ ማታ ይላኩልኝ።,Request,0,Request_00,train
9463,ሰነዱን ዛሬ ብንሞክር ጥሩ ይሆናል።,Suggestion,3,Suggestion_00,train
9464,እባክህ ይቅርታ አድርግልኝ፣ ወደ ስብሰባ ክፍል ነገ ጠዋት መምጣት አልችልም።,Refusal,2,Refusal_01,test
9465,ቡናው ገና ወደ ትምህርት ቤት ከጥቂት ደቂቃዎች በኋላ አልደረሰኝም።,Complaint,6,Complaint_07,train
9466,ስቱዲዮው ስለ ካርታው ማስጠንቀቂያ በዚህ ሳምንት አውጥቷል።,Warning,4,Warning_08,train
9467,ፕሮጀክቱን በሳምንቱ መጨረሻ ከፖሊሱ ጋር ብንጀምር ይሻላል።,Suggestion,3,Suggestion_08,val
9468,እንኳን ወደ ቢሮ ደህና መጣህ ባልደረባዬ።,Phatic,7,Phatic_04,test
9469,የሂሳቡ ችግር በሳምንቱ መጨረሻ ከፖሊሱ ጋር እፈታለሁ።,Promise,8,Promise_11,train
9470,ይህን ውሉን ከሚኒስትሩ መቀበል አልችልም።,Refusal,2,Refusal_03,train
9471,ስለ መስኮቱ ጉዳይ ከአስተማሪዋ ጋር እንወያይ።,Suggestion,3,Suggestion_10,train
9472,እባክዎ መጽሐፉን ለጓደኛዬ በስብሰባው ወቅት ይላኩልኝ።,Request,0,Request_00,train
9473,ደህና እደር ጓደኛዬ፣ ነገ እንገናኝ።,Phatic,7,Phatic_06,train
9474,ወደ ገበያ ነገ መሄድ አልችልም።,Refusal,2,Refusal_13,test
9475,የመኪናው ችግር በዚህ ወር ከነጋዴው ጋር እፈታለሁ።,Promise,8,Promise_11,train
9476,መሐንዲሱ ወደ ትምህርት ቤት ነገ ሄደዋል።,Assertion,1,Assertion_07,train
9477,እባክዎ መልእክቱን ለአስተማሪዋ በሚቀጥለው አመት ይላኩልኝ።,Request,0,Request_00,train
9478,ማሽኑ ገና ወደ ቢሮ በዚህ አመት አልደረሰኝም።,Complaint,6,Complaint_07,train
9479,የኮምፒዩተሩ ችግር በሳምንቱ መጨረሻ ከመምህሩ ጋር እፈታለሁ።,Promise,8,Promise_11,train
9480,ጠበቃው፣ ስራ በሆስፒታል እንዴት ነው?,Phatic,7,Phatic_09,val
9481,ማህበሩ ስለ መጽሐፉ ማስጠንቀቂያ ከአንድ ሰዓት በኋላ አውጥቷል።,Warning,4,Warning_08,train
9482,እሰይ፣ ሌላ ችግር በመጋዘን ነገ ከሰዓት በኋላ፣ ልክ የሚያስፈልገን ይሄው ነበር።,Sarcasm/Irony,5,Sarcasm/Irony_07,train
9483,እባክዎ ይቅርታ፣ ካርታውን በሚቀጥለው ሳምንት ማቅረብ አልችልም።,Refusal,2,Refusal_09,train
9484,የመልእክቱ ችግር በሚቀጥለው ሳምንት ከጋዜጠኛው ጋር እፈታለሁ።,Promise,8,Promise_11,train
9485,እባክህ ለትዕዛዙ ይህን ዘዴ ዛሬ ማታ ተጠቀም።,Suggestion,3,Suggestion_04,train
9486,ቢያንስ አንዴ ስጦታውን በቤት እንሞክር።,Suggestion,3,Suggestion_05,train
9487,ዛሬ በሆስፒታል ስብሰባ እናድርግ።,Suggestion,3,Suggestion_02,train
9488,ካርታው ገና ወደ ገበያ በሚቀጥለው ሳምንት አልደረሰኝም።,Complaint,6,Complaint_07,train
9489,እንደምን አለህ በባንክ፣ ባልደረባዬ?,Phatic,7,Phatic_11,val
9490,ከጠበቃው ጋር ከጥቂት ደቂቃዎች በኋላ በቢሮ እገናኛለሁ።,Promise,8,Promise_04,val
9491,እባክዎ ኮምፒዩተሩን ለመምህሩ ነገ ከሰዓት በኋላ ይላኩልኝ።,Request,0,Request_00,train
9492,ድርጅቱ ስለ ምርቱ ማስጠንቀቂያ ነገ ከሰዓት በኋላ አውጥቷል።,Warning,4,Warning_08,train
9493,ቢያንስ አንዴ ቦርሳውን በትምህርት ቤት እንሞክር።,Suggestion,3,Suggestion_05,train
9494,ደህና ሁን መምህሩ፣ እስከ ከዛሬ ጀምሮ እንገናኝ።,Phatic,7,Phatic_13,train
9495,እንዴት ጎበዝ ነህ ፖሊሱ፣ ማሽኑን ሰብረኸዋል!,Sarcasm/Irony,5,Sarcasm/Irony_00,train
9496,ድርጅቱ ስለ ምርቱ ማስጠንቀቂያ ነገ ጠዋት አውጥቷል።,Warning,4,Warning_08,train
9497,እንኳን አደረሳችሁ ስራ አስኪያጁ፣ በመንገድ ላይ።,Phatic,7,Phatic_14,test
9498,እባክዎ ቁልፉን ለአለቃዬ በዚህ ሳምንት ይላኩልኝ።,Request,0,Request_00,train
9499,የመሳሪያው ችግር ነገ ከአለቃዬ ጋር እፈታለሁ።,Promise,8,Promise_11,train
9500,ከዶክተሩ ጋር በሳምንቱ መጨረሻ በቢሮ እገናኛለሁ።,Promise,8,Promise_04,val
9501,ይህ ቡናው ከማዕከሉ ጥራት የለውም።,Complaint,6,Complaint_00,val
9502,ወደ ፋብሪካ በሚቀጥለው ወር እንሂድ።,Suggestion,3,Suggestion_01,test
9503,እባክዎ ስጦታውን ለአስተማሪዋ ከአንድ ሰዓት በኋላ ይላኩልኝ።,Request,0,Request_00,train
9504,ከባልደረባዬ ጋር ከሁለት ቀናት በኋላ በገበያ እገናኛለሁ።,Promise,8,Promise_04,val
9505,ገንዘቡን በጥንቃቄ ለጠበቃው እይዛለሁ።,Promise,8,Promise_07,train
9506,እንኳን ወደ አውሮፕላን ማረፊያ ደህና መጣህ መሐንዲሱ።,Phatic,7,Phatic_04,test
9507,ነገ ከሰዓት በኋላ በሆስፒታል ትራፊኩ ከባድ ነው ተጠንቀቁ።,Warning,4,Warning_13,train
9508,ከስራ አስኪያጁ ጋር ከጥቂት ደቂቃዎች በኋላ በሱቅ እገናኛለሁ።,Promise,8,Promise_04,val
9509,መንግስት ስለ ምርቱ ማስጠንቀቂያ ነገ ከሰዓት በኋላ አውጥቷል።,Warning,4,Warning_08,train
9510,እባክዎ ውሃውን ለነጋዴው በሚቀጥለው አመት ይላኩልኝ።,Request,0,Request_00,train
9511,ከአንድ ሰዓት በኋላ በስብሰባ ክፍል ትራፊኩ ከባድ ነው ተጠንቀቁ።,Warning,4,Warning_13,train
9512,ከጓደኛዬ ጋር ከሁለት ቀናት በኋላ በመጋዘን እገናኛለሁ።,Promise,8,Promise_04,val
9513,ማህበሩ ስለ ኮምፒዩተሩ ማስጠንቀቂያ ከዛሬ ጀምሮ አውጥቷል።,Warning,4,Warning_08,train
9514,እባክህ ለመኪናው ይህን ዘዴ በሚቀጥለው አመት ተጠቀም።,Suggestion,3,Suggestion_04,train
9515,ስልኩ ገና ወደ ፍርድ ቤት በሚቀጥለው ወር አልደረሰኝም።,Complaint,6,Complaint_07,train
9516,ፋብሪካው ስለ ስልኩ ማስጠንቀቂያ ከሰዓት በኋላ አውጥቷል።,Warning,4,Warning_08,train
9517,እንኳን ደስ አለህ ባልደረባዬ በሚቀጥለው አመት።,Phatic,7,Phatic_07,train
9518,የነጋዴው ጥያቄ ውድቅ አደርጋለሁ።,Refusal,2,Refusal_02,val
9519,ሰላም ስራ አስኪያጁ፣ ከአንድ ሰዓት በኋላ እንዴት ነህ?,Phatic,7,Phatic_00,train
9520,እባክዎ መሳሪያውን ለጓደኛዬ በሚቀጥለው ወር ይላኩልኝ።,Request,0,Request_00,train
9521,የቤቱ ችግር በሳምንቱ መጨረሻ ከመምህሩ ጋር እፈታለሁ።,Promise,8,Promise_11,train
9522,ኮምፒዩተሩ ገና ወደ ከተማው ውስጥ ከዛሬ ጀምሮ አልደረሰኝም።,Complaint,6,Complaint_07,train
9523,እባክዎ መኪናውን ለመምህሩ በሳምንቱ መጨረሻ ይላኩልኝ።,Request,0,Request_00,train
9524,ኩባንያው ስለ መኪናው ማስጠንቀቂያ በዚህ አመት አውጥቷል።,Warning,4,Warning_08,train
9525,ተጠንቀቅ፣ በሚቀጥለው ሳምንት ባንክ ውስጥ አደጋ አለ።,Warning,4,Warning_00,val
9526,ደንበኛው ወደ መጋዘን ከአንድ ሰዓት በኋላ ሄደዋል።,Assertion,1,Assertion_07,train
9527,እባክዎ ቡናውን ለዶክተሩ ዛሬ ማታ ይላኩልኝ።,Request,0,Request_00,train
9528,እንኳን ደስ አለህ ስራ አስኪያጁ ከሶስት ሰዓት በኋላ።,Phatic,7,Phatic_07,train
9529,ደረሰኙ ገና ወደ ፍርድ ቤት በሚቀጥለው ሳምንት አልደረሰኝም።,Complaint,6,Complaint_07,train
9530,ፋብሪካው ስለ ውሉ ማስጠንቀቂያ ከዛሬ ጀምሮ አውጥቷል።,Warning,4,Warning_08,train
9531,ገንዘቡ ገና ወደ ሆስፒታል ከአንድ ሰዓት በኋላ አልደረሰኝም።,Complaint,6,Complaint_07,train
9532,የኮምፒዩተሩ ዋጋውን ከጥቂት ደቂቃዎች በኋላ ብንቀንስ ደንበኞች ይጨምራሉ።,Suggestion,3,Suggestion_07,train
9533,በስብሰባው ወቅት በፖሊስ ጣቢያ መገኘት አልችልም።,Refusal,2,Refusal_04,val
9534,እንኳን አደረሳችሁ አስተማሪዋ፣ በከተማው ውስጥ።,Phatic,7,Phatic_14,test
9535,ይህን መልእክቱን ያለ ሚኒስትሩ ትዕዛዝ አይውሰዱ።,Warning,4,Warning_12,val
9536,መሐንዲሱ፣ ስራ በገበያ እንዴት ነው?,Phatic,7,Phatic_09,val
9537,የደብዳቤው ችግር ከአንድ ሰዓት በኋላ ከደንበኛው ጋር እፈታለሁ።,Promise,8,Promise_11,train
9538,የዕቃው ገመድ በቤት አደገኛ ነው ተጠንቀቁ።,Warning,4,Warning_07,train
9539,የስልኩ ዋጋ ነገ ጨምሯል።,Assertion,1,Assertion_12,val
9540,ፕሮጀክቱን በዚህ ሳምንት ከሹፌሩ ጋር ብንጀምር ይሻላል።,Suggestion,3,Suggestion_08,val
9541,በፍርድ ቤት ትንሽ እረፍት ከዛሬ ጀምሮ ብንወስድ ጥሩ ነው።,Suggestion,3,Suggestion_09,test
9542,አስተማሪዋ ወደ ፍርድ ቤት በስብሰባው ወቅት ሄደዋል።,Assertion,1,Assertion_07,train
9543,ልብሱን በጥንቃቄ ከፖሊሱ ጋር ብንመረምር ይሻላል።,Suggestion,3,Suggestion_11,val
9544,በጣም ደግ ነህ አለቃዬ፣ በሆስፒታል ምንም እርዳታ አልሰጠኸኝም።,Sarcasm/Irony,5,Sarcasm/Irony_12,train
9545,እባክዎ ለአለቃዬ ቡናውን ያድርሱ።,Request,0,Request_14,test
9546,በጣም ትክክለኛ ነው ጓደኛዬ፣ በገበያ ሁልጊዜ እንደዚህ ይሆናል።,Sarcasm/Irony,5,Sarcasm/Irony_08,val
9547,አመሰግናለሁ መሐንዲሱ፣ ደህና ዋል በቤት።,Phatic,7,Phatic_08,train
9548,ስለ ደብዳቤው ከደንበኛው ጋር ማሰብ ይኖርብናል።,Suggestion,3,Suggestion_03,train
9549,ይህ ሂሳቡ ከስቱዲዮው ጥራት የለውም።,Complaint,6,Complaint_00,val
9550,ሹፌሩ ለቅሬታዬ ምላሽ ከአንድ ሰዓት በኋላ አልሰጡም።,Complaint,6,Complaint_06,val
9551,የሰነዱ ችግር ዛሬ ከባልደረባዬ ጋር እፈታለሁ።,Promise,8,Promise_11,train
9552,ቁልፉን በሚቀጥለው አመት ብንሞክር ጥሩ ይሆናል።,Suggestion,3,Suggestion_00,train
9553,ከሚኒስትሩ ጋር ከአንድ ሰዓት በኋላ መነጋገር ይሻላል።,Suggestion,3,Suggestion_06,val
9554,የፋይሉ ዋጋ ነገ ከሰዓት በኋላ ጨምሯል።,Assertion,1,Assertion_12,val
9555,ቁልፉ ገና ወደ አውሮፕላን ማረፊያ ከአንድ ሰዓት በኋላ አልደረሰኝም።,Complaint,6,Complaint_07,train
9556,እንደምን አለህ በቢሮ፣ ፖሊሱ?,Phatic,7,Phatic_11,val
9557,ልብሱን በጥንቃቄ ከአስተማሪዋ ጋር ብንመረምር ይሻላል።,Suggestion,3,Suggestion_11,val
9558,ቢያንስ አንዴ ሪፖርቱን በቢሮ እንሞክር።,Suggestion,3,Suggestion_05,train
9559,እባክዎ መኪናውን ከሶስት ሰዓት በኋላ ይላኩልኝ።,Request,0,Request_13,val
9560,በጣም ትክክለኛ ነው ሚኒስትሩ፣ በፋብሪካ ሁልጊዜ እንደዚህ ይሆናል።,Sarcasm/Irony,5,Sarcasm/Irony_08,val
9561,ስለ መሳሪያው ጉዳይ ከነጋዴው ጋር እንወያይ።,Suggestion,3,Suggestion_10,train
9562,እቅዱን ከምሽቱ ጀምሮ ከመንግስት ጋር እናሻሽል።,Suggestion,3,Suggestion_12,train
9563,ሚኒስትሩ ወደ ትምህርት ቤት ነገ ጠዋት ሄደዋል።,Assertion,1,Assertion_07,train
9564,እባክህ ለካርታው ይህን ዘዴ ዛሬ ማታ ተጠቀም።,Suggestion,3,Suggestion_04,train
9565,ከሁለት ቀናት በኋላ በገበያ ትራፊኩ ከባድ ነው ተጠንቀቁ።,Warning,4,Warning_13,train
9566,ባንክ ከዛሬ ጀምሮ ተከፍቷል።,Assertion,1,Assertion_14,train
9567,ድርጅቱ ስለ ዕቃው ማስጠንቀቂያ በዚህ ወር አውጥቷል።,Warning,4,Warning_08,train
9568,ደህና በዚህ ሳምንት ይሁንልህ ነጋዴው።,Phatic,7,Phatic_02,train
9569,ከአስተማሪዋ ጋር ዛሬ ማታ በትምህርት ቤት እገናኛለሁ።,Promise,8,Promise_04,val
9570,ፋብሪካው ስለ ቦርሳው ማስጠንቀቂያ ከምሽቱ ጀምሮ አውጥቷል።,Warning,4,Warning_08,train
9571,በአውሮፕላን ማረፊያ ትንሽ እረፍት በስብሰባው ወቅት ብንወስድ ጥሩ ነው።,Suggestion,3,Suggestion_09,test
9572,ኩባንያው ስለ ሪፖርቱ ማስጠንቀቂያ ከሶስት ሰዓት በኋላ አውጥቷል።,Warning,4,Warning_08,train
9573,በሩ ገና ወደ ሆስፒታል በሚቀጥለው ወር አልደረሰኝም።,Complaint,6,Complaint_07,train
9574,ኤጀንሲው ስለ ልብሱ ማስጠንቀቂያ ነገ ጠዋት አውጥቷል።,Warning,4,Warning_08,train
9575,የጥያቄው ችግር በሳምንቱ መጨረሻ ከመሐንዲሱ ጋር እፈታለሁ።,Promise,8,Promise_11,train
9576,ዛሬ ወደ ፍርድ ቤት እደርሳለሁ።,Promise,8,Promise_10,train
9577,እባክዎ ይቅርታ፣ ውሃውን ከሁለት ቀናት በኋላ ማቅረብ አልችልም።,Refusal,2,Refusal_09,train
9578,ገንዘብዎን ይጠብቁ፣ በገበያ በሳምንቱ መጨረሻ ስርቆት ተከስቷል።,Warning,4,Warning_05,val
9579,ስራው ከምሽቱ ጀምሮ ከመሐንዲሱ ጋር አልተጠናቀቀም።,Complaint,6,Complaint_03,test
9580,ውሃው ገና ወደ ሱቅ ነገ ጠዋት አልደረሰኝም።,Complaint,6,Complaint_07,train
9581,የካርታው ችግር ነገ ከሚኒስትሩ ጋር እፈታለሁ።,Promise,8,Promise_11,train
9582,ውሉን በሚቀጥለው አመት ብንሞክር ጥሩ ይሆናል።,Suggestion,3,Suggestion_00,train
9583,የፕሮጀክቱ ችግር ከምሽቱ ጀምሮ ከመምህሩ ጋር እፈታለሁ።,Promise,8,Promise_11,train
9584,እንዴት ጥሩ ነው መሐንዲሱ፣ ከሰዓት በኋላ ደግሞ ዘገየ።,Sarcasm/Irony,5,Sarcasm/Irony_10,val
9585,ስልኩ ገና ወደ ስብሰባ ክፍል ነገ ከሰዓት በኋላ አልደረሰኝም።,Complaint,6,Complaint_07,train
9586,እባክዎ ካርታውን ለደንበኛው ከምሽቱ ጀምሮ ይላኩልኝ።,Request,0,Request_00,train
9587,አዎ በእርግጥ፣ መሐንዲሱ በሚቀጥለው አመት ትመጣለህ ብዬ አላምንም።,Sarcasm/Irony,5,Sarcasm/Irony_01,test
9588,ከዛሬ ጀምሮ በፖሊስ ጣቢያ መገኘት አልችልም።,Refusal,2,Refusal_04,val
9589,ሹፌሩ ወደ ገበያ ከምሽቱ ጀምሮ ሄደዋል።,Assertion,1,Assertion_07,train
9590,መሳሪያው ገና ወደ ትምህርት ቤት ከጥቂት ደቂቃዎች በኋላ አልደረሰኝም።,Complaint,6,Complaint_07,train
9591,ባንኩ ስለ ዕቃው ማስጠንቀቂያ በሚቀጥለው ወር አውጥቷል።,Warning,4,Warning_08,train
9592,እባክዎ ይቅርታ፣ ልብሱን ነገ ከሰዓት በኋላ ማቅረብ አልችልም።,Refusal,2,Refusal_09,train
9593,እንዴት ደስ ይላል፣ ሚኒስትሩ እንደገና በዚህ ሳምንት ዘገዩ።,Sarcasm/Irony,5,Sarcasm/Irony_03,train
9594,እባክዎ ውሃውን ለፖሊሱ በሚቀጥለው አመት ይላኩልኝ።,Request,0,Request_00,train
9595,እባክዎ ይቅርታ፣ ስልኩን በዚህ ወር ማቅረብ አልችልም።,Refusal,2,Refusal_09,train
9596,ነጋዴው ወደ ገበያ ከዛሬ ጀምሮ ሄደዋል።,Assertion,1,Assertion_07,train
9597,እንኳን ደስ አለህ ባልደረባዬ፣ ስለ ውሃው እንደገና ተሳስተሃል።,Sarcasm/Irony,5,Sarcasm/Irony_13,train
9598,ስለ መሳሪያው ጉዳይ ከሹፌሩ ጋር እንወያይ።,Suggestion,3,Suggestion_10,train
9599,የካርታው ችግር በዚህ ወር ከጋዜጠኛው ጋር እፈታለሁ።,Promise,8,Promise_11,train
9600,ከሶስት ሰዓት በኋላ በሆስፒታል ስብሰባ እናድርግ።,Suggestion,3,Suggestion_02,train
9601,ይቅርታ፣ መኪናውን በሳምንቱ መጨረሻ ማድረግ አልችልም።,Refusal,2,Refusal_00,train
9602,ገንዘቡ ገና ወደ መጋዘን በስብሰባው ወቅት አልደረሰኝም።,Complaint,6,Complaint_07,train
9603,ሰላም ደንበኛው፣ ከአንድ ሰዓት በኋላ እንዴት ነህ?,Phatic,7,Phatic_00,train
9604,ጎበዝ! በጣም ጥሩ ስራ ሰራህ ዶክተሩ፣ ምርቱን አበላሸኸው።,Sarcasm/Irony,5,Sarcasm/Irony_02,train
9605,በጣም ብልህ ነህ ጋዜጠኛው፣ ጥያቄውን ረሳኸው።,Sarcasm/Irony,5,Sarcasm/Irony_04,train
9606,ጥንቃቄ ያድርጉ፣ ዛሬ ማታ ስብሰባ ክፍል ይንሸራተታል።,Warning,4,Warning_02,train
9607,መምህሩ፣ እንደምን አደርክ ከምሽቱ ጀምሮ?,Phatic,7,Phatic_01,train
9608,ጠበቃው ወደ ፍርድ ቤት ከሁለት ቀናት በኋላ ሄደዋል።,Assertion,1,Assertion_07,train
9609,የደረሰኙ ችግር ከሰዓት በኋላ ከመሐንዲሱ ጋር እፈታለሁ።,Promise,8,Promise_11,train
9610,አለቃዬ ወደ ስብሰባ ክፍል በሳምንቱ መጨረሻ ሄደዋል።,Assertion,1,Assertion_07,train
9611,የፋብሪካው ስልክ በሚቀጥለው አመት አይነሳም።,Complaint,6,Complaint_11,test
9612,ባልደረባዬ፣ እንደምን አደርክ በሚቀጥለው ወር?,Phatic,7,Phatic_01,train
9613,ይቅርታ፣ ዕቃውን በዚህ ሳምንት ማድረግ አልችልም።,Refusal,2,Refusal_00,train
9614,ይህን መስኮቱን ከደንበኛው መቀበል አልችልም።,Refusal,2,Refusal_03,train
9615,እባክህ ለበሩ ይህን ዘዴ በዚህ ወር ተጠቀም።,Suggestion,3,Suggestion_04,train
9616,የሰነዱ ችግር ከጥቂት ደቂቃዎች በኋላ ከጋዜጠኛው ጋር እፈታለሁ።,Promise,8,Promise_11,train
9617,በስቱዲዮው አዲስ ስልት በዚህ ወር እንተግብር።,Suggestion,3,Suggestion_14,test
9618,የሪፖርቱ ችግር በዚህ ወር ከሚኒስትሩ ጋር እፈታለሁ።,Promise,8,Promise_11,train
9619,የሂሳቡ ችግር ከምሽቱ ጀምሮ ከዶክተሩ ጋር እፈታለሁ።,Promise,8,Promise_11,train
9620,ከሚኒስትሩ ጋር ነገ ከሰዓት በኋላ በአውሮፕላን ማረፊያ እገናኛለሁ።,Promise,8,Promise_04,val
9621,እንዴት ጥሩ ነው ፖሊሱ፣ ከአንድ ሰዓት በኋላ ደግሞ ዘገየ።,Sarcasm/Irony,5,Sarcasm/Irony_10,val
9622,ጋዜጠኛው ወደ ቤት ከምሽቱ ጀምሮ ሄደዋል።,Assertion,1,Assertion_07,train
9623,ስራ አስኪያጁ ወደ መንገድ ላይ ከአንድ ሰዓት በኋላ ሄደዋል።,Assertion,1,Assertion_07,train
9624,ፖሊሱ ወደ ፍርድ ቤት በዚህ ሳምንት ሄደዋል።,Assertion,1,Assertion_07,train
9625,እባክዎ ደብዳቤውን ለአስተማሪዋ በሚቀጥለው ሳምንት ይላኩልኝ።,Request,0,Request_00,train
9626,ይቅርታ፣ ውሃውን በዚህ ሳምንት ማድረግ አልችልም።,Refusal,2,Refusal_00,train
9627,በሚቀጥለው ወር በመጋዘን ስብሰባ እናድርግ።,Suggestion,3,Suggestion_02,train
9628,እንኳን ወደ ገበያ ደህና መጣህ ጓደኛዬ።,Phatic,7,Phatic_04,test
9629,ስራውን ከስራ አስኪያጁ ጋር ነገ ጠዋት እጨርሳለሁ።,Promise,8,Promise_01,test
9630,ቁልፉን በጥንቃቄ ለአለቃዬ እይዛለሁ።,Promise,8,Promise_07,train
9631,የቁልፉ ችግር ዛሬ ከመሐንዲሱ ጋር እፈታለሁ።,Promise,8,Promise_11,train
9632,ያልተፈቀደ ግቢ ወደ ፋብሪካ በሚቀጥለው አመት አይግቡ።,Warning,4,Warning_09,test
9633,ስራ አስኪያጁ ወደ ስብሰባ ክፍል ነገ ከሰዓት በኋላ ሄደዋል።,Assertion,1,Assertion_07,train
9634,እባክዎ ሂሳቡን ለደንበኛው ከሁለት ቀናት በኋላ ይላኩልኝ።,Request,0,Request_00,train
9635,ፕሮጀክቱን በሚቀጥለው ወር ከመምህሩ ጋር ብንጀምር ይሻላል።,Suggestion,3,Suggestion_08,val
9636,እባክዎ ምርቱን ለደንበኛው ዛሬ ማታ ይላኩልኝ።,Request,0,Request_00,train
9637,ከፖሊሱ ጋር ስለ ፕሮጀክቱ ጉዳይ መስማማት አልችልም።,Refusal,2,Refusal_06,train
9638,ፖሊሱ ወደ ገበያ ከምሽቱ ጀምሮ ሄደዋል።,Assertion,1,Assertion_07,train
9639,ድርጅቱ ስለ መልእክቱ ማስጠንቀቂያ ዛሬ አውጥቷል።,Warning,4,Warning_08,train
9640,ሂሳቡ በባንክ ይገኛል።,Assertion,1,Assertion_00,test
9641,እባክዎ መስኮቱን ለስራ አስኪያጁ ከጥቂት ደቂቃዎች በኋላ ይላኩልኝ።,Request,0,Request_00,train
9642,እባክዎ ከዛሬ ጀምሮ ወደ ፖሊስ ጣቢያ ይድረሱልኝ።,Request,0,Request_07,val
9643,ወደ ሱቅ በሚቀጥለው አመት እንሂድ።,Suggestion,3,Suggestion_01,test
9644,ስለ ፋይሉ ከአለቃዬ ጋር ማሰብ ይኖርብናል።,Suggestion,3,Suggestion_03,train
9645,ውድቅ አደርገዋለሁ፣ ደብዳቤው ስላልተመቸኝ።,Refusal,2,Refusal_08,val
9646,ደህና በዚህ ወር ይሁንልህ ደንበኛው።,Phatic,7,Phatic_02,train
9647,እንኳን ደስ አለህ አለቃዬ፣ ስለ ስልኩ እንደገና ተሳስተሃል።,Sarcasm/Irony,5,Sarcasm/Irony_13,train
9648,ሚኒስትሩ፣ እንደምን አደርክ በዚህ ወር?,Phatic,7,Phatic_01,train
9649,ድርጅቱ ስለ ቁልፉ ማስጠንቀቂያ በዚህ ሳምንት አውጥቷል።,Warning,4,Warning_08,train
9650,እንኳን ደስ አለህ ፖሊሱ፣ ስለ ፕሮጀክቱ እንደገና ተሳስተሃል።,Sarcasm/Irony,5,Sarcasm/Irony_13,train
9651,አዎ በእርግጥ፣ አስተማሪዋ በስብሰባው ወቅት ትመጣለህ ብዬ አላምንም።,Sarcasm/Irony,5,Sarcasm/Irony_01,test
9652,ጋዜጠኛው፣ ጤና ይስጥልኝ በከተማው ውስጥ።,Phatic,7,Phatic_03,train
9653,የስጦታው ችግር ከዛሬ ጀምሮ ከጠበቃው ጋር እፈታለሁ።,Promise,8,Promise_11,train
9654,መንግስት ስለ መልእክቱ ማስጠንቀቂያ በሚቀጥለው ሳምንት አውጥቷል።,Warning,4,Warning_08,train
9655,ከዶክተሩ ጋር ከምሽቱ ጀምሮ በባንክ እገናኛለሁ።,Promise,8,Promise_04,val
9656,ዛሬ በትምህርት ቤት ስብሰባ እናድርግ።,Suggestion,3,Suggestion_02,train
9657,ጥንቃቄ ያድርጉ፣ ነገ ከሰዓት በኋላ ስብሰባ ክፍል ይንሸራተታል።,Warning,4,Warning_02,train
9658,እንደምን አለህ በመንገድ ላይ፣ አስተማሪዋ?,Phatic,7,Phatic_11,val
9659,የጥያቄው ችግር ከሁለት ቀናት በኋላ ከነጋዴው ጋር እፈታለሁ።,Promise,8,Promise_11,train
9660,በሚቀጥለው አመት በፍርድ ቤት ስብሰባ እናድርግ።,Suggestion,3,Suggestion_02,train
9661,ፖሊሱ፣ እንደምን አደርክ ነገ?,Phatic,7,Phatic_01,train
9662,የሪፖርቱ ችግር በስብሰባው ወቅት ከሹፌሩ ጋር እፈታለሁ።,Promise,8,Promise_11,train
9663,በጣም ትክክለኛ ነው ጋዜጠኛው፣ በአውሮፕላን ማረፊያ ሁልጊዜ እንደዚህ ይሆናል።,Sarcasm/Irony,5,Sarcasm/Irony_08,val
9664,ወደ ሱቅ በሚቀጥለው አመት ብቻዎን አይሂዱ።,Warning,4,Warning_06,test
9665,ጎበዝ ስራ ነጋዴው፣ ቦርሳው ሙሉ በሙሉ ፈርሷል።,Sarcasm/Irony,5,Sarcasm/Irony_09,train
9666,ስራው ከሁለት ቀናት በኋላ ከመሐንዲሱ ጋር አልተጠናቀቀም።,Complaint,6,Complaint_03,test
9667,እባክህ ለመሳሪያው ይህን ዘዴ ነገ ከሰዓት በኋላ ተጠቀም።,Suggestion,3,Suggestion_04,train
9668,እባክዎ ገንዘቡን ለመምህሩ ነገ ከሰዓት በኋላ ይላኩልኝ።,Request,0,Request_00,train
9669,እባክዎ ስጦታውን ለዶክተሩ ከዛሬ ጀምሮ ይላኩልኝ።,Request,0,Request_00,train
9670,የውሉ ዋጋውን በሳምንቱ መጨረሻ ብንቀንስ ደንበኞች ይጨምራሉ።,Suggestion,3,Suggestion_07,train
9671,በቤት ነገ ወንጀል ሊፈጸም ይችላል ተጠንቀቁ።,Warning,4,Warning_11,train
9672,ካርታው ገና ወደ ቢሮ ዛሬ ማታ አልደረሰኝም።,Complaint,6,Complaint_07,train
9673,ዶክተሩ ወደ ሱቅ በስብሰባው ወቅት ሄደዋል።,Assertion,1,Assertion_07,train
9674,ውሃውን በጥንቃቄ ከመሐንዲሱ ጋር ብንመረምር ይሻላል።,Suggestion,3,Suggestion_11,val
9675,ከተማው ውስጥ በዚህ ወር ተከፍቷል።,Assertion,1,Assertion_14,train
9676,ይህን ሪፖርቱን ከመምህሩ ጋር በጥንቃቄ ያዙ።,Warning,4,Warning_04,val
9677,ደንበኛው ሪፖርቱን ከጥቂት ደቂቃዎች በኋላ አቅርበዋል።,Assertion,1,Assertion_13,test
9678,ደህና ሁን አለቃዬ፣ እስከ ነገ ከሰዓት በኋላ እንገናኝ።,Phatic,7,Phatic_13,train
9679,የሪፖርቱ ችግር በሚቀጥለው ወር ከመምህሩ ጋር እፈታለሁ።,Promise,8,Promise_11,train
9680,እንኳን አደረሳችሁ ሹፌሩ፣ በስብሰባ ክፍል።,Phatic,7,Phatic_14,test
9681,ባልደረባዬ ወደ አውሮፕላን ማረፊያ በሳምንቱ መጨረሻ ሄደዋል።,Assertion,1,Assertion_07,train
9682,ድርጅቱ ስለ ደብዳቤው ማስጠንቀቂያ ዛሬ ማታ አውጥቷል።,Warning,4,Warning_08,train
9683,መንግስት ከምሽቱ ጀምሮ አዲስ ምርት አስተዋውቋል።,Assertion,1,Assertion_02,val
9684,አለቃዬ ወደ ባንክ ከአንድ ሰዓት በኋላ ሄደዋል።,Assertion,1,Assertion_07,train
9685,የማሽኑ ችግር ከሰዓት በኋላ ከጓደኛዬ ጋር እፈታለሁ።,Promise,8,Promise_11,train
9686,እባክዎ ቦርሳውን ለጋዜጠኛው ነገ ይላኩልኝ።,Request,0,Request_00,train
9687,ደህና ሁን ሚኒስትሩ፣ እስከ ከሶስት ሰዓት በኋላ እንገናኝ።,Phatic,7,Phatic_13,train
9688,ጥያቄውን ከሁለት ቀናት በኋላ ብንሞክር ጥሩ ይሆናል።,Suggestion,3,Suggestion_00,train
9689,ጤና ይስጥልኝ ሹፌሩ፣ በሚቀጥለው አመት ደህና ነህ?,Phatic,7,Phatic_12,train
9690,እባክዎ ስጦታውን ለነጋዴው ከሰዓት በኋላ ይላኩልኝ።,Request,0,Request_00,train
9691,እባክዎ ለስራ አስኪያጁ መስኮቱን ያድርሱ።,Request,0,Request_14,test
9692,በስብሰባው ወቅት ወደ ፖሊስ ጣቢያ እመጣለሁ።,Promise,8,Promise_00,train
9693,አዎ በርግጥ፣ የባንኩ እቅድ በዛሬ በጭራሽ አይከሽፍም።,Sarcasm/Irony,5,Sarcasm/Irony_11,train
9694,አዎ በእርግጥ፣ ስራ አስኪያጁ በሳምንቱ መጨረሻ ትመጣለህ ብዬ አላምንም።,Sarcasm/Irony,5,Sarcasm/Irony_01,test
9695,የዕቃው ወጪውን በባንክ ብንቀንስ የተሻለ ነው።,Suggestion,3,Suggestion_13,train
9696,እንኳን ደስ አለህ ዶክተሩ ነገ ጠዋት።,Phatic,7,Phatic_07,train
9697,ለነጋዴው የገባሁትን ቃል ከሶስት ሰዓት በኋላ አከብራለሁ።,Promise,8,Promise_08,test
9698,የዕቃው ችግር በዚህ ሳምንት ከሚኒስትሩ ጋር እፈታለሁ።,Promise,8,Promise_11,train
9699,ከሶስት ሰዓት በኋላ በአውሮፕላን ማረፊያ መገኘት አልችልም።,Refusal,2,Refusal_04,val
9700,ጎበዝ! በጣም ጥሩ ስራ ሰራህ ነጋዴው፣ ፋይሉን አበላሸኸው።,Sarcasm/Irony,5,Sarcasm/Irony_02,train
9701,የካርታው ዋጋውን ዛሬ ብንቀንስ ደንበኞች ይጨምራሉ።,Suggestion,3,Suggestion_07,train
9702,ጥንቃቄ ያድርጉ፣ በሚቀጥለው አመት ፍርድ ቤት ይንሸራተታል።,Warning,4,Warning_02,train
9703,ማህበሩ ስለ በሩ ማስጠንቀቂያ ነገ አውጥቷል።,Warning,4,Warning_08,train
9704,የደረሰኙ ችግር ከአንድ ሰዓት በኋላ ከነጋዴው ጋር እፈታለሁ።,Promise,8,Promise_11,train
9705,ከመሐንዲሱ ጋር ዛሬ በትምህርት ቤት እገናኛለሁ።,Promise,8,Promise_04,val
9706,ቢያንስ አንዴ ስጦታውን በመንገድ ላይ እንሞክር።,Suggestion,3,Suggestion_05,train
9707,ደንበኛው፣ ስራ በስብሰባ ክፍል እንዴት ነው?,Phatic,7,Phatic_09,val
9708,ጋዜጠኛው ስብሰባውን ከሁለት ቀናት በኋላ መርተዋል።,Assertion,1,Assertion_03,val
9709,ጥንቃቄ ያድርጉ፣ ነገ አውሮፕላን ማረፊያ ይንሸራተታል።,Warning,4,Warning_02,train
9710,ጎበዝ ስራ ባልደረባዬ፣ መስኮቱ ሙሉ በሙሉ ፈርሷል።,Sarcasm/Irony,5,Sarcasm/Irony_09,train
9711,ደህና እደር ደንበኛው፣ ነገ ጠዋት እንገናኝ።,Phatic,7,Phatic_06,train
9712,ስራው በዚህ አመት ከአስተማሪዋ ጋር አልተጠናቀቀም።,Complaint,6,Complaint_03,test
9713,እባክህ ለካርታው ይህን ዘዴ ከሰዓት በኋላ ተጠቀም።,Suggestion,3,Suggestion_04,train
9714,ቢያንስ አንዴ ሂሳቡን በባንክ እንሞክር።,Suggestion,3,Suggestion_05,train
9715,ከሹፌሩ ጋር በሚቀጥለው አመት በትምህርት ቤት እገናኛለሁ።,Promise,8,Promise_04,val
9716,ፋይሉ ገና ወደ ከተማው ውስጥ ነገ ከሰዓት በኋላ አልደረሰኝም።,Complaint,6,Complaint_07,train
9717,እባክዎ ሰነዱን ለመምህሩ በዚህ ሳምንት ይላኩልኝ።,Request,0,Request_00,train
9718,እርግጠኛ ነኝ ነጋዴው በዚህ አመት ይደርሳሉ፣ እንደ ሁልጊዜው።,Sarcasm/Irony,5,Sarcasm/Irony_05,test
9719,ቡናውን ከዛሬ ጀምሮ ብንሞክር ጥሩ ይሆናል።,Suggestion,3,Suggestion_00,train
9720,በጣም ውጤታማ ነው ማዕከሉ፣ በበዚህ ሳምንት ምንም አልተሰራም።,Sarcasm/Irony,5,Sarcasm/Irony_14,val
9721,እንዴት ደስ ይላል፣ ባልደረባዬ እንደገና ከሶስት ሰዓት በኋላ ዘገዩ።,Sarcasm/Irony,5,Sarcasm/Irony_03,train
9722,ማዕከሉ ስለ ኮምፒዩተሩ ማስጠንቀቂያ ዛሬ ማታ አውጥቷል።,Warning,4,Warning_08,train
9723,ይህን ደብዳቤውን ያለ ነጋዴው ትዕዛዝ አይውሰዱ።,Warning,4,Warning_12,val
9724,የደብዳቤው ችግር ከአንድ ሰዓት በኋላ ከሚኒስትሩ ጋር እፈታለሁ።,Promise,8,Promise_11,train
9725,ጓደኛዬ ወደ ሆስፒታል በዚህ ሳምንት ሄደዋል።,Assertion,1,Assertion_07,train
9726,ወደ ባንክ ከሁለት ቀናት በኋላ እንሂድ።,Suggestion,3,Suggestion_01,test
9727,ይህ ጥያቄው ከሚኒስቴሩ ከተገለጸው ጋር አይመሳሰልም።,Complaint,6,Complaint_12,test
9728,ኮምፒዩተሩ ገና ወደ ስብሰባ ክፍል በዚህ ወር አልደረሰኝም።,Complaint,6,Complaint_07,train
9729,ባልደረባዬ ሪፖርቱን ከሰዓት በኋላ አቅርበዋል።,Assertion,1,Assertion_13,test
9730,ቁልፉ ገና ወደ ቤት ከሁለት ቀናት በኋላ አልደረሰኝም።,Complaint,6,Complaint_07,train
9731,ዕቃው ገና ወደ ስብሰባ ክፍል ነገ አልደረሰኝም።,Complaint,6,Complaint_07,train
9732,እባክዎ ሰነዱን ለነጋዴው ነገ ይላኩልኝ።,Request,0,Request_00,train
9733,ነጋዴው ወደ መንገድ ላይ ከአንድ ሰዓት በኋላ ሄደዋል።,Assertion,1,Assertion_07,train
9734,ስቱዲዮው ስለ መኪናው ማስጠንቀቂያ ከዛሬ ጀምሮ አውጥቷል።,Warning,4,Warning_08,train
9735,ደህና እደር ደንበኛው፣ ከሁለት ቀናት በኋላ እንገናኝ።,Phatic,7,Phatic_06,train
9736,ጓደኛዬ ወደ ፍርድ ቤት ነገ ከሰዓት በኋላ ሄደዋል።,Assertion,1,Assertion_07,train
9737,የካርታው ዋጋ ከጥቂት ደቂቃዎች በኋላ ጨምሯል።,Assertion,1,Assertion_12,val
9738,ሚኒስትሩ ወደ ባንክ ዛሬ ሄደዋል።,Assertion,1,Assertion_07,train
9739,እባክዎ ጥያቄውን ለአለቃዬ ከዛሬ ጀምሮ ይላኩልኝ።,Request,0,Request_00,train
9740,እባክዎ ለአስተማሪዋ ስለ ገንዘቡ ይንገሩልኝ።,Request,0,Request_04,val
9741,ከጓደኛዬ ጋር ከሶስት ሰዓት በኋላ መነጋገር ይሻላል።,Suggestion,3,Suggestion_06,val
9742,እንኳን አደረሳችሁ ሚኒስትሩ፣ በአውሮፕላን ማረፊያ።,Phatic,7,Phatic_14,test
9743,ከጠበቃው ጋር ከሶስት ሰዓት በኋላ በሱቅ እገናኛለሁ።,Promise,8,Promise_04,val
9744,የማህበሩ ስልክ በዚህ ወር አይነሳም።,Complaint,6,Complaint_11,test
9745,ዶክተሩ ወደ ፋብሪካ ዛሬ ማታ ሄደዋል።,Assertion,1,Assertion_07,train
9746,የመኪናው ችግር ከአንድ ሰዓት በኋላ ከአለቃዬ ጋር እፈታለሁ።,Promise,8,Promise_11,train
9747,እባክዎ ጥያቄውን ለጓደኛዬ በሳምንቱ መጨረሻ ይላኩልኝ።,Request,0,Request_00,train
9748,መኪናውን በጥንቃቄ ከአስተማሪዋ ጋር ብንመረምር ይሻላል።,Suggestion,3,Suggestion_11,val
9749,ተጠንቀቅ፣ በሚቀጥለው ሳምንት ፍርድ ቤት ውስጥ አደጋ አለ።,Warning,4,Warning_00,val
9750,ይቅርታ፣ ፕሮጀክቱን ነገ ከሰዓት በኋላ ማድረግ አልችልም።,Refusal,2,Refusal_00,train
9751,ስለ ኮምፒዩተሩ ከባልደረባዬ ጋር ማሰብ ይኖርብናል።,Suggestion,3,Suggestion_03,train
9752,የደረሰኙ ችግር ከሶስት ሰዓት በኋላ ከመምህሩ ጋር እፈታለሁ።,Promise,8,Promise_11,train
9753,ጋዜጠኛው ወደ ቤት ከአንድ ሰዓት በኋላ ሄደዋል።,Assertion,1,Assertion_07,train
9754,በጣም ትክክለኛ ነው ስራ አስኪያጁ፣ በስብሰባ ክፍል ሁልጊዜ እንደዚህ ይሆናል።,Sarcasm/Irony,5,Sarcasm/Irony_08,val
9755,ይህን መሳሪያውን ያለ ጓደኛዬ ትዕዛዝ አይውሰዱ።,Warning,4,Warning_12,val
9756,ባልደረባዬ ወደ ቤት በሚቀጥለው ሳምንት ሄደዋል።,Assertion,1,Assertion_07,train
9757,እንኳን ደስ አለህ ጠበቃው፣ ስለ ጥያቄው እንደገና ተሳስተሃል።,Sarcasm/Irony,5,Sarcasm/Irony_13,train
9758,የመልእክቱ ዋጋውን በሚቀጥለው ሳምንት ብንቀንስ ደንበኞች ይጨምራሉ።,Suggestion,3,Suggestion_07,train
9759,የዕቃው ችግር በስብሰባው ወቅት ከፖሊሱ ጋር እፈታለሁ።,Promise,8,Promise_11,train
9760,ከጠበቃው ጋር ስለ ቦርሳው ጉዳይ መስማማት አልችልም።,Refusal,2,Refusal_06,train
9761,እባክዎ ለመምህሩ መኪናውን ያድርሱ።,Request,0,Request_14,test
9762,እባክዎ ፕሮጀክቱን ለአለቃዬ በሚቀጥለው አመት ይላኩልኝ።,Request,0,Request_00,train
9763,እባክዎ ይቅርታ፣ ሰነዱን ነገ ከሰዓት በኋላ ማቅረብ አልችልም።,Refusal,2,Refusal_09,train
9764,የሂሳቡ ዋጋውን ዛሬ ብንቀንስ ደንበኞች ይጨምራሉ።,Suggestion,3,Suggestion_07,train
9765,ከአስተማሪዋ ጋር ስለ ቤቱ ጉዳይ መስማማት አልችልም።,Refusal,2,Refusal_06,train
9766,ጥያቄው ገና ወደ አውሮፕላን ማረፊያ ከሰዓት በኋላ አልደረሰኝም።,Complaint,6,Complaint_07,train
9767,እባክዎ ይቅርታ፣ ትዕዛዙን ነገ ከሰዓት በኋላ ማቅረብ አልችልም።,Refusal,2,Refusal_09,train
9768,የቁልፉ ችግር በሚቀጥለው ወር ከፖሊሱ ጋር እፈታለሁ።,Promise,8,Promise_11,train
9769,ወደ ትምህርት ቤት ከሶስት ሰዓት በኋላ እንሂድ።,Suggestion,3,Suggestion_01,test
9770,ቁልፉ ከአስተማሪዋ አጠገብ አደገኛ ሊሆን ይችላል።,Warning,4,Warning_01,test
9771,ባልደረባዬ ወደ ገበያ ከዛሬ ጀምሮ ሄደዋል።,Assertion,1,Assertion_07,train
9772,ውሉ ገና ወደ ባንክ በዚህ ሳምንት አልደረሰኝም።,Complaint,6,Complaint_07,train
9773,ወደ መጋዘን ነገ ጠዋት ብቻዎን አይሂዱ።,Warning,4,Warning_06,test
9774,ከአስተማሪዋ ጋር ከምሽቱ ጀምሮ መነጋገር ይሻላል።,Suggestion,3,Suggestion_06,val
9775,ሚኒስቴሩ ስለ ሂሳቡ ማስጠንቀቂያ ከአንድ ሰዓት በኋላ አውጥቷል።,Warning,4,Warning_08,train
9776,ከሹፌሩ ጋር ከምሽቱ ጀምሮ መነጋገር ይሻላል።,Suggestion,3,Suggestion_06,val
9777,እባክህ ይቅርታ አድርግልኝ፣ ወደ ፖሊስ ጣቢያ ዛሬ ማታ መምጣት አልችልም።,Refusal,2,Refusal_01,test
9778,ቢያንስ አንዴ ቤቱን በገበያ እንሞክር።,Suggestion,3,Suggestion_05,train
9779,ኤጀንሲው ስለ ካርታው ማስጠንቀቂያ ከዛሬ ጀምሮ አውጥቷል።,Warning,4,Warning_08,train
9780,ስልኩ ገና ወደ ቢሮ በሚቀጥለው ወር አልደረሰኝም።,Complaint,6,Complaint_07,train
9781,ነጋዴው፣ ጤና ይስጥልኝ በገበያ።,Phatic,7,Phatic_03,train
9782,ጎበዝ ስራ አለቃዬ፣ ደብዳቤው ሙሉ በሙሉ ፈርሷል።,Sarcasm/Irony,5,Sarcasm/Irony_09,train
9783,እንኳን ደስ አለህ አስተማሪዋ፣ ስለ ምርቱ እንደገና ተሳስተሃል።,Sarcasm/Irony,5,Sarcasm/Irony_13,train
9784,ደህና እደር ዶክተሩ፣ ከሶስት ሰዓት በኋላ እንገናኝ።,Phatic,7,Phatic_06,train
9785,ጎበዝ ስራ ባልደረባዬ፣ መጽሐፉ ሙሉ በሙሉ ፈርሷል።,Sarcasm/Irony,5,Sarcasm/Irony_09,train
9786,ስለ ጥያቄው ጉዳይ ከመሐንዲሱ ጋር እንወያይ።,Suggestion,3,Suggestion_10,train
9787,እንኳን ወደ ከተማው ውስጥ ደህና መጣህ መሐንዲሱ።,Phatic,7,Phatic_04,test
9788,እባክዎ ማሽኑን ለነጋዴው ዛሬ ይላኩልኝ።,Request,0,Request_00,train
9789,ከጓደኛዬ ጋር ስለ ቡናው ጉዳይ መስማማት አልችልም።,Refusal,2,Refusal_06,train
9790,ፕሮጀክቱን በዚህ ሳምንት ከዶክተሩ ጋር ብንጀምር ይሻላል።,Suggestion,3,Suggestion_08,val
9791,ድርጅቱ ከሶስት ሰዓት በኋላ አዲስ ምርት አስተዋውቋል።,Assertion,1,Assertion_02,val
9792,ዕቃው ከጓደኛዬ አጠገብ አደገኛ ሊሆን ይችላል።,Warning,4,Warning_01,test
9793,ባንኩ ስለ መልእክቱ ማስጠንቀቂያ ነገ ከሰዓት በኋላ አውጥቷል።,Warning,4,Warning_08,train
9794,እባክዎ ደረሰኙን ለመምህሩ ከአንድ ሰዓት በኋላ ይላኩልኝ።,Request,0,Request_00,train
9795,በጣም ብልህ ነህ ጋዜጠኛው፣ ቁልፉን ረሳኸው።,Sarcasm/Irony,5,Sarcasm/Irony_04,train
9796,ጤና ይስጥልኝ ሚኒስትሩ፣ በሳምንቱ መጨረሻ ደህና ነህ?,Phatic,7,Phatic_12,train
9797,እርግጠኛ ነኝ ጓደኛዬ በዚህ ሳምንት ይደርሳሉ፣ እንደ ሁልጊዜው።,Sarcasm/Irony,5,Sarcasm/Irony_05,test
9798,የገንዘቡ ችግር በሚቀጥለው ወር ከስራ አስኪያጁ ጋር እፈታለሁ።,Promise,8,Promise_11,train
9799,ከጓደኛዬ ጋር ነገ ጠዋት በሆስፒታል እገናኛለሁ።,Promise,8,Promise_04,val
9800,የበሩ ችግር ከአንድ ሰዓት በኋላ ከጋዜጠኛው ጋር እፈታለሁ።,Promise,8,Promise_11,train
9801,መልእክቱ ከአስተማሪዋ አጠገብ አደገኛ ሊሆን ይችላል።,Warning,4,Warning_01,test
9802,እባክዎ ደረሰኙን ለፖሊሱ በዚህ ወር ይላኩልኝ።,Request,0,Request_00,train
9803,ከመሐንዲሱ ጋር ከዛሬ ጀምሮ በፍርድ ቤት እገናኛለሁ።,Promise,8,Promise_04,val
9804,ጎበዝ ስራ መሐንዲሱ፣ ቡናው ሙሉ በሙሉ ፈርሷል።,Sarcasm/Irony,5,Sarcasm/Irony_09,train
9805,ጋዜጠኛው ወደ ሆስፒታል በስብሰባው ወቅት ሄደዋል።,Assertion,1,Assertion_07,train
9806,እባክዎ ለፖሊሱ በሩን ያድርሱ።,Request,0,Request_14,test
9807,እባክዎ ደረሰኙን ለሹፌሩ በስብሰባው ወቅት ይላኩልኝ።,Request,0,Request_00,train
9808,ሚኒስቴሩ ስለ ካርታው ማስጠንቀቂያ ከሰዓት በኋላ አውጥቷል።,Warning,4,Warning_08,train
9809,የደብዳቤው ችግር በዚህ ሳምንት ከሚኒስትሩ ጋር እፈታለሁ።,Promise,8,Promise_11,train
9810,እንኳን ወደ ከተማው ውስጥ ደህና መጣህ ሚኒስትሩ።,Phatic,7,Phatic_04,test
9811,እባክዎ ፋይሉን ለጓደኛዬ ዛሬ ይላኩልኝ።,Request,0,Request_00,train
9812,አመሰግናለሁ አለቃዬ፣ ደህና ዋል በቢሮ።,Phatic,7,Phatic_08,train
9813,ክፍያ ብከፍልም ከፋብሪካው አገልግሎት ከሁለት ቀናት በኋላ አላገኘሁም።,Complaint,6,Complaint_10,val
9814,የቁልፉ ችግር ከሁለት ቀናት በኋላ ከጋዜጠኛው ጋር እፈታለሁ።,Promise,8,Promise_11,train
9815,ጤና ይስጥልኝ ፖሊሱ፣ ከሶስት ሰዓት በኋላ ደህና ነህ?,Phatic,7,Phatic_12,train
9816,ኩባንያው ነገ አዲስ ምርት አስተዋውቋል።,Assertion,1,Assertion_02,val
9817,የስልኩ ችግር ከጥቂት ደቂቃዎች በኋላ ከሹፌሩ ጋር እፈታለሁ።,Promise,8,Promise_11,train
9818,የፕሮጀክቱ ችግር ከጥቂት ደቂቃዎች በኋላ ከነጋዴው ጋር እፈታለሁ።,Promise,8,Promise_11,train
9819,ከዶክተሩ ጋር ከሰዓት በኋላ በመጋዘን እገናኛለሁ።,Promise,8,Promise_04,val
9820,ባንኩ ቃል የገባውን ከአንድ ሰዓት በኋላ አላከበረም።,Complaint,6,Complaint_02,test
9821,ሚኒስትሩ ወደ ፋብሪካ ነገ ጠዋት ሄደዋል።,Assertion,1,Assertion_07,train
9822,የልብሱ ችግር ዛሬ ከጠበቃው ጋር እፈታለሁ።,Promise,8,Promise_11,train
9823,የቦርሳው ችግር በዚህ አመት ከአለቃዬ ጋር እፈታለሁ።,Promise,8,Promise_11,train
9824,እባክዎ ይቅርታ፣ በሩን ከሰዓት በኋላ ማቅረብ አልችልም።,Refusal,2,Refusal_09,train
9825,እባክህ ይቅርታ አድርግልኝ፣ ወደ ገበያ በዚህ አመት መምጣት አልችልም።,Refusal,2,Refusal_01,test
9826,እባክዎ ለጠበቃው ስለ ሪፖርቱ ይንገሩልኝ።,Request,0,Request_04,val
9827,የመሳሪያው ችግር ከጥቂት ደቂቃዎች በኋላ ከባልደረባዬ ጋር እፈታለሁ።,Promise,8,Promise_11,train
9828,ከጠበቃው ጋር ከጥቂት ደቂቃዎች በኋላ በመጋዘን እገናኛለሁ።,Promise,8,Promise_04,val
9829,ይቅርታ፣ ትዕዛዙን በዚህ ሳምንት ማድረግ አልችልም።,Refusal,2,Refusal_00,train
9830,እባክዎ ይቅርታ፣ ምርቱን ከዛሬ ጀምሮ ማቅረብ አልችልም።,Refusal,2,Refusal_09,train
9831,በጣም ውጤታማ ነው ባንኩ፣ በከጥቂት ደቂቃዎች በኋላ ምንም አልተሰራም።,Sarcasm/Irony,5,Sarcasm/Irony_14,val
9832,ደረሰኙን በጥንቃቄ ለአለቃዬ እይዛለሁ።,Promise,8,Promise_07,train
9833,ባንኩ ስለ ልብሱ ማስጠንቀቂያ ከሶስት ሰዓት በኋላ አውጥቷል።,Warning,4,Warning_08,train
9834,የፕሮጀክቱ ችግር በሚቀጥለው ሳምንት ከስራ አስኪያጁ ጋር እፈታለሁ።,Promise,8,Promise_11,train
9835,ወደ ትምህርት ቤት በስብሰባው ወቅት መሄድ አልችልም።,Refusal,2,Refusal_13,test
9836,ከሰዓት በኋላ በፖሊስ ጣቢያ መገኘት አልችልም።,Refusal,2,Refusal_04,val
9837,ይቅርታ፣ ጥያቄውን ነገ ከሰዓት በኋላ ማድረግ አልችልም።,Refusal,2,Refusal_00,train
9838,ባንኩ ስለ ምርቱ ማስጠንቀቂያ በሚቀጥለው አመት አውጥቷል።,Warning,4,Warning_08,train
9839,እባክዎ ለፖሊሱ ስለ ምርቱ ይንገሩልኝ።,Request,0,Request_04,val
9840,በትምህርት ቤት ትንሽ እረፍት ከዛሬ ጀምሮ ብንወስድ ጥሩ ነው።,Suggestion,3,Suggestion_09,test
9841,አዎ በእርግጥ፣ መሐንዲሱ ነገ ጠዋት ትመጣለህ ብዬ አላምንም።,Sarcasm/Irony,5,Sarcasm/Irony_01,test
9842,እንኳን ወደ መንገድ ላይ ደህና መጣህ ስራ አስኪያጁ።,Phatic,7,Phatic_04,test
9843,ቃል እገባለሁ፣ ፋይሉን በሚቀጥለው ወር አላዘገይም።,Promise,8,Promise_03,test
9844,ስራውን ከደንበኛው ጋር ነገ ከሰዓት በኋላ እጨርሳለሁ።,Promise,8,Promise_01,test
9845,መሳሪያው ገና ወደ ስብሰባ ክፍል በዚህ አመት አልደረሰኝም።,Complaint,6,Complaint_07,train
9846,ባልደረባዬ ወደ ባንክ ነገ ጠዋት ሄደዋል።,Assertion,1,Assertion_07,train
9847,ደረሰኙን ከሶስት ሰዓት በኋላ ብንሞክር ጥሩ ይሆናል።,Suggestion,3,Suggestion_00,train
9848,አመሰግናለሁ ደንበኛው፣ ደህና ዋል በስብሰባ ክፍል።,Phatic,7,Phatic_08,train
9849,ባንኩ ስለ ቤቱ ማስጠንቀቂያ በዚህ ሳምንት አውጥቷል።,Warning,4,Warning_08,train
9850,ነገ ከሰዓት በኋላ ወደ ባንክ እደርሳለሁ።,Promise,8,Promise_10,train
9851,የዕቃው ዋጋ በባንክ በጣም ውድ ነው።,Complaint,6,Complaint_05,val
9852,ልብሱ ገና ወደ አውሮፕላን ማረፊያ ከሶስት ሰዓት በኋላ አልደረሰኝም።,Complaint,6,Complaint_07,train
9853,ቢያንስ አንዴ ፋይሉን በቤት እንሞክር።,Suggestion,3,Suggestion_05,train
9854,እባክዎ መኪናውን ለነጋዴው ከሰዓት በኋላ ይላኩልኝ።,Request,0,Request_00,train
9855,ከመምህሩ ጋር ነገ ጠዋት በፍርድ ቤት እገናኛለሁ።,Promise,8,Promise_04,val
9856,ካርታው ገና ወደ ስብሰባ ክፍል በሚቀጥለው ወር አልደረሰኝም።,Complaint,6,Complaint_07,train
9857,የኮምፒዩተሩ ችግር በሳምንቱ መጨረሻ ከሹፌሩ ጋር እፈታለሁ።,Promise,8,Promise_11,train
9858,ባንኩ ስለ ደረሰኙ ማስጠንቀቂያ ከሰዓት በኋላ አውጥቷል።,Warning,4,Warning_08,train
9859,እባክዎ ሂሳቡን ለመሐንዲሱ በሚቀጥለው አመት ይላኩልኝ።,Request,0,Request_00,train
9860,ፖሊሱ፣ እንደምን አደርክ ከአንድ ሰዓት በኋላ?,Phatic,7,Phatic_01,train
9861,ጥንቃቄ ያድርጉ፣ በሳምንቱ መጨረሻ ባንክ ይንሸራተታል።,Warning,4,Warning_02,train
9862,ዶክተሩ፣ ጤና ይስጥልኝ በባንክ።,Phatic,7,Phatic_03,train
9863,በጣም ትክክለኛ ነው ባልደረባዬ፣ በገበያ ሁልጊዜ እንደዚህ ይሆናል።,Sarcasm/Irony,5,Sarcasm/Irony_08,val
9864,እባክዎ ለጓደኛዬ ስለ መኪናው ይንገሩልኝ።,Request,0,Request_04,val
9865,እባክህ ለሰነዱ ይህን ዘዴ ከዛሬ ጀምሮ ተጠቀም።,Suggestion,3,Suggestion_04,train
9866,ጎበዝ! በጣም ጥሩ ስራ ሰራህ አስተማሪዋ፣ ደረሰኙን አበላሸኸው።,Sarcasm/Irony,5,Sarcasm/Irony_02,train
9867,በዚህ አመት በፍርድ ቤት ስብሰባ እናድርግ።,Suggestion,3,Suggestion_02,train
9868,ማሽኑ በሱቅ ይገኛል።,Assertion,1,Assertion_00,test
9869,ከባልደረባዬ ጋር በሳምንቱ መጨረሻ በስብሰባ ክፍል እገናኛለሁ።,Promise,8,Promise_04,val
9870,እባክዎ ደረሰኙን ለአስተማሪዋ በስብሰባው ወቅት ይላኩልኝ።,Request,0,Request_00,train
9871,አዎ በእርግጥ፣ አለቃዬ ከዛሬ ጀምሮ ትመጣለህ ብዬ አላምንም።,Sarcasm/Irony,5,Sarcasm/Irony_01,test
9872,ጓደኛዬ፣ ቤተሰብ በቢሮ እንዴት ናቸው?,Phatic,7,Phatic_05,val
9873,እባክዎ መጽሐፉን ለፖሊሱ ከምሽቱ ጀምሮ ይላኩልኝ።,Request,0,Request_00,train
9874,እባክዎ ኮምፒዩተሩን ለሹፌሩ ነገ ከሰዓት በኋላ ይላኩልኝ።,Request,0,Request_00,train
9875,በጣም ደግ ነህ አስተማሪዋ፣ በሆስፒታል ምንም እርዳታ አልሰጠኸኝም።,Sarcasm/Irony,5,Sarcasm/Irony_12,train
9876,መምህሩ ስብሰባውን ከሰዓት በኋላ መርተዋል።,Assertion,1,Assertion_03,val
9877,እንዴት ጎበዝ ነህ ስራ አስኪያጁ፣ ቤቱን ሰብረኸዋል!,Sarcasm/Irony,5,Sarcasm/Irony_00,train
9878,የቤቱ ችግር በሚቀጥለው ወር ከፖሊሱ ጋር እፈታለሁ።,Promise,8,Promise_11,train
9879,እባክዎ ይቅርታ፣ ቦርሳውን ከሁለት ቀናት በኋላ ማቅረብ አልችልም።,Refusal,2,Refusal_09,train
9880,ደህና ሁን ሹፌሩ፣ እስከ በሳምንቱ መጨረሻ እንገናኝ።,Phatic,7,Phatic_13,train
9881,እንዴት ጎበዝ ነህ ሹፌሩ፣ ጥያቄውን ሰብረኸዋል!,Sarcasm/Irony,5,Sarcasm/Irony_00,train
9882,ወደ አውሮፕላን ማረፊያ በሚቀጥለው ሳምንት ብቻዎን አይሂዱ።,Warning,4,Warning_06,test
9883,ጎበዝ ስራ ጠበቃው፣ ልብሱ ሙሉ በሙሉ ፈርሷል።,Sarcasm/Irony,5,Sarcasm/Irony_09,train
9884,ገንዘብዎን ይጠብቁ፣ በፋብሪካ ከሁለት ቀናት በኋላ ስርቆት ተከስቷል።,Warning,4,Warning_05,val
9885,እባክዎ ለመምህሩ ዕቃውን ያድርሱ።,Request,0,Request_14,test
9886,እባክዎ ልብሱን ለመምህሩ በዚህ አመት ይላኩልኝ።,Request,0,Request_00,train
9887,እባክህ ይቅርታ አድርግልኝ፣ ወደ ገበያ በስብሰባው ወቅት መምጣት አልችልም።,Refusal,2,Refusal_01,test
9888,ስራውን ከአለቃዬ ጋር ከጥቂት ደቂቃዎች በኋላ እጨርሳለሁ።,Promise,8,Promise_01,test
9889,እባክህ ይቅርታ አድርግልኝ፣ ወደ አውሮፕላን ማረፊያ ነገ ከሰዓት በኋላ መምጣት አልችልም።,Refusal,2,Refusal_01,test
9890,መጽሐፉ ገና ወደ አውሮፕላን ማረፊያ ከሁለት ቀናት በኋላ አልደረሰኝም።,Complaint,6,Complaint_07,train
9891,አመሰግናለሁ ጋዜጠኛው፣ ደህና ዋል በትምህርት ቤት።,Phatic,7,Phatic_08,train
9892,ይቅርታ፣ ዕቃውን ከጥቂት ደቂቃዎች በኋላ ማድረግ አልችልም።,Refusal,2,Refusal_00,train
9893,ስራ አስኪያጁ ወደ ቢሮ ዛሬ ማታ ሄደዋል።,Assertion,1,Assertion_07,train
9894,እባክዎ ይቅርታ፣ መስኮቱን በሳምንቱ መጨረሻ ማቅረብ አልችልም።,Refusal,2,Refusal_09,train
9895,በቤት ከአንድ ሰዓት በኋላ ንጽህና ጎድሏል።,Complaint,6,Complaint_13,test
9896,የድርጅቱ አገልግሎት በትምህርት ቤት በጣም ደካማ ነው።,Complaint,6,Complaint_01,test
9897,አለቃዬ ወደ ገበያ ከምሽቱ ጀምሮ ሄደዋል።,Assertion,1,Assertion_07,train
9898,እባክዎ ሂሳቡን ለሚኒስትሩ ነገ ከሰዓት በኋላ ይላኩልኝ።,Request,0,Request_00,train
9899,እባክሽ ሪፖርቱን በሚቀጥለው ወር አምጪልኝ።,Request,0,Request_09,test
9900,እንኳን አደረሳችሁ ባልደረባዬ፣ በገበያ።,Phatic,7,Phatic_14,test
9901,እባክዎ መጽሐፉን ለባልደረባዬ ከሰዓት በኋላ ይላኩልኝ።,Request,0,Request_00,train
9902,ከዶክተሩ ጋር ስለ ሪፖርቱ ጉዳይ መስማማት አልችልም።,Refusal,2,Refusal_06,train
9903,እንኳን አደረሳችሁ ሚኒስትሩ፣ በፋብሪካ።,Phatic,7,Phatic_14,test
9904,እንኳን ደስ አለህ ባልደረባዬ ከጥቂት ደቂቃዎች በኋላ።,Phatic,7,Phatic_07,train
9905,ከደንበኛው ጋር ስለ ቁልፉ ጉዳይ መስማማት አልችልም።,Refusal,2,Refusal_06,train
9906,ስራው በዚህ ሳምንት ከጠበቃው ጋር አልተጠናቀቀም።,Complaint,6,Complaint_03,test
9907,ከመምህሩ ጋር ስለ ካርታው ጉዳይ መስማማት አልችልም።,Refusal,2,Refusal_06,train
9908,ይቅርታ፣ መልእክቱን በዚህ ወር ማድረግ አልችልም።,Refusal,2,Refusal_00,train
9909,ይህን ቦርሳውን ከመምህሩ ጋር በጥንቃቄ ያዙ።,Warning,4,Warning_04,val
9910,የመስኮቱ ችግር ከአንድ ሰዓት በኋላ ከባልደረባዬ ጋር እፈታለሁ።,Promise,8,Promise_11,train
9911,የትዕዛዙ ዋጋውን ከሰዓት በኋላ ብንቀንስ ደንበኞች ይጨምራሉ።,Suggestion,3,Suggestion_07,train
9912,ደህና እደር ፖሊሱ፣ ከዛሬ ጀምሮ እንገናኝ።,Phatic,7,Phatic_06,train
9913,ሰላም ጓደኛዬ፣ በሚቀጥለው አመት እንዴት ነህ?,Phatic,7,Phatic_00,train
9914,ይህ መጽሐፉ ከመንግስት ጥራት የለውም።,Complaint,6,Complaint_00,val
9915,እንኳን ደስ አለህ ደንበኛው፣ ስለ ካርታው እንደገና ተሳስተሃል።,Sarcasm/Irony,5,Sarcasm/Irony_13,train
9916,ለጠበቃው የገባሁትን ቃል በስብሰባው ወቅት አከብራለሁ።,Promise,8,Promise_08,test
9917,እባክዎ መልእክቱን ለመሐንዲሱ ከሁለት ቀናት በኋላ ይላኩልኝ።,Request,0,Request_00,train
9918,እባክህ ለቡናው ይህን ዘዴ ከሰዓት በኋላ ተጠቀም።,Suggestion,3,Suggestion_04,train
9919,የሰነዱ ችግር ከዛሬ ጀምሮ ከዶክተሩ ጋር እፈታለሁ።,Promise,8,Promise_11,train
9920,የቤቱ ችግር በዚህ ወር ከመምህሩ ጋር እፈታለሁ።,Promise,8,Promise_11,train
9921,የመኪናው ዋጋውን ከምሽቱ ጀምሮ ብንቀንስ ደንበኞች ይጨምራሉ።,Suggestion,3,Suggestion_07,train
9922,እርግጠኛ ነኝ ስራ አስኪያጁ በሳምንቱ መጨረሻ ይደርሳሉ፣ እንደ ሁልጊዜው።,Sarcasm/Irony,5,Sarcasm/Irony_05,test
9923,ደህና ከሶስት ሰዓት በኋላ ይሁንልህ ሚኒስትሩ።,Phatic,7,Phatic_02,train
9924,እንዴት ደስ ይላል፣ ሚኒስትሩ እንደገና በስብሰባው ወቅት ዘገዩ።,Sarcasm/Irony,5,Sarcasm/Irony_03,train
9925,ውሃው ገና ወደ ሆስፒታል ነገ ጠዋት አልደረሰኝም።,Complaint,6,Complaint_07,train
9926,የማሽኑ ችግር በዚህ አመት ከአስተማሪዋ ጋር እፈታለሁ።,Promise,8,Promise_11,train
9927,ከጓደኛዬ ጋር ስለ መኪናው ጉዳይ መስማማት አልችልም።,Refusal,2,Refusal_06,train
9928,ከጓደኛዬ ጋር ከሁለት ቀናት በኋላ በባንክ እገናኛለሁ።,Promise,8,Promise_04,val
9929,እባክህ ለቁልፉ ይህን ዘዴ ከሁለት ቀናት በኋላ ተጠቀም።,Suggestion,3,Suggestion_04,train
9930,መጽሐፉ ገና ወደ መጋዘን ከሰዓት በኋላ አልደረሰኝም።,Complaint,6,Complaint_07,train
9931,ነገ ጠዋት በመጋዘን መገኘት አልችልም።,Refusal,2,Refusal_04,val
9932,እንኳን ደስ አለህ ስራ አስኪያጁ ከምሽቱ ጀምሮ።,Phatic,7,Phatic_07,train
9933,ከስራ አስኪያጁ ጋር በዚህ ወር በገበያ እገናኛለሁ።,Promise,8,Promise_04,val
9934,ከጓደኛዬ ጋር ከምሽቱ ጀምሮ በገበያ እገናኛለሁ።,Promise,8,Promise_04,val
9935,ኤጀንሲው ስለ ልብሱ ማስጠንቀቂያ በሚቀጥለው ወር አውጥቷል።,Warning,4,Warning_08,train
9936,ስለ ስጦታው ከስራ አስኪያጁ ጋር ማሰብ ይኖርብናል።,Suggestion,3,Suggestion_03,train
9937,በጣም ውጤታማ ነው ስቱዲዮው፣ በከአንድ ሰዓት በኋላ ምንም አልተሰራም።,Sarcasm/Irony,5,Sarcasm/Irony_14,val
9938,ገንዘብዎን ይጠብቁ፣ በመጋዘን በዚህ ወር ስርቆት ተከስቷል።,Warning,4,Warning_05,val
9939,በጣም ብልህ ነህ ስራ አስኪያጁ፣ መሳሪያውን ረሳኸው።,Sarcasm/Irony,5,Sarcasm/Irony_04,train
9940,ተጠንቀቅ፣ በዚህ አመት ቤት ውስጥ አደጋ አለ።,Warning,4,Warning_00,val
9941,ምርቱ በከተማው ውስጥ ይገኛል።,Assertion,1,Assertion_00,test
9942,እንዴት ደስ ይላል፣ ፖሊሱ እንደገና በሚቀጥለው አመት ዘገዩ።,Sarcasm/Irony,5,Sarcasm/Irony_03,train
9943,ቃል እገባለሁ፣ ኮምፒዩተሩን ነገ ጠዋት አላዘገይም።,Promise,8,Promise_03,test
9944,ስለ ቤቱ ከባልደረባዬ ጋር ማሰብ ይኖርብናል።,Suggestion,3,Suggestion_03,train
9945,ደህና በሳምንቱ መጨረሻ ይሁንልህ ነጋዴው።,Phatic,7,Phatic_02,train
9946,ሪፖርቱ ገና ወደ ፋብሪካ ነገ አልደረሰኝም።,Complaint,6,Complaint_07,train
9947,መኪናው ገና ወደ መጋዘን በዚህ አመት አልደረሰኝም።,Complaint,6,Complaint_07,train
9948,ሹፌሩ ወደ ባንክ ከጥቂት ደቂቃዎች በኋላ ሄደዋል።,Assertion,1,Assertion_07,train
9949,መሳሪያው ገና ወደ ገበያ ነገ ከሰዓት በኋላ አልደረሰኝም።,Complaint,6,Complaint_07,train
9950,ደህና በሚቀጥለው አመት ይሁንልህ ጋዜጠኛው።,Phatic,7,Phatic_02,train
9951,ይህን መስኮቱን ከአለቃዬ መቀበል አልችልም።,Refusal,2,Refusal_03,train
9952,ወደ ቤት ከዛሬ ጀምሮ እንሂድ።,Suggestion,3,Suggestion_01,test
9953,እባክዎ ፕሮጀክቱን ለነጋዴው ከአንድ ሰዓት በኋላ ይላኩልኝ።,Request,0,Request_00,train
9954,ይህን ደብዳቤውን ከአስተማሪዋ መቀበል አልችልም።,Refusal,2,Refusal_03,train
9955,ገንዘቡ ገና ወደ ቤት በሳምንቱ መጨረሻ አልደረሰኝም።,Complaint,6,Complaint_07,train
9956,ይህ ሰነዱ ከማዕከሉ ከተገለጸው ጋር አይመሳሰልም።,Complaint,6,Complaint_12,test
9957,ደብዳቤው ገና ወደ ቢሮ ከሁለት ቀናት በኋላ አልደረሰኝም።,Complaint,6,Complaint_07,train
9958,ይቅርታ፣ ቡናውን ከሶስት ሰዓት በኋላ ማድረግ አልችልም።,Refusal,2,Refusal_00,train
9959,ቡናው ገና ወደ ሱቅ ዛሬ አልደረሰኝም።,Complaint,6,Complaint_07,train
9960,ሰላም አስተማሪዋ፣ ነገ ከሰዓት በኋላ እንዴት ነህ?,Phatic,7,Phatic_00,train
9961,ጥያቄው ገና ወደ መንገድ ላይ በዚህ ሳምንት አልደረሰኝም።,Complaint,6,Complaint_07,train
9962,በጣም ውጤታማ ነው ድርጅቱ፣ በበሚቀጥለው አመት ምንም አልተሰራም።,Sarcasm/Irony,5,Sarcasm/Irony_14,val
9963,ሚኒስትሩ ወደ ፋብሪካ በዚህ አመት ሄደዋል።,Assertion,1,Assertion_07,train
9964,ኩባንያው ስለ ውሃው ማስጠንቀቂያ በዚህ ሳምንት አውጥቷል።,Warning,4,Warning_08,train
9965,ድርጅቱ ስለ መጽሐፉ ማስጠንቀቂያ ዛሬ ማታ አውጥቷል።,Warning,4,Warning_08,train
9966,የቁልፉ ችግር በዚህ ወር ከመሐንዲሱ ጋር እፈታለሁ።,Promise,8,Promise_11,train
9967,ከአለቃዬ ጋር ዛሬ ማታ በቤት እገናኛለሁ።,Promise,8,Promise_04,val
9968,የሪፖርቱ ችግር በሚቀጥለው አመት ከጓደኛዬ ጋር እፈታለሁ።,Promise,8,Promise_11,train
9969,ስለ ስጦታው ጉዳይ ከአለቃዬ ጋር እንወያይ።,Suggestion,3,Suggestion_10,train
9970,ከባልደረባዬ ጋር ስለ መኪናው ጉዳይ መስማማት አልችልም።,Refusal,2,Refusal_06,train
9971,በስቱዲዮው አዲስ ስልት ዛሬ እንተግብር።,Suggestion,3,Suggestion_14,test
9972,ሹፌሩ ወደ ቢሮ በሚቀጥለው ሳምንት ሄደዋል።,Assertion,1,Assertion_07,train
9973,ለጠበቃው ጥያቄ ፍቃደኛ አይደለሁም።,Refusal,2,Refusal_10,val
9974,እቅዱን ከምሽቱ ጀምሮ ከማህበሩ ጋር እናሻሽል።,Suggestion,3,Suggestion_12,train
9975,ፋብሪካው ስለ ፋይሉ ማስጠንቀቂያ በዚህ አመት አውጥቷል።,Warning,4,Warning_08,train
9976,ጤና ይስጥልኝ ነጋዴው፣ ከሰዓት በኋላ ደህና ነህ?,Phatic,7,Phatic_12,train
9977,እርግጠኛ ነኝ ፖሊሱ በሳምንቱ መጨረሻ ይደርሳሉ፣ እንደ ሁልጊዜው።,Sarcasm/Irony,5,Sarcasm/Irony_05,test
9978,እባክዎ ለአለቃዬ ስለ ገንዘቡ ይንገሩልኝ።,Request,0,Request_04,val
9979,ከመሐንዲሱ ጋር ስለ ደረሰኙ ጉዳይ መስማማት አልችልም።,Refusal,2,Refusal_06,train
9980,ወደ ፍርድ ቤት በሳምንቱ መጨረሻ መሄድ አልችልም።,Refusal,2,Refusal_13,test
9981,ፕሮጀክቱን ነገ ጠዋት ከአለቃዬ ጋር ብንጀምር ይሻላል።,Suggestion,3,Suggestion_08,val
9982,መንግስት ከሁለት ቀናት በኋላ አዲስ ሰራተኞችን ቀጥሯል።,Assertion,1,Assertion_09,train
9983,መንግስት ስለ ደብዳቤው ማስጠንቀቂያ ዛሬ አውጥቷል።,Warning,4,Warning_08,train
9984,ደህና እደር መምህሩ፣ ከጥቂት ደቂቃዎች በኋላ እንገናኝ።,Phatic,7,Phatic_06,train
9985,ያልተፈቀደ ግቢ ወደ ባንክ በሚቀጥለው ወር አይግቡ።,Warning,4,Warning_09,test
9986,ይህን በሩን ከመምህሩ መቀበል አልችልም።,Refusal,2,Refusal_03,train
9987,መሳሪያውን ከዛሬ ጀምሮ ብንሞክር ጥሩ ይሆናል።,Suggestion,3,Suggestion_00,train
9988,ከጥቂት ደቂቃዎች በኋላ በገበያ መገኘት አልችልም።,Refusal,2,Refusal_04,val
9989,እባክህ ይቅርታ አድርግልኝ፣ ወደ ከተማው ውስጥ ከሁለት ቀናት በኋላ መምጣት አልችልም።,Refusal,2,Refusal_01,test
9990,ሰላም ዶክተሩ፣ ከጥቂት ደቂቃዎች በኋላ እንዴት ነህ?,Phatic,7,Phatic_00,train
9991,ደህና ዛሬ ይሁንልህ አለቃዬ።,Phatic,7,Phatic_02,train
9992,ውሉ ገና ወደ መጋዘን በዚህ ሳምንት አልደረሰኝም።,Complaint,6,Complaint_07,train
9993,ማንነትዎን ለማያውቁት አለቃዬ በፋብሪካ አይስጡ።,Warning,4,Warning_14,test
9994,ከአለቃዬ ጋር ስለ ፕሮጀክቱ ጉዳይ መስማማት አልችልም።,Refusal,2,Refusal_06,train
9995,ሚኒስቴሩ ስለ ልብሱ ማስጠንቀቂያ በዚህ ሳምንት አውጥቷል።,Warning,4,Warning_08,train
9996,ቡናው ገና ወደ ስብሰባ ክፍል ከአንድ ሰዓት በኋላ አልደረሰኝም።,Complaint,6,Complaint_07,train
9997,ስጦታው ገና ወደ ፋብሪካ ከሰዓት በኋላ አልደረሰኝም።,Complaint,6,Complaint_07,train
9998,እባክዎ ሰነዱን ለመሐንዲሱ ከአንድ ሰዓት በኋላ ይላኩልኝ።,Request,0,Request_00,train
9999,ሰላም ጋዜጠኛው፣ በዚህ ሳምንት እንዴት ነህ?,Phatic,7,Phatic_00,train
10000,የጋዜጠኛው ጥያቄ ውድቅ አደርጋለሁ።,Refusal,2,Refusal_02,val
10001,ደብዳቤው ገና ወደ ሱቅ በሳምንቱ መጨረሻ አልደረሰኝም።,Complaint,6,Complaint_07,train
10002,የመጽሐፉ ወጪውን በቤት ብንቀንስ የተሻለ ነው።,Suggestion,3,Suggestion_13,train
10003,ፋብሪካው ስለ ካርታው ማስጠንቀቂያ በሳምንቱ መጨረሻ አውጥቷል።,Warning,4,Warning_08,train
10004,እባክዎ ውሃውን ነገ ጠዋት ይላኩልኝ።,Request,0,Request_13,val
10005,ይቅርታ፣ መስኮቱን በሚቀጥለው ሳምንት ማድረግ አልችልም።,Refusal,2,Refusal_00,train
10006,ደህና በስብሰባው ወቅት ይሁንልህ ባልደረባዬ።,Phatic,7,Phatic_02,train
10007,ስልኩ በሆስፒታል ይገኛል።,Assertion,1,Assertion_00,test
10008,ጎበዝ! በጣም ጥሩ ስራ ሰራህ ጓደኛዬ፣ ሰነዱን አበላሸኸው።,Sarcasm/Irony,5,Sarcasm/Irony_02,train
10009,የስጦታው ችግር ከጥቂት ደቂቃዎች በኋላ ከባልደረባዬ ጋር እፈታለሁ።,Promise,8,Promise_11,train
10010,እቅዱን በሚቀጥለው ሳምንት ከስቱዲዮው ጋር እናሻሽል።,Suggestion,3,Suggestion_12,train
10011,በዚህ ወር በፋብሪካ መገኘት አልችልም።,Refusal,2,Refusal_04,val
10012,ድርጅቱ ስለ ቦርሳው ማስጠንቀቂያ ከሰዓት በኋላ አውጥቷል።,Warning,4,Warning_08,train
10013,ይቅርታ፣ ቦርሳውን በሚቀጥለው አመት ማድረግ አልችልም።,Refusal,2,Refusal_00,train
10014,በኤጀንሲው አዲስ ስልት በሚቀጥለው ወር እንተግብር።,Suggestion,3,Suggestion_14,test
10015,ገንዘቡ ገና ወደ ቤት ነገ አልደረሰኝም።,Complaint,6,Complaint_07,train
10016,እባክህ ለገንዘቡ ይህን ዘዴ ከሁለት ቀናት በኋላ ተጠቀም።,Suggestion,3,Suggestion_04,train
10017,ትዕዛዙ ገና ወደ ባንክ ከሶስት ሰዓት በኋላ አልደረሰኝም።,Complaint,6,Complaint_07,train
10018,ዶክተሩ ወደ መንገድ ላይ በዚህ ወር ሄደዋል።,Assertion,1,Assertion_07,train
10019,እባክዎ ውሃውን ለነጋዴው ነገ ይላኩልኝ።,Request,0,Request_00,train
10020,እባክዎ ልብሱን ለጋዜጠኛው በሚቀጥለው ሳምንት ይላኩልኝ።,Request,0,Request_00,train
10021,በጣም ውጤታማ ነው ስቱዲዮው፣ በበዚህ ሳምንት ምንም አልተሰራም።,Sarcasm/Irony,5,Sarcasm/Irony_14,val
10022,የሰነዱ ችግር ከሶስት ሰዓት በኋላ ከጠበቃው ጋር እፈታለሁ።,Promise,8,Promise_11,train
10023,እባክዎ መልእክቱን ለባልደረባዬ በዚህ ሳምንት ይላኩልኝ።,Request,0,Request_00,train
10024,ቢያንስ አንዴ ቁልፉን በባንክ እንሞክር።,Suggestion,3,Suggestion_05,train
10025,ይቅርታ፣ መሳሪያውን በስብሰባው ወቅት ማድረግ አልችልም።,Refusal,2,Refusal_00,train
10026,ደህና ሁን ስራ አስኪያጁ፣ እስከ በዚህ ሳምንት እንገናኝ።,Phatic,7,Phatic_13,train
10027,ኤጀንሲው ቃል የገባውን ነገ ከሰዓት በኋላ ያከብራል።,Promise,8,Promise_14,test
10028,ኩባንያው ስለ ካርታው ማስጠንቀቂያ በዚህ ወር አውጥቷል።,Warning,4,Warning_08,train
10029,እንደምን አለህ በመንገድ ላይ፣ ስራ አስኪያጁ?,Phatic,7,Phatic_11,val
10030,ሚኒስትሩ ወደ መጋዘን ዛሬ ማታ ሄደዋል።,Assertion,1,Assertion_07,train
10031,መንግስት ስለ ቁልፉ ማስጠንቀቂያ በሳምንቱ መጨረሻ አውጥቷል።,Warning,4,Warning_08,train
10032,እቅዱን በስብሰባው ወቅት ከፋብሪካው ጋር እናሻሽል።,Suggestion,3,Suggestion_12,train
10033,የኮምፒዩተሩ ዋጋውን ዛሬ ማታ ብንቀንስ ደንበኞች ይጨምራሉ።,Suggestion,3,Suggestion_07,train
10034,እባክዎ ጥያቄውን ለነጋዴው በሳምንቱ መጨረሻ ይላኩልኝ።,Request,0,Request_00,train
10035,በሩ ገና ወደ መንገድ ላይ ከሁለት ቀናት በኋላ አልደረሰኝም።,Complaint,6,Complaint_07,train
10036,እባክዎ መልእክቱን ዛሬ ማታ ይላኩልኝ።,Request,0,Request_13,val
10037,ጋዜጠኛው ወደ ፖሊስ ጣቢያ ከሁለት ቀናት በኋላ ሄደዋል።,Assertion,1,Assertion_07,train
10038,ደህና እደር ፖሊሱ፣ በሚቀጥለው ወር እንገናኝ።,Phatic,7,Phatic_06,train
10039,ማህበሩ ስለ ቦርሳው ማስጠንቀቂያ በስብሰባው ወቅት አውጥቷል።,Warning,4,Warning_08,train
10040,የሰነዱ ችግር ዛሬ ማታ ከመሐንዲሱ ጋር እፈታለሁ።,Promise,8,Promise_11,train
10041,ማዕከሉ ስለ ካርታው ማስጠንቀቂያ ከጥቂት ደቂቃዎች በኋላ አውጥቷል።,Warning,4,Warning_08,train
10042,ጓደኛዬ ወደ ፋብሪካ ከሰዓት በኋላ ሄደዋል።,Assertion,1,Assertion_07,train
10043,የዕቃው ችግር ነገ ከሰዓት በኋላ ከሚኒስትሩ ጋር እፈታለሁ።,Promise,8,Promise_11,train
10044,እርግጠኛ ነኝ ሹፌሩ ከዛሬ ጀምሮ ይደርሳሉ፣ እንደ ሁልጊዜው።,Sarcasm/Irony,5,Sarcasm/Irony_05,test
10045,ጓደኛዬ ወደ ቢሮ በስብሰባው ወቅት ሄደዋል።,Assertion,1,Assertion_07,train
10046,ይቅርታ፣ ቁልፉን ከዛሬ ጀምሮ ማድረግ አልችልም።,Refusal,2,Refusal_00,train
10047,ባልደረባዬ፣ ቤተሰብ በስብሰባ ክፍል እንዴት ናቸው?,Phatic,7,Phatic_05,val
10048,እርግጠኛ ነኝ ነጋዴው ከሁለት ቀናት በኋላ ይደርሳሉ፣ እንደ ሁልጊዜው።,Sarcasm/Irony,5,Sarcasm/Irony_05,test
10049,ሪፖርቱን በስብሰባው ወቅት ብንሞክር ጥሩ ይሆናል።,Suggestion,3,Suggestion_00,train
10050,ፕሮጀክቱን በዚህ ወር ከሚኒስትሩ ጋር ብንጀምር ይሻላል።,Suggestion,3,Suggestion_08,val
10051,ይህ ልብሱ ከሚኒስቴሩ ጥራት የለውም።,Complaint,6,Complaint_00,val
10052,ደህና በዚህ ወር ይሁንልህ ጓደኛዬ።,Phatic,7,Phatic_02,train
10053,የሚኒስቴሩ ሰራተኞች በሱቅ ደንበኞችን በአግባቡ አያስተናግዱም።,Complaint,6,Complaint_04,val
10054,ደህና ዛሬ ማታ ይሁንልህ ባልደረባዬ።,Phatic,7,Phatic_02,train
10055,ስራ አስኪያጁ ወደ አውሮፕላን ማረፊያ በሚቀጥለው አመት ሄደዋል።,Assertion,1,Assertion_07,train
10056,ጠበቃው ወደ ትምህርት ቤት በሚቀጥለው ሳምንት ሄደዋል።,Assertion,1,Assertion_07,train
10057,እንዴት ጎበዝ ነህ መምህሩ፣ ስልኩን ሰብረኸዋል!,Sarcasm/Irony,5,Sarcasm/Irony_00,train
10058,ዶክተሩ ወደ ቤት በዚህ ሳምንት ሄደዋል።,Assertion,1,Assertion_07,train
10059,እባክዎ ፋይሉን በሳምንቱ መጨረሻ ይላኩልኝ።,Request,0,Request_13,val
10060,ፕሮጀክቱ ከዛሬ ጀምሮ ይጀምራል።,Assertion,1,Assertion_10,test
10061,ደንበኛው፣ እንደምን አደርክ በሚቀጥለው አመት?,Phatic,7,Phatic_01,train
10062,በሩ ገና ወደ ቤት ነገ ከሰዓት በኋላ አልደረሰኝም።,Complaint,6,Complaint_07,train
10063,ፋይሉ ገና ወደ ከተማው ውስጥ ዛሬ አልደረሰኝም።,Complaint,6,Complaint_07,train
10064,ስለ መልእክቱ ከአለቃዬ ጋር ማሰብ ይኖርብናል።,Suggestion,3,Suggestion_03,train
10065,መሐንዲሱ ወደ ገበያ በሚቀጥለው ወር ሄደዋል።,Assertion,1,Assertion_07,train
10066,ይህን ልብሱን ከደንበኛው መቀበል አልችልም።,Refusal,2,Refusal_03,train
10067,ስቱዲዮው ስለ ውሉ ማስጠንቀቂያ ከጥቂት ደቂቃዎች በኋላ አውጥቷል።,Warning,4,Warning_08,train
10068,ይቅርታ፣ መልእክቱን ከጥቂት ደቂቃዎች በኋላ ማድረግ አልችልም።,Refusal,2,Refusal_00,train
10069,በከተማው ውስጥ ነገ ከሰዓት በኋላ ንጽህና ጎድሏል።,Complaint,6,Complaint_13,test
10070,በጣም ብልህ ነህ ፖሊሱ፣ ሂሳቡን ረሳኸው።,Sarcasm/Irony,5,Sarcasm/Irony_04,train
10071,በጣም ትክክለኛ ነው መሐንዲሱ፣ በከተማው ውስጥ ሁልጊዜ እንደዚህ ይሆናል።,Sarcasm/Irony,5,Sarcasm/Irony_08,val
10072,ሚኒስትሩ ወደ ከተማው ውስጥ ነገ ሄደዋል።,Assertion,1,Assertion_07,train
10073,ሰላም ሚኒስትሩ፣ በዚህ አመት እንዴት ነህ?,Phatic,7,Phatic_00,train
10074,ካርታው ገና ወደ ባንክ ከሁለት ቀናት በኋላ አልደረሰኝም።,Complaint,6,Complaint_07,train
10075,ፋይሉን በጥንቃቄ ከፖሊሱ ጋር ብንመረምር ይሻላል።,Suggestion,3,Suggestion_11,val
10076,መንግስት ስለ ፋይሉ ማስጠንቀቂያ ነገ አውጥቷል።,Warning,4,Warning_08,train
10077,ማሽኑ ገና ወደ መንገድ ላይ ከአንድ ሰዓት በኋላ አልደረሰኝም።,Complaint,6,Complaint_07,train
10078,ምርቱ ገና ወደ ገበያ ዛሬ ማታ አልደረሰኝም።,Complaint,6,Complaint_07,train
10079,የጥያቄው ደረሰኝ ከማህበሩ የተበላሸ ነው።,Complaint,6,Complaint_08,val
10080,በፍርድ ቤት ትንሽ እረፍት ከሰዓት በኋላ ብንወስድ ጥሩ ነው።,Suggestion,3,Suggestion_09,test
10081,ጥንቃቄ ያድርጉ፣ ነገ ከሰዓት በኋላ አውሮፕላን ማረፊያ ይንሸራተታል።,Warning,4,Warning_02,train
10082,መሐንዲሱ ስብሰባውን ዛሬ ማታ መርተዋል።,Assertion,1,Assertion_03,val
10083,በጣም ብልህ ነህ ፖሊሱ፣ ቁልፉን ረሳኸው።,Sarcasm/Irony,5,Sarcasm/Irony_04,train
10084,አመሰግናለሁ ነጋዴው፣ ደህና ዋል በከተማው ውስጥ።,Phatic,7,Phatic_08,train
10085,እባክዎ ቡናውን ለጋዜጠኛው በሚቀጥለው አመት ይላኩልኝ።,Request,0,Request_00,train
10086,ጎበዝ! በጣም ጥሩ ስራ ሰራህ አስተማሪዋ፣ መስኮቱን አበላሸኸው።,Sarcasm/Irony,5,Sarcasm/Irony_02,train
10087,የሰነዱ ዋጋውን ከዛሬ ጀምሮ ብንቀንስ ደንበኞች ይጨምራሉ።,Suggestion,3,Suggestion_07,train
10088,እንዴት ደስ ይላል፣ ባልደረባዬ እንደገና በስብሰባው ወቅት ዘገዩ።,Sarcasm/Irony,5,Sarcasm/Irony_03,train
10089,ጋዜጠኛው፣ እንደምን አደርክ ከአንድ ሰዓት በኋላ?,Phatic,7,Phatic_01,train
10090,ጤና ይስጥልኝ ደንበኛው፣ ነገ ከሰዓት በኋላ ደህና ነህ?,Phatic,7,Phatic_12,train
10091,የሂሳቡ ችግር ከአንድ ሰዓት በኋላ ከአስተማሪዋ ጋር እፈታለሁ።,Promise,8,Promise_11,train
10092,ከዶክተሩ ጋር በዚህ አመት በሆስፒታል እገናኛለሁ።,Promise,8,Promise_04,val
10093,ወደ ትምህርት ቤት በስብሰባው ወቅት እንሂድ።,Suggestion,3,Suggestion_01,test
10094,የምርቱ ገመድ በአውሮፕላን ማረፊያ አደገኛ ነው ተጠንቀቁ።,Warning,4,Warning_07,train
10095,ምርቱ ገና ወደ ገበያ ከሶስት ሰዓት በኋላ አልደረሰኝም።,Complaint,6,Complaint_07,train
10096,ምርቱን በጥንቃቄ ከሹፌሩ ጋር ብንመረምር ይሻላል።,Suggestion,3,Suggestion_11,val
10097,በጣም ውጤታማ ነው ፋብሪካው፣ በከምሽቱ ጀምሮ ምንም አልተሰራም።,Sarcasm/Irony,5,Sarcasm/Irony_14,val
10098,ቁልፉ ገና ወደ ቤት በሚቀጥለው ሳምንት አልደረሰኝም።,Complaint,6,Complaint_07,train
10099,እባክዎ ቁልፉን ለሚኒስትሩ ከምሽቱ ጀምሮ ይላኩልኝ።,Request,0,Request_00,train
10100,መሐንዲሱ ወደ ባንክ በሚቀጥለው ሳምንት ሄደዋል።,Assertion,1,Assertion_07,train
10101,አዎ በርግጥ፣ የመንግስት እቅድ በበሚቀጥለው ወር በጭራሽ አይከሽፍም።,Sarcasm/Irony,5,Sarcasm/Irony_11,train
10102,ነጋዴው ወደ አውሮፕላን ማረፊያ በሳምንቱ መጨረሻ ሄደዋል።,Assertion,1,Assertion_07,train
10103,ነጋዴው ወደ ቤት ከጥቂት ደቂቃዎች በኋላ ሄደዋል።,Assertion,1,Assertion_07,train
10104,ደህና ሁን አስተማሪዋ፣ እስከ በዚህ ሳምንት እንገናኝ።,Phatic,7,Phatic_13,train
10105,ልብሱ ገና ወደ ገበያ በሚቀጥለው ሳምንት አልደረሰኝም።,Complaint,6,Complaint_07,train
10106,ደብዳቤው ገና ወደ ፖሊስ ጣቢያ ከሰዓት በኋላ አልደረሰኝም።,Complaint,6,Complaint_07,train
10107,እባክዎ ውሃውን ለባልደረባዬ በዚህ አመት ይላኩልኝ።,Request,0,Request_00,train
10108,እባክዎ ደረሰኙን ከዛሬ ጀምሮ ይላኩልኝ።,Request,0,Request_13,val
10109,ባንኩ ስለ ኮምፒዩተሩ ማስጠንቀቂያ በዚህ ወር አውጥቷል።,Warning,4,Warning_08,train
10110,ድርጅቱ ስለ ማሽኑ ማስጠንቀቂያ በዚህ ወር አውጥቷል።,Warning,4,Warning_08,train
10111,ልብሱ ገና ወደ ስብሰባ ክፍል በሚቀጥለው ሳምንት አልደረሰኝም።,Complaint,6,Complaint_07,train
10112,ባልደረባዬ፣ ስራ በፋብሪካ እንዴት ነው?,Phatic,7,Phatic_09,val
10113,ይህን መሳሪያውን ከአስተማሪዋ ጋር በጥንቃቄ ያዙ።,Warning,4,Warning_04,val
10114,ወደ ሱቅ ዛሬ መሄድ አልችልም።,Refusal,2,Refusal_13,test
10115,እባክዎ ሰነዱን ወደ ከተማው ውስጥ ይላኩ።,Request,0,Request_06,test
10116,የበሩ ችግር ነገ ጠዋት ከሚኒስትሩ ጋር እፈታለሁ።,Promise,8,Promise_11,train
10117,የዕቃው ችግር ነገ ከመሐንዲሱ ጋር እፈታለሁ።,Promise,8,Promise_11,train
10118,ከደንበኛው ጋር ስለ ቤቱ ጉዳይ መስማማት አልችልም።,Refusal,2,Refusal_06,train
10119,በዚህ አመት በገበያ መገኘት አልችልም።,Refusal,2,Refusal_04,val
10120,ከአለቃዬ ጋር ከዛሬ ጀምሮ በስብሰባ ክፍል እገናኛለሁ።,Promise,8,Promise_04,val
10121,የውሃው ወጪውን በመጋዘን ብንቀንስ የተሻለ ነው።,Suggestion,3,Suggestion_13,train
10122,ስለ ዕቃው ከዶክተሩ ጋር ማሰብ ይኖርብናል።,Suggestion,3,Suggestion_03,train
10123,ሚኒስቴሩ ስለ ማሽኑ ማስጠንቀቂያ ዛሬ አውጥቷል።,Warning,4,Warning_08,train
10124,እንኳን ወደ ትምህርት ቤት ደህና መጣህ ዶክተሩ።,Phatic,7,Phatic_04,test
10125,ሚኒስትሩ ወደ ፖሊስ ጣቢያ ከዛሬ ጀምሮ ሄደዋል።,Assertion,1,Assertion_07,train
10126,ያልተፈቀደ ግቢ ወደ ትምህርት ቤት ከዛሬ ጀምሮ አይግቡ።,Warning,4,Warning_09,test
10127,ቡናው ገና ወደ መንገድ ላይ ዛሬ ማታ አልደረሰኝም።,Complaint,6,Complaint_07,train
10128,ከደንበኛው ጋር በዚህ አመት መነጋገር ይሻላል።,Suggestion,3,Suggestion_06,val
10129,ከጠበቃው ጋር በዚህ ሳምንት መነጋገር ይሻላል።,Suggestion,3,Suggestion_06,val
10130,ጎበዝ ስራ መምህሩ፣ ኮምፒዩተሩ ሙሉ በሙሉ ፈርሷል።,Sarcasm/Irony,5,Sarcasm/Irony_09,train
10131,ጋዜጠኛው ወደ ገበያ በሚቀጥለው ሳምንት ሄደዋል።,Assertion,1,Assertion_07,train
10132,እባክዎ ይቅርታ፣ ደብዳቤውን ከሰዓት በኋላ ማቅረብ አልችልም።,Refusal,2,Refusal_09,train
10133,እባክዎ ፕሮጀክቱን ለፖሊሱ ነገ ጠዋት ይላኩልኝ።,Request,0,Request_00,train
10134,ከአለቃዬ ጋር በሚቀጥለው ወር መነጋገር ይሻላል።,Suggestion,3,Suggestion_06,val
10135,ስቱዲዮው ስለ መልእክቱ ማስጠንቀቂያ ከጥቂት ደቂቃዎች በኋላ አውጥቷል።,Warning,4,Warning_08,train
10136,ሰነዱ ገና ወደ ፋብሪካ ነገ ጠዋት አልደረሰኝም።,Complaint,6,Complaint_07,train
10137,በዚህ ሳምንት በስብሰባ ክፍል መገኘት አልችልም።,Refusal,2,Refusal_04,val
10138,ከመሐንዲሱ ጋር ከዛሬ ጀምሮ በፖሊስ ጣቢያ እገናኛለሁ።,Promise,8,Promise_04,val
10139,ሚኒስትሩ፣ እንደምን አደርክ ከሶስት ሰዓት በኋላ?,Phatic,7,Phatic_01,train
10140,የመስኮቱ ችግር በሳምንቱ መጨረሻ ከባልደረባዬ ጋር እፈታለሁ።,Promise,8,Promise_11,train
10141,ሪፖርቱን በጥንቃቄ ከጠበቃው ጋር ብንመረምር ይሻላል።,Suggestion,3,Suggestion_11,val
10142,ነገ ጠዋት በፖሊስ ጣቢያ ከባድ ዝናብ ሊዘንብ ይችላል ተጠንቀቁ።,Warning,4,Warning_03,test
10143,አለቃዬ ወደ ከተማው ውስጥ በሚቀጥለው ሳምንት ሄደዋል።,Assertion,1,Assertion_07,train
10144,ባንኩ ስለ ውሉ ማስጠንቀቂያ በሚቀጥለው ወር አውጥቷል።,Warning,4,Warning_08,train
10145,መስኮቱ ገና ወደ ቤት ከሁለት ቀናት በኋላ አልደረሰኝም።,Complaint,6,Complaint_07,train
10146,እንዴት ደስ ይላል፣ ነጋዴው እንደገና ከሶስት ሰዓት በኋላ ዘገዩ።,Sarcasm/Irony,5,Sarcasm/Irony_03,train
10147,እንደምን አለህ በፍርድ ቤት፣ አስተማሪዋ?,Phatic,7,Phatic_11,val
10148,እባክዎ ደብዳቤውን ለነጋዴው በሚቀጥለው ወር ይላኩልኝ።,Request,0,Request_00,train
10149,እንዴት ደስ ይላል፣ አስተማሪዋ እንደገና ነገ ጠዋት ዘገዩ።,Sarcasm/Irony,5,Sarcasm/Irony_03,train
10150,እሰይ፣ ሌላ ችግር በመጋዘን ከምሽቱ ጀምሮ፣ ልክ የሚያስፈልገን ይሄው ነበር።,Sarcasm/Irony,5,Sarcasm/Irony_07,train
10151,ከስራ አስኪያጁ ጋር ስለ ደብዳቤው ጉዳይ መስማማት አልችልም።,Refusal,2,Refusal_06,train
10152,ወደ ባንክ በሚቀጥለው አመት እንሂድ።,Suggestion,3,Suggestion_01,test
10153,አዎ በእርግጥ፣ አለቃዬ በሚቀጥለው አመት ትመጣለህ ብዬ አላምንም።,Sarcasm/Irony,5,Sarcasm/Irony_01,test
10154,ደህና በዚህ ወር ይሁንልህ ስራ አስኪያጁ።,Phatic,7,Phatic_02,train
10155,ጎበዝ ስራ መሐንዲሱ፣ ልብሱ ሙሉ በሙሉ ፈርሷል።,Sarcasm/Irony,5,Sarcasm/Irony_09,train
10156,ውሃው ገና ወደ ፋብሪካ በዚህ ሳምንት አልደረሰኝም።,Complaint,6,Complaint_07,train
10157,እባክዎ ፕሮጀክቱን ለስራ አስኪያጁ በሚቀጥለው አመት ይላኩልኝ።,Request,0,Request_00,train
10158,እባክዎ ስልኩን ለአለቃዬ በሚቀጥለው ሳምንት ይላኩልኝ።,Request,0,Request_00,train
10159,እንኳን አደረሳችሁ ስራ አስኪያጁ፣ በመጋዘን።,Phatic,7,Phatic_14,test
10160,እባክዎ ሪፖርቱን ለጋዜጠኛው ዛሬ ማታ ይላኩልኝ።,Request,0,Request_00,train
10161,ከፖሊሱ ጋር ከዛሬ ጀምሮ በፍርድ ቤት እገናኛለሁ።,Promise,8,Promise_04,val
10162,የደብዳቤው ችግር በዚህ አመት ከጋዜጠኛው ጋር እፈታለሁ።,Promise,8,Promise_11,train
10163,ቡናው ገና ወደ አውሮፕላን ማረፊያ ከሶስት ሰዓት በኋላ አልደረሰኝም።,Complaint,6,Complaint_07,train
10164,የባንኩ ሰራተኞች በትምህርት ቤት ደንበኞችን በአግባቡ አያስተናግዱም።,Complaint,6,Complaint_04,val
10165,እባክዎ ይቅርታ፣ ደረሰኙን በሚቀጥለው ወር ማቅረብ አልችልም።,Refusal,2,Refusal_09,train
10166,አስተማሪዋ ወደ ባንክ ከምሽቱ ጀምሮ ሄደዋል።,Assertion,1,Assertion_07,train
10167,የትዕዛዙ ዋጋውን በሚቀጥለው ወር ብንቀንስ ደንበኞች ይጨምራሉ።,Suggestion,3,Suggestion_07,train
10168,እባክዎ መኪናውን ለደንበኛው ከጥቂት ደቂቃዎች በኋላ ይላኩልኝ።,Request,0,Request_00,train
10169,ከሹፌሩ ጋር ስለ ቡናው ጉዳይ መስማማት አልችልም።,Refusal,2,Refusal_06,train
10170,እባክዎ ለአለቃዬ ስለ ፕሮጀክቱ ይንገሩልኝ።,Request,0,Request_04,val
10171,እሰይ፣ ሌላ ችግር በትምህርት ቤት ከጥቂት ደቂቃዎች በኋላ፣ ልክ የሚያስፈልገን ይሄው ነበር።,Sarcasm/Irony,5,Sarcasm/Irony_07,train
10172,ጎበዝ! በጣም ጥሩ ስራ ሰራህ ዶክተሩ፣ ደብዳቤውን አበላሸኸው።,Sarcasm/Irony,5,Sarcasm/Irony_02,train
10173,ትዕዛዙ ገና ወደ ቤት ከምሽቱ ጀምሮ አልደረሰኝም።,Complaint,6,Complaint_07,train
10174,ከባልደረባዬ ጋር ስለ ቁልፉ ጉዳይ መስማማት አልችልም።,Refusal,2,Refusal_06,train
10175,ቡናው ገና ወደ ቤት በዚህ አመት አልደረሰኝም።,Complaint,6,Complaint_07,train
10176,ሪፖርቱ ገና ወደ አውሮፕላን ማረፊያ ነገ አልደረሰኝም።,Complaint,6,Complaint_07,train
10177,ስልኩ ገና ወደ ፋብሪካ ከአንድ ሰዓት በኋላ አልደረሰኝም።,Complaint,6,Complaint_07,train
10178,እንኳን ወደ ቢሮ ደህና መጣህ ሚኒስትሩ።,Phatic,7,Phatic_04,test
10179,መምህሩ ወደ ከተማው ውስጥ ከሰዓት በኋላ ሄደዋል።,Assertion,1,Assertion_07,train
10180,እንኳን ደስ አለህ ጓደኛዬ፣ ስለ ቦርሳው እንደገና ተሳስተሃል።,Sarcasm/Irony,5,Sarcasm/Irony_13,train
10181,አመሰግናለሁ አለቃዬ፣ ደህና ዋል በሆስፒታል።,Phatic,7,Phatic_08,train
10182,ወደ ትምህርት ቤት በሚቀጥለው ወር መሄድ አልችልም።,Refusal,2,Refusal_13,test
10183,የፕሮጀክቱ ዋጋ ከምሽቱ ጀምሮ ጨምሯል።,Assertion,1,Assertion_12,val
10184,የጥያቄው ችግር ዛሬ ከመሐንዲሱ ጋር እፈታለሁ።,Promise,8,Promise_11,train
10185,በትምህርት ቤት ዛሬ ንጽህና ጎድሏል።,Complaint,6,Complaint_13,test
10186,እባክዎ ካርታውን ለጓደኛዬ በስብሰባው ወቅት ይላኩልኝ።,Request,0,Request_00,train
10187,እባክዎ ይቅርታ፣ መሳሪያውን ነገ ከሰዓት በኋላ ማቅረብ አልችልም።,Refusal,2,Refusal_09,train
10188,ከመሐንዲሱ ጋር ስለ ውሃው ጉዳይ መስማማት አልችልም።,Refusal,2,Refusal_06,train
10189,ሰላም ጓደኛዬ፣ በስብሰባው ወቅት እንዴት ነህ?,Phatic,7,Phatic_00,train
10190,መኪናው ገና ወደ ባንክ በዚህ ወር አልደረሰኝም።,Complaint,6,Complaint_07,train
10191,እባክዎ ትዕዛዙን ለጋዜጠኛው ከሶስት ሰዓት በኋላ ይላኩልኝ።,Request,0,Request_00,train
10192,ጋዜጠኛው ወደ ሆስፒታል ነገ ሄደዋል።,Assertion,1,Assertion_07,train
10193,ነገ ጠዋት በቢሮ ስብሰባ እናድርግ።,Suggestion,3,Suggestion_02,train
10194,በዚህ ወር በከተማው ውስጥ ከባድ ዝናብ ሊዘንብ ይችላል ተጠንቀቁ።,Warning,4,Warning_03,test
10195,እባክዎ ሰነዱን ለጠበቃው ከዛሬ ጀምሮ ይላኩልኝ።,Request,0,Request_00,train
10196,በቤት ትንሽ እረፍት ነገ ከሰዓት በኋላ ብንወስድ ጥሩ ነው።,Suggestion,3,Suggestion_09,test
10197,የድርጅቱ አገልግሎት በፖሊስ ጣቢያ በጣም ደካማ ነው።,Complaint,6,Complaint_01,test
10198,ከምሽቱ ጀምሮ ወደ መጋዘን እደርሳለሁ።,Promise,8,Promise_10,train
10199,ጋዜጠኛው፣ ቤተሰብ በፋብሪካ እንዴት ናቸው?,Phatic,7,Phatic_05,val
10200,የመልእክቱ ዋጋ በስብሰባው ወቅት ጨምሯል።,Assertion,1,Assertion_12,val
10201,ቃል እገባለሁ፣ ውሉን በሚቀጥለው አመት አላዘገይም።,Promise,8,Promise_03,test
10202,በስብሰባው ወቅት በአውሮፕላን ማረፊያ ስብሰባ እናድርግ።,Suggestion,3,Suggestion_02,train
10203,ዶክተሩ ወደ አውሮፕላን ማረፊያ ከሁለት ቀናት በኋላ ሄደዋል።,Assertion,1,Assertion_07,train
10204,ዶክተሩ፣ ጤና ይስጥልኝ በመጋዘን።,Phatic,7,Phatic_03,train
10205,እባክዎ ካርታውን በሳምንቱ መጨረሻ ይላኩልኝ።,Request,0,Request_13,val
10206,ትዕዛዙን በጥንቃቄ ለጋዜጠኛው እይዛለሁ።,Promise,8,Promise_07,train
10207,ከመሐንዲሱ ጋር ስለ ቁልፉ ጉዳይ መስማማት አልችልም።,Refusal,2,Refusal_06,train
10208,እንኳን ወደ ስብሰባ ክፍል ደህና መጣህ አስተማሪዋ።,Phatic,7,Phatic_04,test
10209,እባክዎ ወደ ፋብሪካ ከሁለት ቀናት በኋላ ይምጡልኝ።,Request,0,Request_03,test
10210,ከፖሊሱ ጋር ስለ መልእክቱ ጉዳይ መስማማት አልችልም።,Refusal,2,Refusal_06,train
10211,ቤቱ ገና ወደ ሱቅ ከሰዓት በኋላ አልደረሰኝም።,Complaint,6,Complaint_07,train
10212,እባክዎ ቁልፉን ለሹፌሩ በዚህ አመት ይላኩልኝ።,Request,0,Request_00,train
10213,ፋብሪካ በስብሰባው ወቅት ተከፍቷል።,Assertion,1,Assertion_14,train
10214,ይቅርታ፣ ሂሳቡን በሚቀጥለው ሳምንት ማድረግ አልችልም።,Refusal,2,Refusal_00,train
10215,እንዴት ጎበዝ ነህ ጋዜጠኛው፣ መሳሪያውን ሰብረኸዋል!,Sarcasm/Irony,5,Sarcasm/Irony_00,train
10216,እባክዎ ይቅርታ፣ መልእክቱን በዚህ አመት ማቅረብ አልችልም።,Refusal,2,Refusal_09,train
10217,እባክዎ ሪፖርቱን ለጠበቃው ከጥቂት ደቂቃዎች በኋላ ይላኩልኝ።,Request,0,Request_00,train
10218,ጋዜጠኛው ሪፖርቱን በሚቀጥለው ሳምንት አቅርበዋል።,Assertion,1,Assertion_13,test
10219,ፕሮጀክቱን በሳምንቱ መጨረሻ ከሹፌሩ ጋር ብንጀምር ይሻላል።,Suggestion,3,Suggestion_08,val
10220,ፖሊሱ ወደ ገበያ ነገ ሄደዋል።,Assertion,1,Assertion_07,train
10221,የፋይሉ ዋጋ ከሰዓት በኋላ ጨምሯል።,Assertion,1,Assertion_12,val
10222,እባክዎ ፕሮጀክቱን ለባልደረባዬ በሚቀጥለው አመት ይላኩልኝ።,Request,0,Request_00,train
10223,ስራው ከምሽቱ ጀምሮ ከመምህሩ ጋር አልተጠናቀቀም።,Complaint,6,Complaint_03,test
10224,ይቅርታ፣ ጥያቄውን ከጥቂት ደቂቃዎች በኋላ ማድረግ አልችልም።,Refusal,2,Refusal_00,train
10225,የገንዘቡ ችግር ከምሽቱ ጀምሮ ከጠበቃው ጋር እፈታለሁ።,Promise,8,Promise_11,train
10226,ባንኩ ስለ ደረሰኙ ማስጠንቀቂያ በሚቀጥለው ሳምንት አውጥቷል።,Warning,4,Warning_08,train
10227,ፕሮጀክቱ ከአንድ ሰዓት በኋላ ይጀምራል።,Assertion,1,Assertion_10,test
10228,መስኮቱ ገና ወደ አውሮፕላን ማረፊያ ከሁለት ቀናት በኋላ አልደረሰኝም።,Complaint,6,Complaint_07,train
10229,የስልኩ ችግር በሳምንቱ መጨረሻ ከስራ አስኪያጁ ጋር እፈታለሁ።,Promise,8,Promise_11,train
10230,የቁልፉ ችግር ነገ ከዶክተሩ ጋር እፈታለሁ።,Promise,8,Promise_11,train
10231,እሰይ፣ ሌላ ችግር በመጋዘን በዚህ ሳምንት፣ ልክ የሚያስፈልገን ይሄው ነበር።,Sarcasm/Irony,5,Sarcasm/Irony_07,train
10232,ይቅርታ፣ ልብሱን ከሰዓት በኋላ ማድረግ አልችልም።,Refusal,2,Refusal_00,train
10233,እባክዎ በሩን ለዶክተሩ ነገ ከሰዓት በኋላ ይላኩልኝ።,Request,0,Request_00,train
10234,ምርቱ ገና ወደ ባንክ ዛሬ ማታ አልደረሰኝም።,Complaint,6,Complaint_07,train
10235,ይቅርታ፣ ካርታውን ከአንድ ሰዓት በኋላ ማድረግ አልችልም።,Refusal,2,Refusal_00,train
10236,የዕቃው ዋጋ በሚቀጥለው ወር ጨምሯል።,Assertion,1,Assertion_12,val
10237,ፖሊሱ ወደ ቤት በሚቀጥለው ወር ሄደዋል።,Assertion,1,Assertion_07,train
10238,አዎ በእርግጥ፣ አለቃዬ ዛሬ ማታ ትመጣለህ ብዬ አላምንም።,Sarcasm/Irony,5,Sarcasm/Irony_01,test
10239,እባክዎ መኪናውን ከአንድ ሰዓት በኋላ ይላኩልኝ።,Request,0,Request_13,val
10240,ሪፖርቱን ለደንበኛው ከምሽቱ ጀምሮ አቀርባለሁ።,Promise,8,Promise_05,train
10241,ይህ መኪናው ከኤጀንሲው ጥራት የለውም።,Complaint,6,Complaint_00,val
10242,አስተማሪዋ፣ እንደምን አደርክ በሚቀጥለው ሳምንት?,Phatic,7,Phatic_01,train
10243,እንኳን አደረሳችሁ ፖሊሱ፣ በአውሮፕላን ማረፊያ።,Phatic,7,Phatic_14,test
10244,እንኳን ደስ አለህ ስራ አስኪያጁ፣ ስለ ገንዘቡ እንደገና ተሳስተሃል።,Sarcasm/Irony,5,Sarcasm/Irony_13,train
10245,ጥያቄውን በጥንቃቄ ከስራ አስኪያጁ ጋር ብንመረምር ይሻላል።,Suggestion,3,Suggestion_11,val
10246,እባክዎ ሰነዱን ለስራ አስኪያጁ ከሶስት ሰዓት በኋላ ይላኩልኝ።,Request,0,Request_00,train
10247,እንኳን ደስ አለህ ነጋዴው ነገ።,Phatic,7,Phatic_07,train
10248,በሚቀጥለው ወር በትምህርት ቤት መገኘት አልችልም።,Refusal,2,Refusal_04,val
10249,እንኳን ደስ አለህ አስተማሪዋ ከሁለት ቀናት በኋላ።,Phatic,7,Phatic_07,train
10250,በባንክ ከአንድ ሰዓት በኋላ ንጽህና ጎድሏል።,Complaint,6,Complaint_13,test
10251,ከሹፌሩ ጋር ስለ ሂሳቡ ጉዳይ መስማማት አልችልም።,Refusal,2,Refusal_06,train
10252,ምርቱ ገና ወደ ገበያ በዚህ አመት አልደረሰኝም።,Complaint,6,Complaint_07,train
10253,እባክዎ ቦርሳውን ለፖሊሱ በሳምንቱ መጨረሻ ይላኩልኝ።,Request,0,Request_00,train
10254,ምርቱ ገና ወደ ባንክ ከሁለት ቀናት በኋላ አልደረሰኝም።,Complaint,6,Complaint_07,train
10255,ከጋዜጠኛው ጋር በሚቀጥለው ወር በትምህርት ቤት እገናኛለሁ።,Promise,8,Promise_04,val
10256,ከደንበኛው ጋር ስለ ቡናው ጉዳይ መስማማት አልችልም።,Refusal,2,Refusal_06,train
10257,መምህሩ፣ ቤተሰብ በፋብሪካ እንዴት ናቸው?,Phatic,7,Phatic_05,val
10258,ባንኩ ስለ ሪፖርቱ ማስጠንቀቂያ ነገ አውጥቷል።,Warning,4,Warning_08,train
10259,አመሰግናለሁ ስራ አስኪያጁ፣ ደህና ዋል በሆስፒታል።,Phatic,7,Phatic_08,train
10260,ባንኩ ስለ መልእክቱ ማስጠንቀቂያ ከምሽቱ ጀምሮ አውጥቷል።,Warning,4,Warning_08,train
10261,ጎበዝ! በጣም ጥሩ ስራ ሰራህ መሐንዲሱ፣ ትዕዛዙን አበላሸኸው።,Sarcasm/Irony,5,Sarcasm/Irony_02,train
10262,ይቅርታ፣ መስኮቱን በሚቀጥለው አመት ማድረግ አልችልም።,Refusal,2,Refusal_00,train
10263,እባክዎ ለነጋዴው ስለ ደብዳቤው ይንገሩልኝ።,Request,0,Request_04,val
10264,እንዴት ጎበዝ ነህ ሹፌሩ፣ ቤቱን ሰብረኸዋል!,Sarcasm/Irony,5,Sarcasm/Irony_00,train
10265,ድርጅቱ ስለ ሪፖርቱ ማስጠንቀቂያ በዚህ ወር አውጥቷል።,Warning,4,Warning_08,train
10266,እባክዎ ስጦታውን ለሚኒስትሩ በሚቀጥለው አመት ይላኩልኝ።,Request,0,Request_00,train
10267,የካርታው ችግር ከምሽቱ ጀምሮ ከመሐንዲሱ ጋር እፈታለሁ።,Promise,8,Promise_11,train
10268,ማሽኑን በዚህ ወር ብንሞክር ጥሩ ይሆናል።,Suggestion,3,Suggestion_00,train
10269,ፋብሪካው ከጥቂት ደቂቃዎች በኋላ ትርፍ አግኝቷል።,Assertion,1,Assertion_04,test
10270,ወደ ፖሊስ ጣቢያ ከአንድ ሰዓት በኋላ መሄድ አልችልም።,Refusal,2,Refusal_13,test
10271,እንዴት ደስ ይላል፣ ሹፌሩ እንደገና ከሁለት ቀናት በኋላ ዘገዩ።,Sarcasm/Irony,5,Sarcasm/Irony_03,train
10272,የመኪናው ዋጋውን ዛሬ ብንቀንስ ደንበኞች ይጨምራሉ።,Suggestion,3,Suggestion_07,train
10273,ሪፖርቱ ገና ወደ ስብሰባ ክፍል በሚቀጥለው ሳምንት አልደረሰኝም።,Complaint,6,Complaint_07,train
10274,ይቅርታ፣ ሰነዱን በሚቀጥለው ወር ማድረግ አልችልም።,Refusal,2,Refusal_00,train
10275,መንግስት ስለ ገንዘቡ ማስጠንቀቂያ ነገ ጠዋት አውጥቷል።,Warning,4,Warning_08,train
10276,ይህን ኮምፒዩተሩን ከደንበኛው መቀበል አልችልም።,Refusal,2,Refusal_03,train
10277,ጋዜጠኛው ሪፖርቱን በስብሰባው ወቅት አቅርበዋል።,Assertion,1,Assertion_13,test
10278,ስጦታው ገና ወደ ስብሰባ ክፍል ከአንድ ሰዓት በኋላ አልደረሰኝም።,Complaint,6,Complaint_07,train
10279,ቁልፉ ገና ወደ አውሮፕላን ማረፊያ በሚቀጥለው ሳምንት አልደረሰኝም።,Complaint,6,Complaint_07,train
10280,እባክዎ መሳሪያውን ዛሬ ይላኩልኝ።,Request,0,Request_13,val
10281,ስብሰባው ያለ ማስታወቂያ በሚቀጥለው ወር በፖሊስ ጣቢያ ተሰርዟል።,Complaint,6,Complaint_09,test
10282,እንኳን ደስ አለህ አለቃዬ፣ ስለ ሂሳቡ እንደገና ተሳስተሃል።,Sarcasm/Irony,5,Sarcasm/Irony_13,train
10283,ኤጀንሲው ከሰዓት በኋላ ትርፍ አግኝቷል።,Assertion,1,Assertion_04,test
10284,አዎ በእርግጥ፣ ጋዜጠኛው ከአንድ ሰዓት በኋላ ትመጣለህ ብዬ አላምንም።,Sarcasm/Irony,5,Sarcasm/Irony_01,test
10285,የገንዘቡ ችግር ነገ ጠዋት ከጋዜጠኛው ጋር እፈታለሁ።,Promise,8,Promise_11,train
10286,እባክዎ ቦርሳውን በሚቀጥለው አመት ይላኩልኝ።,Request,0,Request_13,val
10287,መልእክቱ ገና ወደ ሆስፒታል በዚህ ሳምንት አልደረሰኝም።,Complaint,6,Complaint_07,train
10288,እባክዎ በሩን ለአስተማሪዋ ዛሬ ማታ ይላኩልኝ።,Request,0,Request_00,train
10289,ወደ አውሮፕላን ማረፊያ ነገ ከሰዓት በኋላ መሄድ አልችልም።,Refusal,2,Refusal_13,test
10290,ምርቱ ገና ወደ አውሮፕላን ማረፊያ በሚቀጥለው አመት አልደረሰኝም።,Complaint,6,Complaint_07,train
10291,እባክዎ ውሉን ለመምህሩ በዚህ አመት ይላኩልኝ።,Request,0,Request_00,train
10292,ባንኩ ስለ ቦርሳው ማስጠንቀቂያ ከምሽቱ ጀምሮ አውጥቷል።,Warning,4,Warning_08,train
10293,የቤቱ ችግር ነገ ከጓደኛዬ ጋር እፈታለሁ።,Promise,8,Promise_11,train
10294,ድርጅቱ ስለ ዕቃው ማስጠንቀቂያ ከዛሬ ጀምሮ አውጥቷል።,Warning,4,Warning_08,train
10295,ይህን በሩን ያለ ጠበቃው ትዕዛዝ አይውሰዱ።,Warning,4,Warning_12,val
10296,የገንዘቡ ችግር በሚቀጥለው ወር ከአስተማሪዋ ጋር እፈታለሁ።,Promise,8,Promise_11,train
10297,በሳምንቱ መጨረሻ በቤት መገኘት አልችልም።,Refusal,2,Refusal_04,val
10298,ቡናው ገና ወደ ሱቅ በስብሰባው ወቅት አልደረሰኝም።,Complaint,6,Complaint_07,train
10299,ዶክተሩ ሪፖርቱን በሚቀጥለው ወር አቅርበዋል።,Assertion,1,Assertion_13,test
10300,እባክዎ ለጓደኛዬ ፕሮጀክቱን ያድርሱ።,Request,0,Request_14,test
10301,ከዶክተሩ ጋር ስለ ውሉ ጉዳይ መስማማት አልችልም።,Refusal,2,Refusal_06,train
10302,እባክህ ይቅርታ አድርግልኝ፣ ወደ መንገድ ላይ ከሰዓት በኋላ መምጣት አልችልም።,Refusal,2,Refusal_01,test
10303,የቤቱ ችግር ከዛሬ ጀምሮ ከመምህሩ ጋር እፈታለሁ።,Promise,8,Promise_11,train
10304,ፖሊሱ ወደ መጋዘን ከዛሬ ጀምሮ ሄደዋል።,Assertion,1,Assertion_07,train
10305,መምህሩ፣ እንደምን አደርክ ከሰዓት በኋላ?,Phatic,7,Phatic_01,train
10306,ጥያቄው ከአስተማሪዋ አጠገብ አደገኛ ሊሆን ይችላል።,Warning,4,Warning_01,test
10307,ፋብሪካው ስለ ቦርሳው ማስጠንቀቂያ በሚቀጥለው ሳምንት አውጥቷል።,Warning,4,Warning_08,train
10308,ወደ ስብሰባ ክፍል ከአንድ ሰዓት በኋላ መሄድ አልችልም።,Refusal,2,Refusal_13,test
10309,ደህና እደር ጠበቃው፣ ከሶስት ሰዓት በኋላ እንገናኝ።,Phatic,7,Phatic_06,train
10310,ይህን ሪፖርቱን ከባልደረባዬ መቀበል አልችልም።,Refusal,2,Refusal_03,train
10311,ደህና ከሶስት ሰዓት በኋላ ይሁንልህ ደንበኛው።,Phatic,7,Phatic_02,train
10312,እባክዎ ገንዘቡን ለነጋዴው በስብሰባው ወቅት ይላኩልኝ።,Request,0,Request_00,train
10313,የስልኩ ችግር ከዛሬ ጀምሮ ከደንበኛው ጋር እፈታለሁ።,Promise,8,Promise_11,train
10314,መስኮቱ ገና ወደ ባንክ ነገ ከሰዓት በኋላ አልደረሰኝም።,Complaint,6,Complaint_07,train
10315,እባክህ ለትዕዛዙ ይህን ዘዴ ከሰዓት በኋላ ተጠቀም።,Suggestion,3,Suggestion_04,train
10316,ጥንቃቄ ያድርጉ፣ ከሁለት ቀናት በኋላ ስብሰባ ክፍል ይንሸራተታል።,Warning,4,Warning_02,train
10317,የፕሮጀክቱ ደረሰኝ ከኩባንያው የተበላሸ ነው።,Complaint,6,Complaint_08,val
10318,ደህና ሁን ሹፌሩ፣ እስከ ነገ ጠዋት እንገናኝ።,Phatic,7,Phatic_13,train
10319,እባክዎ ቡናውን ለአለቃዬ በሚቀጥለው ሳምንት ይላኩልኝ።,Request,0,Request_00,train
10320,አለቃዬ ስብሰባውን ከምሽቱ ጀምሮ መርተዋል።,Assertion,1,Assertion_03,val
10321,መምህሩ ወደ ቢሮ በዚህ አመት ሄደዋል።,Assertion,1,Assertion_07,train
10322,ይቅርታ፣ ፕሮጀክቱን በዚህ ሳምንት ማድረግ አልችልም።,Refusal,2,Refusal_00,train
10323,ሪፖርቱን በጥንቃቄ ለጓደኛዬ እይዛለሁ።,Promise,8,Promise_07,train
10324,ከጠበቃው ጋር ነገ ጠዋት በባንክ እገናኛለሁ።,Promise,8,Promise_04,val
10325,መንግስት ስለ መሳሪያው ማስጠንቀቂያ ነገ ጠዋት አውጥቷል።,Warning,4,Warning_08,train
10326,ፍርድ ቤት ነገ ከሰዓት በኋላ ተከፍቷል።,Assertion,1,Assertion_14,train
10327,እንኳን ደስ አለህ ባልደረባዬ፣ ስለ ስጦታው እንደገና ተሳስተሃል።,Sarcasm/Irony,5,Sarcasm/Irony_13,train
10328,በጣም ደግ ነህ ጋዜጠኛው፣ በከተማው ውስጥ ምንም እርዳታ አልሰጠኸኝም።,Sarcasm/Irony,5,Sarcasm/Irony_12,train
10329,እባክዎ ገንዘቡን ለመምህሩ ከምሽቱ ጀምሮ ይላኩልኝ።,Request,0,Request_00,train
10330,ስለ መሳሪያው ጉዳይ ከጠበቃው ጋር እንወያይ።,Suggestion,3,Suggestion_10,train
10331,በመንግስት አዲስ ስልት በሳምንቱ መጨረሻ እንተግብር።,Suggestion,3,Suggestion_14,test
10332,የማሽኑ ወጪውን በመጋዘን ብንቀንስ የተሻለ ነው።,Suggestion,3,Suggestion_13,train
10333,ከሚኒስትሩ ጋር ስለ ውሉ ጉዳይ መስማማት አልችልም።,Refusal,2,Refusal_06,train
10334,ስራ አስኪያጁ፣ እንደምን አደርክ በሳምንቱ መጨረሻ?,Phatic,7,Phatic_01,train
10335,በኩባንያው አዲስ ስልት ከሶስት ሰዓት በኋላ እንተግብር።,Suggestion,3,Suggestion_14,test
10336,ይቅርታ፣ ስልኩን በሚቀጥለው ሳምንት ማድረግ አልችልም።,Refusal,2,Refusal_00,train
10337,ይህን ሪፖርቱን ከጓደኛዬ መቀበል አልችልም።,Refusal,2,Refusal_03,train
10338,ከስራ አስኪያጁ ጋር ስለ ሂሳቡ ጉዳይ መስማማት አልችልም።,Refusal,2,Refusal_06,train
10339,የመጽሐፉ ችግር በዚህ ወር ከአስተማሪዋ ጋር እፈታለሁ።,Promise,8,Promise_11,train
10340,ከስራ አስኪያጁ ጋር ከሰዓት በኋላ በሱቅ እገናኛለሁ።,Promise,8,Promise_04,val
10341,ከጋዜጠኛው ጋር ከጥቂት ደቂቃዎች በኋላ በአውሮፕላን ማረፊያ እገናኛለሁ።,Promise,8,Promise_04,val
10342,የትዕዛዙ ገመድ በቤት አደገኛ ነው ተጠንቀቁ።,Warning,4,Warning_07,train
10343,ነጋዴው፣ ቤተሰብ በከተማው ውስጥ እንዴት ናቸው?,Phatic,7,Phatic_05,val
10344,የቦርሳው ችግር ከሶስት ሰዓት በኋላ ከስራ አስኪያጁ ጋር እፈታለሁ።,Promise,8,Promise_11,train
10345,እባክዎ ማሽኑን ለባልደረባዬ ከሰዓት በኋላ ይላኩልኝ።,Request,0,Request_00,train
10346,ከተማው ውስጥ ከዛሬ ጀምሮ ተከፍቷል።,Assertion,1,Assertion_14,train
10347,ሚኒስቴሩ ስለ ዕቃው ማስጠንቀቂያ ከሁለት ቀናት በኋላ አውጥቷል።,Warning,4,Warning_08,train
10348,ስጦታው ገና ወደ ትምህርት ቤት ነገ ከሰዓት በኋላ አልደረሰኝም።,Complaint,6,Complaint_07,train
10349,ቁልፉን ከአንድ ሰዓት በኋላ ብንሞክር ጥሩ ይሆናል።,Suggestion,3,Suggestion_00,train
10350,እባክዎ ዕቃውን ለመሐንዲሱ ከሶስት ሰዓት በኋላ ይላኩልኝ።,Request,0,Request_00,train
10351,ሂሳቡ ከመምህሩ አጠገብ አደገኛ ሊሆን ይችላል።,Warning,4,Warning_01,test
10352,ከነጋዴው ጋር ነገ ከሰዓት በኋላ በሆስፒታል እገናኛለሁ።,Promise,8,Promise_04,val
10353,ውሃው ገና ወደ ባንክ በስብሰባው ወቅት አልደረሰኝም።,Complaint,6,Complaint_07,train
10354,ከፖሊሱ ጋር ስለ በሩ ጉዳይ መስማማት አልችልም።,Refusal,2,Refusal_06,train
10355,የስልኩ ዋጋ በዚህ አመት ጨምሯል።,Assertion,1,Assertion_12,val
10356,ስልኩን ከሁለት ቀናት በኋላ ብንሞክር ጥሩ ይሆናል።,Suggestion,3,Suggestion_00,train
10357,እባክዎ ይቅርታ፣ ፕሮጀክቱን ከዛሬ ጀምሮ ማቅረብ አልችልም።,Refusal,2,Refusal_09,train
10358,ይቅርታ፣ መሳሪያውን በዚህ ሳምንት ማድረግ አልችልም።,Refusal,2,Refusal_00,train
10359,ፋይሉ ገና ወደ ባንክ በዚህ ወር አልደረሰኝም።,Complaint,6,Complaint_07,train
10360,እንዴት ጥሩ ነው ስራ አስኪያጁ፣ ከዛሬ ጀምሮ ደግሞ ዘገየ።,Sarcasm/Irony,5,Sarcasm/Irony_10,val
10361,ባንኩ ስለ ሂሳቡ ማስጠንቀቂያ ከጥቂት ደቂቃዎች በኋላ አውጥቷል።,Warning,4,Warning_08,train
10362,ጎበዝ ስራ ሹፌሩ፣ ቤቱ ሙሉ በሙሉ ፈርሷል።,Sarcasm/Irony,5,Sarcasm/Irony_09,train
10363,እሰይ፣ ሌላ ችግር በመጋዘን በሚቀጥለው አመት፣ ልክ የሚያስፈልገን ይሄው ነበር።,Sarcasm/Irony,5,Sarcasm/Irony_07,train
10364,ጤና ይስጥልኝ ፖሊሱ፣ ከጥቂት ደቂቃዎች በኋላ ደህና ነህ?,Phatic,7,Phatic_12,train
10365,ጓደኛዬ ወደ ሆስፒታል ከሁለት ቀናት በኋላ ሄደዋል።,Assertion,1,Assertion_07,train
10366,ስራ አስኪያጁ ወደ ፋብሪካ ነገ ሄደዋል።,Assertion,1,Assertion_07,train
10367,ከሚኒስትሩ ጋር ስለ ቦርሳው ጉዳይ መስማማት አልችልም።,Refusal,2,Refusal_06,train
10368,ይህ ቁልፉ ከመንግስት ጥራት የለውም።,Complaint,6,Complaint_00,val
10369,እባክዎ ይቅርታ፣ ፋይሉን ዛሬ ማታ ማቅረብ አልችልም።,Refusal,2,Refusal_09,train
10370,ኤጀንሲው ስለ ሰነዱ ማስጠንቀቂያ ነገ ከሰዓት በኋላ አውጥቷል።,Warning,4,Warning_08,train
10371,እባክዎ ጥያቄውን ለመምህሩ ከምሽቱ ጀምሮ ይላኩልኝ።,Request,0,Request_00,train
10372,እንኳን አደረሳችሁ ባልደረባዬ፣ በመጋዘን።,Phatic,7,Phatic_14,test
10373,በቤት ከጥቂት ደቂቃዎች በኋላ ወንጀል ሊፈጸም ይችላል ተጠንቀቁ።,Warning,4,Warning_11,train
10374,ሰላም ጠበቃው፣ ከሰዓት በኋላ እንዴት ነህ?,Phatic,7,Phatic_00,train
10375,ከፖሊሱ ጋር ነገ ጠዋት በሆስፒታል እገናኛለሁ።,Promise,8,Promise_04,val
10376,እባክዎ ቁልፉን ለአለቃዬ ከምሽቱ ጀምሮ ይላኩልኝ።,Request,0,Request_00,train
10377,ሹፌሩ ወደ ፋብሪካ በዚህ ሳምንት ሄደዋል።,Assertion,1,Assertion_07,train
10378,ነገ ከሰዓት በኋላ በትምህርት ቤት ስብሰባ እናድርግ።,Suggestion,3,Suggestion_02,train
10379,እባክዎ ምርቱን ለሹፌሩ ከጥቂት ደቂቃዎች በኋላ ይላኩልኝ።,Request,0,Request_00,train
10380,እባክህ ለቡናው ይህን ዘዴ በሚቀጥለው ሳምንት ተጠቀም።,Suggestion,3,Suggestion_04,train
10381,ጤና ይስጥልኝ ደንበኛው፣ በዚህ ወር ደህና ነህ?,Phatic,7,Phatic_12,train
10382,ደንበኛው ወደ ቤት ከጥቂት ደቂቃዎች በኋላ ሄደዋል።,Assertion,1,Assertion_07,train
10383,ደህና እደር ስራ አስኪያጁ፣ በሳምንቱ መጨረሻ እንገናኝ።,Phatic,7,Phatic_06,train
10384,እባክህ ይቅርታ አድርግልኝ፣ ወደ ፍርድ ቤት ከጥቂት ደቂቃዎች በኋላ መምጣት አልችልም።,Refusal,2,Refusal_01,test
10385,ቅሬታዬን ለመሐንዲሱ ዛሬ ብናገርም ማንም አልሰማኝም።,Complaint,6,Complaint_14,val
10386,በጣም ጎበዝ ነው መንግስት፣ በሱቅ ደንበኞችን ችላ ይላል።,Sarcasm/Irony,5,Sarcasm/Irony_06,test
10387,ሹፌሩ ወደ አውሮፕላን ማረፊያ በዚህ ወር ሄደዋል።,Assertion,1,Assertion_07,train
10388,ሪፖርቱ ገና ወደ አውሮፕላን ማረፊያ ከምሽቱ ጀምሮ አልደረሰኝም።,Complaint,6,Complaint_07,train
10389,ቃል እገባለሁ፣ መጽሐፉን በዚህ አመት አላዘገይም።,Promise,8,Promise_03,test
10390,ማህበሩ ስለ ትዕዛዙ ማስጠንቀቂያ ከምሽቱ ጀምሮ አውጥቷል።,Warning,4,Warning_08,train
10391,ከጋዜጠኛው ጋር ከምሽቱ ጀምሮ መነጋገር ይሻላል።,Suggestion,3,Suggestion_06,val
10392,እባክዎ ቦርሳውን ለሹፌሩ ነገ ይላኩልኝ።,Request,0,Request_00,train
10393,ጓደኛዬ፣ እንደምን አደርክ ዛሬ ማታ?,Phatic,7,Phatic_01,train
10394,እባክዎ ቤቱን ለመሐንዲሱ በሳምንቱ መጨረሻ ይላኩልኝ።,Request,0,Request_00,train
10395,እባክዎ ይቅርታ፣ ፋይሉን በሚቀጥለው ሳምንት ማቅረብ አልችልም።,Refusal,2,Refusal_09,train
10396,ሰነዱ ገና ወደ ቤት ከምሽቱ ጀምሮ አልደረሰኝም።,Complaint,6,Complaint_07,train
10397,ቤቱ ገና ወደ ባንክ ዛሬ አልደረሰኝም።,Complaint,6,Complaint_07,train
10398,ይህን ትዕዛዙን ከባልደረባዬ መቀበል አልችልም።,Refusal,2,Refusal_03,train
10399,ሰላም ጠበቃው፣ ዛሬ እንዴት ነህ?,Phatic,7,Phatic_00,train
10400,አስተማሪዋ ወደ ሆስፒታል በሚቀጥለው ወር ሄደዋል።,Assertion,1,Assertion_07,train
10401,እባክዎ ለመሐንዲሱ ስለ በሩ ይንገሩልኝ።,Request,0,Request_04,val
10402,ኩባንያው ስለ ስልኩ ማስጠንቀቂያ ከሶስት ሰዓት በኋላ አውጥቷል።,Warning,4,Warning_08,train
10403,እባክዎ ከምሽቱ ጀምሮ ወደ ፍርድ ቤት ይድረሱልኝ።,Request,0,Request_07,val
10404,ሰነዱ ገና ወደ ሱቅ ዛሬ አልደረሰኝም።,Complaint,6,Complaint_07,train
10405,በገበያ ከምሽቱ ጀምሮ ወንጀል ሊፈጸም ይችላል ተጠንቀቁ።,Warning,4,Warning_11,train
10406,የጥያቄው ችግር ከጥቂት ደቂቃዎች በኋላ ከጓደኛዬ ጋር እፈታለሁ።,Promise,8,Promise_11,train
10407,እንዴት ጎበዝ ነህ ስራ አስኪያጁ፣ ማሽኑን ሰብረኸዋል!,Sarcasm/Irony,5,Sarcasm/Irony_00,train
10408,እንኳን አደረሳችሁ ሹፌሩ፣ በባንክ።,Phatic,7,Phatic_14,test
10409,እባክዎ መልእክቱን ለዶክተሩ ዛሬ ማታ ይላኩልኝ።,Request,0,Request_00,train
10410,ካርታው ገና ወደ መንገድ ላይ በስብሰባው ወቅት አልደረሰኝም።,Complaint,6,Complaint_07,train
10411,ኤጀንሲው ስለ መሳሪያው ማስጠንቀቂያ ከሰዓት በኋላ አውጥቷል።,Warning,4,Warning_08,train
10412,በጣም ትክክለኛ ነው ባልደረባዬ፣ በሆስፒታል ሁልጊዜ እንደዚህ ይሆናል።,Sarcasm/Irony,5,Sarcasm/Irony_08,val
10413,ጋዜጠኛው ወደ ስብሰባ ክፍል ዛሬ ማታ ሄደዋል።,Assertion,1,Assertion_07,train
10414,ሹፌሩ ወደ መንገድ ላይ ዛሬ ማታ ሄደዋል።,Assertion,1,Assertion_07,train
10415,እባክህ ይቅርታ አድርግልኝ፣ ወደ ቢሮ ከሁለት ቀናት በኋላ መምጣት አልችልም።,Refusal,2,Refusal_01,test
10416,እባክዎ ዕቃውን ለጠበቃው ዛሬ ማታ ይላኩልኝ።,Request,0,Request_00,train
10417,ሚኒስትሩ ወደ ፋብሪካ በዚህ ሳምንት ሄደዋል።,Assertion,1,Assertion_07,train
10418,ያልተፈቀደ ግቢ ወደ ቤት ነገ ጠዋት አይግቡ።,Warning,4,Warning_09,test
10419,ደብዳቤው ገና ወደ ፍርድ ቤት ዛሬ ማታ አልደረሰኝም።,Complaint,6,Complaint_07,train
10420,እንኳን ወደ ቤት ደህና መጣህ ጋዜጠኛው።,Phatic,7,Phatic_04,test
10421,ፖሊሱ ወደ ቤት ከምሽቱ ጀምሮ ሄደዋል።,Assertion,1,Assertion_07,train
10422,እባክዎ መጽሐፉን ለሚኒስትሩ ዛሬ ይላኩልኝ።,Request,0,Request_00,train
10423,የዕቃው ገመድ በመንገድ ላይ አደገኛ ነው ተጠንቀቁ።,Warning,4,Warning_07,train
10424,እንኳን ደስ አለህ አለቃዬ በሚቀጥለው ሳምንት።,Phatic,7,Phatic_07,train
10425,ይህን ቦርሳውን ከባልደረባዬ መቀበል አልችልም።,Refusal,2,Refusal_03,train
10426,እንኳን ደስ አለህ ጋዜጠኛው ዛሬ።,Phatic,7,Phatic_07,train
10427,እባክህ ለበሩ ይህን ዘዴ ከጥቂት ደቂቃዎች በኋላ ተጠቀም።,Suggestion,3,Suggestion_04,train
10428,እባክዎ ይቅርታ፣ ቁልፉን ነገ ማቅረብ አልችልም።,Refusal,2,Refusal_09,train
10429,ይቅርታ፣ ስልኩን በሚቀጥለው ወር ማድረግ አልችልም።,Refusal,2,Refusal_00,train
10430,አስተማሪዋ ወደ ሆስፒታል በዚህ ሳምንት ሄደዋል።,Assertion,1,Assertion_07,train
10431,እባክዎ ይቅርታ፣ ምርቱን በዚህ ወር ማቅረብ አልችልም።,Refusal,2,Refusal_09,train
10432,እርግጠኛ ነኝ ነጋዴው በሚቀጥለው ሳምንት ይደርሳሉ፣ እንደ ሁልጊዜው።,Sarcasm/Irony,5,Sarcasm/Irony_05,test
10433,አመሰግናለሁ ባልደረባዬ፣ ደህና ዋል በፖሊስ ጣቢያ።,Phatic,7,Phatic_08,train
10434,ሹፌሩ ወደ አውሮፕላን ማረፊያ በሚቀጥለው ሳምንት ሄደዋል።,Assertion,1,Assertion_07,train
10435,ወደ ትምህርት ቤት ዛሬ ብቻዎን አይሂዱ።,Warning,4,Warning_06,test
10436,እንዴት ጎበዝ ነህ አስተማሪዋ፣ መስኮቱን ሰብረኸዋል!,Sarcasm/Irony,5,Sarcasm/Irony_00,train
10437,በትምህርት ቤት ከሰዓት በኋላ ወንጀል ሊፈጸም ይችላል ተጠንቀቁ።,Warning,4,Warning_11,train
10438,ሚኒስቴሩ ስለ ቦርሳው ማስጠንቀቂያ ከሶስት ሰዓት በኋላ አውጥቷል።,Warning,4,Warning_08,train
10439,የፋብሪካው ሰራተኞች በከተማው ውስጥ ደንበኞችን በአግባቡ አያስተናግዱም።,Complaint,6,Complaint_04,val
10440,ጋዜጠኛው ወደ ቢሮ ከጥቂት ደቂቃዎች በኋላ ሄደዋል።,Assertion,1,Assertion_07,train
10441,እባክህ ለገንዘቡ ይህን ዘዴ በዚህ አመት ተጠቀም።,Suggestion,3,Suggestion_04,train
10442,ጥንቃቄ ያድርጉ፣ ከሶስት ሰዓት በኋላ ባንክ ይንሸራተታል።,Warning,4,Warning_02,train
10443,በዚህ ወር በፍርድ ቤት ስብሰባ እናድርግ።,Suggestion,3,Suggestion_02,train
10444,ይህን ስጦታውን ከጠበቃው መቀበል አልችልም።,Refusal,2,Refusal_03,train
10445,ቢያንስ አንዴ ልብሱን በፍርድ ቤት እንሞክር።,Suggestion,3,Suggestion_05,train
10446,አመሰግናለሁ ዶክተሩ፣ ደህና ዋል በሆስፒታል።,Phatic,7,Phatic_08,train
10447,ምርቱ ገና ወደ ከተማው ውስጥ በዚህ ሳምንት አልደረሰኝም።,Complaint,6,Complaint_07,train
10448,እባክሽ ፕሮጀክቱን ከዛሬ ጀምሮ አምጪልኝ።,Request,0,Request_09,test
10449,ስለ ፋይሉ ጉዳይ ከጠበቃው ጋር እንወያይ።,Suggestion,3,Suggestion_10,train
10450,እርግጠኛ ነኝ ነጋዴው በሳምንቱ መጨረሻ ይደርሳሉ፣ እንደ ሁልጊዜው።,Sarcasm/Irony,5,Sarcasm/Irony_05,test
10451,ከስራ አስኪያጁ ጋር ከሰዓት በኋላ በባንክ እገናኛለሁ።,Promise,8,Promise_04,val
10452,ዶክተሩ ወደ ቤት ዛሬ ሄደዋል።,Assertion,1,Assertion_07,train
10453,እንኳን ወደ ባንክ ደህና መጣህ ጋዜጠኛው።,Phatic,7,Phatic_04,test
10454,እባክዎ ስጦታውን ለባልደረባዬ ከሰዓት በኋላ ይላኩልኝ።,Request,0,Request_00,train
10455,አዎ በርግጥ፣ የባንኩ እቅድ በበዚህ ሳምንት በጭራሽ አይከሽፍም።,Sarcasm/Irony,5,Sarcasm/Irony_11,train
10456,የመኪናው ዋጋውን ነገ ከሰዓት በኋላ ብንቀንስ ደንበኞች ይጨምራሉ።,Suggestion,3,Suggestion_07,train
10457,እባክዎ ቦርሳውን ለዶክተሩ ከሁለት ቀናት በኋላ ይላኩልኝ።,Request,0,Request_00,train
10458,ስራ አስኪያጁ፣ እንደምን አደርክ በሚቀጥለው ሳምንት?,Phatic,7,Phatic_01,train
10459,ይህ ምርቱ ከኤጀንሲው ጥራት የለውም።,Complaint,6,Complaint_00,val
10460,በሳምንቱ መጨረሻ ወደ ከተማው ውስጥ እመጣለሁ።,Promise,8,Promise_00,train
10461,እባክዎ ይቅርታ፣ ሰነዱን በሚቀጥለው ሳምንት ማቅረብ አልችልም።,Refusal,2,Refusal_09,train
10462,ደህና እደር ሚኒስትሩ፣ ከጥቂት ደቂቃዎች በኋላ እንገናኝ።,Phatic,7,Phatic_06,train
10463,ቁልፉ ገና ወደ ፖሊስ ጣቢያ ከሁለት ቀናት በኋላ አልደረሰኝም።,Complaint,6,Complaint_07,train
10464,ፕሮጀክቱን በዚህ ሳምንት ከደንበኛው ጋር ብንጀምር ይሻላል።,Suggestion,3,Suggestion_08,val
10465,እንደምን አለህ በፋብሪካ፣ ሹፌሩ?,Phatic,7,Phatic_11,val
10466,አመሰግናለሁ ደንበኛው፣ ደህና ዋል በአውሮፕላን ማረፊያ።,Phatic,7,Phatic_08,train
10467,እባክህ ለመልእክቱ ይህን ዘዴ ዛሬ ማታ ተጠቀም።,Suggestion,3,Suggestion_04,train
10468,ተጠንቀቅ፣ ነገ ጠዋት መንገድ ላይ ውስጥ አደጋ አለ።,Warning,4,Warning_00,val
10469,ደህና እደር መሐንዲሱ፣ በሳምንቱ መጨረሻ እንገናኝ።,Phatic,7,Phatic_06,train
10470,እባክዎ ጥያቄውን ለባልደረባዬ በሚቀጥለው ወር ይላኩልኝ።,Request,0,Request_00,train
10471,ድርጅቱ ስለ ሂሳቡ ማስጠንቀቂያ ከጥቂት ደቂቃዎች በኋላ አውጥቷል።,Warning,4,Warning_08,train
10472,እባክዎ መሳሪያውን ለፖሊሱ በሚቀጥለው አመት ይላኩልኝ።,Request,0,Request_00,train
10473,የዕቃው ዋጋውን ከሰዓት በኋላ ብንቀንስ ደንበኞች ይጨምራሉ።,Suggestion,3,Suggestion_07,train
10474,በሩ በቤት ይገኛል።,Assertion,1,Assertion_00,test
10475,ጋዜጠኛው ወደ ቤት ከጥቂት ደቂቃዎች በኋላ ሄደዋል።,Assertion,1,Assertion_07,train
10476,እባክዎ ቤቱን ለዶክተሩ ዛሬ ይላኩልኝ።,Request,0,Request_00,train
10477,እባክሽ ፕሮጀክቱን በዚህ ወር አምጪልኝ።,Request,0,Request_09,test
10478,ይህን መኪናውን ያለ ጋዜጠኛው ትዕዛዝ አይውሰዱ።,Warning,4,Warning_12,val
10479,የድርጅቱ ሰራተኞች በሆስፒታል ደንበኞችን በአግባቡ አያስተናግዱም።,Complaint,6,Complaint_04,val
10480,እባክዎ ለጓደኛዬ ስለ ሪፖርቱ ይንገሩልኝ።,Request,0,Request_04,val
10481,መምህሩ ወደ ሆስፒታል ከሶስት ሰዓት በኋላ ሄደዋል።,Assertion,1,Assertion_07,train
10482,ወደ መንገድ ላይ በስብሰባው ወቅት መሄድ አልችልም።,Refusal,2,Refusal_13,test
10483,ውድቅ አደርገዋለሁ፣ ቦርሳው ስላልተመቸኝ።,Refusal,2,Refusal_08,val
10484,ጎበዝ ስራ ፖሊሱ፣ ፕሮጀክቱ ሙሉ በሙሉ ፈርሷል።,Sarcasm/Irony,5,Sarcasm/Irony_09,train
10485,እንዴት ደስ ይላል፣ አለቃዬ እንደገና ከሶስት ሰዓት በኋላ ዘገዩ።,Sarcasm/Irony,5,Sarcasm/Irony_03,train
10486,ይህን ዕቃውን ከነጋዴው መቀበል አልችልም።,Refusal,2,Refusal_03,train
10487,አስተማሪዋ ወደ ፋብሪካ ዛሬ ማታ ሄደዋል።,Assertion,1,Assertion_07,train
10488,ሰላም ጋዜጠኛው፣ ከሁለት ቀናት በኋላ እንዴት ነህ?,Phatic,7,Phatic_00,train
10489,ቦርሳው ከሹፌሩ አጠገብ አደገኛ ሊሆን ይችላል።,Warning,4,Warning_01,test
10490,ጎበዝ! በጣም ጥሩ ስራ ሰራህ ሹፌሩ፣ መጽሐፉን አበላሸኸው።,Sarcasm/Irony,5,Sarcasm/Irony_02,train
10491,በጣም ትክክለኛ ነው ነጋዴው፣ በቤት ሁልጊዜ እንደዚህ ይሆናል።,Sarcasm/Irony,5,Sarcasm/Irony_08,val
10492,ደንበኛው ወደ መጋዘን ዛሬ ማታ ሄደዋል።,Assertion,1,Assertion_07,train
10493,የፕሮጀክቱ ችግር በሚቀጥለው አመት ከሚኒስትሩ ጋር እፈታለሁ።,Promise,8,Promise_11,train
10494,እባክዎ ሪፖርቱን ለነጋዴው በዚህ አመት ይላኩልኝ።,Request,0,Request_00,train
10495,ምርቱ ገና ወደ ፍርድ ቤት ከሰዓት በኋላ አልደረሰኝም።,Complaint,6,Complaint_07,train
10496,አለቃዬ፣ እንደምን አደርክ በዚህ ወር?,Phatic,7,Phatic_01,train
10497,እንኳን አደረሳችሁ መምህሩ፣ በመጋዘን።,Phatic,7,Phatic_14,test
10498,ዛሬ በቤት ከባድ ዝናብ ሊዘንብ ይችላል ተጠንቀቁ።,Warning,4,Warning_03,test
10499,በጣም ጎበዝ ነው ማዕከሉ፣ በፋብሪካ ደንበኞችን ችላ ይላል።,Sarcasm/Irony,5,Sarcasm/Irony_06,test
10500,እባክዎ ይቅርታ፣ ገንዘቡን ነገ ከሰዓት በኋላ ማቅረብ አልችልም።,Refusal,2,Refusal_09,train
10501,የፋይሉ ችግር ዛሬ ከመምህሩ ጋር እፈታለሁ።,Promise,8,Promise_11,train
10502,ልብሱ ከሹፌሩ አጠገብ አደገኛ ሊሆን ይችላል።,Warning,4,Warning_01,test
10503,እንዴት ደስ ይላል፣ ጓደኛዬ እንደገና በሚቀጥለው አመት ዘገዩ።,Sarcasm/Irony,5,Sarcasm/Irony_03,train
10504,እባክህ ለመጽሐፉ ይህን ዘዴ ከሁለት ቀናት በኋላ ተጠቀም።,Suggestion,3,Suggestion_04,train
10505,እባክዎ ኮምፒዩተሩን ለዶክተሩ ነገ ይላኩልኝ።,Request,0,Request_00,train
10506,የሂሳቡ ወጪውን በፋብሪካ ብንቀንስ የተሻለ ነው።,Suggestion,3,Suggestion_13,train
10507,ሚኒስትሩ ስብሰባውን በሚቀጥለው ወር መርተዋል።,Assertion,1,Assertion_03,val
10508,ስራ አስኪያጁ ስብሰባውን ከጥቂት ደቂቃዎች በኋላ መርተዋል።,Assertion,1,Assertion_03,val
10509,ቡናው ገና ወደ ባንክ ነገ አልደረሰኝም።,Complaint,6,Complaint_07,train
10510,ጎበዝ! በጣም ጥሩ ስራ ሰራህ አስተማሪዋ፣ መጽሐፉን አበላሸኸው።,Sarcasm/Irony,5,Sarcasm/Irony_02,train
10511,ገበያ በሚቀጥለው ወር ተከፍቷል።,Assertion,1,Assertion_14,train
10512,ሚኒስትሩ ወደ ትምህርት ቤት ዛሬ ሄደዋል።,Assertion,1,Assertion_07,train
10513,የስጦታው ዋጋ ከምሽቱ ጀምሮ ጨምሯል።,Assertion,1,Assertion_12,val
10514,ያልተፈቀደ ግቢ ወደ መንገድ ላይ ከሰዓት በኋላ አይግቡ።,Warning,4,Warning_09,test
10515,ደህና እደር ስራ አስኪያጁ፣ ነገ ጠዋት እንገናኝ።,Phatic,7,Phatic_06,train
10516,ሂሳቡ ገና ወደ ቤት ነገ ጠዋት አልደረሰኝም።,Complaint,6,Complaint_07,train
10517,ዶክተሩ ወደ ትምህርት ቤት ነገ ከሰዓት በኋላ ሄደዋል።,Assertion,1,Assertion_07,train
10518,እንኳን አደረሳችሁ ባልደረባዬ፣ በስብሰባ ክፍል።,Phatic,7,Phatic_14,test
10519,እባክዎ ቁልፉን ለባልደረባዬ ነገ ይላኩልኝ።,Request,0,Request_00,train
10520,የደረሰኙ ችግር በስብሰባው ወቅት ከደንበኛው ጋር እፈታለሁ።,Promise,8,Promise_11,train
10521,ቦርሳው ገና ወደ ከተማው ውስጥ በሚቀጥለው ሳምንት አልደረሰኝም።,Complaint,6,Complaint_07,train
10522,ስራው ዛሬ ማታ ከደንበኛው ጋር አልተጠናቀቀም።,Complaint,6,Complaint_03,test
10523,እንኳን ደስ አለህ ሹፌሩ፣ ስለ ጥያቄው እንደገና ተሳስተሃል።,Sarcasm/Irony,5,Sarcasm/Irony_13,train
10524,እንኳን ደስ አለህ ጋዜጠኛው፣ ስለ መጽሐፉ እንደገና ተሳስተሃል።,Sarcasm/Irony,5,Sarcasm/Irony_13,train
10525,ስለ መጽሐፉ ከሹፌሩ ጋር ማሰብ ይኖርብናል።,Suggestion,3,Suggestion_03,train
10526,ከአንድ ሰዓት በኋላ ወደ መጋዘን እደርሳለሁ።,Promise,8,Promise_10,train
10527,ስራው ከጥቂት ደቂቃዎች በኋላ ከጋዜጠኛው ጋር አልተጠናቀቀም።,Complaint,6,Complaint_03,test
10528,እባክዎ ቦርሳውን ለዶክተሩ ነገ ይላኩልኝ።,Request,0,Request_00,train
10529,ወደ ሆስፒታል ከሰዓት በኋላ መሄድ አልችልም።,Refusal,2,Refusal_13,test
10530,ቁልፉ ገና ወደ ቤት በሚቀጥለው አመት አልደረሰኝም።,Complaint,6,Complaint_07,train
10531,እንኳን ወደ ሱቅ ደህና መጣህ ዶክተሩ።,Phatic,7,Phatic_04,test
10532,ፋብሪካው ስለ መሳሪያው ማስጠንቀቂያ በስብሰባው ወቅት አውጥቷል።,Warning,4,Warning_08,train
10533,እባክዎ መኪናውን ለስራ አስኪያጁ ነገ ይላኩልኝ።,Request,0,Request_00,train
10534,ስቱዲዮው ከሰዓት በኋላ ትርፍ አግኝቷል።,Assertion,1,Assertion_04,test
10535,ስለ ውሉ ጉዳይ ከዶክተሩ ጋር እንወያይ።,Suggestion,3,Suggestion_10,train
10536,ይህን ካርታውን ከሚኒስትሩ መቀበል አልችልም።,Refusal,2,Refusal_03,train
10537,እባክዎ በሩን ለሹፌሩ ከሶስት ሰዓት በኋላ ይላኩልኝ።,Request,0,Request_00,train
10538,ይህ በሩ ከማህበሩ ጥራት የለውም።,Complaint,6,Complaint_00,val
10539,ጋዜጠኛው ወደ ባንክ በሳምንቱ መጨረሻ ሄደዋል።,Assertion,1,Assertion_07,train
10540,እባክዎ መልእክቱን በዚህ ወር ይላኩልኝ።,Request,0,Request_13,val
10541,የውሉ ችግር በዚህ አመት ከስራ አስኪያጁ ጋር እፈታለሁ።,Promise,8,Promise_11,train
10542,ኩባንያው ዛሬ ማታ አዲስ ምርት አስተዋውቋል።,Assertion,1,Assertion_02,val
10543,ወደ ሱቅ በዚህ ወር እንሂድ።,Suggestion,3,Suggestion_01,test
10544,ከደንበኛው ጋር ከጥቂት ደቂቃዎች በኋላ በቤት እገናኛለሁ።,Promise,8,Promise_04,val
10545,ደንበኛው ወደ ስብሰባ ክፍል ነገ ጠዋት ሄደዋል።,Assertion,1,Assertion_07,train
10546,ከጋዜጠኛው ጋር በሚቀጥለው ወር በፖሊስ ጣቢያ እገናኛለሁ።,Promise,8,Promise_04,val
10547,እባክህ ለማሽኑ ይህን ዘዴ በዚህ ሳምንት ተጠቀም።,Suggestion,3,Suggestion_04,train
10548,በጣም ደግ ነህ ፖሊሱ፣ በትምህርት ቤት ምንም እርዳታ አልሰጠኸኝም።,Sarcasm/Irony,5,Sarcasm/Irony_12,train
10549,ገንዘቡ ገና ወደ ስብሰባ ክፍል ከአንድ ሰዓት በኋላ አልደረሰኝም።,Complaint,6,Complaint_07,train
10550,የፕሮጀክቱ ችግር ከጥቂት ደቂቃዎች በኋላ ከመሐንዲሱ ጋር እፈታለሁ።,Promise,8,Promise_11,train
10551,ሚኒስቴሩ ስለ ገንዘቡ ማስጠንቀቂያ ከአንድ ሰዓት በኋላ አውጥቷል።,Warning,4,Warning_08,train
10552,ይህን ትዕዛዙን ከአስተማሪዋ ጋር በጥንቃቄ ያዙ።,Warning,4,Warning_04,val
10553,የኮምፒዩተሩ ችግር ከሁለት ቀናት በኋላ ከመሐንዲሱ ጋር እፈታለሁ።,Promise,8,Promise_11,train
10554,እባክዎ መሳሪያውን ለጓደኛዬ ከአንድ ሰዓት በኋላ ይላኩልኝ።,Request,0,Request_00,train
10555,ዶክተሩ ወደ መንገድ ላይ ከሰዓት በኋላ ሄደዋል።,Assertion,1,Assertion_07,train
10556,የልብሱ ዋጋ ዛሬ ማታ ጨምሯል።,Assertion,1,Assertion_12,val
10557,ደንበኛው ወደ ባንክ ከምሽቱ ጀምሮ ሄደዋል።,Assertion,1,Assertion_07,train
10558,ከሹፌሩ ጋር ነገ በስብሰባ ክፍል እገናኛለሁ።,Promise,8,Promise_04,val
10559,ጤና ይስጥልኝ መምህሩ፣ በሚቀጥለው አመት ደህና ነህ?,Phatic,7,Phatic_12,train
10560,ተጠንቀቅ፣ ነገ ጠዋት ቢሮ ውስጥ አደጋ አለ።,Warning,4,Warning_00,val
10561,ልብሱ ገና ወደ ቤት በሚቀጥለው አመት አልደረሰኝም።,Complaint,6,Complaint_07,train
10562,የመሳሪያው ችግር ነገ ከደንበኛው ጋር እፈታለሁ።,Promise,8,Promise_11,train
10563,ዕቃው ገና ወደ ፍርድ ቤት በዚህ ወር አልደረሰኝም።,Complaint,6,Complaint_07,train
10564,ውሃው ገና ወደ ባንክ በሚቀጥለው ወር አልደረሰኝም።,Complaint,6,Complaint_07,train
10565,ተጠንቀቅ፣ ነገ ጠዋት አውሮፕላን ማረፊያ ውስጥ አደጋ አለ።,Warning,4,Warning_00,val
10566,ቃል እገባለሁ፣ ምርቱን በሳምንቱ መጨረሻ አላዘገይም።,Promise,8,Promise_03,test
10567,እባክህ ለቦርሳው ይህን ዘዴ ነገ ከሰዓት በኋላ ተጠቀም።,Suggestion,3,Suggestion_04,train
10568,እባክዎ ቤቱን ለጋዜጠኛው በሚቀጥለው አመት ይላኩልኝ።,Request,0,Request_00,train
10569,እባክዎ ፋይሉን ወደ ገበያ ይላኩ።,Request,0,Request_06,test
10570,ከደንበኛው ጋር ስለ በሩ ጉዳይ መስማማት አልችልም።,Refusal,2,Refusal_06,train
10571,ይህን በሩን ያለ ደንበኛው ትዕዛዝ አይውሰዱ።,Warning,4,Warning_12,val
10572,የሪፖርቱ ችግር በዚህ ወር ከነጋዴው ጋር እፈታለሁ።,Promise,8,Promise_11,train
10573,እባክዎ ይቅርታ፣ ኮምፒዩተሩን በሚቀጥለው አመት ማቅረብ አልችልም።,Refusal,2,Refusal_09,train
10574,የስልኩ ችግር ከሁለት ቀናት በኋላ ከመሐንዲሱ ጋር እፈታለሁ።,Promise,8,Promise_11,train
10575,በጣም ደግ ነህ ጠበቃው፣ በስብሰባ ክፍል ምንም እርዳታ አልሰጠኸኝም።,Sarcasm/Irony,5,Sarcasm/Irony_12,train
10576,የትዕዛዙ ችግር ከሰዓት በኋላ ከስራ አስኪያጁ ጋር እፈታለሁ።,Promise,8,Promise_11,train
10577,እሰይ፣ ሌላ ችግር በትምህርት ቤት በዚህ አመት፣ ልክ የሚያስፈልገን ይሄው ነበር።,Sarcasm/Irony,5,Sarcasm/Irony_07,train
10578,ከመሐንዲሱ ጋር ከጥቂት ደቂቃዎች በኋላ በትምህርት ቤት እገናኛለሁ።,Promise,8,Promise_04,val
10579,እባክዎ ደብዳቤውን በሚቀጥለው ወር ይላኩልኝ።,Request,0,Request_13,val
10580,ስቱዲዮው ስለ መጽሐፉ ማስጠንቀቂያ በሚቀጥለው ሳምንት አውጥቷል።,Warning,4,Warning_08,train
10581,መሐንዲሱ ስብሰባውን በሚቀጥለው ሳምንት መርተዋል።,Assertion,1,Assertion_03,val
10582,ቤቱ ገና ወደ ቢሮ በሚቀጥለው ሳምንት አልደረሰኝም።,Complaint,6,Complaint_07,train
10583,እባክዎ ኮምፒዩተሩን ይመልከቱልኝ።,Request,0,Request_10,val
10584,ማህበሩ ስለ ቡናው ማስጠንቀቂያ በዚህ አመት አውጥቷል።,Warning,4,Warning_08,train
10585,ቢያንስ አንዴ ውሉን በአውሮፕላን ማረፊያ እንሞክር።,Suggestion,3,Suggestion_05,train
10586,በሱቅ ነገ ከሰዓት በኋላ ወንጀል ሊፈጸም ይችላል ተጠንቀቁ።,Warning,4,Warning_11,train
10587,ጋዜጠኛው ወደ ቢሮ በሚቀጥለው ወር ሄደዋል።,Assertion,1,Assertion_07,train
10588,ደብዳቤውን በሚቀጥለው አመት ብንሞክር ጥሩ ይሆናል።,Suggestion,3,Suggestion_00,train
10589,የገንዘቡ ገመድ በፋብሪካ አደገኛ ነው ተጠንቀቁ።,Warning,4,Warning_07,train
10590,ከፖሊሱ ጋር ከሶስት ሰዓት በኋላ መነጋገር ይሻላል።,Suggestion,3,Suggestion_06,val
10591,ፖሊሱ፣ ጤና ይስጥልኝ በአውሮፕላን ማረፊያ።,Phatic,7,Phatic_03,train
10592,ይቅርታ፣ ማሽኑን ነገ ማድረግ አልችልም።,Refusal,2,Refusal_00,train
10593,ቅሬታዬን ለአለቃዬ ዛሬ ማታ ብናገርም ማንም አልሰማኝም።,Complaint,6,Complaint_14,val
10594,እንደምን አለህ በቤት፣ ደንበኛው?,Phatic,7,Phatic_11,val
10595,የቤቱ ችግር ከጥቂት ደቂቃዎች በኋላ ከጋዜጠኛው ጋር እፈታለሁ።,Promise,8,Promise_11,train
10596,እባክዎ ልብሱን ለሹፌሩ በሚቀጥለው አመት ይላኩልኝ።,Request,0,Request_00,train
10597,እባክዎ መጽሐፉን ለሚኒስትሩ በሚቀጥለው አመት ይላኩልኝ።,Request,0,Request_00,train
10598,መስኮቱ ገና ወደ ፋብሪካ በሚቀጥለው ሳምንት አልደረሰኝም።,Complaint,6,Complaint_07,train
10599,በአውሮፕላን ማረፊያ ትንሽ እረፍት ከምሽቱ ጀምሮ ብንወስድ ጥሩ ነው።,Suggestion,3,Suggestion_09,test
10600,የሰነዱ ችግር በሳምንቱ መጨረሻ ከነጋዴው ጋር እፈታለሁ።,Promise,8,Promise_11,train
10601,ሹፌሩ ወደ ስብሰባ ክፍል ከዛሬ ጀምሮ ሄደዋል።,Assertion,1,Assertion_07,train
10602,እንደምን አለህ በአውሮፕላን ማረፊያ፣ ጋዜጠኛው?,Phatic,7,Phatic_11,val
10603,ጎበዝ ስራ ሚኒስትሩ፣ ልብሱ ሙሉ በሙሉ ፈርሷል።,Sarcasm/Irony,5,Sarcasm/Irony_09,train
10604,ማዕከሉ ስለ ውሉ ማስጠንቀቂያ ከሰዓት በኋላ አውጥቷል።,Warning,4,Warning_08,train
10605,ጓደኛዬ ወደ መንገድ ላይ ነገ ጠዋት ሄደዋል።,Assertion,1,Assertion_07,train
10606,እንዴት ጥሩ ነው መሐንዲሱ፣ ከሶስት ሰዓት በኋላ ደግሞ ዘገየ።,Sarcasm/Irony,5,Sarcasm/Irony_10,val
10607,በጣም ብልህ ነህ መምህሩ፣ ሪፖርቱን ረሳኸው።,Sarcasm/Irony,5,Sarcasm/Irony_04,train
10608,እባክዎ ይቅርታ፣ ስልኩን ነገ ከሰዓት በኋላ ማቅረብ አልችልም።,Refusal,2,Refusal_09,train
10609,እንኳን ደስ አለህ ጋዜጠኛው፣ ስለ ውሃው እንደገና ተሳስተሃል።,Sarcasm/Irony,5,Sarcasm/Irony_13,train
10610,ደህና እደር ባልደረባዬ፣ በሚቀጥለው ወር እንገናኝ።,Phatic,7,Phatic_06,train
10611,እንኳን አደረሳችሁ አለቃዬ፣ በመንገድ ላይ።,Phatic,7,Phatic_14,test
10612,ቦርሳው ገና ወደ ባንክ ዛሬ ማታ አልደረሰኝም።,Complaint,6,Complaint_07,train
10613,አዎ በእርግጥ፣ ፖሊሱ ከሁለት ቀናት በኋላ ትመጣለህ ብዬ አላምንም።,Sarcasm/Irony,5,Sarcasm/Irony_01,test
10614,እባክዎ ነገ ከሰዓት በኋላ ወደ ፋብሪካ ይድረሱልኝ።,Request,0,Request_07,val
10615,እባክዎ መሳሪያውን ለነጋዴው ከሰዓት በኋላ ይላኩልኝ።,Request,0,Request_00,train
10616,ጋዜጠኛው ስብሰባውን ከዛሬ ጀምሮ መርተዋል።,Assertion,1,Assertion_03,val
10617,እባክዎ ቤቱን ለመሐንዲሱ ከሁለት ቀናት በኋላ ይላኩልኝ።,Request,0,Request_00,train
10618,ማሽኑ ገና ወደ ስብሰባ ክፍል ከአንድ ሰዓት በኋላ አልደረሰኝም።,Complaint,6,Complaint_07,train
10619,ሰላም ነጋዴው፣ በዚህ አመት እንዴት ነህ?,Phatic,7,Phatic_00,train
10620,በጣም ብልህ ነህ ጋዜጠኛው፣ ዕቃውን ረሳኸው።,Sarcasm/Irony,5,Sarcasm/Irony_04,train
10621,ወደ አውሮፕላን ማረፊያ በዚህ አመት መሄድ አልችልም።,Refusal,2,Refusal_13,test
10622,ቢያንስ አንዴ ምርቱን በቤት እንሞክር።,Suggestion,3,Suggestion_05,train
10623,ይህን ስጦታውን ከመሐንዲሱ መቀበል አልችልም።,Refusal,2,Refusal_03,train
10624,መኪናው ገና ወደ ትምህርት ቤት በሚቀጥለው አመት አልደረሰኝም።,Complaint,6,Complaint_07,train
10625,አዎ በእርግጥ፣ መሐንዲሱ በሚቀጥለው ወር ትመጣለህ ብዬ አላምንም።,Sarcasm/Irony,5,Sarcasm/Irony_01,test
10626,ደህና ሁን ሹፌሩ፣ እስከ በሚቀጥለው ወር እንገናኝ።,Phatic,7,Phatic_13,train
10627,እባክዎ ቤቱን ለአለቃዬ ከአንድ ሰዓት በኋላ ይላኩልኝ።,Request,0,Request_00,train
10628,እባክዎ ይቅርታ፣ መኪናውን በሚቀጥለው ሳምንት ማቅረብ አልችልም።,Refusal,2,Refusal_09,train
10629,በሩ ገና ወደ መንገድ ላይ በሚቀጥለው አመት አልደረሰኝም።,Complaint,6,Complaint_07,train
10630,እባክዎ ይቅርታ፣ መስኮቱን በዚህ ወር ማቅረብ አልችልም።,Refusal,2,Refusal_09,train
10631,የመልእክቱ ገመድ በፋብሪካ አደገኛ ነው ተጠንቀቁ።,Warning,4,Warning_07,train
10632,እባክዎ ይቅርታ፣ ትዕዛዙን በሳምንቱ መጨረሻ ማቅረብ አልችልም።,Refusal,2,Refusal_09,train
10633,እባክዎ ይቅርታ፣ ደብዳቤውን በዚህ ወር ማቅረብ አልችልም።,Refusal,2,Refusal_09,train
10634,ውድቅ አደርገዋለሁ፣ ካርታው ስላልተመቸኝ።,Refusal,2,Refusal_08,val
10635,ከነጋዴው ጋር በሚቀጥለው ወር መነጋገር ይሻላል።,Suggestion,3,Suggestion_06,val
10636,ይህ ሂሳቡ ከኤጀንሲው ጥራት የለውም።,Complaint,6,Complaint_00,val
10637,እንኳን ደስ አለህ ሚኒስትሩ፣ ስለ ስልኩ እንደገና ተሳስተሃል።,Sarcasm/Irony,5,Sarcasm/Irony_13,train
10638,ይቅርታ፣ ገንዘቡን ከሁለት ቀናት በኋላ ማድረግ አልችልም።,Refusal,2,Refusal_00,train
10639,ምርቱ ገና ወደ ባንክ በሚቀጥለው ሳምንት አልደረሰኝም።,Complaint,6,Complaint_07,train
10640,በጣም ብልህ ነህ ባልደረባዬ፣ ውሃውን ረሳኸው።,Sarcasm/Irony,5,Sarcasm/Irony_04,train
10641,አለቃዬ፣ ስራ በሆስፒታል እንዴት ነው?,Phatic,7,Phatic_09,val
10642,እንዴት ጎበዝ ነህ ጠበቃው፣ ሰነዱን ሰብረኸዋል!,Sarcasm/Irony,5,Sarcasm/Irony_00,train
10643,እንኳን ደስ አለህ ጓደኛዬ በሚቀጥለው አመት።,Phatic,7,Phatic_07,train
10644,እንኳን ደስ አለህ ሹፌሩ፣ ስለ መስኮቱ እንደገና ተሳስተሃል።,Sarcasm/Irony,5,Sarcasm/Irony_13,train
10645,እባክዎ ይቅርታ፣ መልእክቱን በስብሰባው ወቅት ማቅረብ አልችልም።,Refusal,2,Refusal_09,train
10646,ያልተፈቀደ ግቢ ወደ ገበያ በዚህ ወር አይግቡ።,Warning,4,Warning_09,test
10647,ስራ አስኪያጁ ወደ ሆስፒታል ከሁለት ቀናት በኋላ ሄደዋል።,Assertion,1,Assertion_07,train
10648,ደንበኛው፣ ስራ በቤት እንዴት ነው?,Phatic,7,Phatic_09,val
10649,እባክዎ ትዕዛዙን ለሹፌሩ በስብሰባው ወቅት ይላኩልኝ።,Request,0,Request_00,train
10650,መምህሩ ወደ ስብሰባ ክፍል በሚቀጥለው አመት ሄደዋል።,Assertion,1,Assertion_07,train
10651,ማህበሩ በስብሰባው ወቅት ትርፍ አግኝቷል።,Assertion,1,Assertion_04,test
10652,እባክዎ ውሉን ለባልደረባዬ በዚህ ወር ይላኩልኝ።,Request,0,Request_00,train
10653,እሰይ፣ ሌላ ችግር በፖሊስ ጣቢያ ከጥቂት ደቂቃዎች በኋላ፣ ልክ የሚያስፈልገን ይሄው ነበር።,Sarcasm/Irony,5,Sarcasm/Irony_07,train
10654,እባክዎ ገንዘቡን ለፖሊሱ ዛሬ ይላኩልኝ።,Request,0,Request_00,train
10655,ፕሮጀክቱን በዚህ ወር ከባልደረባዬ ጋር ብንጀምር ይሻላል።,Suggestion,3,Suggestion_08,val
10656,ፕሮጀክቱን ከሁለት ቀናት በኋላ ከፖሊሱ ጋር ብንጀምር ይሻላል።,Suggestion,3,Suggestion_08,val
10657,ይህን መጽሐፉን ከሹፌሩ መቀበል አልችልም።,Refusal,2,Refusal_03,train
10658,እንኳን ደስ አለህ ባልደረባዬ፣ ስለ ሂሳቡ እንደገና ተሳስተሃል።,Sarcasm/Irony,5,Sarcasm/Irony_13,train
10659,ፋብሪካው ስለ መልእክቱ ማስጠንቀቂያ ከሰዓት በኋላ አውጥቷል።,Warning,4,Warning_08,train
10660,ስብሰባው ያለ ማስታወቂያ ዛሬ ማታ በመንገድ ላይ ተሰርዟል።,Complaint,6,Complaint_09,test
10661,ዶክተሩ ወደ ሆስፒታል ነገ ጠዋት ሄደዋል።,Assertion,1,Assertion_07,train
10662,ጋዜጠኛው ስብሰባውን ዛሬ መርተዋል።,Assertion,1,Assertion_03,val
10663,ፋብሪካው ስለ መሳሪያው ማስጠንቀቂያ ከዛሬ ጀምሮ አውጥቷል።,Warning,4,Warning_08,train
10664,የውሉ ችግር ነገ ከሰዓት በኋላ ከጋዜጠኛው ጋር እፈታለሁ።,Promise,8,Promise_11,train
10665,በጣም ጎበዝ ነው ኤጀንሲው፣ በቢሮ ደንበኞችን ችላ ይላል።,Sarcasm/Irony,5,Sarcasm/Irony_06,test
10666,ከአለቃዬ ጋር ዛሬ በፍርድ ቤት እገናኛለሁ።,Promise,8,Promise_04,val
10667,የልብሱ ችግር ከአንድ ሰዓት በኋላ ከሹፌሩ ጋር እፈታለሁ።,Promise,8,Promise_11,train
10668,ሹፌሩ፣ ስራ በፋብሪካ እንዴት ነው?,Phatic,7,Phatic_09,val
10669,የመስኮቱ ችግር በስብሰባው ወቅት ከሚኒስትሩ ጋር እፈታለሁ።,Promise,8,Promise_11,train
10670,ስራ አስኪያጁ ወደ ፋብሪካ በሚቀጥለው ወር ሄደዋል።,Assertion,1,Assertion_07,train
10671,አዎ በእርግጥ፣ ስራ አስኪያጁ ከጥቂት ደቂቃዎች በኋላ ትመጣለህ ብዬ አላምንም።,Sarcasm/Irony,5,Sarcasm/Irony_01,test
10672,ጤና ይስጥልኝ ሚኒስትሩ፣ ከሁለት ቀናት በኋላ ደህና ነህ?,Phatic,7,Phatic_12,train
10673,እባክዎ ማሽኑን ለመምህሩ በዚህ ወር ይላኩልኝ።,Request,0,Request_00,train
10674,ቢያንስ አንዴ መስኮቱን በሱቅ እንሞክር።,Suggestion,3,Suggestion_05,train
10675,እባክህ ይቅርታ አድርግልኝ፣ ወደ ቤት ነገ መምጣት አልችልም።,Refusal,2,Refusal_01,test
10676,ከሶስት ሰዓት በኋላ በአውሮፕላን ማረፊያ ከባድ ዝናብ ሊዘንብ ይችላል ተጠንቀቁ።,Warning,4,Warning_03,test
10677,ውሃው ገና ወደ ገበያ በሚቀጥለው አመት አልደረሰኝም።,Complaint,6,Complaint_07,train
10678,መሐንዲሱ ወደ መጋዘን ከዛሬ ጀምሮ ሄደዋል።,Assertion,1,Assertion_07,train
10679,ምርቱ ገና ወደ ሱቅ ዛሬ ማታ አልደረሰኝም።,Complaint,6,Complaint_07,train
10680,ጠበቃው ወደ ስብሰባ ክፍል በዚህ አመት ሄደዋል።,Assertion,1,Assertion_07,train
10681,ስራ አስኪያጁ ለቅሬታዬ ምላሽ በሳምንቱ መጨረሻ አልሰጡም።,Complaint,6,Complaint_06,val
10682,የውሃው ወጪውን በፋብሪካ ብንቀንስ የተሻለ ነው።,Suggestion,3,Suggestion_13,train
10683,እንኳን ደስ አለህ ሚኒስትሩ፣ ስለ ሪፖርቱ እንደገና ተሳስተሃል።,Sarcasm/Irony,5,Sarcasm/Irony_13,train
10684,ሹፌሩ፣ ቤተሰብ በመጋዘን እንዴት ናቸው?,Phatic,7,Phatic_05,val
10685,ስቱዲዮው ስለ ፕሮጀክቱ ማስጠንቀቂያ ዛሬ ማታ አውጥቷል።,Warning,4,Warning_08,train
10686,የመጽሐፉ ችግር ከሶስት ሰዓት በኋላ ከአስተማሪዋ ጋር እፈታለሁ።,Promise,8,Promise_11,train
10687,እንኳን ደስ አለህ ጓደኛዬ፣ ስለ መሳሪያው እንደገና ተሳስተሃል።,Sarcasm/Irony,5,Sarcasm/Irony_13,train
10688,መስኮቱ ገና ወደ ከተማው ውስጥ ዛሬ አልደረሰኝም።,Complaint,6,Complaint_07,train
10689,ጎበዝ! በጣም ጥሩ ስራ ሰራህ ሹፌሩ፣ ሂሳቡን አበላሸኸው።,Sarcasm/Irony,5,Sarcasm/Irony_02,train
10690,በጣም ደግ ነህ ባልደረባዬ፣ በሱቅ ምንም እርዳታ አልሰጠኸኝም።,Sarcasm/Irony,5,Sarcasm/Irony_12,train
10691,ጓደኛዬ፣ ስራ በከተማው ውስጥ እንዴት ነው?,Phatic,7,Phatic_09,val
10692,ይቅርታ፣ ሪፖርቱን ከሰዓት በኋላ ማድረግ አልችልም።,Refusal,2,Refusal_00,train
10693,ስጦታው ገና ወደ ባንክ ነገ ጠዋት አልደረሰኝም።,Complaint,6,Complaint_07,train
10694,እንኳን አደረሳችሁ ነጋዴው፣ በመንገድ ላይ።,Phatic,7,Phatic_14,test
10695,ወደ ቢሮ በዚህ ሳምንት እንሂድ።,Suggestion,3,Suggestion_01,test
10696,ሰላም ጋዜጠኛው፣ ከሰዓት በኋላ እንዴት ነህ?,Phatic,7,Phatic_00,train
10697,ከዶክተሩ ጋር በዚህ ሳምንት በትምህርት ቤት እገናኛለሁ።,Promise,8,Promise_04,val
10698,እርግጠኛ ነኝ ዶክተሩ በሚቀጥለው ሳምንት ይደርሳሉ፣ እንደ ሁልጊዜው።,Sarcasm/Irony,5,Sarcasm/Irony_05,test
10699,ባልደረባዬ ወደ ፍርድ ቤት በሚቀጥለው ወር ሄደዋል።,Assertion,1,Assertion_07,train
10700,ሰላም አለቃዬ፣ ነገ ከሰዓት በኋላ እንዴት ነህ?,Phatic,7,Phatic_00,train
10701,እባክህ ይቅርታ አድርግልኝ፣ ወደ ስብሰባ ክፍል በሳምንቱ መጨረሻ መምጣት አልችልም።,Refusal,2,Refusal_01,test
10702,ጎበዝ ስራ ሹፌሩ፣ ትዕዛዙ ሙሉ በሙሉ ፈርሷል።,Sarcasm/Irony,5,Sarcasm/Irony_09,train
10703,ፋይሉ ገና ወደ ባንክ ከአንድ ሰዓት በኋላ አልደረሰኝም።,Complaint,6,Complaint_07,train
10704,ይህን ስልኩን ከፖሊሱ መቀበል አልችልም።,Refusal,2,Refusal_03,train
10705,እባክዎ ይቅርታ፣ ካርታውን በዚህ ወር ማቅረብ አልችልም።,Refusal,2,Refusal_09,train
10706,ከጓደኛዬ ጋር ከምሽቱ ጀምሮ በፍርድ ቤት እገናኛለሁ።,Promise,8,Promise_04,val
10707,መሐንዲሱ ወደ ፋብሪካ ከአንድ ሰዓት በኋላ ሄደዋል።,Assertion,1,Assertion_07,train
10708,እባክዎ ስልኩን ለዶክተሩ ዛሬ ይላኩልኝ።,Request,0,Request_00,train
10709,ከነጋዴው ጋር ከምሽቱ ጀምሮ በፍርድ ቤት እገናኛለሁ።,Promise,8,Promise_04,val
10710,እባክዎ ይቅርታ፣ ሪፖርቱን ዛሬ ማቅረብ አልችልም።,Refusal,2,Refusal_09,train
10711,ደንበኛው ወደ ሆስፒታል በሚቀጥለው አመት ሄደዋል።,Assertion,1,Assertion_07,train
10712,ጎበዝ! በጣም ጥሩ ስራ ሰራህ ጠበቃው፣ ውሉን አበላሸኸው።,Sarcasm/Irony,5,Sarcasm/Irony_02,train
10713,የደረሰኙ ገመድ በባንክ አደገኛ ነው ተጠንቀቁ።,Warning,4,Warning_07,train
10714,ደንበኛው ወደ ስብሰባ ክፍል በሚቀጥለው አመት ሄደዋል።,Assertion,1,Assertion_07,train
10715,መሳሪያው ገና ወደ ቢሮ ከዛሬ ጀምሮ አልደረሰኝም።,Complaint,6,Complaint_07,train
10716,መንግስት በስብሰባው ወቅት አዲስ ምርት አስተዋውቋል።,Assertion,1,Assertion_02,val
10717,የቤቱ ችግር ከዛሬ ጀምሮ ከፖሊሱ ጋር እፈታለሁ።,Promise,8,Promise_11,train
10718,ዕቃው ገና ወደ ቢሮ ከምሽቱ ጀምሮ አልደረሰኝም።,Complaint,6,Complaint_07,train
10719,ደህና ሁን ነጋዴው፣ እስከ ከአንድ ሰዓት በኋላ እንገናኝ።,Phatic,7,Phatic_13,train
10720,አመሰግናለሁ ጠበቃው፣ ደህና ዋል በአውሮፕላን ማረፊያ።,Phatic,7,Phatic_08,train
10721,እንዴት ጎበዝ ነህ ጠበቃው፣ መሳሪያውን ሰብረኸዋል!,Sarcasm/Irony,5,Sarcasm/Irony_00,train
10722,እንዴት ጎበዝ ነህ ጓደኛዬ፣ ሰነዱን ሰብረኸዋል!,Sarcasm/Irony,5,Sarcasm/Irony_00,train
10723,የቡናው ችግር ነገ ከሰዓት በኋላ ከስራ አስኪያጁ ጋር እፈታለሁ።,Promise,8,Promise_11,train
10724,ወደ ትምህርት ቤት ከምሽቱ ጀምሮ ብቻዎን አይሂዱ።,Warning,4,Warning_06,test
10725,እባክዎ ቤቱን ለደንበኛው በሳምንቱ መጨረሻ ይላኩልኝ።,Request,0,Request_00,train
10726,ጤና ይስጥልኝ ባልደረባዬ፣ በዚህ ወር ደህና ነህ?,Phatic,7,Phatic_12,train
10727,ወደ ሱቅ በዚህ ወር መሄድ አልችልም።,Refusal,2,Refusal_13,test
10728,አዎ በእርግጥ፣ ባልደረባዬ በስብሰባው ወቅት ትመጣለህ ብዬ አላምንም።,Sarcasm/Irony,5,Sarcasm/Irony_01,test
10729,የመልእክቱ ገመድ በከተማው ውስጥ አደገኛ ነው ተጠንቀቁ።,Warning,4,Warning_07,train
10730,ድርጅቱ ስለ መልእክቱ ማስጠንቀቂያ ከአንድ ሰዓት በኋላ አውጥቷል።,Warning,4,Warning_08,train
10731,ጤና ይስጥልኝ ጠበቃው፣ በዚህ አመት ደህና ነህ?,Phatic,7,Phatic_12,train
10732,በጣም ብልህ ነህ መምህሩ፣ ቤቱን ረሳኸው።,Sarcasm/Irony,5,Sarcasm/Irony_04,train
10733,ኩባንያው ስለ ጥያቄው ማስጠንቀቂያ በሚቀጥለው ወር አውጥቷል።,Warning,4,Warning_08,train
10734,ወደ ፍርድ ቤት በዚህ ወር እንሂድ።,Suggestion,3,Suggestion_01,test
10735,ነጋዴው ወደ ፋብሪካ ዛሬ ሄደዋል።,Assertion,1,Assertion_07,train
10736,የትዕዛዙ ወጪውን በባንክ ብንቀንስ የተሻለ ነው።,Suggestion,3,Suggestion_13,train
10737,መጽሐፉ ገና ወደ ከተማው ውስጥ ነገ አልደረሰኝም።,Complaint,6,Complaint_07,train
10738,እንኳን ደስ አለህ ሚኒስትሩ፣ ስለ ገንዘቡ እንደገና ተሳስተሃል።,Sarcasm/Irony,5,Sarcasm/Irony_13,train
10739,እባክዎ ስልኩን ለአስተማሪዋ ነገ ከሰዓት በኋላ ይላኩልኝ።,Request,0,Request_00,train
10740,እንኳን ወደ ከተማው ውስጥ ደህና መጣህ ነጋዴው።,Phatic,7,Phatic_04,test
10741,ይቅርታ፣ ትዕዛዙን ዛሬ ማታ ማድረግ አልችልም።,Refusal,2,Refusal_00,train
10742,በፍርድ ቤት ትንሽ እረፍት በሚቀጥለው ሳምንት ብንወስድ ጥሩ ነው።,Suggestion,3,Suggestion_09,test
10743,ቢያንስ አንዴ መስኮቱን በባንክ እንሞክር።,Suggestion,3,Suggestion_05,train
10744,ባልደረባዬ፣ ጤና ይስጥልኝ በከተማው ውስጥ።,Phatic,7,Phatic_03,train
10745,ጎበዝ ስራ አለቃዬ፣ ልብሱ ሙሉ በሙሉ ፈርሷል።,Sarcasm/Irony,5,Sarcasm/Irony_09,train
10746,ሰላም ፖሊሱ፣ ከዛሬ ጀምሮ እንዴት ነህ?,Phatic,7,Phatic_00,train
10747,እባክዎ ይቅርታ፣ ኮምፒዩተሩን በስብሰባው ወቅት ማቅረብ አልችልም።,Refusal,2,Refusal_09,train
10748,የካርታው ዋጋውን ከሶስት ሰዓት በኋላ ብንቀንስ ደንበኞች ይጨምራሉ።,Suggestion,3,Suggestion_07,train
10749,የመሳሪያው ዋጋ በሆስፒታል በጣም ውድ ነው።,Complaint,6,Complaint_05,val
10750,ጤና ይስጥልኝ ነጋዴው፣ ነገ ደህና ነህ?,Phatic,7,Phatic_12,train
10751,እንኳን ወደ መንገድ ላይ ደህና መጣህ ዶክተሩ።,Phatic,7,Phatic_04,test
10752,ደንበኛው፣ እንደምን አደርክ ከአንድ ሰዓት በኋላ?,Phatic,7,Phatic_01,train
10753,ገንዘብዎን ይጠብቁ፣ በሆስፒታል ከሁለት ቀናት በኋላ ስርቆት ተከስቷል።,Warning,4,Warning_05,val
10754,እንዴት ጎበዝ ነህ ጓደኛዬ፣ መጽሐፉን ሰብረኸዋል!,Sarcasm/Irony,5,Sarcasm/Irony_00,train
10755,የመልእክቱ ችግር በሳምንቱ መጨረሻ ከመሐንዲሱ ጋር እፈታለሁ።,Promise,8,Promise_11,train
10756,ፋብሪካው ስለ ዕቃው ማስጠንቀቂያ ዛሬ አውጥቷል።,Warning,4,Warning_08,train
10757,ወደ አውሮፕላን ማረፊያ ነገ ከሰዓት በኋላ እንሂድ።,Suggestion,3,Suggestion_01,test
10758,ሂሳቡ ገና ወደ ስብሰባ ክፍል በሳምንቱ መጨረሻ አልደረሰኝም።,Complaint,6,Complaint_07,train
10759,አስተማሪዋ ስብሰባውን በዚህ አመት መርተዋል።,Assertion,1,Assertion_03,val
10760,ሹፌሩ ወደ ከተማው ውስጥ ነገ ጠዋት ሄደዋል።,Assertion,1,Assertion_07,train
10761,ድርጅቱ ስለ ውሉ ማስጠንቀቂያ በሚቀጥለው ወር አውጥቷል።,Warning,4,Warning_08,train
10762,ጎበዝ! በጣም ጥሩ ስራ ሰራህ ነጋዴው፣ መልእክቱን አበላሸኸው።,Sarcasm/Irony,5,Sarcasm/Irony_02,train
10763,ስለ ደረሰኙ ከፖሊሱ ጋር ማሰብ ይኖርብናል።,Suggestion,3,Suggestion_03,train
10764,ዶክተሩ፣ ስራ በአውሮፕላን ማረፊያ እንዴት ነው?,Phatic,7,Phatic_09,val
10765,ከዶክተሩ ጋር ነገ ከሰዓት በኋላ በሆስፒታል እገናኛለሁ።,Promise,8,Promise_04,val
10766,በጣም ውጤታማ ነው ማህበሩ፣ በበሚቀጥለው አመት ምንም አልተሰራም።,Sarcasm/Irony,5,Sarcasm/Irony_14,val
10767,ደህና ዛሬ ማታ ይሁንልህ ጋዜጠኛው።,Phatic,7,Phatic_02,train
10768,ደህና በሚቀጥለው ወር ይሁንልህ ፖሊሱ።,Phatic,7,Phatic_02,train
10769,ሹፌሩ ስብሰባውን ከሁለት ቀናት በኋላ መርተዋል።,Assertion,1,Assertion_03,val
10770,እባክዎ ጥያቄውን ለአስተማሪዋ ዛሬ ይላኩልኝ።,Request,0,Request_00,train
10771,ይቅርታ፣ ስጦታውን ዛሬ ማድረግ አልችልም።,Refusal,2,Refusal_00,train
10772,ምርቱ ገና ወደ መንገድ ላይ ከሰዓት በኋላ አልደረሰኝም።,Complaint,6,Complaint_07,train
10773,ደንበኛው ወደ ገበያ በዚህ አመት ሄደዋል።,Assertion,1,Assertion_07,train
10774,ስራው ከአንድ ሰዓት በኋላ ከመምህሩ ጋር አልተጠናቀቀም።,Complaint,6,Complaint_03,test
10775,እንኳን ደስ አለህ መምህሩ በሚቀጥለው ወር።,Phatic,7,Phatic_07,train
10776,ጎበዝ! በጣም ጥሩ ስራ ሰራህ ደንበኛው፣ ስልኩን አበላሸኸው።,Sarcasm/Irony,5,Sarcasm/Irony_02,train
10777,ባልደረባዬ ወደ ቢሮ በስብሰባው ወቅት ሄደዋል።,Assertion,1,Assertion_07,train
10778,እባክዎ ዕቃውን ለደንበኛው ከሁለት ቀናት በኋላ ይላኩልኝ።,Request,0,Request_00,train
10779,ሂሳቡ ገና ወደ ስብሰባ ክፍል ነገ አልደረሰኝም።,Complaint,6,Complaint_07,train
10780,እባክህ ለስጦታው ይህን ዘዴ በዚህ ሳምንት ተጠቀም።,Suggestion,3,Suggestion_04,train
10781,በጣም ብልህ ነህ ጋዜጠኛው፣ ቤቱን ረሳኸው።,Sarcasm/Irony,5,Sarcasm/Irony_04,train
10782,እባክዎ ከዛሬ ጀምሮ ወደ ሆስፒታል ይድረሱልኝ።,Request,0,Request_07,val
10783,እባክዎ ይቅርታ፣ ሪፖርቱን ዛሬ ማታ ማቅረብ አልችልም።,Refusal,2,Refusal_09,train
10784,ካርታው ገና ወደ ቢሮ በሚቀጥለው አመት አልደረሰኝም።,Complaint,6,Complaint_07,train
10785,ከዶክተሩ ጋር በዚህ ወር በፋብሪካ እገናኛለሁ።,Promise,8,Promise_04,val
10786,ቢያንስ አንዴ ትዕዛዙን በከተማው ውስጥ እንሞክር።,Suggestion,3,Suggestion_05,train
10787,ምርቱ በሆስፒታል ይገኛል።,Assertion,1,Assertion_00,test
10788,ፋብሪካው ስለ ሪፖርቱ ማስጠንቀቂያ ነገ ከሰዓት በኋላ አውጥቷል።,Warning,4,Warning_08,train
10789,ከፖሊሱ ጋር በሚቀጥለው ወር በሆስፒታል እገናኛለሁ።,Promise,8,Promise_04,val
10790,እባክዎ ይቅርታ፣ ዕቃውን በዚህ ሳምንት ማቅረብ አልችልም።,Refusal,2,Refusal_09,train
10791,ጋዜጠኛው፣ እንደምን አደርክ ከምሽቱ ጀምሮ?,Phatic,7,Phatic_01,train
10792,ይህ ጥያቄው ከድርጅቱ ከተገለጸው ጋር አይመሳሰልም።,Complaint,6,Complaint_12,test
10793,እባክዎ ቁልፉን ለሹፌሩ በሚቀጥለው አመት ይላኩልኝ።,Request,0,Request_00,train
10794,እባክዎ ደረሰኙን ለዶክተሩ በሚቀጥለው አመት ይላኩልኝ።,Request,0,Request_00,train
10795,እርግጠኛ ነኝ መምህሩ በሚቀጥለው ወር ይደርሳሉ፣ እንደ ሁልጊዜው።,Sarcasm/Irony,5,Sarcasm/Irony_05,test
10796,እንዴት ጎበዝ ነህ ሚኒስትሩ፣ ገንዘቡን ሰብረኸዋል!,Sarcasm/Irony,5,Sarcasm/Irony_00,train
10797,ሪፖርቱ ገና ወደ ስብሰባ ክፍል በሳምንቱ መጨረሻ አልደረሰኝም።,Complaint,6,Complaint_07,train
10798,ከደንበኛው ጋር ከሰዓት በኋላ በትምህርት ቤት እገናኛለሁ።,Promise,8,Promise_04,val
10799,ጎበዝ! በጣም ጥሩ ስራ ሰራህ ጋዜጠኛው፣ ካርታውን አበላሸኸው።,Sarcasm/Irony,5,Sarcasm/Irony_02,train
10800,ጥንቃቄ ያድርጉ፣ ከአንድ ሰዓት በኋላ ስብሰባ ክፍል ይንሸራተታል።,Warning,4,Warning_02,train
10801,እባክዎ መሳሪያውን ለጋዜጠኛው ዛሬ ማታ ይላኩልኝ።,Request,0,Request_00,train
10802,ቢያንስ አንዴ ቤቱን በከተማው ውስጥ እንሞክር።,Suggestion,3,Suggestion_05,train
10803,ወደ መጋዘን ዛሬ ማታ ብቻዎን አይሂዱ።,Warning,4,Warning_06,test
10804,እንኳን ደስ አለህ ጋዜጠኛው በሚቀጥለው አመት።,Phatic,7,Phatic_07,train
10805,እባክዎ ቤቱን ለአለቃዬ ነገ ከሰዓት በኋላ ይላኩልኝ።,Request,0,Request_00,train
10806,ጎበዝ! በጣም ጥሩ ስራ ሰራህ ፖሊሱ፣ ምርቱን አበላሸኸው።,Sarcasm/Irony,5,Sarcasm/Irony_02,train
10807,እባክዎ ማሽኑን ለዶክተሩ በሳምንቱ መጨረሻ ይላኩልኝ።,Request,0,Request_00,train
10808,የጥያቄው ችግር በዚህ ወር ከስራ አስኪያጁ ጋር እፈታለሁ።,Promise,8,Promise_11,train
10809,ደህና ሁን መምህሩ፣ እስከ ከአንድ ሰዓት በኋላ እንገናኝ።,Phatic,7,Phatic_13,train
10810,በጣም ብልህ ነህ አስተማሪዋ፣ መጽሐፉን ረሳኸው።,Sarcasm/Irony,5,Sarcasm/Irony_04,train
10811,ሚኒስቴሩ ስለ መሳሪያው ማስጠንቀቂያ በስብሰባው ወቅት አውጥቷል።,Warning,4,Warning_08,train
10812,ጥንቃቄ ያድርጉ፣ ዛሬ ቤት ይንሸራተታል።,Warning,4,Warning_02,train
10813,ጋዜጠኛው ሪፖርቱን ከሶስት ሰዓት በኋላ አቅርበዋል።,Assertion,1,Assertion_13,test
10814,እባክዎ ለደንበኛው ስለ መኪናው ይንገሩልኝ።,Request,0,Request_04,val
10815,እሰይ፣ ሌላ ችግር በፍርድ ቤት ከሁለት ቀናት በኋላ፣ ልክ የሚያስፈልገን ይሄው ነበር።,Sarcasm/Irony,5,Sarcasm/Irony_07,train
10816,እንኳን ደስ አለህ ነጋዴው፣ ስለ ማሽኑ እንደገና ተሳስተሃል።,Sarcasm/Irony,5,Sarcasm/Irony_13,train
10817,ድርጅቱ ስለ መልእክቱ ማስጠንቀቂያ ዛሬ ማታ አውጥቷል።,Warning,4,Warning_08,train
10818,የሂሳቡ ወጪውን በቤት ብንቀንስ የተሻለ ነው።,Suggestion,3,Suggestion_13,train
10819,ደህና እደር ሹፌሩ፣ ከሰዓት በኋላ እንገናኝ።,Phatic,7,Phatic_06,train
10820,እንዴት ጎበዝ ነህ ዶክተሩ፣ ስልኩን ሰብረኸዋል!,Sarcasm/Irony,5,Sarcasm/Irony_00,train
10821,በጣም ውጤታማ ነው ፋብሪካው፣ በከሰዓት በኋላ ምንም አልተሰራም።,Sarcasm/Irony,5,Sarcasm/Irony_14,val
10822,መሐንዲሱ ወደ ቢሮ ከጥቂት ደቂቃዎች በኋላ ሄደዋል።,Assertion,1,Assertion_07,train
10823,ካርታውን በጥንቃቄ ለስራ አስኪያጁ እይዛለሁ።,Promise,8,Promise_07,train
10824,ቢያንስ አንዴ መሳሪያውን በትምህርት ቤት እንሞክር።,Suggestion,3,Suggestion_05,train
10825,ወደ ከተማው ውስጥ በዚህ ወር መሄድ አልችልም።,Refusal,2,Refusal_13,test
10826,እባክዎ መልእክቱን ለሚኒስትሩ በሚቀጥለው ሳምንት ይላኩልኝ።,Request,0,Request_00,train
10827,ይቅርታ፣ ውሉን ከዛሬ ጀምሮ ማድረግ አልችልም።,Refusal,2,Refusal_00,train
10828,በሚኒስቴሩ አዲስ ስልት ከአንድ ሰዓት በኋላ እንተግብር።,Suggestion,3,Suggestion_14,test
10829,በጣም ብልህ ነህ ሚኒስትሩ፣ ስልኩን ረሳኸው።,Sarcasm/Irony,5,Sarcasm/Irony_04,train
10830,ስልኩን በዚህ ወር ብንሞክር ጥሩ ይሆናል።,Suggestion,3,Suggestion_00,train
10831,ይህን ፕሮጀክቱን ከነጋዴው መቀበል አልችልም።,Refusal,2,Refusal_03,train
10832,መሐንዲሱ፣ ቤተሰብ በከተማው ውስጥ እንዴት ናቸው?,Phatic,7,Phatic_05,val
10833,ደረሰኙን ነገ ጠዋት ብንሞክር ጥሩ ይሆናል።,Suggestion,3,Suggestion_00,train
10834,ሂሳቡን ከሰዓት በኋላ ብንሞክር ጥሩ ይሆናል።,Suggestion,3,Suggestion_00,train
10835,የመልእክቱ ችግር ከሁለት ቀናት በኋላ ከጋዜጠኛው ጋር እፈታለሁ።,Promise,8,Promise_11,train
10836,ኤጀንሲው ስለ ሂሳቡ ማስጠንቀቂያ ከአንድ ሰዓት በኋላ አውጥቷል።,Warning,4,Warning_08,train
10837,ጥንቃቄ ያድርጉ፣ ዛሬ ማታ ፋብሪካ ይንሸራተታል።,Warning,4,Warning_02,train
10838,እባክዎ ይቅርታ፣ ልብሱን ነገ ማቅረብ አልችልም።,Refusal,2,Refusal_09,train
10839,ሪፖርቱን ለጋዜጠኛው ከጥቂት ደቂቃዎች በኋላ አቀርባለሁ።,Promise,8,Promise_05,train
10840,አስተማሪዋ፣ እንደምን አደርክ ነገ ከሰዓት በኋላ?,Phatic,7,Phatic_01,train
10841,ቡናውን በሚቀጥለው ሳምንት ብንሞክር ጥሩ ይሆናል።,Suggestion,3,Suggestion_00,train
10842,ስቱዲዮው ስለ ቡናው ማስጠንቀቂያ ዛሬ አውጥቷል።,Warning,4,Warning_08,train
10843,እባክዎ ቁልፉን ለጓደኛዬ ከዛሬ ጀምሮ ይላኩልኝ።,Request,0,Request_00,train
10844,አውሮፕላን ማረፊያ በሚቀጥለው ወር ተከፍቷል።,Assertion,1,Assertion_14,train
10845,ፋብሪካው ስለ ፕሮጀክቱ ማስጠንቀቂያ ከሶስት ሰዓት በኋላ አውጥቷል።,Warning,4,Warning_08,train
10846,እባክዎ ይቅርታ፣ ፋይሉን ዛሬ ማቅረብ አልችልም።,Refusal,2,Refusal_09,train
10847,ደህና እደር ባልደረባዬ፣ ከሰዓት በኋላ እንገናኝ።,Phatic,7,Phatic_06,train
10848,ስለ ካርታው ከባልደረባዬ ጋር ማሰብ ይኖርብናል።,Suggestion,3,Suggestion_03,train
10849,ሪፖርቱን ለአስተማሪዋ በዚህ ሳምንት አቀርባለሁ።,Promise,8,Promise_05,train
10850,መሐንዲሱ ወደ ቢሮ በሚቀጥለው ሳምንት ሄደዋል።,Assertion,1,Assertion_07,train
10851,እንኳን ወደ ሆስፒታል ደህና መጣህ ጠበቃው።,Phatic,7,Phatic_04,test
10852,ሰነዱ ገና ወደ አውሮፕላን ማረፊያ በዚህ ወር አልደረሰኝም።,Complaint,6,Complaint_07,train
10853,ነጋዴው ወደ መንገድ ላይ ነገ ከሰዓት በኋላ ሄደዋል።,Assertion,1,Assertion_07,train
10854,የደረሰኙ ችግር በዚህ አመት ከሚኒስትሩ ጋር እፈታለሁ።,Promise,8,Promise_11,train
10855,ደህና ሁን ጠበቃው፣ እስከ ከጥቂት ደቂቃዎች በኋላ እንገናኝ።,Phatic,7,Phatic_13,train
10856,ሪፖርቱን ለጓደኛዬ ከጥቂት ደቂቃዎች በኋላ አቀርባለሁ።,Promise,8,Promise_05,train
10857,በጣም ብልህ ነህ ባልደረባዬ፣ ቡናውን ረሳኸው።,Sarcasm/Irony,5,Sarcasm/Irony_04,train
10858,መንግስት ስለ ፕሮጀክቱ ማስጠንቀቂያ በሚቀጥለው አመት አውጥቷል።,Warning,4,Warning_08,train
10859,እሰይ፣ ሌላ ችግር በከተማው ውስጥ ከሶስት ሰዓት በኋላ፣ ልክ የሚያስፈልገን ይሄው ነበር።,Sarcasm/Irony,5,Sarcasm/Irony_07,train
10860,ሚኒስትሩ፣ ቤተሰብ በቢሮ እንዴት ናቸው?,Phatic,7,Phatic_05,val
10861,የውሃው ዋጋ በአውሮፕላን ማረፊያ በጣም ውድ ነው።,Complaint,6,Complaint_05,val
10862,እንኳን አደረሳችሁ መሐንዲሱ፣ በከተማው ውስጥ።,Phatic,7,Phatic_14,test
10863,የፋይሉ ወጪውን በባንክ ብንቀንስ የተሻለ ነው።,Suggestion,3,Suggestion_13,train
10864,መምህሩ ወደ ቤት በዚህ አመት ሄደዋል።,Assertion,1,Assertion_07,train
10865,ቤቱ ገና ወደ ፖሊስ ጣቢያ በሳምንቱ መጨረሻ አልደረሰኝም።,Complaint,6,Complaint_07,train
10866,ይቅርታ፣ መጽሐፉን በዚህ ወር ማድረግ አልችልም።,Refusal,2,Refusal_00,train
10867,የፕሮጀክቱ ችግር ነገ ከስራ አስኪያጁ ጋር እፈታለሁ።,Promise,8,Promise_11,train
10868,ሰነዱ ገና ወደ ትምህርት ቤት በስብሰባው ወቅት አልደረሰኝም።,Complaint,6,Complaint_07,train
10869,ይቅርታ፣ ቡናውን ከዛሬ ጀምሮ ማድረግ አልችልም።,Refusal,2,Refusal_00,train
10870,እባክዎ ወደ መጋዘን በሳምንቱ መጨረሻ ይምጡልኝ።,Request,0,Request_03,test
10871,በጣም ጎበዝ ነው ሚኒስቴሩ፣ በቢሮ ደንበኞችን ችላ ይላል።,Sarcasm/Irony,5,Sarcasm/Irony_06,test
10872,በጣም ብልህ ነህ ደንበኛው፣ ፕሮጀክቱን ረሳኸው።,Sarcasm/Irony,5,Sarcasm/Irony_04,train
10873,ስልኩ ገና ወደ አውሮፕላን ማረፊያ ከጥቂት ደቂቃዎች በኋላ አልደረሰኝም።,Complaint,6,Complaint_07,train
10874,እንኳን ደስ አለህ ጋዜጠኛው፣ ስለ ቡናው እንደገና ተሳስተሃል።,Sarcasm/Irony,5,Sarcasm/Irony_13,train
10875,አለቃዬ ወደ ቤት በዚህ ወር ሄደዋል።,Assertion,1,Assertion_07,train
10876,ባልደረባዬ ወደ መጋዘን ዛሬ ሄደዋል።,Assertion,1,Assertion_07,train
10877,ከሰዓት በኋላ ወደ ፖሊስ ጣቢያ እደርሳለሁ።,Promise,8,Promise_10,train
10878,እባክዎ ሂሳቡን ለአለቃዬ ነገ ይላኩልኝ።,Request,0,Request_00,train
10879,ውሃው ገና ወደ ስብሰባ ክፍል ነገ ከሰዓት በኋላ አልደረሰኝም።,Complaint,6,Complaint_07,train
10880,ኤጀንሲው ስለ ማሽኑ ማስጠንቀቂያ በሚቀጥለው ሳምንት አውጥቷል።,Warning,4,Warning_08,train
10881,ፖሊሱ ወደ ስብሰባ ክፍል ነገ ሄደዋል።,Assertion,1,Assertion_07,train
10882,ከደንበኛው ጋር ስለ ውሃው ጉዳይ መስማማት አልችልም።,Refusal,2,Refusal_06,train
10883,ነገ ጠዋት በፖሊስ ጣቢያ ስብሰባ እናድርግ።,Suggestion,3,Suggestion_02,train
10884,ጥያቄው ገና ወደ ሱቅ በስብሰባው ወቅት አልደረሰኝም።,Complaint,6,Complaint_07,train
10885,የኮምፒዩተሩ ችግር በሚቀጥለው አመት ከጓደኛዬ ጋር እፈታለሁ።,Promise,8,Promise_11,train
10886,በሩ ገና ወደ ስብሰባ ክፍል በሳምንቱ መጨረሻ አልደረሰኝም።,Complaint,6,Complaint_07,train
10887,ሚኒስቴሩ ስለ ካርታው ማስጠንቀቂያ በስብሰባው ወቅት አውጥቷል።,Warning,4,Warning_08,train
10888,ጠበቃው ወደ ፖሊስ ጣቢያ ነገ ጠዋት ሄደዋል።,Assertion,1,Assertion_07,train
10889,ካርታው ገና ወደ ሆስፒታል ከሶስት ሰዓት በኋላ አልደረሰኝም።,Complaint,6,Complaint_07,train
10890,ለጠበቃው የገባሁትን ቃል ከሶስት ሰዓት በኋላ አከብራለሁ።,Promise,8,Promise_08,test
10891,የቤቱ ችግር በሳምንቱ መጨረሻ ከጠበቃው ጋር እፈታለሁ።,Promise,8,Promise_11,train
10892,እንኳን ደስ አለህ አለቃዬ በዚህ ሳምንት።,Phatic,7,Phatic_07,train
10893,ይቅርታ፣ መስኮቱን ከሰዓት በኋላ ማድረግ አልችልም።,Refusal,2,Refusal_00,train
10894,መሳሪያውን በጥንቃቄ ከአስተማሪዋ ጋር ብንመረምር ይሻላል።,Suggestion,3,Suggestion_11,val
10895,ገንዘቡን ለጓደኛዬ በዚህ አመት እከፍላለሁ።,Promise,8,Promise_02,test
10896,ስራውን ከሚኒስትሩ ጋር በዚህ ሳምንት እጨርሳለሁ።,Promise,8,Promise_01,test
10897,ፖሊሱ፣ እንደምን አደርክ ነገ ጠዋት?,Phatic,7,Phatic_01,train
10898,ሚኒስቴሩ ስለ ኮምፒዩተሩ ማስጠንቀቂያ ነገ ጠዋት አውጥቷል።,Warning,4,Warning_08,train
10899,የልብሱ ችግር በዚህ ሳምንት ከአለቃዬ ጋር እፈታለሁ።,Promise,8,Promise_11,train
10900,እባክዎ ኮምፒዩተሩን ያረጋግጡልኝ።,Request,0,Request_05,val
10901,ውሉ ገና ወደ ሱቅ በዚህ ወር አልደረሰኝም።,Complaint,6,Complaint_07,train
10902,መሐንዲሱ፣ ስራ በመንገድ ላይ እንዴት ነው?,Phatic,7,Phatic_09,val
10903,ጥንቃቄ ያድርጉ፣ በሚቀጥለው ወር ሆስፒታል ይንሸራተታል።,Warning,4,Warning_02,train
10904,እባክዎ ቁልፉን ለሹፌሩ በዚህ ወር ይላኩልኝ።,Request,0,Request_00,train
10905,እንዴት ጎበዝ ነህ ጓደኛዬ፣ ውሉን ሰብረኸዋል!,Sarcasm/Irony,5,Sarcasm/Irony_00,train
10906,ወደ ባንክ ከሶስት ሰዓት በኋላ ብቻዎን አይሂዱ።,Warning,4,Warning_06,test
10907,ከአስተማሪዋ ጋር በሳምንቱ መጨረሻ በፖሊስ ጣቢያ እገናኛለሁ።,Promise,8,Promise_04,val
10908,እንኳን ደስ አለህ ጠበቃው፣ ስለ ካርታው እንደገና ተሳስተሃል።,Sarcasm/Irony,5,Sarcasm/Irony_13,train
10909,እባክዎ ቡናውን ከሶስት ሰዓት በኋላ ይላኩልኝ።,Request,0,Request_13,val
10910,ፖሊሱ ወደ ፍርድ ቤት ከሁለት ቀናት በኋላ ሄደዋል።,Assertion,1,Assertion_07,train
10911,ሚኒስቴሩ ስለ ልብሱ ማስጠንቀቂያ በሚቀጥለው አመት አውጥቷል።,Warning,4,Warning_08,train
10912,ስለ ደረሰኙ ከደንበኛው ጋር ማሰብ ይኖርብናል።,Suggestion,3,Suggestion_03,train
10913,እባክዎ መልእክቱን ለሚኒስትሩ በሚቀጥለው ወር ይላኩልኝ።,Request,0,Request_00,train
10914,እባክዎ ቡናውን ለሚኒስትሩ በስብሰባው ወቅት ይላኩልኝ።,Request,0,Request_00,train
10915,ፋብሪካው ስለ ልብሱ ማስጠንቀቂያ በዚህ ወር አውጥቷል።,Warning,4,Warning_08,train
10916,እባክዎ ትዕዛዙን ለአስተማሪዋ ዛሬ ማታ ይላኩልኝ።,Request,0,Request_00,train
10917,ከምሽቱ ጀምሮ በሱቅ ስብሰባ እናድርግ።,Suggestion,3,Suggestion_02,train
10918,ባንኩ በሚቀጥለው ወር አዲስ ሰራተኞችን ቀጥሯል።,Assertion,1,Assertion_09,train
10919,መስኮቱ ከሹፌሩ አጠገብ አደገኛ ሊሆን ይችላል።,Warning,4,Warning_01,test
10920,ጤና ይስጥልኝ ጋዜጠኛው፣ ነገ ደህና ነህ?,Phatic,7,Phatic_12,train
10921,ነገ በፍርድ ቤት ትራፊኩ ከባድ ነው ተጠንቀቁ።,Warning,4,Warning_13,train
10922,ደህና ሁን ጓደኛዬ፣ እስከ በስብሰባው ወቅት እንገናኝ።,Phatic,7,Phatic_13,train
10923,ይቅርታ፣ ውሃውን በሚቀጥለው አመት ማድረግ አልችልም።,Refusal,2,Refusal_00,train
10924,አዎ በርግጥ፣ የመንግስት እቅድ በነገ ጠዋት በጭራሽ አይከሽፍም።,Sarcasm/Irony,5,Sarcasm/Irony_11,train
10925,ጋዜጠኛው፣ እንደምን አደርክ ዛሬ?,Phatic,7,Phatic_01,train
10926,እንደምን አለህ በፍርድ ቤት፣ ዶክተሩ?,Phatic,7,Phatic_11,val
10927,ተጠንቀቅ፣ ዛሬ ማታ ገበያ ውስጥ አደጋ አለ።,Warning,4,Warning_00,val
10928,የደረሰኙ ገመድ በአውሮፕላን ማረፊያ አደገኛ ነው ተጠንቀቁ።,Warning,4,Warning_07,train
10929,እባክዎ ጥያቄውን ለነጋዴው በዚህ አመት ይላኩልኝ።,Request,0,Request_00,train
10930,እንኳን ደስ አለህ ደንበኛው በሚቀጥለው ወር።,Phatic,7,Phatic_07,train
10931,ወደ መጋዘን በሚቀጥለው አመት መሄድ አልችልም።,Refusal,2,Refusal_13,test
10932,እባክዎ ቁልፉን ለሚኒስትሩ በሳምንቱ መጨረሻ ይላኩልኝ።,Request,0,Request_00,train
10933,የትዕዛዙ ችግር ከጥቂት ደቂቃዎች በኋላ ከስራ አስኪያጁ ጋር እፈታለሁ።,Promise,8,Promise_11,train
10934,ኩባንያው ስለ ስልኩ ማስጠንቀቂያ ከአንድ ሰዓት በኋላ አውጥቷል።,Warning,4,Warning_08,train
10935,ይህን ኮምፒዩተሩን ከሹፌሩ መቀበል አልችልም።,Refusal,2,Refusal_03,train
10936,እባክህ ለጥያቄው ይህን ዘዴ ከሰዓት በኋላ ተጠቀም።,Suggestion,3,Suggestion_04,train
10937,ማዕከሉ ስለ ሰነዱ ማስጠንቀቂያ ነገ ከሰዓት በኋላ አውጥቷል።,Warning,4,Warning_08,train
10938,ወደ አውሮፕላን ማረፊያ ከአንድ ሰዓት በኋላ መሄድ አልችልም።,Refusal,2,Refusal_13,test
10939,መንገድ ላይ በዚህ ሳምንት ተከፍቷል።,Assertion,1,Assertion_14,train
10940,ትዕዛዙ ከባልደረባዬ አጠገብ አደገኛ ሊሆን ይችላል።,Warning,4,Warning_01,test
10941,ድርጅቱ ስለ ምርቱ ማስጠንቀቂያ በሳምንቱ መጨረሻ አውጥቷል።,Warning,4,Warning_08,train
10942,ባልደረባዬ፣ እንደምን አደርክ ከሁለት ቀናት በኋላ?,Phatic,7,Phatic_01,train
10943,ኮምፒዩተሩ ገና ወደ ከተማው ውስጥ በሚቀጥለው ወር አልደረሰኝም።,Complaint,6,Complaint_07,train
10944,የትዕዛዙ ችግር በሚቀጥለው ሳምንት ከመምህሩ ጋር እፈታለሁ።,Promise,8,Promise_11,train
10945,የፖሊሱ ጥያቄ ውድቅ አደርጋለሁ።,Refusal,2,Refusal_02,val
10946,እባክዎ ውሉን ለአለቃዬ ከጥቂት ደቂቃዎች በኋላ ይላኩልኝ።,Request,0,Request_00,train
10947,እንደምን አለህ በስብሰባ ክፍል፣ አለቃዬ?,Phatic,7,Phatic_11,val
10948,ደብዳቤውን ከሁለት ቀናት በኋላ ብንሞክር ጥሩ ይሆናል።,Suggestion,3,Suggestion_00,train
10949,ማህበሩ ስለ ስጦታው ማስጠንቀቂያ በሳምንቱ መጨረሻ አውጥቷል።,Warning,4,Warning_08,train
10950,እንኳን ደስ አለህ ጠበቃው፣ ስለ ምርቱ እንደገና ተሳስተሃል።,Sarcasm/Irony,5,Sarcasm/Irony_13,train
10951,እባክዎ ለባልደረባዬ መሳሪያውን ያድርሱ።,Request,0,Request_14,test
10952,ውሉ ገና ወደ ፖሊስ ጣቢያ በዚህ አመት አልደረሰኝም።,Complaint,6,Complaint_07,train
10953,መምህሩ ወደ ገበያ በሚቀጥለው አመት ሄደዋል።,Assertion,1,Assertion_07,train
10954,ድርጅቱ ስለ ምርቱ ማስጠንቀቂያ ዛሬ አውጥቷል።,Warning,4,Warning_08,train
10955,እባክዎ ይቅርታ፣ ቦርሳውን ከሰዓት በኋላ ማቅረብ አልችልም።,Refusal,2,Refusal_09,train
10956,ስለ ውሃው ጉዳይ ከደንበኛው ጋር እንወያይ።,Suggestion,3,Suggestion_10,train
10957,ከስራ አስኪያጁ ጋር በዚህ ሳምንት በሱቅ እገናኛለሁ።,Promise,8,Promise_04,val
10958,ፋብሪካ ነገ ጠዋት ተከፍቷል።,Assertion,1,Assertion_14,train
10959,እባክዎ በሩን ለነጋዴው በዚህ ወር ይላኩልኝ።,Request,0,Request_00,train
10960,ጠበቃው ወደ ትምህርት ቤት በሳምንቱ መጨረሻ ሄደዋል።,Assertion,1,Assertion_07,train
10961,ሚኒስቴሩ ስለ መኪናው ማስጠንቀቂያ ከዛሬ ጀምሮ አውጥቷል።,Warning,4,Warning_08,train
10962,ሰላም ሹፌሩ፣ ከጥቂት ደቂቃዎች በኋላ እንዴት ነህ?,Phatic,7,Phatic_00,train
10963,እሰይ፣ ሌላ ችግር በቤት ከሁለት ቀናት በኋላ፣ ልክ የሚያስፈልገን ይሄው ነበር።,Sarcasm/Irony,5,Sarcasm/Irony_07,train
10964,ነጋዴው ወደ ፋብሪካ በሚቀጥለው ሳምንት ሄደዋል።,Assertion,1,Assertion_07,train
10965,እባክዎ ምርቱን ለጋዜጠኛው በሳምንቱ መጨረሻ ይላኩልኝ።,Request,0,Request_00,train
10966,ከጋዜጠኛው ጋር በስብሰባው ወቅት በሆስፒታል እገናኛለሁ።,Promise,8,Promise_04,val
10967,እርግጠኛ ነኝ ሚኒስትሩ በዚህ ሳምንት ይደርሳሉ፣ እንደ ሁልጊዜው።,Sarcasm/Irony,5,Sarcasm/Irony_05,test
10968,ነገ በሱቅ ስብሰባ እናድርግ።,Suggestion,3,Suggestion_02,train
10969,እንኳን ደስ አለህ አስተማሪዋ፣ ስለ ቤቱ እንደገና ተሳስተሃል።,Sarcasm/Irony,5,Sarcasm/Irony_13,train
10970,ባልደረባዬ ለቅሬታዬ ምላሽ ነገ አልሰጡም።,Complaint,6,Complaint_06,val
10971,ኮምፒዩተሩ ገና ወደ ፖሊስ ጣቢያ በዚህ አመት አልደረሰኝም።,Complaint,6,Complaint_07,train
10972,እባክዎ መሳሪያውን ለደንበኛው ነገ ጠዋት ይላኩልኝ።,Request,0,Request_00,train
10973,ስልኩ ገና ወደ ባንክ ዛሬ ማታ አልደረሰኝም።,Complaint,6,Complaint_07,train
10974,ስራ አስኪያጁ ወደ ገበያ በሳምንቱ መጨረሻ ሄደዋል።,Assertion,1,Assertion_07,train
10975,ስቱዲዮው ስለ መጽሐፉ ማስጠንቀቂያ ዛሬ አውጥቷል።,Warning,4,Warning_08,train
10976,ዶክተሩ ወደ ቢሮ በዚህ አመት ሄደዋል።,Assertion,1,Assertion_07,train
10977,እቅዱን ከጥቂት ደቂቃዎች በኋላ ከመንግስት ጋር እናሻሽል።,Suggestion,3,Suggestion_12,train
10978,ይህን መጽሐፉን ከዶክተሩ ጋር በጥንቃቄ ያዙ።,Warning,4,Warning_04,val
10979,እባክዎ በሚቀጥለው ሳምንት ወደ ስብሰባ ክፍል ይድረሱልኝ።,Request,0,Request_07,val
10980,ይህን ስልኩን ከሚኒስትሩ መቀበል አልችልም።,Refusal,2,Refusal_03,train
10981,እባክዎ ደረሰኙን ለደንበኛው ነገ ከሰዓት በኋላ ይላኩልኝ።,Request,0,Request_00,train
10982,ሚኒስቴሩ ስለ ማሽኑ ማስጠንቀቂያ ከዛሬ ጀምሮ አውጥቷል።,Warning,4,Warning_08,train
10983,በጣም ትክክለኛ ነው ፖሊሱ፣ በቤት ሁልጊዜ እንደዚህ ይሆናል።,Sarcasm/Irony,5,Sarcasm/Irony_08,val
10984,ቅሬታዬን ለዶክተሩ ከምሽቱ ጀምሮ ብናገርም ማንም አልሰማኝም።,Complaint,6,Complaint_14,val
10985,የመልእክቱ ችግር ከዛሬ ጀምሮ ከባልደረባዬ ጋር እፈታለሁ።,Promise,8,Promise_11,train
10986,ይቅርታ፣ ፋይሉን ከአንድ ሰዓት በኋላ ማድረግ አልችልም።,Refusal,2,Refusal_00,train
10987,መምህሩ፣ ጤና ይስጥልኝ በቢሮ።,Phatic,7,Phatic_03,train
10988,እንዴት ደስ ይላል፣ ደንበኛው እንደገና በሳምንቱ መጨረሻ ዘገዩ።,Sarcasm/Irony,5,Sarcasm/Irony_03,train
10989,ማህበሩ ስለ ቡናው ማስጠንቀቂያ ነገ ከሰዓት በኋላ አውጥቷል።,Warning,4,Warning_08,train
10990,ባንኩ ስለ ዕቃው ማስጠንቀቂያ ከጥቂት ደቂቃዎች በኋላ አውጥቷል።,Warning,4,Warning_08,train
10991,እባክዎ ቦርሳውን ለነጋዴው ከአንድ ሰዓት በኋላ ይላኩልኝ።,Request,0,Request_00,train
10992,አዎ በእርግጥ፣ ጋዜጠኛው ነገ ጠዋት ትመጣለህ ብዬ አላምንም።,Sarcasm/Irony,5,Sarcasm/Irony_01,test
10993,ወደ ቢሮ በዚህ አመት እንሂድ።,Suggestion,3,Suggestion_01,test
10994,ከጋዜጠኛው ጋር ስለ ሰነዱ ጉዳይ መስማማት አልችልም።,Refusal,2,Refusal_06,train
10995,ከአንድ ሰዓት በኋላ በስብሰባ ክፍል ከባድ ዝናብ ሊዘንብ ይችላል ተጠንቀቁ።,Warning,4,Warning_03,test
10996,እባክዎ ሪፖርቱን ለጋዜጠኛው ነገ ከሰዓት በኋላ ይላኩልኝ።,Request,0,Request_00,train
10997,የመስኮቱ ችግር ከምሽቱ ጀምሮ ከፖሊሱ ጋር እፈታለሁ።,Promise,8,Promise_11,train
10998,ይህ ሪፖርቱ ከመንግስት ጥራት የለውም።,Complaint,6,Complaint_00,val
10999,የገንዘቡ ዋጋውን ከሰዓት በኋላ ብንቀንስ ደንበኞች ይጨምራሉ።,Suggestion,3,Suggestion_07,train
11000,ልብሱ ገና ወደ ሆስፒታል ዛሬ ማታ አልደረሰኝም።,Complaint,6,Complaint_07,train
11001,ጎበዝ! በጣም ጥሩ ስራ ሰራህ ባልደረባዬ፣ ማሽኑን አበላሸኸው።,Sarcasm/Irony,5,Sarcasm/Irony_02,train
11002,ማህበሩ ቃል የገባውን ከሶስት ሰዓት በኋላ አላከበረም።,Complaint,6,Complaint_02,test
11003,ማህበሩ ስለ ፕሮጀክቱ ማስጠንቀቂያ ከሶስት ሰዓት በኋላ አውጥቷል።,Warning,4,Warning_08,train
11004,ፖሊሱ ወደ ገበያ በሚቀጥለው ወር ሄደዋል።,Assertion,1,Assertion_07,train
11005,ወደ መንገድ ላይ በሚቀጥለው ወር መሄድ አልችልም።,Refusal,2,Refusal_13,test
11006,ቡናው ገና ወደ ስብሰባ ክፍል በሚቀጥለው ሳምንት አልደረሰኝም።,Complaint,6,Complaint_07,train
11007,ጎበዝ! በጣም ጥሩ ስራ ሰራህ ጠበቃው፣ ሂሳቡን አበላሸኸው።,Sarcasm/Irony,5,Sarcasm/Irony_02,train
11008,ደህና ሁን ደንበኛው፣ እስከ ነገ ጠዋት እንገናኝ።,Phatic,7,Phatic_13,train
11009,እባክዎ ቁልፉን ለመሐንዲሱ ነገ ከሰዓት በኋላ ይላኩልኝ።,Request,0,Request_00,train
11010,የመሳሪያው ዋጋውን ዛሬ ብንቀንስ ደንበኞች ይጨምራሉ።,Suggestion,3,Suggestion_07,train
11011,እባክዎ ምርቱን ወደ መጋዘን ይላኩ።,Request,0,Request_06,test
11012,ስቱዲዮው ከዛሬ ጀምሮ አዲስ ምርት አስተዋውቋል።,Assertion,1,Assertion_02,val
11013,እንዴት ጥሩ ነው ዶክተሩ፣ ነገ ደግሞ ዘገየ።,Sarcasm/Irony,5,Sarcasm/Irony_10,val
11014,ገንዘብዎን ይጠብቁ፣ በገበያ በስብሰባው ወቅት ስርቆት ተከስቷል።,Warning,4,Warning_05,val
11015,እንዴት ጎበዝ ነህ ሹፌሩ፣ ሪፖርቱን ሰብረኸዋል!,Sarcasm/Irony,5,Sarcasm/Irony_00,train
11016,ከሶስት ሰዓት በኋላ በትምህርት ቤት መገኘት አልችልም።,Refusal,2,Refusal_04,val
11017,ፖሊሱ ወደ ገበያ በሳምንቱ መጨረሻ ሄደዋል።,Assertion,1,Assertion_07,train
11018,ነጋዴው፣ ቤተሰብ በመጋዘን እንዴት ናቸው?,Phatic,7,Phatic_05,val
11019,እንዴት ጎበዝ ነህ ጠበቃው፣ ደረሰኙን ሰብረኸዋል!,Sarcasm/Irony,5,Sarcasm/Irony_00,train
11020,እባክዎ ቁልፉን ለጓደኛዬ ከሁለት ቀናት በኋላ ይላኩልኝ።,Request,0,Request_00,train
11021,ወደ ከተማው ውስጥ ከጥቂት ደቂቃዎች በኋላ ብቻዎን አይሂዱ።,Warning,4,Warning_06,test
11022,ጤና ይስጥልኝ ፖሊሱ፣ በሚቀጥለው ወር ደህና ነህ?,Phatic,7,Phatic_12,train
11023,እባክዎ ሪፖርቱን ዛሬ ማታ ይላኩልኝ።,Request,0,Request_13,val
11024,መምህሩ ለቅሬታዬ ምላሽ ከምሽቱ ጀምሮ አልሰጡም።,Complaint,6,Complaint_06,val
11025,ከጋዜጠኛው ጋር ከሁለት ቀናት በኋላ በአውሮፕላን ማረፊያ እገናኛለሁ።,Promise,8,Promise_04,val
11026,የኮምፒዩተሩ ወጪውን በፖሊስ ጣቢያ ብንቀንስ የተሻለ ነው።,Suggestion,3,Suggestion_13,train
11027,አመሰግናለሁ አስተማሪዋ፣ ደህና ዋል በባንክ።,Phatic,7,Phatic_08,train
11028,ሰላም ፖሊሱ፣ ከሰዓት በኋላ እንዴት ነህ?,Phatic,7,Phatic_00,train
11029,ጠበቃው፣ እንደምን አደርክ በዚህ ሳምንት?,Phatic,7,Phatic_01,train
11030,ጎበዝ! በጣም ጥሩ ስራ ሰራህ ባልደረባዬ፣ ገንዘቡን አበላሸኸው።,Sarcasm/Irony,5,Sarcasm/Irony_02,train
11031,የኮምፒዩተሩ ችግር ከዛሬ ጀምሮ ከአስተማሪዋ ጋር እፈታለሁ።,Promise,8,Promise_11,train
11032,እንኳን አደረሳችሁ ነጋዴው፣ በትምህርት ቤት።,Phatic,7,Phatic_14,test
11033,ደንበኛው፣ እንደምን አደርክ በዚህ ሳምንት?,Phatic,7,Phatic_01,train
11034,ሰላም ጠበቃው፣ በዚህ አመት እንዴት ነህ?,Phatic,7,Phatic_00,train
11035,የቦርሳው ወጪውን በገበያ ብንቀንስ የተሻለ ነው።,Suggestion,3,Suggestion_13,train
11036,የገንዘቡ ችግር በሚቀጥለው ሳምንት ከሹፌሩ ጋር እፈታለሁ።,Promise,8,Promise_11,train
11037,ደንበኛው ወደ ከተማው ውስጥ ከሶስት ሰዓት በኋላ ሄደዋል።,Assertion,1,Assertion_07,train
11038,አዎ በእርግጥ፣ ፖሊሱ ከሶስት ሰዓት በኋላ ትመጣለህ ብዬ አላምንም።,Sarcasm/Irony,5,Sarcasm/Irony_01,test
11039,ሹፌሩ ወደ ፖሊስ ጣቢያ ዛሬ ማታ ሄደዋል።,Assertion,1,Assertion_07,train
11040,ፋይሉ ገና ወደ ቢሮ በሳምንቱ መጨረሻ አልደረሰኝም።,Complaint,6,Complaint_07,train
11041,ጠበቃው ወደ መጋዘን ከምሽቱ ጀምሮ ሄደዋል።,Assertion,1,Assertion_07,train
11042,ድርጅቱ ከሁለት ቀናት በኋላ ትርፍ አግኝቷል።,Assertion,1,Assertion_04,test
11043,በጣም ብልህ ነህ ነጋዴው፣ ጥያቄውን ረሳኸው።,Sarcasm/Irony,5,Sarcasm/Irony_04,train
11044,የኮምፒዩተሩ ችግር ከዛሬ ጀምሮ ከደንበኛው ጋር እፈታለሁ።,Promise,8,Promise_11,train
11045,ካርታው ገና ወደ ፖሊስ ጣቢያ ነገ ጠዋት አልደረሰኝም።,Complaint,6,Complaint_07,train
11046,የስጦታው ችግር ነገ ከሰዓት በኋላ ከስራ አስኪያጁ ጋር እፈታለሁ።,Promise,8,Promise_11,train
11047,ትዕዛዙ ገና ወደ ሆስፒታል ከሶስት ሰዓት በኋላ አልደረሰኝም።,Complaint,6,Complaint_07,train
11048,ወደ ፖሊስ ጣቢያ ዛሬ መሄድ አልችልም።,Refusal,2,Refusal_13,test
11049,እባክዎ ልብሱን ለነጋዴው ነገ ይላኩልኝ።,Request,0,Request_00,train
11050,ሚኒስቴሩ ስለ ምርቱ ማስጠንቀቂያ በሚቀጥለው ወር አውጥቷል።,Warning,4,Warning_08,train
11051,የመንግስት ሰራተኞች በሱቅ ደንበኞችን በአግባቡ አያስተናግዱም።,Complaint,6,Complaint_04,val
11052,ይህ ማሽኑ ከስቱዲዮው ከተገለጸው ጋር አይመሳሰልም።,Complaint,6,Complaint_12,test
11053,ይህን ሰነዱን ከአለቃዬ መቀበል አልችልም።,Refusal,2,Refusal_03,train
11054,እባክህ ለልብሱ ይህን ዘዴ በዚህ ወር ተጠቀም።,Suggestion,3,Suggestion_04,train
11055,እባክዎ ይቅርታ፣ ትዕዛዙን ከሰዓት በኋላ ማቅረብ አልችልም።,Refusal,2,Refusal_09,train
11056,የደረሰኙ ችግር ከሶስት ሰዓት በኋላ ከመሐንዲሱ ጋር እፈታለሁ።,Promise,8,Promise_11,train
11057,ይህን ቤቱን ከሚኒስትሩ መቀበል አልችልም።,Refusal,2,Refusal_03,train
11058,መሳሪያው ገና ወደ ስብሰባ ክፍል ዛሬ ማታ አልደረሰኝም።,Complaint,6,Complaint_07,train
11059,ድርጅቱ ቃል የገባውን በሚቀጥለው ሳምንት አላከበረም።,Complaint,6,Complaint_02,test
11060,በገበያ ከምሽቱ ጀምሮ ንጽህና ጎድሏል።,Complaint,6,Complaint_13,test
11061,እባክዎ ይቅርታ፣ ኮምፒዩተሩን ነገ ማቅረብ አልችልም።,Refusal,2,Refusal_09,train
11062,ደህና ከሶስት ሰዓት በኋላ ይሁንልህ አለቃዬ።,Phatic,7,Phatic_02,train
11063,ኩባንያው ስለ ቁልፉ ማስጠንቀቂያ በሚቀጥለው ወር አውጥቷል።,Warning,4,Warning_08,train
11064,የጥያቄው ገመድ በፖሊስ ጣቢያ አደገኛ ነው ተጠንቀቁ።,Warning,4,Warning_07,train
11065,የመሳሪያው ዋጋ በገበያ በጣም ውድ ነው።,Complaint,6,Complaint_05,val
11066,ቢያንስ አንዴ ቡናውን በፖሊስ ጣቢያ እንሞክር።,Suggestion,3,Suggestion_05,train
11067,በጣም ትክክለኛ ነው ጠበቃው፣ በቤት ሁልጊዜ እንደዚህ ይሆናል።,Sarcasm/Irony,5,Sarcasm/Irony_08,val
11068,እባክዎ ይቅርታ፣ መልእክቱን ከዛሬ ጀምሮ ማቅረብ አልችልም።,Refusal,2,Refusal_09,train
11069,የሪፖርቱ ችግር በዚህ ሳምንት ከነጋዴው ጋር እፈታለሁ።,Promise,8,Promise_11,train
11070,ውሉ ገና ወደ ስብሰባ ክፍል በዚህ ሳምንት አልደረሰኝም።,Complaint,6,Complaint_07,train
11071,አመሰግናለሁ መምህሩ፣ ደህና ዋል በመንገድ ላይ።,Phatic,7,Phatic_08,train
11072,እባክዎ ይቅርታ፣ ቤቱን በስብሰባው ወቅት ማቅረብ አልችልም።,Refusal,2,Refusal_09,train
11073,እባክዎ መጽሐፉን ያረጋግጡልኝ።,Request,0,Request_05,val
11074,እባክህ ይቅርታ አድርግልኝ፣ ወደ ፋብሪካ በዚህ አመት መምጣት አልችልም።,Refusal,2,Refusal_01,test
11075,ስቱዲዮው ስለ ደረሰኙ ማስጠንቀቂያ በሳምንቱ መጨረሻ አውጥቷል።,Warning,4,Warning_08,train
11076,እባክዎ ውሃውን ለባልደረባዬ ዛሬ ማታ ይላኩልኝ።,Request,0,Request_00,train
11077,ቃል እገባለሁ፣ ቦርሳውን በዚህ ሳምንት አላዘገይም።,Promise,8,Promise_03,test
11078,የስልኩ ችግር በዚህ አመት ከነጋዴው ጋር እፈታለሁ።,Promise,8,Promise_11,train
11079,በጣም ብልህ ነህ ሹፌሩ፣ ሪፖርቱን ረሳኸው።,Sarcasm/Irony,5,Sarcasm/Irony_04,train
11080,መልእክቱን በጥንቃቄ ከደንበኛው ጋር ብንመረምር ይሻላል።,Suggestion,3,Suggestion_11,val
11081,ይቅርታ፣ በሩን ከሁለት ቀናት በኋላ ማድረግ አልችልም።,Refusal,2,Refusal_00,train
11082,አዎ በርግጥ፣ የማዕከሉ እቅድ በከዛሬ ጀምሮ በጭራሽ አይከሽፍም።,Sarcasm/Irony,5,Sarcasm/Irony_11,train
11083,እባክዎ ደብዳቤውን ለሹፌሩ ከሁለት ቀናት በኋላ ይላኩልኝ።,Request,0,Request_00,train
11084,እባክዎ መጽሐፉን ለመሐንዲሱ ከሶስት ሰዓት በኋላ ይላኩልኝ።,Request,0,Request_00,train
11085,ስለ ዕቃው ጉዳይ ከጓደኛዬ ጋር እንወያይ።,Suggestion,3,Suggestion_10,train
11086,እባክህ ለመስኮቱ ይህን ዘዴ ከምሽቱ ጀምሮ ተጠቀም።,Suggestion,3,Suggestion_04,train
11087,አዎ በእርግጥ፣ ጋዜጠኛው ከምሽቱ ጀምሮ ትመጣለህ ብዬ አላምንም።,Sarcasm/Irony,5,Sarcasm/Irony_01,test
11088,ዛሬ ማታ በመጋዘን ስብሰባ እናድርግ።,Suggestion,3,Suggestion_02,train
11089,እባክዎ ልብሱን ለጠበቃው በሚቀጥለው ወር ይላኩልኝ።,Request,0,Request_00,train
11090,እርግጠኛ ነኝ ሚኒስትሩ ዛሬ ማታ ይደርሳሉ፣ እንደ ሁልጊዜው።,Sarcasm/Irony,5,Sarcasm/Irony_05,test
11091,እባክዎ ቡናውን ለስራ አስኪያጁ ከምሽቱ ጀምሮ ይላኩልኝ።,Request,0,Request_00,train
11092,እንዴት ጥሩ ነው መሐንዲሱ፣ ዛሬ ማታ ደግሞ ዘገየ።,Sarcasm/Irony,5,Sarcasm/Irony_10,val
11093,ፖሊሱ ወደ ፍርድ ቤት ከምሽቱ ጀምሮ ሄደዋል።,Assertion,1,Assertion_07,train
11094,ድርጅቱ ስለ ስጦታው ማስጠንቀቂያ ነገ አውጥቷል።,Warning,4,Warning_08,train
11095,ከሰዓት በኋላ በመጋዘን ከባድ ዝናብ ሊዘንብ ይችላል ተጠንቀቁ።,Warning,4,Warning_03,test
11096,እንዴት ጎበዝ ነህ ፖሊሱ፣ መስኮቱን ሰብረኸዋል!,Sarcasm/Irony,5,Sarcasm/Irony_00,train
11097,ጋዜጠኛው ወደ አውሮፕላን ማረፊያ ከዛሬ ጀምሮ ሄደዋል።,Assertion,1,Assertion_07,train
11098,የቁልፉ ችግር ከሰዓት በኋላ ከጋዜጠኛው ጋር እፈታለሁ።,Promise,8,Promise_11,train
11099,ስራ አስኪያጁ ስብሰባውን በዚህ ወር መርተዋል።,Assertion,1,Assertion_03,val
11100,እባክህ ለማሽኑ ይህን ዘዴ በሚቀጥለው አመት ተጠቀም።,Suggestion,3,Suggestion_04,train
11101,ካርታው በትምህርት ቤት ይገኛል።,Assertion,1,Assertion_00,test
11102,መጽሐፉን ከሶስት ሰዓት በኋላ ብንሞክር ጥሩ ይሆናል።,Suggestion,3,Suggestion_00,train
11103,እባክዎ ልብሱን ለመሐንዲሱ ዛሬ ማታ ይላኩልኝ።,Request,0,Request_00,train
11104,ደብዳቤውን በጥንቃቄ ከሹፌሩ ጋር ብንመረምር ይሻላል።,Suggestion,3,Suggestion_11,val
11105,ስልኩን በጥንቃቄ ከባልደረባዬ ጋር ብንመረምር ይሻላል።,Suggestion,3,Suggestion_11,val
11106,እባክዎ ትዕዛዙን ለመሐንዲሱ ከዛሬ ጀምሮ ይላኩልኝ።,Request,0,Request_00,train
11107,አዎ በርግጥ፣ የሚኒስቴሩ እቅድ በከሁለት ቀናት በኋላ በጭራሽ አይከሽፍም።,Sarcasm/Irony,5,Sarcasm/Irony_11,train
11108,ገንዘቡ ገና ወደ አውሮፕላን ማረፊያ ከሰዓት በኋላ አልደረሰኝም።,Complaint,6,Complaint_07,train
11109,ስለ ፕሮጀክቱ ጉዳይ ከሚኒስትሩ ጋር እንወያይ።,Suggestion,3,Suggestion_10,train
11110,በጣም ብልህ ነህ ባልደረባዬ፣ ሂሳቡን ረሳኸው።,Sarcasm/Irony,5,Sarcasm/Irony_04,train
11111,ደህና እደር መሐንዲሱ፣ ነገ ከሰዓት በኋላ እንገናኝ።,Phatic,7,Phatic_06,train
11112,የቤቱ ዋጋ ነገ ጨምሯል።,Assertion,1,Assertion_12,val
11113,እባክህ ይቅርታ አድርግልኝ፣ ወደ መጋዘን በዚህ አመት መምጣት አልችልም።,Refusal,2,Refusal_01,test
11114,አዎ በርግጥ፣ የማዕከሉ እቅድ በበሚቀጥለው አመት በጭራሽ አይከሽፍም።,Sarcasm/Irony,5,Sarcasm/Irony_11,train
11115,ማንነትዎን ለማያውቁት ሚኒስትሩ በትምህርት ቤት አይስጡ።,Warning,4,Warning_14,test
11116,ከአንድ ሰዓት በኋላ በባንክ መገኘት አልችልም።,Refusal,2,Refusal_04,val
11117,እባክዎ መስኮቱን ለነጋዴው ከምሽቱ ጀምሮ ይላኩልኝ።,Request,0,Request_00,train
11118,ደህና ከምሽቱ ጀምሮ ይሁንልህ ጓደኛዬ።,Phatic,7,Phatic_02,train
11119,ይህን ሰነዱን ከዶክተሩ ጋር በጥንቃቄ ያዙ።,Warning,4,Warning_04,val
11120,እባክዎ ይቅርታ፣ ቁልፉን ዛሬ ማቅረብ አልችልም።,Refusal,2,Refusal_09,train
11121,እባክዎ ስልኩን ለዶክተሩ በሚቀጥለው አመት ይላኩልኝ።,Request,0,Request_00,train
11122,ሪፖርቱን ለሹፌሩ በዚህ ወር አቀርባለሁ።,Promise,8,Promise_05,train
11123,ቤቱ ገና ወደ ፖሊስ ጣቢያ በስብሰባው ወቅት አልደረሰኝም።,Complaint,6,Complaint_07,train
11124,የመኪናው ችግር ነገ ጠዋት ከጠበቃው ጋር እፈታለሁ።,Promise,8,Promise_11,train
11125,ከዶክተሩ ጋር ስለ ገንዘቡ ጉዳይ መስማማት አልችልም።,Refusal,2,Refusal_06,train
11126,ስለ ቤቱ ከነጋዴው ጋር ማሰብ ይኖርብናል።,Suggestion,3,Suggestion_03,train
11127,እባክህ ይቅርታ አድርግልኝ፣ ወደ ፖሊስ ጣቢያ ነገ ከሰዓት በኋላ መምጣት አልችልም።,Refusal,2,Refusal_01,test
11128,ፖሊስ ጣቢያ በስብሰባው ወቅት ተከፍቷል።,Assertion,1,Assertion_14,train
11129,ጤና ይስጥልኝ መሐንዲሱ፣ ነገ ደህና ነህ?,Phatic,7,Phatic_12,train
11130,በጣም ብልህ ነህ ጋዜጠኛው፣ ስልኩን ረሳኸው።,Sarcasm/Irony,5,Sarcasm/Irony_04,train
11131,ሚኒስትሩ ወደ ትምህርት ቤት ዛሬ ማታ ሄደዋል።,Assertion,1,Assertion_07,train
11132,ኩባንያው ስለ መጽሐፉ ማስጠንቀቂያ ከሁለት ቀናት በኋላ አውጥቷል።,Warning,4,Warning_08,train
11133,ከባልደረባዬ ጋር ስለ ካርታው ጉዳይ መስማማት አልችልም።,Refusal,2,Refusal_06,train
11134,ኮምፒዩተሩ ገና ወደ መጋዘን በስብሰባው ወቅት አልደረሰኝም።,Complaint,6,Complaint_07,train
11135,የመሳሪያው ችግር ከሰዓት በኋላ ከባልደረባዬ ጋር እፈታለሁ።,Promise,8,Promise_11,train
11136,ትዕዛዙ ከመሐንዲሱ አጠገብ አደገኛ ሊሆን ይችላል።,Warning,4,Warning_01,test
11137,ደህና ሁን መሐንዲሱ፣ እስከ በሳምንቱ መጨረሻ እንገናኝ።,Phatic,7,Phatic_13,train
11138,አዎ በእርግጥ፣ ስራ አስኪያጁ ነገ ከሰዓት በኋላ ትመጣለህ ብዬ አላምንም።,Sarcasm/Irony,5,Sarcasm/Irony_01,test
11139,በሩ ከአስተማሪዋ አጠገብ አደገኛ ሊሆን ይችላል።,Warning,4,Warning_01,test
11140,እባክዎ ቡናውን ለጓደኛዬ በዚህ ወር ይላኩልኝ።,Request,0,Request_00,train
11141,ወደ ፋብሪካ ከሁለት ቀናት በኋላ ብቻዎን አይሂዱ።,Warning,4,Warning_06,test
11142,ፕሮጀክቱን ከሰዓት በኋላ ከጋዜጠኛው ጋር ብንጀምር ይሻላል።,Suggestion,3,Suggestion_08,val
11143,ከመሐንዲሱ ጋር በሚቀጥለው ወር በሆስፒታል እገናኛለሁ።,Promise,8,Promise_04,val
11144,ነጋዴው ወደ ፍርድ ቤት ከሁለት ቀናት በኋላ ሄደዋል።,Assertion,1,Assertion_07,train
11145,አመሰግናለሁ ጠበቃው፣ ደህና ዋል በፖሊስ ጣቢያ።,Phatic,7,Phatic_08,train
11146,በጣም ውጤታማ ነው ኩባንያው፣ በበሚቀጥለው ወር ምንም አልተሰራም።,Sarcasm/Irony,5,Sarcasm/Irony_14,val
11147,ማንነትዎን ለማያውቁት ጋዜጠኛው በፖሊስ ጣቢያ አይስጡ።,Warning,4,Warning_14,test
11148,እባክዎ በሩን ለዶክተሩ በሚቀጥለው ሳምንት ይላኩልኝ።,Request,0,Request_00,train
11149,በጣም ውጤታማ ነው ኩባንያው፣ በበሚቀጥለው አመት ምንም አልተሰራም።,Sarcasm/Irony,5,Sarcasm/Irony_14,val
11150,ካርታውን በጥንቃቄ ለደንበኛው እይዛለሁ።,Promise,8,Promise_07,train
11151,የሪፖርቱ ችግር ከአንድ ሰዓት በኋላ ከአስተማሪዋ ጋር እፈታለሁ።,Promise,8,Promise_11,train
11152,ጋዜጠኛው፣ ስራ በስብሰባ ክፍል እንዴት ነው?,Phatic,7,Phatic_09,val
11153,በጣም ትክክለኛ ነው ጓደኛዬ፣ በመጋዘን ሁልጊዜ እንደዚህ ይሆናል።,Sarcasm/Irony,5,Sarcasm/Irony_08,val
11154,የውሃው ዋጋ በቢሮ በጣም ውድ ነው።,Complaint,6,Complaint_05,val
11155,እባክዎ መልእክቱን ለፖሊሱ በስብሰባው ወቅት ይላኩልኝ።,Request,0,Request_00,train
11156,እንኳን ደስ አለህ ዶክተሩ፣ ስለ ጥያቄው እንደገና ተሳስተሃል።,Sarcasm/Irony,5,Sarcasm/Irony_13,train
11157,እባክዎ ቦርሳውን ለዶክተሩ በሚቀጥለው ወር ይላኩልኝ።,Request,0,Request_00,train
11158,ስለ ደብዳቤው ጉዳይ ከጠበቃው ጋር እንወያይ።,Suggestion,3,Suggestion_10,train
11159,መጽሐፉ በመጋዘን ይገኛል።,Assertion,1,Assertion_00,test
11160,ከጓደኛዬ ጋር ስለ ዕቃው ጉዳይ መስማማት አልችልም።,Refusal,2,Refusal_06,train
11161,ስለ ፋይሉ ጉዳይ ከአለቃዬ ጋር እንወያይ።,Suggestion,3,Suggestion_10,train
11162,መምህሩ ወደ ፖሊስ ጣቢያ በሚቀጥለው ሳምንት ሄደዋል።,Assertion,1,Assertion_07,train
11163,የመኪናው ችግር ዛሬ ከዶክተሩ ጋር እፈታለሁ።,Promise,8,Promise_11,train
11164,ከፖሊሱ ጋር ስለ ጥያቄው ጉዳይ መስማማት አልችልም።,Refusal,2,Refusal_06,train
11165,ዶክተሩ፣ እንደምን አደርክ ዛሬ ማታ?,Phatic,7,Phatic_01,train
11166,ወደ ፋብሪካ ነገ ጠዋት መሄድ አልችልም።,Refusal,2,Refusal_13,test
11167,እንኳን አደረሳችሁ ደንበኛው፣ በመንገድ ላይ።,Phatic,7,Phatic_14,test
11168,ስለ ፋይሉ ጉዳይ ከደንበኛው ጋር እንወያይ።,Suggestion,3,Suggestion_10,train
11169,ይቅርታ፣ ሂሳቡን ነገ ማድረግ አልችልም።,Refusal,2,Refusal_00,train
11170,ስብሰባው ያለ ማስታወቂያ ከዛሬ ጀምሮ በከተማው ውስጥ ተሰርዟል።,Complaint,6,Complaint_09,test
11171,የሪፖርቱ ዋጋውን በሳምንቱ መጨረሻ ብንቀንስ ደንበኞች ይጨምራሉ።,Suggestion,3,Suggestion_07,train
11172,አስተማሪዋ ወደ ሱቅ ከሁለት ቀናት በኋላ ሄደዋል።,Assertion,1,Assertion_07,train
11173,እባክህ ይቅርታ አድርግልኝ፣ ወደ ባንክ ዛሬ መምጣት አልችልም።,Refusal,2,Refusal_01,test
11174,ምርቱ ገና ወደ መጋዘን ከምሽቱ ጀምሮ አልደረሰኝም።,Complaint,6,Complaint_07,train
11175,የመጽሐፉ ችግር ነገ ጠዋት ከሚኒስትሩ ጋር እፈታለሁ።,Promise,8,Promise_11,train
11176,እንኳን ደስ አለህ ስራ አስኪያጁ፣ ስለ ካርታው እንደገና ተሳስተሃል።,Sarcasm/Irony,5,Sarcasm/Irony_13,train
11177,የስልኩ ችግር በሚቀጥለው አመት ከመምህሩ ጋር እፈታለሁ።,Promise,8,Promise_11,train
11178,በሚቀጥለው አመት በባንክ ስብሰባ እናድርግ።,Suggestion,3,Suggestion_02,train
11179,የውሃው ችግር ከአንድ ሰዓት በኋላ ከነጋዴው ጋር እፈታለሁ።,Promise,8,Promise_11,train
11180,በጣም ትክክለኛ ነው አለቃዬ፣ በቤት ሁልጊዜ እንደዚህ ይሆናል።,Sarcasm/Irony,5,Sarcasm/Irony_08,val
11181,ጤና ይስጥልኝ ፖሊሱ፣ በሳምንቱ መጨረሻ ደህና ነህ?,Phatic,7,Phatic_12,train
11182,ጎበዝ ስራ ጓደኛዬ፣ ፋይሉ ሙሉ በሙሉ ፈርሷል።,Sarcasm/Irony,5,Sarcasm/Irony_09,train
11183,የመስኮቱ ችግር ከሶስት ሰዓት በኋላ ከመምህሩ ጋር እፈታለሁ።,Promise,8,Promise_11,train
11184,ወደ መንገድ ላይ ነገ መሄድ አልችልም።,Refusal,2,Refusal_13,test
11185,የሂሳቡ ችግር ዛሬ ከጋዜጠኛው ጋር እፈታለሁ።,Promise,8,Promise_11,train
11186,ቢያንስ አንዴ ኮምፒዩተሩን በአውሮፕላን ማረፊያ እንሞክር።,Suggestion,3,Suggestion_05,train
11187,አለቃዬ ወደ ቢሮ በሚቀጥለው አመት ሄደዋል።,Assertion,1,Assertion_07,train
11188,ቢያንስ አንዴ ፋይሉን በመጋዘን እንሞክር።,Suggestion,3,Suggestion_05,train
11189,ነገ ከሰዓት በኋላ በትምህርት ቤት መገኘት አልችልም።,Refusal,2,Refusal_04,val
11190,የሰነዱ ዋጋ በከተማው ውስጥ በጣም ውድ ነው።,Complaint,6,Complaint_05,val
11191,ገንዘቡ ገና ወደ ገበያ ነገ ጠዋት አልደረሰኝም።,Complaint,6,Complaint_07,train
11192,እባክዎ ሪፖርቱን ለዶክተሩ በዚህ አመት ይላኩልኝ።,Request,0,Request_00,train
11193,ወደ ገበያ ዛሬ ብቻዎን አይሂዱ።,Warning,4,Warning_06,test
11194,ይቅርታ፣ መጽሐፉን ነገ ማድረግ አልችልም።,Refusal,2,Refusal_00,train
11195,ጥያቄውን በስብሰባው ወቅት ብንሞክር ጥሩ ይሆናል።,Suggestion,3,Suggestion_00,train
11196,ስቱዲዮው ስለ ቦርሳው ማስጠንቀቂያ ከሶስት ሰዓት በኋላ አውጥቷል።,Warning,4,Warning_08,train
11197,የፕሮጀክቱ ዋጋውን ከአንድ ሰዓት በኋላ ብንቀንስ ደንበኞች ይጨምራሉ።,Suggestion,3,Suggestion_07,train
11198,ባልደረባዬ ወደ ሆስፒታል ነገ ከሰዓት በኋላ ሄደዋል።,Assertion,1,Assertion_07,train
11199,ይህን ሂሳቡን ከሹፌሩ መቀበል አልችልም።,Refusal,2,Refusal_03,train
11200,ቡናው ገና ወደ መጋዘን ዛሬ አልደረሰኝም።,Complaint,6,Complaint_07,train
11201,እንኳን ደስ አለህ አስተማሪዋ፣ ስለ ስልኩ እንደገና ተሳስተሃል።,Sarcasm/Irony,5,Sarcasm/Irony_13,train
11202,ጎበዝ! በጣም ጥሩ ስራ ሰራህ ዶክተሩ፣ ሰነዱን አበላሸኸው።,Sarcasm/Irony,5,Sarcasm/Irony_02,train
11203,ፕሮጀክቱን ከምሽቱ ጀምሮ ከመሐንዲሱ ጋር ብንጀምር ይሻላል።,Suggestion,3,Suggestion_08,val
11204,ስራ አስኪያጁ ወደ ሱቅ ከጥቂት ደቂቃዎች በኋላ ሄደዋል።,Assertion,1,Assertion_07,train
11205,ደህና እደር መሐንዲሱ፣ ከሶስት ሰዓት በኋላ እንገናኝ።,Phatic,7,Phatic_06,train
11206,ከጋዜጠኛው ጋር ስለ መኪናው ጉዳይ መስማማት አልችልም።,Refusal,2,Refusal_06,train
11207,ስልኩ ገና ወደ ፖሊስ ጣቢያ ነገ አልደረሰኝም።,Complaint,6,Complaint_07,train
11208,ወደ ባንክ በሚቀጥለው ሳምንት መሄድ አልችልም።,Refusal,2,Refusal_13,test
11209,የሂሳቡ ችግር በዚህ ሳምንት ከሚኒስትሩ ጋር እፈታለሁ።,Promise,8,Promise_11,train
11210,እባክዎ ገንዘቡን ለፖሊሱ ከጥቂት ደቂቃዎች በኋላ ይላኩልኝ።,Request,0,Request_00,train
11211,ሂሳቡ ገና ወደ ፋብሪካ በስብሰባው ወቅት አልደረሰኝም።,Complaint,6,Complaint_07,train
11212,ሰነዱ ገና ወደ አውሮፕላን ማረፊያ ነገ ጠዋት አልደረሰኝም።,Complaint,6,Complaint_07,train
11213,ነጋዴው ወደ ቢሮ በዚህ ሳምንት ሄደዋል።,Assertion,1,Assertion_07,train
11214,ማህበሩ ስለ ደረሰኙ ማስጠንቀቂያ ከሶስት ሰዓት በኋላ አውጥቷል።,Warning,4,Warning_08,train
11215,ስለ ስልኩ ጉዳይ ከጓደኛዬ ጋር እንወያይ።,Suggestion,3,Suggestion_10,train
11216,እባክዎ ደረሰኙን ለጓደኛዬ በሚቀጥለው አመት ይላኩልኝ።,Request,0,Request_00,train
11217,እባክዎ ውሉን ለጓደኛዬ በዚህ አመት ይላኩልኝ።,Request,0,Request_00,train
11218,በፍርድ ቤት ከዛሬ ጀምሮ ንጽህና ጎድሏል።,Complaint,6,Complaint_13,test
11219,ፕሮጀክቱ ገና ወደ ፋብሪካ በስብሰባው ወቅት አልደረሰኝም።,Complaint,6,Complaint_07,train
11220,እባክዎ በሩን ለዶክተሩ በዚህ ወር ይላኩልኝ።,Request,0,Request_00,train
11221,ደህና እደር ፖሊሱ፣ ነገ እንገናኝ።,Phatic,7,Phatic_06,train
11222,የመስኮቱ ችግር በዚህ ወር ከመምህሩ ጋር እፈታለሁ።,Promise,8,Promise_11,train
11223,ነጋዴው፣ ጤና ይስጥልኝ በመጋዘን።,Phatic,7,Phatic_03,train
11224,ደህና እደር መምህሩ፣ ነገ ጠዋት እንገናኝ።,Phatic,7,Phatic_06,train
11225,መምህሩ ወደ ቤት በሚቀጥለው ሳምንት ሄደዋል።,Assertion,1,Assertion_07,train
11226,እባክህ ይቅርታ አድርግልኝ፣ ወደ ስብሰባ ክፍል ከሰዓት በኋላ መምጣት አልችልም።,Refusal,2,Refusal_01,test
11227,ማዕከሉ ስለ መልእክቱ ማስጠንቀቂያ በዚህ አመት አውጥቷል።,Warning,4,Warning_08,train
11228,መጽሐፉ ገና ወደ መጋዘን በሳምንቱ መጨረሻ አልደረሰኝም።,Complaint,6,Complaint_07,train
11229,እሰይ፣ ሌላ ችግር በፋብሪካ ከሰዓት በኋላ፣ ልክ የሚያስፈልገን ይሄው ነበር።,Sarcasm/Irony,5,Sarcasm/Irony_07,train
11230,ስራ አስኪያጁ ወደ ፖሊስ ጣቢያ በሚቀጥለው ወር ሄደዋል።,Assertion,1,Assertion_07,train
11231,ደረሰኙ ገና ወደ ባንክ በሳምንቱ መጨረሻ አልደረሰኝም።,Complaint,6,Complaint_07,train
11232,ቢያንስ አንዴ ቁልፉን በሆስፒታል እንሞክር።,Suggestion,3,Suggestion_05,train
11233,ደህና እደር ባልደረባዬ፣ በሚቀጥለው አመት እንገናኝ።,Phatic,7,Phatic_06,train
11234,እባክዎ ቁልፉን ለፖሊሱ በሚቀጥለው ወር ይላኩልኝ።,Request,0,Request_00,train
11235,ኤጀንሲው ከሁለት ቀናት በኋላ አዲስ ምርት አስተዋውቋል።,Assertion,1,Assertion_02,val
11236,ይህን መኪናውን ከጓደኛዬ መቀበል አልችልም።,Refusal,2,Refusal_03,train
11237,ወደ ሱቅ ዛሬ እንሂድ።,Suggestion,3,Suggestion_01,test
11238,ኤጀንሲው ስለ መልእክቱ ማስጠንቀቂያ ነገ ጠዋት አውጥቷል።,Warning,4,Warning_08,train
11239,እባክህ ይቅርታ አድርግልኝ፣ ወደ ቤት በስብሰባው ወቅት መምጣት አልችልም።,Refusal,2,Refusal_01,test
11240,ከሶስት ሰዓት በኋላ ወደ ገበያ እመጣለሁ።,Promise,8,Promise_00,train
11241,መስኮቱ ገና ወደ ገበያ በሳምንቱ መጨረሻ አልደረሰኝም።,Complaint,6,Complaint_07,train
11242,ደህና ሁን አለቃዬ፣ እስከ በዚህ አመት እንገናኝ።,Phatic,7,Phatic_13,train
11243,እርግጠኛ ነኝ ባልደረባዬ ከሁለት ቀናት በኋላ ይደርሳሉ፣ እንደ ሁልጊዜው።,Sarcasm/Irony,5,Sarcasm/Irony_05,test
11244,በፖሊስ ጣቢያ ትንሽ እረፍት ከጥቂት ደቂቃዎች በኋላ ብንወስድ ጥሩ ነው።,Suggestion,3,Suggestion_09,test
11245,ያልተፈቀደ ግቢ ወደ ፖሊስ ጣቢያ ከምሽቱ ጀምሮ አይግቡ።,Warning,4,Warning_09,test
11246,ስቱዲዮው ስለ ትዕዛዙ ማስጠንቀቂያ ነገ ጠዋት አውጥቷል።,Warning,4,Warning_08,train
11247,እንዴት ደስ ይላል፣ ደንበኛው እንደገና ከምሽቱ ጀምሮ ዘገዩ።,Sarcasm/Irony,5,Sarcasm/Irony_03,train
11248,በጣም ብልህ ነህ ባልደረባዬ፣ ደብዳቤውን ረሳኸው።,Sarcasm/Irony,5,Sarcasm/Irony_04,train
11249,ጎበዝ! በጣም ጥሩ ስራ ሰራህ ጠበቃው፣ ስልኩን አበላሸኸው።,Sarcasm/Irony,5,Sarcasm/Irony_02,train
11250,በጣም ብልህ ነህ መምህሩ፣ መኪናውን ረሳኸው።,Sarcasm/Irony,5,Sarcasm/Irony_04,train
11251,ገንዘቡ ገና ወደ ፖሊስ ጣቢያ ዛሬ ማታ አልደረሰኝም።,Complaint,6,Complaint_07,train
11252,አዎ በርግጥ፣ የማህበሩ እቅድ በነገ በጭራሽ አይከሽፍም።,Sarcasm/Irony,5,Sarcasm/Irony_11,train
11253,ይህ መልእክቱ ከማዕከሉ ጥራት የለውም።,Complaint,6,Complaint_00,val
11254,እምቢ ማለት እፈልጋለሁ፣ ይህ ፕሮጀክቱ አይሆንልኝም።,Refusal,2,Refusal_05,train
11255,ባንክ ከሁለት ቀናት በኋላ ተከፍቷል።,Assertion,1,Assertion_14,train
11256,ቢያንስ አንዴ ውሃውን በቤት እንሞክር።,Suggestion,3,Suggestion_05,train
11257,ስለ በሩ ጉዳይ ከጋዜጠኛው ጋር እንወያይ።,Suggestion,3,Suggestion_10,train
11258,እባክዎ ውሉን ለነጋዴው ከሶስት ሰዓት በኋላ ይላኩልኝ።,Request,0,Request_00,train
11259,ጠበቃው፣ ጤና ይስጥልኝ በባንክ።,Phatic,7,Phatic_03,train
11260,ይቅርታ፣ መልእክቱን ከምሽቱ ጀምሮ ማድረግ አልችልም።,Refusal,2,Refusal_00,train
11261,ዕቃው በአውሮፕላን ማረፊያ ይገኛል።,Assertion,1,Assertion_00,test
11262,እባክዎ መኪናውን ለጠበቃው ነገ ይላኩልኝ።,Request,0,Request_00,train
11263,ይህን ሂሳቡን ያለ ዶክተሩ ትዕዛዝ አይውሰዱ።,Warning,4,Warning_12,val
11264,ኩባንያው ስለ ትዕዛዙ ማስጠንቀቂያ በሚቀጥለው አመት አውጥቷል።,Warning,4,Warning_08,train
11265,የመሳሪያው ዋጋውን ከአንድ ሰዓት በኋላ ብንቀንስ ደንበኞች ይጨምራሉ።,Suggestion,3,Suggestion_07,train
11266,እባክዎ መልእክቱን ለጠበቃው በስብሰባው ወቅት ይላኩልኝ።,Request,0,Request_00,train
11267,እንኳን ደስ አለህ ባልደረባዬ፣ ስለ ገንዘቡ እንደገና ተሳስተሃል።,Sarcasm/Irony,5,Sarcasm/Irony_13,train
11268,እባክዎ ይቅርታ፣ መጽሐፉን ከምሽቱ ጀምሮ ማቅረብ አልችልም።,Refusal,2,Refusal_09,train
11269,ቢያንስ አንዴ ማሽኑን በአውሮፕላን ማረፊያ እንሞክር።,Suggestion,3,Suggestion_05,train
11270,ከሹፌሩ ጋር ዛሬ በቢሮ እገናኛለሁ።,Promise,8,Promise_04,val
11271,ይህን ጥያቄውን ከዶክተሩ መቀበል አልችልም።,Refusal,2,Refusal_03,train
11272,ገንዘቡን ለጓደኛዬ ነገ እከፍላለሁ።,Promise,8,Promise_02,test
11273,እሰይ፣ ሌላ ችግር በፍርድ ቤት በሚቀጥለው ሳምንት፣ ልክ የሚያስፈልገን ይሄው ነበር።,Sarcasm/Irony,5,Sarcasm/Irony_07,train
11274,ባንኩ ስለ መሳሪያው ማስጠንቀቂያ ከሁለት ቀናት በኋላ አውጥቷል።,Warning,4,Warning_08,train
11275,ጤና ይስጥልኝ ዶክተሩ፣ በዚህ ወር ደህና ነህ?,Phatic,7,Phatic_12,train
11276,እንኳን ደስ አለህ ጋዜጠኛው፣ ስለ ትዕዛዙ እንደገና ተሳስተሃል።,Sarcasm/Irony,5,Sarcasm/Irony_13,train
11277,እባክዎ መልእክቱን ለአለቃዬ በሚቀጥለው አመት ይላኩልኝ።,Request,0,Request_00,train
11278,ውድቅ አደርገዋለሁ፣ መሳሪያው ስላልተመቸኝ።,Refusal,2,Refusal_08,val
11279,ጓደኛዬ ወደ ፍርድ ቤት በስብሰባው ወቅት ሄደዋል።,Assertion,1,Assertion_07,train
11280,እባክዎ ማሽኑን ወደ ትምህርት ቤት ይላኩ።,Request,0,Request_06,test
11281,በትምህርት ቤት ትንሽ እረፍት ከሁለት ቀናት በኋላ ብንወስድ ጥሩ ነው።,Suggestion,3,Suggestion_09,test
11282,በሚቀጥለው ወር በሆስፒታል ስብሰባ እናድርግ።,Suggestion,3,Suggestion_02,train
11283,እባክዎ ነገ ወደ ከተማው ውስጥ ይድረሱልኝ።,Request,0,Request_07,val
11284,በፋብሪካ ትንሽ እረፍት በዚህ አመት ብንወስድ ጥሩ ነው።,Suggestion,3,Suggestion_09,test
11285,የሰነዱ ችግር በሚቀጥለው ወር ከመምህሩ ጋር እፈታለሁ።,Promise,8,Promise_11,train
11286,እባክዎ ይቅርታ፣ ውሃውን በዚህ ወር ማቅረብ አልችልም።,Refusal,2,Refusal_09,train
11287,የኮምፒዩተሩ ችግር ነገ ከሰዓት በኋላ ከባልደረባዬ ጋር እፈታለሁ።,Promise,8,Promise_11,train
11288,ቤቱን ከዛሬ ጀምሮ ብንሞክር ጥሩ ይሆናል።,Suggestion,3,Suggestion_00,train
11289,እባክዎ ቡናውን ለባልደረባዬ በሚቀጥለው ወር ይላኩልኝ።,Request,0,Request_00,train
11290,የዕቃው ዋጋውን ነገ ከሰዓት በኋላ ብንቀንስ ደንበኞች ይጨምራሉ።,Suggestion,3,Suggestion_07,train
11291,እባክዎ መኪናውን ለአስተማሪዋ በስብሰባው ወቅት ይላኩልኝ።,Request,0,Request_00,train
11292,ይህን ሃሳብ ስለ ኮምፒዩተሩ አልቀበልም።,Refusal,2,Refusal_14,val
11293,ፋይሉ ገና ወደ ፍርድ ቤት ከሁለት ቀናት በኋላ አልደረሰኝም።,Complaint,6,Complaint_07,train
11294,ይህን ቡናውን ከባልደረባዬ መቀበል አልችልም።,Refusal,2,Refusal_03,train
11295,እንኳን ደስ አለህ አለቃዬ፣ ስለ ምርቱ እንደገና ተሳስተሃል።,Sarcasm/Irony,5,Sarcasm/Irony_13,train
11296,እባክዎ ምርቱን ለዶክተሩ ነገ ከሰዓት በኋላ ይላኩልኝ።,Request,0,Request_00,train
11297,አዎ በእርግጥ፣ ሚኒስትሩ ከዛሬ ጀምሮ ትመጣለህ ብዬ አላምንም።,Sarcasm/Irony,5,Sarcasm/Irony_01,test
11298,የቦርሳው ችግር በሳምንቱ መጨረሻ ከዶክተሩ ጋር እፈታለሁ።,Promise,8,Promise_11,train
11299,ቢያንስ አንዴ ገንዘቡን በአውሮፕላን ማረፊያ እንሞክር።,Suggestion,3,Suggestion_05,train
11300,ስራ አስኪያጁ ወደ ከተማው ውስጥ ከምሽቱ ጀምሮ ሄደዋል።,Assertion,1,Assertion_07,train
11301,ባንኩ ስለ ደረሰኙ ማስጠንቀቂያ ነገ አውጥቷል።,Warning,4,Warning_08,train
11302,ከነጋዴው ጋር ከሶስት ሰዓት በኋላ በሆስፒታል እገናኛለሁ።,Promise,8,Promise_04,val
11303,ቦርሳውን በጥንቃቄ ለሚኒስትሩ እይዛለሁ።,Promise,8,Promise_07,train
11304,እንኳን ደስ አለህ መምህሩ ነገ ጠዋት።,Phatic,7,Phatic_07,train
11305,እባክዎ ልብሱን ለስራ አስኪያጁ ከአንድ ሰዓት በኋላ ይላኩልኝ።,Request,0,Request_00,train
11306,ይህን ሪፖርቱን ከስራ አስኪያጁ መቀበል አልችልም።,Refusal,2,Refusal_03,train
11307,ሪፖርቱ ገና ወደ መንገድ ላይ በሚቀጥለው ሳምንት አልደረሰኝም።,Complaint,6,Complaint_07,train
11308,አመሰግናለሁ አስተማሪዋ፣ ደህና ዋል በሆስፒታል።,Phatic,7,Phatic_08,train
11309,ከፖሊሱ ጋር ነገ በገበያ እገናኛለሁ።,Promise,8,Promise_04,val
11310,ስጦታው ገና ወደ ባንክ ከጥቂት ደቂቃዎች በኋላ አልደረሰኝም።,Complaint,6,Complaint_07,train
11311,ስቱዲዮው ቃል የገባውን ዛሬ ማታ አላከበረም።,Complaint,6,Complaint_02,test
11312,እባክህ ለበሩ ይህን ዘዴ ከሰዓት በኋላ ተጠቀም።,Suggestion,3,Suggestion_04,train
11313,ሚኒስትሩ ወደ ፋብሪካ በሚቀጥለው አመት ሄደዋል።,Assertion,1,Assertion_07,train
11314,ቡናው ገና ወደ ገበያ በዚህ ሳምንት አልደረሰኝም።,Complaint,6,Complaint_07,train
11315,እባክዎ ሪፖርቱን ለጓደኛዬ በስብሰባው ወቅት ይላኩልኝ።,Request,0,Request_00,train
11316,ጓደኛዬ ወደ ገበያ ከምሽቱ ጀምሮ ሄደዋል።,Assertion,1,Assertion_07,train
11317,መኪናው ገና ወደ ሆስፒታል በዚህ ሳምንት አልደረሰኝም።,Complaint,6,Complaint_07,train
11318,ኤጀንሲው ስለ ሪፖርቱ ማስጠንቀቂያ በሳምንቱ መጨረሻ አውጥቷል።,Warning,4,Warning_08,train
11319,እባክዎ መስኮቱን ለዶክተሩ ነገ ጠዋት ይላኩልኝ።,Request,0,Request_00,train
11320,የትዕዛዙ ችግር በሚቀጥለው ሳምንት ከአለቃዬ ጋር እፈታለሁ።,Promise,8,Promise_11,train
11321,እባክዎ ውሃውን ለጓደኛዬ ከአንድ ሰዓት በኋላ ይላኩልኝ።,Request,0,Request_00,train
11322,እባክዎ ውሃውን ለሹፌሩ ነገ ይላኩልኝ።,Request,0,Request_00,train
11323,በጣም ብልህ ነህ መሐንዲሱ፣ ፕሮጀክቱን ረሳኸው።,Sarcasm/Irony,5,Sarcasm/Irony_04,train
11324,ወደ ሱቅ ከሶስት ሰዓት በኋላ እንሂድ።,Suggestion,3,Suggestion_01,test
11325,የቁልፉ ችግር ከጥቂት ደቂቃዎች በኋላ ከነጋዴው ጋር እፈታለሁ።,Promise,8,Promise_11,train
11326,ሹፌሩ ወደ ፖሊስ ጣቢያ በዚህ ወር ሄደዋል።,Assertion,1,Assertion_07,train
11327,እባክዎ መሳሪያውን ለጠበቃው በዚህ አመት ይላኩልኝ።,Request,0,Request_00,train
11328,ድርጅቱ ስለ ዕቃው ማስጠንቀቂያ ዛሬ አውጥቷል።,Warning,4,Warning_08,train
11329,ከደንበኛው ጋር በሚቀጥለው ሳምንት በትምህርት ቤት እገናኛለሁ።,Promise,8,Promise_04,val
11330,የቡናው ችግር በዚህ ወር ከሚኒስትሩ ጋር እፈታለሁ።,Promise,8,Promise_11,train
11331,ሪፖርቱን ዛሬ ማታ ብንሞክር ጥሩ ይሆናል።,Suggestion,3,Suggestion_00,train
11332,መኪናውን በሚቀጥለው ሳምንት ብንሞክር ጥሩ ይሆናል።,Suggestion,3,Suggestion_00,train
11333,ከደንበኛው ጋር ነገ ጠዋት በከተማው ውስጥ እገናኛለሁ።,Promise,8,Promise_04,val
11334,እባክህ ለጥያቄው ይህን ዘዴ በዚህ አመት ተጠቀም።,Suggestion,3,Suggestion_04,train
11335,ውሃው ከጋዜጠኛው አጠገብ አደገኛ ሊሆን ይችላል።,Warning,4,Warning_01,test
11336,ነጋዴው ወደ ፋብሪካ ነገ ከሰዓት በኋላ ሄደዋል።,Assertion,1,Assertion_07,train
11337,ጓደኛዬ ወደ ስብሰባ ክፍል ከሰዓት በኋላ ሄደዋል።,Assertion,1,Assertion_07,train
11338,የቤቱ ችግር ከሁለት ቀናት በኋላ ከመምህሩ ጋር እፈታለሁ።,Promise,8,Promise_11,train
11339,ነጋዴው ወደ ሆስፒታል በሚቀጥለው አመት ሄደዋል።,Assertion,1,Assertion_07,train
11340,ፖሊሱ ወደ ፖሊስ ጣቢያ ከዛሬ ጀምሮ ሄደዋል።,Assertion,1,Assertion_07,train
11341,ስቱዲዮው በዚህ ሳምንት ትርፍ አግኝቷል።,Assertion,1,Assertion_04,test
11342,እባክህ ይቅርታ አድርግልኝ፣ ወደ ሱቅ በሚቀጥለው ወር መምጣት አልችልም።,Refusal,2,Refusal_01,test
11343,ፕሮጀክቱን ከምሽቱ ጀምሮ ከጠበቃው ጋር ብንጀምር ይሻላል።,Suggestion,3,Suggestion_08,val
11344,ምርቱ ገና ወደ ስብሰባ ክፍል ከጥቂት ደቂቃዎች በኋላ አልደረሰኝም።,Complaint,6,Complaint_07,train
11345,ይቅርታ፣ መጽሐፉን ከአንድ ሰዓት በኋላ ማድረግ አልችልም።,Refusal,2,Refusal_00,train
11346,እንዴት ጎበዝ ነህ ሚኒስትሩ፣ ደብዳቤውን ሰብረኸዋል!,Sarcasm/Irony,5,Sarcasm/Irony_00,train
11347,አስተማሪዋ ወደ ከተማው ውስጥ ከጥቂት ደቂቃዎች በኋላ ሄደዋል።,Assertion,1,Assertion_07,train
11348,የገንዘቡ ዋጋውን ከምሽቱ ጀምሮ ብንቀንስ ደንበኞች ይጨምራሉ።,Suggestion,3,Suggestion_07,train
11349,እባክዎ ካርታውን ለዶክተሩ በሚቀጥለው አመት ይላኩልኝ።,Request,0,Request_00,train
11350,የውሉ ችግር ዛሬ ማታ ከመሐንዲሱ ጋር እፈታለሁ።,Promise,8,Promise_11,train
11351,የቦርሳው ችግር ዛሬ ማታ ከሹፌሩ ጋር እፈታለሁ።,Promise,8,Promise_11,train
11352,ስለ ሰነዱ ከአለቃዬ ጋር ማሰብ ይኖርብናል።,Suggestion,3,Suggestion_03,train
11353,በሱቅ በዚህ ወር ንጽህና ጎድሏል።,Complaint,6,Complaint_13,test
11354,መሐንዲሱ፣ እንደምን አደርክ ዛሬ?,Phatic,7,Phatic_01,train
11355,ፕሮጀክቱ ገና ወደ ሆስፒታል ዛሬ አልደረሰኝም።,Complaint,6,Complaint_07,train
11356,ማህበሩ ስለ ስልኩ ማስጠንቀቂያ በዚህ ወር አውጥቷል።,Warning,4,Warning_08,train
11357,ሚኒስቴሩ ከአንድ ሰዓት በኋላ አዲስ ምርት አስተዋውቋል።,Assertion,1,Assertion_02,val
11358,ወደ ፖሊስ ጣቢያ ዛሬ እንሂድ።,Suggestion,3,Suggestion_01,test
11359,ይቅርታ፣ ፋይሉን ከጥቂት ደቂቃዎች በኋላ ማድረግ አልችልም።,Refusal,2,Refusal_00,train
11360,ባንኩ ስለ ደብዳቤው ማስጠንቀቂያ በሳምንቱ መጨረሻ አውጥቷል።,Warning,4,Warning_08,train
11361,ስራ አስኪያጁ ወደ ትምህርት ቤት ከጥቂት ደቂቃዎች በኋላ ሄደዋል።,Assertion,1,Assertion_07,train
11362,ይህን ቡናውን ከጠበቃው መቀበል አልችልም።,Refusal,2,Refusal_03,train
11363,ሚኒስትሩ ወደ ባንክ ዛሬ ማታ ሄደዋል።,Assertion,1,Assertion_07,train
11364,የሂሳቡ ችግር በስብሰባው ወቅት ከአስተማሪዋ ጋር እፈታለሁ።,Promise,8,Promise_11,train
11365,እንኳን ወደ ቤት ደህና መጣህ ስራ አስኪያጁ።,Phatic,7,Phatic_04,test
11366,እርግጠኛ ነኝ አለቃዬ በስብሰባው ወቅት ይደርሳሉ፣ እንደ ሁልጊዜው።,Sarcasm/Irony,5,Sarcasm/Irony_05,test
11367,ጠበቃው ወደ ሆስፒታል በሚቀጥለው አመት ሄደዋል።,Assertion,1,Assertion_07,train
11368,ሚኒስትሩ ስብሰባውን ከሁለት ቀናት በኋላ መርተዋል።,Assertion,1,Assertion_03,val
11369,ስለ ዕቃው ከደንበኛው ጋር ማሰብ ይኖርብናል።,Suggestion,3,Suggestion_03,train
11370,ቃል እገባለሁ፣ መኪናውን ከሁለት ቀናት በኋላ አላዘገይም።,Promise,8,Promise_03,test
11371,ሪፖርቱን በሚቀጥለው ሳምንት ብንሞክር ጥሩ ይሆናል።,Suggestion,3,Suggestion_00,train
11372,ይህን ኮምፒዩተሩን ያለ መምህሩ ትዕዛዝ አይውሰዱ።,Warning,4,Warning_12,val
11373,ሹፌሩ ስብሰባውን ዛሬ መርተዋል።,Assertion,1,Assertion_03,val
11374,ስራ አስኪያጁ፣ ጤና ይስጥልኝ በአውሮፕላን ማረፊያ።,Phatic,7,Phatic_03,train
11375,ፋይሉ ገና ወደ ትምህርት ቤት በዚህ አመት አልደረሰኝም።,Complaint,6,Complaint_07,train
11376,እንደምን አለህ በትምህርት ቤት፣ ባልደረባዬ?,Phatic,7,Phatic_11,val
11377,ደንበኛው ወደ ከተማው ውስጥ በሚቀጥለው ወር ሄደዋል።,Assertion,1,Assertion_07,train
11378,ይህን መልእክቱን ያለ ዶክተሩ ትዕዛዝ አይውሰዱ።,Warning,4,Warning_12,val
11379,እባክዎ መስኮቱን ለጠበቃው በስብሰባው ወቅት ይላኩልኝ።,Request,0,Request_00,train
11380,እንዴት ጎበዝ ነህ መሐንዲሱ፣ መጽሐፉን ሰብረኸዋል!,Sarcasm/Irony,5,Sarcasm/Irony_00,train
11381,ከሚኒስትሩ ጋር ነገ በቢሮ እገናኛለሁ።,Promise,8,Promise_04,val
11382,ስቱዲዮው ስለ ካርታው ማስጠንቀቂያ ከሰዓት በኋላ አውጥቷል።,Warning,4,Warning_08,train
11383,እባክህ ይቅርታ አድርግልኝ፣ ወደ ከተማው ውስጥ ዛሬ መምጣት አልችልም።,Refusal,2,Refusal_01,test
11384,ከዶክተሩ ጋር ስለ ስጦታው ጉዳይ መስማማት አልችልም።,Refusal,2,Refusal_06,train
11385,ይህን ቡናውን ከፖሊሱ መቀበል አልችልም።,Refusal,2,Refusal_03,train
11386,አለቃዬ፣ ቤተሰብ በገበያ እንዴት ናቸው?,Phatic,7,Phatic_05,val
11387,እባክዎ ይቅርታ፣ ስጦታውን በዚህ አመት ማቅረብ አልችልም።,Refusal,2,Refusal_09,train
11388,እባክዎ ካርታውን ለጓደኛዬ በዚህ ሳምንት ይላኩልኝ።,Request,0,Request_00,train
11389,ከፖሊሱ ጋር ስለ መጽሐፉ ጉዳይ መስማማት አልችልም።,Refusal,2,Refusal_06,train
11390,ይህን መጽሐፉን ከመምህሩ ጋር በጥንቃቄ ያዙ።,Warning,4,Warning_04,val
11391,ፍርድ ቤት በዚህ ሳምንት ተከፍቷል።,Assertion,1,Assertion_14,train
11392,ቁልፉ ገና ወደ ሱቅ ከጥቂት ደቂቃዎች በኋላ አልደረሰኝም።,Complaint,6,Complaint_07,train
11393,በፍርድ ቤት ነገ ከሰዓት በኋላ ንጽህና ጎድሏል።,Complaint,6,Complaint_13,test
11394,እባክዎ ለጋዜጠኛው ውሉን ያድርሱ።,Request,0,Request_14,test
11395,እባክህ ይቅርታ አድርግልኝ፣ ወደ መንገድ ላይ በዚህ አመት መምጣት አልችልም።,Refusal,2,Refusal_01,test
11396,ምርቱ ገና ወደ ባንክ በዚህ ሳምንት አልደረሰኝም።,Complaint,6,Complaint_07,train
11397,ጎበዝ ስራ ፖሊሱ፣ ውሉ ሙሉ በሙሉ ፈርሷል።,Sarcasm/Irony,5,Sarcasm/Irony_09,train
11398,ቤቱ ገና ወደ ገበያ ከምሽቱ ጀምሮ አልደረሰኝም።,Complaint,6,Complaint_07,train
11399,እባክዎ ማሽኑን ለዶክተሩ ከሶስት ሰዓት በኋላ ይላኩልኝ።,Request,0,Request_00,train
11400,ከጓደኛዬ ጋር ስለ ቤቱ ጉዳይ መስማማት አልችልም።,Refusal,2,Refusal_06,train
11401,እባክዎ ቁልፉን ለመሐንዲሱ ከዛሬ ጀምሮ ይላኩልኝ።,Request,0,Request_00,train
11402,እንኳን ደስ አለህ መሐንዲሱ ዛሬ ማታ።,Phatic,7,Phatic_07,train
11403,ደህና ሁን ሹፌሩ፣ እስከ በስብሰባው ወቅት እንገናኝ።,Phatic,7,Phatic_13,train
11404,ዕቃው ገና ወደ ባንክ ከሶስት ሰዓት በኋላ አልደረሰኝም።,Complaint,6,Complaint_07,train
11405,ፖሊሱ፣ እንደምን አደርክ ከሰዓት በኋላ?,Phatic,7,Phatic_01,train
11406,ጓደኛዬ ወደ አውሮፕላን ማረፊያ ነገ ጠዋት ሄደዋል።,Assertion,1,Assertion_07,train
11407,ነጋዴው ወደ ፖሊስ ጣቢያ ዛሬ ማታ ሄደዋል።,Assertion,1,Assertion_07,train
11408,ከጠበቃው ጋር ነገ በመጋዘን እገናኛለሁ።,Promise,8,Promise_04,val
11409,የመኪናው ችግር በሚቀጥለው ሳምንት ከፖሊሱ ጋር እፈታለሁ።,Promise,8,Promise_11,train
11410,የቡናው ገመድ በፋብሪካ አደገኛ ነው ተጠንቀቁ።,Warning,4,Warning_07,train
11411,እባክዎ ትዕዛዙን ለሚኒስትሩ ከአንድ ሰዓት በኋላ ይላኩልኝ።,Request,0,Request_00,train
11412,በሚቀጥለው ወር በሱቅ ስብሰባ እናድርግ።,Suggestion,3,Suggestion_02,train
11413,ደህና ሁን ነጋዴው፣ እስከ በሚቀጥለው ወር እንገናኝ።,Phatic,7,Phatic_13,train
11414,ፋብሪካው ስለ ውሃው ማስጠንቀቂያ ነገ ጠዋት አውጥቷል።,Warning,4,Warning_08,train
11415,የቦርሳው ችግር ከጥቂት ደቂቃዎች በኋላ ከጋዜጠኛው ጋር እፈታለሁ።,Promise,8,Promise_11,train
11416,ሰላም፣ በሚቀጥለው ሳምንት ደህና አደርክ?,Phatic,7,Phatic_10,test
11417,እባክዎ ኮምፒዩተሩን ለፖሊሱ ከሰዓት በኋላ ይላኩልኝ።,Request,0,Request_00,train
11418,መምህሩ፣ ጤና ይስጥልኝ በሱቅ።,Phatic,7,Phatic_03,train
11419,ማዕከሉ ስለ ስጦታው ማስጠንቀቂያ ከጥቂት ደቂቃዎች በኋላ አውጥቷል።,Warning,4,Warning_08,train
11420,መምህሩ ወደ ሱቅ ከሁለት ቀናት በኋላ ሄደዋል።,Assertion,1,Assertion_07,train
11421,እባክዎ ውሃውን ለስራ አስኪያጁ ዛሬ ይላኩልኝ።,Request,0,Request_00,train
11422,እርግጠኛ ነኝ ዶክተሩ ከአንድ ሰዓት በኋላ ይደርሳሉ፣ እንደ ሁልጊዜው።,Sarcasm/Irony,5,Sarcasm/Irony_05,test
11423,እባክዎ ውሉን ከሁለት ቀናት በኋላ ይላኩልኝ።,Request,0,Request_13,val
11424,ስልኩን ከአንድ ሰዓት በኋላ ብንሞክር ጥሩ ይሆናል።,Suggestion,3,Suggestion_00,train
11425,ከጠበቃው ጋር ከሶስት ሰዓት በኋላ መነጋገር ይሻላል።,Suggestion,3,Suggestion_06,val
11426,ክፍያ ብከፍልም ከኤጀንሲው አገልግሎት ከአንድ ሰዓት በኋላ አላገኘሁም።,Complaint,6,Complaint_10,val
11427,ከደንበኛው ጋር ዛሬ በሱቅ እገናኛለሁ።,Promise,8,Promise_04,val
11428,አመሰግናለሁ ሚኒስትሩ፣ ደህና ዋል በከተማው ውስጥ።,Phatic,7,Phatic_08,train
11429,ቢያንስ አንዴ ስጦታውን በፍርድ ቤት እንሞክር።,Suggestion,3,Suggestion_05,train
11430,ሰላም፣ ነገ ደህና አደርክ?,Phatic,7,Phatic_10,test
11431,ደንበኛው፣ ጤና ይስጥልኝ በሱቅ።,Phatic,7,Phatic_03,train
11432,እንደምን አለህ በፋብሪካ፣ ባልደረባዬ?,Phatic,7,Phatic_11,val
11433,ይህ ደረሰኙ ከድርጅቱ ጥራት የለውም።,Complaint,6,Complaint_00,val
11434,ክፍያ ብከፍልም ከማዕከሉ አገልግሎት ከሰዓት በኋላ አላገኘሁም።,Complaint,6,Complaint_10,val
11435,ቦርሳው ገና ወደ ፋብሪካ ዛሬ ማታ አልደረሰኝም።,Complaint,6,Complaint_07,train
11436,ገንዘቡ ገና ወደ ትምህርት ቤት በስብሰባው ወቅት አልደረሰኝም።,Complaint,6,Complaint_07,train
11437,እንኳን ደስ አለህ ሹፌሩ ከሶስት ሰዓት በኋላ።,Phatic,7,Phatic_07,train
11438,አመሰግናለሁ ደንበኛው፣ ደህና ዋል በመንገድ ላይ።,Phatic,7,Phatic_08,train
11439,እባክህ ለሪፖርቱ ይህን ዘዴ ከጥቂት ደቂቃዎች በኋላ ተጠቀም።,Suggestion,3,Suggestion_04,train
11440,ኮምፒዩተሩን ነገ ከሰዓት በኋላ ብንሞክር ጥሩ ይሆናል።,Suggestion,3,Suggestion_00,train
11441,እባክዎ ሂሳቡን ለመሐንዲሱ ነገ ከሰዓት በኋላ ይላኩልኝ።,Request,0,Request_00,train
11442,ደህና እደር አስተማሪዋ፣ ከሶስት ሰዓት በኋላ እንገናኝ።,Phatic,7,Phatic_06,train
11443,መንግስት ስለ ደረሰኙ ማስጠንቀቂያ በሚቀጥለው ሳምንት አውጥቷል።,Warning,4,Warning_08,train
11444,እባክዎ ገንዘቡን ለሚኒስትሩ ዛሬ ማታ ይላኩልኝ።,Request,0,Request_00,train
11445,የስጦታው ችግር ዛሬ ማታ ከጓደኛዬ ጋር እፈታለሁ።,Promise,8,Promise_11,train
11446,የቡናው ችግር ከጥቂት ደቂቃዎች በኋላ ከሹፌሩ ጋር እፈታለሁ።,Promise,8,Promise_11,train
11447,ቡናው ገና ወደ ሆስፒታል ከጥቂት ደቂቃዎች በኋላ አልደረሰኝም።,Complaint,6,Complaint_07,train
11448,ሰላም ባልደረባዬ፣ በዚህ ሳምንት እንዴት ነህ?,Phatic,7,Phatic_00,train
11449,ይህን ቡናውን ያለ መሐንዲሱ ትዕዛዝ አይውሰዱ።,Warning,4,Warning_12,val
11450,ስራው ከሁለት ቀናት በኋላ ከደንበኛው ጋር አልተጠናቀቀም።,Complaint,6,Complaint_03,test
11451,በሩ ገና ወደ ትምህርት ቤት ነገ ጠዋት አልደረሰኝም።,Complaint,6,Complaint_07,train
11452,ስለ መጽሐፉ ጉዳይ ከአለቃዬ ጋር እንወያይ።,Suggestion,3,Suggestion_10,train
11453,ሚኒስቴሩ ስለ ስልኩ ማስጠንቀቂያ ከሰዓት በኋላ አውጥቷል።,Warning,4,Warning_08,train
11454,መንግስት ስለ ሪፖርቱ ማስጠንቀቂያ ነገ አውጥቷል።,Warning,4,Warning_08,train
11455,የመስኮቱ ዋጋ በአውሮፕላን ማረፊያ በጣም ውድ ነው።,Complaint,6,Complaint_05,val
11456,እባክዎ ወደ ባንክ በዚህ አመት ይምጡልኝ።,Request,0,Request_03,test
11457,ባንኩ ስለ ማሽኑ ማስጠንቀቂያ ከምሽቱ ጀምሮ አውጥቷል።,Warning,4,Warning_08,train
11458,ቢያንስ አንዴ ውሉን በቤት እንሞክር።,Suggestion,3,Suggestion_05,train
11459,ፋብሪካው ስለ ገንዘቡ ማስጠንቀቂያ ነገ ከሰዓት በኋላ አውጥቷል።,Warning,4,Warning_08,train
11460,የመስኮቱ ችግር ከጥቂት ደቂቃዎች በኋላ ከነጋዴው ጋር እፈታለሁ።,Promise,8,Promise_11,train
11461,ፋብሪካው ስለ ፋይሉ ማስጠንቀቂያ ነገ ከሰዓት በኋላ አውጥቷል።,Warning,4,Warning_08,train
11462,እርግጠኛ ነኝ ባልደረባዬ ከዛሬ ጀምሮ ይደርሳሉ፣ እንደ ሁልጊዜው።,Sarcasm/Irony,5,Sarcasm/Irony_05,test
11463,እንኳን ወደ መንገድ ላይ ደህና መጣህ ጋዜጠኛው።,Phatic,7,Phatic_04,test
11464,እንዴት ጥሩ ነው መምህሩ፣ በስብሰባው ወቅት ደግሞ ዘገየ።,Sarcasm/Irony,5,Sarcasm/Irony_10,val
11465,ፕሮጀክቱን በዚህ አመት ከአለቃዬ ጋር ብንጀምር ይሻላል።,Suggestion,3,Suggestion_08,val
11466,ይህን ጥያቄውን ከሹፌሩ መቀበል አልችልም።,Refusal,2,Refusal_03,train
11467,የቦርሳው ችግር ከጥቂት ደቂቃዎች በኋላ ከባልደረባዬ ጋር እፈታለሁ።,Promise,8,Promise_11,train
11468,ይህን ስልኩን ያለ ጓደኛዬ ትዕዛዝ አይውሰዱ።,Warning,4,Warning_12,val
11469,ከአንድ ሰዓት በኋላ ወደ መንገድ ላይ እመጣለሁ።,Promise,8,Promise_00,train
11470,የዕቃው ችግር በዚህ ወር ከጓደኛዬ ጋር እፈታለሁ።,Promise,8,Promise_11,train
11471,ዶክተሩ፣ እንደምን አደርክ ከሁለት ቀናት በኋላ?,Phatic,7,Phatic_01,train
11472,እባክዎ ይቅርታ፣ ቁልፉን በሳምንቱ መጨረሻ ማቅረብ አልችልም።,Refusal,2,Refusal_09,train
11473,እባክህ ይቅርታ አድርግልኝ፣ ወደ ፋብሪካ ነገ ከሰዓት በኋላ መምጣት አልችልም።,Refusal,2,Refusal_01,test
11474,ስለ ስልኩ ከሹፌሩ ጋር ማሰብ ይኖርብናል።,Suggestion,3,Suggestion_03,train
11475,እባክዎ ቦርሳውን ከዛሬ ጀምሮ ይላኩልኝ።,Request,0,Request_13,val
