id,text,label,label_id,template_id,split
1,ቦታው ዛሬ ጠዋት አልተያዘም።,Complaint,6,Complaint_07,train
2,ይቅርታ፣ ትዕዛዙን በዚህ ሳምንት መላክ አልችልም።,Refusal,2,Refusal_02,train
3,አይደለም፣ ሪፖርቱን ዛሬ ማጠናቀቅ አልችልም።,Refusal,2,Refusal_10,val
4,ሪፖርቱ በዚህ ወር አልቀረበም።,Complaint,6,Complaint_05,train
5,ለባልደረባዬ ነገ ጠዋት እደውላለሁ።,Promise,8,Promise_10,train
6,መጽሐፉ ነገ ማታ ደረሰ።,Assertion,1,Assertion_11,train
7,ይሻላል ክፍያውን ነገ ጠዋት ማድረግ።,Suggestion,3,Suggestion_08,train
8,ቦታው ነፃ ነው።,Assertion,1,Assertion_10,train
9,መረጃው ነገ አልደረሰኝም።,Complaint,6,Complaint_06,train
10,ተጠንቀቅ፣ ለወንድሜ ካልላክ ችግር ይፈጥራል።,Warning,4,Warning_02,train
11,ስራው በቅርቡ ተጀምሯል።,Assertion,1,Assertion_13,test
12,ምግቡ ዛሬ ጠዋት አልደረሰኝም።,Complaint,6,Complaint_08,val
13,ጤና ይስጥልኝ፣ ስራ እንዴት ነው?,Phatic,7,Phatic_02,train
14,ማስጠንቀቂያ፣ ውሳኔውን በዚህ ሳምንት ካላሳወቅክ ችግር ይፈጥራል።,Warning,4,Warning_11,train
15,ምናልባት መልእክቱን ነገ ማታ ማድረግ ይሻላል።,Suggestion,3,Suggestion_00,train
16,ተጠንቀቅ፣ ውሉን ነገ ማታ ካልፈረምክ ህጋዊ ችግር ይፈጥራል።,Warning,4,Warning_04,test
17,የምግቡ ጥራት ዝቅተኛ ነው።,Complaint,6,Complaint_11,val
18,ማስጠንቀቂያ፣ ክፍያውን በሚቀጥለው ቀን ካላደረግክ አገልግሎት ይቋረጣል።,Warning,4,Warning_03,train
19,እንዴት ነህ ጓደኛ?,Phatic,7,Phatic_12,train
20,ጤና ይስጥልኝ፣ ቤተሰብ እንዴት ናቸው?,Phatic,7,Phatic_06,train
21,ተጠንቀቅ፣ ለአጋሬ ካልደወልክ ችግር ይፈጥራል።,Warning,4,Warning_12,train
22,ማስጠንቀቂያ፣ ትዕዛዙን አሁን ካላጠናቀቅክ ቅጣት አለ።,Warning,4,Warning_01,train
23,እርግጥ ነው፣ ውሳኔው ትክክል ነው... በጣም ጥሩ!,Sarcasm/Irony,5,Sarcasm/Irony_11,train
24,ተጠንቀቅ፣ ስራውን በሚቀጥለው ወር ካላጠናቀቅክ ቅጣት አለ።,Warning,4,Warning_14,train
25,ተጠንቀቅ፣ ለጓደኛዋ ካልላክ ችግር ይፈጥራል።,Warning,4,Warning_02,train
26,ሪፖርቱ ዝግጁ ነው።,Assertion,1,Assertion_08,train
27,ምግቡ ነገ አልደረሰኝም።,Complaint,6,Complaint_08,train
28,አይ፣ አሁን ስጦታው ማድረግ አልችልም።,Refusal,2,Refusal_01,train
29,እንደሚመስለኝ ትዕዛዙን ዛሬ ማጠናቀቅ ይሻላል።,Suggestion,3,Suggestion_04,train
30,አዎ፣ ለጓደኛችን ደውያለሁ... በጣም ቀላል!,Sarcasm/Irony,5,Sarcasm/Irony_14,test
31,ይቅርታ፣ ውሳኔውን አሁን ማሳወቅ አልችልም።,Refusal,2,Refusal_14,train
32,ትዕዛዙን በዚህ ሳምንት አጠናቅቃለሁ።,Warning,4,Warning_02,test
33,አልችልም፣ ምግቡን በሚቀጥለው ቀን ማዘጋጀት አልቻልኩም።,Refusal,2,Refusal_12,train
34,ማስጠንቀቂያ፣ መረጃውን ካላጋራህ ችግር ይፈጥራል።,Warning,4,Warning_07,train
35,ምክሬ ሸቀጡን አሁን ማረጋገጥ ነው።,Suggestion,3,Suggestion_03,train
36,መጽሐፉ በሚቀጥለው ወር አልደረሰኝም።,Complaint,6,Complaint_09,test
37,አልችልም፣ ምግቡን በሚቀጥለው ወር ማዘጋጀት አልቻልኩም።,Warning,4,Warning_02,train
38,ሰላም፣ እንዴት ነህ?,Phatic,7,Phatic_01,train
39,እንደሚመስለኝ ስጦታውን በፍጥነት ማምጣት ይሻላል።,Warning,4,Warning_02,train
40,ተጠንቀቅ፣ ውሉን በቅርቡ ካልፈረምክ ህጋዊ ችግር ይፈጥራል።,Warning,4,Warning_04,train
41,ቦታው ነፃ ነው።,Assertion,1,Assertion_10,train
42,ማስጠንቀቂያ፣ ክፍያውን በዚህ ወር ካላደረግክ አገልግሎት ይቋረጣል።,Warning,4,Warning_03,test
43,ማስጠንቀቂያ፣ አገልግሎቱን በቅርቡ ካላረጋገጥክ ችግር ይፈጥራል።,Warning,4,Warning_13,train
44,እርግጥ ነው፣ ሪፖርቱ ዝግጁ ነው... በጣም ፈጣን!,Sarcasm/Irony,5,Sarcasm/Irony_05,test
45,የፓኬጁ ችግር ከሰኞ ጀምሮ አልተፈታም።,Complaint,6,Complaint_02,train
46,መጽሐፉን በዚህ ወር አመልሳለሁ።,Promise,8,Promise_09,train
47,ክፍያው ተከፍሏል።,Assertion,1,Assertion_05,train
48,ማስጠንቀቂያ፣ ክፍያውን በዚህ ወር ካላደረግክ አገልግሎት ይቋረጣል።,Warning,4,Warning_03,train
49,ሰላም ነው?,Phatic,7,Phatic_04,train
50,እንደኔ ሀሳብ ውሉን በዚህ ሳምንት መላክ ይሻላል።,Warning,4,Warning_02,val
51,እባክዎ ምግቡን ነገ ማታ ይላኩልኝ።,Request,0,Request_00,train
52,ቦታው ነፃ ነው።,Warning,4,Warning_02,test
53,ይቅርታ፣ ለአስተዳዳሪው መጥራት አልችልም።,Refusal,2,Refusal_11,val
54,ክፍያው በዚህ ሳምንት አልተከፈለም።,Complaint,6,Complaint_03,train
55,እባክዎ ትዕዛዙን አሁን ይላኩልኝ።,Request,0,Request_04,test
56,ሰነዱን በሚቀጥለው ሳምንት አረጋግጣለሁ።,Promise,8,Promise_13,train
57,እንዴት ነህ ጓደኛ?,Phatic,7,Phatic_12,train
58,መረጃውን በሚቀጥለው ወር እላካለሁ።,Promise,8,Promise_06,val
59,ሀሳቤ ውሉን በፍጥነት መፈረም ነው።,Suggestion,3,Suggestion_05,train
60,ሪፖርቱን በፍጥነት አቀርባለሁ።,Promise,8,Promise_05,train
61,ጤና ይስጥልኝ፣ ስራ እንዴት ነው?,Phatic,7,Phatic_02,val
62,እባክዎ ስጦታውን ዛሬ ማታ ያድርሱልኝ።,Request,0,Request_06,train
63,አይ፣ መጽሐፉን ማበደር አልችልም።,Refusal,2,Refusal_13,test
64,መጽሐፉን በሚቀጥለው ሳምንት አመልሳለሁ።,Promise,8,Promise_09,train
65,ለአለቃዬ በፍጥነት አልደወሉልኝም።,Complaint,6,Complaint_14,train
66,ሰላም፣ ስራ በትምህርት ቤት እንዴት ነው?,Phatic,7,Phatic_08,train
67,እርግጥ ነው፣ ክፍያው ተከፍሏል... በጣም ቀላል!,Sarcasm/Irony,5,Sarcasm/Irony_03,test
68,እንደምን አደርክ?,Phatic,7,Phatic_03,train
69,መጽሐፉ ዛሬ ማታ ደረሰ።,Assertion,1,Assertion_11,train
70,የኮንትራቱ ጥራት ዝቅተኛ ነው።,Complaint,6,Complaint_11,test
71,ማስጠንቀቂያ፣ ምግቡን በሚቀጥለው ቀን ካላዘጋጀህ ችግር ይፈጥራል።,Warning,4,Warning_09,train
72,ተጠንቀቅ፣ ውሉን በሚቀጥለው ቀን ካልፈረምክ ህጋዊ ችግር ይፈጥራል።,Warning,4,Warning_04,train
73,ስጦታው በፍጥነት ደርሷል።,Assertion,1,Assertion_01,test
74,አዎ፣ ቦታው ነፃ ነው... በጣም ምቹ!,Sarcasm/Irony,5,Sarcasm/Irony_08,train
75,ማስጠንቀቂያ፣ ፓኬጁን በዚህ ወር ካላረጋገጥክ ችግር ይፈጥራል።,Warning,4,Warning_13,train
76,ስራው ዛሬ ማታ ተጀምሯል።,Assertion,1,Assertion_13,train
77,እባክዎ ክፍያውን ዛሬ ጠዋት ያረጋግጡልኝ።,Request,0,Request_08,train
78,ማስጠንቀቂያ፣ ክፍያውን በሚቀጥለው ቀን ካላደረግክ አገልግሎት ይቋረጣል።,Warning,4,Warning_03,train
79,እርግጥ ነው፣ ሪፖርቱ ዝግጁ ነው... በጣም ፈጣን!,Sarcasm/Irony,5,Sarcasm/Irony_05,train
80,ይሻላል ክፍያውን በሚቀጥለው ወር ማድረግ።,Suggestion,3,Suggestion_08,test
81,እባክዎ ቦታውን ነገ ጠዋት ያስይዙልኝ።,Request,0,Request_12,train
82,የጓደኛዋ ውሳኔ ትክክል ነው።,Assertion,1,Assertion_12,train
83,ማስጠንቀቂያ፣ ሪፖርቱን ዛሬ ጠዋት ካላቀረብክ ቅጣት አለ።,Warning,4,Warning_05,val
84,ትዕዛዙ ነገ ጠዋት አልደረሰኝም።,Complaint,6,Complaint_01,train
85,ይቅርታ፣ ለወንድሜ መላክ አልችልም።,Refusal,2,Refusal_05,val
86,የመረጃው ችግር ከጠዋቱ ጀምሮ ከሰራተኛው ጋር እፈታለሁ።,Assertion,1,Assertion_00,train
87,እንደሚመስለኝ ስጦታውን በዚህ ሳምንት ማምጣት ይሻላል።,Suggestion,3,Suggestion_10,train
88,እባክዎ መጽሐፉን በዚህ ሳምንት ይላኩልኝ።,Request,0,Request_14,train
89,እንደምን አደርክ?,Phatic,7,Phatic_03,train
90,ይሻላል ውሳኔውን በዚህ ወር ማሳወቅ።,Suggestion,3,Suggestion_14,train
91,ይቅርታ፣ ውሳኔውን በቅርቡ ማሳወቅ አልችልም።,Refusal,2,Refusal_14,train
92,እንደኔ ሀሳብ ሪፖርቱን በሚቀጥለው ወር ማቅረብ ይሻላል።,Suggestion,3,Suggestion_07,train
93,ይቅርታ፣ መረጃውን ማጋራት አልችልም።,Refusal,2,Refusal_08,train
94,ለቤተሰቤ በፍጥነት እደውላለሁ።,Promise,8,Promise_10,test
95,ይሻላል ውሳኔውን ነገ ጠዋት ማሳወቅ።,Suggestion,3,Suggestion_14,train
96,ክፍያውን ነገ ጠዋት አደርጋለሁ።,Promise,8,Promise_03,val
97,የትዕዛዙ ችግር ከአርብ ጀምሮ ከአለቃዬ ጋር እፈታለሁ።,Promise,8,Promise_00,train
98,ማስጠንቀቂያ፣ ትዕዛዙን አሁን ካላጠናቀቅክ ቅጣት አለ።,Warning,4,Warning_01,train
99,ይቅርታ፣ መረጃውን ማጋራት አልችልም።,Refusal,2,Refusal_08,train
100,ምግቡን በዚህ ወር አዘጋጃለሁ።,Promise,8,Promise_08,val
101,ስራውን ዛሬ ማታ አረጋግጣለሁ።,Promise,8,Promise_13,test
102,ይቅርታ፣ ለጓደኛችን መጥራት አልችልም።,Refusal,2,Refusal_11,train
103,ምናልባት ስራውን በፍጥነት ማድረግ ይሻላል።,Suggestion,3,Suggestion_00,train
104,ትዕዛዙ በሚቀጥለው ወር ተጠናቀቀ።,Assertion,1,Assertion_02,train
105,የአገልግሎቱ ጥራት ዝቅተኛ ነው።,Complaint,6,Complaint_11,train
106,ጤና ይስጥልኝ፣ አስተዳዳሪው እንዴት ነው?,Phatic,7,Phatic_10,train
107,ምግቡ በዚህ ወር አልደረሰኝም።,Complaint,6,Complaint_08,test
108,እርግጥ ነው፣ ክፍያው ተከፍሏል... በጣም ቀላል!,Sarcasm/Irony,5,Sarcasm/Irony_03,train
109,አዎ፣ ስራው ተጠናቀቀ... በጣም ፈጣን!,Sarcasm/Irony,5,Sarcasm/Irony_12,val
110,ማስጠንቀቂያ፣ ምግቡን በዚህ ወር ካላዘጋጀህ ችግር ይፈጥራል።,Warning,4,Warning_09,train
111,ማስጠንቀቂያ፣ መረጃውን ካላጋራህ ችግር ይፈጥራል።,Warning,4,Warning_07,test
112,ተጠንቀቅ፣ ለፖሊሱ ካልደወልክ ችግር ይፈጥራል።,Warning,4,Warning_12,train
113,ይቅርታ፣ መረጃውን ማጋራት አልችልም።,Refusal,2,Refusal_08,train
114,አዎ፣ ለባልደረባዬ ላክኩት... በጣም ጥሩ!,Sarcasm/Irony,5,Sarcasm/Irony_02,train
115,እንደምን አደርክ?,Phatic,7,Phatic_03,train
116,ሪፖርቱን ነገ አቀርባለሁ።,Promise,8,Promise_05,val
117,መረጃው ትክክል ነው።,Assertion,1,Assertion_04,train
118,እባክሽ ስራውን ነገ ማታ አምጪልኝ።,Request,0,Request_01,train
119,እርግጥ ነው፣ ሪፖርቱ ዝግጁ ነው... በጣም ፈጣን!,Sarcasm/Irony,5,Sarcasm/Irony_05,train
120,ክፍያውን ነገ ጠዋት አደርጋለሁ።,Promise,8,Promise_03,train
121,ጤና ይስጥልኝ፣ ቤተሰብ እንዴት ናቸው?,Phatic,7,Phatic_06,train
122,እንደኔ ሀሳብ መጽሐፉን አሁን ማንበብ ይሻላል።,Suggestion,3,Suggestion_13,val
123,ይቅርታ፣ ለእህቴ መላክ አልችልም።,Refusal,2,Refusal_05,test
124,ሰላም፣ ስራ በባንክ እንዴት ነው?,Phatic,7,Phatic_08,train
125,ይሻላል ክፍያውን በዚህ አመት ማድረግ።,Suggestion,3,Suggestion_08,train
126,አዎ፣ ስጦታው ደርሷል... በጣም ጥሩ!,Sarcasm/Irony,5,Sarcasm/Irony_06,train
127,እባክሽ ሰነዱን ዛሬ አምጪልኝ።,Request,0,Request_01,train
128,እባክሽ ምግቡን ዛሬ ማታ አምጪልኝ።,Request,0,Request_05,train
129,አዎ፣ ለሰራተኛው ላክኩት... በጣም ጥሩ!,Sarcasm/Irony,5,Sarcasm/Irony_02,train
130,ምክሬ ውሉን አሁን ማረጋገጥ ነው።,Suggestion,3,Suggestion_03,train
131,ትዕዛዙ በሚቀጥለው ቀን አልደረሰኝም።,Complaint,6,Complaint_01,train
132,ምግቡን በዚህ አመት አዘጋጃለሁ።,Promise,8,Promise_08,train
133,እንዴት ነሽ?,Phatic,7,Phatic_05,train
134,ተጠንቀቅ፣ ቦታውን በዚህ ሳምንት ካላስያዝክ ይያዛል።,Warning,4,Warning_08,train
135,አልቻልኩም፣ ስጦታውን ዛሬ ማታ ማምጣት አልቻልኩም።,Refusal,2,Refusal_06,train
136,እባክዎ ስጦታውን በሚቀጥለው ቀን ያድርሱልኝ።,Request,0,Request_06,train
137,አይደለም፣ ሪፖርቱን በሚቀጥለው ሳምንት ማጠናቀቅ አልችልም።,Refusal,2,Refusal_10,train
138,ውሉ በፍጥነት ተፈርሟል።,Assertion,1,Assertion_07,train
139,ይቅርታ፣ ትዕዛዙን በዚህ ሳምንት መላክ አልችልም።,Refusal,2,Refusal_02,train
140,ምክሬ ቦታውን አሁን ማስያዝ ነው።,Suggestion,3,Suggestion_09,train
141,እባክዎ ሪፖርቱን ዛሬ ማታ ይላኩልኝ።,Request,0,Request_10,train
142,መጽሐፉን በሚቀጥለው ቀን አመልሳለሁ።,Promise,8,Promise_09,train
143,ምግቡ አሁን አልደረሰኝም።,Complaint,6,Complaint_08,val
144,አይ፣ አሁን ስጦታው ማድረግ አልችልም።,Refusal,2,Refusal_01,test
145,እንደሚመስለኝ ትዕዛዙን በቅርቡ ማጠናቀቅ ይሻላል።,Suggestion,3,Suggestion_04,val
146,ማስጠንቀቂያ፣ ፋይሉን ዛሬ ካላረጋገጥክ ችግር ይፈጥራል።,Warning,4,Warning_13,train
147,የቦታው ችግር ከረቡዕ ጀምሮ ከእናቴ ጋር እፈታለሁ።,Assertion,1,Assertion_00,val
148,ይቅርታ፣ ለፖሊሱ መጥራት አልችልም።,Refusal,2,Refusal_11,train
149,የስራው ጥራት ከፍተኛ ነው።,Assertion,1,Assertion_14,train
150,አዎ፣ ፓኬጁን በዚህ ሳምንት አደረግኩት... ትክክል ነው!,Sarcasm/Irony,5,Sarcasm/Irony_00,val
151,ማስጠንቀቂያ፣ መረጃውን ካላጋራህ ችግር ይፈጥራል።,Warning,4,Warning_07,train
152,ነጋዴው፣ ስራ በገበያ እንዴት ነው?,Phatic,7,Phatic_00,train
153,የትዕዛዙ ችግር ከትናንት ጀምሮ አልተፈታም።,Complaint,6,Complaint_02,test
154,ስጦታውን ዛሬ አደርሳለሁ።,Promise,8,Promise_01,test
155,ጤና ይስጥልኝ፣ ቤተሰብ እንዴት ናቸው?,Phatic,7,Phatic_06,val
156,ቦታውን ዛሬ ጠዋት አስይዛለሁ።,Promise,8,Promise_07,test
157,ጤና ይስጥልኝ፣ ቤተሰብ እንዴት ናቸው?,Phatic,7,Phatic_06,train
158,መረጃው ዛሬ ጠዋት አልደረሰኝም።,Complaint,6,Complaint_06,test
159,ትዕዛዙ አሁን አልደረሰኝም።,Complaint,6,Complaint_01,train
160,የመጽሐፉ ጥራት ከፍተኛ ነው።,Assertion,1,Assertion_14,train
161,ማስጠንቀቂያ፣ ሪፖርቱን አሁን ካላቀረብክ ቅጣት አለ።,Warning,4,Warning_05,train
162,ጤና ይስጥልኝ፣ ቤተሰብ እንዴት ናቸው?,Phatic,7,Phatic_06,train
163,እባክዎ መልእክቱን ለደንበኛው ነገ ጠዋት ይላኩልኝ።,Request,0,Request_11,train
164,ማስጠንቀቂያ፣ ክፍያውን በዚህ ሳምንት ካላደረግክ አገልግሎት ይቋረጣል።,Warning,4,Warning_03,val
165,መጽሐፉ ነገ ጠዋት ደረሰ።,Assertion,1,Assertion_11,test
166,ውሳኔውን በቅርቡ አሳውቃለሁ።,Promise,8,Promise_11,train
167,ጤና ይስጥልኝ፣ አጋሬ እንዴት ነው?,Phatic,7,Phatic_10,val
168,መጽሐፉ ዛሬ ማታ ደረሰ።,Assertion,1,Assertion_11,train
169,አይ፣ ክፍያውን አሁን ማድረግ አልችልም።,Refusal,2,Refusal_07,val
170,ጤና ይስጥልኝ፣ ዛሬ እንዴት ነው?,Phatic,7,Phatic_13,train
171,ምግቡን በቅርቡ አዘጋጃለሁ።,Promise,8,Promise_08,train
172,ማስጠንቀቂያ፣ ክፍያውን ነገ ማታ ካላደረግክ አገልግሎት ይቋረጣል።,Warning,4,Warning_03,train
173,ምክሬ ቦታውን አሁን ማስያዝ ነው።,Suggestion,3,Suggestion_09,train
174,ሰላም ነው ወንድሜ?,Phatic,7,Phatic_11,train
175,ሰላም ነው ወንድሜ?,Phatic,7,Phatic_11,val
176,ውሉን በዚህ ወር እፈርማለሁ።,Promise,8,Promise_04,val
177,እባክዎ ትዕዛዙን ለወንድሜ በዚህ አመት ይላኩልኝ።,Request,0,Request_03,test
178,እባክዎ ክፍያውን በዚህ ወር ያረጋግጡልኝ።,Request,0,Request_08,train
179,አልችልም፣ መጽሐፉን በፍጥነት ማድረስ አልቻልኩም።,Refusal,2,Refusal_00,val
180,አልፈልግም፣ ፓኬጁን አልቀበልም።,Refusal,2,Refusal_03,train
181,ሀሳቤ ውሉን አሁን መፈረም ነው።,Suggestion,3,Suggestion_05,train
182,መረጃው ትክክል ነው።,Assertion,1,Assertion_04,train
183,አዎ፣ ስጦታው ደርሷል... በጣም ጥሩ!,Sarcasm/Irony,5,Sarcasm/Irony_06,train
184,እባክዎ ትዕዛዙን ለአለቃዬ ነገ ጠዋት ይላኩልኝ።,Request,0,Request_03,val
185,ይቅርታ፣ ለወንድሜ መጥራት አልችልም።,Refusal,2,Refusal_11,test
186,ስራው በዚህ ሳምንት ተጀምሯል።,Assertion,1,Assertion_13,train
187,ተጠንቀቅ፣ ለፖሊሱ ካልደወልክ ችግር ይፈጥራል።,Warning,4,Warning_12,train
188,እባክሽ ደብዳቤውን ነገ ማታ አምጪልኝ።,Request,0,Request_09,train
189,ይቅርታ፣ መረጃውን ማጋራት አልችልም።,Refusal,2,Refusal_08,train
190,ተጠንቀቅ፣ መጽሐፉን በፍጥነት ካላመለስክ ቅጣት አለ።,Warning,4,Warning_10,val
191,ሪፖርቱን ዛሬ ጠዋት አቀርባለሁ።,Promise,8,Promise_05,train
192,አይ፣ መጽሐፉን ማበደር አልችልም።,Refusal,2,Refusal_13,train
193,እንደሚመስለኝ ስጦታውን ዛሬ ጠዋት ማምጣት ይሻላል።,Suggestion,3,Suggestion_10,val
194,እርግጥ ነው፣ ፋይሉ ጥሩ ነው... በጣም ጥሩ!,Sarcasm/Irony,5,Sarcasm/Irony_13,train
195,እባክዎ ሪፖርቱን በዚህ ወር ይላኩልኝ።,Request,0,Request_10,train
196,ውሉ በዚህ አመት ተፈርሟል።,Assertion,1,Assertion_07,train
197,እርግጥ ነው፣ ሪፖርቱ ዝግጁ ነው... በጣም ፈጣን!,Sarcasm/Irony,5,Sarcasm/Irony_05,train
198,ተጠንቀቅ፣ ለሰራተኛው ካልደወልክ ችግር ይፈጥራል።,Warning,4,Warning_12,train
199,ክፍያው ተከፍሏል።,Assertion,1,Assertion_05,val
200,ውሉን ነገ ማታ እፈርማለሁ።,Promise,8,Promise_04,test
201,ይቅርታ፣ መረጃውን ማጋራት አልችልም።,Refusal,2,Refusal_08,train
202,አዎ፣ ለእናቴ ደውያለሁ... በጣም ቀላል!,Sarcasm/Irony,5,Sarcasm/Irony_14,train
203,እባክዎ መጽሐፉን ለደንበኛው በዚህ አመት ይላኩልኝ።,Request,0,Request_11,val
204,አይ፣ አሁን ውሉ ማድረግ አልችልም።,Refusal,2,Refusal_01,train
205,አይ፣ መጽሐፉን ማበደር አልችልም።,Refusal,2,Refusal_13,train
206,ተጠንቀቅ፣ መረጃውን በዚህ ወር ካላደረግክ ችግር ይፈጥራል።,Warning,4,Warning_00,train
207,ይሻላል ውሳኔውን በዚህ ሳምንት ማሳወቅ።,Suggestion,3,Suggestion_14,train
208,ተጠንቀቅ፣ ስጦታውን በዚህ ሳምንት ካላመጣህ ችግር ይፈጥራል።,Warning,4,Warning_06,train
209,ቦታውን ነገ ማታ አስይዛለሁ።,Promise,8,Promise_07,test
210,ውሳኔው በዚህ ወር አልተሰጠም።,Complaint,6,Complaint_13,test
211,ስራውን በፍጥነት አጠናቅቃለሁ።,Promise,8,Promise_12,train
212,እባክዎ ሪፖርቱን በሚቀጥለው ወር ይላኩልኝ።,Request,0,Request_10,train
213,እርግጥ ነው፣ መረጃው ትክክል ነው... በጣም ግልጽ!,Sarcasm/Irony,5,Sarcasm/Irony_07,train
214,ለአጋሬ በሚቀጥለው ቀን እደውላለሁ።,Promise,8,Promise_10,test
215,ለፖሊሱ በፍጥነት እደውላለሁ።,Promise,8,Promise_10,train
216,አዎ፣ ሪፖርቱን አሁን አደረግኩት... ትክክል ነው!,Sarcasm/Irony,5,Sarcasm/Irony_00,test
217,እንዴት ነሽ?,Phatic,7,Phatic_05,train
218,እንደኔ ሀሳብ መጽሐፉን ዛሬ ጠዋት ማንበብ ይሻላል።,Suggestion,3,Suggestion_13,train
219,ምናልባት ለባልደረባዬ መደወል ይሻላል።,Suggestion,3,Suggestion_06,train
220,ማስጠንቀቂያ፣ ትዕዛዙን በዚህ ወር ካላጠናቀቅክ ቅጣት አለ።,Warning,4,Warning_01,val
221,ውሉ ነገ ማታ አልተፈረመም።,Complaint,6,Complaint_04,train
222,አልፈልግም፣ ሪፖርቱን አልቀበልም።,Refusal,2,Refusal_03,test
223,ለአባቴ በሚቀጥለው ሳምንት እደውላለሁ።,Promise,8,Promise_10,val
224,ይቅርታ፣ መረጃውን ማጋራት አልችልም።,Refusal,2,Refusal_08,train
225,እባክዎ መጽሐፉን በቅርቡ ይላኩልኝ።,Request,0,Request_14,train
226,እባክዎ ስጦታውን ነገ ያድርሱልኝ።,Request,0,Request_06,train
227,አዎ፣ ስራው ተጠናቀቀ... በጣም ፈጣን!,Sarcasm/Irony,5,Sarcasm/Irony_12,train
228,ስራው በዚህ ሳምንት ተጀምሯል።,Assertion,1,Assertion_13,train
229,ለእህቴ በሚቀጥለው ሳምንት አልደወሉልኝም።,Complaint,6,Complaint_14,test
230,የአለቃዬ ስራ በሬስቶራንት ጥሩ ነው።,Assertion,1,Assertion_06,train
231,እርግጥ ነው፣ ውሳኔው ትክክል ነው... በጣም ጥሩ!,Sarcasm/Irony,5,Sarcasm/Irony_11,train
232,ስራው ዛሬ ማታ ተጀምሯል።,Assertion,1,Assertion_13,train
233,እንዴት ነህ ጓደኛ?,Phatic,7,Phatic_12,train
234,አይደለም፣ ውሉን በፍጥነት ማረጋገጥ አልችልም።,Refusal,2,Refusal_04,train
235,የደብዳቤው ጥራት ዝቅተኛ ነው።,Complaint,6,Complaint_11,test
236,ማስጠንቀቂያ፣ ቲኬቱን ነገ ካላረጋገጥክ ችግር ይፈጥራል።,Warning,4,Warning_13,test
237,የአለቃዬ አገልግሎት መጥፎ ነው።,Complaint,6,Complaint_10,val
238,እባክዎ መረጃውን ዛሬ ይላኩልኝ።,Request,0,Request_07,train
239,ማስጠንቀቂያ፣ መረጃውን ካላጋራህ ችግር ይፈጥራል።,Warning,4,Warning_07,val
240,እርግጥ ነው፣ ሪፖርቱ ዝግጁ ነው... በጣም ፈጣን!,Sarcasm/Irony,5,Sarcasm/Irony_05,train
241,ስጦታውን በዚህ ሳምንት አደርሳለሁ።,Promise,8,Promise_01,train
242,ስጦታውን በቅርቡ አደርሳለሁ።,Promise,8,Promise_01,train
243,ይቅርታ፣ መረጃውን ማጋራት አልችልም።,Refusal,2,Refusal_08,train
244,ተጠንቀቅ፣ ውሉን በሚቀጥለው ሳምንት ካልፈረምክ ህጋዊ ችግር ይፈጥራል።,Warning,4,Warning_04,val
245,ስራው በዚህ ሳምንት ተጀምሯል።,Assertion,1,Assertion_13,train
246,እንደምን አደረሽ?,Phatic,7,Phatic_09,train
247,አልችልም፣ ኮንትራቱን ነገ ማድረስ አልቻልኩም።,Refusal,2,Refusal_00,test
248,ማስጠንቀቂያ፣ ውሳኔውን በፍጥነት ካላሳወቅክ ችግር ይፈጥራል።,Warning,4,Warning_11,train
249,ምግቡ በዚህ አመት አልደረሰኝም።,Complaint,6,Complaint_08,val
250,እርግጥ ነው፣ ውሳኔው ትክክል ነው... በጣም ጥሩ!,Sarcasm/Irony,5,Sarcasm/Irony_11,test
251,እንዴት ነሽ?,Phatic,7,Phatic_05,train
252,ምግቡ ነገ ጠዋት አልደረሰኝም።,Complaint,6,Complaint_08,train
253,ስራው ነገ ተጀምሯል።,Assertion,1,Assertion_13,train
254,ተጠንቀቅ፣ ቦታውን ዛሬ ካላስያዝክ ይያዛል።,Warning,4,Warning_08,train
255,ሰላም፣ እንዴት ነህ?,Phatic,7,Phatic_01,train
256,ይቅርታ፣ ትዕዛዙን በሚቀጥለው ቀን መላክ አልችልም።,Refusal,2,Refusal_02,val
257,እባክዎ ትዕዛዙን ለጓደኛችን ነገ ጠዋት ይላኩልኝ።,Request,0,Request_03,train
258,አዎ፣ ቦታውን በፍጥነት አደረግኩት... ትክክል ነው!,Sarcasm/Irony,5,Sarcasm/Irony_00,train
259,እባክዎ መጽሐፉን በፍጥነት ይላኩልኝ።,Request,0,Request_14,train
260,ተጠንቀቅ፣ ቦታውን ዛሬ ካላስያዝክ ይያዛል።,Warning,4,Warning_08,train
261,እርግጥ ነው፣ ሪፖርቱ ዝግጁ ነው... በጣም ፈጣን!,Sarcasm/Irony,5,Sarcasm/Irony_05,train
262,አይ፣ መጽሐፉን ማበደር አልችልም።,Refusal,2,Refusal_13,train
263,እንደኔ ሀሳብ መጽሐፉን በቅርቡ ማንበብ ይሻላል።,Suggestion,3,Suggestion_13,test
264,ምግቡ በፍጥነት አልደረሰኝም።,Complaint,6,Complaint_08,train
265,ተጠንቀቅ፣ ውሉን በሚቀጥለው ቀን ካልፈረምክ ህጋዊ ችግር ይፈጥራል።,Warning,4,Warning_04,train
266,ነጋዴው፣ ዛሬ እንዴት ነው?,Phatic,7,Phatic_07,train
267,ትዕዛዙን አሁን አጠናቅቃለሁ።,Promise,8,Promise_02,train
268,አልቻልኩም፣ ስጦታውን በሚቀጥለው ሳምንት ማምጣት አልቻልኩም።,Refusal,2,Refusal_06,train
269,እባክዎ መጽሐፉን ዛሬ ጠዋት ይላኩልኝ።,Request,0,Request_14,train
270,እባክዎ ቦታውን በፍጥነት ያስይዙልኝ።,Request,0,Request_12,train
271,እባክዎ ስጦታውን በሚቀጥለው ሳምንት ያድርሱልኝ።,Request,0,Request_06,train
272,መጽሐፉ በዚህ አመት አልደረሰኝም።,Complaint,6,Complaint_09,train
273,ይቅርታ፣ ትዕዛዙን በፍጥነት መላክ አልችልም።,Refusal,2,Refusal_02,train
274,ውሳኔውን ነገ አሳውቃለሁ።,Promise,8,Promise_11,train
275,ተጠንቀቅ፣ ለአጋሬ ካልላክ ችግር ይፈጥራል።,Warning,4,Warning_02,val
276,የኮንትራቱ ዋጋ ተቀይሯል።,Assertion,1,Assertion_09,test
277,ማስጠንቀቂያ፣ ትዕዛዙን በዚህ ወር ካላጠናቀቅክ ቅጣት አለ።,Warning,4,Warning_01,train
278,የትዕዛዙ ችግር ከባለፈው ሳምንት ጀምሮ ከሰራተኛው ጋር እፈታለሁ።,Promise,8,Promise_00,train
279,እባክሽ ምግቡን በሚቀጥለው ሳምንት አዘጋጅልኝ።,Request,0,Request_13,train
280,ክፍያውን በፍጥነት አደርጋለሁ።,Promise,8,Promise_03,test
281,እባክዎ ሪፖርቱን በሚቀጥለው ወር ይላኩልኝ።,Request,0,Request_10,train
282,መጽሐፉን ዛሬ አመልሳለሁ።,Promise,8,Promise_09,train
283,ቦታው ነፃ ነው።,Assertion,1,Assertion_10,val
284,እባክዎ ፋይሉን ለደንበኛው ዛሬ ማታ ይላኩልኝ።,Request,0,Request_11,test
285,ትዕዛዙ ዛሬ ጠዋት አልደረሰኝም።,Complaint,6,Complaint_01,train
286,ተጠንቀቅ፣ ለፖሊሱ ካልላክ ችግር ይፈጥራል።,Warning,4,Warning_02,train
287,የፓኬጁ ዋጋ ተቀይሯል።,Assertion,1,Assertion_09,train
288,የኮንትራቱ ችግር ከትናንት ጀምሮ ከወንድሜ ጋር እፈታለሁ።,Assertion,1,Assertion_00,train
289,አይ፣ አሁን ውሉ ማድረግ አልችልም።,Refusal,2,Refusal_01,train
290,አይ፣ አሁን ኮንትራቱ ማድረግ አልችልም።,Refusal,2,Refusal_01,test
291,ውሉን ዛሬ ማታ እፈርማለሁ።,Promise,8,Promise_04,train
292,እንደሚመስለኝ ትዕዛዙን ነገ ማጠናቀቅ ይሻላል።,Suggestion,3,Suggestion_04,train
293,ጤና ይስጥልኝ፣ ስራ እንዴት ነው?,Phatic,7,Phatic_02,train
294,አዎ፣ ስራው ተጠናቀቀ... በጣም ፈጣን!,Sarcasm/Irony,5,Sarcasm/Irony_12,val
295,ስጦታው በዚህ ሳምንት ደርሷል።,Assertion,1,Assertion_01,train
296,እንደሚመስለኝ ትዕዛዙን ዛሬ ማጠናቀቅ ይሻላል።,Suggestion,3,Suggestion_04,train
297,አዎ፣ መጽሐፉ ተመልሷል... በጣም ቀላል!,Sarcasm/Irony,5,Sarcasm/Irony_10,test
298,እባክዎ ቦታውን ዛሬ ማታ ያስይዙልኝ።,Request,0,Request_12,train
299,አዎ፣ ስራው ተጠናቀቀ... በጣም ፈጣን!,Sarcasm/Irony,5,Sarcasm/Irony_12,train
300,እባክዎ አገልግሎቱን ነገ ማታ ይላኩልኝ።,Request,0,Request_00,test
301,ስጦታውን ነገ አደርሳለሁ።,Promise,8,Promise_01,train
302,እባክሽ ምግቡን አሁን አዘጋጅልኝ።,Request,0,Request_13,train
303,መጽሐፉን በሚቀጥለው ወር አመልሳለሁ።,Promise,8,Promise_09,train
304,እባክሽ ምግቡን በሚቀጥለው ወር አዘጋጅልኝ።,Request,0,Request_13,train
305,ማስጠንቀቂያ፣ ምግቡን በሚቀጥለው ወር ካላዘጋጀህ ችግር ይፈጥራል።,Warning,4,Warning_09,val
306,ጤና ይስጥልኝ፣ ቤተሰብ እንዴት ናቸው?,Phatic,7,Phatic_06,train
307,ተጠንቀቅ፣ ትዕዛዙን በሚቀጥለው ወር ካላደረግክ ችግር ይፈጥራል።,Warning,4,Warning_00,test
308,እንደምን አደርክ?,Phatic,7,Phatic_03,train
309,የጓደኛዋ ውሳኔ ትክክል ነው።,Assertion,1,Assertion_12,train
310,እንደምን አደርክ?,Phatic,7,Phatic_03,test
311,ስጦታው ገና ወደ ቤት ነገ አልደረሰኝም።,Complaint,6,Complaint_00,val
312,ክፍያው በፍጥነት አልተከፈለም።,Complaint,6,Complaint_03,train
313,ተጠንቀቅ፣ ቦታውን በሚቀጥለው ወር ካላስያዝክ ይያዛል።,Warning,4,Warning_08,train
314,የትዕዛዙ ችግር ከማክሰኞ ጀምሮ ከደንበኛው ጋር እፈታለሁ።,Promise,8,Promise_00,val
315,እርግጥ ነው፣ ክፍያው ተከፍሏል... በጣም ቀላል!,Sarcasm/Irony,5,Sarcasm/Irony_03,train
316,ማስጠንቀቂያ፣ ክፍያውን አሁን ካላደረግክ አገልግሎት ይቋረጣል።,Warning,4,Warning_03,test
317,ይሻላል አገልግሎቱን ለሰራተኛው ማሳወቅ።,Suggestion,3,Suggestion_02,train
318,እባክሽ ፓኬጁን አሁን አምጪልኝ።,Request,0,Request_01,train
319,ይቅርታ፣ መረጃውን ማጋራት አልችልም።,Refusal,2,Refusal_08,train
320,ሀሳቤ ውሉን ዛሬ ማታ መፈረም ነው።,Suggestion,3,Suggestion_05,train
321,ለቤተሰቤ በዚህ አመት አልደወሉልኝም።,Complaint,6,Complaint_14,train
322,ክፍያውን ነገ ማታ አደርጋለሁ።,Promise,8,Promise_03,train
323,መረጃው ትክክል ነው።,Assertion,1,Assertion_04,train
324,የአባቴ ውሳኔ ትክክል ነው።,Assertion,1,Assertion_12,val
325,እርግጥ ነው፣ ሪፖርቱ ዝግጁ ነው... በጣም ፈጣን!,Sarcasm/Irony,5,Sarcasm/Irony_05,val
326,እንደምን አደረሽ?,Phatic,7,Phatic_09,train
327,ስራውን በሚቀጥለው ቀን አጠናቅቃለሁ።,Promise,8,Promise_12,train
328,የስራው ሁኔታ ጥሩ ነው።,Assertion,1,Assertion_03,test
329,ማስጠንቀቂያ፣ ምግቡን በሚቀጥለው ሳምንት ካላዘጋጀህ ችግር ይፈጥራል።,Warning,4,Warning_09,train
330,ተጠንቀቅ፣ ሸቀጡን ዛሬ ማታ ካላደረግክ ችግር ይፈጥራል።,Warning,4,Warning_00,train
331,አዎ፣ ለእህቴ ደውያለሁ... በጣም ቀላል!,Sarcasm/Irony,5,Sarcasm/Irony_14,train
332,መረጃው ነገ ማታ አልደረሰኝም።,Complaint,6,Complaint_06,train
333,ማስጠንቀቂያ፣ ሪፖርቱን ነገ ካላቀረብክ ቅጣት አለ።,Warning,4,Warning_05,train
334,ይሻላል ክፍያውን በፍጥነት ማድረግ።,Suggestion,3,Suggestion_08,train
335,ተጠንቀቅ፣ ስጦታውን ዛሬ ጠዋት ካላመጣህ ችግር ይፈጥራል።,Warning,4,Warning_06,train
336,እባክሽ ስራውን አሁን አምጪልኝ።,Request,0,Request_01,train
337,ሀሳቤ መረጃውን ለአለቃዬ ማጋራት ነው።,Suggestion,3,Suggestion_11,train
338,አይደለም፣ ውሉን ነገ ማታ ማረጋገጥ አልችልም።,Refusal,2,Refusal_04,train
339,ውሉ በሚቀጥለው ቀን ተፈርሟል።,Assertion,1,Assertion_07,train
340,መረጃው ነገ አልደረሰኝም።,Complaint,6,Complaint_06,train
341,ጤና ይስጥልኝ፣ ጓደኛዋ እንዴት ነው?,Phatic,7,Phatic_10,train
342,እርግጥ ነው፣ ስጦታው ጥሩ ነው... በጣም ጥሩ!,Sarcasm/Irony,5,Sarcasm/Irony_13,train
343,እባክዎ ክፍያውን በሚቀጥለው ሳምንት ያረጋግጡልኝ።,Request,0,Request_08,test
344,ምግቡ በዚህ ሳምንት አልደረሰኝም።,Complaint,6,Complaint_08,train
345,እባክዎ ቦታውን በዚህ አመት ያስይዙልኝ።,Request,0,Request_12,train
346,እንደሚመስለኝ ትዕዛዙን በሚቀጥለው ወር ማጠናቀቅ ይሻላል።,Suggestion,3,Suggestion_04,test
347,ስራውን በሚቀጥለው ወር አጠናቅቃለሁ።,Promise,8,Promise_12,test
348,አዎ፣ ስራው ተጠናቀቀ... በጣም ፈጣን!,Sarcasm/Irony,5,Sarcasm/Irony_12,train
349,አልቻልኩም፣ ስጦታውን በሚቀጥለው ሳምንት ማምጣት አልቻልኩም።,Refusal,2,Refusal_06,val
350,እንደምን አደርክ?,Phatic,7,Phatic_03,train
351,ይሻላል ደብዳቤውን ለደንበኛው ማሳወቅ።,Suggestion,3,Suggestion_02,train
352,ሀሳቤ ውሉን አሁን መፈረም ነው።,Suggestion,3,Suggestion_05,train
353,እንዴት ነህ ጓደኛ?,Phatic,7,Phatic_12,train
354,የትዕዛዙ ችግር ከሰኞ ጀምሮ ከአስተዳዳሪው ጋር እፈታለሁ።,Promise,8,Promise_00,train
355,ማስጠንቀቂያ፣ መረጃውን ነገ ጠዋት ካላረጋገጥክ ችግር ይፈጥራል።,Warning,4,Warning_13,train
356,አዎ፣ ውሉ ተፈርሟል... በጣም ቀላል ነበር!,Sarcasm/Irony,5,Sarcasm/Irony_04,train
357,እንደኔ ሀሳብ ሪፖርቱን በፍጥነት ማቅረብ ይሻላል።,Suggestion,3,Suggestion_07,train
358,እባክዎ መረጃውን በዚህ አመት ይላኩልኝ።,Request,0,Request_07,val
359,ማስጠንቀቂያ፣ ክፍያውን ዛሬ ጠዋት ካላደረግክ አገልግሎት ይቋረጣል።,Warning,4,Warning_03,test
360,ነጋዴው፣ ስራ በሬስቶራንት እንዴት ነው?,Phatic,7,Phatic_00,train
361,ክፍያው ነገ አልተከፈለም።,Complaint,6,Complaint_03,train
362,እንዴት ነህ ጓደኛ?,Phatic,7,Phatic_12,train
363,እባክሽ ደብዳቤውን ዛሬ ማታ አምጪልኝ።,Request,0,Request_09,train
364,ጤና ይስጥልኝ፣ ዛሬ እንዴት ነው?,Phatic,7,Phatic_13,test
365,መጽሐፉ ነገ አልደረሰኝም።,Complaint,6,Complaint_09,train
366,የፖሊሱ አገልግሎት መጥፎ ነው።,Complaint,6,Complaint_10,train
367,እባክሽ ፓኬጁን በቅርቡ አምጪልኝ።,Request,0,Request_01,train
368,አይ፣ አሁን ኮንትራቱ ማድረግ አልችልም።,Refusal,2,Refusal_01,test
369,አልፈልግም፣ ቦታውን ማስያዝ አልችልም።,Refusal,2,Refusal_09,test
370,አልፈልግም፣ ፋይሉን አልቀበልም።,Refusal,2,Refusal_03,test
371,እባክዎ መረጃውን ነገ ጠዋት ይላኩልኝ።,Request,0,Request_07,train
372,ጤና ይስጥልኝ፣ ዛሬ እንዴት ነው?,Phatic,7,Phatic_13,train
373,ተጠንቀቅ፣ ቦታውን ነገ ማታ ካላደረግክ ችግር ይፈጥራል።,Warning,4,Warning_00,train
374,እርግጥ ነው፣ ውሳኔው ትክክል ነው... በጣም ጥሩ!,Sarcasm/Irony,5,Sarcasm/Irony_11,train
375,አዎ፣ ሸቀጡን በዚህ ወር አደረግኩት... ትክክል ነው!,Sarcasm/Irony,5,Sarcasm/Irony_00,train
376,የክፍያው ሁኔታ ጥሩ ነው።,Assertion,1,Assertion_03,train
377,ሪፖርቱ ነገ ማታ አልቀረበም።,Complaint,6,Complaint_05,train
378,ሪፖርቱን በሚቀጥለው ቀን አቀርባለሁ።,Promise,8,Promise_05,train
379,ማስጠንቀቂያ፣ መጽሐፉን ዛሬ ማታ ካላረጋገጥክ ችግር ይፈጥራል።,Warning,4,Warning_13,train
380,እርግጥ ነው፣ መረጃው ትክክል ነው... በጣም ግልጽ!,Sarcasm/Irony,5,Sarcasm/Irony_07,train
381,እባክዎ ትዕዛዙን ለእህቴ አሁን ይላኩልኝ።,Request,0,Request_03,train
382,ይቅርታ፣ ትዕዛዙን ዛሬ ማታ መላክ አልችልም።,Refusal,2,Refusal_02,train
383,ነጋዴው፣ ስራ በጤና ጣቢያ እንዴት ነው?,Phatic,7,Phatic_00,train
384,የትዕዛዙ ችግር ከአርብ ጀምሮ ከጓደኛዬ ጋር እፈታለሁ።,Promise,8,Promise_00,val
385,እባክዎ ስጦታውን በቅርቡ ያድርሱልኝ።,Request,0,Request_06,train
386,ማስጠንቀቂያ፣ ትዕዛዙን በቅርቡ ካላጠናቀቅክ ቅጣት አለ።,Warning,4,Warning_01,train
387,ሀሳቤ ውሉን በፍጥነት መፈረም ነው።,Suggestion,3,Suggestion_05,train
388,አዎ፣ ውሉ ተፈርሟል... በጣም ቀላል ነበር!,Sarcasm/Irony,5,Sarcasm/Irony_04,val
389,የወንድሜ ስራ በፖስታ ቤት ጥሩ ነው።,Assertion,1,Assertion_06,test
390,አይ፣ መጽሐፉን ማበደር አልችልም።,Refusal,2,Refusal_13,train
391,ተጠንቀቅ፣ መጽሐፉን ዛሬ ካላመለስክ ቅጣት አለ።,Warning,4,Warning_10,train
392,እንዴት ነህ ጓደኛ?,Phatic,7,Phatic_12,test
393,እባክዎ ክፍያውን ነገ ያረጋግጡልኝ።,Request,0,Request_08,train
394,አይ፣ መጽሐፉን ማበደር አልችልም።,Refusal,2,Refusal_13,train
395,እንዴት ነሽ?,Phatic,7,Phatic_05,val
396,አዎ፣ ስጦታው ደርሷል... በጣም ጥሩ!,Sarcasm/Irony,5,Sarcasm/Irony_06,train
397,እባክዎ ትዕዛዙን ለአለቃዬ በሚቀጥለው ቀን ይላኩልኝ።,Request,0,Request_03,val
398,ክፍያው ተከፍሏል።,Assertion,1,Assertion_05,test
399,እርግጥ ነው፣ ክፍያው ተከፍሏል... በጣም ቀላል!,Sarcasm/Irony,5,Sarcasm/Irony_03,train
400,ይቅርታ፣ ለሰራተኛው መላክ አልችልም።,Refusal,2,Refusal_05,train
401,ምናልባት መጽሐፉን በሚቀጥለው ሳምንት ማድረግ ይሻላል።,Suggestion,3,Suggestion_00,train
402,ሀሳቤ ውሉን አሁን መፈረም ነው።,Suggestion,3,Suggestion_05,train
403,ስጦታውን በፍጥነት አረጋግጣለሁ።,Promise,8,Promise_13,test
404,እባክዎ ክፍያውን በሚቀጥለው ቀን ያረጋግጡልኝ።,Request,0,Request_08,train
405,የስራው ጥራት ዝቅተኛ ነው።,Complaint,6,Complaint_11,train
406,ሪፖርቱን ነገ ጠዋት አቀርባለሁ።,Promise,8,Promise_05,train
407,አዎ፣ ቦታው ነፃ ነው... በጣም ምቹ!,Sarcasm/Irony,5,Sarcasm/Irony_08,train
408,ተጠንቀቅ፣ ለፖሊሱ ካልላክ ችግር ይፈጥራል።,Warning,4,Warning_02,val
409,ውሳኔውን በዚህ ወር አሳውቃለሁ።,Promise,8,Promise_11,train
410,አልችልም፣ ምግቡን በቅርቡ ማዘጋጀት አልቻልኩም።,Refusal,2,Refusal_12,train
411,ቦታውን በፍጥነት አስይዛለሁ።,Promise,8,Promise_07,val
412,እርግጥ ነው፣ ክፍያው ተከፍሏል... በጣም ቀላል!,Sarcasm/Irony,5,Sarcasm/Irony_03,test
413,እርግጥ ነው፣ ሸቀጡ ጥሩ ነው... በጣም ጥሩ!,Sarcasm/Irony,5,Sarcasm/Irony_13,train
414,ውሉ ነገ አልተፈረመም።,Complaint,6,Complaint_04,train
415,ክፍያው ተከፍሏል።,Assertion,1,Assertion_05,train
416,እርግጥ ነው፣ ክፍያው ተከፍሏል... በጣም ቀላል!,Sarcasm/Irony,5,Sarcasm/Irony_03,train
417,ውሳኔው ዛሬ ማታ አልተሰጠም።,Complaint,6,Complaint_13,train
418,አዎ፣ ስጦታው ደርሷል... በጣም ጥሩ!,Sarcasm/Irony,5,Sarcasm/Irony_06,train
419,ይሻላል ውሳኔውን በዚህ ሳምንት ማሳወቅ።,Suggestion,3,Suggestion_14,train
420,ምናልባት ክፍያውን በሚቀጥለው ቀን ማድረግ ይሻላል።,Suggestion,3,Suggestion_00,train
421,ሪፖርቱን ነገ ማታ አቀርባለሁ።,Promise,8,Promise_05,val
422,ለወንድሜ ነገ ጠዋት አልደወሉልኝም።,Complaint,6,Complaint_14,val
423,አልፈልግም፣ ቦታውን ማስያዝ አልችልም።,Refusal,2,Refusal_09,val
424,ቦታው ነፃ ነው።,Assertion,1,Assertion_10,train
425,ይሻላል ክፍያውን ነገ ጠዋት ማድረግ።,Suggestion,3,Suggestion_08,train
426,እንደሚመስለኝ ስጦታውን ነገ ጠዋት ማምጣት ይሻላል።,Suggestion,3,Suggestion_10,train
427,ሰላም ነው ወንድሜ?,Phatic,7,Phatic_11,val
428,እባክዎ ውሳኔውን አሁን ይላኩልኝ።,Request,0,Request_04,train
429,ቦታው ነፃ ነው።,Assertion,1,Assertion_10,val
430,አዎ፣ ደብዳቤውን በሚቀጥለው ቀን አደረግኩት... ትክክል ነው!,Sarcasm/Irony,5,Sarcasm/Irony_00,train
431,የትዕዛዙ ችግር ከሐሙስ ጀምሮ ከጓደኛዋ ጋር እፈታለሁ።,Promise,8,Promise_00,train
432,ማስጠንቀቂያ፣ ሪፖርቱን በሚቀጥለው ቀን ካላቀረብክ ቅጣት አለ።,Warning,4,Warning_05,train
433,ስራው በቅርቡ አልተጠናቀቀም።,Complaint,6,Complaint_12,val
434,ሰላም፣ ስራ በሆስፒታል እንዴት ነው?,Phatic,7,Phatic_08,train
435,እባክዎ ሪፖርቱን በሚቀጥለው ሳምንት ይላኩልኝ።,Request,0,Request_10,test
436,እባክዎ ስራውን በሚቀጥለው ቀን ይላኩልኝ።,Request,0,Request_00,train
437,እባክዎ መጽሐፉን በቅርቡ ይላኩልኝ።,Request,0,Request_14,train
438,ይቅርታ፣ ለሰራተኛው መጥራት አልችልም።,Refusal,2,Refusal_11,train
439,ውሳኔው አሁን አልተሰጠም።,Complaint,6,Complaint_13,train
440,ውሳኔው በሚቀጥለው ሳምንት አልተሰጠም።,Complaint,6,Complaint_13,train
441,የአለቃዬ ስራ በሬስቶራንት ጥሩ ነው።,Assertion,1,Assertion_06,test
442,አልፈልግም፣ ሸቀጡን አልቀበልም።,Refusal,2,Refusal_03,train
443,የምግቡ ዋጋ ተቀይሯል።,Assertion,1,Assertion_09,train
444,ሀሳቤ ውሉን ነገ መፈረም ነው።,Suggestion,3,Suggestion_05,train
445,እንደኔ ሀሳብ ደብዳቤውን በቅርቡ መላክ ይሻላል።,Suggestion,3,Suggestion_01,train
446,ውሉ በፍጥነት ተፈርሟል።,Assertion,1,Assertion_07,train
447,ሰላም፣ እንዴት ነህ?,Phatic,7,Phatic_01,train
448,ምክሬ ቦታውን አሁን ማስያዝ ነው።,Suggestion,3,Suggestion_09,train
449,አልፈልግም፣ ቦታውን ማስያዝ አልችልም።,Refusal,2,Refusal_09,train
450,እርግጥ ነው፣ ምግቡ ዝግጁ ነው... በጣም ጣፋጭ!,Sarcasm/Irony,5,Sarcasm/Irony_09,train
451,አይ፣ ክፍያውን አሁን ማድረግ አልችልም።,Refusal,2,Refusal_07,train
452,የሰነዱ ችግር ከባለፈው ሳምንት ጀምሮ አልተፈታም።,Complaint,6,Complaint_02,train
453,ማስጠንቀቂያ፣ ምግቡን ዛሬ ማታ ካላዘጋጀህ ችግር ይፈጥራል።,Warning,4,Warning_09,train
454,እባክዎ ክፍያውን ዛሬ ያረጋግጡልኝ።,Request,0,Request_08,test
455,እባክዎ ውሉን ለአለቃዬ በዚህ ሳምንት ይላኩልኝ።,Request,0,Request_02,train
456,የሪፖርቱ ችግርን በዚህ አመት እፈታለሁ።,Promise,8,Promise_14,train
457,ተጠንቀቅ፣ መጽሐፉን በሚቀጥለው ቀን ካላመለስክ ቅጣት አለ።,Warning,4,Warning_10,val
458,አዎ፣ ስራው ተጠናቀቀ... በጣም ፈጣን!,Sarcasm/Irony,5,Sarcasm/Irony_12,val
459,ሰላም ነው ወንድሜ?,Phatic,7,Phatic_11,train
460,መጽሐፉ አሁን ደረሰ።,Assertion,1,Assertion_11,val
461,ሰላም፣ እንዴት ነህ?,Phatic,7,Phatic_01,train
462,ተጠንቀቅ፣ አገልግሎቱን ነገ ጠዋት ካላደረግክ ችግር ይፈጥራል።,Warning,4,Warning_00,train
463,እንደኔ ሀሳብ ውሳኔውን በዚህ ሳምንት መላክ ይሻላል።,Suggestion,3,Suggestion_01,train
464,እባክዎ መጽሐፉን ዛሬ ማታ ይላኩልኝ።,Request,0,Request_14,train
465,እባክዎ ኮንትራቱን አሁን ይላኩልኝ።,Request,0,Request_04,train
466,የውሉ ሁኔታ ጥሩ ነው።,Assertion,1,Assertion_03,train
467,ማስጠንቀቂያ፣ ትዕዛዙን በሚቀጥለው ሳምንት ካላጠናቀቅክ ቅጣት አለ።,Warning,4,Warning_01,train
468,ሰላም ነው?,Phatic,7,Phatic_04,test
469,ቦታውን ዛሬ ጠዋት አስይዛለሁ።,Promise,8,Promise_07,train
470,ማስጠንቀቂያ፣ ስጦታውን በዚህ ወር ካላረጋገጥክ ችግር ይፈጥራል።,Warning,4,Warning_13,train
471,ሪፖርቱን ነገ ማታ አቀርባለሁ።,Promise,8,Promise_05,train
472,ስራው በፍጥነት አልተጠናቀቀም።,Complaint,6,Complaint_12,train
473,እባክሽ መረጃውን በሚቀጥለው ወር አምጪልኝ።,Request,0,Request_01,train
474,ምናልባት ለባልደረባዬ መደወል ይሻላል።,Suggestion,3,Suggestion_06,test
475,ምክሬ ምግቡን አሁን ማረጋገጥ ነው።,Suggestion,3,Suggestion_03,train
476,ማስጠንቀቂያ፣ ትዕዛዙን በሚቀጥለው ቀን ካላጠናቀቅክ ቅጣት አለ።,Warning,4,Warning_01,train
477,ማስጠንቀቂያ፣ ሪፖርቱን በዚህ ወር ካላቀረብክ ቅጣት አለ።,Warning,4,Warning_05,train
478,አዎ፣ ስራው ተጠናቀቀ... በጣም ፈጣን!,Sarcasm/Irony,5,Sarcasm/Irony_12,test
479,ሪፖርቱን በዚህ ወር አቀርባለሁ።,Promise,8,Promise_05,train
480,አዎ፣ ስራው ተጠናቀቀ... በጣም ፈጣን!,Sarcasm/Irony,5,Sarcasm/Irony_12,test
481,የትዕዛዙ ችግር ከባለፈው ሳምንት ጀምሮ ከእህቴ ጋር እፈታለሁ።,Promise,8,Promise_00,test
482,ተጠንቀቅ፣ ስጦታውን በዚህ ሳምንት ካላመጣህ ችግር ይፈጥራል።,Warning,4,Warning_06,train
483,እርግጥ ነው፣ ሪፖርቱ ዝግጁ ነው... በጣም ፈጣን!,Sarcasm/Irony,5,Sarcasm/Irony_05,train
484,ጤና ይስጥልኝ፣ እህቴ እንዴት ነው?,Phatic,7,Phatic_10,train
485,እንደኔ ሀሳብ መጽሐፉን በዚህ ሳምንት ማንበብ ይሻላል።,Suggestion,3,Suggestion_13,train
486,እርግጥ ነው፣ መጽሐፉ ጥሩ ነው... በጣም ጥሩ!,Sarcasm/Irony,5,Sarcasm/Irony_13,train
487,እርግጥ ነው፣ ስራው ጥሩ ነው... በጣም ጥሩ!,Sarcasm/Irony,5,Sarcasm/Irony_13,train
488,የቦታው ጥራት ዝቅተኛ ነው።,Complaint,6,Complaint_11,train
489,አዎ፣ ለአባቴ ላክኩት... በጣም ጥሩ!,Sarcasm/Irony,5,Sarcasm/Irony_02,train
490,ነጋዴው፣ ዛሬ እንዴት ነው?,Phatic,7,Phatic_07,train
491,የክፍያው ችግር ከሰኞ ጀምሮ አልተፈታም።,Complaint,6,Complaint_02,test
492,እርግጥ ነው፣ ትዕዛዙ ነገ ጠዋት ተጠናቀቀ... በጣም ፈጣን!,Sarcasm/Irony,5,Sarcasm/Irony_01,test
493,አልፈልግም፣ ቦታውን አልቀበልም።,Refusal,2,Refusal_03,train
494,ለባልደረባዬ በሚቀጥለው ቀን አልደወሉልኝም።,Complaint,6,Complaint_14,train
495,ሪፖርቱ ዝግጁ ነው።,Assertion,1,Assertion_08,train
496,እርግጥ ነው፣ ሪፖርቱ ዝግጁ ነው... በጣም ፈጣን!,Sarcasm/Irony,5,Sarcasm/Irony_05,train
497,መረጃው ትክክል ነው።,Assertion,1,Assertion_04,train
498,ሀሳቤ ውሉን ነገ መፈረም ነው።,Suggestion,3,Suggestion_05,train
499,እንደሚመስለኝ ስጦታውን በፍጥነት ማምጣት ይሻላል።,Suggestion,3,Suggestion_10,train
500,እባክሽ ቲኬቱን አሁን አምጪልኝ።,Request,0,Request_01,train
501,ተጠንቀቅ፣ ቦታውን በቅርቡ ካላስያዝክ ይያዛል።,Warning,4,Warning_08,train
502,ክፍያው በፍጥነት አልተከፈለም።,Complaint,6,Complaint_03,train
503,ጤና ይስጥልኝ፣ ዛሬ እንዴት ነው?,Phatic,7,Phatic_13,test
504,እባክዎ ውሉን ለጓደኛችን በሚቀጥለው ቀን ይላኩልኝ።,Request,0,Request_02,val
505,ትዕዛዙን አሁን አጠናቅቃለሁ።,Promise,8,Promise_02,train
506,ትዕዛዙ በሚቀጥለው ቀን ተጠናቀቀ።,Assertion,1,Assertion_02,train
507,እንደኔ ሀሳብ መጽሐፉን በሚቀጥለው ሳምንት ማንበብ ይሻላል።,Suggestion,3,Suggestion_13,train
508,እባክዎ ቦታውን ዛሬ ማታ ያስይዙልኝ።,Request,0,Request_12,val
509,እርግጥ ነው፣ ምግቡ ዝግጁ ነው... በጣም ጣፋጭ!,Sarcasm/Irony,5,Sarcasm/Irony_09,val
510,እርግጥ ነው፣ መረጃው ትክክል ነው... በጣም ግልጽ!,Sarcasm/Irony,5,Sarcasm/Irony_07,train
511,እንደሚመስለኝ ትዕዛዙን በሚቀጥለው ሳምንት ማጠናቀቅ ይሻላል።,Suggestion,3,Suggestion_04,train
512,እርግጥ ነው፣ ምግቡ ዝግጁ ነው... በጣም ጣፋጭ!,Sarcasm/Irony,5,Sarcasm/Irony_09,val
513,ማስጠንቀቂያ፣ መረጃውን ካላጋራህ ችግር ይፈጥራል።,Warning,4,Warning_07,test
514,ጤና ይስጥልኝ፣ ስራ እንዴት ነው?,Phatic,7,Phatic_02,test
515,አዎ፣ መጽሐፉ ተመልሷል... በጣም ቀላል!,Sarcasm/Irony,5,Sarcasm/Irony_10,val
516,እርግጥ ነው፣ ውሳኔው ትክክል ነው... በጣም ጥሩ!,Sarcasm/Irony,5,Sarcasm/Irony_11,val
517,እባክዎ ስጦታውን በዚህ ሳምንት ያድርሱልኝ።,Request,0,Request_06,val
518,የውሳኔው ሁኔታ ጥሩ ነው።,Assertion,1,Assertion_03,val
519,ክፍያውን አሁን አደርጋለሁ።,Promise,8,Promise_03,train
520,አዎ፣ ለባልደረባዬ ደውያለሁ... በጣም ቀላል!,Sarcasm/Irony,5,Sarcasm/Irony_14,val
521,አዎ፣ ትዕዛዙን በሚቀጥለው ቀን አደረግኩት... ትክክል ነው!,Sarcasm/Irony,5,Sarcasm/Irony_00,train
522,ማስጠንቀቂያ፣ ውሳኔውን በፍጥነት ካላሳወቅክ ችግር ይፈጥራል።,Warning,4,Warning_11,val
523,ተጠንቀቅ፣ ስጦታውን በቅርቡ ካላመጣህ ችግር ይፈጥራል።,Warning,4,Warning_06,val
524,ምናልባት ምግቡን በፍጥነት ማዘጋጀት ይሻላል።,Suggestion,3,Suggestion_12,train
525,እርግጥ ነው፣ መረጃው ትክክል ነው... በጣም ግልጽ!,Sarcasm/Irony,5,Sarcasm/Irony_07,train
526,ማስጠንቀቂያ፣ ትዕዛዙን በዚህ ሳምንት ካላጠናቀቅክ ቅጣት አለ።,Warning,4,Warning_01,train
527,ስራውን በሚቀጥለው ቀን አጠናቅቃለሁ።,Promise,8,Promise_12,train
528,ጤና ይስጥልኝ፣ እናቴ እንዴት ነው?,Phatic,7,Phatic_10,train
529,የመጽሐፉ ችግር ከምሽቱ ጀምሮ አልተፈታም።,Complaint,6,Complaint_02,test
530,እባክሽ ምግቡን በሚቀጥለው ሳምንት አዘጋጅልኝ።,Request,0,Request_13,train
531,እንደምን አደርክ?,Phatic,7,Phatic_03,train
532,ማስጠንቀቂያ፣ ክፍያውን በሚቀጥለው ወር ካላደረግክ አገልግሎት ይቋረጣል።,Warning,4,Warning_03,val
533,ይቅርታ፣ ለጓደኛዬ መላክ አልችልም።,Refusal,2,Refusal_05,test
534,ተጠንቀቅ፣ ትዕዛዙን በዚህ ሳምንት ካላደረግክ ችግር ይፈጥራል።,Warning,4,Warning_00,train
535,አይደለም፣ ሪፖርቱን በዚህ ወር ማጠናቀቅ አልችልም።,Refusal,2,Refusal_10,train
536,ምናልባት ምግቡን ዛሬ ማዘጋጀት ይሻላል።,Suggestion,3,Suggestion_12,train
537,እንደኔ ሀሳብ ሰነዱን ዛሬ መላክ ይሻላል።,Suggestion,3,Suggestion_01,val
538,ትዕዛዙ ነገ ተጠናቀቀ።,Assertion,1,Assertion_02,train
539,አዎ፣ ስጦታው ደርሷል... በጣም ጥሩ!,Sarcasm/Irony,5,Sarcasm/Irony_06,test
540,ሰላም፣ እንዴት ነህ?,Phatic,7,Phatic_01,test
541,ተጠንቀቅ፣ ቦታውን በቅርቡ ካላስያዝክ ይያዛል።,Warning,4,Warning_08,train
542,እንደሚመስለኝ ትዕዛዙን ዛሬ ማታ ማጠናቀቅ ይሻላል።,Suggestion,3,Suggestion_04,train
543,ተጠንቀቅ፣ ስጦታውን በቅርቡ ካላመጣህ ችግር ይፈጥራል።,Warning,4,Warning_06,train
544,መጽሐፉ በሚቀጥለው ሳምንት አልደረሰኝም።,Complaint,6,Complaint_09,train
545,የቦታው ሁኔታ ጥሩ ነው።,Assertion,1,Assertion_03,train
546,እርግጥ ነው፣ መረጃው ትክክል ነው... በጣም ግልጽ!,Sarcasm/Irony,5,Sarcasm/Irony_07,val
547,እርግጥ ነው፣ ደብዳቤው ጥሩ ነው... በጣም ጥሩ!,Sarcasm/Irony,5,Sarcasm/Irony_13,train
548,እንዴት ነሽ?,Phatic,7,Phatic_05,train
549,አዎ፣ ውሉ ተፈርሟል... በጣም ቀላል ነበር!,Sarcasm/Irony,5,Sarcasm/Irony_04,train
550,አልችልም፣ ምግቡን በቅርቡ ማዘጋጀት አልቻልኩም።,Refusal,2,Refusal_12,val
551,ተጠንቀቅ፣ ቦታውን ዛሬ ካላስያዝክ ይያዛል።,Warning,4,Warning_08,test
552,እባክዎ ቦታውን ዛሬ ጠዋት ያስይዙልኝ።,Request,0,Request_12,train
553,አልችልም፣ ምግቡን ነገ ማታ ማዘጋጀት አልቻልኩም።,Refusal,2,Refusal_12,train
554,ስራው በሚቀጥለው ሳምንት ተጀምሯል።,Assertion,1,Assertion_13,test
555,ጤና ይስጥልኝ፣ ስራ እንዴት ነው?,Phatic,7,Phatic_02,train
556,እባክዎ ውሉን ለቤተሰቤ ነገ ጠዋት ይላኩልኝ።,Request,0,Request_02,train
557,ጤና ይስጥልኝ፣ ጓደኛዬ እንዴት ነው?,Phatic,7,Phatic_10,train
558,ስጦታው ነገ ማታ ደርሷል።,Assertion,1,Assertion_01,train
559,ይቅርታ፣ ለአጋሬ መጥራት አልችልም።,Refusal,2,Refusal_11,train
560,አዎ፣ ውሉ ተፈርሟል... በጣም ቀላል ነበር!,Sarcasm/Irony,5,Sarcasm/Irony_04,test
561,ምክሬ ሰነዱን አሁን ማረጋገጥ ነው።,Suggestion,3,Suggestion_03,train
562,እባክዎ ውሉን ለአስተዳዳሪው በሚቀጥለው ሳምንት ይላኩልኝ።,Request,0,Request_02,train
563,እባክዎ ሪፖርቱን ዛሬ ጠዋት ይላኩልኝ።,Request,0,Request_10,val
564,አዎ፣ ለጓደኛዋ ደውያለሁ... በጣም ቀላል!,Sarcasm/Irony,5,Sarcasm/Irony_14,train
565,ውሉ በዚህ ሳምንት ተፈርሟል።,Assertion,1,Assertion_07,train
566,ውሉ በዚህ ሳምንት አልተፈረመም።,Complaint,6,Complaint_04,val
567,ሰላም፣ ስራ በጤና ጣቢያ እንዴት ነው?,Phatic,7,Phatic_08,val
568,ውሉ ዛሬ ተፈርሟል።,Assertion,1,Assertion_07,train
569,እባክዎ ሸቀጡን ለደንበኛው አሁን ይላኩልኝ።,Request,0,Request_11,train
570,የትዕዛዙ ችግርን ዛሬ ጠዋት እፈታለሁ።,Promise,8,Promise_14,train
571,እባክዎ መልእክቱን አሁን ይላኩልኝ።,Request,0,Request_04,train
572,ተጠንቀቅ፣ ለጓደኛችን ካልደወልክ ችግር ይፈጥራል።,Warning,4,Warning_12,train
573,እንደሚመስለኝ ትዕዛዙን አሁን ማጠናቀቅ ይሻላል።,Suggestion,3,Suggestion_04,train
574,የጓደኛችን ውሳኔ ትክክል ነው።,Assertion,1,Assertion_12,train
575,ይቅርታ፣ ውሳኔውን ነገ ማሳወቅ አልችልም።,Refusal,2,Refusal_14,train
576,ሪፖርቱ ዝግጁ ነው።,Assertion,1,Assertion_08,test
577,ነጋዴው፣ ዛሬ እንዴት ነው?,Phatic,7,Phatic_07,train
578,አልቻልኩም፣ ስጦታውን ነገ ማታ ማምጣት አልቻልኩም።,Refusal,2,Refusal_06,train
579,እባክዎ ሪፖርቱን በሚቀጥለው ወር ይላኩልኝ።,Request,0,Request_10,val
580,እንዴት ነህ ጓደኛ?,Phatic,7,Phatic_12,val
581,ይሻላል ክፍያውን በሚቀጥለው ወር ማድረግ።,Suggestion,3,Suggestion_08,test
582,ይቅርታ፣ ለባልደረባዬ መላክ አልችልም።,Refusal,2,Refusal_05,train
583,እባክዎ ውሉን ለባልደረባዬ አሁን ይላኩልኝ።,Request,0,Request_02,train
584,ጤና ይስጥልኝ፣ ዛሬ እንዴት ነው?,Phatic,7,Phatic_13,val
585,የኮንትራቱ ችግርን ነገ ማታ እፈታለሁ።,Promise,8,Promise_14,train
586,ምናልባት ለእናቴ መደወል ይሻላል።,Suggestion,3,Suggestion_06,train
587,እባክዎ ስጦታውን አሁን ይላኩልኝ።,Request,0,Request_04,train
588,እባክሽ ደብዳቤውን ዛሬ ጠዋት አምጪልኝ።,Request,0,Request_09,test
589,ምግቡ በዚህ አመት አልደረሰኝም።,Complaint,6,Complaint_08,test
590,እባክዎ ፋይሉን አሁን ይላኩልኝ።,Request,0,Request_04,train
591,እባክሽ ደብዳቤውን በዚህ አመት አምጪልኝ።,Request,0,Request_09,val
592,እባክዎ መረጃውን ዛሬ ማታ ይላኩልኝ።,Request,0,Request_07,test
593,ውሉ በሚቀጥለው ወር ተፈርሟል።,Assertion,1,Assertion_07,train
594,ተጠንቀቅ፣ መጽሐፉን ነገ ካላመለስክ ቅጣት አለ።,Warning,4,Warning_10,train
595,ምክሬ ቦታውን አሁን ማስያዝ ነው።,Suggestion,3,Suggestion_09,val
596,አዎ፣ ስጦታው ደርሷል... በጣም ጥሩ!,Sarcasm/Irony,5,Sarcasm/Irony_06,train
597,ስጦታው ገና ወደ ዩኒቨርሲቲ በዚህ አመት አልደረሰኝም።,Complaint,6,Complaint_00,train
598,ምናልባት መረጃውን ዛሬ ጠዋት ማድረግ ይሻላል።,Suggestion,3,Suggestion_00,train
599,እርግጥ ነው፣ ትዕዛዙ ነገ ጠዋት ተጠናቀቀ... በጣም ፈጣን!,Sarcasm/Irony,5,Sarcasm/Irony_01,train
600,ተጠንቀቅ፣ ስራውን በዚህ ሳምንት ካላጠናቀቅክ ቅጣት አለ።,Warning,4,Warning_14,val
601,ምግቡ አሁን አልደረሰኝም።,Complaint,6,Complaint_08,val
602,ማስጠንቀቂያ፣ ደብዳቤውን ነገ ጠዋት ካላረጋገጥክ ችግር ይፈጥራል።,Warning,4,Warning_13,train
603,የመረጃው ሁኔታ ጥሩ ነው።,Assertion,1,Assertion_03,train
604,የስጦታው ችግርን በሚቀጥለው ቀን እፈታለሁ።,Promise,8,Promise_14,train
605,ማስጠንቀቂያ፣ ሪፖርቱን በዚህ ሳምንት ካላቀረብክ ቅጣት አለ።,Warning,4,Warning_05,val
606,ጤና ይስጥልኝ፣ ዛሬ እንዴት ነው?,Phatic,7,Phatic_13,train
607,ተጠንቀቅ፣ መልእክቱን ዛሬ ማታ ካላደረግክ ችግር ይፈጥራል።,Warning,4,Warning_00,train
608,ይቅርታ፣ ትዕዛዙን በቅርቡ መላክ አልችልም።,Refusal,2,Refusal_02,train
609,መጽሐፉ በዚህ አመት አልደረሰኝም።,Complaint,6,Complaint_09,train
610,አልፈልግም፣ አገልግሎቱን አልቀበልም።,Refusal,2,Refusal_03,val
611,ክፍያው ነገ ማታ አልተከፈለም።,Complaint,6,Complaint_03,train
612,ጤና ይስጥልኝ፣ ቤተሰቤ እንዴት ነው?,Phatic,7,Phatic_10,train
613,መረጃው ትክክል ነው።,Assertion,1,Assertion_04,test
614,ምግቡ በፍጥነት አልደረሰኝም።,Complaint,6,Complaint_08,train
615,ትዕዛዙ በሚቀጥለው ቀን ተጠናቀቀ።,Assertion,1,Assertion_02,train
616,እባክዎ ውሉን አሁን ይላኩልኝ።,Request,0,Request_04,test
617,እርግጥ ነው፣ ሪፖርቱ ዝግጁ ነው... በጣም ፈጣን!,Sarcasm/Irony,5,Sarcasm/Irony_05,test
618,ቦታውን በዚህ ሳምንት አስይዛለሁ።,Promise,8,Promise_07,train
619,ምክሬ ቦታውን አሁን ማስያዝ ነው።,Suggestion,3,Suggestion_09,train
620,እባክዎ መጽሐፉን አሁን ይላኩልኝ።,Request,0,Request_14,train
621,ሪፖርቱን በሚቀጥለው ወር አቀርባለሁ።,Promise,8,Promise_05,train
622,የትዕዛዙ ችግር ከጠዋቱ ጀምሮ ከአባቴ ጋር እፈታለሁ።,Promise,8,Promise_00,train
623,ተጠንቀቅ፣ መጽሐፉን በሚቀጥለው ሳምንት ካላመለስክ ቅጣት አለ።,Warning,4,Warning_10,train
624,ማስጠንቀቂያ፣ ትዕዛዙን በዚህ ሳምንት ካላጠናቀቅክ ቅጣት አለ።,Warning,4,Warning_01,val
625,እንደሚመስለኝ ስጦታውን ዛሬ ማምጣት ይሻላል።,Suggestion,3,Suggestion_10,train
626,መጽሐፉ በፍጥነት ደረሰ።,Assertion,1,Assertion_11,train
627,ሰላም ነው?,Phatic,7,Phatic_04,train
628,እርግጥ ነው፣ መረጃው ትክክል ነው... በጣም ግልጽ!,Sarcasm/Irony,5,Sarcasm/Irony_07,train
629,ተጠንቀቅ፣ ስጦታውን በዚህ ወር ካላመጣህ ችግር ይፈጥራል።,Warning,4,Warning_06,train
630,ጤና ይስጥልኝ፣ ጓደኛዋ እንዴት ነው?,Phatic,7,Phatic_10,train
631,ሀሳቤ መረጃውን ለእናቴ ማጋራት ነው።,Suggestion,3,Suggestion_11,val
632,ምናልባት ፓኬጁን በዚህ ወር ማድረግ ይሻላል።,Suggestion,3,Suggestion_00,train
633,አልፈልግም፣ መልእክቱን አልቀበልም።,Refusal,2,Refusal_03,train
634,እርግጥ ነው፣ መልእክቱ ጥሩ ነው... በጣም ጥሩ!,Sarcasm/Irony,5,Sarcasm/Irony_13,train
635,ጤና ይስጥልኝ፣ ቤተሰብ እንዴት ናቸው?,Phatic,7,Phatic_06,test
636,የመጽሐፉ ጥራት ከፍተኛ ነው።,Assertion,1,Assertion_14,test
637,አዎ፣ ለወንድሜ ደውያለሁ... በጣም ቀላል!,Sarcasm/Irony,5,Sarcasm/Irony_14,val
638,እንደሚመስለኝ ስጦታውን በቅርቡ ማምጣት ይሻላል።,Suggestion,3,Suggestion_10,train
639,ስጦታው ነገ ደርሷል።,Assertion,1,Assertion_01,train
640,ማስጠንቀቂያ፣ መረጃውን ካላጋራህ ችግር ይፈጥራል።,Warning,4,Warning_07,test
641,እባክዎ ቦታውን በቅርቡ ያስይዙልኝ።,Request,0,Request_12,val
642,ይሻላል ክፍያውን ዛሬ ማታ ማድረግ።,Suggestion,3,Suggestion_08,test
643,እባክዎ ክፍያውን በፍጥነት ያረጋግጡልኝ።,Request,0,Request_08,train
644,ውሳኔው በቅርቡ አልተሰጠም።,Complaint,6,Complaint_13,train
645,ተጠንቀቅ፣ ለባልደረባዬ ካልላክ ችግር ይፈጥራል።,Warning,4,Warning_02,train
646,ውሉ በቅርቡ ተፈርሟል።,Assertion,1,Assertion_07,train
647,እባክዎ ስጦታውን በፍጥነት ያድርሱልኝ።,Request,0,Request_06,test
648,ክፍያውን በሚቀጥለው ሳምንት አደርጋለሁ።,Promise,8,Promise_03,train
649,ውሳኔው በዚህ አመት አልተሰጠም።,Complaint,6,Complaint_13,train
650,ትዕዛዙ በሚቀጥለው ወር አልደረሰኝም።,Complaint,6,Complaint_01,train
651,ሪፖርቱን በፍጥነት አቀርባለሁ።,Promise,8,Promise_05,val
652,ምግቡ በሚቀጥለው ሳምንት አልደረሰኝም።,Complaint,6,Complaint_08,train
653,መጽሐፉን በዚህ አመት አመልሳለሁ።,Promise,8,Promise_09,val
654,አይ፣ አሁን ትዕዛዙ ማድረግ አልችልም።,Refusal,2,Refusal_01,val
655,መረጃው ትክክል ነው።,Assertion,1,Assertion_04,test
656,ምናልባት ለእህቴ መደወል ይሻላል።,Suggestion,3,Suggestion_06,test
657,እባክዎ ውሉን ለእህቴ በቅርቡ ይላኩልኝ።,Request,0,Request_02,val
658,ሰላም ነው ወንድሜ?,Phatic,7,Phatic_11,val
659,እባክዎ መልእክቱን በሚቀጥለው ቀን ይላኩልኝ።,Request,0,Request_00,val
660,እባክዎ ስራውን በዚህ ሳምንት ይላኩልኝ።,Request,0,Request_00,val
661,ተጠንቀቅ፣ ሪፖርቱን ነገ ማታ ካላደረግክ ችግር ይፈጥራል።,Warning,4,Warning_00,train
662,የሪፖርቱ ጥራት ከፍተኛ ነው።,Assertion,1,Assertion_14,train
663,ምግቡ በዚህ አመት አልደረሰኝም።,Complaint,6,Complaint_08,train
664,እርግጥ ነው፣ ፓኬጁ ጥሩ ነው... በጣም ጥሩ!,Sarcasm/Irony,5,Sarcasm/Irony_13,val
665,ጤና ይስጥልኝ፣ ስራ እንዴት ነው?,Phatic,7,Phatic_02,val
666,እባክሽ ፓኬጁን ዛሬ ማታ አምጪልኝ።,Request,0,Request_05,train
667,አዎ፣ ውሉ ተፈርሟል... በጣም ቀላል ነበር!,Sarcasm/Irony,5,Sarcasm/Irony_04,train
668,ሰላም፣ እንዴት ነህ?,Phatic,7,Phatic_01,train
669,ይቅርታ፣ መረጃውን ማጋራት አልችልም።,Refusal,2,Refusal_08,test
670,እባክዎ ክፍያውን ነገ ማታ ያረጋግጡልኝ።,Request,0,Request_08,train
671,ይቅርታ፣ መረጃውን ማጋራት አልችልም።,Refusal,2,Refusal_08,train
672,ክፍያው በዚህ ወር አልተከፈለም።,Complaint,6,Complaint_03,train
673,የጓደኛችን ስራ በሬስቶራንት ጥሩ ነው።,Assertion,1,Assertion_06,train
674,እባክዎ ፓኬጁን ለደንበኛው በፍጥነት ይላኩልኝ።,Request,0,Request_11,test
675,ምግቡ በዚህ አመት አልደረሰኝም።,Complaint,6,Complaint_08,train
676,እባክዎ ውሉን ለአስተዳዳሪው በቅርቡ ይላኩልኝ።,Request,0,Request_02,train
677,ስጦታው ገና ወደ ሱቅ በዚህ ወር አልደረሰኝም።,Complaint,6,Complaint_00,train
678,መረጃው በቅርቡ አልደረሰኝም።,Complaint,6,Complaint_06,train
679,መረጃው በዚህ አመት አልደረሰኝም።,Complaint,6,Complaint_06,train
680,አዎ፣ መጽሐፉ ተመልሷል... በጣም ቀላል!,Sarcasm/Irony,5,Sarcasm/Irony_10,train
681,እባክዎ አገልግሎቱን ለደንበኛው በቅርቡ ይላኩልኝ።,Request,0,Request_11,train
682,የደንበኛው ውሳኔ ትክክል ነው።,Assertion,1,Assertion_12,test
683,ማስጠንቀቂያ፣ ውሳኔውን ዛሬ ጠዋት ካላሳወቅክ ችግር ይፈጥራል።,Warning,4,Warning_11,train
684,ክፍያው ተከፍሏል።,Assertion,1,Assertion_05,train
685,አዎ፣ ውሉ ተፈርሟል... በጣም ቀላል ነበር!,Sarcasm/Irony,5,Sarcasm/Irony_04,train
686,እንደምን አደረሽ?,Phatic,7,Phatic_09,train
687,ምናልባት መጽሐፉን ዛሬ ጠዋት ማድረግ ይሻላል።,Suggestion,3,Suggestion_00,train
688,እንዴት ነህ ጓደኛ?,Phatic,7,Phatic_12,train
689,ትዕዛዙ ዛሬ ማታ አልደረሰኝም።,Complaint,6,Complaint_01,train
690,እባክዎ ስጦታውን ለደንበኛው በዚህ ወር ይላኩልኝ።,Request,0,Request_11,val
691,እባክሽ ምግቡን ዛሬ ጠዋት አዘጋጅልኝ።,Request,0,Request_13,train
692,መጽሐፉን በፍጥነት አመልሳለሁ።,Promise,8,Promise_09,train
693,መጽሐፉን በቅርቡ አመልሳለሁ።,Promise,8,Promise_09,train
694,የደንበኛው ስራ በሬስቶራንት ጥሩ ነው።,Assertion,1,Assertion_06,train
695,አይ፣ አሁን ክፍያው ማድረግ አልችልም።,Refusal,2,Refusal_01,val
696,የውሉ ዋጋ ተቀይሯል።,Assertion,1,Assertion_09,train
697,መጽሐፉን ዛሬ ማታ አመልሳለሁ።,Promise,8,Promise_09,train
698,ማስጠንቀቂያ፣ ትዕዛዙን በቅርቡ ካላጠናቀቅክ ቅጣት አለ።,Warning,4,Warning_01,train
699,እባክዎ ትዕዛዙን ለፖሊሱ ነገ ጠዋት ይላኩልኝ።,Request,0,Request_03,train
700,እርግጥ ነው፣ ትዕዛዙ ዛሬ ጠዋት ተጠናቀቀ... በጣም ፈጣን!,Sarcasm/Irony,5,Sarcasm/Irony_01,train
701,ትዕዛዙን አሁን አጠናቅቃለሁ።,Promise,8,Promise_02,train
702,እባክዎ ስጦታውን አሁን ያድርሱልኝ።,Request,0,Request_06,test
703,ስራውን በፍጥነት አጠናቅቃለሁ።,Promise,8,Promise_12,train
704,አዎ፣ ስጦታው ደርሷል... በጣም ጥሩ!,Sarcasm/Irony,5,Sarcasm/Irony_06,train
705,የምግቡ ጥራት ዝቅተኛ ነው።,Complaint,6,Complaint_11,train
706,ክፍያው ተከፍሏል።,Assertion,1,Assertion_05,test
707,ትዕዛዙ በዚህ ሳምንት ተጠናቀቀ።,Assertion,1,Assertion_02,train
708,እንደምን አደርክ?,Phatic,7,Phatic_03,train
709,እባክዎ ክፍያውን አሁን ይላኩልኝ።,Request,0,Request_04,val
710,ትዕዛዙን ነገ አጠናቅቃለሁ።,Promise,8,Promise_02,train
711,እንደሚመስለኝ ስጦታውን በዚህ አመት ማምጣት ይሻላል።,Suggestion,3,Suggestion_10,test
712,እባክሽ ሸቀጡን በሚቀጥለው ሳምንት አምጪልኝ።,Request,0,Request_01,train
713,ምክሬ ቦታውን አሁን ማስያዝ ነው።,Suggestion,3,Suggestion_09,train
714,እባክዎ ክፍያውን ለደንበኛው ዛሬ ጠዋት ይላኩልኝ።,Request,0,Request_11,train
715,እርግጥ ነው፣ ሪፖርቱ ዝግጁ ነው... በጣም ፈጣን!,Sarcasm/Irony,5,Sarcasm/Irony_05,train
716,ለአለቃዬ በዚህ ሳምንት አልደወሉልኝም።,Complaint,6,Complaint_14,train
717,ይቅርታ፣ ለቤተሰቤ መላክ አልችልም።,Refusal,2,Refusal_05,val
718,የደብዳቤው ሁኔታ ጥሩ ነው።,Assertion,1,Assertion_03,train
719,የአስተዳዳሪው ውሳኔ ትክክል ነው።,Assertion,1,Assertion_12,test
720,ማስጠንቀቂያ፣ ሪፖርቱን ዛሬ ካላቀረብክ ቅጣት አለ።,Warning,4,Warning_05,val
721,ማስጠንቀቂያ፣ ሪፖርቱን ዛሬ ጠዋት ካላቀረብክ ቅጣት አለ።,Warning,4,Warning_05,train
722,እባክዎ መጽሐፉን ነገ ጠዋት ይላኩልኝ።,Request,0,Request_14,train
723,ሰላም፣ እንዴት ነህ?,Phatic,7,Phatic_01,train
724,ቦታውን አሁን አስይዛለሁ።,Promise,8,Promise_07,train
725,ሰላም ነው?,Phatic,7,Phatic_04,train
726,ቦታውን በሚቀጥለው ሳምንት አስይዛለሁ።,Promise,8,Promise_07,val
727,ነጋዴው፣ ስራ እንዴት እየሄደ ነው?,Phatic,7,Phatic_14,train
728,ውሉ ነገ አልተፈረመም።,Complaint,6,Complaint_04,train
729,ጤና ይስጥልኝ፣ ዛሬ እንዴት ነው?,Phatic,7,Phatic_13,train
730,እባክሽ ደብዳቤውን በሚቀጥለው ሳምንት አምጪልኝ።,Request,0,Request_09,train
731,ውሳኔውን ዛሬ አሳውቃለሁ።,Promise,8,Promise_11,train
732,ነጋዴው፣ ስራ በሆስፒታል እንዴት ነው?,Phatic,7,Phatic_00,train
733,ክፍያው በዚህ ወር አልተከፈለም።,Complaint,6,Complaint_03,val
734,ማስጠንቀቂያ፣ ትዕዛዙን ዛሬ ማታ ካላጠናቀቅክ ቅጣት አለ።,Warning,4,Warning_01,train
735,እባክዎ ትዕዛዙን ለአስተዳዳሪው በሚቀጥለው ቀን ይላኩልኝ።,Request,0,Request_03,train
736,አልፈልግም፣ ሪፖርቱን አልቀበልም።,Refusal,2,Refusal_03,train
737,አይደለም፣ ውሉን በፍጥነት ማረጋገጥ አልችልም።,Refusal,2,Refusal_04,train
738,ሀሳቤ ውሉን አሁን መፈረም ነው።,Suggestion,3,Suggestion_05,train
739,ይቅርታ፣ መረጃውን ማጋራት አልችልም።,Refusal,2,Refusal_08,train
740,አልችልም፣ ምግቡን በዚህ አመት ማዘጋጀት አልቻልኩም።,Refusal,2,Refusal_12,train
741,ሀሳቤ መረጃውን ለወንድሜ ማጋራት ነው።,Suggestion,3,Suggestion_11,train
742,መረጃው በሚቀጥለው ወር አልደረሰኝም።,Complaint,6,Complaint_06,val
743,ውሳኔውን በሚቀጥለው ወር አሳውቃለሁ።,Promise,8,Promise_11,train
744,አዎ፣ አገልግሎቱን ነገ አደረግኩት... ትክክል ነው!,Sarcasm/Irony,5,Sarcasm/Irony_00,train
745,እርግጥ ነው፣ መረጃው ትክክል ነው... በጣም ግልጽ!,Sarcasm/Irony,5,Sarcasm/Irony_07,train
746,አዎ፣ መጽሐፉ ተመልሷል... በጣም ቀላል!,Sarcasm/Irony,5,Sarcasm/Irony_10,val
747,ሪፖርቱ ነገ አልቀረበም።,Complaint,6,Complaint_05,test
748,ይቅርታ፣ ትዕዛዙን በፍጥነት መላክ አልችልም።,Refusal,2,Refusal_02,train
749,እባክዎ ምግቡን አሁን ይላኩልኝ።,Request,0,Request_04,train
750,አልችልም፣ ምግቡን ዛሬ ጠዋት ማዘጋጀት አልቻልኩም።,Refusal,2,Refusal_12,train
751,አይደለም፣ ሪፖርቱን በዚህ ወር ማጠናቀቅ አልችልም።,Refusal,2,Refusal_10,train
752,ክፍያው ተከፍሏል።,Assertion,1,Assertion_05,train
753,ይቅርታ፣ ለአለቃዬ መላክ አልችልም።,Refusal,2,Refusal_05,test
754,ማስጠንቀቂያ፣ ውሳኔውን በዚህ ወር ካላሳወቅክ ችግር ይፈጥራል።,Warning,4,Warning_11,test
755,የጓደኛዋ ውሳኔ ትክክል ነው።,Assertion,1,Assertion_12,test
756,መረጃው ትክክል ነው።,Assertion,1,Assertion_04,test
757,ውሉን ነገ ጠዋት እፈርማለሁ።,Promise,8,Promise_04,val
758,የአጋሬ ውሳኔ ትክክል ነው።,Assertion,1,Assertion_12,test
759,አይደለም፣ ውሉን ዛሬ ጠዋት ማረጋገጥ አልችልም።,Refusal,2,Refusal_04,train
760,ምክሬ መጽሐፉን አሁን ማረጋገጥ ነው።,Suggestion,3,Suggestion_03,val
761,እባክዎ ስጦታውን በሚቀጥለው ቀን ያድርሱልኝ።,Request,0,Request_06,train
762,ውሉ አሁን አልተፈረመም።,Complaint,6,Complaint_04,train
763,ሀሳቤ መረጃውን ለቤተሰቤ ማጋራት ነው።,Suggestion,3,Suggestion_11,train
764,ስራውን አሁን አጠናቅቃለሁ።,Promise,8,Promise_12,test
765,ተጠንቀቅ፣ ለወንድሜ ካልደወልክ ችግር ይፈጥራል።,Warning,4,Warning_12,train
766,እርግጥ ነው፣ ውሳኔው ትክክል ነው... በጣም ጥሩ!,Sarcasm/Irony,5,Sarcasm/Irony_11,test
767,ስራውን በሚቀጥለው ቀን አጠናቅቃለሁ።,Promise,8,Promise_12,test
768,ይቅርታ፣ ለአጋሬ መጥራት አልችልም።,Refusal,2,Refusal_11,train
769,እንደኔ ሀሳብ መጽሐፉን በዚህ ወር ማንበብ ይሻላል።,Suggestion,3,Suggestion_13,test
770,አይ፣ መጽሐፉን ማበደር አልችልም።,Refusal,2,Refusal_13,train
771,የውሳኔው ሁኔታ ጥሩ ነው።,Assertion,1,Assertion_03,train
772,ስራው በዚህ ወር ተጀምሯል።,Assertion,1,Assertion_13,test
773,ሰላም፣ እንዴት ነህ?,Phatic,7,Phatic_01,train
774,እባክዎ ቦታውን ነገ ጠዋት ያስይዙልኝ።,Request,0,Request_12,train
775,ሀሳቤ መረጃውን ለባልደረባዬ ማጋራት ነው።,Suggestion,3,Suggestion_11,train
776,የትዕዛዙ ችግር ከረቡዕ ጀምሮ ከጓደኛችን ጋር እፈታለሁ።,Promise,8,Promise_00,train
777,እባክዎ ትዕዛዙን ለባልደረባዬ ነገ ጠዋት ይላኩልኝ።,Request,0,Request_03,train
778,መረጃውን ነገ ጠዋት እላካለሁ።,Promise,8,Promise_06,train
779,ውሉን በሚቀጥለው ወር እፈርማለሁ።,Promise,8,Promise_04,val
780,እባክሽ ሪፖርቱን በሚቀጥለው ወር አምጪልኝ።,Request,0,Request_01,val
781,ማስጠንቀቂያ፣ ውሳኔውን በሚቀጥለው ወር ካላሳወቅክ ችግር ይፈጥራል።,Warning,4,Warning_11,train
782,አልፈልግም፣ ደብዳቤውን አልቀበልም።,Refusal,2,Refusal_03,train
783,እባክዎ መጽሐፉን ነገ ይላኩልኝ።,Request,0,Request_14,train
784,ይቅርታ፣ ውሳኔውን በፍጥነት ማሳወቅ አልችልም።,Refusal,2,Refusal_14,val
785,እንደሚመስለኝ ስጦታውን ዛሬ ማታ ማምጣት ይሻላል።,Suggestion,3,Suggestion_10,train
786,ምግቡ በፍጥነት አልደረሰኝም።,Complaint,6,Complaint_08,test
787,ትዕዛዙ ነገ አልደረሰኝም።,Complaint,6,Complaint_01,train
788,እርግጥ ነው፣ ትዕዛዙ በቅርቡ ተጠናቀቀ... በጣም ፈጣን!,Sarcasm/Irony,5,Sarcasm/Irony_01,train
789,ማስጠንቀቂያ፣ መረጃውን ካላጋራህ ችግር ይፈጥራል።,Warning,4,Warning_07,train
790,ሰላም ነው ወንድሜ?,Phatic,7,Phatic_11,train
791,እባክዎ ቦታውን በሚቀጥለው ሳምንት ያስይዙልኝ።,Request,0,Request_12,train
792,እባክሽ ምግቡን ዛሬ ማታ አምጪልኝ።,Request,0,Request_05,val
793,ውሉ በቅርቡ አልተፈረመም።,Complaint,6,Complaint_04,train
794,ክፍያውን በፍጥነት አደርጋለሁ።,Promise,8,Promise_03,test
795,አዎ፣ መጽሐፉ ተመልሷል... በጣም ቀላል!,Sarcasm/Irony,5,Sarcasm/Irony_10,train
796,አይደለም፣ ሪፖርቱን ነገ ጠዋት ማጠናቀቅ አልችልም።,Refusal,2,Refusal_10,train
797,የፋይሉ ጥራት ዝቅተኛ ነው።,Complaint,6,Complaint_11,train
798,ተጠንቀቅ፣ ክፍያውን በሚቀጥለው ሳምንት ካላደረግክ ችግር ይፈጥራል።,Warning,4,Warning_00,val
799,ይሻላል ክፍያውን ነገ ማታ ማድረግ።,Suggestion,3,Suggestion_08,train
800,እርግጥ ነው፣ መልእክቱ ጥሩ ነው... በጣም ጥሩ!,Sarcasm/Irony,5,Sarcasm/Irony_13,train
801,አልፈልግም፣ ቦታውን ማስያዝ አልችልም።,Refusal,2,Refusal_09,val
802,እርግጥ ነው፣ ሪፖርቱ ዝግጁ ነው... በጣም ፈጣን!,Sarcasm/Irony,5,Sarcasm/Irony_05,test
803,ይሻላል ውሳኔውን ነገ ማታ ማሳወቅ።,Suggestion,3,Suggestion_14,train
804,አይ፣ አሁን ሰነዱ ማድረግ አልችልም።,Refusal,2,Refusal_01,test
805,ሀሳቤ ውሉን ነገ ማታ መፈረም ነው።,Suggestion,3,Suggestion_05,train
806,መጽሐፉ ዛሬ ማታ ደረሰ።,Assertion,1,Assertion_11,train
807,እርግጥ ነው፣ ምግቡ ዝግጁ ነው... በጣም ጣፋጭ!,Sarcasm/Irony,5,Sarcasm/Irony_09,test
808,የእህቴ ስራ በሆቴል ጥሩ ነው።,Assertion,1,Assertion_06,test
809,እርግጥ ነው፣ ምግቡ ዝግጁ ነው... በጣም ጣፋጭ!,Sarcasm/Irony,5,Sarcasm/Irony_09,train
810,እንደሚመስለኝ ትዕዛዙን በሚቀጥለው ሳምንት ማጠናቀቅ ይሻላል።,Suggestion,3,Suggestion_04,val
811,ቦታው ነፃ ነው።,Assertion,1,Assertion_10,train
812,መረጃውን በሚቀጥለው ቀን እላካለሁ።,Promise,8,Promise_06,train
813,እንደምን አደረሽ?,Phatic,7,Phatic_09,test
814,ለአስተዳዳሪው በዚህ አመት እደውላለሁ።,Promise,8,Promise_10,train
815,ተጠንቀቅ፣ ስራውን በሚቀጥለው ወር ካላጠናቀቅክ ቅጣት አለ።,Warning,4,Warning_14,test
816,ውሳኔው ነገ ጠዋት አልተሰጠም።,Complaint,6,Complaint_13,train
817,ትዕዛዙ በፍጥነት አልደረሰኝም።,Complaint,6,Complaint_01,test
818,እርግጥ ነው፣ ቦታው ጥሩ ነው... በጣም ጥሩ!,Sarcasm/Irony,5,Sarcasm/Irony_13,val
819,እርግጥ ነው፣ ትዕዛዙ በዚህ ወር ተጠናቀቀ... በጣም ፈጣን!,Sarcasm/Irony,5,Sarcasm/Irony_01,val
820,ሰላም፣ ስራ በቤት እንዴት ነው?,Phatic,7,Phatic_08,train
821,አልፈልግም፣ ደብዳቤውን አልቀበልም።,Refusal,2,Refusal_03,test
822,ተጠንቀቅ፣ ቦታውን ነገ ጠዋት ካላደረግክ ችግር ይፈጥራል።,Warning,4,Warning_00,train
823,እንደምን አደረሽ?,Phatic,7,Phatic_09,train
824,የደብዳቤው ዋጋ ተቀይሯል።,Assertion,1,Assertion_09,train
825,አዎ፣ ለአለቃዬ ላክኩት... በጣም ጥሩ!,Sarcasm/Irony,5,Sarcasm/Irony_02,val
826,አልፈልግም፣ ፓኬጁን አልቀበልም።,Refusal,2,Refusal_03,train
827,ቦታውን በዚህ አመት አስይዛለሁ።,Promise,8,Promise_07,train
828,ይሻላል ትዕዛዙን ለአጋሬ ማሳወቅ።,Suggestion,3,Suggestion_02,train
829,ትዕዛዙ በሚቀጥለው ወር አልደረሰኝም።,Complaint,6,Complaint_01,train
830,እንደኔ ሀሳብ ሪፖርቱን አሁን ማቅረብ ይሻላል።,Suggestion,3,Suggestion_07,train
831,አይደለም፣ ውሉን በዚህ ሳምንት ማረጋገጥ አልችልም።,Refusal,2,Refusal_04,train
832,ውሳኔው በሚቀጥለው ወር አልተሰጠም።,Complaint,6,Complaint_13,train
833,ጤና ይስጥልኝ፣ ስራ እንዴት ነው?,Phatic,7,Phatic_02,test
834,እባክዎ መጽሐፉን በቅርቡ ይላኩልኝ።,Request,0,Request_14,val
835,ነጋዴው፣ ስራ በቢሮ እንዴት ነው?,Phatic,7,Phatic_00,train
836,የምግቡ ሁኔታ ጥሩ ነው።,Assertion,1,Assertion_03,test
837,ማስጠንቀቂያ፣ ምግቡን ዛሬ ጠዋት ካላዘጋጀህ ችግር ይፈጥራል።,Warning,4,Warning_09,test
838,ማስጠንቀቂያ፣ ክፍያውን በዚህ ሳምንት ካላደረግክ አገልግሎት ይቋረጣል።,Warning,4,Warning_03,train
839,ተጠንቀቅ፣ ለአለቃዬ ካልደወልክ ችግር ይፈጥራል።,Warning,4,Warning_12,train
840,ተጠንቀቅ፣ ውሉን በዚህ ሳምንት ካልፈረምክ ህጋዊ ችግር ይፈጥራል።,Warning,4,Warning_04,train
841,አልፈልግም፣ ቦታውን ማስያዝ አልችልም።,Refusal,2,Refusal_09,train
842,አዎ፣ ስጦታው ደርሷል... በጣም ጥሩ!,Sarcasm/Irony,5,Sarcasm/Irony_06,train
843,አልፈልግም፣ ቦታውን አልቀበልም።,Refusal,2,Refusal_03,val
844,እባክዎ ቦታውን ዛሬ ጠዋት ያስይዙልኝ።,Request,0,Request_12,test
845,ጤና ይስጥልኝ፣ አባቴ እንዴት ነው?,Phatic,7,Phatic_10,train
846,ቦታው ዛሬ አልተያዘም።,Complaint,6,Complaint_07,train
847,እባክዎ መጽሐፉን ለደንበኛው በሚቀጥለው ወር ይላኩልኝ።,Request,0,Request_11,train
848,መልእክቱን በዚህ ሳምንት አረጋግጣለሁ።,Promise,8,Promise_13,val
849,ተጠንቀቅ፣ ለአጋሬ ካልደወልክ ችግር ይፈጥራል።,Warning,4,Warning_12,train
850,ማስጠንቀቂያ፣ ውሳኔውን በዚህ ሳምንት ካላሳወቅክ ችግር ይፈጥራል።,Warning,4,Warning_11,train
851,ሀሳቤ መረጃውን ለአባቴ ማጋራት ነው።,Suggestion,3,Suggestion_11,train
852,ጤና ይስጥልኝ፣ ዛሬ እንዴት ነው?,Phatic,7,Phatic_13,train
853,እባክሽ ምግቡን ዛሬ ማታ አዘጋጅልኝ።,Request,0,Request_13,train
854,ይቅርታ፣ ውሳኔውን በሚቀጥለው ሳምንት ማሳወቅ አልችልም።,Refusal,2,Refusal_14,train
855,ምናልባት ለአባቴ መደወል ይሻላል።,Suggestion,3,Suggestion_06,test
856,ክፍያውን በዚህ አመት አደርጋለሁ።,Promise,8,Promise_03,train
857,ቦታውን በዚህ ሳምንት አስይዛለሁ።,Promise,8,Promise_07,test
858,እንደኔ ሀሳብ ፓኬጁን ነገ ማታ መላክ ይሻላል።,Suggestion,3,Suggestion_01,val
859,ሪፖርቱን አሁን አቀርባለሁ።,Promise,8,Promise_05,train
860,ጤና ይስጥልኝ፣ ስራ እንዴት ነው?,Phatic,7,Phatic_02,test
861,አዎ፣ ለቤተሰቤ ላክኩት... በጣም ጥሩ!,Sarcasm/Irony,5,Sarcasm/Irony_02,train
862,ተጠንቀቅ፣ ስራውን ዛሬ ማታ ካላጠናቀቅክ ቅጣት አለ።,Warning,4,Warning_14,train
863,ይሻላል ቦታውን ለጓደኛዬ ማሳወቅ።,Suggestion,3,Suggestion_02,train
864,ሪፖርቱ ዝግጁ ነው።,Assertion,1,Assertion_08,train
865,አዎ፣ ለአጋሬ ደውያለሁ... በጣም ቀላል!,Sarcasm/Irony,5,Sarcasm/Irony_14,test
866,ሰላም፣ እንዴት ነህ?,Phatic,7,Phatic_01,train
867,እባክዎ ክፍያውን አሁን ይላኩልኝ።,Request,0,Request_04,train
868,ሪፖርቱ ዝግጁ ነው።,Assertion,1,Assertion_08,val
869,እባክዎ መልእክቱን ለደንበኛው በዚህ ወር ይላኩልኝ።,Request,0,Request_11,train
870,መጽሐፉ በዚህ ሳምንት ደረሰ።,Assertion,1,Assertion_11,train
871,ክፍያው ነገ ጠዋት አልተከፈለም።,Complaint,6,Complaint_03,train
872,ጤና ይስጥልኝ፣ ቤተሰብ እንዴት ናቸው?,Phatic,7,Phatic_06,train
873,ስጦታው ገና ወደ ዩኒቨርሲቲ በፍጥነት አልደረሰኝም።,Complaint,6,Complaint_00,train
874,ይቅርታ፣ ለእናቴ መጥራት አልችልም።,Refusal,2,Refusal_11,test
875,ሀሳቤ ውሉን በቅርቡ መፈረም ነው።,Suggestion,3,Suggestion_05,train
876,ይሻላል ክፍያውን በሚቀጥለው ወር ማድረግ።,Suggestion,3,Suggestion_08,train
877,የመልእክቱ ጥራት ዝቅተኛ ነው።,Complaint,6,Complaint_11,train
878,አልፈልግም፣ መረጃውን አልቀበልም።,Refusal,2,Refusal_03,test
879,እባክዎ ክፍያውን ነገ ያረጋግጡልኝ።,Request,0,Request_08,train
880,አዎ፣ ውሉ ተፈርሟል... በጣም ቀላል ነበር!,Sarcasm/Irony,5,Sarcasm/Irony_04,test
881,የክፍያው ዋጋ ተቀይሯል።,Assertion,1,Assertion_09,train
882,እባክዎ መረጃውን አሁን ይላኩልኝ።,Request,0,Request_04,val
883,ነጋዴው፣ ስራ በፍርድ ቤት እንዴት ነው?,Phatic,7,Phatic_00,val
884,አልፈልግም፣ ቦታውን ማስያዝ አልችልም።,Refusal,2,Refusal_09,val
885,አዎ፣ ፓኬጁን ዛሬ ጠዋት አደረግኩት... ትክክል ነው!,Sarcasm/Irony,5,Sarcasm/Irony_00,train
886,ክፍያው በዚህ ወር አልተከፈለም።,Complaint,6,Complaint_03,train
887,ስራው አሁን አልተጠናቀቀም።,Complaint,6,Complaint_12,train
888,ሪፖርቱ በዚህ አመት አልቀረበም።,Complaint,6,Complaint_05,train
889,ሰላም፣ ስራ በአውሮፕላን ማረፊያ እንዴት ነው?,Phatic,7,Phatic_08,train
890,ውሳኔውን ነገ አሳውቃለሁ።,Promise,8,Promise_11,train
891,መረጃውን በዚህ ወር እላካለሁ።,Promise,8,Promise_06,train
892,አዎ፣ ስራውን በሚቀጥለው ወር አደረግኩት... ትክክል ነው!,Sarcasm/Irony,5,Sarcasm/Irony_00,train
893,አልችልም፣ ፋይሉን ነገ ጠዋት ማድረስ አልቻልኩም።,Refusal,2,Refusal_00,test
894,አልችልም፣ ሸቀጡን በዚህ ወር ማድረስ አልቻልኩም።,Refusal,2,Refusal_00,train
895,መጽሐፉ ዛሬ ጠዋት ደረሰ።,Assertion,1,Assertion_11,train
896,አይደለም፣ ሪፖርቱን በፍጥነት ማጠናቀቅ አልችልም።,Refusal,2,Refusal_10,val
897,እንደኔ ሀሳብ ሪፖርቱን በሚቀጥለው ቀን ማቅረብ ይሻላል።,Suggestion,3,Suggestion_07,test
898,አዎ፣ ለእህቴ ደውያለሁ... በጣም ቀላል!,Sarcasm/Irony,5,Sarcasm/Irony_14,train
899,አይ፣ አሁን አገልግሎቱ ማድረግ አልችልም።,Refusal,2,Refusal_01,train
900,እባክዎ መረጃውን ዛሬ ማታ ይላኩልኝ።,Request,0,Request_07,train
901,ተጠንቀቅ፣ ቦታውን ዛሬ ማታ ካላስያዝክ ይያዛል።,Warning,4,Warning_08,test
902,ጤና ይስጥልኝ፣ ዛሬ እንዴት ነው?,Phatic,7,Phatic_13,test
903,እባክዎ መረጃውን በቅርቡ ይላኩልኝ።,Request,0,Request_07,train
904,ነጋዴው፣ ስራ እንዴት እየሄደ ነው?,Phatic,7,Phatic_14,train
905,እባክዎ ስራውን አሁን ይላኩልኝ።,Request,0,Request_04,train
906,ውሉ ነገ ማታ ተፈርሟል።,Assertion,1,Assertion_07,train
907,ውሉን በሚቀጥለው ቀን እፈርማለሁ።,Promise,8,Promise_04,train
908,አዎ፣ ስራው ተጠናቀቀ... በጣም ፈጣን!,Sarcasm/Irony,5,Sarcasm/Irony_12,val
909,የመጽሐፉ ጥራት ከፍተኛ ነው።,Assertion,1,Assertion_14,train
910,ተጠንቀቅ፣ መጽሐፉን በዚህ ሳምንት ካላመለስክ ቅጣት አለ።,Warning,4,Warning_10,train
911,ሰላም ነው?,Phatic,7,Phatic_04,train
912,እንዴት ነሽ?,Phatic,7,Phatic_05,train
913,መጽሐፉን በፍጥነት አመልሳለሁ።,Promise,8,Promise_09,test
914,የትዕዛዙ ችግር ከማክሰኞ ጀምሮ ከባልደረባዬ ጋር እፈታለሁ።,Promise,8,Promise_00,train
915,መጽሐፉን ዛሬ ጠዋት አመልሳለሁ።,Promise,8,Promise_09,train
916,እባክሽ ምግቡን በፍጥነት አዘጋጅልኝ።,Request,0,Request_13,train
917,ሀሳቤ መረጃውን ለሰራተኛው ማጋራት ነው።,Suggestion,3,Suggestion_11,val
918,ውሉን ነገ ማታ እፈርማለሁ።,Promise,8,Promise_04,train
919,መልእክቱን በዚህ አመት አረጋግጣለሁ።,Promise,8,Promise_13,train
920,እንዴት ነሽ?,Phatic,7,Phatic_05,train
921,እንደምን አደረሽ?,Phatic,7,Phatic_09,val
922,ውሉ በቅርቡ አልተፈረመም።,Complaint,6,Complaint_04,val
923,ለአባቴ በቅርቡ አልደወሉልኝም።,Complaint,6,Complaint_14,train
924,መረጃው በሚቀጥለው ቀን አልደረሰኝም።,Complaint,6,Complaint_06,train
925,ማስጠንቀቂያ፣ ትዕዛዙን በሚቀጥለው ቀን ካላጠናቀቅክ ቅጣት አለ።,Warning,4,Warning_01,test
926,እንደኔ ሀሳብ መጽሐፉን በዚህ ወር ማንበብ ይሻላል።,Suggestion,3,Suggestion_13,train
927,ይቅርታ፣ መረጃውን ማጋራት አልችልም።,Refusal,2,Refusal_08,train
928,አይ፣ ክፍያውን አሁን ማድረግ አልችልም።,Refusal,2,Refusal_07,train
929,ጤና ይስጥልኝ፣ ፖሊሱ እንዴት ነው?,Phatic,7,Phatic_10,val
930,እባክሽ ደብዳቤውን አሁን አምጪልኝ።,Request,0,Request_09,train
931,ምናልባት ምግቡን በፍጥነት ማዘጋጀት ይሻላል።,Suggestion,3,Suggestion_12,train
932,ምግቡን ዛሬ ጠዋት አዘጋጃለሁ።,Promise,8,Promise_08,train
933,እርግጥ ነው፣ ምግቡ ዝግጁ ነው... በጣም ጣፋጭ!,Sarcasm/Irony,5,Sarcasm/Irony_09,train
934,እባክሽ ስራውን ዛሬ ማታ አምጪልኝ።,Request,0,Request_05,train
935,ሀሳቤ ውሉን ነገ ጠዋት መፈረም ነው።,Suggestion,3,Suggestion_05,train
936,እባክዎ ደብዳቤውን አሁን ይላኩልኝ።,Request,0,Request_04,train
937,ክፍያው ተከፍሏል።,Assertion,1,Assertion_05,train
938,የክፍያው ጥራት ዝቅተኛ ነው።,Complaint,6,Complaint_11,train
939,እንደኔ ሀሳብ መጽሐፉን ነገ ማንበብ ይሻላል።,Suggestion,3,Suggestion_13,test
940,ተጠንቀቅ፣ ቦታውን ነገ ካላስያዝክ ይያዛል።,Warning,4,Warning_08,train
941,ምግቡን ዛሬ አዘጋጃለሁ።,Promise,8,Promise_08,train
942,ይቅርታ፣ ትዕዛዙን በፍጥነት መላክ አልችልም።,Refusal,2,Refusal_02,test
943,እንደምን አደረሽ?,Phatic,7,Phatic_09,test
944,አልችልም፣ ምግቡን በቅርቡ ማዘጋጀት አልቻልኩም።,Refusal,2,Refusal_12,val
945,እንደምን አደርክ?,Phatic,7,Phatic_03,train
946,ተጠንቀቅ፣ ቦታውን ነገ ጠዋት ካላስያዝክ ይያዛል።,Warning,4,Warning_08,val
947,ውሳኔውን ዛሬ ጠዋት አሳውቃለሁ።,Promise,8,Promise_11,train
948,ይቅርታ፣ ትዕዛዙን ዛሬ መላክ አልችልም።,Refusal,2,Refusal_02,val
949,መጽሐፉ ነገ ማታ አልደረሰኝም።,Complaint,6,Complaint_09,train
950,የፋይሉ ሁኔታ ጥሩ ነው።,Assertion,1,Assertion_03,val
951,ተጠንቀቅ፣ መጽሐፉን በዚህ ወር ካላመለስክ ቅጣት አለ።,Warning,4,Warning_10,train
952,እባክሽ ውሳኔውን በፍጥነት አምጪልኝ።,Request,0,Request_01,train
953,ትዕዛዙ ነገ ጠዋት ተጠናቀቀ።,Assertion,1,Assertion_02,val
954,ውሉ ነገ ተፈርሟል።,Assertion,1,Assertion_07,val
955,ሪፖርቱ በሚቀጥለው ወር አልቀረበም።,Complaint,6,Complaint_05,test
956,እባክዎ ቲኬቱን በዚህ ሳምንት ይላኩልኝ።,Request,0,Request_00,train
957,እርግጥ ነው፣ ሪፖርቱ ዝግጁ ነው... በጣም ፈጣን!,Sarcasm/Irony,5,Sarcasm/Irony_05,train
958,ስራውን ነገ አጠናቅቃለሁ።,Promise,8,Promise_12,val
959,እባክዎ ትዕዛዙን ለእናቴ በፍጥነት ይላኩልኝ።,Request,0,Request_03,train
960,እባክዎ ቦታውን በሚቀጥለው ሳምንት ያስይዙልኝ።,Request,0,Request_12,test
961,ይሻላል ሰነዱን ለፖሊሱ ማሳወቅ።,Suggestion,3,Suggestion_02,val
962,ክፍያው ተከፍሏል።,Assertion,1,Assertion_05,train
963,መረጃው ትክክል ነው።,Assertion,1,Assertion_04,train
964,ምክሬ ፓኬጁን አሁን ማረጋገጥ ነው።,Suggestion,3,Suggestion_03,test
965,የደብዳቤው ጥራት ከፍተኛ ነው።,Assertion,1,Assertion_14,train
966,ትዕዛዙ ዛሬ ጠዋት አልደረሰኝም።,Complaint,6,Complaint_01,train
967,ይሻላል ውሳኔውን ነገ ማሳወቅ።,Suggestion,3,Suggestion_14,train
968,ትዕዛዙ በሚቀጥለው ሳምንት ተጠናቀቀ።,Assertion,1,Assertion_02,train
969,ስራውን ዛሬ ማታ አጠናቅቃለሁ።,Promise,8,Promise_12,train
970,ይቅርታ፣ ለጓደኛዋ መላክ አልችልም።,Refusal,2,Refusal_05,test
971,አይደለም፣ ውሉን በዚህ አመት ማረጋገጥ አልችልም።,Refusal,2,Refusal_04,train
972,እባክዎ ስጦታውን ዛሬ ያድርሱልኝ።,Request,0,Request_06,train
973,ተጠንቀቅ፣ ውሉን ዛሬ ጠዋት ካልፈረምክ ህጋዊ ችግር ይፈጥራል።,Warning,4,Warning_04,train
974,ይቅርታ፣ ውሳኔውን በፍጥነት ማሳወቅ አልችልም።,Refusal,2,Refusal_14,train
975,እባክዎ ክፍያውን በሚቀጥለው ቀን ያረጋግጡልኝ።,Request,0,Request_08,train
976,እባክዎ መረጃውን ነገ ማታ ይላኩልኝ።,Request,0,Request_07,val
977,እባክዎ ስጦታውን በሚቀጥለው ሳምንት ያድርሱልኝ።,Request,0,Request_06,train
978,ማስጠንቀቂያ፣ ሪፖርቱን በሚቀጥለው ሳምንት ካላቀረብክ ቅጣት አለ።,Warning,4,Warning_05,train
979,ሰላም ነው?,Phatic,7,Phatic_04,val
980,ተጠንቀቅ፣ ሰነዱን ነገ ካላደረግክ ችግር ይፈጥራል።,Warning,4,Warning_00,val
981,ውሉን ነገ ጠዋት እፈርማለሁ።,Promise,8,Promise_04,val
982,እንደሚመስለኝ ትዕዛዙን ነገ ማጠናቀቅ ይሻላል።,Suggestion,3,Suggestion_04,train
983,ተጠንቀቅ፣ ምግቡን አሁን ካላደረግክ ችግር ይፈጥራል።,Warning,4,Warning_00,val
984,ሰላም ነው ወንድሜ?,Phatic,7,Phatic_11,train
985,እንደምን አደረሽ?,Phatic,7,Phatic_09,train
986,ለቤተሰቤ ነገ እደውላለሁ።,Promise,8,Promise_10,test
987,መጽሐፉ በፍጥነት ደረሰ።,Assertion,1,Assertion_11,train
988,የትዕዛዙ ችግር ከዛሬ ጀምሮ ከአለቃዬ ጋር እፈታለሁ።,Promise,8,Promise_00,test
989,ውሳኔውን አሁን አሳውቃለሁ።,Promise,8,Promise_11,train
990,ማስጠንቀቂያ፣ ትዕዛዙን በሚቀጥለው ቀን ካላጠናቀቅክ ቅጣት አለ።,Warning,4,Warning_01,train
991,እርግጥ ነው፣ ትዕዛዙ አሁን ተጠናቀቀ... በጣም ፈጣን!,Sarcasm/Irony,5,Sarcasm/Irony_01,test
992,ተጠንቀቅ፣ ለጓደኛዬ ካልደወልክ ችግር ይፈጥራል።,Warning,4,Warning_12,train
993,አዎ፣ መረጃውን ዛሬ ጠዋት አደረግኩት... ትክክል ነው!,Sarcasm/Irony,5,Sarcasm/Irony_00,val
994,ውሉ በሚቀጥለው ወር ተፈርሟል።,Assertion,1,Assertion_07,train
995,ጤና ይስጥልኝ፣ ዛሬ እንዴት ነው?,Phatic,7,Phatic_13,train
996,ማስጠንቀቂያ፣ ምግቡን በሚቀጥለው ቀን ካላዘጋጀህ ችግር ይፈጥራል።,Warning,4,Warning_09,train
997,እንደኔ ሀሳብ ሰነዱን በዚህ ሳምንት መላክ ይሻላል።,Suggestion,3,Suggestion_01,train
998,ተጠንቀቅ፣ መጽሐፉን በዚህ ሳምንት ካላመለስክ ቅጣት አለ።,Warning,4,Warning_10,train
999,ውሳኔው ነገ ማታ አልተሰጠም።,Complaint,6,Complaint_13,val
1000,እንደኔ ሀሳብ ሪፖርቱን በዚህ አመት ማቅረብ ይሻላል።,Suggestion,3,Suggestion_07,train
1001,መጽሐፉ በሚቀጥለው ወር አልደረሰኝም።,Complaint,6,Complaint_09,train
1002,ነጋዴው፣ ዛሬ እንዴት ነው?,Phatic,7,Phatic_07,train
1003,ተጠንቀቅ፣ ስጦታውን ነገ ማታ ካላመጣህ ችግር ይፈጥራል።,Warning,4,Warning_06,train
1004,ጤና ይስጥልኝ፣ ቤተሰብ እንዴት ናቸው?,Phatic,7,Phatic_06,train
1005,ምናልባት ለእናቴ መደወል ይሻላል።,Suggestion,3,Suggestion_06,train
1006,እባክዎ ክፍያውን ነገ ያረጋግጡልኝ።,Request,0,Request_08,train
1007,እንዴት ነሽ?,Phatic,7,Phatic_05,train
1008,ስራው በዚህ ሳምንት ተጀምሯል።,Assertion,1,Assertion_13,train
1009,እንደኔ ሀሳብ ውሉን በሚቀጥለው ሳምንት መላክ ይሻላል።,Suggestion,3,Suggestion_01,train
1010,እባክዎ መረጃውን ነገ ማታ ይላኩልኝ።,Request,0,Request_07,train
1011,አይደለም፣ ሪፖርቱን ዛሬ ማጠናቀቅ አልችልም።,Refusal,2,Refusal_10,test
1012,ተጠንቀቅ፣ መጽሐፉን አሁን ካላመለስክ ቅጣት አለ።,Warning,4,Warning_10,train
1013,ክፍያውን በሚቀጥለው ወር አረጋግጣለሁ።,Promise,8,Promise_13,train
1014,አይ፣ ክፍያውን አሁን ማድረግ አልችልም።,Refusal,2,Refusal_07,train
1015,ምክሬ ስጦታውን አሁን ማረጋገጥ ነው።,Suggestion,3,Suggestion_03,train
1016,ክፍያው በዚህ ሳምንት አልተከፈለም።,Complaint,6,Complaint_03,test
1017,የመረጃው ጥራት ከፍተኛ ነው።,Assertion,1,Assertion_14,train
1018,እርግጥ ነው፣ ክፍያው ተከፍሏል... በጣም ቀላል!,Sarcasm/Irony,5,Sarcasm/Irony_03,train
1019,ጤና ይስጥልኝ፣ ዛሬ እንዴት ነው?,Phatic,7,Phatic_13,train
1020,አዎ፣ ስጦታው ደርሷል... በጣም ጥሩ!,Sarcasm/Irony,5,Sarcasm/Irony_06,train
1021,ምናልባት ኮንትራቱን ዛሬ ጠዋት ማድረግ ይሻላል።,Suggestion,3,Suggestion_00,train
1022,ቦታው በዚህ ወር አልተያዘም።,Complaint,6,Complaint_07,train
1023,ውሉ በዚህ ሳምንት ተፈርሟል።,Assertion,1,Assertion_07,train
1024,እባክሽ ምግቡን በሚቀጥለው ቀን አዘጋጅልኝ።,Request,0,Request_13,train
1025,ውሉ በዚህ ሳምንት አልተፈረመም።,Complaint,6,Complaint_04,train
1026,የፋይሉ ችግር ከረቡዕ ጀምሮ ከጓደኛዋ ጋር እፈታለሁ።,Assertion,1,Assertion_00,test
1027,ሪፖርቱ ዝግጁ ነው።,Assertion,1,Assertion_08,val
1028,መጽሐፉን በዚህ አመት አመልሳለሁ።,Promise,8,Promise_09,train
1029,ሀሳቤ ውሉን በሚቀጥለው ሳምንት መፈረም ነው።,Suggestion,3,Suggestion_05,train
1030,ቦታው ነፃ ነው።,Assertion,1,Assertion_10,train
1031,እባክዎ ስጦታውን ነገ ማታ ያድርሱልኝ።,Request,0,Request_06,train
1032,ስራው ዛሬ ጠዋት አልተጠናቀቀም።,Complaint,6,Complaint_12,test
1033,ይሻላል ክፍያውን ዛሬ ማድረግ።,Suggestion,3,Suggestion_08,train
1034,እባክዎ ሰነዱን አሁን ይላኩልኝ።,Request,0,Request_04,test
1035,ትዕዛዙን ዛሬ አጠናቅቃለሁ።,Promise,8,Promise_02,train
1036,ምናልባት አገልግሎቱን አሁን ማድረግ ይሻላል።,Suggestion,3,Suggestion_00,train
1037,አዎ፣ መጽሐፉ ተመልሷል... በጣም ቀላል!,Sarcasm/Irony,5,Sarcasm/Irony_10,train
1038,እርግጥ ነው፣ ክፍያው ተከፍሏል... በጣም ቀላል!,Sarcasm/Irony,5,Sarcasm/Irony_03,train
1039,ሪፖርቱ በፍጥነት አልቀረበም።,Complaint,6,Complaint_05,train
1040,ስጦታውን በዚህ ሳምንት አደርሳለሁ።,Promise,8,Promise_01,train
1041,ስራው በሚቀጥለው ቀን አልተጠናቀቀም።,Complaint,6,Complaint_12,train
1042,እርግጥ ነው፣ ትዕዛዙ በዚህ ሳምንት ተጠናቀቀ... በጣም ፈጣን!,Sarcasm/Irony,5,Sarcasm/Irony_01,test
1043,ክፍያውን ዛሬ ማታ አደርጋለሁ።,Promise,8,Promise_03,train
1044,ውሉ በዚህ አመት ተፈርሟል።,Assertion,1,Assertion_07,val
1045,እባክዎ ትዕዛዙን ለአስተዳዳሪው ነገ ጠዋት ይላኩልኝ።,Request,0,Request_03,train
1046,የሪፖርቱ ችግርን ነገ ማታ እፈታለሁ።,Promise,8,Promise_14,train
1047,እርግጥ ነው፣ አገልግሎቱ ጥሩ ነው... በጣም ጥሩ!,Sarcasm/Irony,5,Sarcasm/Irony_13,train
1048,ምክሬ ሪፖርቱን አሁን ማረጋገጥ ነው።,Suggestion,3,Suggestion_03,train
1049,እባክዎ ክፍያውን በዚህ ወር ያረጋግጡልኝ።,Request,0,Request_08,val
1050,ምናልባት ለደንበኛው መደወል ይሻላል።,Suggestion,3,Suggestion_06,train
1051,አዎ፣ መጽሐፉ ተመልሷል... በጣም ቀላል!,Sarcasm/Irony,5,Sarcasm/Irony_10,test
1052,ቦታው በዚህ ወር አልተያዘም።,Complaint,6,Complaint_07,train
1053,የመረጃው ችግር ከሐሙስ ጀምሮ ከሰራተኛው ጋር እፈታለሁ።,Assertion,1,Assertion_00,val
1054,ይሻላል ውሳኔውን ዛሬ ጠዋት ማሳወቅ።,Suggestion,3,Suggestion_14,train
1055,ማስጠንቀቂያ፣ ውሳኔውን በዚህ ወር ካላሳወቅክ ችግር ይፈጥራል።,Warning,4,Warning_11,train
1056,አልፈልግም፣ ቦታውን ማስያዝ አልችልም።,Refusal,2,Refusal_09,train
1057,እባክዎ መጽሐፉን ዛሬ ይላኩልኝ።,Request,0,Request_14,val
1058,ይቅርታ፣ ለእናቴ መላክ አልችልም።,Refusal,2,Refusal_05,train
1059,አይ፣ ክፍያውን አሁን ማድረግ አልችልም።,Refusal,2,Refusal_07,test
1060,ቦታው አሁን አልተያዘም።,Complaint,6,Complaint_07,train
1061,ነጋዴው፣ ስራ እንዴት እየሄደ ነው?,Phatic,7,Phatic_14,train
1062,አዎ፣ ስራው ተጠናቀቀ... በጣም ፈጣን!,Sarcasm/Irony,5,Sarcasm/Irony_12,train
1063,ማስጠንቀቂያ፣ ፓኬጁን በዚህ ወር ካላረጋገጥክ ችግር ይፈጥራል።,Warning,4,Warning_13,train
1064,የአባቴ ስራ በሆስፒታል ጥሩ ነው።,Assertion,1,Assertion_06,train
1065,እንደሚመስለኝ ስጦታውን በዚህ አመት ማምጣት ይሻላል።,Suggestion,3,Suggestion_10,train
1066,ምናልባት ቦታውን በዚህ አመት ማድረግ ይሻላል።,Suggestion,3,Suggestion_00,train
1067,አይደለም፣ ሪፖርቱን በዚህ ወር ማጠናቀቅ አልችልም።,Refusal,2,Refusal_10,train
1068,ማስጠንቀቂያ፣ ምግቡን ነገ ጠዋት ካላዘጋጀህ ችግር ይፈጥራል።,Warning,4,Warning_09,val
1069,ተጠንቀቅ፣ ቦታውን ነገ ጠዋት ካላስያዝክ ይያዛል።,Warning,4,Warning_08,train
1070,መጽሐፉ በዚህ ወር ደረሰ።,Assertion,1,Assertion_11,test
1071,እንደሚመስለኝ ትዕዛዙን ነገ ማጠናቀቅ ይሻላል።,Suggestion,3,Suggestion_04,val
1072,እባክዎ ክፍያውን በቅርቡ ያረጋግጡልኝ።,Request,0,Request_08,val
1073,ስጦታውን በዚህ አመት አደርሳለሁ።,Promise,8,Promise_01,train
1074,ለባልደረባዬ ዛሬ እደውላለሁ።,Promise,8,Promise_10,train
1075,ጤና ይስጥልኝ፣ ዛሬ እንዴት ነው?,Phatic,7,Phatic_13,test
1076,እንደምን አደረሽ?,Phatic,7,Phatic_09,train
1077,እንደኔ ሀሳብ ሪፖርቱን በፍጥነት ማቅረብ ይሻላል።,Suggestion,3,Suggestion_07,train
1078,ተጠንቀቅ፣ ስራውን ዛሬ ማታ ካላጠናቀቅክ ቅጣት አለ።,Warning,4,Warning_14,train
1079,የአስተዳዳሪው አገልግሎት መጥፎ ነው።,Complaint,6,Complaint_10,train
1080,እባክዎ ትዕዛዙን ለፖሊሱ ዛሬ ይላኩልኝ።,Request,0,Request_03,train
1081,ሰላም ነው?,Phatic,7,Phatic_04,val
1082,እርግጥ ነው፣ መረጃው ትክክል ነው... በጣም ግልጽ!,Sarcasm/Irony,5,Sarcasm/Irony_07,train
1083,ምግቡ ዛሬ አልደረሰኝም።,Complaint,6,Complaint_08,train
1084,ተጠንቀቅ፣ ውሉን በሚቀጥለው ሳምንት ካልፈረምክ ህጋዊ ችግር ይፈጥራል።,Warning,4,Warning_04,test
1085,ይቅርታ፣ ትዕዛዙን በዚህ አመት መላክ አልችልም።,Refusal,2,Refusal_02,test
1086,እርግጥ ነው፣ ውሳኔው ትክክል ነው... በጣም ጥሩ!,Sarcasm/Irony,5,Sarcasm/Irony_11,test
1087,ማስጠንቀቂያ፣ ውሳኔውን በዚህ ወር ካላሳወቅክ ችግር ይፈጥራል።,Warning,4,Warning_11,test
1088,አዎ፣ ቦታው ነፃ ነው... በጣም ምቹ!,Sarcasm/Irony,5,Sarcasm/Irony_08,train
1089,ሀሳቤ ውሉን ነገ ጠዋት መፈረም ነው።,Suggestion,3,Suggestion_05,train
1090,ክፍያውን ዛሬ ጠዋት አረጋግጣለሁ።,Promise,8,Promise_13,test
1091,ሀሳቤ ውሉን በዚህ ወር መፈረም ነው።,Suggestion,3,Suggestion_05,train
1092,ሪፖርቱ ዝግጁ ነው።,Assertion,1,Assertion_08,test
1093,እባክዎ ትዕዛዙን ለሰራተኛው በዚህ ወር ይላኩልኝ።,Request,0,Request_03,train
1094,ምግቡን በዚህ አመት አዘጋጃለሁ።,Promise,8,Promise_08,test
1095,የቦታው ጥራት ዝቅተኛ ነው።,Complaint,6,Complaint_11,train
1096,እባክዎ መረጃውን ነገ ይላኩልኝ።,Request,0,Request_07,train
1097,እባክሽ ምግቡን ዛሬ ማታ አዘጋጅልኝ።,Request,0,Request_13,val
1098,ተጠንቀቅ፣ ውሉን ዛሬ ማታ ካልፈረምክ ህጋዊ ችግር ይፈጥራል።,Warning,4,Warning_04,train
1099,ሰላም ነው ወንድሜ?,Phatic,7,Phatic_11,train
1100,እባክዎ ቦታውን ዛሬ ማታ ያስይዙልኝ።,Request,0,Request_12,val
1101,እባክዎ ክፍያውን በዚህ ወር ያረጋግጡልኝ።,Request,0,Request_08,test
1102,ስራው በዚህ ወር አልተጠናቀቀም።,Complaint,6,Complaint_12,train
1103,እባክሽ ውሳኔውን ዛሬ ማታ አምጪልኝ።,Request,0,Request_05,train
1104,እባክሽ መጽሐፉን ዛሬ ማታ አምጪልኝ።,Request,0,Request_05,val
1105,ነጋዴው፣ ስራ በፍርድ ቤት እንዴት ነው?,Phatic,7,Phatic_00,train
1106,ይቅርታ፣ ትዕዛዙን ዛሬ መላክ አልችልም።,Refusal,2,Refusal_02,val
1107,ሰላም ነው ወንድሜ?,Phatic,7,Phatic_11,test
1108,የአባቴ ስራ በሆቴል ጥሩ ነው።,Assertion,1,Assertion_06,test
1109,እንደምን አደርክ?,Phatic,7,Phatic_03,test
1110,ምክሬ ትዕዛዙን አሁን ማረጋገጥ ነው።,Suggestion,3,Suggestion_03,train
1111,ይቅርታ፣ ለቤተሰቤ መላክ አልችልም።,Refusal,2,Refusal_05,val
1112,ውሉን በሚቀጥለው ወር እፈርማለሁ።,Promise,8,Promise_04,test
1113,ክፍያው ተከፍሏል።,Assertion,1,Assertion_05,val
1114,የውሳኔው ጥራት ዝቅተኛ ነው።,Complaint,6,Complaint_11,train
1115,ምክሬ ቦታውን አሁን ማስያዝ ነው።,Suggestion,3,Suggestion_09,train
1116,ቦታው ነፃ ነው።,Assertion,1,Assertion_10,val
1117,ማስጠንቀቂያ፣ ሪፖርቱን በሚቀጥለው ቀን ካላቀረብክ ቅጣት አለ።,Warning,4,Warning_05,train
1118,ማስጠንቀቂያ፣ ምግቡን ነገ ጠዋት ካላዘጋጀህ ችግር ይፈጥራል።,Warning,4,Warning_09,train
1119,ሰላም ነው?,Phatic,7,Phatic_04,train
1120,ይሻላል ክፍያውን በዚህ አመት ማድረግ።,Suggestion,3,Suggestion_08,val
1121,ትዕዛዙን ዛሬ አረጋግጣለሁ።,Promise,8,Promise_13,train
1122,ምክሬ ቦታውን አሁን ማስያዝ ነው።,Suggestion,3,Suggestion_09,val
1123,አይደለም፣ ውሉን በሚቀጥለው ሳምንት ማረጋገጥ አልችልም።,Refusal,2,Refusal_04,train
1124,ይቅርታ፣ ውሳኔውን ነገ ማታ ማሳወቅ አልችልም።,Refusal,2,Refusal_14,train
1125,ክፍያው ተከፍሏል።,Assertion,1,Assertion_05,val
1126,እባክዎ ስጦታውን በዚህ ወር ያድርሱልኝ።,Request,0,Request_06,train
1127,እርግጥ ነው፣ ሪፖርቱ ዝግጁ ነው... በጣም ፈጣን!,Sarcasm/Irony,5,Sarcasm/Irony_05,train
1128,እርግጥ ነው፣ ክፍያው ተከፍሏል... በጣም ቀላል!,Sarcasm/Irony,5,Sarcasm/Irony_03,val
1129,ነጋዴው፣ ስራ በገበያ እንዴት ነው?,Phatic,7,Phatic_00,train
1130,የአገልግሎቱ ችግር ከባለፈው ሳምንት ጀምሮ አልተፈታም።,Complaint,6,Complaint_02,train
1131,የመልእክቱ ጥራት ዝቅተኛ ነው።,Complaint,6,Complaint_11,train
1132,አዎ፣ ለአለቃዬ ደውያለሁ... በጣም ቀላል!,Sarcasm/Irony,5,Sarcasm/Irony_14,train
1133,ክፍያው በቅርቡ አልተከፈለም።,Complaint,6,Complaint_03,train
1134,ውሉን በዚህ ወር እፈርማለሁ።,Promise,8,Promise_04,train
1135,ስራው ዛሬ ጠዋት ተጀምሯል።,Assertion,1,Assertion_13,train
1136,ሀሳቤ መረጃውን ለፖሊሱ ማጋራት ነው።,Suggestion,3,Suggestion_11,train
1137,አይ፣ መጽሐፉን ማበደር አልችልም።,Refusal,2,Refusal_13,train
1138,ክፍያው ተከፍሏል።,Assertion,1,Assertion_05,train
1139,እንደምን አደረሽ?,Phatic,7,Phatic_09,train
1140,አልችልም፣ ምግቡን በቅርቡ ማዘጋጀት አልቻልኩም።,Refusal,2,Refusal_12,train
1141,የትዕዛዙ ችግር ከምሽቱ ጀምሮ ከሰራተኛው ጋር እፈታለሁ።,Promise,8,Promise_00,val
1142,ውሳኔውን በዚህ አመት አሳውቃለሁ።,Promise,8,Promise_11,train
1143,የውሉ ችግር ከሰኞ ጀምሮ ከወንድሜ ጋር እፈታለሁ።,Assertion,1,Assertion_00,train
1144,ውሉ በፍጥነት አልተፈረመም።,Complaint,6,Complaint_04,val
1145,ውሳኔውን በዚህ ሳምንት አሳውቃለሁ።,Promise,8,Promise_11,train
1146,የጓደኛችን ውሳኔ ትክክል ነው።,Assertion,1,Assertion_12,train
1147,ቦታው በፍጥነት አልተያዘም።,Complaint,6,Complaint_07,val
1148,እባክዎ መረጃውን አሁን ይላኩልኝ።,Request,0,Request_04,train
1149,እባክሽ መልእክቱን ዛሬ ማታ አምጪልኝ።,Request,0,Request_05,train
1150,ይቅርታ፣ ውሳኔውን በሚቀጥለው ቀን ማሳወቅ አልችልም።,Refusal,2,Refusal_14,val
1151,ምክሬ ሸቀጡን አሁን ማረጋገጥ ነው።,Suggestion,3,Suggestion_03,train
1152,ስጦታውን በዚህ አመት አደርሳለሁ።,Promise,8,Promise_01,train
1153,አይደለም፣ ውሉን በፍጥነት ማረጋገጥ አልችልም።,Refusal,2,Refusal_04,train
1154,ቦታው ዛሬ ጠዋት አልተያዘም።,Complaint,6,Complaint_07,train
1155,የክፍያው ጥራት ዝቅተኛ ነው።,Complaint,6,Complaint_11,val
1156,ውሉ ዛሬ ማታ ተፈርሟል።,Assertion,1,Assertion_07,train
1157,መረጃውን በዚህ አመት እላካለሁ።,Promise,8,Promise_06,train
1158,አዎ፣ አገልግሎቱን አሁን አደረግኩት... ትክክል ነው!,Sarcasm/Irony,5,Sarcasm/Irony_00,train
1159,ማስጠንቀቂያ፣ ውሳኔውን ዛሬ ካላሳወቅክ ችግር ይፈጥራል።,Warning,4,Warning_11,val
1160,ስጦታውን በፍጥነት አደርሳለሁ።,Promise,8,Promise_01,test
1161,አዎ፣ መጽሐፉን በዚህ ሳምንት አደረግኩት... ትክክል ነው!,Sarcasm/Irony,5,Sarcasm/Irony_00,val
1162,አዎ፣ ስራው ተጠናቀቀ... በጣም ፈጣን!,Sarcasm/Irony,5,Sarcasm/Irony_12,train
1163,ውሉ በዚህ አመት አልተፈረመም።,Complaint,6,Complaint_04,val
1164,የባልደረባዬ ስራ በሆቴል ጥሩ ነው።,Assertion,1,Assertion_06,train
1165,ይሻላል ውሳኔውን አሁን ማሳወቅ።,Suggestion,3,Suggestion_14,val
1166,የአጋሬ ውሳኔ ትክክል ነው።,Assertion,1,Assertion_12,train
1167,አልችልም፣ መረጃውን ዛሬ ማታ ማድረስ አልቻልኩም።,Refusal,2,Refusal_00,train
1168,መጽሐፉ በቅርቡ አልደረሰኝም።,Complaint,6,Complaint_09,train
1169,እርግጥ ነው፣ መረጃው ትክክል ነው... በጣም ግልጽ!,Sarcasm/Irony,5,Sarcasm/Irony_07,train
1170,መረጃውን ዛሬ እላካለሁ።,Promise,8,Promise_06,train
1171,እርግጥ ነው፣ ክፍያው ጥሩ ነው... በጣም ጥሩ!,Sarcasm/Irony,5,Sarcasm/Irony_13,train
1172,ሀሳቤ መረጃውን ለአስተዳዳሪው ማጋራት ነው።,Suggestion,3,Suggestion_11,train
1173,እባክዎ ክፍያውን ዛሬ ያረጋግጡልኝ።,Request,0,Request_08,train
1174,ማስጠንቀቂያ፣ ምግቡን በሚቀጥለው ወር ካላዘጋጀህ ችግር ይፈጥራል።,Warning,4,Warning_09,train
1175,ስራው በሚቀጥለው ወር ተጀምሯል።,Assertion,1,Assertion_13,train
1176,እንደሚመስለኝ ስጦታውን በዚህ አመት ማምጣት ይሻላል።,Suggestion,3,Suggestion_10,test
1177,ተጠንቀቅ፣ ቦታውን በፍጥነት ካላስያዝክ ይያዛል።,Warning,4,Warning_08,train
1178,ሰላም ነው ወንድሜ?,Phatic,7,Phatic_11,test
1179,ጤና ይስጥልኝ፣ ስራ እንዴት ነው?,Phatic,7,Phatic_02,val
1180,መጽሐፉን በዚህ ወር አመልሳለሁ።,Promise,8,Promise_09,train
1181,ማስጠንቀቂያ፣ ፓኬጁን ነገ ካላረጋገጥክ ችግር ይፈጥራል።,Warning,4,Warning_13,train
1182,አይ፣ አሁን መልእክቱ ማድረግ አልችልም።,Refusal,2,Refusal_01,train
1183,እባክዎ መረጃውን ዛሬ ጠዋት ይላኩልኝ።,Request,0,Request_07,train
1184,እርግጥ ነው፣ ትዕዛዙ በሚቀጥለው ቀን ተጠናቀቀ... በጣም ፈጣን!,Sarcasm/Irony,5,Sarcasm/Irony_01,test
1185,እንዴት ነሽ?,Phatic,7,Phatic_05,test
1186,አዎ፣ ለእህቴ ደውያለሁ... በጣም ቀላል!,Sarcasm/Irony,5,Sarcasm/Irony_14,train
1187,እባክሽ ምግቡን ዛሬ ማታ አዘጋጅልኝ።,Request,0,Request_13,train
1188,አይደለም፣ ሪፖርቱን በዚህ ወር ማጠናቀቅ አልችልም።,Refusal,2,Refusal_10,train
1189,እንደኔ ሀሳብ ሪፖርቱን በፍጥነት ማቅረብ ይሻላል።,Suggestion,3,Suggestion_07,train
1190,የስጦታው ችግር ከሰኞ ጀምሮ አልተፈታም።,Complaint,6,Complaint_02,train
1191,ስራው ዛሬ አልተጠናቀቀም።,Complaint,6,Complaint_12,train
1192,ውሉ ዛሬ ጠዋት ተፈርሟል።,Assertion,1,Assertion_07,test
1193,ተጠንቀቅ፣ ለቤተሰቤ ካልደወልክ ችግር ይፈጥራል።,Warning,4,Warning_12,test
1194,አልችልም፣ መጽሐፉን ዛሬ ማታ ማድረስ አልቻልኩም።,Refusal,2,Refusal_00,val
1195,ይቅርታ፣ መረጃውን ማጋራት አልችልም።,Refusal,2,Refusal_08,train
1196,ነጋዴው፣ ዛሬ እንዴት ነው?,Phatic,7,Phatic_07,train
1197,የኮንትራቱ ችግር ከረቡዕ ጀምሮ አልተፈታም።,Complaint,6,Complaint_02,test
1198,እባክሽ ቦታውን ዛሬ ማታ አምጪልኝ።,Request,0,Request_05,train
1199,የአገልግሎቱ ጥራት ከፍተኛ ነው።,Assertion,1,Assertion_14,train
1200,ለአጋሬ በሚቀጥለው ቀን አልደወሉልኝም።,Complaint,6,Complaint_14,train
1201,አዎ፣ ቲኬቱን በዚህ ሳምንት አደረግኩት... ትክክል ነው!,Sarcasm/Irony,5,Sarcasm/Irony_00,train
1202,የውሉ ችግርን ዛሬ እፈታለሁ።,Promise,8,Promise_14,train
1203,ተጠንቀቅ፣ ውሉን አሁን ካልፈረምክ ህጋዊ ችግር ይፈጥራል።,Warning,4,Warning_04,train
1204,አይ፣ አሁን ውሳኔው ማድረግ አልችልም።,Refusal,2,Refusal_01,train
1205,ነጋዴው፣ ዛሬ እንዴት ነው?,Phatic,7,Phatic_07,train
1206,አይደለም፣ ውሉን በሚቀጥለው ቀን ማረጋገጥ አልችልም።,Refusal,2,Refusal_04,train
1207,መረጃው ትክክል ነው።,Assertion,1,Assertion_04,train
1208,ማስጠንቀቂያ፣ ሪፖርቱን ዛሬ ጠዋት ካላቀረብክ ቅጣት አለ።,Warning,4,Warning_05,train
1209,እርግጥ ነው፣ ክፍያው ጥሩ ነው... በጣም ጥሩ!,Sarcasm/Irony,5,Sarcasm/Irony_13,train
1210,ማስጠንቀቂያ፣ ፋይሉን በዚህ አመት ካላረጋገጥክ ችግር ይፈጥራል።,Warning,4,Warning_13,test
1211,እባክዎ ሪፖርቱን በሚቀጥለው ወር ይላኩልኝ።,Request,0,Request_10,test
1212,እባክዎ ሪፖርቱን በዚህ ወር ይላኩልኝ።,Request,0,Request_10,val
1213,ተጠንቀቅ፣ ሰነዱን ነገ ካላደረግክ ችግር ይፈጥራል።,Warning,4,Warning_00,train
1214,እርግጥ ነው፣ ስራው ጥሩ ነው... በጣም ጥሩ!,Sarcasm/Irony,5,Sarcasm/Irony_13,train
1215,እባክሽ ክፍያውን በሚቀጥለው ወር አምጪልኝ።,Request,0,Request_01,val
1216,ስጦታውን ነገ ጠዋት አደርሳለሁ።,Promise,8,Promise_01,train
1217,አዎ፣ ቦታው ነፃ ነው... በጣም ምቹ!,Sarcasm/Irony,5,Sarcasm/Irony_08,val
1218,እንደሚመስለኝ ስጦታውን በዚህ አመት ማምጣት ይሻላል።,Suggestion,3,Suggestion_10,train
1219,ቦታው ነፃ ነው።,Assertion,1,Assertion_10,train
1220,ውሉ አሁን ተፈርሟል።,Assertion,1,Assertion_07,test
1221,መረጃው ነገ ማታ አልደረሰኝም።,Complaint,6,Complaint_06,train
1222,ይቅርታ፣ ትዕዛዙን ነገ ጠዋት መላክ አልችልም።,Refusal,2,Refusal_02,train
1223,የባልደረባዬ ውሳኔ ትክክል ነው።,Assertion,1,Assertion_12,val
1224,እባክዎ ሸቀጡን በፍጥነት ይላኩልኝ።,Request,0,Request_00,train
1225,ምናልባት ስራውን ዛሬ ማድረግ ይሻላል።,Suggestion,3,Suggestion_00,train
1226,አልችልም፣ ስጦታውን በቅርቡ ማድረስ አልቻልኩም።,Refusal,2,Refusal_00,test
1227,ይቅርታ፣ ለሰራተኛው መላክ አልችልም።,Refusal,2,Refusal_05,train
1228,የክፍያው ጥራት ዝቅተኛ ነው።,Complaint,6,Complaint_11,val
1229,የፖሊሱ ውሳኔ ትክክል ነው።,Assertion,1,Assertion_12,train
1230,እባክዎ መጽሐፉን ዛሬ ማታ ይላኩልኝ።,Request,0,Request_00,train
1231,ትዕዛዙ አሁን አልደረሰኝም።,Complaint,6,Complaint_01,train
1232,ነጋዴው፣ ዛሬ እንዴት ነው?,Phatic,7,Phatic_07,train
1233,እባክዎ ቦታውን ነገ ማታ ያስይዙልኝ።,Request,0,Request_12,test
1234,ቦታውን በፍጥነት አስይዛለሁ።,Promise,8,Promise_07,train
1235,እንደኔ ሀሳብ ሪፖርቱን ዛሬ ማታ ማቅረብ ይሻላል።,Suggestion,3,Suggestion_07,train
1236,ይቅርታ፣ ትዕዛዙን በዚህ አመት መላክ አልችልም።,Refusal,2,Refusal_02,train
1237,አልፈልግም፣ ቦታውን ማስያዝ አልችልም።,Refusal,2,Refusal_09,train
1238,ምናልባት ምግቡን ዛሬ ማዘጋጀት ይሻላል።,Suggestion,3,Suggestion_12,train
1239,ሰላም፣ እንዴት ነህ?,Phatic,7,Phatic_01,train
1240,እባክዎ ቦታውን በሚቀጥለው ወር ያስይዙልኝ።,Request,0,Request_12,test
1241,አልፈልግም፣ ቦታውን አልቀበልም።,Refusal,2,Refusal_03,val
1242,ተጠንቀቅ፣ ለአስተዳዳሪው ካልላክ ችግር ይፈጥራል።,Warning,4,Warning_02,train
1243,ማስጠንቀቂያ፣ ክፍያውን በሚቀጥለው ወር ካላደረግክ አገልግሎት ይቋረጣል።,Warning,4,Warning_03,train
1244,እርግጥ ነው፣ ትዕዛዙ ነገ ተጠናቀቀ... በጣም ፈጣን!,Sarcasm/Irony,5,Sarcasm/Irony_01,val
1245,እንደኔ ሀሳብ መልእክቱን በዚህ ወር መላክ ይሻላል።,Suggestion,3,Suggestion_01,train
1246,ይሻላል ክፍያውን በዚህ ሳምንት ማድረግ።,Suggestion,3,Suggestion_08,train
1247,እባክዎ መረጃውን በፍጥነት ይላኩልኝ።,Request,0,Request_07,test
1248,ትዕዛዙን በሚቀጥለው ቀን አጠናቅቃለሁ።,Promise,8,Promise_02,train
1249,እባክዎ ሪፖርቱን በዚህ አመት ይላኩልኝ።,Request,0,Request_10,train
1250,ትዕዛዙ በሚቀጥለው ሳምንት አልደረሰኝም።,Complaint,6,Complaint_01,train
1251,አዎ፣ ቦታው ነፃ ነው... በጣም ምቹ!,Sarcasm/Irony,5,Sarcasm/Irony_08,train
1252,እርግጥ ነው፣ ክፍያው ተከፍሏል... በጣም ቀላል!,Sarcasm/Irony,5,Sarcasm/Irony_03,train
1253,አዎ፣ ቦታው ነፃ ነው... በጣም ምቹ!,Sarcasm/Irony,5,Sarcasm/Irony_08,train
1254,እባክዎ ሰነዱን አሁን ይላኩልኝ።,Request,0,Request_04,train
1255,እባክዎ ቦታውን ነገ ያስይዙልኝ።,Request,0,Request_12,train
1256,ሀሳቤ መረጃውን ለአባቴ ማጋራት ነው።,Suggestion,3,Suggestion_11,train
1257,ቦታውን በሚቀጥለው ወር አስይዛለሁ።,Promise,8,Promise_07,train
1258,ትዕዛዙ በሚቀጥለው ቀን ተጠናቀቀ።,Assertion,1,Assertion_02,train
1259,እባክሽ አገልግሎቱን ዛሬ ማታ አምጪልኝ።,Request,0,Request_05,train
1260,ውሳኔው በሚቀጥለው ወር አልተሰጠም።,Complaint,6,Complaint_13,train
1261,አልፈልግም፣ መልእክቱን አልቀበልም።,Refusal,2,Refusal_03,train
1262,ውሉ በሚቀጥለው ሳምንት ተፈርሟል።,Assertion,1,Assertion_07,train
1263,እንደኔ ሀሳብ ሪፖርቱን ነገ ማቅረብ ይሻላል።,Suggestion,3,Suggestion_07,val
1264,ይቅርታ፣ ትዕዛዙን አሁን መላክ አልችልም።,Refusal,2,Refusal_02,train
1265,እርግጥ ነው፣ ትዕዛዙ በሚቀጥለው ወር ተጠናቀቀ... በጣም ፈጣን!,Sarcasm/Irony,5,Sarcasm/Irony_01,train
1266,መጽሐፉ ነገ ማታ አልደረሰኝም።,Complaint,6,Complaint_09,val
1267,እባክዎ ትዕዛዙን ለእናቴ በሚቀጥለው ቀን ይላኩልኝ።,Request,0,Request_03,train
1268,ጤና ይስጥልኝ፣ እህቴ እንዴት ነው?,Phatic,7,Phatic_10,val
1269,እባክዎ መጽሐፉን ዛሬ ይላኩልኝ።,Request,0,Request_14,train
1270,ይሻላል ክፍያውን አሁን ማድረግ።,Suggestion,3,Suggestion_08,train
1271,መጽሐፉ ነገ ደረሰ።,Assertion,1,Assertion_11,train
1272,እርግጥ ነው፣ መረጃው ትክክል ነው... በጣም ግልጽ!,Sarcasm/Irony,5,Sarcasm/Irony_07,train
1273,እርግጥ ነው፣ ስራው ጥሩ ነው... በጣም ጥሩ!,Sarcasm/Irony,5,Sarcasm/Irony_13,train
1274,እርግጥ ነው፣ ምግቡ ዝግጁ ነው... በጣም ጣፋጭ!,Sarcasm/Irony,5,Sarcasm/Irony_09,val
1275,አዎ፣ ስራው ተጠናቀቀ... በጣም ፈጣን!,Sarcasm/Irony,5,Sarcasm/Irony_12,train
1276,ክፍያው ተከፍሏል።,Assertion,1,Assertion_05,train
1277,ምክሬ ውሳኔውን አሁን ማረጋገጥ ነው።,Suggestion,3,Suggestion_03,val
1278,ቦታውን አሁን አስይዛለሁ።,Promise,8,Promise_07,train
1279,እንዴት ነሽ?,Phatic,7,Phatic_05,train
1280,አዎ፣ ለወንድሜ ላክኩት... በጣም ጥሩ!,Sarcasm/Irony,5,Sarcasm/Irony_02,train
1281,እርግጥ ነው፣ ትዕዛዙ ነገ ጠዋት ተጠናቀቀ... በጣም ፈጣን!,Sarcasm/Irony,5,Sarcasm/Irony_01,test
1282,አዎ፣ መጽሐፉ ተመልሷል... በጣም ቀላል!,Sarcasm/Irony,5,Sarcasm/Irony_10,train
1283,ተጠንቀቅ፣ ፓኬጁን ዛሬ ማታ ካላደረግክ ችግር ይፈጥራል።,Warning,4,Warning_00,train
1284,ይቅርታ፣ ለአስተዳዳሪው መላክ አልችልም።,Refusal,2,Refusal_05,test
1285,ይሻላል ውሳኔውን በሚቀጥለው ሳምንት ማሳወቅ።,Suggestion,3,Suggestion_14,val
1286,እባክዎ ሪፖርቱን ዛሬ ይላኩልኝ።,Request,0,Request_00,val
1287,አይደለም፣ ውሉን በቅርቡ ማረጋገጥ አልችልም።,Refusal,2,Refusal_04,train
1288,ተጠንቀቅ፣ ለባልደረባዬ ካልደወልክ ችግር ይፈጥራል።,Warning,4,Warning_12,train
1289,አዎ፣ ለባልደረባዬ ደውያለሁ... በጣም ቀላል!,Sarcasm/Irony,5,Sarcasm/Irony_14,train
1290,ሪፖርቱ ዝግጁ ነው።,Assertion,1,Assertion_08,test
1291,እርግጥ ነው፣ ትዕዛዙ ዛሬ ተጠናቀቀ... በጣም ፈጣን!,Sarcasm/Irony,5,Sarcasm/Irony_01,val
1292,ሀሳቤ ውሉን ዛሬ ጠዋት መፈረም ነው።,Suggestion,3,Suggestion_05,train
1293,ጤና ይስጥልኝ፣ ቤተሰብ እንዴት ናቸው?,Phatic,7,Phatic_06,train
1294,ሪፖርቱን ዛሬ ማታ አቀርባለሁ።,Promise,8,Promise_05,val
1295,እባክዎ ደብዳቤውን ለደንበኛው በሚቀጥለው ቀን ይላኩልኝ።,Request,0,Request_11,train
1296,ቦታው ነፃ ነው።,Assertion,1,Assertion_10,val
1297,ማስጠንቀቂያ፣ መረጃውን ካላጋራህ ችግር ይፈጥራል።,Warning,4,Warning_07,train
1298,ውሉን በዚህ ሳምንት እፈርማለሁ።,Promise,8,Promise_04,train
1299,እባክዎ መረጃውን ነገ ጠዋት ይላኩልኝ።,Request,0,Request_07,val
1300,ስጦታው ዛሬ ጠዋት ደርሷል።,Assertion,1,Assertion_01,train
1301,ምክሬ ቦታውን አሁን ማስያዝ ነው።,Suggestion,3,Suggestion_09,train
1302,ምግቡን ነገ ማታ አዘጋጃለሁ።,Promise,8,Promise_08,val
1303,ጤና ይስጥልኝ፣ ደንበኛው እንዴት ነው?,Phatic,7,Phatic_10,train
1304,የፓኬጁ ጥራት ዝቅተኛ ነው።,Complaint,6,Complaint_11,train
1305,ማስጠንቀቂያ፣ መረጃውን ካላጋራህ ችግር ይፈጥራል።,Warning,4,Warning_07,train
1306,ተጠንቀቅ፣ ስራውን ዛሬ ማታ ካላጠናቀቅክ ቅጣት አለ።,Warning,4,Warning_14,train
1307,የውሳኔው ዋጋ ተቀይሯል።,Assertion,1,Assertion_09,test
1308,ክፍያውን በሚቀጥለው ወር አደርጋለሁ።,Promise,8,Promise_03,val
1309,ስራውን በሚቀጥለው ቀን አጠናቅቃለሁ።,Promise,8,Promise_12,test
1310,ለአጋሬ በሚቀጥለው ቀን እደውላለሁ።,Promise,8,Promise_10,train
1311,ቦታው ነፃ ነው።,Assertion,1,Assertion_10,train
1312,ስጦታውን በሚቀጥለው ሳምንት አደርሳለሁ።,Promise,8,Promise_01,train
1313,መጽሐፉን ነገ አመልሳለሁ።,Promise,8,Promise_09,train
1314,ተጠንቀቅ፣ ውሉን ዛሬ ማታ ካልፈረምክ ህጋዊ ችግር ይፈጥራል።,Warning,4,Warning_04,train
1315,ይሻላል ክፍያውን ነገ ማድረግ።,Suggestion,3,Suggestion_08,train
1316,ተጠንቀቅ፣ ስራውን በዚህ ሳምንት ካላጠናቀቅክ ቅጣት አለ።,Warning,4,Warning_14,val
1317,የመጽሐፉ ጥራት ዝቅተኛ ነው።,Complaint,6,Complaint_11,train
1318,መረጃው በሚቀጥለው ሳምንት አልደረሰኝም።,Complaint,6,Complaint_06,test
1319,ምክሬ ቦታውን አሁን ማስያዝ ነው።,Suggestion,3,Suggestion_09,train
1320,አዎ፣ መጽሐፉ ተመልሷል... በጣም ቀላል!,Sarcasm/Irony,5,Sarcasm/Irony_10,train
1321,አልችልም፣ ትዕዛዙን አሁን ማድረስ አልቻልኩም።,Refusal,2,Refusal_00,val
1322,አልፈልግም፣ መጽሐፉን አልቀበልም።,Refusal,2,Refusal_03,val
1323,እንዴት ነሽ?,Phatic,7,Phatic_05,test
1324,ይቅርታ፣ ትዕዛዙን ዛሬ ማታ መላክ አልችልም።,Refusal,2,Refusal_02,train
1325,የውሳኔው ችግር ከምሽቱ ጀምሮ ከወንድሜ ጋር እፈታለሁ።,Assertion,1,Assertion_00,val
1326,እርግጥ ነው፣ መረጃው ትክክል ነው... በጣም ግልጽ!,Sarcasm/Irony,5,Sarcasm/Irony_07,test
1327,ትዕዛዙ ነገ ማታ አልደረሰኝም።,Complaint,6,Complaint_01,train
1328,አዎ፣ ውሉ ተፈርሟል... በጣም ቀላል ነበር!,Sarcasm/Irony,5,Sarcasm/Irony_04,train
1329,የቦታው ችግር ከሐሙስ ጀምሮ አልተፈታም።,Complaint,6,Complaint_02,train
1330,የአስተዳዳሪው ስራ በሬስቶራንት ጥሩ ነው።,Assertion,1,Assertion_06,train
1331,ስራው በቅርቡ ተጀምሯል።,Assertion,1,Assertion_13,test
1332,እንደኔ ሀሳብ መጽሐፉን በቅርቡ ማንበብ ይሻላል።,Suggestion,3,Suggestion_13,train
1333,ቦታው ነፃ ነው።,Assertion,1,Assertion_10,val
1334,የመረጃው ችግርን ዛሬ እፈታለሁ።,Promise,8,Promise_14,train
1335,የምግቡ ችግር ከሐሙስ ጀምሮ አልተፈታም።,Complaint,6,Complaint_02,val
1336,ትዕዛዙን በፍጥነት አጠናቅቃለሁ።,Promise,8,Promise_02,test
1337,አልፈልግም፣ ቦታውን ማስያዝ አልችልም።,Refusal,2,Refusal_09,train
1338,ማስጠንቀቂያ፣ ትዕዛዙን ዛሬ ካላጠናቀቅክ ቅጣት አለ።,Warning,4,Warning_01,train
1339,ክፍያው ተከፍሏል።,Assertion,1,Assertion_05,train
1340,እባክዎ ትዕዛዙን ለወንድሜ በቅርቡ ይላኩልኝ።,Request,0,Request_03,train
1341,ክፍያው በሚቀጥለው ወር አልተከፈለም።,Complaint,6,Complaint_03,train
1342,መረጃው በዚህ አመት አልደረሰኝም።,Complaint,6,Complaint_06,train
1343,አዎ፣ ውሉ ተፈርሟል... በጣም ቀላል ነበር!,Sarcasm/Irony,5,Sarcasm/Irony_04,train
1344,ተጠንቀቅ፣ ለጓደኛዬ ካልላክ ችግር ይፈጥራል።,Warning,4,Warning_02,train
1345,እንደምን አደረሽ?,Phatic,7,Phatic_09,train
1346,ይሻላል ውሳኔውን ነገ ጠዋት ማሳወቅ።,Suggestion,3,Suggestion_14,test
1347,ደብዳቤውን በዚህ ሳምንት አረጋግጣለሁ።,Promise,8,Promise_13,train
1348,እባክዎ ምግቡን ለደንበኛው ዛሬ ጠዋት ይላኩልኝ።,Request,0,Request_11,train
1349,ተጠንቀቅ፣ ስጦታውን በሚቀጥለው ወር ካላመጣህ ችግር ይፈጥራል።,Warning,4,Warning_06,test
1350,የአጋሬ ውሳኔ ትክክል ነው።,Assertion,1,Assertion_12,train
1351,እባክሽ ምግቡን በቅርቡ አዘጋጅልኝ።,Request,0,Request_13,train
1352,ተጠንቀቅ፣ ቦታውን ዛሬ ካላስያዝክ ይያዛል።,Warning,4,Warning_08,train
1353,አዎ፣ ለአለቃዬ ደውያለሁ... በጣም ቀላል!,Sarcasm/Irony,5,Sarcasm/Irony_14,train
1354,እርግጥ ነው፣ መረጃው ትክክል ነው... በጣም ግልጽ!,Sarcasm/Irony,5,Sarcasm/Irony_07,train
1355,ተጠንቀቅ፣ ለጓደኛችን ካልደወልክ ችግር ይፈጥራል።,Warning,4,Warning_12,train
1356,እንዴት ነሽ?,Phatic,7,Phatic_05,val
1357,የክፍያው ጥራት ከፍተኛ ነው።,Assertion,1,Assertion_14,train
1358,እንደምን አደረሽ?,Phatic,7,Phatic_09,train
1359,ሰላም ነው?,Phatic,7,Phatic_04,train
1360,የደንበኛው ስራ በፍርድ ቤት ጥሩ ነው።,Assertion,1,Assertion_06,train
1361,ስራው በሚቀጥለው ሳምንት አልተጠናቀቀም።,Complaint,6,Complaint_12,train
1362,እርግጥ ነው፣ መጽሐፉ ጥሩ ነው... በጣም ጥሩ!,Sarcasm/Irony,5,Sarcasm/Irony_13,train
1363,አልቻልኩም፣ ስጦታውን ዛሬ ጠዋት ማምጣት አልቻልኩም።,Refusal,2,Refusal_06,train
1364,ምግቡ ዛሬ ማታ አልደረሰኝም።,Complaint,6,Complaint_08,val
1365,ትዕዛዙ ዛሬ ጠዋት አልደረሰኝም።,Complaint,6,Complaint_01,train
1366,ማስጠንቀቂያ፣ ምግቡን በዚህ ወር ካላዘጋጀህ ችግር ይፈጥራል።,Warning,4,Warning_09,test
1367,ማስጠንቀቂያ፣ ሪፖርቱን በዚህ አመት ካላቀረብክ ቅጣት አለ።,Warning,4,Warning_05,train
1368,መጽሐፉ ነገ ማታ አልደረሰኝም።,Complaint,6,Complaint_09,train
1369,እባክዎ መጽሐፉን አሁን ይላኩልኝ።,Request,0,Request_14,train
1370,ማስጠንቀቂያ፣ ትዕዛዙን ነገ ጠዋት ካላጠናቀቅክ ቅጣት አለ።,Warning,4,Warning_01,train
1371,ውሉን በሚቀጥለው ቀን እፈርማለሁ።,Promise,8,Promise_04,val
1372,እባክዎ ውሳኔውን በፍጥነት ይላኩልኝ።,Request,0,Request_00,train
1373,እባክዎ ቦታውን በሚቀጥለው ሳምንት ያስይዙልኝ።,Request,0,Request_12,val
1374,አልፈልግም፣ ቦታውን ማስያዝ አልችልም።,Refusal,2,Refusal_09,val
1375,እርግጥ ነው፣ መረጃው ትክክል ነው... በጣም ግልጽ!,Sarcasm/Irony,5,Sarcasm/Irony_07,train
1376,የውሳኔው ችግር ከሐሙስ ጀምሮ አልተፈታም።,Complaint,6,Complaint_02,train
1377,ማስጠንቀቂያ፣ ውሳኔውን ዛሬ ካላሳወቅክ ችግር ይፈጥራል።,Warning,4,Warning_11,train
1378,አዎ፣ ስራው ተጠናቀቀ... በጣም ፈጣን!,Sarcasm/Irony,5,Sarcasm/Irony_12,val
1379,ማስጠንቀቂያ፣ ትዕዛዙን በሚቀጥለው ቀን ካላጠናቀቅክ ቅጣት አለ።,Warning,4,Warning_01,train
1380,ተጠንቀቅ፣ ውሉን ነገ ካልፈረምክ ህጋዊ ችግር ይፈጥራል።,Warning,4,Warning_04,train
1381,መጽሐፉን በዚህ ሳምንት አመልሳለሁ።,Promise,8,Promise_09,test
1382,የትዕዛዙ ችግር ከምሽቱ ጀምሮ ከእናቴ ጋር እፈታለሁ።,Assertion,1,Assertion_00,train
1383,ቦታው በዚህ አመት አልተያዘም።,Complaint,6,Complaint_07,train
1384,ይሻላል መጽሐፉን ለባልደረባዬ ማሳወቅ።,Suggestion,3,Suggestion_02,val
1385,አዎ፣ ውሉ ተፈርሟል... በጣም ቀላል ነበር!,Sarcasm/Irony,5,Sarcasm/Irony_04,val
1386,ተጠንቀቅ፣ ቦታውን በሚቀጥለው ሳምንት ካላስያዝክ ይያዛል።,Warning,4,Warning_08,train
1387,ማስጠንቀቂያ፣ ክፍያውን ነገ ካላደረግክ አገልግሎት ይቋረጣል።,Warning,4,Warning_03,train
1388,አልቻልኩም፣ ስጦታውን ዛሬ ማምጣት አልቻልኩም።,Refusal,2,Refusal_06,train
1389,የውሉ ሁኔታ ጥሩ ነው።,Assertion,1,Assertion_03,train
1390,ሀሳቤ መረጃውን ለጓደኛችን ማጋራት ነው።,Suggestion,3,Suggestion_11,train
1391,መጽሐፉ በፍጥነት አልደረሰኝም።,Complaint,6,Complaint_09,val
1392,የአገልግሎቱ ጥራት ከፍተኛ ነው።,Assertion,1,Assertion_14,train
1393,ትዕዛዙ በሚቀጥለው ሳምንት ተጠናቀቀ።,Assertion,1,Assertion_02,train
1394,እንደሚመስለኝ ስጦታውን በዚህ ሳምንት ማምጣት ይሻላል።,Suggestion,3,Suggestion_10,train
1395,አልችልም፣ ምግቡን ዛሬ ማታ ማዘጋጀት አልቻልኩም።,Refusal,2,Refusal_12,train
1396,ነጋዴው፣ ስራ እንዴት እየሄደ ነው?,Phatic,7,Phatic_14,test
1397,አይ፣ ክፍያውን አሁን ማድረግ አልችልም።,Refusal,2,Refusal_07,train
1398,ተጠንቀቅ፣ ለፖሊሱ ካልላክ ችግር ይፈጥራል።,Warning,4,Warning_02,train
1399,መልእክቱን አሁን አረጋግጣለሁ።,Promise,8,Promise_13,train
1400,ትዕዛዙ አሁን ተጠናቀቀ።,Assertion,1,Assertion_02,val
1401,ምክሬ ቦታውን አሁን ማስያዝ ነው።,Suggestion,3,Suggestion_09,train
1402,አዎ፣ ለሰራተኛው ደውያለሁ... በጣም ቀላል!,Sarcasm/Irony,5,Sarcasm/Irony_14,train
1403,እባክሽ ቦታውን ዛሬ ማታ አምጪልኝ።,Request,0,Request_05,train
1404,ትዕዛዙ ነገ ጠዋት አልደረሰኝም።,Complaint,6,Complaint_01,train
1405,እርግጥ ነው፣ ውሳኔው ትክክል ነው... በጣም ጥሩ!,Sarcasm/Irony,5,Sarcasm/Irony_11,train
1406,ተጠንቀቅ፣ ስጦታውን አሁን ካላመጣህ ችግር ይፈጥራል።,Warning,4,Warning_06,val
1407,እባክዎ ፋይሉን አሁን ይላኩልኝ።,Request,0,Request_04,train
1408,ይቅርታ፣ ለቤተሰቤ መላክ አልችልም።,Refusal,2,Refusal_05,train
1409,ጤና ይስጥልኝ፣ ደንበኛው እንዴት ነው?,Phatic,7,Phatic_10,train
1410,ጤና ይስጥልኝ፣ ቤተሰብ እንዴት ናቸው?,Phatic,7,Phatic_06,test
1411,መረጃው በፍጥነት አልደረሰኝም።,Complaint,6,Complaint_06,val
1412,የትዕዛዙ ችግር ከምሽቱ ጀምሮ ከእህቴ ጋር እፈታለሁ።,Promise,8,Promise_00,train
1413,እባክዎ ፓኬጁን አሁን ይላኩልኝ።,Request,0,Request_04,train
1414,ጤና ይስጥልኝ፣ ቤተሰብ እንዴት ናቸው?,Phatic,7,Phatic_06,test
1415,ምግቡ ዛሬ አልደረሰኝም።,Complaint,6,Complaint_08,train
1416,እባክዎ ፓኬጁን በፍጥነት ይላኩልኝ።,Request,0,Request_00,train
1417,ውሉ ነገ ጠዋት አልተፈረመም።,Complaint,6,Complaint_04,train
1418,አይ፣ አሁን ስጦታው ማድረግ አልችልም።,Refusal,2,Refusal_01,train
1419,የውሉ ችግር ከሐሙስ ጀምሮ ከፖሊሱ ጋር እፈታለሁ።,Assertion,1,Assertion_00,train
1420,ተጠንቀቅ፣ ስጦታውን በዚህ ሳምንት ካላመጣህ ችግር ይፈጥራል።,Warning,4,Warning_06,train
1421,ቦታው በፍጥነት አልተያዘም።,Complaint,6,Complaint_07,train
1422,እርግጥ ነው፣ ምግቡ ዝግጁ ነው... በጣም ጣፋጭ!,Sarcasm/Irony,5,Sarcasm/Irony_09,val
1423,እባክዎ መጽሐፉን ነገ ይላኩልኝ።,Request,0,Request_14,test
1424,የፋይሉ ችግርን ነገ ማታ እፈታለሁ።,Promise,8,Promise_14,val
1425,ተጠንቀቅ፣ ስራውን አሁን ካላጠናቀቅክ ቅጣት አለ።,Warning,4,Warning_14,test
1426,ውሳኔውን ነገ አሳውቃለሁ።,Promise,8,Promise_11,train
1427,ውሳኔውን በሚቀጥለው ቀን አሳውቃለሁ።,Promise,8,Promise_11,train
1428,ተጠንቀቅ፣ ለእናቴ ካልደወልክ ችግር ይፈጥራል።,Warning,4,Warning_12,train
1429,ጤና ይስጥልኝ፣ ዛሬ እንዴት ነው?,Phatic,7,Phatic_13,train
1430,እርግጥ ነው፣ ውሳኔው ትክክል ነው... በጣም ጥሩ!,Sarcasm/Irony,5,Sarcasm/Irony_11,train
1431,ክፍያውን በቅርቡ አደርጋለሁ።,Promise,8,Promise_03,train
1432,እርግጥ ነው፣ ሪፖርቱ ዝግጁ ነው... በጣም ፈጣን!,Sarcasm/Irony,5,Sarcasm/Irony_05,train
1433,ስጦታው ነገ ማታ ደርሷል።,Assertion,1,Assertion_01,train
1434,አልችልም፣ ምግቡን ዛሬ ማዘጋጀት አልቻልኩም።,Refusal,2,Refusal_12,train
1435,እርግጥ ነው፣ መረጃው ትክክል ነው... በጣም ግልጽ!,Sarcasm/Irony,5,Sarcasm/Irony_07,val
1436,ትዕዛዙን በቅርቡ አጠናቅቃለሁ።,Promise,8,Promise_02,train
1437,አይደለም፣ ሪፖርቱን በዚህ ሳምንት ማጠናቀቅ አልችልም።,Refusal,2,Refusal_10,train
1438,ምናልባት ለቤተሰቤ መደወል ይሻላል።,Suggestion,3,Suggestion_06,train
1439,ሰላም፣ ስራ በትምህርት ቤት እንዴት ነው?,Phatic,7,Phatic_08,train
1440,ማስጠንቀቂያ፣ ውሳኔውን በዚህ አመት ካላሳወቅክ ችግር ይፈጥራል።,Warning,4,Warning_11,train
1441,ስጦታው በሚቀጥለው ወር ደርሷል።,Assertion,1,Assertion_01,train
1442,ጤና ይስጥልኝ፣ ዛሬ እንዴት ነው?,Phatic,7,Phatic_13,train
1443,ቦታውን በዚህ አመት አስይዛለሁ።,Promise,8,Promise_07,train
1444,ምናልባት ቲኬቱን ዛሬ ጠዋት ማድረግ ይሻላል።,Suggestion,3,Suggestion_00,train
1445,ተጠንቀቅ፣ ቦታውን ዛሬ ጠዋት ካላስያዝክ ይያዛል።,Warning,4,Warning_08,train
1446,እንደሚመስለኝ ትዕዛዙን በዚህ አመት ማጠናቀቅ ይሻላል።,Suggestion,3,Suggestion_04,train
1447,አይደለም፣ ሪፖርቱን በዚህ ሳምንት ማጠናቀቅ አልችልም።,Refusal,2,Refusal_10,train
1448,እባክሽ ደብዳቤውን በፍጥነት አምጪልኝ።,Request,0,Request_09,train
1449,የፖሊሱ አገልግሎት መጥፎ ነው።,Complaint,6,Complaint_10,train
1450,ተጠንቀቅ፣ ለአጋሬ ካልደወልክ ችግር ይፈጥራል።,Warning,4,Warning_12,train
1451,ምክሬ ቦታውን አሁን ማስያዝ ነው።,Suggestion,3,Suggestion_09,train
1452,መጽሐፉ በቅርቡ ደረሰ።,Assertion,1,Assertion_11,train
1453,ለአስተዳዳሪው በዚህ ወር አልደወሉልኝም።,Complaint,6,Complaint_14,val
1454,መረጃው ትክክል ነው።,Assertion,1,Assertion_04,test
1455,እባክዎ ትዕዛዙን ለአጋሬ በፍጥነት ይላኩልኝ።,Request,0,Request_03,train
1456,ምግቡ በዚህ ወር አልደረሰኝም።,Complaint,6,Complaint_08,train
1457,ተጠንቀቅ፣ ለአጋሬ ካልላክ ችግር ይፈጥራል።,Warning,4,Warning_02,val
1458,ይቅርታ፣ ውሳኔውን በፍጥነት ማሳወቅ አልችልም።,Refusal,2,Refusal_14,val
1459,አይ፣ መጽሐፉን ማበደር አልችልም።,Refusal,2,Refusal_13,train
1460,እባክዎ ሪፖርቱን ነገ ማታ ይላኩልኝ።,Request,0,Request_10,train
1461,ተጠንቀቅ፣ ለቤተሰቤ ካልላክ ችግር ይፈጥራል።,Warning,4,Warning_02,test
1462,ውሳኔውን በፍጥነት አሳውቃለሁ።,Promise,8,Promise_11,train
1463,ቦታውን ነገ አስይዛለሁ።,Promise,8,Promise_07,test
1464,እባክዎ ቦታውን በዚህ ወር ያስይዙልኝ።,Request,0,Request_12,train
1465,እባክዎ ክፍያውን በዚህ ሳምንት ያረጋግጡልኝ።,Request,0,Request_08,train
1466,ስጦታው ገና ወደ ፖስታ ቤት አሁን አልደረሰኝም።,Complaint,6,Complaint_00,train
1467,ማስጠንቀቂያ፣ ሪፖርቱን አሁን ካላቀረብክ ቅጣት አለ።,Warning,4,Warning_05,train
1468,ስራው ዛሬ ጠዋት ተጀምሯል።,Assertion,1,Assertion_13,train
1469,ሰላም ነው ወንድሜ?,Phatic,7,Phatic_11,train
1470,ጤና ይስጥልኝ፣ ቤተሰቤ እንዴት ነው?,Phatic,7,Phatic_10,test
1471,አዎ፣ ለጓደኛችን ላክኩት... በጣም ጥሩ!,Sarcasm/Irony,5,Sarcasm/Irony_02,val
1472,ለእህቴ በዚህ አመት እደውላለሁ።,Promise,8,Promise_10,train
1473,አዎ፣ ለፖሊሱ ደውያለሁ... በጣም ቀላል!,Sarcasm/Irony,5,Sarcasm/Irony_14,train
1474,ውሉ ነገ ማታ ተፈርሟል።,Assertion,1,Assertion_07,test
1475,እንደሚመስለኝ ስጦታውን አሁን ማምጣት ይሻላል።,Suggestion,3,Suggestion_10,train
1476,ለእህቴ አሁን አልደወሉልኝም።,Complaint,6,Complaint_14,train
1477,አልቻልኩም፣ ስጦታውን በፍጥነት ማምጣት አልቻልኩም።,Refusal,2,Refusal_06,val
1478,ነጋዴው፣ ዛሬ እንዴት ነው?,Phatic,7,Phatic_07,train
1479,እንደምን አደርክ?,Phatic,7,Phatic_03,test
1480,ምናልባት መልእክቱን በሚቀጥለው ቀን ማድረግ ይሻላል።,Suggestion,3,Suggestion_00,val
1481,እባክዎ ሰነዱን ለደንበኛው ዛሬ ማታ ይላኩልኝ።,Request,0,Request_11,train
1482,የቤተሰቤ አገልግሎት መጥፎ ነው።,Complaint,6,Complaint_10,train
1483,ለአባቴ ዛሬ ጠዋት እደውላለሁ።,Promise,8,Promise_10,test
1484,የመረጃው ችግርን ነገ ጠዋት እፈታለሁ።,Promise,8,Promise_14,test
1485,ውሉን ነገ እፈርማለሁ።,Promise,8,Promise_04,train
1486,ውሉን ዛሬ ጠዋት እፈርማለሁ።,Promise,8,Promise_04,train
1487,አዎ፣ ስጦታው ደርሷል... በጣም ጥሩ!,Sarcasm/Irony,5,Sarcasm/Irony_06,train
1488,ምግቡን በሚቀጥለው ሳምንት አዘጋጃለሁ።,Promise,8,Promise_08,train
1489,ውሉ ነገ ተፈርሟል።,Assertion,1,Assertion_07,test
1490,ክፍያውን አሁን አደርጋለሁ።,Promise,8,Promise_03,train
1491,እባክሽ ምግቡን በዚህ ሳምንት አምጪልኝ።,Request,0,Request_01,train
1492,ትዕዛዙ አሁን አልደረሰኝም።,Complaint,6,Complaint_01,train
1493,እንደምን አደርክ?,Phatic,7,Phatic_03,train
1494,ለቤተሰቤ በዚህ ወር አልደወሉልኝም።,Complaint,6,Complaint_14,train
1495,የአለቃዬ ስራ በአውሮፕላን ማረፊያ ጥሩ ነው።,Assertion,1,Assertion_06,val
1496,ተጠንቀቅ፣ ስራውን በዚህ አመት ካላጠናቀቅክ ቅጣት አለ።,Warning,4,Warning_14,val
1497,ቦታውን በሚቀጥለው ወር አስይዛለሁ።,Promise,8,Promise_07,train
1498,ምናልባት ምግቡን በዚህ አመት ማዘጋጀት ይሻላል።,Suggestion,3,Suggestion_12,train
1499,ሀሳቤ ውሉን ዛሬ ማታ መፈረም ነው።,Suggestion,3,Suggestion_05,train
1500,ቦታውን በፍጥነት አስይዛለሁ።,Promise,8,Promise_07,val
1501,ውሉ በዚህ አመት አልተፈረመም።,Complaint,6,Complaint_04,val
1502,አልቻልኩም፣ ስጦታውን በዚህ ወር ማምጣት አልቻልኩም።,Refusal,2,Refusal_06,train
1503,ቦታው በቅርቡ አልተያዘም።,Complaint,6,Complaint_07,train
1504,ሪፖርቱ ዝግጁ ነው።,Assertion,1,Assertion_08,train
1505,ሰላም፣ ስራ በዩኒቨርሲቲ እንዴት ነው?,Phatic,7,Phatic_08,train
1506,እባክዎ ክፍያውን በዚህ ሳምንት ያረጋግጡልኝ።,Request,0,Request_08,train
1507,እባክሽ ደብዳቤውን በሚቀጥለው ሳምንት አምጪልኝ።,Request,0,Request_09,train
1508,ጤና ይስጥልኝ፣ ስራ እንዴት ነው?,Phatic,7,Phatic_02,train
1509,እባክዎ ሸቀጡን ዛሬ ይላኩልኝ።,Request,0,Request_00,val
1510,አልቻልኩም፣ ስጦታውን ነገ ማታ ማምጣት አልቻልኩም።,Refusal,2,Refusal_06,test
1511,የትዕዛዙ ችግር ከምሽቱ ጀምሮ ከአባቴ ጋር እፈታለሁ።,Promise,8,Promise_00,train
1512,የአባቴ ውሳኔ ትክክል ነው።,Assertion,1,Assertion_12,train
1513,ትዕዛዙን አሁን አጠናቅቃለሁ።,Promise,8,Promise_02,train
1514,ተጠንቀቅ፣ ስራውን በዚህ ወር ካላጠናቀቅክ ቅጣት አለ።,Warning,4,Warning_14,val
1515,ተጠንቀቅ፣ ውሳኔውን ነገ ጠዋት ካላደረግክ ችግር ይፈጥራል።,Warning,4,Warning_00,val
1516,እባክዎ መረጃውን በሚቀጥለው ወር ይላኩልኝ።,Request,0,Request_07,train
1517,ሰላም ነው ወንድሜ?,Phatic,7,Phatic_11,val
1518,አዎ፣ ሰነዱን ነገ ጠዋት አደረግኩት... ትክክል ነው!,Sarcasm/Irony,5,Sarcasm/Irony_00,train
1519,ትዕዛዙ በሚቀጥለው ሳምንት አልደረሰኝም።,Complaint,6,Complaint_01,train
1520,እንደኔ ሀሳብ መጽሐፉን በሚቀጥለው ሳምንት ማንበብ ይሻላል።,Suggestion,3,Suggestion_13,train
1521,የመልእክቱ ችግር ከረቡዕ ጀምሮ አልተፈታም።,Complaint,6,Complaint_02,train
1522,ምናልባት ስጦታውን በሚቀጥለው ቀን ማድረግ ይሻላል።,Suggestion,3,Suggestion_00,train
1523,አዎ፣ ቦታው ነፃ ነው... በጣም ምቹ!,Sarcasm/Irony,5,Sarcasm/Irony_08,train
1524,ተጠንቀቅ፣ መረጃውን በሚቀጥለው ቀን ካላደረግክ ችግር ይፈጥራል።,Warning,4,Warning_00,test
1525,እባክሽ ምግቡን በሚቀጥለው ሳምንት አዘጋጅልኝ።,Request,0,Request_13,train
1526,ስጦታው ገና ወደ ባንክ በሚቀጥለው ወር አልደረሰኝም።,Complaint,6,Complaint_00,train
1527,ይቅርታ፣ ውሳኔውን ዛሬ ማሳወቅ አልችልም።,Refusal,2,Refusal_14,train
1528,ይቅርታ፣ ለአለቃዬ መላክ አልችልም።,Refusal,2,Refusal_05,train
1529,ማስጠንቀቂያ፣ ምግቡን ዛሬ ማታ ካላዘጋጀህ ችግር ይፈጥራል።,Warning,4,Warning_09,train
1530,ሀሳቤ ውሉን በዚህ ሳምንት መፈረም ነው።,Suggestion,3,Suggestion_05,val
1531,እባክዎ ቦታውን በፍጥነት ያስይዙልኝ።,Request,0,Request_12,train
1532,ተጠንቀቅ፣ ለአለቃዬ ካልላክ ችግር ይፈጥራል።,Warning,4,Warning_02,train
1533,ለአባቴ በዚህ ሳምንት አልደወሉልኝም።,Complaint,6,Complaint_14,train
1534,ቦታው ነፃ ነው።,Assertion,1,Assertion_10,train
1535,ምክሬ ቲኬቱን አሁን ማረጋገጥ ነው።,Suggestion,3,Suggestion_03,val
1536,ተጠንቀቅ፣ ለሰራተኛው ካልላክ ችግር ይፈጥራል።,Warning,4,Warning_02,train
1537,እንዴት ነህ ጓደኛ?,Phatic,7,Phatic_12,train
1538,ምናልባት ስጦታውን በዚህ ወር ማድረግ ይሻላል።,Suggestion,3,Suggestion_00,train
1539,ይቅርታ፣ መረጃውን ማጋራት አልችልም።,Refusal,2,Refusal_08,train
1540,መረጃው ዛሬ ማታ አልደረሰኝም።,Complaint,6,Complaint_06,train
1541,ቦታው ነፃ ነው።,Assertion,1,Assertion_10,test
1542,የውሳኔው ችግር ከሰኞ ጀምሮ ከእናቴ ጋር እፈታለሁ።,Assertion,1,Assertion_00,train
1543,አልችልም፣ ፓኬጁን በዚህ አመት ማድረስ አልቻልኩም።,Refusal,2,Refusal_00,train
1544,አይ፣ መጽሐፉን ማበደር አልችልም።,Refusal,2,Refusal_13,train
1545,ክፍያው ተከፍሏል።,Assertion,1,Assertion_05,train
1546,እርግጥ ነው፣ ክፍያው ጥሩ ነው... በጣም ጥሩ!,Sarcasm/Irony,5,Sarcasm/Irony_13,train
1547,ጤና ይስጥልኝ፣ ስራ እንዴት ነው?,Phatic,7,Phatic_02,test
1548,እርግጥ ነው፣ መረጃው ትክክል ነው... በጣም ግልጽ!,Sarcasm/Irony,5,Sarcasm/Irony_07,train
1549,ይሻላል ትዕዛዙን ለእህቴ ማሳወቅ።,Suggestion,3,Suggestion_02,test
1550,የስጦታው ችግር ከጠዋቱ ጀምሮ ከእናቴ ጋር እፈታለሁ።,Assertion,1,Assertion_00,train
1551,እባክዎ ሰነዱን አሁን ይላኩልኝ።,Request,0,Request_04,train
1552,ተጠንቀቅ፣ ቦታውን በቅርቡ ካላስያዝክ ይያዛል።,Warning,4,Warning_08,train
1553,ማስጠንቀቂያ፣ ቲኬቱን ነገ ማታ ካላረጋገጥክ ችግር ይፈጥራል።,Warning,4,Warning_13,train
1554,እባክዎ ክፍያውን ዛሬ ጠዋት ያረጋግጡልኝ።,Request,0,Request_08,train
1555,ሀሳቤ መረጃውን ለእህቴ ማጋራት ነው።,Suggestion,3,Suggestion_11,test
1556,የትዕዛዙ ዋጋ ተቀይሯል።,Assertion,1,Assertion_09,train
1557,ምክሬ ቦታውን አሁን ማስያዝ ነው።,Suggestion,3,Suggestion_09,test
1558,እንዴት ነህ ጓደኛ?,Phatic,7,Phatic_12,train
1559,ማስጠንቀቂያ፣ ትዕዛዙን ነገ ማታ ካላጠናቀቅክ ቅጣት አለ።,Warning,4,Warning_01,test
1560,መጽሐፉን ዛሬ ጠዋት አመልሳለሁ።,Promise,8,Promise_09,test
1561,መረጃው ነገ ጠዋት አልደረሰኝም።,Complaint,6,Complaint_06,train
1562,ምናልባት ለወንድሜ መደወል ይሻላል።,Suggestion,3,Suggestion_06,val
1563,ተጠንቀቅ፣ ክፍያውን በዚህ አመት ካላደረግክ ችግር ይፈጥራል።,Warning,4,Warning_00,train
1564,እባክሽ ውሉን አሁን አምጪልኝ።,Request,0,Request_01,val
1565,ይቅርታ፣ መረጃውን ማጋራት አልችልም።,Refusal,2,Refusal_08,val
1566,ተጠንቀቅ፣ ለሰራተኛው ካልደወልክ ችግር ይፈጥራል።,Warning,4,Warning_12,test
1567,ነጋዴው፣ ስራ እንዴት እየሄደ ነው?,Phatic,7,Phatic_14,train
1568,የቤተሰቤ ውሳኔ ትክክል ነው።,Assertion,1,Assertion_12,train
1569,እባክሽ አገልግሎቱን ዛሬ ማታ አምጪልኝ።,Request,0,Request_05,val
1570,መረጃውን ነገ እላካለሁ።,Promise,8,Promise_06,train
1571,አዎ፣ ውሉ ተፈርሟል... በጣም ቀላል ነበር!,Sarcasm/Irony,5,Sarcasm/Irony_04,test
1572,ተጠንቀቅ፣ ውሉን በሚቀጥለው ቀን ካልፈረምክ ህጋዊ ችግር ይፈጥራል።,Warning,4,Warning_04,train
1573,መጽሐፉ በሚቀጥለው ሳምንት ደረሰ።,Assertion,1,Assertion_11,train
1574,አዎ፣ ክፍያውን ነገ ማታ አደረግኩት... ትክክል ነው!,Sarcasm/Irony,5,Sarcasm/Irony_00,train
1575,የደብዳቤው ሁኔታ ጥሩ ነው።,Assertion,1,Assertion_03,val
1576,መረጃውን ነገ ማታ እላካለሁ።,Promise,8,Promise_06,train
1577,ውሉን በሚቀጥለው ቀን እፈርማለሁ።,Promise,8,Promise_04,train
1578,ስራው በሚቀጥለው ሳምንት ተጀምሯል።,Assertion,1,Assertion_13,test
1579,እርግጥ ነው፣ ውሳኔው ትክክል ነው... በጣም ጥሩ!,Sarcasm/Irony,5,Sarcasm/Irony_11,train
1580,እባክዎ ትዕዛዙን ለአጋሬ በፍጥነት ይላኩልኝ።,Request,0,Request_03,test
1581,እርግጥ ነው፣ መረጃው ትክክል ነው... በጣም ግልጽ!,Sarcasm/Irony,5,Sarcasm/Irony_07,val
1582,ምናልባት ሪፖርቱን በፍጥነት ማድረግ ይሻላል።,Suggestion,3,Suggestion_00,train
1583,ተጠንቀቅ፣ መጽሐፉን በሚቀጥለው ቀን ካላመለስክ ቅጣት አለ።,Warning,4,Warning_10,train
1584,መጽሐፉ በዚህ አመት አልደረሰኝም።,Complaint,6,Complaint_09,train
1585,እንደሚመስለኝ ትዕዛዙን ነገ ማጠናቀቅ ይሻላል።,Suggestion,3,Suggestion_04,train
1586,እባክዎ ስጦታውን በቅርቡ ያድርሱልኝ።,Request,0,Request_06,train
1587,እባክዎ መጽሐፉን በፍጥነት ይላኩልኝ።,Request,0,Request_14,test
1588,ክፍያው ተከፍሏል።,Assertion,1,Assertion_05,train
1589,ቦታው ነፃ ነው።,Assertion,1,Assertion_10,train
1590,ነጋዴው፣ ዛሬ እንዴት ነው?,Phatic,7,Phatic_07,train
1591,እንደሚመስለኝ ስጦታውን ዛሬ ጠዋት ማምጣት ይሻላል።,Suggestion,3,Suggestion_10,train
1592,ትዕዛዙ ነገ ማታ ተጠናቀቀ።,Assertion,1,Assertion_02,train
1593,ስጦታው በቅርቡ ደርሷል።,Assertion,1,Assertion_01,train
1594,የትዕዛዙ ችግር ከሰኞ ጀምሮ ከቤተሰቤ ጋር እፈታለሁ።,Promise,8,Promise_00,train
1595,የሰራተኛው አገልግሎት መጥፎ ነው።,Complaint,6,Complaint_10,train
1596,የቲኬቱ ችግር ከዛሬ ጀምሮ አልተፈታም።,Complaint,6,Complaint_02,train
1597,ነጋዴው፣ ስራ በፍርድ ቤት እንዴት ነው?,Phatic,7,Phatic_00,train
1598,አዎ፣ ስራው ተጠናቀቀ... በጣም ፈጣን!,Sarcasm/Irony,5,Sarcasm/Irony_12,test
1599,እርግጥ ነው፣ ትዕዛዙ በቅርቡ ተጠናቀቀ... በጣም ፈጣን!,Sarcasm/Irony,5,Sarcasm/Irony_01,test
1600,ሀሳቤ ውሉን ዛሬ ማታ መፈረም ነው።,Suggestion,3,Suggestion_05,val
1601,ክፍያው ተከፍሏል።,Assertion,1,Assertion_05,val
1602,ትዕዛዙ ዛሬ አልደረሰኝም።,Complaint,6,Complaint_01,train
1603,ምናልባት ምግቡን አሁን ማዘጋጀት ይሻላል።,Suggestion,3,Suggestion_12,train
1604,የደብዳቤው ጥራት ከፍተኛ ነው።,Assertion,1,Assertion_14,val
1605,ምናልባት ምግቡን በሚቀጥለው ሳምንት ማዘጋጀት ይሻላል።,Suggestion,3,Suggestion_12,train
1606,አይደለም፣ ሪፖርቱን ነገ ማታ ማጠናቀቅ አልችልም።,Refusal,2,Refusal_10,val
1607,ለጓደኛዋ በዚህ አመት አልደወሉልኝም።,Complaint,6,Complaint_14,train
1608,አይ፣ መጽሐፉን ማበደር አልችልም።,Refusal,2,Refusal_13,train
1609,እባክዎ ፓኬጁን አሁን ይላኩልኝ።,Request,0,Request_04,train
1610,ሪፖርቱ ዝግጁ ነው።,Assertion,1,Assertion_08,train
1611,የመልእክቱ ዋጋ ተቀይሯል።,Assertion,1,Assertion_09,val
1612,አልፈልግም፣ መልእክቱን አልቀበልም።,Refusal,2,Refusal_03,train
1613,እንደሚመስለኝ ትዕዛዙን በፍጥነት ማጠናቀቅ ይሻላል።,Suggestion,3,Suggestion_04,test
1614,ጤና ይስጥልኝ፣ ቤተሰብ እንዴት ናቸው?,Phatic,7,Phatic_06,val
1615,መጽሐፉ በዚህ ሳምንት አልደረሰኝም።,Complaint,6,Complaint_09,val
1616,ሪፖርቱን ነገ ጠዋት አቀርባለሁ።,Promise,8,Promise_05,test
1617,ይቅርታ፣ መረጃውን ማጋራት አልችልም።,Refusal,2,Refusal_08,train
1618,መረጃው ትክክል ነው።,Assertion,1,Assertion_04,train
1619,የደብዳቤው ችግርን ነገ ማታ እፈታለሁ።,Promise,8,Promise_14,train
1620,ስራው በዚህ ሳምንት ተጀምሯል።,Assertion,1,Assertion_13,test
1621,የደብዳቤው ጥራት ከፍተኛ ነው።,Assertion,1,Assertion_14,train
1622,ተጠንቀቅ፣ ስጦታውን ዛሬ ካላመጣህ ችግር ይፈጥራል።,Warning,4,Warning_06,train
1623,የትዕዛዙ ችግር ከማክሰኞ ጀምሮ አልተፈታም።,Complaint,6,Complaint_02,train
1624,ውሳኔውን በሚቀጥለው ቀን አሳውቃለሁ።,Promise,8,Promise_11,train
1625,ትዕዛዙ በሚቀጥለው ሳምንት ተጠናቀቀ።,Assertion,1,Assertion_02,train
1626,እርግጥ ነው፣ ሪፖርቱ ዝግጁ ነው... በጣም ፈጣን!,Sarcasm/Irony,5,Sarcasm/Irony_05,train
1627,ትዕዛዙን ዛሬ ጠዋት አረጋግጣለሁ።,Promise,8,Promise_13,test
1628,አልችልም፣ ምግቡን ዛሬ ጠዋት ማዘጋጀት አልቻልኩም።,Refusal,2,Refusal_12,train
1629,ስጦታው ገና ወደ ፍርድ ቤት በዚህ ወር አልደረሰኝም።,Complaint,6,Complaint_00,train
1630,ነጋዴው፣ ዛሬ እንዴት ነው?,Phatic,7,Phatic_07,test
1631,እባክዎ ኮንትራቱን ለደንበኛው በዚህ ወር ይላኩልኝ።,Request,0,Request_11,val
1632,የምግቡ ጥራት ከፍተኛ ነው።,Assertion,1,Assertion_14,train
1633,እንደሚመስለኝ ስጦታውን ዛሬ ማምጣት ይሻላል።,Suggestion,3,Suggestion_10,train
1634,ውሳኔውን አሁን አሳውቃለሁ።,Promise,8,Promise_11,train
1635,አይደለም፣ ውሉን በዚህ አመት ማረጋገጥ አልችልም።,Refusal,2,Refusal_04,train
1636,ማስጠንቀቂያ፣ መረጃውን ካላጋራህ ችግር ይፈጥራል።,Warning,4,Warning_07,val
1637,ሀሳቤ ውሉን አሁን መፈረም ነው።,Suggestion,3,Suggestion_05,val
1638,ማስጠንቀቂያ፣ መረጃውን ካላጋራህ ችግር ይፈጥራል።,Warning,4,Warning_07,train
1639,መጽሐፉ በሚቀጥለው ወር አልደረሰኝም።,Complaint,6,Complaint_09,train
1640,ቦታው ነገ ጠዋት አልተያዘም።,Complaint,6,Complaint_07,train
1641,እንደሚመስለኝ ስጦታውን በሚቀጥለው ቀን ማምጣት ይሻላል።,Suggestion,3,Suggestion_10,train
1642,አይደለም፣ ውሉን በቅርቡ ማረጋገጥ አልችልም።,Refusal,2,Refusal_04,val
1643,የጓደኛችን አገልግሎት መጥፎ ነው።,Complaint,6,Complaint_10,train
1644,ስራው በቅርቡ ተጀምሯል።,Assertion,1,Assertion_13,train
1645,የትዕዛዙ ችግር ከማክሰኞ ጀምሮ ከአስተዳዳሪው ጋር እፈታለሁ።,Promise,8,Promise_00,train
1646,አይደለም፣ ሪፖርቱን በፍጥነት ማጠናቀቅ አልችልም።,Refusal,2,Refusal_10,train
1647,አዎ፣ ለእናቴ ደውያለሁ... በጣም ቀላል!,Sarcasm/Irony,5,Sarcasm/Irony_14,train
1648,ተጠንቀቅ፣ ሰነዱን በቅርቡ ካላደረግክ ችግር ይፈጥራል።,Warning,4,Warning_00,train
1649,እባክሽ ውሉን በሚቀጥለው ሳምንት አምጪልኝ።,Request,0,Request_01,train
1650,ማስጠንቀቂያ፣ ትዕዛዙን በዚህ አመት ካላጠናቀቅክ ቅጣት አለ።,Warning,4,Warning_01,train
1651,ሀሳቤ መረጃውን ለጓደኛዬ ማጋራት ነው።,Suggestion,3,Suggestion_11,train
1652,አዎ፣ ለጓደኛዬ ደውያለሁ... በጣም ቀላል!,Sarcasm/Irony,5,Sarcasm/Irony_14,test
1653,ስጦታው ገና ወደ ቤት ነገ አልደረሰኝም።,Complaint,6,Complaint_00,train
1654,ሰላም ነው?,Phatic,7,Phatic_04,train
1655,ተጠንቀቅ፣ መጽሐፉን ነገ ካላመለስክ ቅጣት አለ።,Warning,4,Warning_10,val
1656,እንዴት ነሽ?,Phatic,7,Phatic_05,train
1657,ተጠንቀቅ፣ ስጦታውን በዚህ አመት ካላመጣህ ችግር ይፈጥራል።,Warning,4,Warning_06,train
1658,ሪፖርቱ በሚቀጥለው ሳምንት አልቀረበም።,Complaint,6,Complaint_05,val
1659,ነጋዴው፣ ዛሬ እንዴት ነው?,Phatic,7,Phatic_07,train
1660,ስጦታው በሚቀጥለው ቀን ደርሷል።,Assertion,1,Assertion_01,train
1661,ሰላም ነው ወንድሜ?,Phatic,7,Phatic_11,train
1662,እርግጥ ነው፣ ሪፖርቱ ዝግጁ ነው... በጣም ፈጣን!,Sarcasm/Irony,5,Sarcasm/Irony_05,train
1663,ክፍያው ተከፍሏል።,Assertion,1,Assertion_05,train
1664,እባክዎ ክፍያውን በሚቀጥለው ቀን ይላኩልኝ።,Request,0,Request_00,test
1665,አዎ፣ ስራው ተጠናቀቀ... በጣም ፈጣን!,Sarcasm/Irony,5,Sarcasm/Irony_12,test
1666,ጤና ይስጥልኝ፣ ስራ እንዴት ነው?,Phatic,7,Phatic_02,train
1667,ተጠንቀቅ፣ ስጦታውን በዚህ ሳምንት ካላመጣህ ችግር ይፈጥራል።,Warning,4,Warning_06,test
1668,ምክሬ ኮንትራቱን አሁን ማረጋገጥ ነው።,Suggestion,3,Suggestion_03,train
1669,እባክዎ መጽሐፉን በሚቀጥለው ሳምንት ይላኩልኝ።,Request,0,Request_14,test
1670,እርግጥ ነው፣ ምግቡ ዝግጁ ነው... በጣም ጣፋጭ!,Sarcasm/Irony,5,Sarcasm/Irony_09,val
1671,እባክዎ ውሉን ለደንበኛው አሁን ይላኩልኝ።,Request,0,Request_02,train
1672,ምግቡን ነገ አዘጋጃለሁ።,Promise,8,Promise_08,test
1673,አልፈልግም፣ ቦታውን አልቀበልም።,Refusal,2,Refusal_03,train
1674,ውሳኔው ዛሬ ማታ አልተሰጠም።,Complaint,6,Complaint_13,train
1675,አዎ፣ መጽሐፉ ተመልሷል... በጣም ቀላል!,Sarcasm/Irony,5,Sarcasm/Irony_10,train
1676,ጤና ይስጥልኝ፣ አለቃዬ እንዴት ነው?,Phatic,7,Phatic_10,test
1677,ማስጠንቀቂያ፣ ምግቡን በሚቀጥለው ቀን ካላዘጋጀህ ችግር ይፈጥራል።,Warning,4,Warning_09,val
1678,አዎ፣ ስጦታው ደርሷል... በጣም ጥሩ!,Sarcasm/Irony,5,Sarcasm/Irony_06,train
1679,ምክሬ ቦታውን አሁን ማስያዝ ነው።,Suggestion,3,Suggestion_09,train
1680,ውሉ ነገ አልተፈረመም።,Complaint,6,Complaint_04,train
1681,ሰላም፣ ስራ በሆስፒታል እንዴት ነው?,Phatic,7,Phatic_08,train
1682,ኮንትራቱን በቅርቡ አረጋግጣለሁ።,Promise,8,Promise_13,train
1683,አዎ፣ ስራው ተጠናቀቀ... በጣም ፈጣን!,Sarcasm/Irony,5,Sarcasm/Irony_12,train
1684,ውሉን በዚህ ሳምንት አረጋግጣለሁ።,Promise,8,Promise_13,train
1685,ክፍያው አሁን አልተከፈለም።,Complaint,6,Complaint_03,train
1686,ምግቡን ነገ ጠዋት አዘጋጃለሁ።,Promise,8,Promise_08,train
1687,ተጠንቀቅ፣ ለጓደኛችን ካልላክ ችግር ይፈጥራል።,Warning,4,Warning_02,train
1688,መረጃው ዛሬ ጠዋት አልደረሰኝም።,Complaint,6,Complaint_06,train
1689,የጓደኛችን አገልግሎት መጥፎ ነው።,Complaint,6,Complaint_10,train
1690,እንዴት ነህ ጓደኛ?,Phatic,7,Phatic_12,train
1691,እርግጥ ነው፣ ምግቡ ዝግጁ ነው... በጣም ጣፋጭ!,Sarcasm/Irony,5,Sarcasm/Irony_09,train
1692,አይደለም፣ ውሉን በሚቀጥለው ሳምንት ማረጋገጥ አልችልም።,Refusal,2,Refusal_04,train
1693,አልፈልግም፣ ሪፖርቱን አልቀበልም።,Refusal,2,Refusal_03,train
1694,ሀሳቤ መረጃውን ለወንድሜ ማጋራት ነው።,Suggestion,3,Suggestion_11,train
1695,ማስጠንቀቂያ፣ ሪፖርቱን በዚህ አመት ካላቀረብክ ቅጣት አለ።,Warning,4,Warning_05,test
1696,ምግቡን ነገ አዘጋጃለሁ።,Promise,8,Promise_08,train
1697,እባክሽ ፋይሉን ዛሬ ማታ አምጪልኝ።,Request,0,Request_05,train
1698,እባክዎ ትዕዛዙን ለእናቴ በዚህ አመት ይላኩልኝ።,Request,0,Request_03,train
1699,እባክሽ መጽሐፉን በፍጥነት አምጪልኝ።,Request,0,Request_01,train
1700,አዎ፣ ለሰራተኛው ደውያለሁ... በጣም ቀላል!,Sarcasm/Irony,5,Sarcasm/Irony_14,train
1701,መረጃው ትክክል ነው።,Assertion,1,Assertion_04,train
1702,ማስጠንቀቂያ፣ ትዕዛዙን በሚቀጥለው ወር ካላጠናቀቅክ ቅጣት አለ።,Warning,4,Warning_01,train
1703,የስራው ችግርን በሚቀጥለው ሳምንት እፈታለሁ።,Promise,8,Promise_14,test
1704,ሰላም ነው?,Phatic,7,Phatic_04,train
1705,ክፍያው ነገ አልተከፈለም።,Complaint,6,Complaint_03,train
1706,ትዕዛዙ በዚህ አመት አልደረሰኝም።,Complaint,6,Complaint_01,train
1707,መረጃውን በሚቀጥለው ሳምንት እላካለሁ።,Promise,8,Promise_06,train
1708,የመጽሐፉ ችግር ከዛሬ ጀምሮ ከሰራተኛው ጋር እፈታለሁ።,Assertion,1,Assertion_00,train
1709,እንደምን አደርክ?,Phatic,7,Phatic_03,val
1710,አልፈልግም፣ ቦታውን ማስያዝ አልችልም።,Refusal,2,Refusal_09,train
1711,ትዕዛዙን በሚቀጥለው ሳምንት አጠናቅቃለሁ።,Promise,8,Promise_02,train
1712,ነጋዴው፣ ዛሬ እንዴት ነው?,Phatic,7,Phatic_07,train
1713,ነጋዴው፣ ስራ እንዴት እየሄደ ነው?,Phatic,7,Phatic_14,train
1714,ምናልባት ለቤተሰቤ መደወል ይሻላል።,Suggestion,3,Suggestion_06,train
1715,ተጠንቀቅ፣ ቲኬቱን በሚቀጥለው ሳምንት ካላደረግክ ችግር ይፈጥራል።,Warning,4,Warning_00,train
1716,እርግጥ ነው፣ ክፍያው ተከፍሏል... በጣም ቀላል!,Sarcasm/Irony,5,Sarcasm/Irony_03,train
1717,ማስጠንቀቂያ፣ ሪፖርቱን በሚቀጥለው ወር ካላቀረብክ ቅጣት አለ።,Warning,4,Warning_05,train
1718,የሰነዱ ችግር ከጠዋቱ ጀምሮ ከአስተዳዳሪው ጋር እፈታለሁ።,Assertion,1,Assertion_00,test
1719,ማስጠንቀቂያ፣ መረጃውን ዛሬ ካላረጋገጥክ ችግር ይፈጥራል።,Warning,4,Warning_13,val
1720,ለአስተዳዳሪው አሁን አልደወሉልኝም።,Complaint,6,Complaint_14,val
1721,ለአለቃዬ በሚቀጥለው ወር እደውላለሁ።,Promise,8,Promise_10,val
1722,ሪፖርቱ ዛሬ አልቀረበም።,Complaint,6,Complaint_05,train
1723,እርግጥ ነው፣ ክፍያው ተከፍሏል... በጣም ቀላል!,Sarcasm/Irony,5,Sarcasm/Irony_03,train
1724,ኮንትራቱን ዛሬ ጠዋት አረጋግጣለሁ።,Promise,8,Promise_13,test
1725,ተጠንቀቅ፣ ቦታውን ነገ ማታ ካላስያዝክ ይያዛል።,Warning,4,Warning_08,val
1726,እርግጥ ነው፣ ውሳኔው ትክክል ነው... በጣም ጥሩ!,Sarcasm/Irony,5,Sarcasm/Irony_11,train
1727,እባክዎ ውሉን ለእናቴ በቅርቡ ይላኩልኝ።,Request,0,Request_02,train
1728,ሪፖርቱ ዛሬ ማታ አልቀረበም።,Complaint,6,Complaint_05,val
1729,አልፈልግም፣ ስራውን አልቀበልም።,Refusal,2,Refusal_03,train
1730,ማስጠንቀቂያ፣ ምግቡን ዛሬ ማታ ካላዘጋጀህ ችግር ይፈጥራል።,Warning,4,Warning_09,train
1731,አይደለም፣ ሪፖርቱን ዛሬ ማታ ማጠናቀቅ አልችልም።,Refusal,2,Refusal_10,train
1732,እንዴት ነሽ?,Phatic,7,Phatic_05,train
1733,ተጠንቀቅ፣ ለጓደኛዋ ካልላክ ችግር ይፈጥራል።,Warning,4,Warning_02,train
1734,ተጠንቀቅ፣ ቦታውን ዛሬ ካላስያዝክ ይያዛል።,Warning,4,Warning_08,train
1735,እባክዎ ኮንትራቱን አሁን ይላኩልኝ።,Request,0,Request_04,train
1736,እባክሽ አገልግሎቱን ነገ ጠዋት አምጪልኝ።,Request,0,Request_01,train
1737,እባክዎ ቦታውን ዛሬ ጠዋት ያስይዙልኝ።,Request,0,Request_12,train
1738,ይቅርታ፣ ለወንድሜ መጥራት አልችልም።,Refusal,2,Refusal_11,train
1739,እንደምን አደርክ?,Phatic,7,Phatic_03,train
1740,ማስጠንቀቂያ፣ መረጃውን ካላጋራህ ችግር ይፈጥራል።,Warning,4,Warning_07,train
1741,ምናልባት ለአስተዳዳሪው መደወል ይሻላል።,Suggestion,3,Suggestion_06,train
1742,ሀሳቤ ውሉን በሚቀጥለው ወር መፈረም ነው።,Suggestion,3,Suggestion_05,train
1743,ሰላም፣ እንዴት ነህ?,Phatic,7,Phatic_01,train
1744,እባክሽ ደብዳቤውን አሁን አምጪልኝ።,Request,0,Request_09,test
1745,ሀሳቤ ውሉን በፍጥነት መፈረም ነው።,Suggestion,3,Suggestion_05,val
1746,ማስጠንቀቂያ፣ መረጃውን ካላጋራህ ችግር ይፈጥራል።,Warning,4,Warning_07,train
1747,እባክሽ ደብዳቤውን ዛሬ ማታ አምጪልኝ።,Request,0,Request_09,train
1748,ለባልደረባዬ በሚቀጥለው ቀን እደውላለሁ።,Promise,8,Promise_10,test
1749,አዎ፣ ውሉ ተፈርሟል... በጣም ቀላል ነበር!,Sarcasm/Irony,5,Sarcasm/Irony_04,test
1750,አልፈልግም፣ ደብዳቤውን አልቀበልም።,Refusal,2,Refusal_03,train
1751,አይ፣ አሁን ትዕዛዙ ማድረግ አልችልም።,Refusal,2,Refusal_01,train
1752,እባክዎ መጽሐፉን ዛሬ ይላኩልኝ።,Request,0,Request_14,train
1753,መጽሐፉ አሁን አልደረሰኝም።,Complaint,6,Complaint_09,train
1754,ምክሬ ቲኬቱን አሁን ማረጋገጥ ነው።,Suggestion,3,Suggestion_03,train
1755,ተጠንቀቅ፣ ስራውን በሚቀጥለው ሳምንት ካላደረግክ ችግር ይፈጥራል።,Warning,4,Warning_00,test
1756,እባክዎ መረጃውን በዚህ ሳምንት ይላኩልኝ።,Request,0,Request_07,train
1757,አይ፣ አሁን ውሉ ማድረግ አልችልም።,Refusal,2,Refusal_01,train
1758,ማስጠንቀቂያ፣ ሪፖርቱን ዛሬ ካላቀረብክ ቅጣት አለ።,Warning,4,Warning_05,train
1759,መጽሐፉን በሚቀጥለው ቀን አመልሳለሁ።,Promise,8,Promise_09,val
1760,የእናቴ ውሳኔ ትክክል ነው።,Assertion,1,Assertion_12,train
1761,ይሻላል ክፍያውን ነገ ጠዋት ማድረግ።,Suggestion,3,Suggestion_08,train
1762,አዎ፣ ስጦታው ደርሷል... በጣም ጥሩ!,Sarcasm/Irony,5,Sarcasm/Irony_06,train
1763,ጤና ይስጥልኝ፣ ቤተሰብ እንዴት ናቸው?,Phatic,7,Phatic_06,train
1764,ይሻላል ክፍያውን ዛሬ ማድረግ።,Suggestion,3,Suggestion_08,train
1765,ማስጠንቀቂያ፣ ሪፖርቱን ዛሬ ካላቀረብክ ቅጣት አለ።,Warning,4,Warning_05,train
1766,የሰነዱ ዋጋ ተቀይሯል።,Assertion,1,Assertion_09,train
1767,ተጠንቀቅ፣ ለአለቃዬ ካልላክ ችግር ይፈጥራል።,Warning,4,Warning_02,test
1768,ማስጠንቀቂያ፣ ክፍያውን በሚቀጥለው ሳምንት ካላደረግክ አገልግሎት ይቋረጣል።,Warning,4,Warning_03,test
1769,መጽሐፉን በፍጥነት አመልሳለሁ።,Promise,8,Promise_09,train
1770,እርግጥ ነው፣ ውሳኔው ትክክል ነው... በጣም ጥሩ!,Sarcasm/Irony,5,Sarcasm/Irony_11,train
1771,እባክዎ መጽሐፉን በሚቀጥለው ወር ይላኩልኝ።,Request,0,Request_14,train
1772,ይቅርታ፣ ለደንበኛው መጥራት አልችልም።,Refusal,2,Refusal_11,train
1773,እንደኔ ሀሳብ መጽሐፉን ነገ ማንበብ ይሻላል።,Suggestion,3,Suggestion_13,train
1774,አይ፣ አሁን ሰነዱ ማድረግ አልችልም።,Refusal,2,Refusal_01,train
1775,ተጠንቀቅ፣ ውሉን በዚህ ወር ካልፈረምክ ህጋዊ ችግር ይፈጥራል።,Warning,4,Warning_04,train
1776,አዎ፣ ቦታው ነፃ ነው... በጣም ምቹ!,Sarcasm/Irony,5,Sarcasm/Irony_08,train
1777,አይ፣ ክፍያውን አሁን ማድረግ አልችልም።,Refusal,2,Refusal_07,train
1778,የትዕዛዙ ችግርን ዛሬ እፈታለሁ።,Promise,8,Promise_14,val
1779,ይቅርታ፣ ውሳኔውን በሚቀጥለው ወር ማሳወቅ አልችልም።,Refusal,2,Refusal_14,train
1780,እንደኔ ሀሳብ ስራውን በቅርቡ መላክ ይሻላል።,Suggestion,3,Suggestion_01,train
1781,እባክዎ ሪፖርቱን በሚቀጥለው ሳምንት ይላኩልኝ።,Request,0,Request_10,train
1782,ትዕዛዙን በዚህ ሳምንት አጠናቅቃለሁ።,Promise,8,Promise_02,train
1783,ተጠንቀቅ፣ ስጦታውን በሚቀጥለው ወር ካላመጣህ ችግር ይፈጥራል።,Warning,4,Warning_06,test
1784,ሪፖርቱ በሚቀጥለው ሳምንት አልቀረበም።,Complaint,6,Complaint_05,val
1785,ቦታው ዛሬ አልተያዘም።,Complaint,6,Complaint_07,train
1786,እባክዎ ቦታውን ለደንበኛው በዚህ ወር ይላኩልኝ።,Request,0,Request_11,train
1787,የደንበኛው አገልግሎት መጥፎ ነው።,Complaint,6,Complaint_10,test
1788,ነጋዴው፣ ስራ እንዴት እየሄደ ነው?,Phatic,7,Phatic_14,train
1789,ይቅርታ፣ ውሳኔውን በሚቀጥለው ቀን ማሳወቅ አልችልም።,Refusal,2,Refusal_14,train
1790,ሪፖርቱ ዝግጁ ነው።,Assertion,1,Assertion_08,train
1791,ተጠንቀቅ፣ መጽሐፉን ነገ ጠዋት ካላመለስክ ቅጣት አለ።,Warning,4,Warning_10,val
1792,እንደኔ ሀሳብ ሪፖርቱን በዚህ ሳምንት ማቅረብ ይሻላል።,Suggestion,3,Suggestion_07,train
1793,ምክሬ ስራውን አሁን ማረጋገጥ ነው።,Suggestion,3,Suggestion_03,train
1794,የስጦታው ሁኔታ ጥሩ ነው።,Assertion,1,Assertion_03,val
1795,ማስጠንቀቂያ፣ ሪፖርቱን ዛሬ ጠዋት ካላቀረብክ ቅጣት አለ።,Warning,4,Warning_05,train
1796,ተጠንቀቅ፣ ስራውን በዚህ ሳምንት ካላጠናቀቅክ ቅጣት አለ።,Warning,4,Warning_14,train
1797,ተጠንቀቅ፣ ለጓደኛችን ካልደወልክ ችግር ይፈጥራል።,Warning,4,Warning_12,train
1798,ትዕዛዙን በቅርቡ አጠናቅቃለሁ።,Promise,8,Promise_02,test
1799,ሰላም፣ ስራ በገበያ እንዴት ነው?,Phatic,7,Phatic_08,train
1800,ተጠንቀቅ፣ ክፍያውን ነገ ማታ ካላደረግክ ችግር ይፈጥራል።,Warning,4,Warning_00,train
1801,እባክዎ ክፍያውን ነገ ጠዋት ያረጋግጡልኝ።,Request,0,Request_08,train
1802,እባክዎ ክፍያውን ዛሬ ያረጋግጡልኝ።,Request,0,Request_08,train
1803,ማስጠንቀቂያ፣ ሪፖርቱን ዛሬ ካላቀረብክ ቅጣት አለ።,Warning,4,Warning_05,train
1804,እርግጥ ነው፣ ሰነዱ ጥሩ ነው... በጣም ጥሩ!,Sarcasm/Irony,5,Sarcasm/Irony_13,train
1805,ቦታው ነፃ ነው።,Assertion,1,Assertion_10,train
1806,እንደኔ ሀሳብ ፋይሉን ዛሬ ማታ መላክ ይሻላል።,Suggestion,3,Suggestion_01,train
1807,ሰላም ነው ወንድሜ?,Phatic,7,Phatic_11,test
1808,አዎ፣ ደብዳቤውን በዚህ አመት አደረግኩት... ትክክል ነው!,Sarcasm/Irony,5,Sarcasm/Irony_00,train
1809,እባክዎ መረጃውን አሁን ይላኩልኝ።,Request,0,Request_07,test
1810,እባክዎ ውሉን ለወንድሜ በሚቀጥለው ወር ይላኩልኝ።,Request,0,Request_02,train
1811,አልቻልኩም፣ ስጦታውን ዛሬ ማምጣት አልቻልኩም።,Refusal,2,Refusal_06,train
1812,ጤና ይስጥልኝ፣ እህቴ እንዴት ነው?,Phatic,7,Phatic_10,test
1813,ውሳኔው በዚህ አመት አልተሰጠም።,Complaint,6,Complaint_13,train
1814,ምናልባት ለአባቴ መደወል ይሻላል።,Suggestion,3,Suggestion_06,train
1815,መጽሐፉ ነገ ጠዋት አልደረሰኝም።,Complaint,6,Complaint_09,train
1816,አልቻልኩም፣ ስጦታውን በዚህ ወር ማምጣት አልቻልኩም።,Refusal,2,Refusal_06,train
1817,መጽሐፉን አሁን አመልሳለሁ።,Promise,8,Promise_09,train
1818,አይ፣ አሁን ውሉ ማድረግ አልችልም።,Refusal,2,Refusal_01,train
1819,እንዴት ነሽ?,Phatic,7,Phatic_05,train
1820,አይደለም፣ ሪፖርቱን በዚህ ወር ማጠናቀቅ አልችልም።,Refusal,2,Refusal_10,val
1821,እባክዎ መጽሐፉን በፍጥነት ይላኩልኝ።,Request,0,Request_14,train
1822,ስጦታው አሁን ደርሷል።,Assertion,1,Assertion_01,val
1823,ተጠንቀቅ፣ ውሉን በሚቀጥለው ቀን ካልፈረምክ ህጋዊ ችግር ይፈጥራል።,Warning,4,Warning_04,train
1824,ይቅርታ፣ መረጃውን ማጋራት አልችልም።,Refusal,2,Refusal_08,train
1825,እባክዎ መጽሐፉን በዚህ ወር ይላኩልኝ።,Request,0,Request_14,train
1826,ተጠንቀቅ፣ ስጦታውን ነገ ጠዋት ካላመጣህ ችግር ይፈጥራል።,Warning,4,Warning_06,train
1827,ተጠንቀቅ፣ ሸቀጡን ዛሬ ማታ ካላደረግክ ችግር ይፈጥራል።,Warning,4,Warning_00,train
1828,እባክዎ መጽሐፉን ነገ ይላኩልኝ።,Request,0,Request_14,train
1829,እባክዎ ሪፖርቱን በዚህ አመት ይላኩልኝ።,Request,0,Request_10,train
1830,ይቅርታ፣ ትዕዛዙን በፍጥነት መላክ አልችልም።,Refusal,2,Refusal_02,val
1831,አይ፣ ክፍያውን አሁን ማድረግ አልችልም።,Refusal,2,Refusal_07,train
1832,እባክዎ መልእክቱን አሁን ይላኩልኝ።,Request,0,Request_04,val
1833,ሀሳቤ ውሉን ዛሬ ጠዋት መፈረም ነው።,Suggestion,3,Suggestion_05,val
1834,ነጋዴው፣ ስራ እንዴት እየሄደ ነው?,Phatic,7,Phatic_14,train
1835,ማስጠንቀቂያ፣ ውሳኔውን ነገ ማታ ካላሳወቅክ ችግር ይፈጥራል።,Warning,4,Warning_11,train
1836,ተጠንቀቅ፣ ስጦታውን ዛሬ ካላመጣህ ችግር ይፈጥራል።,Warning,4,Warning_06,train
1837,አይ፣ መጽሐፉን ማበደር አልችልም።,Refusal,2,Refusal_13,train
1838,ስጦታውን በቅርቡ አደርሳለሁ።,Promise,8,Promise_01,train
1839,ተጠንቀቅ፣ ለጓደኛችን ካልደወልክ ችግር ይፈጥራል።,Warning,4,Warning_12,train
1840,ይቅርታ፣ ለጓደኛችን መጥራት አልችልም።,Refusal,2,Refusal_11,train
1841,እባክዎ መረጃውን ዛሬ ጠዋት ይላኩልኝ።,Request,0,Request_07,train
1842,ይሻላል ትዕዛዙን ለሰራተኛው ማሳወቅ።,Suggestion,3,Suggestion_02,val
1843,ይቅርታ፣ ለወንድሜ መላክ አልችልም።,Refusal,2,Refusal_05,train
1844,ይቅርታ፣ መረጃውን ማጋራት አልችልም።,Refusal,2,Refusal_08,train
1845,ይቅርታ፣ ውሳኔውን በዚህ አመት ማሳወቅ አልችልም።,Refusal,2,Refusal_14,train
1846,እንደሚመስለኝ ትዕዛዙን በሚቀጥለው ወር ማጠናቀቅ ይሻላል።,Suggestion,3,Suggestion_04,test
1847,ማስጠንቀቂያ፣ መረጃውን ካላጋራህ ችግር ይፈጥራል።,Warning,4,Warning_07,test
1848,ቦታውን ዛሬ ማታ አስይዛለሁ።,Promise,8,Promise_07,test
1849,የጓደኛዋ ስራ በገበያ ጥሩ ነው።,Assertion,1,Assertion_06,val
1850,አልፈልግም፣ ቦታውን ማስያዝ አልችልም።,Refusal,2,Refusal_09,train
1851,ይሻላል ክፍያውን በሚቀጥለው ወር ማድረግ።,Suggestion,3,Suggestion_08,train
1852,የቤተሰቤ አገልግሎት መጥፎ ነው።,Complaint,6,Complaint_10,test
1853,ይሻላል ስራውን ለእህቴ ማሳወቅ።,Suggestion,3,Suggestion_02,val
1854,ክፍያውን በፍጥነት አደርጋለሁ።,Promise,8,Promise_03,train
1855,ማስጠንቀቂያ፣ ምግቡን ዛሬ ካላዘጋጀህ ችግር ይፈጥራል።,Warning,4,Warning_09,train
1856,ጤና ይስጥልኝ፣ ጓደኛችን እንዴት ነው?,Phatic,7,Phatic_10,train
1857,አልፈልግም፣ ቦታውን ማስያዝ አልችልም።,Refusal,2,Refusal_09,test
1858,ማስጠንቀቂያ፣ ምግቡን ነገ ካላዘጋጀህ ችግር ይፈጥራል።,Warning,4,Warning_09,train
1859,ተጠንቀቅ፣ ውሉን ዛሬ ጠዋት ካልፈረምክ ህጋዊ ችግር ይፈጥራል።,Warning,4,Warning_04,train
1860,ምናልባት ምግቡን በቅርቡ ማዘጋጀት ይሻላል።,Suggestion,3,Suggestion_12,test
1861,እባክሽ ትዕዛዙን ዛሬ ማታ አምጪልኝ።,Request,0,Request_05,train
1862,እርግጥ ነው፣ ትዕዛዙ አሁን ተጠናቀቀ... በጣም ፈጣን!,Sarcasm/Irony,5,Sarcasm/Irony_01,train
1863,ተጠንቀቅ፣ ለባልደረባዬ ካልላክ ችግር ይፈጥራል።,Warning,4,Warning_02,val
1864,ነጋዴው፣ ስራ እንዴት እየሄደ ነው?,Phatic,7,Phatic_14,train
1865,ለቤተሰቤ ዛሬ ጠዋት አልደወሉልኝም።,Complaint,6,Complaint_14,train
1866,ቦታው ነገ ጠዋት አልተያዘም።,Complaint,6,Complaint_07,train
1867,ማስጠንቀቂያ፣ ክፍያውን በዚህ አመት ካላደረግክ አገልግሎት ይቋረጣል።,Warning,4,Warning_03,train
1868,ይሻላል ሪፖርቱን ለደንበኛው ማሳወቅ።,Suggestion,3,Suggestion_02,train
1869,ይቅርታ፣ ለጓደኛችን መጥራት አልችልም።,Refusal,2,Refusal_11,train
1870,እባክዎ ቦታውን በቅርቡ ያስይዙልኝ።,Request,0,Request_12,train
1871,አይደለም፣ ውሉን በቅርቡ ማረጋገጥ አልችልም።,Refusal,2,Refusal_04,train
1872,ቦታው ነገ ጠዋት አልተያዘም።,Complaint,6,Complaint_07,train
1873,መጽሐፉ ዛሬ አልደረሰኝም።,Complaint,6,Complaint_09,train
1874,እንደሚመስለኝ ስጦታውን ዛሬ ማታ ማምጣት ይሻላል።,Suggestion,3,Suggestion_10,train
1875,ስጦታው በሚቀጥለው ቀን ደርሷል።,Assertion,1,Assertion_01,train
1876,አልችልም፣ ሸቀጡን ነገ ማታ ማድረስ አልቻልኩም።,Refusal,2,Refusal_00,test
1877,ይቅርታ፣ ለቤተሰቤ መጥራት አልችልም።,Refusal,2,Refusal_11,test
1878,ይቅርታ፣ ትዕዛዙን ዛሬ መላክ አልችልም።,Refusal,2,Refusal_02,train
1879,እባክዎ ቦታውን በዚህ ሳምንት ያስይዙልኝ።,Request,0,Request_12,test
1880,ይቅርታ፣ መረጃውን ማጋራት አልችልም።,Refusal,2,Refusal_08,val
1881,ክፍያው በሚቀጥለው ወር አልተከፈለም።,Complaint,6,Complaint_03,train
1882,ሰነዱን አሁን አረጋግጣለሁ።,Promise,8,Promise_13,val
1883,እንደኔ ሀሳብ መጽሐፉን በሚቀጥለው ቀን ማንበብ ይሻላል።,Suggestion,3,Suggestion_13,train
1884,ጤና ይስጥልኝ፣ ዛሬ እንዴት ነው?,Phatic,7,Phatic_13,train
1885,እርግጥ ነው፣ ሪፖርቱ ዝግጁ ነው... በጣም ፈጣን!,Sarcasm/Irony,5,Sarcasm/Irony_05,train
1886,አዎ፣ መጽሐፉ ተመልሷል... በጣም ቀላል!,Sarcasm/Irony,5,Sarcasm/Irony_10,val
1887,ስጦታው ገና ወደ አውሮፕላን ማረፊያ አሁን አልደረሰኝም።,Complaint,6,Complaint_00,train
1888,እርግጥ ነው፣ ምግቡ ዝግጁ ነው... በጣም ጣፋጭ!,Sarcasm/Irony,5,Sarcasm/Irony_09,train
1889,ሪፖርቱ ዝግጁ ነው።,Assertion,1,Assertion_08,train
1890,እንደኔ ሀሳብ ሪፖርቱን በሚቀጥለው ወር ማቅረብ ይሻላል።,Suggestion,3,Suggestion_07,test
1891,ተጠንቀቅ፣ ስራውን በሚቀጥለው ወር ካላጠናቀቅክ ቅጣት አለ።,Warning,4,Warning_14,test
1892,የፓኬጁ ዋጋ ተቀይሯል።,Assertion,1,Assertion_09,train
1893,እርግጥ ነው፣ ሪፖርቱ ዝግጁ ነው... በጣም ፈጣን!,Sarcasm/Irony,5,Sarcasm/Irony_05,train
1894,ይቅርታ፣ ውሳኔውን በሚቀጥለው ወር ማሳወቅ አልችልም።,Refusal,2,Refusal_14,train
1895,መጽሐፉ በዚህ ሳምንት አልደረሰኝም።,Complaint,6,Complaint_09,train
1896,አዎ፣ ውሉ ተፈርሟል... በጣም ቀላል ነበር!,Sarcasm/Irony,5,Sarcasm/Irony_04,train
1897,የትዕዛዙ ችግር ከጠዋቱ ጀምሮ ከአባቴ ጋር እፈታለሁ።,Promise,8,Promise_00,train
1898,ሪፖርቱ ዝግጁ ነው።,Assertion,1,Assertion_08,train
1899,ስጦታው በፍጥነት ደርሷል።,Assertion,1,Assertion_01,train
1900,እባክሽ መጽሐፉን ዛሬ ማታ አምጪልኝ።,Request,0,Request_05,train
1901,ተጠንቀቅ፣ ለጓደኛችን ካልደወልክ ችግር ይፈጥራል።,Warning,4,Warning_12,val
1902,ተጠንቀቅ፣ ለጓደኛዋ ካልላክ ችግር ይፈጥራል።,Warning,4,Warning_02,train
1903,አልፈልግም፣ አገልግሎቱን አልቀበልም።,Refusal,2,Refusal_03,test
1904,ተጠንቀቅ፣ ቦታውን ዛሬ ጠዋት ካላስያዝክ ይያዛል።,Warning,4,Warning_08,train
1905,አዎ፣ ለአለቃዬ ደውያለሁ... በጣም ቀላል!,Sarcasm/Irony,5,Sarcasm/Irony_14,train
1906,ትዕዛዙ ነገ ማታ አልደረሰኝም።,Complaint,6,Complaint_01,train
1907,ስጦታውን ነገ ማታ አደርሳለሁ።,Promise,8,Promise_01,val
1908,ምግቡ በሚቀጥለው ወር አልደረሰኝም።,Complaint,6,Complaint_08,train
1909,ይቅርታ፣ ለወንድሜ መላክ አልችልም።,Refusal,2,Refusal_05,train
1910,ለቤተሰቤ አሁን እደውላለሁ።,Promise,8,Promise_10,train
1911,ተጠንቀቅ፣ ሪፖርቱን አሁን ካላደረግክ ችግር ይፈጥራል።,Warning,4,Warning_00,test
1912,አዎ፣ ውሉ ተፈርሟል... በጣም ቀላል ነበር!,Sarcasm/Irony,5,Sarcasm/Irony_04,val
1913,የሰነዱ ችግርን በፍጥነት እፈታለሁ።,Promise,8,Promise_14,train
1914,አይደለም፣ ውሉን በዚህ አመት ማረጋገጥ አልችልም።,Refusal,2,Refusal_04,val
1915,ተጠንቀቅ፣ ለሰራተኛው ካልላክ ችግር ይፈጥራል።,Warning,4,Warning_02,train
1916,የጓደኛችን ስራ በሆቴል ጥሩ ነው።,Assertion,1,Assertion_06,val
1917,ስጦታው ገና ወደ ፍርድ ቤት ነገ ጠዋት አልደረሰኝም።,Complaint,6,Complaint_00,train
1918,ይቅርታ፣ ለደንበኛው መላክ አልችልም።,Refusal,2,Refusal_05,val
1919,አልችልም፣ ምግቡን ነገ ማታ ማዘጋጀት አልቻልኩም።,Refusal,2,Refusal_12,train
1920,ሪፖርቱን በቅርቡ አቀርባለሁ።,Promise,8,Promise_05,train
1921,ለአለቃዬ በሚቀጥለው ሳምንት አልደወሉልኝም።,Complaint,6,Complaint_14,train
1922,ሪፖርቱ ዝግጁ ነው።,Assertion,1,Assertion_08,val
1923,ስጦታው ገና ወደ ፖስታ ቤት ዛሬ አልደረሰኝም።,Complaint,6,Complaint_00,train
1924,ውሉ በዚህ ወር ተፈርሟል።,Assertion,1,Assertion_07,train
1925,ይሻላል ውሉን ለአባቴ ማሳወቅ።,Suggestion,3,Suggestion_02,train
1926,ምናልባት ለጓደኛዋ መደወል ይሻላል።,Suggestion,3,Suggestion_06,train
1927,ምክሬ ሪፖርቱን አሁን ማረጋገጥ ነው።,Suggestion,3,Suggestion_03,train
1928,ተጠንቀቅ፣ ስጦታውን ዛሬ ካላመጣህ ችግር ይፈጥራል።,Warning,4,Warning_06,train
1929,አልችልም፣ ምግቡን በሚቀጥለው ቀን ማዘጋጀት አልቻልኩም።,Refusal,2,Refusal_12,train
1930,ይቅርታ፣ ለባልደረባዬ መላክ አልችልም።,Refusal,2,Refusal_05,train
1931,አይ፣ አሁን ክፍያው ማድረግ አልችልም።,Refusal,2,Refusal_01,train
1932,ክፍያው በሚቀጥለው ሳምንት አልተከፈለም።,Complaint,6,Complaint_03,val
1933,ተጠንቀቅ፣ ምግቡን ዛሬ ጠዋት ካላደረግክ ችግር ይፈጥራል።,Warning,4,Warning_00,train
1934,እባክሽ ምግቡን በሚቀጥለው ወር አዘጋጅልኝ።,Request,0,Request_13,test
1935,ተጠንቀቅ፣ ውሉን ነገ ማታ ካላደረግክ ችግር ይፈጥራል።,Warning,4,Warning_00,test
1936,አልችልም፣ ስጦታውን በቅርቡ ማድረስ አልቻልኩም።,Refusal,2,Refusal_00,val
1937,ይሻላል ውሳኔውን ነገ ጠዋት ማሳወቅ።,Suggestion,3,Suggestion_14,test
1938,ለጓደኛዬ ዛሬ እደውላለሁ።,Promise,8,Promise_10,test
1939,የሰነዱ ጥራት ዝቅተኛ ነው።,Complaint,6,Complaint_11,train
1940,እንዴት ነሽ?,Phatic,7,Phatic_05,val
1941,ቦታው ነፃ ነው።,Assertion,1,Assertion_10,train
1942,እንደሚመስለኝ ስጦታውን በዚህ አመት ማምጣት ይሻላል።,Suggestion,3,Suggestion_10,test
1943,መጽሐፉ በፍጥነት ደረሰ።,Assertion,1,Assertion_11,train
1944,ምግቡ ነገ ማታ አልደረሰኝም።,Complaint,6,Complaint_08,test
1945,ተጠንቀቅ፣ ቦታውን ነገ ጠዋት ካላስያዝክ ይያዛል።,Warning,4,Warning_08,train
1946,ጤና ይስጥልኝ፣ ጓደኛዋ እንዴት ነው?,Phatic,7,Phatic_10,test
1947,እንደኔ ሀሳብ ሪፖርቱን ዛሬ ጠዋት ማቅረብ ይሻላል።,Suggestion,3,Suggestion_07,train
1948,ተጠንቀቅ፣ ለጓደኛዬ ካልደወልክ ችግር ይፈጥራል።,Warning,4,Warning_12,train
1949,እንደምን አደርክ?,Phatic,7,Phatic_03,train
1950,እርግጥ ነው፣ ትዕዛዙ አሁን ተጠናቀቀ... በጣም ፈጣን!,Sarcasm/Irony,5,Sarcasm/Irony_01,train
1951,አዎ፣ ለእናቴ ላክኩት... በጣም ጥሩ!,Sarcasm/Irony,5,Sarcasm/Irony_02,test
1952,መጽሐፉ ነገ ደረሰ።,Assertion,1,Assertion_11,train
1953,አዎ፣ ውሉ ተፈርሟል... በጣም ቀላል ነበር!,Sarcasm/Irony,5,Sarcasm/Irony_04,train
1954,ነጋዴው፣ ስራ በባንክ እንዴት ነው?,Phatic,7,Phatic_00,train
1955,ምናልባት ምግቡን አሁን ማዘጋጀት ይሻላል።,Suggestion,3,Suggestion_12,train
1956,ውሳኔው ነገ ጠዋት አልተሰጠም።,Complaint,6,Complaint_13,val
1957,ትዕዛዙን በዚህ አመት አጠናቅቃለሁ።,Promise,8,Promise_02,test
1958,ማስጠንቀቂያ፣ ውሳኔውን በሚቀጥለው ሳምንት ካላሳወቅክ ችግር ይፈጥራል።,Warning,4,Warning_11,train
1959,ጤና ይስጥልኝ፣ ስራ እንዴት ነው?,Phatic,7,Phatic_02,train
1960,አይ፣ ክፍያውን አሁን ማድረግ አልችልም።,Refusal,2,Refusal_07,test
1961,አይ፣ አሁን ቦታው ማድረግ አልችልም።,Refusal,2,Refusal_01,val
1962,አዎ፣ መጽሐፉ ተመልሷል... በጣም ቀላል!,Sarcasm/Irony,5,Sarcasm/Irony_10,val
1963,ነጋዴው፣ ዛሬ እንዴት ነው?,Phatic,7,Phatic_07,train
1964,የምግቡ ጥራት ዝቅተኛ ነው።,Complaint,6,Complaint_11,train
1965,የውሉ ዋጋ ተቀይሯል።,Assertion,1,Assertion_09,train
1966,ተጠንቀቅ፣ ስጦታውን ዛሬ ካላመጣህ ችግር ይፈጥራል።,Warning,4,Warning_06,train
1967,ቦታው ነፃ ነው።,Assertion,1,Assertion_10,train
1968,ይሻላል ክፍያውን አሁን ማድረግ።,Suggestion,3,Suggestion_08,train
1969,መረጃውን ዛሬ እላካለሁ።,Promise,8,Promise_06,test
1970,የፖሊሱ ውሳኔ ትክክል ነው።,Assertion,1,Assertion_12,train
1971,እባክዎ ትዕዛዙን ለጓደኛችን በዚህ ሳምንት ይላኩልኝ።,Request,0,Request_03,train
1972,እባክዎ መጽሐፉን ነገ ይላኩልኝ።,Request,0,Request_14,test
1973,አልቻልኩም፣ ስጦታውን ነገ ማታ ማምጣት አልቻልኩም።,Refusal,2,Refusal_06,train
1974,ትዕዛዙን በፍጥነት አጠናቅቃለሁ።,Promise,8,Promise_02,train
1975,ክፍያው በዚህ ሳምንት አልተከፈለም።,Complaint,6,Complaint_03,train
1976,ማስጠንቀቂያ፣ ምግቡን በሚቀጥለው ወር ካላዘጋጀህ ችግር ይፈጥራል።,Warning,4,Warning_09,train
1977,እንደሚመስለኝ ስጦታውን ዛሬ ጠዋት ማምጣት ይሻላል።,Suggestion,3,Suggestion_10,train
1978,ነጋዴው፣ ስራ በዩኒቨርሲቲ እንዴት ነው?,Phatic,7,Phatic_00,train
1979,እባክሽ ደብዳቤውን አሁን አምጪልኝ።,Request,0,Request_09,test
1980,አዎ፣ ስራው ተጠናቀቀ... በጣም ፈጣን!,Sarcasm/Irony,5,Sarcasm/Irony_12,test
1981,ተጠንቀቅ፣ መጽሐፉን በዚህ ወር ካላመለስክ ቅጣት አለ።,Warning,4,Warning_10,test
1982,ተጠንቀቅ፣ ለጓደኛችን ካልደወልክ ችግር ይፈጥራል።,Warning,4,Warning_12,test
1983,አዎ፣ ስራው ተጠናቀቀ... በጣም ፈጣን!,Sarcasm/Irony,5,Sarcasm/Irony_12,train
1984,እርግጥ ነው፣ ውሳኔው ትክክል ነው... በጣም ጥሩ!,Sarcasm/Irony,5,Sarcasm/Irony_11,test
1985,እርግጥ ነው፣ ሪፖርቱ ዝግጁ ነው... በጣም ፈጣን!,Sarcasm/Irony,5,Sarcasm/Irony_05,train
1986,አዎ፣ ስራው ተጠናቀቀ... በጣም ፈጣን!,Sarcasm/Irony,5,Sarcasm/Irony_12,val
1987,የክፍያው ችግር ከጠዋቱ ጀምሮ ከጓደኛዋ ጋር እፈታለሁ።,Assertion,1,Assertion_00,test
1988,እባክዎ መጽሐፉን ነገ ጠዋት ይላኩልኝ።,Request,0,Request_14,train
1989,ትዕዛዙን ነገ ጠዋት አጠናቅቃለሁ።,Promise,8,Promise_02,val
1990,አልችልም፣ ምግቡን በቅርቡ ማዘጋጀት አልቻልኩም።,Refusal,2,Refusal_12,train
1991,ሰላም፣ እንዴት ነህ?,Phatic,7,Phatic_01,val
1992,እባክዎ ትዕዛዙን ለጓደኛችን ዛሬ ጠዋት ይላኩልኝ።,Request,0,Request_03,train
1993,አዎ፣ ቦታው ነፃ ነው... በጣም ምቹ!,Sarcasm/Irony,5,Sarcasm/Irony_08,val
1994,ስጦታው ገና ወደ ጤና ጣቢያ ዛሬ ማታ አልደረሰኝም።,Complaint,6,Complaint_00,train
1995,ማስጠንቀቂያ፣ ምግቡን ዛሬ ጠዋት ካላዘጋጀህ ችግር ይፈጥራል።,Warning,4,Warning_09,train
1996,ጤና ይስጥልኝ፣ ስራ እንዴት ነው?,Phatic,7,Phatic_02,train
1997,ውሉ በሚቀጥለው ቀን አልተፈረመም።,Complaint,6,Complaint_04,train
1998,የትዕዛዙ ጥራት ከፍተኛ ነው።,Assertion,1,Assertion_14,train
1999,የስራው ችግር ከምሽቱ ጀምሮ አልተፈታም።,Complaint,6,Complaint_02,train
2000,ቦታው በሚቀጥለው ሳምንት አልተያዘም።,Complaint,6,Complaint_07,train
2001,ውሉ ዛሬ ጠዋት ተፈርሟል።,Assertion,1,Assertion_07,test
2002,የቦታው ጥራት ዝቅተኛ ነው።,Complaint,6,Complaint_11,train
2003,አዎ፣ ለእህቴ ደውያለሁ... በጣም ቀላል!,Sarcasm/Irony,5,Sarcasm/Irony_14,test
2004,ውሉ በዚህ አመት አልተፈረመም።,Complaint,6,Complaint_04,train
2005,ተጠንቀቅ፣ መጽሐፉን በዚህ አመት ካላመለስክ ቅጣት አለ።,Warning,4,Warning_10,test
2006,ማስጠንቀቂያ፣ ክፍያውን ዛሬ ማታ ካላደረግክ አገልግሎት ይቋረጣል።,Warning,4,Warning_03,train
2007,ክፍያው አሁን አልተከፈለም።,Complaint,6,Complaint_03,test
2008,አዎ፣ ስራው ተጠናቀቀ... በጣም ፈጣን!,Sarcasm/Irony,5,Sarcasm/Irony_12,train
2009,አይ፣ ክፍያውን አሁን ማድረግ አልችልም።,Refusal,2,Refusal_07,train
2010,የፖሊሱ ስራ በአውሮፕላን ማረፊያ ጥሩ ነው።,Assertion,1,Assertion_06,train
2011,የትዕዛዙ ችግር ከረቡዕ ጀምሮ ከአለቃዬ ጋር እፈታለሁ።,Promise,8,Promise_00,train
2012,የትዕዛዙ ችግር ከትናንት ጀምሮ ከጓደኛዋ ጋር እፈታለሁ።,Promise,8,Promise_00,val
2013,የመረጃው ዋጋ ተቀይሯል።,Assertion,1,Assertion_09,train
2014,ጤና ይስጥልኝ፣ ቤተሰብ እንዴት ናቸው?,Phatic,7,Phatic_06,train
2015,እርግጥ ነው፣ ውሳኔው ትክክል ነው... በጣም ጥሩ!,Sarcasm/Irony,5,Sarcasm/Irony_11,val
2016,ማስጠንቀቂያ፣ ምግቡን ነገ ጠዋት ካላዘጋጀህ ችግር ይፈጥራል።,Warning,4,Warning_09,val
2017,እንደኔ ሀሳብ ቲኬቱን ነገ ጠዋት መላክ ይሻላል።,Suggestion,3,Suggestion_01,train
2018,ሀሳቤ መረጃውን ለጓደኛዋ ማጋራት ነው።,Suggestion,3,Suggestion_11,test
2019,የቤተሰቤ ውሳኔ ትክክል ነው።,Assertion,1,Assertion_12,train
2020,ትዕዛዙን ዛሬ አረጋግጣለሁ።,Promise,8,Promise_13,train
2021,ተጠንቀቅ፣ ውሉን ነገ ጠዋት ካላደረግክ ችግር ይፈጥራል።,Warning,4,Warning_00,train
2022,ምክሬ ውሉን አሁን ማረጋገጥ ነው።,Suggestion,3,Suggestion_03,train
2023,ስራው ነገ ማታ አልተጠናቀቀም።,Complaint,6,Complaint_12,train
2024,እንደምን አደርክ?,Phatic,7,Phatic_03,train
2025,እርግጥ ነው፣ ሪፖርቱ ጥሩ ነው... በጣም ጥሩ!,Sarcasm/Irony,5,Sarcasm/Irony_13,train
2026,እርግጥ ነው፣ መረጃው ትክክል ነው... በጣም ግልጽ!,Sarcasm/Irony,5,Sarcasm/Irony_07,test
2027,ስጦታውን ነገ አደርሳለሁ።,Promise,8,Promise_01,test
2028,ማስጠንቀቂያ፣ ትዕዛዙን ዛሬ ካላጠናቀቅክ ቅጣት አለ።,Warning,4,Warning_01,test
2029,አዎ፣ ፋይሉን ነገ ጠዋት አደረግኩት... ትክክል ነው!,Sarcasm/Irony,5,Sarcasm/Irony_00,train
2030,ማስጠንቀቂያ፣ መረጃውን ካላጋራህ ችግር ይፈጥራል።,Warning,4,Warning_07,train
2031,ሪፖርቱን አሁን አቀርባለሁ።,Promise,8,Promise_05,test
2032,እርግጥ ነው፣ ውሳኔው ትክክል ነው... በጣም ጥሩ!,Sarcasm/Irony,5,Sarcasm/Irony_11,train
2033,አዎ፣ ውሉ ተፈርሟል... በጣም ቀላል ነበር!,Sarcasm/Irony,5,Sarcasm/Irony_04,val
2034,አይደለም፣ ውሉን በሚቀጥለው ሳምንት ማረጋገጥ አልችልም።,Refusal,2,Refusal_04,train
2035,ይቅርታ፣ ለአስተዳዳሪው መጥራት አልችልም።,Refusal,2,Refusal_11,val
2036,እንደምን አደርክ?,Phatic,7,Phatic_03,test
2037,ሰላም ነው?,Phatic,7,Phatic_04,val
2038,ጤና ይስጥልኝ፣ ፖሊሱ እንዴት ነው?,Phatic,7,Phatic_10,train
2039,ማስጠንቀቂያ፣ መረጃውን በዚህ ወር ካላረጋገጥክ ችግር ይፈጥራል።,Warning,4,Warning_13,test
2040,እንደምን አደረሽ?,Phatic,7,Phatic_09,test
2041,እንደኔ ሀሳብ መጽሐፉን በቅርቡ ማንበብ ይሻላል።,Suggestion,3,Suggestion_13,test
2042,የስራው ችግር ከባለፈው ወር ጀምሮ አልተፈታም።,Complaint,6,Complaint_02,train
2043,እርግጥ ነው፣ ትዕዛዙ በዚህ ወር ተጠናቀቀ... በጣም ፈጣን!,Sarcasm/Irony,5,Sarcasm/Irony_01,train
2044,እርግጥ ነው፣ ሪፖርቱ ጥሩ ነው... በጣም ጥሩ!,Sarcasm/Irony,5,Sarcasm/Irony_13,val
2045,ማስጠንቀቂያ፣ ደብዳቤውን በዚህ ወር ካላረጋገጥክ ችግር ይፈጥራል።,Warning,4,Warning_13,val
2046,ይቅርታ፣ መረጃውን ማጋራት አልችልም።,Refusal,2,Refusal_08,train
2047,እርግጥ ነው፣ መረጃው ትክክል ነው... በጣም ግልጽ!,Sarcasm/Irony,5,Sarcasm/Irony_07,train
2048,አዎ፣ ውሳኔውን በፍጥነት አደረግኩት... ትክክል ነው!,Sarcasm/Irony,5,Sarcasm/Irony_00,train
2049,አልፈልግም፣ ቦታውን ማስያዝ አልችልም።,Refusal,2,Refusal_09,train
2050,ትዕዛዙ በዚህ አመት ተጠናቀቀ።,Assertion,1,Assertion_02,train
2051,ቦታውን ዛሬ ማታ አስይዛለሁ።,Promise,8,Promise_07,train
2052,ሰላም፣ እንዴት ነህ?,Phatic,7,Phatic_01,train
2053,ይቅርታ፣ ለቤተሰቤ መላክ አልችልም።,Refusal,2,Refusal_05,test
2054,አይ፣ ክፍያውን አሁን ማድረግ አልችልም።,Refusal,2,Refusal_07,train
2055,ቦታው ነገ ጠዋት አልተያዘም።,Complaint,6,Complaint_07,train
2056,ክፍያው በፍጥነት አልተከፈለም።,Complaint,6,Complaint_03,train
2057,የውሳኔው ችግር ከትናንት ጀምሮ አልተፈታም።,Complaint,6,Complaint_02,val
2058,እርግጥ ነው፣ ክፍያው ተከፍሏል... በጣም ቀላል!,Sarcasm/Irony,5,Sarcasm/Irony_03,train
2059,ሰላም፣ ስራ በሆቴል እንዴት ነው?,Phatic,7,Phatic_08,train
2060,አዎ፣ መጽሐፉ ተመልሷል... በጣም ቀላል!,Sarcasm/Irony,5,Sarcasm/Irony_10,train
2061,እንዴት ነሽ?,Phatic,7,Phatic_05,val
2062,የመረጃው ጥራት ከፍተኛ ነው።,Assertion,1,Assertion_14,train
2063,ጤና ይስጥልኝ፣ አስተዳዳሪው እንዴት ነው?,Phatic,7,Phatic_10,val
2064,ሪፖርቱን በቅርቡ አቀርባለሁ።,Promise,8,Promise_05,train
2065,ሰላም፣ ስራ በቢሮ እንዴት ነው?,Phatic,7,Phatic_08,train
2066,የመልእክቱ ሁኔታ ጥሩ ነው።,Assertion,1,Assertion_03,train
2067,አዎ፣ ለጓደኛዋ ላክኩት... በጣም ጥሩ!,Sarcasm/Irony,5,Sarcasm/Irony_02,train
2068,የጓደኛዋ ስራ በፖስታ ቤት ጥሩ ነው።,Assertion,1,Assertion_06,train
2069,እርግጥ ነው፣ ሪፖርቱ ዝግጁ ነው... በጣም ፈጣን!,Sarcasm/Irony,5,Sarcasm/Irony_05,test
2070,አልችልም፣ ምግቡን በፍጥነት ማዘጋጀት አልቻልኩም።,Refusal,2,Refusal_12,train
2071,ስራውን ዛሬ አጠናቅቃለሁ።,Promise,8,Promise_12,train
2072,ነጋዴው፣ ዛሬ እንዴት ነው?,Phatic,7,Phatic_07,val
2073,መረጃው ትክክል ነው።,Assertion,1,Assertion_04,train
2074,ሀሳቤ መረጃውን ለአባቴ ማጋራት ነው።,Suggestion,3,Suggestion_11,train
2075,አልፈልግም፣ ውሳኔውን አልቀበልም።,Refusal,2,Refusal_03,val
2076,ነጋዴው፣ ዛሬ እንዴት ነው?,Phatic,7,Phatic_07,train
2077,ሰላም ነው ወንድሜ?,Phatic,7,Phatic_11,train
2078,እባክዎ ሪፖርቱን በቅርቡ ይላኩልኝ።,Request,0,Request_10,train
2079,ተጠንቀቅ፣ ለደንበኛው ካልደወልክ ችግር ይፈጥራል።,Warning,4,Warning_12,test
2080,እንደምን አደረሽ?,Phatic,7,Phatic_09,train
2081,ማስጠንቀቂያ፣ ሪፖርቱን ነገ ማታ ካላቀረብክ ቅጣት አለ።,Warning,4,Warning_05,train
2082,አይ፣ ክፍያውን አሁን ማድረግ አልችልም።,Refusal,2,Refusal_07,train
2083,እንደምን አደርክ?,Phatic,7,Phatic_03,train
2084,እባክዎ ሪፖርቱን በሚቀጥለው ሳምንት ይላኩልኝ።,Request,0,Request_10,val
2085,እርግጥ ነው፣ ውሳኔው ትክክል ነው... በጣም ጥሩ!,Sarcasm/Irony,5,Sarcasm/Irony_11,val
2086,መጽሐፉ በዚህ ወር አልደረሰኝም።,Complaint,6,Complaint_09,train
2087,ትዕዛዙ በሚቀጥለው ወር አልደረሰኝም።,Complaint,6,Complaint_01,train
2088,የአጋሬ ውሳኔ ትክክል ነው።,Assertion,1,Assertion_12,train
2089,እርግጥ ነው፣ መረጃው ትክክል ነው... በጣም ግልጽ!,Sarcasm/Irony,5,Sarcasm/Irony_07,train
2090,ምግቡን አሁን አዘጋጃለሁ።,Promise,8,Promise_08,train
2091,እባክዎ ስራውን በሚቀጥለው ወር ይላኩልኝ።,Request,0,Request_00,test
2092,ቦታው ዛሬ ማታ አልተያዘም።,Complaint,6,Complaint_07,val
2093,አዎ፣ ለወንድሜ ላክኩት... በጣም ጥሩ!,Sarcasm/Irony,5,Sarcasm/Irony_02,val
2094,ጤና ይስጥልኝ፣ ስራ እንዴት ነው?,Phatic,7,Phatic_02,train
2095,ተጠንቀቅ፣ ውሉን ዛሬ ጠዋት ካልፈረምክ ህጋዊ ችግር ይፈጥራል።,Warning,4,Warning_04,train
2096,ለሰራተኛው አሁን አልደወሉልኝም።,Complaint,6,Complaint_14,train
2097,ይቅርታ፣ ለወንድሜ መላክ አልችልም።,Refusal,2,Refusal_05,train
2098,ትዕዛዙ በቅርቡ ተጠናቀቀ።,Assertion,1,Assertion_02,train
2099,አይ፣ አሁን ምግቡ ማድረግ አልችልም።,Refusal,2,Refusal_01,val
2100,ውሉን በዚህ ወር እፈርማለሁ።,Promise,8,Promise_04,train
2101,ምግቡ በሚቀጥለው ወር አልደረሰኝም።,Complaint,6,Complaint_08,train
2102,የጓደኛችን አገልግሎት መጥፎ ነው።,Complaint,6,Complaint_10,train
2103,ክፍያው ተከፍሏል።,Assertion,1,Assertion_05,test
2104,ቲኬቱን ዛሬ ማታ አረጋግጣለሁ።,Promise,8,Promise_13,val
2105,እርግጥ ነው፣ ሪፖርቱ ዝግጁ ነው... በጣም ፈጣን!,Sarcasm/Irony,5,Sarcasm/Irony_05,test
2106,ይሻላል ደብዳቤውን ለጓደኛዬ ማሳወቅ።,Suggestion,3,Suggestion_02,train
2107,አልችልም፣ ምግቡን ነገ ጠዋት ማዘጋጀት አልቻልኩም።,Refusal,2,Refusal_12,train
2108,እባክዎ ሪፖርቱን በሚቀጥለው ወር ይላኩልኝ።,Request,0,Request_00,test
2109,መጽሐፉ በዚህ አመት አልደረሰኝም።,Complaint,6,Complaint_09,train
2110,እባክዎ ቦታውን በሚቀጥለው ሳምንት ያስይዙልኝ።,Request,0,Request_12,train
2111,ሀሳቤ ውሉን በዚህ ሳምንት መፈረም ነው።,Suggestion,3,Suggestion_05,train
2112,ውሳኔው በዚህ ሳምንት አልተሰጠም።,Complaint,6,Complaint_13,val
2113,የደብዳቤው ጥራት ከፍተኛ ነው።,Assertion,1,Assertion_14,train
2114,እንደምን አደረሽ?,Phatic,7,Phatic_09,train
2115,እርግጥ ነው፣ ክፍያው ተከፍሏል... በጣም ቀላል!,Sarcasm/Irony,5,Sarcasm/Irony_03,train
2116,ጤና ይስጥልኝ፣ ስራ እንዴት ነው?,Phatic,7,Phatic_02,train
2117,እንዴት ነሽ?,Phatic,7,Phatic_05,train
2118,መጽሐፉ በፍጥነት አልደረሰኝም።,Complaint,6,Complaint_09,train
2119,ትዕዛዙ በፍጥነት አልደረሰኝም።,Complaint,6,Complaint_01,train
2120,ምግቡን ዛሬ አዘጋጃለሁ።,Promise,8,Promise_08,train
2121,እርግጥ ነው፣ ክፍያው ተከፍሏል... በጣም ቀላል!,Sarcasm/Irony,5,Sarcasm/Irony_03,train
2122,እባክሽ ደብዳቤውን በሚቀጥለው ሳምንት አምጪልኝ።,Request,0,Request_09,train
2123,ተጠንቀቅ፣ ለአጋሬ ካልላክ ችግር ይፈጥራል።,Warning,4,Warning_02,train
2124,ስጦታውን ነገ ጠዋት አደርሳለሁ።,Promise,8,Promise_01,test
2125,እባክሽ ውሉን ዛሬ ማታ አምጪልኝ።,Request,0,Request_05,train
2126,እርግጥ ነው፣ ክፍያው ተከፍሏል... በጣም ቀላል!,Sarcasm/Irony,5,Sarcasm/Irony_03,train
2127,እባክሽ ሸቀጡን ዛሬ ማታ አምጪልኝ።,Request,0,Request_05,train
2128,ሰላም፣ ስራ በፖስታ ቤት እንዴት ነው?,Phatic,7,Phatic_08,val
2129,እንደኔ ሀሳብ መጽሐፉን ዛሬ ማንበብ ይሻላል።,Suggestion,3,Suggestion_13,train
2130,አዎ፣ ስራውን በፍጥነት አደረግኩት... ትክክል ነው!,Sarcasm/Irony,5,Sarcasm/Irony_00,train
2131,ጤና ይስጥልኝ፣ ፖሊሱ እንዴት ነው?,Phatic,7,Phatic_10,train
2132,አይደለም፣ ሪፖርቱን አሁን ማጠናቀቅ አልችልም።,Refusal,2,Refusal_10,val
2133,የመጽሐፉ ጥራት ዝቅተኛ ነው።,Complaint,6,Complaint_11,test
2134,እባክሽ ምግቡን በዚህ አመት አዘጋጅልኝ።,Request,0,Request_13,test
2135,መረጃው በሚቀጥለው ወር አልደረሰኝም።,Complaint,6,Complaint_06,test
2136,እባክሽ ውሳኔውን በዚህ ወር አምጪልኝ።,Request,0,Request_01,val
2137,ምክሬ ፓኬጁን አሁን ማረጋገጥ ነው።,Suggestion,3,Suggestion_03,train
2138,የሸቀጡ ሁኔታ ጥሩ ነው።,Assertion,1,Assertion_03,train
2139,እንደኔ ሀሳብ ሪፖርቱን ነገ ጠዋት ማቅረብ ይሻላል።,Suggestion,3,Suggestion_07,val
2140,ስራውን በፍጥነት አጠናቅቃለሁ።,Promise,8,Promise_12,train
2141,ይሻላል ውሳኔውን ዛሬ ጠዋት ማሳወቅ።,Suggestion,3,Suggestion_14,train
2142,የትዕዛዙ ችግርን ነገ ማታ እፈታለሁ።,Promise,8,Promise_14,train
2143,እንደምን አደረሽ?,Phatic,7,Phatic_09,val
2144,እርግጥ ነው፣ ክፍያው ተከፍሏል... በጣም ቀላል!,Sarcasm/Irony,5,Sarcasm/Irony_03,train
2145,የትዕዛዙ ዋጋ ተቀይሯል።,Assertion,1,Assertion_09,test
2146,ይሻላል መልእክቱን ለአለቃዬ ማሳወቅ።,Suggestion,3,Suggestion_02,train
2147,እባክዎ ክፍያውን በቅርቡ ያረጋግጡልኝ።,Request,0,Request_08,test
2148,የአጋሬ ስራ በባንክ ጥሩ ነው።,Assertion,1,Assertion_06,val
2149,የመጽሐፉ ጥራት ከፍተኛ ነው።,Assertion,1,Assertion_14,val
2150,እርግጥ ነው፣ ምግቡ ዝግጁ ነው... በጣም ጣፋጭ!,Sarcasm/Irony,5,Sarcasm/Irony_09,train
2151,ተጠንቀቅ፣ ስጦታውን በቅርቡ ካላደረግክ ችግር ይፈጥራል።,Warning,4,Warning_00,train
2152,የቲኬቱ ችግር ከማክሰኞ ጀምሮ ከሰራተኛው ጋር እፈታለሁ።,Assertion,1,Assertion_00,val
2153,መጽሐፉ ዛሬ ማታ አልደረሰኝም።,Complaint,6,Complaint_09,train
2154,ሪፖርቱን ዛሬ አቀርባለሁ።,Promise,8,Promise_05,test
2155,ማስጠንቀቂያ፣ ሪፖርቱን አሁን ካላቀረብክ ቅጣት አለ።,Warning,4,Warning_05,train
2156,እባክዎ ትዕዛዙን ለፖሊሱ ነገ ጠዋት ይላኩልኝ።,Request,0,Request_03,train
2157,እባክሽ መረጃውን ዛሬ ማታ አምጪልኝ።,Request,0,Request_05,train
2158,መጽሐፉ ዛሬ አልደረሰኝም።,Complaint,6,Complaint_09,test
2159,ሀሳቤ መረጃውን ለአጋሬ ማጋራት ነው።,Suggestion,3,Suggestion_11,test
2160,የስጦታው ሁኔታ ጥሩ ነው።,Assertion,1,Assertion_03,train
2161,የአገልግሎቱ ጥራት ዝቅተኛ ነው።,Complaint,6,Complaint_11,train
2162,አዎ፣ ስጦታውን በሚቀጥለው ወር አደረግኩት... ትክክል ነው!,Sarcasm/Irony,5,Sarcasm/Irony_00,train
2163,ተጠንቀቅ፣ ለአለቃዬ ካልላክ ችግር ይፈጥራል።,Warning,4,Warning_02,train
2164,እባክዎ ትዕዛዙን ለጓደኛዬ በሚቀጥለው ወር ይላኩልኝ።,Request,0,Request_03,train
2165,እንደኔ ሀሳብ ሪፖርቱን ዛሬ ማታ ማቅረብ ይሻላል።,Suggestion,3,Suggestion_07,train
2166,እባክሽ ደብዳቤውን ነገ ማታ አምጪልኝ።,Request,0,Request_09,train
2167,ምግቡን ነገ ማታ አዘጋጃለሁ።,Promise,8,Promise_08,test
2168,ይቅርታ፣ ውሳኔውን ዛሬ ማታ ማሳወቅ አልችልም።,Refusal,2,Refusal_14,test
2169,ስራው በሚቀጥለው ቀን አልተጠናቀቀም።,Complaint,6,Complaint_12,val
2170,ክፍያውን ዛሬ ጠዋት አደርጋለሁ።,Promise,8,Promise_03,train
2171,አዎ፣ መጽሐፉ ተመልሷል... በጣም ቀላል!,Sarcasm/Irony,5,Sarcasm/Irony_10,test
2172,እንደኔ ሀሳብ መጽሐፉን በዚህ ወር ማንበብ ይሻላል።,Suggestion,3,Suggestion_13,train
2173,ስራው ነገ ማታ አልተጠናቀቀም።,Complaint,6,Complaint_12,train
2174,ክፍያው ተከፍሏል።,Assertion,1,Assertion_05,train
2175,እንደኔ ሀሳብ መጽሐፉን በዚህ አመት ማንበብ ይሻላል።,Suggestion,3,Suggestion_13,test
2176,ተጠንቀቅ፣ ለጓደኛችን ካልላክ ችግር ይፈጥራል።,Warning,4,Warning_02,train
2177,የትዕዛዙ ችግር ከሰኞ ጀምሮ ከፖሊሱ ጋር እፈታለሁ።,Promise,8,Promise_00,train
2178,እንደሚመስለኝ ትዕዛዙን በሚቀጥለው ወር ማጠናቀቅ ይሻላል።,Suggestion,3,Suggestion_04,train
2179,እባክዎ ሪፖርቱን ነገ ይላኩልኝ።,Request,0,Request_10,train
2180,ምናልባት ምግቡን በሚቀጥለው ወር ማዘጋጀት ይሻላል።,Suggestion,3,Suggestion_12,train
2181,እባክዎ አገልግሎቱን አሁን ይላኩልኝ።,Request,0,Request_00,train
2182,ይቅርታ፣ ለጓደኛዬ መጥራት አልችልም።,Refusal,2,Refusal_11,train
2183,እባክዎ ክፍያውን ነገ ጠዋት ያረጋግጡልኝ።,Request,0,Request_08,test
2184,እባክዎ ቦታውን በፍጥነት ያስይዙልኝ።,Request,0,Request_12,train
2185,እባክሽ ምግቡን አሁን አዘጋጅልኝ።,Request,0,Request_13,train
2186,ስጦታው በዚህ አመት ደርሷል።,Assertion,1,Assertion_01,train
2187,ትዕዛዙ አሁን ተጠናቀቀ።,Assertion,1,Assertion_02,train
2188,ምግቡ ዛሬ ማታ አልደረሰኝም።,Complaint,6,Complaint_08,train
2189,ነጋዴው፣ ዛሬ እንዴት ነው?,Phatic,7,Phatic_07,train
2190,ማስጠንቀቂያ፣ ምግቡን ነገ ካላረጋገጥክ ችግር ይፈጥራል።,Warning,4,Warning_13,test
2191,የመጽሐፉ ጥራት ዝቅተኛ ነው።,Complaint,6,Complaint_11,test
2192,አይደለም፣ ሪፖርቱን በዚህ አመት ማጠናቀቅ አልችልም።,Refusal,2,Refusal_10,train
2193,ውሳኔው በቅርቡ አልተሰጠም።,Complaint,6,Complaint_13,train
2194,እርግጥ ነው፣ ትዕዛዙ በሚቀጥለው ቀን ተጠናቀቀ... በጣም ፈጣን!,Sarcasm/Irony,5,Sarcasm/Irony_01,train
2195,ማስጠንቀቂያ፣ ክፍያውን በዚህ ወር ካላደረግክ አገልግሎት ይቋረጣል።,Warning,4,Warning_03,train
2196,አዎ፣ ቦታው ነፃ ነው... በጣም ምቹ!,Sarcasm/Irony,5,Sarcasm/Irony_08,train
2197,የባልደረባዬ አገልግሎት መጥፎ ነው።,Complaint,6,Complaint_10,train
2198,ነጋዴው፣ ዛሬ እንዴት ነው?,Phatic,7,Phatic_07,train
2199,ለአስተዳዳሪው ነገ ጠዋት እደውላለሁ።,Promise,8,Promise_10,train
2200,ሪፖርቱ ዝግጁ ነው።,Assertion,1,Assertion_08,train
2201,እባክዎ ውሳኔውን ለደንበኛው በሚቀጥለው ሳምንት ይላኩልኝ።,Request,0,Request_11,test
2202,እርግጥ ነው፣ ሪፖርቱ ዝግጁ ነው... በጣም ፈጣን!,Sarcasm/Irony,5,Sarcasm/Irony_05,train
2203,እርግጥ ነው፣ ምግቡ ዝግጁ ነው... በጣም ጣፋጭ!,Sarcasm/Irony,5,Sarcasm/Irony_09,train
2204,ማስጠንቀቂያ፣ ምግቡን ዛሬ ማታ ካላዘጋጀህ ችግር ይፈጥራል።,Warning,4,Warning_09,train
2205,ስራው ነገ ጠዋት አልተጠናቀቀም።,Complaint,6,Complaint_12,train
2206,ክፍያው ተከፍሏል።,Assertion,1,Assertion_05,train
2207,ውሳኔውን ነገ ማታ አሳውቃለሁ።,Promise,8,Promise_11,train
2208,ፋይሉን በሚቀጥለው ሳምንት አረጋግጣለሁ።,Promise,8,Promise_13,val
2209,እባክዎ ክፍያውን በፍጥነት ያረጋግጡልኝ።,Request,0,Request_08,train
2210,ክፍያው ተከፍሏል።,Assertion,1,Assertion_05,train
2211,አይደለም፣ ውሉን ዛሬ ማረጋገጥ አልችልም።,Refusal,2,Refusal_04,test
2212,አይ፣ ክፍያውን አሁን ማድረግ አልችልም።,Refusal,2,Refusal_07,train
2213,መረጃው ትክክል ነው።,Assertion,1,Assertion_04,test
2214,የኮንትራቱ ችግር ከጠዋቱ ጀምሮ አልተፈታም።,Complaint,6,Complaint_02,test
2215,እባክዎ ክፍያውን ነገ ያረጋግጡልኝ።,Request,0,Request_08,train
2216,ይቅርታ፣ ለእህቴ መላክ አልችልም።,Refusal,2,Refusal_05,train
2217,የውሳኔው ዋጋ ተቀይሯል።,Assertion,1,Assertion_09,train
2218,እርግጥ ነው፣ ስራው ጥሩ ነው... በጣም ጥሩ!,Sarcasm/Irony,5,Sarcasm/Irony_13,train
2219,እንዴት ነሽ?,Phatic,7,Phatic_05,train
2220,ሀሳቤ መረጃውን ለእህቴ ማጋራት ነው።,Suggestion,3,Suggestion_11,train
2221,የፋይሉ ችግር ከአርብ ጀምሮ አልተፈታም።,Complaint,6,Complaint_02,val
2222,የደብዳቤው ሁኔታ ጥሩ ነው።,Assertion,1,Assertion_03,train
2223,ሰላም፣ እንዴት ነህ?,Phatic,7,Phatic_01,train
2224,መረጃው በሚቀጥለው ቀን አልደረሰኝም።,Complaint,6,Complaint_06,test
2225,የስጦታው ችግርን በዚህ ሳምንት እፈታለሁ።,Promise,8,Promise_14,train
2226,ክፍያው ተከፍሏል።,Assertion,1,Assertion_05,train
2227,እርግጥ ነው፣ ውሳኔው ትክክል ነው... በጣም ጥሩ!,Sarcasm/Irony,5,Sarcasm/Irony_11,train
2228,ይቅርታ፣ ለጓደኛችን መላክ አልችልም።,Refusal,2,Refusal_05,train
2229,እርግጥ ነው፣ ምግቡ ዝግጁ ነው... በጣም ጣፋጭ!,Sarcasm/Irony,5,Sarcasm/Irony_09,test
2230,አዎ፣ አገልግሎቱን በሚቀጥለው ሳምንት አደረግኩት... ትክክል ነው!,Sarcasm/Irony,5,Sarcasm/Irony_00,train
2231,ምናልባት ክፍያውን ዛሬ ጠዋት ማድረግ ይሻላል።,Suggestion,3,Suggestion_00,val
2232,ይቅርታ፣ መረጃውን ማጋራት አልችልም።,Refusal,2,Refusal_08,test
2233,ይቅርታ፣ ውሳኔውን በፍጥነት ማሳወቅ አልችልም።,Refusal,2,Refusal_14,train
2234,አልቻልኩም፣ ስጦታውን በቅርቡ ማምጣት አልቻልኩም።,Refusal,2,Refusal_06,train
2235,አዎ፣ ውሉ ተፈርሟል... በጣም ቀላል ነበር!,Sarcasm/Irony,5,Sarcasm/Irony_04,train
2236,እባክሽ ምግቡን በዚህ ወር አዘጋጅልኝ።,Request,0,Request_13,test
2237,ማስጠንቀቂያ፣ ትዕዛዙን በፍጥነት ካላጠናቀቅክ ቅጣት አለ።,Warning,4,Warning_01,train
2238,ውሳኔው በዚህ ወር አልተሰጠም።,Complaint,6,Complaint_13,val
2239,ምናልባት መልእክቱን ዛሬ ጠዋት ማድረግ ይሻላል።,Suggestion,3,Suggestion_00,train
2240,ትዕዛዙ በዚህ አመት አልደረሰኝም።,Complaint,6,Complaint_01,train
2241,ይሻላል ክፍያውን አሁን ማድረግ።,Suggestion,3,Suggestion_08,val
2242,አልችልም፣ ምግቡን ነገ ጠዋት ማዘጋጀት አልቻልኩም።,Refusal,2,Refusal_12,train
2243,እባክዎ ክፍያውን በፍጥነት ያረጋግጡልኝ።,Request,0,Request_08,train
2244,ይሻላል ውሳኔውን ነገ ማታ ማሳወቅ።,Suggestion,3,Suggestion_14,train
2245,አይደለም፣ ሪፖርቱን በዚህ አመት ማጠናቀቅ አልችልም።,Refusal,2,Refusal_10,train
2246,ነጋዴው፣ ስራ በፖስታ ቤት እንዴት ነው?,Phatic,7,Phatic_00,test
2247,እንደሚመስለኝ ስጦታውን ነገ ማምጣት ይሻላል።,Suggestion,3,Suggestion_10,train
2248,ተጠንቀቅ፣ መጽሐፉን በፍጥነት ካላመለስክ ቅጣት አለ።,Warning,4,Warning_10,train
2249,ጤና ይስጥልኝ፣ ዛሬ እንዴት ነው?,Phatic,7,Phatic_13,val
2250,ምክሬ ስራውን አሁን ማረጋገጥ ነው።,Suggestion,3,Suggestion_03,test
2251,ክፍያው በሚቀጥለው ቀን አልተከፈለም።,Complaint,6,Complaint_03,val
2252,ጤና ይስጥልኝ፣ ቤተሰብ እንዴት ናቸው?,Phatic,7,Phatic_06,train
2253,እባክዎ መጽሐፉን ነገ ማታ ይላኩልኝ።,Request,0,Request_14,train
2254,እንደኔ ሀሳብ ሰነዱን በዚህ ወር መላክ ይሻላል።,Suggestion,3,Suggestion_01,train
2255,ተጠንቀቅ፣ መጽሐፉን ነገ ጠዋት ካላመለስክ ቅጣት አለ።,Warning,4,Warning_10,train
2256,ስራው በዚህ ወር አልተጠናቀቀም።,Complaint,6,Complaint_12,test
2257,ይሻላል አገልግሎቱን ለጓደኛዋ ማሳወቅ።,Suggestion,3,Suggestion_02,train
2258,እባክሽ መረጃውን ዛሬ ማታ አምጪልኝ።,Request,0,Request_01,train
2259,ምናልባት ክፍያውን በዚህ አመት ማድረግ ይሻላል።,Suggestion,3,Suggestion_00,test
2260,ስራው ነገ ማታ ተጀምሯል።,Assertion,1,Assertion_13,train
2261,ሪፖርቱ ዛሬ ጠዋት አልቀረበም።,Complaint,6,Complaint_05,test
2262,አልችልም፣ ስራውን ነገ ማድረስ አልቻልኩም።,Refusal,2,Refusal_00,train
2263,እንደኔ ሀሳብ መጽሐፉን ዛሬ ማታ ማንበብ ይሻላል።,Suggestion,3,Suggestion_13,train
2264,ይቅርታ፣ ለአስተዳዳሪው መጥራት አልችልም።,Refusal,2,Refusal_11,val
2265,ሀሳቤ መረጃውን ለጓደኛችን ማጋራት ነው።,Suggestion,3,Suggestion_11,test
2266,መጽሐፉን ዛሬ ጠዋት አመልሳለሁ።,Promise,8,Promise_09,train
2267,ምግቡን ነገ ጠዋት አዘጋጃለሁ።,Promise,8,Promise_08,train
2268,አዎ፣ መጽሐፉ ተመልሷል... በጣም ቀላል!,Sarcasm/Irony,5,Sarcasm/Irony_10,train
2269,ጤና ይስጥልኝ፣ ቤተሰብ እንዴት ናቸው?,Phatic,7,Phatic_06,train
2270,ይቅርታ፣ ውሳኔውን በዚህ አመት ማሳወቅ አልችልም።,Refusal,2,Refusal_14,train
2271,የጓደኛዋ አገልግሎት መጥፎ ነው።,Complaint,6,Complaint_10,train
2272,የአገልግሎቱ ችግርን በሚቀጥለው ወር እፈታለሁ።,Promise,8,Promise_14,train
2273,ነጋዴው፣ ስራ እንዴት እየሄደ ነው?,Phatic,7,Phatic_14,train
2274,ነጋዴው፣ ስራ እንዴት እየሄደ ነው?,Phatic,7,Phatic_14,train
2275,እንዴት ነሽ?,Phatic,7,Phatic_05,val
2276,ነጋዴው፣ ስራ በሆቴል እንዴት ነው?,Phatic,7,Phatic_00,train
2277,የምግቡ ችግርን በሚቀጥለው ሳምንት እፈታለሁ።,Promise,8,Promise_14,train
2278,አዎ፣ ለወንድሜ ላክኩት... በጣም ጥሩ!,Sarcasm/Irony,5,Sarcasm/Irony_02,train
2279,እባክዎ ሪፖርቱን ዛሬ ጠዋት ይላኩልኝ።,Request,0,Request_10,val
2280,ተጠንቀቅ፣ ውሉን ነገ ማታ ካልፈረምክ ህጋዊ ችግር ይፈጥራል።,Warning,4,Warning_04,train
2281,ይቅርታ፣ ለሰራተኛው መላክ አልችልም።,Refusal,2,Refusal_05,val
2282,እባክሽ ምግቡን አሁን አዘጋጅልኝ።,Request,0,Request_13,val
2283,ምግቡን በዚህ ሳምንት አዘጋጃለሁ።,Promise,8,Promise_08,train
2284,መረጃው በቅርቡ አልደረሰኝም።,Complaint,6,Complaint_06,train
2285,የትዕዛዙ ችግር ከትናንት ጀምሮ ከጓደኛዬ ጋር እፈታለሁ።,Promise,8,Promise_00,test
2286,የኮንትራቱ ዋጋ ተቀይሯል።,Assertion,1,Assertion_09,test
2287,የባልደረባዬ ውሳኔ ትክክል ነው።,Assertion,1,Assertion_12,train
2288,ክፍያው ተከፍሏል።,Assertion,1,Assertion_05,train
2289,ቦታው ዛሬ ጠዋት አልተያዘም።,Complaint,6,Complaint_07,train
2290,ምግቡ አሁን አልደረሰኝም።,Complaint,6,Complaint_08,train
2291,ይቅርታ፣ መረጃውን ማጋራት አልችልም።,Refusal,2,Refusal_08,train
2292,ቦታውን ዛሬ አስይዛለሁ።,Promise,8,Promise_07,train
2293,አዎ፣ ስጦታው ደርሷል... በጣም ጥሩ!,Sarcasm/Irony,5,Sarcasm/Irony_06,val
2294,እንደኔ ሀሳብ ሪፖርቱን ዛሬ ማታ መላክ ይሻላል።,Suggestion,3,Suggestion_01,train
2295,ክፍያው በፍጥነት አልተከፈለም።,Complaint,6,Complaint_03,test
2296,እባክዎ ስራውን ነገ ይላኩልኝ።,Request,0,Request_00,train
2297,ሰላም፣ እንዴት ነህ?,Phatic,7,Phatic_01,train
2298,አይ፣ መጽሐፉን ማበደር አልችልም።,Refusal,2,Refusal_13,train
2299,እባክዎ ውሉን ለአባቴ በሚቀጥለው ቀን ይላኩልኝ።,Request,0,Request_02,train
2300,ተጠንቀቅ፣ መጽሐፉን ዛሬ ማታ ካላመለስክ ቅጣት አለ።,Warning,4,Warning_10,train
2301,አዎ፣ ለሰራተኛው ደውያለሁ... በጣም ቀላል!,Sarcasm/Irony,5,Sarcasm/Irony_14,train
2302,አዎ፣ ውሉ ተፈርሟል... በጣም ቀላል ነበር!,Sarcasm/Irony,5,Sarcasm/Irony_04,test
2303,አዎ፣ መጽሐፉ ተመልሷል... በጣም ቀላል!,Sarcasm/Irony,5,Sarcasm/Irony_10,train
2304,እባክሽ መልእክቱን ዛሬ ማታ አምጪልኝ።,Request,0,Request_05,train
2305,እንደምን አደረሽ?,Phatic,7,Phatic_09,train
2306,እንደኔ ሀሳብ መጽሐፉን በዚህ አመት መላክ ይሻላል።,Suggestion,3,Suggestion_01,test
2307,አዎ፣ ቦታው ነፃ ነው... በጣም ምቹ!,Sarcasm/Irony,5,Sarcasm/Irony_08,train
2308,ምናልባት ለባልደረባዬ መደወል ይሻላል።,Suggestion,3,Suggestion_06,train
2309,አዎ፣ ስጦታው ደርሷል... በጣም ጥሩ!,Sarcasm/Irony,5,Sarcasm/Irony_06,test
2310,የትዕዛዙ ችግር ከሰኞ ጀምሮ ከጓደኛችን ጋር እፈታለሁ።,Promise,8,Promise_00,train
2311,አዎ፣ ለወንድሜ ደውያለሁ... በጣም ቀላል!,Sarcasm/Irony,5,Sarcasm/Irony_14,train
2312,ስጦታውን በዚህ ወር አደርሳለሁ።,Promise,8,Promise_01,test
2313,አዎ፣ ቦታው ነፃ ነው... በጣም ምቹ!,Sarcasm/Irony,5,Sarcasm/Irony_08,train
2314,ነጋዴው፣ ዛሬ እንዴት ነው?,Phatic,7,Phatic_07,test
2315,ጤና ይስጥልኝ፣ ዛሬ እንዴት ነው?,Phatic,7,Phatic_13,train
2316,ስራውን ነገ ማታ አጠናቅቃለሁ።,Promise,8,Promise_12,train
2317,ይቅርታ፣ ውሳኔውን አሁን ማሳወቅ አልችልም።,Refusal,2,Refusal_14,train
2318,እርግጥ ነው፣ ውሳኔው ትክክል ነው... በጣም ጥሩ!,Sarcasm/Irony,5,Sarcasm/Irony_11,val
2319,ሪፖርቱ ነገ አልቀረበም።,Complaint,6,Complaint_05,train
2320,ነጋዴው፣ ስራ እንዴት እየሄደ ነው?,Phatic,7,Phatic_14,train
2321,አዎ፣ ስራው ተጠናቀቀ... በጣም ፈጣን!,Sarcasm/Irony,5,Sarcasm/Irony_12,test
2322,ምግቡን ዛሬ ጠዋት አዘጋጃለሁ።,Promise,8,Promise_08,train
2323,መጽሐፉ በዚህ ሳምንት አልደረሰኝም።,Complaint,6,Complaint_09,train
2324,አገልግሎቱን ነገ ማታ አረጋግጣለሁ።,Promise,8,Promise_13,test
2325,ጤና ይስጥልኝ፣ ጓደኛዬ እንዴት ነው?,Phatic,7,Phatic_10,train
2326,እርግጥ ነው፣ ምግቡ ዝግጁ ነው... በጣም ጣፋጭ!,Sarcasm/Irony,5,Sarcasm/Irony_09,train
2327,ሰላም፣ እንዴት ነህ?,Phatic,7,Phatic_01,test
2328,ይሻላል ክፍያውን ለጓደኛችን ማሳወቅ።,Suggestion,3,Suggestion_02,val
2329,ይቅርታ፣ መረጃውን ማጋራት አልችልም።,Refusal,2,Refusal_08,val
2330,ውሉ ነገ አልተፈረመም።,Complaint,6,Complaint_04,train
2331,መጽሐፉን ዛሬ አመልሳለሁ።,Promise,8,Promise_09,train
2332,ማስጠንቀቂያ፣ ምግቡን በዚህ ሳምንት ካላዘጋጀህ ችግር ይፈጥራል።,Warning,4,Warning_09,test
2333,ምግቡን በፍጥነት አዘጋጃለሁ።,Promise,8,Promise_08,train
2334,ስጦታው ገና ወደ ባንክ በዚህ ወር አልደረሰኝም።,Complaint,6,Complaint_00,val
2335,መረጃው በሚቀጥለው ወር አልደረሰኝም።,Complaint,6,Complaint_06,train
2336,የጓደኛዬ ውሳኔ ትክክል ነው።,Assertion,1,Assertion_12,train
2337,ስራው በዚህ ወር ተጀምሯል።,Assertion,1,Assertion_13,test
2338,ይሻላል ውሳኔውን በሚቀጥለው ቀን ማሳወቅ።,Suggestion,3,Suggestion_14,train
2339,እባክሽ ቲኬቱን ዛሬ ማታ አምጪልኝ።,Request,0,Request_05,train
2340,ይቅርታ፣ ለእናቴ መጥራት አልችልም።,Refusal,2,Refusal_11,train
2341,ሀሳቤ መረጃውን ለጓደኛዋ ማጋራት ነው።,Suggestion,3,Suggestion_11,train
2342,ተጠንቀቅ፣ ለቤተሰቤ ካልደወልክ ችግር ይፈጥራል።,Warning,4,Warning_12,test
2343,ማስጠንቀቂያ፣ መረጃውን ካላጋራህ ችግር ይፈጥራል።,Warning,4,Warning_07,val
2344,ተጠንቀቅ፣ ስራውን በፍጥነት ካላጠናቀቅክ ቅጣት አለ።,Warning,4,Warning_14,train
2345,እርግጥ ነው፣ ሪፖርቱ ዝግጁ ነው... በጣም ፈጣን!,Sarcasm/Irony,5,Sarcasm/Irony_05,test
2346,ሪፖርቱን በሚቀጥለው ሳምንት አቀርባለሁ።,Promise,8,Promise_05,train
2347,ይቅርታ፣ መረጃውን ማጋራት አልችልም።,Refusal,2,Refusal_08,val
2348,ለሰራተኛው ነገ እደውላለሁ።,Promise,8,Promise_10,train
2349,ሰላም፣ እንዴት ነህ?,Phatic,7,Phatic_01,val
2350,የሪፖርቱ ችግር ከሰኞ ጀምሮ ከሰራተኛው ጋር እፈታለሁ።,Assertion,1,Assertion_00,train
2351,እርግጥ ነው፣ ሰነዱ ጥሩ ነው... በጣም ጥሩ!,Sarcasm/Irony,5,Sarcasm/Irony_13,train
2352,ሀሳቤ ውሉን በቅርቡ መፈረም ነው።,Suggestion,3,Suggestion_05,test
2353,ምናልባት ምግቡን በሚቀጥለው ወር ማዘጋጀት ይሻላል።,Suggestion,3,Suggestion_12,train
2354,ምክሬ ኮንትራቱን አሁን ማረጋገጥ ነው።,Suggestion,3,Suggestion_03,test
2355,ውሳኔው በዚህ አመት አልተሰጠም።,Complaint,6,Complaint_13,train
2356,እንዴት ነሽ?,Phatic,7,Phatic_05,train
2357,እባክዎ መጽሐፉን በቅርቡ ይላኩልኝ።,Request,0,Request_14,val
2358,ስጦታውን በዚህ ወር አደርሳለሁ።,Promise,8,Promise_01,train
2359,ውሉን አሁን እፈርማለሁ።,Promise,8,Promise_04,test
2360,ምክሬ ቦታውን አሁን ማስያዝ ነው።,Suggestion,3,Suggestion_09,train
2361,አዎ፣ መጽሐፉ ተመልሷል... በጣም ቀላል!,Sarcasm/Irony,5,Sarcasm/Irony_10,train
2362,መረጃውን ዛሬ ጠዋት እላካለሁ።,Promise,8,Promise_06,train
2363,ማስጠንቀቂያ፣ ውሳኔውን ነገ ካላሳወቅክ ችግር ይፈጥራል።,Warning,4,Warning_11,train
2364,ሪፖርቱን በሚቀጥለው ወር አቀርባለሁ።,Promise,8,Promise_05,train
2365,እርግጥ ነው፣ ውሳኔው ጥሩ ነው... በጣም ጥሩ!,Sarcasm/Irony,5,Sarcasm/Irony_13,val
2366,እባክዎ ስጦታውን ዛሬ ጠዋት ያድርሱልኝ።,Request,0,Request_06,test
2367,የሸቀጡ ዋጋ ተቀይሯል።,Assertion,1,Assertion_09,val
2368,ምናልባት ምግቡን በሚቀጥለው ቀን ማዘጋጀት ይሻላል።,Suggestion,3,Suggestion_12,train
2369,ቦታውን ዛሬ ማታ አስይዛለሁ።,Promise,8,Promise_07,train
2370,ቦታው ነፃ ነው።,Assertion,1,Assertion_10,train
2371,አዎ፣ ውሉ ተፈርሟል... በጣም ቀላል ነበር!,Sarcasm/Irony,5,Sarcasm/Irony_04,train
2372,ተጠንቀቅ፣ ውሉን በፍጥነት ካልፈረምክ ህጋዊ ችግር ይፈጥራል።,Warning,4,Warning_04,train
2373,አዎ፣ መጽሐፉ ተመልሷል... በጣም ቀላል!,Sarcasm/Irony,5,Sarcasm/Irony_10,train
2374,አልቻልኩም፣ ስጦታውን በዚህ ሳምንት ማምጣት አልቻልኩም።,Refusal,2,Refusal_06,train
2375,እርግጥ ነው፣ ውሳኔው ትክክል ነው... በጣም ጥሩ!,Sarcasm/Irony,5,Sarcasm/Irony_11,train
2376,አልፈልግም፣ መልእክቱን አልቀበልም።,Refusal,2,Refusal_03,train
2377,ሰላም፣ ስራ በሱቅ እንዴት ነው?,Phatic,7,Phatic_08,train
2378,ምናልባት ቲኬቱን በዚህ ወር ማድረግ ይሻላል።,Suggestion,3,Suggestion_00,test
2379,እባክዎ ኮንትራቱን ለደንበኛው በዚህ አመት ይላኩልኝ።,Request,0,Request_11,train
2380,ስጦታው ገና ወደ ሱቅ በዚህ ሳምንት አልደረሰኝም።,Complaint,6,Complaint_00,train
2381,ጤና ይስጥልኝ፣ ዛሬ እንዴት ነው?,Phatic,7,Phatic_13,test
2382,ለአባቴ በዚህ ወር እደውላለሁ።,Promise,8,Promise_10,train
2383,ይሻላል ፓኬጁን ለእህቴ ማሳወቅ።,Suggestion,3,Suggestion_02,train
2384,ማስጠንቀቂያ፣ መረጃውን ካላጋራህ ችግር ይፈጥራል።,Warning,4,Warning_07,train
2385,ክፍያውን በሚቀጥለው ቀን አደርጋለሁ።,Promise,8,Promise_03,train
2386,መጽሐፉን በዚህ አመት አመልሳለሁ።,Promise,8,Promise_09,train
2387,ይቅርታ፣ መረጃውን ማጋራት አልችልም።,Refusal,2,Refusal_08,train
2388,ምክሬ ሸቀጡን አሁን ማረጋገጥ ነው።,Suggestion,3,Suggestion_03,test
2389,ስጦታው ገና ወደ ቤት በፍጥነት አልደረሰኝም።,Complaint,6,Complaint_00,val
2390,ሰላም ነው?,Phatic,7,Phatic_04,test
2391,አዎ፣ ለባልደረባዬ ላክኩት... በጣም ጥሩ!,Sarcasm/Irony,5,Sarcasm/Irony_02,test
2392,ሰላም ነው ወንድሜ?,Phatic,7,Phatic_11,train
2393,ተጠንቀቅ፣ ስጦታውን በዚህ አመት ካላመጣህ ችግር ይፈጥራል።,Warning,4,Warning_06,test
2394,የደብዳቤው ሁኔታ ጥሩ ነው።,Assertion,1,Assertion_03,train
2395,ስጦታው ገና ወደ ቤት በሚቀጥለው ቀን አልደረሰኝም።,Complaint,6,Complaint_00,train
2396,ለአባቴ ዛሬ ጠዋት አልደወሉልኝም።,Complaint,6,Complaint_14,train
2397,እባክዎ ፋይሉን በዚህ ሳምንት ይላኩልኝ።,Request,0,Request_00,train
2398,አልፈልግም፣ ቦታውን ማስያዝ አልችልም።,Refusal,2,Refusal_09,train
2399,አይ፣ መጽሐፉን ማበደር አልችልም።,Refusal,2,Refusal_13,train
2400,መጽሐፉ ዛሬ ማታ አልደረሰኝም።,Complaint,6,Complaint_09,train
2401,ተጠንቀቅ፣ ስጦታውን አሁን ካላመጣህ ችግር ይፈጥራል።,Warning,4,Warning_06,train
2402,አይ፣ አሁን መረጃው ማድረግ አልችልም።,Refusal,2,Refusal_01,train
2403,ምግቡን ነገ ጠዋት አዘጋጃለሁ።,Promise,8,Promise_08,test
2404,ተጠንቀቅ፣ መጽሐፉን በሚቀጥለው ቀን ካላደረግክ ችግር ይፈጥራል።,Warning,4,Warning_00,train
2405,ማስጠንቀቂያ፣ ክፍያውን በዚህ ወር ካላደረግክ አገልግሎት ይቋረጣል።,Warning,4,Warning_03,val
2406,የፋይሉ ሁኔታ ጥሩ ነው።,Assertion,1,Assertion_03,train
2407,ነጋዴው፣ ስራ በሆስፒታል እንዴት ነው?,Phatic,7,Phatic_00,train
2408,የእህቴ ውሳኔ ትክክል ነው።,Assertion,1,Assertion_12,test
2409,እንዴት ነሽ?,Phatic,7,Phatic_05,train
2410,አዎ፣ ለእህቴ ላክኩት... በጣም ጥሩ!,Sarcasm/Irony,5,Sarcasm/Irony_02,train
2411,እባክዎ ውሳኔውን ለደንበኛው አሁን ይላኩልኝ።,Request,0,Request_11,train
2412,የሸቀጡ ችግርን ነገ እፈታለሁ።,Promise,8,Promise_14,train
2413,ትዕዛዙ ነገ አልደረሰኝም።,Complaint,6,Complaint_01,train
2414,ስጦታው ገና ወደ ፖስታ ቤት አሁን አልደረሰኝም።,Complaint,6,Complaint_00,train
2415,መረጃው ነገ አልደረሰኝም።,Complaint,6,Complaint_06,train
2416,አይ፣ መጽሐፉን ማበደር አልችልም።,Refusal,2,Refusal_13,train
2417,ማስጠንቀቂያ፣ ሪፖርቱን ነገ ማታ ካላቀረብክ ቅጣት አለ።,Warning,4,Warning_05,val
2418,አልችልም፣ ሪፖርቱን ነገ ማታ ማድረስ አልቻልኩም።,Refusal,2,Refusal_00,train
2419,ይቅርታ፣ ለቤተሰቤ መላክ አልችልም።,Refusal,2,Refusal_05,train
2420,አልችልም፣ ምግቡን ዛሬ ጠዋት ማዘጋጀት አልቻልኩም።,Refusal,2,Refusal_12,train
2421,ትዕዛዙን ዛሬ አጠናቅቃለሁ።,Promise,8,Promise_02,test
2422,ክፍያውን በሚቀጥለው ሳምንት አደርጋለሁ።,Promise,8,Promise_03,train
2423,እባክሽ ደብዳቤውን በፍጥነት አምጪልኝ።,Request,0,Request_09,train
2424,ይቅርታ፣ መረጃውን ማጋራት አልችልም።,Refusal,2,Refusal_08,val
2425,አይ፣ አሁን መጽሐፉ ማድረግ አልችልም።,Refusal,2,Refusal_01,train
2426,አልፈልግም፣ ቦታውን ማስያዝ አልችልም።,Refusal,2,Refusal_09,train
2427,ተጠንቀቅ፣ ውሉን ዛሬ ማታ ካልፈረምክ ህጋዊ ችግር ይፈጥራል።,Warning,4,Warning_04,train
2428,ሰላም ነው ወንድሜ?,Phatic,7,Phatic_11,train
2429,ውሉ ዛሬ ጠዋት ተፈርሟል።,Assertion,1,Assertion_07,train
2430,እባክዎ ሪፖርቱን ዛሬ ጠዋት ይላኩልኝ።,Request,0,Request_10,train
2431,ማስጠንቀቂያ፣ ውሳኔውን ነገ ካላሳወቅክ ችግር ይፈጥራል።,Warning,4,Warning_11,train
2432,ውሳኔው ነገ ማታ አልተሰጠም።,Complaint,6,Complaint_13,train
2433,እባክሽ ፋይሉን ዛሬ ማታ አምጪልኝ።,Request,0,Request_05,train
2434,የፓኬጁ ዋጋ ተቀይሯል።,Assertion,1,Assertion_09,train
2435,እባክዎ ትዕዛዙን ለጓደኛዋ በዚህ ወር ይላኩልኝ።,Request,0,Request_03,train
2436,ጤና ይስጥልኝ፣ ቤተሰብ እንዴት ናቸው?,Phatic,7,Phatic_06,train
2437,እባክሽ ፋይሉን ነገ አምጪልኝ።,Request,0,Request_01,train
2438,ስራው ዛሬ ጠዋት ተጀምሯል።,Assertion,1,Assertion_13,train
2439,ተጠንቀቅ፣ ለአለቃዬ ካልላክ ችግር ይፈጥራል።,Warning,4,Warning_02,train
2440,ትዕዛዙን በዚህ አመት አጠናቅቃለሁ።,Promise,8,Promise_02,train
2441,እንደኔ ሀሳብ መልእክቱን ነገ ጠዋት መላክ ይሻላል።,Suggestion,3,Suggestion_01,train
2442,ቦታውን በዚህ አመት አስይዛለሁ።,Promise,8,Promise_07,train
2443,ለጓደኛዋ በዚህ ወር አልደወሉልኝም።,Complaint,6,Complaint_14,train
2444,ሰላም ነው?,Phatic,7,Phatic_04,val
2445,ስራው ዛሬ ጠዋት ተጀምሯል።,Assertion,1,Assertion_13,val
2446,የኮንትራቱ ጥራት ዝቅተኛ ነው።,Complaint,6,Complaint_11,val
2447,እንደሚመስለኝ ስጦታውን በዚህ አመት ማምጣት ይሻላል።,Suggestion,3,Suggestion_10,val
2448,ማስጠንቀቂያ፣ አገልግሎቱን በሚቀጥለው ሳምንት ካላረጋገጥክ ችግር ይፈጥራል።,Warning,4,Warning_13,test
2449,ጤና ይስጥልኝ፣ ሰራተኛው እንዴት ነው?,Phatic,7,Phatic_10,train
2450,ትዕዛዙን በሚቀጥለው ቀን አጠናቅቃለሁ።,Promise,8,Promise_02,train
2451,ውሳኔው በሚቀጥለው ወር አልተሰጠም።,Complaint,6,Complaint_13,train
2452,ሪፖርቱን በሚቀጥለው ቀን አቀርባለሁ።,Promise,8,Promise_05,train
2453,የመረጃው ችግር ከማክሰኞ ጀምሮ አልተፈታም።,Complaint,6,Complaint_02,train
2454,የባልደረባዬ ስራ በዩኒቨርሲቲ ጥሩ ነው።,Assertion,1,Assertion_06,train
2455,እርግጥ ነው፣ ትዕዛዙ ዛሬ ማታ ተጠናቀቀ... በጣም ፈጣን!,Sarcasm/Irony,5,Sarcasm/Irony_01,train
2456,እባክዎ ክፍያውን በዚህ አመት ያረጋግጡልኝ።,Request,0,Request_08,train
2457,እባክዎ ውሉን ለደንበኛው ነገ ይላኩልኝ።,Request,0,Request_02,val
2458,ማስጠንቀቂያ፣ ሪፖርቱን ዛሬ ማታ ካላቀረብክ ቅጣት አለ።,Warning,4,Warning_05,train
2459,እባክዎ ውሳኔውን አሁን ይላኩልኝ።,Request,0,Request_04,train
2460,እንደኔ ሀሳብ ስራውን አሁን መላክ ይሻላል።,Suggestion,3,Suggestion_01,train
2461,አዎ፣ ስጦታው ደርሷል... በጣም ጥሩ!,Sarcasm/Irony,5,Sarcasm/Irony_06,train
2462,እባክሽ ምግቡን ዛሬ ጠዋት አዘጋጅልኝ።,Request,0,Request_13,train
2463,ስራውን በዚህ አመት አጠናቅቃለሁ።,Promise,8,Promise_12,train
2464,መጽሐፉን በሚቀጥለው ወር አመልሳለሁ።,Promise,8,Promise_09,train
2465,እንዴት ነህ ጓደኛ?,Phatic,7,Phatic_12,train
2466,ማስጠንቀቂያ፣ መረጃውን ካላጋራህ ችግር ይፈጥራል።,Warning,4,Warning_07,train
2467,ምግቡን ነገ ጠዋት አዘጋጃለሁ።,Promise,8,Promise_08,test
2468,ይቅርታ፣ ለወንድሜ መጥራት አልችልም።,Refusal,2,Refusal_11,train
2469,እንደሚመስለኝ ስጦታውን ነገ ማታ ማምጣት ይሻላል።,Suggestion,3,Suggestion_10,val
2470,እባክሽ ምግቡን በሚቀጥለው ሳምንት አምጪልኝ።,Request,0,Request_01,train
2471,ጤና ይስጥልኝ፣ ቤተሰብ እንዴት ናቸው?,Phatic,7,Phatic_06,train
2472,አልፈልግም፣ ቦታውን ማስያዝ አልችልም።,Refusal,2,Refusal_09,train
2473,አዎ፣ ለሰራተኛው ላክኩት... በጣም ጥሩ!,Sarcasm/Irony,5,Sarcasm/Irony_02,train
2474,ቲኬቱን ዛሬ ማታ አረጋግጣለሁ።,Promise,8,Promise_13,test
2475,እንደሚመስለኝ ስጦታውን በሚቀጥለው ወር ማምጣት ይሻላል።,Suggestion,3,Suggestion_10,train
2476,የመልእክቱ ጥራት ከፍተኛ ነው።,Assertion,1,Assertion_14,val
2477,እርግጥ ነው፣ ሪፖርቱ ዝግጁ ነው... በጣም ፈጣን!,Sarcasm/Irony,5,Sarcasm/Irony_05,train
2478,ምናልባት ምግቡን በሚቀጥለው ቀን ማዘጋጀት ይሻላል።,Suggestion,3,Suggestion_12,train
2479,ትዕዛዙ በዚህ አመት ተጠናቀቀ።,Assertion,1,Assertion_02,test
2480,ማስጠንቀቂያ፣ መረጃውን ካላጋራህ ችግር ይፈጥራል።,Warning,4,Warning_07,test
2481,እርግጥ ነው፣ ውሳኔው ትክክል ነው... በጣም ጥሩ!,Sarcasm/Irony,5,Sarcasm/Irony_11,train
2482,ጤና ይስጥልኝ፣ ስራ እንዴት ነው?,Phatic,7,Phatic_02,train
2483,አዎ፣ ቦታው ነፃ ነው... በጣም ምቹ!,Sarcasm/Irony,5,Sarcasm/Irony_08,test
2484,እርግጥ ነው፣ ሰነዱ ጥሩ ነው... በጣም ጥሩ!,Sarcasm/Irony,5,Sarcasm/Irony_13,train
2485,ምናልባት ምግቡን ነገ ማዘጋጀት ይሻላል።,Suggestion,3,Suggestion_12,train
2486,ተጠንቀቅ፣ ውሉን በዚህ አመት ካልፈረምክ ህጋዊ ችግር ይፈጥራል።,Warning,4,Warning_04,train
2487,ትዕዛዙ ዛሬ ማታ አልደረሰኝም።,Complaint,6,Complaint_01,train
2488,እንደምን አደረሽ?,Phatic,7,Phatic_09,train
2489,እርግጥ ነው፣ ሪፖርቱ ዝግጁ ነው... በጣም ፈጣን!,Sarcasm/Irony,5,Sarcasm/Irony_05,val
2490,እባክሽ ደብዳቤውን በዚህ ወር አምጪልኝ።,Request,0,Request_09,test
2491,ነጋዴው፣ ስራ እንዴት እየሄደ ነው?,Phatic,7,Phatic_14,train
2492,እንደኔ ሀሳብ መጽሐፉን ነገ ማንበብ ይሻላል።,Suggestion,3,Suggestion_13,train
2493,የባልደረባዬ ስራ በትምህርት ቤት ጥሩ ነው።,Assertion,1,Assertion_06,test
2494,ሪፖርቱ ዝግጁ ነው።,Assertion,1,Assertion_08,test
2495,ጤና ይስጥልኝ፣ ስራ እንዴት ነው?,Phatic,7,Phatic_02,test
2496,ይሻላል ውሳኔውን ለፖሊሱ ማሳወቅ።,Suggestion,3,Suggestion_02,train
2497,አልፈልግም፣ ሰነዱን አልቀበልም።,Refusal,2,Refusal_03,test
2498,ሰላም፣ እንዴት ነህ?,Phatic,7,Phatic_01,train
2499,ስጦታው ገና ወደ ቤተ መንግስት ዛሬ ማታ አልደረሰኝም።,Complaint,6,Complaint_00,train
2500,ይቅርታ፣ መረጃውን ማጋራት አልችልም።,Refusal,2,Refusal_08,train
2501,የቦታው ሁኔታ ጥሩ ነው።,Assertion,1,Assertion_03,train
2502,ምክሬ ቦታውን አሁን ማስያዝ ነው።,Suggestion,3,Suggestion_09,train
2503,ጤና ይስጥልኝ፣ ቤተሰብ እንዴት ናቸው?,Phatic,7,Phatic_06,test
2504,ማስጠንቀቂያ፣ ትዕዛዙን በዚህ ወር ካላጠናቀቅክ ቅጣት አለ።,Warning,4,Warning_01,train
2505,ማስጠንቀቂያ፣ ምግቡን ዛሬ ማታ ካላዘጋጀህ ችግር ይፈጥራል።,Warning,4,Warning_09,test
2506,ትዕዛዙ በሚቀጥለው ሳምንት ተጠናቀቀ።,Assertion,1,Assertion_02,train
2507,ተጠንቀቅ፣ ቦታውን በዚህ አመት ካላስያዝክ ይያዛል።,Warning,4,Warning_08,train
2508,ክፍያውን በዚህ ወር አደርጋለሁ።,Promise,8,Promise_03,train
2509,እባክዎ መረጃውን በዚህ አመት ይላኩልኝ።,Request,0,Request_07,train
2510,የትዕዛዙ ችግር ከባለፈው ሳምንት ጀምሮ ከአጋሬ ጋር እፈታለሁ።,Promise,8,Promise_00,train
2511,ሰላም፣ እንዴት ነህ?,Phatic,7,Phatic_01,train
2512,ማስጠንቀቂያ፣ ውሳኔውን በዚህ አመት ካላሳወቅክ ችግር ይፈጥራል።,Warning,4,Warning_11,train
2513,መጽሐፉ ዛሬ አልደረሰኝም።,Complaint,6,Complaint_09,train
2514,ነጋዴው፣ ስራ እንዴት እየሄደ ነው?,Phatic,7,Phatic_14,train
2515,ጤና ይስጥልኝ፣ ስራ እንዴት ነው?,Phatic,7,Phatic_02,test
2516,ትዕዛዙ በዚህ አመት ተጠናቀቀ።,Assertion,1,Assertion_02,train
2517,ነጋዴው፣ ስራ በጤና ጣቢያ እንዴት ነው?,Phatic,7,Phatic_00,val
2518,እባክዎ መጽሐፉን ለደንበኛው ዛሬ ማታ ይላኩልኝ።,Request,0,Request_11,test
2519,እባክዎ ፓኬጁን ለደንበኛው ነገ ይላኩልኝ።,Request,0,Request_11,train
2520,ለጓደኛዬ ዛሬ ማታ አልደወሉልኝም።,Complaint,6,Complaint_14,train
2521,አይደለም፣ ውሉን በሚቀጥለው ወር ማረጋገጥ አልችልም።,Refusal,2,Refusal_04,train
2522,ለደንበኛው በዚህ ሳምንት እደውላለሁ።,Promise,8,Promise_10,train
2523,ውሉ በሚቀጥለው ሳምንት ተፈርሟል።,Assertion,1,Assertion_07,train
2524,የሰነዱ ችግር ከትናንት ጀምሮ አልተፈታም።,Complaint,6,Complaint_02,test
2525,እርግጥ ነው፣ ትዕዛዙ አሁን ተጠናቀቀ... በጣም ፈጣን!,Sarcasm/Irony,5,Sarcasm/Irony_01,train
2526,እርግጥ ነው፣ ሪፖርቱ ዝግጁ ነው... በጣም ፈጣን!,Sarcasm/Irony,5,Sarcasm/Irony_05,train
2527,ስራው በፍጥነት አልተጠናቀቀም።,Complaint,6,Complaint_12,val
2528,ማስጠንቀቂያ፣ ምግቡን ዛሬ ጠዋት ካላዘጋጀህ ችግር ይፈጥራል።,Warning,4,Warning_09,train
2529,እባክዎ ስጦታውን በሚቀጥለው ቀን ያድርሱልኝ።,Request,0,Request_06,train
2530,አልቻልኩም፣ ስጦታውን በፍጥነት ማምጣት አልቻልኩም።,Refusal,2,Refusal_06,train
2531,ሪፖርቱን ነገ አቀርባለሁ።,Promise,8,Promise_05,train
2532,እባክሽ ትዕዛዙን ዛሬ ማታ አምጪልኝ።,Request,0,Request_05,val
2533,ክፍያውን ነገ አደርጋለሁ።,Promise,8,Promise_03,val
2534,እባክዎ ክፍያውን አሁን ያረጋግጡልኝ።,Request,0,Request_08,train
2535,ይሻላል ፓኬጁን ለባልደረባዬ ማሳወቅ።,Suggestion,3,Suggestion_02,val
2536,የወንድሜ ስራ በገበያ ጥሩ ነው።,Assertion,1,Assertion_06,val
2537,ሀሳቤ መረጃውን ለሰራተኛው ማጋራት ነው።,Suggestion,3,Suggestion_11,train
2538,ሀሳቤ መረጃውን ለአጋሬ ማጋራት ነው።,Suggestion,3,Suggestion_11,train
2539,ስራው ነገ ማታ አልተጠናቀቀም።,Complaint,6,Complaint_12,train
2540,አዎ፣ ለጓደኛዋ ደውያለሁ... በጣም ቀላል!,Sarcasm/Irony,5,Sarcasm/Irony_14,test
2541,ስራውን በሚቀጥለው ቀን አጠናቅቃለሁ።,Promise,8,Promise_12,train
2542,እባክዎ ውሉን ለፖሊሱ ነገ ይላኩልኝ።,Request,0,Request_02,train
2543,እንደሚመስለኝ ትዕዛዙን በዚህ ሳምንት ማጠናቀቅ ይሻላል።,Suggestion,3,Suggestion_04,val
2544,አይ፣ መጽሐፉን ማበደር አልችልም።,Refusal,2,Refusal_13,train
2545,ስጦታው ገና ወደ ሆስፒታል ነገ ጠዋት አልደረሰኝም።,Complaint,6,Complaint_00,val
2546,እርግጥ ነው፣ መረጃው ትክክል ነው... በጣም ግልጽ!,Sarcasm/Irony,5,Sarcasm/Irony_07,test
2547,የፋይሉ ችግር ከምሽቱ ጀምሮ አልተፈታም።,Complaint,6,Complaint_02,train
2548,ስጦታውን በሚቀጥለው ወር አደርሳለሁ።,Promise,8,Promise_01,test
2549,ማስጠንቀቂያ፣ መረጃውን ካላጋራህ ችግር ይፈጥራል።,Warning,4,Warning_07,train
2550,የሰራተኛው ውሳኔ ትክክል ነው።,Assertion,1,Assertion_12,train
2551,አዎ፣ ቲኬቱን ዛሬ ጠዋት አደረግኩት... ትክክል ነው!,Sarcasm/Irony,5,Sarcasm/Irony_00,train
2552,መረጃውን በዚህ ሳምንት እላካለሁ።,Promise,8,Promise_06,test
2553,የአገልግሎቱ ችግር ከዛሬ ጀምሮ አልተፈታም።,Complaint,6,Complaint_02,val
2554,ውሉ ዛሬ አልተፈረመም።,Complaint,6,Complaint_04,train
2555,ቦታው ነፃ ነው።,Assertion,1,Assertion_10,train
2556,ይቅርታ፣ ለጓደኛዬ መላክ አልችልም።,Refusal,2,Refusal_05,train
2557,ምግቡ በፍጥነት አልደረሰኝም።,Complaint,6,Complaint_08,train
2558,ጤና ይስጥልኝ፣ ዛሬ እንዴት ነው?,Phatic,7,Phatic_13,val
2559,ጤና ይስጥልኝ፣ ስራ እንዴት ነው?,Phatic,7,Phatic_02,val
2560,አልችልም፣ ትዕዛዙን በሚቀጥለው ሳምንት ማድረስ አልቻልኩም።,Refusal,2,Refusal_00,train
2561,እርግጥ ነው፣ ትዕዛዙ በቅርቡ ተጠናቀቀ... በጣም ፈጣን!,Sarcasm/Irony,5,Sarcasm/Irony_01,train
2562,አዎ፣ ስራው ተጠናቀቀ... በጣም ፈጣን!,Sarcasm/Irony,5,Sarcasm/Irony_12,val
2563,አዎ፣ ቦታው ነፃ ነው... በጣም ምቹ!,Sarcasm/Irony,5,Sarcasm/Irony_08,train
2564,ክፍያው ዛሬ አልተከፈለም።,Complaint,6,Complaint_03,train
2565,እንደኔ ሀሳብ መጽሐፉን ዛሬ ማንበብ ይሻላል።,Suggestion,3,Suggestion_13,val
2566,ይሻላል ውሳኔውን በፍጥነት ማሳወቅ።,Suggestion,3,Suggestion_14,val
2567,እርግጥ ነው፣ ሪፖርቱ ዝግጁ ነው... በጣም ፈጣን!,Sarcasm/Irony,5,Sarcasm/Irony_05,train
2568,እባክዎ መጽሐፉን ነገ ጠዋት ይላኩልኝ።,Request,0,Request_14,test
2569,ጤና ይስጥልኝ፣ ዛሬ እንዴት ነው?,Phatic,7,Phatic_13,train
2570,ምናልባት ክፍያውን በሚቀጥለው ሳምንት ማድረግ ይሻላል።,Suggestion,3,Suggestion_00,train
2571,አልችልም፣ ክፍያውን በሚቀጥለው ወር ማድረስ አልቻልኩም።,Refusal,2,Refusal_00,val
2572,ውሉ ነገ ጠዋት ተፈርሟል።,Assertion,1,Assertion_07,train
2573,ይቅርታ፣ መረጃውን ማጋራት አልችልም።,Refusal,2,Refusal_08,test
2574,አልቻልኩም፣ ስጦታውን በዚህ አመት ማምጣት አልቻልኩም።,Refusal,2,Refusal_06,train
2575,ምናልባት ምግቡን በዚህ ወር ማዘጋጀት ይሻላል።,Suggestion,3,Suggestion_12,train
2576,ክፍያው ተከፍሏል።,Assertion,1,Assertion_05,train
2577,ማስጠንቀቂያ፣ ክፍያውን አሁን ካላደረግክ አገልግሎት ይቋረጣል።,Warning,4,Warning_03,train
2578,ይሻላል ውሳኔውን ነገ ማታ ማሳወቅ።,Suggestion,3,Suggestion_14,train
2579,መጽሐፉ በሚቀጥለው ቀን ደረሰ።,Assertion,1,Assertion_11,train
2580,ቦታው ነፃ ነው።,Assertion,1,Assertion_10,val
2581,ነጋዴው፣ ስራ በአውሮፕላን ማረፊያ እንዴት ነው?,Phatic,7,Phatic_00,train
2582,ይቅርታ፣ ለፖሊሱ መላክ አልችልም።,Refusal,2,Refusal_05,val
2583,እንደምን አደርክ?,Phatic,7,Phatic_03,test
2584,እባክዎ ትዕዛዙን ለሰራተኛው በፍጥነት ይላኩልኝ።,Request,0,Request_03,train
2585,መረጃው ነገ ማታ አልደረሰኝም።,Complaint,6,Complaint_06,train
2586,እባክዎ መጽሐፉን ዛሬ ጠዋት ይላኩልኝ።,Request,0,Request_14,test
2587,የትዕዛዙ ችግርን ዛሬ እፈታለሁ።,Promise,8,Promise_14,val
2588,ሰላም ነው ወንድሜ?,Phatic,7,Phatic_11,train
2589,ሀሳቤ ውሉን በሚቀጥለው ወር መፈረም ነው።,Suggestion,3,Suggestion_05,train
2590,እንደምን አደርክ?,Phatic,7,Phatic_03,train
2591,ተጠንቀቅ፣ ስጦታውን በሚቀጥለው ቀን ካላመጣህ ችግር ይፈጥራል።,Warning,4,Warning_06,train
2592,ሰላም ነው ወንድሜ?,Phatic,7,Phatic_11,test
2593,እንደኔ ሀሳብ መጽሐፉን በዚህ አመት ማንበብ ይሻላል።,Suggestion,3,Suggestion_13,train
2594,የስጦታው ጥራት ከፍተኛ ነው።,Assertion,1,Assertion_14,train
2595,አልፈልግም፣ ቦታውን ማስያዝ አልችልም።,Refusal,2,Refusal_09,train
2596,አዎ፣ ለአለቃዬ ላክኩት... በጣም ጥሩ!,Sarcasm/Irony,5,Sarcasm/Irony_02,train
2597,ተጠንቀቅ፣ ስጦታውን ነገ ካላመጣህ ችግር ይፈጥራል።,Warning,4,Warning_06,train
2598,ይቅርታ፣ ውሳኔውን በሚቀጥለው ወር ማሳወቅ አልችልም።,Refusal,2,Refusal_14,test
2599,ምክሬ ቦታውን አሁን ማስያዝ ነው።,Suggestion,3,Suggestion_09,test
2600,ተጠንቀቅ፣ ቦታውን በሚቀጥለው ወር ካላስያዝክ ይያዛል።,Warning,4,Warning_08,train
2601,አይደለም፣ ውሉን በዚህ አመት ማረጋገጥ አልችልም።,Refusal,2,Refusal_04,train
2602,ሪፖርቱን ነገ ማታ አቀርባለሁ።,Promise,8,Promise_05,train
2603,እንደኔ ሀሳብ መጽሐፉን ነገ ጠዋት ማንበብ ይሻላል።,Suggestion,3,Suggestion_13,train
2604,አልችልም፣ ኮንትራቱን ዛሬ ማታ ማድረስ አልቻልኩም።,Refusal,2,Refusal_00,train
2605,የኮንትራቱ ጥራት ዝቅተኛ ነው።,Complaint,6,Complaint_11,train
2606,ትዕዛዙን አሁን አጠናቅቃለሁ።,Promise,8,Promise_02,train
2607,የሪፖርቱ ችግር ከሰኞ ጀምሮ ከባልደረባዬ ጋር እፈታለሁ።,Assertion,1,Assertion_00,train
2608,ተጠንቀቅ፣ ስራውን አሁን ካላጠናቀቅክ ቅጣት አለ።,Warning,4,Warning_14,test
2609,አልችልም፣ ውሉን በሚቀጥለው ወር ማድረስ አልቻልኩም።,Refusal,2,Refusal_00,train
2610,አልችልም፣ ፓኬጁን ነገ ጠዋት ማድረስ አልቻልኩም።,Refusal,2,Refusal_00,test
2611,እባክዎ ሰነዱን አሁን ይላኩልኝ።,Request,0,Request_04,test
2612,እባክዎ ትዕዛዙን አሁን ይላኩልኝ።,Request,0,Request_04,train
2613,እንደሚመስለኝ ትዕዛዙን ነገ ማታ ማጠናቀቅ ይሻላል።,Suggestion,3,Suggestion_04,train
2614,ስጦታውን በፍጥነት አደርሳለሁ።,Promise,8,Promise_01,train
2615,ነጋዴው፣ ስራ እንዴት እየሄደ ነው?,Phatic,7,Phatic_14,train
2616,ይቅርታ፣ መረጃውን ማጋራት አልችልም።,Refusal,2,Refusal_08,train
2617,ጤና ይስጥልኝ፣ አባቴ እንዴት ነው?,Phatic,7,Phatic_10,val
2618,ውሉ በዚህ አመት አልተፈረመም።,Complaint,6,Complaint_04,train
2619,የቦታው ችግር ከሐሙስ ጀምሮ አልተፈታም።,Complaint,6,Complaint_02,val
2620,ማስጠንቀቂያ፣ ክፍያውን በዚህ ሳምንት ካላደረግክ አገልግሎት ይቋረጣል።,Warning,4,Warning_03,train
2621,ሰላም ነው?,Phatic,7,Phatic_04,train
2622,ይቅርታ፣ ትዕዛዙን በዚህ አመት መላክ አልችልም።,Refusal,2,Refusal_02,val
2623,ተጠንቀቅ፣ ለአለቃዬ ካልላክ ችግር ይፈጥራል።,Warning,4,Warning_02,train
2624,ይሻላል ክፍያውን ለወንድሜ ማሳወቅ።,Suggestion,3,Suggestion_02,train
2625,ሰላም ነው ወንድሜ?,Phatic,7,Phatic_11,val
2626,አዎ፣ መጽሐፉ ተመልሷል... በጣም ቀላል!,Sarcasm/Irony,5,Sarcasm/Irony_10,train
2627,የትዕዛዙ ችግር ከአርብ ጀምሮ ከጓደኛችን ጋር እፈታለሁ።,Promise,8,Promise_00,val
2628,እባክዎ ውሉን ለእናቴ በዚህ ሳምንት ይላኩልኝ።,Request,0,Request_02,train
2629,ጤና ይስጥልኝ፣ ዛሬ እንዴት ነው?,Phatic,7,Phatic_13,train
2630,እርግጥ ነው፣ ትዕዛዙ በዚህ ወር ተጠናቀቀ... በጣም ፈጣን!,Sarcasm/Irony,5,Sarcasm/Irony_01,val
2631,ስራውን በሚቀጥለው ቀን አጠናቅቃለሁ።,Promise,8,Promise_12,train
2632,እርግጥ ነው፣ ደብዳቤው ጥሩ ነው... በጣም ጥሩ!,Sarcasm/Irony,5,Sarcasm/Irony_13,train
2633,እባክዎ መረጃውን ነገ ማታ ይላኩልኝ።,Request,0,Request_07,train
2634,ማስጠንቀቂያ፣ ትዕዛዙን ነገ ካላጠናቀቅክ ቅጣት አለ።,Warning,4,Warning_01,train
2635,ሰላም ነው?,Phatic,7,Phatic_04,train
2636,ነጋዴው፣ ዛሬ እንዴት ነው?,Phatic,7,Phatic_07,train
2637,እርግጥ ነው፣ መረጃው ትክክል ነው... በጣም ግልጽ!,Sarcasm/Irony,5,Sarcasm/Irony_07,train
2638,ሰላም፣ እንዴት ነህ?,Phatic,7,Phatic_01,val
2639,ተጠንቀቅ፣ መጽሐፉን በሚቀጥለው ወር ካላመለስክ ቅጣት አለ።,Warning,4,Warning_10,train
2640,መረጃውን ነገ ማታ እላካለሁ።,Promise,8,Promise_06,val
2641,የመረጃው ጥራት ዝቅተኛ ነው።,Complaint,6,Complaint_11,val
2642,ቦታው ነፃ ነው።,Assertion,1,Assertion_10,test
2643,ሪፖርቱን ዛሬ አቀርባለሁ።,Promise,8,Promise_05,train
2644,ተጠንቀቅ፣ ቦታውን ዛሬ ማታ ካላስያዝክ ይያዛል።,Warning,4,Warning_08,train
2645,አልቻልኩም፣ ስጦታውን ዛሬ ማምጣት አልቻልኩም።,Refusal,2,Refusal_06,train
2646,ነጋዴው፣ ስራ እንዴት እየሄደ ነው?,Phatic,7,Phatic_14,train
2647,ቦታው ነፃ ነው።,Assertion,1,Assertion_10,train
2648,ውሳኔው ነገ ማታ አልተሰጠም።,Complaint,6,Complaint_13,val
2649,ነጋዴው፣ ዛሬ እንዴት ነው?,Phatic,7,Phatic_07,train
2650,እንደምን አደረሽ?,Phatic,7,Phatic_09,train
2651,ተጠንቀቅ፣ ለባልደረባዬ ካልደወልክ ችግር ይፈጥራል።,Warning,4,Warning_12,val
2652,መረጃው ትክክል ነው።,Assertion,1,Assertion_04,test
2653,ምናልባት ለጓደኛዬ መደወል ይሻላል።,Suggestion,3,Suggestion_06,train
2654,ስጦታውን በዚህ ሳምንት አደርሳለሁ።,Promise,8,Promise_01,train
2655,ለጓደኛችን በሚቀጥለው ቀን አልደወሉልኝም።,Complaint,6,Complaint_14,train
2656,ተጠንቀቅ፣ ውሉን በሚቀጥለው ቀን ካልፈረምክ ህጋዊ ችግር ይፈጥራል።,Warning,4,Warning_04,train
2657,ማስጠንቀቂያ፣ ትዕዛዙን ነገ ማታ ካላጠናቀቅክ ቅጣት አለ።,Warning,4,Warning_01,train
2658,አልቻልኩም፣ ስጦታውን በሚቀጥለው ሳምንት ማምጣት አልቻልኩም።,Refusal,2,Refusal_06,train
2659,አልፈልግም፣ ቦታውን ማስያዝ አልችልም።,Refusal,2,Refusal_09,train
2660,ምክሬ ቲኬቱን አሁን ማረጋገጥ ነው።,Suggestion,3,Suggestion_03,train
2661,እርግጥ ነው፣ ምግቡ ጥሩ ነው... በጣም ጥሩ!,Sarcasm/Irony,5,Sarcasm/Irony_13,train
2662,ነጋዴው፣ ዛሬ እንዴት ነው?,Phatic,7,Phatic_07,train
2663,ቦታው ነፃ ነው።,Assertion,1,Assertion_10,train
2664,የመረጃው ጥራት ዝቅተኛ ነው።,Complaint,6,Complaint_11,train
2665,የስጦታው ጥራት ዝቅተኛ ነው።,Complaint,6,Complaint_11,train
2666,እባክሽ አገልግሎቱን አሁን አምጪልኝ።,Request,0,Request_01,train
2667,ሰላም ነው?,Phatic,7,Phatic_04,test
2668,ምክሬ ሰነዱን አሁን ማረጋገጥ ነው።,Suggestion,3,Suggestion_03,test
2669,ተጠንቀቅ፣ ስራውን በቅርቡ ካላጠናቀቅክ ቅጣት አለ።,Warning,4,Warning_14,val
2670,ውሉን በዚህ ወር እፈርማለሁ።,Promise,8,Promise_04,train
2671,ማስጠንቀቂያ፣ ትዕዛዙን በፍጥነት ካላጠናቀቅክ ቅጣት አለ።,Warning,4,Warning_01,train
2672,አዎ፣ ለጓደኛዋ ደውያለሁ... በጣም ቀላል!,Sarcasm/Irony,5,Sarcasm/Irony_14,train
2673,ውሉ ዛሬ ማታ ተፈርሟል።,Assertion,1,Assertion_07,train
2674,እባክሽ ደብዳቤውን ዛሬ ማታ አምጪልኝ።,Request,0,Request_05,val
2675,አልችልም፣ ምግቡን ዛሬ ጠዋት ማዘጋጀት አልቻልኩም።,Refusal,2,Refusal_12,train
2676,ተጠንቀቅ፣ ትዕዛዙን ዛሬ ማታ ካላደረግክ ችግር ይፈጥራል።,Warning,4,Warning_00,train
2677,ነጋዴው፣ ስራ እንዴት እየሄደ ነው?,Phatic,7,Phatic_14,val
2678,ይቅርታ፣ ውሳኔውን ዛሬ ማሳወቅ አልችልም።,Refusal,2,Refusal_14,val
2679,አዎ፣ ውሉ ተፈርሟል... በጣም ቀላል ነበር!,Sarcasm/Irony,5,Sarcasm/Irony_04,train
2680,ትዕዛዙን አሁን አጠናቅቃለሁ።,Promise,8,Promise_02,val
2681,የእናቴ አገልግሎት መጥፎ ነው።,Complaint,6,Complaint_10,train
2682,እባክዎ ፓኬጁን አሁን ይላኩልኝ።,Request,0,Request_00,train
2683,ሰላም፣ እንዴት ነህ?,Phatic,7,Phatic_01,train
2684,እርግጥ ነው፣ ሪፖርቱ ዝግጁ ነው... በጣም ፈጣን!,Sarcasm/Irony,5,Sarcasm/Irony_05,train
2685,የውሉ ጥራት ከፍተኛ ነው።,Assertion,1,Assertion_14,train
2686,እባክሽ መረጃውን በዚህ ሳምንት አምጪልኝ።,Request,0,Request_01,train
2687,አይደለም፣ ሪፖርቱን በፍጥነት ማጠናቀቅ አልችልም።,Refusal,2,Refusal_10,train
2688,እባክዎ ስጦታውን አሁን ያድርሱልኝ።,Request,0,Request_06,test
2689,አዎ፣ ስራው ተጠናቀቀ... በጣም ፈጣን!,Sarcasm/Irony,5,Sarcasm/Irony_12,train
2690,ውሉ ዛሬ ተፈርሟል።,Assertion,1,Assertion_07,val
2691,እንደኔ ሀሳብ መጽሐፉን በሚቀጥለው ሳምንት ማንበብ ይሻላል።,Suggestion,3,Suggestion_13,train
2692,እርግጥ ነው፣ ሸቀጡ ጥሩ ነው... በጣም ጥሩ!,Sarcasm/Irony,5,Sarcasm/Irony_13,train
2693,ስራው ነገ ማታ አልተጠናቀቀም።,Complaint,6,Complaint_12,train
2694,ውሳኔው ነገ ማታ አልተሰጠም።,Complaint,6,Complaint_13,test
2695,ውሉን ነገ እፈርማለሁ።,Promise,8,Promise_04,test
2696,ተጠንቀቅ፣ ውሳኔውን በዚህ አመት ካላደረግክ ችግር ይፈጥራል።,Warning,4,Warning_00,train
2697,ስራውን በሚቀጥለው ቀን አጠናቅቃለሁ።,Promise,8,Promise_12,train
2698,እርግጥ ነው፣ ምግቡ ዝግጁ ነው... በጣም ጣፋጭ!,Sarcasm/Irony,5,Sarcasm/Irony_09,train
2699,አልፈልግም፣ ቦታውን ማስያዝ አልችልም።,Refusal,2,Refusal_09,test
2700,ክፍያውን በሚቀጥለው ወር አደርጋለሁ።,Promise,8,Promise_03,val
2701,የአለቃዬ ስራ በቢሮ ጥሩ ነው።,Assertion,1,Assertion_06,val
2702,ትዕዛዙን በሚቀጥለው ወር አጠናቅቃለሁ።,Promise,8,Promise_02,train
2703,ይቅርታ፣ ለአባቴ መጥራት አልችልም።,Refusal,2,Refusal_11,train
2704,አልችልም፣ ምግቡን በፍጥነት ማዘጋጀት አልቻልኩም።,Refusal,2,Refusal_12,train
2705,መረጃው ትክክል ነው።,Assertion,1,Assertion_04,train
2706,እርግጥ ነው፣ መረጃው ትክክል ነው... በጣም ግልጽ!,Sarcasm/Irony,5,Sarcasm/Irony_07,train
2707,አዎ፣ ለቤተሰቤ ደውያለሁ... በጣም ቀላል!,Sarcasm/Irony,5,Sarcasm/Irony_14,train
2708,እባክዎ ክፍያውን አሁን ይላኩልኝ።,Request,0,Request_00,test
2709,አይ፣ ክፍያውን አሁን ማድረግ አልችልም።,Refusal,2,Refusal_07,train
2710,ምክሬ ሸቀጡን አሁን ማረጋገጥ ነው።,Suggestion,3,Suggestion_03,train
2711,የውሉ ጥራት ከፍተኛ ነው።,Assertion,1,Assertion_14,train
2712,ቦታው አሁን አልተያዘም።,Complaint,6,Complaint_07,train
2713,እርግጥ ነው፣ ምግቡ ዝግጁ ነው... በጣም ጣፋጭ!,Sarcasm/Irony,5,Sarcasm/Irony_09,train
2714,እንደምን አደረሽ?,Phatic,7,Phatic_09,train
2715,እባክዎ አገልግሎቱን ዛሬ ጠዋት ይላኩልኝ።,Request,0,Request_00,train
2716,ውሉ በዚህ ወር አልተፈረመም።,Complaint,6,Complaint_04,train
2717,ክፍያውን በዚህ ወር አደርጋለሁ።,Promise,8,Promise_03,train
2718,ሪፖርቱ በዚህ ወር አልቀረበም።,Complaint,6,Complaint_05,val
2719,የትዕዛዙ ችግር ከረቡዕ ጀምሮ ከጓደኛችን ጋር እፈታለሁ።,Promise,8,Promise_00,train
2720,እርግጥ ነው፣ ውሳኔው ትክክል ነው... በጣም ጥሩ!,Sarcasm/Irony,5,Sarcasm/Irony_11,train
2721,ይቅርታ፣ ውሳኔውን በሚቀጥለው ወር ማሳወቅ አልችልም።,Refusal,2,Refusal_14,test
2722,እባክዎ ስጦታውን ነገ ማታ ያድርሱልኝ።,Request,0,Request_06,train
2723,መጽሐፉ በዚህ አመት ደረሰ።,Assertion,1,Assertion_11,train
2724,ምግቡ ዛሬ ማታ አልደረሰኝም።,Complaint,6,Complaint_08,train
2725,ስራውን በሚቀጥለው ቀን አጠናቅቃለሁ።,Promise,8,Promise_12,train
2726,እንዴት ነህ ጓደኛ?,Phatic,7,Phatic_12,train
2727,እንደምን አደረሽ?,Phatic,7,Phatic_09,train
2728,መረጃው ትክክል ነው።,Assertion,1,Assertion_04,test
2729,መረጃው ትክክል ነው።,Assertion,1,Assertion_04,train
2730,አይ፣ መጽሐፉን ማበደር አልችልም።,Refusal,2,Refusal_13,test
2731,እባክዎ ትዕዛዙን ለአለቃዬ በሚቀጥለው ወር ይላኩልኝ።,Request,0,Request_03,train
2732,እንደኔ ሀሳብ ትዕዛዙን ነገ ማታ መላክ ይሻላል።,Suggestion,3,Suggestion_01,train
2733,እባክዎ መረጃውን ነገ ይላኩልኝ።,Request,0,Request_07,test
2734,እባክዎ ስጦታውን ነገ ያድርሱልኝ።,Request,0,Request_06,test
2735,እንዴት ነሽ?,Phatic,7,Phatic_05,test
2736,መጽሐፉን በቅርቡ አመልሳለሁ።,Promise,8,Promise_09,train
2737,ማስጠንቀቂያ፣ መረጃውን ካላጋራህ ችግር ይፈጥራል።,Warning,4,Warning_07,val
2738,የወንድሜ ስራ በገበያ ጥሩ ነው።,Assertion,1,Assertion_06,val
2739,አዎ፣ መጽሐፉ ተመልሷል... በጣም ቀላል!,Sarcasm/Irony,5,Sarcasm/Irony_10,test
2740,ሪፖርቱን በቅርቡ አቀርባለሁ።,Promise,8,Promise_05,val
2741,መጽሐፉ በሚቀጥለው ወር አልደረሰኝም።,Complaint,6,Complaint_09,train
2742,እርግጥ ነው፣ መልእክቱ ጥሩ ነው... በጣም ጥሩ!,Sarcasm/Irony,5,Sarcasm/Irony_13,train
2743,ተጠንቀቅ፣ ለአስተዳዳሪው ካልላክ ችግር ይፈጥራል።,Warning,4,Warning_02,train
2744,ምናልባት ለጓደኛዬ መደወል ይሻላል።,Suggestion,3,Suggestion_06,val
2745,ውሳኔውን አሁን አሳውቃለሁ።,Promise,8,Promise_11,train
2746,እባክዎ ሪፖርቱን በዚህ አመት ይላኩልኝ።,Request,0,Request_10,test
2747,እባክዎ መጽሐፉን በቅርቡ ይላኩልኝ።,Request,0,Request_14,train
2748,እንደሚመስለኝ ስጦታውን በቅርቡ ማምጣት ይሻላል።,Suggestion,3,Suggestion_10,train
2749,ሀሳቤ ውሉን በፍጥነት መፈረም ነው።,Suggestion,3,Suggestion_05,test
2750,እንደኔ ሀሳብ መጽሐፉን በዚህ አመት ማንበብ ይሻላል።,Suggestion,3,Suggestion_13,train
2751,እንዴት ነሽ?,Phatic,7,Phatic_05,test
2752,እርግጥ ነው፣ ትዕዛዙ ዛሬ ማታ ተጠናቀቀ... በጣም ፈጣን!,Sarcasm/Irony,5,Sarcasm/Irony_01,train
2753,እባክዎ መረጃውን አሁን ይላኩልኝ።,Request,0,Request_07,test
2754,ማስጠንቀቂያ፣ ውሳኔውን በሚቀጥለው ሳምንት ካላሳወቅክ ችግር ይፈጥራል።,Warning,4,Warning_11,val
2755,ይቅርታ፣ ለጓደኛችን መላክ አልችልም።,Refusal,2,Refusal_05,train
2756,መጽሐፉ በዚህ ሳምንት ደረሰ።,Assertion,1,Assertion_11,train
2757,ክፍያው በዚህ ወር አልተከፈለም።,Complaint,6,Complaint_03,train
2758,አልችልም፣ ምግቡን በሚቀጥለው ሳምንት ማዘጋጀት አልቻልኩም።,Refusal,2,Refusal_12,train
2759,የስራው ችግር ከሰኞ ጀምሮ አልተፈታም።,Complaint,6,Complaint_02,train
2760,እንደሚመስለኝ ስጦታውን ነገ ማታ ማምጣት ይሻላል።,Suggestion,3,Suggestion_10,train
2761,አዎ፣ ቦታው ነፃ ነው... በጣም ምቹ!,Sarcasm/Irony,5,Sarcasm/Irony_08,train
2762,ሰላም፣ እንዴት ነህ?,Phatic,7,Phatic_01,test
2763,ሪፖርቱን ነገ ማታ አቀርባለሁ።,Promise,8,Promise_05,val
2764,ስራው ዛሬ ተጀምሯል።,Assertion,1,Assertion_13,train
2765,ቦታው ነፃ ነው።,Assertion,1,Assertion_10,train
2766,አይ፣ መጽሐፉን ማበደር አልችልም።,Refusal,2,Refusal_13,train
2767,እባክሽ ደብዳቤውን ዛሬ ጠዋት አምጪልኝ።,Request,0,Request_09,test
2768,ምክሬ ቦታውን አሁን ማስያዝ ነው።,Suggestion,3,Suggestion_09,test
2769,ሪፖርቱ ነገ ጠዋት አልቀረበም።,Complaint,6,Complaint_05,train
2770,ተጠንቀቅ፣ ለአለቃዬ ካልደወልክ ችግር ይፈጥራል።,Warning,4,Warning_12,train
2771,ውሉ በዚህ አመት ተፈርሟል።,Assertion,1,Assertion_07,train
2772,እርግጥ ነው፣ ምግቡ ዝግጁ ነው... በጣም ጣፋጭ!,Sarcasm/Irony,5,Sarcasm/Irony_09,train
2773,ነጋዴው፣ ስራ በሆቴል እንዴት ነው?,Phatic,7,Phatic_00,val
2774,መጽሐፉ በሚቀጥለው ቀን አልደረሰኝም።,Complaint,6,Complaint_09,train
2775,ሀሳቤ መረጃውን ለጓደኛዋ ማጋራት ነው።,Suggestion,3,Suggestion_11,train
2776,እንዴት ነሽ?,Phatic,7,Phatic_05,train
2777,ይቅርታ፣ ለጓደኛችን መላክ አልችልም።,Refusal,2,Refusal_05,train
2778,አልፈልግም፣ ቦታውን ማስያዝ አልችልም።,Refusal,2,Refusal_09,train
2779,እንደኔ ሀሳብ ሪፖርቱን በሚቀጥለው ቀን ማቅረብ ይሻላል።,Suggestion,3,Suggestion_07,test
2780,እርግጥ ነው፣ ሪፖርቱ ዝግጁ ነው... በጣም ፈጣን!,Sarcasm/Irony,5,Sarcasm/Irony_05,train
2781,ሰላም ነው?,Phatic,7,Phatic_04,train
2782,አዎ፣ ውሉ ተፈርሟል... በጣም ቀላል ነበር!,Sarcasm/Irony,5,Sarcasm/Irony_04,val
2783,ተጠንቀቅ፣ ስጦታውን ነገ ጠዋት ካላመጣህ ችግር ይፈጥራል።,Warning,4,Warning_06,train
2784,የሸቀጡ ችግር ከምሽቱ ጀምሮ ከጓደኛችን ጋር እፈታለሁ።,Assertion,1,Assertion_00,train
2785,ውሉን በዚህ ወር እፈርማለሁ።,Promise,8,Promise_04,train
2786,እርግጥ ነው፣ ክፍያው ተከፍሏል... በጣም ቀላል!,Sarcasm/Irony,5,Sarcasm/Irony_03,train
2787,ስራው ዛሬ አልተጠናቀቀም።,Complaint,6,Complaint_12,train
2788,አይ፣ አሁን ደብዳቤው ማድረግ አልችልም።,Refusal,2,Refusal_01,train
2789,አዎ፣ ቦታው ነፃ ነው... በጣም ምቹ!,Sarcasm/Irony,5,Sarcasm/Irony_08,train
2790,ለአጋሬ በሚቀጥለው ሳምንት እደውላለሁ።,Promise,8,Promise_10,train
2791,የትዕዛዙ ችግር ከዛሬ ጀምሮ ከደንበኛው ጋር እፈታለሁ።,Promise,8,Promise_00,test
2792,እርግጥ ነው፣ መጽሐፉ ጥሩ ነው... በጣም ጥሩ!,Sarcasm/Irony,5,Sarcasm/Irony_13,train
2793,አይ፣ መጽሐፉን ማበደር አልችልም።,Refusal,2,Refusal_13,train
2794,ስጦታውን በዚህ አመት አደርሳለሁ።,Promise,8,Promise_01,train
2795,ሀሳቤ መረጃውን ለአስተዳዳሪው ማጋራት ነው።,Suggestion,3,Suggestion_11,train
2796,ሀሳቤ መረጃውን ለፖሊሱ ማጋራት ነው።,Suggestion,3,Suggestion_11,train
2797,ሪፖርቱ ዝግጁ ነው።,Assertion,1,Assertion_08,test
2798,ውሉ ነገ ማታ ተፈርሟል።,Assertion,1,Assertion_07,train
2799,እባክዎ መረጃውን ነገ ጠዋት ይላኩልኝ።,Request,0,Request_07,train
2800,አዎ፣ ስራው ተጠናቀቀ... በጣም ፈጣን!,Sarcasm/Irony,5,Sarcasm/Irony_12,train
2801,ጤና ይስጥልኝ፣ ዛሬ እንዴት ነው?,Phatic,7,Phatic_13,train
2802,ነጋዴው፣ ዛሬ እንዴት ነው?,Phatic,7,Phatic_07,train
2803,መጽሐፉን ዛሬ አመልሳለሁ።,Promise,8,Promise_09,train
2804,የጓደኛዬ አገልግሎት መጥፎ ነው።,Complaint,6,Complaint_10,train
2805,ክፍያው በሚቀጥለው ሳምንት አልተከፈለም።,Complaint,6,Complaint_03,test
2806,እንዴት ነህ ጓደኛ?,Phatic,7,Phatic_12,train
2807,ጤና ይስጥልኝ፣ ጓደኛዬ እንዴት ነው?,Phatic,7,Phatic_10,train
2808,እባክዎ መረጃውን በዚህ አመት ይላኩልኝ።,Request,0,Request_07,train
2809,አልችልም፣ ውሉን ነገ ጠዋት ማድረስ አልቻልኩም።,Refusal,2,Refusal_00,train
2810,ውሉን ነገ ማታ እፈርማለሁ።,Promise,8,Promise_04,train
2811,ሪፖርቱን በቅርቡ አቀርባለሁ።,Promise,8,Promise_05,train
2812,የመልእክቱ ችግርን ነገ ማታ እፈታለሁ።,Promise,8,Promise_14,train
2813,እንደምን አደረሽ?,Phatic,7,Phatic_09,test
2814,ጤና ይስጥልኝ፣ ዛሬ እንዴት ነው?,Phatic,7,Phatic_13,val
2815,ይቅርታ፣ ለባልደረባዬ መላክ አልችልም።,Refusal,2,Refusal_05,train
2816,እባክሽ ኮንትራቱን ነገ አምጪልኝ።,Request,0,Request_01,train
2817,የትዕዛዙ ችግር ከባለፈው ሳምንት ጀምሮ ከአጋሬ ጋር እፈታለሁ።,Promise,8,Promise_00,train
2818,መረጃው በሚቀጥለው ሳምንት አልደረሰኝም።,Complaint,6,Complaint_06,train
2819,ምናልባት ለአስተዳዳሪው መደወል ይሻላል።,Suggestion,3,Suggestion_06,train
2820,የትዕዛዙ ችግር ከጠዋቱ ጀምሮ ከሰራተኛው ጋር እፈታለሁ።,Promise,8,Promise_00,train
2821,እንደሚመስለኝ ትዕዛዙን በዚህ አመት ማጠናቀቅ ይሻላል።,Suggestion,3,Suggestion_04,test
2822,ይቅርታ፣ ውሳኔውን በቅርቡ ማሳወቅ አልችልም።,Refusal,2,Refusal_14,train
2823,ሪፖርቱ ዝግጁ ነው።,Assertion,1,Assertion_08,train
2824,አልፈልግም፣ ቦታውን ማስያዝ አልችልም።,Refusal,2,Refusal_09,train
2825,ስራው አሁን አልተጠናቀቀም።,Complaint,6,Complaint_12,train
2826,ተጠንቀቅ፣ ውሉን በሚቀጥለው ሳምንት ካልፈረምክ ህጋዊ ችግር ይፈጥራል።,Warning,4,Warning_04,train
2827,እባክሽ ትዕዛዙን ዛሬ ማታ አምጪልኝ።,Request,0,Request_05,train
2828,ሰላም ነው?,Phatic,7,Phatic_04,val
2829,ቦታው ነፃ ነው።,Assertion,1,Assertion_10,test
2830,ማስጠንቀቂያ፣ ትዕዛዙን በሚቀጥለው ቀን ካላጠናቀቅክ ቅጣት አለ።,Warning,4,Warning_01,test
2831,ነጋዴው፣ ስራ እንዴት እየሄደ ነው?,Phatic,7,Phatic_14,train
2832,ምናልባት ምግቡን ዛሬ ማታ ማዘጋጀት ይሻላል።,Suggestion,3,Suggestion_12,train
2833,ቦታውን በፍጥነት አስይዛለሁ።,Promise,8,Promise_07,test
2834,ማስጠንቀቂያ፣ ሪፖርቱን ነገ ካላቀረብክ ቅጣት አለ።,Warning,4,Warning_05,train
2835,መረጃውን በዚህ ሳምንት እላካለሁ።,Promise,8,Promise_06,val
2836,ይሻላል ውሳኔውን ዛሬ ማታ ማሳወቅ።,Suggestion,3,Suggestion_14,train
2837,ተጠንቀቅ፣ ስጦታውን አሁን ካላመጣህ ችግር ይፈጥራል።,Warning,4,Warning_06,train
2838,ቦታውን በፍጥነት አስይዛለሁ።,Promise,8,Promise_07,val
2839,ነጋዴው፣ ስራ እንዴት እየሄደ ነው?,Phatic,7,Phatic_14,train
2840,ውሉ በቅርቡ ተፈርሟል።,Assertion,1,Assertion_07,test
2841,ክፍያው ተከፍሏል።,Assertion,1,Assertion_05,train
2842,እባክዎ ቦታውን በሚቀጥለው ወር ያስይዙልኝ።,Request,0,Request_12,train
2843,ሪፖርቱን ዛሬ አቀርባለሁ።,Promise,8,Promise_05,test
2844,ሪፖርቱ ዝግጁ ነው።,Assertion,1,Assertion_08,val
2845,ቦታውን በሚቀጥለው ሳምንት አረጋግጣለሁ።,Promise,8,Promise_13,train
2846,የምግቡ ችግር ከአርብ ጀምሮ ከእናቴ ጋር እፈታለሁ።,Assertion,1,Assertion_00,train
2847,ይሻላል ውሳኔውን በዚህ ወር ማሳወቅ።,Suggestion,3,Suggestion_14,train
2848,ይሻላል ሰነዱን ለጓደኛዬ ማሳወቅ።,Suggestion,3,Suggestion_02,val
2849,መጽሐፉ በዚህ ወር አልደረሰኝም።,Complaint,6,Complaint_09,test
2850,ይቅርታ፣ ትዕዛዙን በሚቀጥለው ቀን መላክ አልችልም።,Refusal,2,Refusal_02,test
2851,የትዕዛዙ ችግር ከባለፈው ሳምንት ጀምሮ ከጓደኛችን ጋር እፈታለሁ።,Promise,8,Promise_00,train
2852,ተጠንቀቅ፣ ሪፖርቱን ዛሬ ካላደረግክ ችግር ይፈጥራል።,Warning,4,Warning_00,train
2853,የእህቴ ስራ በትምህርት ቤት ጥሩ ነው።,Assertion,1,Assertion_06,val
2854,ተጠንቀቅ፣ መጽሐፉን ዛሬ ካላመለስክ ቅጣት አለ።,Warning,4,Warning_10,train
2855,ሪፖርቱ በዚህ ሳምንት አልቀረበም።,Complaint,6,Complaint_05,train
2856,ስራውን ዛሬ ጠዋት አጠናቅቃለሁ።,Promise,8,Promise_12,train
2857,መጽሐፉን በፍጥነት አመልሳለሁ።,Promise,8,Promise_09,train
2858,አይደለም፣ ውሉን በሚቀጥለው ቀን ማረጋገጥ አልችልም።,Refusal,2,Refusal_04,test
2859,ክፍያው ተከፍሏል።,Assertion,1,Assertion_05,train
2860,አይ፣ ክፍያውን አሁን ማድረግ አልችልም።,Refusal,2,Refusal_07,val
2861,አይ፣ መጽሐፉን ማበደር አልችልም።,Refusal,2,Refusal_13,train
2862,እባክዎ ትዕዛዙን ለቤተሰቤ በዚህ አመት ይላኩልኝ።,Request,0,Request_03,test
2863,ክፍያው ተከፍሏል።,Assertion,1,Assertion_05,train
2864,የትዕዛዙ ችግር ከባለፈው ሳምንት ጀምሮ ከሰራተኛው ጋር እፈታለሁ።,Promise,8,Promise_00,test
2865,ይሻላል ውሳኔውን ዛሬ ማሳወቅ።,Suggestion,3,Suggestion_14,train
2866,ተጠንቀቅ፣ ውሉን በዚህ ሳምንት ካልፈረምክ ህጋዊ ችግር ይፈጥራል።,Warning,4,Warning_04,test
2867,ውሉ ዛሬ ተፈርሟል።,Assertion,1,Assertion_07,train
2868,እርግጥ ነው፣ ክፍያው ተከፍሏል... በጣም ቀላል!,Sarcasm/Irony,5,Sarcasm/Irony_03,train
2869,እርግጥ ነው፣ ምግቡ ዝግጁ ነው... በጣም ጣፋጭ!,Sarcasm/Irony,5,Sarcasm/Irony_09,val
2870,እንደሚመስለኝ ትዕዛዙን ነገ ጠዋት ማጠናቀቅ ይሻላል።,Suggestion,3,Suggestion_04,test
2871,ውሉን ነገ ማታ እፈርማለሁ።,Promise,8,Promise_04,val
2872,አዎ፣ መጽሐፉ ተመልሷል... በጣም ቀላል!,Sarcasm/Irony,5,Sarcasm/Irony_10,train
2873,የመጽሐፉ ችግርን በሚቀጥለው ወር እፈታለሁ።,Promise,8,Promise_14,val
2874,ማስጠንቀቂያ፣ ውሳኔውን በዚህ ወር ካላሳወቅክ ችግር ይፈጥራል።,Warning,4,Warning_11,train
2875,ጤና ይስጥልኝ፣ ዛሬ እንዴት ነው?,Phatic,7,Phatic_13,train
2876,ጤና ይስጥልኝ፣ እናቴ እንዴት ነው?,Phatic,7,Phatic_10,train
2877,መጽሐፉ በቅርቡ ደረሰ።,Assertion,1,Assertion_11,train
2878,ይሻላል ክፍያውን በሚቀጥለው ወር ማድረግ።,Suggestion,3,Suggestion_08,train
2879,እባክዎ መጽሐፉን ነገ ጠዋት ይላኩልኝ።,Request,0,Request_14,train
2880,መረጃው በፍጥነት አልደረሰኝም።,Complaint,6,Complaint_06,train
2881,አዎ፣ ስራው ተጠናቀቀ... በጣም ፈጣን!,Sarcasm/Irony,5,Sarcasm/Irony_12,train
2882,አዎ፣ መጽሐፉ ተመልሷል... በጣም ቀላል!,Sarcasm/Irony,5,Sarcasm/Irony_10,val
2883,መጽሐፉን በሚቀጥለው ቀን አመልሳለሁ።,Promise,8,Promise_09,val
2884,ጤና ይስጥልኝ፣ ቤተሰብ እንዴት ናቸው?,Phatic,7,Phatic_06,train
2885,ስራው ነገ ማታ ተጀምሯል።,Assertion,1,Assertion_13,train
2886,የውሳኔው ችግር ከረቡዕ ጀምሮ አልተፈታም።,Complaint,6,Complaint_02,train
2887,ፋይሉን በሚቀጥለው ቀን አረጋግጣለሁ።,Promise,8,Promise_13,train
2888,አልፈልግም፣ ኮንትራቱን አልቀበልም።,Refusal,2,Refusal_03,train
2889,አልፈልግም፣ ሪፖርቱን አልቀበልም።,Refusal,2,Refusal_03,test
2890,ትዕዛዙን ነገ ማታ አጠናቅቃለሁ።,Promise,8,Promise_02,val
2891,ውሉ ዛሬ ማታ አልተፈረመም።,Complaint,6,Complaint_04,train
2892,አዎ፣ ለእህቴ ደውያለሁ... በጣም ቀላል!,Sarcasm/Irony,5,Sarcasm/Irony_14,train
2893,ይቅርታ፣ ትዕዛዙን ነገ መላክ አልችልም።,Refusal,2,Refusal_02,val
2894,መጽሐፉ በዚህ ወር ደረሰ።,Assertion,1,Assertion_11,train
2895,መረጃውን በዚህ ወር እላካለሁ።,Promise,8,Promise_06,train
2896,ውሳኔውን በዚህ ወር አሳውቃለሁ።,Promise,8,Promise_11,train
2897,ጤና ይስጥልኝ፣ ቤተሰብ እንዴት ናቸው?,Phatic,7,Phatic_06,val
2898,እባክሽ ሰነዱን አሁን አምጪልኝ።,Request,0,Request_01,train
2899,አይ፣ ክፍያውን አሁን ማድረግ አልችልም።,Refusal,2,Refusal_07,train
2900,እንደኔ ሀሳብ ሪፖርቱን ዛሬ ማታ ማቅረብ ይሻላል።,Suggestion,3,Suggestion_07,train
2901,ትዕዛዙ በዚህ ወር ተጠናቀቀ።,Assertion,1,Assertion_02,val
2902,አይ፣ አሁን መልእክቱ ማድረግ አልችልም።,Refusal,2,Refusal_01,train
2903,አልፈልግም፣ ውሳኔውን አልቀበልም።,Refusal,2,Refusal_03,train
2904,አዎ፣ መጽሐፉ ተመልሷል... በጣም ቀላል!,Sarcasm/Irony,5,Sarcasm/Irony_10,val
2905,ማስጠንቀቂያ፣ መረጃውን ካላጋራህ ችግር ይፈጥራል።,Warning,4,Warning_07,train
2906,ማስጠንቀቂያ፣ መረጃውን ካላጋራህ ችግር ይፈጥራል።,Warning,4,Warning_07,train
2907,እባክዎ አገልግሎቱን አሁን ይላኩልኝ።,Request,0,Request_04,train
2908,ስጦታውን ዛሬ ማታ አደርሳለሁ።,Promise,8,Promise_01,train
2909,ምክሬ ቦታውን አሁን ማስያዝ ነው።,Suggestion,3,Suggestion_09,train
2910,ጤና ይስጥልኝ፣ ቤተሰብ እንዴት ናቸው?,Phatic,7,Phatic_06,train
2911,እንዴት ነህ ጓደኛ?,Phatic,7,Phatic_12,train
2912,መጽሐፉ ዛሬ ማታ አልደረሰኝም።,Complaint,6,Complaint_09,train
2913,ውሉን ነገ እፈርማለሁ።,Promise,8,Promise_04,test
2914,የቲኬቱ ጥራት ዝቅተኛ ነው።,Complaint,6,Complaint_11,train
2915,እንዴት ነህ ጓደኛ?,Phatic,7,Phatic_12,train
2916,ስራው ነገ ማታ አልተጠናቀቀም።,Complaint,6,Complaint_12,train
2917,የቦታው ጥራት ዝቅተኛ ነው።,Complaint,6,Complaint_11,test
2918,ማስጠንቀቂያ፣ ሰነዱን በዚህ ወር ካላረጋገጥክ ችግር ይፈጥራል።,Warning,4,Warning_13,train
2919,እንዴት ነሽ?,Phatic,7,Phatic_05,train
2920,እባክዎ ውሉን ለአለቃዬ በዚህ ወር ይላኩልኝ።,Request,0,Request_02,test
2921,እባክዎ ስጦታውን በሚቀጥለው ሳምንት ያድርሱልኝ።,Request,0,Request_06,train
2922,እባክዎ ስጦታውን አሁን ያድርሱልኝ።,Request,0,Request_06,train
2923,ይቅርታ፣ ለእናቴ መጥራት አልችልም።,Refusal,2,Refusal_11,val
2924,ሰላም ነው ወንድሜ?,Phatic,7,Phatic_11,test
2925,መረጃውን በፍጥነት እላካለሁ።,Promise,8,Promise_06,train
2926,እባክዎ ስጦታውን በሚቀጥለው ሳምንት ያድርሱልኝ።,Request,0,Request_06,train
2927,ሰላም ነው?,Phatic,7,Phatic_04,train
2928,ሰላም፣ እንዴት ነህ?,Phatic,7,Phatic_01,train
2929,እባክዎ ኮንትራቱን አሁን ይላኩልኝ።,Request,0,Request_04,val
2930,ትዕዛዙ በሚቀጥለው ሳምንት ተጠናቀቀ።,Assertion,1,Assertion_02,train
2931,አይ፣ አሁን ቲኬቱ ማድረግ አልችልም።,Refusal,2,Refusal_01,val
2932,እባክዎ መረጃውን በሚቀጥለው ሳምንት ይላኩልኝ።,Request,0,Request_07,train
2933,እባክዎ ክፍያውን በፍጥነት ያረጋግጡልኝ።,Request,0,Request_08,test
2934,ሰላም ነው?,Phatic,7,Phatic_04,train
2935,ማስጠንቀቂያ፣ ምግቡን በሚቀጥለው ሳምንት ካላዘጋጀህ ችግር ይፈጥራል።,Warning,4,Warning_09,train
2936,ውሳኔውን በዚህ ሳምንት አሳውቃለሁ።,Promise,8,Promise_11,val
2937,ማስጠንቀቂያ፣ መረጃውን ካላጋራህ ችግር ይፈጥራል።,Warning,4,Warning_07,test
2938,እባክዎ ትዕዛዙን ለፖሊሱ ዛሬ ጠዋት ይላኩልኝ።,Request,0,Request_03,train
2939,እርግጥ ነው፣ ሪፖርቱ ዝግጁ ነው... በጣም ፈጣን!,Sarcasm/Irony,5,Sarcasm/Irony_05,test
2940,እርግጥ ነው፣ ክፍያው ተከፍሏል... በጣም ቀላል!,Sarcasm/Irony,5,Sarcasm/Irony_03,val
2941,ስጦታው በዚህ ወር ደርሷል።,Assertion,1,Assertion_01,train
2942,እርግጥ ነው፣ ትዕዛዙ በዚህ አመት ተጠናቀቀ... በጣም ፈጣን!,Sarcasm/Irony,5,Sarcasm/Irony_01,train
2943,ቦታው ነገ ጠዋት አልተያዘም።,Complaint,6,Complaint_07,train
2944,አልፈልግም፣ ቦታውን ማስያዝ አልችልም።,Refusal,2,Refusal_09,val
2945,ውሉን ነገ እፈርማለሁ።,Promise,8,Promise_04,train
2946,እባክዎ አገልግሎቱን አሁን ይላኩልኝ።,Request,0,Request_04,val
2947,እርግጥ ነው፣ ትዕዛዙ አሁን ተጠናቀቀ... በጣም ፈጣን!,Sarcasm/Irony,5,Sarcasm/Irony_01,train
2948,ምግቡን በሚቀጥለው ሳምንት አዘጋጃለሁ።,Promise,8,Promise_08,train
2949,እርግጥ ነው፣ ትዕዛዙ ነገ ማታ ተጠናቀቀ... በጣም ፈጣን!,Sarcasm/Irony,5,Sarcasm/Irony_01,train
2950,ማስጠንቀቂያ፣ ትዕዛዙን በፍጥነት ካላጠናቀቅክ ቅጣት አለ።,Warning,4,Warning_01,train
2951,እርግጥ ነው፣ ትዕዛዙ ዛሬ ተጠናቀቀ... በጣም ፈጣን!,Sarcasm/Irony,5,Sarcasm/Irony_01,train
2952,አልችልም፣ ምግቡን ነገ ጠዋት ማዘጋጀት አልቻልኩም።,Refusal,2,Refusal_12,val
2953,ይቅርታ፣ ትዕዛዙን በፍጥነት መላክ አልችልም።,Refusal,2,Refusal_02,test
2954,ውሉ በሚቀጥለው ቀን ተፈርሟል።,Assertion,1,Assertion_07,train
2955,ይቅርታ፣ መረጃውን ማጋራት አልችልም።,Refusal,2,Refusal_08,test
2956,አልችልም፣ ምግቡን ዛሬ ማዘጋጀት አልቻልኩም።,Refusal,2,Refusal_12,val
2957,ስራው ዛሬ አልተጠናቀቀም።,Complaint,6,Complaint_12,test
2958,ይሻላል ክፍያውን በፍጥነት ማድረግ።,Suggestion,3,Suggestion_08,train
2959,ስራውን በሚቀጥለው ወር አጠናቅቃለሁ።,Promise,8,Promise_12,test
2960,አዎ፣ ውሉ ተፈርሟል... በጣም ቀላል ነበር!,Sarcasm/Irony,5,Sarcasm/Irony_04,val
2961,የምግቡ ጥራት ዝቅተኛ ነው።,Complaint,6,Complaint_11,val
2962,ለአስተዳዳሪው ነገ እደውላለሁ።,Promise,8,Promise_10,test
2963,አዎ፣ ቦታው ነፃ ነው... በጣም ምቹ!,Sarcasm/Irony,5,Sarcasm/Irony_08,test
2964,ውሳኔው አሁን አልተሰጠም።,Complaint,6,Complaint_13,train
2965,ተጠንቀቅ፣ ለቤተሰቤ ካልደወልክ ችግር ይፈጥራል።,Warning,4,Warning_12,val
2966,ነጋዴው፣ ስራ በሆስፒታል እንዴት ነው?,Phatic,7,Phatic_00,train
2967,እርግጥ ነው፣ ውሳኔው ትክክል ነው... በጣም ጥሩ!,Sarcasm/Irony,5,Sarcasm/Irony_11,train
2968,የሪፖርቱ ችግር ከዛሬ ጀምሮ አልተፈታም።,Complaint,6,Complaint_02,val
2969,ማስጠንቀቂያ፣ ምግቡን በዚህ አመት ካላዘጋጀህ ችግር ይፈጥራል።,Warning,4,Warning_09,train
2970,ተጠንቀቅ፣ ለጓደኛችን ካልደወልክ ችግር ይፈጥራል።,Warning,4,Warning_12,train
2971,ቦታውን ዛሬ አስይዛለሁ።,Promise,8,Promise_07,train
2972,የቤተሰቤ ስራ በሆቴል ጥሩ ነው።,Assertion,1,Assertion_06,train
2973,ውሉን ነገ ማታ እፈርማለሁ።,Promise,8,Promise_04,test
2974,የአለቃዬ ስራ በቤተ መንግስት ጥሩ ነው።,Assertion,1,Assertion_06,test
2975,ሀሳቤ መረጃውን ለሰራተኛው ማጋራት ነው።,Suggestion,3,Suggestion_11,train
2976,እርግጥ ነው፣ ሪፖርቱ ዝግጁ ነው... በጣም ፈጣን!,Sarcasm/Irony,5,Sarcasm/Irony_05,train
2977,እርግጥ ነው፣ ውሳኔው ትክክል ነው... በጣም ጥሩ!,Sarcasm/Irony,5,Sarcasm/Irony_11,train
2978,መጽሐፉ በሚቀጥለው ቀን ደረሰ።,Assertion,1,Assertion_11,train
2979,ተጠንቀቅ፣ ቦታውን አሁን ካላስያዝክ ይያዛል።,Warning,4,Warning_08,train
2980,ተጠንቀቅ፣ ስራውን በሚቀጥለው ቀን ካላጠናቀቅክ ቅጣት አለ።,Warning,4,Warning_14,train
2981,የመጽሐፉ ችግር ከትናንት ጀምሮ አልተፈታም።,Complaint,6,Complaint_02,train
2982,እንደሚመስለኝ ስጦታውን ነገ ማምጣት ይሻላል።,Suggestion,3,Suggestion_10,val
2983,እንደኔ ሀሳብ መጽሐፉን ነገ ማታ ማንበብ ይሻላል።,Suggestion,3,Suggestion_13,train
2984,እባክዎ መረጃውን በሚቀጥለው ወር ይላኩልኝ።,Request,0,Request_07,train
2985,አዎ፣ ክፍያውን በዚህ ወር አደረግኩት... ትክክል ነው!,Sarcasm/Irony,5,Sarcasm/Irony_00,train
2986,ጤና ይስጥልኝ፣ ዛሬ እንዴት ነው?,Phatic,7,Phatic_13,test
2987,ውሳኔው ነገ ጠዋት አልተሰጠም።,Complaint,6,Complaint_13,train
2988,ሰላም፣ ስራ በሆቴል እንዴት ነው?,Phatic,7,Phatic_08,test
2989,እባክሽ ምግቡን ዛሬ ማታ አዘጋጅልኝ።,Request,0,Request_13,val
2990,ሪፖርቱ ዝግጁ ነው።,Assertion,1,Assertion_08,train
2991,አይ፣ መጽሐፉን ማበደር አልችልም።,Refusal,2,Refusal_13,train
2992,እንዴት ነህ ጓደኛ?,Phatic,7,Phatic_12,train
2993,መረጃው ነገ አልደረሰኝም።,Complaint,6,Complaint_06,train
2994,መጽሐፉ አሁን አልደረሰኝም።,Complaint,6,Complaint_09,train
2995,ማስጠንቀቂያ፣ ትዕዛዙን በሚቀጥለው ሳምንት ካላጠናቀቅክ ቅጣት አለ።,Warning,4,Warning_01,train
2996,አልችልም፣ ምግቡን በሚቀጥለው ወር ማዘጋጀት አልቻልኩም።,Refusal,2,Refusal_12,train
2997,ሰላም ነው ወንድሜ?,Phatic,7,Phatic_11,train
2998,አልችልም፣ ኮንትራቱን በፍጥነት ማድረስ አልቻልኩም።,Refusal,2,Refusal_00,train
2999,ተጠንቀቅ፣ መጽሐፉን በዚህ ወር ካላመለስክ ቅጣት አለ።,Warning,4,Warning_10,train
3000,እርግጥ ነው፣ ክፍያው ተከፍሏል... በጣም ቀላል!,Sarcasm/Irony,5,Sarcasm/Irony_03,val
3001,ውሉ በዚህ ወር ተፈርሟል።,Assertion,1,Assertion_07,train
3002,ምግቡን በዚህ ወር አዘጋጃለሁ።,Promise,8,Promise_08,val
3003,ጤና ይስጥልኝ፣ ቤተሰብ እንዴት ናቸው?,Phatic,7,Phatic_06,train
3004,ይሻላል ውሳኔውን ነገ ማታ ማሳወቅ።,Suggestion,3,Suggestion_14,train
3005,መረጃው በሚቀጥለው ሳምንት አልደረሰኝም።,Complaint,6,Complaint_06,test
3006,እንደምን አደርክ?,Phatic,7,Phatic_03,train
3007,ትዕዛዙ በሚቀጥለው ሳምንት ተጠናቀቀ።,Assertion,1,Assertion_02,train
3008,ስጦታውን ዛሬ አረጋግጣለሁ።,Promise,8,Promise_13,train
3009,እባክሽ ውሉን በፍጥነት አምጪልኝ።,Request,0,Request_01,test
3010,አዎ፣ መጽሐፉ ተመልሷል... በጣም ቀላል!,Sarcasm/Irony,5,Sarcasm/Irony_10,test
3011,እባክዎ ስጦታውን በሚቀጥለው ወር ያድርሱልኝ።,Request,0,Request_06,train
3012,ውሉ በሚቀጥለው ወር አልተፈረመም።,Complaint,6,Complaint_04,train
3013,አዎ፣ ውሉ ተፈርሟል... በጣም ቀላል ነበር!,Sarcasm/Irony,5,Sarcasm/Irony_04,val
3014,ተጠንቀቅ፣ ለወንድሜ ካልላክ ችግር ይፈጥራል።,Warning,4,Warning_02,test
3015,እርግጥ ነው፣ ክፍያው ተከፍሏል... በጣም ቀላል!,Sarcasm/Irony,5,Sarcasm/Irony_03,test
3016,የጓደኛዬ ውሳኔ ትክክል ነው።,Assertion,1,Assertion_12,val
3017,ክፍያው በቅርቡ አልተከፈለም።,Complaint,6,Complaint_03,val
3018,ይሻላል ሸቀጡን ለደንበኛው ማሳወቅ።,Suggestion,3,Suggestion_02,train
3019,ጤና ይስጥልኝ፣ ስራ እንዴት ነው?,Phatic,7,Phatic_02,train
3020,ውሉ ነገ ጠዋት አልተፈረመም።,Complaint,6,Complaint_04,val
3021,ትዕዛዙ ነገ አልደረሰኝም።,Complaint,6,Complaint_01,train
3022,ክፍያውን ነገ ማታ አደርጋለሁ።,Promise,8,Promise_03,val
3023,ለአስተዳዳሪው በዚህ አመት አልደወሉልኝም።,Complaint,6,Complaint_14,test
3024,ሪፖርቱ ዝግጁ ነው።,Assertion,1,Assertion_08,train
3025,ማስጠንቀቂያ፣ ክፍያውን ነገ ጠዋት ካላደረግክ አገልግሎት ይቋረጣል።,Warning,4,Warning_03,train
3026,መረጃው ትክክል ነው።,Assertion,1,Assertion_04,train
3027,ምናልባት ለሰራተኛው መደወል ይሻላል።,Suggestion,3,Suggestion_06,train
3028,አዎ፣ ስራው ተጠናቀቀ... በጣም ፈጣን!,Sarcasm/Irony,5,Sarcasm/Irony_12,test
3029,አይደለም፣ ሪፖርቱን ነገ ማታ ማጠናቀቅ አልችልም።,Refusal,2,Refusal_10,test
3030,አልችልም፣ ምግቡን በዚህ ሳምንት ማዘጋጀት አልቻልኩም።,Refusal,2,Refusal_12,train
3031,ትዕዛዙን በዚህ ወር አጠናቅቃለሁ።,Promise,8,Promise_02,train
3032,የስጦታው ጥራት ዝቅተኛ ነው።,Complaint,6,Complaint_11,train
3033,የአባቴ ውሳኔ ትክክል ነው።,Assertion,1,Assertion_12,train
3034,መጽሐፉን ዛሬ አመልሳለሁ።,Promise,8,Promise_09,train
3035,እንደምን አደርክ?,Phatic,7,Phatic_03,train
3036,ይሻላል ውሳኔውን በሚቀጥለው ሳምንት ማሳወቅ።,Suggestion,3,Suggestion_14,test
3037,የፖሊሱ ስራ በፍርድ ቤት ጥሩ ነው።,Assertion,1,Assertion_06,train
3038,ይቅርታ፣ ትዕዛዙን በሚቀጥለው ቀን መላክ አልችልም።,Refusal,2,Refusal_02,train
3039,የመልእክቱ ጥራት ከፍተኛ ነው።,Assertion,1,Assertion_14,train
3040,ትዕዛዙ በዚህ አመት ተጠናቀቀ።,Assertion,1,Assertion_02,val
3041,ማስጠንቀቂያ፣ መረጃውን ካላጋራህ ችግር ይፈጥራል።,Warning,4,Warning_07,train
3042,ተጠንቀቅ፣ ስጦታውን በሚቀጥለው ቀን ካላመጣህ ችግር ይፈጥራል።,Warning,4,Warning_06,test
3043,የመጽሐፉ ሁኔታ ጥሩ ነው።,Assertion,1,Assertion_03,test
3044,መረጃው ትክክል ነው።,Assertion,1,Assertion_04,val
3045,አዎ፣ ውሉ ተፈርሟል... በጣም ቀላል ነበር!,Sarcasm/Irony,5,Sarcasm/Irony_04,train
3046,እባክዎ መጽሐፉን ነገ ጠዋት ይላኩልኝ።,Request,0,Request_14,test
3047,ተጠንቀቅ፣ ውሉን አሁን ካልፈረምክ ህጋዊ ችግር ይፈጥራል።,Warning,4,Warning_04,test
3048,ማስጠንቀቂያ፣ ሪፖርቱን ነገ ካላቀረብክ ቅጣት አለ።,Warning,4,Warning_05,test
3049,ነጋዴው፣ ስራ በቤት እንዴት ነው?,Phatic,7,Phatic_00,train
3050,እባክዎ ቦታውን ነገ ጠዋት ይላኩልኝ።,Request,0,Request_00,val
3051,ክፍያው ተከፍሏል።,Assertion,1,Assertion_05,train
3052,መረጃውን ነገ ማታ እላካለሁ።,Promise,8,Promise_06,train
3053,ክፍያው ዛሬ ማታ አልተከፈለም።,Complaint,6,Complaint_03,test
3054,ተጠንቀቅ፣ መጽሐፉን አሁን ካላመለስክ ቅጣት አለ።,Warning,4,Warning_10,train
3055,እባክዎ ውሉን ለወንድሜ ነገ ይላኩልኝ።,Request,0,Request_02,val
3056,ቦታው በቅርቡ አልተያዘም።,Complaint,6,Complaint_07,val
3057,ሰላም ነው?,Phatic,7,Phatic_04,train
3058,ተጠንቀቅ፣ ስጦታውን በሚቀጥለው ቀን ካላመጣህ ችግር ይፈጥራል።,Warning,4,Warning_06,train
3059,ሀሳቤ መረጃውን ለአለቃዬ ማጋራት ነው።,Suggestion,3,Suggestion_11,train
3060,ሪፖርቱ በዚህ ወር አልቀረበም።,Complaint,6,Complaint_05,train
3061,ሰላም፣ እንዴት ነህ?,Phatic,7,Phatic_01,train
3062,መረጃው በዚህ ሳምንት አልደረሰኝም።,Complaint,6,Complaint_06,train
3063,ስጦታው ገና ወደ ሬስቶራንት በሚቀጥለው ቀን አልደረሰኝም።,Complaint,6,Complaint_00,train
3064,ጤና ይስጥልኝ፣ ዛሬ እንዴት ነው?,Phatic,7,Phatic_13,train
3065,ውሳኔው በዚህ ወር አልተሰጠም።,Complaint,6,Complaint_13,train
3066,የአባቴ አገልግሎት መጥፎ ነው።,Complaint,6,Complaint_10,train
3067,እርግጥ ነው፣ ስጦታው ጥሩ ነው... በጣም ጥሩ!,Sarcasm/Irony,5,Sarcasm/Irony_13,test
3068,የቤተሰቤ ስራ በቤት ጥሩ ነው።,Assertion,1,Assertion_06,test
3069,እንደምን አደርክ?,Phatic,7,Phatic_03,train
3070,ውሉ ዛሬ ማታ አልተፈረመም።,Complaint,6,Complaint_04,train
3071,ይቅርታ፣ ለአጋሬ መጥራት አልችልም።,Refusal,2,Refusal_11,train
3072,አልችልም፣ ምግቡን ዛሬ ማታ ማዘጋጀት አልቻልኩም።,Refusal,2,Refusal_12,train
3073,የትዕዛዙ ችግር ከምሽቱ ጀምሮ ከቤተሰቤ ጋር እፈታለሁ።,Promise,8,Promise_00,val
3074,የውሉ ዋጋ ተቀይሯል።,Assertion,1,Assertion_09,train
3075,አዎ፣ ቦታው ነፃ ነው... በጣም ምቹ!,Sarcasm/Irony,5,Sarcasm/Irony_08,train
3076,እርግጥ ነው፣ ውሳኔው ትክክል ነው... በጣም ጥሩ!,Sarcasm/Irony,5,Sarcasm/Irony_11,test
3077,አልፈልግም፣ ቦታውን ማስያዝ አልችልም።,Refusal,2,Refusal_09,test
3078,ሪፖርቱ ዝግጁ ነው።,Assertion,1,Assertion_08,train
3079,ሀሳቤ ውሉን በሚቀጥለው ወር መፈረም ነው።,Suggestion,3,Suggestion_05,val
3080,ተጠንቀቅ፣ ለጓደኛዬ ካልደወልክ ችግር ይፈጥራል።,Warning,4,Warning_12,train
3081,ነጋዴው፣ ስራ እንዴት እየሄደ ነው?,Phatic,7,Phatic_14,train
3082,ይሻላል ክፍያውን በሚቀጥለው ቀን ማድረግ።,Suggestion,3,Suggestion_08,train
3083,ሀሳቤ መረጃውን ለቤተሰቤ ማጋራት ነው።,Suggestion,3,Suggestion_11,train
3084,እባክሽ ቲኬቱን ዛሬ ማታ አምጪልኝ።,Request,0,Request_05,train
3085,ሪፖርቱን ነገ ጠዋት አቀርባለሁ።,Promise,8,Promise_05,train
3086,እባክዎ መጽሐፉን በዚህ አመት ይላኩልኝ።,Request,0,Request_14,train
3087,ትዕዛዙን ዛሬ አጠናቅቃለሁ።,Promise,8,Promise_02,train
3088,ሪፖርቱ ዝግጁ ነው።,Assertion,1,Assertion_08,train
3089,አይ፣ አሁን ቦታው ማድረግ አልችልም።,Refusal,2,Refusal_01,val
3090,አዎ፣ ለባልደረባዬ ላክኩት... በጣም ጥሩ!,Sarcasm/Irony,5,Sarcasm/Irony_02,train
3091,አዎ፣ ውሉ ተፈርሟል... በጣም ቀላል ነበር!,Sarcasm/Irony,5,Sarcasm/Irony_04,test
3092,አዎ፣ ቦታው ነፃ ነው... በጣም ምቹ!,Sarcasm/Irony,5,Sarcasm/Irony_08,train
3093,ይቅርታ፣ ውሳኔውን ዛሬ ማሳወቅ አልችልም።,Refusal,2,Refusal_14,train
3094,ስራውን በዚህ ሳምንት አጠናቅቃለሁ።,Promise,8,Promise_12,train
3095,ማስጠንቀቂያ፣ ክፍያውን ነገ ማታ ካላደረግክ አገልግሎት ይቋረጣል።,Warning,4,Warning_03,train
3096,የሪፖርቱ ዋጋ ተቀይሯል።,Assertion,1,Assertion_09,train
3097,አይ፣ አሁን ክፍያው ማድረግ አልችልም።,Refusal,2,Refusal_01,train
3098,ምናልባት ምግቡን ነገ ጠዋት ማዘጋጀት ይሻላል።,Suggestion,3,Suggestion_12,val
3099,ቦታውን ነገ አስይዛለሁ።,Promise,8,Promise_07,train
3100,መጽሐፉ በዚህ ወር ደረሰ።,Assertion,1,Assertion_11,train
3101,ስጦታው ነገ ማታ ደርሷል።,Assertion,1,Assertion_01,test
3102,ሰላም ነው ወንድሜ?,Phatic,7,Phatic_11,train
3103,ሀሳቤ መረጃውን ለደንበኛው ማጋራት ነው።,Suggestion,3,Suggestion_11,train
3104,አይ፣ መጽሐፉን ማበደር አልችልም።,Refusal,2,Refusal_13,train
3105,ነጋዴው፣ ዛሬ እንዴት ነው?,Phatic,7,Phatic_07,train
3106,የፋይሉ ጥራት ከፍተኛ ነው።,Assertion,1,Assertion_14,train
3107,ለደንበኛው አሁን አልደወሉልኝም።,Complaint,6,Complaint_14,train
3108,ማስጠንቀቂያ፣ መረጃውን ካላጋራህ ችግር ይፈጥራል።,Warning,4,Warning_07,val
3109,እርግጥ ነው፣ መረጃው ትክክል ነው... በጣም ግልጽ!,Sarcasm/Irony,5,Sarcasm/Irony_07,train
3110,ስራው በዚህ አመት አልተጠናቀቀም።,Complaint,6,Complaint_12,val
3111,የምግቡ ሁኔታ ጥሩ ነው።,Assertion,1,Assertion_03,train
3112,እንዴት ነሽ?,Phatic,7,Phatic_05,train
3113,አዎ፣ ውሉ ተፈርሟል... በጣም ቀላል ነበር!,Sarcasm/Irony,5,Sarcasm/Irony_04,train
3114,አልቻልኩም፣ ስጦታውን በሚቀጥለው ወር ማምጣት አልቻልኩም።,Refusal,2,Refusal_06,val
3115,አልችልም፣ ውሉን ነገ ጠዋት ማድረስ አልቻልኩም።,Refusal,2,Refusal_00,test
3116,አይደለም፣ ሪፖርቱን አሁን ማጠናቀቅ አልችልም።,Refusal,2,Refusal_10,train
3117,ትዕዛዙ በዚህ አመት አልደረሰኝም።,Complaint,6,Complaint_01,val
3118,ውሉ በሚቀጥለው ቀን አልተፈረመም።,Complaint,6,Complaint_04,train
3119,ነጋዴው፣ ስራ እንዴት እየሄደ ነው?,Phatic,7,Phatic_14,val
3120,መጽሐፉን በሚቀጥለው ሳምንት አመልሳለሁ።,Promise,8,Promise_09,train
3121,እንዴት ነሽ?,Phatic,7,Phatic_05,train
3122,እባክዎ ቦታውን በሚቀጥለው ወር ያስይዙልኝ።,Request,0,Request_12,test
3123,አልችልም፣ ምግቡን ዛሬ ማዘጋጀት አልቻልኩም።,Refusal,2,Refusal_12,train
3124,ቦታውን ነገ ማታ አስይዛለሁ።,Promise,8,Promise_07,train
3125,የሪፖርቱ ጥራት ዝቅተኛ ነው።,Complaint,6,Complaint_11,train
3126,ሪፖርቱ ነገ ማታ አልቀረበም።,Complaint,6,Complaint_05,val
3127,አዎ፣ ለእህቴ ደውያለሁ... በጣም ቀላል!,Sarcasm/Irony,5,Sarcasm/Irony_14,train
3128,እባክዎ ክፍያውን በሚቀጥለው ወር ያረጋግጡልኝ።,Request,0,Request_08,train
3129,ተጠንቀቅ፣ ስራውን ነገ ጠዋት ካላጠናቀቅክ ቅጣት አለ።,Warning,4,Warning_14,train
3130,መረጃው ትክክል ነው።,Assertion,1,Assertion_04,test
3131,እርግጥ ነው፣ ስራው ጥሩ ነው... በጣም ጥሩ!,Sarcasm/Irony,5,Sarcasm/Irony_13,train
3132,እባክዎ ትዕዛዙን ለአባቴ አሁን ይላኩልኝ።,Request,0,Request_03,train
3133,እርግጥ ነው፣ መረጃው ትክክል ነው... በጣም ግልጽ!,Sarcasm/Irony,5,Sarcasm/Irony_07,train
3134,አዎ፣ ለደንበኛው ላክኩት... በጣም ጥሩ!,Sarcasm/Irony,5,Sarcasm/Irony_02,train
3135,ውሉን በፍጥነት እፈርማለሁ።,Promise,8,Promise_04,train
3136,ስራው በዚህ አመት አልተጠናቀቀም።,Complaint,6,Complaint_12,train
3137,ማስጠንቀቂያ፣ ሪፖርቱን ነገ ማታ ካላቀረብክ ቅጣት አለ።,Warning,4,Warning_05,train
3138,ትዕዛዙን በቅርቡ አጠናቅቃለሁ።,Promise,8,Promise_02,train
3139,ስጦታውን በዚህ ሳምንት አደርሳለሁ።,Promise,8,Promise_01,val
3140,ይቅርታ፣ ለአስተዳዳሪው መላክ አልችልም።,Refusal,2,Refusal_05,train
3141,ሪፖርቱ ዝግጁ ነው።,Assertion,1,Assertion_08,train
3142,እንደኔ ሀሳብ ሪፖርቱን ዛሬ ማቅረብ ይሻላል።,Suggestion,3,Suggestion_07,train
3143,ምግቡን ነገ ጠዋት አዘጋጃለሁ።,Promise,8,Promise_08,train
3144,እንደምን አደረሽ?,Phatic,7,Phatic_09,val
3145,መጽሐፉን በዚህ ሳምንት አመልሳለሁ።,Promise,8,Promise_09,train
3146,ነጋዴው፣ ስራ በዩኒቨርሲቲ እንዴት ነው?,Phatic,7,Phatic_00,train
3147,ማስጠንቀቂያ፣ ትዕዛዙን በሚቀጥለው ቀን ካላጠናቀቅክ ቅጣት አለ።,Warning,4,Warning_01,val
3148,ክፍያው ተከፍሏል።,Assertion,1,Assertion_05,test
3149,ትዕዛዙን በፍጥነት አጠናቅቃለሁ።,Promise,8,Promise_02,train
3150,ስጦታው ገና ወደ ዩኒቨርሲቲ ነገ አልደረሰኝም።,Complaint,6,Complaint_00,train
3151,ስጦታውን ዛሬ ጠዋት አደርሳለሁ።,Promise,8,Promise_01,test
3152,የፓኬጁ ችግር ከአርብ ጀምሮ አልተፈታም።,Complaint,6,Complaint_02,train
3153,ለወንድሜ ነገ ማታ አልደወሉልኝም።,Complaint,6,Complaint_14,train
3154,የትዕዛዙ ችግር ከባለፈው ሳምንት ጀምሮ ከወንድሜ ጋር እፈታለሁ።,Promise,8,Promise_00,train
3155,እንዴት ነሽ?,Phatic,7,Phatic_05,train
3156,እንደምን አደረሽ?,Phatic,7,Phatic_09,train
3157,እርግጥ ነው፣ ምግቡ ዝግጁ ነው... በጣም ጣፋጭ!,Sarcasm/Irony,5,Sarcasm/Irony_09,train
3158,ማስጠንቀቂያ፣ ውሳኔውን በዚህ አመት ካላሳወቅክ ችግር ይፈጥራል።,Warning,4,Warning_11,train
3159,እባክሽ ምግቡን ነገ አምጪልኝ።,Request,0,Request_01,train
3160,አዎ፣ ቦታው ነፃ ነው... በጣም ምቹ!,Sarcasm/Irony,5,Sarcasm/Irony_08,train
3161,የትዕዛዙ ችግር ከትናንት ጀምሮ ከጓደኛችን ጋር እፈታለሁ።,Promise,8,Promise_00,val
3162,ጤና ይስጥልኝ፣ ስራ እንዴት ነው?,Phatic,7,Phatic_02,train
3163,ቦታውን አሁን አስይዛለሁ።,Promise,8,Promise_07,train
3164,የምግቡ ችግር ከምሽቱ ጀምሮ ከአባቴ ጋር እፈታለሁ።,Assertion,1,Assertion_00,test
3165,አልችልም፣ ሪፖርቱን በዚህ ወር ማድረስ አልቻልኩም።,Refusal,2,Refusal_00,train
3166,ማስጠንቀቂያ፣ መረጃውን ካላጋራህ ችግር ይፈጥራል።,Warning,4,Warning_07,train
3167,እንደሚመስለኝ ስጦታውን በፍጥነት ማምጣት ይሻላል።,Suggestion,3,Suggestion_10,train
3168,የሰራተኛው አገልግሎት መጥፎ ነው።,Complaint,6,Complaint_10,train
3169,ተጠንቀቅ፣ ውሉን በቅርቡ ካልፈረምክ ህጋዊ ችግር ይፈጥራል።,Warning,4,Warning_04,val
3170,ምናልባት ለጓደኛችን መደወል ይሻላል።,Suggestion,3,Suggestion_06,val
3171,መጽሐፉ ዛሬ አልደረሰኝም።,Complaint,6,Complaint_09,test
3172,ይቅርታ፣ ውሳኔውን ነገ ማታ ማሳወቅ አልችልም።,Refusal,2,Refusal_14,train
3173,እባክዎ ትዕዛዙን ለሰራተኛው በሚቀጥለው ቀን ይላኩልኝ።,Request,0,Request_03,train
3174,ምግቡን በዚህ ወር አዘጋጃለሁ።,Promise,8,Promise_08,train
3175,ትዕዛዙ አሁን ተጠናቀቀ።,Assertion,1,Assertion_02,train
3176,የቤተሰቤ አገልግሎት መጥፎ ነው።,Complaint,6,Complaint_10,train
3177,ምክሬ ስጦታውን አሁን ማረጋገጥ ነው።,Suggestion,3,Suggestion_03,train
3178,እባክዎ ስጦታውን ነገ ጠዋት ያድርሱልኝ።,Request,0,Request_06,train
3179,አይ፣ መጽሐፉን ማበደር አልችልም።,Refusal,2,Refusal_13,train
3180,ምናልባት ስጦታውን ዛሬ ጠዋት ማድረግ ይሻላል።,Suggestion,3,Suggestion_00,train
3181,መጽሐፉ በዚህ ሳምንት ደረሰ።,Assertion,1,Assertion_11,train
3182,እርግጥ ነው፣ ክፍያው ተከፍሏል... በጣም ቀላል!,Sarcasm/Irony,5,Sarcasm/Irony_03,train
3183,አዎ፣ ቦታው ነፃ ነው... በጣም ምቹ!,Sarcasm/Irony,5,Sarcasm/Irony_08,train
3184,ተጠንቀቅ፣ ውሉን በፍጥነት ካልፈረምክ ህጋዊ ችግር ይፈጥራል።,Warning,4,Warning_04,test
3185,ነጋዴው፣ ስራ በገበያ እንዴት ነው?,Phatic,7,Phatic_00,train
3186,ስጦታው ገና ወደ ትምህርት ቤት በሚቀጥለው ወር አልደረሰኝም።,Complaint,6,Complaint_00,train
3187,ማስጠንቀቂያ፣ መረጃውን ካላጋራህ ችግር ይፈጥራል።,Warning,4,Warning_07,train
3188,መጽሐፉ በፍጥነት አልደረሰኝም።,Complaint,6,Complaint_09,train
3189,አይደለም፣ ሪፖርቱን ዛሬ ማታ ማጠናቀቅ አልችልም።,Refusal,2,Refusal_10,train
3190,ተጠንቀቅ፣ ስራውን በሚቀጥለው ሳምንት ካላጠናቀቅክ ቅጣት አለ።,Warning,4,Warning_14,train
3191,የደብዳቤው ጥራት ከፍተኛ ነው።,Assertion,1,Assertion_14,train
3192,ስራው በሚቀጥለው ሳምንት ተጀምሯል።,Assertion,1,Assertion_13,val
3193,ምናልባት ምግቡን በዚህ አመት ማዘጋጀት ይሻላል።,Suggestion,3,Suggestion_12,test
3194,እንዴት ነህ ጓደኛ?,Phatic,7,Phatic_12,train
3195,የጓደኛዬ አገልግሎት መጥፎ ነው።,Complaint,6,Complaint_10,train
3196,የስጦታው ችግር ከምሽቱ ጀምሮ አልተፈታም።,Complaint,6,Complaint_02,train
3197,ይሻላል መጽሐፉን ለፖሊሱ ማሳወቅ።,Suggestion,3,Suggestion_02,train
3198,ተጠንቀቅ፣ ለጓደኛዬ ካልደወልክ ችግር ይፈጥራል።,Warning,4,Warning_12,val
3199,ምናልባት ምግቡን አሁን ማዘጋጀት ይሻላል።,Suggestion,3,Suggestion_12,test
3200,እንደምን አደረሽ?,Phatic,7,Phatic_09,train
3201,አይ፣ ክፍያውን አሁን ማድረግ አልችልም።,Refusal,2,Refusal_07,train
3202,እባክዎ ቦታውን በሚቀጥለው ሳምንት ያስይዙልኝ።,Request,0,Request_12,test
3203,ሰላም፣ እንዴት ነህ?,Phatic,7,Phatic_01,train
3204,ማስጠንቀቂያ፣ ሪፖርቱን ነገ ማታ ካላቀረብክ ቅጣት አለ።,Warning,4,Warning_05,val
3205,እባክሽ ፓኬጁን በዚህ ወር አምጪልኝ።,Request,0,Request_01,train
3206,የትዕዛዙ ችግር ከጠዋቱ ጀምሮ ከአስተዳዳሪው ጋር እፈታለሁ።,Promise,8,Promise_00,train
3207,ቦታውን ዛሬ ጠዋት አስይዛለሁ።,Promise,8,Promise_07,val
3208,ይሻላል ውሳኔውን በሚቀጥለው ቀን ማሳወቅ።,Suggestion,3,Suggestion_14,test
3209,አልችልም፣ ትዕዛዙን ዛሬ ማታ ማድረስ አልቻልኩም።,Refusal,2,Refusal_00,train
3210,አዎ፣ ለጓደኛችን ላክኩት... በጣም ጥሩ!,Sarcasm/Irony,5,Sarcasm/Irony_02,val
3211,እንደኔ ሀሳብ መጽሐፉን በዚህ አመት ማንበብ ይሻላል።,Suggestion,3,Suggestion_13,train
3212,ሀሳቤ ውሉን በሚቀጥለው ወር መፈረም ነው።,Suggestion,3,Suggestion_05,train
3213,እርግጥ ነው፣ መረጃው ትክክል ነው... በጣም ግልጽ!,Sarcasm/Irony,5,Sarcasm/Irony_07,val
3214,እባክዎ መጽሐፉን በሚቀጥለው ቀን ይላኩልኝ።,Request,0,Request_14,train
3215,አይደለም፣ ውሉን በዚህ አመት ማረጋገጥ አልችልም።,Refusal,2,Refusal_04,train
3216,ተጠንቀቅ፣ ለእህቴ ካልላክ ችግር ይፈጥራል።,Warning,4,Warning_02,train
3217,ስጦታውን በቅርቡ አደርሳለሁ።,Promise,8,Promise_01,val
3218,እባክዎ ትዕዛዙን ለእናቴ ዛሬ ይላኩልኝ።,Request,0,Request_03,train
3219,ትዕዛዙ በቅርቡ ተጠናቀቀ።,Assertion,1,Assertion_02,val
3220,የእናቴ አገልግሎት መጥፎ ነው።,Complaint,6,Complaint_10,train
3221,እባክዎ መጽሐፉን በፍጥነት ይላኩልኝ።,Request,0,Request_14,train
3222,አዎ፣ ኮንትራቱን በሚቀጥለው ቀን አደረግኩት... ትክክል ነው!,Sarcasm/Irony,5,Sarcasm/Irony_00,train
3223,እባክሽ አገልግሎቱን ዛሬ ጠዋት አምጪልኝ።,Request,0,Request_01,train
3224,እርግጥ ነው፣ ክፍያው ተከፍሏል... በጣም ቀላል!,Sarcasm/Irony,5,Sarcasm/Irony_03,train
3225,እርግጥ ነው፣ ትዕዛዙ በሚቀጥለው ሳምንት ተጠናቀቀ... በጣም ፈጣን!,Sarcasm/Irony,5,Sarcasm/Irony_01,test
3226,የመረጃው ችግር ከረቡዕ ጀምሮ ከአለቃዬ ጋር እፈታለሁ።,Assertion,1,Assertion_00,train
3227,እርግጥ ነው፣ ውሳኔው ትክክል ነው... በጣም ጥሩ!,Sarcasm/Irony,5,Sarcasm/Irony_11,val
3228,እባክሽ ምግቡን ዛሬ አምጪልኝ።,Request,0,Request_01,train
3229,አዎ፣ ለፖሊሱ ላክኩት... በጣም ጥሩ!,Sarcasm/Irony,5,Sarcasm/Irony_02,train
3230,ማስጠንቀቂያ፣ ሸቀጡን በሚቀጥለው ሳምንት ካላረጋገጥክ ችግር ይፈጥራል።,Warning,4,Warning_13,val
3231,ቦታው ነፃ ነው።,Assertion,1,Assertion_10,train
3232,ተጠንቀቅ፣ ለአጋሬ ካልላክ ችግር ይፈጥራል።,Warning,4,Warning_02,test
3233,አዎ፣ መልእክቱን ዛሬ አደረግኩት... ትክክል ነው!,Sarcasm/Irony,5,Sarcasm/Irony_00,train
3234,እንደኔ ሀሳብ መጽሐፉን አሁን ማንበብ ይሻላል።,Suggestion,3,Suggestion_13,train
3235,ተጠንቀቅ፣ ክፍያውን በሚቀጥለው ሳምንት ካላደረግክ ችግር ይፈጥራል።,Warning,4,Warning_00,test
3236,እባክዎ መረጃውን ነገ ጠዋት ይላኩልኝ።,Request,0,Request_07,val
3237,እንዴት ነህ ጓደኛ?,Phatic,7,Phatic_12,train
3238,የሸቀጡ ችግር ከማክሰኞ ጀምሮ አልተፈታም።,Complaint,6,Complaint_02,train
3239,እባክዎ መረጃውን አሁን ይላኩልኝ።,Request,0,Request_07,train
3240,ነጋዴው፣ ስራ በቢሮ እንዴት ነው?,Phatic,7,Phatic_00,train
3241,አልፈልግም፣ ሸቀጡን አልቀበልም።,Refusal,2,Refusal_03,train
3242,ተጠንቀቅ፣ ደብዳቤውን አሁን ካላደረግክ ችግር ይፈጥራል።,Warning,4,Warning_00,train
3243,እርግጥ ነው፣ መረጃው ትክክል ነው... በጣም ግልጽ!,Sarcasm/Irony,5,Sarcasm/Irony_07,test
3244,ይቅርታ፣ ለእናቴ መላክ አልችልም።,Refusal,2,Refusal_05,train
3245,አይ፣ ክፍያውን አሁን ማድረግ አልችልም።,Refusal,2,Refusal_07,train
3246,ይሻላል ምግቡን ለጓደኛችን ማሳወቅ።,Suggestion,3,Suggestion_02,train
3247,ማስጠንቀቂያ፣ መልእክቱን ነገ ማታ ካላረጋገጥክ ችግር ይፈጥራል።,Warning,4,Warning_13,val
3248,የስራው ችግርን ዛሬ ጠዋት እፈታለሁ።,Promise,8,Promise_14,train
3249,እርግጥ ነው፣ ምግቡ ዝግጁ ነው... በጣም ጣፋጭ!,Sarcasm/Irony,5,Sarcasm/Irony_09,train
3250,ውሳኔውን በሚቀጥለው ሳምንት አሳውቃለሁ።,Promise,8,Promise_11,train
3251,አይ፣ አሁን ሸቀጡ ማድረግ አልችልም።,Refusal,2,Refusal_01,train
3252,አይ፣ አሁን ሰነዱ ማድረግ አልችልም።,Refusal,2,Refusal_01,train
3253,ተጠንቀቅ፣ ቦታውን ነገ ጠዋት ካላስያዝክ ይያዛል።,Warning,4,Warning_08,val
3254,እባክዎ ክፍያውን በዚህ አመት ያረጋግጡልኝ።,Request,0,Request_08,train
3255,አዎ፣ መጽሐፉ ተመልሷል... በጣም ቀላል!,Sarcasm/Irony,5,Sarcasm/Irony_10,train
3256,ውሉ ዛሬ ማታ አልተፈረመም።,Complaint,6,Complaint_04,test
3257,ይቅርታ፣ ውሳኔውን ዛሬ ማታ ማሳወቅ አልችልም።,Refusal,2,Refusal_14,train
3258,የሰራተኛው ስራ በፍርድ ቤት ጥሩ ነው።,Assertion,1,Assertion_06,train
3259,እባክዎ ምግቡን አሁን ይላኩልኝ።,Request,0,Request_04,val
3260,መረጃው ትክክል ነው።,Assertion,1,Assertion_04,train
3261,ጤና ይስጥልኝ፣ ስራ እንዴት ነው?,Phatic,7,Phatic_02,train
3262,መረጃው በፍጥነት አልደረሰኝም።,Complaint,6,Complaint_06,train
3263,ስጦታው ገና ወደ አውሮፕላን ማረፊያ በሚቀጥለው ቀን አልደረሰኝም።,Complaint,6,Complaint_00,train
3264,መረጃው ትክክል ነው።,Assertion,1,Assertion_04,test
3265,አይ፣ አሁን ምግቡ ማድረግ አልችልም።,Refusal,2,Refusal_01,train
3266,ይቅርታ፣ ውሳኔውን በዚህ ሳምንት ማሳወቅ አልችልም።,Refusal,2,Refusal_14,val
3267,አዎ፣ መጽሐፉ ተመልሷል... በጣም ቀላል!,Sarcasm/Irony,5,Sarcasm/Irony_10,test
3268,ምክሬ ቦታውን አሁን ማስያዝ ነው።,Suggestion,3,Suggestion_09,train
3269,አዎ፣ መጽሐፉ ተመልሷል... በጣም ቀላል!,Sarcasm/Irony,5,Sarcasm/Irony_10,train
3270,አልፈልግም፣ ቦታውን አልቀበልም።,Refusal,2,Refusal_03,val
3271,ተጠንቀቅ፣ መረጃውን በሚቀጥለው ወር ካላደረግክ ችግር ይፈጥራል።,Warning,4,Warning_00,train
3272,ነጋዴው፣ ዛሬ እንዴት ነው?,Phatic,7,Phatic_07,val
3273,ሰላም፣ ስራ በአውሮፕላን ማረፊያ እንዴት ነው?,Phatic,7,Phatic_08,val
3274,ይቅርታ፣ ለእህቴ መጥራት አልችልም።,Refusal,2,Refusal_11,train
3275,የቲኬቱ ችግርን በሚቀጥለው ሳምንት እፈታለሁ።,Promise,8,Promise_14,train
3276,ስጦታው ገና ወደ ሆቴል ዛሬ ጠዋት አልደረሰኝም።,Complaint,6,Complaint_00,train
3277,መጽሐፉን በዚህ ሳምንት አመልሳለሁ።,Promise,8,Promise_09,train
3278,እባክዎ ክፍያውን በፍጥነት ያረጋግጡልኝ።,Request,0,Request_08,train
3279,ማስጠንቀቂያ፣ ፋይሉን ዛሬ ጠዋት ካላረጋገጥክ ችግር ይፈጥራል።,Warning,4,Warning_13,train
3280,እንዴት ነሽ?,Phatic,7,Phatic_05,train
3281,የሸቀጡ ችግርን በዚህ አመት እፈታለሁ።,Promise,8,Promise_14,train
3282,ማስጠንቀቂያ፣ ትዕዛዙን ነገ ማታ ካላጠናቀቅክ ቅጣት አለ።,Warning,4,Warning_01,test
3283,ጤና ይስጥልኝ፣ ቤተሰብ እንዴት ናቸው?,Phatic,7,Phatic_06,train
3284,አልፈልግም፣ ቦታውን ማስያዝ አልችልም።,Refusal,2,Refusal_09,train
3285,አልቻልኩም፣ ስጦታውን በሚቀጥለው ወር ማምጣት አልቻልኩም።,Refusal,2,Refusal_06,train
3286,እንደምን አደረሽ?,Phatic,7,Phatic_09,test
3287,የፖሊሱ አገልግሎት መጥፎ ነው።,Complaint,6,Complaint_10,train
3288,ተጠንቀቅ፣ ለባልደረባዬ ካልደወልክ ችግር ይፈጥራል።,Warning,4,Warning_12,train
3289,ምግቡ በሚቀጥለው ወር አልደረሰኝም።,Complaint,6,Complaint_08,val
3290,ይሻላል ክፍያውን ዛሬ ጠዋት ማድረግ።,Suggestion,3,Suggestion_08,train
3291,ቦታውን በዚህ ሳምንት አስይዛለሁ።,Promise,8,Promise_07,train
3292,ማስጠንቀቂያ፣ መረጃውን ካላጋራህ ችግር ይፈጥራል።,Warning,4,Warning_07,train
3293,ተጠንቀቅ፣ ለጓደኛዋ ካልደወልክ ችግር ይፈጥራል።,Warning,4,Warning_12,val
3294,የምግቡ ችግር ከረቡዕ ጀምሮ ከወንድሜ ጋር እፈታለሁ።,Assertion,1,Assertion_00,train
3295,ይቅርታ፣ ለአለቃዬ መጥራት አልችልም።,Refusal,2,Refusal_11,test
3296,ይሻላል ቦታውን ለአስተዳዳሪው ማሳወቅ።,Suggestion,3,Suggestion_02,train
3297,ሀሳቤ መረጃውን ለወንድሜ ማጋራት ነው።,Suggestion,3,Suggestion_11,val
3298,ተጠንቀቅ፣ ስራውን በሚቀጥለው ወር ካላጠናቀቅክ ቅጣት አለ።,Warning,4,Warning_14,train
3299,ምግቡን በዚህ ሳምንት አዘጋጃለሁ።,Promise,8,Promise_08,train
3300,እንደኔ ሀሳብ ሪፖርቱን ነገ ማታ ማቅረብ ይሻላል።,Suggestion,3,Suggestion_07,train
3301,አዎ፣ መጽሐፉ ተመልሷል... በጣም ቀላል!,Sarcasm/Irony,5,Sarcasm/Irony_10,train
3302,እባክዎ ውሳኔውን ለደንበኛው ዛሬ ይላኩልኝ።,Request,0,Request_11,test
3303,አልቻልኩም፣ ስጦታውን በፍጥነት ማምጣት አልቻልኩም።,Refusal,2,Refusal_06,train
3304,ሪፖርቱ ዝግጁ ነው።,Assertion,1,Assertion_08,train
3305,እርግጥ ነው፣ ሪፖርቱ ዝግጁ ነው... በጣም ፈጣን!,Sarcasm/Irony,5,Sarcasm/Irony_05,train
3306,ይቅርታ፣ ለእህቴ መጥራት አልችልም።,Refusal,2,Refusal_11,train
3307,አዎ፣ ሸቀጡን ነገ አደረግኩት... ትክክል ነው!,Sarcasm/Irony,5,Sarcasm/Irony_00,val
3308,እንደምን አደርክ?,Phatic,7,Phatic_03,test
3309,ጤና ይስጥልኝ፣ እናቴ እንዴት ነው?,Phatic,7,Phatic_10,train
3310,አዎ፣ ስጦታው ደርሷል... በጣም ጥሩ!,Sarcasm/Irony,5,Sarcasm/Irony_06,train
3311,ጤና ይስጥልኝ፣ ቤተሰብ እንዴት ናቸው?,Phatic,7,Phatic_06,train
3312,አዎ፣ ለጓደኛዋ ደውያለሁ... በጣም ቀላል!,Sarcasm/Irony,5,Sarcasm/Irony_14,train
3313,ስጦታው በቅርቡ ደርሷል።,Assertion,1,Assertion_01,train
3314,እባክዎ ክፍያውን ዛሬ ይላኩልኝ።,Request,0,Request_00,train
3315,እባክዎ ሪፖርቱን አሁን ይላኩልኝ።,Request,0,Request_10,train
3316,ተጠንቀቅ፣ ለአስተዳዳሪው ካልደወልክ ችግር ይፈጥራል።,Warning,4,Warning_12,train
3317,ማስጠንቀቂያ፣ ውሳኔውን በሚቀጥለው ወር ካላሳወቅክ ችግር ይፈጥራል።,Warning,4,Warning_11,train
3318,ስጦታው ገና ወደ ሆስፒታል ነገ ጠዋት አልደረሰኝም።,Complaint,6,Complaint_00,train
3319,ማስጠንቀቂያ፣ ምግቡን በዚህ አመት ካላዘጋጀህ ችግር ይፈጥራል።,Warning,4,Warning_09,train
3320,ነጋዴው፣ ስራ እንዴት እየሄደ ነው?,Phatic,7,Phatic_14,train
3321,መጽሐፉ ነገ ደረሰ።,Assertion,1,Assertion_11,test
3322,ተጠንቀቅ፣ መጽሐፉን ነገ ካላመለስክ ቅጣት አለ።,Warning,4,Warning_10,train
3323,እንደሚመስለኝ ትዕዛዙን ዛሬ ማጠናቀቅ ይሻላል።,Suggestion,3,Suggestion_04,train
3324,እርግጥ ነው፣ ምግቡ ጥሩ ነው... በጣም ጥሩ!,Sarcasm/Irony,5,Sarcasm/Irony_13,train
3325,እንዴት ነህ ጓደኛ?,Phatic,7,Phatic_12,train
3326,እባክዎ ትዕዛዙን ለአጋሬ በሚቀጥለው ወር ይላኩልኝ።,Request,0,Request_03,train
3327,ምናልባት ለእናቴ መደወል ይሻላል።,Suggestion,3,Suggestion_06,val
3328,እርግጥ ነው፣ ክፍያው ተከፍሏል... በጣም ቀላል!,Sarcasm/Irony,5,Sarcasm/Irony_03,train
3329,አልፈልግም፣ ቦታውን ማስያዝ አልችልም።,Refusal,2,Refusal_09,train
3330,ለጓደኛዋ በዚህ ወር እደውላለሁ።,Promise,8,Promise_10,test
3331,ስራው በሚቀጥለው ወር ተጀምሯል።,Assertion,1,Assertion_13,train
3332,ተጠንቀቅ፣ ቦታውን ነገ ማታ ካላስያዝክ ይያዛል።,Warning,4,Warning_08,val
3333,መጽሐፉ አሁን ደረሰ።,Assertion,1,Assertion_11,test
3334,እባክዎ ስጦታውን በሚቀጥለው ሳምንት ያድርሱልኝ።,Request,0,Request_06,val
3335,እባክዎ ስጦታውን በሚቀጥለው ቀን ያድርሱልኝ።,Request,0,Request_06,test
3336,እባክዎ መረጃውን ዛሬ ይላኩልኝ።,Request,0,Request_00,train
3337,መረጃውን ዛሬ ጠዋት እላካለሁ።,Promise,8,Promise_06,val
3338,እባክሽ ሰነዱን ዛሬ ማታ አምጪልኝ።,Request,0,Request_05,train
3339,ተጠንቀቅ፣ ስራውን በፍጥነት ካላጠናቀቅክ ቅጣት አለ።,Warning,4,Warning_14,train
3340,ነጋዴው፣ ስራ እንዴት እየሄደ ነው?,Phatic,7,Phatic_14,train
3341,ሰላም፣ እንዴት ነህ?,Phatic,7,Phatic_01,train
3342,ውሳኔው ዛሬ አልተሰጠም።,Complaint,6,Complaint_13,train
3343,ስራውን በዚህ ወር አጠናቅቃለሁ።,Promise,8,Promise_12,train
3344,እንደምን አደርክ?,Phatic,7,Phatic_03,train
3345,መረጃው ዛሬ ማታ አልደረሰኝም።,Complaint,6,Complaint_06,val
3346,ጤና ይስጥልኝ፣ ዛሬ እንዴት ነው?,Phatic,7,Phatic_13,train
3347,ማስጠንቀቂያ፣ ውሳኔውን በቅርቡ ካላረጋገጥክ ችግር ይፈጥራል።,Warning,4,Warning_13,val
3348,እባክዎ መረጃውን በሚቀጥለው ሳምንት ይላኩልኝ።,Request,0,Request_07,val
3349,ስራው ነገ ማታ ተጀምሯል።,Assertion,1,Assertion_13,val
3350,ምግቡ በፍጥነት አልደረሰኝም።,Complaint,6,Complaint_08,train
3351,ምናልባት ለፖሊሱ መደወል ይሻላል።,Suggestion,3,Suggestion_06,train
3352,ተጠንቀቅ፣ ለእህቴ ካልላክ ችግር ይፈጥራል።,Warning,4,Warning_02,test
3353,ሀሳቤ መረጃውን ለጓደኛዬ ማጋራት ነው።,Suggestion,3,Suggestion_11,train
3354,የቤተሰቤ አገልግሎት መጥፎ ነው።,Complaint,6,Complaint_10,test
3355,ተጠንቀቅ፣ ውሉን በሚቀጥለው ቀን ካልፈረምክ ህጋዊ ችግር ይፈጥራል።,Warning,4,Warning_04,val
3356,ይሻላል ፋይሉን ለጓደኛችን ማሳወቅ።,Suggestion,3,Suggestion_02,train
3357,ሰላም ነው?,Phatic,7,Phatic_04,test
3358,ትዕዛዙ በዚህ ወር ተጠናቀቀ።,Assertion,1,Assertion_02,test
3359,ሰላም ነው ወንድሜ?,Phatic,7,Phatic_11,test
3360,አይደለም፣ ሪፖርቱን በሚቀጥለው ወር ማጠናቀቅ አልችልም።,Refusal,2,Refusal_10,train
3361,ሀሳቤ መረጃውን ለወንድሜ ማጋራት ነው።,Suggestion,3,Suggestion_11,train
3362,እርግጥ ነው፣ ምግቡ ዝግጁ ነው... በጣም ጣፋጭ!,Sarcasm/Irony,5,Sarcasm/Irony_09,train
3363,እርግጥ ነው፣ ውሳኔው ትክክል ነው... በጣም ጥሩ!,Sarcasm/Irony,5,Sarcasm/Irony_11,train
3364,አልቻልኩም፣ ስጦታውን በዚህ አመት ማምጣት አልቻልኩም።,Refusal,2,Refusal_06,test
3365,እባክሽ ስራውን ዛሬ ማታ አምጪልኝ።,Request,0,Request_05,train
3366,እርግጥ ነው፣ ምግቡ ዝግጁ ነው... በጣም ጣፋጭ!,Sarcasm/Irony,5,Sarcasm/Irony_09,train
3367,እርግጥ ነው፣ ክፍያው ተከፍሏል... በጣም ቀላል!,Sarcasm/Irony,5,Sarcasm/Irony_03,test
3368,ይሻላል ውሳኔውን በሚቀጥለው ወር ማሳወቅ።,Suggestion,3,Suggestion_14,train
3369,ይሻላል ፓኬጁን ለእህቴ ማሳወቅ።,Suggestion,3,Suggestion_02,train
3370,ምናልባት ለእናቴ መደወል ይሻላል።,Suggestion,3,Suggestion_06,test
3371,ሰላም ነው ወንድሜ?,Phatic,7,Phatic_11,train
3372,ትዕዛዙ በቅርቡ አልደረሰኝም።,Complaint,6,Complaint_01,train
3373,እባክዎ ትዕዛዙን ለአጋሬ በዚህ ወር ይላኩልኝ።,Request,0,Request_03,train
3374,የመልእክቱ ችግርን በዚህ አመት እፈታለሁ።,Promise,8,Promise_14,train
3375,ጤና ይስጥልኝ፣ ዛሬ እንዴት ነው?,Phatic,7,Phatic_13,train
3376,ምናልባት ቦታውን አሁን ማድረግ ይሻላል።,Suggestion,3,Suggestion_00,train
3377,እንደምን አደረሽ?,Phatic,7,Phatic_09,val
3378,ስራውን ዛሬ አጠናቅቃለሁ።,Promise,8,Promise_12,train
3379,እባክዎ ትዕዛዙን ለጓደኛችን በሚቀጥለው ሳምንት ይላኩልኝ።,Request,0,Request_03,train
3380,ማስጠንቀቂያ፣ ውሳኔውን ነገ ማታ ካላረጋገጥክ ችግር ይፈጥራል።,Warning,4,Warning_13,test
3381,አይ፣ መጽሐፉን ማበደር አልችልም።,Refusal,2,Refusal_13,train
3382,ማስጠንቀቂያ፣ ምግቡን ዛሬ ካላዘጋጀህ ችግር ይፈጥራል።,Warning,4,Warning_09,test
3383,ምናልባት ደብዳቤውን ዛሬ ማድረግ ይሻላል።,Suggestion,3,Suggestion_00,train
3384,ክፍያው ተከፍሏል።,Assertion,1,Assertion_05,train
3385,እባክዎ ውሉን ለፖሊሱ በሚቀጥለው ቀን ይላኩልኝ።,Request,0,Request_02,train
3386,ለአባቴ ዛሬ እደውላለሁ።,Promise,8,Promise_10,train
3387,እባክዎ ሪፖርቱን በሚቀጥለው ወር ይላኩልኝ።,Request,0,Request_10,train
3388,የመጽሐፉ ችግር ከጠዋቱ ጀምሮ ከፖሊሱ ጋር እፈታለሁ።,Assertion,1,Assertion_00,train
3389,ነጋዴው፣ ዛሬ እንዴት ነው?,Phatic,7,Phatic_07,val
3390,አልቻልኩም፣ ስጦታውን በዚህ ሳምንት ማምጣት አልቻልኩም።,Refusal,2,Refusal_06,test
3391,ሪፖርቱ ዝግጁ ነው።,Assertion,1,Assertion_08,train
3392,ቦታውን ዛሬ አስይዛለሁ።,Promise,8,Promise_07,train
3393,ሰላም ነው?,Phatic,7,Phatic_04,val
3394,እንደሚመስለኝ ስጦታውን በሚቀጥለው ቀን ማምጣት ይሻላል።,Suggestion,3,Suggestion_10,train
3395,ሪፖርቱ በሚቀጥለው ወር አልቀረበም።,Complaint,6,Complaint_05,train
3396,ምናልባት ምግቡን በዚህ አመት ማዘጋጀት ይሻላል።,Suggestion,3,Suggestion_12,test
3397,እንደምን አደረሽ?,Phatic,7,Phatic_09,train
3398,አይ፣ አሁን ስራው ማድረግ አልችልም።,Refusal,2,Refusal_01,test
3399,እርግጥ ነው፣ ክፍያው ተከፍሏል... በጣም ቀላል!,Sarcasm/Irony,5,Sarcasm/Irony_03,train
3400,እንዴት ነሽ?,Phatic,7,Phatic_05,train
3401,አዎ፣ ቦታው ነፃ ነው... በጣም ምቹ!,Sarcasm/Irony,5,Sarcasm/Irony_08,test
3402,ስራው ነገ ማታ አልተጠናቀቀም።,Complaint,6,Complaint_12,train
3403,እባክዎ ሸቀጡን ለደንበኛው በሚቀጥለው ወር ይላኩልኝ።,Request,0,Request_11,train
3404,የስጦታው ሁኔታ ጥሩ ነው።,Assertion,1,Assertion_03,train
3405,እባክሽ ትዕዛዙን ዛሬ ማታ አምጪልኝ።,Request,0,Request_01,train
3406,ተጠንቀቅ፣ ቦታውን በዚህ አመት ካላስያዝክ ይያዛል።,Warning,4,Warning_08,val
3407,ትዕዛዙ ዛሬ ጠዋት አልደረሰኝም።,Complaint,6,Complaint_01,train
3408,አልፈልግም፣ ቦታውን ማስያዝ አልችልም።,Refusal,2,Refusal_09,test
3409,ተጠንቀቅ፣ ስራውን በፍጥነት ካላጠናቀቅክ ቅጣት አለ።,Warning,4,Warning_14,train
3410,ቦታውን በሚቀጥለው ሳምንት አስይዛለሁ።,Promise,8,Promise_07,train
3411,የባልደረባዬ አገልግሎት መጥፎ ነው።,Complaint,6,Complaint_10,train
3412,አይ፣ አሁን ኮንትራቱ ማድረግ አልችልም።,Refusal,2,Refusal_01,train
3413,እባክዎ ክፍያውን ነገ ጠዋት ያረጋግጡልኝ።,Request,0,Request_08,test
3414,ይሻላል ክፍያውን አሁን ማድረግ።,Suggestion,3,Suggestion_08,test
3415,ሰላም፣ ስራ በቤተ መንግስት እንዴት ነው?,Phatic,7,Phatic_08,train
3416,አይደለም፣ ውሉን በዚህ ወር ማረጋገጥ አልችልም።,Refusal,2,Refusal_04,train
3417,ክፍያው በሚቀጥለው ወር አልተከፈለም።,Complaint,6,Complaint_03,train
3418,ትዕዛዙ በሚቀጥለው ወር አልደረሰኝም።,Complaint,6,Complaint_01,train
3419,ይሻላል ውሳኔውን በዚህ ሳምንት ማሳወቅ።,Suggestion,3,Suggestion_14,test
3420,ሀሳቤ መረጃውን ለደንበኛው ማጋራት ነው።,Suggestion,3,Suggestion_11,test
3421,የሪፖርቱ ችግር ከዛሬ ጀምሮ አልተፈታም።,Complaint,6,Complaint_02,train
3422,እባክሽ ሰነዱን አሁን አምጪልኝ።,Request,0,Request_01,val
3423,ምክሬ ምግቡን አሁን ማረጋገጥ ነው።,Suggestion,3,Suggestion_03,train
3424,ስጦታው በሚቀጥለው ሳምንት ደርሷል።,Assertion,1,Assertion_01,val
3425,ማስጠንቀቂያ፣ ትዕዛዙን በቅርቡ ካላጠናቀቅክ ቅጣት አለ።,Warning,4,Warning_01,train
3426,አዎ፣ ስጦታው ደርሷል... በጣም ጥሩ!,Sarcasm/Irony,5,Sarcasm/Irony_06,train
3427,እባክዎ ምግቡን ለደንበኛው ዛሬ ይላኩልኝ።,Request,0,Request_11,train
3428,አዎ፣ ውሉ ተፈርሟል... በጣም ቀላል ነበር!,Sarcasm/Irony,5,Sarcasm/Irony_04,test
3429,እርግጥ ነው፣ ምግቡ ዝግጁ ነው... በጣም ጣፋጭ!,Sarcasm/Irony,5,Sarcasm/Irony_09,train
3430,አይደለም፣ ሪፖርቱን ዛሬ ማጠናቀቅ አልችልም።,Refusal,2,Refusal_10,train
3431,ተጠንቀቅ፣ ቦታውን ዛሬ ማታ ካላስያዝክ ይያዛል።,Warning,4,Warning_08,test
3432,ተጠንቀቅ፣ ትዕዛዙን በዚህ ወር ካላደረግክ ችግር ይፈጥራል።,Warning,4,Warning_00,test
3433,ስራው በዚህ ሳምንት አልተጠናቀቀም።,Complaint,6,Complaint_12,train
3434,ስጦታው በዚህ አመት ደርሷል።,Assertion,1,Assertion_01,train
3435,ስጦታው ገና ወደ ትምህርት ቤት ነገ ማታ አልደረሰኝም።,Complaint,6,Complaint_00,test
3436,ይቅርታ፣ ለባልደረባዬ መጥራት አልችልም።,Refusal,2,Refusal_11,train
3437,ቦታውን ነገ ጠዋት አስይዛለሁ።,Promise,8,Promise_07,train
3438,ለጓደኛዋ በዚህ አመት አልደወሉልኝም።,Complaint,6,Complaint_14,train
3439,መጽሐፉን በሚቀጥለው ወር አመልሳለሁ።,Promise,8,Promise_09,test
3440,ቦታውን ነገ አረጋግጣለሁ።,Promise,8,Promise_13,train
3441,ሰላም ነው?,Phatic,7,Phatic_04,test
3442,ለእህቴ በቅርቡ አልደወሉልኝም።,Complaint,6,Complaint_14,train
3443,መረጃው ትክክል ነው።,Assertion,1,Assertion_04,test
3444,አዎ፣ መጽሐፉ ተመልሷል... በጣም ቀላል!,Sarcasm/Irony,5,Sarcasm/Irony_10,val
3445,ማስጠንቀቂያ፣ መረጃውን ካላጋራህ ችግር ይፈጥራል።,Warning,4,Warning_07,train
3446,እንዴት ነህ ጓደኛ?,Phatic,7,Phatic_12,train
3447,ይቅርታ፣ ለቤተሰቤ መጥራት አልችልም።,Refusal,2,Refusal_11,train
3448,ነጋዴው፣ ዛሬ እንዴት ነው?,Phatic,7,Phatic_07,val
3449,ይሻላል ክፍያውን በዚህ አመት ማድረግ።,Suggestion,3,Suggestion_08,train
3450,አዎ፣ ውሉ ተፈርሟል... በጣም ቀላል ነበር!,Sarcasm/Irony,5,Sarcasm/Irony_04,val
3451,ተጠንቀቅ፣ ስጦታውን ነገ ካላመጣህ ችግር ይፈጥራል።,Warning,4,Warning_06,train
3452,ውሳኔውን በሚቀጥለው ሳምንት አሳውቃለሁ።,Promise,8,Promise_11,train
3453,ቦታው ነፃ ነው።,Assertion,1,Assertion_10,train
3454,መረጃው ነገ አልደረሰኝም።,Complaint,6,Complaint_06,train
3455,መረጃውን ዛሬ እላካለሁ።,Promise,8,Promise_06,test
3456,ሰላም፣ እንዴት ነህ?,Phatic,7,Phatic_01,val
3457,ስጦታው ዛሬ ማታ ደርሷል።,Assertion,1,Assertion_01,train
3458,መረጃው ትክክል ነው።,Assertion,1,Assertion_04,train
3459,ይሻላል ውሳኔውን ዛሬ ማሳወቅ።,Suggestion,3,Suggestion_14,train
3460,እንደኔ ሀሳብ መጽሐፉን በሚቀጥለው ሳምንት ማንበብ ይሻላል።,Suggestion,3,Suggestion_13,train
3461,የውሉ ዋጋ ተቀይሯል።,Assertion,1,Assertion_09,train
3462,ይቅርታ፣ ለአስተዳዳሪው መላክ አልችልም።,Refusal,2,Refusal_05,test
3463,እንደኔ ሀሳብ ሪፖርቱን በዚህ ሳምንት ማቅረብ ይሻላል።,Suggestion,3,Suggestion_07,train
3464,ምክሬ ስራውን አሁን ማረጋገጥ ነው።,Suggestion,3,Suggestion_03,test
3465,ስጦታውን በሚቀጥለው ቀን አደርሳለሁ።,Promise,8,Promise_01,train
3466,እንደምን አደርክ?,Phatic,7,Phatic_03,train
3467,እርግጥ ነው፣ ሪፖርቱ ዝግጁ ነው... በጣም ፈጣን!,Sarcasm/Irony,5,Sarcasm/Irony_05,train
3468,የውሉ ሁኔታ ጥሩ ነው።,Assertion,1,Assertion_03,train
3469,እንደኔ ሀሳብ ቲኬቱን በዚህ ሳምንት መላክ ይሻላል።,Suggestion,3,Suggestion_01,test
3470,አልችልም፣ ምግቡን በሚቀጥለው ወር ማዘጋጀት አልቻልኩም።,Refusal,2,Refusal_12,test
3471,አይ፣ መጽሐፉን ማበደር አልችልም።,Refusal,2,Refusal_13,train
3472,ሰላም ነው?,Phatic,7,Phatic_04,train
3473,የስጦታው ችግር ከምሽቱ ጀምሮ ከወንድሜ ጋር እፈታለሁ።,Assertion,1,Assertion_00,train
3474,ምግቡ በሚቀጥለው ቀን አልደረሰኝም።,Complaint,6,Complaint_08,test
3475,ተጠንቀቅ፣ ውሉን በሚቀጥለው ቀን ካልፈረምክ ህጋዊ ችግር ይፈጥራል።,Warning,4,Warning_04,train
3476,ምግቡ በሚቀጥለው ቀን አልደረሰኝም።,Complaint,6,Complaint_08,train
3477,አይ፣ መጽሐፉን ማበደር አልችልም።,Refusal,2,Refusal_13,train
3478,እርግጥ ነው፣ ሪፖርቱ ዝግጁ ነው... በጣም ፈጣን!,Sarcasm/Irony,5,Sarcasm/Irony_05,val
3479,እንደሚመስለኝ ስጦታውን ነገ ጠዋት ማምጣት ይሻላል።,Suggestion,3,Suggestion_10,train
3480,ማስጠንቀቂያ፣ ትዕዛዙን ነገ ጠዋት ካላጠናቀቅክ ቅጣት አለ።,Warning,4,Warning_01,train
3481,እባክዎ ትዕዛዙን ለእህቴ ነገ ጠዋት ይላኩልኝ።,Request,0,Request_03,train
3482,ምግቡ ዛሬ ጠዋት አልደረሰኝም።,Complaint,6,Complaint_08,train
3483,እባክሽ ደብዳቤውን በሚቀጥለው ቀን አምጪልኝ።,Request,0,Request_09,train
3484,እባክዎ ቦታውን በዚህ ወር ያስይዙልኝ።,Request,0,Request_12,train
3485,እባክዎ ስጦታውን በሚቀጥለው ቀን ያድርሱልኝ።,Request,0,Request_06,train
3486,ምናልባት ለአስተዳዳሪው መደወል ይሻላል።,Suggestion,3,Suggestion_06,test
3487,አልፈልግም፣ ቦታውን ማስያዝ አልችልም።,Refusal,2,Refusal_09,train
3488,እርግጥ ነው፣ ውሳኔው ትክክል ነው... በጣም ጥሩ!,Sarcasm/Irony,5,Sarcasm/Irony_11,train
3489,ሰላም፣ እንዴት ነህ?,Phatic,7,Phatic_01,train
3490,አዎ፣ ውሉ ተፈርሟል... በጣም ቀላል ነበር!,Sarcasm/Irony,5,Sarcasm/Irony_04,train
3491,የውሉ ችግር ከዛሬ ጀምሮ አልተፈታም።,Complaint,6,Complaint_02,train
3492,ይሻላል ክፍያውን በዚህ ሳምንት ማድረግ።,Suggestion,3,Suggestion_08,val
3493,ቦታው በዚህ አመት አልተያዘም።,Complaint,6,Complaint_07,train
3494,ምክሬ ቲኬቱን አሁን ማረጋገጥ ነው።,Suggestion,3,Suggestion_03,train
3495,እንደኔ ሀሳብ ሪፖርቱን በቅርቡ ማቅረብ ይሻላል።,Suggestion,3,Suggestion_07,train
3496,አልችልም፣ ትዕዛዙን በፍጥነት ማድረስ አልቻልኩም።,Refusal,2,Refusal_00,train
3497,ተጠንቀቅ፣ መጽሐፉን በቅርቡ ካላመለስክ ቅጣት አለ።,Warning,4,Warning_10,train
3498,እርግጥ ነው፣ መረጃው ትክክል ነው... በጣም ግልጽ!,Sarcasm/Irony,5,Sarcasm/Irony_07,train
3499,የስራው ጥራት ዝቅተኛ ነው።,Complaint,6,Complaint_11,train
3500,እንደሚመስለኝ ስጦታውን ዛሬ ማምጣት ይሻላል።,Suggestion,3,Suggestion_10,val
3501,ውሉ በሚቀጥለው ወር ተፈርሟል።,Assertion,1,Assertion_07,train
3502,የደብዳቤው ዋጋ ተቀይሯል።,Assertion,1,Assertion_09,train
3503,እንደምን አደርክ?,Phatic,7,Phatic_03,train
3504,እርግጥ ነው፣ ውሳኔው ትክክል ነው... በጣም ጥሩ!,Sarcasm/Irony,5,Sarcasm/Irony_11,train
3505,የደብዳቤው ችግርን በዚህ ሳምንት እፈታለሁ።,Promise,8,Promise_14,train
3506,የመረጃው ችግር ከጠዋቱ ጀምሮ አልተፈታም።,Complaint,6,Complaint_02,train
3507,እባክዎ ቲኬቱን ዛሬ ይላኩልኝ።,Request,0,Request_00,train
3508,ማስጠንቀቂያ፣ ትዕዛዙን በሚቀጥለው ሳምንት ካላጠናቀቅክ ቅጣት አለ።,Warning,4,Warning_01,test
3509,እባክዎ መልእክቱን አሁን ይላኩልኝ።,Request,0,Request_04,train
3510,እርግጥ ነው፣ መረጃው ትክክል ነው... በጣም ግልጽ!,Sarcasm/Irony,5,Sarcasm/Irony_07,train
3511,ስጦታውን በሚቀጥለው ወር አደርሳለሁ።,Promise,8,Promise_01,val
3512,ምግቡን በሚቀጥለው ወር አዘጋጃለሁ።,Promise,8,Promise_08,train
3513,እባክዎ መልእክቱን በዚህ ወር ይላኩልኝ።,Request,0,Request_00,train
3514,እባክሽ ደብዳቤውን ነገ ማታ አምጪልኝ።,Request,0,Request_09,train
3515,ጤና ይስጥልኝ፣ ፖሊሱ እንዴት ነው?,Phatic,7,Phatic_10,test
3516,እርግጥ ነው፣ ትዕዛዙ በዚህ ወር ተጠናቀቀ... በጣም ፈጣን!,Sarcasm/Irony,5,Sarcasm/Irony_01,train
3517,ማስጠንቀቂያ፣ መልእክቱን ነገ ካላረጋገጥክ ችግር ይፈጥራል።,Warning,4,Warning_13,val
3518,ጤና ይስጥልኝ፣ ዛሬ እንዴት ነው?,Phatic,7,Phatic_13,train
3519,ስራውን ነገ አጠናቅቃለሁ።,Promise,8,Promise_12,train
3520,አልፈልግም፣ ቦታውን ማስያዝ አልችልም።,Refusal,2,Refusal_09,train
3521,ይቅርታ፣ ለአባቴ መላክ አልችልም።,Refusal,2,Refusal_05,train
3522,እባክዎ ክፍያውን አሁን ያረጋግጡልኝ።,Request,0,Request_08,train
3523,አልፈልግም፣ ቦታውን ማስያዝ አልችልም።,Refusal,2,Refusal_09,test
3524,ማስጠንቀቂያ፣ ሪፖርቱን ዛሬ ማታ ካላቀረብክ ቅጣት አለ።,Warning,4,Warning_05,train
3525,የትዕዛዙ ችግር ከጠዋቱ ጀምሮ ከጓደኛችን ጋር እፈታለሁ።,Promise,8,Promise_00,train
3526,እባክሽ ሸቀጡን አሁን አምጪልኝ።,Request,0,Request_01,test
3527,መጽሐፉን በዚህ አመት አመልሳለሁ።,Promise,8,Promise_09,train
3528,ጤና ይስጥልኝ፣ ቤተሰብ እንዴት ናቸው?,Phatic,7,Phatic_06,train
3529,ቦታው ነፃ ነው።,Assertion,1,Assertion_10,train
3530,አልቻልኩም፣ ስጦታውን ነገ ማምጣት አልቻልኩም።,Refusal,2,Refusal_06,train
3531,ጤና ይስጥልኝ፣ ቤተሰብ እንዴት ናቸው?,Phatic,7,Phatic_06,test
3532,እርግጥ ነው፣ ሪፖርቱ ዝግጁ ነው... በጣም ፈጣን!,Sarcasm/Irony,5,Sarcasm/Irony_05,test
3533,ይቅርታ፣ ትዕዛዙን አሁን መላክ አልችልም።,Refusal,2,Refusal_02,train
3534,እባክዎ ውሉን ለጓደኛዬ ነገ ጠዋት ይላኩልኝ።,Request,0,Request_02,val
3535,የወንድሜ ውሳኔ ትክክል ነው።,Assertion,1,Assertion_12,train
3536,እርግጥ ነው፣ ክፍያው ተከፍሏል... በጣም ቀላል!,Sarcasm/Irony,5,Sarcasm/Irony_03,train
3537,ቦታውን በሚቀጥለው ወር አስይዛለሁ።,Promise,8,Promise_07,train
3538,ምግቡን ዛሬ ጠዋት አዘጋጃለሁ።,Promise,8,Promise_08,val
3539,ስጦታው ገና ወደ ገበያ በዚህ ወር አልደረሰኝም።,Complaint,6,Complaint_00,val
3540,ይሻላል ስጦታውን ለሰራተኛው ማሳወቅ።,Suggestion,3,Suggestion_02,train
3541,መረጃውን ዛሬ እላካለሁ።,Promise,8,Promise_06,train
3542,ተጠንቀቅ፣ መጽሐፉን ነገ ካላመለስክ ቅጣት አለ።,Warning,4,Warning_10,train
3543,መረጃው ነገ አልደረሰኝም።,Complaint,6,Complaint_06,val
3544,ተጠንቀቅ፣ ስጦታውን ዛሬ ካላመጣህ ችግር ይፈጥራል።,Warning,4,Warning_06,train
3545,ማስጠንቀቂያ፣ ሪፖርቱን ዛሬ ማታ ካላቀረብክ ቅጣት አለ።,Warning,4,Warning_05,train
3546,ስጦታውን አሁን አደርሳለሁ።,Promise,8,Promise_01,val
3547,ማስጠንቀቂያ፣ ውሳኔውን በፍጥነት ካላሳወቅክ ችግር ይፈጥራል።,Warning,4,Warning_11,test
3548,ውሉ አሁን አልተፈረመም።,Complaint,6,Complaint_04,train
3549,የመጽሐፉ ሁኔታ ጥሩ ነው።,Assertion,1,Assertion_03,val
3550,እንደኔ ሀሳብ ስጦታውን በዚህ ወር መላክ ይሻላል።,Suggestion,3,Suggestion_01,train
3551,አዎ፣ ለጓደኛዬ ደውያለሁ... በጣም ቀላል!,Sarcasm/Irony,5,Sarcasm/Irony_14,train
3552,ክፍያው ተከፍሏል።,Assertion,1,Assertion_05,train
3553,እንደኔ ሀሳብ ሪፖርቱን ዛሬ ጠዋት ማቅረብ ይሻላል።,Suggestion,3,Suggestion_07,train
3554,ይቅርታ፣ ትዕዛዙን ነገ መላክ አልችልም።,Refusal,2,Refusal_02,test
3555,ተጠንቀቅ፣ ቦታውን በሚቀጥለው ሳምንት ካላስያዝክ ይያዛል።,Warning,4,Warning_08,train
3556,አይደለም፣ ሪፖርቱን በፍጥነት ማጠናቀቅ አልችልም።,Refusal,2,Refusal_10,train
3557,ምክሬ ቦታውን አሁን ማስያዝ ነው።,Suggestion,3,Suggestion_09,test
3558,ምክሬ ቦታውን አሁን ማስያዝ ነው።,Suggestion,3,Suggestion_09,train
3559,አይደለም፣ ውሉን በሚቀጥለው ሳምንት ማረጋገጥ አልችልም።,Refusal,2,Refusal_04,train
3560,ክፍያውን በሚቀጥለው ቀን አደርጋለሁ።,Promise,8,Promise_03,train
3561,ምናልባት ምግቡን በዚህ ወር ማዘጋጀት ይሻላል።,Suggestion,3,Suggestion_12,test
3562,ማስጠንቀቂያ፣ ክፍያውን ነገ ካላደረግክ አገልግሎት ይቋረጣል።,Warning,4,Warning_03,train
3563,እባክሽ ደብዳቤውን ዛሬ አምጪልኝ።,Request,0,Request_09,train
3564,ሪፖርቱን በሚቀጥለው ወር አቀርባለሁ።,Promise,8,Promise_05,train
3565,እንደምን አደረሽ?,Phatic,7,Phatic_09,train
3566,የቦታው ጥራት ከፍተኛ ነው።,Assertion,1,Assertion_14,train
3567,እንደሚመስለኝ ስጦታውን በሚቀጥለው ሳምንት ማምጣት ይሻላል።,Suggestion,3,Suggestion_10,val
3568,የፖሊሱ ስራ በሆስፒታል ጥሩ ነው።,Assertion,1,Assertion_06,train
3569,ስራው ዛሬ ጠዋት ተጀምሯል።,Assertion,1,Assertion_13,train
3570,አዎ፣ ስራው ተጠናቀቀ... በጣም ፈጣን!,Sarcasm/Irony,5,Sarcasm/Irony_12,train
3571,መጽሐፉ በዚህ ሳምንት ደረሰ።,Assertion,1,Assertion_11,train
3572,ነጋዴው፣ ስራ በትምህርት ቤት እንዴት ነው?,Phatic,7,Phatic_00,test
3573,ተጠንቀቅ፣ ውሉን ዛሬ ጠዋት ካልፈረምክ ህጋዊ ችግር ይፈጥራል።,Warning,4,Warning_04,train
3574,ትዕዛዙ ነገ ማታ አልደረሰኝም።,Complaint,6,Complaint_01,train
3575,እባክዎ ሰነዱን ዛሬ ይላኩልኝ።,Request,0,Request_00,train
3576,እባክዎ ቦታውን በሚቀጥለው ሳምንት ያስይዙልኝ።,Request,0,Request_12,train
3577,ነጋዴው፣ ስራ እንዴት እየሄደ ነው?,Phatic,7,Phatic_14,train
3578,አዎ፣ ለአባቴ ላክኩት... በጣም ጥሩ!,Sarcasm/Irony,5,Sarcasm/Irony_02,train
3579,ይቅርታ፣ ለአጋሬ መላክ አልችልም።,Refusal,2,Refusal_05,train
3580,እባክዎ ስጦታውን ነገ ማታ ያድርሱልኝ።,Request,0,Request_06,train
3581,ነጋዴው፣ ስራ በቤት እንዴት ነው?,Phatic,7,Phatic_00,test
3582,የእናቴ አገልግሎት መጥፎ ነው።,Complaint,6,Complaint_10,train
3583,ጤና ይስጥልኝ፣ ወንድሜ እንዴት ነው?,Phatic,7,Phatic_10,train
3584,ስጦታውን አሁን አደርሳለሁ።,Promise,8,Promise_01,train
3585,ለቤተሰቤ በዚህ ወር አልደወሉልኝም።,Complaint,6,Complaint_14,test
3586,እባክዎ ቦታውን ዛሬ ጠዋት ያስይዙልኝ።,Request,0,Request_12,test
3587,አይደለም፣ ውሉን ነገ ማታ ማረጋገጥ አልችልም።,Refusal,2,Refusal_04,train
3588,እርግጥ ነው፣ ምግቡ ዝግጁ ነው... በጣም ጣፋጭ!,Sarcasm/Irony,5,Sarcasm/Irony_09,train
3589,እንደኔ ሀሳብ መጽሐፉን በሚቀጥለው ወር ማንበብ ይሻላል።,Suggestion,3,Suggestion_13,train
3590,የኮንትራቱ ዋጋ ተቀይሯል።,Assertion,1,Assertion_09,train
3591,ነጋዴው፣ ስራ እንዴት እየሄደ ነው?,Phatic,7,Phatic_14,train
3592,ሪፖርቱን በሚቀጥለው ወር አቀርባለሁ።,Promise,8,Promise_05,test
3593,የሪፖርቱ ችግርን ዛሬ ማታ እፈታለሁ።,Promise,8,Promise_14,train
3594,ትዕዛዙ ነገ ጠዋት አልደረሰኝም።,Complaint,6,Complaint_01,train
3595,መረጃው ትክክል ነው።,Assertion,1,Assertion_04,train
3596,ተጠንቀቅ፣ ስጦታውን ነገ ጠዋት ካላመጣህ ችግር ይፈጥራል።,Warning,4,Warning_06,val
3597,ጤና ይስጥልኝ፣ አባቴ እንዴት ነው?,Phatic,7,Phatic_10,train
3598,ይሻላል ክፍያውን ነገ ማድረግ።,Suggestion,3,Suggestion_08,train
3599,ይሻላል ቦታውን ለአስተዳዳሪው ማሳወቅ።,Suggestion,3,Suggestion_02,test
3600,ጤና ይስጥልኝ፣ ስራ እንዴት ነው?,Phatic,7,Phatic_02,train
3601,ውሉ በዚህ ወር ተፈርሟል።,Assertion,1,Assertion_07,train
3602,አዎ፣ መጽሐፉ ተመልሷል... በጣም ቀላል!,Sarcasm/Irony,5,Sarcasm/Irony_10,train
3603,ነጋዴው፣ ዛሬ እንዴት ነው?,Phatic,7,Phatic_07,train
3604,እርግጥ ነው፣ ምግቡ ዝግጁ ነው... በጣም ጣፋጭ!,Sarcasm/Irony,5,Sarcasm/Irony_09,train
3605,ስጦታውን ነገ ጠዋት አደርሳለሁ።,Promise,8,Promise_01,test
3606,እንደኔ ሀሳብ አገልግሎቱን በዚህ ሳምንት መላክ ይሻላል።,Suggestion,3,Suggestion_01,test
3607,ተጠንቀቅ፣ ስጦታውን ነገ ማታ ካላመጣህ ችግር ይፈጥራል።,Warning,4,Warning_06,train
3608,ተጠንቀቅ፣ ቦታውን በዚህ አመት ካላስያዝክ ይያዛል።,Warning,4,Warning_08,val
3609,ምናልባት ለእህቴ መደወል ይሻላል።,Suggestion,3,Suggestion_06,train
3610,ተጠንቀቅ፣ ፓኬጁን በቅርቡ ካላደረግክ ችግር ይፈጥራል።,Warning,4,Warning_00,train
3611,ምክሬ መረጃውን አሁን ማረጋገጥ ነው።,Suggestion,3,Suggestion_03,test
3612,እባክሽ ደብዳቤውን ዛሬ ማታ አምጪልኝ።,Request,0,Request_01,train
3613,እባክዎ ክፍያውን ዛሬ ማታ ያረጋግጡልኝ።,Request,0,Request_08,train
3614,እርግጥ ነው፣ ውሳኔው ትክክል ነው... በጣም ጥሩ!,Sarcasm/Irony,5,Sarcasm/Irony_11,val
3615,እንደሚመስለኝ ስጦታውን በፍጥነት ማምጣት ይሻላል።,Suggestion,3,Suggestion_10,train
3616,ይቅርታ፣ ለጓደኛዬ መላክ አልችልም።,Refusal,2,Refusal_05,test
3617,መረጃውን በዚህ ወር እላካለሁ።,Promise,8,Promise_06,train
3618,የስራው ችግርን በፍጥነት እፈታለሁ።,Promise,8,Promise_14,train
3619,ደብዳቤውን ዛሬ ጠዋት አረጋግጣለሁ።,Promise,8,Promise_13,train
3620,እባክዎ ክፍያውን ዛሬ ማታ ያረጋግጡልኝ።,Request,0,Request_08,test
3621,እባክሽ ኮንትራቱን ዛሬ ማታ አምጪልኝ።,Request,0,Request_05,train
3622,ትዕዛዙ ዛሬ ማታ አልደረሰኝም።,Complaint,6,Complaint_01,train
3623,እባክዎ ስጦታውን ዛሬ ያድርሱልኝ።,Request,0,Request_06,test
3624,አዎ፣ ስጦታው ደርሷል... በጣም ጥሩ!,Sarcasm/Irony,5,Sarcasm/Irony_06,train
3625,የወንድሜ አገልግሎት መጥፎ ነው።,Complaint,6,Complaint_10,train
3626,ማስጠንቀቂያ፣ ትዕዛዙን በዚህ ወር ካላጠናቀቅክ ቅጣት አለ።,Warning,4,Warning_01,val
3627,ማስጠንቀቂያ፣ ምግቡን በዚህ ሳምንት ካላዘጋጀህ ችግር ይፈጥራል።,Warning,4,Warning_09,train
3628,ቦታው በሚቀጥለው ሳምንት አልተያዘም።,Complaint,6,Complaint_07,train
3629,ትዕዛዙ በሚቀጥለው ሳምንት አልደረሰኝም።,Complaint,6,Complaint_01,train
3630,ቦታውን በሚቀጥለው ወር አስይዛለሁ።,Promise,8,Promise_07,val
3631,የትዕዛዙ ችግር ከዛሬ ጀምሮ ከጓደኛችን ጋር እፈታለሁ።,Promise,8,Promise_00,val
3632,ሰላም፣ ስራ በሆቴል እንዴት ነው?,Phatic,7,Phatic_08,train
3633,የውሉ ችግር ከባለፈው ሳምንት ጀምሮ አልተፈታም።,Complaint,6,Complaint_02,val
3634,የውሉ ሁኔታ ጥሩ ነው።,Assertion,1,Assertion_03,train
3635,ተጠንቀቅ፣ ስራውን በሚቀጥለው ሳምንት ካላጠናቀቅክ ቅጣት አለ።,Warning,4,Warning_14,train
3636,ክፍያው ተከፍሏል።,Assertion,1,Assertion_05,train
3637,እባክዎ ምግቡን ለደንበኛው ነገ ጠዋት ይላኩልኝ።,Request,0,Request_11,test
3638,ተጠንቀቅ፣ መጽሐፉን ዛሬ ማታ ካላመለስክ ቅጣት አለ።,Warning,4,Warning_10,train
3639,ክፍያው ተከፍሏል።,Assertion,1,Assertion_05,train
3640,እንደኔ ሀሳብ ሪፖርቱን ዛሬ ጠዋት ማቅረብ ይሻላል።,Suggestion,3,Suggestion_07,train
3641,የቤተሰቤ ስራ በአውሮፕላን ማረፊያ ጥሩ ነው።,Assertion,1,Assertion_06,train
3642,አዎ፣ ውሉ ተፈርሟል... በጣም ቀላል ነበር!,Sarcasm/Irony,5,Sarcasm/Irony_04,train
3643,እባክዎ ሪፖርቱን በዚህ ሳምንት ይላኩልኝ።,Request,0,Request_10,test
3644,ሰላም፣ እንዴት ነህ?,Phatic,7,Phatic_01,train
3645,የሪፖርቱ ዋጋ ተቀይሯል።,Assertion,1,Assertion_09,train
3646,አልቻልኩም፣ ስጦታውን ዛሬ ማታ ማምጣት አልቻልኩም።,Refusal,2,Refusal_06,train
3647,ተጠንቀቅ፣ ውሉን በሚቀጥለው ወር ካልፈረምክ ህጋዊ ችግር ይፈጥራል።,Warning,4,Warning_04,train
3648,የኮንትራቱ ችግርን ዛሬ እፈታለሁ።,Promise,8,Promise_14,train
3649,ነጋዴው፣ ስራ በባንክ እንዴት ነው?,Phatic,7,Phatic_00,val
3650,ሪፖርቱን ዛሬ ጠዋት አቀርባለሁ።,Promise,8,Promise_05,train
3651,የስጦታው ችግር ከሐሙስ ጀምሮ ከጓደኛዋ ጋር እፈታለሁ።,Assertion,1,Assertion_00,test
3652,እርግጥ ነው፣ ትዕዛዙ በዚህ ሳምንት ተጠናቀቀ... በጣም ፈጣን!,Sarcasm/Irony,5,Sarcasm/Irony_01,train
3653,እባክሽ ኮንትራቱን ዛሬ ማታ አምጪልኝ።,Request,0,Request_05,test
3654,ጤና ይስጥልኝ፣ ስራ እንዴት ነው?,Phatic,7,Phatic_02,train
3655,ይሻላል ውሳኔውን በሚቀጥለው ወር ማሳወቅ።,Suggestion,3,Suggestion_14,train
3656,እንደሚመስለኝ ስጦታውን በሚቀጥለው ሳምንት ማምጣት ይሻላል።,Suggestion,3,Suggestion_10,train
3657,ተጠንቀቅ፣ ለፖሊሱ ካልደወልክ ችግር ይፈጥራል።,Warning,4,Warning_12,train
3658,ይቅርታ፣ ውሳኔውን በሚቀጥለው ወር ማሳወቅ አልችልም።,Refusal,2,Refusal_14,test
3659,ማስጠንቀቂያ፣ ትዕዛዙን በሚቀጥለው ቀን ካላጠናቀቅክ ቅጣት አለ።,Warning,4,Warning_01,test
3660,ሰላም፣ ስራ በገበያ እንዴት ነው?,Phatic,7,Phatic_08,train
3661,መጽሐፉ ነገ ደረሰ።,Assertion,1,Assertion_11,val
3662,የመጽሐፉ ችግርን ዛሬ እፈታለሁ።,Promise,8,Promise_14,train
3663,ውሳኔውን በሚቀጥለው ወር አሳውቃለሁ።,Promise,8,Promise_11,train
3664,አይደለም፣ ሪፖርቱን ነገ ጠዋት ማጠናቀቅ አልችልም።,Refusal,2,Refusal_10,train
3665,አዎ፣ ስጦታው ደርሷል... በጣም ጥሩ!,Sarcasm/Irony,5,Sarcasm/Irony_06,val
3666,የመልእክቱ ጥራት ከፍተኛ ነው።,Assertion,1,Assertion_14,val
3667,ነጋዴው፣ ስራ በትምህርት ቤት እንዴት ነው?,Phatic,7,Phatic_00,train
3668,ነጋዴው፣ ዛሬ እንዴት ነው?,Phatic,7,Phatic_07,test
3669,ስራውን በሚቀጥለው ወር አጠናቅቃለሁ።,Promise,8,Promise_12,train
3670,ቲኬቱን በሚቀጥለው ቀን አረጋግጣለሁ።,Promise,8,Promise_13,val
3671,መረጃው ትክክል ነው።,Assertion,1,Assertion_04,train
3672,ይቅርታ፣ ትዕዛዙን በቅርቡ መላክ አልችልም።,Refusal,2,Refusal_02,test
3673,ቦታው በሚቀጥለው ቀን አልተያዘም።,Complaint,6,Complaint_07,train
3674,ትዕዛዙ በሚቀጥለው ቀን አልደረሰኝም።,Complaint,6,Complaint_01,val
3675,ስራው በሚቀጥለው ወር ተጀምሯል።,Assertion,1,Assertion_13,train
3676,ስራው ነገ ተጀምሯል።,Assertion,1,Assertion_13,train
3677,ማስጠንቀቂያ፣ ክፍያውን አሁን ካላረጋገጥክ ችግር ይፈጥራል።,Warning,4,Warning_13,val
3678,እርግጥ ነው፣ ክፍያው ተከፍሏል... በጣም ቀላል!,Sarcasm/Irony,5,Sarcasm/Irony_03,val
3679,ተጠንቀቅ፣ ውሉን ነገ ጠዋት ካልፈረምክ ህጋዊ ችግር ይፈጥራል።,Warning,4,Warning_04,test
3680,እንደሚመስለኝ ስጦታውን አሁን ማምጣት ይሻላል።,Suggestion,3,Suggestion_10,train
3681,ምግቡ ነገ ጠዋት አልደረሰኝም።,Complaint,6,Complaint_08,train
3682,ምግቡን ዛሬ ጠዋት አዘጋጃለሁ።,Promise,8,Promise_08,train
3683,እባክዎ መልእክቱን ለደንበኛው ዛሬ ይላኩልኝ።,Request,0,Request_11,train
3684,እርግጥ ነው፣ ኮንትራቱ ጥሩ ነው... በጣም ጥሩ!,Sarcasm/Irony,5,Sarcasm/Irony_13,test
3685,ማስጠንቀቂያ፣ ሰነዱን በሚቀጥለው ሳምንት ካላረጋገጥክ ችግር ይፈጥራል።,Warning,4,Warning_13,train
3686,መረጃው ዛሬ ማታ አልደረሰኝም።,Complaint,6,Complaint_06,train
3687,ሀሳቤ መረጃውን ለአባቴ ማጋራት ነው።,Suggestion,3,Suggestion_11,train
3688,ማስጠንቀቂያ፣ ምግቡን ዛሬ ካላዘጋጀህ ችግር ይፈጥራል።,Warning,4,Warning_09,train
3689,ሪፖርቱ ዝግጁ ነው።,Assertion,1,Assertion_08,train
3690,ስራው አሁን አልተጠናቀቀም።,Complaint,6,Complaint_12,train
3691,ሪፖርቱ ዝግጁ ነው።,Assertion,1,Assertion_08,train
3692,እባክዎ መረጃውን ነገ ማታ ይላኩልኝ።,Request,0,Request_00,train
3693,ነጋዴው፣ ዛሬ እንዴት ነው?,Phatic,7,Phatic_07,train
3694,ውሳኔውን በሚቀጥለው ቀን አሳውቃለሁ።,Promise,8,Promise_11,test
3695,እርግጥ ነው፣ መረጃው ትክክል ነው... በጣም ግልጽ!,Sarcasm/Irony,5,Sarcasm/Irony_07,train
3696,ውሉ በሚቀጥለው ወር አልተፈረመም።,Complaint,6,Complaint_04,train
3697,ማስጠንቀቂያ፣ ውሳኔውን ነገ ማታ ካላሳወቅክ ችግር ይፈጥራል።,Warning,4,Warning_11,val
3698,እርግጥ ነው፣ ትዕዛዙ በሚቀጥለው ሳምንት ተጠናቀቀ... በጣም ፈጣን!,Sarcasm/Irony,5,Sarcasm/Irony_01,train
3699,አዎ፣ ስራው ተጠናቀቀ... በጣም ፈጣን!,Sarcasm/Irony,5,Sarcasm/Irony_12,train
3700,የጓደኛችን አገልግሎት መጥፎ ነው።,Complaint,6,Complaint_10,train
3701,ክፍያውን በፍጥነት አደርጋለሁ።,Promise,8,Promise_03,val
3702,ለእህቴ ዛሬ ማታ አልደወሉልኝም።,Complaint,6,Complaint_14,train
3703,ምክሬ ስጦታውን አሁን ማረጋገጥ ነው።,Suggestion,3,Suggestion_03,train
3704,ስጦታው ገና ወደ ሆቴል ዛሬ ማታ አልደረሰኝም።,Complaint,6,Complaint_00,train
3705,ውሉ በሚቀጥለው ሳምንት አልተፈረመም።,Complaint,6,Complaint_04,train
3706,ተጠንቀቅ፣ ስራውን በሚቀጥለው ወር ካላጠናቀቅክ ቅጣት አለ።,Warning,4,Warning_14,train
3707,ምናልባት ምግቡን ዛሬ ማታ ማዘጋጀት ይሻላል።,Suggestion,3,Suggestion_12,val
3708,ማስጠንቀቂያ፣ ምግቡን አሁን ካላዘጋጀህ ችግር ይፈጥራል።,Warning,4,Warning_09,test
3709,ምናልባት ምግቡን በሚቀጥለው ወር ማዘጋጀት ይሻላል።,Suggestion,3,Suggestion_12,train
3710,እርግጥ ነው፣ ትዕዛዙ በሚቀጥለው ወር ተጠናቀቀ... በጣም ፈጣን!,Sarcasm/Irony,5,Sarcasm/Irony_01,train
3711,ትዕዛዙ ነገ ማታ ተጠናቀቀ።,Assertion,1,Assertion_02,train
3712,እርግጥ ነው፣ ውሳኔው ትክክል ነው... በጣም ጥሩ!,Sarcasm/Irony,5,Sarcasm/Irony_11,train
3713,መረጃውን በሚቀጥለው ወር እላካለሁ።,Promise,8,Promise_06,train
3714,ተጠንቀቅ፣ ስጦታውን በሚቀጥለው ሳምንት ካላመጣህ ችግር ይፈጥራል።,Warning,4,Warning_06,train
3715,ይቅርታ፣ ለፖሊሱ መጥራት አልችልም።,Refusal,2,Refusal_11,val
3716,ቦታው በሚቀጥለው ወር አልተያዘም።,Complaint,6,Complaint_07,test
3717,ይቅርታ፣ መረጃውን ማጋራት አልችልም።,Refusal,2,Refusal_08,train
3718,እርግጥ ነው፣ ክፍያው ተከፍሏል... በጣም ቀላል!,Sarcasm/Irony,5,Sarcasm/Irony_03,test
3719,አዎ፣ ቦታው ነፃ ነው... በጣም ምቹ!,Sarcasm/Irony,5,Sarcasm/Irony_08,train
3720,ምናልባት ስራውን ዛሬ ጠዋት ማድረግ ይሻላል።,Suggestion,3,Suggestion_00,train
3721,ሰላም፣ እንዴት ነህ?,Phatic,7,Phatic_01,train
3722,ሰላም፣ እንዴት ነህ?,Phatic,7,Phatic_01,train
3723,እንደሚመስለኝ ስጦታውን ነገ ማታ ማምጣት ይሻላል።,Suggestion,3,Suggestion_10,train
3724,ተጠንቀቅ፣ ስጦታውን በዚህ አመት ካላመጣህ ችግር ይፈጥራል።,Warning,4,Warning_06,train
3725,ስጦታው በፍጥነት ደርሷል።,Assertion,1,Assertion_01,train
3726,እባክዎ ሪፖርቱን ዛሬ ማታ ይላኩልኝ።,Request,0,Request_10,train
3727,እርግጥ ነው፣ ቲኬቱ ጥሩ ነው... በጣም ጥሩ!,Sarcasm/Irony,5,Sarcasm/Irony_13,test
3728,እባክዎ ስጦታውን አሁን ይላኩልኝ።,Request,0,Request_04,train
3729,ሪፖርቱ አሁን አልቀረበም።,Complaint,6,Complaint_05,train
3730,የፋይሉ ዋጋ ተቀይሯል።,Assertion,1,Assertion_09,val
3731,እንደምን አደርክ?,Phatic,7,Phatic_03,train
3732,ማስጠንቀቂያ፣ ክፍያውን በሚቀጥለው ሳምንት ካላደረግክ አገልግሎት ይቋረጣል።,Warning,4,Warning_03,test
3733,መጽሐፉ ነገ አልደረሰኝም።,Complaint,6,Complaint_09,test
3734,አልፈልግም፣ ፓኬጁን አልቀበልም።,Refusal,2,Refusal_03,train
3735,አዎ፣ ስጦታው ደርሷል... በጣም ጥሩ!,Sarcasm/Irony,5,Sarcasm/Irony_06,test
3736,እርግጥ ነው፣ ውሳኔው ትክክል ነው... በጣም ጥሩ!,Sarcasm/Irony,5,Sarcasm/Irony_11,test
3737,ትዕዛዙ በዚህ ሳምንት ተጠናቀቀ።,Assertion,1,Assertion_02,train
3738,አልፈልግም፣ ቦታውን ማስያዝ አልችልም።,Refusal,2,Refusal_09,val
3739,እባክዎ መረጃውን አሁን ይላኩልኝ።,Request,0,Request_04,train
3740,ምግቡ በዚህ ወር አልደረሰኝም።,Complaint,6,Complaint_08,val
3741,እባክዎ ሪፖርቱን በዚህ አመት ይላኩልኝ።,Request,0,Request_10,test
3742,ነጋዴው፣ ስራ በሆቴል እንዴት ነው?,Phatic,7,Phatic_00,train
3743,ቦታው በዚህ ሳምንት አልተያዘም።,Complaint,6,Complaint_07,train
3744,ትዕዛዙን በቅርቡ አጠናቅቃለሁ።,Promise,8,Promise_02,train
3745,እንደኔ ሀሳብ መጽሐፉን በፍጥነት ማንበብ ይሻላል።,Suggestion,3,Suggestion_13,train
3746,ጤና ይስጥልኝ፣ ቤተሰብ እንዴት ናቸው?,Phatic,7,Phatic_06,train
3747,ሀሳቤ መረጃውን ለእናቴ ማጋራት ነው።,Suggestion,3,Suggestion_11,val
3748,ምናልባት ስጦታውን በሚቀጥለው ቀን ማድረግ ይሻላል።,Suggestion,3,Suggestion_00,train
3749,እባክሽ መጽሐፉን ነገ ማታ አምጪልኝ።,Request,0,Request_01,train
3750,እንደምን አደርክ?,Phatic,7,Phatic_03,test
3751,እባክዎ ምግቡን ለደንበኛው በዚህ ሳምንት ይላኩልኝ።,Request,0,Request_11,train
3752,እባክዎ መጽሐፉን ዛሬ ይላኩልኝ።,Request,0,Request_14,train
3753,ተጠንቀቅ፣ ቦታውን ዛሬ ጠዋት ካላስያዝክ ይያዛል።,Warning,4,Warning_08,train
3754,ሰላም ነው ወንድሜ?,Phatic,7,Phatic_11,train
3755,አዎ፣ ስጦታው ደርሷል... በጣም ጥሩ!,Sarcasm/Irony,5,Sarcasm/Irony_06,train
3756,ቦታውን በፍጥነት አስይዛለሁ።,Promise,8,Promise_07,train
3757,ሀሳቤ መረጃውን ለጓደኛዋ ማጋራት ነው።,Suggestion,3,Suggestion_11,train
3758,እባክዎ ውሳኔውን ለደንበኛው በሚቀጥለው ወር ይላኩልኝ።,Request,0,Request_11,train
3759,ምናልባት ምግቡን ዛሬ ማታ ማዘጋጀት ይሻላል።,Suggestion,3,Suggestion_12,train
3760,ምናልባት ምግቡን ነገ ጠዋት ማዘጋጀት ይሻላል።,Suggestion,3,Suggestion_12,train
3761,አልችልም፣ ምግቡን በዚህ ሳምንት ማዘጋጀት አልቻልኩም።,Refusal,2,Refusal_12,train
3762,ስጦታውን በዚህ አመት አደርሳለሁ።,Promise,8,Promise_01,train
3763,የአጋሬ አገልግሎት መጥፎ ነው።,Complaint,6,Complaint_10,train
3764,ለአጋሬ በዚህ ሳምንት አልደወሉልኝም።,Complaint,6,Complaint_14,train
3765,ተጠንቀቅ፣ ለሰራተኛው ካልላክ ችግር ይፈጥራል።,Warning,4,Warning_02,train
3766,መረጃውን ነገ ማታ እላካለሁ።,Promise,8,Promise_06,train
3767,እባክዎ ውሉን ለጓደኛችን በሚቀጥለው ወር ይላኩልኝ።,Request,0,Request_02,train
3768,እባክዎ ስራውን አሁን ይላኩልኝ።,Request,0,Request_04,train
3769,መረጃውን ዛሬ እላካለሁ።,Promise,8,Promise_06,train
3770,ቦታው ነፃ ነው።,Assertion,1,Assertion_10,train
3771,እባክሽ ውሳኔውን ዛሬ ማታ አምጪልኝ።,Request,0,Request_05,train
3772,ሪፖርቱ ዛሬ ማታ አልቀረበም።,Complaint,6,Complaint_05,train
3773,እንደምን አደርክ?,Phatic,7,Phatic_03,val
3774,አይደለም፣ ውሉን ዛሬ ጠዋት ማረጋገጥ አልችልም።,Refusal,2,Refusal_04,train
3775,ነጋዴው፣ ዛሬ እንዴት ነው?,Phatic,7,Phatic_07,train
3776,ምክሬ ስጦታውን አሁን ማረጋገጥ ነው።,Suggestion,3,Suggestion_03,test
3777,ተጠንቀቅ፣ ስጦታውን በዚህ አመት ካላመጣህ ችግር ይፈጥራል።,Warning,4,Warning_06,train
3778,ተጠንቀቅ፣ ለቤተሰቤ ካልላክ ችግር ይፈጥራል።,Warning,4,Warning_02,train
3779,ነጋዴው፣ ስራ በሬስቶራንት እንዴት ነው?,Phatic,7,Phatic_00,train
3780,የውሉ ሁኔታ ጥሩ ነው።,Assertion,1,Assertion_03,val
3781,መጽሐፉ ነገ ማታ ደረሰ።,Assertion,1,Assertion_11,test
3782,አዎ፣ ሰነዱን በዚህ ሳምንት አደረግኩት... ትክክል ነው!,Sarcasm/Irony,5,Sarcasm/Irony_00,train
3783,ስራው በዚህ ሳምንት ተጀምሯል።,Assertion,1,Assertion_13,val
3784,የትዕዛዙ ችግር ከሐሙስ ጀምሮ ከደንበኛው ጋር እፈታለሁ።,Promise,8,Promise_00,train
3785,ሰላም፣ ስራ በሬስቶራንት እንዴት ነው?,Phatic,7,Phatic_08,val
3786,ቦታው ዛሬ ጠዋት አልተያዘም።,Complaint,6,Complaint_07,train
3787,የትዕዛዙ ችግር ከዛሬ ጀምሮ ከሰራተኛው ጋር እፈታለሁ።,Promise,8,Promise_00,train
3788,እባክዎ ውሉን ለእናቴ ነገ ጠዋት ይላኩልኝ።,Request,0,Request_02,test
3789,ሀሳቤ መረጃውን ለባልደረባዬ ማጋራት ነው።,Suggestion,3,Suggestion_11,test
3790,ምግቡን ዛሬ ማታ አዘጋጃለሁ።,Promise,8,Promise_08,train
3791,ክፍያውን ነገ ጠዋት አደርጋለሁ።,Promise,8,Promise_03,train
3792,ይቅርታ፣ ለአስተዳዳሪው መላክ አልችልም።,Refusal,2,Refusal_05,train
3793,አልፈልግም፣ ቦታውን አልቀበልም።,Refusal,2,Refusal_03,train
3794,ይሻላል ሰነዱን ለአስተዳዳሪው ማሳወቅ።,Suggestion,3,Suggestion_02,train
3795,ሰላም ነው?,Phatic,7,Phatic_04,train
3796,ነጋዴው፣ ስራ በቤተ መንግስት እንዴት ነው?,Phatic,7,Phatic_00,train
3797,የአገልግሎቱ ጥራት ከፍተኛ ነው።,Assertion,1,Assertion_14,test
3798,ይቅርታ፣ ውሳኔውን በፍጥነት ማሳወቅ አልችልም።,Refusal,2,Refusal_14,train
3799,እንደኔ ሀሳብ ሪፖርቱን በሚቀጥለው ቀን ማቅረብ ይሻላል።,Suggestion,3,Suggestion_07,val
3800,እርግጥ ነው፣ ምግቡ ዝግጁ ነው... በጣም ጣፋጭ!,Sarcasm/Irony,5,Sarcasm/Irony_09,test
3801,አይ፣ ክፍያውን አሁን ማድረግ አልችልም።,Refusal,2,Refusal_07,train
3802,ስራው ዛሬ ማታ ተጀምሯል።,Assertion,1,Assertion_13,val
3803,መጽሐፉ በሚቀጥለው ወር ደረሰ።,Assertion,1,Assertion_11,train
3804,እንደኔ ሀሳብ ቦታውን ዛሬ መላክ ይሻላል።,Suggestion,3,Suggestion_01,train
3805,አዎ፣ ቦታው ነፃ ነው... በጣም ምቹ!,Sarcasm/Irony,5,Sarcasm/Irony_08,train
3806,ተጠንቀቅ፣ ለፖሊሱ ካልላክ ችግር ይፈጥራል።,Warning,4,Warning_02,train
3807,ስራውን በሚቀጥለው ሳምንት አጠናቅቃለሁ።,Promise,8,Promise_12,train
3808,ጤና ይስጥልኝ፣ ዛሬ እንዴት ነው?,Phatic,7,Phatic_13,train
3809,ስራው በሚቀጥለው ሳምንት አልተጠናቀቀም።,Complaint,6,Complaint_12,train
3810,ማስጠንቀቂያ፣ መረጃውን ካላጋራህ ችግር ይፈጥራል።,Warning,4,Warning_07,train
3811,ጤና ይስጥልኝ፣ ስራ እንዴት ነው?,Phatic,7,Phatic_02,train
3812,ነጋዴው፣ ስራ እንዴት እየሄደ ነው?,Phatic,7,Phatic_14,train
3813,እንደሚመስለኝ ትዕዛዙን በዚህ ወር ማጠናቀቅ ይሻላል።,Suggestion,3,Suggestion_04,train
3814,ሰላም፣ ስራ በባንክ እንዴት ነው?,Phatic,7,Phatic_08,train
3815,እንደሚመስለኝ ትዕዛዙን በዚህ ወር ማጠናቀቅ ይሻላል።,Suggestion,3,Suggestion_04,train
3816,ትዕዛዙ በዚህ ወር ተጠናቀቀ።,Assertion,1,Assertion_02,train
3817,መረጃው ነገ ጠዋት አልደረሰኝም።,Complaint,6,Complaint_06,test
3818,እርግጥ ነው፣ መረጃው ትክክል ነው... በጣም ግልጽ!,Sarcasm/Irony,5,Sarcasm/Irony_07,train
3819,እባክሽ ሪፖርቱን ዛሬ ማታ አምጪልኝ።,Request,0,Request_05,val
3820,ውሳኔው አሁን አልተሰጠም።,Complaint,6,Complaint_13,test
3821,ተጠንቀቅ፣ ስጦታውን በዚህ አመት ካላደረግክ ችግር ይፈጥራል።,Warning,4,Warning_00,train
3822,ሰላም ነው ወንድሜ?,Phatic,7,Phatic_11,train
3823,የሰራተኛው አገልግሎት መጥፎ ነው።,Complaint,6,Complaint_10,train
3824,አልፈልግም፣ ኮንትራቱን አልቀበልም።,Refusal,2,Refusal_03,train
3825,እባክሽ ምግቡን ነገ አምጪልኝ።,Request,0,Request_01,val
3826,አይ፣ ክፍያውን አሁን ማድረግ አልችልም።,Refusal,2,Refusal_07,train
3827,ለአስተዳዳሪው በሚቀጥለው ወር እደውላለሁ።,Promise,8,Promise_10,train
3828,ክፍያውን ነገ አደርጋለሁ።,Promise,8,Promise_03,val
3829,አዎ፣ ለጓደኛዋ ላክኩት... በጣም ጥሩ!,Sarcasm/Irony,5,Sarcasm/Irony_02,train
3830,ሪፖርቱ በዚህ አመት አልቀረበም።,Complaint,6,Complaint_05,train
3831,የሸቀጡ ዋጋ ተቀይሯል።,Assertion,1,Assertion_09,train
3832,እንደኔ ሀሳብ መጽሐፉን በፍጥነት ማንበብ ይሻላል።,Suggestion,3,Suggestion_13,train
3833,ይሻላል ፋይሉን ለአጋሬ ማሳወቅ።,Suggestion,3,Suggestion_02,test
3834,ስጦታው በሚቀጥለው ሳምንት ደርሷል።,Assertion,1,Assertion_01,val
3835,እባክዎ መረጃውን በዚህ ሳምንት ይላኩልኝ።,Request,0,Request_07,train
3836,አልቻልኩም፣ ስጦታውን በዚህ ሳምንት ማምጣት አልቻልኩም።,Refusal,2,Refusal_06,train
3837,ክፍያውን በሚቀጥለው ሳምንት አደርጋለሁ።,Promise,8,Promise_03,train
3838,ነጋዴው፣ ስራ እንዴት እየሄደ ነው?,Phatic,7,Phatic_14,test
3839,ማስጠንቀቂያ፣ ሪፖርቱን ነገ ማታ ካላቀረብክ ቅጣት አለ።,Warning,4,Warning_05,train
3840,ክፍያው በቅርቡ አልተከፈለም።,Complaint,6,Complaint_03,train
3841,ትዕዛዙን አሁን አጠናቅቃለሁ።,Promise,8,Promise_02,train
3842,ቦታው ነፃ ነው።,Assertion,1,Assertion_10,val
3843,የምግቡ ጥራት ዝቅተኛ ነው።,Complaint,6,Complaint_11,val
3844,ውሉ በዚህ ሳምንት ተፈርሟል።,Assertion,1,Assertion_07,val
3845,ይቅርታ፣ ለአለቃዬ መጥራት አልችልም።,Refusal,2,Refusal_11,train
3846,እንደሚመስለኝ ትዕዛዙን ነገ ማጠናቀቅ ይሻላል።,Suggestion,3,Suggestion_04,train
3847,እባክዎ ስጦታውን በሚቀጥለው ሳምንት ያድርሱልኝ።,Request,0,Request_06,train
3848,ስጦታው ዛሬ ማታ ደርሷል።,Assertion,1,Assertion_01,train
3849,ለፖሊሱ ዛሬ እደውላለሁ።,Promise,8,Promise_10,train
3850,አዎ፣ ስጦታው ደርሷል... በጣም ጥሩ!,Sarcasm/Irony,5,Sarcasm/Irony_06,train
3851,ትዕዛዙን በፍጥነት አጠናቅቃለሁ።,Promise,8,Promise_02,train
3852,እንደምን አደርክ?,Phatic,7,Phatic_03,val
3853,አይ፣ ክፍያውን አሁን ማድረግ አልችልም።,Refusal,2,Refusal_07,train
3854,ምናልባት መረጃውን በሚቀጥለው ሳምንት ማድረግ ይሻላል።,Suggestion,3,Suggestion_00,val
3855,አልችልም፣ ምግቡን ነገ ማዘጋጀት አልቻልኩም።,Refusal,2,Refusal_12,train
3856,ሰላም፣ ስራ በትምህርት ቤት እንዴት ነው?,Phatic,7,Phatic_08,val
3857,ማስጠንቀቂያ፣ ትዕዛዙን ነገ ካላጠናቀቅክ ቅጣት አለ።,Warning,4,Warning_01,train
3858,ይቅርታ፣ መረጃውን ማጋራት አልችልም።,Refusal,2,Refusal_08,train
3859,ይሻላል ውሳኔውን ዛሬ ጠዋት ማሳወቅ።,Suggestion,3,Suggestion_14,train
3860,ነጋዴው፣ ስራ እንዴት እየሄደ ነው?,Phatic,7,Phatic_14,train
3861,አዎ፣ ቦታው ነፃ ነው... በጣም ምቹ!,Sarcasm/Irony,5,Sarcasm/Irony_08,train
3862,አይ፣ ክፍያውን አሁን ማድረግ አልችልም።,Refusal,2,Refusal_07,train
3863,ተጠንቀቅ፣ ቦታውን ዛሬ ካላስያዝክ ይያዛል።,Warning,4,Warning_08,test
3864,እባክሽ ፋይሉን በዚህ ሳምንት አምጪልኝ።,Request,0,Request_01,train
3865,አዎ፣ ለወንድሜ ላክኩት... በጣም ጥሩ!,Sarcasm/Irony,5,Sarcasm/Irony_02,train
3866,ስራው በሚቀጥለው ቀን ተጀምሯል።,Assertion,1,Assertion_13,train
3867,እባክዎ ክፍያውን በዚህ ወር ያረጋግጡልኝ።,Request,0,Request_08,val
3868,እባክዎ ትዕዛዙን አሁን ይላኩልኝ።,Request,0,Request_04,train
3869,አይደለም፣ ሪፖርቱን ዛሬ ማጠናቀቅ አልችልም።,Refusal,2,Refusal_10,train
3870,የአስተዳዳሪው ስራ በሆስፒታል ጥሩ ነው።,Assertion,1,Assertion_06,train
3871,እባክዎ ፋይሉን ለደንበኛው በሚቀጥለው ቀን ይላኩልኝ።,Request,0,Request_11,test
3872,ሀሳቤ መረጃውን ለቤተሰቤ ማጋራት ነው።,Suggestion,3,Suggestion_11,train
3873,እንደኔ ሀሳብ ስራውን በፍጥነት መላክ ይሻላል።,Suggestion,3,Suggestion_01,train
3874,አልፈልግም፣ ቦታውን ማስያዝ አልችልም።,Refusal,2,Refusal_09,train
3875,ምክሬ ሰነዱን አሁን ማረጋገጥ ነው።,Suggestion,3,Suggestion_03,train
3876,ስጦታውን በዚህ ወር አደርሳለሁ።,Promise,8,Promise_01,train
3877,ማስጠንቀቂያ፣ ውሳኔውን በሚቀጥለው ሳምንት ካላሳወቅክ ችግር ይፈጥራል።,Warning,4,Warning_11,train
3878,ይሻላል ውሉን ለጓደኛችን ማሳወቅ።,Suggestion,3,Suggestion_02,test
3879,ምክሬ ቦታውን አሁን ማስያዝ ነው።,Suggestion,3,Suggestion_09,train
3880,እባክሽ ምግቡን ዛሬ ማታ አምጪልኝ።,Request,0,Request_05,train
3881,እባክሽ ውሳኔውን ዛሬ ማታ አምጪልኝ።,Request,0,Request_05,train
3882,ምናልባት ለቤተሰቤ መደወል ይሻላል።,Suggestion,3,Suggestion_06,train
3883,እንደሚመስለኝ ትዕዛዙን በፍጥነት ማጠናቀቅ ይሻላል።,Suggestion,3,Suggestion_04,test
3884,የክፍያው ችግር ከሐሙስ ጀምሮ አልተፈታም።,Complaint,6,Complaint_02,train
3885,አዎ፣ ውሉ ተፈርሟል... በጣም ቀላል ነበር!,Sarcasm/Irony,5,Sarcasm/Irony_04,train
3886,እባክሽ ስጦታውን ዛሬ ማታ አምጪልኝ።,Request,0,Request_05,train
3887,እባክዎ ቦታውን በዚህ ሳምንት ያስይዙልኝ።,Request,0,Request_12,train
3888,ሪፖርቱ ዛሬ ማታ አልቀረበም።,Complaint,6,Complaint_05,train
3889,ውሉ ዛሬ ማታ አልተፈረመም።,Complaint,6,Complaint_04,train
3890,የውሳኔው ጥራት ዝቅተኛ ነው።,Complaint,6,Complaint_11,train
3891,ማስጠንቀቂያ፣ ትዕዛዙን በዚህ ሳምንት ካላጠናቀቅክ ቅጣት አለ።,Warning,4,Warning_01,test
3892,አልፈልግም፣ ቦታውን ማስያዝ አልችልም።,Refusal,2,Refusal_09,train
3893,ጤና ይስጥልኝ፣ አጋሬ እንዴት ነው?,Phatic,7,Phatic_10,train
3894,አልፈልግም፣ ቦታውን ማስያዝ አልችልም።,Refusal,2,Refusal_09,val
3895,ስራውን ነገ አጠናቅቃለሁ።,Promise,8,Promise_12,train
3896,እንዴት ነህ ጓደኛ?,Phatic,7,Phatic_12,test
3897,ምናልባት ኮንትራቱን ነገ ማታ ማድረግ ይሻላል።,Suggestion,3,Suggestion_00,train
3898,ስጦታውን ዛሬ ማታ አደርሳለሁ።,Promise,8,Promise_01,test
3899,ምግቡን በዚህ አመት አዘጋጃለሁ።,Promise,8,Promise_08,train
3900,እርግጥ ነው፣ ሪፖርቱ ጥሩ ነው... በጣም ጥሩ!,Sarcasm/Irony,5,Sarcasm/Irony_13,train
3901,እባክዎ ቦታውን በፍጥነት ያስይዙልኝ።,Request,0,Request_12,train
3902,የመረጃው ጥራት ከፍተኛ ነው።,Assertion,1,Assertion_14,train
3903,አዎ፣ ስጦታው ደርሷል... በጣም ጥሩ!,Sarcasm/Irony,5,Sarcasm/Irony_06,train
3904,ስጦታውን በዚህ አመት አረጋግጣለሁ።,Promise,8,Promise_13,val
3905,ምናልባት ለአባቴ መደወል ይሻላል።,Suggestion,3,Suggestion_06,train
3906,ውሳኔው በዚህ አመት አልተሰጠም።,Complaint,6,Complaint_13,train
3907,አዎ፣ መጽሐፉ ተመልሷል... በጣም ቀላል!,Sarcasm/Irony,5,Sarcasm/Irony_10,val
3908,መረጃው ትክክል ነው።,Assertion,1,Assertion_04,val
3909,መጽሐፉ ዛሬ ጠዋት ደረሰ።,Assertion,1,Assertion_11,train
3910,አይ፣ መጽሐፉን ማበደር አልችልም።,Refusal,2,Refusal_13,test
3911,ይሻላል ውሳኔውን ነገ ማሳወቅ።,Suggestion,3,Suggestion_14,train
3912,አዎ፣ ስራው ተጠናቀቀ... በጣም ፈጣን!,Sarcasm/Irony,5,Sarcasm/Irony_12,train
3913,ውሉ በቅርቡ ተፈርሟል።,Assertion,1,Assertion_07,train
3914,እባክሽ ደብዳቤውን ዛሬ አምጪልኝ።,Request,0,Request_09,train
3915,እርግጥ ነው፣ ሪፖርቱ ጥሩ ነው... በጣም ጥሩ!,Sarcasm/Irony,5,Sarcasm/Irony_13,val
3916,ይቅርታ፣ ለባልደረባዬ መጥራት አልችልም።,Refusal,2,Refusal_11,train
3917,ውሉ በሚቀጥለው ወር አልተፈረመም።,Complaint,6,Complaint_04,train
3918,ውሳኔው በዚህ ወር አልተሰጠም።,Complaint,6,Complaint_13,val
3919,ጤና ይስጥልኝ፣ አጋሬ እንዴት ነው?,Phatic,7,Phatic_10,train
3920,ምግቡ ነገ ጠዋት አልደረሰኝም።,Complaint,6,Complaint_08,train
3921,እባክሽ ደብዳቤውን በዚህ ሳምንት አምጪልኝ።,Request,0,Request_09,train
3922,አይ፣ ክፍያውን አሁን ማድረግ አልችልም።,Refusal,2,Refusal_07,train
3923,አልፈልግም፣ ቦታውን ማስያዝ አልችልም።,Refusal,2,Refusal_09,train
3924,ስራውን በፍጥነት አጠናቅቃለሁ።,Promise,8,Promise_12,train
3925,መጽሐፉ ዛሬ ጠዋት አልደረሰኝም።,Complaint,6,Complaint_09,train
3926,ሰላም ነው ወንድሜ?,Phatic,7,Phatic_11,train
3927,እባክሽ ስራውን ዛሬ ማታ አምጪልኝ።,Request,0,Request_05,train
3928,አልቻልኩም፣ ስጦታውን በሚቀጥለው ቀን ማምጣት አልቻልኩም።,Refusal,2,Refusal_06,val
3929,እባክዎ ሸቀጡን አሁን ይላኩልኝ።,Request,0,Request_04,train
3930,ሰላም፣ እንዴት ነህ?,Phatic,7,Phatic_01,train
3931,እንደኔ ሀሳብ ሪፖርቱን በሚቀጥለው ሳምንት ማቅረብ ይሻላል።,Suggestion,3,Suggestion_07,train
3932,ማስጠንቀቂያ፣ ሪፖርቱን በዚህ ሳምንት ካላቀረብክ ቅጣት አለ።,Warning,4,Warning_05,val
3933,አልፈልግም፣ ቦታውን ማስያዝ አልችልም።,Refusal,2,Refusal_09,train
3934,መረጃውን አሁን እላካለሁ።,Promise,8,Promise_06,train
3935,እንደሚመስለኝ ትዕዛዙን በዚህ ሳምንት ማጠናቀቅ ይሻላል።,Suggestion,3,Suggestion_04,val
3936,ተጠንቀቅ፣ ውሉን ነገ ጠዋት ካልፈረምክ ህጋዊ ችግር ይፈጥራል።,Warning,4,Warning_04,train
3937,ይሻላል ፓኬጁን ለአባቴ ማሳወቅ።,Suggestion,3,Suggestion_02,train
3938,መረጃው ነገ ማታ አልደረሰኝም።,Complaint,6,Complaint_06,test
3939,ተጠንቀቅ፣ መጽሐፉን ዛሬ ጠዋት ካላመለስክ ቅጣት አለ።,Warning,4,Warning_10,train
3940,ውሉ ዛሬ ማታ አልተፈረመም።,Complaint,6,Complaint_04,test
3941,የአጋሬ ውሳኔ ትክክል ነው።,Assertion,1,Assertion_12,train
3942,አልቻልኩም፣ ስጦታውን ዛሬ ማታ ማምጣት አልቻልኩም።,Refusal,2,Refusal_06,train
3943,ስራውን በዚህ ሳምንት አጠናቅቃለሁ።,Promise,8,Promise_12,train
3944,ይሻላል ውሳኔውን ነገ ማሳወቅ።,Suggestion,3,Suggestion_14,test
3945,ማስጠንቀቂያ፣ መረጃውን ካላጋራህ ችግር ይፈጥራል።,Warning,4,Warning_07,test
3946,መረጃው ትክክል ነው።,Assertion,1,Assertion_04,train
3947,ምናልባት ምግቡን በዚህ ወር ማዘጋጀት ይሻላል።,Suggestion,3,Suggestion_12,train
3948,ይቅርታ፣ ውሳኔውን በዚህ አመት ማሳወቅ አልችልም።,Refusal,2,Refusal_14,val
3949,አልፈልግም፣ ቦታውን ማስያዝ አልችልም።,Refusal,2,Refusal_09,train
3950,ምክሬ ቦታውን አሁን ማስያዝ ነው።,Suggestion,3,Suggestion_09,train
3951,ስራው ዛሬ ጠዋት ተጀምሯል።,Assertion,1,Assertion_13,train
3952,የፋይሉ ችግር ከትናንት ጀምሮ አልተፈታም።,Complaint,6,Complaint_02,test
3953,ማስጠንቀቂያ፣ ሸቀጡን በዚህ ወር ካላረጋገጥክ ችግር ይፈጥራል።,Warning,4,Warning_13,train
3954,ማስጠንቀቂያ፣ ምግቡን ዛሬ ጠዋት ካላዘጋጀህ ችግር ይፈጥራል።,Warning,4,Warning_09,train
3955,እባክሽ ቦታውን ዛሬ ማታ አምጪልኝ።,Request,0,Request_05,val
3956,ይሻላል ክፍያውን አሁን ማድረግ።,Suggestion,3,Suggestion_08,test
3957,ውሳኔውን ዛሬ ጠዋት አሳውቃለሁ።,Promise,8,Promise_11,train
3958,ሰላም፣ እንዴት ነህ?,Phatic,7,Phatic_01,val
3959,ስራው ነገ ጠዋት ተጀምሯል።,Assertion,1,Assertion_13,train
3960,ተጠንቀቅ፣ ውሉን ነገ ማታ ካልፈረምክ ህጋዊ ችግር ይፈጥራል።,Warning,4,Warning_04,val
3961,ስጦታው ገና ወደ ገበያ በዚህ አመት አልደረሰኝም።,Complaint,6,Complaint_00,train
3962,ሰላም ነው ወንድሜ?,Phatic,7,Phatic_11,train
3963,ውሉ ነገ ማታ አልተፈረመም።,Complaint,6,Complaint_04,val
3964,እባክሽ አገልግሎቱን ዛሬ ማታ አምጪልኝ።,Request,0,Request_05,train
3965,እባክዎ ሪፖርቱን ዛሬ ጠዋት ይላኩልኝ።,Request,0,Request_10,train
3966,አይ፣ መጽሐፉን ማበደር አልችልም።,Refusal,2,Refusal_13,train
3967,አይደለም፣ ውሉን በዚህ ወር ማረጋገጥ አልችልም።,Refusal,2,Refusal_04,train
3968,አዎ፣ ስራው ተጠናቀቀ... በጣም ፈጣን!,Sarcasm/Irony,5,Sarcasm/Irony_12,train
3969,አዎ፣ ስራው ተጠናቀቀ... በጣም ፈጣን!,Sarcasm/Irony,5,Sarcasm/Irony_12,train
3970,ትዕዛዙ በዚህ ወር አልደረሰኝም።,Complaint,6,Complaint_01,test
3971,ክፍያውን በዚህ አመት አደርጋለሁ።,Promise,8,Promise_03,train
3972,አዎ፣ ሰነዱን አሁን አደረግኩት... ትክክል ነው!,Sarcasm/Irony,5,Sarcasm/Irony_00,train
3973,ውሉ አሁን አልተፈረመም።,Complaint,6,Complaint_04,test
3974,ስጦታውን ዛሬ ማታ አደርሳለሁ።,Promise,8,Promise_01,train
3975,አዎ፣ ውሉ ተፈርሟል... በጣም ቀላል ነበር!,Sarcasm/Irony,5,Sarcasm/Irony_04,train
3976,መጽሐፉ ነገ ደረሰ።,Assertion,1,Assertion_11,train
3977,አልችልም፣ ምግቡን በዚህ አመት ማዘጋጀት አልቻልኩም።,Refusal,2,Refusal_12,val
3978,እባክሽ ምግቡን ነገ ማታ አዘጋጅልኝ።,Request,0,Request_13,train
3979,እባክዎ መረጃውን ነገ ጠዋት ይላኩልኝ።,Request,0,Request_07,train
3980,አልችልም፣ መልእክቱን አሁን ማድረስ አልቻልኩም።,Refusal,2,Refusal_00,val
3981,ጤና ይስጥልኝ፣ ቤተሰብ እንዴት ናቸው?,Phatic,7,Phatic_06,test
3982,እባክዎ ቦታውን በዚህ ወር ያስይዙልኝ።,Request,0,Request_12,test
3983,አዎ፣ ውሉ ተፈርሟል... በጣም ቀላል ነበር!,Sarcasm/Irony,5,Sarcasm/Irony_04,test
3984,ሰላም፣ ስራ በፍርድ ቤት እንዴት ነው?,Phatic,7,Phatic_08,train
3985,አዎ፣ ለቤተሰቤ ላክኩት... በጣም ጥሩ!,Sarcasm/Irony,5,Sarcasm/Irony_02,train
3986,ይቅርታ፣ ለአስተዳዳሪው መላክ አልችልም።,Refusal,2,Refusal_05,val
3987,አይደለም፣ ሪፖርቱን ነገ ጠዋት ማጠናቀቅ አልችልም።,Refusal,2,Refusal_10,train
3988,መረጃውን በሚቀጥለው ቀን አረጋግጣለሁ።,Promise,8,Promise_13,test
3989,ክፍያው ተከፍሏል።,Assertion,1,Assertion_05,train
3990,ሪፖርቱ አሁን አልቀረበም።,Complaint,6,Complaint_05,test
3991,እባክሽ አገልግሎቱን በሚቀጥለው ወር አምጪልኝ።,Request,0,Request_01,test
3992,መረጃውን ዛሬ እላካለሁ።,Promise,8,Promise_06,train
3993,እባክዎ ደብዳቤውን ለደንበኛው በሚቀጥለው ሳምንት ይላኩልኝ።,Request,0,Request_11,train
3994,እርግጥ ነው፣ ሪፖርቱ ዝግጁ ነው... በጣም ፈጣን!,Sarcasm/Irony,5,Sarcasm/Irony_05,test
3995,ሀሳቤ ውሉን በሚቀጥለው ወር መፈረም ነው።,Suggestion,3,Suggestion_05,train
3996,እንደሚመስለኝ ስጦታውን በዚህ አመት ማምጣት ይሻላል።,Suggestion,3,Suggestion_10,train
3997,ማስጠንቀቂያ፣ ክፍያውን ነገ ጠዋት ካላደረግክ አገልግሎት ይቋረጣል።,Warning,4,Warning_03,train
3998,ነጋዴው፣ ዛሬ እንዴት ነው?,Phatic,7,Phatic_07,test
3999,ቦታው ዛሬ ማታ አልተያዘም።,Complaint,6,Complaint_07,test
4000,አዎ፣ ውሉ ተፈርሟል... በጣም ቀላል ነበር!,Sarcasm/Irony,5,Sarcasm/Irony_04,train
4001,እባክዎ ቦታውን በቅርቡ ያስይዙልኝ።,Request,0,Request_12,train
4002,ይቅርታ፣ ለባልደረባዬ መላክ አልችልም።,Refusal,2,Refusal_05,test
4003,እርግጥ ነው፣ መረጃው ትክክል ነው... በጣም ግልጽ!,Sarcasm/Irony,5,Sarcasm/Irony_07,train
4004,ቦታው በቅርቡ አልተያዘም።,Complaint,6,Complaint_07,test
4005,የመጽሐፉ ዋጋ ተቀይሯል።,Assertion,1,Assertion_09,train
4006,እርግጥ ነው፣ ምግቡ ዝግጁ ነው... በጣም ጣፋጭ!,Sarcasm/Irony,5,Sarcasm/Irony_09,train
4007,ምናልባት ስጦታውን አሁን ማድረግ ይሻላል።,Suggestion,3,Suggestion_00,train
4008,ጤና ይስጥልኝ፣ ባልደረባዬ እንዴት ነው?,Phatic,7,Phatic_10,val
4009,ይቅርታ፣ ውሳኔውን ዛሬ ማሳወቅ አልችልም።,Refusal,2,Refusal_14,train
4010,እባክዎ ውሉን ለሰራተኛው ዛሬ ጠዋት ይላኩልኝ።,Request,0,Request_02,train
4011,ተጠንቀቅ፣ ስራውን በዚህ ወር ካላጠናቀቅክ ቅጣት አለ።,Warning,4,Warning_14,train
4012,ተጠንቀቅ፣ ለጓደኛዋ ካልላክ ችግር ይፈጥራል።,Warning,4,Warning_02,test
4013,እባክዎ መጽሐፉን በሚቀጥለው ቀን ይላኩልኝ።,Request,0,Request_14,val
4014,የወንድሜ ስራ በዩኒቨርሲቲ ጥሩ ነው።,Assertion,1,Assertion_06,val
4015,ይቅርታ፣ ትዕዛዙን በዚህ አመት መላክ አልችልም።,Refusal,2,Refusal_02,train
4016,ሰላም፣ ስራ በፖስታ ቤት እንዴት ነው?,Phatic,7,Phatic_08,train
4017,ማስጠንቀቂያ፣ ክፍያውን በዚህ ሳምንት ካላደረግክ አገልግሎት ይቋረጣል።,Warning,4,Warning_03,train
4018,ነጋዴው፣ ስራ እንዴት እየሄደ ነው?,Phatic,7,Phatic_14,train
4019,የመልእክቱ ችግርን በዚህ ወር እፈታለሁ።,Promise,8,Promise_14,test
4020,የፓኬጁ ጥራት ዝቅተኛ ነው።,Complaint,6,Complaint_11,train
4021,ይቅርታ፣ ትዕዛዙን ነገ ማታ መላክ አልችልም።,Refusal,2,Refusal_02,train
4022,ትዕዛዙ በሚቀጥለው ወር ተጠናቀቀ።,Assertion,1,Assertion_02,train
4023,ተጠንቀቅ፣ ለጓደኛችን ካልላክ ችግር ይፈጥራል።,Warning,4,Warning_02,train
4024,አዎ፣ መጽሐፉ ተመልሷል... በጣም ቀላል!,Sarcasm/Irony,5,Sarcasm/Irony_10,train
4025,ይቅርታ፣ መረጃውን ማጋራት አልችልም።,Refusal,2,Refusal_08,train
4026,አይ፣ ክፍያውን አሁን ማድረግ አልችልም።,Refusal,2,Refusal_07,val
4027,እባክዎ ፋይሉን በሚቀጥለው ቀን ይላኩልኝ።,Request,0,Request_00,train
4028,ትዕዛዙን በዚህ ሳምንት አጠናቅቃለሁ።,Promise,8,Promise_02,train
4029,ስጦታውን አሁን አደርሳለሁ።,Promise,8,Promise_01,train
4030,ስራውን ነገ ጠዋት አጠናቅቃለሁ።,Promise,8,Promise_12,train
4031,ማስጠንቀቂያ፣ ምግቡን ነገ ማታ ካላዘጋጀህ ችግር ይፈጥራል።,Warning,4,Warning_09,train
4032,መጽሐፉን በዚህ ወር አመልሳለሁ።,Promise,8,Promise_09,val
4033,ጤና ይስጥልኝ፣ ቤተሰብ እንዴት ናቸው?,Phatic,7,Phatic_06,train
4034,መረጃው ትክክል ነው።,Assertion,1,Assertion_04,train
4035,ክፍያው ተከፍሏል።,Assertion,1,Assertion_05,test
4036,እርግጥ ነው፣ መረጃው ትክክል ነው... በጣም ግልጽ!,Sarcasm/Irony,5,Sarcasm/Irony_07,test
4037,ምናልባት ክፍያውን ነገ ማታ ማድረግ ይሻላል።,Suggestion,3,Suggestion_00,train
4038,እርግጥ ነው፣ ምግቡ ዝግጁ ነው... በጣም ጣፋጭ!,Sarcasm/Irony,5,Sarcasm/Irony_09,train
4039,ይሻላል ውሳኔውን ዛሬ ማሳወቅ።,Suggestion,3,Suggestion_14,test
4040,እርግጥ ነው፣ ክፍያው ተከፍሏል... በጣም ቀላል!,Sarcasm/Irony,5,Sarcasm/Irony_03,train
4041,ጤና ይስጥልኝ፣ ስራ እንዴት ነው?,Phatic,7,Phatic_02,train
4042,እባክዎ ክፍያውን በሚቀጥለው ሳምንት ያረጋግጡልኝ።,Request,0,Request_08,train
4043,አዎ፣ ለአስተዳዳሪው ደውያለሁ... በጣም ቀላል!,Sarcasm/Irony,5,Sarcasm/Irony_14,train
4044,እርግጥ ነው፣ ውሳኔው ትክክል ነው... በጣም ጥሩ!,Sarcasm/Irony,5,Sarcasm/Irony_11,train
4045,ይቅርታ፣ ለጓደኛዋ መጥራት አልችልም።,Refusal,2,Refusal_11,train
4046,የሸቀጡ ችግርን በዚህ ወር እፈታለሁ።,Promise,8,Promise_14,train
4047,ሀሳቤ ውሉን በዚህ ሳምንት መፈረም ነው።,Suggestion,3,Suggestion_05,train
4048,መጽሐፉ በዚህ አመት አልደረሰኝም።,Complaint,6,Complaint_09,train
4049,እባክዎ ቦታውን ዛሬ ጠዋት ያስይዙልኝ።,Request,0,Request_12,train
4050,መረጃው በዚህ አመት አልደረሰኝም።,Complaint,6,Complaint_06,val
4051,ነጋዴው፣ ዛሬ እንዴት ነው?,Phatic,7,Phatic_07,val
4052,መረጃውን በዚህ ሳምንት እላካለሁ።,Promise,8,Promise_06,train
4053,ተጠንቀቅ፣ ቦታውን ዛሬ ጠዋት ካላስያዝክ ይያዛል።,Warning,4,Warning_08,train
4054,እንደምን አደርክ?,Phatic,7,Phatic_03,test
4055,ሰላም ነው?,Phatic,7,Phatic_04,train
4056,አይደለም፣ ውሉን በሚቀጥለው ሳምንት ማረጋገጥ አልችልም።,Refusal,2,Refusal_04,val
4057,ውሉን በዚህ ሳምንት እፈርማለሁ።,Promise,8,Promise_04,test
4058,ስራውን ነገ ጠዋት አጠናቅቃለሁ።,Promise,8,Promise_12,train
4059,ይሻላል አገልግሎቱን ለእህቴ ማሳወቅ።,Suggestion,3,Suggestion_02,train
4060,እርግጥ ነው፣ ሪፖርቱ ዝግጁ ነው... በጣም ፈጣን!,Sarcasm/Irony,5,Sarcasm/Irony_05,val
4061,ውሉ ዛሬ ጠዋት አልተፈረመም።,Complaint,6,Complaint_04,train
4062,ስራው ዛሬ ማታ አልተጠናቀቀም።,Complaint,6,Complaint_12,train
4063,ሪፖርቱን ዛሬ አቀርባለሁ።,Promise,8,Promise_05,train
4064,እንደሚመስለኝ ስጦታውን ዛሬ ጠዋት ማምጣት ይሻላል።,Suggestion,3,Suggestion_10,train
4065,ስጦታው ገና ወደ አውሮፕላን ማረፊያ አሁን አልደረሰኝም።,Complaint,6,Complaint_00,train
4066,ሰላም ነው ወንድሜ?,Phatic,7,Phatic_11,test
4067,ማስጠንቀቂያ፣ ትዕዛዙን በዚህ አመት ካላጠናቀቅክ ቅጣት አለ።,Warning,4,Warning_01,train
4068,ውሳኔው ነገ ማታ አልተሰጠም።,Complaint,6,Complaint_13,train
4069,አዎ፣ ስጦታው ደርሷል... በጣም ጥሩ!,Sarcasm/Irony,5,Sarcasm/Irony_06,val
4070,ለቤተሰቤ በዚህ አመት እደውላለሁ።,Promise,8,Promise_10,train
4071,ክፍያው ተከፍሏል።,Assertion,1,Assertion_05,train
4072,ማስጠንቀቂያ፣ ሪፖርቱን በሚቀጥለው ሳምንት ካላቀረብክ ቅጣት አለ።,Warning,4,Warning_05,val
4073,ነጋዴው፣ ዛሬ እንዴት ነው?,Phatic,7,Phatic_07,test
4074,መጽሐፉ በዚህ ወር ደረሰ።,Assertion,1,Assertion_11,val
4075,ስጦታው ነገ ጠዋት ደርሷል።,Assertion,1,Assertion_01,train
4076,እንደምን አደርክ?,Phatic,7,Phatic_03,train
4077,ተጠንቀቅ፣ ቦታውን ዛሬ ካላስያዝክ ይያዛል።,Warning,4,Warning_08,train
4078,መጽሐፉ በሚቀጥለው ቀን አልደረሰኝም።,Complaint,6,Complaint_09,train
4079,ምናልባት ለፖሊሱ መደወል ይሻላል።,Suggestion,3,Suggestion_06,train
4080,ተጠንቀቅ፣ ለአለቃዬ ካልደወልክ ችግር ይፈጥራል።,Warning,4,Warning_12,test
4081,እባክዎ መጽሐፉን በሚቀጥለው ሳምንት ይላኩልኝ።,Request,0,Request_14,train
4082,ሪፖርቱን በሚቀጥለው ወር አቀርባለሁ።,Promise,8,Promise_05,train
4083,ይቅርታ፣ መረጃውን ማጋራት አልችልም።,Refusal,2,Refusal_08,train
4084,ተጠንቀቅ፣ ስራውን በሚቀጥለው ቀን ካላጠናቀቅክ ቅጣት አለ።,Warning,4,Warning_14,train
4085,እባክዎ ትዕዛዙን ለቤተሰቤ ዛሬ ጠዋት ይላኩልኝ።,Request,0,Request_03,test
4086,ቦታው በዚህ አመት አልተያዘም።,Complaint,6,Complaint_07,val
4087,ሪፖርቱ ነገ ማታ አልቀረበም።,Complaint,6,Complaint_05,val
4088,አዎ፣ ውሉ ተፈርሟል... በጣም ቀላል ነበር!,Sarcasm/Irony,5,Sarcasm/Irony_04,test
4089,ተጠንቀቅ፣ ስራውን ነገ ማታ ካላጠናቀቅክ ቅጣት አለ።,Warning,4,Warning_14,train
4090,እንደሚመስለኝ ትዕዛዙን ዛሬ ማጠናቀቅ ይሻላል።,Suggestion,3,Suggestion_04,train
4091,እባክዎ መጽሐፉን ዛሬ ጠዋት ይላኩልኝ።,Request,0,Request_14,train
4092,የሰነዱ ሁኔታ ጥሩ ነው።,Assertion,1,Assertion_03,train
4093,ማስጠንቀቂያ፣ ክፍያውን አሁን ካላደረግክ አገልግሎት ይቋረጣል።,Warning,4,Warning_03,train
4094,ይቅርታ፣ ውሳኔውን በዚህ ወር ማሳወቅ አልችልም።,Refusal,2,Refusal_14,test
4095,እባክሽ መልእክቱን ዛሬ ማታ አምጪልኝ።,Request,0,Request_05,test
4096,አልቻልኩም፣ ስጦታውን ዛሬ ማታ ማምጣት አልቻልኩም።,Refusal,2,Refusal_06,train
4097,ክፍያውን ነገ ጠዋት አደርጋለሁ።,Promise,8,Promise_03,train
4098,ሪፖርቱን በሚቀጥለው ወር አቀርባለሁ።,Promise,8,Promise_05,train
4099,ውሳኔውን በዚህ አመት አሳውቃለሁ።,Promise,8,Promise_11,train
4100,ውሉ ነገ ማታ ተፈርሟል።,Assertion,1,Assertion_07,train
4101,ስራው በሚቀጥለው ሳምንት ተጀምሯል።,Assertion,1,Assertion_13,val
4102,ይቅርታ፣ መረጃውን ማጋራት አልችልም።,Refusal,2,Refusal_08,train
4103,ክፍያውን ነገ ማታ አደርጋለሁ።,Promise,8,Promise_03,train
4104,ውሉን ዛሬ ጠዋት እፈርማለሁ።,Promise,8,Promise_04,train
4105,አልችልም፣ ምግቡን በዚህ አመት ማዘጋጀት አልቻልኩም።,Refusal,2,Refusal_12,test
4106,ማስጠንቀቂያ፣ ክፍያውን በሚቀጥለው ሳምንት ካላደረግክ አገልግሎት ይቋረጣል።,Warning,4,Warning_03,train
4107,እባክዎ ክፍያውን በፍጥነት ያረጋግጡልኝ።,Request,0,Request_08,train
4108,ቦታውን በዚህ ወር አስይዛለሁ።,Promise,8,Promise_07,train
4109,እንዴት ነሽ?,Phatic,7,Phatic_05,train
4110,ጤና ይስጥልኝ፣ ቤተሰብ እንዴት ናቸው?,Phatic,7,Phatic_06,train
4111,የአጋሬ አገልግሎት መጥፎ ነው።,Complaint,6,Complaint_10,train
4112,እባክዎ ውሉን ለእህቴ በሚቀጥለው ቀን ይላኩልኝ።,Request,0,Request_02,train
4113,የጓደኛዬ ውሳኔ ትክክል ነው።,Assertion,1,Assertion_12,train
4114,ይቅርታ፣ ትዕዛዙን በዚህ አመት መላክ አልችልም።,Refusal,2,Refusal_02,train
4115,እንደኔ ሀሳብ ስጦታውን በዚህ አመት መላክ ይሻላል።,Suggestion,3,Suggestion_01,train
4116,አልችልም፣ ስራውን ነገ ጠዋት ማድረስ አልቻልኩም።,Refusal,2,Refusal_00,train
4117,ውሳኔውን ዛሬ ማታ አሳውቃለሁ።,Promise,8,Promise_11,val
4118,እንደኔ ሀሳብ መጽሐፉን ዛሬ ማንበብ ይሻላል።,Suggestion,3,Suggestion_13,train
4119,ማስጠንቀቂያ፣ መረጃውን ካላጋራህ ችግር ይፈጥራል።,Warning,4,Warning_07,train
4120,ሀሳቤ መረጃውን ለእናቴ ማጋራት ነው።,Suggestion,3,Suggestion_11,train
4121,እባክዎ ስጦታውን ነገ ጠዋት ያድርሱልኝ።,Request,0,Request_06,test
4122,አዎ፣ ቲኬቱን በሚቀጥለው ወር አደረግኩት... ትክክል ነው!,Sarcasm/Irony,5,Sarcasm/Irony_00,train
4123,ምናልባት ለሰራተኛው መደወል ይሻላል።,Suggestion,3,Suggestion_06,test
4124,እባክዎ ትዕዛዙን ለእህቴ በዚህ ወር ይላኩልኝ።,Request,0,Request_03,train
4125,የፋይሉ ጥራት ከፍተኛ ነው።,Assertion,1,Assertion_14,train
4126,አዎ፣ ቦታው ነፃ ነው... በጣም ምቹ!,Sarcasm/Irony,5,Sarcasm/Irony_08,train
4127,ይቅርታ፣ መረጃውን ማጋራት አልችልም።,Refusal,2,Refusal_08,train
4128,ሰላም፣ ስራ በሆቴል እንዴት ነው?,Phatic,7,Phatic_08,train
4129,ይሻላል ክፍያውን ነገ ጠዋት ማድረግ።,Suggestion,3,Suggestion_08,val
4130,ተጠንቀቅ፣ ቦታውን በቅርቡ ካላስያዝክ ይያዛል።,Warning,4,Warning_08,val
4131,የወንድሜ ውሳኔ ትክክል ነው።,Assertion,1,Assertion_12,val
4132,እባክዎ ትዕዛዙን ለደንበኛው በዚህ ወር ይላኩልኝ።,Request,0,Request_03,train
4133,ለእህቴ በሚቀጥለው ወር እደውላለሁ።,Promise,8,Promise_10,train
4134,ማስጠንቀቂያ፣ ክፍያውን ዛሬ ካላደረግክ አገልግሎት ይቋረጣል።,Warning,4,Warning_03,val
4135,ስራው በሚቀጥለው ሳምንት ተጀምሯል።,Assertion,1,Assertion_13,train
4136,እባክሽ ምግቡን ዛሬ ጠዋት አምጪልኝ።,Request,0,Request_01,train
4137,ምግቡ ነገ ማታ አልደረሰኝም።,Complaint,6,Complaint_08,train
4138,ስራውን አሁን አጠናቅቃለሁ።,Promise,8,Promise_12,train
4139,አይደለም፣ ሪፖርቱን ነገ ማጠናቀቅ አልችልም።,Refusal,2,Refusal_10,train
4140,እርግጥ ነው፣ ሪፖርቱ ዝግጁ ነው... በጣም ፈጣን!,Sarcasm/Irony,5,Sarcasm/Irony_05,test
4141,አዎ፣ ስራው ተጠናቀቀ... በጣም ፈጣን!,Sarcasm/Irony,5,Sarcasm/Irony_12,train
4142,እባክሽ ምግቡን በሚቀጥለው ወር አዘጋጅልኝ።,Request,0,Request_13,train
4143,የባልደረባዬ አገልግሎት መጥፎ ነው።,Complaint,6,Complaint_10,train
4144,ምናልባት ምግቡን ነገ ማዘጋጀት ይሻላል።,Suggestion,3,Suggestion_12,train
4145,ስጦታውን በዚህ አመት አደርሳለሁ።,Promise,8,Promise_01,val
4146,አዎ፣ አገልግሎቱን ነገ ጠዋት አደረግኩት... ትክክል ነው!,Sarcasm/Irony,5,Sarcasm/Irony_00,train
4147,የሰነዱ ሁኔታ ጥሩ ነው።,Assertion,1,Assertion_03,train
4148,ይሻላል መረጃውን ለቤተሰቤ ማሳወቅ።,Suggestion,3,Suggestion_02,train
4149,እባክዎ ውሉን ለደንበኛው በዚህ ሳምንት ይላኩልኝ።,Request,0,Request_11,train
4150,ይሻላል ውሳኔውን ነገ ጠዋት ማሳወቅ።,Suggestion,3,Suggestion_14,test
4151,ተጠንቀቅ፣ ለአባቴ ካልደወልክ ችግር ይፈጥራል።,Warning,4,Warning_12,train
4152,ተጠንቀቅ፣ ውሉን በዚህ አመት ካልፈረምክ ህጋዊ ችግር ይፈጥራል።,Warning,4,Warning_04,train
4153,ተጠንቀቅ፣ ስጦታውን ነገ ካላመጣህ ችግር ይፈጥራል።,Warning,4,Warning_06,train
4154,ክፍያው ተከፍሏል።,Assertion,1,Assertion_05,test
4155,እርግጥ ነው፣ ምግቡ ዝግጁ ነው... በጣም ጣፋጭ!,Sarcasm/Irony,5,Sarcasm/Irony_09,train
4156,ምግቡን ነገ ጠዋት አዘጋጃለሁ።,Promise,8,Promise_08,test
4157,እባክሽ መረጃውን በዚህ ሳምንት አምጪልኝ።,Request,0,Request_01,train
4158,እባክዎ ቦታውን አሁን ያስይዙልኝ።,Request,0,Request_12,test
4159,አይደለም፣ ውሉን ነገ ማረጋገጥ አልችልም።,Refusal,2,Refusal_04,train
4160,ተጠንቀቅ፣ ለጓደኛችን ካልላክ ችግር ይፈጥራል።,Warning,4,Warning_02,test
4161,ይሻላል ክፍያውን ነገ ማድረግ።,Suggestion,3,Suggestion_08,val
4162,ጤና ይስጥልኝ፣ እናቴ እንዴት ነው?,Phatic,7,Phatic_10,train
4163,እንደኔ ሀሳብ ውሉን በፍጥነት መላክ ይሻላል።,Suggestion,3,Suggestion_01,train
4164,አዎ፣ ቦታው ነፃ ነው... በጣም ምቹ!,Sarcasm/Irony,5,Sarcasm/Irony_08,train
4165,ነጋዴው፣ ዛሬ እንዴት ነው?,Phatic,7,Phatic_07,train
4166,ስጦታውን ነገ ማታ አደርሳለሁ።,Promise,8,Promise_01,val
4167,ቦታው ነፃ ነው።,Assertion,1,Assertion_10,train
4168,አይ፣ ክፍያውን አሁን ማድረግ አልችልም።,Refusal,2,Refusal_07,train
4169,ይሻላል ውሳኔውን ነገ ጠዋት ማሳወቅ።,Suggestion,3,Suggestion_14,val
4170,ማስጠንቀቂያ፣ ምግቡን በሚቀጥለው ቀን ካላዘጋጀህ ችግር ይፈጥራል።,Warning,4,Warning_09,train
4171,ነጋዴው፣ ስራ እንዴት እየሄደ ነው?,Phatic,7,Phatic_14,train
4172,አይደለም፣ ውሉን አሁን ማረጋገጥ አልችልም።,Refusal,2,Refusal_04,test
4173,ለአለቃዬ ነገ ማታ አልደወሉልኝም።,Complaint,6,Complaint_14,train
4174,ስጦታው ገና ወደ ቢሮ በሚቀጥለው ሳምንት አልደረሰኝም።,Complaint,6,Complaint_00,val
4175,ማስጠንቀቂያ፣ ምግቡን ነገ ካላዘጋጀህ ችግር ይፈጥራል።,Warning,4,Warning_09,train
4176,ሰላም፣ ስራ በጤና ጣቢያ እንዴት ነው?,Phatic,7,Phatic_08,train
4177,እርግጥ ነው፣ መረጃው ትክክል ነው... በጣም ግልጽ!,Sarcasm/Irony,5,Sarcasm/Irony_07,train
4178,እባክሽ ቲኬቱን በዚህ አመት አምጪልኝ።,Request,0,Request_01,train
4179,ስጦታው በሚቀጥለው ሳምንት ደርሷል።,Assertion,1,Assertion_01,train
4180,ምክሬ ሸቀጡን አሁን ማረጋገጥ ነው።,Suggestion,3,Suggestion_03,train
4181,ስጦታውን ነገ ጠዋት አደርሳለሁ።,Promise,8,Promise_01,train
4182,ይቅርታ፣ ትዕዛዙን ነገ ማታ መላክ አልችልም።,Refusal,2,Refusal_02,test
4183,ስራው በቅርቡ አልተጠናቀቀም።,Complaint,6,Complaint_12,train
4184,ሀሳቤ ውሉን በዚህ አመት መፈረም ነው።,Suggestion,3,Suggestion_05,test
4185,ማስጠንቀቂያ፣ ክፍያውን ዛሬ ማታ ካላደረግክ አገልግሎት ይቋረጣል።,Warning,4,Warning_03,train
4186,የሰነዱ ጥራት ዝቅተኛ ነው።,Complaint,6,Complaint_11,train
4187,የእህቴ ስራ በቤተ መንግስት ጥሩ ነው።,Assertion,1,Assertion_06,train
4188,ነጋዴው፣ ስራ እንዴት እየሄደ ነው?,Phatic,7,Phatic_14,train
4189,አዎ፣ መጽሐፉ ተመልሷል... በጣም ቀላል!,Sarcasm/Irony,5,Sarcasm/Irony_10,train
4190,ሪፖርቱን ነገ ጠዋት አቀርባለሁ።,Promise,8,Promise_05,train
4191,ይሻላል ስጦታውን ለእህቴ ማሳወቅ።,Suggestion,3,Suggestion_02,val
4192,እንዴት ነህ ጓደኛ?,Phatic,7,Phatic_12,train
4193,ይሻላል ውሳኔውን በቅርቡ ማሳወቅ።,Suggestion,3,Suggestion_14,test
4194,ይቅርታ፣ ትዕዛዙን ዛሬ መላክ አልችልም።,Refusal,2,Refusal_02,train
4195,ይሻላል ክፍያውን ዛሬ ማድረግ።,Suggestion,3,Suggestion_08,val
4196,አዎ፣ ውሉ ተፈርሟል... በጣም ቀላል ነበር!,Sarcasm/Irony,5,Sarcasm/Irony_04,train
4197,ተጠንቀቅ፣ ስራውን በዚህ ሳምንት ካላጠናቀቅክ ቅጣት አለ።,Warning,4,Warning_14,test
4198,አዎ፣ ውሉ ተፈርሟል... በጣም ቀላል ነበር!,Sarcasm/Irony,5,Sarcasm/Irony_04,train
4199,እንደምን አደርክ?,Phatic,7,Phatic_03,val
4200,ይሻላል ውሳኔውን በቅርቡ ማሳወቅ።,Suggestion,3,Suggestion_14,train
4201,ውሉ ዛሬ ማታ አልተፈረመም።,Complaint,6,Complaint_04,test
4202,ክፍያውን ዛሬ ማታ አረጋግጣለሁ።,Promise,8,Promise_13,train
4203,ተጠንቀቅ፣ ውሉን ነገ ካላደረግክ ችግር ይፈጥራል።,Warning,4,Warning_00,train
4204,የክፍያው ጥራት ከፍተኛ ነው።,Assertion,1,Assertion_14,train
4205,ተጠንቀቅ፣ ስጦታውን በዚህ ሳምንት ካላመጣህ ችግር ይፈጥራል።,Warning,4,Warning_06,train
4206,ሰላም ነው?,Phatic,7,Phatic_04,train
4207,አዎ፣ ውሉ ተፈርሟል... በጣም ቀላል ነበር!,Sarcasm/Irony,5,Sarcasm/Irony_04,test
4208,እባክዎ ክፍያውን በዚህ ሳምንት ይላኩልኝ።,Request,0,Request_00,train
4209,ተጠንቀቅ፣ ስራውን ነገ ካላጠናቀቅክ ቅጣት አለ።,Warning,4,Warning_14,train
4210,ማስጠንቀቂያ፣ ክፍያውን በዚህ ወር ካላደረግክ አገልግሎት ይቋረጣል።,Warning,4,Warning_03,train
4211,እንደሚመስለኝ ትዕዛዙን በዚህ አመት ማጠናቀቅ ይሻላል።,Suggestion,3,Suggestion_04,test
4212,አይ፣ መጽሐፉን ማበደር አልችልም።,Refusal,2,Refusal_13,train
4213,እርግጥ ነው፣ መረጃው ትክክል ነው... በጣም ግልጽ!,Sarcasm/Irony,5,Sarcasm/Irony_07,test
4214,ተጠንቀቅ፣ ስራውን በሚቀጥለው ወር ካላጠናቀቅክ ቅጣት አለ።,Warning,4,Warning_14,train
4215,አዎ፣ ለጓደኛዬ ደውያለሁ... በጣም ቀላል!,Sarcasm/Irony,5,Sarcasm/Irony_14,train
4216,ሪፖርቱ ዝግጁ ነው።,Assertion,1,Assertion_08,train
4217,እንደምን አደረሽ?,Phatic,7,Phatic_09,train
4218,አልፈልግም፣ ቲኬቱን አልቀበልም።,Refusal,2,Refusal_03,train
4219,ውሉን በሚቀጥለው ወር እፈርማለሁ።,Promise,8,Promise_04,val
4220,ስጦታው ገና ወደ ፖስታ ቤት ነገ ማታ አልደረሰኝም።,Complaint,6,Complaint_00,val
4221,እባክዎ ትዕዛዙን ለአባቴ በሚቀጥለው ቀን ይላኩልኝ።,Request,0,Request_03,train
4222,የትዕዛዙ ጥራት ከፍተኛ ነው።,Assertion,1,Assertion_14,train
4223,አዎ፣ ለአባቴ ላክኩት... በጣም ጥሩ!,Sarcasm/Irony,5,Sarcasm/Irony_02,train
4224,የመረጃው ዋጋ ተቀይሯል።,Assertion,1,Assertion_09,train
4225,ሪፖርቱ በዚህ ወር አልቀረበም።,Complaint,6,Complaint_05,train
4226,ማስጠንቀቂያ፣ ውሳኔውን በዚህ አመት ካላሳወቅክ ችግር ይፈጥራል።,Warning,4,Warning_11,train
4227,እባክዎ ትዕዛዙን ለፖሊሱ በቅርቡ ይላኩልኝ።,Request,0,Request_03,train
4228,ተጠንቀቅ፣ ስጦታውን አሁን ካላመጣህ ችግር ይፈጥራል።,Warning,4,Warning_06,train
4229,ስራውን ነገ አጠናቅቃለሁ።,Promise,8,Promise_12,train
4230,አይ፣ ክፍያውን አሁን ማድረግ አልችልም።,Refusal,2,Refusal_07,train
4231,ነጋዴው፣ ስራ በሬስቶራንት እንዴት ነው?,Phatic,7,Phatic_00,train
4232,የአስተዳዳሪው ውሳኔ ትክክል ነው።,Assertion,1,Assertion_12,test
4233,ውሳኔው አሁን አልተሰጠም።,Complaint,6,Complaint_13,train
4234,ቦታው በዚህ ወር አልተያዘም።,Complaint,6,Complaint_07,train
4235,ሀሳቤ መረጃውን ለባልደረባዬ ማጋራት ነው።,Suggestion,3,Suggestion_11,train
4236,እባክዎ መጽሐፉን በዚህ ወር ይላኩልኝ።,Request,0,Request_14,train
4237,እንደምን አደረሽ?,Phatic,7,Phatic_09,train
4238,መረጃው ዛሬ ጠዋት አልደረሰኝም።,Complaint,6,Complaint_06,val
4239,አልፈልግም፣ ቦታውን ማስያዝ አልችልም።,Refusal,2,Refusal_09,train
4240,የፓኬጁ ችግር ከጠዋቱ ጀምሮ አልተፈታም።,Complaint,6,Complaint_02,train
4241,ማስጠንቀቂያ፣ ምግቡን በፍጥነት ካላዘጋጀህ ችግር ይፈጥራል።,Warning,4,Warning_09,train
4242,እባክዎ ቦታውን ነገ ያስይዙልኝ።,Request,0,Request_12,test
4243,ማስጠንቀቂያ፣ አገልግሎቱን በዚህ አመት ካላረጋገጥክ ችግር ይፈጥራል።,Warning,4,Warning_13,test
4244,እባክዎ አገልግሎቱን አሁን ይላኩልኝ።,Request,0,Request_04,train
4245,ሰላም፣ ስራ በሱቅ እንዴት ነው?,Phatic,7,Phatic_08,test
4246,ለቤተሰቤ ዛሬ እደውላለሁ።,Promise,8,Promise_10,train
4247,ይሻላል ውሳኔውን ነገ ጠዋት ማሳወቅ።,Suggestion,3,Suggestion_14,val
4248,ማስጠንቀቂያ፣ መረጃውን ካላጋራህ ችግር ይፈጥራል።,Warning,4,Warning_07,test
4249,እባክዎ ደብዳቤውን ለደንበኛው በዚህ ወር ይላኩልኝ።,Request,0,Request_11,train
4250,ለእናቴ ነገ ማታ እደውላለሁ።,Promise,8,Promise_10,val
4251,አዎ፣ ለእህቴ ላክኩት... በጣም ጥሩ!,Sarcasm/Irony,5,Sarcasm/Irony_02,train
4252,አዎ፣ ስጦታው ደርሷል... በጣም ጥሩ!,Sarcasm/Irony,5,Sarcasm/Irony_06,train
4253,መጽሐፉን ዛሬ ማታ አመልሳለሁ።,Promise,8,Promise_09,train
4254,እንደሚመስለኝ ትዕዛዙን ነገ ማታ ማጠናቀቅ ይሻላል።,Suggestion,3,Suggestion_04,train
4255,የስራው ሁኔታ ጥሩ ነው።,Assertion,1,Assertion_03,train
4256,መረጃውን በሚቀጥለው ሳምንት እላካለሁ።,Promise,8,Promise_06,train
4257,ለጓደኛዋ ነገ ማታ አልደወሉልኝም።,Complaint,6,Complaint_14,train
4258,የሪፖርቱ ጥራት ከፍተኛ ነው።,Assertion,1,Assertion_14,train
4259,ቦታው ነፃ ነው።,Assertion,1,Assertion_10,train
4260,እባክዎ ፋይሉን በሚቀጥለው ሳምንት ይላኩልኝ።,Request,0,Request_00,train
4261,እባክሽ ደብዳቤውን በፍጥነት አምጪልኝ።,Request,0,Request_09,train
4262,እባክዎ ምግቡን በሚቀጥለው ወር ይላኩልኝ።,Request,0,Request_00,train
4263,የሰራተኛው አገልግሎት መጥፎ ነው።,Complaint,6,Complaint_10,train
4264,ምክሬ ቦታውን አሁን ማስያዝ ነው።,Suggestion,3,Suggestion_09,train
4265,ጤና ይስጥልኝ፣ ባልደረባዬ እንዴት ነው?,Phatic,7,Phatic_10,train
4266,ምክሬ ፋይሉን አሁን ማረጋገጥ ነው።,Suggestion,3,Suggestion_03,train
4267,እንደኔ ሀሳብ ፓኬጁን ዛሬ ጠዋት መላክ ይሻላል።,Suggestion,3,Suggestion_01,test
4268,ስራውን አሁን አጠናቅቃለሁ።,Promise,8,Promise_12,val
4269,ነጋዴው፣ ስራ በቤተ መንግስት እንዴት ነው?,Phatic,7,Phatic_00,train
4270,ሰላም ነው?,Phatic,7,Phatic_04,train
4271,እንዴት ነሽ?,Phatic,7,Phatic_05,train
4272,የአለቃዬ አገልግሎት መጥፎ ነው።,Complaint,6,Complaint_10,train
4273,የኮንትራቱ ጥራት ከፍተኛ ነው።,Assertion,1,Assertion_14,train
4274,መጽሐፉ ነገ አልደረሰኝም።,Complaint,6,Complaint_09,test
4275,ምግቡ ነገ ማታ አልደረሰኝም።,Complaint,6,Complaint_08,val
4276,ምክሬ ቦታውን አሁን ማረጋገጥ ነው።,Suggestion,3,Suggestion_03,test
4277,አዎ፣ ስጦታው ደርሷል... በጣም ጥሩ!,Sarcasm/Irony,5,Sarcasm/Irony_06,train
4278,እባክሽ ምግቡን ነገ ማታ አዘጋጅልኝ።,Request,0,Request_13,train
4279,የእናቴ ውሳኔ ትክክል ነው።,Assertion,1,Assertion_12,train
4280,ለጓደኛዬ በሚቀጥለው ቀን እደውላለሁ።,Promise,8,Promise_10,train
4281,ማስጠንቀቂያ፣ ክፍያውን ነገ ካላደረግክ አገልግሎት ይቋረጣል።,Warning,4,Warning_03,train
4282,እርግጥ ነው፣ ትዕዛዙ ነገ ተጠናቀቀ... በጣም ፈጣን!,Sarcasm/Irony,5,Sarcasm/Irony_01,train
4283,እንደምን አደርክ?,Phatic,7,Phatic_03,train
4284,አይ፣ መጽሐፉን ማበደር አልችልም።,Refusal,2,Refusal_13,train
4285,መጽሐፉን በዚህ አመት አመልሳለሁ።,Promise,8,Promise_09,train
4286,የክፍያው ችግር ከትናንት ጀምሮ አልተፈታም።,Complaint,6,Complaint_02,train
4287,ውሉ በሚቀጥለው ቀን ተፈርሟል።,Assertion,1,Assertion_07,train
4288,ይቅርታ፣ ትዕዛዙን በሚቀጥለው ሳምንት መላክ አልችልም።,Refusal,2,Refusal_02,train
4289,ስራው ነገ አልተጠናቀቀም።,Complaint,6,Complaint_12,test
4290,ሪፖርቱ ዝግጁ ነው።,Assertion,1,Assertion_08,train
4291,ማስጠንቀቂያ፣ ምግቡን በዚህ ወር ካላዘጋጀህ ችግር ይፈጥራል።,Warning,4,Warning_09,train
4292,አልቻልኩም፣ ስጦታውን በፍጥነት ማምጣት አልቻልኩም።,Refusal,2,Refusal_06,train
4293,እባክዎ መረጃውን በዚህ ወር ይላኩልኝ።,Request,0,Request_07,train
4294,ጤና ይስጥልኝ፣ አጋሬ እንዴት ነው?,Phatic,7,Phatic_10,train
4295,እንዴት ነሽ?,Phatic,7,Phatic_05,train
4296,ምግቡን በቅርቡ አዘጋጃለሁ።,Promise,8,Promise_08,test
4297,እንደምን አደርክ?,Phatic,7,Phatic_03,train
4298,ተጠንቀቅ፣ ቦታውን በዚህ ወር ካላስያዝክ ይያዛል።,Warning,4,Warning_08,train
4299,ክፍያው ተከፍሏል።,Assertion,1,Assertion_05,train
4300,የአባቴ አገልግሎት መጥፎ ነው።,Complaint,6,Complaint_10,train
4301,እንዴት ነሽ?,Phatic,7,Phatic_05,test
4302,ማስጠንቀቂያ፣ ምግቡን ዛሬ ጠዋት ካላዘጋጀህ ችግር ይፈጥራል።,Warning,4,Warning_09,val
4303,ማስጠንቀቂያ፣ ምግቡን በሚቀጥለው ቀን ካላዘጋጀህ ችግር ይፈጥራል።,Warning,4,Warning_09,train
4304,እባክዎ መረጃውን ዛሬ ጠዋት ይላኩልኝ።,Request,0,Request_07,train
4305,ክፍያው ተከፍሏል።,Assertion,1,Assertion_05,test
4306,አልፈልግም፣ ፓኬጁን አልቀበልም።,Refusal,2,Refusal_03,test
4307,ስጦታው ገና ወደ ሆስፒታል ዛሬ ማታ አልደረሰኝም።,Complaint,6,Complaint_00,test
4308,እንደኔ ሀሳብ መጽሐፉን ዛሬ ማንበብ ይሻላል።,Suggestion,3,Suggestion_13,val
4309,እባክዎ መረጃውን በቅርቡ ይላኩልኝ።,Request,0,Request_00,train
4310,የአገልግሎቱ ዋጋ ተቀይሯል።,Assertion,1,Assertion_09,test
4311,መጽሐፉን በሚቀጥለው ወር አመልሳለሁ።,Promise,8,Promise_09,train
4312,ሀሳቤ ውሉን በቅርቡ መፈረም ነው።,Suggestion,3,Suggestion_05,train
4313,እንዴት ነሽ?,Phatic,7,Phatic_05,train
4314,የደንበኛው አገልግሎት መጥፎ ነው።,Complaint,6,Complaint_10,train
4315,እንደምን አደረሽ?,Phatic,7,Phatic_09,test
4316,ተጠንቀቅ፣ ስጦታውን ዛሬ ካላመጣህ ችግር ይፈጥራል።,Warning,4,Warning_06,train
4317,እባክሽ ውሉን ዛሬ ማታ አምጪልኝ።,Request,0,Request_01,test
4318,የፋይሉ ጥራት ዝቅተኛ ነው።,Complaint,6,Complaint_11,train
4319,ለቤተሰቤ አሁን አልደወሉልኝም።,Complaint,6,Complaint_14,train
4320,እርግጥ ነው፣ ትዕዛዙ ዛሬ ጠዋት ተጠናቀቀ... በጣም ፈጣን!,Sarcasm/Irony,5,Sarcasm/Irony_01,train
4321,የቲኬቱ ጥራት ከፍተኛ ነው።,Assertion,1,Assertion_14,val
4322,እርግጥ ነው፣ ውሳኔው ትክክል ነው... በጣም ጥሩ!,Sarcasm/Irony,5,Sarcasm/Irony_11,train
4323,ሀሳቤ ውሉን ዛሬ መፈረም ነው።,Suggestion,3,Suggestion_05,train
4324,የሸቀጡ ችግር ከባለፈው ወር ጀምሮ ከባልደረባዬ ጋር እፈታለሁ።,Assertion,1,Assertion_00,val
4325,መረጃው ትክክል ነው።,Assertion,1,Assertion_04,val
4326,የፓኬጁ ዋጋ ተቀይሯል።,Assertion,1,Assertion_09,train
4327,እባክዎ ክፍያውን በፍጥነት ያረጋግጡልኝ።,Request,0,Request_08,train
4328,ይቅርታ፣ ውሳኔውን በዚህ ወር ማሳወቅ አልችልም።,Refusal,2,Refusal_14,train
4329,አይ፣ ክፍያውን አሁን ማድረግ አልችልም።,Refusal,2,Refusal_07,train
4330,እንደኔ ሀሳብ መጽሐፉን በዚህ ወር ማንበብ ይሻላል።,Suggestion,3,Suggestion_13,train
4331,ሪፖርቱ ዝግጁ ነው።,Assertion,1,Assertion_08,train
4332,ሪፖርቱ ዝግጁ ነው።,Assertion,1,Assertion_08,train
4333,እባክዎ ውሉን ለቤተሰቤ በሚቀጥለው ወር ይላኩልኝ።,Request,0,Request_02,train
4334,እንደኔ ሀሳብ ሪፖርቱን ነገ ጠዋት ማቅረብ ይሻላል።,Suggestion,3,Suggestion_07,train
4335,እንደኔ ሀሳብ ሪፖርቱን ነገ ማቅረብ ይሻላል።,Suggestion,3,Suggestion_07,test
4336,ምክሬ ቦታውን አሁን ማስያዝ ነው።,Suggestion,3,Suggestion_09,train
4337,ተጠንቀቅ፣ ለአስተዳዳሪው ካልደወልክ ችግር ይፈጥራል።,Warning,4,Warning_12,train
4338,መረጃውን ዛሬ እላካለሁ።,Promise,8,Promise_06,train
4339,ቦታውን በሚቀጥለው ቀን አስይዛለሁ።,Promise,8,Promise_07,train
4340,ውሉ አሁን አልተፈረመም።,Complaint,6,Complaint_04,train
4341,ሪፖርቱን በዚህ ወር አቀርባለሁ።,Promise,8,Promise_05,val
4342,ሀሳቤ መረጃውን ለአስተዳዳሪው ማጋራት ነው።,Suggestion,3,Suggestion_11,train
4343,አይ፣ መጽሐፉን ማበደር አልችልም።,Refusal,2,Refusal_13,train
4344,እባክዎ መጽሐፉን በቅርቡ ይላኩልኝ።,Request,0,Request_14,train
4345,ትዕዛዙን ዛሬ ጠዋት አጠናቅቃለሁ።,Promise,8,Promise_02,val
4346,ቦታው ነፃ ነው።,Assertion,1,Assertion_10,train
4347,ነጋዴው፣ ስራ እንዴት እየሄደ ነው?,Phatic,7,Phatic_14,train
4348,ይቅርታ፣ ለደንበኛው መጥራት አልችልም።,Refusal,2,Refusal_11,train
4349,እባክዎ ስጦታውን በዚህ ወር ያድርሱልኝ።,Request,0,Request_06,train
4350,ስጦታው በቅርቡ ደርሷል።,Assertion,1,Assertion_01,test
4351,ምግቡን ነገ ማታ አዘጋጃለሁ።,Promise,8,Promise_08,train
4352,ሪፖርቱ በሚቀጥለው ቀን አልቀረበም።,Complaint,6,Complaint_05,train
4353,እባክዎ ሪፖርቱን በዚህ አመት ይላኩልኝ።,Request,0,Request_10,train
4354,ምክሬ ቦታውን አሁን ማስያዝ ነው።,Suggestion,3,Suggestion_09,train
4355,ተጠንቀቅ፣ ቦታውን በሚቀጥለው ሳምንት ካላስያዝክ ይያዛል።,Warning,4,Warning_08,train
4356,እባክሽ ደብዳቤውን በሚቀጥለው ቀን አምጪልኝ።,Request,0,Request_09,test
4357,ተጠንቀቅ፣ ስራውን ነገ ካላጠናቀቅክ ቅጣት አለ።,Warning,4,Warning_14,train
4358,የሪፖርቱ ዋጋ ተቀይሯል።,Assertion,1,Assertion_09,train
4359,አዎ፣ ለባልደረባዬ ደውያለሁ... በጣም ቀላል!,Sarcasm/Irony,5,Sarcasm/Irony_14,val
4360,እርግጥ ነው፣ ምግቡ ዝግጁ ነው... በጣም ጣፋጭ!,Sarcasm/Irony,5,Sarcasm/Irony_09,val
4361,ምክሬ ቦታውን አሁን ማስያዝ ነው።,Suggestion,3,Suggestion_09,test
4362,እባክሽ ምግቡን ነገ ጠዋት አዘጋጅልኝ።,Request,0,Request_13,val
4363,መረጃው ትክክል ነው።,Assertion,1,Assertion_04,train
4364,ትዕዛዙ ዛሬ አልደረሰኝም።,Complaint,6,Complaint_01,train
4365,እንደምን አደርክ?,Phatic,7,Phatic_03,train
4366,እርግጥ ነው፣ ሪፖርቱ ዝግጁ ነው... በጣም ፈጣን!,Sarcasm/Irony,5,Sarcasm/Irony_05,train
4367,ማስጠንቀቂያ፣ መረጃውን ካላጋራህ ችግር ይፈጥራል።,Warning,4,Warning_07,val
4368,ትዕዛዙን ዛሬ አጠናቅቃለሁ።,Promise,8,Promise_02,val
4369,እርግጥ ነው፣ ትዕዛዙ ነገ ጠዋት ተጠናቀቀ... በጣም ፈጣን!,Sarcasm/Irony,5,Sarcasm/Irony_01,test
4370,ምናልባት ለአባቴ መደወል ይሻላል።,Suggestion,3,Suggestion_06,train
4371,ማስጠንቀቂያ፣ ትዕዛዙን በዚህ ወር ካላረጋገጥክ ችግር ይፈጥራል።,Warning,4,Warning_13,train
4372,ምግቡ በሚቀጥለው ወር አልደረሰኝም።,Complaint,6,Complaint_08,train
4373,ማስጠንቀቂያ፣ ክፍያውን ነገ ካላደረግክ አገልግሎት ይቋረጣል።,Warning,4,Warning_03,val
4374,ውሉ በሚቀጥለው ሳምንት ተፈርሟል።,Assertion,1,Assertion_07,train
4375,አልፈልግም፣ ሰነዱን አልቀበልም።,Refusal,2,Refusal_03,train
4376,መጽሐፉ ነገ ደረሰ።,Assertion,1,Assertion_11,train
4377,አልፈልግም፣ ቦታውን ማስያዝ አልችልም።,Refusal,2,Refusal_09,test
4378,ሰላም፣ ስራ በሆቴል እንዴት ነው?,Phatic,7,Phatic_08,val
4379,ትዕዛዙ ነገ ጠዋት ተጠናቀቀ።,Assertion,1,Assertion_02,train
4380,ማስጠንቀቂያ፣ ውሳኔውን ዛሬ ካላሳወቅክ ችግር ይፈጥራል።,Warning,4,Warning_11,val
4381,ተጠንቀቅ፣ ውሉን ዛሬ ካልፈረምክ ህጋዊ ችግር ይፈጥራል።,Warning,4,Warning_04,train
4382,ለደንበኛው በዚህ ወር አልደወሉልኝም።,Complaint,6,Complaint_14,test
4383,ስጦታው ዛሬ ማታ ደርሷል።,Assertion,1,Assertion_01,train
4384,ይቅርታ፣ ለጓደኛዋ መላክ አልችልም።,Refusal,2,Refusal_05,test
4385,አዎ፣ መጽሐፉ ተመልሷል... በጣም ቀላል!,Sarcasm/Irony,5,Sarcasm/Irony_10,train
4386,የጓደኛዋ አገልግሎት መጥፎ ነው።,Complaint,6,Complaint_10,train
4387,የቲኬቱ ሁኔታ ጥሩ ነው።,Assertion,1,Assertion_03,train
4388,ተጠንቀቅ፣ ለጓደኛዋ ካልደወልክ ችግር ይፈጥራል።,Warning,4,Warning_12,train
4389,አልቻልኩም፣ ስጦታውን በቅርቡ ማምጣት አልቻልኩም።,Refusal,2,Refusal_06,train
4390,ተጠንቀቅ፣ መጽሐፉን በሚቀጥለው ሳምንት ካላመለስክ ቅጣት አለ።,Warning,4,Warning_10,train
4391,አዎ፣ ለወንድሜ ላክኩት... በጣም ጥሩ!,Sarcasm/Irony,5,Sarcasm/Irony_02,train
4392,ለባልደረባዬ በዚህ ወር እደውላለሁ።,Promise,8,Promise_10,train
4393,ለአባቴ ነገ አልደወሉልኝም።,Complaint,6,Complaint_14,test
4394,እባክዎ ክፍያውን በሚቀጥለው ወር ያረጋግጡልኝ።,Request,0,Request_08,train
4395,ተጠንቀቅ፣ ቦታውን በሚቀጥለው ወር ካላስያዝክ ይያዛል።,Warning,4,Warning_08,train
4396,ማስጠንቀቂያ፣ መረጃውን ካላጋራህ ችግር ይፈጥራል።,Warning,4,Warning_07,val
4397,አዎ፣ ስራው ተጠናቀቀ... በጣም ፈጣን!,Sarcasm/Irony,5,Sarcasm/Irony_12,train
4398,ለአስተዳዳሪው ነገ እደውላለሁ።,Promise,8,Promise_10,test
4399,አይ፣ ክፍያውን አሁን ማድረግ አልችልም።,Refusal,2,Refusal_07,train
4400,ቦታውን ነገ አስይዛለሁ።,Promise,8,Promise_07,train
4401,እርግጥ ነው፣ ትዕዛዙ በሚቀጥለው ወር ተጠናቀቀ... በጣም ፈጣን!,Sarcasm/Irony,5,Sarcasm/Irony_01,val
4402,ምክሬ ስጦታውን አሁን ማረጋገጥ ነው።,Suggestion,3,Suggestion_03,train
4403,ማስጠንቀቂያ፣ ቲኬቱን አሁን ካላረጋገጥክ ችግር ይፈጥራል።,Warning,4,Warning_13,val
4404,ክፍያውን በሚቀጥለው ወር አደርጋለሁ።,Promise,8,Promise_03,train
4405,ጤና ይስጥልኝ፣ ስራ እንዴት ነው?,Phatic,7,Phatic_02,train
4406,ተጠንቀቅ፣ ስራውን በሚቀጥለው ወር ካላጠናቀቅክ ቅጣት አለ።,Warning,4,Warning_14,train
4407,አይ፣ አሁን ስራው ማድረግ አልችልም።,Refusal,2,Refusal_01,train
4408,አዎ፣ ትዕዛዙን ዛሬ አደረግኩት... ትክክል ነው!,Sarcasm/Irony,5,Sarcasm/Irony_00,train
4409,ማስጠንቀቂያ፣ ሪፖርቱን ነገ ማታ ካላቀረብክ ቅጣት አለ።,Warning,4,Warning_05,val
4410,ማስጠንቀቂያ፣ ትዕዛዙን አሁን ካላጠናቀቅክ ቅጣት አለ።,Warning,4,Warning_01,train
4411,አልችልም፣ ቲኬቱን በሚቀጥለው ወር ማድረስ አልቻልኩም።,Refusal,2,Refusal_00,test
4412,ጤና ይስጥልኝ፣ ስራ እንዴት ነው?,Phatic,7,Phatic_02,test
4413,መጽሐፉን ዛሬ ማታ አመልሳለሁ።,Promise,8,Promise_09,train
4414,እንደኔ ሀሳብ መጽሐፉን በዚህ አመት ማንበብ ይሻላል።,Suggestion,3,Suggestion_13,test
4415,እባክዎ ሪፖርቱን በዚህ አመት ይላኩልኝ።,Request,0,Request_10,train
4416,አልፈልግም፣ ስራውን አልቀበልም።,Refusal,2,Refusal_03,train
4417,መጽሐፉ በሚቀጥለው ወር ደረሰ።,Assertion,1,Assertion_11,train
4418,የሸቀጡ ችግርን በሚቀጥለው ወር እፈታለሁ።,Promise,8,Promise_14,test
4419,ይቅርታ፣ ለእህቴ መጥራት አልችልም።,Refusal,2,Refusal_11,val
4420,አይ፣ መጽሐፉን ማበደር አልችልም።,Refusal,2,Refusal_13,train
4421,እባክሽ ቦታውን ዛሬ ማታ አምጪልኝ።,Request,0,Request_05,train
4422,ስራው ዛሬ ማታ ተጀምሯል።,Assertion,1,Assertion_13,train
4423,የደብዳቤው ጥራት ከፍተኛ ነው።,Assertion,1,Assertion_14,train
4424,ሰላም ነው ወንድሜ?,Phatic,7,Phatic_11,train
4425,ትዕዛዙ በሚቀጥለው ወር ተጠናቀቀ።,Assertion,1,Assertion_02,train
4426,አዎ፣ ስራው ተጠናቀቀ... በጣም ፈጣን!,Sarcasm/Irony,5,Sarcasm/Irony_12,train
4427,አዎ፣ ስጦታው ደርሷል... በጣም ጥሩ!,Sarcasm/Irony,5,Sarcasm/Irony_06,train
4428,ምክሬ መጽሐፉን አሁን ማረጋገጥ ነው።,Suggestion,3,Suggestion_03,train
4429,አዎ፣ ስራው ተጠናቀቀ... በጣም ፈጣን!,Sarcasm/Irony,5,Sarcasm/Irony_12,train
4430,አይደለም፣ ውሉን በቅርቡ ማረጋገጥ አልችልም።,Refusal,2,Refusal_04,train
4431,አዎ፣ ውሉ ተፈርሟል... በጣም ቀላል ነበር!,Sarcasm/Irony,5,Sarcasm/Irony_04,train
4432,ትዕዛዙ በዚህ ሳምንት አልደረሰኝም።,Complaint,6,Complaint_01,test
4433,አልችልም፣ ምግቡን ዛሬ ማዘጋጀት አልቻልኩም።,Refusal,2,Refusal_12,train
4434,የጓደኛዬ ውሳኔ ትክክል ነው።,Assertion,1,Assertion_12,train
4435,የአጋሬ ውሳኔ ትክክል ነው።,Assertion,1,Assertion_12,train
4436,ውሉ በሚቀጥለው ወር አልተፈረመም።,Complaint,6,Complaint_04,val
4437,እንዴት ነህ ጓደኛ?,Phatic,7,Phatic_12,train
4438,ነጋዴው፣ ዛሬ እንዴት ነው?,Phatic,7,Phatic_07,train
4439,ቲኬቱን ነገ ጠዋት አረጋግጣለሁ።,Promise,8,Promise_13,train
4440,እንደኔ ሀሳብ መጽሐፉን በሚቀጥለው ወር ማንበብ ይሻላል።,Suggestion,3,Suggestion_13,train
4441,ይቅርታ፣ ለጓደኛዬ መጥራት አልችልም።,Refusal,2,Refusal_11,train
4442,ማስጠንቀቂያ፣ ክፍያውን በፍጥነት ካላደረግክ አገልግሎት ይቋረጣል።,Warning,4,Warning_03,train
4443,ጤና ይስጥልኝ፣ ቤተሰብ እንዴት ናቸው?,Phatic,7,Phatic_06,train
4444,ጤና ይስጥልኝ፣ ቤተሰብ እንዴት ናቸው?,Phatic,7,Phatic_06,val
4445,አዎ፣ ስጦታውን አሁን አደረግኩት... ትክክል ነው!,Sarcasm/Irony,5,Sarcasm/Irony_00,train
4446,የፓኬጁ ሁኔታ ጥሩ ነው።,Assertion,1,Assertion_03,val
4447,ይቅርታ፣ መረጃውን ማጋራት አልችልም።,Refusal,2,Refusal_08,train
4448,እንደኔ ሀሳብ ሪፖርቱን ዛሬ ጠዋት ማቅረብ ይሻላል።,Suggestion,3,Suggestion_07,train
4449,አዎ፣ ቦታው ነፃ ነው... በጣም ምቹ!,Sarcasm/Irony,5,Sarcasm/Irony_08,train
4450,ሰላም ነው?,Phatic,7,Phatic_04,train
4451,እባክዎ ስጦታውን ዛሬ ያድርሱልኝ።,Request,0,Request_06,train
4452,ማስጠንቀቂያ፣ መረጃውን ካላጋራህ ችግር ይፈጥራል።,Warning,4,Warning_07,train
4453,እባክሽ ምግቡን በሚቀጥለው ቀን አዘጋጅልኝ።,Request,0,Request_13,train
4454,ሰላም፣ እንዴት ነህ?,Phatic,7,Phatic_01,val
4455,ለጓደኛዋ በዚህ ወር እደውላለሁ።,Promise,8,Promise_10,train
4456,የፋይሉ ጥራት ዝቅተኛ ነው።,Complaint,6,Complaint_11,test
4457,ተጠንቀቅ፣ ስጦታውን በሚቀጥለው ወር ካላመጣህ ችግር ይፈጥራል።,Warning,4,Warning_06,val
4458,ምግቡን በሚቀጥለው ሳምንት አዘጋጃለሁ።,Promise,8,Promise_08,train
4459,የስራው ሁኔታ ጥሩ ነው።,Assertion,1,Assertion_03,train
4460,ትዕዛዙን በፍጥነት አጠናቅቃለሁ።,Promise,8,Promise_02,test
4461,ክፍያውን ነገ ማታ አደርጋለሁ።,Promise,8,Promise_03,train
4462,እንደምን አደረሽ?,Phatic,7,Phatic_09,test
4463,መጽሐፉን በዚህ ሳምንት አመልሳለሁ።,Promise,8,Promise_09,train
4464,ስራው በቅርቡ አልተጠናቀቀም።,Complaint,6,Complaint_12,train
4465,ለአባቴ ዛሬ አልደወሉልኝም።,Complaint,6,Complaint_14,train
4466,የመልእክቱ ችግርን በዚህ ሳምንት እፈታለሁ።,Promise,8,Promise_14,val
4467,ተጠንቀቅ፣ ቦታውን አሁን ካላስያዝክ ይያዛል።,Warning,4,Warning_08,train
4468,እርግጥ ነው፣ ክፍያው ተከፍሏል... በጣም ቀላል!,Sarcasm/Irony,5,Sarcasm/Irony_03,train
4469,መልእክቱን ነገ ማታ አረጋግጣለሁ።,Promise,8,Promise_13,val
4470,ተጠንቀቅ፣ ቦታውን ዛሬ ጠዋት ካላስያዝክ ይያዛል።,Warning,4,Warning_08,train
4471,እርግጥ ነው፣ ውሳኔው ትክክል ነው... በጣም ጥሩ!,Sarcasm/Irony,5,Sarcasm/Irony_11,train
4472,ሰላም፣ ስራ በቢሮ እንዴት ነው?,Phatic,7,Phatic_08,test
4473,እባክዎ ፓኬጁን ለደንበኛው በዚህ ወር ይላኩልኝ።,Request,0,Request_11,val
4474,እባክሽ ሪፖርቱን ዛሬ ማታ አምጪልኝ።,Request,0,Request_05,train
4475,አዎ፣ ውሉ ተፈርሟል... በጣም ቀላል ነበር!,Sarcasm/Irony,5,Sarcasm/Irony_04,val
4476,እባክዎ ሪፖርቱን በዚህ ሳምንት ይላኩልኝ።,Request,0,Request_10,train
4477,እንደኔ ሀሳብ ሪፖርቱን በሚቀጥለው ቀን ማቅረብ ይሻላል።,Suggestion,3,Suggestion_07,train
4478,የሪፖርቱ ሁኔታ ጥሩ ነው።,Assertion,1,Assertion_03,train
4479,የትዕዛዙ ችግር ከባለፈው ሳምንት ጀምሮ ከአባቴ ጋር እፈታለሁ።,Promise,8,Promise_00,train
4480,አልፈልግም፣ ቦታውን ማስያዝ አልችልም።,Refusal,2,Refusal_09,train
4481,ቦታው በፍጥነት አልተያዘም።,Complaint,6,Complaint_07,train
4482,ለባልደረባዬ አሁን አልደወሉልኝም።,Complaint,6,Complaint_14,test
4483,አይደለም፣ ውሉን በፍጥነት ማረጋገጥ አልችልም።,Refusal,2,Refusal_04,train
4484,ነጋዴው፣ ስራ እንዴት እየሄደ ነው?,Phatic,7,Phatic_14,train
4485,ነጋዴው፣ ስራ በሬስቶራንት እንዴት ነው?,Phatic,7,Phatic_00,val
4486,ውሉን በቅርቡ እፈርማለሁ።,Promise,8,Promise_04,train
4487,ጤና ይስጥልኝ፣ ቤተሰብ እንዴት ናቸው?,Phatic,7,Phatic_06,train
4488,እባክዎ ሪፖርቱን አሁን ይላኩልኝ።,Request,0,Request_10,train
4489,ሀሳቤ መረጃውን ለእህቴ ማጋራት ነው።,Suggestion,3,Suggestion_11,train
4490,የክፍያው ጥራት ከፍተኛ ነው።,Assertion,1,Assertion_14,train
4491,እባክዎ መረጃውን አሁን ይላኩልኝ።,Request,0,Request_07,train
4492,ይቅርታ፣ ውሳኔውን በሚቀጥለው ወር ማሳወቅ አልችልም።,Refusal,2,Refusal_14,test
4493,እርግጥ ነው፣ መረጃው ጥሩ ነው... በጣም ጥሩ!,Sarcasm/Irony,5,Sarcasm/Irony_13,train
4494,አዎ፣ መጽሐፉ ተመልሷል... በጣም ቀላል!,Sarcasm/Irony,5,Sarcasm/Irony_10,train
4495,አይደለም፣ ሪፖርቱን ነገ ማታ ማጠናቀቅ አልችልም።,Refusal,2,Refusal_10,train
4496,የአገልግሎቱ ችግር ከባለፈው ወር ጀምሮ አልተፈታም።,Complaint,6,Complaint_02,train
4497,ማስጠንቀቂያ፣ ክፍያውን በዚህ ወር ካላደረግክ አገልግሎት ይቋረጣል።,Warning,4,Warning_03,train
4498,እርግጥ ነው፣ ክፍያው ተከፍሏል... በጣም ቀላል!,Sarcasm/Irony,5,Sarcasm/Irony_03,test
4499,እባክዎ ቲኬቱን በሚቀጥለው ቀን ይላኩልኝ።,Request,0,Request_00,val
4500,እባክዎ ክፍያውን ዛሬ ያረጋግጡልኝ።,Request,0,Request_08,train
4501,ሰላም ነው?,Phatic,7,Phatic_04,val
4502,የኮንትራቱ ጥራት ዝቅተኛ ነው።,Complaint,6,Complaint_11,train
4503,እባክዎ ትዕዛዙን ለአጋሬ በሚቀጥለው ወር ይላኩልኝ።,Request,0,Request_03,train
4504,ተጠንቀቅ፣ መጽሐፉን በዚህ ሳምንት ካላመለስክ ቅጣት አለ።,Warning,4,Warning_10,test
4505,የእናቴ አገልግሎት መጥፎ ነው።,Complaint,6,Complaint_10,train
4506,ውሳኔውን ዛሬ ጠዋት አሳውቃለሁ።,Promise,8,Promise_11,test
4507,ማስጠንቀቂያ፣ ትዕዛዙን በዚህ ሳምንት ካላጠናቀቅክ ቅጣት አለ።,Warning,4,Warning_01,train
4508,የመጽሐፉ ችግር ከዛሬ ጀምሮ ከፖሊሱ ጋር እፈታለሁ።,Assertion,1,Assertion_00,train
4509,ለደንበኛው ዛሬ ማታ እደውላለሁ።,Promise,8,Promise_10,test
4510,የሪፖርቱ ጥራት ዝቅተኛ ነው።,Complaint,6,Complaint_11,train
4511,ክፍያው በቅርቡ አልተከፈለም።,Complaint,6,Complaint_03,train
4512,አይ፣ ክፍያውን አሁን ማድረግ አልችልም።,Refusal,2,Refusal_07,train
4513,እርግጥ ነው፣ ውሳኔው ትክክል ነው... በጣም ጥሩ!,Sarcasm/Irony,5,Sarcasm/Irony_11,val
4514,እንደሚመስለኝ ትዕዛዙን በሚቀጥለው ወር ማጠናቀቅ ይሻላል።,Suggestion,3,Suggestion_04,train
4515,መረጃውን በሚቀጥለው ወር እላካለሁ።,Promise,8,Promise_06,val
4516,እርግጥ ነው፣ ክፍያው ተከፍሏል... በጣም ቀላል!,Sarcasm/Irony,5,Sarcasm/Irony_03,test
4517,የትዕዛዙ ጥራት ዝቅተኛ ነው።,Complaint,6,Complaint_11,train
4518,ተጠንቀቅ፣ ስራውን በሚቀጥለው ሳምንት ካላጠናቀቅክ ቅጣት አለ።,Warning,4,Warning_14,test
4519,እርግጥ ነው፣ ትዕዛዙ በፍጥነት ተጠናቀቀ... በጣም ፈጣን!,Sarcasm/Irony,5,Sarcasm/Irony_01,train
4520,ማስጠንቀቂያ፣ ውሳኔውን ዛሬ ማታ ካላሳወቅክ ችግር ይፈጥራል።,Warning,4,Warning_11,val
4521,እንዴት ነህ ጓደኛ?,Phatic,7,Phatic_12,val
4522,እባክሽ ደብዳቤውን በሚቀጥለው ቀን አምጪልኝ።,Request,0,Request_09,test
4523,ሪፖርቱ ዝግጁ ነው።,Assertion,1,Assertion_08,train
4524,መረጃው ነገ አልደረሰኝም።,Complaint,6,Complaint_06,train
4525,እባክሽ ምግቡን በሚቀጥለው ወር አዘጋጅልኝ።,Request,0,Request_13,val
4526,ማስጠንቀቂያ፣ መረጃውን ካላጋራህ ችግር ይፈጥራል።,Warning,4,Warning_07,test
4527,ተጠንቀቅ፣ ቦታውን ነገ ጠዋት ካላስያዝክ ይያዛል።,Warning,4,Warning_08,val
4528,የመረጃው ሁኔታ ጥሩ ነው።,Assertion,1,Assertion_03,val
4529,ይሻላል ሰነዱን ለእህቴ ማሳወቅ።,Suggestion,3,Suggestion_02,train
4530,ስጦታው ነገ ጠዋት ደርሷል።,Assertion,1,Assertion_01,val
4531,ይቅርታ፣ ለቤተሰቤ መጥራት አልችልም።,Refusal,2,Refusal_11,train
4532,ለአባቴ በሚቀጥለው ሳምንት አልደወሉልኝም።,Complaint,6,Complaint_14,test
4533,ይሻላል ትዕዛዙን ለአስተዳዳሪው ማሳወቅ።,Suggestion,3,Suggestion_02,train
4534,እንደኔ ሀሳብ መጽሐፉን ነገ ጠዋት ማንበብ ይሻላል።,Suggestion,3,Suggestion_13,test
4535,እንደምን አደርክ?,Phatic,7,Phatic_03,train
4536,የኮንትራቱ ችግር ከጠዋቱ ጀምሮ ከአስተዳዳሪው ጋር እፈታለሁ።,Assertion,1,Assertion_00,test
4537,ስራውን ነገ ጠዋት አጠናቅቃለሁ።,Promise,8,Promise_12,train
4538,ምክሬ ቦታውን አሁን ማስያዝ ነው።,Suggestion,3,Suggestion_09,train
4539,ቦታውን በሚቀጥለው ሳምንት አስይዛለሁ።,Promise,8,Promise_07,train
4540,ስጦታውን በዚህ ወር አደርሳለሁ።,Promise,8,Promise_01,train
4541,ይሻላል ክፍያውን በሚቀጥለው ቀን ማድረግ።,Suggestion,3,Suggestion_08,train
4542,እባክዎ ስራውን ነገ ጠዋት ይላኩልኝ።,Request,0,Request_00,train
4543,ተጠንቀቅ፣ መጽሐፉን ዛሬ ጠዋት ካላመለስክ ቅጣት አለ።,Warning,4,Warning_10,train
4544,ስራውን በፍጥነት አጠናቅቃለሁ።,Promise,8,Promise_12,train
4545,ይሻላል ክፍያውን ለእህቴ ማሳወቅ።,Suggestion,3,Suggestion_02,train
4546,እባክዎ ትዕዛዙን ለአስተዳዳሪው ነገ ጠዋት ይላኩልኝ።,Request,0,Request_03,train
4547,እንዴት ነህ ጓደኛ?,Phatic,7,Phatic_12,train
4548,አልቻልኩም፣ ስጦታውን በሚቀጥለው ቀን ማምጣት አልቻልኩም።,Refusal,2,Refusal_06,val
4549,ስራውን በዚህ ወር አጠናቅቃለሁ።,Promise,8,Promise_12,val
4550,የአለቃዬ አገልግሎት መጥፎ ነው።,Complaint,6,Complaint_10,test
4551,እርግጥ ነው፣ መረጃው ጥሩ ነው... በጣም ጥሩ!,Sarcasm/Irony,5,Sarcasm/Irony_13,train
4552,አዎ፣ ውሉ ተፈርሟል... በጣም ቀላል ነበር!,Sarcasm/Irony,5,Sarcasm/Irony_04,train
4553,ስጦታው ገና ወደ ገበያ ዛሬ ጠዋት አልደረሰኝም።,Complaint,6,Complaint_00,train
4554,ቦታው በፍጥነት አልተያዘም።,Complaint,6,Complaint_07,train
4555,እባክሽ ሸቀጡን በፍጥነት አምጪልኝ።,Request,0,Request_01,train
4556,ጤና ይስጥልኝ፣ ስራ እንዴት ነው?,Phatic,7,Phatic_02,train
4557,እንደምን አደርክ?,Phatic,7,Phatic_03,train
4558,ተጠንቀቅ፣ ለጓደኛዋ ካልላክ ችግር ይፈጥራል።,Warning,4,Warning_02,train
4559,መጽሐፉ ዛሬ ጠዋት አልደረሰኝም።,Complaint,6,Complaint_09,test
4560,አይ፣ ክፍያውን አሁን ማድረግ አልችልም።,Refusal,2,Refusal_07,train
4561,ነጋዴው፣ ዛሬ እንዴት ነው?,Phatic,7,Phatic_07,train
4562,እርግጥ ነው፣ ምግቡ ዝግጁ ነው... በጣም ጣፋጭ!,Sarcasm/Irony,5,Sarcasm/Irony_09,val
4563,ክፍያውን ዛሬ አደርጋለሁ።,Promise,8,Promise_03,train
4564,ስራው በዚህ ወር ተጀምሯል።,Assertion,1,Assertion_13,train
4565,ሪፖርቱ ዝግጁ ነው።,Assertion,1,Assertion_08,test
4566,የምግቡ ችግር ከሐሙስ ጀምሮ አልተፈታም።,Complaint,6,Complaint_02,test
4567,እባክሽ ትዕዛዙን ዛሬ ማታ አምጪልኝ።,Request,0,Request_05,train
4568,እባክዎ ቦታውን አሁን ይላኩልኝ።,Request,0,Request_04,val
4569,ይሻላል ውሳኔውን አሁን ማሳወቅ።,Suggestion,3,Suggestion_14,test
4570,ጤና ይስጥልኝ፣ ዛሬ እንዴት ነው?,Phatic,7,Phatic_13,val
4571,አልችልም፣ ሸቀጡን አሁን ማድረስ አልቻልኩም።,Refusal,2,Refusal_00,train
4572,ለወንድሜ አሁን አልደወሉልኝም።,Complaint,6,Complaint_14,test
4573,እባክዎ ውሉን ለሰራተኛው በዚህ ሳምንት ይላኩልኝ።,Request,0,Request_02,train
4574,አልቻልኩም፣ ስጦታውን በቅርቡ ማምጣት አልቻልኩም።,Refusal,2,Refusal_06,train
4575,አዎ፣ ስጦታው ደርሷል... በጣም ጥሩ!,Sarcasm/Irony,5,Sarcasm/Irony_06,train
4576,ትዕዛዙን በቅርቡ አጠናቅቃለሁ።,Promise,8,Promise_02,train
4577,የአባቴ አገልግሎት መጥፎ ነው።,Complaint,6,Complaint_10,val
4578,ሀሳቤ ውሉን በቅርቡ መፈረም ነው።,Suggestion,3,Suggestion_05,train
4579,አልችልም፣ ምግቡን ዛሬ ማታ ማዘጋጀት አልቻልኩም።,Refusal,2,Refusal_12,test
4580,አዎ፣ ስጦታው ደርሷል... በጣም ጥሩ!,Sarcasm/Irony,5,Sarcasm/Irony_06,test
4581,ለወንድሜ አሁን እደውላለሁ።,Promise,8,Promise_10,train
4582,እንደኔ ሀሳብ መጽሐፉን በቅርቡ ማንበብ ይሻላል።,Suggestion,3,Suggestion_13,train
4583,አልችልም፣ ምግቡን በፍጥነት ማዘጋጀት አልቻልኩም።,Refusal,2,Refusal_12,test
4584,ማስጠንቀቂያ፣ ክፍያውን በቅርቡ ካላደረግክ አገልግሎት ይቋረጣል።,Warning,4,Warning_03,train
4585,እባክዎ ክፍያውን ዛሬ ያረጋግጡልኝ።,Request,0,Request_08,val
4586,መጽሐፉ ነገ ማታ ደረሰ።,Assertion,1,Assertion_11,train
4587,እንደሚመስለኝ ስጦታውን በዚህ ሳምንት ማምጣት ይሻላል።,Suggestion,3,Suggestion_10,train
4588,ትዕዛዙን በቅርቡ አጠናቅቃለሁ።,Promise,8,Promise_02,train
4589,አይደለም፣ ሪፖርቱን በዚህ አመት ማጠናቀቅ አልችልም።,Refusal,2,Refusal_10,test
4590,ስራው በፍጥነት አልተጠናቀቀም።,Complaint,6,Complaint_12,train
4591,አይ፣ ክፍያውን አሁን ማድረግ አልችልም።,Refusal,2,Refusal_07,train
4592,ውሳኔውን ዛሬ አሳውቃለሁ።,Promise,8,Promise_11,train
4593,ምናልባት አገልግሎቱን ነገ ማድረግ ይሻላል።,Suggestion,3,Suggestion_00,train
4594,አይደለም፣ ውሉን ዛሬ ማረጋገጥ አልችልም።,Refusal,2,Refusal_04,train
4595,ጤና ይስጥልኝ፣ ስራ እንዴት ነው?,Phatic,7,Phatic_02,val
4596,ማስጠንቀቂያ፣ ውሳኔውን ዛሬ ካላሳወቅክ ችግር ይፈጥራል።,Warning,4,Warning_11,train
4597,አልፈልግም፣ ቦታውን ማስያዝ አልችልም።,Refusal,2,Refusal_09,train
4598,እባክዎ ሪፖርቱን በፍጥነት ይላኩልኝ።,Request,0,Request_10,train
4599,እባክሽ ምግቡን በዚህ አመት አዘጋጅልኝ።,Request,0,Request_13,train
4600,ሰላም ነው?,Phatic,7,Phatic_04,test
4601,እንደሚመስለኝ ስጦታውን በፍጥነት ማምጣት ይሻላል።,Suggestion,3,Suggestion_10,train
4602,ውሳኔው ነገ ጠዋት አልተሰጠም።,Complaint,6,Complaint_13,train
4603,አዎ፣ ቦታው ነፃ ነው... በጣም ምቹ!,Sarcasm/Irony,5,Sarcasm/Irony_08,train
4604,አልፈልግም፣ ቦታውን ማስያዝ አልችልም።,Refusal,2,Refusal_09,train
4605,ቦታው በዚህ አመት አልተያዘም።,Complaint,6,Complaint_07,train
4606,ውሉ ዛሬ ጠዋት አልተፈረመም።,Complaint,6,Complaint_04,train
4607,አዎ፣ ለአለቃዬ ላክኩት... በጣም ጥሩ!,Sarcasm/Irony,5,Sarcasm/Irony_02,val
4608,ተጠንቀቅ፣ ስራውን በሚቀጥለው ቀን ካላጠናቀቅክ ቅጣት አለ።,Warning,4,Warning_14,train
4609,ውሳኔውን ነገ ጠዋት አሳውቃለሁ።,Promise,8,Promise_11,test
4610,ይቅርታ፣ ለጓደኛዬ መጥራት አልችልም።,Refusal,2,Refusal_11,train
4611,ክፍያው በዚህ አመት አልተከፈለም።,Complaint,6,Complaint_03,val
4612,እንደሚመስለኝ ስጦታውን በቅርቡ ማምጣት ይሻላል።,Suggestion,3,Suggestion_10,train
4613,እርግጥ ነው፣ ሰነዱ ጥሩ ነው... በጣም ጥሩ!,Sarcasm/Irony,5,Sarcasm/Irony_13,test
4614,አዎ፣ ስራው ተጠናቀቀ... በጣም ፈጣን!,Sarcasm/Irony,5,Sarcasm/Irony_12,train
4615,ምግቡ ዛሬ አልደረሰኝም።,Complaint,6,Complaint_08,train
4616,አዎ፣ ለሰራተኛው ደውያለሁ... በጣም ቀላል!,Sarcasm/Irony,5,Sarcasm/Irony_14,test
4617,መጽሐፉን ዛሬ ማታ አመልሳለሁ።,Promise,8,Promise_09,train
4618,አይደለም፣ ውሉን አሁን ማረጋገጥ አልችልም።,Refusal,2,Refusal_04,train
4619,ሀሳቤ ውሉን ዛሬ ማታ መፈረም ነው።,Suggestion,3,Suggestion_05,val
4620,የጓደኛችን ውሳኔ ትክክል ነው።,Assertion,1,Assertion_12,train
4621,አይ፣ ክፍያውን አሁን ማድረግ አልችልም።,Refusal,2,Refusal_07,train
4622,መረጃው ትክክል ነው።,Assertion,1,Assertion_04,train
4623,አይ፣ አሁን ኮንትራቱ ማድረግ አልችልም።,Refusal,2,Refusal_01,test
4624,ሪፖርቱ ነገ ማታ አልቀረበም።,Complaint,6,Complaint_05,train
4625,መረጃው ትክክል ነው።,Assertion,1,Assertion_04,train
4626,ምግቡን በፍጥነት አዘጋጃለሁ።,Promise,8,Promise_08,train
4627,ተጠንቀቅ፣ ቦታውን በዚህ ሳምንት ካላስያዝክ ይያዛል።,Warning,4,Warning_08,test
4628,ተጠንቀቅ፣ ውሉን በፍጥነት ካልፈረምክ ህጋዊ ችግር ይፈጥራል።,Warning,4,Warning_04,test
4629,ይቅርታ፣ ትዕዛዙን አሁን መላክ አልችልም።,Refusal,2,Refusal_02,train
4630,ጤና ይስጥልኝ፣ ስራ እንዴት ነው?,Phatic,7,Phatic_02,val
4631,አዎ፣ ፋይሉን ነገ ማታ አደረግኩት... ትክክል ነው!,Sarcasm/Irony,5,Sarcasm/Irony_00,test
4632,አልቻልኩም፣ ስጦታውን አሁን ማምጣት አልቻልኩም።,Refusal,2,Refusal_06,train
4633,ተጠንቀቅ፣ መጽሐፉን በሚቀጥለው ሳምንት ካላመለስክ ቅጣት አለ።,Warning,4,Warning_10,train
4634,ማስጠንቀቂያ፣ ክፍያውን በዚህ ሳምንት ካላደረግክ አገልግሎት ይቋረጣል።,Warning,4,Warning_03,train
4635,የፋይሉ ጥራት ከፍተኛ ነው።,Assertion,1,Assertion_14,test
4636,ነጋዴው፣ ስራ በአውሮፕላን ማረፊያ እንዴት ነው?,Phatic,7,Phatic_00,val
4637,ጤና ይስጥልኝ፣ ዛሬ እንዴት ነው?,Phatic,7,Phatic_13,val
4638,ሰላም፣ ስራ በቢሮ እንዴት ነው?,Phatic,7,Phatic_08,train
4639,ስጦታው ገና ወደ ባንክ ዛሬ ማታ አልደረሰኝም።,Complaint,6,Complaint_00,train
4640,አዎ፣ ለእህቴ ደውያለሁ... በጣም ቀላል!,Sarcasm/Irony,5,Sarcasm/Irony_14,val
4641,መረጃውን ዛሬ ማታ እላካለሁ።,Promise,8,Promise_06,train
4642,አልፈልግም፣ ሸቀጡን አልቀበልም።,Refusal,2,Refusal_03,train
4643,ምግቡ በዚህ አመት አልደረሰኝም።,Complaint,6,Complaint_08,val
4644,እባክሽ ምግቡን ነገ ማታ አዘጋጅልኝ።,Request,0,Request_13,test
4645,የመልእክቱ ሁኔታ ጥሩ ነው።,Assertion,1,Assertion_03,train
4646,ውሉ በፍጥነት ተፈርሟል።,Assertion,1,Assertion_07,train
4647,ትዕዛዙን በሚቀጥለው ቀን አጠናቅቃለሁ።,Promise,8,Promise_02,train
4648,ለአጋሬ ዛሬ አልደወሉልኝም።,Complaint,6,Complaint_14,test
4649,እንደምን አደረሽ?,Phatic,7,Phatic_09,val
4650,እባክዎ ሪፖርቱን በዚህ አመት ይላኩልኝ።,Request,0,Request_10,test
4651,መጽሐፉ በሚቀጥለው ሳምንት ደረሰ።,Assertion,1,Assertion_11,train
4652,እንደሚመስለኝ ስጦታውን ነገ ማምጣት ይሻላል።,Suggestion,3,Suggestion_10,train
4653,ተጠንቀቅ፣ ለባልደረባዬ ካልላክ ችግር ይፈጥራል።,Warning,4,Warning_02,test
4654,እባክዎ መረጃውን ዛሬ ጠዋት ይላኩልኝ።,Request,0,Request_07,train
4655,ሰላም፣ እንዴት ነህ?,Phatic,7,Phatic_01,test
4656,የደንበኛው ስራ በሆቴል ጥሩ ነው።,Assertion,1,Assertion_06,train
4657,እባክዎ ውሉን ለሰራተኛው በሚቀጥለው ቀን ይላኩልኝ።,Request,0,Request_02,val
4658,የጓደኛዬ ስራ በቢሮ ጥሩ ነው።,Assertion,1,Assertion_06,test
4659,አይ፣ አሁን ስጦታው ማድረግ አልችልም።,Refusal,2,Refusal_01,train
4660,ስራው በሚቀጥለው ሳምንት ተጀምሯል።,Assertion,1,Assertion_13,test
4661,አልችልም፣ ምግቡን አሁን ማዘጋጀት አልቻልኩም።,Refusal,2,Refusal_12,test
4662,እንደኔ ሀሳብ ቦታውን ነገ ጠዋት መላክ ይሻላል።,Suggestion,3,Suggestion_01,test
4663,ምግቡን በሚቀጥለው ወር አዘጋጃለሁ።,Promise,8,Promise_08,train
4664,እርግጥ ነው፣ ምግቡ ዝግጁ ነው... በጣም ጣፋጭ!,Sarcasm/Irony,5,Sarcasm/Irony_09,train
4665,ለአጋሬ በሚቀጥለው ወር አልደወሉልኝም።,Complaint,6,Complaint_14,train
4666,ይቅርታ፣ ትዕዛዙን በዚህ አመት መላክ አልችልም።,Refusal,2,Refusal_02,test
4667,ክፍያው ተከፍሏል።,Assertion,1,Assertion_05,train
4668,ውሳኔውን ነገ አሳውቃለሁ።,Promise,8,Promise_11,val
4669,ስራው በዚህ አመት አልተጠናቀቀም።,Complaint,6,Complaint_12,train
4670,ሀሳቤ መረጃውን ለአስተዳዳሪው ማጋራት ነው።,Suggestion,3,Suggestion_11,train
4671,የመረጃው ችግርን አሁን እፈታለሁ።,Promise,8,Promise_14,test
4672,ማስጠንቀቂያ፣ ክፍያውን በቅርቡ ካላደረግክ አገልግሎት ይቋረጣል።,Warning,4,Warning_03,test
4673,ምግቡን በሚቀጥለው ወር አዘጋጃለሁ።,Promise,8,Promise_08,train
4674,ማስጠንቀቂያ፣ ክፍያውን ነገ ካላደረግክ አገልግሎት ይቋረጣል።,Warning,4,Warning_03,train
4675,እባክሽ ቲኬቱን ዛሬ ማታ አምጪልኝ።,Request,0,Request_05,train
4676,እባክሽ ምግቡን በዚህ ሳምንት አምጪልኝ።,Request,0,Request_01,train
4677,ነጋዴው፣ ስራ እንዴት እየሄደ ነው?,Phatic,7,Phatic_14,train
4678,ነጋዴው፣ ስራ እንዴት እየሄደ ነው?,Phatic,7,Phatic_14,test
4679,እባክዎ ትዕዛዙን ለቤተሰቤ ነገ ጠዋት ይላኩልኝ።,Request,0,Request_03,test
4680,ምናልባት ለጓደኛዋ መደወል ይሻላል።,Suggestion,3,Suggestion_06,train
4681,ምናልባት ለደንበኛው መደወል ይሻላል።,Suggestion,3,Suggestion_06,train
4682,ተጠንቀቅ፣ ቦታውን በሚቀጥለው ቀን ካላስያዝክ ይያዛል።,Warning,4,Warning_08,train
4683,እርግጥ ነው፣ ሪፖርቱ ዝግጁ ነው... በጣም ፈጣን!,Sarcasm/Irony,5,Sarcasm/Irony_05,train
4684,ክፍያው በሚቀጥለው ቀን አልተከፈለም።,Complaint,6,Complaint_03,train
4685,ቦታው ነፃ ነው።,Assertion,1,Assertion_10,train
4686,ውሳኔውን ነገ አሳውቃለሁ።,Promise,8,Promise_11,train
4687,ማስጠንቀቂያ፣ ክፍያውን ዛሬ ካላረጋገጥክ ችግር ይፈጥራል።,Warning,4,Warning_13,train
4688,የሸቀጡ ጥራት ከፍተኛ ነው።,Assertion,1,Assertion_14,train
4689,እባክሽ ውሉን ዛሬ ማታ አምጪልኝ።,Request,0,Request_05,val
4690,ሪፖርቱ ነገ አልቀረበም።,Complaint,6,Complaint_05,val
4691,ጤና ይስጥልኝ፣ ዛሬ እንዴት ነው?,Phatic,7,Phatic_13,train
4692,እባክሽ ሪፖርቱን ዛሬ ማታ አምጪልኝ።,Request,0,Request_05,test
4693,ማስጠንቀቂያ፣ ኮንትራቱን በሚቀጥለው ወር ካላረጋገጥክ ችግር ይፈጥራል።,Warning,4,Warning_13,val
4694,እባክዎ ውሉን ለወንድሜ በቅርቡ ይላኩልኝ።,Request,0,Request_02,train
4695,የመጽሐፉ ችግርን በሚቀጥለው ሳምንት እፈታለሁ።,Promise,8,Promise_14,train
4696,ምግቡ ዛሬ ማታ አልደረሰኝም።,Complaint,6,Complaint_08,train
4697,ቦታውን ዛሬ አስይዛለሁ።,Promise,8,Promise_07,train
4698,እንደሚመስለኝ ስጦታውን ዛሬ ማምጣት ይሻላል።,Suggestion,3,Suggestion_10,train
4699,እርግጥ ነው፣ ትዕዛዙ ጥሩ ነው... በጣም ጥሩ!,Sarcasm/Irony,5,Sarcasm/Irony_13,test
4700,እርግጥ ነው፣ ምግቡ ዝግጁ ነው... በጣም ጣፋጭ!,Sarcasm/Irony,5,Sarcasm/Irony_09,train
4701,አዎ፣ ስራው ተጠናቀቀ... በጣም ፈጣን!,Sarcasm/Irony,5,Sarcasm/Irony_12,train
4702,ተጠንቀቅ፣ ውሉን በቅርቡ ካልፈረምክ ህጋዊ ችግር ይፈጥራል።,Warning,4,Warning_04,val
4703,ስጦታው ገና ወደ ፍርድ ቤት በፍጥነት አልደረሰኝም።,Complaint,6,Complaint_00,val
4704,ውሉ በሚቀጥለው ወር አልተፈረመም።,Complaint,6,Complaint_04,train
4705,ሪፖርቱን ነገ አረጋግጣለሁ።,Promise,8,Promise_13,train
4706,ተጠንቀቅ፣ ቦታውን በዚህ ሳምንት ካላደረግክ ችግር ይፈጥራል።,Warning,4,Warning_00,train
4707,ሰላም ነው?,Phatic,7,Phatic_04,train
4708,እባክዎ መረጃውን በፍጥነት ይላኩልኝ።,Request,0,Request_07,train
4709,ይቅርታ፣ ለጓደኛዬ መላክ አልችልም።,Refusal,2,Refusal_05,train
4710,የመልእክቱ ጥራት ዝቅተኛ ነው።,Complaint,6,Complaint_11,train
4711,የፖሊሱ ውሳኔ ትክክል ነው።,Assertion,1,Assertion_12,train
4712,መረጃውን ዛሬ ጠዋት እላካለሁ።,Promise,8,Promise_06,train
4713,ትዕዛዙን ነገ አጠናቅቃለሁ።,Promise,8,Promise_02,train
4714,እባክዎ ሪፖርቱን በዚህ ሳምንት ይላኩልኝ።,Request,0,Request_10,train
4715,ትዕዛዙ በዚህ ሳምንት ተጠናቀቀ።,Assertion,1,Assertion_02,train
4716,የኮንትራቱ ዋጋ ተቀይሯል።,Assertion,1,Assertion_09,val
4717,ውሉን በዚህ ሳምንት እፈርማለሁ።,Promise,8,Promise_04,train
4718,ክፍያው በሚቀጥለው ወር አልተከፈለም።,Complaint,6,Complaint_03,train
4719,ይቅርታ፣ ለደንበኛው መጥራት አልችልም።,Refusal,2,Refusal_11,val
4720,እንደኔ ሀሳብ ቲኬቱን በፍጥነት መላክ ይሻላል።,Suggestion,3,Suggestion_01,train
4721,የአጋሬ ውሳኔ ትክክል ነው።,Assertion,1,Assertion_12,test
4722,ሪፖርቱ ዝግጁ ነው።,Assertion,1,Assertion_08,train
4723,ሰላም፣ እንዴት ነህ?,Phatic,7,Phatic_01,test
4724,እባክዎ ቦታውን ዛሬ ማታ ያስይዙልኝ።,Request,0,Request_12,train
4725,ማስጠንቀቂያ፣ ክፍያውን በሚቀጥለው ወር ካላደረግክ አገልግሎት ይቋረጣል።,Warning,4,Warning_03,train
4726,ስጦታውን ነገ ማታ አደርሳለሁ።,Promise,8,Promise_01,test
4727,ማስጠንቀቂያ፣ ውሳኔውን በሚቀጥለው ቀን ካላረጋገጥክ ችግር ይፈጥራል።,Warning,4,Warning_13,test
4728,ማስጠንቀቂያ፣ ትዕዛዙን በሚቀጥለው ቀን ካላጠናቀቅክ ቅጣት አለ።,Warning,4,Warning_01,train
4729,እባክዎ አገልግሎቱን ዛሬ ይላኩልኝ።,Request,0,Request_00,train
4730,ውሉ በዚህ ወር አልተፈረመም።,Complaint,6,Complaint_04,test
4731,መጽሐፉን በሚቀጥለው ሳምንት አመልሳለሁ።,Promise,8,Promise_09,train
4732,ሰላም፣ ስራ በትምህርት ቤት እንዴት ነው?,Phatic,7,Phatic_08,train
4733,መረጃውን ዛሬ ማታ እላካለሁ።,Promise,8,Promise_06,train
4734,ተጠንቀቅ፣ ስራውን አሁን ካላጠናቀቅክ ቅጣት አለ።,Warning,4,Warning_14,train
4735,ስጦታው ገና ወደ ባንክ ዛሬ ማታ አልደረሰኝም።,Complaint,6,Complaint_00,train
4736,ተጠንቀቅ፣ መጽሐፉን በዚህ ሳምንት ካላደረግክ ችግር ይፈጥራል።,Warning,4,Warning_00,train
4737,ማስጠንቀቂያ፣ ሸቀጡን ዛሬ ካላረጋገጥክ ችግር ይፈጥራል።,Warning,4,Warning_13,train
4738,ሰላም፣ ስራ በቤተ መንግስት እንዴት ነው?,Phatic,7,Phatic_08,train
4739,ተጠንቀቅ፣ መጽሐፉን አሁን ካላመለስክ ቅጣት አለ።,Warning,4,Warning_10,train
4740,ይቅርታ፣ ትዕዛዙን በዚህ አመት መላክ አልችልም።,Refusal,2,Refusal_02,train
4741,እባክዎ መጽሐፉን በሚቀጥለው ወር ይላኩልኝ።,Request,0,Request_14,train
4742,እንዴት ነሽ?,Phatic,7,Phatic_05,train
4743,እባክሽ ሰነዱን ዛሬ ማታ አምጪልኝ።,Request,0,Request_05,train
4744,ምናልባት ምግቡን ነገ ማዘጋጀት ይሻላል።,Suggestion,3,Suggestion_12,train
4745,ስጦታውን በሚቀጥለው ሳምንት አረጋግጣለሁ።,Promise,8,Promise_13,train
4746,እርግጥ ነው፣ ሪፖርቱ ዝግጁ ነው... በጣም ፈጣን!,Sarcasm/Irony,5,Sarcasm/Irony_05,train
4747,አይደለም፣ ሪፖርቱን በሚቀጥለው ወር ማጠናቀቅ አልችልም።,Refusal,2,Refusal_10,train
4748,እባክሽ ደብዳቤውን ዛሬ ማታ አምጪልኝ።,Request,0,Request_09,test
4749,እንደምን አደረሽ?,Phatic,7,Phatic_09,test
4750,እንደሚመስለኝ ትዕዛዙን በሚቀጥለው ሳምንት ማጠናቀቅ ይሻላል።,Suggestion,3,Suggestion_04,test
4751,ለእህቴ ዛሬ አልደወሉልኝም።,Complaint,6,Complaint_14,train
4752,ጤና ይስጥልኝ፣ ዛሬ እንዴት ነው?,Phatic,7,Phatic_13,train
4753,እባክዎ ክፍያውን ዛሬ ያረጋግጡልኝ።,Request,0,Request_08,val
4754,ተጠንቀቅ፣ ውሉን በቅርቡ ካልፈረምክ ህጋዊ ችግር ይፈጥራል።,Warning,4,Warning_04,train
4755,የመረጃው ጥራት ዝቅተኛ ነው።,Complaint,6,Complaint_11,test
4756,አይ፣ አሁን መልእክቱ ማድረግ አልችልም።,Refusal,2,Refusal_01,test
4757,እባክዎ ቦታውን በሚቀጥለው ሳምንት ያስይዙልኝ።,Request,0,Request_12,train
4758,እንደምን አደርክ?,Phatic,7,Phatic_03,train
4759,እባክሽ መረጃውን ዛሬ ማታ አምጪልኝ።,Request,0,Request_05,train
4760,አዎ፣ ቦታው ነፃ ነው... በጣም ምቹ!,Sarcasm/Irony,5,Sarcasm/Irony_08,train
4761,እንደኔ ሀሳብ መጽሐፉን ዛሬ ማንበብ ይሻላል።,Suggestion,3,Suggestion_13,train
4762,ምክሬ ቦታውን አሁን ማስያዝ ነው።,Suggestion,3,Suggestion_09,test
4763,ተጠንቀቅ፣ ውሉን አሁን ካልፈረምክ ህጋዊ ችግር ይፈጥራል።,Warning,4,Warning_04,train
4764,ቦታው በሚቀጥለው ሳምንት አልተያዘም።,Complaint,6,Complaint_07,test
4765,እባክዎ ቦታውን በዚህ ሳምንት ያስይዙልኝ።,Request,0,Request_12,train
4766,ሀሳቤ ውሉን በሚቀጥለው ቀን መፈረም ነው።,Suggestion,3,Suggestion_05,train
4767,የመጽሐፉ ጥራት ዝቅተኛ ነው።,Complaint,6,Complaint_11,train
4768,ሰላም ነው ወንድሜ?,Phatic,7,Phatic_11,val
4769,ምናልባት ለእናቴ መደወል ይሻላል።,Suggestion,3,Suggestion_06,train
4770,ይቅርታ፣ ውሳኔውን ዛሬ ማሳወቅ አልችልም።,Refusal,2,Refusal_14,train
4771,እንደኔ ሀሳብ አገልግሎቱን ነገ ጠዋት መላክ ይሻላል።,Suggestion,3,Suggestion_01,train
4772,እርግጥ ነው፣ ውሳኔው ትክክል ነው... በጣም ጥሩ!,Sarcasm/Irony,5,Sarcasm/Irony_11,test
4773,ጤና ይስጥልኝ፣ ዛሬ እንዴት ነው?,Phatic,7,Phatic_13,train
4774,አዎ፣ ለአስተዳዳሪው ላክኩት... በጣም ጥሩ!,Sarcasm/Irony,5,Sarcasm/Irony_02,train
4775,ውሉ በዚህ ወር ተፈርሟል።,Assertion,1,Assertion_07,train
4776,የምግቡ ዋጋ ተቀይሯል።,Assertion,1,Assertion_09,train
4777,አዎ፣ ለጓደኛችን ደውያለሁ... በጣም ቀላል!,Sarcasm/Irony,5,Sarcasm/Irony_14,test
4778,እባክዎ ስጦታውን በዚህ ሳምንት ያድርሱልኝ።,Request,0,Request_06,val
4779,ክፍያውን በዚህ ሳምንት አደርጋለሁ።,Promise,8,Promise_03,train
4780,ስራው በሚቀጥለው ወር አልተጠናቀቀም።,Complaint,6,Complaint_12,train
4781,ምናልባት ደብዳቤውን ዛሬ ጠዋት ማድረግ ይሻላል።,Suggestion,3,Suggestion_00,train
4782,የቤተሰቤ ውሳኔ ትክክል ነው።,Assertion,1,Assertion_12,train
4783,ቦታውን በሚቀጥለው ወር አረጋግጣለሁ።,Promise,8,Promise_13,train
4784,እባክዎ ውሳኔውን በዚህ ሳምንት ይላኩልኝ።,Request,0,Request_00,train
4785,ፋይሉን ነገ ጠዋት አረጋግጣለሁ።,Promise,8,Promise_13,train
4786,መጽሐፉን በሚቀጥለው ቀን አመልሳለሁ።,Promise,8,Promise_09,train
4787,አይ፣ አሁን ምግቡ ማድረግ አልችልም።,Refusal,2,Refusal_01,train
4788,መጽሐፉ በሚቀጥለው ቀን ደረሰ።,Assertion,1,Assertion_11,train
4789,እባክዎ ሪፖርቱን በቅርቡ ይላኩልኝ።,Request,0,Request_10,test
4790,ይቅርታ፣ ለሰራተኛው መጥራት አልችልም።,Refusal,2,Refusal_11,train
4791,እባክዎ ቦታውን አሁን ይላኩልኝ።,Request,0,Request_04,val
4792,እባክዎ መጽሐፉን ነገ ጠዋት ይላኩልኝ።,Request,0,Request_14,train
4793,መረጃው በሚቀጥለው ቀን አልደረሰኝም።,Complaint,6,Complaint_06,train
4794,ውሉ ነገ ማታ ተፈርሟል።,Assertion,1,Assertion_07,train
4795,አይ፣ ክፍያውን አሁን ማድረግ አልችልም።,Refusal,2,Refusal_07,train
4796,መረጃው በዚህ አመት አልደረሰኝም።,Complaint,6,Complaint_06,val
4797,የቤተሰቤ ስራ በፖስታ ቤት ጥሩ ነው።,Assertion,1,Assertion_06,train
4798,ሀሳቤ መረጃውን ለአጋሬ ማጋራት ነው።,Suggestion,3,Suggestion_11,train
4799,ማስጠንቀቂያ፣ ክፍያውን በዚህ ሳምንት ካላደረግክ አገልግሎት ይቋረጣል።,Warning,4,Warning_03,val
4800,አዎ፣ ቦታውን በዚህ አመት አደረግኩት... ትክክል ነው!,Sarcasm/Irony,5,Sarcasm/Irony_00,train
4801,ይቅርታ፣ መረጃውን ማጋራት አልችልም።,Refusal,2,Refusal_08,train
4802,እንዴት ነህ ጓደኛ?,Phatic,7,Phatic_12,val
4803,ይሻላል ክፍያውን ነገ ማታ ማድረግ።,Suggestion,3,Suggestion_08,train
4804,እንደምን አደርክ?,Phatic,7,Phatic_03,val
4805,አዎ፣ ውሉ ተፈርሟል... በጣም ቀላል ነበር!,Sarcasm/Irony,5,Sarcasm/Irony_04,train
4806,ስጦታውን በሚቀጥለው ወር አደርሳለሁ።,Promise,8,Promise_01,train
4807,አይደለም፣ ውሉን በሚቀጥለው ወር ማረጋገጥ አልችልም።,Refusal,2,Refusal_04,test
4808,ስጦታውን ነገ ማታ አደርሳለሁ።,Promise,8,Promise_01,train
4809,እንደምን አደርክ?,Phatic,7,Phatic_03,train
4810,የአስተዳዳሪው አገልግሎት መጥፎ ነው።,Complaint,6,Complaint_10,train
4811,እርግጥ ነው፣ ውሳኔው ትክክል ነው... በጣም ጥሩ!,Sarcasm/Irony,5,Sarcasm/Irony_11,train
4812,ይሻላል ስራውን ለደንበኛው ማሳወቅ።,Suggestion,3,Suggestion_02,train
4813,አዎ፣ ስጦታው ደርሷል... በጣም ጥሩ!,Sarcasm/Irony,5,Sarcasm/Irony_06,test
4814,ተጠንቀቅ፣ ቦታውን በዚህ ወር ካላስያዝክ ይያዛል።,Warning,4,Warning_08,test
4815,ሰላም ነው?,Phatic,7,Phatic_04,train
4816,ሪፖርቱ ዝግጁ ነው።,Assertion,1,Assertion_08,test
4817,አዎ፣ ስራው ተጠናቀቀ... በጣም ፈጣን!,Sarcasm/Irony,5,Sarcasm/Irony_12,train
4818,ትዕዛዙ ነገ ጠዋት ተጠናቀቀ።,Assertion,1,Assertion_02,train
4819,ነጋዴው፣ ስራ በሆቴል እንዴት ነው?,Phatic,7,Phatic_00,test
4820,እባክዎ አገልግሎቱን ለደንበኛው ነገ ጠዋት ይላኩልኝ።,Request,0,Request_11,test
4821,መረጃውን ዛሬ ማታ እላካለሁ።,Promise,8,Promise_06,train
4822,ተጠንቀቅ፣ ስጦታውን ነገ ጠዋት ካላመጣህ ችግር ይፈጥራል።,Warning,4,Warning_06,val
4823,እንዴት ነሽ?,Phatic,7,Phatic_05,train
4824,የስራው ችግር ከባለፈው ወር ጀምሮ ከፖሊሱ ጋር እፈታለሁ።,Assertion,1,Assertion_00,train
4825,አልቻልኩም፣ ስጦታውን በሚቀጥለው ቀን ማምጣት አልቻልኩም።,Refusal,2,Refusal_06,train
4826,አይ፣ አሁን ውሉ ማድረግ አልችልም።,Refusal,2,Refusal_01,train
4827,ማስጠንቀቂያ፣ ሪፖርቱን ነገ ካላቀረብክ ቅጣት አለ።,Warning,4,Warning_05,train
4828,አልፈልግም፣ ፋይሉን አልቀበልም።,Refusal,2,Refusal_03,train
4829,እንዴት ነሽ?,Phatic,7,Phatic_05,train
4830,ማስጠንቀቂያ፣ ክፍያውን በዚህ ወር ካላደረግክ አገልግሎት ይቋረጣል።,Warning,4,Warning_03,train
4831,እባክዎ ሪፖርቱን ዛሬ ጠዋት ይላኩልኝ።,Request,0,Request_10,train
4832,ማስጠንቀቂያ፣ ሪፖርቱን ነገ ጠዋት ካላረጋገጥክ ችግር ይፈጥራል።,Warning,4,Warning_13,val
4833,ይቅርታ፣ መረጃውን ማጋራት አልችልም።,Refusal,2,Refusal_08,train
4834,እርግጥ ነው፣ ምግቡ ዝግጁ ነው... በጣም ጣፋጭ!,Sarcasm/Irony,5,Sarcasm/Irony_09,train
4835,ይቅርታ፣ ለጓደኛዬ መጥራት አልችልም።,Refusal,2,Refusal_11,train
4836,ሰላም፣ እንዴት ነህ?,Phatic,7,Phatic_01,train
4837,ምክሬ ቦታውን አሁን ማስያዝ ነው።,Suggestion,3,Suggestion_09,train
4838,እንደኔ ሀሳብ ፓኬጁን በቅርቡ መላክ ይሻላል።,Suggestion,3,Suggestion_01,train
4839,አይ፣ ክፍያውን አሁን ማድረግ አልችልም።,Refusal,2,Refusal_07,train
4840,ማስጠንቀቂያ፣ ትዕዛዙን በዚህ ወር ካላጠናቀቅክ ቅጣት አለ።,Warning,4,Warning_01,val
4841,እባክሽ ምግቡን አሁን አዘጋጅልኝ።,Request,0,Request_13,train
4842,ነጋዴው፣ ስራ በገበያ እንዴት ነው?,Phatic,7,Phatic_00,test
4843,እባክሽ ፓኬጁን ዛሬ ማታ አምጪልኝ።,Request,0,Request_05,train
4844,ሪፖርቱን በዚህ ወር አቀርባለሁ።,Promise,8,Promise_05,train
4845,ሀሳቤ ውሉን ዛሬ ጠዋት መፈረም ነው።,Suggestion,3,Suggestion_05,val
4846,አዎ፣ ውሉ ተፈርሟል... በጣም ቀላል ነበር!,Sarcasm/Irony,5,Sarcasm/Irony_04,test
4847,ማስጠንቀቂያ፣ ምግቡን ዛሬ ካላዘጋጀህ ችግር ይፈጥራል።,Warning,4,Warning_09,val
4848,ተጠንቀቅ፣ ስራውን በዚህ አመት ካላጠናቀቅክ ቅጣት አለ።,Warning,4,Warning_14,train
4849,ለደንበኛው ዛሬ ማታ እደውላለሁ።,Promise,8,Promise_10,val
4850,ማስጠንቀቂያ፣ ትዕዛዙን በዚህ ወር ካላጠናቀቅክ ቅጣት አለ።,Warning,4,Warning_01,train
4851,ሪፖርቱን ነገ ጠዋት አቀርባለሁ።,Promise,8,Promise_05,test
4852,ምክሬ መረጃውን አሁን ማረጋገጥ ነው።,Suggestion,3,Suggestion_03,train
4853,መረጃው በፍጥነት አልደረሰኝም።,Complaint,6,Complaint_06,train
4854,እንደኔ ሀሳብ መጽሐፉን በሚቀጥለው ወር ማንበብ ይሻላል።,Suggestion,3,Suggestion_13,train
4855,ስራው ዛሬ ጠዋት አልተጠናቀቀም።,Complaint,6,Complaint_12,train
4856,ሀሳቤ ውሉን በፍጥነት መፈረም ነው።,Suggestion,3,Suggestion_05,train
4857,ማስጠንቀቂያ፣ ሪፖርቱን በዚህ ወር ካላቀረብክ ቅጣት አለ።,Warning,4,Warning_05,train
4858,ቦታው ነፃ ነው።,Assertion,1,Assertion_10,train
4859,ነጋዴው፣ ስራ በሆስፒታል እንዴት ነው?,Phatic,7,Phatic_00,test
4860,እባክዎ ውሉን ለጓደኛችን አሁን ይላኩልኝ።,Request,0,Request_02,train
4861,ውሉን በሚቀጥለው ሳምንት አረጋግጣለሁ።,Promise,8,Promise_13,train
4862,ስራው በሚቀጥለው ሳምንት አልተጠናቀቀም።,Complaint,6,Complaint_12,test
4863,ውሳኔውን በሚቀጥለው ቀን አሳውቃለሁ።,Promise,8,Promise_11,test
4864,ቦታው ነፃ ነው።,Assertion,1,Assertion_10,train
4865,እንደኔ ሀሳብ ሪፖርቱን ነገ ማታ ማቅረብ ይሻላል።,Suggestion,3,Suggestion_07,test
4866,እባክሽ ደብዳቤውን በዚህ ወር አምጪልኝ።,Request,0,Request_09,train
4867,ቦታው ነፃ ነው።,Assertion,1,Assertion_10,train
4868,እባክዎ መጽሐፉን ዛሬ ይላኩልኝ።,Request,0,Request_14,train
4869,እባክዎ አገልግሎቱን አሁን ይላኩልኝ።,Request,0,Request_04,train
4870,ስራውን በሚቀጥለው ሳምንት አጠናቅቃለሁ።,Promise,8,Promise_12,train
4871,እርግጥ ነው፣ ትዕዛዙ በዚህ አመት ተጠናቀቀ... በጣም ፈጣን!,Sarcasm/Irony,5,Sarcasm/Irony_01,train
4872,አዎ፣ ስራው ተጠናቀቀ... በጣም ፈጣን!,Sarcasm/Irony,5,Sarcasm/Irony_12,test
4873,አዎ፣ ስራው ተጠናቀቀ... በጣም ፈጣን!,Sarcasm/Irony,5,Sarcasm/Irony_12,train
4874,ማስጠንቀቂያ፣ ክፍያውን በሚቀጥለው ወር ካላደረግክ አገልግሎት ይቋረጣል።,Warning,4,Warning_03,val
4875,እባክዎ መረጃውን አሁን ይላኩልኝ።,Request,0,Request_07,train
4876,እንደኔ ሀሳብ መጽሐፉን በሚቀጥለው ቀን መላክ ይሻላል።,Suggestion,3,Suggestion_01,train
4877,ማስጠንቀቂያ፣ ምግቡን ዛሬ ማታ ካላዘጋጀህ ችግር ይፈጥራል።,Warning,4,Warning_09,train
4878,ይቅርታ፣ መረጃውን ማጋራት አልችልም።,Refusal,2,Refusal_08,train
4879,የመረጃው ችግርን ነገ ጠዋት እፈታለሁ።,Promise,8,Promise_14,val
4880,ይቅርታ፣ ለአስተዳዳሪው መጥራት አልችልም።,Refusal,2,Refusal_11,train
4881,ምግቡን ዛሬ ማታ አዘጋጃለሁ።,Promise,8,Promise_08,val
4882,ሀሳቤ ውሉን በሚቀጥለው ወር መፈረም ነው።,Suggestion,3,Suggestion_05,train
4883,ስጦታው ዛሬ ማታ ደርሷል።,Assertion,1,Assertion_01,train
4884,ሀሳቤ ውሉን ነገ ጠዋት መፈረም ነው።,Suggestion,3,Suggestion_05,train
4885,ቲኬቱን በፍጥነት አረጋግጣለሁ።,Promise,8,Promise_13,train
4886,የሰራተኛው አገልግሎት መጥፎ ነው።,Complaint,6,Complaint_10,test
4887,ውሳኔው በዚህ ሳምንት አልተሰጠም።,Complaint,6,Complaint_13,train
4888,ማስጠንቀቂያ፣ መረጃውን ካላጋራህ ችግር ይፈጥራል።,Warning,4,Warning_07,train
4889,ምናልባት መረጃውን በዚህ ሳምንት ማድረግ ይሻላል።,Suggestion,3,Suggestion_00,train
4890,ይቅርታ፣ ለጓደኛዋ መጥራት አልችልም።,Refusal,2,Refusal_11,train
4891,እባክዎ ቲኬቱን አሁን ይላኩልኝ።,Request,0,Request_04,train
4892,አይ፣ ክፍያውን አሁን ማድረግ አልችልም።,Refusal,2,Refusal_07,train
4893,እባክዎ ክፍያውን አሁን ይላኩልኝ።,Request,0,Request_04,train
4894,እንደኔ ሀሳብ ሪፖርቱን ነገ ማቅረብ ይሻላል።,Suggestion,3,Suggestion_07,train
4895,ሪፖርቱ ዝግጁ ነው።,Assertion,1,Assertion_08,test
4896,ይቅርታ፣ ለሰራተኛው መላክ አልችልም።,Refusal,2,Refusal_05,train
4897,ይሻላል ፋይሉን ለደንበኛው ማሳወቅ።,Suggestion,3,Suggestion_02,train
4898,እርግጥ ነው፣ ትዕዛዙ በዚህ ወር ተጠናቀቀ... በጣም ፈጣን!,Sarcasm/Irony,5,Sarcasm/Irony_01,train
4899,ማስጠንቀቂያ፣ ምግቡን በሚቀጥለው ቀን ካላዘጋጀህ ችግር ይፈጥራል።,Warning,4,Warning_09,train
4900,የመረጃው ጥራት ዝቅተኛ ነው።,Complaint,6,Complaint_11,train
4901,እርግጥ ነው፣ ትዕዛዙ በሚቀጥለው ወር ተጠናቀቀ... በጣም ፈጣን!,Sarcasm/Irony,5,Sarcasm/Irony_01,train
4902,ተጠንቀቅ፣ ለአጋሬ ካልላክ ችግር ይፈጥራል።,Warning,4,Warning_02,train
4903,ሰላም፣ ስራ በቤት እንዴት ነው?,Phatic,7,Phatic_08,train
4904,ለአስተዳዳሪው ዛሬ ማታ አልደወሉልኝም።,Complaint,6,Complaint_14,test
4905,የውሳኔው ዋጋ ተቀይሯል።,Assertion,1,Assertion_09,train
4906,እንደምን አደርክ?,Phatic,7,Phatic_03,train
4907,ስራው ዛሬ አልተጠናቀቀም።,Complaint,6,Complaint_12,train
4908,መረጃውን ነገ ማታ እላካለሁ።,Promise,8,Promise_06,val
4909,እርግጥ ነው፣ መረጃው ትክክል ነው... በጣም ግልጽ!,Sarcasm/Irony,5,Sarcasm/Irony_07,train
4910,ቦታውን በሚቀጥለው ሳምንት አስይዛለሁ።,Promise,8,Promise_07,train
4911,እባክዎ ሪፖርቱን በቅርቡ ይላኩልኝ።,Request,0,Request_10,train
4912,እንደሚመስለኝ ትዕዛዙን በቅርቡ ማጠናቀቅ ይሻላል።,Suggestion,3,Suggestion_04,train
4913,አልችልም፣ ትዕዛዙን ነገ ማታ ማድረስ አልቻልኩም።,Refusal,2,Refusal_00,val
4914,የትዕዛዙ ችግር ከትናንት ጀምሮ ከጓደኛዬ ጋር እፈታለሁ።,Promise,8,Promise_00,train
4915,ቦታውን ነገ ጠዋት አስይዛለሁ።,Promise,8,Promise_07,train
4916,እባክዎ ክፍያውን አሁን ይላኩልኝ።,Request,0,Request_04,train
4917,እርግጥ ነው፣ ሪፖርቱ ዝግጁ ነው... በጣም ፈጣን!,Sarcasm/Irony,5,Sarcasm/Irony_05,train
4918,እንደሚመስለኝ ስጦታውን ዛሬ ማምጣት ይሻላል።,Suggestion,3,Suggestion_10,train
4919,እርግጥ ነው፣ ምግቡ ዝግጁ ነው... በጣም ጣፋጭ!,Sarcasm/Irony,5,Sarcasm/Irony_09,test
4920,ነጋዴው፣ ስራ በዩኒቨርሲቲ እንዴት ነው?,Phatic,7,Phatic_00,train
4921,እርግጥ ነው፣ መረጃው ትክክል ነው... በጣም ግልጽ!,Sarcasm/Irony,5,Sarcasm/Irony_07,train
4922,ጤና ይስጥልኝ፣ ዛሬ እንዴት ነው?,Phatic,7,Phatic_13,val
4923,ተጠንቀቅ፣ ለእናቴ ካልደወልክ ችግር ይፈጥራል።,Warning,4,Warning_12,train
4924,ውሳኔው ዛሬ ጠዋት አልተሰጠም።,Complaint,6,Complaint_13,train
4925,ይሻላል ሸቀጡን ለደንበኛው ማሳወቅ።,Suggestion,3,Suggestion_02,train
4926,አዎ፣ ክፍያውን ዛሬ አደረግኩት... ትክክል ነው!,Sarcasm/Irony,5,Sarcasm/Irony_00,test
4927,እባክዎ መረጃውን ነገ ማታ ይላኩልኝ።,Request,0,Request_07,val
4928,አዎ፣ ቦታው ነፃ ነው... በጣም ምቹ!,Sarcasm/Irony,5,Sarcasm/Irony_08,test
4929,ምናልባት ሸቀጡን በዚህ ወር ማድረግ ይሻላል።,Suggestion,3,Suggestion_00,train
4930,ውሉን በሚቀጥለው ቀን እፈርማለሁ።,Promise,8,Promise_04,train
4931,ተጠንቀቅ፣ ቦታውን በፍጥነት ካላስያዝክ ይያዛል።,Warning,4,Warning_08,test
4932,አልፈልግም፣ ቦታውን ማስያዝ አልችልም።,Refusal,2,Refusal_09,test
4933,እንዴት ነህ ጓደኛ?,Phatic,7,Phatic_12,train
4934,ሪፖርቱን አሁን አቀርባለሁ።,Promise,8,Promise_05,train
4935,ተጠንቀቅ፣ ለአለቃዬ ካልላክ ችግር ይፈጥራል።,Warning,4,Warning_02,train
4936,አይ፣ አሁን ምግቡ ማድረግ አልችልም።,Refusal,2,Refusal_01,val
4937,ስራው በፍጥነት ተጀምሯል።,Assertion,1,Assertion_13,val
4938,ይቅርታ፣ ትዕዛዙን ነገ ማታ መላክ አልችልም።,Refusal,2,Refusal_02,train
4939,ማስጠንቀቂያ፣ ክፍያውን አሁን ካላደረግክ አገልግሎት ይቋረጣል።,Warning,4,Warning_03,test
4940,የአገልግሎቱ ጥራት ከፍተኛ ነው።,Assertion,1,Assertion_14,train
4941,እንደኔ ሀሳብ መጽሐፉን ዛሬ ጠዋት ማንበብ ይሻላል።,Suggestion,3,Suggestion_13,train
4942,መጽሐፉ ነገ አልደረሰኝም።,Complaint,6,Complaint_09,train
4943,አልችልም፣ ምግቡን ዛሬ ጠዋት ማዘጋጀት አልቻልኩም።,Refusal,2,Refusal_12,train
4944,ስጦታው ዛሬ ጠዋት ደርሷል።,Assertion,1,Assertion_01,train
4945,ሪፖርቱ ዛሬ ማታ አልቀረበም።,Complaint,6,Complaint_05,test
4946,እርግጥ ነው፣ ውሳኔው ትክክል ነው... በጣም ጥሩ!,Sarcasm/Irony,5,Sarcasm/Irony_11,val
4947,ይሻላል ቲኬቱን ለቤተሰቤ ማሳወቅ።,Suggestion,3,Suggestion_02,train
4948,እንደምን አደረሽ?,Phatic,7,Phatic_09,train
4949,ምግቡ ነገ አልደረሰኝም።,Complaint,6,Complaint_08,train
4950,የትዕዛዙ ችግር ከጠዋቱ ጀምሮ ከደንበኛው ጋር እፈታለሁ።,Promise,8,Promise_00,train
4951,የሰነዱ ችግር ከባለፈው ወር ጀምሮ አልተፈታም።,Complaint,6,Complaint_02,train
4952,ነጋዴው፣ ስራ እንዴት እየሄደ ነው?,Phatic,7,Phatic_14,train
4953,እንዴት ነህ ጓደኛ?,Phatic,7,Phatic_12,train
4954,ምናልባት መልእክቱን በሚቀጥለው ቀን ማድረግ ይሻላል።,Suggestion,3,Suggestion_00,val
4955,ሰላም ነው ወንድሜ?,Phatic,7,Phatic_11,train
4956,የሸቀጡ ችግር ከምሽቱ ጀምሮ አልተፈታም።,Complaint,6,Complaint_02,train
4957,ስጦታው በሚቀጥለው ቀን ደርሷል።,Assertion,1,Assertion_01,test
4958,አልችልም፣ ትዕዛዙን ዛሬ ማድረስ አልቻልኩም።,Refusal,2,Refusal_00,val
4959,እንደኔ ሀሳብ ሪፖርቱን በሚቀጥለው ቀን ማቅረብ ይሻላል።,Suggestion,3,Suggestion_07,train
4960,ስጦታው በሚቀጥለው ወር ደርሷል።,Assertion,1,Assertion_01,val
4961,ነጋዴው፣ ስራ በቤተ መንግስት እንዴት ነው?,Phatic,7,Phatic_00,train
4962,እንደሚመስለኝ ትዕዛዙን በሚቀጥለው ሳምንት ማጠናቀቅ ይሻላል።,Suggestion,3,Suggestion_04,val
4963,ስራው አሁን አልተጠናቀቀም።,Complaint,6,Complaint_12,train
4964,አዎ፣ መጽሐፉ ተመልሷል... በጣም ቀላል!,Sarcasm/Irony,5,Sarcasm/Irony_10,train
4965,ጤና ይስጥልኝ፣ ዛሬ እንዴት ነው?,Phatic,7,Phatic_13,val
4966,አይ፣ ክፍያውን አሁን ማድረግ አልችልም።,Refusal,2,Refusal_07,train
4967,የመረጃው ጥራት ከፍተኛ ነው።,Assertion,1,Assertion_14,train
4968,ይቅርታ፣ ለቤተሰቤ መጥራት አልችልም።,Refusal,2,Refusal_11,train
4969,ተጠንቀቅ፣ ስጦታውን ነገ ጠዋት ካላመጣህ ችግር ይፈጥራል።,Warning,4,Warning_06,train
4970,የመልእክቱ ጥራት ዝቅተኛ ነው።,Complaint,6,Complaint_11,train
4971,ይቅርታ፣ መረጃውን ማጋራት አልችልም።,Refusal,2,Refusal_08,test
4972,እርግጥ ነው፣ መረጃው ትክክል ነው... በጣም ግልጽ!,Sarcasm/Irony,5,Sarcasm/Irony_07,test
4973,መረጃውን አሁን እላካለሁ።,Promise,8,Promise_06,val
4974,ጤና ይስጥልኝ፣ ዛሬ እንዴት ነው?,Phatic,7,Phatic_13,train
4975,ቦታው በሚቀጥለው ቀን አልተያዘም።,Complaint,6,Complaint_07,train
4976,ምናልባት ለፖሊሱ መደወል ይሻላል።,Suggestion,3,Suggestion_06,train
4977,ምናልባት ምግቡን አሁን ማዘጋጀት ይሻላል።,Suggestion,3,Suggestion_12,train
4978,ነጋዴው፣ ስራ በአውሮፕላን ማረፊያ እንዴት ነው?,Phatic,7,Phatic_00,val
4979,ሰላም፣ እንዴት ነህ?,Phatic,7,Phatic_01,train
4980,ምክሬ ቦታውን አሁን ማስያዝ ነው።,Suggestion,3,Suggestion_09,train
4981,አልችልም፣ ምግቡን ዛሬ ማዘጋጀት አልቻልኩም።,Refusal,2,Refusal_12,train
4982,አዎ፣ ስጦታው ደርሷል... በጣም ጥሩ!,Sarcasm/Irony,5,Sarcasm/Irony_06,train
4983,መረጃው ዛሬ አልደረሰኝም።,Complaint,6,Complaint_06,test
4984,ይቅርታ፣ ለእህቴ መጥራት አልችልም።,Refusal,2,Refusal_11,val
4985,ይሻላል ክፍያውን በዚህ አመት ማድረግ።,Suggestion,3,Suggestion_08,train
4986,እባክዎ ሸቀጡን ለደንበኛው ነገ ማታ ይላኩልኝ።,Request,0,Request_11,train
4987,ተጠንቀቅ፣ ውሉን ነገ ካልፈረምክ ህጋዊ ችግር ይፈጥራል።,Warning,4,Warning_04,train
4988,ለቤተሰቤ በዚህ ሳምንት እደውላለሁ።,Promise,8,Promise_10,val
4989,ሪፖርቱ ዝግጁ ነው።,Assertion,1,Assertion_08,val
4990,ማስጠንቀቂያ፣ ክፍያውን በዚህ ወር ካላደረግክ አገልግሎት ይቋረጣል።,Warning,4,Warning_03,train
4991,አልችልም፣ ምግቡን ነገ ጠዋት ማዘጋጀት አልቻልኩም።,Refusal,2,Refusal_12,train
4992,ምክሬ ቦታውን አሁን ማስያዝ ነው።,Suggestion,3,Suggestion_09,test
4993,ሀሳቤ መረጃውን ለደንበኛው ማጋራት ነው።,Suggestion,3,Suggestion_11,train
4994,የትዕዛዙ ችግር ከሰኞ ጀምሮ ከፖሊሱ ጋር እፈታለሁ።,Promise,8,Promise_00,train
4995,ሰላም፣ ስራ በቤት እንዴት ነው?,Phatic,7,Phatic_08,train
4996,እርግጥ ነው፣ ውሳኔው ትክክል ነው... በጣም ጥሩ!,Sarcasm/Irony,5,Sarcasm/Irony_11,train
4997,ስጦታው ገና ወደ ሱቅ በዚህ ወር አልደረሰኝም።,Complaint,6,Complaint_00,train
4998,ይቅርታ፣ ለአባቴ መጥራት አልችልም።,Refusal,2,Refusal_11,test
4999,ማስጠንቀቂያ፣ ትዕዛዙን አሁን ካላጠናቀቅክ ቅጣት አለ።,Warning,4,Warning_01,test
5000,ቦታው ነፃ ነው።,Assertion,1,Assertion_10,train
5001,እርግጥ ነው፣ ክፍያው ተከፍሏል... በጣም ቀላል!,Sarcasm/Irony,5,Sarcasm/Irony_03,train
5002,አይደለም፣ ውሉን ዛሬ ማታ ማረጋገጥ አልችልም።,Refusal,2,Refusal_04,train
5003,ሀሳቤ ውሉን ነገ ማታ መፈረም ነው።,Suggestion,3,Suggestion_05,test
5004,አዎ፣ ለጓደኛችን ላክኩት... በጣም ጥሩ!,Sarcasm/Irony,5,Sarcasm/Irony_02,train
5005,ተጠንቀቅ፣ ስራውን በዚህ ወር ካላደረግክ ችግር ይፈጥራል።,Warning,4,Warning_00,train
5006,መረጃው ትክክል ነው።,Assertion,1,Assertion_04,train
5007,እባክዎ መጽሐፉን በዚህ ሳምንት ይላኩልኝ።,Request,0,Request_14,train
5008,ቦታውን በሚቀጥለው ሳምንት አስይዛለሁ።,Promise,8,Promise_07,val
5009,ቦታው ነፃ ነው።,Assertion,1,Assertion_10,train
5010,ተጠንቀቅ፣ ቦታውን በዚህ አመት ካላስያዝክ ይያዛል።,Warning,4,Warning_08,test
5011,ስጦታው ገና ወደ ገበያ ዛሬ አልደረሰኝም።,Complaint,6,Complaint_00,train
5012,የደንበኛው ውሳኔ ትክክል ነው።,Assertion,1,Assertion_12,train
5013,ምናልባት ለጓደኛዋ መደወል ይሻላል።,Suggestion,3,Suggestion_06,val
5014,ማስጠንቀቂያ፣ መልእክቱን ዛሬ ጠዋት ካላረጋገጥክ ችግር ይፈጥራል።,Warning,4,Warning_13,train
5015,የባልደረባዬ ስራ በቤት ጥሩ ነው።,Assertion,1,Assertion_06,train
5016,የመጽሐፉ ሁኔታ ጥሩ ነው።,Assertion,1,Assertion_03,train
5017,እባክዎ መልእክቱን ለደንበኛው በሚቀጥለው ቀን ይላኩልኝ።,Request,0,Request_11,train
5018,አይ፣ መጽሐፉን ማበደር አልችልም።,Refusal,2,Refusal_13,val
5019,ማስጠንቀቂያ፣ ውሉን በሚቀጥለው ወር ካላረጋገጥክ ችግር ይፈጥራል።,Warning,4,Warning_13,train
5020,ትዕዛዙ በፍጥነት ተጠናቀቀ።,Assertion,1,Assertion_02,train
5021,ሪፖርቱን ዛሬ ጠዋት አቀርባለሁ።,Promise,8,Promise_05,test
5022,ትዕዛዙ ነገ ተጠናቀቀ።,Assertion,1,Assertion_02,test
5023,የስራው ችግር ከትናንት ጀምሮ አልተፈታም።,Complaint,6,Complaint_02,test
5024,ጤና ይስጥልኝ፣ ዛሬ እንዴት ነው?,Phatic,7,Phatic_13,train
5025,እባክዎ ውሉን ለወንድሜ በዚህ ሳምንት ይላኩልኝ።,Request,0,Request_02,test
5026,ማስጠንቀቂያ፣ ሪፖርቱን ዛሬ ካላረጋገጥክ ችግር ይፈጥራል።,Warning,4,Warning_13,train
5027,መጽሐፉን በዚህ ወር አመልሳለሁ።,Promise,8,Promise_09,train
5028,አዎ፣ ሸቀጡን ዛሬ አደረግኩት... ትክክል ነው!,Sarcasm/Irony,5,Sarcasm/Irony_00,train
5029,ለእናቴ በሚቀጥለው ሳምንት አልደወሉልኝም።,Complaint,6,Complaint_14,test
5030,ሀሳቤ መረጃውን ለአለቃዬ ማጋራት ነው።,Suggestion,3,Suggestion_11,train
5031,ሀሳቤ መረጃውን ለቤተሰቤ ማጋራት ነው።,Suggestion,3,Suggestion_11,train
5032,የአጋሬ ስራ በሆስፒታል ጥሩ ነው።,Assertion,1,Assertion_06,test
5033,ማስጠንቀቂያ፣ ፓኬጁን ነገ ማታ ካላረጋገጥክ ችግር ይፈጥራል።,Warning,4,Warning_13,train
5034,እባክዎ ትዕዛዙን ለሰራተኛው ዛሬ ጠዋት ይላኩልኝ።,Request,0,Request_03,test
5035,እርግጥ ነው፣ ውሳኔው ትክክል ነው... በጣም ጥሩ!,Sarcasm/Irony,5,Sarcasm/Irony_11,train
5036,ምግቡን በሚቀጥለው ሳምንት አዘጋጃለሁ።,Promise,8,Promise_08,train
5037,እርግጥ ነው፣ ምግቡ ዝግጁ ነው... በጣም ጣፋጭ!,Sarcasm/Irony,5,Sarcasm/Irony_09,train
5038,እባክዎ ሰነዱን በዚህ ወር ይላኩልኝ።,Request,0,Request_00,train
5039,እባክሽ ውሳኔውን ዛሬ ማታ አምጪልኝ።,Request,0,Request_05,train
5040,አይደለም፣ ውሉን በዚህ ወር ማረጋገጥ አልችልም።,Refusal,2,Refusal_04,train
5041,ምግቡን አሁን አዘጋጃለሁ።,Promise,8,Promise_08,train
5042,ሪፖርቱ አሁን አልቀረበም።,Complaint,6,Complaint_05,train
5043,ትዕዛዙ አሁን ተጠናቀቀ።,Assertion,1,Assertion_02,train
5044,ሪፖርቱ ዝግጁ ነው።,Assertion,1,Assertion_08,train
5045,እባክዎ ትዕዛዙን ለእህቴ በዚህ ሳምንት ይላኩልኝ።,Request,0,Request_03,train
5046,ሰላም ነው ወንድሜ?,Phatic,7,Phatic_11,train
5047,ሰላም ነው?,Phatic,7,Phatic_04,train
5048,ጤና ይስጥልኝ፣ ቤተሰብ እንዴት ናቸው?,Phatic,7,Phatic_06,train
5049,እባክዎ ትዕዛዙን ለጓደኛዋ አሁን ይላኩልኝ።,Request,0,Request_03,train
5050,አዎ፣ ስራው ተጠናቀቀ... በጣም ፈጣን!,Sarcasm/Irony,5,Sarcasm/Irony_12,train
5051,ማስጠንቀቂያ፣ ሪፖርቱን በዚህ አመት ካላቀረብክ ቅጣት አለ።,Warning,4,Warning_05,train
5052,ክፍያው በሚቀጥለው ሳምንት አልተከፈለም።,Complaint,6,Complaint_03,train
5053,ሸቀጡን በዚህ ወር አረጋግጣለሁ።,Promise,8,Promise_13,train
5054,ማስጠንቀቂያ፣ ክፍያውን በሚቀጥለው ቀን ካላደረግክ አገልግሎት ይቋረጣል።,Warning,4,Warning_03,train
5055,ማስጠንቀቂያ፣ ቦታውን ዛሬ ካላረጋገጥክ ችግር ይፈጥራል።,Warning,4,Warning_13,val
5056,እንዴት ነህ ጓደኛ?,Phatic,7,Phatic_12,train
5057,እንዴት ነሽ?,Phatic,7,Phatic_05,train
5058,መረጃውን ነገ እላካለሁ።,Promise,8,Promise_06,train
5059,ጤና ይስጥልኝ፣ ዛሬ እንዴት ነው?,Phatic,7,Phatic_13,train
5060,ማስጠንቀቂያ፣ መረጃውን ካላጋራህ ችግር ይፈጥራል።,Warning,4,Warning_07,test
5061,ሰላም ነው ወንድሜ?,Phatic,7,Phatic_11,train
5062,እባክዎ ስጦታውን በዚህ ሳምንት ያድርሱልኝ።,Request,0,Request_06,test
5063,እባክሽ አገልግሎቱን ዛሬ ማታ አምጪልኝ።,Request,0,Request_05,test
5064,እንደሚመስለኝ ትዕዛዙን ነገ ማጠናቀቅ ይሻላል።,Suggestion,3,Suggestion_04,train
5065,ስራውን ነገ አጠናቅቃለሁ።,Promise,8,Promise_12,train
5066,የቤተሰቤ አገልግሎት መጥፎ ነው።,Complaint,6,Complaint_10,train
5067,የጓደኛዬ ውሳኔ ትክክል ነው።,Assertion,1,Assertion_12,train
5068,ማስጠንቀቂያ፣ ሪፖርቱን በዚህ ሳምንት ካላቀረብክ ቅጣት አለ።,Warning,4,Warning_05,train
5069,አዎ፣ ቦታው ነፃ ነው... በጣም ምቹ!,Sarcasm/Irony,5,Sarcasm/Irony_08,train
5070,እባክዎ ውሳኔውን አሁን ይላኩልኝ።,Request,0,Request_04,train
5071,ተጠንቀቅ፣ ውሉን በሚቀጥለው ወር ካልፈረምክ ህጋዊ ችግር ይፈጥራል።,Warning,4,Warning_04,val
5072,ማስጠንቀቂያ፣ ክፍያውን በሚቀጥለው ሳምንት ካላደረግክ አገልግሎት ይቋረጣል።,Warning,4,Warning_03,train
5073,ለቤተሰቤ በዚህ ወር እደውላለሁ።,Promise,8,Promise_10,train
5074,አይ፣ ክፍያውን አሁን ማድረግ አልችልም።,Refusal,2,Refusal_07,val
5075,እባክሽ ምግቡን በሚቀጥለው ወር አዘጋጅልኝ።,Request,0,Request_13,train
5076,እባክዎ ሰነዱን ለደንበኛው በዚህ አመት ይላኩልኝ።,Request,0,Request_11,val
5077,እርግጥ ነው፣ ምግቡ ዝግጁ ነው... በጣም ጣፋጭ!,Sarcasm/Irony,5,Sarcasm/Irony_09,test
5078,እባክሽ ስራውን ዛሬ ማታ አምጪልኝ።,Request,0,Request_05,train
5079,የትዕዛዙ ጥራት ዝቅተኛ ነው።,Complaint,6,Complaint_11,val
5080,ጤና ይስጥልኝ፣ ቤተሰብ እንዴት ናቸው?,Phatic,7,Phatic_06,train
5081,መጽሐፉን በዚህ አመት አመልሳለሁ።,Promise,8,Promise_09,train
5082,እባክዎ ስጦታውን በዚህ አመት ያድርሱልኝ።,Request,0,Request_06,train
5083,የአገልግሎቱ ችግር ከሰኞ ጀምሮ አልተፈታም።,Complaint,6,Complaint_02,val
5084,ነጋዴው፣ ስራ በሆቴል እንዴት ነው?,Phatic,7,Phatic_00,train
5085,አልችልም፣ መጽሐፉን በዚህ ወር ማድረስ አልቻልኩም።,Refusal,2,Refusal_00,test
5086,አዎ፣ ስጦታው ደርሷል... በጣም ጥሩ!,Sarcasm/Irony,5,Sarcasm/Irony_06,train
5087,ይቅርታ፣ ለፖሊሱ መጥራት አልችልም።,Refusal,2,Refusal_11,train
5088,እንደሚመስለኝ ትዕዛዙን ነገ ማታ ማጠናቀቅ ይሻላል።,Suggestion,3,Suggestion_04,train
5089,የኮንትራቱ ችግር ከረቡዕ ጀምሮ ከሰራተኛው ጋር እፈታለሁ።,Assertion,1,Assertion_00,val
5090,እርግጥ ነው፣ ውሳኔው ትክክል ነው... በጣም ጥሩ!,Sarcasm/Irony,5,Sarcasm/Irony_11,test
5091,የፋይሉ ዋጋ ተቀይሯል።,Assertion,1,Assertion_09,train
5092,ጤና ይስጥልኝ፣ አጋሬ እንዴት ነው?,Phatic,7,Phatic_10,train
5093,እባክዎ ቦታውን አሁን ያስይዙልኝ።,Request,0,Request_12,train
5094,መረጃው አሁን አልደረሰኝም።,Complaint,6,Complaint_06,test
5095,ይቅርታ፣ ለደንበኛው መጥራት አልችልም።,Refusal,2,Refusal_11,train
5096,ጤና ይስጥልኝ፣ ቤተሰብ እንዴት ናቸው?,Phatic,7,Phatic_06,test
5097,ትዕዛዙ ነገ ተጠናቀቀ።,Assertion,1,Assertion_02,val
5098,ሰላም ነው?,Phatic,7,Phatic_04,train
5099,መጽሐፉ በፍጥነት ደረሰ።,Assertion,1,Assertion_11,train
5100,አይደለም፣ ውሉን በሚቀጥለው ሳምንት ማረጋገጥ አልችልም።,Refusal,2,Refusal_04,train
5101,ክፍያውን በዚህ ሳምንት አደርጋለሁ።,Promise,8,Promise_03,train
5102,ሰላም ነው?,Phatic,7,Phatic_04,train
5103,ማስጠንቀቂያ፣ መረጃውን ካላጋራህ ችግር ይፈጥራል።,Warning,4,Warning_07,val
5104,ሀሳቤ መረጃውን ለደንበኛው ማጋራት ነው።,Suggestion,3,Suggestion_11,train
5105,ጤና ይስጥልኝ፣ ስራ እንዴት ነው?,Phatic,7,Phatic_02,train
5106,ውሉን በሚቀጥለው ወር እፈርማለሁ።,Promise,8,Promise_04,train
5107,ጤና ይስጥልኝ፣ አስተዳዳሪው እንዴት ነው?,Phatic,7,Phatic_10,val
5108,ምክሬ ሸቀጡን አሁን ማረጋገጥ ነው።,Suggestion,3,Suggestion_03,train
5109,ተጠንቀቅ፣ ውሉን ነገ ማታ ካልፈረምክ ህጋዊ ችግር ይፈጥራል።,Warning,4,Warning_04,val
5110,መረጃው አሁን አልደረሰኝም።,Complaint,6,Complaint_06,val
5111,ተጠንቀቅ፣ መጽሐፉን በዚህ አመት ካላመለስክ ቅጣት አለ።,Warning,4,Warning_10,test
5112,እርግጥ ነው፣ ሪፖርቱ ዝግጁ ነው... በጣም ፈጣን!,Sarcasm/Irony,5,Sarcasm/Irony_05,train
5113,ለሰራተኛው አሁን አልደወሉልኝም።,Complaint,6,Complaint_14,test
5114,ለጓደኛዬ በዚህ ሳምንት እደውላለሁ።,Promise,8,Promise_10,train
5115,ተጠንቀቅ፣ መጽሐፉን ዛሬ ጠዋት ካላመለስክ ቅጣት አለ።,Warning,4,Warning_10,val
5116,ስጦታው ገና ወደ ፍርድ ቤት በሚቀጥለው ወር አልደረሰኝም።,Complaint,6,Complaint_00,train
5117,አዎ፣ ለወንድሜ ላክኩት... በጣም ጥሩ!,Sarcasm/Irony,5,Sarcasm/Irony_02,train
5118,ይቅርታ፣ ለእናቴ መላክ አልችልም።,Refusal,2,Refusal_05,train
5119,ሰላም ነው ወንድሜ?,Phatic,7,Phatic_11,val
5120,ጤና ይስጥልኝ፣ ስራ እንዴት ነው?,Phatic,7,Phatic_02,val
5121,እባክዎ ውሉን ለእናቴ ዛሬ ማታ ይላኩልኝ።,Request,0,Request_02,val
5122,አይ፣ አሁን ስራው ማድረግ አልችልም።,Refusal,2,Refusal_01,val
5123,ተጠንቀቅ፣ መጽሐፉን በሚቀጥለው ቀን ካላመለስክ ቅጣት አለ።,Warning,4,Warning_10,train
5124,እባክሽ ሰነዱን ዛሬ ማታ አምጪልኝ።,Request,0,Request_05,train
5125,የጓደኛችን አገልግሎት መጥፎ ነው።,Complaint,6,Complaint_10,train
5126,እርግጥ ነው፣ ውሳኔው ትክክል ነው... በጣም ጥሩ!,Sarcasm/Irony,5,Sarcasm/Irony_11,train
5127,የፓኬጁ ችግር ከምሽቱ ጀምሮ አልተፈታም።,Complaint,6,Complaint_02,test
5128,እባክዎ ሸቀጡን ለደንበኛው ነገ ይላኩልኝ።,Request,0,Request_11,val
5129,ተጠንቀቅ፣ ለጓደኛዋ ካልላክ ችግር ይፈጥራል።,Warning,4,Warning_02,train
5130,ክፍያው አሁን አልተከፈለም።,Complaint,6,Complaint_03,train
5131,እንደኔ ሀሳብ አገልግሎቱን ዛሬ ጠዋት መላክ ይሻላል።,Suggestion,3,Suggestion_01,test
5132,ነጋዴው፣ ስራ በዩኒቨርሲቲ እንዴት ነው?,Phatic,7,Phatic_00,val
5133,ይቅርታ፣ መረጃውን ማጋራት አልችልም።,Refusal,2,Refusal_08,train
5134,ሰላም ነው ወንድሜ?,Phatic,7,Phatic_11,test
5135,ጤና ይስጥልኝ፣ ዛሬ እንዴት ነው?,Phatic,7,Phatic_13,train
5136,ጤና ይስጥልኝ፣ ቤተሰብ እንዴት ናቸው?,Phatic,7,Phatic_06,train
5137,እባክዎ ስራውን አሁን ይላኩልኝ።,Request,0,Request_04,train
5138,ማስጠንቀቂያ፣ ምግቡን ነገ ማታ ካላዘጋጀህ ችግር ይፈጥራል።,Warning,4,Warning_09,train
5139,እባክዎ ውሉን በሚቀጥለው ቀን ይላኩልኝ።,Request,0,Request_00,train
5140,ውሉን ዛሬ እፈርማለሁ።,Promise,8,Promise_04,train
5141,ሪፖርቱ ዝግጁ ነው።,Assertion,1,Assertion_08,val
5142,አልቻልኩም፣ ስጦታውን በቅርቡ ማምጣት አልቻልኩም።,Refusal,2,Refusal_06,val
5143,ነጋዴው፣ ስራ እንዴት እየሄደ ነው?,Phatic,7,Phatic_14,train
5144,የባልደረባዬ ውሳኔ ትክክል ነው።,Assertion,1,Assertion_12,train
5145,ጤና ይስጥልኝ፣ አባቴ እንዴት ነው?,Phatic,7,Phatic_10,train
5146,አዎ፣ ለባልደረባዬ ደውያለሁ... በጣም ቀላል!,Sarcasm/Irony,5,Sarcasm/Irony_14,train
5147,አዎ፣ ለወንድሜ ላክኩት... በጣም ጥሩ!,Sarcasm/Irony,5,Sarcasm/Irony_02,train
5148,ቦታው በዚህ ወር አልተያዘም።,Complaint,6,Complaint_07,val
5149,እባክዎ ውሉን ለአጋሬ በሚቀጥለው ሳምንት ይላኩልኝ።,Request,0,Request_02,val
5150,የትዕዛዙ ችግር ከዛሬ ጀምሮ ከጓደኛዋ ጋር እፈታለሁ።,Promise,8,Promise_00,test
5151,ስራው ዛሬ አልተጠናቀቀም።,Complaint,6,Complaint_12,train
5152,ይሻላል ክፍያውን አሁን ማድረግ።,Suggestion,3,Suggestion_08,val
5153,አዎ፣ ስራው ተጠናቀቀ... በጣም ፈጣን!,Sarcasm/Irony,5,Sarcasm/Irony_12,train
5154,ስጦታው በዚህ ወር ደርሷል።,Assertion,1,Assertion_01,test
5155,አዎ፣ ስራው ተጠናቀቀ... በጣም ፈጣን!,Sarcasm/Irony,5,Sarcasm/Irony_12,val
5156,እባክዎ ሰነዱን ለደንበኛው አሁን ይላኩልኝ።,Request,0,Request_11,train
5157,ውሳኔውን ዛሬ ጠዋት አሳውቃለሁ።,Promise,8,Promise_11,train
5158,ሰላም ነው ወንድሜ?,Phatic,7,Phatic_11,train
5159,ምክሬ ቦታውን አሁን ማስያዝ ነው።,Suggestion,3,Suggestion_09,train
5160,ይቅርታ፣ ለቤተሰቤ መጥራት አልችልም።,Refusal,2,Refusal_11,train
5161,ጤና ይስጥልኝ፣ ስራ እንዴት ነው?,Phatic,7,Phatic_02,train
5162,ሰላም፣ እንዴት ነህ?,Phatic,7,Phatic_01,train
5163,አዎ፣ ቲኬቱን በሚቀጥለው ቀን አደረግኩት... ትክክል ነው!,Sarcasm/Irony,5,Sarcasm/Irony_00,train
5164,ማስጠንቀቂያ፣ ሪፖርቱን ነገ ካላረጋገጥክ ችግር ይፈጥራል።,Warning,4,Warning_13,train
5165,መረጃው አሁን አልደረሰኝም።,Complaint,6,Complaint_06,test
5166,ስጦታውን በዚህ ሳምንት አደርሳለሁ።,Promise,8,Promise_01,train
5167,እባክዎ ስጦታውን ነገ ማታ ያድርሱልኝ።,Request,0,Request_06,train
5168,እባክዎ ውሉን ለጓደኛችን ነገ ማታ ይላኩልኝ።,Request,0,Request_02,train
5169,ተጠንቀቅ፣ ስጦታውን አሁን ካላመጣህ ችግር ይፈጥራል።,Warning,4,Warning_06,train
5170,ማስጠንቀቂያ፣ ምግቡን በቅርቡ ካላዘጋጀህ ችግር ይፈጥራል።,Warning,4,Warning_09,train
5171,ጤና ይስጥልኝ፣ ዛሬ እንዴት ነው?,Phatic,7,Phatic_13,val
5172,ሰላም ነው?,Phatic,7,Phatic_04,train
5173,ትዕዛዙ ዛሬ ጠዋት አልደረሰኝም።,Complaint,6,Complaint_01,train
5174,የአለቃዬ አገልግሎት መጥፎ ነው።,Complaint,6,Complaint_10,train
5175,ምክሬ መልእክቱን አሁን ማረጋገጥ ነው።,Suggestion,3,Suggestion_03,train
5176,ተጠንቀቅ፣ ስጦታውን በሚቀጥለው ወር ካላመጣህ ችግር ይፈጥራል።,Warning,4,Warning_06,train
5177,እንደሚመስለኝ ትዕዛዙን በዚህ ሳምንት ማጠናቀቅ ይሻላል።,Suggestion,3,Suggestion_04,val
5178,ክፍያው ተከፍሏል።,Assertion,1,Assertion_05,val
5179,ውሳኔውን ዛሬ ጠዋት አሳውቃለሁ።,Promise,8,Promise_11,train
5180,ሰላም ነው?,Phatic,7,Phatic_04,test
5181,አይደለም፣ ውሉን ነገ ጠዋት ማረጋገጥ አልችልም።,Refusal,2,Refusal_04,train
5182,እባክዎ ፋይሉን አሁን ይላኩልኝ።,Request,0,Request_04,train
5183,ስጦታው ዛሬ ደርሷል።,Assertion,1,Assertion_01,train
5184,የስጦታው ጥራት ዝቅተኛ ነው።,Complaint,6,Complaint_11,val
5185,ቦታው ነፃ ነው።,Assertion,1,Assertion_10,train
5186,ነጋዴው፣ ስራ እንዴት እየሄደ ነው?,Phatic,7,Phatic_14,train
5187,ይቅርታ፣ ትዕዛዙን በዚህ ወር መላክ አልችልም።,Refusal,2,Refusal_02,test
5188,እንደምን አደረሽ?,Phatic,7,Phatic_09,train
5189,አልቻልኩም፣ ስጦታውን በፍጥነት ማምጣት አልቻልኩም።,Refusal,2,Refusal_06,train
5190,ሰላም፣ ስራ በሬስቶራንት እንዴት ነው?,Phatic,7,Phatic_08,train
5191,አልፈልግም፣ ውሉን አልቀበልም።,Refusal,2,Refusal_03,train
5192,የሰነዱ ችግር ከዛሬ ጀምሮ ከአለቃዬ ጋር እፈታለሁ።,Assertion,1,Assertion_00,train
5193,ስራውን ዛሬ አጠናቅቃለሁ።,Promise,8,Promise_12,test
5194,ውሉ በሚቀጥለው ቀን ተፈርሟል።,Assertion,1,Assertion_07,test
5195,ቦታው ነፃ ነው።,Assertion,1,Assertion_10,train
5196,ምናልባት ትዕዛዙን ዛሬ ማታ ማድረግ ይሻላል።,Suggestion,3,Suggestion_00,train
5197,የቦታው ሁኔታ ጥሩ ነው።,Assertion,1,Assertion_03,train
5198,አዎ፣ ስጦታው ደርሷል... በጣም ጥሩ!,Sarcasm/Irony,5,Sarcasm/Irony_06,test
5199,እርግጥ ነው፣ ቦታው ጥሩ ነው... በጣም ጥሩ!,Sarcasm/Irony,5,Sarcasm/Irony_13,train
5200,ስራው ነገ ማታ ተጀምሯል።,Assertion,1,Assertion_13,train
5201,እንደሚመስለኝ ስጦታውን በዚህ አመት ማምጣት ይሻላል።,Suggestion,3,Suggestion_10,train
5202,አዎ፣ ስራው ተጠናቀቀ... በጣም ፈጣን!,Sarcasm/Irony,5,Sarcasm/Irony_12,train
5203,የቲኬቱ ዋጋ ተቀይሯል።,Assertion,1,Assertion_09,train
5204,እርግጥ ነው፣ ሪፖርቱ ዝግጁ ነው... በጣም ፈጣን!,Sarcasm/Irony,5,Sarcasm/Irony_05,val
5205,ሀሳቤ መረጃውን ለጓደኛችን ማጋራት ነው።,Suggestion,3,Suggestion_11,train
5206,ጤና ይስጥልኝ፣ ጓደኛዋ እንዴት ነው?,Phatic,7,Phatic_10,train
5207,ምናልባት ቦታውን ዛሬ ማታ ማድረግ ይሻላል።,Suggestion,3,Suggestion_00,train
5208,አዎ፣ መጽሐፉ ተመልሷል... በጣም ቀላል!,Sarcasm/Irony,5,Sarcasm/Irony_10,val
5209,ሪፖርቱ ዝግጁ ነው።,Assertion,1,Assertion_08,train
5210,ማስጠንቀቂያ፣ አገልግሎቱን በሚቀጥለው ቀን ካላረጋገጥክ ችግር ይፈጥራል።,Warning,4,Warning_13,train
5211,ተጠንቀቅ፣ መጽሐፉን ነገ ማታ ካላመለስክ ቅጣት አለ።,Warning,4,Warning_10,train
5212,እርግጥ ነው፣ ትዕዛዙ ዛሬ ማታ ተጠናቀቀ... በጣም ፈጣን!,Sarcasm/Irony,5,Sarcasm/Irony_01,train
5213,ትዕዛዙ በቅርቡ አልደረሰኝም።,Complaint,6,Complaint_01,train
5214,ምግቡ ነገ ጠዋት አልደረሰኝም።,Complaint,6,Complaint_08,train
5215,ስራው ነገ ጠዋት አልተጠናቀቀም።,Complaint,6,Complaint_12,train
5216,ነጋዴው፣ ዛሬ እንዴት ነው?,Phatic,7,Phatic_07,train
5217,ሪፖርቱ በፍጥነት አልቀረበም።,Complaint,6,Complaint_05,train
5218,ምናልባት ትዕዛዙን ዛሬ ጠዋት ማድረግ ይሻላል።,Suggestion,3,Suggestion_00,test
5219,እንደምን አደርክ?,Phatic,7,Phatic_03,train
5220,እባክሽ ደብዳቤውን ዛሬ ማታ አምጪልኝ።,Request,0,Request_05,train
5221,ስጦታውን ነገ ጠዋት አደርሳለሁ።,Promise,8,Promise_01,val
5222,ይሻላል ውሳኔውን አሁን ማሳወቅ።,Suggestion,3,Suggestion_14,test
5223,ሰላም ነው?,Phatic,7,Phatic_04,train
5224,እርግጥ ነው፣ ምግቡ ዝግጁ ነው... በጣም ጣፋጭ!,Sarcasm/Irony,5,Sarcasm/Irony_09,test
5225,ውሉ ነገ ማታ ተፈርሟል።,Assertion,1,Assertion_07,train
5226,ይቅርታ፣ ትዕዛዙን ነገ ማታ መላክ አልችልም።,Refusal,2,Refusal_02,train
5227,ምግቡን ነገ ማታ አዘጋጃለሁ።,Promise,8,Promise_08,val
5228,ምናልባት ለቤተሰቤ መደወል ይሻላል።,Suggestion,3,Suggestion_06,val
5229,እርግጥ ነው፣ ክፍያው ጥሩ ነው... በጣም ጥሩ!,Sarcasm/Irony,5,Sarcasm/Irony_13,train
5230,የፋይሉ ሁኔታ ጥሩ ነው።,Assertion,1,Assertion_03,test
5231,ውሉን በዚህ አመት እፈርማለሁ።,Promise,8,Promise_04,train
5232,አልቻልኩም፣ ስጦታውን አሁን ማምጣት አልቻልኩም።,Refusal,2,Refusal_06,train
5233,አይ፣ መጽሐፉን ማበደር አልችልም።,Refusal,2,Refusal_13,train
5234,ማስጠንቀቂያ፣ ትዕዛዙን በፍጥነት ካላጠናቀቅክ ቅጣት አለ።,Warning,4,Warning_01,train
5235,ሪፖርቱን በፍጥነት አቀርባለሁ።,Promise,8,Promise_05,train
5236,አይደለም፣ ውሉን በዚህ ሳምንት ማረጋገጥ አልችልም።,Refusal,2,Refusal_04,train
5237,ማስጠንቀቂያ፣ ውሳኔውን በፍጥነት ካላሳወቅክ ችግር ይፈጥራል።,Warning,4,Warning_11,val
5238,ጤና ይስጥልኝ፣ ዛሬ እንዴት ነው?,Phatic,7,Phatic_13,test
5239,ይሻላል ውሳኔውን ዛሬ ማሳወቅ።,Suggestion,3,Suggestion_14,val
5240,መጽሐፉን ዛሬ አመልሳለሁ።,Promise,8,Promise_09,test
5241,ትዕዛዙ በዚህ ሳምንት ተጠናቀቀ።,Assertion,1,Assertion_02,train
5242,እርግጥ ነው፣ ትዕዛዙ ነገ ጠዋት ተጠናቀቀ... በጣም ፈጣን!,Sarcasm/Irony,5,Sarcasm/Irony_01,train
5243,ተጠንቀቅ፣ ለአስተዳዳሪው ካልደወልክ ችግር ይፈጥራል።,Warning,4,Warning_12,train
5244,ሀሳቤ ውሉን አሁን መፈረም ነው።,Suggestion,3,Suggestion_05,train
5245,ውሉ ነገ ማታ ተፈርሟል።,Assertion,1,Assertion_07,train
5246,አዎ፣ ቲኬቱን ዛሬ ጠዋት አደረግኩት... ትክክል ነው!,Sarcasm/Irony,5,Sarcasm/Irony_00,val
5247,ይሻላል ስጦታውን ለአስተዳዳሪው ማሳወቅ።,Suggestion,3,Suggestion_02,train
5248,ውሳኔው ዛሬ አልተሰጠም።,Complaint,6,Complaint_13,train
5249,እባክዎ ሪፖርቱን በዚህ ሳምንት ይላኩልኝ።,Request,0,Request_10,train
5250,ሪፖርቱ በዚህ ወር አልቀረበም።,Complaint,6,Complaint_05,val
5251,ጤና ይስጥልኝ፣ ስራ እንዴት ነው?,Phatic,7,Phatic_02,train
5252,ሪፖርቱን በሚቀጥለው ወር አቀርባለሁ።,Promise,8,Promise_05,train
5253,ይቅርታ፣ ትዕዛዙን በሚቀጥለው ወር መላክ አልችልም።,Refusal,2,Refusal_02,train
5254,ተጠንቀቅ፣ ስጦታውን በሚቀጥለው ቀን ካላመጣህ ችግር ይፈጥራል።,Warning,4,Warning_06,val
5255,ይቅርታ፣ ውሳኔውን በቅርቡ ማሳወቅ አልችልም።,Refusal,2,Refusal_14,test
5256,የቦታው ችግር ከሰኞ ጀምሮ ከአጋሬ ጋር እፈታለሁ።,Assertion,1,Assertion_00,train
5257,አይ፣ አሁን መልእክቱ ማድረግ አልችልም።,Refusal,2,Refusal_01,train
5258,እባክዎ ትዕዛዙን ለቤተሰቤ ነገ ማታ ይላኩልኝ።,Request,0,Request_03,train
5259,ክፍያውን በሚቀጥለው ሳምንት አደርጋለሁ።,Promise,8,Promise_03,val
5260,አዎ፣ መጽሐፉ ተመልሷል... በጣም ቀላል!,Sarcasm/Irony,5,Sarcasm/Irony_10,train
5261,ቦታው በዚህ ወር አልተያዘም።,Complaint,6,Complaint_07,train
5262,ቦታው ነፃ ነው።,Assertion,1,Assertion_10,train
5263,ምናልባት ምግቡን ዛሬ ማዘጋጀት ይሻላል።,Suggestion,3,Suggestion_12,train
5264,ተጠንቀቅ፣ ስጦታውን በሚቀጥለው ቀን ካላደረግክ ችግር ይፈጥራል።,Warning,4,Warning_00,val
5265,የጓደኛችን ስራ በባንክ ጥሩ ነው።,Assertion,1,Assertion_06,train
5266,እንደምን አደርክ?,Phatic,7,Phatic_03,train
5267,መረጃው በሚቀጥለው ሳምንት አልደረሰኝም።,Complaint,6,Complaint_06,train
5268,ውሳኔውን ዛሬ ማታ አሳውቃለሁ።,Promise,8,Promise_11,val
5269,ውሳኔው ዛሬ አልተሰጠም።,Complaint,6,Complaint_13,train
5270,ሰላም፣ እንዴት ነህ?,Phatic,7,Phatic_01,train
5271,ጤና ይስጥልኝ፣ ዛሬ እንዴት ነው?,Phatic,7,Phatic_13,train
5272,ስራው በዚህ ሳምንት አልተጠናቀቀም።,Complaint,6,Complaint_12,val
5273,ነጋዴው፣ ስራ እንዴት እየሄደ ነው?,Phatic,7,Phatic_14,train
5274,እባክዎ ስጦታውን በሚቀጥለው ወር ያድርሱልኝ።,Request,0,Request_06,train
5275,ሰላም ነው ወንድሜ?,Phatic,7,Phatic_11,test
5276,አልችልም፣ ደብዳቤውን በቅርቡ ማድረስ አልቻልኩም።,Refusal,2,Refusal_00,train
5277,እንዴት ነሽ?,Phatic,7,Phatic_05,train
5278,ሪፖርቱን በሚቀጥለው ወር አቀርባለሁ።,Promise,8,Promise_05,train
5279,የኮንትራቱ ችግር ከሐሙስ ጀምሮ አልተፈታም።,Complaint,6,Complaint_02,train
5280,ውሳኔውን በሚቀጥለው ሳምንት አሳውቃለሁ።,Promise,8,Promise_11,test
5281,ውሉን በዚህ አመት እፈርማለሁ።,Promise,8,Promise_04,train
5282,ምክሬ ቦታውን አሁን ማስያዝ ነው።,Suggestion,3,Suggestion_09,train
5283,አይ፣ መጽሐፉን ማበደር አልችልም።,Refusal,2,Refusal_13,train
5284,ሪፖርቱ ዝግጁ ነው።,Assertion,1,Assertion_08,train
5285,አዎ፣ ቦታው ነፃ ነው... በጣም ምቹ!,Sarcasm/Irony,5,Sarcasm/Irony_08,train
5286,አልፈልግም፣ ውሳኔውን አልቀበልም።,Refusal,2,Refusal_03,train
5287,አልችልም፣ ደብዳቤውን ነገ ጠዋት ማድረስ አልቻልኩም።,Refusal,2,Refusal_00,train
5288,ለእናቴ በሚቀጥለው ቀን እደውላለሁ።,Promise,8,Promise_10,train
5289,እባክዎ መረጃውን በሚቀጥለው ሳምንት ይላኩልኝ።,Request,0,Request_07,train
5290,የስራው ችግርን በሚቀጥለው ሳምንት እፈታለሁ።,Promise,8,Promise_14,train
5291,ጤና ይስጥልኝ፣ ስራ እንዴት ነው?,Phatic,7,Phatic_02,val
5292,ክፍያውን በዚህ ሳምንት አደርጋለሁ።,Promise,8,Promise_03,test
5293,ይሻላል ክፍያውን ለደንበኛው ማሳወቅ።,Suggestion,3,Suggestion_02,train
5294,መጽሐፉ ነገ ማታ አልደረሰኝም።,Complaint,6,Complaint_09,val
5295,የቲኬቱ ሁኔታ ጥሩ ነው።,Assertion,1,Assertion_03,train
5296,እባክዎ መጽሐፉን ነገ ማታ ይላኩልኝ።,Request,0,Request_14,val
5297,እባክሽ ምግቡን በሚቀጥለው ወር አዘጋጅልኝ።,Request,0,Request_13,test
5298,ስራው ነገ አልተጠናቀቀም።,Complaint,6,Complaint_12,train
5299,ጤና ይስጥልኝ፣ ቤተሰብ እንዴት ናቸው?,Phatic,7,Phatic_06,train
5300,ውሉን በዚህ ወር እፈርማለሁ።,Promise,8,Promise_04,train
5301,ስጦታው ገና ወደ ቤት በሚቀጥለው ቀን አልደረሰኝም።,Complaint,6,Complaint_00,train
5302,ክፍያው ተከፍሏል።,Assertion,1,Assertion_05,train
5303,አልፈልግም፣ ውሳኔውን አልቀበልም።,Refusal,2,Refusal_03,train
5304,ይቅርታ፣ ትዕዛዙን በዚህ ወር መላክ አልችልም።,Refusal,2,Refusal_02,test
5305,የፋይሉ ጥራት ዝቅተኛ ነው።,Complaint,6,Complaint_11,train
5306,አዎ፣ መጽሐፉን በፍጥነት አደረግኩት... ትክክል ነው!,Sarcasm/Irony,5,Sarcasm/Irony_00,test
5307,እባክዎ ክፍያውን በሚቀጥለው ቀን ያረጋግጡልኝ።,Request,0,Request_08,train
5308,ነጋዴው፣ ዛሬ እንዴት ነው?,Phatic,7,Phatic_07,test
5309,አልችልም፣ ሸቀጡን ዛሬ ማድረስ አልቻልኩም።,Refusal,2,Refusal_00,train
5310,ቦታውን በቅርቡ አስይዛለሁ።,Promise,8,Promise_07,val
5311,ይቅርታ፣ ትዕዛዙን ነገ ማታ መላክ አልችልም።,Refusal,2,Refusal_02,train
5312,እርግጥ ነው፣ ኮንትራቱ ጥሩ ነው... በጣም ጥሩ!,Sarcasm/Irony,5,Sarcasm/Irony_13,train
5313,አዎ፣ ቦታው ነፃ ነው... በጣም ምቹ!,Sarcasm/Irony,5,Sarcasm/Irony_08,train
5314,መረጃውን ዛሬ ማታ እላካለሁ።,Promise,8,Promise_06,val
5315,ተጠንቀቅ፣ ውሉን ዛሬ ካልፈረምክ ህጋዊ ችግር ይፈጥራል።,Warning,4,Warning_04,train
5316,መረጃውን ዛሬ ማታ እላካለሁ።,Promise,8,Promise_06,test
5317,ውሳኔው ነገ ጠዋት አልተሰጠም።,Complaint,6,Complaint_13,test
5318,የትዕዛዙ ችግር ከትናንት ጀምሮ ከአለቃዬ ጋር እፈታለሁ።,Assertion,1,Assertion_00,val
5319,ማስጠንቀቂያ፣ መረጃውን ካላጋራህ ችግር ይፈጥራል።,Warning,4,Warning_07,val
5320,እባክሽ ደብዳቤውን በሚቀጥለው ቀን አምጪልኝ።,Request,0,Request_09,train
5321,የስጦታው ሁኔታ ጥሩ ነው።,Assertion,1,Assertion_03,train
5322,ተጠንቀቅ፣ ክፍያውን በቅርቡ ካላደረግክ ችግር ይፈጥራል።,Warning,4,Warning_00,val
5323,ይሻላል ክፍያውን በሚቀጥለው ቀን ማድረግ።,Suggestion,3,Suggestion_08,train
5324,ተጠንቀቅ፣ መጽሐፉን በሚቀጥለው ቀን ካላመለስክ ቅጣት አለ።,Warning,4,Warning_10,train
5325,እንደኔ ሀሳብ ሸቀጡን በሚቀጥለው ቀን መላክ ይሻላል።,Suggestion,3,Suggestion_01,train
5326,እባክዎ ውሉን ለአጋሬ በቅርቡ ይላኩልኝ።,Request,0,Request_02,train
5327,አዎ፣ ውሉ ተፈርሟል... በጣም ቀላል ነበር!,Sarcasm/Irony,5,Sarcasm/Irony_04,train
5328,ማስጠንቀቂያ፣ መረጃውን ካላጋራህ ችግር ይፈጥራል።,Warning,4,Warning_07,test
5329,ተጠንቀቅ፣ ፓኬጁን በዚህ ሳምንት ካላደረግክ ችግር ይፈጥራል።,Warning,4,Warning_00,train
5330,ጤና ይስጥልኝ፣ ስራ እንዴት ነው?,Phatic,7,Phatic_02,train
5331,እባክሽ ደብዳቤውን ነገ ጠዋት አምጪልኝ።,Request,0,Request_09,train
5332,ስራው ዛሬ ተጀምሯል።,Assertion,1,Assertion_13,val
5333,ለቤተሰቤ በዚህ ወር አልደወሉልኝም።,Complaint,6,Complaint_14,train
5334,ተጠንቀቅ፣ ለፖሊሱ ካልደወልክ ችግር ይፈጥራል።,Warning,4,Warning_12,train
5335,ሰላም ነው ወንድሜ?,Phatic,7,Phatic_11,train
5336,አዎ፣ ለቤተሰቤ ላክኩት... በጣም ጥሩ!,Sarcasm/Irony,5,Sarcasm/Irony_02,val
5337,ክፍያው በዚህ አመት አልተከፈለም።,Complaint,6,Complaint_03,train
5338,እባክዎ መረጃውን ነገ ጠዋት ይላኩልኝ።,Request,0,Request_07,train
5339,አዎ፣ ቦታው ነፃ ነው... በጣም ምቹ!,Sarcasm/Irony,5,Sarcasm/Irony_08,train
5340,ስራውን በሚቀጥለው ሳምንት አረጋግጣለሁ።,Promise,8,Promise_13,train
5341,እባክሽ ፓኬጁን በዚህ ወር አምጪልኝ።,Request,0,Request_01,train
5342,ትዕዛዙ በሚቀጥለው ሳምንት ተጠናቀቀ።,Assertion,1,Assertion_02,train
5343,ምግቡ ነገ አልደረሰኝም።,Complaint,6,Complaint_08,train
5344,ተጠንቀቅ፣ ስጦታውን ዛሬ ማታ ካላመጣህ ችግር ይፈጥራል።,Warning,4,Warning_06,train
5345,ስጦታው ነገ ማታ ደርሷል።,Assertion,1,Assertion_01,test
5346,መረጃውን ነገ እላካለሁ።,Promise,8,Promise_06,val
5347,ክፍያው ተከፍሏል።,Assertion,1,Assertion_05,train
5348,መጽሐፉን ዛሬ ጠዋት አመልሳለሁ።,Promise,8,Promise_09,train
5349,እባክዎ መጽሐፉን በፍጥነት ይላኩልኝ።,Request,0,Request_14,train
5350,ትዕዛዙን በፍጥነት አጠናቅቃለሁ።,Promise,8,Promise_02,test
5351,እንደኔ ሀሳብ መጽሐፉን ዛሬ ጠዋት ማንበብ ይሻላል።,Suggestion,3,Suggestion_13,train
5352,ክፍያው ተከፍሏል።,Assertion,1,Assertion_05,train
5353,የስጦታው ችግርን አሁን እፈታለሁ።,Promise,8,Promise_14,train
5354,አዎ፣ ስጦታው ደርሷል... በጣም ጥሩ!,Sarcasm/Irony,5,Sarcasm/Irony_06,val
5355,ተጠንቀቅ፣ ቦታውን በዚህ አመት ካላስያዝክ ይያዛል።,Warning,4,Warning_08,train
5356,መረጃውን በሚቀጥለው ቀን እላካለሁ።,Promise,8,Promise_06,train
5357,ተጠንቀቅ፣ ቦታውን በዚህ ወር ካላስያዝክ ይያዛል።,Warning,4,Warning_08,val
5358,እባክዎ ትዕዛዙን ለአጋሬ በዚህ አመት ይላኩልኝ።,Request,0,Request_03,train
5359,ሀሳቤ ውሉን ዛሬ መፈረም ነው።,Suggestion,3,Suggestion_05,train
5360,እንደሚመስለኝ ትዕዛዙን ዛሬ ማታ ማጠናቀቅ ይሻላል።,Suggestion,3,Suggestion_04,val
5361,አይ፣ መጽሐፉን ማበደር አልችልም።,Refusal,2,Refusal_13,train
5362,እባክሽ መረጃውን ዛሬ ማታ አምጪልኝ።,Request,0,Request_05,train
5363,ጤና ይስጥልኝ፣ ባልደረባዬ እንዴት ነው?,Phatic,7,Phatic_10,train
5364,እባክዎ ስራውን ነገ ጠዋት ይላኩልኝ።,Request,0,Request_00,train
5365,እርግጥ ነው፣ ውሳኔው ትክክል ነው... በጣም ጥሩ!,Sarcasm/Irony,5,Sarcasm/Irony_11,train
5366,ተጠንቀቅ፣ አገልግሎቱን በሚቀጥለው ቀን ካላደረግክ ችግር ይፈጥራል።,Warning,4,Warning_00,train
5367,ማስጠንቀቂያ፣ መጽሐፉን በዚህ አመት ካላረጋገጥክ ችግር ይፈጥራል።,Warning,4,Warning_13,train
5368,ማስጠንቀቂያ፣ ሪፖርቱን በሚቀጥለው ወር ካላቀረብክ ቅጣት አለ።,Warning,4,Warning_05,train
5369,ምግቡን ነገ አዘጋጃለሁ።,Promise,8,Promise_08,test
5370,ይቅርታ፣ ለጓደኛዬ መላክ አልችልም።,Refusal,2,Refusal_05,train
5371,እባክዎ ምግቡን ለደንበኛው ዛሬ ጠዋት ይላኩልኝ።,Request,0,Request_11,train
5372,ይቅርታ፣ ውሳኔውን በሚቀጥለው ወር ማሳወቅ አልችልም።,Refusal,2,Refusal_14,train
5373,እባክዎ አገልግሎቱን ለደንበኛው በቅርቡ ይላኩልኝ።,Request,0,Request_11,train
5374,ምናልባት ቦታውን በሚቀጥለው ወር ማድረግ ይሻላል።,Suggestion,3,Suggestion_00,test
5375,ማስጠንቀቂያ፣ ትዕዛዙን ዛሬ ካላጠናቀቅክ ቅጣት አለ።,Warning,4,Warning_01,train
5376,ተጠንቀቅ፣ ለአስተዳዳሪው ካልደወልክ ችግር ይፈጥራል።,Warning,4,Warning_12,train
5377,ማስጠንቀቂያ፣ ትዕዛዙን በቅርቡ ካላጠናቀቅክ ቅጣት አለ።,Warning,4,Warning_01,test
5378,መረጃው በሚቀጥለው ወር አልደረሰኝም።,Complaint,6,Complaint_06,train
5379,ተጠንቀቅ፣ ለደንበኛው ካልላክ ችግር ይፈጥራል።,Warning,4,Warning_02,test
5380,አዎ፣ ለአባቴ ደውያለሁ... በጣም ቀላል!,Sarcasm/Irony,5,Sarcasm/Irony_14,train
5381,የትዕዛዙ ችግር ከትናንት ጀምሮ ከአባቴ ጋር እፈታለሁ።,Promise,8,Promise_00,train
5382,አልችልም፣ ምግቡን በሚቀጥለው ወር ማዘጋጀት አልቻልኩም።,Refusal,2,Refusal_12,train
5383,ሰላም፣ እንዴት ነህ?,Phatic,7,Phatic_01,train
5384,ተጠንቀቅ፣ መጽሐፉን በሚቀጥለው ሳምንት ካላመለስክ ቅጣት አለ።,Warning,4,Warning_10,train
5385,ምግቡ ነገ ማታ አልደረሰኝም።,Complaint,6,Complaint_08,train
5386,ውሉ ነገ ማታ አልተፈረመም።,Complaint,6,Complaint_04,train
5387,ውሉ ዛሬ ጠዋት ተፈርሟል።,Assertion,1,Assertion_07,train
5388,ስጦታው ገና ወደ ሆቴል ዛሬ አልደረሰኝም።,Complaint,6,Complaint_00,train
5389,የአገልግሎቱ ችግር ከረቡዕ ጀምሮ ከአባቴ ጋር እፈታለሁ።,Assertion,1,Assertion_00,test
5390,ይሻላል ፋይሉን ለጓደኛዋ ማሳወቅ።,Suggestion,3,Suggestion_02,train
5391,ቦታውን ነገ አስይዛለሁ።,Promise,8,Promise_07,train
5392,መረጃው ትክክል ነው።,Assertion,1,Assertion_04,val
5393,መጽሐፉ በሚቀጥለው ሳምንት ደረሰ።,Assertion,1,Assertion_11,val
5394,ተጠንቀቅ፣ ስጦታውን በቅርቡ ካላመጣህ ችግር ይፈጥራል።,Warning,4,Warning_06,train
5395,አልችልም፣ ምግቡን በሚቀጥለው ወር ማዘጋጀት አልቻልኩም።,Refusal,2,Refusal_12,train
5396,እንዴት ነሽ?,Phatic,7,Phatic_05,train
5397,ስጦታው ገና ወደ ሆስፒታል በሚቀጥለው ወር አልደረሰኝም።,Complaint,6,Complaint_00,train
5398,ይቅርታ፣ ለጓደኛችን መላክ አልችልም።,Refusal,2,Refusal_05,train
5399,ምናልባት ለአጋሬ መደወል ይሻላል።,Suggestion,3,Suggestion_06,train
5400,እንደምን አደርክ?,Phatic,7,Phatic_03,test
5401,ይሻላል ክፍያውን በዚህ አመት ማድረግ።,Suggestion,3,Suggestion_08,train
5402,እንደምን አደርክ?,Phatic,7,Phatic_03,train
5403,ተጠንቀቅ፣ ውሉን በፍጥነት ካልፈረምክ ህጋዊ ችግር ይፈጥራል።,Warning,4,Warning_04,train
5404,አይ፣ ክፍያውን አሁን ማድረግ አልችልም።,Refusal,2,Refusal_07,train
5405,ሪፖርቱ ነገ ማታ አልቀረበም።,Complaint,6,Complaint_05,train
5406,እባክዎ ሪፖርቱን ዛሬ ማታ ይላኩልኝ።,Request,0,Request_10,train
5407,እርግጥ ነው፣ ክፍያው ተከፍሏል... በጣም ቀላል!,Sarcasm/Irony,5,Sarcasm/Irony_03,val
5408,መጽሐፉን ዛሬ ማታ አመልሳለሁ።,Promise,8,Promise_09,test
5409,አዎ፣ ኮንትራቱን በፍጥነት አደረግኩት... ትክክል ነው!,Sarcasm/Irony,5,Sarcasm/Irony_00,train
5410,ጤና ይስጥልኝ፣ ቤተሰብ እንዴት ናቸው?,Phatic,7,Phatic_06,train
5411,ተጠንቀቅ፣ ውሉን ነገ ማታ ካልፈረምክ ህጋዊ ችግር ይፈጥራል።,Warning,4,Warning_04,train
5412,መጽሐፉ በዚህ ሳምንት ደረሰ።,Assertion,1,Assertion_11,val
5413,የእህቴ ውሳኔ ትክክል ነው።,Assertion,1,Assertion_12,train
5414,ሰላም ነው?,Phatic,7,Phatic_04,train
5415,ጤና ይስጥልኝ፣ ስራ እንዴት ነው?,Phatic,7,Phatic_02,test
5416,ተጠንቀቅ፣ ቦታውን በሚቀጥለው ሳምንት ካላስያዝክ ይያዛል።,Warning,4,Warning_08,train
5417,ይቅርታ፣ ትዕዛዙን በሚቀጥለው ወር መላክ አልችልም።,Refusal,2,Refusal_02,train
5418,ስጦታው ገና ወደ ዩኒቨርሲቲ በዚህ ወር አልደረሰኝም።,Complaint,6,Complaint_00,test
5419,አልችልም፣ ትዕዛዙን ዛሬ ጠዋት ማድረስ አልቻልኩም።,Refusal,2,Refusal_00,train
5420,አዎ፣ መጽሐፉ ተመልሷል... በጣም ቀላል!,Sarcasm/Irony,5,Sarcasm/Irony_10,test
5421,እንደኔ ሀሳብ ሪፖርቱን ዛሬ ማቅረብ ይሻላል።,Suggestion,3,Suggestion_07,train
5422,ተጠንቀቅ፣ ቦታውን ዛሬ ጠዋት ካላስያዝክ ይያዛል።,Warning,4,Warning_08,test
5423,ውሉ ነገ አልተፈረመም።,Complaint,6,Complaint_04,train
5424,ክፍያው ዛሬ ጠዋት አልተከፈለም።,Complaint,6,Complaint_03,train
5425,ስጦታውን ዛሬ ጠዋት አደርሳለሁ።,Promise,8,Promise_01,train
5426,ተጠንቀቅ፣ መጽሐፉን በሚቀጥለው ወር ካላመለስክ ቅጣት አለ።,Warning,4,Warning_10,val
5427,እርግጥ ነው፣ ኮንትራቱ ጥሩ ነው... በጣም ጥሩ!,Sarcasm/Irony,5,Sarcasm/Irony_13,train
5428,መረጃው በዚህ ሳምንት አልደረሰኝም።,Complaint,6,Complaint_06,train
5429,አዎ፣ ስራው ተጠናቀቀ... በጣም ፈጣን!,Sarcasm/Irony,5,Sarcasm/Irony_12,test
5430,ቦታውን በሚቀጥለው ሳምንት አስይዛለሁ።,Promise,8,Promise_07,test
5431,ተጠንቀቅ፣ ለጓደኛዬ ካልደወልክ ችግር ይፈጥራል።,Warning,4,Warning_12,train
5432,አዎ፣ ስጦታው ደርሷል... በጣም ጥሩ!,Sarcasm/Irony,5,Sarcasm/Irony_06,train
5433,ምናልባት ለአባቴ መደወል ይሻላል።,Suggestion,3,Suggestion_06,test
5434,ውሉ ነገ ተፈርሟል።,Assertion,1,Assertion_07,train
5435,አልቻልኩም፣ ስጦታውን ዛሬ ጠዋት ማምጣት አልቻልኩም።,Refusal,2,Refusal_06,train
5436,አዎ፣ መልእክቱን በዚህ አመት አደረግኩት... ትክክል ነው!,Sarcasm/Irony,5,Sarcasm/Irony_00,test
5437,ማስጠንቀቂያ፣ አገልግሎቱን ዛሬ ካላረጋገጥክ ችግር ይፈጥራል።,Warning,4,Warning_13,train
5438,ምናልባት ውሉን ነገ ጠዋት ማድረግ ይሻላል።,Suggestion,3,Suggestion_00,test
5439,አይ፣ መጽሐፉን ማበደር አልችልም።,Refusal,2,Refusal_13,train
5440,ማስጠንቀቂያ፣ ሪፖርቱን በፍጥነት ካላቀረብክ ቅጣት አለ።,Warning,4,Warning_05,train
5441,መጽሐፉ ነገ ማታ ደረሰ።,Assertion,1,Assertion_11,test
5442,አዎ፣ ስራው ተጠናቀቀ... በጣም ፈጣን!,Sarcasm/Irony,5,Sarcasm/Irony_12,test
5443,አዎ፣ መጽሐፉ ተመልሷል... በጣም ቀላል!,Sarcasm/Irony,5,Sarcasm/Irony_10,train
5444,እንደሚመስለኝ ትዕዛዙን በሚቀጥለው ቀን ማጠናቀቅ ይሻላል።,Suggestion,3,Suggestion_04,train
5445,የጓደኛዋ ስራ በሆስፒታል ጥሩ ነው።,Assertion,1,Assertion_06,train
5446,ምናልባት ስጦታውን ዛሬ ማድረግ ይሻላል።,Suggestion,3,Suggestion_00,test
5447,ሰላም፣ ስራ በባንክ እንዴት ነው?,Phatic,7,Phatic_08,test
5448,ምናልባት ምግቡን ዛሬ ጠዋት ማዘጋጀት ይሻላል።,Suggestion,3,Suggestion_12,val
5449,እባክዎ ክፍያውን በፍጥነት ያረጋግጡልኝ።,Request,0,Request_08,test
5450,የውሉ ችግር ከጠዋቱ ጀምሮ ከጓደኛዋ ጋር እፈታለሁ።,Assertion,1,Assertion_00,train
5451,አዎ፣ ስራው ተጠናቀቀ... በጣም ፈጣን!,Sarcasm/Irony,5,Sarcasm/Irony_12,val
5452,ተጠንቀቅ፣ ሪፖርቱን አሁን ካላደረግክ ችግር ይፈጥራል።,Warning,4,Warning_00,val
5453,ተጠንቀቅ፣ ውሉን በዚህ ወር ካልፈረምክ ህጋዊ ችግር ይፈጥራል።,Warning,4,Warning_04,train
5454,የጓደኛዋ ውሳኔ ትክክል ነው።,Assertion,1,Assertion_12,train
5455,ተጠንቀቅ፣ ስጦታውን በዚህ ወር ካላመጣህ ችግር ይፈጥራል።,Warning,4,Warning_06,train
5456,ለባልደረባዬ ዛሬ ማታ እደውላለሁ።,Promise,8,Promise_10,train
5457,የፓኬጁ ዋጋ ተቀይሯል።,Assertion,1,Assertion_09,val
5458,እባክዎ መረጃውን ዛሬ ይላኩልኝ።,Request,0,Request_07,train
5459,ተጠንቀቅ፣ ውሉን በሚቀጥለው ወር ካልፈረምክ ህጋዊ ችግር ይፈጥራል።,Warning,4,Warning_04,train
5460,አዎ፣ ለእናቴ ላክኩት... በጣም ጥሩ!,Sarcasm/Irony,5,Sarcasm/Irony_02,val
5461,መረጃውን ነገ ማታ እላካለሁ።,Promise,8,Promise_06,train
5462,ነጋዴው፣ ዛሬ እንዴት ነው?,Phatic,7,Phatic_07,train
5463,ተጠንቀቅ፣ ቦታውን ዛሬ ካላስያዝክ ይያዛል።,Warning,4,Warning_08,train
5464,እርግጥ ነው፣ ውሳኔው ትክክል ነው... በጣም ጥሩ!,Sarcasm/Irony,5,Sarcasm/Irony_11,val
5465,ምናልባት ምግቡን በሚቀጥለው ሳምንት ማዘጋጀት ይሻላል።,Suggestion,3,Suggestion_12,train
5466,አልችልም፣ ምግቡን በዚህ ሳምንት ማዘጋጀት አልቻልኩም።,Refusal,2,Refusal_12,train
5467,አልችልም፣ ውሳኔውን በቅርቡ ማድረስ አልቻልኩም።,Refusal,2,Refusal_00,train
5468,ሪፖርቱ ዛሬ አልቀረበም።,Complaint,6,Complaint_05,train
5469,ተጠንቀቅ፣ መጽሐፉን በዚህ ሳምንት ካላመለስክ ቅጣት አለ።,Warning,4,Warning_10,train
5470,ማስጠንቀቂያ፣ ሪፖርቱን በሚቀጥለው ቀን ካላቀረብክ ቅጣት አለ።,Warning,4,Warning_05,train
5471,ተጠንቀቅ፣ ውሉን ዛሬ ካልፈረምክ ህጋዊ ችግር ይፈጥራል።,Warning,4,Warning_04,test
5472,እርግጥ ነው፣ ውሳኔው ትክክል ነው... በጣም ጥሩ!,Sarcasm/Irony,5,Sarcasm/Irony_11,train
5473,እባክሽ ደብዳቤውን ዛሬ ማታ አምጪልኝ።,Request,0,Request_09,val
5474,አዎ፣ መረጃውን በቅርቡ አደረግኩት... ትክክል ነው!,Sarcasm/Irony,5,Sarcasm/Irony_00,train
5475,እንደሚመስለኝ ስጦታውን በሚቀጥለው ሳምንት ማምጣት ይሻላል።,Suggestion,3,Suggestion_10,train
5476,ማስጠንቀቂያ፣ መረጃውን ካላጋራህ ችግር ይፈጥራል።,Warning,4,Warning_07,train
5477,ተጠንቀቅ፣ ስራውን ነገ ካላጠናቀቅክ ቅጣት አለ።,Warning,4,Warning_14,train
5478,ተጠንቀቅ፣ ቲኬቱን በፍጥነት ካላደረግክ ችግር ይፈጥራል።,Warning,4,Warning_00,test
5479,መጽሐፉ ዛሬ አልደረሰኝም።,Complaint,6,Complaint_09,train
5480,ማስጠንቀቂያ፣ ትዕዛዙን ዛሬ ማታ ካላረጋገጥክ ችግር ይፈጥራል።,Warning,4,Warning_13,train
5481,እንደሚመስለኝ ትዕዛዙን ዛሬ ጠዋት ማጠናቀቅ ይሻላል።,Suggestion,3,Suggestion_04,train
5482,ምግቡን አሁን አዘጋጃለሁ።,Promise,8,Promise_08,train
5483,ማስጠንቀቂያ፣ ትዕዛዙን ነገ ካላጠናቀቅክ ቅጣት አለ።,Warning,4,Warning_01,train
5484,መጽሐፉን ነገ ማታ አመልሳለሁ።,Promise,8,Promise_09,train
5485,መረጃው በሚቀጥለው ሳምንት አልደረሰኝም።,Complaint,6,Complaint_06,train
5486,አይ፣ መጽሐፉን ማበደር አልችልም።,Refusal,2,Refusal_13,train
5487,ተጠንቀቅ፣ ለእህቴ ካልላክ ችግር ይፈጥራል።,Warning,4,Warning_02,train
5488,አይ፣ አሁን ክፍያው ማድረግ አልችልም።,Refusal,2,Refusal_01,train
5489,እባክዎ ውሉን ለእናቴ በዚህ ሳምንት ይላኩልኝ።,Request,0,Request_02,test
5490,ጤና ይስጥልኝ፣ ቤተሰብ እንዴት ናቸው?,Phatic,7,Phatic_06,train
5491,ይሻላል ክፍያውን በዚህ ሳምንት ማድረግ።,Suggestion,3,Suggestion_08,val
5492,ይቅርታ፣ ለአለቃዬ መጥራት አልችልም።,Refusal,2,Refusal_11,train
5493,ውሉን ዛሬ እፈርማለሁ።,Promise,8,Promise_04,train
5494,እባክሽ ምግቡን አሁን አዘጋጅልኝ።,Request,0,Request_13,test
5495,አዎ፣ መጽሐፉ ተመልሷል... በጣም ቀላል!,Sarcasm/Irony,5,Sarcasm/Irony_10,train
5496,ተጠንቀቅ፣ ስራውን አሁን ካላጠናቀቅክ ቅጣት አለ።,Warning,4,Warning_14,train
5497,ነጋዴው፣ ዛሬ እንዴት ነው?,Phatic,7,Phatic_07,val
5498,እባክዎ ትዕዛዙን ለባልደረባዬ በዚህ አመት ይላኩልኝ።,Request,0,Request_03,train
5499,እርግጥ ነው፣ ትዕዛዙ ነገ ማታ ተጠናቀቀ... በጣም ፈጣን!,Sarcasm/Irony,5,Sarcasm/Irony_01,train
5500,ማስጠንቀቂያ፣ ውሳኔውን በሚቀጥለው ሳምንት ካላሳወቅክ ችግር ይፈጥራል።,Warning,4,Warning_11,train
5501,እባክሽ አገልግሎቱን ነገ አምጪልኝ።,Request,0,Request_01,train
5502,አዎ፣ ቦታው ነፃ ነው... በጣም ምቹ!,Sarcasm/Irony,5,Sarcasm/Irony_08,train
5503,ውሉ በሚቀጥለው ሳምንት ተፈርሟል።,Assertion,1,Assertion_07,train
5504,እባክሽ ምግቡን ዛሬ ጠዋት አዘጋጅልኝ።,Request,0,Request_13,val
5505,አልችልም፣ መጽሐፉን በሚቀጥለው ወር ማድረስ አልቻልኩም።,Refusal,2,Refusal_00,val
5506,እባክዎ ሪፖርቱን በዚህ ወር ይላኩልኝ።,Request,0,Request_10,train
5507,እባክዎ ውሉን ለወንድሜ በሚቀጥለው ወር ይላኩልኝ።,Request,0,Request_02,train
5508,መረጃው ትክክል ነው።,Assertion,1,Assertion_04,val
5509,እንደኔ ሀሳብ ሪፖርቱን በዚህ ወር ማቅረብ ይሻላል።,Suggestion,3,Suggestion_07,train
5510,ለእናቴ አሁን እደውላለሁ።,Promise,8,Promise_10,val
5511,ይቅርታ፣ ለሰራተኛው መጥራት አልችልም።,Refusal,2,Refusal_11,train
5512,ጤና ይስጥልኝ፣ ቤተሰብ እንዴት ናቸው?,Phatic,7,Phatic_06,test
5513,እባክዎ ስጦታውን በቅርቡ ያድርሱልኝ።,Request,0,Request_06,train
5514,የቤተሰቤ ውሳኔ ትክክል ነው።,Assertion,1,Assertion_12,train
5515,የኮንትራቱ ችግር ከሰኞ ጀምሮ ከአስተዳዳሪው ጋር እፈታለሁ።,Assertion,1,Assertion_00,test
5516,ክፍያው በዚህ ወር አልተከፈለም።,Complaint,6,Complaint_03,train
5517,መረጃውን አሁን እላካለሁ።,Promise,8,Promise_06,val
5518,ሪፖርቱ ዝግጁ ነው።,Assertion,1,Assertion_08,val
5519,ተጠንቀቅ፣ ስራውን በሚቀጥለው ወር ካላጠናቀቅክ ቅጣት አለ።,Warning,4,Warning_14,test
5520,ስጦታው ገና ወደ ቤተ መንግስት ዛሬ ጠዋት አልደረሰኝም።,Complaint,6,Complaint_00,train
5521,እንደሚመስለኝ ትዕዛዙን ነገ ጠዋት ማጠናቀቅ ይሻላል።,Suggestion,3,Suggestion_04,val
5522,ማስጠንቀቂያ፣ ውሳኔውን ነገ ማታ ካላሳወቅክ ችግር ይፈጥራል።,Warning,4,Warning_11,train
5523,እባክሽ አገልግሎቱን በሚቀጥለው ወር አምጪልኝ።,Request,0,Request_01,val
5524,የኮንትራቱ ጥራት ዝቅተኛ ነው።,Complaint,6,Complaint_11,train
5525,እባክሽ ክፍያውን ዛሬ ማታ አምጪልኝ።,Request,0,Request_05,train
5526,ጤና ይስጥልኝ፣ ዛሬ እንዴት ነው?,Phatic,7,Phatic_13,val
5527,ትዕዛዙን ዛሬ አጠናቅቃለሁ።,Promise,8,Promise_02,train
5528,ሪፖርቱን አሁን አቀርባለሁ።,Promise,8,Promise_05,train
5529,ማስጠንቀቂያ፣ ኮንትራቱን በቅርቡ ካላረጋገጥክ ችግር ይፈጥራል።,Warning,4,Warning_13,train
5530,እባክዎ መጽሐፉን አሁን ይላኩልኝ።,Request,0,Request_04,train
5531,ማስጠንቀቂያ፣ ክፍያውን በሚቀጥለው ሳምንት ካላደረግክ አገልግሎት ይቋረጣል።,Warning,4,Warning_03,test
5532,እንደምን አደረሽ?,Phatic,7,Phatic_09,test
5533,አልችልም፣ ምግቡን ዛሬ ማታ ማዘጋጀት አልቻልኩም።,Refusal,2,Refusal_12,train
5534,እንዴት ነሽ?,Phatic,7,Phatic_05,test
5535,እባክዎ ሪፖርቱን በዚህ ሳምንት ይላኩልኝ።,Request,0,Request_10,train
5536,ምግቡ ነገ ጠዋት አልደረሰኝም።,Complaint,6,Complaint_08,train
5537,ሰላም፣ ስራ በትምህርት ቤት እንዴት ነው?,Phatic,7,Phatic_08,train
5538,መረጃው ትክክል ነው።,Assertion,1,Assertion_04,train
5539,እባክዎ ስጦታውን ዛሬ ማታ ያድርሱልኝ።,Request,0,Request_06,val
5540,ትዕዛዙ በቅርቡ አልደረሰኝም።,Complaint,6,Complaint_01,train
5541,አይ፣ ክፍያውን አሁን ማድረግ አልችልም።,Refusal,2,Refusal_07,train
5542,እንደኔ ሀሳብ መጽሐፉን በዚህ ወር ማንበብ ይሻላል።,Suggestion,3,Suggestion_13,train
5543,እባክዎ ትዕዛዙን ለሰራተኛው በሚቀጥለው ሳምንት ይላኩልኝ።,Request,0,Request_03,val
5544,ምግቡን በሚቀጥለው ቀን አዘጋጃለሁ።,Promise,8,Promise_08,val
5545,አይ፣ ክፍያውን አሁን ማድረግ አልችልም።,Refusal,2,Refusal_07,train
5546,ይቅርታ፣ ለጓደኛችን መጥራት አልችልም።,Refusal,2,Refusal_11,train
5547,ሰላም ነው ወንድሜ?,Phatic,7,Phatic_11,val
5548,ትዕዛዙን በፍጥነት አጠናቅቃለሁ።,Promise,8,Promise_02,train
5549,አዎ፣ ለእህቴ ደውያለሁ... በጣም ቀላል!,Sarcasm/Irony,5,Sarcasm/Irony_14,test
5550,ምግቡ በዚህ አመት አልደረሰኝም።,Complaint,6,Complaint_08,train
5551,ምናልባት ለፖሊሱ መደወል ይሻላል።,Suggestion,3,Suggestion_06,train
5552,ውሉ በዚህ አመት አልተፈረመም።,Complaint,6,Complaint_04,train
5553,ምግቡን በዚህ ሳምንት አዘጋጃለሁ።,Promise,8,Promise_08,train
5554,አይ፣ አሁን ሰነዱ ማድረግ አልችልም።,Refusal,2,Refusal_01,train
5555,እርግጥ ነው፣ ምግቡ ዝግጁ ነው... በጣም ጣፋጭ!,Sarcasm/Irony,5,Sarcasm/Irony_09,train
5556,ተጠንቀቅ፣ ለጓደኛችን ካልላክ ችግር ይፈጥራል።,Warning,4,Warning_02,val
5557,እርግጥ ነው፣ ሰነዱ ጥሩ ነው... በጣም ጥሩ!,Sarcasm/Irony,5,Sarcasm/Irony_13,train
5558,አይደለም፣ ሪፖርቱን በፍጥነት ማጠናቀቅ አልችልም።,Refusal,2,Refusal_10,train
5559,ጤና ይስጥልኝ፣ ስራ እንዴት ነው?,Phatic,7,Phatic_02,train
5560,እባክዎ ትዕዛዙን ለእናቴ በሚቀጥለው ወር ይላኩልኝ።,Request,0,Request_03,train
5561,መረጃው አሁን አልደረሰኝም።,Complaint,6,Complaint_06,val
5562,ውሳኔው በፍጥነት አልተሰጠም።,Complaint,6,Complaint_13,train
5563,ስራው አሁን ተጀምሯል።,Assertion,1,Assertion_13,train
5564,አዎ፣ ውሉ ተፈርሟል... በጣም ቀላል ነበር!,Sarcasm/Irony,5,Sarcasm/Irony_04,train
5565,ስራውን ነገ አጠናቅቃለሁ።,Promise,8,Promise_12,train
5566,ጤና ይስጥልኝ፣ ዛሬ እንዴት ነው?,Phatic,7,Phatic_13,train
5567,እንደሚመስለኝ ትዕዛዙን ነገ ማታ ማጠናቀቅ ይሻላል።,Suggestion,3,Suggestion_04,val
5568,ሰላም ነው ወንድሜ?,Phatic,7,Phatic_11,train
5569,ትዕዛዙ ነገ ጠዋት አልደረሰኝም።,Complaint,6,Complaint_01,train
5570,ትዕዛዙ ዛሬ ማታ ተጠናቀቀ።,Assertion,1,Assertion_02,val
5571,ሀሳቤ ውሉን ነገ ጠዋት መፈረም ነው።,Suggestion,3,Suggestion_05,train
5572,ይሻላል ስጦታውን ለአጋሬ ማሳወቅ።,Suggestion,3,Suggestion_02,val
5573,አይደለም፣ ሪፖርቱን ነገ ማጠናቀቅ አልችልም።,Refusal,2,Refusal_10,train
5574,እባክሽ ደብዳቤውን በዚህ ሳምንት አምጪልኝ።,Request,0,Request_09,train
5575,ምናልባት መረጃውን ዛሬ ማታ ማድረግ ይሻላል።,Suggestion,3,Suggestion_00,train
5576,ይሻላል ውሳኔውን በሚቀጥለው ሳምንት ማሳወቅ።,Suggestion,3,Suggestion_14,train
5577,አዎ፣ መጽሐፉ ተመልሷል... በጣም ቀላል!,Sarcasm/Irony,5,Sarcasm/Irony_10,val
5578,እንደሚመስለኝ ስጦታውን በሚቀጥለው ቀን ማምጣት ይሻላል።,Suggestion,3,Suggestion_10,test
5579,ክፍያውን ዛሬ አደርጋለሁ።,Promise,8,Promise_03,train
5580,እርግጥ ነው፣ ሪፖርቱ ዝግጁ ነው... በጣም ፈጣን!,Sarcasm/Irony,5,Sarcasm/Irony_05,train
5581,እንደኔ ሀሳብ ሰነዱን ነገ ማታ መላክ ይሻላል።,Suggestion,3,Suggestion_01,train
5582,አይደለም፣ ውሉን በቅርቡ ማረጋገጥ አልችልም።,Refusal,2,Refusal_04,train
5583,ውሉን ዛሬ ጠዋት እፈርማለሁ።,Promise,8,Promise_04,train
5584,እባክዎ ሪፖርቱን በቅርቡ ይላኩልኝ።,Request,0,Request_10,train
5585,እባክዎ ቦታውን ነገ ይላኩልኝ።,Request,0,Request_00,train
5586,እንደኔ ሀሳብ ሪፖርቱን ዛሬ ማታ ማቅረብ ይሻላል።,Suggestion,3,Suggestion_07,train
5587,ለጓደኛዬ በቅርቡ አልደወሉልኝም።,Complaint,6,Complaint_14,train
5588,ማስጠንቀቂያ፣ ሸቀጡን በሚቀጥለው ወር ካላረጋገጥክ ችግር ይፈጥራል።,Warning,4,Warning_13,test
5589,ስራው በዚህ ወር አልተጠናቀቀም።,Complaint,6,Complaint_12,train
5590,ሀሳቤ መረጃውን ለባልደረባዬ ማጋራት ነው።,Suggestion,3,Suggestion_11,train
5591,ማስጠንቀቂያ፣ ሪፖርቱን ዛሬ ማታ ካላቀረብክ ቅጣት አለ።,Warning,4,Warning_05,train
5592,እባክዎ መረጃውን በዚህ ሳምንት ይላኩልኝ።,Request,0,Request_07,train
5593,እባክሽ ፓኬጁን በሚቀጥለው ቀን አምጪልኝ።,Request,0,Request_01,val
5594,ይሻላል ውሳኔውን ዛሬ ጠዋት ማሳወቅ።,Suggestion,3,Suggestion_14,train
5595,እባክዎ ሪፖርቱን በቅርቡ ይላኩልኝ።,Request,0,Request_10,train
5596,ማስጠንቀቂያ፣ ትዕዛዙን በዚህ አመት ካላጠናቀቅክ ቅጣት አለ።,Warning,4,Warning_01,train
5597,መረጃውን ነገ ማታ እላካለሁ።,Promise,8,Promise_06,val
5598,ማስጠንቀቂያ፣ መረጃውን ካላጋራህ ችግር ይፈጥራል።,Warning,4,Warning_07,train
5599,ምክሬ ቦታውን አሁን ማስያዝ ነው።,Suggestion,3,Suggestion_09,val
5600,እንደኔ ሀሳብ መጽሐፉን በሚቀጥለው ቀን ማንበብ ይሻላል።,Suggestion,3,Suggestion_13,train
5601,እርግጥ ነው፣ ክፍያው ተከፍሏል... በጣም ቀላል!,Sarcasm/Irony,5,Sarcasm/Irony_03,train
5602,እንደሚመስለኝ ስጦታውን ነገ ጠዋት ማምጣት ይሻላል።,Suggestion,3,Suggestion_10,val
5603,እርግጥ ነው፣ ክፍያው ተከፍሏል... በጣም ቀላል!,Sarcasm/Irony,5,Sarcasm/Irony_03,val
5604,ትዕዛዙን በዚህ አመት አጠናቅቃለሁ።,Promise,8,Promise_02,train
5605,አዎ፣ ቦታው ነፃ ነው... በጣም ምቹ!,Sarcasm/Irony,5,Sarcasm/Irony_08,train
5606,ምናልባት ምግቡን በሚቀጥለው ቀን ማዘጋጀት ይሻላል።,Suggestion,3,Suggestion_12,train
5607,እባክዎ ውሉን ለባልደረባዬ በዚህ ወር ይላኩልኝ።,Request,0,Request_02,train
5608,ጤና ይስጥልኝ፣ ቤተሰብ እንዴት ናቸው?,Phatic,7,Phatic_06,test
5609,ለጓደኛዬ በዚህ ሳምንት እደውላለሁ።,Promise,8,Promise_10,train
5610,ጤና ይስጥልኝ፣ አባቴ እንዴት ነው?,Phatic,7,Phatic_10,train
5611,እንደኔ ሀሳብ ኮንትራቱን በሚቀጥለው ሳምንት መላክ ይሻላል።,Suggestion,3,Suggestion_01,train
5612,ማስጠንቀቂያ፣ ውሳኔውን ዛሬ ካላሳወቅክ ችግር ይፈጥራል።,Warning,4,Warning_11,train
5613,መረጃውን ዛሬ እላካለሁ።,Promise,8,Promise_06,train
5614,እባክዎ ክፍያውን በዚህ አመት ያረጋግጡልኝ።,Request,0,Request_08,train
5615,ውሉ ነገ ማታ ተፈርሟል።,Assertion,1,Assertion_07,val
5616,እባክዎ ስጦታውን ነገ ጠዋት ያድርሱልኝ።,Request,0,Request_06,val
5617,ተጠንቀቅ፣ ቲኬቱን በፍጥነት ካላደረግክ ችግር ይፈጥራል።,Warning,4,Warning_00,train
5618,ይቅርታ፣ ውሳኔውን በዚህ ወር ማሳወቅ አልችልም።,Refusal,2,Refusal_14,val
5619,አዎ፣ ለጓደኛዋ ላክኩት... በጣም ጥሩ!,Sarcasm/Irony,5,Sarcasm/Irony_02,val
5620,ስራው ነገ ጠዋት ተጀምሯል።,Assertion,1,Assertion_13,val
5621,እባክዎ ስጦታውን በዚህ አመት ያድርሱልኝ።,Request,0,Request_06,train
5622,እባክዎ ፓኬጁን አሁን ይላኩልኝ።,Request,0,Request_04,train
5623,ማስጠንቀቂያ፣ ምግቡን በሚቀጥለው ሳምንት ካላዘጋጀህ ችግር ይፈጥራል።,Warning,4,Warning_09,train
5624,ይሻላል ክፍያውን ዛሬ ማድረግ።,Suggestion,3,Suggestion_08,train
5625,ማስጠንቀቂያ፣ ክፍያውን በሚቀጥለው ወር ካላደረግክ አገልግሎት ይቋረጣል።,Warning,4,Warning_03,train
5626,መረጃውን ዛሬ ማታ እላካለሁ።,Promise,8,Promise_06,train
5627,እባክዎ መጽሐፉን በዚህ ሳምንት ይላኩልኝ።,Request,0,Request_14,val
5628,መረጃው በሚቀጥለው ቀን አልደረሰኝም።,Complaint,6,Complaint_06,train
5629,ሀሳቤ መረጃውን ለፖሊሱ ማጋራት ነው።,Suggestion,3,Suggestion_11,train
5630,ትዕዛዙ ነገ ተጠናቀቀ።,Assertion,1,Assertion_02,train
5631,አዎ፣ ቦታው ነፃ ነው... በጣም ምቹ!,Sarcasm/Irony,5,Sarcasm/Irony_08,train
5632,አይ፣ አሁን አገልግሎቱ ማድረግ አልችልም።,Refusal,2,Refusal_01,test
5633,እንደኔ ሀሳብ ሪፖርቱን በዚህ አመት ማቅረብ ይሻላል።,Suggestion,3,Suggestion_07,train
5634,የአጋሬ አገልግሎት መጥፎ ነው።,Complaint,6,Complaint_10,test
5635,አዎ፣ ውሉ ተፈርሟል... በጣም ቀላል ነበር!,Sarcasm/Irony,5,Sarcasm/Irony_04,train
5636,እርግጥ ነው፣ ምግቡ ዝግጁ ነው... በጣም ጣፋጭ!,Sarcasm/Irony,5,Sarcasm/Irony_09,train
5637,ማስጠንቀቂያ፣ ክፍያውን በቅርቡ ካላደረግክ አገልግሎት ይቋረጣል።,Warning,4,Warning_03,train
5638,እንዴት ነህ ጓደኛ?,Phatic,7,Phatic_12,val
5639,ይቅርታ፣ ትዕዛዙን ዛሬ መላክ አልችልም።,Refusal,2,Refusal_02,train
5640,ለቤተሰቤ በዚህ አመት አልደወሉልኝም።,Complaint,6,Complaint_14,train
5641,ክፍያውን በሚቀጥለው ሳምንት አደርጋለሁ።,Promise,8,Promise_03,train
5642,ተጠንቀቅ፣ ውሉን ዛሬ ካልፈረምክ ህጋዊ ችግር ይፈጥራል።,Warning,4,Warning_04,test
5643,ቦታው በሚቀጥለው ሳምንት አልተያዘም።,Complaint,6,Complaint_07,val
5644,እንደኔ ሀሳብ ሪፖርቱን ዛሬ ጠዋት ማቅረብ ይሻላል።,Suggestion,3,Suggestion_07,train
5645,አልችልም፣ ምግቡን በዚህ ሳምንት ማዘጋጀት አልቻልኩም።,Refusal,2,Refusal_12,test
5646,ተጠንቀቅ፣ ለወንድሜ ካልላክ ችግር ይፈጥራል።,Warning,4,Warning_02,train
5647,ነጋዴው፣ ዛሬ እንዴት ነው?,Phatic,7,Phatic_07,train
5648,ምክሬ ቦታውን አሁን ማስያዝ ነው።,Suggestion,3,Suggestion_09,train
5649,ነጋዴው፣ ስራ እንዴት እየሄደ ነው?,Phatic,7,Phatic_14,train
5650,ቦታውን በዚህ አመት አስይዛለሁ።,Promise,8,Promise_07,val
5651,ምናልባት ምግቡን በዚህ ሳምንት ማዘጋጀት ይሻላል።,Suggestion,3,Suggestion_12,test
5652,የጓደኛዋ አገልግሎት መጥፎ ነው።,Complaint,6,Complaint_10,train
5653,ለደንበኛው ነገ ጠዋት አልደወሉልኝም።,Complaint,6,Complaint_14,test
5654,ሰላም፣ እንዴት ነህ?,Phatic,7,Phatic_01,train
5655,እንደምን አደርክ?,Phatic,7,Phatic_03,train
5656,እባክዎ ትዕዛዙን ለአጋሬ በዚህ አመት ይላኩልኝ።,Request,0,Request_03,val
5657,ምናልባት ምግቡን ነገ ማዘጋጀት ይሻላል።,Suggestion,3,Suggestion_12,train
5658,ይቅርታ፣ ለእህቴ መጥራት አልችልም።,Refusal,2,Refusal_11,train
5659,ውሳኔው በዚህ ሳምንት አልተሰጠም።,Complaint,6,Complaint_13,train
5660,ውሉ ዛሬ ማታ አልተፈረመም።,Complaint,6,Complaint_04,train
5661,እባክዎ ሪፖርቱን በሚቀጥለው ቀን ይላኩልኝ።,Request,0,Request_10,val
5662,ማስጠንቀቂያ፣ ሪፖርቱን በሚቀጥለው ሳምንት ካላቀረብክ ቅጣት አለ።,Warning,4,Warning_05,test
5663,ተጠንቀቅ፣ ስራውን በዚህ ሳምንት ካላጠናቀቅክ ቅጣት አለ።,Warning,4,Warning_14,train
5664,አዎ፣ መጽሐፉ ተመልሷል... በጣም ቀላል!,Sarcasm/Irony,5,Sarcasm/Irony_10,train
5665,የትዕዛዙ ችግርን በዚህ ወር እፈታለሁ።,Promise,8,Promise_14,train
5666,እባክዎ ትዕዛዙን አሁን ይላኩልኝ።,Request,0,Request_04,train
5667,ምክሬ ቦታውን አሁን ማስያዝ ነው።,Suggestion,3,Suggestion_09,train
5668,ለባልደረባዬ ዛሬ ማታ እደውላለሁ።,Promise,8,Promise_10,train
5669,እንዴት ነህ ጓደኛ?,Phatic,7,Phatic_12,train
5670,ተጠንቀቅ፣ ደብዳቤውን በዚህ ሳምንት ካላደረግክ ችግር ይፈጥራል።,Warning,4,Warning_00,test
5671,አልቻልኩም፣ ስጦታውን በሚቀጥለው ወር ማምጣት አልቻልኩም።,Refusal,2,Refusal_06,train
5672,እንደኔ ሀሳብ ውሳኔውን ዛሬ ጠዋት መላክ ይሻላል።,Suggestion,3,Suggestion_01,test
5673,ይቅርታ፣ ለፖሊሱ መጥራት አልችልም።,Refusal,2,Refusal_11,train
5674,አይ፣ አሁን ፋይሉ ማድረግ አልችልም።,Refusal,2,Refusal_01,train
5675,ማስጠንቀቂያ፣ መረጃውን ካላጋራህ ችግር ይፈጥራል።,Warning,4,Warning_07,train
5676,ምግቡን ነገ አዘጋጃለሁ።,Promise,8,Promise_08,train
5677,ቦታው ነፃ ነው።,Assertion,1,Assertion_10,val
5678,ይቅርታ፣ ለወንድሜ መላክ አልችልም።,Refusal,2,Refusal_05,train
5679,አዎ፣ መጽሐፉ ተመልሷል... በጣም ቀላል!,Sarcasm/Irony,5,Sarcasm/Irony_10,train
5680,አይ፣ መጽሐፉን ማበደር አልችልም።,Refusal,2,Refusal_13,train
5681,አይ፣ ክፍያውን አሁን ማድረግ አልችልም።,Refusal,2,Refusal_07,val
5682,እርግጥ ነው፣ ምግቡ ዝግጁ ነው... በጣም ጣፋጭ!,Sarcasm/Irony,5,Sarcasm/Irony_09,train
5683,ይሻላል ክፍያውን ነገ ጠዋት ማድረግ።,Suggestion,3,Suggestion_08,test
5684,ማስጠንቀቂያ፣ መረጃውን ካላጋራህ ችግር ይፈጥራል።,Warning,4,Warning_07,train
5685,አዎ፣ ስጦታውን በሚቀጥለው ወር አደረግኩት... ትክክል ነው!,Sarcasm/Irony,5,Sarcasm/Irony_00,train
5686,እንዴት ነህ ጓደኛ?,Phatic,7,Phatic_12,test
5687,ቦታው ነገ ማታ አልተያዘም።,Complaint,6,Complaint_07,test
5688,ተጠንቀቅ፣ ለሰራተኛው ካልደወልክ ችግር ይፈጥራል።,Warning,4,Warning_12,train
5689,ሪፖርቱ በሚቀጥለው ሳምንት አልቀረበም።,Complaint,6,Complaint_05,val
5690,ተጠንቀቅ፣ መጽሐፉን በዚህ አመት ካላመለስክ ቅጣት አለ።,Warning,4,Warning_10,train
5691,ይቅርታ፣ ለባልደረባዬ መጥራት አልችልም።,Refusal,2,Refusal_11,train
5692,ማስጠንቀቂያ፣ መረጃውን ካላጋራህ ችግር ይፈጥራል።,Warning,4,Warning_07,train
5693,ትዕዛዙ በሚቀጥለው ሳምንት አልደረሰኝም።,Complaint,6,Complaint_01,train
5694,አዎ፣ ለወንድሜ ላክኩት... በጣም ጥሩ!,Sarcasm/Irony,5,Sarcasm/Irony_02,train
5695,ምናልባት ፓኬጁን በዚህ አመት ማድረግ ይሻላል።,Suggestion,3,Suggestion_00,train
5696,ስራውን ዛሬ ጠዋት አጠናቅቃለሁ።,Promise,8,Promise_12,train
5697,ሰላም ነው ወንድሜ?,Phatic,7,Phatic_11,train
5698,ተጠንቀቅ፣ ቦታውን ነገ ካላስያዝክ ይያዛል።,Warning,4,Warning_08,train
5699,ውሉ ዛሬ ጠዋት ተፈርሟል።,Assertion,1,Assertion_07,train
5700,አዎ፣ ለእህቴ ላክኩት... በጣም ጥሩ!,Sarcasm/Irony,5,Sarcasm/Irony_02,train
5701,ሪፖርቱ በዚህ አመት አልቀረበም።,Complaint,6,Complaint_05,train
5702,ሰላም ነው?,Phatic,7,Phatic_04,train
5703,ትዕዛዙ ዛሬ አልደረሰኝም።,Complaint,6,Complaint_01,test
5704,ተጠንቀቅ፣ ለእህቴ ካልላክ ችግር ይፈጥራል።,Warning,4,Warning_02,train
5705,እርግጥ ነው፣ ሪፖርቱ ዝግጁ ነው... በጣም ፈጣን!,Sarcasm/Irony,5,Sarcasm/Irony_05,train
5706,እባክዎ መጽሐፉን በሚቀጥለው ቀን ይላኩልኝ።,Request,0,Request_00,train
5707,ምግቡ በዚህ አመት አልደረሰኝም።,Complaint,6,Complaint_08,train
5708,ተጠንቀቅ፣ መጽሐፉን ዛሬ ጠዋት ካላደረግክ ችግር ይፈጥራል።,Warning,4,Warning_00,train
5709,ትዕዛዙ ዛሬ ማታ ተጠናቀቀ።,Assertion,1,Assertion_02,train
5710,እባክሽ ምግቡን ነገ አዘጋጅልኝ።,Request,0,Request_13,train
5711,እርግጥ ነው፣ ሪፖርቱ ዝግጁ ነው... በጣም ፈጣን!,Sarcasm/Irony,5,Sarcasm/Irony_05,val
5712,አዎ፣ ስራው ተጠናቀቀ... በጣም ፈጣን!,Sarcasm/Irony,5,Sarcasm/Irony_12,test
5713,የስጦታው ዋጋ ተቀይሯል።,Assertion,1,Assertion_09,test
5714,የባልደረባዬ አገልግሎት መጥፎ ነው።,Complaint,6,Complaint_10,val
5715,ይቅርታ፣ መረጃውን ማጋራት አልችልም።,Refusal,2,Refusal_08,train
5716,እባክዎ መጽሐፉን ለደንበኛው በዚህ ወር ይላኩልኝ።,Request,0,Request_11,train
5717,ማስጠንቀቂያ፣ ውሳኔውን ነገ ካላሳወቅክ ችግር ይፈጥራል።,Warning,4,Warning_11,train
5718,እንደሚመስለኝ ስጦታውን ነገ ማምጣት ይሻላል።,Suggestion,3,Suggestion_10,test
5719,ተጠንቀቅ፣ ለጓደኛችን ካልላክ ችግር ይፈጥራል።,Warning,4,Warning_02,test
5720,አይደለም፣ ውሉን በሚቀጥለው ሳምንት ማረጋገጥ አልችልም።,Refusal,2,Refusal_04,train
5721,አልፈልግም፣ ቦታውን ማስያዝ አልችልም።,Refusal,2,Refusal_09,train
5722,ይሻላል ክፍያውን በሚቀጥለው ወር ማድረግ።,Suggestion,3,Suggestion_08,train
5723,አልፈልግም፣ ቦታውን ማስያዝ አልችልም።,Refusal,2,Refusal_09,train
5724,ይቅርታ፣ መረጃውን ማጋራት አልችልም።,Refusal,2,Refusal_08,val
5725,እርግጥ ነው፣ ክፍያው ተከፍሏል... በጣም ቀላል!,Sarcasm/Irony,5,Sarcasm/Irony_03,test
5726,አዎ፣ ስራው ተጠናቀቀ... በጣም ፈጣን!,Sarcasm/Irony,5,Sarcasm/Irony_12,train
5727,ውሉን ነገ እፈርማለሁ።,Promise,8,Promise_04,train
5728,እርግጥ ነው፣ መረጃው ትክክል ነው... በጣም ግልጽ!,Sarcasm/Irony,5,Sarcasm/Irony_07,train
5729,ምናልባት ለአጋሬ መደወል ይሻላል።,Suggestion,3,Suggestion_06,train
5730,አዎ፣ ቦታው ነፃ ነው... በጣም ምቹ!,Sarcasm/Irony,5,Sarcasm/Irony_08,train
5731,እርግጥ ነው፣ ትዕዛዙ ነገ ጠዋት ተጠናቀቀ... በጣም ፈጣን!,Sarcasm/Irony,5,Sarcasm/Irony_01,test
5732,እባክዎ ምግቡን አሁን ይላኩልኝ።,Request,0,Request_04,train
5733,መጽሐፉ በሚቀጥለው ሳምንት አልደረሰኝም።,Complaint,6,Complaint_09,train
5734,እባክሽ ፓኬጁን ዛሬ ማታ አምጪልኝ።,Request,0,Request_05,train
5735,አይ፣ መጽሐፉን ማበደር አልችልም።,Refusal,2,Refusal_13,train
5736,እንደምን አደርክ?,Phatic,7,Phatic_03,test
5737,ማስጠንቀቂያ፣ ትዕዛዙን በዚህ አመት ካላጠናቀቅክ ቅጣት አለ።,Warning,4,Warning_01,train
5738,ለፖሊሱ ዛሬ እደውላለሁ።,Promise,8,Promise_10,train
5739,ሰላም፣ እንዴት ነህ?,Phatic,7,Phatic_01,train
5740,ክፍያውን ነገ ጠዋት አደርጋለሁ።,Promise,8,Promise_03,val
5741,ምናልባት ለጓደኛዋ መደወል ይሻላል።,Suggestion,3,Suggestion_06,val
5742,እንደምን አደረሽ?,Phatic,7,Phatic_09,train
5743,አልችልም፣ ፓኬጁን በሚቀጥለው ቀን ማድረስ አልቻልኩም።,Refusal,2,Refusal_00,test
5744,አይደለም፣ ሪፖርቱን አሁን ማጠናቀቅ አልችልም።,Refusal,2,Refusal_10,train
5745,ነጋዴው፣ ዛሬ እንዴት ነው?,Phatic,7,Phatic_07,train
5746,ሪፖርቱ በዚህ ሳምንት አልቀረበም።,Complaint,6,Complaint_05,test
5747,ስጦታው በሚቀጥለው ሳምንት ደርሷል።,Assertion,1,Assertion_01,val
5748,ይቅርታ፣ ትዕዛዙን ዛሬ ማታ መላክ አልችልም።,Refusal,2,Refusal_02,train
5749,የፖሊሱ አገልግሎት መጥፎ ነው።,Complaint,6,Complaint_10,train
5750,ተጠንቀቅ፣ ውሉን ዛሬ ማታ ካልፈረምክ ህጋዊ ችግር ይፈጥራል።,Warning,4,Warning_04,train
5751,ተጠንቀቅ፣ ስጦታውን ዛሬ ካላመጣህ ችግር ይፈጥራል።,Warning,4,Warning_06,train
5752,መጽሐፉ በፍጥነት ደረሰ።,Assertion,1,Assertion_11,train
5753,ምናልባት ለጓደኛዬ መደወል ይሻላል።,Suggestion,3,Suggestion_06,train
5754,እንዴት ነህ ጓደኛ?,Phatic,7,Phatic_12,test
5755,አልችልም፣ ምግቡን በዚህ ሳምንት ማዘጋጀት አልቻልኩም።,Refusal,2,Refusal_12,test
5756,ውሉ ዛሬ ጠዋት ተፈርሟል።,Assertion,1,Assertion_07,train
5757,ስራው ነገ ጠዋት ተጀምሯል።,Assertion,1,Assertion_13,train
5758,ማስጠንቀቂያ፣ ትዕዛዙን በሚቀጥለው ወር ካላጠናቀቅክ ቅጣት አለ።,Warning,4,Warning_01,train
5759,አዎ፣ መጽሐፉ ተመልሷል... በጣም ቀላል!,Sarcasm/Irony,5,Sarcasm/Irony_10,val
5760,ሰላም፣ ስራ በሆቴል እንዴት ነው?,Phatic,7,Phatic_08,train
5761,ነጋዴው፣ ስራ እንዴት እየሄደ ነው?,Phatic,7,Phatic_14,train
5762,ትዕዛዙ በሚቀጥለው ቀን አልደረሰኝም።,Complaint,6,Complaint_01,train
5763,እባክዎ መረጃውን ዛሬ ማታ ይላኩልኝ።,Request,0,Request_00,train
5764,ነጋዴው፣ ስራ በቤት እንዴት ነው?,Phatic,7,Phatic_00,test
5765,የክፍያው ጥራት ዝቅተኛ ነው።,Complaint,6,Complaint_11,train
5766,ቦታውን በፍጥነት አስይዛለሁ።,Promise,8,Promise_07,train
5767,አዎ፣ ውሉ ተፈርሟል... በጣም ቀላል ነበር!,Sarcasm/Irony,5,Sarcasm/Irony_04,train
5768,የቲኬቱ ዋጋ ተቀይሯል።,Assertion,1,Assertion_09,train
5769,ስራው በዚህ ወር ተጀምሯል።,Assertion,1,Assertion_13,test
5770,የኮንትራቱ ጥራት ዝቅተኛ ነው።,Complaint,6,Complaint_11,test
5771,ለሰራተኛው በቅርቡ እደውላለሁ።,Promise,8,Promise_10,test
5772,እባክሽ ምግቡን በዚህ አመት አዘጋጅልኝ።,Request,0,Request_13,val
5773,ውሳኔው በፍጥነት አልተሰጠም።,Complaint,6,Complaint_13,train
5774,እንደኔ ሀሳብ መጽሐፉን ዛሬ ማታ ማንበብ ይሻላል።,Suggestion,3,Suggestion_13,train
5775,ክፍያው በቅርቡ አልተከፈለም።,Complaint,6,Complaint_03,train
5776,አይ፣ ክፍያውን አሁን ማድረግ አልችልም።,Refusal,2,Refusal_07,train
5777,ነጋዴው፣ ዛሬ እንዴት ነው?,Phatic,7,Phatic_07,train
5778,ተጠንቀቅ፣ ውሉን ነገ ጠዋት ካልፈረምክ ህጋዊ ችግር ይፈጥራል።,Warning,4,Warning_04,train
5779,ምግቡን በቅርቡ አዘጋጃለሁ።,Promise,8,Promise_08,train
5780,ይሻላል ውሳኔውን ለእናቴ ማሳወቅ።,Suggestion,3,Suggestion_02,train
5781,እባክዎ መረጃውን ነገ ይላኩልኝ።,Request,0,Request_07,train
5782,እንደኔ ሀሳብ ኮንትራቱን ዛሬ መላክ ይሻላል።,Suggestion,3,Suggestion_01,val
5783,ክፍያው በዚህ ወር አልተከፈለም።,Complaint,6,Complaint_03,val
5784,ማስጠንቀቂያ፣ ውሳኔውን በፍጥነት ካላሳወቅክ ችግር ይፈጥራል።,Warning,4,Warning_11,test
5785,ነጋዴው፣ ስራ እንዴት እየሄደ ነው?,Phatic,7,Phatic_14,train
5786,የእህቴ ውሳኔ ትክክል ነው።,Assertion,1,Assertion_12,train
5787,ምናልባት ለወንድሜ መደወል ይሻላል።,Suggestion,3,Suggestion_06,train
5788,ተጠንቀቅ፣ ስጦታውን ነገ ጠዋት ካላመጣህ ችግር ይፈጥራል።,Warning,4,Warning_06,train
5789,መጽሐፉ ነገ አልደረሰኝም።,Complaint,6,Complaint_09,train
5790,ነጋዴው፣ ስራ እንዴት እየሄደ ነው?,Phatic,7,Phatic_14,test
5791,ምናልባት ለእናቴ መደወል ይሻላል።,Suggestion,3,Suggestion_06,test
5792,እባክዎ ስጦታውን በሚቀጥለው ቀን ያድርሱልኝ።,Request,0,Request_06,train
5793,የደብዳቤው ዋጋ ተቀይሯል።,Assertion,1,Assertion_09,train
5794,እንደምን አደረሽ?,Phatic,7,Phatic_09,train
5795,እባክሽ ስራውን አሁን አምጪልኝ።,Request,0,Request_01,val
5796,ጤና ይስጥልኝ፣ ስራ እንዴት ነው?,Phatic,7,Phatic_02,train
5797,ይሻላል ውሳኔውን በሚቀጥለው ወር ማሳወቅ።,Suggestion,3,Suggestion_14,train
5798,ማስጠንቀቂያ፣ ክፍያውን ዛሬ ካላደረግክ አገልግሎት ይቋረጣል።,Warning,4,Warning_03,test
5799,ትዕዛዙ ዛሬ ጠዋት አልደረሰኝም።,Complaint,6,Complaint_01,train
5800,ትዕዛዙን በቅርቡ አጠናቅቃለሁ።,Promise,8,Promise_02,train
5801,ምናልባት ምግቡን ነገ ማታ ማዘጋጀት ይሻላል።,Suggestion,3,Suggestion_12,train
5802,የክፍያው ችግር ከሐሙስ ጀምሮ ከወንድሜ ጋር እፈታለሁ።,Assertion,1,Assertion_00,train
5803,እንደሚመስለኝ ትዕዛዙን በዚህ አመት ማጠናቀቅ ይሻላል።,Suggestion,3,Suggestion_04,train
5804,ሪፖርቱ ዛሬ ጠዋት አልቀረበም።,Complaint,6,Complaint_05,test
5805,ተጠንቀቅ፣ ለአለቃዬ ካልላክ ችግር ይፈጥራል።,Warning,4,Warning_02,val
5806,አዎ፣ ቦታው ነፃ ነው... በጣም ምቹ!,Sarcasm/Irony,5,Sarcasm/Irony_08,train
5807,ውሉን ነገ ጠዋት እፈርማለሁ።,Promise,8,Promise_04,val
5808,እባክሽ ደብዳቤውን በሚቀጥለው ሳምንት አምጪልኝ።,Request,0,Request_09,train
5809,ትዕዛዙ በሚቀጥለው ቀን ተጠናቀቀ።,Assertion,1,Assertion_02,train
5810,እባክዎ ኮንትራቱን አሁን ይላኩልኝ።,Request,0,Request_04,train
5811,እባክሽ ምግቡን በዚህ አመት አዘጋጅልኝ።,Request,0,Request_13,val
5812,አይ፣ ክፍያውን አሁን ማድረግ አልችልም።,Refusal,2,Refusal_07,train
5813,የእህቴ ስራ በገበያ ጥሩ ነው።,Assertion,1,Assertion_06,train
5814,መረጃውን ነገ እላካለሁ።,Promise,8,Promise_06,train
5815,እባክዎ ክፍያውን ነገ ማታ ያረጋግጡልኝ።,Request,0,Request_08,train
5816,እርግጥ ነው፣ ምግቡ ጥሩ ነው... በጣም ጥሩ!,Sarcasm/Irony,5,Sarcasm/Irony_13,train
5817,ስጦታው ነገ ማታ ደርሷል።,Assertion,1,Assertion_01,train
5818,እንደሚመስለኝ ትዕዛዙን በዚህ ወር ማጠናቀቅ ይሻላል።,Suggestion,3,Suggestion_04,train
5819,ይቅርታ፣ ለእህቴ መላክ አልችልም።,Refusal,2,Refusal_05,train
5820,እባክዎ ስጦታውን በዚህ ሳምንት ያድርሱልኝ።,Request,0,Request_06,train
5821,ክፍያው ዛሬ ማታ አልተከፈለም።,Complaint,6,Complaint_03,train
5822,አዎ፣ መጽሐፉ ተመልሷል... በጣም ቀላል!,Sarcasm/Irony,5,Sarcasm/Irony_10,train
5823,አልፈልግም፣ ሰነዱን አልቀበልም።,Refusal,2,Refusal_03,train
5824,አዎ፣ ለአስተዳዳሪው ደውያለሁ... በጣም ቀላል!,Sarcasm/Irony,5,Sarcasm/Irony_14,train
5825,ክፍያው ተከፍሏል።,Assertion,1,Assertion_05,train
5826,እባክዎ ውሉን ለባልደረባዬ በሚቀጥለው ቀን ይላኩልኝ።,Request,0,Request_02,train
5827,የትዕዛዙ ችግር ከባለፈው ሳምንት ጀምሮ ከአጋሬ ጋር እፈታለሁ።,Promise,8,Promise_00,train
5828,እባክሽ ቦታውን ዛሬ ማታ አምጪልኝ።,Request,0,Request_05,train
5829,ተጠንቀቅ፣ መልእክቱን በሚቀጥለው ሳምንት ካላደረግክ ችግር ይፈጥራል።,Warning,4,Warning_00,train
5830,ቦታው ነገ ጠዋት አልተያዘም።,Complaint,6,Complaint_07,train
5831,ሰላም ነው?,Phatic,7,Phatic_04,train
5832,ምግቡ አሁን አልደረሰኝም።,Complaint,6,Complaint_08,train
5833,ምግቡን በሚቀጥለው ሳምንት አዘጋጃለሁ።,Promise,8,Promise_08,test
5834,አልችልም፣ ሰነዱን በቅርቡ ማድረስ አልቻልኩም።,Refusal,2,Refusal_00,train
5835,ተጠንቀቅ፣ ውሉን በሚቀጥለው ወር ካልፈረምክ ህጋዊ ችግር ይፈጥራል።,Warning,4,Warning_04,train
5836,እባክሽ ደብዳቤውን በሚቀጥለው ወር አምጪልኝ።,Request,0,Request_09,train
5837,እባክሽ ደብዳቤውን በዚህ አመት አምጪልኝ።,Request,0,Request_09,train
5838,ስጦታውን ዛሬ ጠዋት አደርሳለሁ።,Promise,8,Promise_01,train
5839,ሰላም ነው ወንድሜ?,Phatic,7,Phatic_11,train
5840,ምክሬ አገልግሎቱን አሁን ማረጋገጥ ነው።,Suggestion,3,Suggestion_03,test
5841,አይ፣ መጽሐፉን ማበደር አልችልም።,Refusal,2,Refusal_13,train
5842,ጤና ይስጥልኝ፣ ሰራተኛው እንዴት ነው?,Phatic,7,Phatic_10,train
5843,ማስጠንቀቂያ፣ ምግቡን ዛሬ ማታ ካላዘጋጀህ ችግር ይፈጥራል።,Warning,4,Warning_09,val
5844,ሰላም፣ እንዴት ነህ?,Phatic,7,Phatic_01,test
5845,ነጋዴው፣ ስራ በቤት እንዴት ነው?,Phatic,7,Phatic_00,val
5846,የቲኬቱ ዋጋ ተቀይሯል።,Assertion,1,Assertion_09,train
5847,ጤና ይስጥልኝ፣ ስራ እንዴት ነው?,Phatic,7,Phatic_02,train
5848,ማስጠንቀቂያ፣ ምግቡን በፍጥነት ካላዘጋጀህ ችግር ይፈጥራል።,Warning,4,Warning_09,train
5849,ሰላም፣ ስራ በትምህርት ቤት እንዴት ነው?,Phatic,7,Phatic_08,val
5850,ይቅርታ፣ ለፖሊሱ መጥራት አልችልም።,Refusal,2,Refusal_11,train
5851,ይሻላል ውሳኔውን በዚህ ወር ማሳወቅ።,Suggestion,3,Suggestion_14,test
5852,ቦታው በፍጥነት አልተያዘም።,Complaint,6,Complaint_07,train
5853,መረጃውን በዚህ አመት እላካለሁ።,Promise,8,Promise_06,train
5854,ነጋዴው፣ ስራ በዩኒቨርሲቲ እንዴት ነው?,Phatic,7,Phatic_00,train
5855,ሀሳቤ መረጃውን ለአስተዳዳሪው ማጋራት ነው።,Suggestion,3,Suggestion_11,test
5856,ተጠንቀቅ፣ ቦታውን ነገ ካላስያዝክ ይያዛል።,Warning,4,Warning_08,train
5857,አልፈልግም፣ ሰነዱን አልቀበልም።,Refusal,2,Refusal_03,test
5858,ትዕዛዙ በሚቀጥለው ወር አልደረሰኝም።,Complaint,6,Complaint_01,val
5859,መጽሐፉ በፍጥነት ደረሰ።,Assertion,1,Assertion_11,val
5860,የሰነዱ ጥራት ዝቅተኛ ነው።,Complaint,6,Complaint_11,train
5861,እባክሽ ሪፖርቱን ዛሬ ጠዋት አምጪልኝ።,Request,0,Request_01,train
5862,ይቅርታ፣ መረጃውን ማጋራት አልችልም።,Refusal,2,Refusal_08,val
5863,ተጠንቀቅ፣ ለጓደኛዬ ካልደወልክ ችግር ይፈጥራል።,Warning,4,Warning_12,test
5864,ትዕዛዙ በዚህ አመት አልደረሰኝም።,Complaint,6,Complaint_01,train
5865,ምክሬ ቦታውን አሁን ማስያዝ ነው።,Suggestion,3,Suggestion_09,train
5866,የቲኬቱ ዋጋ ተቀይሯል።,Assertion,1,Assertion_09,val
5867,ምግቡን ዛሬ አዘጋጃለሁ።,Promise,8,Promise_08,val
5868,ይቅርታ፣ መረጃውን ማጋራት አልችልም።,Refusal,2,Refusal_08,train
5869,አልችልም፣ ደብዳቤውን በሚቀጥለው ወር ማድረስ አልቻልኩም።,Refusal,2,Refusal_00,val
5870,ሪፖርቱ ዝግጁ ነው።,Assertion,1,Assertion_08,train
5871,እባክዎ ቦታውን በሚቀጥለው ሳምንት ያስይዙልኝ።,Request,0,Request_12,train
5872,ተጠንቀቅ፣ ፓኬጁን ነገ ማታ ካላደረግክ ችግር ይፈጥራል።,Warning,4,Warning_00,train
5873,ምክሬ መረጃውን አሁን ማረጋገጥ ነው።,Suggestion,3,Suggestion_03,train
5874,እርግጥ ነው፣ ምግቡ ዝግጁ ነው... በጣም ጣፋጭ!,Sarcasm/Irony,5,Sarcasm/Irony_09,test
5875,የምግቡ ጥራት ዝቅተኛ ነው።,Complaint,6,Complaint_11,train
5876,ለጓደኛችን በዚህ ወር እደውላለሁ።,Promise,8,Promise_10,test
5877,የጓደኛዬ አገልግሎት መጥፎ ነው።,Complaint,6,Complaint_10,train
5878,ይሻላል ውሳኔውን ዛሬ ማሳወቅ።,Suggestion,3,Suggestion_14,val
5879,እንደኔ ሀሳብ ሪፖርቱን ዛሬ ማታ ማቅረብ ይሻላል።,Suggestion,3,Suggestion_07,train
5880,ሀሳቤ መረጃውን ለጓደኛችን ማጋራት ነው።,Suggestion,3,Suggestion_11,train
5881,ቦታው በሚቀጥለው ሳምንት አልተያዘም።,Complaint,6,Complaint_07,train
5882,ሀሳቤ መረጃውን ለባልደረባዬ ማጋራት ነው።,Suggestion,3,Suggestion_11,train
5883,እንደሚመስለኝ ስጦታውን ዛሬ ማታ ማምጣት ይሻላል።,Suggestion,3,Suggestion_10,test
5884,እባክዎ ውሉን ለእህቴ በሚቀጥለው ወር ይላኩልኝ።,Request,0,Request_02,test
5885,ተጠንቀቅ፣ ስጦታውን ዛሬ ማታ ካላመጣህ ችግር ይፈጥራል።,Warning,4,Warning_06,train
5886,አልፈልግም፣ ቦታውን ማስያዝ አልችልም።,Refusal,2,Refusal_09,train
5887,እንደኔ ሀሳብ መጽሐፉን ነገ ጠዋት ማንበብ ይሻላል።,Suggestion,3,Suggestion_13,train
5888,መጽሐፉ በሚቀጥለው ሳምንት አልደረሰኝም።,Complaint,6,Complaint_09,train
5889,እንደኔ ሀሳብ መጽሐፉን በሚቀጥለው ሳምንት ማንበብ ይሻላል።,Suggestion,3,Suggestion_13,val
5890,ተጠንቀቅ፣ ለእናቴ ካልደወልክ ችግር ይፈጥራል።,Warning,4,Warning_12,train
5891,የቲኬቱ ጥራት ከፍተኛ ነው።,Assertion,1,Assertion_14,train
5892,ስጦታው ገና ወደ ቤተ መንግስት በፍጥነት አልደረሰኝም።,Complaint,6,Complaint_00,train
5893,የአስተዳዳሪው አገልግሎት መጥፎ ነው።,Complaint,6,Complaint_10,train
5894,የቤተሰቤ ውሳኔ ትክክል ነው።,Assertion,1,Assertion_12,train
5895,ምናልባት ለጓደኛዋ መደወል ይሻላል።,Suggestion,3,Suggestion_06,test
5896,ለሰራተኛው በቅርቡ እደውላለሁ።,Promise,8,Promise_10,train
5897,የትዕዛዙ ጥራት ከፍተኛ ነው።,Assertion,1,Assertion_14,train
5898,ምናልባት ፋይሉን በዚህ አመት ማድረግ ይሻላል።,Suggestion,3,Suggestion_00,train
5899,ጤና ይስጥልኝ፣ ስራ እንዴት ነው?,Phatic,7,Phatic_02,train
5900,ምክሬ መልእክቱን አሁን ማረጋገጥ ነው።,Suggestion,3,Suggestion_03,train
5901,እባክዎ መረጃውን በሚቀጥለው ሳምንት ይላኩልኝ።,Request,0,Request_07,val
5902,ይቅርታ፣ ለሰራተኛው መጥራት አልችልም።,Refusal,2,Refusal_11,train
5903,ስራው በዚህ አመት አልተጠናቀቀም።,Complaint,6,Complaint_12,train
5904,እንዴት ነህ ጓደኛ?,Phatic,7,Phatic_12,val
5905,ቦታው ነፃ ነው።,Assertion,1,Assertion_10,train
5906,እባክዎ ውሉን ለጓደኛዋ በሚቀጥለው ሳምንት ይላኩልኝ።,Request,0,Request_02,train
5907,ይቅርታ፣ መረጃውን ማጋራት አልችልም።,Refusal,2,Refusal_08,test
5908,የስጦታው ችግርን በሚቀጥለው ቀን እፈታለሁ።,Promise,8,Promise_14,train
5909,አዎ፣ ውሉ ተፈርሟል... በጣም ቀላል ነበር!,Sarcasm/Irony,5,Sarcasm/Irony_04,val
5910,ስራው በቅርቡ አልተጠናቀቀም።,Complaint,6,Complaint_12,val
5911,ማስጠንቀቂያ፣ ሪፖርቱን በዚህ ሳምንት ካላቀረብክ ቅጣት አለ።,Warning,4,Warning_05,test
5912,ሰላም፣ እንዴት ነህ?,Phatic,7,Phatic_01,train
5913,እርግጥ ነው፣ ውሳኔው ትክክል ነው... በጣም ጥሩ!,Sarcasm/Irony,5,Sarcasm/Irony_11,val
5914,ምናልባት ምግቡን በዚህ ሳምንት ማዘጋጀት ይሻላል።,Suggestion,3,Suggestion_12,train
5915,እባክሽ ምግቡን ነገ አዘጋጅልኝ።,Request,0,Request_13,train
5916,የሪፖርቱ ጥራት ከፍተኛ ነው።,Assertion,1,Assertion_14,train
5917,ትዕዛዙን በሚቀጥለው ወር አጠናቅቃለሁ።,Promise,8,Promise_02,train
5918,ስራው ዛሬ ማታ ተጀምሯል።,Assertion,1,Assertion_13,train
5919,ሪፖርቱ ነገ ማታ አልቀረበም።,Complaint,6,Complaint_05,train
5920,ይቅርታ፣ ትዕዛዙን በፍጥነት መላክ አልችልም።,Refusal,2,Refusal_02,train
5921,ሰላም ነው?,Phatic,7,Phatic_04,train
5922,ስራውን በዚህ አመት አጠናቅቃለሁ።,Promise,8,Promise_12,train
5923,የስጦታው ችግር ከባለፈው ወር ጀምሮ አልተፈታም።,Complaint,6,Complaint_02,test
5924,ሰላም፣ እንዴት ነህ?,Phatic,7,Phatic_01,train
5925,ለቤተሰቤ በዚህ ሳምንት አልደወሉልኝም።,Complaint,6,Complaint_14,train
5926,እንደኔ ሀሳብ መጽሐፉን በሚቀጥለው ወር ማንበብ ይሻላል።,Suggestion,3,Suggestion_13,train
5927,እባክዎ ሰነዱን አሁን ይላኩልኝ።,Request,0,Request_04,test
5928,ይቅርታ፣ መረጃውን ማጋራት አልችልም።,Refusal,2,Refusal_08,train
5929,ምናልባት ምግቡን በሚቀጥለው ወር ማዘጋጀት ይሻላል።,Suggestion,3,Suggestion_12,val
5930,የትዕዛዙ ችግር ከማክሰኞ ጀምሮ ከእህቴ ጋር እፈታለሁ።,Promise,8,Promise_00,test
5931,ምናልባት ሪፖርቱን በሚቀጥለው ቀን ማድረግ ይሻላል።,Suggestion,3,Suggestion_00,test
5932,ስጦታው በሚቀጥለው ሳምንት ደርሷል።,Assertion,1,Assertion_01,train
5933,ማስጠንቀቂያ፣ ትዕዛዙን በዚህ ሳምንት ካላጠናቀቅክ ቅጣት አለ።,Warning,4,Warning_01,train
5934,እባክዎ መረጃውን ዛሬ ይላኩልኝ።,Request,0,Request_07,train
5935,እባክዎ ሪፖርቱን በዚህ ወር ይላኩልኝ።,Request,0,Request_10,train
5936,እንዴት ነሽ?,Phatic,7,Phatic_05,train
5937,ይሻላል ውሳኔውን ነገ ማታ ማሳወቅ።,Suggestion,3,Suggestion_14,train
5938,ምናልባት አገልግሎቱን በሚቀጥለው ሳምንት ማድረግ ይሻላል።,Suggestion,3,Suggestion_00,train
5939,እንደኔ ሀሳብ ሪፖርቱን ነገ ጠዋት ማቅረብ ይሻላል።,Suggestion,3,Suggestion_07,train
5940,ሀሳቤ መረጃውን ለፖሊሱ ማጋራት ነው።,Suggestion,3,Suggestion_11,train
5941,እባክዎ መረጃውን ዛሬ ማታ ይላኩልኝ።,Request,0,Request_07,val
5942,ጤና ይስጥልኝ፣ ዛሬ እንዴት ነው?,Phatic,7,Phatic_13,test
5943,የስራው ሁኔታ ጥሩ ነው።,Assertion,1,Assertion_03,train
5944,መጽሐፉን አሁን አመልሳለሁ።,Promise,8,Promise_09,train
5945,የመጽሐፉ ዋጋ ተቀይሯል።,Assertion,1,Assertion_09,train
5946,ምግቡ ነገ ማታ አልደረሰኝም።,Complaint,6,Complaint_08,train
5947,እባክዎ ውሉን ለጓደኛችን ዛሬ ማታ ይላኩልኝ።,Request,0,Request_02,val
5948,ነጋዴው፣ ዛሬ እንዴት ነው?,Phatic,7,Phatic_07,train
5949,የቤተሰቤ ስራ በሱቅ ጥሩ ነው።,Assertion,1,Assertion_06,test
5950,አይደለም፣ ሪፖርቱን በሚቀጥለው ወር ማጠናቀቅ አልችልም።,Refusal,2,Refusal_10,train
5951,እንደምን አደርክ?,Phatic,7,Phatic_03,train
5952,መጽሐፉ በሚቀጥለው ቀን አልደረሰኝም።,Complaint,6,Complaint_09,val
5953,ትዕዛዙ ዛሬ ጠዋት አልደረሰኝም።,Complaint,6,Complaint_01,train
5954,ይቅርታ፣ ትዕዛዙን አሁን መላክ አልችልም።,Refusal,2,Refusal_02,train
5955,እባክሽ ፓኬጁን ዛሬ ማታ አምጪልኝ።,Request,0,Request_05,test
5956,ተጠንቀቅ፣ ለፖሊሱ ካልላክ ችግር ይፈጥራል።,Warning,4,Warning_02,train
5957,መረጃውን ነገ እላካለሁ።,Promise,8,Promise_06,val
5958,እባክዎ መረጃውን ዛሬ ጠዋት ይላኩልኝ።,Request,0,Request_07,train
5959,አዎ፣ ስጦታው ደርሷል... በጣም ጥሩ!,Sarcasm/Irony,5,Sarcasm/Irony_06,test
5960,አልፈልግም፣ ቦታውን ማስያዝ አልችልም።,Refusal,2,Refusal_09,test
5961,ይሻላል ክፍያውን በሚቀጥለው ሳምንት ማድረግ።,Suggestion,3,Suggestion_08,train
5962,ክፍያው በዚህ አመት አልተከፈለም።,Complaint,6,Complaint_03,train
5963,ይቅርታ፣ ለጓደኛችን መጥራት አልችልም።,Refusal,2,Refusal_11,train
5964,ምናልባት ደብዳቤውን ነገ ጠዋት ማድረግ ይሻላል።,Suggestion,3,Suggestion_00,train
5965,ምግቡ ዛሬ ማታ አልደረሰኝም።,Complaint,6,Complaint_08,test
5966,የትዕዛዙ ችግር ከአርብ ጀምሮ ከቤተሰቤ ጋር እፈታለሁ።,Promise,8,Promise_00,test
5967,ምግቡ ዛሬ አልደረሰኝም።,Complaint,6,Complaint_08,train
5968,እባክሽ መልእክቱን በዚህ አመት አምጪልኝ።,Request,0,Request_01,train
5969,የፋይሉ ጥራት ከፍተኛ ነው።,Assertion,1,Assertion_14,train
5970,ስጦታውን ዛሬ አደርሳለሁ።,Promise,8,Promise_01,train
5971,ምናልባት ምግቡን በዚህ ወር ማዘጋጀት ይሻላል።,Suggestion,3,Suggestion_12,val
5972,ጤና ይስጥልኝ፣ አስተዳዳሪው እንዴት ነው?,Phatic,7,Phatic_10,train
5973,የመጽሐፉ ችግር ከባለፈው ወር ጀምሮ ከአስተዳዳሪው ጋር እፈታለሁ።,Assertion,1,Assertion_00,test
5974,ስራውን በሚቀጥለው ወር አጠናቅቃለሁ።,Promise,8,Promise_12,train
5975,መጽሐፉ ዛሬ ጠዋት አልደረሰኝም።,Complaint,6,Complaint_09,train
5976,ስጦታው ገና ወደ ዩኒቨርሲቲ ዛሬ ማታ አልደረሰኝም።,Complaint,6,Complaint_00,train
5977,መረጃውን አሁን እላካለሁ።,Promise,8,Promise_06,train
5978,ነጋዴው፣ ስራ እንዴት እየሄደ ነው?,Phatic,7,Phatic_14,train
5979,አይ፣ አሁን ውሳኔው ማድረግ አልችልም።,Refusal,2,Refusal_01,train
5980,ነጋዴው፣ ስራ በጤና ጣቢያ እንዴት ነው?,Phatic,7,Phatic_00,val
5981,ፋይሉን በዚህ አመት አረጋግጣለሁ።,Promise,8,Promise_13,train
5982,ተጠንቀቅ፣ ስጦታውን አሁን ካላመጣህ ችግር ይፈጥራል።,Warning,4,Warning_06,test
5983,ምክሬ ቦታውን አሁን ማስያዝ ነው።,Suggestion,3,Suggestion_09,test
5984,አይ፣ ክፍያውን አሁን ማድረግ አልችልም።,Refusal,2,Refusal_07,train
5985,ማስጠንቀቂያ፣ ምግቡን አሁን ካላረጋገጥክ ችግር ይፈጥራል።,Warning,4,Warning_13,train
5986,ክፍያውን ነገ ማታ አደርጋለሁ።,Promise,8,Promise_03,train
5987,ምክሬ ቦታውን አሁን ማስያዝ ነው።,Suggestion,3,Suggestion_09,train
5988,ማስጠንቀቂያ፣ ውሳኔውን ነገ ጠዋት ካላሳወቅክ ችግር ይፈጥራል።,Warning,4,Warning_11,train
5989,ሰላም ነው ወንድሜ?,Phatic,7,Phatic_11,train
5990,አልችልም፣ ሰነዱን አሁን ማድረስ አልቻልኩም።,Refusal,2,Refusal_00,train
5991,ውሉን ዛሬ ማታ እፈርማለሁ።,Promise,8,Promise_04,train
5992,ውሳኔው በሚቀጥለው ሳምንት አልተሰጠም።,Complaint,6,Complaint_13,train
5993,ቦታው በሚቀጥለው ቀን አልተያዘም።,Complaint,6,Complaint_07,train
5994,ጤና ይስጥልኝ፣ አስተዳዳሪው እንዴት ነው?,Phatic,7,Phatic_10,val
5995,እባክዎ መጽሐፉን በቅርቡ ይላኩልኝ።,Request,0,Request_00,val
5996,አዎ፣ መጽሐፉ ተመልሷል... በጣም ቀላል!,Sarcasm/Irony,5,Sarcasm/Irony_10,val
5997,እርግጥ ነው፣ ምግቡ ዝግጁ ነው... በጣም ጣፋጭ!,Sarcasm/Irony,5,Sarcasm/Irony_09,train
5998,መጽሐፉ በሚቀጥለው ቀን አልደረሰኝም።,Complaint,6,Complaint_09,test
5999,እባክዎ ሪፖርቱን ዛሬ ይላኩልኝ።,Request,0,Request_10,train
6000,አልችልም፣ ምግቡን በሚቀጥለው ሳምንት ማዘጋጀት አልቻልኩም።,Refusal,2,Refusal_12,train
6001,ተጠንቀቅ፣ መጽሐፉን በፍጥነት ካላመለስክ ቅጣት አለ።,Warning,4,Warning_10,test
6002,ምናልባት ለአስተዳዳሪው መደወል ይሻላል።,Suggestion,3,Suggestion_06,train
6003,እንዴት ነሽ?,Phatic,7,Phatic_05,test
6004,ይሻላል ክፍያውን በሚቀጥለው ሳምንት ማድረግ።,Suggestion,3,Suggestion_08,train
6005,እባክዎ ሪፖርቱን አሁን ይላኩልኝ።,Request,0,Request_10,train
6006,እርግጥ ነው፣ መረጃው ትክክል ነው... በጣም ግልጽ!,Sarcasm/Irony,5,Sarcasm/Irony_07,test
6007,አይደለም፣ ሪፖርቱን በሚቀጥለው ወር ማጠናቀቅ አልችልም።,Refusal,2,Refusal_10,train
6008,የአገልግሎቱ ጥራት ከፍተኛ ነው።,Assertion,1,Assertion_14,train
6009,ሰላም፣ ስራ በሆስፒታል እንዴት ነው?,Phatic,7,Phatic_08,train
6010,አዎ፣ ስጦታው ደርሷል... በጣም ጥሩ!,Sarcasm/Irony,5,Sarcasm/Irony_06,train
6011,እንደኔ ሀሳብ ሪፖርቱን ዛሬ ማታ መላክ ይሻላል።,Suggestion,3,Suggestion_01,test
6012,መጽሐፉን ነገ ጠዋት አመልሳለሁ።,Promise,8,Promise_09,train
6013,ክፍያውን በሚቀጥለው ቀን አደርጋለሁ።,Promise,8,Promise_03,test
6014,ሀሳቤ መረጃውን ለቤተሰቤ ማጋራት ነው።,Suggestion,3,Suggestion_11,train
6015,የትዕዛዙ ችግርን በዚህ ወር እፈታለሁ።,Promise,8,Promise_14,train
6016,ሰላም ነው ወንድሜ?,Phatic,7,Phatic_11,train
6017,መረጃውን በሚቀጥለው ወር እላካለሁ።,Promise,8,Promise_06,train
6018,የሸቀጡ ችግር ከዛሬ ጀምሮ አልተፈታም።,Complaint,6,Complaint_02,train
6019,አዎ፣ ቦታው ነፃ ነው... በጣም ምቹ!,Sarcasm/Irony,5,Sarcasm/Irony_08,train
6020,ማስጠንቀቂያ፣ መረጃውን ካላጋራህ ችግር ይፈጥራል።,Warning,4,Warning_07,train
6021,አዎ፣ ስራው ተጠናቀቀ... በጣም ፈጣን!,Sarcasm/Irony,5,Sarcasm/Irony_12,train
6022,አዎ፣ ስጦታው ደርሷል... በጣም ጥሩ!,Sarcasm/Irony,5,Sarcasm/Irony_06,train
6023,ጤና ይስጥልኝ፣ ስራ እንዴት ነው?,Phatic,7,Phatic_02,test
6024,ምናልባት ለጓደኛችን መደወል ይሻላል።,Suggestion,3,Suggestion_06,train
6025,ክፍያው ዛሬ አልተከፈለም።,Complaint,6,Complaint_03,train
6026,አዎ፣ መጽሐፉን ዛሬ ማታ አደረግኩት... ትክክል ነው!,Sarcasm/Irony,5,Sarcasm/Irony_00,train
6027,እባክሽ መልእክቱን ዛሬ ማታ አምጪልኝ።,Request,0,Request_05,train
6028,ይቅርታ፣ ለእናቴ መጥራት አልችልም።,Refusal,2,Refusal_11,test
6029,እርግጥ ነው፣ ክፍያው ተከፍሏል... በጣም ቀላል!,Sarcasm/Irony,5,Sarcasm/Irony_03,train
6030,የሰራተኛው አገልግሎት መጥፎ ነው።,Complaint,6,Complaint_10,train
6031,አዎ፣ ቦታው ነፃ ነው... በጣም ምቹ!,Sarcasm/Irony,5,Sarcasm/Irony_08,test
6032,ሰላም፣ እንዴት ነህ?,Phatic,7,Phatic_01,train
6033,እርግጥ ነው፣ ሪፖርቱ ዝግጁ ነው... በጣም ፈጣን!,Sarcasm/Irony,5,Sarcasm/Irony_05,train
6034,የትዕዛዙ ችግር ከሐሙስ ጀምሮ ከፖሊሱ ጋር እፈታለሁ።,Promise,8,Promise_00,train
6035,አይ፣ መጽሐፉን ማበደር አልችልም።,Refusal,2,Refusal_13,train
6036,መጽሐፉን አሁን አመልሳለሁ።,Promise,8,Promise_09,train
6037,እንዴት ነሽ?,Phatic,7,Phatic_05,train
6038,እንደሚመስለኝ ትዕዛዙን ዛሬ ጠዋት ማጠናቀቅ ይሻላል።,Suggestion,3,Suggestion_04,val
6039,ሰላም ነው ወንድሜ?,Phatic,7,Phatic_11,train
6040,ውሉ በፍጥነት አልተፈረመም።,Complaint,6,Complaint_04,train
6041,ተጠንቀቅ፣ ለባልደረባዬ ካልላክ ችግር ይፈጥራል።,Warning,4,Warning_02,train
6042,ምግቡ አሁን አልደረሰኝም።,Complaint,6,Complaint_08,train
6043,ማስጠንቀቂያ፣ ሪፖርቱን በሚቀጥለው ሳምንት ካላቀረብክ ቅጣት አለ።,Warning,4,Warning_05,train
6044,እባክሽ ሸቀጡን በዚህ ወር አምጪልኝ።,Request,0,Request_01,train
6045,ተጠንቀቅ፣ ስራውን በሚቀጥለው ቀን ካላጠናቀቅክ ቅጣት አለ።,Warning,4,Warning_14,test
6046,ይቅርታ፣ ውሳኔውን ነገ ማሳወቅ አልችልም።,Refusal,2,Refusal_14,train
6047,አዎ፣ መጽሐፉ ተመልሷል... በጣም ቀላል!,Sarcasm/Irony,5,Sarcasm/Irony_10,train
6048,ምግቡን በሚቀጥለው ቀን አዘጋጃለሁ።,Promise,8,Promise_08,val
6049,አልችልም፣ ምግቡን ነገ ማታ ማዘጋጀት አልቻልኩም።,Refusal,2,Refusal_12,val
6050,እባክዎ ቦታውን በሚቀጥለው ሳምንት ያስይዙልኝ።,Request,0,Request_12,train
6051,ትዕዛዙን ነገ አጠናቅቃለሁ።,Promise,8,Promise_02,train
6052,ጤና ይስጥልኝ፣ ስራ እንዴት ነው?,Phatic,7,Phatic_02,train
6053,ውሉ በፍጥነት አልተፈረመም።,Complaint,6,Complaint_04,val
6054,አይ፣ አሁን ቲኬቱ ማድረግ አልችልም።,Refusal,2,Refusal_01,train
6055,እባክዎ ክፍያውን ዛሬ ማታ ያረጋግጡልኝ።,Request,0,Request_08,train
6056,ውሉ ነገ ጠዋት አልተፈረመም።,Complaint,6,Complaint_04,test
6057,እርግጥ ነው፣ ክፍያው ተከፍሏል... በጣም ቀላል!,Sarcasm/Irony,5,Sarcasm/Irony_03,train
6058,ምክሬ ሰነዱን አሁን ማረጋገጥ ነው።,Suggestion,3,Suggestion_03,train
6059,እርግጥ ነው፣ ምግቡ ዝግጁ ነው... በጣም ጣፋጭ!,Sarcasm/Irony,5,Sarcasm/Irony_09,train
6060,ይሻላል ኮንትራቱን ለባልደረባዬ ማሳወቅ።,Suggestion,3,Suggestion_02,train
6061,አይ፣ መጽሐፉን ማበደር አልችልም።,Refusal,2,Refusal_13,val
6062,የመረጃው ጥራት ከፍተኛ ነው።,Assertion,1,Assertion_14,val
6063,እርግጥ ነው፣ ክፍያው ተከፍሏል... በጣም ቀላል!,Sarcasm/Irony,5,Sarcasm/Irony_03,val
6064,እባክዎ ውሉን ለጓደኛዋ ነገ ጠዋት ይላኩልኝ።,Request,0,Request_02,train
6065,ምናልባት ለቤተሰቤ መደወል ይሻላል።,Suggestion,3,Suggestion_06,train
6066,እንደሚመስለኝ ስጦታውን በሚቀጥለው ወር ማምጣት ይሻላል።,Suggestion,3,Suggestion_10,train
6067,ሀሳቤ ውሉን በዚህ አመት መፈረም ነው።,Suggestion,3,Suggestion_05,test
6068,እባክሽ ሪፖርቱን አሁን አምጪልኝ።,Request,0,Request_01,train
6069,እንደኔ ሀሳብ ሪፖርቱን ነገ ጠዋት ማቅረብ ይሻላል።,Suggestion,3,Suggestion_07,train
6070,አዎ፣ መጽሐፉ ተመልሷል... በጣም ቀላል!,Sarcasm/Irony,5,Sarcasm/Irony_10,train
6071,ጤና ይስጥልኝ፣ ቤተሰብ እንዴት ናቸው?,Phatic,7,Phatic_06,val
6072,አልችልም፣ ምግቡን ዛሬ ማታ ማዘጋጀት አልቻልኩም።,Refusal,2,Refusal_12,train
6073,ተጠንቀቅ፣ ቦታውን ዛሬ ማታ ካላስያዝክ ይያዛል።,Warning,4,Warning_08,train
6074,ይቅርታ፣ ትዕዛዙን በሚቀጥለው ሳምንት መላክ አልችልም።,Refusal,2,Refusal_02,test
6075,ቦታውን በሚቀጥለው ሳምንት አስይዛለሁ።,Promise,8,Promise_07,train
6076,የፓኬጁ ሁኔታ ጥሩ ነው።,Assertion,1,Assertion_03,train
6077,ውሉ በዚህ አመት አልተፈረመም።,Complaint,6,Complaint_04,train
6078,እርግጥ ነው፣ ክፍያው ተከፍሏል... በጣም ቀላል!,Sarcasm/Irony,5,Sarcasm/Irony_03,train
6079,የፋይሉ ጥራት ከፍተኛ ነው።,Assertion,1,Assertion_14,train
6080,ምናልባት ምግቡን በሚቀጥለው ወር ማዘጋጀት ይሻላል።,Suggestion,3,Suggestion_12,test
6081,ስጦታው በዚህ ወር ደርሷል።,Assertion,1,Assertion_01,train
6082,ተጠንቀቅ፣ መጽሐፉን ዛሬ ጠዋት ካላደረግክ ችግር ይፈጥራል።,Warning,4,Warning_00,train
6083,ምናልባት ደብዳቤውን በሚቀጥለው ቀን ማድረግ ይሻላል።,Suggestion,3,Suggestion_00,train
6084,ጤና ይስጥልኝ፣ ስራ እንዴት ነው?,Phatic,7,Phatic_02,val
6085,ስጦታውን ነገ ጠዋት አደርሳለሁ።,Promise,8,Promise_01,train
6086,ስጦታውን በሚቀጥለው ቀን አደርሳለሁ።,Promise,8,Promise_01,train
6087,እርግጥ ነው፣ ሪፖርቱ ዝግጁ ነው... በጣም ፈጣን!,Sarcasm/Irony,5,Sarcasm/Irony_05,test
6088,እርግጥ ነው፣ ውሳኔው ትክክል ነው... በጣም ጥሩ!,Sarcasm/Irony,5,Sarcasm/Irony_11,train
6089,ተጠንቀቅ፣ ለአባቴ ካልደወልክ ችግር ይፈጥራል።,Warning,4,Warning_12,train
6090,አልፈልግም፣ ቦታውን ማስያዝ አልችልም።,Refusal,2,Refusal_09,train
6091,መጽሐፉ በሚቀጥለው ሳምንት አልደረሰኝም።,Complaint,6,Complaint_09,train
6092,ማስጠንቀቂያ፣ ትዕዛዙን በቅርቡ ካላጠናቀቅክ ቅጣት አለ።,Warning,4,Warning_01,val
6093,የፓኬጁ ዋጋ ተቀይሯል።,Assertion,1,Assertion_09,train
6094,እባክዎ መጽሐፉን በዚህ ወር ይላኩልኝ።,Request,0,Request_14,train
6095,ተጠንቀቅ፣ ለቤተሰቤ ካልላክ ችግር ይፈጥራል።,Warning,4,Warning_02,test
6096,እባክዎ ትዕዛዙን ለወንድሜ ነገ ማታ ይላኩልኝ።,Request,0,Request_03,train
6097,አዎ፣ ስጦታው ደርሷል... በጣም ጥሩ!,Sarcasm/Irony,5,Sarcasm/Irony_06,train
6098,መረጃውን በሚቀጥለው ሳምንት እላካለሁ።,Promise,8,Promise_06,train
6099,ማስጠንቀቂያ፣ ምግቡን በዚህ ሳምንት ካላዘጋጀህ ችግር ይፈጥራል።,Warning,4,Warning_09,train
6100,እንዴት ነህ ጓደኛ?,Phatic,7,Phatic_12,train
6101,ይሻላል ሰነዱን ለፖሊሱ ማሳወቅ።,Suggestion,3,Suggestion_02,train
6102,ስራውን ዛሬ ማታ አጠናቅቃለሁ።,Promise,8,Promise_12,train
6103,ሀሳቤ ውሉን ዛሬ ጠዋት መፈረም ነው።,Suggestion,3,Suggestion_05,train
6104,እርግጥ ነው፣ ሪፖርቱ ዝግጁ ነው... በጣም ፈጣን!,Sarcasm/Irony,5,Sarcasm/Irony_05,train
6105,እባክዎ መጽሐፉን ነገ ይላኩልኝ።,Request,0,Request_14,train
6106,ማስጠንቀቂያ፣ ውሳኔውን በሚቀጥለው ቀን ካላሳወቅክ ችግር ይፈጥራል።,Warning,4,Warning_11,train
6107,እባክዎ ደብዳቤውን ለደንበኛው በሚቀጥለው ቀን ይላኩልኝ።,Request,0,Request_11,train
6108,ቦታው በዚህ ወር አልተያዘም።,Complaint,6,Complaint_07,train
6109,ሪፖርቱ በሚቀጥለው ቀን አልቀረበም።,Complaint,6,Complaint_05,train
6110,የውሉ ችግርን በዚህ አመት እፈታለሁ።,Promise,8,Promise_14,train
6111,እንደኔ ሀሳብ መጽሐፉን በፍጥነት ማንበብ ይሻላል።,Suggestion,3,Suggestion_13,test
6112,እርግጥ ነው፣ መረጃው ትክክል ነው... በጣም ግልጽ!,Sarcasm/Irony,5,Sarcasm/Irony_07,test
6113,የሰራተኛው አገልግሎት መጥፎ ነው።,Complaint,6,Complaint_10,test
6114,አዎ፣ ቦታው ነፃ ነው... በጣም ምቹ!,Sarcasm/Irony,5,Sarcasm/Irony_08,train
6115,እባክሽ ኮንትራቱን በሚቀጥለው ቀን አምጪልኝ።,Request,0,Request_01,test
6116,እባክዎ ስጦታውን ዛሬ ያድርሱልኝ።,Request,0,Request_06,train
6117,ነጋዴው፣ ስራ በዩኒቨርሲቲ እንዴት ነው?,Phatic,7,Phatic_00,train
6118,ለባልደረባዬ ዛሬ ማታ እደውላለሁ።,Promise,8,Promise_10,train
6119,ውሉ ዛሬ ማታ ተፈርሟል።,Assertion,1,Assertion_07,train
6120,ሰላም ነው ወንድሜ?,Phatic,7,Phatic_11,train
6121,እንደምን አደረሽ?,Phatic,7,Phatic_09,train
6122,አዎ፣ ስራው ተጠናቀቀ... በጣም ፈጣን!,Sarcasm/Irony,5,Sarcasm/Irony_12,train
6123,እባክዎ መጽሐፉን በዚህ አመት ይላኩልኝ።,Request,0,Request_14,train
6124,እባክሽ ደብዳቤውን በሚቀጥለው ሳምንት አምጪልኝ።,Request,0,Request_09,test
6125,የስራው ሁኔታ ጥሩ ነው።,Assertion,1,Assertion_03,val
6126,ጤና ይስጥልኝ፣ ዛሬ እንዴት ነው?,Phatic,7,Phatic_13,train
6127,ማስጠንቀቂያ፣ መረጃውን ካላጋራህ ችግር ይፈጥራል።,Warning,4,Warning_07,train
6128,እርግጥ ነው፣ መረጃው ትክክል ነው... በጣም ግልጽ!,Sarcasm/Irony,5,Sarcasm/Irony_07,train
6129,መረጃው በሚቀጥለው ቀን አልደረሰኝም።,Complaint,6,Complaint_06,train
6130,ክፍያው ተከፍሏል።,Assertion,1,Assertion_05,train
6131,ተጠንቀቅ፣ ስጦታውን አሁን ካላመጣህ ችግር ይፈጥራል።,Warning,4,Warning_06,train
6132,ሰላም፣ እንዴት ነህ?,Phatic,7,Phatic_01,train
6133,ይሻላል ፓኬጁን ለባልደረባዬ ማሳወቅ።,Suggestion,3,Suggestion_02,train
6134,የስጦታው ችግር ከረቡዕ ጀምሮ ከጓደኛችን ጋር እፈታለሁ።,Assertion,1,Assertion_00,train
6135,ሰላም ነው?,Phatic,7,Phatic_04,train
6136,እርግጥ ነው፣ ምግቡ ዝግጁ ነው... በጣም ጣፋጭ!,Sarcasm/Irony,5,Sarcasm/Irony_09,test
6137,እንደምን አደረሽ?,Phatic,7,Phatic_09,train
6138,እንደሚመስለኝ ስጦታውን በሚቀጥለው ወር ማምጣት ይሻላል።,Suggestion,3,Suggestion_10,train
6139,ተጠንቀቅ፣ ለጓደኛዬ ካልላክ ችግር ይፈጥራል።,Warning,4,Warning_02,train
6140,ምግቡን አሁን አዘጋጃለሁ።,Promise,8,Promise_08,train
6141,እንደምን አደረሽ?,Phatic,7,Phatic_09,train
6142,ለፖሊሱ ዛሬ እደውላለሁ።,Promise,8,Promise_10,train
6143,ሀሳቤ ውሉን ዛሬ መፈረም ነው።,Suggestion,3,Suggestion_05,train
6144,ውሳኔው በዚህ አመት አልተሰጠም።,Complaint,6,Complaint_13,train
6145,ነጋዴው፣ ስራ እንዴት እየሄደ ነው?,Phatic,7,Phatic_14,val
6146,አዎ፣ ቦታው ነፃ ነው... በጣም ምቹ!,Sarcasm/Irony,5,Sarcasm/Irony_08,train
6147,እባክዎ ትዕዛዙን ለአጋሬ በሚቀጥለው ቀን ይላኩልኝ።,Request,0,Request_03,train
6148,እንደሚመስለኝ ስጦታውን በፍጥነት ማምጣት ይሻላል።,Suggestion,3,Suggestion_10,train
6149,ጤና ይስጥልኝ፣ ቤተሰብ እንዴት ናቸው?,Phatic,7,Phatic_06,train
6150,ተጠንቀቅ፣ ስራውን ነገ ካላጠናቀቅክ ቅጣት አለ።,Warning,4,Warning_14,train
6151,ውሳኔውን በዚህ ሳምንት አሳውቃለሁ።,Promise,8,Promise_11,train
6152,ምክሬ ቦታውን አሁን ማስያዝ ነው።,Suggestion,3,Suggestion_09,val
6153,ተጠንቀቅ፣ ለእናቴ ካልደወልክ ችግር ይፈጥራል።,Warning,4,Warning_12,train
6154,አዎ፣ ትዕዛዙን በዚህ አመት አደረግኩት... ትክክል ነው!,Sarcasm/Irony,5,Sarcasm/Irony_00,train
6155,እርግጥ ነው፣ ትዕዛዙ በዚህ አመት ተጠናቀቀ... በጣም ፈጣን!,Sarcasm/Irony,5,Sarcasm/Irony_01,train
6156,እንደሚመስለኝ ስጦታውን ዛሬ ማታ ማምጣት ይሻላል።,Suggestion,3,Suggestion_10,train
6157,ማስጠንቀቂያ፣ ውሳኔውን ነገ ማታ ካላሳወቅክ ችግር ይፈጥራል።,Warning,4,Warning_11,train
6158,ምክሬ ቦታውን አሁን ማስያዝ ነው።,Suggestion,3,Suggestion_09,train
6159,የእናቴ ውሳኔ ትክክል ነው።,Assertion,1,Assertion_12,train
6160,እንደኔ ሀሳብ ሪፖርቱን በዚህ ወር ማቅረብ ይሻላል።,Suggestion,3,Suggestion_07,test
6161,ሰላም፣ ስራ በአውሮፕላን ማረፊያ እንዴት ነው?,Phatic,7,Phatic_08,test
6162,ስጦታው በዚህ ወር ደርሷል።,Assertion,1,Assertion_01,train
6163,ሰላም ነው ወንድሜ?,Phatic,7,Phatic_11,test
6164,ማስጠንቀቂያ፣ ምግቡን በዚህ ወር ካላዘጋጀህ ችግር ይፈጥራል።,Warning,4,Warning_09,val
6165,ምክሬ ውሉን አሁን ማረጋገጥ ነው።,Suggestion,3,Suggestion_03,val
6166,ስጦታውን በሚቀጥለው ሳምንት አረጋግጣለሁ።,Promise,8,Promise_13,val
6167,አልችልም፣ ውሉን አሁን ማድረስ አልቻልኩም።,Refusal,2,Refusal_00,train
6168,ስጦታው ገና ወደ ዩኒቨርሲቲ በቅርቡ አልደረሰኝም።,Complaint,6,Complaint_00,train
6169,ይቅርታ፣ መረጃውን ማጋራት አልችልም።,Refusal,2,Refusal_08,train
6170,እንደምን አደረሽ?,Phatic,7,Phatic_09,test
6171,የእናቴ ስራ በሆስፒታል ጥሩ ነው።,Assertion,1,Assertion_06,train
6172,እርግጥ ነው፣ ምግቡ ዝግጁ ነው... በጣም ጣፋጭ!,Sarcasm/Irony,5,Sarcasm/Irony_09,test
6173,እርግጥ ነው፣ ፓኬጁ ጥሩ ነው... በጣም ጥሩ!,Sarcasm/Irony,5,Sarcasm/Irony_13,train
6174,አልችልም፣ ምግቡን በሚቀጥለው ሳምንት ማዘጋጀት አልቻልኩም።,Refusal,2,Refusal_12,train
6175,ስጦታው ገና ወደ ጤና ጣቢያ በሚቀጥለው ወር አልደረሰኝም።,Complaint,6,Complaint_00,val
6176,ይቅርታ፣ ለወንድሜ መላክ አልችልም።,Refusal,2,Refusal_05,val
6177,ተጠንቀቅ፣ ስጦታውን በዚህ አመት ካላመጣህ ችግር ይፈጥራል።,Warning,4,Warning_06,train
6178,አይ፣ መጽሐፉን ማበደር አልችልም።,Refusal,2,Refusal_13,train
6179,ማስጠንቀቂያ፣ ውሳኔውን ዛሬ ማታ ካላሳወቅክ ችግር ይፈጥራል።,Warning,4,Warning_11,val
6180,ምክሬ ቦታውን አሁን ማስያዝ ነው።,Suggestion,3,Suggestion_09,val
6181,የፋይሉ ሁኔታ ጥሩ ነው።,Assertion,1,Assertion_03,train
6182,ነጋዴው፣ ዛሬ እንዴት ነው?,Phatic,7,Phatic_07,val
6183,ማስጠንቀቂያ፣ ፓኬጁን በሚቀጥለው ሳምንት ካላረጋገጥክ ችግር ይፈጥራል።,Warning,4,Warning_13,val
6184,ስራው አሁን አልተጠናቀቀም።,Complaint,6,Complaint_12,train
6185,ውሳኔውን ነገ ማታ አሳውቃለሁ።,Promise,8,Promise_11,train
6186,ነጋዴው፣ ስራ በባንክ እንዴት ነው?,Phatic,7,Phatic_00,train
6187,ክፍያውን በቅርቡ አደርጋለሁ።,Promise,8,Promise_03,train
6188,አይደለም፣ ሪፖርቱን በቅርቡ ማጠናቀቅ አልችልም።,Refusal,2,Refusal_10,val
6189,ውሳኔውን ዛሬ ጠዋት አሳውቃለሁ።,Promise,8,Promise_11,train
6190,እርግጥ ነው፣ ክፍያው ተከፍሏል... በጣም ቀላል!,Sarcasm/Irony,5,Sarcasm/Irony_03,test
6191,ጤና ይስጥልኝ፣ ቤተሰብ እንዴት ናቸው?,Phatic,7,Phatic_06,train
6192,እባክዎ ትዕዛዙን ለእናቴ አሁን ይላኩልኝ።,Request,0,Request_03,train
6193,መጽሐፉ ነገ ማታ አልደረሰኝም።,Complaint,6,Complaint_09,train
6194,የትዕዛዙ ጥራት ዝቅተኛ ነው።,Complaint,6,Complaint_11,val
6195,ክፍያውን ዛሬ ጠዋት አደርጋለሁ።,Promise,8,Promise_03,train
6196,የአገልግሎቱ ሁኔታ ጥሩ ነው።,Assertion,1,Assertion_03,train
6197,ተጠንቀቅ፣ ለአለቃዬ ካልላክ ችግር ይፈጥራል።,Warning,4,Warning_02,val
6198,ይቅርታ፣ ለአባቴ መላክ አልችልም።,Refusal,2,Refusal_05,train
6199,ሰላም፣ እንዴት ነህ?,Phatic,7,Phatic_01,train
6200,አልፈልግም፣ ምግቡን አልቀበልም።,Refusal,2,Refusal_03,train
6201,ማስጠንቀቂያ፣ ውሳኔውን በዚህ ወር ካላረጋገጥክ ችግር ይፈጥራል።,Warning,4,Warning_13,test
6202,እንዴት ነህ ጓደኛ?,Phatic,7,Phatic_12,val
6203,እባክሽ ሪፖርቱን ነገ ማታ አምጪልኝ።,Request,0,Request_01,train
6204,ሪፖርቱ ዝግጁ ነው።,Assertion,1,Assertion_08,train
6205,መረጃውን ዛሬ ጠዋት እላካለሁ።,Promise,8,Promise_06,train
6206,እርግጥ ነው፣ መረጃው ትክክል ነው... በጣም ግልጽ!,Sarcasm/Irony,5,Sarcasm/Irony_07,val
6207,እባክዎ ስጦታውን አሁን ይላኩልኝ።,Request,0,Request_04,train
6208,አዎ፣ መጽሐፉ ተመልሷል... በጣም ቀላል!,Sarcasm/Irony,5,Sarcasm/Irony_10,train
6209,ጤና ይስጥልኝ፣ ባልደረባዬ እንዴት ነው?,Phatic,7,Phatic_10,val
6210,ተጠንቀቅ፣ መጽሐፉን በዚህ ሳምንት ካላመለስክ ቅጣት አለ።,Warning,4,Warning_10,train
6211,እንደሚመስለኝ ትዕዛዙን በሚቀጥለው ሳምንት ማጠናቀቅ ይሻላል።,Suggestion,3,Suggestion_04,train
6212,አዎ፣ ቦታው ነፃ ነው... በጣም ምቹ!,Sarcasm/Irony,5,Sarcasm/Irony_08,train
6213,ለአስተዳዳሪው ዛሬ አልደወሉልኝም።,Complaint,6,Complaint_14,train
6214,ውሳኔው ዛሬ ማታ አልተሰጠም።,Complaint,6,Complaint_13,train
6215,እባክዎ ቦታውን አሁን ይላኩልኝ።,Request,0,Request_04,train
6216,የጓደኛችን አገልግሎት መጥፎ ነው።,Complaint,6,Complaint_10,val
6217,አዎ፣ ሰነዱን ዛሬ ጠዋት አደረግኩት... ትክክል ነው!,Sarcasm/Irony,5,Sarcasm/Irony_00,train
6218,አዎ፣ ለእናቴ ደውያለሁ... በጣም ቀላል!,Sarcasm/Irony,5,Sarcasm/Irony_14,val
6219,ትዕዛዙ በዚህ ሳምንት ተጠናቀቀ።,Assertion,1,Assertion_02,train
6220,ይሻላል ውሳኔውን በዚህ አመት ማሳወቅ።,Suggestion,3,Suggestion_14,train
6221,እንደምን አደረሽ?,Phatic,7,Phatic_09,train
6222,ሪፖርቱ ዝግጁ ነው።,Assertion,1,Assertion_08,train
6223,አልችልም፣ ክፍያውን ዛሬ ማድረስ አልቻልኩም።,Refusal,2,Refusal_00,train
6224,ክፍያው ነገ አልተከፈለም።,Complaint,6,Complaint_03,train
6225,ይቅርታ፣ ውሳኔውን በቅርቡ ማሳወቅ አልችልም።,Refusal,2,Refusal_14,test
6226,ውሳኔውን ዛሬ አሳውቃለሁ።,Promise,8,Promise_11,test
6227,ለቤተሰቤ ነገ ጠዋት አልደወሉልኝም።,Complaint,6,Complaint_14,train
6228,የስጦታው ችግር ከሐሙስ ጀምሮ ከሰራተኛው ጋር እፈታለሁ።,Assertion,1,Assertion_00,train
6229,ውሳኔውን በዚህ ወር አሳውቃለሁ።,Promise,8,Promise_11,train
6230,አልቻልኩም፣ ስጦታውን ዛሬ ማታ ማምጣት አልቻልኩም።,Refusal,2,Refusal_06,train
6231,ምናልባት መልእክቱን ነገ ማታ ማድረግ ይሻላል።,Suggestion,3,Suggestion_00,val
6232,የፋይሉ ሁኔታ ጥሩ ነው።,Assertion,1,Assertion_03,test
6233,እባክሽ ምግቡን ዛሬ ማታ አዘጋጅልኝ።,Request,0,Request_13,train
6234,መጽሐፉን በቅርቡ አመልሳለሁ።,Promise,8,Promise_09,train
6235,እባክዎ ስጦታውን ነገ ማታ ያድርሱልኝ።,Request,0,Request_06,train
6236,እንደኔ ሀሳብ ክፍያውን በዚህ ሳምንት መላክ ይሻላል።,Suggestion,3,Suggestion_01,train
6237,ማስጠንቀቂያ፣ ውሳኔውን ነገ ካላሳወቅክ ችግር ይፈጥራል።,Warning,4,Warning_11,test
6238,የትዕዛዙ ችግር ከዛሬ ጀምሮ ከእህቴ ጋር እፈታለሁ።,Promise,8,Promise_00,val
6239,አልቻልኩም፣ ስጦታውን በቅርቡ ማምጣት አልቻልኩም።,Refusal,2,Refusal_06,test
6240,ክፍያው ነገ አልተከፈለም።,Complaint,6,Complaint_03,train
6241,እርግጥ ነው፣ ትዕዛዙ በዚህ ሳምንት ተጠናቀቀ... በጣም ፈጣን!,Sarcasm/Irony,5,Sarcasm/Irony_01,train
6242,አዎ፣ ስራው ተጠናቀቀ... በጣም ፈጣን!,Sarcasm/Irony,5,Sarcasm/Irony_12,train
6243,እንደኔ ሀሳብ ሪፖርቱን በዚህ ወር ማቅረብ ይሻላል።,Suggestion,3,Suggestion_07,train
6244,ነጋዴው፣ ስራ በፖስታ ቤት እንዴት ነው?,Phatic,7,Phatic_00,train
6245,ምግቡ ዛሬ ጠዋት አልደረሰኝም።,Complaint,6,Complaint_08,train
6246,አዎ፣ ለጓደኛችን ላክኩት... በጣም ጥሩ!,Sarcasm/Irony,5,Sarcasm/Irony_02,test
6247,መረጃው ትክክል ነው።,Assertion,1,Assertion_04,train
6248,እርግጥ ነው፣ መረጃው ትክክል ነው... በጣም ግልጽ!,Sarcasm/Irony,5,Sarcasm/Irony_07,train
6249,ይቅርታ፣ ውሳኔውን በሚቀጥለው ሳምንት ማሳወቅ አልችልም።,Refusal,2,Refusal_14,train
6250,እርግጥ ነው፣ ውሳኔው ትክክል ነው... በጣም ጥሩ!,Sarcasm/Irony,5,Sarcasm/Irony_11,train
6251,አልቻልኩም፣ ስጦታውን በሚቀጥለው ሳምንት ማምጣት አልቻልኩም።,Refusal,2,Refusal_06,val
6252,ነጋዴው፣ ዛሬ እንዴት ነው?,Phatic,7,Phatic_07,train
6253,ክፍያውን በሚቀጥለው ወር አደርጋለሁ።,Promise,8,Promise_03,val
6254,ሰላም፣ ስራ በጤና ጣቢያ እንዴት ነው?,Phatic,7,Phatic_08,train
6255,አዎ፣ ውሉን ዛሬ ጠዋት አደረግኩት... ትክክል ነው!,Sarcasm/Irony,5,Sarcasm/Irony_00,test
6256,ተጠንቀቅ፣ ቦታውን በሚቀጥለው ሳምንት ካላስያዝክ ይያዛል።,Warning,4,Warning_08,val
6257,አልፈልግም፣ ፋይሉን አልቀበልም።,Refusal,2,Refusal_03,val
6258,ተጠንቀቅ፣ ለፖሊሱ ካልላክ ችግር ይፈጥራል።,Warning,4,Warning_02,train
6259,የሰነዱ ዋጋ ተቀይሯል።,Assertion,1,Assertion_09,train
6260,አዎ፣ ለአስተዳዳሪው ደውያለሁ... በጣም ቀላል!,Sarcasm/Irony,5,Sarcasm/Irony_14,train
6261,ሪፖርቱን በቅርቡ አቀርባለሁ።,Promise,8,Promise_05,train
6262,ሪፖርቱ ዝግጁ ነው።,Assertion,1,Assertion_08,train
6263,መረጃው ትክክል ነው።,Assertion,1,Assertion_04,train
6264,መረጃው ትክክል ነው።,Assertion,1,Assertion_04,train
6265,አዎ፣ ውሉ ተፈርሟል... በጣም ቀላል ነበር!,Sarcasm/Irony,5,Sarcasm/Irony_04,val
6266,እርግጥ ነው፣ ውሳኔው ጥሩ ነው... በጣም ጥሩ!,Sarcasm/Irony,5,Sarcasm/Irony_13,val
6267,እባክዎ ውሉን በሚቀጥለው ቀን ይላኩልኝ።,Request,0,Request_00,train
6268,ስራው ነገ ጠዋት አልተጠናቀቀም።,Complaint,6,Complaint_12,train
6269,ስጦታው ገና ወደ ዩኒቨርሲቲ በሚቀጥለው ወር አልደረሰኝም።,Complaint,6,Complaint_00,train
6270,መጽሐፉ በዚህ ሳምንት ደረሰ።,Assertion,1,Assertion_11,val
6271,ይሻላል ውሳኔውን ዛሬ ማሳወቅ።,Suggestion,3,Suggestion_14,test
6272,ትዕዛዙ በቅርቡ ተጠናቀቀ።,Assertion,1,Assertion_02,val
6273,እባክሽ ምግቡን በዚህ ወር አዘጋጅልኝ።,Request,0,Request_13,val
6274,አዎ፣ ውሉ ተፈርሟል... በጣም ቀላል ነበር!,Sarcasm/Irony,5,Sarcasm/Irony_04,test
6275,ሀሳቤ መረጃውን ለአለቃዬ ማጋራት ነው።,Suggestion,3,Suggestion_11,train
6276,አዎ፣ መጽሐፉ ተመልሷል... በጣም ቀላል!,Sarcasm/Irony,5,Sarcasm/Irony_10,val
6277,አዎ፣ ስራው ተጠናቀቀ... በጣም ፈጣን!,Sarcasm/Irony,5,Sarcasm/Irony_12,test
6278,ይቅርታ፣ ለባልደረባዬ መላክ አልችልም።,Refusal,2,Refusal_05,train
6279,አይደለም፣ ሪፖርቱን በሚቀጥለው ቀን ማጠናቀቅ አልችልም።,Refusal,2,Refusal_10,train
6280,መረጃውን ነገ ጠዋት እላካለሁ።,Promise,8,Promise_06,train
6281,እባክዎ ስጦታውን በፍጥነት ያድርሱልኝ።,Request,0,Request_06,train
6282,አልቻልኩም፣ ስጦታውን ነገ ማታ ማምጣት አልቻልኩም።,Refusal,2,Refusal_06,train
6283,እባክዎ ሪፖርቱን አሁን ይላኩልኝ።,Request,0,Request_04,train
6284,አልችልም፣ ምግቡን አሁን ማዘጋጀት አልቻልኩም።,Refusal,2,Refusal_12,train
6285,ተጠንቀቅ፣ ለፖሊሱ ካልደወልክ ችግር ይፈጥራል።,Warning,4,Warning_12,val
6286,ለባልደረባዬ ዛሬ አልደወሉልኝም።,Complaint,6,Complaint_14,train
6287,አይደለም፣ ውሉን ነገ ጠዋት ማረጋገጥ አልችልም።,Refusal,2,Refusal_04,train
6288,ውሳኔውን በሚቀጥለው ቀን አሳውቃለሁ።,Promise,8,Promise_11,val
6289,ይቅርታ፣ ለአባቴ መላክ አልችልም።,Refusal,2,Refusal_05,val
6290,ይቅርታ፣ ውሳኔውን በዚህ ወር ማሳወቅ አልችልም።,Refusal,2,Refusal_14,val
6291,እንደኔ ሀሳብ መጽሐፉን ዛሬ ማታ ማንበብ ይሻላል።,Suggestion,3,Suggestion_13,train
6292,ማስጠንቀቂያ፣ ሪፖርቱን በሚቀጥለው ቀን ካላቀረብክ ቅጣት አለ።,Warning,4,Warning_05,train
6293,እባክዎ መጽሐፉን ዛሬ ጠዋት ይላኩልኝ።,Request,0,Request_14,train
6294,አዎ፣ ለአባቴ ላክኩት... በጣም ጥሩ!,Sarcasm/Irony,5,Sarcasm/Irony_02,train
6295,መጽሐፉ በዚህ ሳምንት አልደረሰኝም።,Complaint,6,Complaint_09,train
6296,እንዴት ነሽ?,Phatic,7,Phatic_05,train
6297,ሀሳቤ መረጃውን ለአጋሬ ማጋራት ነው።,Suggestion,3,Suggestion_11,train
6298,ምክሬ ሸቀጡን አሁን ማረጋገጥ ነው።,Suggestion,3,Suggestion_03,train
6299,እባክዎ ክፍያውን በሚቀጥለው ሳምንት ያረጋግጡልኝ።,Request,0,Request_08,train
6300,ማስጠንቀቂያ፣ ሪፖርቱን በሚቀጥለው ሳምንት ካላቀረብክ ቅጣት አለ።,Warning,4,Warning_05,train
6301,ውሳኔውን በፍጥነት አሳውቃለሁ።,Promise,8,Promise_11,train
6302,ሪፖርቱ በሚቀጥለው ሳምንት አልቀረበም።,Complaint,6,Complaint_05,train
6303,የሪፖርቱ ችግር ከምሽቱ ጀምሮ ከጓደኛዋ ጋር እፈታለሁ።,Assertion,1,Assertion_00,train
6304,እባክዎ መረጃውን በሚቀጥለው ቀን ይላኩልኝ።,Request,0,Request_07,train
6305,ነጋዴው፣ ስራ በሱቅ እንዴት ነው?,Phatic,7,Phatic_00,train
6306,መረጃው ትክክል ነው።,Assertion,1,Assertion_04,val
6307,ውሳኔውን በቅርቡ አሳውቃለሁ።,Promise,8,Promise_11,train
6308,ትዕዛዙ በዚህ አመት አልደረሰኝም።,Complaint,6,Complaint_01,train
6309,ምግቡ ነገ ማታ አልደረሰኝም።,Complaint,6,Complaint_08,train
6310,ውሉ በዚህ ሳምንት ተፈርሟል።,Assertion,1,Assertion_07,train
6311,ትዕዛዙ ነገ ተጠናቀቀ።,Assertion,1,Assertion_02,test
6312,አዎ፣ ስራው ተጠናቀቀ... በጣም ፈጣን!,Sarcasm/Irony,5,Sarcasm/Irony_12,train
6313,ክፍያው ዛሬ ማታ አልተከፈለም።,Complaint,6,Complaint_03,test
6314,እባክሽ ደብዳቤውን ነገ አምጪልኝ።,Request,0,Request_09,train
6315,እባክሽ ምግቡን ነገ ጠዋት አምጪልኝ።,Request,0,Request_01,train
6316,ተጠንቀቅ፣ ለቤተሰቤ ካልላክ ችግር ይፈጥራል።,Warning,4,Warning_02,train
6317,መረጃው ትክክል ነው።,Assertion,1,Assertion_04,val
6318,ሪፖርቱ በቅርቡ አልቀረበም።,Complaint,6,Complaint_05,train
6319,ይሻላል ውሉን ለባልደረባዬ ማሳወቅ።,Suggestion,3,Suggestion_02,train
6320,እባክዎ ቦታውን ነገ ማታ ያስይዙልኝ።,Request,0,Request_12,train
6321,ሪፖርቱ ዝግጁ ነው።,Assertion,1,Assertion_08,train
6322,ማስጠንቀቂያ፣ ምግቡን ነገ ማታ ካላዘጋጀህ ችግር ይፈጥራል።,Warning,4,Warning_09,train
6323,ትዕዛዙ በፍጥነት ተጠናቀቀ።,Assertion,1,Assertion_02,train
6324,እንዴት ነሽ?,Phatic,7,Phatic_05,train
6325,የውሳኔው ችግር ከምሽቱ ጀምሮ አልተፈታም።,Complaint,6,Complaint_02,train
6326,እባክዎ ቦታውን ዛሬ ያስይዙልኝ።,Request,0,Request_12,train
6327,አዎ፣ ስጦታው ደርሷል... በጣም ጥሩ!,Sarcasm/Irony,5,Sarcasm/Irony_06,train
6328,ነጋዴው፣ ስራ በሆስፒታል እንዴት ነው?,Phatic,7,Phatic_00,train
6329,ይሻላል ፋይሉን ለጓደኛዋ ማሳወቅ።,Suggestion,3,Suggestion_02,train
6330,እርግጥ ነው፣ ትዕዛዙ ጥሩ ነው... በጣም ጥሩ!,Sarcasm/Irony,5,Sarcasm/Irony_13,test
6331,ጤና ይስጥልኝ፣ ቤተሰብ እንዴት ናቸው?,Phatic,7,Phatic_06,train
6332,ስጦታው በሚቀጥለው ወር ደርሷል።,Assertion,1,Assertion_01,train
6333,ተጠንቀቅ፣ ውሉን በሚቀጥለው ቀን ካልፈረምክ ህጋዊ ችግር ይፈጥራል።,Warning,4,Warning_04,train
6334,አዎ፣ ስራው ተጠናቀቀ... በጣም ፈጣን!,Sarcasm/Irony,5,Sarcasm/Irony_12,train
6335,ትዕዛዙን በሚቀጥለው ቀን አጠናቅቃለሁ።,Promise,8,Promise_02,train
6336,ይሻላል ክፍያውን በዚህ ወር ማድረግ።,Suggestion,3,Suggestion_08,test
6337,ነጋዴው፣ ስራ በአውሮፕላን ማረፊያ እንዴት ነው?,Phatic,7,Phatic_00,test
6338,መረጃው ትክክል ነው።,Assertion,1,Assertion_04,train
6339,የፓኬጁ ችግር ከምሽቱ ጀምሮ ከሰራተኛው ጋር እፈታለሁ።,Assertion,1,Assertion_00,train
6340,ውሳኔው በሚቀጥለው ወር አልተሰጠም።,Complaint,6,Complaint_13,train
6341,ማስጠንቀቂያ፣ መረጃውን ካላጋራህ ችግር ይፈጥራል።,Warning,4,Warning_07,train
6342,ምክሬ አገልግሎቱን አሁን ማረጋገጥ ነው።,Suggestion,3,Suggestion_03,train
6343,ይሻላል ቲኬቱን ለአስተዳዳሪው ማሳወቅ።,Suggestion,3,Suggestion_02,train
6344,ሰላም፣ እንዴት ነህ?,Phatic,7,Phatic_01,train
6345,አይደለም፣ ውሉን ነገ ጠዋት ማረጋገጥ አልችልም።,Refusal,2,Refusal_04,test
6346,አልፈልግም፣ ቦታውን ማስያዝ አልችልም።,Refusal,2,Refusal_09,train
6347,እንዴት ነህ ጓደኛ?,Phatic,7,Phatic_12,train
6348,ማስጠንቀቂያ፣ ውሳኔውን በዚህ ሳምንት ካላሳወቅክ ችግር ይፈጥራል።,Warning,4,Warning_11,val
6349,እርግጥ ነው፣ ምግቡ ዝግጁ ነው... በጣም ጣፋጭ!,Sarcasm/Irony,5,Sarcasm/Irony_09,val
6350,የትዕዛዙ ችግር ከዛሬ ጀምሮ ከአለቃዬ ጋር እፈታለሁ።,Promise,8,Promise_00,train
6351,እባክዎ ቦታውን አሁን ያስይዙልኝ።,Request,0,Request_12,train
6352,ምክሬ መረጃውን አሁን ማረጋገጥ ነው።,Suggestion,3,Suggestion_03,val
6353,የመልእክቱ ዋጋ ተቀይሯል።,Assertion,1,Assertion_09,train
6354,ትዕዛዙን በሚቀጥለው ቀን አጠናቅቃለሁ።,Promise,8,Promise_02,val
6355,ውሉ በሚቀጥለው ወር ተፈርሟል።,Assertion,1,Assertion_07,val
6356,ስራው በዚህ ሳምንት ተጀምሯል።,Assertion,1,Assertion_13,train
6357,አይ፣ አሁን ደብዳቤው ማድረግ አልችልም።,Refusal,2,Refusal_01,train
6358,ምናልባት ምግቡን በዚህ ሳምንት ማዘጋጀት ይሻላል።,Suggestion,3,Suggestion_12,train
6359,ስራው በፍጥነት ተጀምሯል።,Assertion,1,Assertion_13,val
6360,እባክዎ ቲኬቱን ለደንበኛው ዛሬ ጠዋት ይላኩልኝ።,Request,0,Request_11,train
6361,ማስጠንቀቂያ፣ ውሳኔውን ዛሬ ካላሳወቅክ ችግር ይፈጥራል።,Warning,4,Warning_11,test
6362,ትዕዛዙ ዛሬ ተጠናቀቀ።,Assertion,1,Assertion_02,train
6363,ምክሬ ቦታውን አሁን ማስያዝ ነው።,Suggestion,3,Suggestion_09,train
6364,ውሉን ዛሬ ማታ እፈርማለሁ።,Promise,8,Promise_04,train
6365,እንደሚመስለኝ ስጦታውን በሚቀጥለው ወር ማምጣት ይሻላል።,Suggestion,3,Suggestion_10,val
6366,ክፍያውን በሚቀጥለው ሳምንት አደርጋለሁ።,Promise,8,Promise_03,train
6367,ተጠንቀቅ፣ ስራውን በሚቀጥለው ቀን ካላጠናቀቅክ ቅጣት አለ።,Warning,4,Warning_14,test
6368,ስጦታው ገና ወደ ትምህርት ቤት በሚቀጥለው ወር አልደረሰኝም።,Complaint,6,Complaint_00,val
6369,እርግጥ ነው፣ ክፍያው ተከፍሏል... በጣም ቀላል!,Sarcasm/Irony,5,Sarcasm/Irony_03,train
6370,ውሉ ዛሬ ማታ ተፈርሟል።,Assertion,1,Assertion_07,test
6371,ስጦታው ነገ ደርሷል።,Assertion,1,Assertion_01,val
6372,የቲኬቱ ችግርን በሚቀጥለው ቀን እፈታለሁ።,Promise,8,Promise_14,test
6373,እንዴት ነህ ጓደኛ?,Phatic,7,Phatic_12,train
6374,ይቅርታ፣ መረጃውን ማጋራት አልችልም።,Refusal,2,Refusal_08,train
6375,ለአለቃዬ በሚቀጥለው ሳምንት አልደወሉልኝም።,Complaint,6,Complaint_14,train
6376,እባክዎ መጽሐፉን ዛሬ ጠዋት ይላኩልኝ።,Request,0,Request_14,train
6377,ሪፖርቱ ዝግጁ ነው።,Assertion,1,Assertion_08,train
6378,ክፍያው ተከፍሏል።,Assertion,1,Assertion_05,test
6379,አዎ፣ ስራው ተጠናቀቀ... በጣም ፈጣን!,Sarcasm/Irony,5,Sarcasm/Irony_12,test
6380,አዎ፣ ቦታው ነፃ ነው... በጣም ምቹ!,Sarcasm/Irony,5,Sarcasm/Irony_08,train
6381,እርግጥ ነው፣ ትዕዛዙ በሚቀጥለው ሳምንት ተጠናቀቀ... በጣም ፈጣን!,Sarcasm/Irony,5,Sarcasm/Irony_01,test
6382,መጽሐፉን ነገ አመልሳለሁ።,Promise,8,Promise_09,train
6383,የቤተሰቤ ስራ በቢሮ ጥሩ ነው።,Assertion,1,Assertion_06,train
6384,እርግጥ ነው፣ ክፍያው ተከፍሏል... በጣም ቀላል!,Sarcasm/Irony,5,Sarcasm/Irony_03,val
6385,ምናልባት ሸቀጡን በሚቀጥለው ቀን ማድረግ ይሻላል።,Suggestion,3,Suggestion_00,train
6386,እባክዎ ስጦታውን በዚህ ሳምንት ያድርሱልኝ።,Request,0,Request_06,val
6387,ማስጠንቀቂያ፣ ክፍያውን በዚህ ሳምንት ካላደረግክ አገልግሎት ይቋረጣል።,Warning,4,Warning_03,train
6388,ውሳኔው በዚህ አመት አልተሰጠም።,Complaint,6,Complaint_13,train
6389,ይሻላል ምግቡን ለጓደኛዋ ማሳወቅ።,Suggestion,3,Suggestion_02,train
6390,ክፍያው ነገ አልተከፈለም።,Complaint,6,Complaint_03,val
6391,አዎ፣ ውሉ ተፈርሟል... በጣም ቀላል ነበር!,Sarcasm/Irony,5,Sarcasm/Irony_04,train
6392,የሸቀጡ ዋጋ ተቀይሯል።,Assertion,1,Assertion_09,train
6393,ምግቡን በፍጥነት አዘጋጃለሁ።,Promise,8,Promise_08,train
6394,ማስጠንቀቂያ፣ ምግቡን ነገ ማታ ካላዘጋጀህ ችግር ይፈጥራል።,Warning,4,Warning_09,train
6395,እባክዎ ቦታውን በዚህ አመት ያስይዙልኝ።,Request,0,Request_12,train
6396,ይሻላል ውሳኔውን አሁን ማሳወቅ።,Suggestion,3,Suggestion_14,train
6397,መጽሐፉን ነገ ማታ አመልሳለሁ።,Promise,8,Promise_09,train
6398,ይቅርታ፣ ለጓደኛዬ መላክ አልችልም።,Refusal,2,Refusal_05,train
6399,ቦታውን ነገ አስይዛለሁ።,Promise,8,Promise_07,test
6400,እንደሚመስለኝ ስጦታውን ዛሬ ጠዋት ማምጣት ይሻላል።,Suggestion,3,Suggestion_10,train
6401,ለሰራተኛው ዛሬ አልደወሉልኝም።,Complaint,6,Complaint_14,train
6402,አዎ፣ ስራውን አሁን አደረግኩት... ትክክል ነው!,Sarcasm/Irony,5,Sarcasm/Irony_00,train
6403,ይሻላል ክፍያውን ዛሬ ማድረግ።,Suggestion,3,Suggestion_08,val
6404,ማስጠንቀቂያ፣ ክፍያውን በሚቀጥለው ወር ካላደረግክ አገልግሎት ይቋረጣል።,Warning,4,Warning_03,test
6405,ተጠንቀቅ፣ ቦታውን ነገ ማታ ካላስያዝክ ይያዛል።,Warning,4,Warning_08,train
6406,ትዕዛዙን በቅርቡ አጠናቅቃለሁ።,Promise,8,Promise_02,train
6407,እንደሚመስለኝ ትዕዛዙን በዚህ ሳምንት ማጠናቀቅ ይሻላል።,Suggestion,3,Suggestion_04,train
6408,እርግጥ ነው፣ ውሳኔው ትክክል ነው... በጣም ጥሩ!,Sarcasm/Irony,5,Sarcasm/Irony_11,test
6409,ማስጠንቀቂያ፣ ምግቡን ዛሬ ጠዋት ካላዘጋጀህ ችግር ይፈጥራል።,Warning,4,Warning_09,test
6410,አልችልም፣ ክፍያውን በሚቀጥለው ሳምንት ማድረስ አልቻልኩም።,Refusal,2,Refusal_00,val
6411,ክፍያው ተከፍሏል።,Assertion,1,Assertion_05,train
6412,ክፍያው ተከፍሏል።,Assertion,1,Assertion_05,train
6413,ምናልባት ለባልደረባዬ መደወል ይሻላል።,Suggestion,3,Suggestion_06,train
6414,አዎ፣ ለጓደኛዬ ደውያለሁ... በጣም ቀላል!,Sarcasm/Irony,5,Sarcasm/Irony_14,train
6415,እንደምን አደረሽ?,Phatic,7,Phatic_09,train
6416,እርግጥ ነው፣ ውሳኔው ትክክል ነው... በጣም ጥሩ!,Sarcasm/Irony,5,Sarcasm/Irony_11,val
6417,ሰላም፣ ስራ በገበያ እንዴት ነው?,Phatic,7,Phatic_08,train
6418,እንዴት ነሽ?,Phatic,7,Phatic_05,train
6419,ይሻላል ቦታውን ለአስተዳዳሪው ማሳወቅ።,Suggestion,3,Suggestion_02,train
6420,የፋይሉ ችግር ከባለፈው ወር ጀምሮ አልተፈታም።,Complaint,6,Complaint_02,train
6421,ማስጠንቀቂያ፣ ሪፖርቱን ነገ ጠዋት ካላቀረብክ ቅጣት አለ።,Warning,4,Warning_05,test
6422,የመልእክቱ ችግር ከባለፈው ሳምንት ጀምሮ ከጓደኛዬ ጋር እፈታለሁ።,Assertion,1,Assertion_00,test
6423,ማስጠንቀቂያ፣ ትዕዛዙን ነገ ማታ ካላጠናቀቅክ ቅጣት አለ።,Warning,4,Warning_01,train
6424,እንዴት ነሽ?,Phatic,7,Phatic_05,train
6425,ውሳኔውን ዛሬ አሳውቃለሁ።,Promise,8,Promise_11,train
6426,እንደሚመስለኝ ትዕዛዙን በፍጥነት ማጠናቀቅ ይሻላል።,Suggestion,3,Suggestion_04,train
6427,ጤና ይስጥልኝ፣ ቤተሰብ እንዴት ናቸው?,Phatic,7,Phatic_06,train
6428,ተጠንቀቅ፣ መጽሐፉን ነገ ጠዋት ካላደረግክ ችግር ይፈጥራል።,Warning,4,Warning_00,train
6429,ይሻላል ክፍያውን በዚህ ሳምንት ማድረግ።,Suggestion,3,Suggestion_08,train
6430,ተጠንቀቅ፣ ለፖሊሱ ካልላክ ችግር ይፈጥራል።,Warning,4,Warning_02,test
6431,ማስጠንቀቂያ፣ ክፍያውን ዛሬ ጠዋት ካላደረግክ አገልግሎት ይቋረጣል።,Warning,4,Warning_03,train
6432,እርግጥ ነው፣ ቦታው ጥሩ ነው... በጣም ጥሩ!,Sarcasm/Irony,5,Sarcasm/Irony_13,train
6433,ተጠንቀቅ፣ ቦታውን አሁን ካላስያዝክ ይያዛል።,Warning,4,Warning_08,train
6434,ነጋዴው፣ ዛሬ እንዴት ነው?,Phatic,7,Phatic_07,train
6435,እባክዎ ትዕዛዙን ለደንበኛው ነገ ማታ ይላኩልኝ።,Request,0,Request_03,test
6436,ይቅርታ፣ ለጓደኛዬ መላክ አልችልም።,Refusal,2,Refusal_05,test
6437,እርግጥ ነው፣ ምግቡ ዝግጁ ነው... በጣም ጣፋጭ!,Sarcasm/Irony,5,Sarcasm/Irony_09,test
6438,ነጋዴው፣ ስራ በቤተ መንግስት እንዴት ነው?,Phatic,7,Phatic_00,val
6439,አዎ፣ ቦታው ነፃ ነው... በጣም ምቹ!,Sarcasm/Irony,5,Sarcasm/Irony_08,train
6440,እንደሚመስለኝ ስጦታውን በዚህ ወር ማምጣት ይሻላል።,Suggestion,3,Suggestion_10,train
6441,ውሳኔውን ዛሬ አሳውቃለሁ።,Promise,8,Promise_11,train
6442,ማስጠንቀቂያ፣ ክፍያውን ነገ ማታ ካላደረግክ አገልግሎት ይቋረጣል።,Warning,4,Warning_03,train
6443,ሪፖርቱን በሚቀጥለው ሳምንት አቀርባለሁ።,Promise,8,Promise_05,train
6444,ማስጠንቀቂያ፣ ሪፖርቱን ዛሬ ማታ ካላቀረብክ ቅጣት አለ።,Warning,4,Warning_05,test
6445,እባክዎ ፋይሉን ዛሬ ማታ ይላኩልኝ።,Request,0,Request_00,train
6446,መጽሐፉ በፍጥነት ደረሰ።,Assertion,1,Assertion_11,train
6447,ይቅርታ፣ መረጃውን ማጋራት አልችልም።,Refusal,2,Refusal_08,test
6448,ትዕዛዙ በቅርቡ አልደረሰኝም።,Complaint,6,Complaint_01,train
6449,ነጋዴው፣ ስራ እንዴት እየሄደ ነው?,Phatic,7,Phatic_14,train
6450,መረጃው ትክክል ነው።,Assertion,1,Assertion_04,train
6451,ትዕዛዙ በሚቀጥለው ወር አልደረሰኝም።,Complaint,6,Complaint_01,train
6452,ተጠንቀቅ፣ ቦታውን ነገ ማታ ካላስያዝክ ይያዛል።,Warning,4,Warning_08,train
6453,ለአጋሬ በዚህ አመት እደውላለሁ።,Promise,8,Promise_10,train
6454,ስራው ነገ ጠዋት ተጀምሯል።,Assertion,1,Assertion_13,test
6455,ሀሳቤ መረጃውን ለጓደኛዬ ማጋራት ነው።,Suggestion,3,Suggestion_11,test
6456,ይቅርታ፣ መረጃውን ማጋራት አልችልም።,Refusal,2,Refusal_08,train
6457,የሪፖርቱ ጥራት ከፍተኛ ነው።,Assertion,1,Assertion_14,train
6458,ነጋዴው፣ ስራ በሆቴል እንዴት ነው?,Phatic,7,Phatic_00,test
6459,እርግጥ ነው፣ ሪፖርቱ ዝግጁ ነው... በጣም ፈጣን!,Sarcasm/Irony,5,Sarcasm/Irony_05,train
6460,እርግጥ ነው፣ ውሳኔው ጥሩ ነው... በጣም ጥሩ!,Sarcasm/Irony,5,Sarcasm/Irony_13,train
6461,የትዕዛዙ ሁኔታ ጥሩ ነው።,Assertion,1,Assertion_03,train
6462,እባክዎ መጽሐፉን አሁን ይላኩልኝ።,Request,0,Request_14,train
6463,የፋይሉ ችግር ከማክሰኞ ጀምሮ ከጓደኛችን ጋር እፈታለሁ።,Assertion,1,Assertion_00,test
6464,እንዴት ነህ ጓደኛ?,Phatic,7,Phatic_12,train
6465,ስራው በሚቀጥለው ሳምንት ተጀምሯል።,Assertion,1,Assertion_13,train
6466,እባክዎ ስጦታውን ነገ ያድርሱልኝ።,Request,0,Request_06,test
6467,ይቅርታ፣ ውሳኔውን በሚቀጥለው ሳምንት ማሳወቅ አልችልም።,Refusal,2,Refusal_14,train
6468,እባክዎ መረጃውን ለደንበኛው በሚቀጥለው ሳምንት ይላኩልኝ።,Request,0,Request_11,train
6469,ምግቡን በሚቀጥለው ሳምንት አዘጋጃለሁ።,Promise,8,Promise_08,train
6470,ትዕዛዙን አሁን አጠናቅቃለሁ።,Promise,8,Promise_02,train
6471,አዎ፣ ለአለቃዬ ደውያለሁ... በጣም ቀላል!,Sarcasm/Irony,5,Sarcasm/Irony_14,train
6472,አልቻልኩም፣ ስጦታውን ዛሬ ማምጣት አልቻልኩም።,Refusal,2,Refusal_06,train
6473,እባክዎ መረጃውን አሁን ይላኩልኝ።,Request,0,Request_07,test
6474,ይቅርታ፣ ትዕዛዙን በሚቀጥለው ወር መላክ አልችልም።,Refusal,2,Refusal_02,train
6475,ሪፖርቱ በፍጥነት አልቀረበም።,Complaint,6,Complaint_05,train
6476,ጤና ይስጥልኝ፣ ሰራተኛው እንዴት ነው?,Phatic,7,Phatic_10,train
6477,ምናልባት ለጓደኛዋ መደወል ይሻላል።,Suggestion,3,Suggestion_06,train
6478,አይ፣ አሁን ሸቀጡ ማድረግ አልችልም።,Refusal,2,Refusal_01,train
6479,እንዴት ነህ ጓደኛ?,Phatic,7,Phatic_12,train
6480,ተጠንቀቅ፣ መጽሐፉን ዛሬ ጠዋት ካላመለስክ ቅጣት አለ።,Warning,4,Warning_10,val
6481,ተጠንቀቅ፣ ስጦታውን በዚህ ወር ካላመጣህ ችግር ይፈጥራል።,Warning,4,Warning_06,test
6482,ውሉ በዚህ ሳምንት አልተፈረመም።,Complaint,6,Complaint_04,train
6483,የሰራተኛው ውሳኔ ትክክል ነው።,Assertion,1,Assertion_12,train
6484,መረጃውን ዛሬ እላካለሁ።,Promise,8,Promise_06,train
6485,እባክዎ ሸቀጡን ነገ ይላኩልኝ።,Request,0,Request_00,train
6486,ትዕዛዙን ዛሬ አጠናቅቃለሁ።,Promise,8,Promise_02,train
6487,ተጠንቀቅ፣ ለሰራተኛው ካልደወልክ ችግር ይፈጥራል።,Warning,4,Warning_12,test
6488,ቦታው ነፃ ነው።,Assertion,1,Assertion_10,train
6489,አይ፣ ክፍያውን አሁን ማድረግ አልችልም።,Refusal,2,Refusal_07,train
6490,አዎ፣ ስጦታው ደርሷል... በጣም ጥሩ!,Sarcasm/Irony,5,Sarcasm/Irony_06,train
6491,እባክዎ ቦታውን ነገ ማታ ያስይዙልኝ።,Request,0,Request_12,test
6492,አልቻልኩም፣ ስጦታውን በሚቀጥለው ቀን ማምጣት አልቻልኩም።,Refusal,2,Refusal_06,val
6493,ምክሬ ስራውን አሁን ማረጋገጥ ነው።,Suggestion,3,Suggestion_03,train
6494,ስጦታውን በሚቀጥለው ሳምንት አደርሳለሁ።,Promise,8,Promise_01,train
6495,ውሳኔው በሚቀጥለው ወር አልተሰጠም።,Complaint,6,Complaint_13,val
6496,ጤና ይስጥልኝ፣ ስራ እንዴት ነው?,Phatic,7,Phatic_02,train
6497,አዎ፣ ለባልደረባዬ ደውያለሁ... በጣም ቀላል!,Sarcasm/Irony,5,Sarcasm/Irony_14,train
6498,እባክዎ ክፍያውን ዛሬ ያረጋግጡልኝ።,Request,0,Request_08,test
6499,ምግቡ ነገ ጠዋት አልደረሰኝም።,Complaint,6,Complaint_08,test
6500,ውሉን ነገ ጠዋት እፈርማለሁ።,Promise,8,Promise_04,train
6501,አልፈልግም፣ ስራውን አልቀበልም።,Refusal,2,Refusal_03,train
6502,አዎ፣ ቦታው ነፃ ነው... በጣም ምቹ!,Sarcasm/Irony,5,Sarcasm/Irony_08,train
6503,እባክዎ ትዕዛዙን ለባልደረባዬ በዚህ ወር ይላኩልኝ።,Request,0,Request_03,val
6504,ተጠንቀቅ፣ መጽሐፉን ዛሬ ማታ ካላመለስክ ቅጣት አለ።,Warning,4,Warning_10,train
6505,መጽሐፉ ዛሬ አልደረሰኝም።,Complaint,6,Complaint_09,test
6506,መጽሐፉን በዚህ ሳምንት አመልሳለሁ።,Promise,8,Promise_09,train
6507,እባክዎ ሪፖርቱን በሚቀጥለው ቀን ይላኩልኝ።,Request,0,Request_10,train
6508,ውሳኔው ነገ ማታ አልተሰጠም።,Complaint,6,Complaint_13,train
6509,እባክሽ ደብዳቤውን በሚቀጥለው ሳምንት አምጪልኝ።,Request,0,Request_09,train
6510,እርግጥ ነው፣ ክፍያው ተከፍሏል... በጣም ቀላል!,Sarcasm/Irony,5,Sarcasm/Irony_03,val
6511,የስጦታው ችግር ከማክሰኞ ጀምሮ አልተፈታም።,Complaint,6,Complaint_02,train
6512,የአገልግሎቱ ችግርን በዚህ ወር እፈታለሁ።,Promise,8,Promise_14,train
6513,እባክዎ ትዕዛዙን ለአለቃዬ ነገ ማታ ይላኩልኝ።,Request,0,Request_03,train
6514,ይቅርታ፣ ለባልደረባዬ መላክ አልችልም።,Refusal,2,Refusal_05,train
6515,እባክዎ መረጃውን በቅርቡ ይላኩልኝ።,Request,0,Request_00,train
6516,ሰላም፣ ስራ በቢሮ እንዴት ነው?,Phatic,7,Phatic_08,test
6517,ትዕዛዙ አሁን ተጠናቀቀ።,Assertion,1,Assertion_02,val
6518,ጤና ይስጥልኝ፣ ሰራተኛው እንዴት ነው?,Phatic,7,Phatic_10,val
6519,ክፍያውን ዛሬ ማታ አደርጋለሁ።,Promise,8,Promise_03,val
6520,አዎ፣ ስጦታው ደርሷል... በጣም ጥሩ!,Sarcasm/Irony,5,Sarcasm/Irony_06,test
6521,ክፍያውን በዚህ አመት አደርጋለሁ።,Promise,8,Promise_03,val
6522,ሪፖርቱ በሚቀጥለው ቀን አልቀረበም።,Complaint,6,Complaint_05,train
6523,እባክዎ ክፍያውን በሚቀጥለው ሳምንት ያረጋግጡልኝ።,Request,0,Request_08,val
6524,ሀሳቤ ውሉን ዛሬ መፈረም ነው።,Suggestion,3,Suggestion_05,test
6525,እንደሚመስለኝ ስጦታውን ዛሬ ማምጣት ይሻላል።,Suggestion,3,Suggestion_10,train
6526,አዎ፣ ለቤተሰቤ ደውያለሁ... በጣም ቀላል!,Sarcasm/Irony,5,Sarcasm/Irony_14,train
6527,እባክሽ ክፍያውን ዛሬ ማታ አምጪልኝ።,Request,0,Request_05,test
6528,እባክዎ ክፍያውን በዚህ አመት ያረጋግጡልኝ።,Request,0,Request_08,train
6529,እርግጥ ነው፣ ትዕዛዙ ነገ ጠዋት ተጠናቀቀ... በጣም ፈጣን!,Sarcasm/Irony,5,Sarcasm/Irony_01,test
6530,የትዕዛዙ ችግር ከጠዋቱ ጀምሮ ከሰራተኛው ጋር እፈታለሁ።,Promise,8,Promise_00,val
6531,እርግጥ ነው፣ ውሳኔው ትክክል ነው... በጣም ጥሩ!,Sarcasm/Irony,5,Sarcasm/Irony_11,train
6532,ነጋዴው፣ ስራ እንዴት እየሄደ ነው?,Phatic,7,Phatic_14,train
6533,ቦታው ነፃ ነው።,Assertion,1,Assertion_10,test
6534,ቦታው ነፃ ነው።,Assertion,1,Assertion_10,val
6535,መረጃውን በዚህ ወር እላካለሁ።,Promise,8,Promise_06,val
6536,አዎ፣ ስጦታው ደርሷል... በጣም ጥሩ!,Sarcasm/Irony,5,Sarcasm/Irony_06,train
6537,አይደለም፣ ውሉን በዚህ ወር ማረጋገጥ አልችልም።,Refusal,2,Refusal_04,train
6538,አዎ፣ ለእናቴ ደውያለሁ... በጣም ቀላል!,Sarcasm/Irony,5,Sarcasm/Irony_14,train
6539,ሰላም፣ ስራ በቤት እንዴት ነው?,Phatic,7,Phatic_08,val
6540,መጽሐፉ በሚቀጥለው ቀን ደረሰ።,Assertion,1,Assertion_11,train
6541,እንዴት ነሽ?,Phatic,7,Phatic_05,train
6542,እንደኔ ሀሳብ ሪፖርቱን ነገ መላክ ይሻላል።,Suggestion,3,Suggestion_01,train
6543,ይቅርታ፣ ለወንድሜ መላክ አልችልም።,Refusal,2,Refusal_05,train
6544,አዎ፣ ውሉ ተፈርሟል... በጣም ቀላል ነበር!,Sarcasm/Irony,5,Sarcasm/Irony_04,train
6545,ይቅርታ፣ ውሳኔውን በዚህ አመት ማሳወቅ አልችልም።,Refusal,2,Refusal_14,train
6546,አልፈልግም፣ ቦታውን ማስያዝ አልችልም።,Refusal,2,Refusal_09,train
6547,እንደኔ ሀሳብ ትዕዛዙን በሚቀጥለው ሳምንት መላክ ይሻላል።,Suggestion,3,Suggestion_01,train
6548,ሪፖርቱ ነገ ጠዋት አልቀረበም።,Complaint,6,Complaint_05,train
6549,አዎ፣ ኮንትራቱን ነገ ማታ አደረግኩት... ትክክል ነው!,Sarcasm/Irony,5,Sarcasm/Irony_00,val
6550,እባክዎ መጽሐፉን በዚህ ሳምንት ይላኩልኝ።,Request,0,Request_14,val
6551,ምናልባት ለአጋሬ መደወል ይሻላል።,Suggestion,3,Suggestion_06,train
6552,ተጠንቀቅ፣ ስጦታውን በሚቀጥለው ሳምንት ካላመጣህ ችግር ይፈጥራል።,Warning,4,Warning_06,test
6553,እርግጥ ነው፣ ክፍያው ተከፍሏል... በጣም ቀላል!,Sarcasm/Irony,5,Sarcasm/Irony_03,train
6554,ነጋዴው፣ ስራ እንዴት እየሄደ ነው?,Phatic,7,Phatic_14,train
6555,እባክሽ ምግቡን በዚህ ሳምንት አዘጋጅልኝ።,Request,0,Request_13,train
6556,አዎ፣ መጽሐፉ ተመልሷል... በጣም ቀላል!,Sarcasm/Irony,5,Sarcasm/Irony_10,train
6557,እንደምን አደረሽ?,Phatic,7,Phatic_09,train
6558,የትዕዛዙ ጥራት ከፍተኛ ነው።,Assertion,1,Assertion_14,train
6559,አይ፣ መጽሐፉን ማበደር አልችልም።,Refusal,2,Refusal_13,train
6560,መጽሐፉን በፍጥነት አመልሳለሁ።,Promise,8,Promise_09,train
6561,ትዕዛዙ በቅርቡ አልደረሰኝም።,Complaint,6,Complaint_01,train
6562,መጽሐፉ ነገ ማታ ደረሰ።,Assertion,1,Assertion_11,train
6563,እርግጥ ነው፣ መረጃው ትክክል ነው... በጣም ግልጽ!,Sarcasm/Irony,5,Sarcasm/Irony_07,val
6564,እንደኔ ሀሳብ ሸቀጡን ነገ ማታ መላክ ይሻላል።,Suggestion,3,Suggestion_01,val
6565,ተጠንቀቅ፣ መረጃውን በፍጥነት ካላደረግክ ችግር ይፈጥራል።,Warning,4,Warning_00,train
6566,ስጦታው ዛሬ ማታ ደርሷል።,Assertion,1,Assertion_01,val
6567,አልፈልግም፣ ሪፖርቱን አልቀበልም።,Refusal,2,Refusal_03,train
6568,ቦታውን አሁን አስይዛለሁ።,Promise,8,Promise_07,test
6569,እባክዎ ቦታውን ዛሬ ጠዋት ያስይዙልኝ።,Request,0,Request_12,val
6570,እንደኔ ሀሳብ ሪፖርቱን በዚህ ሳምንት ማቅረብ ይሻላል።,Suggestion,3,Suggestion_07,train
6571,አዎ፣ ለጓደኛዬ ላክኩት... በጣም ጥሩ!,Sarcasm/Irony,5,Sarcasm/Irony_02,train
6572,መረጃው ትክክል ነው።,Assertion,1,Assertion_04,train
6573,መጽሐፉ በቅርቡ ደረሰ።,Assertion,1,Assertion_11,train
6574,ጤና ይስጥልኝ፣ ስራ እንዴት ነው?,Phatic,7,Phatic_02,val
6575,የመጽሐፉ ችግርን አሁን እፈታለሁ።,Promise,8,Promise_14,test
6576,አዎ፣ ስጦታው ደርሷል... በጣም ጥሩ!,Sarcasm/Irony,5,Sarcasm/Irony_06,test
6577,ምክሬ ውሉን አሁን ማረጋገጥ ነው።,Suggestion,3,Suggestion_03,train
6578,አይ፣ ክፍያውን አሁን ማድረግ አልችልም።,Refusal,2,Refusal_07,train
6579,አይ፣ አሁን አገልግሎቱ ማድረግ አልችልም።,Refusal,2,Refusal_01,test
6580,ምግቡ በሚቀጥለው ቀን አልደረሰኝም።,Complaint,6,Complaint_08,val
6581,እባክዎ መረጃውን በሚቀጥለው ሳምንት ይላኩልኝ።,Request,0,Request_07,test
6582,አልችልም፣ ስጦታውን አሁን ማድረስ አልቻልኩም።,Refusal,2,Refusal_00,train
6583,እንደሚመስለኝ ትዕዛዙን በፍጥነት ማጠናቀቅ ይሻላል።,Suggestion,3,Suggestion_04,train
6584,ማስጠንቀቂያ፣ ሪፖርቱን አሁን ካላቀረብክ ቅጣት አለ።,Warning,4,Warning_05,train
6585,ማስጠንቀቂያ፣ ሪፖርቱን ነገ ካላቀረብክ ቅጣት አለ።,Warning,4,Warning_05,train
6586,እባክዎ ፋይሉን በዚህ ወር ይላኩልኝ።,Request,0,Request_00,train
6587,እባክዎ ውሳኔውን ለደንበኛው በፍጥነት ይላኩልኝ።,Request,0,Request_11,train
6588,ውሳኔው በዚህ አመት አልተሰጠም።,Complaint,6,Complaint_13,train
6589,የመጽሐፉ ጥራት ከፍተኛ ነው።,Assertion,1,Assertion_14,val
6590,ተጠንቀቅ፣ ቦታውን ነገ ጠዋት ካላስያዝክ ይያዛል።,Warning,4,Warning_08,val
6591,ሀሳቤ መረጃውን ለደንበኛው ማጋራት ነው።,Suggestion,3,Suggestion_11,test
6592,ነጋዴው፣ ስራ እንዴት እየሄደ ነው?,Phatic,7,Phatic_14,train
6593,ሰላም ነው?,Phatic,7,Phatic_04,test
6594,ሰላም ነው?,Phatic,7,Phatic_04,train
6595,እንደሚመስለኝ ትዕዛዙን በሚቀጥለው ሳምንት ማጠናቀቅ ይሻላል።,Suggestion,3,Suggestion_04,test
6596,ስራው ዛሬ አልተጠናቀቀም።,Complaint,6,Complaint_12,test
6597,ሰላም ነው ወንድሜ?,Phatic,7,Phatic_11,train
6598,እርግጥ ነው፣ ምግቡ ዝግጁ ነው... በጣም ጣፋጭ!,Sarcasm/Irony,5,Sarcasm/Irony_09,test
6599,እንዴት ነህ ጓደኛ?,Phatic,7,Phatic_12,train
6600,እርግጥ ነው፣ ሪፖርቱ ዝግጁ ነው... በጣም ፈጣን!,Sarcasm/Irony,5,Sarcasm/Irony_05,train
6601,አልፈልግም፣ ስራውን አልቀበልም።,Refusal,2,Refusal_03,train
6602,ማስጠንቀቂያ፣ ትዕዛዙን አሁን ካላጠናቀቅክ ቅጣት አለ።,Warning,4,Warning_01,test
6603,ክፍያው አሁን አልተከፈለም።,Complaint,6,Complaint_03,train
6604,ስራው በዚህ ሳምንት አልተጠናቀቀም።,Complaint,6,Complaint_12,test
6605,መረጃው ትክክል ነው።,Assertion,1,Assertion_04,train
6606,የውሉ ጥራት ዝቅተኛ ነው።,Complaint,6,Complaint_11,train
6607,የመልእክቱ ሁኔታ ጥሩ ነው።,Assertion,1,Assertion_03,val
6608,አዎ፣ ውሉ ተፈርሟል... በጣም ቀላል ነበር!,Sarcasm/Irony,5,Sarcasm/Irony_04,train
6609,እባክዎ ሪፖርቱን ነገ ይላኩልኝ።,Request,0,Request_10,test
6610,እባክሽ ምግቡን በዚህ ወር አዘጋጅልኝ።,Request,0,Request_13,train
6611,አልፈልግም፣ መረጃውን አልቀበልም።,Refusal,2,Refusal_03,train
6612,እባክዎ ውሉን ለአለቃዬ ዛሬ ይላኩልኝ።,Request,0,Request_02,train
6613,እባክዎ ሪፖርቱን ለደንበኛው በፍጥነት ይላኩልኝ።,Request,0,Request_11,train
6614,ተጠንቀቅ፣ መጽሐፉን ነገ ካላደረግክ ችግር ይፈጥራል።,Warning,4,Warning_00,train
6615,ሪፖርቱ ዝግጁ ነው።,Assertion,1,Assertion_08,test
6616,እንደምን አደረሽ?,Phatic,7,Phatic_09,train
6617,እርግጥ ነው፣ ሪፖርቱ ጥሩ ነው... በጣም ጥሩ!,Sarcasm/Irony,5,Sarcasm/Irony_13,train
6618,ክፍያው በሚቀጥለው ወር አልተከፈለም።,Complaint,6,Complaint_03,val
6619,የውሳኔው ችግር ከአርብ ጀምሮ ከጓደኛችን ጋር እፈታለሁ።,Assertion,1,Assertion_00,test
6620,መጽሐፉ በዚህ አመት አልደረሰኝም።,Complaint,6,Complaint_09,train
6621,አዎ፣ ለፖሊሱ ላክኩት... በጣም ጥሩ!,Sarcasm/Irony,5,Sarcasm/Irony_02,train
6622,እባክሽ ምግቡን አሁን አዘጋጅልኝ።,Request,0,Request_13,train
6623,ሀሳቤ ውሉን ነገ ጠዋት መፈረም ነው።,Suggestion,3,Suggestion_05,train
6624,ትዕዛዙ ዛሬ ተጠናቀቀ።,Assertion,1,Assertion_02,train
6625,አዎ፣ ለባልደረባዬ ላክኩት... በጣም ጥሩ!,Sarcasm/Irony,5,Sarcasm/Irony_02,test
6626,እንዴት ነሽ?,Phatic,7,Phatic_05,val
6627,ይሻላል ውሳኔውን ነገ ማታ ማሳወቅ።,Suggestion,3,Suggestion_14,val
6628,ምክሬ ቦታውን አሁን ማስያዝ ነው።,Suggestion,3,Suggestion_09,train
6629,ተጠንቀቅ፣ መጽሐፉን በሚቀጥለው ቀን ካላመለስክ ቅጣት አለ።,Warning,4,Warning_10,train
6630,እባክሽ ውሳኔውን ዛሬ ማታ አምጪልኝ።,Request,0,Request_05,test
6631,የኮንትራቱ ሁኔታ ጥሩ ነው።,Assertion,1,Assertion_03,train
6632,ነጋዴው፣ ስራ በዩኒቨርሲቲ እንዴት ነው?,Phatic,7,Phatic_00,train
6633,ተጠንቀቅ፣ ለጓደኛችን ካልደወልክ ችግር ይፈጥራል።,Warning,4,Warning_12,val
6634,ስራው ነገ ማታ አልተጠናቀቀም።,Complaint,6,Complaint_12,train
6635,እባክሽ ምግቡን ዛሬ ማታ አዘጋጅልኝ።,Request,0,Request_13,train
6636,መጽሐፉን በዚህ ወር አመልሳለሁ።,Promise,8,Promise_09,train
6637,ይሻላል ውሳኔውን በዚህ አመት ማሳወቅ።,Suggestion,3,Suggestion_14,train
6638,ተጠንቀቅ፣ ለጓደኛዋ ካልላክ ችግር ይፈጥራል።,Warning,4,Warning_02,train
6639,እባክዎ ክፍያውን በቅርቡ ያረጋግጡልኝ።,Request,0,Request_08,test
6640,እባክዎ ውሉን በሚቀጥለው ቀን ይላኩልኝ።,Request,0,Request_00,train
6641,ይቅርታ፣ መረጃውን ማጋራት አልችልም።,Refusal,2,Refusal_08,train
6642,ጤና ይስጥልኝ፣ ወንድሜ እንዴት ነው?,Phatic,7,Phatic_10,test
6643,ነጋዴው፣ ስራ እንዴት እየሄደ ነው?,Phatic,7,Phatic_14,train
6644,ክፍያውን ነገ ማታ አደርጋለሁ።,Promise,8,Promise_03,train
6645,ይቅርታ፣ ትዕዛዙን በቅርቡ መላክ አልችልም።,Refusal,2,Refusal_02,val
6646,መጽሐፉ ነገ አልደረሰኝም።,Complaint,6,Complaint_09,val
6647,ስራውን ዛሬ ማታ አጠናቅቃለሁ።,Promise,8,Promise_12,train
6648,ትዕዛዙን በቅርቡ አጠናቅቃለሁ።,Promise,8,Promise_02,train
6649,ውሳኔውን በዚህ አመት አረጋግጣለሁ።,Promise,8,Promise_13,train
6650,አዎ፣ ስጦታው ደርሷል... በጣም ጥሩ!,Sarcasm/Irony,5,Sarcasm/Irony_06,test
6651,ይቅርታ፣ መረጃውን ማጋራት አልችልም።,Refusal,2,Refusal_08,test
6652,እባክዎ ስጦታውን ዛሬ ያድርሱልኝ።,Request,0,Request_06,test
6653,ይቅርታ፣ ትዕዛዙን በሚቀጥለው ወር መላክ አልችልም።,Refusal,2,Refusal_02,test
6654,ትዕዛዙን ነገ ማታ አጠናቅቃለሁ።,Promise,8,Promise_02,train
6655,አልችልም፣ መረጃውን አሁን ማድረስ አልቻልኩም።,Refusal,2,Refusal_00,train
6656,የምግቡ ችግር ከማክሰኞ ጀምሮ ከባልደረባዬ ጋር እፈታለሁ።,Assertion,1,Assertion_00,train
6657,እርግጥ ነው፣ ሪፖርቱ ዝግጁ ነው... በጣም ፈጣን!,Sarcasm/Irony,5,Sarcasm/Irony_05,train
6658,አይ፣ መጽሐፉን ማበደር አልችልም።,Refusal,2,Refusal_13,train
6659,ሰላም ነው ወንድሜ?,Phatic,7,Phatic_11,train
6660,እንደኔ ሀሳብ ሪፖርቱን ነገ ማታ ማቅረብ ይሻላል።,Suggestion,3,Suggestion_07,test
6661,ውሉን በዚህ አመት እፈርማለሁ።,Promise,8,Promise_04,test
6662,እባክዎ ቦታውን ነገ ጠዋት ያስይዙልኝ።,Request,0,Request_12,val
6663,እባክዎ መጽሐፉን ነገ ጠዋት ይላኩልኝ።,Request,0,Request_14,train
6664,ውሉ ዛሬ ጠዋት ተፈርሟል።,Assertion,1,Assertion_07,train
6665,ይሻላል ውሳኔውን በፍጥነት ማሳወቅ።,Suggestion,3,Suggestion_14,train
6666,ተጠንቀቅ፣ መረጃውን አሁን ካላደረግክ ችግር ይፈጥራል።,Warning,4,Warning_00,test
6667,ስጦታውን በቅርቡ አደርሳለሁ።,Promise,8,Promise_01,train
6668,አይ፣ መጽሐፉን ማበደር አልችልም።,Refusal,2,Refusal_13,train
6669,ማስጠንቀቂያ፣ ትዕዛዙን በሚቀጥለው ቀን ካላጠናቀቅክ ቅጣት አለ።,Warning,4,Warning_01,train
6670,እባክዎ ውሳኔውን አሁን ይላኩልኝ።,Request,0,Request_04,val
6671,እባክዎ ስጦታውን አሁን ያድርሱልኝ።,Request,0,Request_06,train
6672,እርግጥ ነው፣ ምግቡ ዝግጁ ነው... በጣም ጣፋጭ!,Sarcasm/Irony,5,Sarcasm/Irony_09,train
6673,አዎ፣ ለአስተዳዳሪው ደውያለሁ... በጣም ቀላል!,Sarcasm/Irony,5,Sarcasm/Irony_14,train
6674,ስጦታው ገና ወደ ቤት ነገ ጠዋት አልደረሰኝም።,Complaint,6,Complaint_00,train
6675,አይደለም፣ ውሉን አሁን ማረጋገጥ አልችልም።,Refusal,2,Refusal_04,test
6676,እንደሚመስለኝ ስጦታውን አሁን ማምጣት ይሻላል።,Suggestion,3,Suggestion_10,train
6677,ማስጠንቀቂያ፣ መረጃውን ካላጋራህ ችግር ይፈጥራል።,Warning,4,Warning_07,train
6678,ተጠንቀቅ፣ ስራውን በዚህ አመት ካላጠናቀቅክ ቅጣት አለ።,Warning,4,Warning_14,train
6679,ምግቡን ዛሬ ጠዋት አዘጋጃለሁ።,Promise,8,Promise_08,train
6680,ሪፖርቱ ዝግጁ ነው።,Assertion,1,Assertion_08,train
6681,ትዕዛዙ በሚቀጥለው ሳምንት ተጠናቀቀ።,Assertion,1,Assertion_02,test
6682,አይ፣ ክፍያውን አሁን ማድረግ አልችልም።,Refusal,2,Refusal_07,val
6683,እባክዎ ትዕዛዙን ለእናቴ በሚቀጥለው ሳምንት ይላኩልኝ።,Request,0,Request_03,train
6684,ውሳኔውን ነገ ማታ አረጋግጣለሁ።,Promise,8,Promise_13,train
6685,አልፈልግም፣ ቦታውን ማስያዝ አልችልም።,Refusal,2,Refusal_09,train
6686,አዎ፣ ምግቡን በዚህ ወር አደረግኩት... ትክክል ነው!,Sarcasm/Irony,5,Sarcasm/Irony_00,train
6687,ውሳኔው በሚቀጥለው ቀን አልተሰጠም።,Complaint,6,Complaint_13,train
6688,ውሳኔውን በዚህ ወር አሳውቃለሁ።,Promise,8,Promise_11,test
6689,ቦታውን ነገ አስይዛለሁ።,Promise,8,Promise_07,train
6690,ቦታው ነፃ ነው።,Assertion,1,Assertion_10,test
6691,እንደኔ ሀሳብ መጽሐፉን በሚቀጥለው ወር ማንበብ ይሻላል።,Suggestion,3,Suggestion_13,test
6692,ትዕዛዙ በዚህ ወር ተጠናቀቀ።,Assertion,1,Assertion_02,test
6693,ማስጠንቀቂያ፣ ክፍያውን ዛሬ ማታ ካላደረግክ አገልግሎት ይቋረጣል።,Warning,4,Warning_03,test
6694,እርግጥ ነው፣ ትዕዛዙ ነገ ጠዋት ተጠናቀቀ... በጣም ፈጣን!,Sarcasm/Irony,5,Sarcasm/Irony_01,test
6695,ይሻላል ክፍያውን ነገ ማድረግ።,Suggestion,3,Suggestion_08,test
6696,እንደሚመስለኝ ትዕዛዙን በሚቀጥለው ሳምንት ማጠናቀቅ ይሻላል።,Suggestion,3,Suggestion_04,val
6697,አዎ፣ ስጦታው ደርሷል... በጣም ጥሩ!,Sarcasm/Irony,5,Sarcasm/Irony_06,val
6698,ማስጠንቀቂያ፣ ሪፖርቱን ዛሬ ካላቀረብክ ቅጣት አለ።,Warning,4,Warning_05,train
6699,ጤና ይስጥልኝ፣ ቤተሰቤ እንዴት ነው?,Phatic,7,Phatic_10,train
6700,የምግቡ ጥራት ከፍተኛ ነው።,Assertion,1,Assertion_14,test
6701,ውሉ ነገ ጠዋት አልተፈረመም።,Complaint,6,Complaint_04,train
6702,ተጠንቀቅ፣ ስራውን በሚቀጥለው ቀን ካላጠናቀቅክ ቅጣት አለ።,Warning,4,Warning_14,test
6703,ይቅርታ፣ ለአለቃዬ መላክ አልችልም።,Refusal,2,Refusal_05,train
6704,እባክሽ ደብዳቤውን ዛሬ ጠዋት አምጪልኝ።,Request,0,Request_09,val
6705,ነጋዴው፣ ስራ በባንክ እንዴት ነው?,Phatic,7,Phatic_00,train
6706,አዎ፣ ስጦታው ደርሷል... በጣም ጥሩ!,Sarcasm/Irony,5,Sarcasm/Irony_06,train
6707,እባክዎ ውሉን ለወንድሜ በዚህ ወር ይላኩልኝ።,Request,0,Request_02,train
6708,ማስጠንቀቂያ፣ ደብዳቤውን በዚህ ወር ካላረጋገጥክ ችግር ይፈጥራል።,Warning,4,Warning_13,train
6709,አዎ፣ ውሉ ተፈርሟል... በጣም ቀላል ነበር!,Sarcasm/Irony,5,Sarcasm/Irony_04,train
6710,ማስጠንቀቂያ፣ ውሳኔውን ነገ ማታ ካላሳወቅክ ችግር ይፈጥራል።,Warning,4,Warning_11,train
6711,እንዴት ነህ ጓደኛ?,Phatic,7,Phatic_12,val
6712,እባክዎ መጽሐፉን ነገ ይላኩልኝ።,Request,0,Request_14,test
6713,አዎ፣ ስጦታው ደርሷል... በጣም ጥሩ!,Sarcasm/Irony,5,Sarcasm/Irony_06,train
6714,እንደምን አደርክ?,Phatic,7,Phatic_03,train
6715,ተጠንቀቅ፣ መጽሐፉን ዛሬ ካላመለስክ ቅጣት አለ።,Warning,4,Warning_10,train
6716,አዎ፣ መጽሐፉ ተመልሷል... በጣም ቀላል!,Sarcasm/Irony,5,Sarcasm/Irony_10,train
6717,የባልደረባዬ ውሳኔ ትክክል ነው።,Assertion,1,Assertion_12,val
6718,ውሉ ነገ አልተፈረመም።,Complaint,6,Complaint_04,train
6719,ማስጠንቀቂያ፣ ሪፖርቱን ነገ ማታ ካላቀረብክ ቅጣት አለ።,Warning,4,Warning_05,val
6720,የኮንትራቱ ጥራት ዝቅተኛ ነው።,Complaint,6,Complaint_11,train
6721,ክፍያውን በሚቀጥለው ቀን አደርጋለሁ።,Promise,8,Promise_03,train
6722,እንደሚመስለኝ ስጦታውን በሚቀጥለው ሳምንት ማምጣት ይሻላል።,Suggestion,3,Suggestion_10,val
6723,እርግጥ ነው፣ ምግቡ ዝግጁ ነው... በጣም ጣፋጭ!,Sarcasm/Irony,5,Sarcasm/Irony_09,train
6724,እባክዎ ቦታውን በሚቀጥለው ሳምንት ያስይዙልኝ።,Request,0,Request_12,train
6725,ማስጠንቀቂያ፣ ሪፖርቱን አሁን ካላቀረብክ ቅጣት አለ።,Warning,4,Warning_05,train
6726,ቦታው በሚቀጥለው ወር አልተያዘም።,Complaint,6,Complaint_07,train
6727,ስጦታውን ዛሬ አደርሳለሁ።,Promise,8,Promise_01,train
6728,ክፍያው ተከፍሏል።,Assertion,1,Assertion_05,val
6729,አልፈልግም፣ ሸቀጡን አልቀበልም።,Refusal,2,Refusal_03,test
6730,እባክሽ ምግቡን ዛሬ አዘጋጅልኝ።,Request,0,Request_13,train
6731,አዎ፣ ለአጋሬ ደውያለሁ... በጣም ቀላል!,Sarcasm/Irony,5,Sarcasm/Irony_14,train
6732,መጽሐፉ በፍጥነት ደረሰ።,Assertion,1,Assertion_11,train
6733,ማስጠንቀቂያ፣ ትዕዛዙን በፍጥነት ካላጠናቀቅክ ቅጣት አለ።,Warning,4,Warning_01,test
6734,መረጃው ዛሬ ጠዋት አልደረሰኝም።,Complaint,6,Complaint_06,val
6735,ውሉ ዛሬ ማታ አልተፈረመም።,Complaint,6,Complaint_04,val
6736,ሰላም ነው ወንድሜ?,Phatic,7,Phatic_11,train
6737,አዎ፣ ለባልደረባዬ ደውያለሁ... በጣም ቀላል!,Sarcasm/Irony,5,Sarcasm/Irony_14,train
6738,እባክሽ ደብዳቤውን በዚህ ወር አምጪልኝ።,Request,0,Request_09,train
6739,አዎ፣ ኮንትራቱን ዛሬ ማታ አደረግኩት... ትክክል ነው!,Sarcasm/Irony,5,Sarcasm/Irony_00,train
6740,እንደምን አደረሽ?,Phatic,7,Phatic_09,train
6741,ምናልባት ለአስተዳዳሪው መደወል ይሻላል።,Suggestion,3,Suggestion_06,train
6742,እባክዎ ቦታውን ነገ ማታ ያስይዙልኝ።,Request,0,Request_12,train
6743,የእህቴ አገልግሎት መጥፎ ነው።,Complaint,6,Complaint_10,train
6744,አዎ፣ ቦታው ነፃ ነው... በጣም ምቹ!,Sarcasm/Irony,5,Sarcasm/Irony_08,val
6745,የአስተዳዳሪው ውሳኔ ትክክል ነው።,Assertion,1,Assertion_12,test
6746,የስራው ዋጋ ተቀይሯል።,Assertion,1,Assertion_09,test
6747,አዎ፣ ለጓደኛዋ ደውያለሁ... በጣም ቀላል!,Sarcasm/Irony,5,Sarcasm/Irony_14,val
6748,አዎ፣ ለአጋሬ ላክኩት... በጣም ጥሩ!,Sarcasm/Irony,5,Sarcasm/Irony_02,train
6749,የፋይሉ ችግር ከሐሙስ ጀምሮ ከጓደኛዋ ጋር እፈታለሁ።,Assertion,1,Assertion_00,train
6750,አይደለም፣ ውሉን በሚቀጥለው ሳምንት ማረጋገጥ አልችልም።,Refusal,2,Refusal_04,train
6751,ሰላም፣ እንዴት ነህ?,Phatic,7,Phatic_01,test
6752,እንደሚመስለኝ ትዕዛዙን ነገ ጠዋት ማጠናቀቅ ይሻላል።,Suggestion,3,Suggestion_04,train
6753,አይ፣ መጽሐፉን ማበደር አልችልም።,Refusal,2,Refusal_13,val
6754,እንደሚመስለኝ ትዕዛዙን ነገ ጠዋት ማጠናቀቅ ይሻላል።,Suggestion,3,Suggestion_04,test
6755,ሪፖርቱ ዝግጁ ነው።,Assertion,1,Assertion_08,train
6756,ክፍያው በዚህ ሳምንት አልተከፈለም።,Complaint,6,Complaint_03,train
6757,የሰራተኛው አገልግሎት መጥፎ ነው።,Complaint,6,Complaint_10,train
6758,እባክዎ ክፍያውን ዛሬ ጠዋት ያረጋግጡልኝ።,Request,0,Request_08,train
6759,ስጦታውን በዚህ ወር አደርሳለሁ።,Promise,8,Promise_01,train
6760,ይቅርታ፣ ለአለቃዬ መጥራት አልችልም።,Refusal,2,Refusal_11,train
6761,ክፍያውን ዛሬ ጠዋት አደርጋለሁ።,Promise,8,Promise_03,val
6762,እርግጥ ነው፣ ውሳኔው ትክክል ነው... በጣም ጥሩ!,Sarcasm/Irony,5,Sarcasm/Irony_11,train
6763,እባክዎ ውሉን አሁን ይላኩልኝ።,Request,0,Request_04,train
6764,ነጋዴው፣ ስራ በሆቴል እንዴት ነው?,Phatic,7,Phatic_00,train
6765,የፓኬጁ ችግር ከዛሬ ጀምሮ ከወንድሜ ጋር እፈታለሁ።,Assertion,1,Assertion_00,test
6766,ምግቡን በፍጥነት አዘጋጃለሁ።,Promise,8,Promise_08,val
6767,እባክሽ ደብዳቤውን ነገ ጠዋት አምጪልኝ።,Request,0,Request_01,val
6768,መረጃው በሚቀጥለው ቀን አልደረሰኝም።,Complaint,6,Complaint_06,test
6769,ስጦታው ዛሬ ማታ ደርሷል።,Assertion,1,Assertion_01,train
6770,ማስጠንቀቂያ፣ ምግቡን ዛሬ ማታ ካላዘጋጀህ ችግር ይፈጥራል።,Warning,4,Warning_09,train
6771,ማስጠንቀቂያ፣ ሪፖርቱን በዚህ አመት ካላቀረብክ ቅጣት አለ።,Warning,4,Warning_05,train
6772,ውሉ በሚቀጥለው ቀን አልተፈረመም።,Complaint,6,Complaint_04,test
6773,ማስጠንቀቂያ፣ ውሳኔውን በፍጥነት ካላሳወቅክ ችግር ይፈጥራል።,Warning,4,Warning_11,val
6774,እንደምን አደርክ?,Phatic,7,Phatic_03,test
6775,እባክሽ ደብዳቤውን ዛሬ አምጪልኝ።,Request,0,Request_09,train
6776,ሰላም ነው ወንድሜ?,Phatic,7,Phatic_11,train
6777,ማስጠንቀቂያ፣ ክፍያውን ዛሬ ማታ ካላረጋገጥክ ችግር ይፈጥራል።,Warning,4,Warning_13,train
6778,መጽሐፉን ነገ ጠዋት አመልሳለሁ።,Promise,8,Promise_09,train
6779,እባክዎ ውሉን ለፖሊሱ በሚቀጥለው ወር ይላኩልኝ።,Request,0,Request_02,train
6780,ተጠንቀቅ፣ ለጓደኛዋ ካልደወልክ ችግር ይፈጥራል።,Warning,4,Warning_12,train
6781,ማስጠንቀቂያ፣ ትዕዛዙን በሚቀጥለው ሳምንት ካላጠናቀቅክ ቅጣት አለ።,Warning,4,Warning_01,train
6782,እባክዎ ስጦታውን በሚቀጥለው ወር ያድርሱልኝ።,Request,0,Request_06,train
6783,የወንድሜ ውሳኔ ትክክል ነው።,Assertion,1,Assertion_12,val
6784,ሪፖርቱ በሚቀጥለው ወር አልቀረበም።,Complaint,6,Complaint_05,train
6785,እርግጥ ነው፣ ምግቡ ዝግጁ ነው... በጣም ጣፋጭ!,Sarcasm/Irony,5,Sarcasm/Irony_09,train
6786,ሀሳቤ መረጃውን ለአለቃዬ ማጋራት ነው።,Suggestion,3,Suggestion_11,test
6787,ነጋዴው፣ ስራ እንዴት እየሄደ ነው?,Phatic,7,Phatic_14,test
6788,እንደኔ ሀሳብ ሪፖርቱን ነገ ማታ ማቅረብ ይሻላል።,Suggestion,3,Suggestion_07,test
6789,ማስጠንቀቂያ፣ ትዕዛዙን ነገ ጠዋት ካላጠናቀቅክ ቅጣት አለ።,Warning,4,Warning_01,train
6790,ነጋዴው፣ ስራ እንዴት እየሄደ ነው?,Phatic,7,Phatic_14,test
6791,ሰላም፣ እንዴት ነህ?,Phatic,7,Phatic_01,train
6792,ይሻላል ደብዳቤውን ለቤተሰቤ ማሳወቅ።,Suggestion,3,Suggestion_02,train
6793,አይ፣ መጽሐፉን ማበደር አልችልም።,Refusal,2,Refusal_13,train
6794,ውሳኔው ዛሬ ማታ አልተሰጠም።,Complaint,6,Complaint_13,test
6795,ማስጠንቀቂያ፣ ክፍያውን በዚህ ሳምንት ካላደረግክ አገልግሎት ይቋረጣል።,Warning,4,Warning_03,train
6796,እባክዎ ውሉን ለጓደኛዋ ዛሬ ጠዋት ይላኩልኝ።,Request,0,Request_02,train
6797,ውሉን ነገ ማታ እፈርማለሁ።,Promise,8,Promise_04,train
6798,ሀሳቤ መረጃውን ለአጋሬ ማጋራት ነው።,Suggestion,3,Suggestion_11,train
6799,ለሰራተኛው በሚቀጥለው ቀን እደውላለሁ።,Promise,8,Promise_10,val
6800,ለእህቴ በቅርቡ እደውላለሁ።,Promise,8,Promise_10,train
6801,የቤተሰቤ ውሳኔ ትክክል ነው።,Assertion,1,Assertion_12,train
6802,ሰላም፣ ስራ በትምህርት ቤት እንዴት ነው?,Phatic,7,Phatic_08,val
6803,ሀሳቤ ውሉን በሚቀጥለው ቀን መፈረም ነው።,Suggestion,3,Suggestion_05,val
6804,እርግጥ ነው፣ ትዕዛዙ በሚቀጥለው ወር ተጠናቀቀ... በጣም ፈጣን!,Sarcasm/Irony,5,Sarcasm/Irony_01,train
6805,እባክዎ መረጃውን አሁን ይላኩልኝ።,Request,0,Request_04,train
6806,እርግጥ ነው፣ መረጃው ትክክል ነው... በጣም ግልጽ!,Sarcasm/Irony,5,Sarcasm/Irony_07,train
6807,እባክዎ ውሉን ለእናቴ በሚቀጥለው ሳምንት ይላኩልኝ።,Request,0,Request_02,train
6808,አልችልም፣ መረጃውን በዚህ ወር ማድረስ አልቻልኩም።,Refusal,2,Refusal_00,val
6809,ተጠንቀቅ፣ መጽሐፉን ዛሬ ማታ ካላመለስክ ቅጣት አለ።,Warning,4,Warning_10,train
6810,አይ፣ አሁን መጽሐፉ ማድረግ አልችልም።,Refusal,2,Refusal_01,val
6811,ስራውን በፍጥነት አጠናቅቃለሁ።,Promise,8,Promise_12,val
6812,ማስጠንቀቂያ፣ መረጃውን ካላጋራህ ችግር ይፈጥራል።,Warning,4,Warning_07,val
6813,ውሉን ዛሬ ማታ እፈርማለሁ።,Promise,8,Promise_04,train
6814,ጤና ይስጥልኝ፣ ፖሊሱ እንዴት ነው?,Phatic,7,Phatic_10,test
6815,ምናልባት ምግቡን አሁን ማዘጋጀት ይሻላል።,Suggestion,3,Suggestion_12,train
6816,መረጃው በቅርቡ አልደረሰኝም።,Complaint,6,Complaint_06,train
6817,አልችልም፣ ምግቡን ዛሬ ማታ ማዘጋጀት አልቻልኩም።,Refusal,2,Refusal_12,train
6818,ተጠንቀቅ፣ ስራውን በፍጥነት ካላጠናቀቅክ ቅጣት አለ።,Warning,4,Warning_14,train
6819,መረጃው ትክክል ነው።,Assertion,1,Assertion_04,train
6820,ውሳኔው አሁን አልተሰጠም።,Complaint,6,Complaint_13,train
6821,እባክዎ ስጦታውን በፍጥነት ያድርሱልኝ።,Request,0,Request_06,train
6822,ይቅርታ፣ መረጃውን ማጋራት አልችልም።,Refusal,2,Refusal_08,train
6823,ማስጠንቀቂያ፣ ትዕዛዙን ነገ ካላጠናቀቅክ ቅጣት አለ።,Warning,4,Warning_01,train
6824,እንደኔ ሀሳብ ውሳኔውን በሚቀጥለው ሳምንት መላክ ይሻላል።,Suggestion,3,Suggestion_01,val
6825,የሪፖርቱ ጥራት ከፍተኛ ነው።,Assertion,1,Assertion_14,val
6826,የትዕዛዙ ችግር ከምሽቱ ጀምሮ ከቤተሰቤ ጋር እፈታለሁ።,Promise,8,Promise_00,train
6827,ይቅርታ፣ ውሳኔውን ዛሬ ጠዋት ማሳወቅ አልችልም።,Refusal,2,Refusal_14,train
6828,እባክዎ ፓኬጁን ለደንበኛው በዚህ አመት ይላኩልኝ።,Request,0,Request_11,val
6829,እርግጥ ነው፣ ምግቡ ዝግጁ ነው... በጣም ጣፋጭ!,Sarcasm/Irony,5,Sarcasm/Irony_09,train
6830,ቦታው ነገ አልተያዘም።,Complaint,6,Complaint_07,train
6831,እንደሚመስለኝ ስጦታውን ዛሬ ማምጣት ይሻላል።,Suggestion,3,Suggestion_10,train
6832,አይ፣ መጽሐፉን ማበደር አልችልም።,Refusal,2,Refusal_13,train
6833,ማስጠንቀቂያ፣ መረጃውን ካላጋራህ ችግር ይፈጥራል።,Warning,4,Warning_07,test
6834,እባክዎ መረጃውን በፍጥነት ይላኩልኝ።,Request,0,Request_07,train
6835,ተጠንቀቅ፣ ለአጋሬ ካልላክ ችግር ይፈጥራል።,Warning,4,Warning_02,train
6836,ነጋዴው፣ ስራ እንዴት እየሄደ ነው?,Phatic,7,Phatic_14,train
6837,ተጠንቀቅ፣ ለቤተሰቤ ካልላክ ችግር ይፈጥራል።,Warning,4,Warning_02,val
6838,የሰነዱ ሁኔታ ጥሩ ነው።,Assertion,1,Assertion_03,train
6839,ተጠንቀቅ፣ ለጓደኛዋ ካልደወልክ ችግር ይፈጥራል።,Warning,4,Warning_12,train
6840,አይ፣ አሁን አገልግሎቱ ማድረግ አልችልም።,Refusal,2,Refusal_01,train
6841,ስጦታውን በቅርቡ አደርሳለሁ።,Promise,8,Promise_01,train
6842,እንደኔ ሀሳብ ስጦታውን ነገ መላክ ይሻላል።,Suggestion,3,Suggestion_01,train
6843,እርግጥ ነው፣ ክፍያው ተከፍሏል... በጣም ቀላል!,Sarcasm/Irony,5,Sarcasm/Irony_03,val
6844,አልችልም፣ ቦታውን በዚህ ወር ማድረስ አልቻልኩም።,Refusal,2,Refusal_00,val
6845,የሰራተኛው አገልግሎት መጥፎ ነው።,Complaint,6,Complaint_10,test
6846,መረጃው ትክክል ነው።,Assertion,1,Assertion_04,train
6847,ቦታው በሚቀጥለው ወር አልተያዘም።,Complaint,6,Complaint_07,train
6848,ተጠንቀቅ፣ ስጦታውን ዛሬ ማታ ካላመጣህ ችግር ይፈጥራል።,Warning,4,Warning_06,train
6849,ተጠንቀቅ፣ ውሉን በሚቀጥለው ቀን ካልፈረምክ ህጋዊ ችግር ይፈጥራል።,Warning,4,Warning_04,train
6850,ተጠንቀቅ፣ ስራውን በዚህ ወር ካላጠናቀቅክ ቅጣት አለ።,Warning,4,Warning_14,train
6851,ጤና ይስጥልኝ፣ ዛሬ እንዴት ነው?,Phatic,7,Phatic_13,train
6852,ጤና ይስጥልኝ፣ አጋሬ እንዴት ነው?,Phatic,7,Phatic_10,train
6853,ይቅርታ፣ ውሳኔውን በዚህ አመት ማሳወቅ አልችልም።,Refusal,2,Refusal_14,train
6854,ይቅርታ፣ ውሳኔውን በሚቀጥለው ሳምንት ማሳወቅ አልችልም።,Refusal,2,Refusal_14,train
6855,ምናልባት ለቤተሰቤ መደወል ይሻላል።,Suggestion,3,Suggestion_06,train
6856,ትዕዛዙ ነገ ተጠናቀቀ።,Assertion,1,Assertion_02,val
6857,ማስጠንቀቂያ፣ ሸቀጡን ነገ ካላረጋገጥክ ችግር ይፈጥራል።,Warning,4,Warning_13,train
6858,ምግቡ በሚቀጥለው ወር አልደረሰኝም።,Complaint,6,Complaint_08,val
6859,እርግጥ ነው፣ ትዕዛዙ አሁን ተጠናቀቀ... በጣም ፈጣን!,Sarcasm/Irony,5,Sarcasm/Irony_01,val
6860,ስጦታው ገና ወደ ቤተ መንግስት ነገ አልደረሰኝም።,Complaint,6,Complaint_00,val
6861,የትዕዛዙ ጥራት ዝቅተኛ ነው።,Complaint,6,Complaint_11,train
6862,መረጃው ትክክል ነው።,Assertion,1,Assertion_04,train
6863,እባክዎ ሪፖርቱን በዚህ አመት ይላኩልኝ።,Request,0,Request_10,train
6864,ይሻላል ቦታውን ለወንድሜ ማሳወቅ።,Suggestion,3,Suggestion_02,val
6865,ስራው ነገ ጠዋት አልተጠናቀቀም።,Complaint,6,Complaint_12,test
6866,ሰላም፣ ስራ በጤና ጣቢያ እንዴት ነው?,Phatic,7,Phatic_08,train
6867,ትዕዛዙን ዛሬ ጠዋት አጠናቅቃለሁ።,Promise,8,Promise_02,train
6868,እርግጥ ነው፣ ምግቡ ዝግጁ ነው... በጣም ጣፋጭ!,Sarcasm/Irony,5,Sarcasm/Irony_09,val
6869,ተጠንቀቅ፣ መጽሐፉን በሚቀጥለው ቀን ካላመለስክ ቅጣት አለ።,Warning,4,Warning_10,val
6870,እባክዎ ሪፖርቱን ነገ ማታ ይላኩልኝ።,Request,0,Request_00,train
6871,ስራው በሚቀጥለው ቀን ተጀምሯል።,Assertion,1,Assertion_13,train
6872,እንደሚመስለኝ ስጦታውን በሚቀጥለው ሳምንት ማምጣት ይሻላል።,Suggestion,3,Suggestion_10,test
6873,እባክዎ ቲኬቱን ዛሬ ማታ ይላኩልኝ።,Request,0,Request_00,val
6874,አልፈልግም፣ ውሉን አልቀበልም።,Refusal,2,Refusal_03,test
6875,ጤና ይስጥልኝ፣ ዛሬ እንዴት ነው?,Phatic,7,Phatic_13,train
6876,አይ፣ አሁን ውሉ ማድረግ አልችልም።,Refusal,2,Refusal_01,train
6877,ሰላም፣ ስራ በሬስቶራንት እንዴት ነው?,Phatic,7,Phatic_08,train
6878,ሸቀጡን ነገ አረጋግጣለሁ።,Promise,8,Promise_13,test
6879,አዎ፣ ቦታው ነፃ ነው... በጣም ምቹ!,Sarcasm/Irony,5,Sarcasm/Irony_08,train
6880,መረጃውን በሚቀጥለው ሳምንት እላካለሁ።,Promise,8,Promise_06,train
6881,የፋይሉ ችግርን ዛሬ ማታ እፈታለሁ።,Promise,8,Promise_14,train
6882,ምናልባት ሸቀጡን በሚቀጥለው ወር ማድረግ ይሻላል።,Suggestion,3,Suggestion_00,test
6883,እባክዎ ውሉን ለጓደኛችን በሚቀጥለው ወር ይላኩልኝ።,Request,0,Request_02,test
6884,ነጋዴው፣ ዛሬ እንዴት ነው?,Phatic,7,Phatic_07,train
6885,ቦታው በዚህ ወር አልተያዘም።,Complaint,6,Complaint_07,train
6886,እርግጥ ነው፣ ሪፖርቱ ዝግጁ ነው... በጣም ፈጣን!,Sarcasm/Irony,5,Sarcasm/Irony_05,train
6887,እንዴት ነህ ጓደኛ?,Phatic,7,Phatic_12,test
6888,እርግጥ ነው፣ መረጃው ትክክል ነው... በጣም ግልጽ!,Sarcasm/Irony,5,Sarcasm/Irony_07,val
6889,ምክሬ ቦታውን አሁን ማስያዝ ነው።,Suggestion,3,Suggestion_09,train
6890,ጤና ይስጥልኝ፣ ቤተሰብ እንዴት ናቸው?,Phatic,7,Phatic_06,train
6891,እባክሽ ደብዳቤውን በዚህ ሳምንት አምጪልኝ።,Request,0,Request_09,val
6892,ፓኬጁን ነገ አረጋግጣለሁ።,Promise,8,Promise_13,train
6893,ስራውን በዚህ ወር አጠናቅቃለሁ።,Promise,8,Promise_12,train
6894,ተጠንቀቅ፣ ስራውን ነገ ጠዋት ካላጠናቀቅክ ቅጣት አለ።,Warning,4,Warning_14,train
6895,እንደኔ ሀሳብ መጽሐፉን በዚህ ወር ማንበብ ይሻላል።,Suggestion,3,Suggestion_13,train
6896,እንዴት ነህ ጓደኛ?,Phatic,7,Phatic_12,train
6897,ውሉን በዚህ ሳምንት እፈርማለሁ።,Promise,8,Promise_04,val
6898,ተጠንቀቅ፣ ስጦታውን ዛሬ ማታ ካላመጣህ ችግር ይፈጥራል።,Warning,4,Warning_06,train
6899,አይደለም፣ ውሉን ዛሬ ማታ ማረጋገጥ አልችልም።,Refusal,2,Refusal_04,train
6900,ይሻላል ሪፖርቱን ለአባቴ ማሳወቅ።,Suggestion,3,Suggestion_02,train
6901,አዎ፣ ውሉ ተፈርሟል... በጣም ቀላል ነበር!,Sarcasm/Irony,5,Sarcasm/Irony_04,train
6902,ሰላም ነው?,Phatic,7,Phatic_04,train
6903,ነጋዴው፣ ስራ በገበያ እንዴት ነው?,Phatic,7,Phatic_00,train
6904,መረጃው ትክክል ነው።,Assertion,1,Assertion_04,train
6905,ይቅርታ፣ ለቤተሰቤ መጥራት አልችልም።,Refusal,2,Refusal_11,train
6906,ነጋዴው፣ ዛሬ እንዴት ነው?,Phatic,7,Phatic_07,val
6907,አይደለም፣ ውሉን ዛሬ ጠዋት ማረጋገጥ አልችልም።,Refusal,2,Refusal_04,train
6908,እባክሽ ፓኬጁን ዛሬ አምጪልኝ።,Request,0,Request_01,train
6909,አዎ፣ ለጓደኛችን ላክኩት... በጣም ጥሩ!,Sarcasm/Irony,5,Sarcasm/Irony_02,val
6910,ስጦታው ገና ወደ ጤና ጣቢያ ነገ ማታ አልደረሰኝም።,Complaint,6,Complaint_00,train
6911,ማስጠንቀቂያ፣ ትዕዛዙን በቅርቡ ካላጠናቀቅክ ቅጣት አለ።,Warning,4,Warning_01,train
6912,ምግቡን አሁን አዘጋጃለሁ።,Promise,8,Promise_08,train
6913,ትዕዛዙ ነገ ጠዋት አልደረሰኝም።,Complaint,6,Complaint_01,train
6914,ሪፖርቱን ዛሬ አቀርባለሁ።,Promise,8,Promise_05,train
6915,ይቅርታ፣ ትዕዛዙን ዛሬ ማታ መላክ አልችልም።,Refusal,2,Refusal_02,train
6916,አልችልም፣ ኮንትራቱን ዛሬ ማታ ማድረስ አልቻልኩም።,Refusal,2,Refusal_00,val
6917,እባክዎ ስጦታውን ለደንበኛው በፍጥነት ይላኩልኝ።,Request,0,Request_11,val
6918,እንደኔ ሀሳብ መጽሐፉን ነገ ጠዋት ማንበብ ይሻላል።,Suggestion,3,Suggestion_13,test
6919,የትዕዛዙ ችግር ከትናንት ጀምሮ ከአባቴ ጋር እፈታለሁ።,Promise,8,Promise_00,train
6920,አዎ፣ ፓኬጁን ነገ ጠዋት አደረግኩት... ትክክል ነው!,Sarcasm/Irony,5,Sarcasm/Irony_00,train
6921,እንደኔ ሀሳብ መጽሐፉን ነገ ማንበብ ይሻላል።,Suggestion,3,Suggestion_13,train
6922,እባክሽ አገልግሎቱን ነገ አምጪልኝ።,Request,0,Request_01,train
6923,እርግጥ ነው፣ መረጃው ትክክል ነው... በጣም ግልጽ!,Sarcasm/Irony,5,Sarcasm/Irony_07,test
6924,ሪፖርቱ ዛሬ አልቀረበም።,Complaint,6,Complaint_05,train
6925,መጽሐፉን በሚቀጥለው ወር አመልሳለሁ።,Promise,8,Promise_09,train
6926,እርግጥ ነው፣ ትዕዛዙ ነገ ተጠናቀቀ... በጣም ፈጣን!,Sarcasm/Irony,5,Sarcasm/Irony_01,train
6927,ትዕዛዙ ነገ ተጠናቀቀ።,Assertion,1,Assertion_02,train
6928,አልቻልኩም፣ ስጦታውን ነገ ማታ ማምጣት አልቻልኩም።,Refusal,2,Refusal_06,train
6929,አልችልም፣ ቦታውን ዛሬ ጠዋት ማድረስ አልቻልኩም።,Refusal,2,Refusal_00,train
6930,ሰላም፣ ስራ በቢሮ እንዴት ነው?,Phatic,7,Phatic_08,test
6931,እባክዎ ቦታውን በሚቀጥለው ሳምንት ያስይዙልኝ።,Request,0,Request_12,train
6932,ውሳኔውን በሚቀጥለው ሳምንት አረጋግጣለሁ።,Promise,8,Promise_13,train
6933,እንደኔ ሀሳብ መጽሐፉን በሚቀጥለው ቀን ማንበብ ይሻላል።,Suggestion,3,Suggestion_13,train
6934,ይሻላል ውሳኔውን በፍጥነት ማሳወቅ።,Suggestion,3,Suggestion_14,train
6935,ስራው በሚቀጥለው ቀን ተጀምሯል።,Assertion,1,Assertion_13,train
6936,ሰላም ነው?,Phatic,7,Phatic_04,test
6937,ውሉ ዛሬ ጠዋት ተፈርሟል።,Assertion,1,Assertion_07,train
6938,ክፍያውን በሚቀጥለው ወር አደርጋለሁ።,Promise,8,Promise_03,val
6939,መረጃው በሚቀጥለው ሳምንት አልደረሰኝም።,Complaint,6,Complaint_06,train
6940,ሰላም፣ ስራ በቤት እንዴት ነው?,Phatic,7,Phatic_08,train
6941,አይ፣ አሁን ትዕዛዙ ማድረግ አልችልም።,Refusal,2,Refusal_01,train
6942,እርግጥ ነው፣ ምግቡ ዝግጁ ነው... በጣም ጣፋጭ!,Sarcasm/Irony,5,Sarcasm/Irony_09,train
6943,መጽሐፉ ነገ አልደረሰኝም።,Complaint,6,Complaint_09,train
6944,ቦታው ነገ አልተያዘም።,Complaint,6,Complaint_07,train
6945,ሪፖርቱን በዚህ ወር አቀርባለሁ።,Promise,8,Promise_05,val
6946,ተጠንቀቅ፣ ስራውን በሚቀጥለው ሳምንት ካላጠናቀቅክ ቅጣት አለ።,Warning,4,Warning_14,train
6947,ሀሳቤ ውሉን በሚቀጥለው ሳምንት መፈረም ነው።,Suggestion,3,Suggestion_05,train
6948,እርግጥ ነው፣ መረጃው ትክክል ነው... በጣም ግልጽ!,Sarcasm/Irony,5,Sarcasm/Irony_07,train
6949,እባክዎ መጽሐፉን ነገ ይላኩልኝ።,Request,0,Request_14,test
6950,ምክሬ ምግቡን አሁን ማረጋገጥ ነው።,Suggestion,3,Suggestion_03,test
6951,ተጠንቀቅ፣ ስጦታውን ነገ ጠዋት ካላመጣህ ችግር ይፈጥራል።,Warning,4,Warning_06,test
6952,ተጠንቀቅ፣ ቦታውን በቅርቡ ካላስያዝክ ይያዛል።,Warning,4,Warning_08,test
6953,እባክሽ ደብዳቤውን በፍጥነት አምጪልኝ።,Request,0,Request_09,train
6954,ክፍያውን ዛሬ ማታ አደርጋለሁ።,Promise,8,Promise_03,test
6955,አልችልም፣ ምግቡን በዚህ አመት ማዘጋጀት አልቻልኩም።,Refusal,2,Refusal_12,train
6956,እንደኔ ሀሳብ መጽሐፉን በዚህ ሳምንት ማንበብ ይሻላል።,Suggestion,3,Suggestion_13,train
6957,ምግቡ በቅርቡ አልደረሰኝም።,Complaint,6,Complaint_08,train
6958,ተጠንቀቅ፣ ለጓደኛችን ካልደወልክ ችግር ይፈጥራል።,Warning,4,Warning_12,val
6959,እባክዎ ቦታውን በሚቀጥለው ሳምንት ያስይዙልኝ።,Request,0,Request_12,train
6960,እባክሽ ምግቡን ዛሬ አዘጋጅልኝ።,Request,0,Request_13,train
6961,መረጃው በዚህ ወር አልደረሰኝም።,Complaint,6,Complaint_06,val
6962,እርግጥ ነው፣ ክፍያው ተከፍሏል... በጣም ቀላል!,Sarcasm/Irony,5,Sarcasm/Irony_03,train
6963,ተጠንቀቅ፣ ስራውን ዛሬ ማታ ካላጠናቀቅክ ቅጣት አለ።,Warning,4,Warning_14,train
6964,እባክዎ ውሉን አሁን ይላኩልኝ።,Request,0,Request_04,train
6965,ለወንድሜ ዛሬ ማታ እደውላለሁ።,Promise,8,Promise_10,train
6966,እንደኔ ሀሳብ መጽሐፉን በሚቀጥለው ቀን ማንበብ ይሻላል።,Suggestion,3,Suggestion_13,train
6967,ማስጠንቀቂያ፣ መረጃውን ካላጋራህ ችግር ይፈጥራል።,Warning,4,Warning_07,train
6968,አልቻልኩም፣ ስጦታውን ነገ ማምጣት አልቻልኩም።,Refusal,2,Refusal_06,train
6969,እባክዎ ደብዳቤውን በቅርቡ ይላኩልኝ።,Request,0,Request_00,train
6970,ለባልደረባዬ ዛሬ ጠዋት እደውላለሁ።,Promise,8,Promise_10,val
6971,ምናልባት ለጓደኛችን መደወል ይሻላል።,Suggestion,3,Suggestion_06,train
6972,የውሳኔው ጥራት ከፍተኛ ነው።,Assertion,1,Assertion_14,train
6973,ትዕዛዙን ነገ አጠናቅቃለሁ።,Promise,8,Promise_02,test
6974,እባክዎ ሪፖርቱን ዛሬ ይላኩልኝ።,Request,0,Request_00,val
6975,ስራውን ዛሬ አጠናቅቃለሁ።,Promise,8,Promise_12,train
6976,ሀሳቤ ውሉን ዛሬ ጠዋት መፈረም ነው።,Suggestion,3,Suggestion_05,train
6977,ውሉ ዛሬ ጠዋት ተፈርሟል።,Assertion,1,Assertion_07,test
6978,ቦታውን በዚህ ወር አስይዛለሁ።,Promise,8,Promise_07,test
6979,መረጃው በፍጥነት አልደረሰኝም።,Complaint,6,Complaint_06,train
6980,የፋይሉ ሁኔታ ጥሩ ነው።,Assertion,1,Assertion_03,train
6981,ሪፖርቱ ዝግጁ ነው።,Assertion,1,Assertion_08,train
6982,አዎ፣ ለወንድሜ ላክኩት... በጣም ጥሩ!,Sarcasm/Irony,5,Sarcasm/Irony_02,val
6983,ውሉ በቅርቡ ተፈርሟል።,Assertion,1,Assertion_07,train
6984,ሰላም ነው?,Phatic,7,Phatic_04,test
6985,አዎ፣ ሪፖርቱን ዛሬ አደረግኩት... ትክክል ነው!,Sarcasm/Irony,5,Sarcasm/Irony_00,train
6986,ማስጠንቀቂያ፣ ምግቡን በቅርቡ ካላዘጋጀህ ችግር ይፈጥራል።,Warning,4,Warning_09,train
6987,እርግጥ ነው፣ ምግቡ ዝግጁ ነው... በጣም ጣፋጭ!,Sarcasm/Irony,5,Sarcasm/Irony_09,train
6988,አዎ፣ አገልግሎቱን አሁን አደረግኩት... ትክክል ነው!,Sarcasm/Irony,5,Sarcasm/Irony_00,train
6989,እባክዎ አገልግሎቱን በሚቀጥለው ሳምንት ይላኩልኝ።,Request,0,Request_00,val
6990,አልችልም፣ ሰነዱን ነገ ጠዋት ማድረስ አልቻልኩም።,Refusal,2,Refusal_00,train
6991,እንዴት ነህ ጓደኛ?,Phatic,7,Phatic_12,train
6992,የፋይሉ ዋጋ ተቀይሯል።,Assertion,1,Assertion_09,train
6993,እንደኔ ሀሳብ ሪፖርቱን በቅርቡ ማቅረብ ይሻላል።,Suggestion,3,Suggestion_07,test
6994,ትዕዛዙ ነገ ጠዋት አልደረሰኝም።,Complaint,6,Complaint_01,train
6995,ውሳኔውን ዛሬ አሳውቃለሁ።,Promise,8,Promise_11,val
6996,ምክሬ ቦታውን አሁን ማስያዝ ነው።,Suggestion,3,Suggestion_09,train
6997,እባክዎ አገልግሎቱን ለደንበኛው ዛሬ ጠዋት ይላኩልኝ።,Request,0,Request_11,train
6998,ተጠንቀቅ፣ ስጦታውን በሚቀጥለው ሳምንት ካላመጣህ ችግር ይፈጥራል።,Warning,4,Warning_06,test
6999,ሀሳቤ ውሉን በሚቀጥለው ቀን መፈረም ነው።,Suggestion,3,Suggestion_05,train
7000,እንዴት ነህ ጓደኛ?,Phatic,7,Phatic_12,train
7001,መረጃው በሚቀጥለው ሳምንት አልደረሰኝም።,Complaint,6,Complaint_06,train
7002,ክፍያው በፍጥነት አልተከፈለም።,Complaint,6,Complaint_03,train
7003,ሰላም፣ ስራ በሱቅ እንዴት ነው?,Phatic,7,Phatic_08,val
7004,እርግጥ ነው፣ ትዕዛዙ አሁን ተጠናቀቀ... በጣም ፈጣን!,Sarcasm/Irony,5,Sarcasm/Irony_01,train
7005,ይቅርታ፣ ትዕዛዙን በቅርቡ መላክ አልችልም።,Refusal,2,Refusal_02,train
7006,ተጠንቀቅ፣ ቦታውን በፍጥነት ካላስያዝክ ይያዛል።,Warning,4,Warning_08,train
7007,እርግጥ ነው፣ ምግቡ ዝግጁ ነው... በጣም ጣፋጭ!,Sarcasm/Irony,5,Sarcasm/Irony_09,train
7008,ምግቡ ነገ አልደረሰኝም።,Complaint,6,Complaint_08,train
7009,ሰነዱን ነገ ጠዋት አረጋግጣለሁ።,Promise,8,Promise_13,test
7010,አዎ፣ ለአባቴ ላክኩት... በጣም ጥሩ!,Sarcasm/Irony,5,Sarcasm/Irony_02,train
7011,ተጠንቀቅ፣ ስጦታውን በዚህ ሳምንት ካላደረግክ ችግር ይፈጥራል።,Warning,4,Warning_00,val
7012,ሀሳቤ ውሉን በዚህ ሳምንት መፈረም ነው።,Suggestion,3,Suggestion_05,train
7013,ማስጠንቀቂያ፣ ውሳኔውን ዛሬ ጠዋት ካላሳወቅክ ችግር ይፈጥራል።,Warning,4,Warning_11,val
7014,እባክዎ ፋይሉን በሚቀጥለው ሳምንት ይላኩልኝ።,Request,0,Request_00,train
7015,ውሳኔው በፍጥነት አልተሰጠም።,Complaint,6,Complaint_13,train
7016,መረጃው ትክክል ነው።,Assertion,1,Assertion_04,val
7017,እባክሽ ምግቡን በዚህ ሳምንት አዘጋጅልኝ።,Request,0,Request_13,val
7018,ይቅርታ፣ ውሳኔውን በዚህ ሳምንት ማሳወቅ አልችልም።,Refusal,2,Refusal_14,test
7019,ምናልባት አገልግሎቱን በፍጥነት ማድረግ ይሻላል።,Suggestion,3,Suggestion_00,test
7020,ምግቡ በሚቀጥለው ወር አልደረሰኝም።,Complaint,6,Complaint_08,train
7021,የትዕዛዙ ዋጋ ተቀይሯል።,Assertion,1,Assertion_09,train
7022,ቦታው በፍጥነት አልተያዘም።,Complaint,6,Complaint_07,val
7023,መረጃው ትክክል ነው።,Assertion,1,Assertion_04,train
7024,ምናልባት ምግቡን በዚህ ሳምንት ማዘጋጀት ይሻላል።,Suggestion,3,Suggestion_12,train
7025,ቦታው በሚቀጥለው ወር አልተያዘም።,Complaint,6,Complaint_07,train
7026,ስራው ነገ አልተጠናቀቀም።,Complaint,6,Complaint_12,val
7027,እርግጥ ነው፣ ክፍያው ተከፍሏል... በጣም ቀላል!,Sarcasm/Irony,5,Sarcasm/Irony_03,train
7028,እባክዎ መጽሐፉን አሁን ይላኩልኝ።,Request,0,Request_14,train
7029,እባክዎ መጽሐፉን በፍጥነት ይላኩልኝ።,Request,0,Request_14,train
7030,የስጦታው ችግርን ነገ እፈታለሁ።,Promise,8,Promise_14,train
7031,እንዴት ነሽ?,Phatic,7,Phatic_05,train
7032,አልቻልኩም፣ ስጦታውን ዛሬ ማምጣት አልቻልኩም።,Refusal,2,Refusal_06,train
7033,እንደኔ ሀሳብ መጽሐፉን አሁን ማንበብ ይሻላል።,Suggestion,3,Suggestion_13,train
7034,አዎ፣ መጽሐፉ ተመልሷል... በጣም ቀላል!,Sarcasm/Irony,5,Sarcasm/Irony_10,train
7035,እንደሚመስለኝ ትዕዛዙን ነገ ጠዋት ማጠናቀቅ ይሻላል።,Suggestion,3,Suggestion_04,test
7036,ለጓደኛዬ ዛሬ እደውላለሁ።,Promise,8,Promise_10,train
7037,ማስጠንቀቂያ፣ ምግቡን በዚህ አመት ካላዘጋጀህ ችግር ይፈጥራል።,Warning,4,Warning_09,train
7038,እባክሽ ደብዳቤውን ዛሬ ጠዋት አምጪልኝ።,Request,0,Request_09,train
7039,ሪፖርቱን በሚቀጥለው ሳምንት አቀርባለሁ።,Promise,8,Promise_05,train
7040,አልፈልግም፣ ቦታውን ማስያዝ አልችልም።,Refusal,2,Refusal_09,val
7041,የሰነዱ ሁኔታ ጥሩ ነው።,Assertion,1,Assertion_03,train
7042,ማስጠንቀቂያ፣ ክፍያውን ዛሬ ካላደረግክ አገልግሎት ይቋረጣል።,Warning,4,Warning_03,test
7043,እባክዎ ቦታውን በሚቀጥለው ወር ያስይዙልኝ።,Request,0,Request_12,train
7044,ቦታው ነፃ ነው።,Assertion,1,Assertion_10,val
7045,ምናልባት አገልግሎቱን ነገ ማድረግ ይሻላል።,Suggestion,3,Suggestion_00,train
7046,የፓኬጁ ችግርን ዛሬ ማታ እፈታለሁ።,Promise,8,Promise_14,test
7047,የደብዳቤው ችግር ከማክሰኞ ጀምሮ አልተፈታም።,Complaint,6,Complaint_02,train
7048,ክፍያው ተከፍሏል።,Assertion,1,Assertion_05,train
7049,ስጦታው በዚህ ወር ደርሷል።,Assertion,1,Assertion_01,train
7050,ነጋዴው፣ ዛሬ እንዴት ነው?,Phatic,7,Phatic_07,val
7051,እርግጥ ነው፣ ሪፖርቱ ዝግጁ ነው... በጣም ፈጣን!,Sarcasm/Irony,5,Sarcasm/Irony_05,train
7052,አዎ፣ ለጓደኛዋ ደውያለሁ... በጣም ቀላል!,Sarcasm/Irony,5,Sarcasm/Irony_14,test
7053,ምግቡን ዛሬ ማታ አዘጋጃለሁ።,Promise,8,Promise_08,train
7054,ለባልደረባዬ በሚቀጥለው ቀን እደውላለሁ።,Promise,8,Promise_10,train
7055,አዎ፣ ለአለቃዬ ደውያለሁ... በጣም ቀላል!,Sarcasm/Irony,5,Sarcasm/Irony_14,train
7056,ተጠንቀቅ፣ ውሳኔውን ዛሬ ካላደረግክ ችግር ይፈጥራል።,Warning,4,Warning_00,test
7057,ለጓደኛችን አሁን አልደወሉልኝም።,Complaint,6,Complaint_14,test
7058,አዎ፣ ለባልደረባዬ ላክኩት... በጣም ጥሩ!,Sarcasm/Irony,5,Sarcasm/Irony_02,train
7059,ክፍያውን በዚህ ወር አደርጋለሁ።,Promise,8,Promise_03,train
7060,እባክዎ መረጃውን አሁን ይላኩልኝ።,Request,0,Request_07,train
7061,እንደሚመስለኝ ትዕዛዙን ነገ ማታ ማጠናቀቅ ይሻላል።,Suggestion,3,Suggestion_04,train
7062,ይቅርታ፣ ውሳኔውን በሚቀጥለው ሳምንት ማሳወቅ አልችልም።,Refusal,2,Refusal_14,train
7063,እንደሚመስለኝ ትዕዛዙን ነገ ማጠናቀቅ ይሻላል።,Suggestion,3,Suggestion_04,train
7064,ይቅርታ፣ ትዕዛዙን ዛሬ ጠዋት መላክ አልችልም።,Refusal,2,Refusal_02,train
7065,ሀሳቤ ውሉን በሚቀጥለው ወር መፈረም ነው።,Suggestion,3,Suggestion_05,train
7066,ነጋዴው፣ ዛሬ እንዴት ነው?,Phatic,7,Phatic_07,val
7067,ይቅርታ፣ ለደንበኛው መላክ አልችልም።,Refusal,2,Refusal_05,train
7068,አይ፣ አሁን መረጃው ማድረግ አልችልም።,Refusal,2,Refusal_01,train
7069,ውሉ በዚህ አመት አልተፈረመም።,Complaint,6,Complaint_04,val
7070,ይቅርታ፣ ውሳኔውን ዛሬ ጠዋት ማሳወቅ አልችልም።,Refusal,2,Refusal_14,train
7071,እባክዎ መረጃውን በሚቀጥለው ወር ይላኩልኝ።,Request,0,Request_07,train
7072,መረጃውን ዛሬ ጠዋት እላካለሁ።,Promise,8,Promise_06,val
7073,እንዴት ነሽ?,Phatic,7,Phatic_05,train
7074,ነጋዴው፣ ዛሬ እንዴት ነው?,Phatic,7,Phatic_07,train
7075,ተጠንቀቅ፣ ለደንበኛው ካልደወልክ ችግር ይፈጥራል።,Warning,4,Warning_12,val
7076,ሀሳቤ መረጃውን ለአባቴ ማጋራት ነው።,Suggestion,3,Suggestion_11,train
7077,የትዕዛዙ ችግር ከምሽቱ ጀምሮ ከጓደኛችን ጋር እፈታለሁ።,Promise,8,Promise_00,train
7078,እባክሽ ትዕዛዙን ዛሬ ማታ አምጪልኝ።,Request,0,Request_05,train
7079,እባክሽ ምግቡን በሚቀጥለው ወር አዘጋጅልኝ።,Request,0,Request_13,train
7080,ነጋዴው፣ ዛሬ እንዴት ነው?,Phatic,7,Phatic_07,test
7081,የትዕዛዙ ችግር ከረቡዕ ጀምሮ ከአባቴ ጋር እፈታለሁ።,Promise,8,Promise_00,train
7082,አይ፣ አሁን ሰነዱ ማድረግ አልችልም።,Refusal,2,Refusal_01,test
7083,ውሉን ነገ ማታ እፈርማለሁ።,Promise,8,Promise_04,train
7084,አዎ፣ ለሰራተኛው ላክኩት... በጣም ጥሩ!,Sarcasm/Irony,5,Sarcasm/Irony_02,test
7085,ሰላም ነው ወንድሜ?,Phatic,7,Phatic_11,train
7086,ለጓደኛዬ ዛሬ ጠዋት አልደወሉልኝም።,Complaint,6,Complaint_14,train
7087,ክፍያውን አሁን አደርጋለሁ።,Promise,8,Promise_03,test
7088,ስጦታውን ነገ አደርሳለሁ።,Promise,8,Promise_01,train
7089,አዎ፣ ስራው ተጠናቀቀ... በጣም ፈጣን!,Sarcasm/Irony,5,Sarcasm/Irony_12,val
7090,ውሳኔውን በቅርቡ አሳውቃለሁ።,Promise,8,Promise_11,train
7091,እባክዎ ክፍያውን አሁን ይላኩልኝ።,Request,0,Request_04,train
7092,አልችልም፣ ምግቡን ዛሬ ጠዋት ማዘጋጀት አልቻልኩም።,Refusal,2,Refusal_12,train
7093,ምናልባት ምግቡን በፍጥነት ማዘጋጀት ይሻላል።,Suggestion,3,Suggestion_12,val
7094,ሰላም፣ እንዴት ነህ?,Phatic,7,Phatic_01,test
7095,ሰላም ነው ወንድሜ?,Phatic,7,Phatic_11,train
7096,እንደኔ ሀሳብ መጽሐፉን በቅርቡ ማንበብ ይሻላል።,Suggestion,3,Suggestion_13,test
7097,እባክሽ ምግቡን በዚህ ወር አዘጋጅልኝ።,Request,0,Request_13,train
7098,ሪፖርቱን በሚቀጥለው ወር አቀርባለሁ።,Promise,8,Promise_05,train
7099,ሀሳቤ ውሉን ነገ መፈረም ነው።,Suggestion,3,Suggestion_05,train
7100,አልችልም፣ ምግቡን በሚቀጥለው ወር ማዘጋጀት አልቻልኩም።,Refusal,2,Refusal_12,test
7101,መረጃው ዛሬ ማታ አልደረሰኝም።,Complaint,6,Complaint_06,train
7102,ይሻላል ክፍያውን ዛሬ ጠዋት ማድረግ።,Suggestion,3,Suggestion_08,train
7103,የመረጃው ጥራት ዝቅተኛ ነው።,Complaint,6,Complaint_11,val
7104,መረጃው ዛሬ ጠዋት አልደረሰኝም።,Complaint,6,Complaint_06,test
7105,መጽሐፉን አሁን አመልሳለሁ።,Promise,8,Promise_09,val
7106,አዎ፣ ለአጋሬ ላክኩት... በጣም ጥሩ!,Sarcasm/Irony,5,Sarcasm/Irony_02,train
7107,ይቅርታ፣ ውሳኔውን ነገ ማሳወቅ አልችልም።,Refusal,2,Refusal_14,train
7108,ሰላም፣ እንዴት ነህ?,Phatic,7,Phatic_01,train
7109,አዎ፣ ስጦታው ደርሷል... በጣም ጥሩ!,Sarcasm/Irony,5,Sarcasm/Irony_06,train
7110,ምክሬ ስጦታውን አሁን ማረጋገጥ ነው።,Suggestion,3,Suggestion_03,train
7111,መጽሐፉን ነገ ጠዋት አመልሳለሁ።,Promise,8,Promise_09,val
7112,እባክሽ ደብዳቤውን በፍጥነት አምጪልኝ።,Request,0,Request_09,train
7113,እርግጥ ነው፣ ምግቡ ዝግጁ ነው... በጣም ጣፋጭ!,Sarcasm/Irony,5,Sarcasm/Irony_09,train
7114,ተጠንቀቅ፣ ስጦታውን አሁን ካላመጣህ ችግር ይፈጥራል።,Warning,4,Warning_06,train
7115,ይሻላል ክፍያውን ለደንበኛው ማሳወቅ።,Suggestion,3,Suggestion_02,train
7116,ውሳኔውን አሁን አሳውቃለሁ።,Promise,8,Promise_11,train
7117,እባክዎ ትዕዛዙን ለአስተዳዳሪው በሚቀጥለው ቀን ይላኩልኝ።,Request,0,Request_03,train
7118,ጤና ይስጥልኝ፣ ዛሬ እንዴት ነው?,Phatic,7,Phatic_13,train
7119,የትዕዛዙ ችግር ከትናንት ጀምሮ ከቤተሰቤ ጋር እፈታለሁ።,Promise,8,Promise_00,val
7120,አዎ፣ መጽሐፉ ተመልሷል... በጣም ቀላል!,Sarcasm/Irony,5,Sarcasm/Irony_10,train
7121,ማስጠንቀቂያ፣ ሪፖርቱን በሚቀጥለው ወር ካላቀረብክ ቅጣት አለ።,Warning,4,Warning_05,train
7122,እርግጥ ነው፣ ክፍያው ተከፍሏል... በጣም ቀላል!,Sarcasm/Irony,5,Sarcasm/Irony_03,train
7123,ማስጠንቀቂያ፣ ሪፖርቱን በሚቀጥለው ቀን ካላቀረብክ ቅጣት አለ።,Warning,4,Warning_05,train
7124,ስራው ነገ አልተጠናቀቀም።,Complaint,6,Complaint_12,test
7125,መረጃው ትክክል ነው።,Assertion,1,Assertion_04,train
7126,ቦታው በዚህ ወር አልተያዘም።,Complaint,6,Complaint_07,train
7127,ማስጠንቀቂያ፣ ምግቡን ዛሬ ካላዘጋጀህ ችግር ይፈጥራል።,Warning,4,Warning_09,val
7128,አዎ፣ ስራው ተጠናቀቀ... በጣም ፈጣን!,Sarcasm/Irony,5,Sarcasm/Irony_12,train
7129,እንዴት ነህ ጓደኛ?,Phatic,7,Phatic_12,test
7130,ተጠንቀቅ፣ ስራውን በሚቀጥለው ሳምንት ካላጠናቀቅክ ቅጣት አለ።,Warning,4,Warning_14,val
7131,አልቻልኩም፣ ስጦታውን ዛሬ ማምጣት አልቻልኩም።,Refusal,2,Refusal_06,train
7132,ይሻላል ውሳኔውን በሚቀጥለው ሳምንት ማሳወቅ።,Suggestion,3,Suggestion_14,train
7133,እንደሚመስለኝ ስጦታውን በፍጥነት ማምጣት ይሻላል።,Suggestion,3,Suggestion_10,train
7134,ምናልባት ኮንትራቱን በዚህ አመት ማድረግ ይሻላል።,Suggestion,3,Suggestion_00,train
7135,አዎ፣ ለአባቴ ደውያለሁ... በጣም ቀላል!,Sarcasm/Irony,5,Sarcasm/Irony_14,train
7136,አዎ፣ ለጓደኛዋ ላክኩት... በጣም ጥሩ!,Sarcasm/Irony,5,Sarcasm/Irony_02,train
7137,የመልእክቱ ችግርን በቅርቡ እፈታለሁ።,Promise,8,Promise_14,train
7138,ምናልባት ምግቡን ነገ ማዘጋጀት ይሻላል።,Suggestion,3,Suggestion_12,train
7139,አዎ፣ መጽሐፉ ተመልሷል... በጣም ቀላል!,Sarcasm/Irony,5,Sarcasm/Irony_10,train
7140,ሰላም ነው ወንድሜ?,Phatic,7,Phatic_11,train
7141,እርግጥ ነው፣ መረጃው ትክክል ነው... በጣም ግልጽ!,Sarcasm/Irony,5,Sarcasm/Irony_07,test
7142,አይ፣ ክፍያውን አሁን ማድረግ አልችልም።,Refusal,2,Refusal_07,train
7143,ውሳኔውን በቅርቡ አሳውቃለሁ።,Promise,8,Promise_11,train
7144,ክፍያውን በዚህ ወር አደርጋለሁ።,Promise,8,Promise_03,train
7145,እርግጥ ነው፣ ክፍያው ተከፍሏል... በጣም ቀላል!,Sarcasm/Irony,5,Sarcasm/Irony_03,train
7146,እንደኔ ሀሳብ ስራውን በሚቀጥለው ቀን መላክ ይሻላል።,Suggestion,3,Suggestion_01,train
7147,ውሉ በዚህ ወር ተፈርሟል።,Assertion,1,Assertion_07,test
7148,እባክሽ መረጃውን በሚቀጥለው ሳምንት አምጪልኝ።,Request,0,Request_01,train
7149,እባክዎ ክፍያውን በሚቀጥለው ወር ያረጋግጡልኝ።,Request,0,Request_08,train
7150,ስጦታው በሚቀጥለው ሳምንት ደርሷል።,Assertion,1,Assertion_01,test
7151,ሰላም፣ ስራ በቤተ መንግስት እንዴት ነው?,Phatic,7,Phatic_08,test
7152,እባክሽ ደብዳቤውን አሁን አምጪልኝ።,Request,0,Request_09,train
7153,ምናልባት ምግቡን በዚህ አመት ማድረግ ይሻላል።,Suggestion,3,Suggestion_00,train
7154,ተጠንቀቅ፣ ውሉን በዚህ ሳምንት ካልፈረምክ ህጋዊ ችግር ይፈጥራል።,Warning,4,Warning_04,train
7155,መጽሐፉን በዚህ ወር አረጋግጣለሁ።,Promise,8,Promise_13,test
7156,የአገልግሎቱ ችግርን በዚህ ወር እፈታለሁ።,Promise,8,Promise_14,train
7157,እባክዎ ስጦታውን በዚህ አመት ያድርሱልኝ።,Request,0,Request_06,train
7158,ስጦታውን በሚቀጥለው ቀን አደርሳለሁ።,Promise,8,Promise_01,test
7159,ስራው በዚህ አመት ተጀምሯል።,Assertion,1,Assertion_13,test
7160,ተጠንቀቅ፣ ለጓደኛችን ካልላክ ችግር ይፈጥራል።,Warning,4,Warning_02,train
7161,ጤና ይስጥልኝ፣ አለቃዬ እንዴት ነው?,Phatic,7,Phatic_10,train
7162,ሸቀጡን በቅርቡ አረጋግጣለሁ።,Promise,8,Promise_13,train
7163,ሪፖርቱ ዝግጁ ነው።,Assertion,1,Assertion_08,val
7164,እርግጥ ነው፣ ውሳኔው ትክክል ነው... በጣም ጥሩ!,Sarcasm/Irony,5,Sarcasm/Irony_11,val
7165,ጤና ይስጥልኝ፣ ቤተሰብ እንዴት ናቸው?,Phatic,7,Phatic_06,train
7166,ተጠንቀቅ፣ ስራውን በሚቀጥለው ቀን ካላጠናቀቅክ ቅጣት አለ።,Warning,4,Warning_14,test
7167,ማስጠንቀቂያ፣ ምግቡን ዛሬ ጠዋት ካላዘጋጀህ ችግር ይፈጥራል።,Warning,4,Warning_09,train
7168,እርግጥ ነው፣ ሪፖርቱ ዝግጁ ነው... በጣም ፈጣን!,Sarcasm/Irony,5,Sarcasm/Irony_05,train
7169,እርግጥ ነው፣ ውሳኔው ትክክል ነው... በጣም ጥሩ!,Sarcasm/Irony,5,Sarcasm/Irony_11,train
7170,እባክዎ ውሉን ለሰራተኛው ነገ ማታ ይላኩልኝ።,Request,0,Request_02,train
7171,ሰላም፣ ስራ በሬስቶራንት እንዴት ነው?,Phatic,7,Phatic_08,train
7172,ስጦታውን ነገ አደርሳለሁ።,Promise,8,Promise_01,train
7173,አዎ፣ ውሉ ተፈርሟል... በጣም ቀላል ነበር!,Sarcasm/Irony,5,Sarcasm/Irony_04,train
7174,ማስጠንቀቂያ፣ መረጃውን ካላጋራህ ችግር ይፈጥራል።,Warning,4,Warning_07,val
7175,ተጠንቀቅ፣ ውሉን በሚቀጥለው ወር ካልፈረምክ ህጋዊ ችግር ይፈጥራል።,Warning,4,Warning_04,test
7176,እባክሽ ክፍያውን በዚህ ወር አምጪልኝ።,Request,0,Request_01,train
7177,ውሉ በፍጥነት ተፈርሟል።,Assertion,1,Assertion_07,train
7178,ክፍያው በቅርቡ አልተከፈለም።,Complaint,6,Complaint_03,test
7179,እባክዎ መረጃውን አሁን ይላኩልኝ።,Request,0,Request_04,test
7180,እባክዎ ስጦታውን ዛሬ ያድርሱልኝ።,Request,0,Request_06,val
7181,እባክዎ ሪፖርቱን አሁን ይላኩልኝ።,Request,0,Request_00,train
7182,እባክሽ ቲኬቱን ዛሬ ማታ አምጪልኝ።,Request,0,Request_05,test
7183,ይቅርታ፣ ለሰራተኛው መጥራት አልችልም።,Refusal,2,Refusal_11,train
7184,እባክዎ ቦታውን ዛሬ ማታ ያስይዙልኝ።,Request,0,Request_12,train
7185,እባክዎ መረጃውን በዚህ አመት ይላኩልኝ።,Request,0,Request_07,train
7186,እባክዎ ትዕዛዙን ለጓደኛችን አሁን ይላኩልኝ።,Request,0,Request_03,val
7187,ምናልባት ለፖሊሱ መደወል ይሻላል።,Suggestion,3,Suggestion_06,train
7188,ለአለቃዬ በሚቀጥለው ሳምንት አልደወሉልኝም።,Complaint,6,Complaint_14,test
7189,ሪፖርቱ ዝግጁ ነው።,Assertion,1,Assertion_08,train
7190,ተጠንቀቅ፣ ስጦታውን በዚህ አመት ካላመጣህ ችግር ይፈጥራል።,Warning,4,Warning_06,train
7191,እንደሚመስለኝ ትዕዛዙን በሚቀጥለው ወር ማጠናቀቅ ይሻላል።,Suggestion,3,Suggestion_04,test
7192,እንዴት ነህ ጓደኛ?,Phatic,7,Phatic_12,train
7193,መረጃው ትክክል ነው።,Assertion,1,Assertion_04,val
7194,ይቅርታ፣ ለባልደረባዬ መጥራት አልችልም።,Refusal,2,Refusal_11,train
7195,እባክዎ ትዕዛዙን ለወንድሜ በሚቀጥለው ሳምንት ይላኩልኝ።,Request,0,Request_03,train
7196,ትዕዛዙ ዛሬ አልደረሰኝም።,Complaint,6,Complaint_01,train
7197,አዎ፣ ስጦታውን በፍጥነት አደረግኩት... ትክክል ነው!,Sarcasm/Irony,5,Sarcasm/Irony_00,train
7198,ምናልባት ሪፖርቱን በሚቀጥለው ሳምንት ማድረግ ይሻላል።,Suggestion,3,Suggestion_00,train
7199,ክፍያው ተከፍሏል።,Assertion,1,Assertion_05,train
7200,አዎ፣ ለእህቴ ደውያለሁ... በጣም ቀላል!,Sarcasm/Irony,5,Sarcasm/Irony_14,train
7201,አዎ፣ ስጦታው ደርሷል... በጣም ጥሩ!,Sarcasm/Irony,5,Sarcasm/Irony_06,val
7202,ሀሳቤ መረጃውን ለደንበኛው ማጋራት ነው።,Suggestion,3,Suggestion_11,train
7203,እባክዎ ሪፖርቱን በቅርቡ ይላኩልኝ።,Request,0,Request_10,train
7204,መረጃው ትክክል ነው።,Assertion,1,Assertion_04,train
7205,ምናልባት ምግቡን በሚቀጥለው ቀን ማዘጋጀት ይሻላል።,Suggestion,3,Suggestion_12,val
7206,ምግቡን ነገ አዘጋጃለሁ።,Promise,8,Promise_08,train
7207,ስራው ዛሬ ጠዋት ተጀምሯል።,Assertion,1,Assertion_13,train
7208,እባክዎ ትዕዛዙን አሁን ይላኩልኝ።,Request,0,Request_04,train
7209,የአለቃዬ ስራ በቤት ጥሩ ነው።,Assertion,1,Assertion_06,val
7210,የቲኬቱ ጥራት ዝቅተኛ ነው።,Complaint,6,Complaint_11,train
7211,አይ፣ መጽሐፉን ማበደር አልችልም።,Refusal,2,Refusal_13,train
7212,መረጃው ነገ ጠዋት አልደረሰኝም።,Complaint,6,Complaint_06,train
7213,አልፈልግም፣ መረጃውን አልቀበልም።,Refusal,2,Refusal_03,train
7214,መረጃው ትክክል ነው።,Assertion,1,Assertion_04,train
7215,ጤና ይስጥልኝ፣ ስራ እንዴት ነው?,Phatic,7,Phatic_02,train
7216,አይደለም፣ ውሉን ዛሬ ጠዋት ማረጋገጥ አልችልም።,Refusal,2,Refusal_04,train
7217,ይሻላል ክፍያውን በዚህ ወር ማድረግ።,Suggestion,3,Suggestion_08,test
7218,ተጠንቀቅ፣ ለጓደኛዬ ካልደወልክ ችግር ይፈጥራል።,Warning,4,Warning_12,train
7219,አልቻልኩም፣ ስጦታውን ነገ ማምጣት አልቻልኩም።,Refusal,2,Refusal_06,train
7220,የጓደኛዬ አገልግሎት መጥፎ ነው።,Complaint,6,Complaint_10,train
7221,ስራውን ዛሬ አጠናቅቃለሁ።,Promise,8,Promise_12,train
7222,መጽሐፉ በዚህ ወር አልደረሰኝም።,Complaint,6,Complaint_09,val
7223,እርግጥ ነው፣ መረጃው ትክክል ነው... በጣም ግልጽ!,Sarcasm/Irony,5,Sarcasm/Irony_07,train
7224,ሀሳቤ መረጃውን ለእናቴ ማጋራት ነው።,Suggestion,3,Suggestion_11,train
7225,ተጠንቀቅ፣ ውሉን በሚቀጥለው ሳምንት ካልፈረምክ ህጋዊ ችግር ይፈጥራል።,Warning,4,Warning_04,train
7226,ጤና ይስጥልኝ፣ ቤተሰብ እንዴት ናቸው?,Phatic,7,Phatic_06,test
7227,ተጠንቀቅ፣ ስጦታውን አሁን ካላመጣህ ችግር ይፈጥራል።,Warning,4,Warning_06,train
7228,ክፍያው በዚህ ወር አልተከፈለም።,Complaint,6,Complaint_03,train
7229,የመልእክቱ ዋጋ ተቀይሯል።,Assertion,1,Assertion_09,train
7230,ስጦታው ገና ወደ ገበያ ነገ ማታ አልደረሰኝም።,Complaint,6,Complaint_00,train
7231,መረጃው በዚህ ወር አልደረሰኝም።,Complaint,6,Complaint_06,val
7232,ማስጠንቀቂያ፣ ውሉን ዛሬ ካላረጋገጥክ ችግር ይፈጥራል።,Warning,4,Warning_13,train
7233,የመረጃው ችግር ከሐሙስ ጀምሮ አልተፈታም።,Complaint,6,Complaint_02,train
7234,ምናልባት ለእናቴ መደወል ይሻላል።,Suggestion,3,Suggestion_06,test
7235,የሸቀጡ ችግርን ነገ ማታ እፈታለሁ።,Promise,8,Promise_14,train
7236,እንደኔ ሀሳብ መረጃውን በዚህ ሳምንት መላክ ይሻላል።,Suggestion,3,Suggestion_01,train
7237,እባክዎ አገልግሎቱን አሁን ይላኩልኝ።,Request,0,Request_04,test
7238,አዎ፣ ስጦታው ደርሷል... በጣም ጥሩ!,Sarcasm/Irony,5,Sarcasm/Irony_06,train
7239,እንዴት ነህ ጓደኛ?,Phatic,7,Phatic_12,train
7240,እንደኔ ሀሳብ መጽሐፉን ነገ መላክ ይሻላል።,Suggestion,3,Suggestion_01,train
7241,ስጦታው ገና ወደ ሬስቶራንት ዛሬ አልደረሰኝም።,Complaint,6,Complaint_00,train
7242,መጽሐፉ በሚቀጥለው ሳምንት አልደረሰኝም።,Complaint,6,Complaint_09,train
7243,አይ፣ መጽሐፉን ማበደር አልችልም።,Refusal,2,Refusal_13,train
7244,ነጋዴው፣ ዛሬ እንዴት ነው?,Phatic,7,Phatic_07,val
7245,መረጃው ትክክል ነው።,Assertion,1,Assertion_04,train
7246,የውሉ ዋጋ ተቀይሯል።,Assertion,1,Assertion_09,train
7247,ትዕዛዙን ነገ ማታ አጠናቅቃለሁ።,Promise,8,Promise_02,train
7248,ምግቡን በዚህ ወር አዘጋጃለሁ።,Promise,8,Promise_08,train
7249,ምናልባት ምግቡን በፍጥነት ማዘጋጀት ይሻላል።,Suggestion,3,Suggestion_12,test
7250,ይቅርታ፣ ለቤተሰቤ መጥራት አልችልም።,Refusal,2,Refusal_11,val
7251,የቦታው ችግርን በሚቀጥለው ወር እፈታለሁ።,Promise,8,Promise_14,test
7252,አልቻልኩም፣ ስጦታውን በፍጥነት ማምጣት አልቻልኩም።,Refusal,2,Refusal_06,train
7253,አይደለም፣ ሪፖርቱን በዚህ አመት ማጠናቀቅ አልችልም።,Refusal,2,Refusal_10,train
7254,አልፈልግም፣ ቦታውን ማስያዝ አልችልም።,Refusal,2,Refusal_09,train
7255,ስራው በዚህ አመት አልተጠናቀቀም።,Complaint,6,Complaint_12,train
7256,ቦታውን በሚቀጥለው ወር አስይዛለሁ።,Promise,8,Promise_07,val
7257,ይሻላል ክፍያውን በፍጥነት ማድረግ።,Suggestion,3,Suggestion_08,train
7258,ምናልባት ምግቡን በፍጥነት ማዘጋጀት ይሻላል።,Suggestion,3,Suggestion_12,train
7259,አይደለም፣ ውሉን ዛሬ ማረጋገጥ አልችልም።,Refusal,2,Refusal_04,train
7260,ሪፖርቱ ዝግጁ ነው።,Assertion,1,Assertion_08,train
7261,መጽሐፉ በሚቀጥለው ሳምንት ደረሰ።,Assertion,1,Assertion_11,val
7262,አይደለም፣ ውሉን በዚህ አመት ማረጋገጥ አልችልም።,Refusal,2,Refusal_04,train
7263,ምናልባት ለሰራተኛው መደወል ይሻላል።,Suggestion,3,Suggestion_06,train
7264,እንደሚመስለኝ ትዕዛዙን አሁን ማጠናቀቅ ይሻላል።,Suggestion,3,Suggestion_04,train
7265,ሪፖርቱ ዝግጁ ነው።,Assertion,1,Assertion_08,val
7266,ስጦታው በቅርቡ ደርሷል።,Assertion,1,Assertion_01,train
7267,እባክዎ ክፍያውን ዛሬ ጠዋት ያረጋግጡልኝ።,Request,0,Request_08,test
7268,መጽሐፉ በሚቀጥለው ቀን አልደረሰኝም።,Complaint,6,Complaint_09,train
7269,እባክዎ ሪፖርቱን በዚህ ሳምንት ይላኩልኝ።,Request,0,Request_10,train
7270,ስጦታው ዛሬ ጠዋት ደርሷል።,Assertion,1,Assertion_01,train
7271,ተጠንቀቅ፣ ምግቡን ዛሬ ካላደረግክ ችግር ይፈጥራል።,Warning,4,Warning_00,val
7272,አዎ፣ መጽሐፉ ተመልሷል... በጣም ቀላል!,Sarcasm/Irony,5,Sarcasm/Irony_10,train
7273,እርግጥ ነው፣ ትዕዛዙ በዚህ ሳምንት ተጠናቀቀ... በጣም ፈጣን!,Sarcasm/Irony,5,Sarcasm/Irony_01,val
7274,እርግጥ ነው፣ መረጃው ትክክል ነው... በጣም ግልጽ!,Sarcasm/Irony,5,Sarcasm/Irony_07,train
7275,ክፍያውን ዛሬ ጠዋት አደርጋለሁ።,Promise,8,Promise_03,train
7276,ምክሬ ቦታውን አሁን ማስያዝ ነው።,Suggestion,3,Suggestion_09,val
7277,ኮንትራቱን በፍጥነት አረጋግጣለሁ።,Promise,8,Promise_13,train
7278,ይሻላል ክፍያውን በፍጥነት ማድረግ።,Suggestion,3,Suggestion_08,train
7279,አልፈልግም፣ ቦታውን ማስያዝ አልችልም።,Refusal,2,Refusal_09,train
7280,ውሉን በዚህ ወር እፈርማለሁ።,Promise,8,Promise_04,test
7281,እባክዎ ትዕዛዙን ለእህቴ በሚቀጥለው ወር ይላኩልኝ።,Request,0,Request_03,train
7282,ምክሬ ቦታውን አሁን ማስያዝ ነው።,Suggestion,3,Suggestion_09,train
7283,ስራው በሚቀጥለው ወር አልተጠናቀቀም።,Complaint,6,Complaint_12,train
7284,ጤና ይስጥልኝ፣ ዛሬ እንዴት ነው?,Phatic,7,Phatic_13,train
7285,ሰላም ነው ወንድሜ?,Phatic,7,Phatic_11,train
7286,ጤና ይስጥልኝ፣ ስራ እንዴት ነው?,Phatic,7,Phatic_02,train
7287,ቦታውን ነገ ጠዋት አስይዛለሁ።,Promise,8,Promise_07,train
7288,ምናልባት ስጦታውን በሚቀጥለው ሳምንት ማድረግ ይሻላል።,Suggestion,3,Suggestion_00,test
7289,መረጃውን በቅርቡ እላካለሁ።,Promise,8,Promise_06,train
7290,እርግጥ ነው፣ ምግቡ ዝግጁ ነው... በጣም ጣፋጭ!,Sarcasm/Irony,5,Sarcasm/Irony_09,test
7291,ጤና ይስጥልኝ፣ ዛሬ እንዴት ነው?,Phatic,7,Phatic_13,test
7292,ይቅርታ፣ ትዕዛዙን በሚቀጥለው ሳምንት መላክ አልችልም።,Refusal,2,Refusal_02,val
7293,እባክዎ መጽሐፉን በፍጥነት ይላኩልኝ።,Request,0,Request_14,test
7294,ሰላም፣ ስራ በቢሮ እንዴት ነው?,Phatic,7,Phatic_08,test
7295,የክፍያው ችግር ከአርብ ጀምሮ ከጓደኛችን ጋር እፈታለሁ።,Assertion,1,Assertion_00,train
7296,እባክዎ ስጦታውን በቅርቡ ያድርሱልኝ።,Request,0,Request_06,test
7297,ሰላም ነው?,Phatic,7,Phatic_04,train
7298,እባክዎ ውሉን ለጓደኛዬ አሁን ይላኩልኝ።,Request,0,Request_02,train
7299,ሰላም፣ ስራ በቤተ መንግስት እንዴት ነው?,Phatic,7,Phatic_08,train
7300,አዎ፣ ቲኬቱን በሚቀጥለው ወር አደረግኩት... ትክክል ነው!,Sarcasm/Irony,5,Sarcasm/Irony_00,test
7301,ተጠንቀቅ፣ ፓኬጁን በሚቀጥለው ሳምንት ካላደረግክ ችግር ይፈጥራል።,Warning,4,Warning_00,train
7302,የመጽሐፉ ጥራት ከፍተኛ ነው።,Assertion,1,Assertion_14,test
7303,ሪፖርቱ በዚህ ሳምንት አልቀረበም።,Complaint,6,Complaint_05,train
7304,ሀሳቤ መረጃውን ለጓደኛችን ማጋራት ነው።,Suggestion,3,Suggestion_11,train
7305,የፖሊሱ ውሳኔ ትክክል ነው።,Assertion,1,Assertion_12,val
7306,ስራውን በሚቀጥለው ወር አጠናቅቃለሁ።,Promise,8,Promise_12,train
7307,አይደለም፣ ሪፖርቱን ነገ ማታ ማጠናቀቅ አልችልም።,Refusal,2,Refusal_10,train
7308,እንደሚመስለኝ ትዕዛዙን በዚህ አመት ማጠናቀቅ ይሻላል።,Suggestion,3,Suggestion_04,train
7309,ማስጠንቀቂያ፣ መረጃውን ካላጋራህ ችግር ይፈጥራል።,Warning,4,Warning_07,train
7310,ጤና ይስጥልኝ፣ ቤተሰብ እንዴት ናቸው?,Phatic,7,Phatic_06,train
7311,ይቅርታ፣ ለቤተሰቤ መላክ አልችልም።,Refusal,2,Refusal_05,train
7312,እባክሽ ምግቡን በቅርቡ አዘጋጅልኝ።,Request,0,Request_13,train
7313,እባክዎ ትዕዛዙን ለጓደኛዬ ዛሬ ይላኩልኝ።,Request,0,Request_03,test
7314,ምክሬ ቦታውን አሁን ማስያዝ ነው።,Suggestion,3,Suggestion_09,train
7315,ይሻላል ክፍያውን ነገ ጠዋት ማድረግ።,Suggestion,3,Suggestion_08,train
7316,አዎ፣ ቲኬቱን ዛሬ አደረግኩት... ትክክል ነው!,Sarcasm/Irony,5,Sarcasm/Irony_00,train
7317,አዎ፣ ለእህቴ ደውያለሁ... በጣም ቀላል!,Sarcasm/Irony,5,Sarcasm/Irony_14,test
7318,ሪፖርቱ ዝግጁ ነው።,Assertion,1,Assertion_08,train
7319,ነጋዴው፣ ስራ በቤት እንዴት ነው?,Phatic,7,Phatic_00,train
7320,ክፍያውን ነገ ማታ አረጋግጣለሁ።,Promise,8,Promise_13,train
7321,ትዕዛዙ ዛሬ ማታ አልደረሰኝም።,Complaint,6,Complaint_01,train
7322,አዎ፣ ለእህቴ ላክኩት... በጣም ጥሩ!,Sarcasm/Irony,5,Sarcasm/Irony_02,train
7323,የፋይሉ ችግር ከሐሙስ ጀምሮ አልተፈታም።,Complaint,6,Complaint_02,train
7324,እባክሽ ምግቡን በዚህ ወር አዘጋጅልኝ።,Request,0,Request_13,test
7325,ተጠንቀቅ፣ ለወንድሜ ካልላክ ችግር ይፈጥራል።,Warning,4,Warning_02,train
7326,የስራው ችግር ከረቡዕ ጀምሮ ከፖሊሱ ጋር እፈታለሁ።,Assertion,1,Assertion_00,train
7327,ውሳኔውን በዚህ ወር አሳውቃለሁ።,Promise,8,Promise_11,train
7328,ይቅርታ፣ መረጃውን ማጋራት አልችልም።,Refusal,2,Refusal_08,train
7329,አዎ፣ ውሉ ተፈርሟል... በጣም ቀላል ነበር!,Sarcasm/Irony,5,Sarcasm/Irony_04,val
7330,አይ፣ አሁን ሸቀጡ ማድረግ አልችልም።,Refusal,2,Refusal_01,test
7331,አዎ፣ ለቤተሰቤ ላክኩት... በጣም ጥሩ!,Sarcasm/Irony,5,Sarcasm/Irony_02,train
7332,የትዕዛዙ ችግርን ነገ እፈታለሁ።,Promise,8,Promise_14,train
7333,መረጃውን ዛሬ እላካለሁ።,Promise,8,Promise_06,test
7334,እባክዎ ትዕዛዙን ለደንበኛው ነገ ይላኩልኝ።,Request,0,Request_03,train
7335,ፓኬጁን በቅርቡ አረጋግጣለሁ።,Promise,8,Promise_13,train
7336,ሀሳቤ መረጃውን ለአጋሬ ማጋራት ነው።,Suggestion,3,Suggestion_11,train
7337,ቦታው ነፃ ነው።,Assertion,1,Assertion_10,test
7338,ስጦታውን በሚቀጥለው ሳምንት አረጋግጣለሁ።,Promise,8,Promise_13,train
7339,ተጠንቀቅ፣ ውሉን ነገ ካልፈረምክ ህጋዊ ችግር ይፈጥራል።,Warning,4,Warning_04,train
7340,ተጠንቀቅ፣ ስጦታውን በዚህ አመት ካላመጣህ ችግር ይፈጥራል።,Warning,4,Warning_06,train
7341,ሪፖርቱን ዛሬ አቀርባለሁ።,Promise,8,Promise_05,train
7342,እንደምን አደርክ?,Phatic,7,Phatic_03,train
7343,አልፈልግም፣ መረጃውን አልቀበልም።,Refusal,2,Refusal_03,train
7344,እባክዎ መጽሐፉን በሚቀጥለው ቀን ይላኩልኝ።,Request,0,Request_14,test
7345,የትዕዛዙ ችግር ከሰኞ ጀምሮ ከባልደረባዬ ጋር እፈታለሁ።,Promise,8,Promise_00,train
7346,ተጠንቀቅ፣ መጽሐፉን በሚቀጥለው ቀን ካላመለስክ ቅጣት አለ።,Warning,4,Warning_10,test
7347,አዎ፣ ስራው ተጠናቀቀ... በጣም ፈጣን!,Sarcasm/Irony,5,Sarcasm/Irony_12,train
7348,የሰራተኛው አገልግሎት መጥፎ ነው።,Complaint,6,Complaint_10,train
7349,እንዴት ነህ ጓደኛ?,Phatic,7,Phatic_12,train
7350,እባክሽ ደብዳቤውን አሁን አምጪልኝ።,Request,0,Request_09,train
7351,አልችልም፣ ምግቡን በዚህ ሳምንት ማዘጋጀት አልቻልኩም።,Refusal,2,Refusal_12,train
7352,አልችልም፣ ክፍያውን ነገ ማድረስ አልቻልኩም።,Refusal,2,Refusal_00,train
7353,መረጃው ትክክል ነው።,Assertion,1,Assertion_04,train
7354,መረጃው ነገ ማታ አልደረሰኝም።,Complaint,6,Complaint_06,train
7355,ማስጠንቀቂያ፣ ውሳኔውን በሚቀጥለው ቀን ካላረጋገጥክ ችግር ይፈጥራል።,Warning,4,Warning_13,train
7356,የትዕዛዙ ችግር ከጠዋቱ ጀምሮ ከጓደኛዬ ጋር እፈታለሁ።,Promise,8,Promise_00,train
7357,እባክዎ ስጦታውን በሚቀጥለው ቀን ያድርሱልኝ።,Request,0,Request_06,train
7358,መረጃውን በቅርቡ እላካለሁ።,Promise,8,Promise_06,val
7359,ስራው ነገ ጠዋት አልተጠናቀቀም።,Complaint,6,Complaint_12,train
7360,ተጠንቀቅ፣ ስጦታውን በሚቀጥለው ቀን ካላመጣህ ችግር ይፈጥራል።,Warning,4,Warning_06,train
7361,ውሳኔውን ነገ ማታ አሳውቃለሁ።,Promise,8,Promise_11,train
7362,ይሻላል ፋይሉን ለጓደኛዋ ማሳወቅ።,Suggestion,3,Suggestion_02,train
7363,ውሉ ዛሬ ተፈርሟል።,Assertion,1,Assertion_07,train
7364,እንዴት ነህ ጓደኛ?,Phatic,7,Phatic_12,train
7365,ተጠንቀቅ፣ ቦታውን በዚህ አመት ካላስያዝክ ይያዛል።,Warning,4,Warning_08,train
7366,ስጦታው ገና ወደ ጤና ጣቢያ በዚህ አመት አልደረሰኝም።,Complaint,6,Complaint_00,train
7367,ሪፖርቱ አሁን አልቀረበም።,Complaint,6,Complaint_05,test
7368,አልፈልግም፣ ውሉን አልቀበልም።,Refusal,2,Refusal_03,train
7369,ጤና ይስጥልኝ፣ ቤተሰብ እንዴት ናቸው?,Phatic,7,Phatic_06,train
7370,ምክሬ ኮንትራቱን አሁን ማረጋገጥ ነው።,Suggestion,3,Suggestion_03,train
7371,የባልደረባዬ ስራ በዩኒቨርሲቲ ጥሩ ነው።,Assertion,1,Assertion_06,train
7372,እንደኔ ሀሳብ ውሉን በፍጥነት መላክ ይሻላል።,Suggestion,3,Suggestion_01,train
7373,መጽሐፉ በሚቀጥለው ሳምንት ደረሰ።,Assertion,1,Assertion_11,train
7374,እንዴት ነሽ?,Phatic,7,Phatic_05,val
7375,መጽሐፉ አሁን ደረሰ።,Assertion,1,Assertion_11,test
7376,አይ፣ መጽሐፉን ማበደር አልችልም።,Refusal,2,Refusal_13,train
7377,አልቻልኩም፣ ስጦታውን ነገ ማታ ማምጣት አልቻልኩም።,Refusal,2,Refusal_06,train
7378,ቦታው ነፃ ነው።,Assertion,1,Assertion_10,test
7379,መረጃው ትክክል ነው።,Assertion,1,Assertion_04,train
7380,እባክዎ ውሉን ለአስተዳዳሪው ነገ ጠዋት ይላኩልኝ።,Request,0,Request_02,train
7381,ውሳኔውን አሁን አሳውቃለሁ።,Promise,8,Promise_11,train
7382,ውሉን ነገ ጠዋት እፈርማለሁ።,Promise,8,Promise_04,train
7383,ምናልባት ምግቡን ዛሬ ማዘጋጀት ይሻላል።,Suggestion,3,Suggestion_12,train
7384,አይደለም፣ ሪፖርቱን ዛሬ ማጠናቀቅ አልችልም።,Refusal,2,Refusal_10,train
7385,ክፍያው ተከፍሏል።,Assertion,1,Assertion_05,train
7386,አልፈልግም፣ ውሳኔውን አልቀበልም።,Refusal,2,Refusal_03,val
7387,ክፍያው ዛሬ ጠዋት አልተከፈለም።,Complaint,6,Complaint_03,test
7388,ጤና ይስጥልኝ፣ ፖሊሱ እንዴት ነው?,Phatic,7,Phatic_10,train
7389,የውሉ ዋጋ ተቀይሯል።,Assertion,1,Assertion_09,train
7390,ስራው በፍጥነት ተጀምሯል።,Assertion,1,Assertion_13,train
7391,የትዕዛዙ ችግር ከትናንት ጀምሮ ከአስተዳዳሪው ጋር እፈታለሁ።,Promise,8,Promise_00,train
7392,ማስጠንቀቂያ፣ ክፍያውን ዛሬ ጠዋት ካላደረግክ አገልግሎት ይቋረጣል።,Warning,4,Warning_03,train
7393,ማስጠንቀቂያ፣ መረጃውን ካላጋራህ ችግር ይፈጥራል።,Warning,4,Warning_07,test
7394,እርግጥ ነው፣ ምግቡ ዝግጁ ነው... በጣም ጣፋጭ!,Sarcasm/Irony,5,Sarcasm/Irony_09,test
7395,የምግቡ ሁኔታ ጥሩ ነው።,Assertion,1,Assertion_03,train
7396,እንደምን አደርክ?,Phatic,7,Phatic_03,train
7397,ተጠንቀቅ፣ ለጓደኛችን ካልደወልክ ችግር ይፈጥራል።,Warning,4,Warning_12,train
7398,እባክዎ መጽሐፉን ዛሬ ይላኩልኝ።,Request,0,Request_14,test
7399,ውሉ በሚቀጥለው ቀን አልተፈረመም።,Complaint,6,Complaint_04,train
7400,ውሉ በቅርቡ አልተፈረመም።,Complaint,6,Complaint_04,train
7401,እባክዎ ትዕዛዙን ለደንበኛው በፍጥነት ይላኩልኝ።,Request,0,Request_03,test
7402,ስራው በሚቀጥለው ወር አልተጠናቀቀም።,Complaint,6,Complaint_12,test
7403,እንዴት ነህ ጓደኛ?,Phatic,7,Phatic_12,train
7404,ጤና ይስጥልኝ፣ ቤተሰብ እንዴት ናቸው?,Phatic,7,Phatic_06,train
7405,አዎ፣ ቦታው ነፃ ነው... በጣም ምቹ!,Sarcasm/Irony,5,Sarcasm/Irony_08,train
7406,ማስጠንቀቂያ፣ ምግቡን በዚህ አመት ካላዘጋጀህ ችግር ይፈጥራል።,Warning,4,Warning_09,test
7407,ሪፖርቱ በሚቀጥለው ወር አልቀረበም።,Complaint,6,Complaint_05,train
7408,ክፍያውን ዛሬ ጠዋት አደርጋለሁ።,Promise,8,Promise_03,train
7409,እንዴት ነሽ?,Phatic,7,Phatic_05,train
7410,ስጦታው ገና ወደ ጤና ጣቢያ ነገ ጠዋት አልደረሰኝም።,Complaint,6,Complaint_00,train
7411,ሸቀጡን ነገ አረጋግጣለሁ።,Promise,8,Promise_13,train
7412,ማስጠንቀቂያ፣ መረጃውን ካላጋራህ ችግር ይፈጥራል።,Warning,4,Warning_07,val
7413,ተጠንቀቅ፣ ለሰራተኛው ካልላክ ችግር ይፈጥራል።,Warning,4,Warning_02,train
7414,ይቅርታ፣ ለአለቃዬ መላክ አልችልም።,Refusal,2,Refusal_05,val
7415,እንደኔ ሀሳብ መጽሐፉን በፍጥነት ማንበብ ይሻላል።,Suggestion,3,Suggestion_13,test
7416,አዎ፣ ቦታው ነፃ ነው... በጣም ምቹ!,Sarcasm/Irony,5,Sarcasm/Irony_08,train
7417,የትዕዛዙ ችግርን በሚቀጥለው ወር እፈታለሁ።,Promise,8,Promise_14,train
7418,እንደምን አደርክ?,Phatic,7,Phatic_03,test
7419,ስጦታው ነገ ደርሷል።,Assertion,1,Assertion_01,val
7420,ለእናቴ ዛሬ ማታ እደውላለሁ።,Promise,8,Promise_10,train
7421,ውሉ በሚቀጥለው ቀን ተፈርሟል።,Assertion,1,Assertion_07,train
7422,እርግጥ ነው፣ ትዕዛዙ ጥሩ ነው... በጣም ጥሩ!,Sarcasm/Irony,5,Sarcasm/Irony_13,train
7423,አዎ፣ ስጦታው ደርሷል... በጣም ጥሩ!,Sarcasm/Irony,5,Sarcasm/Irony_06,val
7424,ስራውን በዚህ ሳምንት አጠናቅቃለሁ።,Promise,8,Promise_12,train
7425,መረጃው ትክክል ነው።,Assertion,1,Assertion_04,train
7426,አይ፣ አሁን ሰነዱ ማድረግ አልችልም።,Refusal,2,Refusal_01,train
7427,ሰላም ነው ወንድሜ?,Phatic,7,Phatic_11,val
7428,ሪፖርቱን ነገ አቀርባለሁ።,Promise,8,Promise_05,train
7429,ማስጠንቀቂያ፣ ምግቡን በሚቀጥለው ወር ካላዘጋጀህ ችግር ይፈጥራል።,Warning,4,Warning_09,train
7430,ውሉ ነገ ጠዋት አልተፈረመም።,Complaint,6,Complaint_04,train
7431,እባክዎ ውሳኔውን በዚህ አመት ይላኩልኝ።,Request,0,Request_00,test
7432,ይቅርታ፣ ትዕዛዙን በዚህ ወር መላክ አልችልም።,Refusal,2,Refusal_02,train
7433,ትዕዛዙን በፍጥነት አጠናቅቃለሁ።,Promise,8,Promise_02,test
7434,ተጠንቀቅ፣ ውሉን በሚቀጥለው ወር ካልፈረምክ ህጋዊ ችግር ይፈጥራል።,Warning,4,Warning_04,train
7435,ስጦታው በሚቀጥለው ቀን ደርሷል።,Assertion,1,Assertion_01,val
7436,ሰላም፣ እንዴት ነህ?,Phatic,7,Phatic_01,train
7437,እርግጥ ነው፣ ትዕዛዙ ዛሬ ማታ ተጠናቀቀ... በጣም ፈጣን!,Sarcasm/Irony,5,Sarcasm/Irony_01,val
7438,ክፍያው በዚህ ወር አልተከፈለም።,Complaint,6,Complaint_03,train
7439,ምክሬ ቦታውን አሁን ማስያዝ ነው።,Suggestion,3,Suggestion_09,test
7440,እባክሽ ቲኬቱን በሚቀጥለው ወር አምጪልኝ።,Request,0,Request_01,train
7441,ምናልባት ለአስተዳዳሪው መደወል ይሻላል።,Suggestion,3,Suggestion_06,val
7442,እባክዎ መረጃውን ነገ ይላኩልኝ።,Request,0,Request_07,train
7443,እባክዎ ክፍያውን አሁን ይላኩልኝ።,Request,0,Request_04,test
7444,አልችልም፣ መረጃውን ዛሬ ማድረስ አልቻልኩም።,Refusal,2,Refusal_00,train
7445,ሰላም፣ እንዴት ነህ?,Phatic,7,Phatic_01,train
7446,እንደኔ ሀሳብ መጽሐፉን በዚህ አመት ማንበብ ይሻላል።,Suggestion,3,Suggestion_13,train
7447,አዎ፣ ስራው ተጠናቀቀ... በጣም ፈጣን!,Sarcasm/Irony,5,Sarcasm/Irony_12,train
7448,ነጋዴው፣ ዛሬ እንዴት ነው?,Phatic,7,Phatic_07,val
7449,እባክዎ ውሉን ለእህቴ ዛሬ ጠዋት ይላኩልኝ።,Request,0,Request_02,train
7450,እርግጥ ነው፣ ክፍያው ጥሩ ነው... በጣም ጥሩ!,Sarcasm/Irony,5,Sarcasm/Irony_13,train
7451,ሪፖርቱ በፍጥነት አልቀረበም።,Complaint,6,Complaint_05,train
7452,ፓኬጁን ነገ አረጋግጣለሁ።,Promise,8,Promise_13,train
7453,ጤና ይስጥልኝ፣ አባቴ እንዴት ነው?,Phatic,7,Phatic_10,val
7454,ቦታው በቅርቡ አልተያዘም።,Complaint,6,Complaint_07,train
7455,ማስጠንቀቂያ፣ ውሳኔውን በሚቀጥለው ቀን ካላሳወቅክ ችግር ይፈጥራል።,Warning,4,Warning_11,train
7456,እባክሽ ኮንትራቱን ዛሬ ማታ አምጪልኝ።,Request,0,Request_05,train
7457,መጽሐፉ ዛሬ አልደረሰኝም።,Complaint,6,Complaint_09,val
7458,ውሳኔውን ዛሬ አሳውቃለሁ።,Promise,8,Promise_11,train
7459,ውሳኔውን ነገ አሳውቃለሁ።,Promise,8,Promise_11,train
7460,እባክዎ ውሉን ለእህቴ ዛሬ ይላኩልኝ።,Request,0,Request_02,train
7461,ምናልባት ምግቡን ነገ ማታ ማዘጋጀት ይሻላል።,Suggestion,3,Suggestion_12,train
7462,ሰላም፣ ስራ በሬስቶራንት እንዴት ነው?,Phatic,7,Phatic_08,test
7463,ክፍያውን በዚህ አመት አደርጋለሁ።,Promise,8,Promise_03,train
7464,እባክዎ መረጃውን ነገ ይላኩልኝ።,Request,0,Request_07,train
7465,ሰላም፣ እንዴት ነህ?,Phatic,7,Phatic_01,train
7466,ሰላም፣ ስራ በፖስታ ቤት እንዴት ነው?,Phatic,7,Phatic_08,val
7467,እንዴት ነሽ?,Phatic,7,Phatic_05,train
7468,ማስጠንቀቂያ፣ ክፍያውን በሚቀጥለው ወር ካላደረግክ አገልግሎት ይቋረጣል።,Warning,4,Warning_03,train
7469,ማስጠንቀቂያ፣ ሪፖርቱን ነገ ካላቀረብክ ቅጣት አለ።,Warning,4,Warning_05,test
7470,የአለቃዬ ስራ በአውሮፕላን ማረፊያ ጥሩ ነው።,Assertion,1,Assertion_06,train
7471,ይሻላል ክፍያውን በሚቀጥለው ቀን ማድረግ።,Suggestion,3,Suggestion_08,train
7472,ሪፖርቱ ዛሬ ማታ አልቀረበም።,Complaint,6,Complaint_05,train
7473,ምናልባት ለአስተዳዳሪው መደወል ይሻላል።,Suggestion,3,Suggestion_06,train
7474,የትዕዛዙ ችግር ከትናንት ጀምሮ ከጓደኛችን ጋር እፈታለሁ።,Promise,8,Promise_00,val
7475,ትዕዛዙ ነገ ማታ አልደረሰኝም።,Complaint,6,Complaint_01,train
7476,ይሻላል ውሳኔውን በቅርቡ ማሳወቅ።,Suggestion,3,Suggestion_14,train
7477,እባክዎ ስጦታውን በፍጥነት ያድርሱልኝ።,Request,0,Request_06,val
7478,ይቅርታ፣ ውሳኔውን ዛሬ ማሳወቅ አልችልም።,Refusal,2,Refusal_14,train
7479,አዎ፣ ውሉ ተፈርሟል... በጣም ቀላል ነበር!,Sarcasm/Irony,5,Sarcasm/Irony_04,test
7480,አዎ፣ ቦታው ነፃ ነው... በጣም ምቹ!,Sarcasm/Irony,5,Sarcasm/Irony_08,train
7481,ተጠንቀቅ፣ መጽሐፉን በዚህ ሳምንት ካላመለስክ ቅጣት አለ።,Warning,4,Warning_10,train
7482,እርግጥ ነው፣ ምግቡ ዝግጁ ነው... በጣም ጣፋጭ!,Sarcasm/Irony,5,Sarcasm/Irony_09,test
7483,ተጠንቀቅ፣ ለአባቴ ካልደወልክ ችግር ይፈጥራል።,Warning,4,Warning_12,val
7484,ለፖሊሱ በዚህ ሳምንት እደውላለሁ።,Promise,8,Promise_10,train
7485,ጤና ይስጥልኝ፣ ስራ እንዴት ነው?,Phatic,7,Phatic_02,train
7486,እርግጥ ነው፣ ትዕዛዙ አሁን ተጠናቀቀ... በጣም ፈጣን!,Sarcasm/Irony,5,Sarcasm/Irony_01,train
7487,ክፍያው ተከፍሏል።,Assertion,1,Assertion_05,train
7488,እርግጥ ነው፣ ኮንትራቱ ጥሩ ነው... በጣም ጥሩ!,Sarcasm/Irony,5,Sarcasm/Irony_13,train
7489,የስራው ዋጋ ተቀይሯል።,Assertion,1,Assertion_09,train
7490,ማስጠንቀቂያ፣ ውሳኔውን ነገ ጠዋት ካላሳወቅክ ችግር ይፈጥራል።,Warning,4,Warning_11,train
7491,እርግጥ ነው፣ ክፍያው ተከፍሏል... በጣም ቀላል!,Sarcasm/Irony,5,Sarcasm/Irony_03,train
7492,ውሉን ነገ ጠዋት እፈርማለሁ።,Promise,8,Promise_04,train
7493,የፋይሉ ጥራት ከፍተኛ ነው።,Assertion,1,Assertion_14,test
7494,ጤና ይስጥልኝ፣ ቤተሰብ እንዴት ናቸው?,Phatic,7,Phatic_06,test
7495,ምግቡ በፍጥነት አልደረሰኝም።,Complaint,6,Complaint_08,test
7496,ምናልባት ደብዳቤውን ነገ ማድረግ ይሻላል።,Suggestion,3,Suggestion_00,train
7497,የደንበኛው ስራ በፖስታ ቤት ጥሩ ነው።,Assertion,1,Assertion_06,train
7498,ሀሳቤ መረጃውን ለሰራተኛው ማጋራት ነው።,Suggestion,3,Suggestion_11,train
7499,ክፍያውን በሚቀጥለው ወር አደርጋለሁ።,Promise,8,Promise_03,test
7500,ምግቡ ነገ አልደረሰኝም።,Complaint,6,Complaint_08,train
7501,የፓኬጁ ችግር ከጠዋቱ ጀምሮ ከፖሊሱ ጋር እፈታለሁ።,Assertion,1,Assertion_00,val
7502,ውሉን በሚቀጥለው ሳምንት እፈርማለሁ።,Promise,8,Promise_04,train
7503,እባክዎ ቦታውን ዛሬ ማታ ያስይዙልኝ።,Request,0,Request_12,train
7504,እርግጥ ነው፣ ትዕዛዙ በቅርቡ ተጠናቀቀ... በጣም ፈጣን!,Sarcasm/Irony,5,Sarcasm/Irony_01,val
7505,አዎ፣ ፋይሉን ዛሬ ማታ አደረግኩት... ትክክል ነው!,Sarcasm/Irony,5,Sarcasm/Irony_00,train
7506,አዎ፣ ቦታው ነፃ ነው... በጣም ምቹ!,Sarcasm/Irony,5,Sarcasm/Irony_08,train
7507,ተጠንቀቅ፣ ለአለቃዬ ካልደወልክ ችግር ይፈጥራል።,Warning,4,Warning_12,train
7508,ነጋዴው፣ ዛሬ እንዴት ነው?,Phatic,7,Phatic_07,train
7509,እባክዎ ውሉን ለጓደኛዋ በዚህ አመት ይላኩልኝ።,Request,0,Request_02,train
7510,ይሻላል ክፍያውን አሁን ማድረግ።,Suggestion,3,Suggestion_08,test
7511,ተጠንቀቅ፣ ቦታውን በሚቀጥለው ሳምንት ካላስያዝክ ይያዛል።,Warning,4,Warning_08,train
7512,ምክሬ ሸቀጡን አሁን ማረጋገጥ ነው።,Suggestion,3,Suggestion_03,train
7513,እባክዎ መጽሐፉን ነገ ማታ ይላኩልኝ።,Request,0,Request_14,train
7514,ውሉ በሚቀጥለው ቀን አልተፈረመም።,Complaint,6,Complaint_04,train
7515,እባክዎ ውሉን ለጓደኛችን ዛሬ ይላኩልኝ።,Request,0,Request_02,train
7516,እርግጥ ነው፣ መረጃው ትክክል ነው... በጣም ግልጽ!,Sarcasm/Irony,5,Sarcasm/Irony_07,train
7517,አይደለም፣ ሪፖርቱን ነገ ማጠናቀቅ አልችልም።,Refusal,2,Refusal_10,train
7518,ጤና ይስጥልኝ፣ አጋሬ እንዴት ነው?,Phatic,7,Phatic_10,train
7519,የፋይሉ ጥራት ከፍተኛ ነው።,Assertion,1,Assertion_14,test
7520,የደብዳቤው ችግር ከማክሰኞ ጀምሮ አልተፈታም።,Complaint,6,Complaint_02,train
7521,ይቅርታ፣ ትዕዛዙን ዛሬ መላክ አልችልም።,Refusal,2,Refusal_02,test
7522,የፓኬጁ ሁኔታ ጥሩ ነው።,Assertion,1,Assertion_03,val
7523,ስራው ዛሬ አልተጠናቀቀም።,Complaint,6,Complaint_12,test
7524,እባክዎ ሪፖርቱን በፍጥነት ይላኩልኝ።,Request,0,Request_10,train
7525,ይሻላል ውሳኔውን ዛሬ ማሳወቅ።,Suggestion,3,Suggestion_14,train
7526,ምግቡ በሚቀጥለው ቀን አልደረሰኝም።,Complaint,6,Complaint_08,train
7527,እንዴት ነህ ጓደኛ?,Phatic,7,Phatic_12,val
7528,ማስጠንቀቂያ፣ ትዕዛዙን ነገ ካላጠናቀቅክ ቅጣት አለ።,Warning,4,Warning_01,train
7529,እንደምን አደርክ?,Phatic,7,Phatic_03,train
7530,ውሳኔው ነገ ማታ አልተሰጠም።,Complaint,6,Complaint_13,train
7531,እባክዎ ቦታውን በሚቀጥለው ወር ያስይዙልኝ።,Request,0,Request_12,train
7532,አልቻልኩም፣ ስጦታውን ዛሬ ማታ ማምጣት አልቻልኩም።,Refusal,2,Refusal_06,train
7533,መጽሐፉ ነገ ጠዋት አልደረሰኝም።,Complaint,6,Complaint_09,train
7534,እንደኔ ሀሳብ ደብዳቤውን ዛሬ መላክ ይሻላል።,Suggestion,3,Suggestion_01,train
7535,ተጠንቀቅ፣ ለእናቴ ካልላክ ችግር ይፈጥራል።,Warning,4,Warning_02,train
7536,አዎ፣ ለጓደኛችን ላክኩት... በጣም ጥሩ!,Sarcasm/Irony,5,Sarcasm/Irony_02,val
7537,የወንድሜ አገልግሎት መጥፎ ነው።,Complaint,6,Complaint_10,val
7538,እባክዎ መረጃውን አሁን ይላኩልኝ።,Request,0,Request_07,train
7539,ተጠንቀቅ፣ ስጦታውን በሚቀጥለው ቀን ካላመጣህ ችግር ይፈጥራል።,Warning,4,Warning_06,test
7540,ተጠንቀቅ፣ መጽሐፉን ነገ ካላመለስክ ቅጣት አለ።,Warning,4,Warning_10,train
7541,ምክሬ ስራውን አሁን ማረጋገጥ ነው።,Suggestion,3,Suggestion_03,train
7542,ተጠንቀቅ፣ ለጓደኛዬ ካልደወልክ ችግር ይፈጥራል።,Warning,4,Warning_12,train
7543,አዎ፣ ለወንድሜ ደውያለሁ... በጣም ቀላል!,Sarcasm/Irony,5,Sarcasm/Irony_14,train
7544,መጽሐፉ ዛሬ አልደረሰኝም።,Complaint,6,Complaint_09,train
7545,ነጋዴው፣ ስራ በዩኒቨርሲቲ እንዴት ነው?,Phatic,7,Phatic_00,test
7546,ማስጠንቀቂያ፣ ክፍያውን በፍጥነት ካላደረግክ አገልግሎት ይቋረጣል።,Warning,4,Warning_03,train
7547,አይደለም፣ ውሉን በቅርቡ ማረጋገጥ አልችልም።,Refusal,2,Refusal_04,train
7548,እባክዎ ትዕዛዙን ለሰራተኛው አሁን ይላኩልኝ።,Request,0,Request_03,train
7549,እባክዎ ስጦታውን አሁን ይላኩልኝ።,Request,0,Request_04,train
7550,አዎ፣ አገልግሎቱን አሁን አደረግኩት... ትክክል ነው!,Sarcasm/Irony,5,Sarcasm/Irony_00,test
7551,ነጋዴው፣ ዛሬ እንዴት ነው?,Phatic,7,Phatic_07,test
7552,ተጠንቀቅ፣ ውሉን አሁን ካልፈረምክ ህጋዊ ችግር ይፈጥራል።,Warning,4,Warning_04,train
7553,ማስጠንቀቂያ፣ ምግቡን በቅርቡ ካላዘጋጀህ ችግር ይፈጥራል።,Warning,4,Warning_09,train
7554,አዎ፣ መጽሐፉ ተመልሷል... በጣም ቀላል!,Sarcasm/Irony,5,Sarcasm/Irony_10,train
7555,እንደሚመስለኝ ስጦታውን ነገ ማምጣት ይሻላል።,Suggestion,3,Suggestion_10,train
7556,ምግቡን በሚቀጥለው ወር አዘጋጃለሁ።,Promise,8,Promise_08,train
7557,የደብዳቤው ችግርን በሚቀጥለው ሳምንት እፈታለሁ።,Promise,8,Promise_14,train
7558,እርግጥ ነው፣ ክፍያው ተከፍሏል... በጣም ቀላል!,Sarcasm/Irony,5,Sarcasm/Irony_03,train
7559,አይደለም፣ ሪፖርቱን በዚህ ወር ማጠናቀቅ አልችልም።,Refusal,2,Refusal_10,train
7560,እባክዎ ትዕዛዙን ለአጋሬ በሚቀጥለው ሳምንት ይላኩልኝ።,Request,0,Request_03,train
7561,ተጠንቀቅ፣ ለእህቴ ካልላክ ችግር ይፈጥራል።,Warning,4,Warning_02,val
7562,ስራውን ዛሬ ጠዋት አጠናቅቃለሁ።,Promise,8,Promise_12,test
7563,ማስጠንቀቂያ፣ ክፍያውን ዛሬ ማታ ካላደረግክ አገልግሎት ይቋረጣል።,Warning,4,Warning_03,train
7564,ጤና ይስጥልኝ፣ ቤተሰብ እንዴት ናቸው?,Phatic,7,Phatic_06,train
7565,ተጠንቀቅ፣ አገልግሎቱን በዚህ ሳምንት ካላደረግክ ችግር ይፈጥራል።,Warning,4,Warning_00,train
7566,አልችልም፣ ምግቡን በቅርቡ ማዘጋጀት አልቻልኩም።,Refusal,2,Refusal_12,train
7567,ነጋዴው፣ ስራ እንዴት እየሄደ ነው?,Phatic,7,Phatic_14,train
7568,አልችልም፣ መልእክቱን ዛሬ ጠዋት ማድረስ አልቻልኩም።,Refusal,2,Refusal_00,train
7569,ትዕዛዙ ነገ አልደረሰኝም።,Complaint,6,Complaint_01,test
7570,መጽሐፉ ዛሬ ማታ አልደረሰኝም።,Complaint,6,Complaint_09,train
7571,ይሻላል መረጃውን ለፖሊሱ ማሳወቅ።,Suggestion,3,Suggestion_02,train
7572,እንደኔ ሀሳብ ሪፖርቱን በሚቀጥለው ቀን ማቅረብ ይሻላል።,Suggestion,3,Suggestion_07,train
7573,አልፈልግም፣ ሪፖርቱን አልቀበልም።,Refusal,2,Refusal_03,train
7574,እባክዎ መጽሐፉን በሚቀጥለው ወር ይላኩልኝ።,Request,0,Request_14,train
7575,ምክሬ መረጃውን አሁን ማረጋገጥ ነው።,Suggestion,3,Suggestion_03,train
7576,ማስጠንቀቂያ፣ ውሳኔውን ዛሬ ካላሳወቅክ ችግር ይፈጥራል።,Warning,4,Warning_11,train
7577,አልቻልኩም፣ ስጦታውን በቅርቡ ማምጣት አልቻልኩም።,Refusal,2,Refusal_06,train
7578,እባክዎ ውሉን ለአለቃዬ በሚቀጥለው ቀን ይላኩልኝ።,Request,0,Request_02,val
7579,ሪፖርቱን በዚህ ሳምንት አቀርባለሁ።,Promise,8,Promise_05,train
7580,አዎ፣ ለአለቃዬ ደውያለሁ... በጣም ቀላል!,Sarcasm/Irony,5,Sarcasm/Irony_14,train
7581,ምግቡን በቅርቡ አዘጋጃለሁ።,Promise,8,Promise_08,test
7582,ማስጠንቀቂያ፣ ቲኬቱን ነገ ጠዋት ካላረጋገጥክ ችግር ይፈጥራል።,Warning,4,Warning_13,train
7583,አዎ፣ ለጓደኛዬ ደውያለሁ... በጣም ቀላል!,Sarcasm/Irony,5,Sarcasm/Irony_14,test
7584,እርግጥ ነው፣ መረጃው ትክክል ነው... በጣም ግልጽ!,Sarcasm/Irony,5,Sarcasm/Irony_07,val
7585,ስጦታው ገና ወደ ሆቴል በሚቀጥለው ወር አልደረሰኝም።,Complaint,6,Complaint_00,train
7586,መረጃው በሚቀጥለው ሳምንት አልደረሰኝም።,Complaint,6,Complaint_06,train
7587,እባክሽ ደብዳቤውን በዚህ ወር አምጪልኝ።,Request,0,Request_09,train
7588,አዎ፣ ውሉ ተፈርሟል... በጣም ቀላል ነበር!,Sarcasm/Irony,5,Sarcasm/Irony_04,train
7589,የትዕዛዙ ጥራት ከፍተኛ ነው።,Assertion,1,Assertion_14,test
7590,አዎ፣ ስጦታው ደርሷል... በጣም ጥሩ!,Sarcasm/Irony,5,Sarcasm/Irony_06,train
7591,ተጠንቀቅ፣ መጽሐፉን በቅርቡ ካላመለስክ ቅጣት አለ።,Warning,4,Warning_10,train
7592,መጽሐፉ በሚቀጥለው ሳምንት ደረሰ።,Assertion,1,Assertion_11,val
7593,ቦታውን በፍጥነት አስይዛለሁ።,Promise,8,Promise_07,test
7594,ሰላም ነው ወንድሜ?,Phatic,7,Phatic_11,train
7595,ይሻላል ውሳኔውን ዛሬ ማታ ማሳወቅ።,Suggestion,3,Suggestion_14,train
7596,ስጦታውን በሚቀጥለው ቀን አረጋግጣለሁ።,Promise,8,Promise_13,train
7597,ምክሬ ቦታውን አሁን ማስያዝ ነው።,Suggestion,3,Suggestion_09,train
7598,ቦታው ነፃ ነው።,Assertion,1,Assertion_10,train
7599,ሰላም፣ እንዴት ነህ?,Phatic,7,Phatic_01,val
7600,ቦታው ነፃ ነው።,Assertion,1,Assertion_10,val
7601,ስራውን በቅርቡ አጠናቅቃለሁ።,Promise,8,Promise_12,train
7602,ምክሬ ቦታውን አሁን ማስያዝ ነው።,Suggestion,3,Suggestion_09,val
7603,ትዕዛዙ በሚቀጥለው ሳምንት ተጠናቀቀ።,Assertion,1,Assertion_02,train
7604,እንደምን አደረሽ?,Phatic,7,Phatic_09,train
7605,እባክሽ ኮንትራቱን በሚቀጥለው ቀን አምጪልኝ።,Request,0,Request_01,train
7606,ቦታው ነፃ ነው።,Assertion,1,Assertion_10,train
7607,አልችልም፣ ምግቡን በዚህ ሳምንት ማዘጋጀት አልቻልኩም።,Refusal,2,Refusal_12,train
7608,ይሻላል ስራውን ለአለቃዬ ማሳወቅ።,Suggestion,3,Suggestion_02,val
7609,ውሉን ዛሬ ጠዋት እፈርማለሁ።,Promise,8,Promise_04,val
7610,አይደለም፣ ሪፖርቱን በዚህ ወር ማጠናቀቅ አልችልም።,Refusal,2,Refusal_10,train
7611,እንደኔ ሀሳብ መጽሐፉን በቅርቡ ማንበብ ይሻላል።,Suggestion,3,Suggestion_13,train
7612,ሰላም ነው ወንድሜ?,Phatic,7,Phatic_11,train
7613,የትዕዛዙ ችግር ከአርብ ጀምሮ ከአባቴ ጋር እፈታለሁ።,Promise,8,Promise_00,val
7614,ምናልባት አገልግሎቱን ዛሬ ማድረግ ይሻላል።,Suggestion,3,Suggestion_00,train
7615,ይቅርታ፣ ለደንበኛው መጥራት አልችልም።,Refusal,2,Refusal_11,train
7616,እባክሽ ደብዳቤውን በሚቀጥለው ሳምንት አምጪልኝ።,Request,0,Request_09,train
7617,ይቅርታ፣ መረጃውን ማጋራት አልችልም።,Refusal,2,Refusal_08,train
7618,ይቅርታ፣ መረጃውን ማጋራት አልችልም።,Refusal,2,Refusal_08,train
7619,ሰላም ነው ወንድሜ?,Phatic,7,Phatic_11,train
7620,ውሉን ነገ እፈርማለሁ።,Promise,8,Promise_04,train
7621,ተጠንቀቅ፣ ውሉን ነገ ካልፈረምክ ህጋዊ ችግር ይፈጥራል።,Warning,4,Warning_04,test
7622,ይቅርታ፣ ውሳኔውን በዚህ ሳምንት ማሳወቅ አልችልም።,Refusal,2,Refusal_14,train
7623,ጤና ይስጥልኝ፣ ቤተሰብ እንዴት ናቸው?,Phatic,7,Phatic_06,val
7624,እባክዎ ሪፖርቱን ነገ ይላኩልኝ።,Request,0,Request_10,train
7625,ጤና ይስጥልኝ፣ ዛሬ እንዴት ነው?,Phatic,7,Phatic_13,test
7626,ማስጠንቀቂያ፣ ትዕዛዙን በዚህ ሳምንት ካላጠናቀቅክ ቅጣት አለ።,Warning,4,Warning_01,train
7627,እንዴት ነሽ?,Phatic,7,Phatic_05,train
7628,ማስጠንቀቂያ፣ ሪፖርቱን በቅርቡ ካላቀረብክ ቅጣት አለ።,Warning,4,Warning_05,val
7629,ማስጠንቀቂያ፣ ክፍያውን ነገ ጠዋት ካላደረግክ አገልግሎት ይቋረጣል።,Warning,4,Warning_03,train
7630,ትዕዛዙ በዚህ ሳምንት ተጠናቀቀ።,Assertion,1,Assertion_02,train
7631,ክፍያውን በዚህ አመት አረጋግጣለሁ።,Promise,8,Promise_13,train
7632,የኮንትራቱ ዋጋ ተቀይሯል።,Assertion,1,Assertion_09,val
7633,ትዕዛዙ ዛሬ አልደረሰኝም።,Complaint,6,Complaint_01,val
7634,ተጠንቀቅ፣ ስጦታውን አሁን ካላመጣህ ችግር ይፈጥራል።,Warning,4,Warning_06,train
7635,የክፍያው ችግር ከዛሬ ጀምሮ አልተፈታም።,Complaint,6,Complaint_02,val
7636,እርግጥ ነው፣ ሸቀጡ ጥሩ ነው... በጣም ጥሩ!,Sarcasm/Irony,5,Sarcasm/Irony_13,test
7637,ትዕዛዙን ነገ አጠናቅቃለሁ።,Promise,8,Promise_02,train
7638,ማስጠንቀቂያ፣ ትዕዛዙን በሚቀጥለው ወር ካላጠናቀቅክ ቅጣት አለ።,Warning,4,Warning_01,val
7639,ተጠንቀቅ፣ ለአለቃዬ ካልላክ ችግር ይፈጥራል።,Warning,4,Warning_02,val
7640,እንደኔ ሀሳብ ሪፖርቱን በዚህ ሳምንት ማቅረብ ይሻላል።,Suggestion,3,Suggestion_07,train
7641,ይሻላል ውሳኔውን ነገ ማሳወቅ።,Suggestion,3,Suggestion_14,test
7642,ውሳኔውን ነገ ጠዋት አሳውቃለሁ።,Promise,8,Promise_11,train
7643,ማስጠንቀቂያ፣ ትዕዛዙን ዛሬ ማታ ካላጠናቀቅክ ቅጣት አለ።,Warning,4,Warning_01,train
7644,የውሳኔው ዋጋ ተቀይሯል።,Assertion,1,Assertion_09,train
7645,እባክዎ መረጃውን አሁን ይላኩልኝ።,Request,0,Request_07,train
7646,ሰላም፣ ስራ በአውሮፕላን ማረፊያ እንዴት ነው?,Phatic,7,Phatic_08,train
7647,የጓደኛዬ ስራ በጤና ጣቢያ ጥሩ ነው።,Assertion,1,Assertion_06,test
7648,ሀሳቤ መረጃውን ለአስተዳዳሪው ማጋራት ነው።,Suggestion,3,Suggestion_11,train
7649,ሰላም፣ እንዴት ነህ?,Phatic,7,Phatic_01,val
7650,ቦታው ነፃ ነው።,Assertion,1,Assertion_10,train
7651,ቦታው በዚህ ሳምንት አልተያዘም።,Complaint,6,Complaint_07,train
7652,ይሻላል ክፍያውን ነገ ማታ ማድረግ።,Suggestion,3,Suggestion_08,val
7653,የጓደኛችን አገልግሎት መጥፎ ነው።,Complaint,6,Complaint_10,train
7654,አዎ፣ ቦታው ነፃ ነው... በጣም ምቹ!,Sarcasm/Irony,5,Sarcasm/Irony_08,val
7655,ውሉ ዛሬ አልተፈረመም።,Complaint,6,Complaint_04,train
7656,ይቅርታ፣ ውሳኔውን በዚህ አመት ማሳወቅ አልችልም።,Refusal,2,Refusal_14,train
7657,ይሻላል ክፍያውን በሚቀጥለው ሳምንት ማድረግ።,Suggestion,3,Suggestion_08,test
7658,እባክዎ መረጃውን አሁን ይላኩልኝ።,Request,0,Request_04,train
7659,እንዴት ነህ ጓደኛ?,Phatic,7,Phatic_12,train
7660,እርግጥ ነው፣ ሪፖርቱ ዝግጁ ነው... በጣም ፈጣን!,Sarcasm/Irony,5,Sarcasm/Irony_05,val
7661,ማስጠንቀቂያ፣ ውሳኔውን ዛሬ ጠዋት ካላሳወቅክ ችግር ይፈጥራል።,Warning,4,Warning_11,train
7662,አይ፣ መጽሐፉን ማበደር አልችልም።,Refusal,2,Refusal_13,val
7663,እባክሽ ደብዳቤውን ዛሬ ማታ አምጪልኝ።,Request,0,Request_05,test
7664,አልፈልግም፣ አገልግሎቱን አልቀበልም።,Refusal,2,Refusal_03,train
7665,የአለቃዬ ስራ በትምህርት ቤት ጥሩ ነው።,Assertion,1,Assertion_06,train
7666,እንዴት ነሽ?,Phatic,7,Phatic_05,train
7667,ስጦታውን በዚህ ወር አደርሳለሁ።,Promise,8,Promise_01,train
7668,ስጦታውን በሚቀጥለው ወር አደርሳለሁ።,Promise,8,Promise_01,train
7669,ማስጠንቀቂያ፣ ክፍያውን በሚቀጥለው ወር ካላደረግክ አገልግሎት ይቋረጣል።,Warning,4,Warning_03,train
7670,አዎ፣ ቦታው ነፃ ነው... በጣም ምቹ!,Sarcasm/Irony,5,Sarcasm/Irony_08,val
7671,አይደለም፣ ውሉን ነገ ማታ ማረጋገጥ አልችልም።,Refusal,2,Refusal_04,train
7672,ማስጠንቀቂያ፣ ምግቡን በዚህ አመት ካላዘጋጀህ ችግር ይፈጥራል።,Warning,4,Warning_09,train
7673,አልፈልግም፣ ቦታውን ማስያዝ አልችልም።,Refusal,2,Refusal_09,train
7674,እባክዎ ሰነዱን ዛሬ ማታ ይላኩልኝ።,Request,0,Request_00,train
7675,ምናልባት ምግቡን ነገ ጠዋት ማዘጋጀት ይሻላል።,Suggestion,3,Suggestion_12,train
7676,እባክዎ ክፍያውን በሚቀጥለው ቀን ያረጋግጡልኝ።,Request,0,Request_08,train
7677,እንደኔ ሀሳብ መጽሐፉን በፍጥነት ማንበብ ይሻላል።,Suggestion,3,Suggestion_13,test
7678,የቦታው ሁኔታ ጥሩ ነው።,Assertion,1,Assertion_03,train
7679,አዎ፣ ለአለቃዬ ላክኩት... በጣም ጥሩ!,Sarcasm/Irony,5,Sarcasm/Irony_02,test
7680,ምናልባት መረጃውን በዚህ አመት ማድረግ ይሻላል።,Suggestion,3,Suggestion_00,test
7681,አዎ፣ ስራው ተጠናቀቀ... በጣም ፈጣን!,Sarcasm/Irony,5,Sarcasm/Irony_12,val
7682,ምናልባት ለአለቃዬ መደወል ይሻላል።,Suggestion,3,Suggestion_06,train
7683,ማስጠንቀቂያ፣ መረጃውን ካላጋራህ ችግር ይፈጥራል።,Warning,4,Warning_07,train
7684,እባክዎ ውሉን ለደንበኛው ዛሬ ጠዋት ይላኩልኝ።,Request,0,Request_11,train
7685,ምክሬ ቦታውን አሁን ማረጋገጥ ነው።,Suggestion,3,Suggestion_03,val
7686,እርግጥ ነው፣ ሪፖርቱ ዝግጁ ነው... በጣም ፈጣን!,Sarcasm/Irony,5,Sarcasm/Irony_05,test
7687,ይሻላል ውሳኔውን ነገ ጠዋት ማሳወቅ።,Suggestion,3,Suggestion_14,train
7688,እርግጥ ነው፣ ትዕዛዙ ነገ ጠዋት ተጠናቀቀ... በጣም ፈጣን!,Sarcasm/Irony,5,Sarcasm/Irony_01,test
7689,ማስጠንቀቂያ፣ ውሳኔውን ነገ ካላሳወቅክ ችግር ይፈጥራል።,Warning,4,Warning_11,train
7690,የቤተሰቤ ውሳኔ ትክክል ነው።,Assertion,1,Assertion_12,train
7691,እንደኔ ሀሳብ ሪፖርቱን በሚቀጥለው ቀን ማቅረብ ይሻላል።,Suggestion,3,Suggestion_07,train
7692,እንደኔ ሀሳብ መጽሐፉን በሚቀጥለው ሳምንት ማንበብ ይሻላል።,Suggestion,3,Suggestion_13,val
7693,ውሳኔው ነገ አልተሰጠም።,Complaint,6,Complaint_13,train
7694,ቦታው ነፃ ነው።,Assertion,1,Assertion_10,train
7695,ይሻላል ሪፖርቱን ለአጋሬ ማሳወቅ።,Suggestion,3,Suggestion_02,train
7696,ትዕዛዙን ዛሬ ጠዋት አጠናቅቃለሁ።,Promise,8,Promise_02,train
7697,ሰላም፣ እንዴት ነህ?,Phatic,7,Phatic_01,train
7698,ቦታው ዛሬ ጠዋት አልተያዘም።,Complaint,6,Complaint_07,train
7699,ውሉ ነገ ማታ አልተፈረመም።,Complaint,6,Complaint_04,val
7700,አዎ፣ ስጦታው ደርሷል... በጣም ጥሩ!,Sarcasm/Irony,5,Sarcasm/Irony_06,val
7701,ይሻላል ክፍያውን በፍጥነት ማድረግ።,Suggestion,3,Suggestion_08,train
7702,የአገልግሎቱ ጥራት ከፍተኛ ነው።,Assertion,1,Assertion_14,train
7703,እንደምን አደረሽ?,Phatic,7,Phatic_09,train
7704,አልፈልግም፣ ቦታውን ማስያዝ አልችልም።,Refusal,2,Refusal_09,train
7705,እባክሽ መረጃውን በሚቀጥለው ወር አምጪልኝ።,Request,0,Request_01,train
7706,ተጠንቀቅ፣ ስጦታውን በሚቀጥለው ሳምንት ካላመጣህ ችግር ይፈጥራል።,Warning,4,Warning_06,train
7707,እባክዎ ስጦታውን ነገ ማታ ያድርሱልኝ።,Request,0,Request_06,train
7708,አዎ፣ ለአባቴ ላክኩት... በጣም ጥሩ!,Sarcasm/Irony,5,Sarcasm/Irony_02,test
7709,ሪፖርቱን ዛሬ ማታ አቀርባለሁ።,Promise,8,Promise_05,train
7710,ውሉ በሚቀጥለው ሳምንት ተፈርሟል።,Assertion,1,Assertion_07,train
7711,ክፍያውን በዚህ ሳምንት አደርጋለሁ።,Promise,8,Promise_03,train
7712,ትዕዛዙ አሁን አልደረሰኝም።,Complaint,6,Complaint_01,train
7713,ውሳኔው በቅርቡ አልተሰጠም።,Complaint,6,Complaint_13,train
7714,ስጦታውን ዛሬ አደርሳለሁ።,Promise,8,Promise_01,train
7715,እንደምን አደረሽ?,Phatic,7,Phatic_09,train
7716,ማስጠንቀቂያ፣ አገልግሎቱን ነገ ጠዋት ካላረጋገጥክ ችግር ይፈጥራል።,Warning,4,Warning_13,train
7717,አልፈልግም፣ ውሳኔውን አልቀበልም።,Refusal,2,Refusal_03,train
7718,አዎ፣ ፋይሉን በሚቀጥለው ቀን አደረግኩት... ትክክል ነው!,Sarcasm/Irony,5,Sarcasm/Irony_00,train
7719,እንደሚመስለኝ ስጦታውን በዚህ ወር ማምጣት ይሻላል።,Suggestion,3,Suggestion_10,train
7720,ውሉ ነገ አልተፈረመም።,Complaint,6,Complaint_04,val
7721,ውሳኔው በቅርቡ አልተሰጠም።,Complaint,6,Complaint_13,train
7722,ማስጠንቀቂያ፣ ሪፖርቱን ዛሬ ማታ ካላቀረብክ ቅጣት አለ።,Warning,4,Warning_05,train
7723,ሪፖርቱን በፍጥነት አቀርባለሁ።,Promise,8,Promise_05,train
7724,ይቅርታ፣ ለወንድሜ መጥራት አልችልም።,Refusal,2,Refusal_11,test
7725,ሀሳቤ ውሉን በሚቀጥለው ወር መፈረም ነው።,Suggestion,3,Suggestion_05,train
7726,እርግጥ ነው፣ ውሳኔው ትክክል ነው... በጣም ጥሩ!,Sarcasm/Irony,5,Sarcasm/Irony_11,train
7727,ጤና ይስጥልኝ፣ ዛሬ እንዴት ነው?,Phatic,7,Phatic_13,train
7728,መረጃው ትክክል ነው።,Assertion,1,Assertion_04,train
7729,ጤና ይስጥልኝ፣ ስራ እንዴት ነው?,Phatic,7,Phatic_02,train
7730,አይደለም፣ ሪፖርቱን አሁን ማጠናቀቅ አልችልም።,Refusal,2,Refusal_10,test
7731,ተጠንቀቅ፣ ውሉን ዛሬ ማታ ካልፈረምክ ህጋዊ ችግር ይፈጥራል።,Warning,4,Warning_04,train
7732,እባክዎ ስጦታውን በሚቀጥለው ቀን ያድርሱልኝ።,Request,0,Request_06,test
7733,አዎ፣ ስጦታው ደርሷል... በጣም ጥሩ!,Sarcasm/Irony,5,Sarcasm/Irony_06,train
7734,እባክሽ ምግቡን ነገ ማታ አዘጋጅልኝ።,Request,0,Request_13,train
7735,እባክሽ ቦታውን ዛሬ ማታ አምጪልኝ።,Request,0,Request_05,train
7736,ምናልባት ምግቡን በፍጥነት ማዘጋጀት ይሻላል።,Suggestion,3,Suggestion_12,train
7737,መረጃው ትክክል ነው።,Assertion,1,Assertion_04,train
7738,ነጋዴው፣ ዛሬ እንዴት ነው?,Phatic,7,Phatic_07,val
7739,ተጠንቀቅ፣ ውሉን በሚቀጥለው ቀን ካልፈረምክ ህጋዊ ችግር ይፈጥራል።,Warning,4,Warning_04,val
7740,መረጃው በሚቀጥለው ቀን አልደረሰኝም።,Complaint,6,Complaint_06,test
7741,እባክዎ መጽሐፉን በዚህ ወር ይላኩልኝ።,Request,0,Request_14,val
7742,እርግጥ ነው፣ ክፍያው ተከፍሏል... በጣም ቀላል!,Sarcasm/Irony,5,Sarcasm/Irony_03,train
7743,አልፈልግም፣ ደብዳቤውን አልቀበልም።,Refusal,2,Refusal_03,train
7744,ማስጠንቀቂያ፣ ክፍያውን በቅርቡ ካላደረግክ አገልግሎት ይቋረጣል።,Warning,4,Warning_03,val
7745,ጤና ይስጥልኝ፣ ስራ እንዴት ነው?,Phatic,7,Phatic_02,val
7746,ይቅርታ፣ ውሳኔውን በቅርቡ ማሳወቅ አልችልም።,Refusal,2,Refusal_14,train
7747,አዎ፣ ስራው ተጠናቀቀ... በጣም ፈጣን!,Sarcasm/Irony,5,Sarcasm/Irony_12,train
7748,የመጽሐፉ ጥራት ዝቅተኛ ነው።,Complaint,6,Complaint_11,train
7749,ነጋዴው፣ ስራ በአውሮፕላን ማረፊያ እንዴት ነው?,Phatic,7,Phatic_00,train
7750,ይቅርታ፣ ለእናቴ መላክ አልችልም።,Refusal,2,Refusal_05,train
7751,ምናልባት ፋይሉን ዛሬ ጠዋት ማድረግ ይሻላል።,Suggestion,3,Suggestion_00,train
7752,ተጠንቀቅ፣ ለእናቴ ካልደወልክ ችግር ይፈጥራል።,Warning,4,Warning_12,train
7753,ስጦታው ገና ወደ ቢሮ በቅርቡ አልደረሰኝም።,Complaint,6,Complaint_00,train
7754,አዎ፣ ደብዳቤውን በፍጥነት አደረግኩት... ትክክል ነው!,Sarcasm/Irony,5,Sarcasm/Irony_00,val
7755,አዎ፣ ውሉ ተፈርሟል... በጣም ቀላል ነበር!,Sarcasm/Irony,5,Sarcasm/Irony_04,train
7756,ምናልባት ለአባቴ መደወል ይሻላል።,Suggestion,3,Suggestion_06,train
7757,ማስጠንቀቂያ፣ ውሳኔውን በሚቀጥለው ቀን ካላሳወቅክ ችግር ይፈጥራል።,Warning,4,Warning_11,test
7758,እንደሚመስለኝ ትዕዛዙን በዚህ ወር ማጠናቀቅ ይሻላል።,Suggestion,3,Suggestion_04,train
7759,ተጠንቀቅ፣ ውሉን አሁን ካልፈረምክ ህጋዊ ችግር ይፈጥራል።,Warning,4,Warning_04,train
7760,ቦታውን በሚቀጥለው ወር አስይዛለሁ።,Promise,8,Promise_07,val
7761,ምግቡ በሚቀጥለው ቀን አልደረሰኝም።,Complaint,6,Complaint_08,train
7762,ማስጠንቀቂያ፣ ክፍያውን በፍጥነት ካላደረግክ አገልግሎት ይቋረጣል።,Warning,4,Warning_03,train
7763,ክፍያው ተከፍሏል።,Assertion,1,Assertion_05,train
7764,የመረጃው ዋጋ ተቀይሯል።,Assertion,1,Assertion_09,train
7765,አይ፣ ክፍያውን አሁን ማድረግ አልችልም።,Refusal,2,Refusal_07,train
7766,ሀሳቤ መረጃውን ለወንድሜ ማጋራት ነው።,Suggestion,3,Suggestion_11,train
7767,ስጦታው በሚቀጥለው ሳምንት ደርሷል።,Assertion,1,Assertion_01,train
7768,ስራውን በቅርቡ አጠናቅቃለሁ።,Promise,8,Promise_12,train
7769,እንደኔ ሀሳብ መልእክቱን ዛሬ መላክ ይሻላል።,Suggestion,3,Suggestion_01,val
7770,መጽሐፉ ነገ አልደረሰኝም።,Complaint,6,Complaint_09,train
7771,እባክዎ መረጃውን ነገ ይላኩልኝ።,Request,0,Request_07,train
7772,ጤና ይስጥልኝ፣ ስራ እንዴት ነው?,Phatic,7,Phatic_02,val
7773,ትዕዛዙ በዚህ ወር አልደረሰኝም።,Complaint,6,Complaint_01,test
7774,ቦታውን በዚህ አመት አስይዛለሁ።,Promise,8,Promise_07,train
7775,ተጠንቀቅ፣ ውሉን በዚህ አመት ካልፈረምክ ህጋዊ ችግር ይፈጥራል።,Warning,4,Warning_04,train
7776,ይቅርታ፣ ውሳኔውን ነገ ማሳወቅ አልችልም።,Refusal,2,Refusal_14,train
7777,ተጠንቀቅ፣ መልእክቱን ነገ ጠዋት ካላደረግክ ችግር ይፈጥራል።,Warning,4,Warning_00,val
7778,ሀሳቤ ውሉን በሚቀጥለው ሳምንት መፈረም ነው።,Suggestion,3,Suggestion_05,train
7779,ስጦታው በቅርቡ ደርሷል።,Assertion,1,Assertion_01,train
7780,አይደለም፣ ሪፖርቱን በቅርቡ ማጠናቀቅ አልችልም።,Refusal,2,Refusal_10,train
7781,አይደለም፣ ውሉን አሁን ማረጋገጥ አልችልም።,Refusal,2,Refusal_04,train
7782,እንደኔ ሀሳብ መጽሐፉን ነገ ማንበብ ይሻላል።,Suggestion,3,Suggestion_13,val
7783,ማስጠንቀቂያ፣ ሪፖርቱን በቅርቡ ካላቀረብክ ቅጣት አለ።,Warning,4,Warning_05,train
7784,እንደኔ ሀሳብ ሪፖርቱን በዚህ ወር ማቅረብ ይሻላል።,Suggestion,3,Suggestion_07,train
7785,ለቤተሰቤ በሚቀጥለው ወር አልደወሉልኝም።,Complaint,6,Complaint_14,train
7786,ይሻላል ክፍያውን በቅርቡ ማድረግ።,Suggestion,3,Suggestion_08,train
7787,ማስጠንቀቂያ፣ ትዕዛዙን ነገ ማታ ካላጠናቀቅክ ቅጣት አለ።,Warning,4,Warning_01,train
7788,እባክዎ ቦታውን በሚቀጥለው ቀን ያስይዙልኝ።,Request,0,Request_12,train
7789,እንደኔ ሀሳብ ሪፖርቱን በዚህ ሳምንት ማቅረብ ይሻላል።,Suggestion,3,Suggestion_07,train
7790,ሰላም፣ እንዴት ነህ?,Phatic,7,Phatic_01,train
7791,ተጠንቀቅ፣ ለጓደኛዬ ካልደወልክ ችግር ይፈጥራል።,Warning,4,Warning_12,val
7792,ሪፖርቱ ዝግጁ ነው።,Assertion,1,Assertion_08,train
7793,ተጠንቀቅ፣ ለእናቴ ካልደወልክ ችግር ይፈጥራል።,Warning,4,Warning_12,train
7794,ምናልባት ምግቡን አሁን ማዘጋጀት ይሻላል።,Suggestion,3,Suggestion_12,train
7795,እርግጥ ነው፣ ምግቡ ዝግጁ ነው... በጣም ጣፋጭ!,Sarcasm/Irony,5,Sarcasm/Irony_09,train
7796,እንዴት ነሽ?,Phatic,7,Phatic_05,train
7797,እርግጥ ነው፣ ሪፖርቱ ዝግጁ ነው... በጣም ፈጣን!,Sarcasm/Irony,5,Sarcasm/Irony_05,train
7798,እርግጥ ነው፣ ስራው ጥሩ ነው... በጣም ጥሩ!,Sarcasm/Irony,5,Sarcasm/Irony_13,train
7799,ውሉ ዛሬ ጠዋት አልተፈረመም።,Complaint,6,Complaint_04,train
7800,አይደለም፣ ሪፖርቱን በሚቀጥለው ወር ማጠናቀቅ አልችልም።,Refusal,2,Refusal_10,train
7801,ስጦታውን በሚቀጥለው ቀን አደርሳለሁ።,Promise,8,Promise_01,train
7802,ማስጠንቀቂያ፣ ሪፖርቱን በሚቀጥለው ወር ካላቀረብክ ቅጣት አለ።,Warning,4,Warning_05,train
7803,የስራው ጥራት ከፍተኛ ነው።,Assertion,1,Assertion_14,test
7804,እንደምን አደርክ?,Phatic,7,Phatic_03,train
7805,አዎ፣ ቦታው ነፃ ነው... በጣም ምቹ!,Sarcasm/Irony,5,Sarcasm/Irony_08,test
7806,እንደሚመስለኝ ትዕዛዙን በቅርቡ ማጠናቀቅ ይሻላል።,Suggestion,3,Suggestion_04,val
7807,እባክዎ ሪፖርቱን በዚህ አመት ይላኩልኝ።,Request,0,Request_10,val
7808,ኮንትራቱን በዚህ ሳምንት አረጋግጣለሁ።,Promise,8,Promise_13,train
7809,እርግጥ ነው፣ ውሳኔው ትክክል ነው... በጣም ጥሩ!,Sarcasm/Irony,5,Sarcasm/Irony_11,train
7810,እርግጥ ነው፣ ክፍያው ተከፍሏል... በጣም ቀላል!,Sarcasm/Irony,5,Sarcasm/Irony_03,train
7811,ማስጠንቀቂያ፣ ውሳኔውን በዚህ ወር ካላሳወቅክ ችግር ይፈጥራል።,Warning,4,Warning_11,train
7812,ምክሬ ኮንትራቱን አሁን ማረጋገጥ ነው።,Suggestion,3,Suggestion_03,test
7813,ይቅርታ፣ ውሳኔውን በቅርቡ ማሳወቅ አልችልም።,Refusal,2,Refusal_14,train
7814,አዎ፣ ስጦታው ደርሷል... በጣም ጥሩ!,Sarcasm/Irony,5,Sarcasm/Irony_06,test
7815,እባክዎ ውሉን ለፖሊሱ በሚቀጥለው ወር ይላኩልኝ።,Request,0,Request_02,train
7816,የውሉ ሁኔታ ጥሩ ነው።,Assertion,1,Assertion_03,train
7817,ጤና ይስጥልኝ፣ ቤተሰብ እንዴት ናቸው?,Phatic,7,Phatic_06,train
7818,አይደለም፣ ውሉን ዛሬ ማታ ማረጋገጥ አልችልም።,Refusal,2,Refusal_04,val
7819,ተጠንቀቅ፣ ቦታውን በዚህ ሳምንት ካላደረግክ ችግር ይፈጥራል።,Warning,4,Warning_00,train
7820,ምናልባት ምግቡን ነገ ማታ ማዘጋጀት ይሻላል።,Suggestion,3,Suggestion_12,val
7821,አልቻልኩም፣ ስጦታውን አሁን ማምጣት አልቻልኩም።,Refusal,2,Refusal_06,train
7822,እባክዎ ቦታውን ለደንበኛው በቅርቡ ይላኩልኝ።,Request,0,Request_11,train
7823,ክፍያው ተከፍሏል።,Assertion,1,Assertion_05,test
7824,የቦታው ችግርን በቅርቡ እፈታለሁ።,Promise,8,Promise_14,train
7825,እንደኔ ሀሳብ ውሳኔውን ነገ ጠዋት መላክ ይሻላል።,Suggestion,3,Suggestion_01,train
7826,ውሉን በሚቀጥለው ሳምንት እፈርማለሁ።,Promise,8,Promise_04,train
7827,አልችልም፣ ቦታውን በዚህ አመት ማድረስ አልቻልኩም።,Refusal,2,Refusal_00,test
7828,እርግጥ ነው፣ ምግቡ ዝግጁ ነው... በጣም ጣፋጭ!,Sarcasm/Irony,5,Sarcasm/Irony_09,val
7829,የፖሊሱ ውሳኔ ትክክል ነው።,Assertion,1,Assertion_12,train
7830,ይቅርታ፣ መረጃውን ማጋራት አልችልም።,Refusal,2,Refusal_08,train
7831,የጓደኛዬ ስራ በጤና ጣቢያ ጥሩ ነው።,Assertion,1,Assertion_06,val
7832,ማስጠንቀቂያ፣ መረጃውን ካላጋራህ ችግር ይፈጥራል።,Warning,4,Warning_07,train
7833,የሰራተኛው ስራ በሆቴል ጥሩ ነው።,Assertion,1,Assertion_06,train
7834,ጤና ይስጥልኝ፣ ስራ እንዴት ነው?,Phatic,7,Phatic_02,train
7835,እርግጥ ነው፣ ክፍያው ተከፍሏል... በጣም ቀላል!,Sarcasm/Irony,5,Sarcasm/Irony_03,train
7836,ስራውን ነገ ማታ አጠናቅቃለሁ።,Promise,8,Promise_12,train
7837,ክፍያውን በቅርቡ አደርጋለሁ።,Promise,8,Promise_03,train
7838,ቦታው ነገ አልተያዘም።,Complaint,6,Complaint_07,train
7839,ውሉ አሁን አልተፈረመም።,Complaint,6,Complaint_04,train
7840,ተጠንቀቅ፣ ለእህቴ ካልላክ ችግር ይፈጥራል።,Warning,4,Warning_02,train
7841,ይቅርታ፣ ውሳኔውን በዚህ ወር ማሳወቅ አልችልም።,Refusal,2,Refusal_14,train
7842,ውሳኔውን ዛሬ ጠዋት አሳውቃለሁ።,Promise,8,Promise_11,train
7843,የኮንትራቱ ጥራት ከፍተኛ ነው።,Assertion,1,Assertion_14,train
7844,የወንድሜ ስራ በቤት ጥሩ ነው።,Assertion,1,Assertion_06,train
7845,ምግቡ በሚቀጥለው ሳምንት አልደረሰኝም።,Complaint,6,Complaint_08,train
7846,አይደለም፣ ውሉን በሚቀጥለው ቀን ማረጋገጥ አልችልም።,Refusal,2,Refusal_04,train
7847,ይሻላል ውሳኔውን ዛሬ ማታ ማሳወቅ።,Suggestion,3,Suggestion_14,test
7848,አዎ፣ ስጦታው ደርሷል... በጣም ጥሩ!,Sarcasm/Irony,5,Sarcasm/Irony_06,val
7849,መጽሐፉ ዛሬ ጠዋት አልደረሰኝም።,Complaint,6,Complaint_09,train
7850,ማስጠንቀቂያ፣ ውሳኔውን በፍጥነት ካላረጋገጥክ ችግር ይፈጥራል።,Warning,4,Warning_13,train
7851,ይቅርታ፣ ትዕዛዙን በቅርቡ መላክ አልችልም።,Refusal,2,Refusal_02,train
7852,ማስጠንቀቂያ፣ መረጃውን በሚቀጥለው ሳምንት ካላረጋገጥክ ችግር ይፈጥራል።,Warning,4,Warning_13,train
7853,እባክሽ ስራውን ዛሬ ማታ አምጪልኝ።,Request,0,Request_05,train
7854,አይደለም፣ ሪፖርቱን በዚህ አመት ማጠናቀቅ አልችልም።,Refusal,2,Refusal_10,val
7855,የፓኬጁ ሁኔታ ጥሩ ነው።,Assertion,1,Assertion_03,train
7856,ሀሳቤ ውሉን ነገ መፈረም ነው።,Suggestion,3,Suggestion_05,val
7857,እንደምን አደርክ?,Phatic,7,Phatic_03,train
7858,እባክዎ ውሉን በቅርቡ ይላኩልኝ።,Request,0,Request_00,train
7859,እባክሽ ፋይሉን በሚቀጥለው ቀን አምጪልኝ።,Request,0,Request_01,train
7860,አዎ፣ ስጦታው ደርሷል... በጣም ጥሩ!,Sarcasm/Irony,5,Sarcasm/Irony_06,val
7861,ምናልባት ክፍያውን በዚህ ሳምንት ማድረግ ይሻላል።,Suggestion,3,Suggestion_00,test
7862,ትዕዛዙ በሚቀጥለው ወር ተጠናቀቀ።,Assertion,1,Assertion_02,val
7863,ተጠንቀቅ፣ ስራውን በፍጥነት ካላጠናቀቅክ ቅጣት አለ።,Warning,4,Warning_14,train
7864,እርግጥ ነው፣ ኮንትራቱ ጥሩ ነው... በጣም ጥሩ!,Sarcasm/Irony,5,Sarcasm/Irony_13,train
7865,ምክሬ ቦታውን አሁን ማስያዝ ነው።,Suggestion,3,Suggestion_09,train
7866,እንዴት ነህ ጓደኛ?,Phatic,7,Phatic_12,train
7867,እባክዎ ስጦታውን አሁን ያድርሱልኝ።,Request,0,Request_06,train
7868,እባክሽ ደብዳቤውን በዚህ ወር አምጪልኝ።,Request,0,Request_09,test
7869,ቦታው ዛሬ አልተያዘም።,Complaint,6,Complaint_07,train
7870,እባክዎ ቲኬቱን አሁን ይላኩልኝ።,Request,0,Request_04,train
7871,ይሻላል ውሳኔውን በዚህ አመት ማሳወቅ።,Suggestion,3,Suggestion_14,test
7872,ይሻላል ክፍያውን በዚህ አመት ማድረግ።,Suggestion,3,Suggestion_08,train
7873,ክፍያውን በዚህ ወር አደርጋለሁ።,Promise,8,Promise_03,val
7874,ምክሬ ቦታውን አሁን ማስያዝ ነው።,Suggestion,3,Suggestion_09,train
7875,እርግጥ ነው፣ ሪፖርቱ ጥሩ ነው... በጣም ጥሩ!,Sarcasm/Irony,5,Sarcasm/Irony_13,train
7876,ይቅርታ፣ መረጃውን ማጋራት አልችልም።,Refusal,2,Refusal_08,test
7877,እንዴት ነህ ጓደኛ?,Phatic,7,Phatic_12,train
7878,እባክዎ ክፍያውን በሚቀጥለው ሳምንት ያረጋግጡልኝ።,Request,0,Request_08,train
7879,ተጠንቀቅ፣ መልእክቱን በዚህ አመት ካላደረግክ ችግር ይፈጥራል።,Warning,4,Warning_00,train
7880,የትዕዛዙ ችግር ከጠዋቱ ጀምሮ አልተፈታም።,Complaint,6,Complaint_02,val
7881,ትዕዛዙ በሚቀጥለው ቀን ተጠናቀቀ።,Assertion,1,Assertion_02,train
7882,ስራው በሚቀጥለው ሳምንት አልተጠናቀቀም።,Complaint,6,Complaint_12,train
7883,አልችልም፣ ምግቡን ነገ ጠዋት ማዘጋጀት አልቻልኩም።,Refusal,2,Refusal_12,train
7884,እባክዎ ሪፖርቱን ዛሬ ጠዋት ይላኩልኝ።,Request,0,Request_10,train
7885,ሰላም፣ ስራ በሆስፒታል እንዴት ነው?,Phatic,7,Phatic_08,train
7886,እርግጥ ነው፣ ክፍያው ተከፍሏል... በጣም ቀላል!,Sarcasm/Irony,5,Sarcasm/Irony_03,test
7887,እርግጥ ነው፣ ቦታው ጥሩ ነው... በጣም ጥሩ!,Sarcasm/Irony,5,Sarcasm/Irony_13,train
7888,አዎ፣ ለጓደኛዋ ደውያለሁ... በጣም ቀላል!,Sarcasm/Irony,5,Sarcasm/Irony_14,train
7889,ምክሬ መልእክቱን አሁን ማረጋገጥ ነው።,Suggestion,3,Suggestion_03,val
7890,አይደለም፣ ሪፖርቱን ዛሬ ማታ ማጠናቀቅ አልችልም።,Refusal,2,Refusal_10,train
7891,ቦታው ነፃ ነው።,Assertion,1,Assertion_10,val
7892,ቦታውን ዛሬ ማታ አስይዛለሁ።,Promise,8,Promise_07,train
7893,ይቅርታ፣ ለጓደኛዬ መጥራት አልችልም።,Refusal,2,Refusal_11,test
7894,እርግጥ ነው፣ ክፍያው ጥሩ ነው... በጣም ጥሩ!,Sarcasm/Irony,5,Sarcasm/Irony_13,test
7895,ተጠንቀቅ፣ ሸቀጡን በዚህ ሳምንት ካላደረግክ ችግር ይፈጥራል።,Warning,4,Warning_00,test
7896,እባክዎ ፓኬጁን ለደንበኛው ዛሬ ማታ ይላኩልኝ።,Request,0,Request_11,val
7897,ምክሬ ስራውን አሁን ማረጋገጥ ነው።,Suggestion,3,Suggestion_03,val
7898,አዎ፣ መጽሐፉ ተመልሷል... በጣም ቀላል!,Sarcasm/Irony,5,Sarcasm/Irony_10,train
7899,ይቅርታ፣ ትዕዛዙን በሚቀጥለው ወር መላክ አልችልም።,Refusal,2,Refusal_02,train
7900,እርግጥ ነው፣ ሪፖርቱ ዝግጁ ነው... በጣም ፈጣን!,Sarcasm/Irony,5,Sarcasm/Irony_05,train
7901,የውሳኔው ችግር ከባለፈው ወር ጀምሮ ከእህቴ ጋር እፈታለሁ።,Assertion,1,Assertion_00,val
7902,ይቅርታ፣ ውሳኔውን ነገ ጠዋት ማሳወቅ አልችልም።,Refusal,2,Refusal_14,val
7903,እርግጥ ነው፣ ውሳኔው ትክክል ነው... በጣም ጥሩ!,Sarcasm/Irony,5,Sarcasm/Irony_11,train
7904,አይ፣ መጽሐፉን ማበደር አልችልም።,Refusal,2,Refusal_13,train
7905,አዎ፣ ቦታው ነፃ ነው... በጣም ምቹ!,Sarcasm/Irony,5,Sarcasm/Irony_08,train
7906,ለደንበኛው በዚህ አመት አልደወሉልኝም።,Complaint,6,Complaint_14,train
7907,ተጠንቀቅ፣ ስራውን ዛሬ ካላጠናቀቅክ ቅጣት አለ።,Warning,4,Warning_14,train
7908,እርግጥ ነው፣ መረጃው ትክክል ነው... በጣም ግልጽ!,Sarcasm/Irony,5,Sarcasm/Irony_07,train
7909,አይ፣ ክፍያውን አሁን ማድረግ አልችልም።,Refusal,2,Refusal_07,train
7910,ተጠንቀቅ፣ ስራውን በሚቀጥለው ሳምንት ካላጠናቀቅክ ቅጣት አለ።,Warning,4,Warning_14,train
7911,እንደኔ ሀሳብ መረጃውን በሚቀጥለው ሳምንት መላክ ይሻላል።,Suggestion,3,Suggestion_01,test
7912,ትዕዛዙን ዛሬ ማታ አጠናቅቃለሁ።,Promise,8,Promise_02,train
7913,አይ፣ መጽሐፉን ማበደር አልችልም።,Refusal,2,Refusal_13,test
7914,ተጠንቀቅ፣ ስጦታውን በፍጥነት ካላመጣህ ችግር ይፈጥራል።,Warning,4,Warning_06,train
7915,ቦታው ነገ አልተያዘም።,Complaint,6,Complaint_07,train
7916,እባክዎ መጽሐፉን ነገ ጠዋት ይላኩልኝ።,Request,0,Request_14,train
7917,ቦታው በሚቀጥለው ሳምንት አልተያዘም።,Complaint,6,Complaint_07,train
7918,ስራው በሚቀጥለው ወር ተጀምሯል።,Assertion,1,Assertion_13,train
7919,የአገልግሎቱ ዋጋ ተቀይሯል።,Assertion,1,Assertion_09,train
7920,ክፍያው ዛሬ አልተከፈለም።,Complaint,6,Complaint_03,test
7921,ሀሳቤ ውሉን በሚቀጥለው ቀን መፈረም ነው።,Suggestion,3,Suggestion_05,val
7922,እንዴት ነሽ?,Phatic,7,Phatic_05,train
7923,ክፍያው አሁን አልተከፈለም።,Complaint,6,Complaint_03,train
7924,እንደኔ ሀሳብ መጽሐፉን በቅርቡ ማንበብ ይሻላል።,Suggestion,3,Suggestion_13,train
7925,አልችልም፣ ምግቡን ነገ ማታ ማዘጋጀት አልቻልኩም።,Refusal,2,Refusal_12,train
7926,የአስተዳዳሪው አገልግሎት መጥፎ ነው።,Complaint,6,Complaint_10,test
7927,ክፍያው ተከፍሏል።,Assertion,1,Assertion_05,val
7928,ስራውን በዚህ ሳምንት አጠናቅቃለሁ።,Promise,8,Promise_12,test
7929,ማስጠንቀቂያ፣ መረጃውን ካላጋራህ ችግር ይፈጥራል።,Warning,4,Warning_07,train
7930,አልፈልግም፣ ውሉን አልቀበልም።,Refusal,2,Refusal_03,train
7931,ተጠንቀቅ፣ ለአስተዳዳሪው ካልደወልክ ችግር ይፈጥራል።,Warning,4,Warning_12,train
7932,ማስጠንቀቂያ፣ ምግቡን ዛሬ ማታ ካላዘጋጀህ ችግር ይፈጥራል።,Warning,4,Warning_09,train
7933,እርግጥ ነው፣ ክፍያው ተከፍሏል... በጣም ቀላል!,Sarcasm/Irony,5,Sarcasm/Irony_03,train
7934,ትዕዛዙን አሁን አጠናቅቃለሁ።,Promise,8,Promise_02,train
7935,እንዴት ነሽ?,Phatic,7,Phatic_05,train
7936,ሰላም ነው?,Phatic,7,Phatic_04,train
7937,ይቅርታ፣ ለእናቴ መላክ አልችልም።,Refusal,2,Refusal_05,train
7938,እንደምን አደረሽ?,Phatic,7,Phatic_09,train
7939,የክፍያው ችግር ከረቡዕ ጀምሮ ከፖሊሱ ጋር እፈታለሁ።,Assertion,1,Assertion_00,train
7940,እባክዎ ስጦታውን ነገ ያድርሱልኝ።,Request,0,Request_06,train
7941,ምናልባት ለአባቴ መደወል ይሻላል።,Suggestion,3,Suggestion_06,train
7942,እንደኔ ሀሳብ ሪፖርቱን በቅርቡ ማቅረብ ይሻላል።,Suggestion,3,Suggestion_07,train
7943,ክፍያው ተከፍሏል።,Assertion,1,Assertion_05,train
7944,አዎ፣ ቦታው ነፃ ነው... በጣም ምቹ!,Sarcasm/Irony,5,Sarcasm/Irony_08,test
7945,መጽሐፉ ነገ ማታ አልደረሰኝም።,Complaint,6,Complaint_09,train
7946,ትዕዛዙን ዛሬ አጠናቅቃለሁ።,Promise,8,Promise_02,train
7947,አዎ፣ ስራው ተጠናቀቀ... በጣም ፈጣን!,Sarcasm/Irony,5,Sarcasm/Irony_12,train
7948,አዎ፣ ለጓደኛችን ላክኩት... በጣም ጥሩ!,Sarcasm/Irony,5,Sarcasm/Irony_02,train
7949,እባክዎ ሰነዱን ለደንበኛው ነገ ይላኩልኝ።,Request,0,Request_11,train
7950,መረጃው አሁን አልደረሰኝም።,Complaint,6,Complaint_06,train
7951,ሰላም ነው?,Phatic,7,Phatic_04,train
7952,እርግጥ ነው፣ ትዕዛዙ በሚቀጥለው ቀን ተጠናቀቀ... በጣም ፈጣን!,Sarcasm/Irony,5,Sarcasm/Irony_01,test
7953,አልቻልኩም፣ ስጦታውን በዚህ አመት ማምጣት አልቻልኩም።,Refusal,2,Refusal_06,val
7954,የመጽሐፉ ችግር ከዛሬ ጀምሮ ከአባቴ ጋር እፈታለሁ።,Assertion,1,Assertion_00,val
7955,እንዴት ነሽ?,Phatic,7,Phatic_05,test
7956,ተጠንቀቅ፣ ቦታውን በዚህ አመት ካላስያዝክ ይያዛል።,Warning,4,Warning_08,test
7957,አልቻልኩም፣ ስጦታውን በዚህ አመት ማምጣት አልቻልኩም።,Refusal,2,Refusal_06,train
7958,የመጽሐፉ ችግር ከረቡዕ ጀምሮ አልተፈታም።,Complaint,6,Complaint_02,test
7959,ጤና ይስጥልኝ፣ ቤተሰብ እንዴት ናቸው?,Phatic,7,Phatic_06,train
7960,እንደምን አደርክ?,Phatic,7,Phatic_03,train
7961,ሪፖርቱ በሚቀጥለው ቀን አልቀረበም።,Complaint,6,Complaint_05,train
7962,ነጋዴው፣ ዛሬ እንዴት ነው?,Phatic,7,Phatic_07,train
7963,እንደኔ ሀሳብ ቲኬቱን በፍጥነት መላክ ይሻላል።,Suggestion,3,Suggestion_01,val
7964,አይ፣ መጽሐፉን ማበደር አልችልም።,Refusal,2,Refusal_13,train
7965,ለአለቃዬ ነገ ማታ እደውላለሁ።,Promise,8,Promise_10,train
7966,ማስጠንቀቂያ፣ ውሳኔውን በፍጥነት ካላሳወቅክ ችግር ይፈጥራል።,Warning,4,Warning_11,train
7967,ይቅርታ፣ ትዕዛዙን ነገ ጠዋት መላክ አልችልም።,Refusal,2,Refusal_02,train
7968,መረጃው ዛሬ አልደረሰኝም።,Complaint,6,Complaint_06,train
7969,ይሻላል ክፍያውን በሚቀጥለው ሳምንት ማድረግ።,Suggestion,3,Suggestion_08,train
7970,የቦታው ችግር ከማክሰኞ ጀምሮ ከባልደረባዬ ጋር እፈታለሁ።,Assertion,1,Assertion_00,train
7971,አይ፣ አሁን ኮንትራቱ ማድረግ አልችልም።,Refusal,2,Refusal_01,test
7972,እንደምን አደርክ?,Phatic,7,Phatic_03,train
7973,እባክዎ ሪፖርቱን ለደንበኛው በዚህ አመት ይላኩልኝ።,Request,0,Request_11,train
7974,ስራው ዛሬ ጠዋት አልተጠናቀቀም።,Complaint,6,Complaint_12,train
7975,እባክሽ ደብዳቤውን በሚቀጥለው ሳምንት አምጪልኝ።,Request,0,Request_09,train
7976,ተጠንቀቅ፣ ቦታውን ዛሬ ካላስያዝክ ይያዛል።,Warning,4,Warning_08,train
7977,እባክዎ መረጃውን በዚህ ሳምንት ይላኩልኝ።,Request,0,Request_07,val
7978,ክፍያው ተከፍሏል።,Assertion,1,Assertion_05,train
7979,ማስጠንቀቂያ፣ ምግቡን በቅርቡ ካላዘጋጀህ ችግር ይፈጥራል።,Warning,4,Warning_09,train
7980,ተጠንቀቅ፣ ለአስተዳዳሪው ካልደወልክ ችግር ይፈጥራል።,Warning,4,Warning_12,val
7981,መረጃውን በቅርቡ እላካለሁ።,Promise,8,Promise_06,test
7982,ምክሬ ቦታውን አሁን ማስያዝ ነው።,Suggestion,3,Suggestion_09,train
7983,እንዴት ነህ ጓደኛ?,Phatic,7,Phatic_12,val
7984,የቤተሰቤ ስራ በጤና ጣቢያ ጥሩ ነው።,Assertion,1,Assertion_06,train
7985,ሪፖርቱን ነገ አቀርባለሁ።,Promise,8,Promise_05,test
7986,ተጠንቀቅ፣ ለእናቴ ካልደወልክ ችግር ይፈጥራል።,Warning,4,Warning_12,test
7987,ክፍያው ተከፍሏል።,Assertion,1,Assertion_05,val
7988,እባክሽ ደብዳቤውን ነገ ጠዋት አምጪልኝ።,Request,0,Request_09,train
7989,እንደኔ ሀሳብ ቲኬቱን በዚህ አመት መላክ ይሻላል።,Suggestion,3,Suggestion_01,val
7990,እንደኔ ሀሳብ ሪፖርቱን በዚህ ሳምንት ማቅረብ ይሻላል።,Suggestion,3,Suggestion_07,test
7991,የፓኬጁ ችግር ከትናንት ጀምሮ አልተፈታም።,Complaint,6,Complaint_02,train
7992,ሰላም፣ እንዴት ነህ?,Phatic,7,Phatic_01,train
7993,ማስጠንቀቂያ፣ ምግቡን በቅርቡ ካላዘጋጀህ ችግር ይፈጥራል።,Warning,4,Warning_09,train
7994,እርግጥ ነው፣ ቲኬቱ ጥሩ ነው... በጣም ጥሩ!,Sarcasm/Irony,5,Sarcasm/Irony_13,train
7995,አይደለም፣ ሪፖርቱን ነገ ማታ ማጠናቀቅ አልችልም።,Refusal,2,Refusal_10,train
7996,ሰላም ነው?,Phatic,7,Phatic_04,val
7997,ተጠንቀቅ፣ ስራውን በፍጥነት ካላደረግክ ችግር ይፈጥራል።,Warning,4,Warning_00,val
7998,እንዴት ነሽ?,Phatic,7,Phatic_05,train
7999,የትዕዛዙ ችግር ከረቡዕ ጀምሮ ከጓደኛችን ጋር እፈታለሁ።,Promise,8,Promise_00,train
8000,ተጠንቀቅ፣ ስራውን ዛሬ ማታ ካላደረግክ ችግር ይፈጥራል።,Warning,4,Warning_00,train
8001,የምግቡ ሁኔታ ጥሩ ነው።,Assertion,1,Assertion_03,train
8002,ነጋዴው፣ ስራ እንዴት እየሄደ ነው?,Phatic,7,Phatic_14,test
8003,የቲኬቱ ችግርን በቅርቡ እፈታለሁ።,Promise,8,Promise_14,train
8004,ክፍያው ተከፍሏል።,Assertion,1,Assertion_05,test
8005,የትዕዛዙ ችግር ከሰኞ ጀምሮ ከጓደኛዬ ጋር እፈታለሁ።,Promise,8,Promise_00,test
8006,ማስጠንቀቂያ፣ መረጃውን ካላጋራህ ችግር ይፈጥራል።,Warning,4,Warning_07,val
8007,ምናልባት ለአባቴ መደወል ይሻላል።,Suggestion,3,Suggestion_06,train
8008,አልችልም፣ ውሳኔውን አሁን ማድረስ አልቻልኩም።,Refusal,2,Refusal_00,train
8009,ጤና ይስጥልኝ፣ ዛሬ እንዴት ነው?,Phatic,7,Phatic_13,val
8010,እንደሚመስለኝ ስጦታውን ነገ ጠዋት ማምጣት ይሻላል።,Suggestion,3,Suggestion_10,train
8011,አይደለም፣ ውሉን በፍጥነት ማረጋገጥ አልችልም።,Refusal,2,Refusal_04,test
8012,አዎ፣ ለባልደረባዬ ደውያለሁ... በጣም ቀላል!,Sarcasm/Irony,5,Sarcasm/Irony_14,train
8013,ምክሬ ቦታውን አሁን ማስያዝ ነው።,Suggestion,3,Suggestion_09,val
8014,የመረጃው ሁኔታ ጥሩ ነው።,Assertion,1,Assertion_03,train
8015,እርግጥ ነው፣ ውሳኔው ትክክል ነው... በጣም ጥሩ!,Sarcasm/Irony,5,Sarcasm/Irony_11,train
8016,አይ፣ አሁን ሸቀጡ ማድረግ አልችልም።,Refusal,2,Refusal_01,test
8017,እርግጥ ነው፣ መረጃው ትክክል ነው... በጣም ግልጽ!,Sarcasm/Irony,5,Sarcasm/Irony_07,train
8018,ይቅርታ፣ ውሳኔውን በዚህ አመት ማሳወቅ አልችልም።,Refusal,2,Refusal_14,train
8019,አልፈልግም፣ ቦታውን ማስያዝ አልችልም።,Refusal,2,Refusal_09,train
8020,ሰላም ነው ወንድሜ?,Phatic,7,Phatic_11,train
8021,ነጋዴው፣ ስራ እንዴት እየሄደ ነው?,Phatic,7,Phatic_14,train
8022,ስራው በዚህ ሳምንት ተጀምሯል።,Assertion,1,Assertion_13,test
8023,ይሻላል ውሳኔውን በዚህ ወር ማሳወቅ።,Suggestion,3,Suggestion_14,val
8024,ማስጠንቀቂያ፣ ውሳኔውን ነገ ጠዋት ካላሳወቅክ ችግር ይፈጥራል።,Warning,4,Warning_11,train
8025,እባክዎ መረጃውን በሚቀጥለው ሳምንት ይላኩልኝ።,Request,0,Request_07,train
8026,የፓኬጁ ጥራት ከፍተኛ ነው።,Assertion,1,Assertion_14,val
8027,ማስጠንቀቂያ፣ ሪፖርቱን በሚቀጥለው ቀን ካላቀረብክ ቅጣት አለ።,Warning,4,Warning_05,train
8028,የክፍያው ዋጋ ተቀይሯል።,Assertion,1,Assertion_09,test
8029,የፋይሉ ችግር ከባለፈው ሳምንት ጀምሮ ከቤተሰቤ ጋር እፈታለሁ።,Assertion,1,Assertion_00,train
8030,ይቅርታ፣ ትዕዛዙን በቅርቡ መላክ አልችልም።,Refusal,2,Refusal_02,test
8031,ቦታው ነፃ ነው።,Assertion,1,Assertion_10,train
8032,ውሳኔው ዛሬ አልተሰጠም።,Complaint,6,Complaint_13,train
8033,መጽሐፉ ነገ ማታ ደረሰ።,Assertion,1,Assertion_11,train
8034,ስጦታው ነገ ደርሷል።,Assertion,1,Assertion_01,val
8035,ሰላም፣ ስራ በፖስታ ቤት እንዴት ነው?,Phatic,7,Phatic_08,test
8036,ሰላም ነው?,Phatic,7,Phatic_04,train
8037,ሰላም ነው?,Phatic,7,Phatic_04,train
8038,ሰላም፣ ስራ በጤና ጣቢያ እንዴት ነው?,Phatic,7,Phatic_08,train
8039,ቦታው ነፃ ነው።,Assertion,1,Assertion_10,train
8040,ትዕዛዙ ዛሬ ጠዋት ተጠናቀቀ።,Assertion,1,Assertion_02,val
8041,ጤና ይስጥልኝ፣ ዛሬ እንዴት ነው?,Phatic,7,Phatic_13,test
8042,ሀሳቤ ውሉን በዚህ ሳምንት መፈረም ነው።,Suggestion,3,Suggestion_05,train
8043,ይሻላል ቦታውን ለአለቃዬ ማሳወቅ።,Suggestion,3,Suggestion_02,val
8044,ክፍያው በዚህ ወር አልተከፈለም።,Complaint,6,Complaint_03,train
8045,ምናልባት መልእክቱን ዛሬ ማታ ማድረግ ይሻላል።,Suggestion,3,Suggestion_00,train
8046,አዎ፣ ለጓደኛችን ላክኩት... በጣም ጥሩ!,Sarcasm/Irony,5,Sarcasm/Irony_02,val
8047,ውሉን በቅርቡ እፈርማለሁ።,Promise,8,Promise_04,train
8048,ውሉን በሚቀጥለው ወር እፈርማለሁ።,Promise,8,Promise_04,train
8049,መጽሐፉን ዛሬ ማታ አመልሳለሁ።,Promise,8,Promise_09,val
8050,አልችልም፣ ሸቀጡን በቅርቡ ማድረስ አልቻልኩም።,Refusal,2,Refusal_00,test
8051,ምክሬ ቦታውን አሁን ማስያዝ ነው።,Suggestion,3,Suggestion_09,val
8052,ምናልባት ለደንበኛው መደወል ይሻላል።,Suggestion,3,Suggestion_06,train
8053,እንደምን አደረሽ?,Phatic,7,Phatic_09,test
8054,ይቅርታ፣ ለጓደኛዬ መጥራት አልችልም።,Refusal,2,Refusal_11,train
8055,እርግጥ ነው፣ ውሳኔው ትክክል ነው... በጣም ጥሩ!,Sarcasm/Irony,5,Sarcasm/Irony_11,train
8056,አልችልም፣ ስጦታውን በሚቀጥለው ቀን ማድረስ አልቻልኩም።,Refusal,2,Refusal_00,test
8057,እንደኔ ሀሳብ ሪፖርቱን ዛሬ ማታ ማቅረብ ይሻላል።,Suggestion,3,Suggestion_07,train
8058,እባክዎ መጽሐፉን ነገ ጠዋት ይላኩልኝ።,Request,0,Request_14,train
8059,ሰላም፣ እንዴት ነህ?,Phatic,7,Phatic_01,train
8060,አልችልም፣ መልእክቱን ዛሬ ማታ ማድረስ አልቻልኩም።,Refusal,2,Refusal_00,test
8061,አዎ፣ ቦታው ነፃ ነው... በጣም ምቹ!,Sarcasm/Irony,5,Sarcasm/Irony_08,train
8062,ውሉ ነገ ጠዋት ተፈርሟል።,Assertion,1,Assertion_07,test
8063,አዎ፣ ለባልደረባዬ ላክኩት... በጣም ጥሩ!,Sarcasm/Irony,5,Sarcasm/Irony_02,train
8064,ስራውን ዛሬ ጠዋት አጠናቅቃለሁ።,Promise,8,Promise_12,train
8065,እንደምን አደርክ?,Phatic,7,Phatic_03,test
8066,ማስጠንቀቂያ፣ ምግቡን ነገ ጠዋት ካላዘጋጀህ ችግር ይፈጥራል።,Warning,4,Warning_09,test
8067,የውሉ ችግርን አሁን እፈታለሁ።,Promise,8,Promise_14,val
8068,የክፍያው ዋጋ ተቀይሯል።,Assertion,1,Assertion_09,train
8069,እንደኔ ሀሳብ ፋይሉን ዛሬ መላክ ይሻላል።,Suggestion,3,Suggestion_01,train
8070,ስጦታው ዛሬ ጠዋት ደርሷል።,Assertion,1,Assertion_01,train
8071,እርግጥ ነው፣ መረጃው ትክክል ነው... በጣም ግልጽ!,Sarcasm/Irony,5,Sarcasm/Irony_07,train
8072,የእናቴ ውሳኔ ትክክል ነው።,Assertion,1,Assertion_12,val
8073,እንደምን አደረሽ?,Phatic,7,Phatic_09,val
8074,አዎ፣ ለአጋሬ ደውያለሁ... በጣም ቀላል!,Sarcasm/Irony,5,Sarcasm/Irony_14,train
8075,አልቻልኩም፣ ስጦታውን ነገ ጠዋት ማምጣት አልቻልኩም።,Refusal,2,Refusal_06,train
8076,እባክዎ ፓኬጁን አሁን ይላኩልኝ።,Request,0,Request_04,train
8077,ተጠንቀቅ፣ መጽሐፉን ነገ ጠዋት ካላመለስክ ቅጣት አለ።,Warning,4,Warning_10,train
8078,አዎ፣ መጽሐፉ ተመልሷል... በጣም ቀላል!,Sarcasm/Irony,5,Sarcasm/Irony_10,train
8079,አዎ፣ ስጦታው ደርሷል... በጣም ጥሩ!,Sarcasm/Irony,5,Sarcasm/Irony_06,train
8080,አይ፣ ክፍያውን አሁን ማድረግ አልችልም።,Refusal,2,Refusal_07,train
8081,ሪፖርቱ ዛሬ ማታ አልቀረበም።,Complaint,6,Complaint_05,val
8082,እንደሚመስለኝ ትዕዛዙን ዛሬ ጠዋት ማጠናቀቅ ይሻላል።,Suggestion,3,Suggestion_04,val
8083,አይደለም፣ ሪፖርቱን በሚቀጥለው ቀን ማጠናቀቅ አልችልም።,Refusal,2,Refusal_10,test
8084,ምናልባት ምግቡን በዚህ አመት ማዘጋጀት ይሻላል።,Suggestion,3,Suggestion_12,val
8085,ሪፖርቱ በቅርቡ አልቀረበም።,Complaint,6,Complaint_05,train
8086,እርግጥ ነው፣ ምግቡ ዝግጁ ነው... በጣም ጣፋጭ!,Sarcasm/Irony,5,Sarcasm/Irony_09,train
8087,ማስጠንቀቂያ፣ ምግቡን ዛሬ ማታ ካላዘጋጀህ ችግር ይፈጥራል።,Warning,4,Warning_09,train
8088,ለባልደረባዬ ዛሬ ማታ እደውላለሁ።,Promise,8,Promise_10,train
8089,መረጃውን ዛሬ እላካለሁ።,Promise,8,Promise_06,train
8090,ሪፖርቱ ዝግጁ ነው።,Assertion,1,Assertion_08,train
8091,መረጃው ዛሬ ማታ አልደረሰኝም።,Complaint,6,Complaint_06,val
8092,ክፍያው ተከፍሏል።,Assertion,1,Assertion_05,val
8093,ተጠንቀቅ፣ ስራውን ነገ ጠዋት ካላጠናቀቅክ ቅጣት አለ።,Warning,4,Warning_14,test
8094,እርግጥ ነው፣ ኮንትራቱ ጥሩ ነው... በጣም ጥሩ!,Sarcasm/Irony,5,Sarcasm/Irony_13,test
8095,እባክዎ መረጃውን ነገ ማታ ይላኩልኝ።,Request,0,Request_07,val
8096,ቦታው በፍጥነት አልተያዘም።,Complaint,6,Complaint_07,train
8097,እርግጥ ነው፣ ክፍያው ተከፍሏል... በጣም ቀላል!,Sarcasm/Irony,5,Sarcasm/Irony_03,train
8098,እርግጥ ነው፣ መረጃው ትክክል ነው... በጣም ግልጽ!,Sarcasm/Irony,5,Sarcasm/Irony_07,train
8099,መጽሐፉ በዚህ ሳምንት ደረሰ።,Assertion,1,Assertion_11,train
8100,ይቅርታ፣ መረጃውን ማጋራት አልችልም።,Refusal,2,Refusal_08,train
8101,ለጓደኛዬ አሁን እደውላለሁ።,Promise,8,Promise_10,test
8102,እባክዎ ውሉን ለአስተዳዳሪው በሚቀጥለው ወር ይላኩልኝ።,Request,0,Request_02,test
8103,ተጠንቀቅ፣ መጽሐፉን አሁን ካላመለስክ ቅጣት አለ።,Warning,4,Warning_10,test
8104,የስጦታው ሁኔታ ጥሩ ነው።,Assertion,1,Assertion_03,test
8105,መጽሐፉ በዚህ ወር አልደረሰኝም።,Complaint,6,Complaint_09,train
8106,ሰላም፣ እንዴት ነህ?,Phatic,7,Phatic_01,train
8107,የመጽሐፉ ዋጋ ተቀይሯል።,Assertion,1,Assertion_09,train
8108,ጤና ይስጥልኝ፣ ቤተሰብ እንዴት ናቸው?,Phatic,7,Phatic_06,train
8109,ስጦታው ገና ወደ ቤት በሚቀጥለው ወር አልደረሰኝም።,Complaint,6,Complaint_00,train
8110,እባክሽ ምግቡን ዛሬ ጠዋት አዘጋጅልኝ።,Request,0,Request_13,val
8111,ጤና ይስጥልኝ፣ ዛሬ እንዴት ነው?,Phatic,7,Phatic_13,train
8112,የአገልግሎቱ ዋጋ ተቀይሯል።,Assertion,1,Assertion_09,train
8113,የባልደረባዬ ስራ በቢሮ ጥሩ ነው።,Assertion,1,Assertion_06,val
8114,እንደኔ ሀሳብ ምግቡን ዛሬ መላክ ይሻላል።,Suggestion,3,Suggestion_01,train
8115,ኮንትራቱን በሚቀጥለው ሳምንት አረጋግጣለሁ።,Promise,8,Promise_13,train
8116,መጽሐፉ ዛሬ አልደረሰኝም።,Complaint,6,Complaint_09,train
8117,ማስጠንቀቂያ፣ ትዕዛዙን ዛሬ ካላጠናቀቅክ ቅጣት አለ።,Warning,4,Warning_01,train
8118,እባክዎ ቲኬቱን ለደንበኛው በሚቀጥለው ወር ይላኩልኝ።,Request,0,Request_11,train
8119,ውሳኔው ነገ ማታ አልተሰጠም።,Complaint,6,Complaint_13,train
8120,አይ፣ አሁን አገልግሎቱ ማድረግ አልችልም።,Refusal,2,Refusal_01,train
8121,አዎ፣ ቦታው ነፃ ነው... በጣም ምቹ!,Sarcasm/Irony,5,Sarcasm/Irony_08,train
8122,የቲኬቱ ሁኔታ ጥሩ ነው።,Assertion,1,Assertion_03,train
8123,እርግጥ ነው፣ አገልግሎቱ ጥሩ ነው... በጣም ጥሩ!,Sarcasm/Irony,5,Sarcasm/Irony_13,train
8124,አዎ፣ መጽሐፉ ተመልሷል... በጣም ቀላል!,Sarcasm/Irony,5,Sarcasm/Irony_10,train
8125,ውሳኔው ዛሬ ማታ አልተሰጠም።,Complaint,6,Complaint_13,train
8126,መረጃው ትክክል ነው።,Assertion,1,Assertion_04,train
8127,እባክዎ ፓኬጁን ለደንበኛው ነገ ጠዋት ይላኩልኝ።,Request,0,Request_11,test
8128,ለጓደኛዬ በቅርቡ እደውላለሁ።,Promise,8,Promise_10,train
8129,መጽሐፉ ነገ ማታ ደረሰ።,Assertion,1,Assertion_11,train
8130,እርግጥ ነው፣ ክፍያው ተከፍሏል... በጣም ቀላል!,Sarcasm/Irony,5,Sarcasm/Irony_03,train
8131,እባክሽ ውሉን በሚቀጥለው ሳምንት አምጪልኝ።,Request,0,Request_01,test
8132,ቦታው በቅርቡ አልተያዘም።,Complaint,6,Complaint_07,train
8133,አልቻልኩም፣ ስጦታውን ዛሬ ማታ ማምጣት አልቻልኩም።,Refusal,2,Refusal_06,train
8134,አዎ፣ ለአባቴ ላክኩት... በጣም ጥሩ!,Sarcasm/Irony,5,Sarcasm/Irony_02,train
8135,ምግቡን በሚቀጥለው ሳምንት አዘጋጃለሁ።,Promise,8,Promise_08,train
8136,እባክዎ ትዕዛዙን ለእህቴ በፍጥነት ይላኩልኝ።,Request,0,Request_03,val
8137,ይቅርታ፣ ለሰራተኛው መላክ አልችልም።,Refusal,2,Refusal_05,train
8138,መረጃውን በዚህ ወር እላካለሁ።,Promise,8,Promise_06,val
8139,ትዕዛዙ በፍጥነት ተጠናቀቀ።,Assertion,1,Assertion_02,train
8140,መጽሐፉ በዚህ ሳምንት ደረሰ።,Assertion,1,Assertion_11,train
8141,አይ፣ መጽሐፉን ማበደር አልችልም።,Refusal,2,Refusal_13,train
8142,ጤና ይስጥልኝ፣ ዛሬ እንዴት ነው?,Phatic,7,Phatic_13,train
8143,አልችልም፣ ምግቡን ዛሬ ማዘጋጀት አልቻልኩም።,Refusal,2,Refusal_12,train
8144,ምክሬ ቦታውን አሁን ማስያዝ ነው።,Suggestion,3,Suggestion_09,train
8145,እባክዎ ደብዳቤውን ነገ ጠዋት ይላኩልኝ።,Request,0,Request_00,test
8146,እባክሽ ደብዳቤውን ነገ አምጪልኝ።,Request,0,Request_09,train
8147,አይደለም፣ ውሉን በሚቀጥለው ቀን ማረጋገጥ አልችልም።,Refusal,2,Refusal_04,train
8148,ስጦታው ገና ወደ ገበያ ነገ ጠዋት አልደረሰኝም።,Complaint,6,Complaint_00,train
8149,ነጋዴው፣ ዛሬ እንዴት ነው?,Phatic,7,Phatic_07,train
8150,እንደኔ ሀሳብ ውሳኔውን ዛሬ ጠዋት መላክ ይሻላል።,Suggestion,3,Suggestion_01,train
8151,ተጠንቀቅ፣ ፓኬጁን በሚቀጥለው ወር ካላደረግክ ችግር ይፈጥራል።,Warning,4,Warning_00,train
8152,መረጃው ትክክል ነው።,Assertion,1,Assertion_04,train
8153,ነጋዴው፣ ዛሬ እንዴት ነው?,Phatic,7,Phatic_07,val
8154,አይ፣ ክፍያውን አሁን ማድረግ አልችልም።,Refusal,2,Refusal_07,train
8155,እባክሽ ምግቡን አሁን አዘጋጅልኝ።,Request,0,Request_13,train
8156,ምግቡን በቅርቡ አዘጋጃለሁ።,Promise,8,Promise_08,train
8157,አይ፣ አሁን ሸቀጡ ማድረግ አልችልም።,Refusal,2,Refusal_01,train
8158,ስራው በፍጥነት አልተጠናቀቀም።,Complaint,6,Complaint_12,test
8159,እንደኔ ሀሳብ መጽሐፉን በዚህ ሳምንት ማንበብ ይሻላል።,Suggestion,3,Suggestion_13,train
8160,እባክዎ መጽሐፉን ነገ ጠዋት ይላኩልኝ።,Request,0,Request_14,test
8161,አዎ፣ ስጦታውን ነገ ጠዋት አደረግኩት... ትክክል ነው!,Sarcasm/Irony,5,Sarcasm/Irony_00,test
8162,ስጦታው ገና ወደ ቢሮ በዚህ ወር አልደረሰኝም።,Complaint,6,Complaint_00,train
8163,እንደምን አደርክ?,Phatic,7,Phatic_03,test
8164,መጽሐፉን ነገ አመልሳለሁ።,Promise,8,Promise_09,test
8165,ተጠንቀቅ፣ ለአጋሬ ካልላክ ችግር ይፈጥራል።,Warning,4,Warning_02,train
8166,እርግጥ ነው፣ ሪፖርቱ ዝግጁ ነው... በጣም ፈጣን!,Sarcasm/Irony,5,Sarcasm/Irony_05,train
8167,እባክዎ ክፍያውን ነገ ጠዋት ያረጋግጡልኝ።,Request,0,Request_08,train
8168,ይቅርታ፣ መረጃውን ማጋራት አልችልም።,Refusal,2,Refusal_08,train
8169,የአጋሬ ስራ በሱቅ ጥሩ ነው።,Assertion,1,Assertion_06,train
8170,አልቻልኩም፣ ስጦታውን አሁን ማምጣት አልቻልኩም።,Refusal,2,Refusal_06,val
8171,ይቅርታ፣ ውሳኔውን በፍጥነት ማሳወቅ አልችልም።,Refusal,2,Refusal_14,test
8172,እባክሽ ኮንትራቱን ዛሬ ማታ አምጪልኝ።,Request,0,Request_05,train
8173,ተጠንቀቅ፣ ስራውን በቅርቡ ካላጠናቀቅክ ቅጣት አለ።,Warning,4,Warning_14,test
8174,ሀሳቤ ውሉን በዚህ አመት መፈረም ነው።,Suggestion,3,Suggestion_05,test
8175,ይቅርታ፣ ውሳኔውን ዛሬ ማታ ማሳወቅ አልችልም።,Refusal,2,Refusal_14,val
8176,እባክዎ ስጦታውን በቅርቡ ያድርሱልኝ።,Request,0,Request_06,train
8177,ምናልባት ምግቡን ነገ ጠዋት ማዘጋጀት ይሻላል።,Suggestion,3,Suggestion_12,train
8178,እርግጥ ነው፣ ሪፖርቱ ጥሩ ነው... በጣም ጥሩ!,Sarcasm/Irony,5,Sarcasm/Irony_13,train
8179,እባክሽ ደብዳቤውን በሚቀጥለው ቀን አምጪልኝ።,Request,0,Request_09,val
8180,ትዕዛዙ ነገ አልደረሰኝም።,Complaint,6,Complaint_01,train
8181,ምግቡን ነገ ጠዋት አዘጋጃለሁ።,Promise,8,Promise_08,test
8182,ቦታው ዛሬ አልተያዘም።,Complaint,6,Complaint_07,train
8183,ማስጠንቀቂያ፣ መረጃውን ካላጋራህ ችግር ይፈጥራል።,Warning,4,Warning_07,train
8184,እባክዎ ውሉን ለሰራተኛው ዛሬ ማታ ይላኩልኝ።,Request,0,Request_02,train
8185,አዎ፣ ስጦታው ደርሷል... በጣም ጥሩ!,Sarcasm/Irony,5,Sarcasm/Irony_06,val
8186,ይቅርታ፣ ለእናቴ መጥራት አልችልም።,Refusal,2,Refusal_11,val
8187,ክፍያው ተከፍሏል።,Assertion,1,Assertion_05,test
8188,ምክሬ መረጃውን አሁን ማረጋገጥ ነው።,Suggestion,3,Suggestion_03,val
8189,ነጋዴው፣ ስራ እንዴት እየሄደ ነው?,Phatic,7,Phatic_14,train
8190,ምግቡን አሁን አዘጋጃለሁ።,Promise,8,Promise_08,train
8191,እንደምን አደርክ?,Phatic,7,Phatic_03,val
8192,አዎ፣ ስጦታው ደርሷል... በጣም ጥሩ!,Sarcasm/Irony,5,Sarcasm/Irony_06,train
8193,የትዕዛዙ ችግር ከጠዋቱ ጀምሮ ከአስተዳዳሪው ጋር እፈታለሁ።,Promise,8,Promise_00,train
8194,አይ፣ አሁን ውሉ ማድረግ አልችልም።,Refusal,2,Refusal_01,train
8195,ስራው በዚህ አመት ተጀምሯል።,Assertion,1,Assertion_13,train
8196,ውሉን በዚህ ሳምንት እፈርማለሁ።,Promise,8,Promise_04,val
8197,አይደለም፣ ውሉን በሚቀጥለው ሳምንት ማረጋገጥ አልችልም።,Refusal,2,Refusal_04,val
8198,ተጠንቀቅ፣ ስራውን በሚቀጥለው ሳምንት ካላጠናቀቅክ ቅጣት አለ።,Warning,4,Warning_14,train
8199,እንደሚመስለኝ ትዕዛዙን ዛሬ ጠዋት ማጠናቀቅ ይሻላል።,Suggestion,3,Suggestion_04,train
8200,አይ፣ መጽሐፉን ማበደር አልችልም።,Refusal,2,Refusal_13,train
8201,ትዕዛዙ ነገ ጠዋት ተጠናቀቀ።,Assertion,1,Assertion_02,train
8202,እባክዎ መረጃውን ነገ ይላኩልኝ።,Request,0,Request_07,val
8203,እባክዎ ሰነዱን ለደንበኛው በዚህ ሳምንት ይላኩልኝ።,Request,0,Request_11,val
8204,ይቅርታ፣ ውሳኔውን በዚህ ሳምንት ማሳወቅ አልችልም።,Refusal,2,Refusal_14,test
8205,እባክዎ መረጃውን በቅርቡ ይላኩልኝ።,Request,0,Request_07,train
8206,ስራው በቅርቡ አልተጠናቀቀም።,Complaint,6,Complaint_12,train
8207,ሪፖርቱን በዚህ አመት አረጋግጣለሁ።,Promise,8,Promise_13,train
8208,ክፍያው አሁን አልተከፈለም።,Complaint,6,Complaint_03,train
8209,እባክሽ ምግቡን በዚህ ሳምንት አዘጋጅልኝ።,Request,0,Request_13,train
8210,ይቅርታ፣ ትዕዛዙን በዚህ አመት መላክ አልችልም።,Refusal,2,Refusal_02,train
8211,ስጦታውን በሚቀጥለው ወር አረጋግጣለሁ።,Promise,8,Promise_13,train
8212,አዎ፣ ፓኬጁን ነገ ማታ አደረግኩት... ትክክል ነው!,Sarcasm/Irony,5,Sarcasm/Irony_00,train
8213,ማስጠንቀቂያ፣ ምግቡን በፍጥነት ካላዘጋጀህ ችግር ይፈጥራል።,Warning,4,Warning_09,train
8214,ክፍያውን በሚቀጥለው ወር አደርጋለሁ።,Promise,8,Promise_03,train
8215,ተጠንቀቅ፣ ውሉን በሚቀጥለው ቀን ካልፈረምክ ህጋዊ ችግር ይፈጥራል።,Warning,4,Warning_04,train
8216,እንደኔ ሀሳብ ሪፖርቱን ዛሬ ማቅረብ ይሻላል።,Suggestion,3,Suggestion_07,val
8217,እባክዎ ትዕዛዙን አሁን ይላኩልኝ።,Request,0,Request_04,train
8218,አዎ፣ ውሉ ተፈርሟል... በጣም ቀላል ነበር!,Sarcasm/Irony,5,Sarcasm/Irony_04,val
8219,ሰላም፣ ስራ በጤና ጣቢያ እንዴት ነው?,Phatic,7,Phatic_08,train
8220,መጽሐፉ በዚህ ሳምንት ደረሰ።,Assertion,1,Assertion_11,train
8221,እባክዎ ስጦታውን ነገ ጠዋት ያድርሱልኝ።,Request,0,Request_06,train
8222,አዎ፣ ውሉ ተፈርሟል... በጣም ቀላል ነበር!,Sarcasm/Irony,5,Sarcasm/Irony_04,train
8223,ይቅርታ፣ ውሳኔውን በሚቀጥለው ወር ማሳወቅ አልችልም።,Refusal,2,Refusal_14,test
8224,የቤተሰቤ አገልግሎት መጥፎ ነው።,Complaint,6,Complaint_10,train
8225,አዎ፣ መልእክቱን በዚህ አመት አደረግኩት... ትክክል ነው!,Sarcasm/Irony,5,Sarcasm/Irony_00,train
8226,እባክዎ ሪፖርቱን አሁን ይላኩልኝ።,Request,0,Request_10,train
8227,እባክዎ መረጃውን ነገ ጠዋት ይላኩልኝ።,Request,0,Request_07,train
8228,ይቅርታ፣ ትዕዛዙን ነገ ማታ መላክ አልችልም።,Refusal,2,Refusal_02,train
8229,ጤና ይስጥልኝ፣ ስራ እንዴት ነው?,Phatic,7,Phatic_02,train
8230,ነጋዴው፣ ስራ እንዴት እየሄደ ነው?,Phatic,7,Phatic_14,train
8231,ሀሳቤ መረጃውን ለእህቴ ማጋራት ነው።,Suggestion,3,Suggestion_11,train
8232,ሀሳቤ ውሉን ነገ ጠዋት መፈረም ነው።,Suggestion,3,Suggestion_05,test
8233,ውሳኔውን አሁን አሳውቃለሁ።,Promise,8,Promise_11,val
8234,ይቅርታ፣ ትዕዛዙን በዚህ አመት መላክ አልችልም።,Refusal,2,Refusal_02,train
8235,የመልእክቱ ችግር ከሰኞ ጀምሮ ከቤተሰቤ ጋር እፈታለሁ።,Assertion,1,Assertion_00,train
8236,ስራውን አሁን አጠናቅቃለሁ።,Promise,8,Promise_12,train
8237,የመረጃው ጥራት ዝቅተኛ ነው።,Complaint,6,Complaint_11,val
8238,ይሻላል መረጃውን ለጓደኛችን ማሳወቅ።,Suggestion,3,Suggestion_02,train
8239,አይ፣ አሁን ሪፖርቱ ማድረግ አልችልም።,Refusal,2,Refusal_01,train
8240,እርግጥ ነው፣ ትዕዛዙ ዛሬ ጠዋት ተጠናቀቀ... በጣም ፈጣን!,Sarcasm/Irony,5,Sarcasm/Irony_01,test
8241,እንደምን አደረሽ?,Phatic,7,Phatic_09,train
8242,እርግጥ ነው፣ መረጃው ትክክል ነው... በጣም ግልጽ!,Sarcasm/Irony,5,Sarcasm/Irony_07,train
8243,ይሻላል ክፍያውን ነገ ጠዋት ማድረግ።,Suggestion,3,Suggestion_08,train
8244,አይ፣ ክፍያውን አሁን ማድረግ አልችልም።,Refusal,2,Refusal_07,train
8245,አዎ፣ ለባልደረባዬ ላክኩት... በጣም ጥሩ!,Sarcasm/Irony,5,Sarcasm/Irony_02,train
8246,ማስጠንቀቂያ፣ ክፍያውን በዚህ ወር ካላደረግክ አገልግሎት ይቋረጣል።,Warning,4,Warning_03,train
8247,አይደለም፣ ውሉን በዚህ አመት ማረጋገጥ አልችልም።,Refusal,2,Refusal_04,val
8248,ነጋዴው፣ ዛሬ እንዴት ነው?,Phatic,7,Phatic_07,train
8249,እባክዎ ስጦታውን ነገ ጠዋት ያድርሱልኝ።,Request,0,Request_06,train
8250,ተጠንቀቅ፣ መጽሐፉን ዛሬ ማታ ካላመለስክ ቅጣት አለ።,Warning,4,Warning_10,train
8251,እንዴት ነሽ?,Phatic,7,Phatic_05,train
8252,የትዕዛዙ ችግር ከጠዋቱ ጀምሮ ከቤተሰቤ ጋር እፈታለሁ።,Promise,8,Promise_00,train
8253,አይደለም፣ ሪፖርቱን በዚህ አመት ማጠናቀቅ አልችልም።,Refusal,2,Refusal_10,train
8254,ይቅርታ፣ ለአለቃዬ መላክ አልችልም።,Refusal,2,Refusal_05,val
8255,አዎ፣ ለፖሊሱ ደውያለሁ... በጣም ቀላል!,Sarcasm/Irony,5,Sarcasm/Irony_14,val
8256,እንደምን አደረሽ?,Phatic,7,Phatic_09,test
8257,ተጠንቀቅ፣ መጽሐፉን በሚቀጥለው ወር ካላመለስክ ቅጣት አለ።,Warning,4,Warning_10,train
8258,ለቤተሰቤ በዚህ አመት እደውላለሁ።,Promise,8,Promise_10,test
8259,አይደለም፣ ሪፖርቱን በዚህ ወር ማጠናቀቅ አልችልም።,Refusal,2,Refusal_10,train
8260,የክፍያው ችግርን ነገ ጠዋት እፈታለሁ።,Promise,8,Promise_14,test
8261,ተጠንቀቅ፣ ለእህቴ ካልደወልክ ችግር ይፈጥራል።,Warning,4,Warning_12,train
8262,አልችልም፣ ምግቡን በቅርቡ ማዘጋጀት አልቻልኩም።,Refusal,2,Refusal_12,train
8263,ስራው ነገ ማታ ተጀምሯል።,Assertion,1,Assertion_13,train
8264,ስራውን በዚህ ወር አጠናቅቃለሁ።,Promise,8,Promise_12,train
8265,እርግጥ ነው፣ ምግቡ ዝግጁ ነው... በጣም ጣፋጭ!,Sarcasm/Irony,5,Sarcasm/Irony_09,train
8266,ስጦታው ገና ወደ ጤና ጣቢያ በሚቀጥለው ቀን አልደረሰኝም።,Complaint,6,Complaint_00,train
8267,እባክሽ ደብዳቤውን ዛሬ ማታ አምጪልኝ።,Request,0,Request_09,train
8268,ይቅርታ፣ ለአባቴ መጥራት አልችልም።,Refusal,2,Refusal_11,train
8269,አዎ፣ ስራው ተጠናቀቀ... በጣም ፈጣን!,Sarcasm/Irony,5,Sarcasm/Irony_12,train
8270,ቦታው በሚቀጥለው ሳምንት አልተያዘም።,Complaint,6,Complaint_07,test
8271,ውሳኔው ነገ ማታ አልተሰጠም።,Complaint,6,Complaint_13,test
8272,አዎ፣ ቦታው ነፃ ነው... በጣም ምቹ!,Sarcasm/Irony,5,Sarcasm/Irony_08,train
8273,ማስጠንቀቂያ፣ ክፍያውን በሚቀጥለው ወር ካላደረግክ አገልግሎት ይቋረጣል።,Warning,4,Warning_03,train
8274,መረጃው ነገ አልደረሰኝም።,Complaint,6,Complaint_06,train
8275,አልችልም፣ ምግቡን በዚህ ወር ማዘጋጀት አልቻልኩም።,Refusal,2,Refusal_12,train
8276,ሰላም ነው ወንድሜ?,Phatic,7,Phatic_11,train
8277,ውሳኔው በፍጥነት አልተሰጠም።,Complaint,6,Complaint_13,train
8278,መረጃውን ዛሬ ጠዋት እላካለሁ።,Promise,8,Promise_06,val
8279,እባክሽ ደብዳቤውን ዛሬ አምጪልኝ።,Request,0,Request_09,train
8280,እንደሚመስለኝ ትዕዛዙን በሚቀጥለው ሳምንት ማጠናቀቅ ይሻላል።,Suggestion,3,Suggestion_04,test
8281,አዎ፣ ውሉ ተፈርሟል... በጣም ቀላል ነበር!,Sarcasm/Irony,5,Sarcasm/Irony_04,train
8282,ይሻላል ክፍያውን ዛሬ ማታ ማድረግ።,Suggestion,3,Suggestion_08,train
8283,ሪፖርቱ ነገ ጠዋት አልቀረበም።,Complaint,6,Complaint_05,test
8284,ነጋዴው፣ ዛሬ እንዴት ነው?,Phatic,7,Phatic_07,train
8285,ውሉ ዛሬ አልተፈረመም።,Complaint,6,Complaint_04,train
8286,እባክዎ ስጦታውን በዚህ ወር ያድርሱልኝ።,Request,0,Request_06,val
8287,ተጠንቀቅ፣ ስራውን በዚህ ሳምንት ካላጠናቀቅክ ቅጣት አለ።,Warning,4,Warning_14,test
8288,የፓኬጁ ችግር ከምሽቱ ጀምሮ ከአለቃዬ ጋር እፈታለሁ።,Assertion,1,Assertion_00,train
8289,ተጠንቀቅ፣ ስራውን ነገ ካላጠናቀቅክ ቅጣት አለ።,Warning,4,Warning_14,train
8290,ነጋዴው፣ ዛሬ እንዴት ነው?,Phatic,7,Phatic_07,train
8291,አልችልም፣ ምግቡን በሚቀጥለው ወር ማዘጋጀት አልቻልኩም።,Refusal,2,Refusal_12,train
8292,እንደኔ ሀሳብ ደብዳቤውን ነገ ማታ መላክ ይሻላል።,Suggestion,3,Suggestion_01,val
8293,አልፈልግም፣ ውሉን አልቀበልም።,Refusal,2,Refusal_03,train
8294,ቦታው ነገ ጠዋት አልተያዘም።,Complaint,6,Complaint_07,val
8295,የመረጃው ችግርን በቅርቡ እፈታለሁ።,Promise,8,Promise_14,val
8296,ምግቡ በሚቀጥለው ወር አልደረሰኝም።,Complaint,6,Complaint_08,test
8297,እርግጥ ነው፣ ክፍያው ተከፍሏል... በጣም ቀላል!,Sarcasm/Irony,5,Sarcasm/Irony_03,test
8298,እባክዎ መልእክቱን አሁን ይላኩልኝ።,Request,0,Request_04,train
8299,ትዕዛዙ በፍጥነት አልደረሰኝም።,Complaint,6,Complaint_01,train
8300,የጓደኛዋ አገልግሎት መጥፎ ነው።,Complaint,6,Complaint_10,val
8301,ምናልባት ለቤተሰቤ መደወል ይሻላል።,Suggestion,3,Suggestion_06,train
8302,እባክሽ መልእክቱን በሚቀጥለው ወር አምጪልኝ።,Request,0,Request_01,train
8303,ይቅርታ፣ ውሳኔውን ነገ ማታ ማሳወቅ አልችልም።,Refusal,2,Refusal_14,val
8304,ሪፖርቱ ዝግጁ ነው።,Assertion,1,Assertion_08,train
8305,ተጠንቀቅ፣ ስራውን በዚህ አመት ካላጠናቀቅክ ቅጣት አለ።,Warning,4,Warning_14,train
8306,ምናልባት ምግቡን ዛሬ ጠዋት ማዘጋጀት ይሻላል።,Suggestion,3,Suggestion_12,train
8307,ምናልባት ስጦታውን በሚቀጥለው ወር ማድረግ ይሻላል።,Suggestion,3,Suggestion_00,train
8308,ስጦታው ገና ወደ ገበያ ዛሬ ማታ አልደረሰኝም።,Complaint,6,Complaint_00,train
8309,የመልእክቱ ችግር ከአርብ ጀምሮ ከእህቴ ጋር እፈታለሁ።,Assertion,1,Assertion_00,train
8310,ውሉ በሚቀጥለው ወር ተፈርሟል።,Assertion,1,Assertion_07,train
8311,የጓደኛችን ስራ በቢሮ ጥሩ ነው።,Assertion,1,Assertion_06,train
8312,ውሉ ነገ ማታ አልተፈረመም።,Complaint,6,Complaint_04,train
8313,ማስጠንቀቂያ፣ ደብዳቤውን ነገ ካላረጋገጥክ ችግር ይፈጥራል።,Warning,4,Warning_13,train
8314,ሪፖርቱ ዝግጁ ነው።,Assertion,1,Assertion_08,test
8315,አዎ፣ ለፖሊሱ ላክኩት... በጣም ጥሩ!,Sarcasm/Irony,5,Sarcasm/Irony_02,train
8316,ምናልባት ደብዳቤውን በሚቀጥለው ወር ማድረግ ይሻላል።,Suggestion,3,Suggestion_00,val
8317,ሪፖርቱ ዝግጁ ነው።,Assertion,1,Assertion_08,test
8318,እርግጥ ነው፣ መረጃው ትክክል ነው... በጣም ግልጽ!,Sarcasm/Irony,5,Sarcasm/Irony_07,train
8319,ውሳኔው በዚህ ሳምንት አልተሰጠም።,Complaint,6,Complaint_13,train
8320,ነጋዴው፣ ስራ እንዴት እየሄደ ነው?,Phatic,7,Phatic_14,train
8321,እባክሽ ምግቡን በዚህ ሳምንት አዘጋጅልኝ።,Request,0,Request_13,train
8322,እንደሚመስለኝ ስጦታውን ነገ ጠዋት ማምጣት ይሻላል።,Suggestion,3,Suggestion_10,train
8323,ይሻላል ደብዳቤውን ለእህቴ ማሳወቅ።,Suggestion,3,Suggestion_02,train
8324,መጽሐፉ በፍጥነት ደረሰ።,Assertion,1,Assertion_11,train
8325,የመጽሐፉ ዋጋ ተቀይሯል።,Assertion,1,Assertion_09,train
8326,ስራውን ዛሬ አጠናቅቃለሁ።,Promise,8,Promise_12,train
8327,ሰላም፣ ስራ በትምህርት ቤት እንዴት ነው?,Phatic,7,Phatic_08,test
8328,እንደኔ ሀሳብ መጽሐፉን በዚህ ሳምንት ማንበብ ይሻላል።,Suggestion,3,Suggestion_13,train
8329,መጽሐፉ ነገ ማታ ደረሰ።,Assertion,1,Assertion_11,val
8330,ማስጠንቀቂያ፣ ትዕዛዙን በሚቀጥለው ሳምንት ካላጠናቀቅክ ቅጣት አለ።,Warning,4,Warning_01,train
8331,ውሉን በዚህ ወር እፈርማለሁ።,Promise,8,Promise_04,train
8332,ማስጠንቀቂያ፣ ሪፖርቱን በዚህ ሳምንት ካላቀረብክ ቅጣት አለ።,Warning,4,Warning_05,train
8333,ማስጠንቀቂያ፣ መረጃውን ካላጋራህ ችግር ይፈጥራል።,Warning,4,Warning_07,train
8334,አይ፣ ክፍያውን አሁን ማድረግ አልችልም።,Refusal,2,Refusal_07,val
8335,ማስጠንቀቂያ፣ መረጃውን ካላጋራህ ችግር ይፈጥራል።,Warning,4,Warning_07,train
8336,እባክዎ ክፍያውን ዛሬ ጠዋት ያረጋግጡልኝ።,Request,0,Request_08,train
8337,ቦታውን በቅርቡ አስይዛለሁ።,Promise,8,Promise_07,train
8338,ለአስተዳዳሪው በሚቀጥለው ሳምንት አልደወሉልኝም።,Complaint,6,Complaint_14,train
8339,አይደለም፣ ሪፖርቱን በሚቀጥለው ቀን ማጠናቀቅ አልችልም።,Refusal,2,Refusal_10,train
8340,እባክዎ ሪፖርቱን በቅርቡ ይላኩልኝ።,Request,0,Request_10,test
8341,ምናልባት ለእህቴ መደወል ይሻላል።,Suggestion,3,Suggestion_06,train
8342,ስጦታው በዚህ ወር ደርሷል።,Assertion,1,Assertion_01,val
8343,ውሳኔውን ዛሬ ማታ አሳውቃለሁ።,Promise,8,Promise_11,train
8344,ሀሳቤ ውሉን በቅርቡ መፈረም ነው።,Suggestion,3,Suggestion_05,train
8345,ይቅርታ፣ ውሳኔውን በዚህ አመት ማሳወቅ አልችልም።,Refusal,2,Refusal_14,test
8346,እባክሽ ምግቡን ነገ አዘጋጅልኝ።,Request,0,Request_13,val
8347,እባክሽ ምግቡን በቅርቡ አዘጋጅልኝ።,Request,0,Request_13,train
8348,አልፈልግም፣ ቦታውን ማስያዝ አልችልም።,Refusal,2,Refusal_09,test
8349,አዎ፣ ለአስተዳዳሪው ደውያለሁ... በጣም ቀላል!,Sarcasm/Irony,5,Sarcasm/Irony_14,val
8350,እንደምን አደረሽ?,Phatic,7,Phatic_09,val
8351,አዎ፣ ፓኬጁን በዚህ አመት አደረግኩት... ትክክል ነው!,Sarcasm/Irony,5,Sarcasm/Irony_00,train
8352,ሪፖርቱ ዛሬ ማታ አልቀረበም።,Complaint,6,Complaint_05,test
8353,የመልእክቱ ጥራት ከፍተኛ ነው።,Assertion,1,Assertion_14,train
8354,ክፍያው ተከፍሏል።,Assertion,1,Assertion_05,test
8355,ተጠንቀቅ፣ ስጦታውን በቅርቡ ካላመጣህ ችግር ይፈጥራል።,Warning,4,Warning_06,train
8356,እንደኔ ሀሳብ ሸቀጡን በሚቀጥለው ሳምንት መላክ ይሻላል።,Suggestion,3,Suggestion_01,train
8357,ቦታውን በፍጥነት አስይዛለሁ።,Promise,8,Promise_07,val
8358,መጽሐፉ በሚቀጥለው ወር አልደረሰኝም።,Complaint,6,Complaint_09,train
8359,ስጦታው ነገ ማታ ደርሷል።,Assertion,1,Assertion_01,train
8360,የትዕዛዙ ችግር ከጠዋቱ ጀምሮ ከደንበኛው ጋር እፈታለሁ።,Promise,8,Promise_00,train
8361,የሪፖርቱ ችግር ከረቡዕ ጀምሮ አልተፈታም።,Complaint,6,Complaint_02,val
8362,ሀሳቤ ውሉን ነገ ማታ መፈረም ነው።,Suggestion,3,Suggestion_05,val
8363,እርግጥ ነው፣ ምግቡ ዝግጁ ነው... በጣም ጣፋጭ!,Sarcasm/Irony,5,Sarcasm/Irony_09,train
8364,ስራው በሚቀጥለው ቀን ተጀምሯል።,Assertion,1,Assertion_13,val
8365,እርግጥ ነው፣ ውሳኔው ትክክል ነው... በጣም ጥሩ!,Sarcasm/Irony,5,Sarcasm/Irony_11,train
8366,ይቅርታ፣ መረጃውን ማጋራት አልችልም።,Refusal,2,Refusal_08,train
8367,ማስጠንቀቂያ፣ ውሳኔውን ነገ ጠዋት ካላሳወቅክ ችግር ይፈጥራል።,Warning,4,Warning_11,train
8368,ስጦታው ገና ወደ ቤት በሚቀጥለው ቀን አልደረሰኝም።,Complaint,6,Complaint_00,train
8369,ስጦታው በቅርቡ ደርሷል።,Assertion,1,Assertion_01,train
8370,አልፈልግም፣ ትዕዛዙን አልቀበልም።,Refusal,2,Refusal_03,train
8371,ሪፖርቱን ዛሬ ጠዋት አቀርባለሁ።,Promise,8,Promise_05,val
8372,እርግጥ ነው፣ መረጃው ትክክል ነው... በጣም ግልጽ!,Sarcasm/Irony,5,Sarcasm/Irony_07,train
8373,መጽሐፉን በዚህ ሳምንት አመልሳለሁ።,Promise,8,Promise_09,train
8374,ስራውን በዚህ አመት አጠናቅቃለሁ።,Promise,8,Promise_12,val
8375,ውሉን በዚህ ሳምንት እፈርማለሁ።,Promise,8,Promise_04,train
8376,የደንበኛው ውሳኔ ትክክል ነው።,Assertion,1,Assertion_12,train
8377,ተጠንቀቅ፣ ስጦታውን በሚቀጥለው ሳምንት ካላመጣህ ችግር ይፈጥራል።,Warning,4,Warning_06,test
8378,እርግጥ ነው፣ መረጃው ትክክል ነው... በጣም ግልጽ!,Sarcasm/Irony,5,Sarcasm/Irony_07,train
8379,ሰላም ነው?,Phatic,7,Phatic_04,train
8380,ውሉ በቅርቡ ተፈርሟል።,Assertion,1,Assertion_07,train
8381,የመጽሐፉ ችግር ከባለፈው ሳምንት ጀምሮ አልተፈታም።,Complaint,6,Complaint_02,train
8382,አይ፣ አሁን ውሳኔው ማድረግ አልችልም።,Refusal,2,Refusal_01,val
8383,ማስጠንቀቂያ፣ ሪፖርቱን ነገ ማታ ካላቀረብክ ቅጣት አለ።,Warning,4,Warning_05,train
8384,እባክዎ ትዕዛዙን ለጓደኛችን በፍጥነት ይላኩልኝ።,Request,0,Request_03,train
8385,እባክሽ ደብዳቤውን ነገ አምጪልኝ።,Request,0,Request_09,test
8386,ትዕዛዙ ዛሬ ጠዋት አልደረሰኝም።,Complaint,6,Complaint_01,test
8387,እንደኔ ሀሳብ ሪፖርቱን ነገ ጠዋት ማቅረብ ይሻላል።,Suggestion,3,Suggestion_07,train
8388,ተጠንቀቅ፣ ስራውን ዛሬ ማታ ካላጠናቀቅክ ቅጣት አለ።,Warning,4,Warning_14,val
8389,እንደኔ ሀሳብ ሪፖርቱን ነገ ማቅረብ ይሻላል።,Suggestion,3,Suggestion_07,val
8390,እንደምን አደረሽ?,Phatic,7,Phatic_09,train
8391,ክፍያው በዚህ ሳምንት አልተከፈለም።,Complaint,6,Complaint_03,train
8392,እባክዎ ውሉን ለአስተዳዳሪው በዚህ ሳምንት ይላኩልኝ።,Request,0,Request_02,train
8393,ይቅርታ፣ ለአባቴ መላክ አልችልም።,Refusal,2,Refusal_05,train
8394,ነጋዴው፣ ስራ በጤና ጣቢያ እንዴት ነው?,Phatic,7,Phatic_00,train
8395,የትዕዛዙ ችግር ከረቡዕ ጀምሮ ከባልደረባዬ ጋር እፈታለሁ።,Promise,8,Promise_00,train
8396,እንደኔ ሀሳብ ፋይሉን ነገ ማታ መላክ ይሻላል።,Suggestion,3,Suggestion_01,val
8397,የጓደኛዬ ውሳኔ ትክክል ነው።,Assertion,1,Assertion_12,train
8398,ስጦታው ገና ወደ ባንክ በዚህ ወር አልደረሰኝም።,Complaint,6,Complaint_00,train
8399,እባክሽ ደብዳቤውን በቅርቡ አምጪልኝ።,Request,0,Request_09,train
8400,የውሉ ሁኔታ ጥሩ ነው።,Assertion,1,Assertion_03,val
8401,ጤና ይስጥልኝ፣ ዛሬ እንዴት ነው?,Phatic,7,Phatic_13,val
8402,አዎ፣ ክፍያውን በሚቀጥለው ወር አደረግኩት... ትክክል ነው!,Sarcasm/Irony,5,Sarcasm/Irony_00,train
8403,ጤና ይስጥልኝ፣ ስራ እንዴት ነው?,Phatic,7,Phatic_02,val
8404,አዎ፣ ውሉ ተፈርሟል... በጣም ቀላል ነበር!,Sarcasm/Irony,5,Sarcasm/Irony_04,test
8405,መጽሐፉ በዚህ አመት አልደረሰኝም።,Complaint,6,Complaint_09,train
8406,አልፈልግም፣ ቦታውን ማስያዝ አልችልም።,Refusal,2,Refusal_09,val
8407,የጓደኛችን ውሳኔ ትክክል ነው።,Assertion,1,Assertion_12,test
8408,ይሻላል ትዕዛዙን ለጓደኛዬ ማሳወቅ።,Suggestion,3,Suggestion_02,val
8409,እንደሚመስለኝ ትዕዛዙን ዛሬ ማታ ማጠናቀቅ ይሻላል።,Suggestion,3,Suggestion_04,val
8410,የፓኬጁ ጥራት ከፍተኛ ነው።,Assertion,1,Assertion_14,train
8411,መጽሐፉ በዚህ አመት ደረሰ።,Assertion,1,Assertion_11,train
8412,ይቅርታ፣ ለቤተሰቤ መጥራት አልችልም።,Refusal,2,Refusal_11,train
8413,መረጃው በዚህ ሳምንት አልደረሰኝም።,Complaint,6,Complaint_06,test
8414,እባክሽ ውሉን በዚህ ሳምንት አምጪልኝ።,Request,0,Request_01,val
8415,እባክሽ ምግቡን በቅርቡ አዘጋጅልኝ።,Request,0,Request_13,train
8416,የባልደረባዬ ስራ በቤት ጥሩ ነው።,Assertion,1,Assertion_06,test
8417,ነጋዴው፣ ስራ በዩኒቨርሲቲ እንዴት ነው?,Phatic,7,Phatic_00,train
8418,አይደለም፣ ውሉን በዚህ ወር ማረጋገጥ አልችልም።,Refusal,2,Refusal_04,train
8419,እርግጥ ነው፣ መረጃው ትክክል ነው... በጣም ግልጽ!,Sarcasm/Irony,5,Sarcasm/Irony_07,train
8420,ጤና ይስጥልኝ፣ ፖሊሱ እንዴት ነው?,Phatic,7,Phatic_10,test
8421,ቦታው ዛሬ ማታ አልተያዘም።,Complaint,6,Complaint_07,train
8422,ይቅርታ፣ ትዕዛዙን በሚቀጥለው ሳምንት መላክ አልችልም።,Refusal,2,Refusal_02,train
8423,ለወንድሜ ዛሬ ማታ እደውላለሁ።,Promise,8,Promise_10,test
8424,ምክሬ ቲኬቱን አሁን ማረጋገጥ ነው።,Suggestion,3,Suggestion_03,train
8425,አይ፣ ክፍያውን አሁን ማድረግ አልችልም።,Refusal,2,Refusal_07,train
8426,ሰላም፣ ስራ በሱቅ እንዴት ነው?,Phatic,7,Phatic_08,train
8427,እንደኔ ሀሳብ መረጃውን በዚህ ሳምንት መላክ ይሻላል።,Suggestion,3,Suggestion_01,test
8428,ስራው ዛሬ አልተጠናቀቀም።,Complaint,6,Complaint_12,train
8429,አዎ፣ ለፖሊሱ ላክኩት... በጣም ጥሩ!,Sarcasm/Irony,5,Sarcasm/Irony_02,train
8430,አይ፣ መጽሐፉን ማበደር አልችልም።,Refusal,2,Refusal_13,train
8431,እባክዎ መረጃውን በዚህ ሳምንት ይላኩልኝ።,Request,0,Request_07,train
8432,ሪፖርቱን በዚህ ሳምንት አቀርባለሁ።,Promise,8,Promise_05,test
8433,ምናልባት ምግቡን በፍጥነት ማዘጋጀት ይሻላል።,Suggestion,3,Suggestion_12,val
8434,ማስጠንቀቂያ፣ ውሳኔውን በሚቀጥለው ወር ካላሳወቅክ ችግር ይፈጥራል።,Warning,4,Warning_11,train
8435,አይ፣ አሁን ውሉ ማድረግ አልችልም።,Refusal,2,Refusal_01,train
8436,የኮንትራቱ ጥራት ከፍተኛ ነው።,Assertion,1,Assertion_14,train
8437,እባክዎ ቦታውን ዛሬ ማታ ያስይዙልኝ።,Request,0,Request_12,train
8438,ማስጠንቀቂያ፣ ውሳኔውን ነገ ማታ ካላሳወቅክ ችግር ይፈጥራል።,Warning,4,Warning_11,train
8439,ተጠንቀቅ፣ ስራውን በፍጥነት ካላጠናቀቅክ ቅጣት አለ።,Warning,4,Warning_14,test
8440,እንደምን አደረሽ?,Phatic,7,Phatic_09,train
8441,ትዕዛዙ በዚህ ሳምንት ተጠናቀቀ።,Assertion,1,Assertion_02,train
8442,እባክዎ መረጃውን ነገ ጠዋት ይላኩልኝ።,Request,0,Request_07,train
8443,እባክዎ ስጦታውን ዛሬ ያድርሱልኝ።,Request,0,Request_06,train
8444,ማስጠንቀቂያ፣ መረጃውን ካላጋራህ ችግር ይፈጥራል።,Warning,4,Warning_07,train
8445,ምክሬ ሰነዱን አሁን ማረጋገጥ ነው።,Suggestion,3,Suggestion_03,train
8446,አልፈልግም፣ ደብዳቤውን አልቀበልም።,Refusal,2,Refusal_03,train
8447,እባክዎ ውሉን ለሰራተኛው ዛሬ ጠዋት ይላኩልኝ።,Request,0,Request_02,train
8448,ውሉን በሚቀጥለው ወር እፈርማለሁ።,Promise,8,Promise_04,train
8449,ስራው በዚህ አመት አልተጠናቀቀም።,Complaint,6,Complaint_12,test
8450,እንደኔ ሀሳብ ስራውን አሁን መላክ ይሻላል።,Suggestion,3,Suggestion_01,test
8451,ነጋዴው፣ ስራ በሬስቶራንት እንዴት ነው?,Phatic,7,Phatic_00,train
8452,ማስጠንቀቂያ፣ ምግቡን ነገ ጠዋት ካላዘጋጀህ ችግር ይፈጥራል።,Warning,4,Warning_09,val
8453,ይቅርታ፣ ለሰራተኛው መላክ አልችልም።,Refusal,2,Refusal_05,train
8454,ይቅርታ፣ ለአስተዳዳሪው መላክ አልችልም።,Refusal,2,Refusal_05,train
8455,ይቅርታ፣ ውሳኔውን አሁን ማሳወቅ አልችልም።,Refusal,2,Refusal_14,test
8456,እባክዎ ክፍያውን ለደንበኛው ነገ ይላኩልኝ።,Request,0,Request_11,train
8457,ይሻላል ውሳኔውን አሁን ማሳወቅ።,Suggestion,3,Suggestion_14,val
8458,ነጋዴው፣ ዛሬ እንዴት ነው?,Phatic,7,Phatic_07,test
8459,እባክዎ ክፍያውን በሚቀጥለው ቀን ያረጋግጡልኝ።,Request,0,Request_08,train
8460,ይሻላል ሸቀጡን ለባልደረባዬ ማሳወቅ።,Suggestion,3,Suggestion_02,test
8461,እንደኔ ሀሳብ መጽሐፉን በዚህ አመት ማንበብ ይሻላል።,Suggestion,3,Suggestion_13,train
8462,ተጠንቀቅ፣ መጽሐፉን በሚቀጥለው ሳምንት ካላመለስክ ቅጣት አለ።,Warning,4,Warning_10,train
8463,እባክሽ ምግቡን ነገ ጠዋት አዘጋጅልኝ።,Request,0,Request_13,train
8464,ይቅርታ፣ ለእናቴ መላክ አልችልም።,Refusal,2,Refusal_05,train
8465,አልፈልግም፣ ውሉን አልቀበልም።,Refusal,2,Refusal_03,test
8466,እባክዎ ውሉን ለደንበኛው በዚህ ወር ይላኩልኝ።,Request,0,Request_11,train
8467,አልፈልግም፣ ቦታውን ማስያዝ አልችልም።,Refusal,2,Refusal_09,train
8468,ሪፖርቱ በሚቀጥለው ሳምንት አልቀረበም።,Complaint,6,Complaint_05,train
8469,የስራው ጥራት ዝቅተኛ ነው።,Complaint,6,Complaint_11,train
8470,እባክዎ ሪፖርቱን በሚቀጥለው ሳምንት ይላኩልኝ።,Request,0,Request_10,train
8471,አይደለም፣ ውሉን ነገ ጠዋት ማረጋገጥ አልችልም።,Refusal,2,Refusal_04,val
8472,እባክዎ ሪፖርቱን አሁን ይላኩልኝ።,Request,0,Request_10,train
8473,እንደምን አደረሽ?,Phatic,7,Phatic_09,test
8474,ማስጠንቀቂያ፣ ሸቀጡን በሚቀጥለው ቀን ካላረጋገጥክ ችግር ይፈጥራል።,Warning,4,Warning_13,test
8475,ስራው በሚቀጥለው ወር አልተጠናቀቀም።,Complaint,6,Complaint_12,val
8476,ሰላም ነው?,Phatic,7,Phatic_04,train
8477,እባክዎ መጽሐፉን በሚቀጥለው ወር ይላኩልኝ።,Request,0,Request_00,train
8478,እንደምን አደርክ?,Phatic,7,Phatic_03,train
8479,አዎ፣ ለደንበኛው ደውያለሁ... በጣም ቀላል!,Sarcasm/Irony,5,Sarcasm/Irony_14,train
8480,ስራውን ዛሬ አጠናቅቃለሁ።,Promise,8,Promise_12,train
8481,እባክሽ ደብዳቤውን ነገ ጠዋት አምጪልኝ።,Request,0,Request_09,train
8482,አዎ፣ ስጦታው ደርሷል... በጣም ጥሩ!,Sarcasm/Irony,5,Sarcasm/Irony_06,train
8483,እባክዎ ክፍያውን በሚቀጥለው ሳምንት ያረጋግጡልኝ።,Request,0,Request_08,train
8484,ማስጠንቀቂያ፣ ትዕዛዙን በዚህ አመት ካላጠናቀቅክ ቅጣት አለ።,Warning,4,Warning_01,train
8485,ምክሬ ሪፖርቱን አሁን ማረጋገጥ ነው።,Suggestion,3,Suggestion_03,train
8486,ሰላም፣ እንዴት ነህ?,Phatic,7,Phatic_01,train
8487,ይቅርታ፣ ለእህቴ መላክ አልችልም።,Refusal,2,Refusal_05,val
8488,ማስጠንቀቂያ፣ ውሳኔውን ዛሬ ማታ ካላሳወቅክ ችግር ይፈጥራል።,Warning,4,Warning_11,test
8489,ሀሳቤ መረጃውን ለቤተሰቤ ማጋራት ነው።,Suggestion,3,Suggestion_11,test
8490,እንዴት ነህ ጓደኛ?,Phatic,7,Phatic_12,train
8491,እርግጥ ነው፣ መረጃው ትክክል ነው... በጣም ግልጽ!,Sarcasm/Irony,5,Sarcasm/Irony_07,train
8492,ጤና ይስጥልኝ፣ ቤተሰብ እንዴት ናቸው?,Phatic,7,Phatic_06,train
8493,ተጠንቀቅ፣ መጽሐፉን ዛሬ ካላመለስክ ቅጣት አለ።,Warning,4,Warning_10,test
8494,አዎ፣ ቦታው ነፃ ነው... በጣም ምቹ!,Sarcasm/Irony,5,Sarcasm/Irony_08,train
8495,አዎ፣ ውሉ ተፈርሟል... በጣም ቀላል ነበር!,Sarcasm/Irony,5,Sarcasm/Irony_04,train
8496,መጽሐፉን በሚቀጥለው ሳምንት አመልሳለሁ።,Promise,8,Promise_09,train
8497,አዎ፣ ለወንድሜ ላክኩት... በጣም ጥሩ!,Sarcasm/Irony,5,Sarcasm/Irony_02,train
8498,የሸቀጡ ችግር ከባለፈው ወር ጀምሮ ከቤተሰቤ ጋር እፈታለሁ።,Assertion,1,Assertion_00,val
8499,ነጋዴው፣ ዛሬ እንዴት ነው?,Phatic,7,Phatic_07,val
8500,አዎ፣ ስራው ተጠናቀቀ... በጣም ፈጣን!,Sarcasm/Irony,5,Sarcasm/Irony_12,train
8501,ምናልባት መልእክቱን ነገ ማታ ማድረግ ይሻላል።,Suggestion,3,Suggestion_00,train
8502,የክፍያው ችግርን በሚቀጥለው ቀን እፈታለሁ።,Promise,8,Promise_14,train
8503,ተጠንቀቅ፣ ለአጋሬ ካልላክ ችግር ይፈጥራል።,Warning,4,Warning_02,train
8504,አይደለም፣ ሪፖርቱን በፍጥነት ማጠናቀቅ አልችልም።,Refusal,2,Refusal_10,test
8505,ማስጠንቀቂያ፣ ሪፖርቱን ዛሬ ካላቀረብክ ቅጣት አለ።,Warning,4,Warning_05,train
8506,መጽሐፉ በቅርቡ ደረሰ።,Assertion,1,Assertion_11,train
8507,አልችልም፣ ምግቡን በፍጥነት ማዘጋጀት አልቻልኩም።,Refusal,2,Refusal_12,train
8508,የትዕዛዙ ችግር ከምሽቱ ጀምሮ ከፖሊሱ ጋር እፈታለሁ።,Assertion,1,Assertion_00,train
8509,ውሉ በሚቀጥለው ቀን አልተፈረመም።,Complaint,6,Complaint_04,train
8510,የስጦታው ጥራት ዝቅተኛ ነው።,Complaint,6,Complaint_11,val
8511,ይቅርታ፣ መረጃውን ማጋራት አልችልም።,Refusal,2,Refusal_08,val
8512,እርግጥ ነው፣ ምግቡ ዝግጁ ነው... በጣም ጣፋጭ!,Sarcasm/Irony,5,Sarcasm/Irony_09,train
8513,የፓኬጁ ጥራት ከፍተኛ ነው።,Assertion,1,Assertion_14,val
8514,አልፈልግም፣ ቦታውን ማስያዝ አልችልም።,Refusal,2,Refusal_09,test
8515,ይቅርታ፣ ትዕዛዙን በቅርቡ መላክ አልችልም።,Refusal,2,Refusal_02,train
8516,መጽሐፉ በሚቀጥለው ሳምንት ደረሰ።,Assertion,1,Assertion_11,train
8517,ተጠንቀቅ፣ ክፍያውን ዛሬ ካላደረግክ ችግር ይፈጥራል።,Warning,4,Warning_00,train
8518,ማስጠንቀቂያ፣ ትዕዛዙን ዛሬ ካላጠናቀቅክ ቅጣት አለ።,Warning,4,Warning_01,train
8519,አይደለም፣ ሪፖርቱን በሚቀጥለው ሳምንት ማጠናቀቅ አልችልም።,Refusal,2,Refusal_10,test
8520,እባክዎ መረጃውን በዚህ አመት ይላኩልኝ።,Request,0,Request_07,train
8521,ሰላም ነው?,Phatic,7,Phatic_04,test
8522,ሰላም ነው?,Phatic,7,Phatic_04,train
8523,የመጽሐፉ ችግርን በዚህ ሳምንት እፈታለሁ።,Promise,8,Promise_14,train
8524,እንዴት ነህ ጓደኛ?,Phatic,7,Phatic_12,train
8525,አልችልም፣ ምግቡን ነገ ማዘጋጀት አልቻልኩም።,Refusal,2,Refusal_12,train
8526,እባክዎ ቦታውን በሚቀጥለው ወር ያስይዙልኝ።,Request,0,Request_12,train
8527,ይሻላል ውሳኔውን በሚቀጥለው ወር ማሳወቅ።,Suggestion,3,Suggestion_14,train
8528,እርግጥ ነው፣ ክፍያው ተከፍሏል... በጣም ቀላል!,Sarcasm/Irony,5,Sarcasm/Irony_03,train
8529,እርግጥ ነው፣ መረጃው ትክክል ነው... በጣም ግልጽ!,Sarcasm/Irony,5,Sarcasm/Irony_07,train
8530,ሀሳቤ ውሉን በሚቀጥለው ቀን መፈረም ነው።,Suggestion,3,Suggestion_05,train
8531,ጤና ይስጥልኝ፣ ዛሬ እንዴት ነው?,Phatic,7,Phatic_13,train
8532,እርግጥ ነው፣ ክፍያው ተከፍሏል... በጣም ቀላል!,Sarcasm/Irony,5,Sarcasm/Irony_03,test
8533,ሪፖርቱ ዝግጁ ነው።,Assertion,1,Assertion_08,val
8534,አይ፣ ክፍያውን አሁን ማድረግ አልችልም።,Refusal,2,Refusal_07,train
8535,ማስጠንቀቂያ፣ መረጃውን ካላጋራህ ችግር ይፈጥራል።,Warning,4,Warning_07,train
8536,ምናልባት ለደንበኛው መደወል ይሻላል።,Suggestion,3,Suggestion_06,train
8537,ምክሬ ቲኬቱን አሁን ማረጋገጥ ነው።,Suggestion,3,Suggestion_03,test
8538,ውሳኔውን በቅርቡ አሳውቃለሁ።,Promise,8,Promise_11,train
8539,ጤና ይስጥልኝ፣ ወንድሜ እንዴት ነው?,Phatic,7,Phatic_10,train
8540,ክፍያው በሚቀጥለው ሳምንት አልተከፈለም።,Complaint,6,Complaint_03,test
8541,ይቅርታ፣ ለአጋሬ መጥራት አልችልም።,Refusal,2,Refusal_11,train
8542,አይ፣ መጽሐፉን ማበደር አልችልም።,Refusal,2,Refusal_13,train
8543,ይቅርታ፣ መረጃውን ማጋራት አልችልም።,Refusal,2,Refusal_08,val
8544,እንደኔ ሀሳብ ሪፖርቱን በፍጥነት መላክ ይሻላል።,Suggestion,3,Suggestion_01,val
8545,እባክዎ መጽሐፉን አሁን ይላኩልኝ።,Request,0,Request_14,train
8546,እባክዎ ክፍያውን ለደንበኛው በፍጥነት ይላኩልኝ።,Request,0,Request_11,val
8547,ተጠንቀቅ፣ መልእክቱን በዚህ አመት ካላደረግክ ችግር ይፈጥራል።,Warning,4,Warning_00,val
8548,እባክዎ መጽሐፉን ዛሬ ይላኩልኝ።,Request,0,Request_14,train
8549,እንዴት ነሽ?,Phatic,7,Phatic_05,test
8550,አይ፣ መጽሐፉን ማበደር አልችልም።,Refusal,2,Refusal_13,val
8551,አዎ፣ ለእህቴ ደውያለሁ... በጣም ቀላል!,Sarcasm/Irony,5,Sarcasm/Irony_14,train
8552,የጓደኛዬ ውሳኔ ትክክል ነው።,Assertion,1,Assertion_12,test
8553,ይቅርታ፣ ውሳኔውን በዚህ አመት ማሳወቅ አልችልም።,Refusal,2,Refusal_14,val
8554,እባክሽ መልእክቱን በዚህ ሳምንት አምጪልኝ።,Request,0,Request_01,train
8555,አዎ፣ ስጦታው ደርሷል... በጣም ጥሩ!,Sarcasm/Irony,5,Sarcasm/Irony_06,val
8556,አዎ፣ ለባልደረባዬ ላክኩት... በጣም ጥሩ!,Sarcasm/Irony,5,Sarcasm/Irony_02,train
8557,እንደምን አደረሽ?,Phatic,7,Phatic_09,train
8558,እባክሽ ደብዳቤውን በሚቀጥለው ሳምንት አምጪልኝ።,Request,0,Request_09,test
8559,አዎ፣ ውሉ ተፈርሟል... በጣም ቀላል ነበር!,Sarcasm/Irony,5,Sarcasm/Irony_04,val
8560,እባክዎ ውሉን ለጓደኛዬ በዚህ ሳምንት ይላኩልኝ።,Request,0,Request_02,train
8561,እባክዎ ክፍያውን ነገ ማታ ያረጋግጡልኝ።,Request,0,Request_08,train
8562,የፓኬጁ ችግር ከረቡዕ ጀምሮ አልተፈታም።,Complaint,6,Complaint_02,train
8563,ምናልባት ለፖሊሱ መደወል ይሻላል።,Suggestion,3,Suggestion_06,train
8564,እንዴት ነሽ?,Phatic,7,Phatic_05,val
8565,ይቅርታ፣ ለአጋሬ መላክ አልችልም።,Refusal,2,Refusal_05,train
8566,እንደሚመስለኝ ስጦታውን በዚህ አመት ማምጣት ይሻላል።,Suggestion,3,Suggestion_10,train
8567,ውሉ በቅርቡ ተፈርሟል።,Assertion,1,Assertion_07,test
8568,እባክዎ ውሉን ለአለቃዬ በፍጥነት ይላኩልኝ።,Request,0,Request_02,train
8569,እርግጥ ነው፣ ሪፖርቱ ዝግጁ ነው... በጣም ፈጣን!,Sarcasm/Irony,5,Sarcasm/Irony_05,test
8570,አልችልም፣ ምግቡን ነገ ማዘጋጀት አልቻልኩም።,Refusal,2,Refusal_12,train
8571,እባክዎ ሸቀጡን አሁን ይላኩልኝ።,Request,0,Request_04,train
8572,አልቻልኩም፣ ስጦታውን ዛሬ ጠዋት ማምጣት አልቻልኩም።,Refusal,2,Refusal_06,val
8573,ሰላም ነው ወንድሜ?,Phatic,7,Phatic_11,val
8574,አልቻልኩም፣ ስጦታውን ዛሬ ጠዋት ማምጣት አልቻልኩም።,Refusal,2,Refusal_06,test
8575,እባክዎ ክፍያውን ነገ ጠዋት ያረጋግጡልኝ።,Request,0,Request_08,train
8576,ቦታውን ዛሬ አስይዛለሁ።,Promise,8,Promise_07,train
8577,ስራውን ነገ አጠናቅቃለሁ።,Promise,8,Promise_12,train
8578,እንዴት ነሽ?,Phatic,7,Phatic_05,train
8579,ማስጠንቀቂያ፣ ሪፖርቱን በሚቀጥለው ሳምንት ካላቀረብክ ቅጣት አለ።,Warning,4,Warning_05,train
8580,እባክሽ ምግቡን ዛሬ ማታ አምጪልኝ።,Request,0,Request_05,train
8581,ውሉ በዚህ ወር አልተፈረመም።,Complaint,6,Complaint_04,train
8582,አዎ፣ ስጦታው ደርሷል... በጣም ጥሩ!,Sarcasm/Irony,5,Sarcasm/Irony_06,val
8583,ይሻላል ውሳኔውን በዚህ አመት ማሳወቅ።,Suggestion,3,Suggestion_14,train
8584,ሰላም ነው ወንድሜ?,Phatic,7,Phatic_11,train
8585,ውሉን አሁን እፈርማለሁ።,Promise,8,Promise_04,test
8586,ተጠንቀቅ፣ ውሉን ነገ ካልፈረምክ ህጋዊ ችግር ይፈጥራል።,Warning,4,Warning_04,train
8587,ይቅርታ፣ ትዕዛዙን በዚህ ሳምንት መላክ አልችልም።,Refusal,2,Refusal_02,train
8588,እንደሚመስለኝ ስጦታውን በፍጥነት ማምጣት ይሻላል።,Suggestion,3,Suggestion_10,train
8589,እባክዎ መረጃውን ነገ ጠዋት ይላኩልኝ።,Request,0,Request_07,train
8590,ይቅርታ፣ መረጃውን ማጋራት አልችልም።,Refusal,2,Refusal_08,train
8591,ሰላም ነው?,Phatic,7,Phatic_04,train
8592,የአስተዳዳሪው ስራ በቤት ጥሩ ነው።,Assertion,1,Assertion_06,train
8593,ጤና ይስጥልኝ፣ አስተዳዳሪው እንዴት ነው?,Phatic,7,Phatic_10,train
8594,የደንበኛው ውሳኔ ትክክል ነው።,Assertion,1,Assertion_12,train
8595,እርግጥ ነው፣ ክፍያው ተከፍሏል... በጣም ቀላል!,Sarcasm/Irony,5,Sarcasm/Irony_03,train
8596,ውሉ ነገ አልተፈረመም።,Complaint,6,Complaint_04,train
8597,የትዕዛዙ ችግር ከባለፈው ሳምንት ጀምሮ ከቤተሰቤ ጋር እፈታለሁ።,Promise,8,Promise_00,test
8598,አዎ፣ መጽሐፉ ተመልሷል... በጣም ቀላል!,Sarcasm/Irony,5,Sarcasm/Irony_10,train
8599,እባክሽ ምግቡን በዚህ ሳምንት አዘጋጅልኝ።,Request,0,Request_13,train
8600,የፓኬጁ ሁኔታ ጥሩ ነው።,Assertion,1,Assertion_03,train
8601,የወንድሜ ውሳኔ ትክክል ነው።,Assertion,1,Assertion_12,train
8602,መጽሐፉ በዚህ ሳምንት አልደረሰኝም።,Complaint,6,Complaint_09,val
8603,የደንበኛው ውሳኔ ትክክል ነው።,Assertion,1,Assertion_12,train
8604,አልፈልግም፣ ቦታውን ማስያዝ አልችልም።,Refusal,2,Refusal_09,train
8605,አይደለም፣ ውሉን በሚቀጥለው ቀን ማረጋገጥ አልችልም።,Refusal,2,Refusal_04,test
8606,ውሉን በፍጥነት አረጋግጣለሁ።,Promise,8,Promise_13,train
8607,ጤና ይስጥልኝ፣ ቤተሰብ እንዴት ናቸው?,Phatic,7,Phatic_06,train
8608,ምግቡን በሚቀጥለው ሳምንት አዘጋጃለሁ።,Promise,8,Promise_08,train
8609,አዎ፣ ስጦታው ደርሷል... በጣም ጥሩ!,Sarcasm/Irony,5,Sarcasm/Irony_06,test
8610,የፋይሉ ሁኔታ ጥሩ ነው።,Assertion,1,Assertion_03,test
8611,አዎ፣ ቦታው ነፃ ነው... በጣም ምቹ!,Sarcasm/Irony,5,Sarcasm/Irony_08,train
8612,አልቻልኩም፣ ስጦታውን በዚህ አመት ማምጣት አልቻልኩም።,Refusal,2,Refusal_06,train
8613,ስራው ነገ አልተጠናቀቀም።,Complaint,6,Complaint_12,train
8614,ጤና ይስጥልኝ፣ ዛሬ እንዴት ነው?,Phatic,7,Phatic_13,val
8615,መጽሐፉ በሚቀጥለው ሳምንት ደረሰ።,Assertion,1,Assertion_11,train
8616,ውሳኔውን በሚቀጥለው ሳምንት አሳውቃለሁ።,Promise,8,Promise_11,val
8617,እንደኔ ሀሳብ ሪፖርቱን አሁን ማቅረብ ይሻላል።,Suggestion,3,Suggestion_07,train
8618,እባክዎ ውሉን ለጓደኛዋ በዚህ አመት ይላኩልኝ።,Request,0,Request_02,test
8619,እባክሽ ሰነዱን በሚቀጥለው ወር አምጪልኝ።,Request,0,Request_01,train
8620,አዎ፣ ቦታው ነፃ ነው... በጣም ምቹ!,Sarcasm/Irony,5,Sarcasm/Irony_08,train
8621,አልቻልኩም፣ ስጦታውን በሚቀጥለው ወር ማምጣት አልቻልኩም።,Refusal,2,Refusal_06,train
8622,ይሻላል ሸቀጡን ለጓደኛዬ ማሳወቅ።,Suggestion,3,Suggestion_02,train
8623,ተጠንቀቅ፣ ኮንትራቱን ዛሬ ጠዋት ካላደረግክ ችግር ይፈጥራል።,Warning,4,Warning_00,train
8624,ተጠንቀቅ፣ ውሉን በዚህ ሳምንት ካልፈረምክ ህጋዊ ችግር ይፈጥራል።,Warning,4,Warning_04,val
8625,ውሳኔው በዚህ ወር አልተሰጠም።,Complaint,6,Complaint_13,val
8626,እርግጥ ነው፣ ትዕዛዙ ነገ ተጠናቀቀ... በጣም ፈጣን!,Sarcasm/Irony,5,Sarcasm/Irony_01,train
8627,የስጦታው ችግርን ነገ ጠዋት እፈታለሁ።,Promise,8,Promise_14,train
8628,ሪፖርቱ ነገ ጠዋት አልቀረበም።,Complaint,6,Complaint_05,val
8629,እባክሽ ደብዳቤውን በሚቀጥለው ቀን አምጪልኝ።,Request,0,Request_01,train
8630,እንዴት ነህ ጓደኛ?,Phatic,7,Phatic_12,val
8631,አዎ፣ ስጦታው ደርሷል... በጣም ጥሩ!,Sarcasm/Irony,5,Sarcasm/Irony_06,train
8632,ማስጠንቀቂያ፣ ሪፖርቱን ነገ ጠዋት ካላቀረብክ ቅጣት አለ።,Warning,4,Warning_05,train
8633,ይቅርታ፣ መረጃውን ማጋራት አልችልም።,Refusal,2,Refusal_08,train
8634,ተጠንቀቅ፣ ውሉን በቅርቡ ካልፈረምክ ህጋዊ ችግር ይፈጥራል።,Warning,4,Warning_04,train
8635,እባክሽ ደብዳቤውን ነገ ጠዋት አምጪልኝ።,Request,0,Request_09,train
8636,መልእክቱን በሚቀጥለው ቀን አረጋግጣለሁ።,Promise,8,Promise_13,train
8637,ጤና ይስጥልኝ፣ ቤተሰብ እንዴት ናቸው?,Phatic,7,Phatic_06,test
8638,አዎ፣ ስራው ተጠናቀቀ... በጣም ፈጣን!,Sarcasm/Irony,5,Sarcasm/Irony_12,val
8639,ሰላም፣ እንዴት ነህ?,Phatic,7,Phatic_01,train
8640,ሪፖርቱ ዝግጁ ነው።,Assertion,1,Assertion_08,val
8641,አዎ፣ መጽሐፉ ተመልሷል... በጣም ቀላል!,Sarcasm/Irony,5,Sarcasm/Irony_10,val
8642,አይ፣ ክፍያውን አሁን ማድረግ አልችልም።,Refusal,2,Refusal_07,train
8643,ስጦታው ገና ወደ ትምህርት ቤት ነገ ማታ አልደረሰኝም።,Complaint,6,Complaint_00,train
8644,ሪፖርቱን በቅርቡ አቀርባለሁ።,Promise,8,Promise_05,train
8645,ክፍያው ነገ ማታ አልተከፈለም።,Complaint,6,Complaint_03,train
8646,እባክዎ ቦታውን ለደንበኛው በቅርቡ ይላኩልኝ።,Request,0,Request_11,train
8647,ተጠንቀቅ፣ ለአለቃዬ ካልደወልክ ችግር ይፈጥራል።,Warning,4,Warning_12,train
8648,እባክዎ ክፍያውን ዛሬ ጠዋት ያረጋግጡልኝ።,Request,0,Request_08,val
8649,እንደሚመስለኝ ስጦታውን በፍጥነት ማምጣት ይሻላል።,Suggestion,3,Suggestion_10,val
8650,ነጋዴው፣ ስራ በቢሮ እንዴት ነው?,Phatic,7,Phatic_00,train
8651,መረጃውን በሚቀጥለው ወር እላካለሁ።,Promise,8,Promise_06,val
8652,ማስጠንቀቂያ፣ መረጃውን ካላጋራህ ችግር ይፈጥራል።,Warning,4,Warning_07,train
8653,እባክዎ ቦታውን በሚቀጥለው ቀን ያስይዙልኝ።,Request,0,Request_12,test
8654,አልፈልግም፣ ቦታውን ማስያዝ አልችልም።,Refusal,2,Refusal_09,test
8655,እንደሚመስለኝ ትዕዛዙን በፍጥነት ማጠናቀቅ ይሻላል።,Suggestion,3,Suggestion_04,train
8656,ክፍያውን በሚቀጥለው ሳምንት አደርጋለሁ።,Promise,8,Promise_03,train
8657,ጤና ይስጥልኝ፣ ደንበኛው እንዴት ነው?,Phatic,7,Phatic_10,train
8658,የአለቃዬ አገልግሎት መጥፎ ነው።,Complaint,6,Complaint_10,test
8659,ሰላም፣ ስራ በገበያ እንዴት ነው?,Phatic,7,Phatic_08,train
8660,እባክዎ መጽሐፉን ነገ ይላኩልኝ።,Request,0,Request_14,train
8661,አዎ፣ ለአስተዳዳሪው ደውያለሁ... በጣም ቀላል!,Sarcasm/Irony,5,Sarcasm/Irony_14,train
8662,መጽሐፉን ዛሬ አመልሳለሁ።,Promise,8,Promise_09,train
8663,ነጋዴው፣ ስራ በዩኒቨርሲቲ እንዴት ነው?,Phatic,7,Phatic_00,test
8664,መረጃው ዛሬ ማታ አልደረሰኝም።,Complaint,6,Complaint_06,train
8665,አዎ፣ ደብዳቤውን ዛሬ አደረግኩት... ትክክል ነው!,Sarcasm/Irony,5,Sarcasm/Irony_00,train
8666,ይቅርታ፣ ውሳኔውን በዚህ ወር ማሳወቅ አልችልም።,Refusal,2,Refusal_14,val
8667,የቦታው ጥራት ከፍተኛ ነው።,Assertion,1,Assertion_14,train
8668,ቦታው በሚቀጥለው ወር አልተያዘም።,Complaint,6,Complaint_07,train
8669,ሪፖርቱን ዛሬ ጠዋት አቀርባለሁ።,Promise,8,Promise_05,train
8670,እርግጥ ነው፣ ትዕዛዙ ዛሬ ማታ ተጠናቀቀ... በጣም ፈጣን!,Sarcasm/Irony,5,Sarcasm/Irony_01,train
8671,የፋይሉ ጥራት ዝቅተኛ ነው።,Complaint,6,Complaint_11,train
8672,የውሳኔው ችግርን አሁን እፈታለሁ።,Promise,8,Promise_14,train
8673,እንደምን አደርክ?,Phatic,7,Phatic_03,train
8674,ማስጠንቀቂያ፣ መረጃውን ካላጋራህ ችግር ይፈጥራል።,Warning,4,Warning_07,test
8675,ይቅርታ፣ መረጃውን ማጋራት አልችልም።,Refusal,2,Refusal_08,val
8676,እባክዎ ቦታውን በፍጥነት ያስይዙልኝ።,Request,0,Request_12,train
8677,ሪፖርቱ ነገ ማታ አልቀረበም።,Complaint,6,Complaint_05,train
8678,ስጦታው ነገ ማታ ደርሷል።,Assertion,1,Assertion_01,test
8679,ይቅርታ፣ ውሳኔውን በዚህ ሳምንት ማሳወቅ አልችልም።,Refusal,2,Refusal_14,train
8680,ተጠንቀቅ፣ ምግቡን ዛሬ ጠዋት ካላደረግክ ችግር ይፈጥራል።,Warning,4,Warning_00,train
8681,አዎ፣ ስጦታው ደርሷል... በጣም ጥሩ!,Sarcasm/Irony,5,Sarcasm/Irony_06,train
8682,እባክዎ ትዕዛዙን ለጓደኛችን በዚህ ወር ይላኩልኝ።,Request,0,Request_03,test
8683,የቦታው ዋጋ ተቀይሯል።,Assertion,1,Assertion_09,val
8684,ምናልባት ምግቡን በዚህ አመት ማዘጋጀት ይሻላል።,Suggestion,3,Suggestion_12,train
8685,አዎ፣ ለፖሊሱ ላክኩት... በጣም ጥሩ!,Sarcasm/Irony,5,Sarcasm/Irony_02,train
8686,አዎ፣ ስጦታውን አሁን አደረግኩት... ትክክል ነው!,Sarcasm/Irony,5,Sarcasm/Irony_00,val
8687,እርግጥ ነው፣ ትዕዛዙ ነገ ጠዋት ተጠናቀቀ... በጣም ፈጣን!,Sarcasm/Irony,5,Sarcasm/Irony_01,train
8688,የትዕዛዙ ችግር ከትናንት ጀምሮ ከእህቴ ጋር እፈታለሁ።,Promise,8,Promise_00,train
8689,ሰላም ነው ወንድሜ?,Phatic,7,Phatic_11,train
8690,ስራው ነገ ማታ አልተጠናቀቀም።,Complaint,6,Complaint_12,train
8691,ሰላም፣ እንዴት ነህ?,Phatic,7,Phatic_01,train
8692,የስራው ችግርን ዛሬ እፈታለሁ።,Promise,8,Promise_14,train
8693,ስጦታው ነገ ጠዋት ደርሷል።,Assertion,1,Assertion_01,train
8694,አዎ፣ ለጓደኛዋ ደውያለሁ... በጣም ቀላል!,Sarcasm/Irony,5,Sarcasm/Irony_14,train
8695,ስራው በፍጥነት አልተጠናቀቀም።,Complaint,6,Complaint_12,test
8696,አዎ፣ ስራው ተጠናቀቀ... በጣም ፈጣን!,Sarcasm/Irony,5,Sarcasm/Irony_12,test
8697,ምግቡ ዛሬ አልደረሰኝም።,Complaint,6,Complaint_08,train
8698,ተጠንቀቅ፣ ስራውን በዚህ አመት ካላጠናቀቅክ ቅጣት አለ።,Warning,4,Warning_14,train
8699,አይደለም፣ ሪፖርቱን በሚቀጥለው ወር ማጠናቀቅ አልችልም።,Refusal,2,Refusal_10,train
8700,ቦታውን በቅርቡ አስይዛለሁ።,Promise,8,Promise_07,train
8701,እባክዎ ስጦታውን በቅርቡ ያድርሱልኝ።,Request,0,Request_06,train
8702,ሪፖርቱ ዛሬ አልቀረበም።,Complaint,6,Complaint_05,train
8703,ሰላም፣ እንዴት ነህ?,Phatic,7,Phatic_01,val
8704,እርግጥ ነው፣ ሪፖርቱ ዝግጁ ነው... በጣም ፈጣን!,Sarcasm/Irony,5,Sarcasm/Irony_05,train
8705,ማስጠንቀቂያ፣ ክፍያውን በፍጥነት ካላደረግክ አገልግሎት ይቋረጣል።,Warning,4,Warning_03,train
8706,የፖሊሱ አገልግሎት መጥፎ ነው።,Complaint,6,Complaint_10,train
8707,ይሻላል ክፍያውን ነገ ማድረግ።,Suggestion,3,Suggestion_08,test
8708,እባክሽ ደብዳቤውን ነገ አምጪልኝ።,Request,0,Request_09,train
8709,ምናልባት ምግቡን በዚህ ሳምንት ማዘጋጀት ይሻላል።,Suggestion,3,Suggestion_12,train
8710,እርግጥ ነው፣ ትዕዛዙ ዛሬ ማታ ተጠናቀቀ... በጣም ፈጣን!,Sarcasm/Irony,5,Sarcasm/Irony_01,train
8711,አልችልም፣ ምግቡን በዚህ አመት ማዘጋጀት አልቻልኩም።,Refusal,2,Refusal_12,val
8712,እባክዎ ስጦታውን ዛሬ ያድርሱልኝ።,Request,0,Request_06,test
8713,ለሰራተኛው በሚቀጥለው ሳምንት አልደወሉልኝም።,Complaint,6,Complaint_14,train
8714,አይደለም፣ ውሉን ዛሬ ጠዋት ማረጋገጥ አልችልም።,Refusal,2,Refusal_04,train
8715,ምክሬ ፋይሉን አሁን ማረጋገጥ ነው።,Suggestion,3,Suggestion_03,train
8716,ማስጠንቀቂያ፣ ሪፖርቱን በዚህ ወር ካላቀረብክ ቅጣት አለ።,Warning,4,Warning_05,train
8717,ምግቡ በዚህ አመት አልደረሰኝም።,Complaint,6,Complaint_08,train
8718,ቦታው ነፃ ነው።,Assertion,1,Assertion_10,val
8719,አይ፣ ክፍያውን አሁን ማድረግ አልችልም።,Refusal,2,Refusal_07,train
8720,ውሉን አሁን እፈርማለሁ።,Promise,8,Promise_04,train
8721,ምግቡ ነገ አልደረሰኝም።,Complaint,6,Complaint_08,test
8722,ሰላም፣ እንዴት ነህ?,Phatic,7,Phatic_01,train
8723,መጽሐፉ ነገ ጠዋት አልደረሰኝም።,Complaint,6,Complaint_09,test
8724,ስጦታው ገና ወደ ቤተ መንግስት በሚቀጥለው ሳምንት አልደረሰኝም።,Complaint,6,Complaint_00,train
8725,እንደኔ ሀሳብ መጽሐፉን አሁን ማንበብ ይሻላል።,Suggestion,3,Suggestion_13,train
8726,ተጠንቀቅ፣ መጽሐፉን በሚቀጥለው ቀን ካላመለስክ ቅጣት አለ።,Warning,4,Warning_10,val
8727,ተጠንቀቅ፣ ሸቀጡን ዛሬ ካላደረግክ ችግር ይፈጥራል።,Warning,4,Warning_00,val
8728,የአባቴ ውሳኔ ትክክል ነው።,Assertion,1,Assertion_12,train
8729,እርግጥ ነው፣ ምግቡ ዝግጁ ነው... በጣም ጣፋጭ!,Sarcasm/Irony,5,Sarcasm/Irony_09,test
8730,የመልእክቱ ችግር ከማክሰኞ ጀምሮ አልተፈታም።,Complaint,6,Complaint_02,test
8731,እባክዎ ክፍያውን ለደንበኛው በዚህ አመት ይላኩልኝ።,Request,0,Request_11,train
8732,ይቅርታ፣ ለቤተሰቤ መላክ አልችልም።,Refusal,2,Refusal_05,train
8733,ትዕዛዙን ነገ አጠናቅቃለሁ።,Promise,8,Promise_02,val
8734,እባክዎ ቦታውን ነገ ጠዋት ያስይዙልኝ።,Request,0,Request_12,test
8735,ትዕዛዙ በቅርቡ ተጠናቀቀ።,Assertion,1,Assertion_02,train
8736,አዎ፣ ውሉ ተፈርሟል... በጣም ቀላል ነበር!,Sarcasm/Irony,5,Sarcasm/Irony_04,train
8737,እባክሽ ደብዳቤውን ነገ ጠዋት አምጪልኝ።,Request,0,Request_09,train
8738,ክፍያውን አሁን አደርጋለሁ።,Promise,8,Promise_03,test
8739,እንደምን አደርክ?,Phatic,7,Phatic_03,val
8740,ክፍያው ተከፍሏል።,Assertion,1,Assertion_05,train
8741,የሪፖርቱ ጥራት ዝቅተኛ ነው።,Complaint,6,Complaint_11,train
8742,ስጦታውን ነገ ማታ አደርሳለሁ።,Promise,8,Promise_01,train
8743,አዎ፣ ስራው ተጠናቀቀ... በጣም ፈጣን!,Sarcasm/Irony,5,Sarcasm/Irony_12,test
8744,ምናልባት ስራውን በፍጥነት ማድረግ ይሻላል።,Suggestion,3,Suggestion_00,test
8745,ማስጠንቀቂያ፣ ሰነዱን አሁን ካላረጋገጥክ ችግር ይፈጥራል።,Warning,4,Warning_13,train
8746,ሪፖርቱን ዛሬ ማታ አቀርባለሁ።,Promise,8,Promise_05,train
8747,ለአስተዳዳሪው ዛሬ ጠዋት እደውላለሁ።,Promise,8,Promise_10,test
8748,ለአባቴ አሁን እደውላለሁ።,Promise,8,Promise_10,val
8749,ቦታው ነፃ ነው።,Assertion,1,Assertion_10,train
8750,እባክሽ ደብዳቤውን ዛሬ ጠዋት አምጪልኝ።,Request,0,Request_09,train
8751,ተጠንቀቅ፣ መጽሐፉን ዛሬ ጠዋት ካላመለስክ ቅጣት አለ።,Warning,4,Warning_10,train
8752,አልችልም፣ ፋይሉን ነገ ማታ ማድረስ አልቻልኩም።,Refusal,2,Refusal_00,test
8753,አልፈልግም፣ ቦታውን ማስያዝ አልችልም።,Refusal,2,Refusal_09,train
8754,እርግጥ ነው፣ መረጃው ትክክል ነው... በጣም ግልጽ!,Sarcasm/Irony,5,Sarcasm/Irony_07,train
8755,እባክዎ ቦታውን ዛሬ ማታ ያስይዙልኝ።,Request,0,Request_12,val
8756,ማስጠንቀቂያ፣ ትዕዛዙን በዚህ አመት ካላጠናቀቅክ ቅጣት አለ።,Warning,4,Warning_01,val
8757,የመረጃው ችግር ከትናንት ጀምሮ ከወንድሜ ጋር እፈታለሁ።,Assertion,1,Assertion_00,val
8758,ይሻላል ክፍያውን በዚህ ወር ማድረግ።,Suggestion,3,Suggestion_08,train
8759,ተጠንቀቅ፣ መጽሐፉን ዛሬ ማታ ካላመለስክ ቅጣት አለ።,Warning,4,Warning_10,train
8760,ተጠንቀቅ፣ ለቤተሰቤ ካልደወልክ ችግር ይፈጥራል።,Warning,4,Warning_12,val
8761,መረጃው አሁን አልደረሰኝም።,Complaint,6,Complaint_06,train
8762,መረጃው ዛሬ ማታ አልደረሰኝም።,Complaint,6,Complaint_06,test
8763,እንዴት ነህ ጓደኛ?,Phatic,7,Phatic_12,train
8764,ሪፖርቱን በዚህ አመት አቀርባለሁ።,Promise,8,Promise_05,train
8765,ምናልባት ምግቡን ነገ ማዘጋጀት ይሻላል።,Suggestion,3,Suggestion_12,train
8766,ጤና ይስጥልኝ፣ ቤተሰብ እንዴት ናቸው?,Phatic,7,Phatic_06,test
8767,ሪፖርቱ ዝግጁ ነው።,Assertion,1,Assertion_08,train
8768,ማስጠንቀቂያ፣ ሪፖርቱን በቅርቡ ካላረጋገጥክ ችግር ይፈጥራል።,Warning,4,Warning_13,train
8769,የፓኬጁ ችግር ከሰኞ ጀምሮ አልተፈታም።,Complaint,6,Complaint_02,val
8770,ጤና ይስጥልኝ፣ ስራ እንዴት ነው?,Phatic,7,Phatic_02,train
8771,እባክዎ ስጦታውን ነገ ጠዋት ያድርሱልኝ።,Request,0,Request_06,val
8772,የፖሊሱ ስራ በገበያ ጥሩ ነው።,Assertion,1,Assertion_06,train
8773,ነጋዴው፣ ስራ እንዴት እየሄደ ነው?,Phatic,7,Phatic_14,train
8774,ተጠንቀቅ፣ ቦታውን ነገ ጠዋት ካላስያዝክ ይያዛል።,Warning,4,Warning_08,train
8775,ተጠንቀቅ፣ ስራውን ነገ ካላደረግክ ችግር ይፈጥራል።,Warning,4,Warning_00,train
8776,ይሻላል ክፍያውን በፍጥነት ማድረግ።,Suggestion,3,Suggestion_08,train
8777,ስጦታው ገና ወደ ቤት በዚህ ሳምንት አልደረሰኝም።,Complaint,6,Complaint_00,test
8778,ተጠንቀቅ፣ ቦታውን ነገ ካላስያዝክ ይያዛል።,Warning,4,Warning_08,test
8779,ሪፖርቱ ዝግጁ ነው።,Assertion,1,Assertion_08,train
8780,እርግጥ ነው፣ ምግቡ ዝግጁ ነው... በጣም ጣፋጭ!,Sarcasm/Irony,5,Sarcasm/Irony_09,val
8781,ክፍያው በዚህ ወር አልተከፈለም።,Complaint,6,Complaint_03,test
8782,መረጃውን ዛሬ ጠዋት እላካለሁ።,Promise,8,Promise_06,train
8783,የአስተዳዳሪው ውሳኔ ትክክል ነው።,Assertion,1,Assertion_12,train
8784,የአስተዳዳሪው አገልግሎት መጥፎ ነው።,Complaint,6,Complaint_10,test
8785,አዎ፣ ስጦታው ደርሷል... በጣም ጥሩ!,Sarcasm/Irony,5,Sarcasm/Irony_06,train
8786,የባልደረባዬ አገልግሎት መጥፎ ነው።,Complaint,6,Complaint_10,train
8787,ምክሬ ቦታውን አሁን ማስያዝ ነው።,Suggestion,3,Suggestion_09,val
8788,የጓደኛዋ ስራ በዩኒቨርሲቲ ጥሩ ነው።,Assertion,1,Assertion_06,train
8789,እባክሽ ደብዳቤውን ነገ ጠዋት አምጪልኝ።,Request,0,Request_09,train
8790,ማስጠንቀቂያ፣ መረጃውን በዚህ ሳምንት ካላረጋገጥክ ችግር ይፈጥራል።,Warning,4,Warning_13,test
8791,እባክዎ ስጦታውን በዚህ አመት ያድርሱልኝ።,Request,0,Request_06,train
8792,ስጦታው በሚቀጥለው ወር ደርሷል።,Assertion,1,Assertion_01,train
8793,ስጦታው ዛሬ ማታ ደርሷል።,Assertion,1,Assertion_01,val
8794,ምናልባት ለፖሊሱ መደወል ይሻላል።,Suggestion,3,Suggestion_06,train
8795,ይቅርታ፣ ትዕዛዙን በፍጥነት መላክ አልችልም።,Refusal,2,Refusal_02,val
8796,ተጠንቀቅ፣ ስጦታውን ነገ ማታ ካላመጣህ ችግር ይፈጥራል።,Warning,4,Warning_06,val
8797,አልቻልኩም፣ ስጦታውን በዚህ ሳምንት ማምጣት አልቻልኩም።,Refusal,2,Refusal_06,train
8798,እንደሚመስለኝ ስጦታውን በዚህ ወር ማምጣት ይሻላል።,Suggestion,3,Suggestion_10,train
8799,አዎ፣ ቦታው ነፃ ነው... በጣም ምቹ!,Sarcasm/Irony,5,Sarcasm/Irony_08,train
8800,ምክሬ ቦታውን አሁን ማስያዝ ነው።,Suggestion,3,Suggestion_09,train
8801,ተጠንቀቅ፣ ስራውን በቅርቡ ካላጠናቀቅክ ቅጣት አለ።,Warning,4,Warning_14,train
8802,ማስጠንቀቂያ፣ ሪፖርቱን ነገ ማታ ካላቀረብክ ቅጣት አለ።,Warning,4,Warning_05,train
8803,የሸቀጡ ችግርን ነገ ጠዋት እፈታለሁ።,Promise,8,Promise_14,train
8804,ተጠንቀቅ፣ ለጓደኛችን ካልደወልክ ችግር ይፈጥራል።,Warning,4,Warning_12,val
8805,እባክዎ ቦታውን በቅርቡ ያስይዙልኝ።,Request,0,Request_12,train
8806,ተጠንቀቅ፣ ውሉን አሁን ካልፈረምክ ህጋዊ ችግር ይፈጥራል።,Warning,4,Warning_04,train
8807,የትዕዛዙ ሁኔታ ጥሩ ነው።,Assertion,1,Assertion_03,val
8808,የስራው ጥራት ከፍተኛ ነው።,Assertion,1,Assertion_14,train
8809,እባክዎ ውሉን ለእህቴ በፍጥነት ይላኩልኝ።,Request,0,Request_02,train
8810,አይደለም፣ ሪፖርቱን በዚህ አመት ማጠናቀቅ አልችልም።,Refusal,2,Refusal_10,train
8811,ተጠንቀቅ፣ ቦታውን ዛሬ ካላስያዝክ ይያዛል።,Warning,4,Warning_08,val
8812,እባክሽ ምግቡን በዚህ ሳምንት አዘጋጅልኝ።,Request,0,Request_13,train
8813,እባክዎ መረጃውን በዚህ ወር ይላኩልኝ።,Request,0,Request_07,train
8814,አዎ፣ ውሉ ተፈርሟል... በጣም ቀላል ነበር!,Sarcasm/Irony,5,Sarcasm/Irony_04,train
8815,የኮንትራቱ ችግር ከሰኞ ጀምሮ ከቤተሰቤ ጋር እፈታለሁ።,Assertion,1,Assertion_00,train
8816,ምክሬ ፋይሉን አሁን ማረጋገጥ ነው።,Suggestion,3,Suggestion_03,val
8817,እባክዎ ውሉን ለጓደኛዬ በዚህ አመት ይላኩልኝ።,Request,0,Request_02,train
8818,እባክዎ ደብዳቤውን ለደንበኛው በሚቀጥለው ቀን ይላኩልኝ።,Request,0,Request_11,val
8819,አይደለም፣ ሪፖርቱን ዛሬ ማታ ማጠናቀቅ አልችልም።,Refusal,2,Refusal_10,train
8820,ጤና ይስጥልኝ፣ ስራ እንዴት ነው?,Phatic,7,Phatic_02,val
8821,ስራው በሚቀጥለው ወር አልተጠናቀቀም።,Complaint,6,Complaint_12,train
8822,ምናልባት ምግቡን በዚህ ወር ማዘጋጀት ይሻላል።,Suggestion,3,Suggestion_12,train
8823,ሪፖርቱን በዚህ አመት አቀርባለሁ።,Promise,8,Promise_05,train
8824,ስራውን ዛሬ ማታ አጠናቅቃለሁ።,Promise,8,Promise_12,test
8825,አልፈልግም፣ ቦታውን ማስያዝ አልችልም።,Refusal,2,Refusal_09,train
8826,ስራው በሚቀጥለው ቀን አልተጠናቀቀም።,Complaint,6,Complaint_12,train
8827,ትዕዛዙን በዚህ ወር አጠናቅቃለሁ።,Promise,8,Promise_02,train
8828,አልቻልኩም፣ ስጦታውን ነገ ማታ ማምጣት አልቻልኩም።,Refusal,2,Refusal_06,train
8829,እንደኔ ሀሳብ ፓኬጁን ነገ ማታ መላክ ይሻላል።,Suggestion,3,Suggestion_01,train
8830,ይቅርታ፣ ውሳኔውን ዛሬ ማታ ማሳወቅ አልችልም።,Refusal,2,Refusal_14,train
8831,ሰላም ነው?,Phatic,7,Phatic_04,train
8832,የሰነዱ ችግርን በቅርቡ እፈታለሁ።,Promise,8,Promise_14,test
8833,ስጦታውን ዛሬ አደርሳለሁ።,Promise,8,Promise_01,train
8834,ተጠንቀቅ፣ ቦታውን ነገ ጠዋት ካላስያዝክ ይያዛል።,Warning,4,Warning_08,train
8835,አልችልም፣ ምግቡን በፍጥነት ማዘጋጀት አልቻልኩም።,Refusal,2,Refusal_12,train
8836,አልፈልግም፣ ቦታውን ማስያዝ አልችልም።,Refusal,2,Refusal_09,train
8837,እንዴት ነህ ጓደኛ?,Phatic,7,Phatic_12,test
8838,መጽሐፉ በዚህ ሳምንት አልደረሰኝም።,Complaint,6,Complaint_09,train
8839,እባክዎ ቦታውን በሚቀጥለው ቀን ያስይዙልኝ።,Request,0,Request_12,test
8840,እባክዎ ስጦታውን በዚህ አመት ያድርሱልኝ።,Request,0,Request_06,train
8841,ማስጠንቀቂያ፣ ክፍያውን ዛሬ ማታ ካላደረግክ አገልግሎት ይቋረጣል።,Warning,4,Warning_03,train
8842,ሪፖርቱ ዝግጁ ነው።,Assertion,1,Assertion_08,train
8843,እንደሚመስለኝ ስጦታውን ነገ ጠዋት ማምጣት ይሻላል።,Suggestion,3,Suggestion_10,train
8844,ስራውን በሚቀጥለው ወር አጠናቅቃለሁ።,Promise,8,Promise_12,test
8845,ስጦታው በዚህ ሳምንት ደርሷል።,Assertion,1,Assertion_01,train
8846,እባክዎ መጽሐፉን ዛሬ ይላኩልኝ።,Request,0,Request_14,train
8847,ተጠንቀቅ፣ ቦታውን በሚቀጥለው ሳምንት ካላስያዝክ ይያዛል።,Warning,4,Warning_08,train
8848,ሰላም፣ ስራ በቤት እንዴት ነው?,Phatic,7,Phatic_08,train
8849,ትዕዛዙ ዛሬ ማታ ተጠናቀቀ።,Assertion,1,Assertion_02,train
8850,ሰላም ነው ወንድሜ?,Phatic,7,Phatic_11,train
8851,ይሻላል ክፍያውን በዚህ አመት ማድረግ።,Suggestion,3,Suggestion_08,val
8852,መረጃው ትክክል ነው።,Assertion,1,Assertion_04,train
8853,እርግጥ ነው፣ ክፍያው ተከፍሏል... በጣም ቀላል!,Sarcasm/Irony,5,Sarcasm/Irony_03,train
8854,ጤና ይስጥልኝ፣ ቤተሰብ እንዴት ናቸው?,Phatic,7,Phatic_06,test
8855,ተጠንቀቅ፣ ስጦታውን ነገ ካላመጣህ ችግር ይፈጥራል።,Warning,4,Warning_06,train
8856,አዎ፣ ውሉ ተፈርሟል... በጣም ቀላል ነበር!,Sarcasm/Irony,5,Sarcasm/Irony_04,train
8857,ተጠንቀቅ፣ ለአባቴ ካልደወልክ ችግር ይፈጥራል።,Warning,4,Warning_12,train
8858,ለአባቴ በሚቀጥለው ሳምንት እደውላለሁ።,Promise,8,Promise_10,test
8859,የባልደረባዬ አገልግሎት መጥፎ ነው።,Complaint,6,Complaint_10,train
8860,አዎ፣ ለፖሊሱ ላክኩት... በጣም ጥሩ!,Sarcasm/Irony,5,Sarcasm/Irony_02,train
8861,እንደኔ ሀሳብ ሪፖርቱን በሚቀጥለው ወር ማቅረብ ይሻላል።,Suggestion,3,Suggestion_07,val
8862,አዎ፣ ለእህቴ ደውያለሁ... በጣም ቀላል!,Sarcasm/Irony,5,Sarcasm/Irony_14,train
8863,ስራውን በሚቀጥለው ቀን አረጋግጣለሁ።,Promise,8,Promise_13,train
8864,ተጠንቀቅ፣ መጽሐፉን በሚቀጥለው ሳምንት ካላመለስክ ቅጣት አለ።,Warning,4,Warning_10,train
8865,ማስጠንቀቂያ፣ መረጃውን በዚህ አመት ካላረጋገጥክ ችግር ይፈጥራል።,Warning,4,Warning_13,val
8866,እባክዎ ክፍያውን ዛሬ ማታ ያረጋግጡልኝ።,Request,0,Request_08,train
8867,እርግጥ ነው፣ ውሳኔው ትክክል ነው... በጣም ጥሩ!,Sarcasm/Irony,5,Sarcasm/Irony_11,train
8868,ጤና ይስጥልኝ፣ ስራ እንዴት ነው?,Phatic,7,Phatic_02,train
8869,አልፈልግም፣ ትዕዛዙን አልቀበልም።,Refusal,2,Refusal_03,train
8870,አልቻልኩም፣ ስጦታውን በዚህ ወር ማምጣት አልቻልኩም።,Refusal,2,Refusal_06,train
8871,አዎ፣ መጽሐፉ ተመልሷል... በጣም ቀላል!,Sarcasm/Irony,5,Sarcasm/Irony_10,train
8872,ይቅርታ፣ ውሳኔውን አሁን ማሳወቅ አልችልም።,Refusal,2,Refusal_14,train
8873,የወንድሜ ስራ በገበያ ጥሩ ነው።,Assertion,1,Assertion_06,train
8874,አይ፣ አሁን ቲኬቱ ማድረግ አልችልም።,Refusal,2,Refusal_01,train
8875,ምክሬ ምግቡን አሁን ማረጋገጥ ነው።,Suggestion,3,Suggestion_03,train
8876,ይሻላል ክፍያውን በፍጥነት ማድረግ።,Suggestion,3,Suggestion_08,train
8877,ይቅርታ፣ ለእናቴ መላክ አልችልም።,Refusal,2,Refusal_05,train
8878,እባክሽ ሸቀጡን በሚቀጥለው ሳምንት አምጪልኝ።,Request,0,Request_01,train
8879,እባክሽ መጽሐፉን ዛሬ ማታ አምጪልኝ።,Request,0,Request_05,test
8880,ውሳኔውን ነገ አሳውቃለሁ።,Promise,8,Promise_11,train
8881,እርግጥ ነው፣ መረጃው ትክክል ነው... በጣም ግልጽ!,Sarcasm/Irony,5,Sarcasm/Irony_07,test
8882,ማስጠንቀቂያ፣ ሪፖርቱን አሁን ካላቀረብክ ቅጣት አለ።,Warning,4,Warning_05,train
8883,ተጠንቀቅ፣ ለጓደኛዬ ካልላክ ችግር ይፈጥራል።,Warning,4,Warning_02,train
8884,ምግቡን በዚህ ወር አዘጋጃለሁ።,Promise,8,Promise_08,train
8885,ምክሬ ቦታውን አሁን ማረጋገጥ ነው።,Suggestion,3,Suggestion_03,train
8886,አልችልም፣ ምግቡን በዚህ አመት ማዘጋጀት አልቻልኩም።,Refusal,2,Refusal_12,train
8887,እባክሽ ደብዳቤውን ዛሬ አምጪልኝ።,Request,0,Request_09,test
8888,የሰራተኛው ውሳኔ ትክክል ነው።,Assertion,1,Assertion_12,val
8889,ቦታውን በዚህ ወር አስይዛለሁ።,Promise,8,Promise_07,val
8890,አዎ፣ መጽሐፉ ተመልሷል... በጣም ቀላል!,Sarcasm/Irony,5,Sarcasm/Irony_10,train
8891,እባክዎ ስጦታውን በዚህ ወር ይላኩልኝ።,Request,0,Request_00,train
8892,ክፍያው ነገ ጠዋት አልተከፈለም።,Complaint,6,Complaint_03,test
8893,ማስጠንቀቂያ፣ ትዕዛዙን ነገ ካላጠናቀቅክ ቅጣት አለ።,Warning,4,Warning_01,train
8894,ውሳኔው ዛሬ ማታ አልተሰጠም።,Complaint,6,Complaint_13,test
8895,አልፈልግም፣ ደብዳቤውን አልቀበልም።,Refusal,2,Refusal_03,train
8896,ውሳኔው ዛሬ ጠዋት አልተሰጠም።,Complaint,6,Complaint_13,val
8897,መጽሐፉ በዚህ አመት ደረሰ።,Assertion,1,Assertion_11,train
8898,ሰላም ነው ወንድሜ?,Phatic,7,Phatic_11,train
8899,ቦታው ነገ ጠዋት አልተያዘም።,Complaint,6,Complaint_07,test
8900,እንደኔ ሀሳብ ሪፖርቱን ዛሬ ጠዋት ማቅረብ ይሻላል።,Suggestion,3,Suggestion_07,train
8901,ማስጠንቀቂያ፣ ምግቡን በሚቀጥለው ወር ካላዘጋጀህ ችግር ይፈጥራል።,Warning,4,Warning_09,train
8902,አይ፣ ክፍያውን አሁን ማድረግ አልችልም።,Refusal,2,Refusal_07,val
8903,መጽሐፉ ነገ ደረሰ።,Assertion,1,Assertion_11,train
8904,ስራው በዚህ አመት ተጀምሯል።,Assertion,1,Assertion_13,train
8905,ሪፖርቱ በዚህ አመት አልቀረበም።,Complaint,6,Complaint_05,val
8906,መረጃው ትክክል ነው።,Assertion,1,Assertion_04,val
8907,እንደምን አደርክ?,Phatic,7,Phatic_03,train
8908,እባክዎ ፓኬጁን ዛሬ ይላኩልኝ።,Request,0,Request_00,train
8909,እርግጥ ነው፣ ትዕዛዙ በፍጥነት ተጠናቀቀ... በጣም ፈጣን!,Sarcasm/Irony,5,Sarcasm/Irony_01,train
8910,ሪፖርቱ ዝግጁ ነው።,Assertion,1,Assertion_08,test
8911,አዎ፣ ስራው ተጠናቀቀ... በጣም ፈጣን!,Sarcasm/Irony,5,Sarcasm/Irony_12,train
8912,እንዴት ነህ ጓደኛ?,Phatic,7,Phatic_12,test
8913,ትዕዛዙ ነገ ጠዋት አልደረሰኝም።,Complaint,6,Complaint_01,train
8914,አልፈልግም፣ ቦታውን ማስያዝ አልችልም።,Refusal,2,Refusal_09,train
8915,እባክዎ ስጦታውን በዚህ ሳምንት ያድርሱልኝ።,Request,0,Request_06,train
8916,እንዴት ነህ ጓደኛ?,Phatic,7,Phatic_12,train
8917,መረጃው ትክክል ነው።,Assertion,1,Assertion_04,train
8918,የመረጃው ችግር ከሰኞ ጀምሮ አልተፈታም።,Complaint,6,Complaint_02,train
8919,እባክዎ ውሳኔውን ለደንበኛው በፍጥነት ይላኩልኝ።,Request,0,Request_11,train
8920,ስራው ነገ ጠዋት አልተጠናቀቀም።,Complaint,6,Complaint_12,val
8921,አዎ፣ ቦታው ነፃ ነው... በጣም ምቹ!,Sarcasm/Irony,5,Sarcasm/Irony_08,val
8922,ክፍያው ነገ አልተከፈለም።,Complaint,6,Complaint_03,val
8923,ሰላም፣ እንዴት ነህ?,Phatic,7,Phatic_01,train
8924,የሸቀጡ ችግር ከሰኞ ጀምሮ አልተፈታም።,Complaint,6,Complaint_02,train
8925,ሰላም ነው?,Phatic,7,Phatic_04,train
8926,ክፍያው ተከፍሏል።,Assertion,1,Assertion_05,train
8927,አይ፣ መጽሐፉን ማበደር አልችልም።,Refusal,2,Refusal_13,train
8928,ስጦታው ገና ወደ ሬስቶራንት በሚቀጥለው ቀን አልደረሰኝም።,Complaint,6,Complaint_00,val
8929,ተጠንቀቅ፣ ለሰራተኛው ካልደወልክ ችግር ይፈጥራል።,Warning,4,Warning_12,train
8930,አይ፣ አሁን መረጃው ማድረግ አልችልም።,Refusal,2,Refusal_01,val
8931,ተጠንቀቅ፣ ለቤተሰቤ ካልላክ ችግር ይፈጥራል።,Warning,4,Warning_02,train
8932,ምግቡን በዚህ ሳምንት አዘጋጃለሁ።,Promise,8,Promise_08,test
8933,አልችልም፣ ሸቀጡን በፍጥነት ማድረስ አልቻልኩም።,Refusal,2,Refusal_00,val
8934,እባክዎ ውሉን ለጓደኛዬ በዚህ ወር ይላኩልኝ።,Request,0,Request_02,test
8935,ሪፖርቱ ዝግጁ ነው።,Assertion,1,Assertion_08,train
8936,እባክዎ ቦታውን አሁን ይላኩልኝ።,Request,0,Request_04,train
8937,ተጠንቀቅ፣ ውሉን ነገ ጠዋት ካልፈረምክ ህጋዊ ችግር ይፈጥራል።,Warning,4,Warning_04,train
8938,ሰላም ነው?,Phatic,7,Phatic_04,test
8939,ክፍያው ነገ ጠዋት አልተከፈለም።,Complaint,6,Complaint_03,train
8940,ሰላም ነው ወንድሜ?,Phatic,7,Phatic_11,train
8941,ይሻላል ስጦታውን ለአስተዳዳሪው ማሳወቅ።,Suggestion,3,Suggestion_02,val
8942,የውሉ ዋጋ ተቀይሯል።,Assertion,1,Assertion_09,train
8943,ምክሬ ሸቀጡን አሁን ማረጋገጥ ነው።,Suggestion,3,Suggestion_03,test
8944,የሰነዱ ችግር ከምሽቱ ጀምሮ አልተፈታም።,Complaint,6,Complaint_02,test
8945,ነጋዴው፣ ዛሬ እንዴት ነው?,Phatic,7,Phatic_07,train
8946,ማስጠንቀቂያ፣ መረጃውን ካላጋራህ ችግር ይፈጥራል።,Warning,4,Warning_07,train
8947,የመረጃው ጥራት ከፍተኛ ነው።,Assertion,1,Assertion_14,val
8948,ማስጠንቀቂያ፣ ውሳኔውን በሚቀጥለው ወር ካላሳወቅክ ችግር ይፈጥራል።,Warning,4,Warning_11,train
8949,የአገልግሎቱ ዋጋ ተቀይሯል።,Assertion,1,Assertion_09,val
8950,እባክዎ ስራውን ለደንበኛው በቅርቡ ይላኩልኝ።,Request,0,Request_11,train
8951,እርግጥ ነው፣ ክፍያው ተከፍሏል... በጣም ቀላል!,Sarcasm/Irony,5,Sarcasm/Irony_03,val
8952,አዎ፣ መጽሐፉ ተመልሷል... በጣም ቀላል!,Sarcasm/Irony,5,Sarcasm/Irony_10,train
8953,እንደምን አደርክ?,Phatic,7,Phatic_03,train
8954,ነጋዴው፣ ስራ እንዴት እየሄደ ነው?,Phatic,7,Phatic_14,train
8955,ምግቡን በፍጥነት አዘጋጃለሁ።,Promise,8,Promise_08,test
8956,እንደኔ ሀሳብ መጽሐፉን ነገ ጠዋት ማንበብ ይሻላል።,Suggestion,3,Suggestion_13,train
8957,ክፍያውን በሚቀጥለው ቀን አደርጋለሁ።,Promise,8,Promise_03,val
8958,መጽሐፉ በዚህ ሳምንት አልደረሰኝም።,Complaint,6,Complaint_09,train
8959,እንደሚመስለኝ ትዕዛዙን ዛሬ ጠዋት ማጠናቀቅ ይሻላል።,Suggestion,3,Suggestion_04,train
8960,አልፈልግም፣ አገልግሎቱን አልቀበልም።,Refusal,2,Refusal_03,train
8961,እባክዎ ስጦታውን ዛሬ ጠዋት ያድርሱልኝ።,Request,0,Request_06,train
8962,እባክዎ ስጦታውን በሚቀጥለው ቀን ያድርሱልኝ።,Request,0,Request_06,test
8963,እንዴት ነህ ጓደኛ?,Phatic,7,Phatic_12,train
8964,ጤና ይስጥልኝ፣ ባልደረባዬ እንዴት ነው?,Phatic,7,Phatic_10,train
8965,ሪፖርቱ ዝግጁ ነው።,Assertion,1,Assertion_08,val
8966,መረጃውን በዚህ አመት እላካለሁ።,Promise,8,Promise_06,train
8967,እንዴት ነህ ጓደኛ?,Phatic,7,Phatic_12,train
8968,ቦታው ነፃ ነው።,Assertion,1,Assertion_10,train
8969,ነጋዴው፣ ስራ እንዴት እየሄደ ነው?,Phatic,7,Phatic_14,train
8970,የሪፖርቱ ችግርን በዚህ ወር እፈታለሁ።,Promise,8,Promise_14,train
8971,ሰላም ነው?,Phatic,7,Phatic_04,train
8972,አይደለም፣ ውሉን በሚቀጥለው ቀን ማረጋገጥ አልችልም።,Refusal,2,Refusal_04,train
8973,የመልእክቱ ችግርን በዚህ ሳምንት እፈታለሁ።,Promise,8,Promise_14,train
8974,እባክዎ ቲኬቱን ለደንበኛው በሚቀጥለው ወር ይላኩልኝ።,Request,0,Request_11,val
8975,ተጠንቀቅ፣ ቦታውን በቅርቡ ካላስያዝክ ይያዛል።,Warning,4,Warning_08,train
8976,ስራው ዛሬ ማታ አልተጠናቀቀም።,Complaint,6,Complaint_12,train
8977,መጽሐፉ ነገ ጠዋት ደረሰ።,Assertion,1,Assertion_11,train
8978,የወንድሜ ስራ በአውሮፕላን ማረፊያ ጥሩ ነው።,Assertion,1,Assertion_06,test
8979,መረጃውን በዚህ ወር እላካለሁ።,Promise,8,Promise_06,train
8980,ምናልባት ምግቡን በቅርቡ ማዘጋጀት ይሻላል።,Suggestion,3,Suggestion_12,train
8981,እባክዎ ክፍያውን አሁን ያረጋግጡልኝ።,Request,0,Request_08,train
8982,አዎ፣ ለባልደረባዬ ደውያለሁ... በጣም ቀላል!,Sarcasm/Irony,5,Sarcasm/Irony_14,train
8983,ምግቡ በዚህ ሳምንት አልደረሰኝም።,Complaint,6,Complaint_08,train
8984,ምክሬ ቦታውን አሁን ማስያዝ ነው።,Suggestion,3,Suggestion_09,train
8985,እባክሽ ደብዳቤውን ነገ ጠዋት አምጪልኝ።,Request,0,Request_09,val
8986,ምግቡን በሚቀጥለው ሳምንት አዘጋጃለሁ።,Promise,8,Promise_08,train
8987,ክፍያው ተከፍሏል።,Assertion,1,Assertion_05,train
8988,እባክዎ ክፍያውን ነገ ይላኩልኝ።,Request,0,Request_00,train
8989,ይሻላል ውሳኔውን ነገ ማታ ማሳወቅ።,Suggestion,3,Suggestion_14,train
8990,ውሳኔውን በቅርቡ አሳውቃለሁ።,Promise,8,Promise_11,train
8991,የጓደኛዋ ውሳኔ ትክክል ነው።,Assertion,1,Assertion_12,train
8992,እንደሚመስለኝ ስጦታውን ዛሬ ጠዋት ማምጣት ይሻላል።,Suggestion,3,Suggestion_10,test
8993,ይቅርታ፣ ትዕዛዙን ነገ ማታ መላክ አልችልም።,Refusal,2,Refusal_02,train
8994,እንደሚመስለኝ ስጦታውን በቅርቡ ማምጣት ይሻላል።,Suggestion,3,Suggestion_10,train
8995,ተጠንቀቅ፣ ውሉን በሚቀጥለው ወር ካልፈረምክ ህጋዊ ችግር ይፈጥራል።,Warning,4,Warning_04,train
8996,አልችልም፣ ምግቡን ነገ ጠዋት ማዘጋጀት አልቻልኩም።,Refusal,2,Refusal_12,train
8997,ውሉ በዚህ ሳምንት ተፈርሟል።,Assertion,1,Assertion_07,train
8998,ሰላም፣ እንዴት ነህ?,Phatic,7,Phatic_01,train
8999,እባክዎ ደብዳቤውን ለደንበኛው በቅርቡ ይላኩልኝ።,Request,0,Request_11,train
9000,የመልእክቱ ችግር ከዛሬ ጀምሮ ከጓደኛዬ ጋር እፈታለሁ።,Assertion,1,Assertion_00,train
9001,የአለቃዬ ስራ በቢሮ ጥሩ ነው።,Assertion,1,Assertion_06,train
9002,ማስጠንቀቂያ፣ ሪፖርቱን ነገ ካላቀረብክ ቅጣት አለ።,Warning,4,Warning_05,val
9003,እባክዎ መጽሐፉን በዚህ አመት ይላኩልኝ።,Request,0,Request_14,train
9004,ምክሬ ቦታውን አሁን ማስያዝ ነው።,Suggestion,3,Suggestion_09,train
9005,እንዴት ነሽ?,Phatic,7,Phatic_05,train
9006,አዎ፣ ቦታው ነፃ ነው... በጣም ምቹ!,Sarcasm/Irony,5,Sarcasm/Irony_08,val
9007,እባክሽ መልእክቱን ዛሬ ማታ አምጪልኝ።,Request,0,Request_05,train
9008,ውሳኔውን ዛሬ ማታ አሳውቃለሁ።,Promise,8,Promise_11,train
9009,መረጃውን አሁን እላካለሁ።,Promise,8,Promise_06,train
9010,ምናልባት ምግቡን በቅርቡ ማዘጋጀት ይሻላል።,Suggestion,3,Suggestion_12,test
9011,ቦታው በዚህ ሳምንት አልተያዘም።,Complaint,6,Complaint_07,test
9012,ለባልደረባዬ ዛሬ ማታ አልደወሉልኝም።,Complaint,6,Complaint_14,train
9013,እባክዎ ስራውን ለደንበኛው አሁን ይላኩልኝ።,Request,0,Request_11,train
9014,አልፈልግም፣ ትዕዛዙን አልቀበልም።,Refusal,2,Refusal_03,test
9015,ትዕዛዙ ዛሬ አልደረሰኝም።,Complaint,6,Complaint_01,train
9016,መጽሐፉ በሚቀጥለው ወር አልደረሰኝም።,Complaint,6,Complaint_09,train
9017,ጤና ይስጥልኝ፣ ቤተሰብ እንዴት ናቸው?,Phatic,7,Phatic_06,test
9018,ስራውን ዛሬ ማታ አጠናቅቃለሁ።,Promise,8,Promise_12,train
9019,ይቅርታ፣ ትዕዛዙን በዚህ አመት መላክ አልችልም።,Refusal,2,Refusal_02,test
9020,ምናልባት ክፍያውን ዛሬ ጠዋት ማድረግ ይሻላል።,Suggestion,3,Suggestion_00,train
9021,ምናልባት ክፍያውን በዚህ አመት ማድረግ ይሻላል።,Suggestion,3,Suggestion_00,train
9022,እርግጥ ነው፣ ምግቡ ዝግጁ ነው... በጣም ጣፋጭ!,Sarcasm/Irony,5,Sarcasm/Irony_09,train
9023,እባክዎ አገልግሎቱን ለደንበኛው በዚህ አመት ይላኩልኝ።,Request,0,Request_11,test
9024,ጤና ይስጥልኝ፣ ጓደኛዬ እንዴት ነው?,Phatic,7,Phatic_10,train
9025,ሰላም፣ እንዴት ነህ?,Phatic,7,Phatic_01,train
9026,መረጃው ትክክል ነው።,Assertion,1,Assertion_04,train
9027,ክፍያው ነገ ማታ አልተከፈለም።,Complaint,6,Complaint_03,train
9028,ቦታው ነፃ ነው።,Assertion,1,Assertion_10,train
9029,እንደምን አደርክ?,Phatic,7,Phatic_03,test
9030,ጤና ይስጥልኝ፣ ስራ እንዴት ነው?,Phatic,7,Phatic_02,train
9031,አልፈልግም፣ ቦታውን ማስያዝ አልችልም።,Refusal,2,Refusal_09,train
9032,ምግቡ ነገ አልደረሰኝም።,Complaint,6,Complaint_08,val
9033,የአባቴ ስራ በባንክ ጥሩ ነው።,Assertion,1,Assertion_06,train
9034,ትዕዛዙ በሚቀጥለው ቀን ተጠናቀቀ።,Assertion,1,Assertion_02,train
9035,የምግቡ ችግር ከሰኞ ጀምሮ ከወንድሜ ጋር እፈታለሁ።,Assertion,1,Assertion_00,train
9036,ይሻላል ውሉን ለአባቴ ማሳወቅ።,Suggestion,3,Suggestion_02,train
9037,እንደኔ ሀሳብ መጽሐፉን በሚቀጥለው ቀን ማንበብ ይሻላል።,Suggestion,3,Suggestion_13,train
9038,አዎ፣ ቦታው ነፃ ነው... በጣም ምቹ!,Sarcasm/Irony,5,Sarcasm/Irony_08,train
9039,ቦታውን ነገ ጠዋት አስይዛለሁ።,Promise,8,Promise_07,val
9040,ይቅርታ፣ ውሳኔውን ነገ ጠዋት ማሳወቅ አልችልም።,Refusal,2,Refusal_14,train
9041,ሰላም ነው?,Phatic,7,Phatic_04,train
9042,ተጠንቀቅ፣ ለፖሊሱ ካልደወልክ ችግር ይፈጥራል።,Warning,4,Warning_12,train
9043,አይደለም፣ ሪፖርቱን አሁን ማጠናቀቅ አልችልም።,Refusal,2,Refusal_10,train
9044,ተጠንቀቅ፣ ለአለቃዬ ካልላክ ችግር ይፈጥራል።,Warning,4,Warning_02,train
9045,እንደኔ ሀሳብ መጽሐፉን በሚቀጥለው ቀን መላክ ይሻላል።,Suggestion,3,Suggestion_01,train
9046,ምግቡን በቅርቡ አዘጋጃለሁ።,Promise,8,Promise_08,train
9047,ተጠንቀቅ፣ ውሉን ነገ ጠዋት ካልፈረምክ ህጋዊ ችግር ይፈጥራል።,Warning,4,Warning_04,train
9048,ስራው ዛሬ ጠዋት ተጀምሯል።,Assertion,1,Assertion_13,train
9049,ቦታው ነፃ ነው።,Assertion,1,Assertion_10,train
9050,እንዴት ነሽ?,Phatic,7,Phatic_05,train
9051,ስራውን በሚቀጥለው ሳምንት አጠናቅቃለሁ።,Promise,8,Promise_12,train
9052,እንደምን አደርክ?,Phatic,7,Phatic_03,train
9053,ተጠንቀቅ፣ ውሉን በሚቀጥለው ወር ካልፈረምክ ህጋዊ ችግር ይፈጥራል።,Warning,4,Warning_04,test
9054,አዎ፣ ለእህቴ ደውያለሁ... በጣም ቀላል!,Sarcasm/Irony,5,Sarcasm/Irony_14,train
9055,ይሻላል ክፍያውን ነገ ማታ ማድረግ።,Suggestion,3,Suggestion_08,train
9056,እባክዎ ክፍያውን ነገ ማታ ያረጋግጡልኝ።,Request,0,Request_08,val
9057,ይሻላል ውሳኔውን በሚቀጥለው ወር ማሳወቅ።,Suggestion,3,Suggestion_14,train
9058,አልችልም፣ ምግቡን ዛሬ ማታ ማዘጋጀት አልቻልኩም።,Refusal,2,Refusal_12,train
9059,ይሻላል ውሳኔውን በሚቀጥለው ቀን ማሳወቅ።,Suggestion,3,Suggestion_14,train
9060,ትዕዛዙን በዚህ ሳምንት አጠናቅቃለሁ።,Promise,8,Promise_02,test
9061,ምናልባት መረጃውን ዛሬ ጠዋት ማድረግ ይሻላል።,Suggestion,3,Suggestion_00,train
9062,ትዕዛዙ አሁን ተጠናቀቀ።,Assertion,1,Assertion_02,train
9063,የፓኬጁ ችግር ከረቡዕ ጀምሮ ከአባቴ ጋር እፈታለሁ።,Assertion,1,Assertion_00,train
9064,ውሉን በዚህ ሳምንት አረጋግጣለሁ።,Promise,8,Promise_13,train
9065,ለአስተዳዳሪው ዛሬ አልደወሉልኝም።,Complaint,6,Complaint_14,train
9066,የቦታው ጥራት ዝቅተኛ ነው።,Complaint,6,Complaint_11,val
9067,እንደሚመስለኝ ትዕዛዙን አሁን ማጠናቀቅ ይሻላል።,Suggestion,3,Suggestion_04,train
9068,ሪፖርቱ በዚህ አመት አልቀረበም።,Complaint,6,Complaint_05,train
9069,ስራው ዛሬ ጠዋት ተጀምሯል።,Assertion,1,Assertion_13,train
9070,ቦታውን ዛሬ ማታ አስይዛለሁ።,Promise,8,Promise_07,train
9071,እባክሽ ምግቡን ነገ አዘጋጅልኝ።,Request,0,Request_13,train
9072,እባክዎ ስጦታውን ዛሬ ማታ ያድርሱልኝ።,Request,0,Request_06,val
9073,ተጠንቀቅ፣ ስራውን አሁን ካላጠናቀቅክ ቅጣት አለ።,Warning,4,Warning_14,train
9074,አልችልም፣ ምግቡን አሁን ማዘጋጀት አልቻልኩም።,Refusal,2,Refusal_12,test
9075,እባክሽ ደብዳቤውን በዚህ አመት አምጪልኝ።,Request,0,Request_09,test
9076,ይቅርታ፣ ለእህቴ መላክ አልችልም።,Refusal,2,Refusal_05,train
9077,ትዕዛዙን በዚህ ሳምንት አጠናቅቃለሁ።,Promise,8,Promise_02,train
9078,ቦታውን በሚቀጥለው ሳምንት አስይዛለሁ።,Promise,8,Promise_07,test
9079,ለጓደኛዬ በሚቀጥለው ወር አልደወሉልኝም።,Complaint,6,Complaint_14,train
9080,እንደኔ ሀሳብ ሪፖርቱን በዚህ ሳምንት ማቅረብ ይሻላል።,Suggestion,3,Suggestion_07,train
9081,ምናልባት ለጓደኛችን መደወል ይሻላል።,Suggestion,3,Suggestion_06,train
9082,የውሉ ጥራት ዝቅተኛ ነው።,Complaint,6,Complaint_11,train
9083,እርግጥ ነው፣ ውሳኔው ትክክል ነው... በጣም ጥሩ!,Sarcasm/Irony,5,Sarcasm/Irony_11,train
9084,ጤና ይስጥልኝ፣ ስራ እንዴት ነው?,Phatic,7,Phatic_02,val
9085,እርግጥ ነው፣ መረጃው ትክክል ነው... በጣም ግልጽ!,Sarcasm/Irony,5,Sarcasm/Irony_07,train
9086,አዎ፣ መጽሐፉ ተመልሷል... በጣም ቀላል!,Sarcasm/Irony,5,Sarcasm/Irony_10,train
9087,ጤና ይስጥልኝ፣ ወንድሜ እንዴት ነው?,Phatic,7,Phatic_10,train
9088,እንደኔ ሀሳብ ሪፖርቱን በሚቀጥለው ቀን ማቅረብ ይሻላል።,Suggestion,3,Suggestion_07,val
9089,የስራው ችግር ከባለፈው ሳምንት ጀምሮ ከእህቴ ጋር እፈታለሁ።,Assertion,1,Assertion_00,train
9090,ቦታው ነፃ ነው።,Assertion,1,Assertion_10,train
9091,እርግጥ ነው፣ ትዕዛዙ ነገ ተጠናቀቀ... በጣም ፈጣን!,Sarcasm/Irony,5,Sarcasm/Irony_01,train
9092,ማስጠንቀቂያ፣ መረጃውን ካላጋራህ ችግር ይፈጥራል።,Warning,4,Warning_07,train
9093,ስራውን ዛሬ አጠናቅቃለሁ።,Promise,8,Promise_12,train
9094,እርግጥ ነው፣ መረጃው ጥሩ ነው... በጣም ጥሩ!,Sarcasm/Irony,5,Sarcasm/Irony_13,val
9095,አዎ፣ ለእህቴ ላክኩት... በጣም ጥሩ!,Sarcasm/Irony,5,Sarcasm/Irony_02,val
9096,ሪፖርቱ ነገ ጠዋት አልቀረበም።,Complaint,6,Complaint_05,train
9097,እባክዎ ውሉን ለባልደረባዬ በሚቀጥለው ሳምንት ይላኩልኝ።,Request,0,Request_02,val
9098,አዎ፣ ስራው ተጠናቀቀ... በጣም ፈጣን!,Sarcasm/Irony,5,Sarcasm/Irony_12,train
9099,እርግጥ ነው፣ ምግቡ ዝግጁ ነው... በጣም ጣፋጭ!,Sarcasm/Irony,5,Sarcasm/Irony_09,test
9100,ይቅርታ፣ ትዕዛዙን ነገ መላክ አልችልም።,Refusal,2,Refusal_02,val
9101,አዎ፣ ለጓደኛዬ ላክኩት... በጣም ጥሩ!,Sarcasm/Irony,5,Sarcasm/Irony_02,train
9102,የጓደኛዬ ውሳኔ ትክክል ነው።,Assertion,1,Assertion_12,train
9103,ሰላም፣ ስራ በሆስፒታል እንዴት ነው?,Phatic,7,Phatic_08,train
9104,ተጠንቀቅ፣ ለጓደኛችን ካልላክ ችግር ይፈጥራል።,Warning,4,Warning_02,train
9105,አልፈልግም፣ መልእክቱን አልቀበልም።,Refusal,2,Refusal_03,train
9106,አይደለም፣ ሪፖርቱን በሚቀጥለው ወር ማጠናቀቅ አልችልም።,Refusal,2,Refusal_10,train
9107,ውሉን በዚህ አመት እፈርማለሁ።,Promise,8,Promise_04,train
9108,ሪፖርቱን ዛሬ ጠዋት አቀርባለሁ።,Promise,8,Promise_05,train
9109,ቦታው በሚቀጥለው ሳምንት አልተያዘም።,Complaint,6,Complaint_07,train
9110,መጽሐፉ በሚቀጥለው ወር ደረሰ።,Assertion,1,Assertion_11,val
9111,ጤና ይስጥልኝ፣ ሰራተኛው እንዴት ነው?,Phatic,7,Phatic_10,train
9112,ተጠንቀቅ፣ ስራውን ነገ ማታ ካላጠናቀቅክ ቅጣት አለ።,Warning,4,Warning_14,train
9113,ይሻላል ክፍያውን ዛሬ ጠዋት ማድረግ።,Suggestion,3,Suggestion_08,train
9114,ምናልባት ለፖሊሱ መደወል ይሻላል።,Suggestion,3,Suggestion_06,train
9115,የውሳኔው ዋጋ ተቀይሯል።,Assertion,1,Assertion_09,val
9116,የክፍያው ችግር ከምሽቱ ጀምሮ አልተፈታም።,Complaint,6,Complaint_02,train
9117,ምክሬ ቦታውን አሁን ማስያዝ ነው።,Suggestion,3,Suggestion_09,train
9118,አይ፣ መጽሐፉን ማበደር አልችልም።,Refusal,2,Refusal_13,val
9119,ውሉ ነገ ጠዋት አልተፈረመም።,Complaint,6,Complaint_04,train
9120,ተጠንቀቅ፣ መጽሐፉን በዚህ ወር ካላመለስክ ቅጣት አለ።,Warning,4,Warning_10,train
9121,መረጃውን በሚቀጥለው ቀን እላካለሁ።,Promise,8,Promise_06,train
9122,ምናልባት ለአባቴ መደወል ይሻላል።,Suggestion,3,Suggestion_06,train
9123,ማስጠንቀቂያ፣ ምግቡን በዚህ ወር ካላዘጋጀህ ችግር ይፈጥራል።,Warning,4,Warning_09,val
9124,የመልእክቱ ሁኔታ ጥሩ ነው።,Assertion,1,Assertion_03,train
9125,የውሳኔው ጥራት ከፍተኛ ነው።,Assertion,1,Assertion_14,train
9126,እባክዎ መረጃውን በዚህ አመት ይላኩልኝ።,Request,0,Request_07,test
9127,ተጠንቀቅ፣ ለእናቴ ካልላክ ችግር ይፈጥራል።,Warning,4,Warning_02,test
9128,እንደኔ ሀሳብ ሪፖርቱን ዛሬ ጠዋት ማቅረብ ይሻላል።,Suggestion,3,Suggestion_07,train
9129,ይቅርታ፣ ውሳኔውን በሚቀጥለው ወር ማሳወቅ አልችልም።,Refusal,2,Refusal_14,train
9130,ስራውን በሚቀጥለው ቀን አጠናቅቃለሁ።,Promise,8,Promise_12,train
9131,እርግጥ ነው፣ ሪፖርቱ ዝግጁ ነው... በጣም ፈጣን!,Sarcasm/Irony,5,Sarcasm/Irony_05,test
9132,ስራውን በሚቀጥለው ሳምንት አጠናቅቃለሁ።,Promise,8,Promise_12,train
9133,አይ፣ አሁን ስጦታው ማድረግ አልችልም።,Refusal,2,Refusal_01,test
9134,ነጋዴው፣ ስራ እንዴት እየሄደ ነው?,Phatic,7,Phatic_14,val
9135,እባክዎ ትዕዛዙን ለጓደኛዬ በፍጥነት ይላኩልኝ።,Request,0,Request_03,train
9136,ተጠንቀቅ፣ ውሳኔውን ነገ ጠዋት ካላደረግክ ችግር ይፈጥራል።,Warning,4,Warning_00,train
9137,ተጠንቀቅ፣ ለጓደኛዬ ካልደወልክ ችግር ይፈጥራል።,Warning,4,Warning_12,val
9138,ምናልባት ለአጋሬ መደወል ይሻላል።,Suggestion,3,Suggestion_06,val
9139,አይ፣ አሁን ደብዳቤው ማድረግ አልችልም።,Refusal,2,Refusal_01,val
9140,ማስጠንቀቂያ፣ ትዕዛዙን ነገ ጠዋት ካላጠናቀቅክ ቅጣት አለ።,Warning,4,Warning_01,train
9141,እርግጥ ነው፣ ሪፖርቱ ዝግጁ ነው... በጣም ፈጣን!,Sarcasm/Irony,5,Sarcasm/Irony_05,train
9142,አዎ፣ ስጦታውን በፍጥነት አደረግኩት... ትክክል ነው!,Sarcasm/Irony,5,Sarcasm/Irony_00,test
9143,የደንበኛው አገልግሎት መጥፎ ነው።,Complaint,6,Complaint_10,train
9144,እባክዎ ክፍያውን በሚቀጥለው ሳምንት ያረጋግጡልኝ።,Request,0,Request_08,train
9145,ውሳኔውን በዚህ ወር አሳውቃለሁ።,Promise,8,Promise_11,train
9146,ቦታው በቅርቡ አልተያዘም።,Complaint,6,Complaint_07,train
9147,ሰላም ነው?,Phatic,7,Phatic_04,train
9148,ምግቡን በዚህ አመት አረጋግጣለሁ።,Promise,8,Promise_13,train
9149,የውሳኔው ዋጋ ተቀይሯል።,Assertion,1,Assertion_09,train
9150,የጓደኛዬ ውሳኔ ትክክል ነው።,Assertion,1,Assertion_12,train
9151,ማስጠንቀቂያ፣ ክፍያውን አሁን ካላደረግክ አገልግሎት ይቋረጣል።,Warning,4,Warning_03,val
9152,ሰላም ነው?,Phatic,7,Phatic_04,train
9153,እርግጥ ነው፣ ምግቡ ዝግጁ ነው... በጣም ጣፋጭ!,Sarcasm/Irony,5,Sarcasm/Irony_09,train
9154,ስራው ዛሬ ተጀምሯል።,Assertion,1,Assertion_13,train
9155,አልችልም፣ ትዕዛዙን ዛሬ ማታ ማድረስ አልቻልኩም።,Refusal,2,Refusal_00,train
9156,ይቅርታ፣ ውሳኔውን በቅርቡ ማሳወቅ አልችልም።,Refusal,2,Refusal_14,train
9157,የሰነዱ ችግር ከባለፈው ሳምንት ጀምሮ ከአባቴ ጋር እፈታለሁ።,Assertion,1,Assertion_00,test
9158,እባክሽ ስጦታውን ዛሬ ማታ አምጪልኝ።,Request,0,Request_05,test
9159,የቦታው ዋጋ ተቀይሯል።,Assertion,1,Assertion_09,train
9160,አዎ፣ ቦታው ነፃ ነው... በጣም ምቹ!,Sarcasm/Irony,5,Sarcasm/Irony_08,test
9161,ሪፖርቱ ዝግጁ ነው።,Assertion,1,Assertion_08,train
9162,ስጦታውን በፍጥነት አደርሳለሁ።,Promise,8,Promise_01,train
9163,ምክሬ ቦታውን አሁን ማስያዝ ነው።,Suggestion,3,Suggestion_09,train
9164,ሪፖርቱ ዝግጁ ነው።,Assertion,1,Assertion_08,test
9165,ስጦታው በፍጥነት ደርሷል።,Assertion,1,Assertion_01,val
9166,ነጋዴው፣ ስራ በትምህርት ቤት እንዴት ነው?,Phatic,7,Phatic_00,val
9167,መጽሐፉን አሁን አመልሳለሁ።,Promise,8,Promise_09,test
9168,እርግጥ ነው፣ ትዕዛዙ ዛሬ ጠዋት ተጠናቀቀ... በጣም ፈጣን!,Sarcasm/Irony,5,Sarcasm/Irony_01,train
9169,አዎ፣ ስራው ተጠናቀቀ... በጣም ፈጣን!,Sarcasm/Irony,5,Sarcasm/Irony_12,train
9170,ነጋዴው፣ ዛሬ እንዴት ነው?,Phatic,7,Phatic_07,train
9171,እባክዎ መረጃውን ነገ ይላኩልኝ።,Request,0,Request_07,train
9172,አይደለም፣ ውሉን በሚቀጥለው ሳምንት ማረጋገጥ አልችልም።,Refusal,2,Refusal_04,train
9173,ቦታውን በዚህ አመት አስይዛለሁ።,Promise,8,Promise_07,train
9174,ቦታውን ዛሬ ጠዋት አረጋግጣለሁ።,Promise,8,Promise_13,train
9175,እባክዎ ስጦታውን ነገ ጠዋት ያድርሱልኝ።,Request,0,Request_06,train
9176,እባክሽ ደብዳቤውን አሁን አምጪልኝ።,Request,0,Request_09,test
9177,የቦታው ጥራት ከፍተኛ ነው።,Assertion,1,Assertion_14,train
9178,እርግጥ ነው፣ ክፍያው ተከፍሏል... በጣም ቀላል!,Sarcasm/Irony,5,Sarcasm/Irony_03,val
9179,እንደሚመስለኝ ትዕዛዙን ነገ ጠዋት ማጠናቀቅ ይሻላል።,Suggestion,3,Suggestion_04,train
9180,እባክዎ ክፍያውን በዚህ ሳምንት ያረጋግጡልኝ።,Request,0,Request_08,val
9181,ማስጠንቀቂያ፣ ቲኬቱን ዛሬ ካላረጋገጥክ ችግር ይፈጥራል።,Warning,4,Warning_13,test
9182,ተጠንቀቅ፣ ቦታውን በዚህ አመት ካላስያዝክ ይያዛል።,Warning,4,Warning_08,train
9183,ይቅርታ፣ ውሳኔውን በሚቀጥለው ወር ማሳወቅ አልችልም።,Refusal,2,Refusal_14,test
9184,እባክዎ ቦታውን በዚህ ወር ያስይዙልኝ።,Request,0,Request_12,train
9185,አዎ፣ ውሉ ተፈርሟል... በጣም ቀላል ነበር!,Sarcasm/Irony,5,Sarcasm/Irony_04,test
9186,ስራው አሁን ተጀምሯል።,Assertion,1,Assertion_13,train
9187,እንደምን አደረሽ?,Phatic,7,Phatic_09,train
9188,ስጦታው ዛሬ ደርሷል።,Assertion,1,Assertion_01,train
9189,ማስጠንቀቂያ፣ ምግቡን በፍጥነት ካላዘጋጀህ ችግር ይፈጥራል።,Warning,4,Warning_09,test
9190,ሰላም፣ ስራ በሱቅ እንዴት ነው?,Phatic,7,Phatic_08,train
9191,ክፍያው ተከፍሏል።,Assertion,1,Assertion_05,train
9192,ጤና ይስጥልኝ፣ አባቴ እንዴት ነው?,Phatic,7,Phatic_10,test
9193,የአስተዳዳሪው ስራ በአውሮፕላን ማረፊያ ጥሩ ነው።,Assertion,1,Assertion_06,train
9194,ስራውን ዛሬ ማታ አጠናቅቃለሁ።,Promise,8,Promise_12,train
9195,የክፍያው ሁኔታ ጥሩ ነው።,Assertion,1,Assertion_03,train
9196,ምናልባት ምግቡን ዛሬ ጠዋት ማዘጋጀት ይሻላል።,Suggestion,3,Suggestion_12,train
9197,እባክዎ ውሉን ለቤተሰቤ አሁን ይላኩልኝ።,Request,0,Request_02,test
9198,እባክዎ ትዕዛዙን በዚህ ወር ይላኩልኝ።,Request,0,Request_00,train
9199,ቦታውን በሚቀጥለው ቀን አስይዛለሁ።,Promise,8,Promise_07,train
9200,ማስጠንቀቂያ፣ ክፍያውን ዛሬ ማታ ካላደረግክ አገልግሎት ይቋረጣል።,Warning,4,Warning_03,train
9201,ክፍያውን በፍጥነት አደርጋለሁ።,Promise,8,Promise_03,train
9202,አይ፣ ክፍያውን አሁን ማድረግ አልችልም።,Refusal,2,Refusal_07,train
9203,ተጠንቀቅ፣ ውሉን በቅርቡ ካልፈረምክ ህጋዊ ችግር ይፈጥራል።,Warning,4,Warning_04,train
9204,አዎ፣ ቦታው ነፃ ነው... በጣም ምቹ!,Sarcasm/Irony,5,Sarcasm/Irony_08,train
9205,አልቻልኩም፣ ስጦታውን በዚህ አመት ማምጣት አልቻልኩም።,Refusal,2,Refusal_06,train
9206,ተጠንቀቅ፣ ቦታውን በቅርቡ ካላስያዝክ ይያዛል።,Warning,4,Warning_08,train
9207,ስራውን ዛሬ ጠዋት አጠናቅቃለሁ።,Promise,8,Promise_12,train
9208,የባልደረባዬ አገልግሎት መጥፎ ነው።,Complaint,6,Complaint_10,val
9209,ትዕዛዙን ነገ አጠናቅቃለሁ።,Promise,8,Promise_02,test
9210,ነጋዴው፣ ስራ በጤና ጣቢያ እንዴት ነው?,Phatic,7,Phatic_00,val
9211,ምክሬ ውሳኔውን አሁን ማረጋገጥ ነው።,Suggestion,3,Suggestion_03,train
9212,የመልእክቱ ችግርን በቅርቡ እፈታለሁ።,Promise,8,Promise_14,train
9213,እባክዎ መረጃውን በቅርቡ ይላኩልኝ።,Request,0,Request_07,test
9214,ስጦታው ገና ወደ አውሮፕላን ማረፊያ በሚቀጥለው ሳምንት አልደረሰኝም።,Complaint,6,Complaint_00,train
9215,አገልግሎቱን በፍጥነት አረጋግጣለሁ።,Promise,8,Promise_13,train
9216,ቦታውን በዚህ አመት አረጋግጣለሁ።,Promise,8,Promise_13,train
9217,እባክዎ ኮንትራቱን ለደንበኛው በቅርቡ ይላኩልኝ።,Request,0,Request_11,test
9218,ቦታው ነፃ ነው።,Assertion,1,Assertion_10,train
9219,አዎ፣ ለእናቴ ላክኩት... በጣም ጥሩ!,Sarcasm/Irony,5,Sarcasm/Irony_02,train
9220,የሸቀጡ ችግር ከአርብ ጀምሮ ከአስተዳዳሪው ጋር እፈታለሁ።,Assertion,1,Assertion_00,test
9221,እባክዎ ትዕዛዙን ለጓደኛችን ነገ ይላኩልኝ።,Request,0,Request_03,train
9222,ስጦታውን በፍጥነት አረጋግጣለሁ።,Promise,8,Promise_13,train
9223,አዎ፣ ለደንበኛው ደውያለሁ... በጣም ቀላል!,Sarcasm/Irony,5,Sarcasm/Irony_14,val
9224,የባልደረባዬ አገልግሎት መጥፎ ነው።,Complaint,6,Complaint_10,train
9225,አልችልም፣ ስራውን በዚህ አመት ማድረስ አልቻልኩም።,Refusal,2,Refusal_00,train
9226,ውሉ ዛሬ ማታ ተፈርሟል።,Assertion,1,Assertion_07,train
9227,የመጽሐፉ ሁኔታ ጥሩ ነው።,Assertion,1,Assertion_03,train
9228,የክፍያው ጥራት ዝቅተኛ ነው።,Complaint,6,Complaint_11,test
9229,የመረጃው ችግር ከረቡዕ ጀምሮ ከቤተሰቤ ጋር እፈታለሁ።,Assertion,1,Assertion_00,train
9230,ስራው አሁን አልተጠናቀቀም።,Complaint,6,Complaint_12,train
9231,ስጦታው በቅርቡ ደርሷል።,Assertion,1,Assertion_01,train
9232,እባክዎ መረጃውን በፍጥነት ይላኩልኝ።,Request,0,Request_07,train
9233,ምክሬ ቦታውን አሁን ማስያዝ ነው።,Suggestion,3,Suggestion_09,train
9234,ቦታው ነፃ ነው።,Assertion,1,Assertion_10,train
9235,ሰላም ነው?,Phatic,7,Phatic_04,test
9236,እባክዎ መጽሐፉን በሚቀጥለው ወር ይላኩልኝ።,Request,0,Request_14,train
9237,መረጃው ትክክል ነው።,Assertion,1,Assertion_04,train
9238,እባክሽ ደብዳቤውን በዚህ ወር አምጪልኝ።,Request,0,Request_09,test
9239,የኮንትራቱ ጥራት ከፍተኛ ነው።,Assertion,1,Assertion_14,train
9240,እርግጥ ነው፣ ሪፖርቱ ዝግጁ ነው... በጣም ፈጣን!,Sarcasm/Irony,5,Sarcasm/Irony_05,train
9241,እርግጥ ነው፣ ውሳኔው ትክክል ነው... በጣም ጥሩ!,Sarcasm/Irony,5,Sarcasm/Irony_11,train
9242,እርግጥ ነው፣ ውሳኔው ትክክል ነው... በጣም ጥሩ!,Sarcasm/Irony,5,Sarcasm/Irony_11,test
9243,ይሻላል ክፍያውን በቅርቡ ማድረግ።,Suggestion,3,Suggestion_08,val
9244,እንደኔ ሀሳብ ሪፖርቱን በዚህ ሳምንት ማቅረብ ይሻላል።,Suggestion,3,Suggestion_07,train
9245,እንደኔ ሀሳብ ሪፖርቱን ዛሬ ጠዋት ማቅረብ ይሻላል።,Suggestion,3,Suggestion_07,train
9246,ተጠንቀቅ፣ መጽሐፉን ዛሬ ጠዋት ካላመለስክ ቅጣት አለ።,Warning,4,Warning_10,val
9247,ተጠንቀቅ፣ ውሉን በዚህ ሳምንት ካልፈረምክ ህጋዊ ችግር ይፈጥራል።,Warning,4,Warning_04,val
9248,ውሳኔውን ዛሬ ጠዋት አሳውቃለሁ።,Promise,8,Promise_11,train
9249,ሰላም፣ ስራ በቤት እንዴት ነው?,Phatic,7,Phatic_08,train
9250,አዎ፣ ስጦታውን በዚህ ወር አደረግኩት... ትክክል ነው!,Sarcasm/Irony,5,Sarcasm/Irony_00,val
9251,አዎ፣ ለጓደኛዬ ደውያለሁ... በጣም ቀላል!,Sarcasm/Irony,5,Sarcasm/Irony_14,val
9252,ሀሳቤ ውሉን በቅርቡ መፈረም ነው።,Suggestion,3,Suggestion_05,test
9253,ምክሬ መረጃውን አሁን ማረጋገጥ ነው።,Suggestion,3,Suggestion_03,train
9254,ተጠንቀቅ፣ ለጓደኛችን ካልደወልክ ችግር ይፈጥራል።,Warning,4,Warning_12,val
9255,አልፈልግም፣ ፓኬጁን አልቀበልም።,Refusal,2,Refusal_03,train
9256,ማስጠንቀቂያ፣ መረጃውን ካላጋራህ ችግር ይፈጥራል።,Warning,4,Warning_07,train
9257,ሰላም፣ ስራ በገበያ እንዴት ነው?,Phatic,7,Phatic_08,train
9258,እባክዎ ውሉን ለቤተሰቤ በዚህ አመት ይላኩልኝ።,Request,0,Request_02,val
9259,ሀሳቤ መረጃውን ለጓደኛዋ ማጋራት ነው።,Suggestion,3,Suggestion_11,val
9260,ይቅርታ፣ መረጃውን ማጋራት አልችልም።,Refusal,2,Refusal_08,train
9261,ውሳኔውን በዚህ ሳምንት አሳውቃለሁ።,Promise,8,Promise_11,train
9262,ስራው ነገ ማታ ተጀምሯል።,Assertion,1,Assertion_13,train
9263,ይሻላል ክፍያውን ዛሬ ጠዋት ማድረግ።,Suggestion,3,Suggestion_08,val
9264,ሪፖርቱ ዝግጁ ነው።,Assertion,1,Assertion_08,val
9265,ቦታው ነገ ማታ አልተያዘም።,Complaint,6,Complaint_07,train
9266,ተጠንቀቅ፣ ለጓደኛዋ ካልላክ ችግር ይፈጥራል።,Warning,4,Warning_02,train
9267,ምናልባት ሪፖርቱን ዛሬ ማታ ማድረግ ይሻላል።,Suggestion,3,Suggestion_00,train
9268,ተጠንቀቅ፣ ስጦታውን በዚህ አመት ካላመጣህ ችግር ይፈጥራል።,Warning,4,Warning_06,train
9269,ነጋዴው፣ ዛሬ እንዴት ነው?,Phatic,7,Phatic_07,train
9270,የክፍያው ጥራት ከፍተኛ ነው።,Assertion,1,Assertion_14,train
9271,ውሉን በዚህ ሳምንት እፈርማለሁ።,Promise,8,Promise_04,train
9272,የስራው ችግር ከአርብ ጀምሮ ከእናቴ ጋር እፈታለሁ።,Assertion,1,Assertion_00,train
9273,የባልደረባዬ አገልግሎት መጥፎ ነው።,Complaint,6,Complaint_10,train
9274,ክፍያውን ነገ አደርጋለሁ።,Promise,8,Promise_03,train
9275,ስጦታው በቅርቡ ደርሷል።,Assertion,1,Assertion_01,train
9276,እርግጥ ነው፣ ውሳኔው ትክክል ነው... በጣም ጥሩ!,Sarcasm/Irony,5,Sarcasm/Irony_11,train
9277,ስራውን በዚህ አመት አጠናቅቃለሁ።,Promise,8,Promise_12,val
9278,ቦታው ነፃ ነው።,Assertion,1,Assertion_10,train
9279,ስጦታውን በዚህ ወር አደርሳለሁ።,Promise,8,Promise_01,train
9280,እርግጥ ነው፣ ምግቡ ዝግጁ ነው... በጣም ጣፋጭ!,Sarcasm/Irony,5,Sarcasm/Irony_09,val
9281,ምናልባት ክፍያውን ዛሬ ጠዋት ማድረግ ይሻላል።,Suggestion,3,Suggestion_00,train
9282,ይቅርታ፣ ለቤተሰቤ መላክ አልችልም።,Refusal,2,Refusal_05,train
9283,እንደኔ ሀሳብ መጽሐፉን በፍጥነት ማንበብ ይሻላል።,Suggestion,3,Suggestion_13,train
9284,ምግቡ አሁን አልደረሰኝም።,Complaint,6,Complaint_08,train
9285,ውሳኔውን ነገ ማታ አሳውቃለሁ።,Promise,8,Promise_11,val
9286,እባክሽ ክፍያውን ዛሬ ማታ አምጪልኝ።,Request,0,Request_05,test
9287,እባክሽ ውሉን ዛሬ ማታ አምጪልኝ።,Request,0,Request_05,train
9288,ይሻላል ክፍያውን በዚህ አመት ማድረግ።,Suggestion,3,Suggestion_08,train
9289,ማስጠንቀቂያ፣ ሪፖርቱን በፍጥነት ካላቀረብክ ቅጣት አለ።,Warning,4,Warning_05,train
9290,ምናልባት ምግቡን በፍጥነት ማዘጋጀት ይሻላል።,Suggestion,3,Suggestion_12,train
9291,ውሉ በዚህ ሳምንት አልተፈረመም።,Complaint,6,Complaint_04,test
9292,እርግጥ ነው፣ መረጃው ትክክል ነው... በጣም ግልጽ!,Sarcasm/Irony,5,Sarcasm/Irony_07,train
9293,ጤና ይስጥልኝ፣ ስራ እንዴት ነው?,Phatic,7,Phatic_02,train
9294,ሰላም፣ እንዴት ነህ?,Phatic,7,Phatic_01,test
9295,ሰላም፣ እንዴት ነህ?,Phatic,7,Phatic_01,test
9296,እንደኔ ሀሳብ መጽሐፉን በሚቀጥለው ቀን ማንበብ ይሻላል።,Suggestion,3,Suggestion_13,train
9297,ማስጠንቀቂያ፣ ኮንትራቱን ዛሬ ማታ ካላረጋገጥክ ችግር ይፈጥራል።,Warning,4,Warning_13,val
9298,የሰነዱ ጥራት ዝቅተኛ ነው።,Complaint,6,Complaint_11,test
9299,እባክዎ ሪፖርቱን ዛሬ ማታ ይላኩልኝ።,Request,0,Request_10,train
9300,ተጠንቀቅ፣ ስጦታውን በሚቀጥለው ቀን ካላደረግክ ችግር ይፈጥራል።,Warning,4,Warning_00,train
9301,እባክዎ ቦታውን ዛሬ ማታ ያስይዙልኝ።,Request,0,Request_12,train
9302,እርግጥ ነው፣ ክፍያው ተከፍሏል... በጣም ቀላል!,Sarcasm/Irony,5,Sarcasm/Irony_03,val
9303,ውሉን ዛሬ ማታ እፈርማለሁ።,Promise,8,Promise_04,train
9304,እርግጥ ነው፣ ክፍያው ጥሩ ነው... በጣም ጥሩ!,Sarcasm/Irony,5,Sarcasm/Irony_13,train
9305,ይቅርታ፣ ትዕዛዙን በዚህ ሳምንት መላክ አልችልም።,Refusal,2,Refusal_02,val
9306,ትዕዛዙ በሚቀጥለው ሳምንት አልደረሰኝም።,Complaint,6,Complaint_01,train
9307,ቦታው ነፃ ነው።,Assertion,1,Assertion_10,train
9308,ሀሳቤ መረጃውን ለጓደኛዋ ማጋራት ነው።,Suggestion,3,Suggestion_11,train
9309,መረጃው ትክክል ነው።,Assertion,1,Assertion_04,train
9310,ሰላም፣ እንዴት ነህ?,Phatic,7,Phatic_01,train
9311,ውሳኔውን በሚቀጥለው ሳምንት አሳውቃለሁ።,Promise,8,Promise_11,val
9312,የፖሊሱ ውሳኔ ትክክል ነው።,Assertion,1,Assertion_12,train
9313,ነጋዴው፣ ስራ እንዴት እየሄደ ነው?,Phatic,7,Phatic_14,train
9314,እባክሽ ምግቡን በዚህ ሳምንት አዘጋጅልኝ።,Request,0,Request_13,train
9315,አዎ፣ መጽሐፉ ተመልሷል... በጣም ቀላል!,Sarcasm/Irony,5,Sarcasm/Irony_10,train
9316,ነጋዴው፣ ስራ እንዴት እየሄደ ነው?,Phatic,7,Phatic_14,train
9317,ሀሳቤ ውሉን ነገ ማታ መፈረም ነው።,Suggestion,3,Suggestion_05,val
9318,ለአባቴ በፍጥነት እደውላለሁ።,Promise,8,Promise_10,val
9319,መረጃው ትክክል ነው።,Assertion,1,Assertion_04,train
9320,ሰላም፣ ስራ በፍርድ ቤት እንዴት ነው?,Phatic,7,Phatic_08,train
9321,የቦታው ችግር ከባለፈው ወር ጀምሮ አልተፈታም።,Complaint,6,Complaint_02,test
9322,የሸቀጡ ጥራት ዝቅተኛ ነው።,Complaint,6,Complaint_11,val
9323,እባክዎ ሪፖርቱን ነገ ይላኩልኝ።,Request,0,Request_10,train
9324,እባክዎ ቦታውን አሁን ይላኩልኝ።,Request,0,Request_04,val
9325,ውሉ ዛሬ ማታ ተፈርሟል።,Assertion,1,Assertion_07,train
9326,ሀሳቤ ውሉን በዚህ ሳምንት መፈረም ነው።,Suggestion,3,Suggestion_05,train
9327,አዎ፣ ውሉ ተፈርሟል... በጣም ቀላል ነበር!,Sarcasm/Irony,5,Sarcasm/Irony_04,train
9328,ሪፖርቱን በሚቀጥለው ሳምንት አቀርባለሁ።,Promise,8,Promise_05,val
9329,ምክሬ ቦታውን አሁን ማስያዝ ነው።,Suggestion,3,Suggestion_09,train
9330,ውሉን በዚህ ወር እፈርማለሁ።,Promise,8,Promise_04,train
9331,ተጠንቀቅ፣ መጽሐፉን በሚቀጥለው ቀን ካላመለስክ ቅጣት አለ።,Warning,4,Warning_10,train
9332,ውሳኔውን ዛሬ ማታ አሳውቃለሁ።,Promise,8,Promise_11,val
9333,ጤና ይስጥልኝ፣ ስራ እንዴት ነው?,Phatic,7,Phatic_02,train
9334,የቲኬቱ ችግርን በሚቀጥለው ሳምንት እፈታለሁ።,Promise,8,Promise_14,train
9335,እባክዎ መረጃውን በዚህ ወር ይላኩልኝ።,Request,0,Request_07,val
9336,እባክዎ ክፍያውን አሁን ያረጋግጡልኝ።,Request,0,Request_08,train
9337,እባክዎ ውሉን ለጓደኛዋ አሁን ይላኩልኝ።,Request,0,Request_02,train
9338,አይ፣ መጽሐፉን ማበደር አልችልም።,Refusal,2,Refusal_13,train
9339,ይቅርታ፣ ለእናቴ መላክ አልችልም።,Refusal,2,Refusal_05,val
9340,ትዕዛዙን ዛሬ አጠናቅቃለሁ።,Promise,8,Promise_02,train
9341,ሰነዱን በዚህ ወር አረጋግጣለሁ።,Promise,8,Promise_13,train
9342,ተጠንቀቅ፣ ስጦታውን ነገ ጠዋት ካላመጣህ ችግር ይፈጥራል።,Warning,4,Warning_06,train
9343,ስጦታውን በሚቀጥለው ወር አደርሳለሁ።,Promise,8,Promise_01,test
9344,ውሉን በዚህ ወር እፈርማለሁ።,Promise,8,Promise_04,train
9345,እንደምን አደረሽ?,Phatic,7,Phatic_09,val
9346,አይደለም፣ ሪፖርቱን ዛሬ ማጠናቀቅ አልችልም።,Refusal,2,Refusal_10,val
9347,አልችልም፣ ምግቡን ነገ ማዘጋጀት አልቻልኩም።,Refusal,2,Refusal_12,val
9348,እባክዎ ቲኬቱን አሁን ይላኩልኝ።,Request,0,Request_00,test
9349,አይደለም፣ ሪፖርቱን በሚቀጥለው ወር ማጠናቀቅ አልችልም።,Refusal,2,Refusal_10,val
9350,እባክሽ ደብዳቤውን በዚህ ሳምንት አምጪልኝ።,Request,0,Request_09,train
9351,ቦታው ነፃ ነው።,Assertion,1,Assertion_10,val
9352,ይቅርታ፣ ለአስተዳዳሪው መጥራት አልችልም።,Refusal,2,Refusal_11,test
9353,እርግጥ ነው፣ መረጃው ትክክል ነው... በጣም ግልጽ!,Sarcasm/Irony,5,Sarcasm/Irony_07,train
9354,ምክሬ ቦታውን አሁን ማስያዝ ነው።,Suggestion,3,Suggestion_09,train
9355,ተጠንቀቅ፣ ስራውን አሁን ካላጠናቀቅክ ቅጣት አለ።,Warning,4,Warning_14,train
9356,እርግጥ ነው፣ ትዕዛዙ በዚህ ወር ተጠናቀቀ... በጣም ፈጣን!,Sarcasm/Irony,5,Sarcasm/Irony_01,train
9357,ቦታው ዛሬ ማታ አልተያዘም።,Complaint,6,Complaint_07,train
9358,አይደለም፣ ሪፖርቱን በዚህ አመት ማጠናቀቅ አልችልም።,Refusal,2,Refusal_10,train
9359,ስጦታው በሚቀጥለው ቀን ደርሷል።,Assertion,1,Assertion_01,val
9360,አይደለም፣ ውሉን ዛሬ ጠዋት ማረጋገጥ አልችልም።,Refusal,2,Refusal_04,train
9361,የደንበኛው አገልግሎት መጥፎ ነው።,Complaint,6,Complaint_10,train
9362,ለጓደኛችን ዛሬ ማታ እደውላለሁ።,Promise,8,Promise_10,train
9363,እርግጥ ነው፣ መረጃው ትክክል ነው... በጣም ግልጽ!,Sarcasm/Irony,5,Sarcasm/Irony_07,train
9364,ሀሳቤ ውሉን ነገ መፈረም ነው።,Suggestion,3,Suggestion_05,val
9365,እርግጥ ነው፣ ሪፖርቱ ዝግጁ ነው... በጣም ፈጣን!,Sarcasm/Irony,5,Sarcasm/Irony_05,train
9366,ውሳኔው በዚህ ወር አልተሰጠም።,Complaint,6,Complaint_13,train
9367,ምናልባት ምግቡን በቅርቡ ማዘጋጀት ይሻላል።,Suggestion,3,Suggestion_12,test
9368,ሪፖርቱን በፍጥነት አቀርባለሁ።,Promise,8,Promise_05,val
9369,እንደሚመስለኝ ትዕዛዙን በሚቀጥለው ወር ማጠናቀቅ ይሻላል።,Suggestion,3,Suggestion_04,train
9370,አይደለም፣ ሪፖርቱን ዛሬ ጠዋት ማጠናቀቅ አልችልም።,Refusal,2,Refusal_10,val
9371,ማስጠንቀቂያ፣ ትዕዛዙን ነገ ካላጠናቀቅክ ቅጣት አለ።,Warning,4,Warning_01,train
9372,ይቅርታ፣ መረጃውን ማጋራት አልችልም።,Refusal,2,Refusal_08,train
9373,የምግቡ ዋጋ ተቀይሯል።,Assertion,1,Assertion_09,train
9374,አዎ፣ ውሉ ተፈርሟል... በጣም ቀላል ነበር!,Sarcasm/Irony,5,Sarcasm/Irony_04,val
9375,አልፈልግም፣ መጽሐፉን አልቀበልም።,Refusal,2,Refusal_03,train
9376,ነጋዴው፣ ዛሬ እንዴት ነው?,Phatic,7,Phatic_07,train
9377,ትዕዛዙን ዛሬ አጠናቅቃለሁ።,Promise,8,Promise_02,test
9378,እርግጥ ነው፣ ቦታው ጥሩ ነው... በጣም ጥሩ!,Sarcasm/Irony,5,Sarcasm/Irony_13,val
9379,እባክዎ መጽሐፉን በሚቀጥለው ወር ይላኩልኝ።,Request,0,Request_14,train
9380,ውሉን ዛሬ ማታ እፈርማለሁ።,Promise,8,Promise_04,train
9381,እንደኔ ሀሳብ ሪፖርቱን ነገ ማቅረብ ይሻላል።,Suggestion,3,Suggestion_07,train
9382,እርግጥ ነው፣ መረጃው ትክክል ነው... በጣም ግልጽ!,Sarcasm/Irony,5,Sarcasm/Irony_07,val
9383,የቲኬቱ ዋጋ ተቀይሯል።,Assertion,1,Assertion_09,train
9384,ቦታው ነፃ ነው።,Assertion,1,Assertion_10,train
9385,መረጃውን ነገ እላካለሁ።,Promise,8,Promise_06,val
9386,እንደኔ ሀሳብ ሪፖርቱን በቅርቡ ማቅረብ ይሻላል።,Suggestion,3,Suggestion_07,train
9387,ለወንድሜ አሁን አልደወሉልኝም።,Complaint,6,Complaint_14,train
9388,እባክዎ መረጃውን በቅርቡ ይላኩልኝ።,Request,0,Request_07,train
9389,እንደምን አደረሽ?,Phatic,7,Phatic_09,train
9390,የሪፖርቱ ዋጋ ተቀይሯል።,Assertion,1,Assertion_09,test
9391,ጤና ይስጥልኝ፣ ቤተሰብ እንዴት ናቸው?,Phatic,7,Phatic_06,train
9392,መጽሐፉ በፍጥነት ደረሰ።,Assertion,1,Assertion_11,train
9393,ጤና ይስጥልኝ፣ ዛሬ እንዴት ነው?,Phatic,7,Phatic_13,train
9394,እርግጥ ነው፣ ውሳኔው ትክክል ነው... በጣም ጥሩ!,Sarcasm/Irony,5,Sarcasm/Irony_11,test
9395,አልችልም፣ ቲኬቱን በዚህ አመት ማድረስ አልቻልኩም።,Refusal,2,Refusal_00,train
9396,ሪፖርቱ በሚቀጥለው ቀን አልቀረበም።,Complaint,6,Complaint_05,train
9397,እባክዎ ቦታውን በሚቀጥለው ቀን ያስይዙልኝ።,Request,0,Request_12,test
9398,እንደሚመስለኝ ስጦታውን ነገ ማምጣት ይሻላል።,Suggestion,3,Suggestion_10,test
9399,አዎ፣ ውሉ ተፈርሟል... በጣም ቀላል ነበር!,Sarcasm/Irony,5,Sarcasm/Irony_04,val
9400,ማስጠንቀቂያ፣ ውሳኔውን በሚቀጥለው ቀን ካላሳወቅክ ችግር ይፈጥራል።,Warning,4,Warning_11,train
9401,ሰነዱን ዛሬ አረጋግጣለሁ።,Promise,8,Promise_13,train
9402,ስጦታው ገና ወደ ሆቴል ነገ ማታ አልደረሰኝም።,Complaint,6,Complaint_00,train
9403,ሪፖርቱ ዛሬ ማታ አልቀረበም።,Complaint,6,Complaint_05,train
9404,እባክዎ ክፍያውን በሚቀጥለው ሳምንት ያረጋግጡልኝ።,Request,0,Request_08,train
9405,እባክዎ ትዕዛዙን ለቤተሰቤ አሁን ይላኩልኝ።,Request,0,Request_03,train
9406,ማስጠንቀቂያ፣ ሪፖርቱን በዚህ አመት ካላቀረብክ ቅጣት አለ።,Warning,4,Warning_05,train
9407,እርግጥ ነው፣ ሪፖርቱ ዝግጁ ነው... በጣም ፈጣን!,Sarcasm/Irony,5,Sarcasm/Irony_05,val
9408,አልፈልግም፣ ቦታውን ማስያዝ አልችልም።,Refusal,2,Refusal_09,train
9409,የሸቀጡ ዋጋ ተቀይሯል።,Assertion,1,Assertion_09,train
9410,ጤና ይስጥልኝ፣ ቤተሰብ እንዴት ናቸው?,Phatic,7,Phatic_06,test
9411,ትዕዛዙን ነገ አጠናቅቃለሁ።,Promise,8,Promise_02,val
9412,አዎ፣ ስጦታው ደርሷል... በጣም ጥሩ!,Sarcasm/Irony,5,Sarcasm/Irony_06,train
9413,ሰላም ነው?,Phatic,7,Phatic_04,train
9414,የመልእክቱ ችግር ከጠዋቱ ጀምሮ አልተፈታም።,Complaint,6,Complaint_02,val
9415,ምናልባት ምግቡን በሚቀጥለው ሳምንት ማዘጋጀት ይሻላል።,Suggestion,3,Suggestion_12,val
9416,ሪፖርቱን በዚህ ወር አቀርባለሁ።,Promise,8,Promise_05,test
9417,ውሉ ነገ ጠዋት አልተፈረመም።,Complaint,6,Complaint_04,train
9418,እንደኔ ሀሳብ መጽሐፉን በሚቀጥለው ቀን ማንበብ ይሻላል።,Suggestion,3,Suggestion_13,train
9419,አዎ፣ ለፖሊሱ ደውያለሁ... በጣም ቀላል!,Sarcasm/Irony,5,Sarcasm/Irony_14,train
9420,ሪፖርቱ በዚህ ወር አልቀረበም።,Complaint,6,Complaint_05,test
9421,እርግጥ ነው፣ መረጃው ትክክል ነው... በጣም ግልጽ!,Sarcasm/Irony,5,Sarcasm/Irony_07,train
9422,ውሳኔውን በሚቀጥለው ሳምንት አሳውቃለሁ።,Promise,8,Promise_11,train
9423,መረጃው ትክክል ነው።,Assertion,1,Assertion_04,train
9424,ምግቡ በቅርቡ አልደረሰኝም።,Complaint,6,Complaint_08,train
9425,ተጠንቀቅ፣ ለወንድሜ ካልላክ ችግር ይፈጥራል።,Warning,4,Warning_02,val
9426,የፋይሉ ዋጋ ተቀይሯል።,Assertion,1,Assertion_09,val
9427,ነጋዴው፣ ስራ በአውሮፕላን ማረፊያ እንዴት ነው?,Phatic,7,Phatic_00,train
9428,ስጦታው ዛሬ ጠዋት ደርሷል።,Assertion,1,Assertion_01,train
9429,ውሉ በሚቀጥለው ሳምንት ተፈርሟል።,Assertion,1,Assertion_07,train
9430,ሪፖርቱ ዝግጁ ነው።,Assertion,1,Assertion_08,train
9431,እባክዎ መረጃውን ነገ ይላኩልኝ።,Request,0,Request_07,train
9432,ተጠንቀቅ፣ ቦታውን ነገ ጠዋት ካላስያዝክ ይያዛል።,Warning,4,Warning_08,train
9433,መረጃው ትክክል ነው።,Assertion,1,Assertion_04,train
9434,ማስጠንቀቂያ፣ ትዕዛዙን ነገ ካላጠናቀቅክ ቅጣት አለ።,Warning,4,Warning_01,train
9435,ውሳኔው ዛሬ አልተሰጠም።,Complaint,6,Complaint_13,train
9436,ማስጠንቀቂያ፣ ክፍያውን በቅርቡ ካላደረግክ አገልግሎት ይቋረጣል።,Warning,4,Warning_03,train
9437,ቦታውን በዚህ ወር አስይዛለሁ።,Promise,8,Promise_07,train
9438,እንደሚመስለኝ ትዕዛዙን ነገ ማጠናቀቅ ይሻላል።,Suggestion,3,Suggestion_04,train
9439,ጤና ይስጥልኝ፣ ጓደኛዋ እንዴት ነው?,Phatic,7,Phatic_10,train
9440,እባክዎ ውሉን አሁን ይላኩልኝ።,Request,0,Request_04,train
9441,እንደምን አደረሽ?,Phatic,7,Phatic_09,train
9442,ሀሳቤ መረጃውን ለጓደኛችን ማጋራት ነው።,Suggestion,3,Suggestion_11,test
9443,ነጋዴው፣ ስራ እንዴት እየሄደ ነው?,Phatic,7,Phatic_14,train
9444,ነጋዴው፣ ስራ በባንክ እንዴት ነው?,Phatic,7,Phatic_00,val
9445,አዎ፣ መጽሐፉ ተመልሷል... በጣም ቀላል!,Sarcasm/Irony,5,Sarcasm/Irony_10,test
9446,የአባቴ አገልግሎት መጥፎ ነው።,Complaint,6,Complaint_10,val
9447,ሪፖርቱ ዝግጁ ነው።,Assertion,1,Assertion_08,val
9448,ይቅርታ፣ ለባልደረባዬ መላክ አልችልም።,Refusal,2,Refusal_05,train
9449,ምግቡን ነገ አዘጋጃለሁ።,Promise,8,Promise_08,train
9450,ቦታውን በሚቀጥለው ወር አስይዛለሁ።,Promise,8,Promise_07,test
9451,ተጠንቀቅ፣ መጽሐፉን በሚቀጥለው ቀን ካላመለስክ ቅጣት አለ።,Warning,4,Warning_10,test
9452,እርግጥ ነው፣ መረጃው ትክክል ነው... በጣም ግልጽ!,Sarcasm/Irony,5,Sarcasm/Irony_07,train
9453,አይ፣ ክፍያውን አሁን ማድረግ አልችልም።,Refusal,2,Refusal_07,train
9454,አልቻልኩም፣ ስጦታውን ነገ ማምጣት አልቻልኩም።,Refusal,2,Refusal_06,train
9455,እባክዎ ሪፖርቱን በሚቀጥለው ቀን ይላኩልኝ።,Request,0,Request_10,train
9456,ማስጠንቀቂያ፣ መረጃውን ካላጋራህ ችግር ይፈጥራል።,Warning,4,Warning_07,train
9457,ለቤተሰቤ በዚህ ሳምንት እደውላለሁ።,Promise,8,Promise_10,val
9458,ለወንድሜ በዚህ አመት እደውላለሁ።,Promise,8,Promise_10,train
9459,እርግጥ ነው፣ ክፍያው ተከፍሏል... በጣም ቀላል!,Sarcasm/Irony,5,Sarcasm/Irony_03,train
9460,ነጋዴው፣ ስራ በሬስቶራንት እንዴት ነው?,Phatic,7,Phatic_00,train
9461,ምክሬ ቦታውን አሁን ማስያዝ ነው።,Suggestion,3,Suggestion_09,train
9462,እባክዎ ክፍያውን በዚህ ሳምንት ያረጋግጡልኝ።,Request,0,Request_08,train
9463,የመረጃው ችግር ከአርብ ጀምሮ ከሰራተኛው ጋር እፈታለሁ።,Assertion,1,Assertion_00,train
9464,ስራው በሚቀጥለው ቀን ተጀምሯል።,Assertion,1,Assertion_13,train
9465,ሀሳቤ መረጃውን ለደንበኛው ማጋራት ነው።,Suggestion,3,Suggestion_11,train
9466,አይ፣ ክፍያውን አሁን ማድረግ አልችልም።,Refusal,2,Refusal_07,val
9467,ይቅርታ፣ ለእናቴ መጥራት አልችልም።,Refusal,2,Refusal_11,train
9468,ማስጠንቀቂያ፣ ውሳኔውን በሚቀጥለው ወር ካላረጋገጥክ ችግር ይፈጥራል።,Warning,4,Warning_13,val
9469,ክፍያው ተከፍሏል።,Assertion,1,Assertion_05,train
9470,እባክዎ ቦታውን በሚቀጥለው ወር ያስይዙልኝ።,Request,0,Request_12,train
9471,አዎ፣ ለጓደኛችን ደውያለሁ... በጣም ቀላል!,Sarcasm/Irony,5,Sarcasm/Irony_14,train
9472,የቤተሰቤ ስራ በፍርድ ቤት ጥሩ ነው።,Assertion,1,Assertion_06,train
9473,ስራውን በቅርቡ አጠናቅቃለሁ።,Promise,8,Promise_12,train
9474,ተጠንቀቅ፣ ለደንበኛው ካልደወልክ ችግር ይፈጥራል።,Warning,4,Warning_12,train
9475,አልፈልግም፣ ቦታውን ማስያዝ አልችልም።,Refusal,2,Refusal_09,test
9476,ስራው በሚቀጥለው ወር ተጀምሯል።,Assertion,1,Assertion_13,train
9477,ይሻላል ቲኬቱን ለሰራተኛው ማሳወቅ።,Suggestion,3,Suggestion_02,train
9478,ሀሳቤ ውሉን በሚቀጥለው ወር መፈረም ነው።,Suggestion,3,Suggestion_05,train
9479,ስጦታውን በፍጥነት አደርሳለሁ።,Promise,8,Promise_01,train
9480,የውሉ ችግር ከባለፈው ሳምንት ጀምሮ ከአጋሬ ጋር እፈታለሁ።,Assertion,1,Assertion_00,test
9481,እባክዎ ውሉን ለደንበኛው በዚህ ሳምንት ይላኩልኝ።,Request,0,Request_11,train
9482,እርግጥ ነው፣ ምግቡ ዝግጁ ነው... በጣም ጣፋጭ!,Sarcasm/Irony,5,Sarcasm/Irony_09,val
9483,እንደኔ ሀሳብ ሪፖርቱን ዛሬ ማቅረብ ይሻላል።,Suggestion,3,Suggestion_07,train
9484,ምክሬ ቦታውን አሁን ማስያዝ ነው።,Suggestion,3,Suggestion_09,train
9485,እንደኔ ሀሳብ ሪፖርቱን በሚቀጥለው ሳምንት ማቅረብ ይሻላል።,Suggestion,3,Suggestion_07,val
9486,እርግጥ ነው፣ ውሳኔው ትክክል ነው... በጣም ጥሩ!,Sarcasm/Irony,5,Sarcasm/Irony_11,train
9487,እባክሽ ምግቡን ነገ ጠዋት አዘጋጅልኝ።,Request,0,Request_13,train
9488,የአስተዳዳሪው አገልግሎት መጥፎ ነው።,Complaint,6,Complaint_10,train
9489,እባክዎ ሪፖርቱን በፍጥነት ይላኩልኝ።,Request,0,Request_10,train
9490,ቦታውን ነገ አስይዛለሁ።,Promise,8,Promise_07,val
9491,አልፈልግም፣ ቦታውን ማስያዝ አልችልም።,Refusal,2,Refusal_09,val
9492,የትዕዛዙ ችግር ከማክሰኞ ጀምሮ ከአለቃዬ ጋር እፈታለሁ።,Promise,8,Promise_00,train
9493,ትዕዛዙ ነገ ጠዋት ተጠናቀቀ።,Assertion,1,Assertion_02,train
9494,ነጋዴው፣ ስራ በሱቅ እንዴት ነው?,Phatic,7,Phatic_00,train
9495,ትዕዛዙ ዛሬ ጠዋት ተጠናቀቀ።,Assertion,1,Assertion_02,train
9496,መጽሐፉን በዚህ አመት አመልሳለሁ።,Promise,8,Promise_09,train
9497,እንደኔ ሀሳብ ትዕዛዙን ዛሬ መላክ ይሻላል።,Suggestion,3,Suggestion_01,train
9498,ማስጠንቀቂያ፣ ሪፖርቱን ነገ ካላቀረብክ ቅጣት አለ።,Warning,4,Warning_05,train
9499,እንደሚመስለኝ ትዕዛዙን በሚቀጥለው ወር ማጠናቀቅ ይሻላል።,Suggestion,3,Suggestion_04,train
9500,እባክዎ ትዕዛዙን ለእናቴ በዚህ አመት ይላኩልኝ።,Request,0,Request_03,val
9501,የሪፖርቱ ችግር ከአርብ ጀምሮ ከሰራተኛው ጋር እፈታለሁ።,Assertion,1,Assertion_00,train
9502,ይቅርታ፣ ለወንድሜ መጥራት አልችልም።,Refusal,2,Refusal_11,train
9503,ቦታው ነፃ ነው።,Assertion,1,Assertion_10,train
9504,ሪፖርቱ ነገ ጠዋት አልቀረበም።,Complaint,6,Complaint_05,train
9505,እንደምን አደርክ?,Phatic,7,Phatic_03,val
9506,እባክዎ ክፍያውን ነገ ያረጋግጡልኝ።,Request,0,Request_08,train
9507,ውሉን ዛሬ እፈርማለሁ።,Promise,8,Promise_04,train
9508,ውሉ በዚህ ሳምንት አልተፈረመም።,Complaint,6,Complaint_04,test
9509,እባክዎ ክፍያውን በሚቀጥለው ቀን ይላኩልኝ።,Request,0,Request_00,train
9510,መረጃውን ዛሬ ማታ አረጋግጣለሁ።,Promise,8,Promise_13,train
9511,ማስጠንቀቂያ፣ ውሳኔውን በፍጥነት ካላሳወቅክ ችግር ይፈጥራል።,Warning,4,Warning_11,train
9512,ለፖሊሱ ዛሬ ማታ እደውላለሁ።,Promise,8,Promise_10,train
9513,አልችልም፣ ክፍያውን በሚቀጥለው ሳምንት ማድረስ አልቻልኩም።,Refusal,2,Refusal_00,train
9514,የስጦታው ሁኔታ ጥሩ ነው።,Assertion,1,Assertion_03,val
9515,ትዕዛዙ ዛሬ ተጠናቀቀ።,Assertion,1,Assertion_02,test
9516,አልችልም፣ ትዕዛዙን በዚህ ሳምንት ማድረስ አልቻልኩም።,Refusal,2,Refusal_00,val
9517,አይ፣ ክፍያውን አሁን ማድረግ አልችልም።,Refusal,2,Refusal_07,train
9518,እርግጥ ነው፣ ትዕዛዙ በዚህ ወር ተጠናቀቀ... በጣም ፈጣን!,Sarcasm/Irony,5,Sarcasm/Irony_01,train
9519,እባክዎ ቦታውን ዛሬ ያስይዙልኝ።,Request,0,Request_12,train
9520,ስጦታውን በሚቀጥለው ወር አደርሳለሁ።,Promise,8,Promise_01,train
9521,ነጋዴው፣ ስራ እንዴት እየሄደ ነው?,Phatic,7,Phatic_14,train
9522,ቦታውን ዛሬ ማታ አስይዛለሁ።,Promise,8,Promise_07,train
9523,ይቅርታ፣ ትዕዛዙን ነገ መላክ አልችልም።,Refusal,2,Refusal_02,train
9524,አዎ፣ ለአባቴ ደውያለሁ... በጣም ቀላል!,Sarcasm/Irony,5,Sarcasm/Irony_14,test
9525,እባክሽ ውሉን ዛሬ ማታ አምጪልኝ።,Request,0,Request_05,train
9526,እባክዎ ስጦታውን ዛሬ ያድርሱልኝ።,Request,0,Request_06,val
9527,ነጋዴው፣ ስራ በአውሮፕላን ማረፊያ እንዴት ነው?,Phatic,7,Phatic_00,test
9528,ተጠንቀቅ፣ ውሉን በዚህ አመት ካልፈረምክ ህጋዊ ችግር ይፈጥራል።,Warning,4,Warning_04,train
9529,የትዕዛዙ ችግር ከማክሰኞ ጀምሮ ከጓደኛችን ጋር እፈታለሁ።,Promise,8,Promise_00,train
9530,ነጋዴው፣ ስራ በዩኒቨርሲቲ እንዴት ነው?,Phatic,7,Phatic_00,train
9531,ምግቡ ዛሬ አልደረሰኝም።,Complaint,6,Complaint_08,train
9532,የትዕዛዙ ዋጋ ተቀይሯል።,Assertion,1,Assertion_09,test
9533,እባክዎ ስጦታውን ነገ ማታ ያድርሱልኝ።,Request,0,Request_06,val
9534,እባክዎ ፓኬጁን ለደንበኛው በሚቀጥለው ወር ይላኩልኝ።,Request,0,Request_11,train
9535,ማስጠንቀቂያ፣ ምግቡን ነገ ካላረጋገጥክ ችግር ይፈጥራል።,Warning,4,Warning_13,train
9536,የአስተዳዳሪው አገልግሎት መጥፎ ነው።,Complaint,6,Complaint_10,val
9537,እርግጥ ነው፣ ውሳኔው ትክክል ነው... በጣም ጥሩ!,Sarcasm/Irony,5,Sarcasm/Irony_11,train
9538,ማስጠንቀቂያ፣ ክፍያውን በዚህ ሳምንት ካላደረግክ አገልግሎት ይቋረጣል።,Warning,4,Warning_03,test
9539,መጽሐፉን በዚህ ወር አመልሳለሁ።,Promise,8,Promise_09,train
9540,እባክዎ መረጃውን ነገ ይላኩልኝ።,Request,0,Request_00,test
9541,ውሳኔው ነገ አልተሰጠም።,Complaint,6,Complaint_13,test
9542,አዎ፣ ኮንትራቱን ነገ ማታ አደረግኩት... ትክክል ነው!,Sarcasm/Irony,5,Sarcasm/Irony_00,train
9543,ሰላም ነው ወንድሜ?,Phatic,7,Phatic_11,train
9544,ማስጠንቀቂያ፣ ምግቡን በዚህ ወር ካላዘጋጀህ ችግር ይፈጥራል።,Warning,4,Warning_09,train
9545,ነጋዴው፣ ስራ እንዴት እየሄደ ነው?,Phatic,7,Phatic_14,train
9546,እባክዎ ክፍያውን አሁን ያረጋግጡልኝ።,Request,0,Request_08,train
9547,የመረጃው ችግር ከባለፈው ሳምንት ጀምሮ ከወንድሜ ጋር እፈታለሁ።,Assertion,1,Assertion_00,test
9548,ትዕዛዙን በሚቀጥለው ቀን አጠናቅቃለሁ።,Promise,8,Promise_02,train
9549,አዎ፣ ለእህቴ ደውያለሁ... በጣም ቀላል!,Sarcasm/Irony,5,Sarcasm/Irony_14,val
9550,ምክሬ አገልግሎቱን አሁን ማረጋገጥ ነው።,Suggestion,3,Suggestion_03,train
9551,ውሉን በሚቀጥለው ቀን እፈርማለሁ።,Promise,8,Promise_04,val
9552,እባክዎ ሪፖርቱን ዛሬ ማታ ይላኩልኝ።,Request,0,Request_10,val
9553,ጤና ይስጥልኝ፣ ስራ እንዴት ነው?,Phatic,7,Phatic_02,test
9554,የደንበኛው ስራ በሱቅ ጥሩ ነው።,Assertion,1,Assertion_06,val
9555,ምግቡን በዚህ ሳምንት አዘጋጃለሁ።,Promise,8,Promise_08,val
9556,አይ፣ ክፍያውን አሁን ማድረግ አልችልም።,Refusal,2,Refusal_07,train
9557,ስራውን በዚህ አመት አጠናቅቃለሁ።,Promise,8,Promise_12,test
9558,ምግቡን በዚህ ሳምንት አዘጋጃለሁ።,Promise,8,Promise_08,train
9559,ሰላም፣ ስራ በፍርድ ቤት እንዴት ነው?,Phatic,7,Phatic_08,val
9560,ስጦታው ዛሬ ጠዋት ደርሷል።,Assertion,1,Assertion_01,train
9561,እባክሽ መጽሐፉን ዛሬ አምጪልኝ።,Request,0,Request_01,train
9562,እንዴት ነህ ጓደኛ?,Phatic,7,Phatic_12,train
9563,እባክሽ ምግቡን በሚቀጥለው ወር አዘጋጅልኝ።,Request,0,Request_13,train
9564,ነጋዴው፣ ስራ እንዴት እየሄደ ነው?,Phatic,7,Phatic_14,val
9565,ጤና ይስጥልኝ፣ ዛሬ እንዴት ነው?,Phatic,7,Phatic_13,train
9566,ክፍያው ተከፍሏል።,Assertion,1,Assertion_05,train
9567,አዎ፣ ስጦታው ደርሷል... በጣም ጥሩ!,Sarcasm/Irony,5,Sarcasm/Irony_06,test
9568,መረጃውን በፍጥነት እላካለሁ።,Promise,8,Promise_06,train
9569,ማስጠንቀቂያ፣ ሸቀጡን በሚቀጥለው ቀን ካላረጋገጥክ ችግር ይፈጥራል።,Warning,4,Warning_13,train
9570,ምክሬ ቦታውን አሁን ማስያዝ ነው።,Suggestion,3,Suggestion_09,train
9571,ይቅርታ፣ ትዕዛዙን በቅርቡ መላክ አልችልም።,Refusal,2,Refusal_02,train
9572,እባክዎ ሪፖርቱን ዛሬ ይላኩልኝ።,Request,0,Request_10,train
9573,እባክሽ መጽሐፉን ዛሬ ማታ አምጪልኝ።,Request,0,Request_05,val
9574,ስራው በዚህ አመት አልተጠናቀቀም።,Complaint,6,Complaint_12,train
9575,የጓደኛዋ ውሳኔ ትክክል ነው።,Assertion,1,Assertion_12,test
9576,ሰላም፣ እንዴት ነህ?,Phatic,7,Phatic_01,train
9577,እርግጥ ነው፣ ውሳኔው ጥሩ ነው... በጣም ጥሩ!,Sarcasm/Irony,5,Sarcasm/Irony_13,train
9578,አይደለም፣ ውሉን ዛሬ ጠዋት ማረጋገጥ አልችልም።,Refusal,2,Refusal_04,val
9579,አይደለም፣ ሪፖርቱን ዛሬ ጠዋት ማጠናቀቅ አልችልም።,Refusal,2,Refusal_10,train
9580,እንደኔ ሀሳብ ሪፖርቱን በሚቀጥለው ቀን ማቅረብ ይሻላል።,Suggestion,3,Suggestion_07,train
9581,እባክዎ ሰነዱን አሁን ይላኩልኝ።,Request,0,Request_04,val
9582,ሀሳቤ ውሉን በሚቀጥለው ሳምንት መፈረም ነው።,Suggestion,3,Suggestion_05,train
9583,አልፈልግም፣ ቦታውን ማስያዝ አልችልም።,Refusal,2,Refusal_09,train
9584,የጓደኛዋ ስራ በቤት ጥሩ ነው።,Assertion,1,Assertion_06,test
9585,ሪፖርቱን ዛሬ ማታ አቀርባለሁ።,Promise,8,Promise_05,train
9586,የትዕዛዙ ጥራት ዝቅተኛ ነው።,Complaint,6,Complaint_11,train
9587,ክፍያው ተከፍሏል።,Assertion,1,Assertion_05,test
9588,ማስጠንቀቂያ፣ ምግቡን በሚቀጥለው ወር ካላዘጋጀህ ችግር ይፈጥራል።,Warning,4,Warning_09,test
9589,አልችልም፣ ምግቡን በዚህ ወር ማዘጋጀት አልቻልኩም።,Refusal,2,Refusal_12,train
9590,አልፈልግም፣ ፋይሉን አልቀበልም።,Refusal,2,Refusal_03,train
9591,ክፍያውን በሚቀጥለው ሳምንት አረጋግጣለሁ።,Promise,8,Promise_13,test
9592,አዎ፣ ስጦታው ደርሷል... በጣም ጥሩ!,Sarcasm/Irony,5,Sarcasm/Irony_06,train
9593,ሰላም ነው?,Phatic,7,Phatic_04,train
9594,ሀሳቤ ውሉን አሁን መፈረም ነው።,Suggestion,3,Suggestion_05,train
9595,እርግጥ ነው፣ ውሳኔው ትክክል ነው... በጣም ጥሩ!,Sarcasm/Irony,5,Sarcasm/Irony_11,val
9596,የአገልግሎቱ ችግርን ዛሬ እፈታለሁ።,Promise,8,Promise_14,train
9597,መረጃው በዚህ አመት አልደረሰኝም።,Complaint,6,Complaint_06,val
9598,ነጋዴው፣ ዛሬ እንዴት ነው?,Phatic,7,Phatic_07,train
9599,ነጋዴው፣ ስራ እንዴት እየሄደ ነው?,Phatic,7,Phatic_14,train
9600,አዎ፣ ቦታው ነፃ ነው... በጣም ምቹ!,Sarcasm/Irony,5,Sarcasm/Irony_08,train
9601,ምግቡን ነገ ጠዋት አዘጋጃለሁ።,Promise,8,Promise_08,val
9602,ምክሬ ቦታውን አሁን ማስያዝ ነው።,Suggestion,3,Suggestion_09,train
9603,ውሉ አሁን ተፈርሟል።,Assertion,1,Assertion_07,val
9604,መጽሐፉ ዛሬ ጠዋት ደረሰ።,Assertion,1,Assertion_11,train
9605,ስራው በሚቀጥለው ሳምንት ተጀምሯል።,Assertion,1,Assertion_13,train
9606,ምግቡን ዛሬ አዘጋጃለሁ።,Promise,8,Promise_08,train
9607,ክፍያው በዚህ ወር አልተከፈለም።,Complaint,6,Complaint_03,train
9608,እባክዎ መጽሐፉን በዚህ ወር ይላኩልኝ።,Request,0,Request_14,train
9609,ምግቡን አሁን አዘጋጃለሁ።,Promise,8,Promise_08,test
9610,እንደምን አደረሽ?,Phatic,7,Phatic_09,val
9611,ሀሳቤ ውሉን ዛሬ ጠዋት መፈረም ነው።,Suggestion,3,Suggestion_05,val
9612,ማስጠንቀቂያ፣ መረጃውን ካላጋራህ ችግር ይፈጥራል።,Warning,4,Warning_07,train
9613,ጤና ይስጥልኝ፣ ጓደኛዋ እንዴት ነው?,Phatic,7,Phatic_10,val
9614,አይደለም፣ ውሉን ዛሬ ማታ ማረጋገጥ አልችልም።,Refusal,2,Refusal_04,val
9615,ይቅርታ፣ ውሳኔውን በሚቀጥለው ሳምንት ማሳወቅ አልችልም።,Refusal,2,Refusal_14,test
9616,የስራው ችግርን ነገ እፈታለሁ።,Promise,8,Promise_14,val
9617,መጽሐፉን በሚቀጥለው ሳምንት አመልሳለሁ።,Promise,8,Promise_09,train
9618,ምክሬ ስጦታውን አሁን ማረጋገጥ ነው።,Suggestion,3,Suggestion_03,val
9619,ሪፖርቱ በሚቀጥለው ወር አልቀረበም።,Complaint,6,Complaint_05,train
9620,እባክዎ ቦታውን በዚህ አመት ያስይዙልኝ።,Request,0,Request_12,train
9621,እባክዎ መረጃውን ዛሬ ማታ ይላኩልኝ።,Request,0,Request_07,train
9622,እባክዎ ስጦታውን በሚቀጥለው ወር ያድርሱልኝ።,Request,0,Request_06,test
9623,እንደሚመስለኝ ትዕዛዙን በዚህ ወር ማጠናቀቅ ይሻላል።,Suggestion,3,Suggestion_04,val
9624,እንደሚመስለኝ ትዕዛዙን አሁን ማጠናቀቅ ይሻላል።,Suggestion,3,Suggestion_04,train
9625,እባክዎ መጽሐፉን አሁን ይላኩልኝ።,Request,0,Request_14,train
9626,መረጃው ትክክል ነው።,Assertion,1,Assertion_04,train
9627,እንደምን አደረሽ?,Phatic,7,Phatic_09,train
9628,እርግጥ ነው፣ ውሳኔው ትክክል ነው... በጣም ጥሩ!,Sarcasm/Irony,5,Sarcasm/Irony_11,val
9629,ተጠንቀቅ፣ ስራውን በፍጥነት ካላጠናቀቅክ ቅጣት አለ።,Warning,4,Warning_14,train
9630,እባክዎ ስጦታውን ዛሬ ማታ ይላኩልኝ።,Request,0,Request_00,train
9631,እንደምን አደርክ?,Phatic,7,Phatic_03,train
9632,አይ፣ አሁን መልእክቱ ማድረግ አልችልም።,Refusal,2,Refusal_01,train
9633,አይ፣ አሁን ስራው ማድረግ አልችልም።,Refusal,2,Refusal_01,train
9634,እባክሽ መጽሐፉን ዛሬ አምጪልኝ።,Request,0,Request_01,train
9635,ጤና ይስጥልኝ፣ ቤተሰብ እንዴት ናቸው?,Phatic,7,Phatic_06,val
9636,እባክዎ ውሉን ለባልደረባዬ በፍጥነት ይላኩልኝ።,Request,0,Request_02,train
9637,አልፈልግም፣ ክፍያውን አልቀበልም።,Refusal,2,Refusal_03,train
9638,እንደኔ ሀሳብ መጽሐፉን ዛሬ ማንበብ ይሻላል።,Suggestion,3,Suggestion_13,val
9639,ጤና ይስጥልኝ፣ ዛሬ እንዴት ነው?,Phatic,7,Phatic_13,train
9640,ሪፖርቱ ዝግጁ ነው።,Assertion,1,Assertion_08,test
9641,አዎ፣ ስጦታው ደርሷል... በጣም ጥሩ!,Sarcasm/Irony,5,Sarcasm/Irony_06,train
9642,ጤና ይስጥልኝ፣ ቤተሰብ እንዴት ናቸው?,Phatic,7,Phatic_06,val
9643,እንደምን አደርክ?,Phatic,7,Phatic_03,val
9644,ለእናቴ በቅርቡ እደውላለሁ።,Promise,8,Promise_10,test
9645,እባክዎ ምግቡን አሁን ይላኩልኝ።,Request,0,Request_04,test
9646,አዎ፣ ስራው ተጠናቀቀ... በጣም ፈጣን!,Sarcasm/Irony,5,Sarcasm/Irony_12,train
9647,ለእህቴ ነገ አልደወሉልኝም።,Complaint,6,Complaint_14,test
9648,አልችልም፣ ምግቡን ነገ ጠዋት ማዘጋጀት አልቻልኩም።,Refusal,2,Refusal_12,train
9649,ምግቡን ዛሬ ጠዋት አዘጋጃለሁ።,Promise,8,Promise_08,train
9650,ስጦታው ነገ ጠዋት ደርሷል።,Assertion,1,Assertion_01,train
9651,እባክሽ ደብዳቤውን በሚቀጥለው ወር አምጪልኝ።,Request,0,Request_09,test
9652,መረጃውን በዚህ አመት እላካለሁ።,Promise,8,Promise_06,test
9653,ውሉን ዛሬ ጠዋት እፈርማለሁ።,Promise,8,Promise_04,test
9654,የስራው ጥራት ከፍተኛ ነው።,Assertion,1,Assertion_14,train
9655,ምክሬ ፓኬጁን አሁን ማረጋገጥ ነው።,Suggestion,3,Suggestion_03,val
9656,እባክዎ ትዕዛዙን ለአለቃዬ ዛሬ ይላኩልኝ።,Request,0,Request_03,test
9657,አዎ፣ ለሰራተኛው ደውያለሁ... በጣም ቀላል!,Sarcasm/Irony,5,Sarcasm/Irony_14,train
9658,የወንድሜ አገልግሎት መጥፎ ነው።,Complaint,6,Complaint_10,train
9659,ይሻላል ስጦታውን ለአስተዳዳሪው ማሳወቅ።,Suggestion,3,Suggestion_02,train
9660,አዎ፣ ፋይሉን ነገ አደረግኩት... ትክክል ነው!,Sarcasm/Irony,5,Sarcasm/Irony_00,train
9661,አልፈልግም፣ አገልግሎቱን አልቀበልም።,Refusal,2,Refusal_03,val
9662,ምክሬ ቦታውን አሁን ማስያዝ ነው።,Suggestion,3,Suggestion_09,train
9663,ይቅርታ፣ ውሳኔውን በሚቀጥለው ሳምንት ማሳወቅ አልችልም።,Refusal,2,Refusal_14,test
9664,ክፍያው በቅርቡ አልተከፈለም።,Complaint,6,Complaint_03,train
9665,ተጠንቀቅ፣ ውሉን በሚቀጥለው ሳምንት ካልፈረምክ ህጋዊ ችግር ይፈጥራል።,Warning,4,Warning_04,train
9666,እርግጥ ነው፣ ትዕዛዙ ነገ ተጠናቀቀ... በጣም ፈጣን!,Sarcasm/Irony,5,Sarcasm/Irony_01,val
9667,ክፍያው በፍጥነት አልተከፈለም።,Complaint,6,Complaint_03,test
9668,ነጋዴው፣ ስራ እንዴት እየሄደ ነው?,Phatic,7,Phatic_14,test
9669,አይ፣ ክፍያውን አሁን ማድረግ አልችልም።,Refusal,2,Refusal_07,train
9670,ለፖሊሱ በዚህ ወር አልደወሉልኝም።,Complaint,6,Complaint_14,train
9671,የኮንትራቱ ችግርን በቅርቡ እፈታለሁ።,Promise,8,Promise_14,test
9672,እባክዎ ትዕዛዙን አሁን ይላኩልኝ።,Request,0,Request_00,train
9673,ለጓደኛችን አሁን አልደወሉልኝም።,Complaint,6,Complaint_14,test
9674,ሪፖርቱ ዛሬ ጠዋት አልቀረበም።,Complaint,6,Complaint_05,train
9675,አይ፣ ክፍያውን አሁን ማድረግ አልችልም።,Refusal,2,Refusal_07,val
9676,ምክሬ ስጦታውን አሁን ማረጋገጥ ነው።,Suggestion,3,Suggestion_03,train
9677,አልችልም፣ ምግቡን በሚቀጥለው ቀን ማዘጋጀት አልቻልኩም።,Refusal,2,Refusal_12,val
9678,እባክሽ ስራውን ዛሬ ማታ አምጪልኝ።,Request,0,Request_05,train
9679,የምግቡ ችግርን በሚቀጥለው ቀን እፈታለሁ።,Promise,8,Promise_14,train
9680,ተጠንቀቅ፣ ለባልደረባዬ ካልላክ ችግር ይፈጥራል።,Warning,4,Warning_02,train
9681,የእህቴ ስራ በአውሮፕላን ማረፊያ ጥሩ ነው።,Assertion,1,Assertion_06,train
9682,ስራው በሚቀጥለው ሳምንት ተጀምሯል።,Assertion,1,Assertion_13,train
9683,እንደምን አደረሽ?,Phatic,7,Phatic_09,val
9684,ስራውን በቅርቡ አጠናቅቃለሁ።,Promise,8,Promise_12,test
9685,እንደምን አደርክ?,Phatic,7,Phatic_03,train
9686,እባክዎ ትዕዛዙን ለእህቴ ዛሬ ይላኩልኝ።,Request,0,Request_03,train
9687,አይደለም፣ ሪፖርቱን ዛሬ ማታ ማጠናቀቅ አልችልም።,Refusal,2,Refusal_10,train
9688,ጤና ይስጥልኝ፣ ስራ እንዴት ነው?,Phatic,7,Phatic_02,val
9689,እርግጥ ነው፣ ሪፖርቱ ዝግጁ ነው... በጣም ፈጣን!,Sarcasm/Irony,5,Sarcasm/Irony_05,train
9690,የሪፖርቱ ዋጋ ተቀይሯል።,Assertion,1,Assertion_09,test
9691,ክፍያው በሚቀጥለው ሳምንት አልተከፈለም።,Complaint,6,Complaint_03,train
9692,መረጃው ትክክል ነው።,Assertion,1,Assertion_04,train
9693,አዎ፣ ቦታው ነፃ ነው... በጣም ምቹ!,Sarcasm/Irony,5,Sarcasm/Irony_08,train
9694,ክፍያው በዚህ ወር አልተከፈለም።,Complaint,6,Complaint_03,train
9695,ተጠንቀቅ፣ ስራውን ዛሬ ማታ ካላጠናቀቅክ ቅጣት አለ።,Warning,4,Warning_14,test
9696,ምናልባት ቲኬቱን በፍጥነት ማድረግ ይሻላል።,Suggestion,3,Suggestion_00,train
9697,የትዕዛዙ ችግር ከማክሰኞ ጀምሮ ከጓደኛችን ጋር እፈታለሁ።,Promise,8,Promise_00,test
9698,ተጠንቀቅ፣ ስራውን በሚቀጥለው ወር ካላጠናቀቅክ ቅጣት አለ።,Warning,4,Warning_14,test
9699,ተጠንቀቅ፣ ስጦታውን በሚቀጥለው ወር ካላመጣህ ችግር ይፈጥራል።,Warning,4,Warning_06,val
9700,የሪፖርቱ ችግርን ነገ ጠዋት እፈታለሁ።,Promise,8,Promise_14,train
9701,እርግጥ ነው፣ ክፍያው ተከፍሏል... በጣም ቀላል!,Sarcasm/Irony,5,Sarcasm/Irony_03,test
9702,ጤና ይስጥልኝ፣ አለቃዬ እንዴት ነው?,Phatic,7,Phatic_10,train
9703,እንደኔ ሀሳብ መጽሐፉን ዛሬ ጠዋት ማንበብ ይሻላል።,Suggestion,3,Suggestion_13,train
9704,ውሳኔውን በዚህ ወር አሳውቃለሁ።,Promise,8,Promise_11,train
9705,ቦታውን ዛሬ አስይዛለሁ።,Promise,8,Promise_07,val
9706,አይ፣ አሁን ስራው ማድረግ አልችልም።,Refusal,2,Refusal_01,train
9707,አይደለም፣ ሪፖርቱን በዚህ ወር ማጠናቀቅ አልችልም።,Refusal,2,Refusal_10,test
9708,እንደምን አደርክ?,Phatic,7,Phatic_03,test
9709,እባክሽ ምግቡን በዚህ ሳምንት አዘጋጅልኝ።,Request,0,Request_13,train
9710,እንደኔ ሀሳብ ስጦታውን አሁን መላክ ይሻላል።,Suggestion,3,Suggestion_01,train
9711,እርግጥ ነው፣ ክፍያው ተከፍሏል... በጣም ቀላል!,Sarcasm/Irony,5,Sarcasm/Irony_03,val
9712,ለአባቴ በዚህ ወር አልደወሉልኝም።,Complaint,6,Complaint_14,test
9713,ክፍያውን ዛሬ ጠዋት አደርጋለሁ።,Promise,8,Promise_03,test
9714,እባክዎ ክፍያውን በሚቀጥለው ወር ይላኩልኝ።,Request,0,Request_00,train
9715,ሰላም፣ እንዴት ነህ?,Phatic,7,Phatic_01,test
9716,እርግጥ ነው፣ ውሳኔው ትክክል ነው... በጣም ጥሩ!,Sarcasm/Irony,5,Sarcasm/Irony_11,train
9717,ክፍያውን በቅርቡ አደርጋለሁ።,Promise,8,Promise_03,train
9718,እባክሽ ደብዳቤውን ዛሬ አምጪልኝ።,Request,0,Request_09,train
9719,አይ፣ መጽሐፉን ማበደር አልችልም።,Refusal,2,Refusal_13,train
9720,ማስጠንቀቂያ፣ ክፍያውን በዚህ ወር ካላደረግክ አገልግሎት ይቋረጣል።,Warning,4,Warning_03,val
9721,ሰላም፣ ስራ በፍርድ ቤት እንዴት ነው?,Phatic,7,Phatic_08,train
9722,አይ፣ አሁን ውሉ ማድረግ አልችልም።,Refusal,2,Refusal_01,train
9723,ጤና ይስጥልኝ፣ ቤተሰብ እንዴት ናቸው?,Phatic,7,Phatic_06,train
9724,ሰላም፣ እንዴት ነህ?,Phatic,7,Phatic_01,train
9725,መጽሐፉ በዚህ ሳምንት ደረሰ።,Assertion,1,Assertion_11,train
9726,እርግጥ ነው፣ ትዕዛዙ በዚህ አመት ተጠናቀቀ... በጣም ፈጣን!,Sarcasm/Irony,5,Sarcasm/Irony_01,train
9727,ይሻላል ክፍያውን ነገ ጠዋት ማድረግ።,Suggestion,3,Suggestion_08,train
9728,ክፍያውን በዚህ አመት አደርጋለሁ።,Promise,8,Promise_03,train
9729,ይሻላል ክፍያውን በዚህ ወር ማድረግ።,Suggestion,3,Suggestion_08,train
9730,ስራው ዛሬ ማታ ተጀምሯል።,Assertion,1,Assertion_13,train
9731,ትዕዛዙ ነገ ማታ አልደረሰኝም።,Complaint,6,Complaint_01,train
9732,ቦታው ነፃ ነው።,Assertion,1,Assertion_10,train
9733,አዎ፣ ለአባቴ ላክኩት... በጣም ጥሩ!,Sarcasm/Irony,5,Sarcasm/Irony_02,train
9734,ይቅርታ፣ ለእናቴ መጥራት አልችልም።,Refusal,2,Refusal_11,test
9735,አዎ፣ ስጦታው ደርሷል... በጣም ጥሩ!,Sarcasm/Irony,5,Sarcasm/Irony_06,train
9736,ቦታው በቅርቡ አልተያዘም።,Complaint,6,Complaint_07,test
9737,መረጃውን ዛሬ ጠዋት እላካለሁ።,Promise,8,Promise_06,train
9738,ምናልባት ለጓደኛዋ መደወል ይሻላል።,Suggestion,3,Suggestion_06,val
9739,እባክዎ ፋይሉን ነገ ጠዋት ይላኩልኝ።,Request,0,Request_00,train
9740,ይቅርታ፣ ለደንበኛው መጥራት አልችልም።,Refusal,2,Refusal_11,val
9741,መጽሐፉ ዛሬ ማታ አልደረሰኝም።,Complaint,6,Complaint_09,val
9742,የጓደኛዬ ውሳኔ ትክክል ነው።,Assertion,1,Assertion_12,val
9743,እባክሽ ሰነዱን ዛሬ ማታ አምጪልኝ።,Request,0,Request_05,test
9744,ሰላም ነው?,Phatic,7,Phatic_04,val
9745,ጤና ይስጥልኝ፣ ዛሬ እንዴት ነው?,Phatic,7,Phatic_13,train
9746,ይቅርታ፣ ለደንበኛው መላክ አልችልም።,Refusal,2,Refusal_05,train
9747,እንዴት ነህ ጓደኛ?,Phatic,7,Phatic_12,train
9748,ስራው በዚህ ወር ተጀምሯል።,Assertion,1,Assertion_13,train
9749,ምግቡን በሚቀጥለው ቀን አዘጋጃለሁ።,Promise,8,Promise_08,train
9750,እባክዎ ቦታውን በሚቀጥለው ቀን ያስይዙልኝ።,Request,0,Request_12,train
9751,እንደኔ ሀሳብ ፋይሉን በፍጥነት መላክ ይሻላል።,Suggestion,3,Suggestion_01,train
9752,የውሉ ችግርን በፍጥነት እፈታለሁ።,Promise,8,Promise_14,train
9753,ምክሬ ክፍያውን አሁን ማረጋገጥ ነው።,Suggestion,3,Suggestion_03,train
9754,ስራው ዛሬ ማታ አልተጠናቀቀም።,Complaint,6,Complaint_12,train
9755,ማስጠንቀቂያ፣ ምግቡን ነገ ማታ ካላዘጋጀህ ችግር ይፈጥራል።,Warning,4,Warning_09,train
9756,መጽሐፉን ነገ ማታ አመልሳለሁ።,Promise,8,Promise_09,val
9757,ተጠንቀቅ፣ ለእናቴ ካልላክ ችግር ይፈጥራል።,Warning,4,Warning_02,train
9758,አዎ፣ ስጦታው ደርሷል... በጣም ጥሩ!,Sarcasm/Irony,5,Sarcasm/Irony_06,test
9759,እንደምን አደረሽ?,Phatic,7,Phatic_09,test
9760,ሪፖርቱን ዛሬ ጠዋት አቀርባለሁ።,Promise,8,Promise_05,train
9761,እባክሽ ደብዳቤውን ዛሬ ማታ አምጪልኝ።,Request,0,Request_09,train
9762,እርግጥ ነው፣ ክፍያው ተከፍሏል... በጣም ቀላል!,Sarcasm/Irony,5,Sarcasm/Irony_03,val
9763,እባክዎ ፓኬጁን በቅርቡ ይላኩልኝ።,Request,0,Request_00,train
9764,እንደኔ ሀሳብ ምግቡን በቅርቡ መላክ ይሻላል።,Suggestion,3,Suggestion_01,train
9765,ስጦታውን ዛሬ ማታ አደርሳለሁ።,Promise,8,Promise_01,train
9766,ተጠንቀቅ፣ ቦታውን ነገ ካላስያዝክ ይያዛል።,Warning,4,Warning_08,train
9767,መጽሐፉ ዛሬ ማታ ደረሰ።,Assertion,1,Assertion_11,train
9768,ውሉ በቅርቡ አልተፈረመም።,Complaint,6,Complaint_04,train
9769,አልቻልኩም፣ ስጦታውን ነገ ጠዋት ማምጣት አልቻልኩም።,Refusal,2,Refusal_06,train
9770,ምክሬ መልእክቱን አሁን ማረጋገጥ ነው።,Suggestion,3,Suggestion_03,train
9771,ሀሳቤ ውሉን ነገ ማታ መፈረም ነው።,Suggestion,3,Suggestion_05,train
9772,ማስጠንቀቂያ፣ ውሳኔውን በዚህ ወር ካላሳወቅክ ችግር ይፈጥራል።,Warning,4,Warning_11,train
9773,እባክሽ አገልግሎቱን በቅርቡ አምጪልኝ።,Request,0,Request_01,train
9774,አዎ፣ መጽሐፉ ተመልሷል... በጣም ቀላል!,Sarcasm/Irony,5,Sarcasm/Irony_10,val
9775,ማስጠንቀቂያ፣ ትዕዛዙን በዚህ ወር ካላጠናቀቅክ ቅጣት አለ።,Warning,4,Warning_01,train
9776,እርግጥ ነው፣ ውሳኔው ትክክል ነው... በጣም ጥሩ!,Sarcasm/Irony,5,Sarcasm/Irony_11,val
9777,እንዴት ነሽ?,Phatic,7,Phatic_05,val
9778,የትዕዛዙ ችግር ከማክሰኞ ጀምሮ ከእህቴ ጋር እፈታለሁ።,Promise,8,Promise_00,train
9779,አልችልም፣ ፓኬጁን በዚህ አመት ማድረስ አልቻልኩም።,Refusal,2,Refusal_00,train
9780,እባክዎ መረጃውን ለደንበኛው ነገ ይላኩልኝ።,Request,0,Request_11,train
9781,እርግጥ ነው፣ ትዕዛዙ በሚቀጥለው ቀን ተጠናቀቀ... በጣም ፈጣን!,Sarcasm/Irony,5,Sarcasm/Irony_01,train
9782,አይ፣ ክፍያውን አሁን ማድረግ አልችልም።,Refusal,2,Refusal_07,train
9783,ስጦታው ገና ወደ ቢሮ ነገ ጠዋት አልደረሰኝም።,Complaint,6,Complaint_00,train
9784,ስጦታው ገና ወደ ቢሮ በዚህ ሳምንት አልደረሰኝም።,Complaint,6,Complaint_00,val
9785,እንደኔ ሀሳብ ውሉን በዚህ ወር መላክ ይሻላል።,Suggestion,3,Suggestion_01,train
9786,መጽሐፉን ነገ ማታ አመልሳለሁ።,Promise,8,Promise_09,train
9787,ክፍያው ተከፍሏል።,Assertion,1,Assertion_05,train
9788,መረጃውን በሚቀጥለው ቀን እላካለሁ።,Promise,8,Promise_06,train
9789,አዎ፣ ለጓደኛችን ላክኩት... በጣም ጥሩ!,Sarcasm/Irony,5,Sarcasm/Irony_02,train
9790,ምናልባት ምግቡን በዚህ ወር ማዘጋጀት ይሻላል።,Suggestion,3,Suggestion_12,train
9791,ይሻላል ውሳኔውን በሚቀጥለው ሳምንት ማሳወቅ።,Suggestion,3,Suggestion_14,train
9792,ማስጠንቀቂያ፣ ፋይሉን ነገ ማታ ካላረጋገጥክ ችግር ይፈጥራል።,Warning,4,Warning_13,val
9793,የምግቡ ዋጋ ተቀይሯል።,Assertion,1,Assertion_09,train
9794,ክፍያው ተከፍሏል።,Assertion,1,Assertion_05,train
9795,ተጠንቀቅ፣ መጽሐፉን በዚህ ወር ካላመለስክ ቅጣት አለ።,Warning,4,Warning_10,train
9796,ተጠንቀቅ፣ ቲኬቱን ነገ ጠዋት ካላደረግክ ችግር ይፈጥራል።,Warning,4,Warning_00,train
9797,አይ፣ አሁን አገልግሎቱ ማድረግ አልችልም።,Refusal,2,Refusal_01,test
9798,ነጋዴው፣ ዛሬ እንዴት ነው?,Phatic,7,Phatic_07,train
9799,ውሉ በፍጥነት አልተፈረመም።,Complaint,6,Complaint_04,train
9800,ሰላም ነው ወንድሜ?,Phatic,7,Phatic_11,train
9801,እንደኔ ሀሳብ ሪፖርቱን በዚህ አመት ማቅረብ ይሻላል።,Suggestion,3,Suggestion_07,train
9802,ማስጠንቀቂያ፣ ክፍያውን ነገ ማታ ካላደረግክ አገልግሎት ይቋረጣል።,Warning,4,Warning_03,train
9803,ተጠንቀቅ፣ ስጦታውን በፍጥነት ካላመጣህ ችግር ይፈጥራል።,Warning,4,Warning_06,train
9804,ተጠንቀቅ፣ ለወንድሜ ካልላክ ችግር ይፈጥራል።,Warning,4,Warning_02,train
9805,መረጃውን ዛሬ ማታ እላካለሁ።,Promise,8,Promise_06,train
9806,ምናልባት ፋይሉን በሚቀጥለው ወር ማድረግ ይሻላል።,Suggestion,3,Suggestion_00,train
9807,እርግጥ ነው፣ ውሉ ጥሩ ነው... በጣም ጥሩ!,Sarcasm/Irony,5,Sarcasm/Irony_13,train
9808,ምናልባት ምግቡን በዚህ ወር ማዘጋጀት ይሻላል።,Suggestion,3,Suggestion_12,train
9809,ተጠንቀቅ፣ ቦታውን በፍጥነት ካላስያዝክ ይያዛል።,Warning,4,Warning_08,val
9810,ቦታው ነፃ ነው።,Assertion,1,Assertion_10,train
9811,እርግጥ ነው፣ ቲኬቱ ጥሩ ነው... በጣም ጥሩ!,Sarcasm/Irony,5,Sarcasm/Irony_13,train
9812,ክፍያውን ነገ አደርጋለሁ።,Promise,8,Promise_03,train
9813,የደብዳቤው ጥራት ዝቅተኛ ነው።,Complaint,6,Complaint_11,train
9814,ተጠንቀቅ፣ መጽሐፉን ነገ ካላመለስክ ቅጣት አለ።,Warning,4,Warning_10,train
9815,እባክዎ ሸቀጡን ለደንበኛው በዚህ ሳምንት ይላኩልኝ።,Request,0,Request_11,train
9816,እባክሽ ምግቡን ነገ ማታ አዘጋጅልኝ።,Request,0,Request_13,train
9817,እንደሚመስለኝ ትዕዛዙን በዚህ አመት ማጠናቀቅ ይሻላል።,Suggestion,3,Suggestion_04,train
9818,ተጠንቀቅ፣ ለፖሊሱ ካልደወልክ ችግር ይፈጥራል።,Warning,4,Warning_12,train
9819,አይደለም፣ ውሉን ዛሬ ማታ ማረጋገጥ አልችልም።,Refusal,2,Refusal_04,val
9820,ይሻላል ውሳኔውን አሁን ማሳወቅ።,Suggestion,3,Suggestion_14,val
9821,ስጦታውን በሚቀጥለው ወር አደርሳለሁ።,Promise,8,Promise_01,train
9822,አዎ፣ ለፖሊሱ ደውያለሁ... በጣም ቀላል!,Sarcasm/Irony,5,Sarcasm/Irony_14,train
9823,የእህቴ አገልግሎት መጥፎ ነው።,Complaint,6,Complaint_10,train
9824,ውሳኔውን በሚቀጥለው ሳምንት አሳውቃለሁ።,Promise,8,Promise_11,train
9825,አልችልም፣ ሪፖርቱን በሚቀጥለው ሳምንት ማድረስ አልቻልኩም።,Refusal,2,Refusal_00,train
9826,ሪፖርቱን በሚቀጥለው ቀን አቀርባለሁ።,Promise,8,Promise_05,val
9827,አዎ፣ ስጦታው ደርሷል... በጣም ጥሩ!,Sarcasm/Irony,5,Sarcasm/Irony_06,test
9828,መጽሐፉ በፍጥነት ደረሰ።,Assertion,1,Assertion_11,train
9829,አዎ፣ ለእናቴ ላክኩት... በጣም ጥሩ!,Sarcasm/Irony,5,Sarcasm/Irony_02,val
9830,ማስጠንቀቂያ፣ ትዕዛዙን በዚህ አመት ካላጠናቀቅክ ቅጣት አለ።,Warning,4,Warning_01,train
9831,አልፈልግም፣ ቦታውን ማስያዝ አልችልም።,Refusal,2,Refusal_09,train
9832,ለአስተዳዳሪው በሚቀጥለው ወር አልደወሉልኝም።,Complaint,6,Complaint_14,train
9833,ክፍያውን በዚህ አመት አደርጋለሁ።,Promise,8,Promise_03,train
9834,ውሳኔውን በሚቀጥለው ወር አሳውቃለሁ።,Promise,8,Promise_11,train
9835,እባክሽ አገልግሎቱን ነገ ማታ አምጪልኝ።,Request,0,Request_01,train
9836,አዎ፣ ስጦታው ደርሷል... በጣም ጥሩ!,Sarcasm/Irony,5,Sarcasm/Irony_06,train
9837,አልፈልግም፣ ቦታውን ማስያዝ አልችልም።,Refusal,2,Refusal_09,train
9838,አዎ፣ ቦታው ነፃ ነው... በጣም ምቹ!,Sarcasm/Irony,5,Sarcasm/Irony_08,val
9839,ይቅርታ፣ ለቤተሰቤ መጥራት አልችልም።,Refusal,2,Refusal_11,train
9840,ይሻላል ውሳኔውን ዛሬ ማሳወቅ።,Suggestion,3,Suggestion_14,test
9841,ትዕዛዙ በሚቀጥለው ሳምንት ተጠናቀቀ።,Assertion,1,Assertion_02,train
9842,እባክሽ ደብዳቤውን በፍጥነት አምጪልኝ።,Request,0,Request_09,train
9843,ተጠንቀቅ፣ ስራውን በዚህ ሳምንት ካላጠናቀቅክ ቅጣት አለ።,Warning,4,Warning_14,train
9844,ይሻላል ክፍያውን ዛሬ ጠዋት ማድረግ።,Suggestion,3,Suggestion_08,val
9845,እባክሽ ደብዳቤውን ነገ አምጪልኝ።,Request,0,Request_09,train
9846,ክፍያው ተከፍሏል።,Assertion,1,Assertion_05,train
9847,መጽሐፉ ነገ ጠዋት አልደረሰኝም።,Complaint,6,Complaint_09,val
9848,ክፍያው ተከፍሏል።,Assertion,1,Assertion_05,train
9849,ሪፖርቱ ዛሬ ጠዋት አልቀረበም።,Complaint,6,Complaint_05,train
9850,ማስጠንቀቂያ፣ ሪፖርቱን በዚህ አመት ካላቀረብክ ቅጣት አለ።,Warning,4,Warning_05,train
9851,ትዕዛዙ በሚቀጥለው ሳምንት አልደረሰኝም።,Complaint,6,Complaint_01,val
9852,እባክዎ መረጃውን ዛሬ ጠዋት ይላኩልኝ።,Request,0,Request_07,val
9853,ጤና ይስጥልኝ፣ ዛሬ እንዴት ነው?,Phatic,7,Phatic_13,test
9854,እባክዎ ውሉን ለእህቴ በፍጥነት ይላኩልኝ።,Request,0,Request_02,test
9855,ሰነዱን ነገ ማታ አረጋግጣለሁ።,Promise,8,Promise_13,test
9856,ምናልባት ምግቡን ዛሬ ጠዋት ማዘጋጀት ይሻላል።,Suggestion,3,Suggestion_12,train
9857,የጓደኛችን ስራ በገበያ ጥሩ ነው።,Assertion,1,Assertion_06,train
9858,ተጠንቀቅ፣ ለጓደኛችን ካልደወልክ ችግር ይፈጥራል።,Warning,4,Warning_12,train
9859,ማስጠንቀቂያ፣ ክፍያውን በዚህ አመት ካላደረግክ አገልግሎት ይቋረጣል።,Warning,4,Warning_03,train
9860,ስጦታውን በሚቀጥለው ወር አደርሳለሁ።,Promise,8,Promise_01,train
9861,የትዕዛዙ ችግር ከዛሬ ጀምሮ ከአጋሬ ጋር እፈታለሁ።,Promise,8,Promise_00,train
9862,ትዕዛዙ በሚቀጥለው ወር አልደረሰኝም።,Complaint,6,Complaint_01,train
9863,ጤና ይስጥልኝ፣ ቤተሰብ እንዴት ናቸው?,Phatic,7,Phatic_06,val
9864,ስጦታውን ነገ ማታ አደርሳለሁ።,Promise,8,Promise_01,train
9865,የፋይሉ ጥራት ዝቅተኛ ነው።,Complaint,6,Complaint_11,val
9866,ይሻላል ክፍያውን ዛሬ ማድረግ።,Suggestion,3,Suggestion_08,train
9867,እባክሽ ቦታውን ዛሬ ማታ አምጪልኝ።,Request,0,Request_05,train
9868,ነጋዴው፣ ዛሬ እንዴት ነው?,Phatic,7,Phatic_07,train
9869,ጤና ይስጥልኝ፣ ቤተሰብ እንዴት ናቸው?,Phatic,7,Phatic_06,train
9870,ሀሳቤ ውሉን አሁን መፈረም ነው።,Suggestion,3,Suggestion_05,train
9871,ሰላም ነው ወንድሜ?,Phatic,7,Phatic_11,test
9872,ስጦታው በሚቀጥለው ሳምንት ደርሷል።,Assertion,1,Assertion_01,train
9873,መጽሐፉ ዛሬ ጠዋት ደረሰ።,Assertion,1,Assertion_11,train
9874,እባክዎ ቦታውን ነገ ጠዋት ያስይዙልኝ።,Request,0,Request_12,train
9875,አዎ፣ ለጓደኛዋ ደውያለሁ... በጣም ቀላል!,Sarcasm/Irony,5,Sarcasm/Irony_14,train
9876,የቦታው ሁኔታ ጥሩ ነው።,Assertion,1,Assertion_03,val
9877,ይቅርታ፣ ትዕዛዙን በዚህ ሳምንት መላክ አልችልም።,Refusal,2,Refusal_02,test
9878,ማስጠንቀቂያ፣ ውሳኔውን በዚህ አመት ካላሳወቅክ ችግር ይፈጥራል።,Warning,4,Warning_11,train
9879,እባክዎ መጽሐፉን ዛሬ ይላኩልኝ።,Request,0,Request_14,train
9880,አዎ፣ ቦታው ነፃ ነው... በጣም ምቹ!,Sarcasm/Irony,5,Sarcasm/Irony_08,train
9881,እባክዎ ክፍያውን በዚህ ሳምንት ያረጋግጡልኝ።,Request,0,Request_08,train
9882,የደብዳቤው ችግር ከምሽቱ ጀምሮ አልተፈታም።,Complaint,6,Complaint_02,train
9883,የስራው ችግር ከባለፈው ሳምንት ጀምሮ አልተፈታም።,Complaint,6,Complaint_02,train
9884,ተጠንቀቅ፣ ስራውን በቅርቡ ካላጠናቀቅክ ቅጣት አለ።,Warning,4,Warning_14,train
9885,ቦታው ነፃ ነው።,Assertion,1,Assertion_10,train
9886,ተጠንቀቅ፣ ለእናቴ ካልላክ ችግር ይፈጥራል።,Warning,4,Warning_02,train
9887,አልቻልኩም፣ ስጦታውን በሚቀጥለው ወር ማምጣት አልቻልኩም።,Refusal,2,Refusal_06,train
9888,አይ፣ መጽሐፉን ማበደር አልችልም።,Refusal,2,Refusal_13,train
9889,ጤና ይስጥልኝ፣ ስራ እንዴት ነው?,Phatic,7,Phatic_02,train
9890,አዎ፣ ለጓደኛዋ ደውያለሁ... በጣም ቀላል!,Sarcasm/Irony,5,Sarcasm/Irony_14,train
9891,አዎ፣ ስጦታው ደርሷል... በጣም ጥሩ!,Sarcasm/Irony,5,Sarcasm/Irony_06,train
9892,ነጋዴው፣ ስራ እንዴት እየሄደ ነው?,Phatic,7,Phatic_14,test
9893,የባልደረባዬ ስራ በፍርድ ቤት ጥሩ ነው።,Assertion,1,Assertion_06,train
9894,ማስጠንቀቂያ፣ ውሳኔውን ነገ ጠዋት ካላሳወቅክ ችግር ይፈጥራል።,Warning,4,Warning_11,test
9895,ተጠንቀቅ፣ ቦታውን በዚህ ወር ካላስያዝክ ይያዛል።,Warning,4,Warning_08,train
9896,እባክዎ ስጦታውን አሁን ይላኩልኝ።,Request,0,Request_04,train
9897,እንዴት ነሽ?,Phatic,7,Phatic_05,train
9898,የምግቡ ችግር ከሐሙስ ጀምሮ አልተፈታም።,Complaint,6,Complaint_02,train
9899,እርግጥ ነው፣ ሪፖርቱ ዝግጁ ነው... በጣም ፈጣን!,Sarcasm/Irony,5,Sarcasm/Irony_05,val
9900,ስጦታው ነገ ማታ ደርሷል።,Assertion,1,Assertion_01,train
9901,አይደለም፣ ውሉን በሚቀጥለው ቀን ማረጋገጥ አልችልም።,Refusal,2,Refusal_04,train
9902,ጤና ይስጥልኝ፣ ባልደረባዬ እንዴት ነው?,Phatic,7,Phatic_10,train
9903,እባክዎ ሪፖርቱን ለደንበኛው በፍጥነት ይላኩልኝ።,Request,0,Request_11,train
9904,እባክዎ ስጦታውን ዛሬ ጠዋት ያድርሱልኝ።,Request,0,Request_06,val
9905,እንደምን አደረሽ?,Phatic,7,Phatic_09,val
9906,ማስጠንቀቂያ፣ ምግቡን በዚህ ሳምንት ካላዘጋጀህ ችግር ይፈጥራል።,Warning,4,Warning_09,train
9907,እንደኔ ሀሳብ ሪፖርቱን በዚህ ወር ማቅረብ ይሻላል።,Suggestion,3,Suggestion_07,val
9908,ትዕዛዙ በዚህ ሳምንት ተጠናቀቀ።,Assertion,1,Assertion_02,train
9909,እንዴት ነሽ?,Phatic,7,Phatic_05,train
9910,ስጦታው ገና ወደ ዩኒቨርሲቲ በቅርቡ አልደረሰኝም።,Complaint,6,Complaint_00,test
9911,ምናልባት ለባልደረባዬ መደወል ይሻላል።,Suggestion,3,Suggestion_06,val
9912,ጤና ይስጥልኝ፣ ቤተሰብ እንዴት ናቸው?,Phatic,7,Phatic_06,train
9913,እንዴት ነህ ጓደኛ?,Phatic,7,Phatic_12,train
9914,የውሉ ዋጋ ተቀይሯል።,Assertion,1,Assertion_09,train
9915,ስራው በዚህ ወር አልተጠናቀቀም።,Complaint,6,Complaint_12,train
9916,እርግጥ ነው፣ መረጃው ትክክል ነው... በጣም ግልጽ!,Sarcasm/Irony,5,Sarcasm/Irony_07,val
9917,ማስጠንቀቂያ፣ ክፍያውን ነገ ካላደረግክ አገልግሎት ይቋረጣል።,Warning,4,Warning_03,train
9918,የፋይሉ ችግር ከሰኞ ጀምሮ አልተፈታም።,Complaint,6,Complaint_02,train
9919,ውሳኔው ዛሬ ጠዋት አልተሰጠም።,Complaint,6,Complaint_13,test
9920,ነጋዴው፣ ስራ በጤና ጣቢያ እንዴት ነው?,Phatic,7,Phatic_00,train
9921,እባክዎ ስጦታውን አሁን ያድርሱልኝ።,Request,0,Request_06,test
9922,አይደለም፣ ሪፖርቱን ነገ ማጠናቀቅ አልችልም።,Refusal,2,Refusal_10,train
9923,ነጋዴው፣ ስራ እንዴት እየሄደ ነው?,Phatic,7,Phatic_14,train
9924,የአገልግሎቱ ዋጋ ተቀይሯል።,Assertion,1,Assertion_09,train
9925,ውሉ በዚህ አመት ተፈርሟል።,Assertion,1,Assertion_07,train
9926,መጽሐፉ ዛሬ አልደረሰኝም።,Complaint,6,Complaint_09,val
9927,አዎ፣ ውሉ ተፈርሟል... በጣም ቀላል ነበር!,Sarcasm/Irony,5,Sarcasm/Irony_04,train
9928,ሪፖርቱ በዚህ አመት አልቀረበም።,Complaint,6,Complaint_05,train
9929,አልፈልግም፣ ቦታውን ማስያዝ አልችልም።,Refusal,2,Refusal_09,train
9930,የኮንትራቱ ችግር ከአርብ ጀምሮ አልተፈታም።,Complaint,6,Complaint_02,train
9931,ለአለቃዬ ዛሬ ማታ እደውላለሁ።,Promise,8,Promise_10,val
9932,አይ፣ አሁን ቦታው ማድረግ አልችልም።,Refusal,2,Refusal_01,train
9933,ምናልባት ለእህቴ መደወል ይሻላል።,Suggestion,3,Suggestion_06,train
9934,የፋይሉ ችግር ከጠዋቱ ጀምሮ ከደንበኛው ጋር እፈታለሁ።,Assertion,1,Assertion_00,test
9935,ተጠንቀቅ፣ ሰነዱን ዛሬ ካላደረግክ ችግር ይፈጥራል።,Warning,4,Warning_00,val
9936,እንደኔ ሀሳብ መጽሐፉን አሁን ማንበብ ይሻላል።,Suggestion,3,Suggestion_13,train
9937,ጤና ይስጥልኝ፣ ስራ እንዴት ነው?,Phatic,7,Phatic_02,train
9938,ለጓደኛዋ ዛሬ አልደወሉልኝም።,Complaint,6,Complaint_14,train
9939,እንዴት ነህ ጓደኛ?,Phatic,7,Phatic_12,val
9940,ተጠንቀቅ፣ ስጦታውን በቅርቡ ካላመጣህ ችግር ይፈጥራል።,Warning,4,Warning_06,train
9941,እባክዎ ሪፖርቱን በሚቀጥለው ወር ይላኩልኝ።,Request,0,Request_10,train
9942,እርግጥ ነው፣ ውሳኔው ትክክል ነው... በጣም ጥሩ!,Sarcasm/Irony,5,Sarcasm/Irony_11,train
9943,ውሉ በሚቀጥለው ሳምንት ተፈርሟል።,Assertion,1,Assertion_07,train
9944,አዎ፣ ቦታው ነፃ ነው... በጣም ምቹ!,Sarcasm/Irony,5,Sarcasm/Irony_08,val
9945,አልችልም፣ ምግቡን በዚህ ወር ማዘጋጀት አልቻልኩም።,Refusal,2,Refusal_12,train
9946,ውሉ በሚቀጥለው ወር አልተፈረመም።,Complaint,6,Complaint_04,train
9947,መጽሐፉ ነገ ማታ አልደረሰኝም።,Complaint,6,Complaint_09,train
9948,ምናልባት ምግቡን ነገ ጠዋት ማዘጋጀት ይሻላል።,Suggestion,3,Suggestion_12,test
9949,ክፍያው ተከፍሏል።,Assertion,1,Assertion_05,val
9950,እባክዎ ቦታውን በሚቀጥለው ወር ያስይዙልኝ።,Request,0,Request_12,train
9951,ቦታው በሚቀጥለው ሳምንት አልተያዘም።,Complaint,6,Complaint_07,val
9952,ሪፖርቱን በሚቀጥለው ሳምንት አቀርባለሁ።,Promise,8,Promise_05,test
9953,ጤና ይስጥልኝ፣ ጓደኛዋ እንዴት ነው?,Phatic,7,Phatic_10,train
9954,አዎ፣ ስራው ተጠናቀቀ... በጣም ፈጣን!,Sarcasm/Irony,5,Sarcasm/Irony_12,test
9955,እባክዎ ስጦታውን በዚህ አመት ይላኩልኝ።,Request,0,Request_00,train
9956,ቦታው ነፃ ነው።,Assertion,1,Assertion_10,train
9957,ስጦታውን ነገ አደርሳለሁ።,Promise,8,Promise_01,train
9958,እባክሽ ፋይሉን በሚቀጥለው ሳምንት አምጪልኝ።,Request,0,Request_01,train
9959,ነጋዴው፣ ስራ እንዴት እየሄደ ነው?,Phatic,7,Phatic_14,train
9960,የእናቴ ስራ በአውሮፕላን ማረፊያ ጥሩ ነው።,Assertion,1,Assertion_06,train
9961,የውሳኔው ችግር ከጠዋቱ ጀምሮ አልተፈታም።,Complaint,6,Complaint_02,train
9962,ስጦታው ዛሬ ጠዋት ደርሷል።,Assertion,1,Assertion_01,train
9963,ውሳኔው በዚህ አመት አልተሰጠም።,Complaint,6,Complaint_13,train
9964,ተጠንቀቅ፣ መጽሐፉን በፍጥነት ካላመለስክ ቅጣት አለ።,Warning,4,Warning_10,val
9965,ምግቡን በሚቀጥለው ሳምንት አዘጋጃለሁ።,Promise,8,Promise_08,train
9966,ማስጠንቀቂያ፣ ምግቡን በፍጥነት ካላረጋገጥክ ችግር ይፈጥራል።,Warning,4,Warning_13,train
9967,ቦታው ዛሬ ማታ አልተያዘም።,Complaint,6,Complaint_07,test
9968,ለጓደኛችን በዚህ አመት እደውላለሁ።,Promise,8,Promise_10,train
9969,እንዴት ነህ ጓደኛ?,Phatic,7,Phatic_12,train
9970,አልቻልኩም፣ ስጦታውን በቅርቡ ማምጣት አልቻልኩም።,Refusal,2,Refusal_06,train
9971,አዎ፣ ስጦታው ደርሷል... በጣም ጥሩ!,Sarcasm/Irony,5,Sarcasm/Irony_06,train
9972,ማስጠንቀቂያ፣ ቲኬቱን ነገ ካላረጋገጥክ ችግር ይፈጥራል።,Warning,4,Warning_13,test
9973,ውሉን ነገ ጠዋት እፈርማለሁ።,Promise,8,Promise_04,test
9974,አዎ፣ ውሉን ነገ አደረግኩት... ትክክል ነው!,Sarcasm/Irony,5,Sarcasm/Irony_00,test
9975,ይሻላል ውሳኔውን በሚቀጥለው ወር ማሳወቅ።,Suggestion,3,Suggestion_14,train
9976,ሪፖርቱ በቅርቡ አልቀረበም።,Complaint,6,Complaint_05,val
9977,ትዕዛዙ በቅርቡ አልደረሰኝም።,Complaint,6,Complaint_01,val
9978,እንደኔ ሀሳብ ሪፖርቱን አሁን ማቅረብ ይሻላል።,Suggestion,3,Suggestion_07,val
9979,አዎ፣ ስራው ተጠናቀቀ... በጣም ፈጣን!,Sarcasm/Irony,5,Sarcasm/Irony_12,test
9980,ምናልባት አገልግሎቱን ነገ ማድረግ ይሻላል።,Suggestion,3,Suggestion_00,test
9981,አይ፣ መጽሐፉን ማበደር አልችልም።,Refusal,2,Refusal_13,train
9982,ምናልባት መልእክቱን ነገ ማታ ማድረግ ይሻላል።,Suggestion,3,Suggestion_00,train
9983,እንደሚመስለኝ ትዕዛዙን በሚቀጥለው ወር ማጠናቀቅ ይሻላል።,Suggestion,3,Suggestion_04,train
9984,ክፍያው በፍጥነት አልተከፈለም።,Complaint,6,Complaint_03,train
9985,እርግጥ ነው፣ ሪፖርቱ ዝግጁ ነው... በጣም ፈጣን!,Sarcasm/Irony,5,Sarcasm/Irony_05,train
9986,ሰላም ነው?,Phatic,7,Phatic_04,train
9987,የፋይሉ ችግር ከማክሰኞ ጀምሮ አልተፈታም።,Complaint,6,Complaint_02,train
9988,የቤተሰቤ ውሳኔ ትክክል ነው።,Assertion,1,Assertion_12,test
9989,የምግቡ ጥራት ከፍተኛ ነው።,Assertion,1,Assertion_14,train
9990,አልችልም፣ ምግቡን አሁን ማዘጋጀት አልቻልኩም።,Refusal,2,Refusal_12,train
9991,ማስጠንቀቂያ፣ ውሳኔውን አሁን ካላሳወቅክ ችግር ይፈጥራል።,Warning,4,Warning_11,train
9992,ይሻላል ክፍያውን ዛሬ ጠዋት ማድረግ።,Suggestion,3,Suggestion_08,train
9993,ውሉ አሁን አልተፈረመም።,Complaint,6,Complaint_04,train
9994,እባክዎ መረጃውን አሁን ይላኩልኝ።,Request,0,Request_07,train
9995,ጤና ይስጥልኝ፣ ሰራተኛው እንዴት ነው?,Phatic,7,Phatic_10,train
9996,አይ፣ መጽሐፉን ማበደር አልችልም።,Refusal,2,Refusal_13,train
9997,ለሰራተኛው በዚህ ወር አልደወሉልኝም።,Complaint,6,Complaint_14,train
9998,ተጠንቀቅ፣ መጽሐፉን በሚቀጥለው ሳምንት ካላመለስክ ቅጣት አለ።,Warning,4,Warning_10,train
9999,እንደምን አደርክ?,Phatic,7,Phatic_03,train
10000,ነጋዴው፣ ዛሬ እንዴት ነው?,Phatic,7,Phatic_07,val
10001,ሪፖርቱ ዛሬ አልቀረበም።,Complaint,6,Complaint_05,test
10002,እባክዎ ሪፖርቱን በዚህ ወር ይላኩልኝ።,Request,0,Request_10,train
10003,ሰላም፣ እንዴት ነህ?,Phatic,7,Phatic_01,train
10004,እባክሽ መልእክቱን ዛሬ ማታ አምጪልኝ።,Request,0,Request_05,test
10005,መልእክቱን በቅርቡ አረጋግጣለሁ።,Promise,8,Promise_13,train
10006,ጤና ይስጥልኝ፣ ዛሬ እንዴት ነው?,Phatic,7,Phatic_13,train
10007,ጤና ይስጥልኝ፣ ስራ እንዴት ነው?,Phatic,7,Phatic_02,train
10008,ሰላም ነው ወንድሜ?,Phatic,7,Phatic_11,train
10009,እንዴት ነህ ጓደኛ?,Phatic,7,Phatic_12,train
10010,እባክዎ መረጃውን በሚቀጥለው ቀን ይላኩልኝ።,Request,0,Request_07,train
10011,ተጠንቀቅ፣ ስራውን ዛሬ ጠዋት ካላጠናቀቅክ ቅጣት አለ።,Warning,4,Warning_14,train
10012,ይሻላል ክፍያውን ለደንበኛው ማሳወቅ።,Suggestion,3,Suggestion_02,train
10013,ምግቡን በሚቀጥለው ሳምንት አዘጋጃለሁ።,Promise,8,Promise_08,train
10014,ማስጠንቀቂያ፣ ውሳኔውን ዛሬ ካላሳወቅክ ችግር ይፈጥራል።,Warning,4,Warning_11,train
10015,የቦታው ችግርን ነገ ጠዋት እፈታለሁ።,Promise,8,Promise_14,val
10016,ሪፖርቱን ዛሬ አቀርባለሁ።,Promise,8,Promise_05,train
10017,ውሳኔውን ነገ ጠዋት አሳውቃለሁ።,Promise,8,Promise_11,train
10018,ጤና ይስጥልኝ፣ ዛሬ እንዴት ነው?,Phatic,7,Phatic_13,val
10019,ትዕዛዙ ዛሬ ተጠናቀቀ።,Assertion,1,Assertion_02,test
10020,ቦታውን በዚህ ወር አስይዛለሁ።,Promise,8,Promise_07,train
10021,አይደለም፣ ውሉን ነገ ጠዋት ማረጋገጥ አልችልም።,Refusal,2,Refusal_04,train
10022,የትዕዛዙ ችግር ከረቡዕ ጀምሮ ከደንበኛው ጋር እፈታለሁ።,Promise,8,Promise_00,train
10023,ምናልባት ሪፖርቱን በፍጥነት ማድረግ ይሻላል።,Suggestion,3,Suggestion_00,val
10024,እባክዎ መጽሐፉን አሁን ይላኩልኝ።,Request,0,Request_04,val
10025,ትዕዛዙን በዚህ ወር አጠናቅቃለሁ።,Promise,8,Promise_02,train
10026,አዎ፣ ለደንበኛው ላክኩት... በጣም ጥሩ!,Sarcasm/Irony,5,Sarcasm/Irony_02,val
10027,ክፍያውን በሚቀጥለው ሳምንት አደርጋለሁ።,Promise,8,Promise_03,train
10028,ይቅርታ፣ መረጃውን ማጋራት አልችልም።,Refusal,2,Refusal_08,train
10029,ተጠንቀቅ፣ ለደንበኛው ካልደወልክ ችግር ይፈጥራል።,Warning,4,Warning_12,test
10030,አዎ፣ ቦታው ነፃ ነው... በጣም ምቹ!,Sarcasm/Irony,5,Sarcasm/Irony_08,train
10031,መረጃው በቅርቡ አልደረሰኝም።,Complaint,6,Complaint_06,train
10032,ቦታው ነፃ ነው።,Assertion,1,Assertion_10,train
10033,ሪፖርቱ አሁን አልቀረበም።,Complaint,6,Complaint_05,train
10034,መረጃውን አሁን እላካለሁ።,Promise,8,Promise_06,train
10035,ይሻላል ውሳኔውን አሁን ማሳወቅ።,Suggestion,3,Suggestion_14,train
10036,እንደኔ ሀሳብ ሪፖርቱን በዚህ ሳምንት ማቅረብ ይሻላል።,Suggestion,3,Suggestion_07,test
10037,ይቅርታ፣ ለጓደኛዬ መላክ አልችልም።,Refusal,2,Refusal_05,train
10038,ሪፖርቱን በዚህ ወር አቀርባለሁ።,Promise,8,Promise_05,test
10039,አዎ፣ ኮንትራቱን አሁን አደረግኩት... ትክክል ነው!,Sarcasm/Irony,5,Sarcasm/Irony_00,train
10040,ውሉን ነገ ጠዋት እፈርማለሁ።,Promise,8,Promise_04,val
10041,መረጃው ትክክል ነው።,Assertion,1,Assertion_04,train
10042,ስጦታውን ነገ ጠዋት አደርሳለሁ።,Promise,8,Promise_01,train
10043,ጤና ይስጥልኝ፣ ጓደኛዬ እንዴት ነው?,Phatic,7,Phatic_10,val
10044,ስራው በሚቀጥለው ወር ተጀምሯል።,Assertion,1,Assertion_13,train
10045,መጽሐፉን በቅርቡ አመልሳለሁ።,Promise,8,Promise_09,train
10046,ትዕዛዙ ነገ አልደረሰኝም።,Complaint,6,Complaint_01,train
10047,የአገልግሎቱ ችግር ከጠዋቱ ጀምሮ አልተፈታም።,Complaint,6,Complaint_02,train
10048,ስራውን ዛሬ ጠዋት አጠናቅቃለሁ።,Promise,8,Promise_12,train
10049,ማስጠንቀቂያ፣ ምግቡን ነገ ማታ ካላዘጋጀህ ችግር ይፈጥራል።,Warning,4,Warning_09,train
10050,አይደለም፣ ውሉን ነገ ማታ ማረጋገጥ አልችልም።,Refusal,2,Refusal_04,train
10051,ክፍያውን ነገ ጠዋት አደርጋለሁ።,Promise,8,Promise_03,train
10052,ፋይሉን ነገ ማታ አረጋግጣለሁ።,Promise,8,Promise_13,train
10053,ይሻላል ውሳኔውን በዚህ ሳምንት ማሳወቅ።,Suggestion,3,Suggestion_14,val
10054,እርግጥ ነው፣ ክፍያው ተከፍሏል... በጣም ቀላል!,Sarcasm/Irony,5,Sarcasm/Irony_03,train
10055,ውሉ በዚህ አመት ተፈርሟል።,Assertion,1,Assertion_07,test
10056,አይደለም፣ ውሉን ዛሬ ማረጋገጥ አልችልም።,Refusal,2,Refusal_04,train
10057,ማስጠንቀቂያ፣ ሪፖርቱን ዛሬ ካላቀረብክ ቅጣት አለ።,Warning,4,Warning_05,train
10058,እባክሽ ፋይሉን ዛሬ ማታ አምጪልኝ።,Request,0,Request_05,val
10059,ማስጠንቀቂያ፣ ትዕዛዙን ነገ ማታ ካላጠናቀቅክ ቅጣት አለ።,Warning,4,Warning_01,val
10060,አይ፣ መጽሐፉን ማበደር አልችልም።,Refusal,2,Refusal_13,train
10061,እርግጥ ነው፣ አገልግሎቱ ጥሩ ነው... በጣም ጥሩ!,Sarcasm/Irony,5,Sarcasm/Irony_13,val
10062,ነጋዴው፣ ስራ በባንክ እንዴት ነው?,Phatic,7,Phatic_00,train
10063,ይሻላል ክፍያውን ዛሬ ማድረግ።,Suggestion,3,Suggestion_08,train
10064,እባክዎ መረጃውን ዛሬ ጠዋት ይላኩልኝ።,Request,0,Request_07,train
10065,አልቻልኩም፣ ስጦታውን ዛሬ ጠዋት ማምጣት አልቻልኩም።,Refusal,2,Refusal_06,train
10066,ቦታውን ዛሬ ጠዋት አስይዛለሁ።,Promise,8,Promise_07,val
10067,መረጃው ዛሬ ጠዋት አልደረሰኝም።,Complaint,6,Complaint_06,test
10068,የትዕዛዙ ችግር ከረቡዕ ጀምሮ አልተፈታም።,Complaint,6,Complaint_02,val
10069,ይቅርታ፣ ትዕዛዙን ዛሬ ማታ መላክ አልችልም።,Refusal,2,Refusal_02,train
10070,ተጠንቀቅ፣ ለእህቴ ካልላክ ችግር ይፈጥራል።,Warning,4,Warning_02,train
10071,እባክሽ ደብዳቤውን በዚህ ሳምንት አምጪልኝ።,Request,0,Request_09,train
10072,ጤና ይስጥልኝ፣ ስራ እንዴት ነው?,Phatic,7,Phatic_02,train
10073,አልፈልግም፣ መረጃውን አልቀበልም።,Refusal,2,Refusal_03,train
10074,ውሉ ነገ ማታ አልተፈረመም።,Complaint,6,Complaint_04,train
10075,የጓደኛዋ አገልግሎት መጥፎ ነው።,Complaint,6,Complaint_10,val
10076,ክፍያው በዚህ ሳምንት አልተከፈለም።,Complaint,6,Complaint_03,train
10077,ውሉ ነገ ጠዋት አልተፈረመም።,Complaint,6,Complaint_04,train
10078,እባክሽ ምግቡን ነገ ጠዋት አዘጋጅልኝ።,Request,0,Request_13,train
10079,እርግጥ ነው፣ መረጃው ትክክል ነው... በጣም ግልጽ!,Sarcasm/Irony,5,Sarcasm/Irony_07,train
10080,አልችልም፣ ውሳኔውን በዚህ ሳምንት ማድረስ አልቻልኩም።,Refusal,2,Refusal_00,train
10081,ሰላም ነው?,Phatic,7,Phatic_04,test
10082,ክፍያው ነገ ጠዋት አልተከፈለም።,Complaint,6,Complaint_03,val
10083,ሀሳቤ መረጃውን ለአባቴ ማጋራት ነው።,Suggestion,3,Suggestion_11,train
10084,ለአስተዳዳሪው በሚቀጥለው ወር እደውላለሁ።,Promise,8,Promise_10,train
10085,እባክዎ መጽሐፉን ዛሬ ይላኩልኝ።,Request,0,Request_14,train
10086,የአስተዳዳሪው ውሳኔ ትክክል ነው።,Assertion,1,Assertion_12,train
10087,አዎ፣ ለጓደኛዋ ላክኩት... በጣም ጥሩ!,Sarcasm/Irony,5,Sarcasm/Irony_02,train
10088,አልችልም፣ ምግቡን በቅርቡ ማዘጋጀት አልቻልኩም።,Refusal,2,Refusal_12,test
10089,የቲኬቱ ጥራት ዝቅተኛ ነው።,Complaint,6,Complaint_11,train
10090,መረጃው ትክክል ነው።,Assertion,1,Assertion_04,test
10091,አልፈልግም፣ ምግቡን አልቀበልም።,Refusal,2,Refusal_03,train
10092,ይቅርታ፣ ለባልደረባዬ መጥራት አልችልም።,Refusal,2,Refusal_11,train
10093,እባክሽ ደብዳቤውን ዛሬ አምጪልኝ።,Request,0,Request_01,test
10094,መጽሐፉ አሁን አልደረሰኝም።,Complaint,6,Complaint_09,train
10095,መጽሐፉ በሚቀጥለው ሳምንት አልደረሰኝም።,Complaint,6,Complaint_09,train
10096,ሪፖርቱ በሚቀጥለው ወር አልቀረበም።,Complaint,6,Complaint_05,train
10097,ውሉን በሚቀጥለው ሳምንት እፈርማለሁ።,Promise,8,Promise_04,test
10098,መረጃውን ነገ ጠዋት እላካለሁ።,Promise,8,Promise_06,train
10099,እባክዎ ኮንትራቱን ዛሬ ማታ ይላኩልኝ።,Request,0,Request_00,train
10100,አይ፣ መጽሐፉን ማበደር አልችልም።,Refusal,2,Refusal_13,train
10101,ጤና ይስጥልኝ፣ ጓደኛዬ እንዴት ነው?,Phatic,7,Phatic_10,test
10102,እንደኔ ሀሳብ ትዕዛዙን ዛሬ መላክ ይሻላል።,Suggestion,3,Suggestion_01,train
10103,ይሻላል ውሳኔውን ነገ ማታ ማሳወቅ።,Suggestion,3,Suggestion_14,train
10104,አልችልም፣ ምግቡን በሚቀጥለው ቀን ማዘጋጀት አልቻልኩም።,Refusal,2,Refusal_12,val
10105,አዎ፣ ስራው ተጠናቀቀ... በጣም ፈጣን!,Sarcasm/Irony,5,Sarcasm/Irony_12,test
10106,ሰላም ነው ወንድሜ?,Phatic,7,Phatic_11,train
10107,ይሻላል ውሳኔውን በሚቀጥለው ሳምንት ማሳወቅ።,Suggestion,3,Suggestion_14,train
10108,ጤና ይስጥልኝ፣ ስራ እንዴት ነው?,Phatic,7,Phatic_02,train
10109,ተጠንቀቅ፣ ውሉን በዚህ ሳምንት ካልፈረምክ ህጋዊ ችግር ይፈጥራል።,Warning,4,Warning_04,train
10110,ስጦታው በዚህ ወር ደርሷል።,Assertion,1,Assertion_01,val
10111,አዎ፣ ስራው ተጠናቀቀ... በጣም ፈጣን!,Sarcasm/Irony,5,Sarcasm/Irony_12,test
10112,ውሉ ዛሬ ማታ ተፈርሟል።,Assertion,1,Assertion_07,test
10113,እንደኔ ሀሳብ አገልግሎቱን አሁን መላክ ይሻላል።,Suggestion,3,Suggestion_01,train
10114,የአባቴ አገልግሎት መጥፎ ነው።,Complaint,6,Complaint_10,train
10115,አዎ፣ ስራው ተጠናቀቀ... በጣም ፈጣን!,Sarcasm/Irony,5,Sarcasm/Irony_12,train
10116,ምናልባት አገልግሎቱን በሚቀጥለው ሳምንት ማድረግ ይሻላል።,Suggestion,3,Suggestion_00,train
10117,ትዕዛዙ በቅርቡ ተጠናቀቀ።,Assertion,1,Assertion_02,train
10118,ማስጠንቀቂያ፣ መረጃውን ካላጋራህ ችግር ይፈጥራል።,Warning,4,Warning_07,train
10119,አልፈልግም፣ ቦታውን ማስያዝ አልችልም።,Refusal,2,Refusal_09,train
10120,ማስጠንቀቂያ፣ ሸቀጡን በዚህ አመት ካላረጋገጥክ ችግር ይፈጥራል።,Warning,4,Warning_13,test
10121,ይቅርታ፣ መረጃውን ማጋራት አልችልም።,Refusal,2,Refusal_08,test
10122,ትዕዛዙ በቅርቡ አልደረሰኝም።,Complaint,6,Complaint_01,train
10123,እንደኔ ሀሳብ ሸቀጡን ነገ መላክ ይሻላል።,Suggestion,3,Suggestion_01,val
10124,ለአጋሬ በሚቀጥለው ቀን እደውላለሁ።,Promise,8,Promise_10,test
10125,አዎ፣ አገልግሎቱን በሚቀጥለው ወር አደረግኩት... ትክክል ነው!,Sarcasm/Irony,5,Sarcasm/Irony_00,train
10126,ውሳኔውን ዛሬ ጠዋት አሳውቃለሁ።,Promise,8,Promise_11,train
10127,ደብዳቤውን ነገ ማታ አረጋግጣለሁ።,Promise,8,Promise_13,train
10128,መረጃው ትክክል ነው።,Assertion,1,Assertion_04,train
10129,ሰላም፣ ስራ በአውሮፕላን ማረፊያ እንዴት ነው?,Phatic,7,Phatic_08,test
10130,ይሻላል ውሳኔውን በሚቀጥለው ቀን ማሳወቅ።,Suggestion,3,Suggestion_14,train
10131,ማስጠንቀቂያ፣ ውሳኔውን በሚቀጥለው ወር ካላሳወቅክ ችግር ይፈጥራል።,Warning,4,Warning_11,train
10132,ሪፖርቱን ዛሬ አቀርባለሁ።,Promise,8,Promise_05,test
10133,ውሳኔው በቅርቡ አልተሰጠም።,Complaint,6,Complaint_13,train
10134,እባክዎ ደብዳቤውን ነገ ማታ ይላኩልኝ።,Request,0,Request_00,train
10135,ተጠንቀቅ፣ ስራውን ዛሬ ማታ ካላጠናቀቅክ ቅጣት አለ።,Warning,4,Warning_14,train
10136,እባክዎ አገልግሎቱን ለደንበኛው ነገ ጠዋት ይላኩልኝ።,Request,0,Request_11,val
10137,እባክዎ ሪፖርቱን በቅርቡ ይላኩልኝ።,Request,0,Request_10,train
10138,አዎ፣ ቦታውን ዛሬ ማታ አደረግኩት... ትክክል ነው!,Sarcasm/Irony,5,Sarcasm/Irony_00,train
10139,መጽሐፉ ነገ ደረሰ።,Assertion,1,Assertion_11,val
10140,ጤና ይስጥልኝ፣ ጓደኛዬ እንዴት ነው?,Phatic,7,Phatic_10,test
10141,ማስጠንቀቂያ፣ ክፍያውን ዛሬ ካላደረግክ አገልግሎት ይቋረጣል።,Warning,4,Warning_03,val
10142,ሪፖርቱ በሚቀጥለው ወር አልቀረበም።,Complaint,6,Complaint_05,train
10143,ማስጠንቀቂያ፣ አገልግሎቱን በሚቀጥለው ወር ካላረጋገጥክ ችግር ይፈጥራል።,Warning,4,Warning_13,train
10144,የአስተዳዳሪው አገልግሎት መጥፎ ነው።,Complaint,6,Complaint_10,train
10145,መረጃው ትክክል ነው።,Assertion,1,Assertion_04,train
10146,አዎ፣ ቦታው ነፃ ነው... በጣም ምቹ!,Sarcasm/Irony,5,Sarcasm/Irony_08,train
10147,መጽሐፉ በሚቀጥለው ወር ደረሰ።,Assertion,1,Assertion_11,train
10148,ማስጠንቀቂያ፣ መረጃውን ካላጋራህ ችግር ይፈጥራል።,Warning,4,Warning_07,train
10149,የፖሊሱ ውሳኔ ትክክል ነው።,Assertion,1,Assertion_12,train
10150,ማስጠንቀቂያ፣ ክፍያውን በዚህ አመት ካላደረግክ አገልግሎት ይቋረጣል።,Warning,4,Warning_03,train
10151,አልችልም፣ ሸቀጡን በፍጥነት ማድረስ አልቻልኩም።,Refusal,2,Refusal_00,train
10152,ምናልባት ለጓደኛዋ መደወል ይሻላል።,Suggestion,3,Suggestion_06,train
10153,እንዴት ነሽ?,Phatic,7,Phatic_05,train
10154,አልፈልግም፣ ቦታውን ማስያዝ አልችልም።,Refusal,2,Refusal_09,test
10155,ይቅርታ፣ ለአስተዳዳሪው መጥራት አልችልም።,Refusal,2,Refusal_11,train
10156,ተጠንቀቅ፣ መጽሐፉን በቅርቡ ካላመለስክ ቅጣት አለ።,Warning,4,Warning_10,test
10157,ሰላም ነው?,Phatic,7,Phatic_04,train
10158,ማስጠንቀቂያ፣ መረጃውን ነገ ጠዋት ካላረጋገጥክ ችግር ይፈጥራል።,Warning,4,Warning_13,train
10159,መጽሐፉን ነገ አመልሳለሁ።,Promise,8,Promise_09,train
10160,ነጋዴው፣ ስራ እንዴት እየሄደ ነው?,Phatic,7,Phatic_14,train
10161,ማስጠንቀቂያ፣ መረጃውን ካላጋራህ ችግር ይፈጥራል።,Warning,4,Warning_07,train
10162,ጤና ይስጥልኝ፣ ቤተሰብ እንዴት ናቸው?,Phatic,7,Phatic_06,val
10163,እንደኔ ሀሳብ ቦታውን በሚቀጥለው ወር መላክ ይሻላል።,Suggestion,3,Suggestion_01,train
10164,ጤና ይስጥልኝ፣ ዛሬ እንዴት ነው?,Phatic,7,Phatic_13,train
10165,ቦታው በዚህ ወር አልተያዘም።,Complaint,6,Complaint_07,test
10166,እንደሚመስለኝ ስጦታውን በዚህ ወር ማምጣት ይሻላል።,Suggestion,3,Suggestion_10,test
10167,እርግጥ ነው፣ ውሉ ጥሩ ነው... በጣም ጥሩ!,Sarcasm/Irony,5,Sarcasm/Irony_13,train
10168,ይቅርታ፣ መረጃውን ማጋራት አልችልም።,Refusal,2,Refusal_08,train
10169,ውሉ ዛሬ ማታ አልተፈረመም።,Complaint,6,Complaint_04,train
10170,ስጦታውን በዚህ ወር አደርሳለሁ።,Promise,8,Promise_01,train
10171,ክፍያው ተከፍሏል።,Assertion,1,Assertion_05,train
10172,እንደሚመስለኝ ስጦታውን በሚቀጥለው ሳምንት ማምጣት ይሻላል።,Suggestion,3,Suggestion_10,val
10173,ውሳኔው ነገ ጠዋት አልተሰጠም።,Complaint,6,Complaint_13,train
10174,እባክዎ ትዕዛዙን ለወንድሜ ዛሬ ማታ ይላኩልኝ።,Request,0,Request_03,train
10175,የአጋሬ ውሳኔ ትክክል ነው።,Assertion,1,Assertion_12,train
10176,ውሉን በሚቀጥለው ወር እፈርማለሁ።,Promise,8,Promise_04,train
10177,ውሉ በዚህ አመት ተፈርሟል።,Assertion,1,Assertion_07,test
10178,እርግጥ ነው፣ ውሳኔው ትክክል ነው... በጣም ጥሩ!,Sarcasm/Irony,5,Sarcasm/Irony_11,train
10179,ስጦታውን በዚህ ወር አደርሳለሁ።,Promise,8,Promise_01,train
10180,እባክሽ ደብዳቤውን ዛሬ አምጪልኝ።,Request,0,Request_09,train
10181,እባክዎ ክፍያውን በሚቀጥለው ሳምንት ያረጋግጡልኝ።,Request,0,Request_08,train
10182,ጤና ይስጥልኝ፣ ዛሬ እንዴት ነው?,Phatic,7,Phatic_13,train
10183,ውሳኔውን በዚህ አመት አሳውቃለሁ።,Promise,8,Promise_11,val
10184,የመልእክቱ ችግር ከዛሬ ጀምሮ ከእናቴ ጋር እፈታለሁ።,Assertion,1,Assertion_00,test
10185,አይደለም፣ ውሉን ነገ ማረጋገጥ አልችልም።,Refusal,2,Refusal_04,train
10186,ማስጠንቀቂያ፣ ውሳኔውን ዛሬ ማታ ካላሳወቅክ ችግር ይፈጥራል።,Warning,4,Warning_11,test
10187,ማስጠንቀቂያ፣ ውሳኔውን ዛሬ ማታ ካላሳወቅክ ችግር ይፈጥራል።,Warning,4,Warning_11,train
10188,ይሻላል ውሳኔውን ነገ ጠዋት ማሳወቅ።,Suggestion,3,Suggestion_14,train
10189,የፖሊሱ ውሳኔ ትክክል ነው።,Assertion,1,Assertion_12,test
10190,ክፍያው ተከፍሏል።,Assertion,1,Assertion_05,val
10191,ክፍያው ነገ አልተከፈለም።,Complaint,6,Complaint_03,train
10192,እባክዎ ሪፖርቱን በሚቀጥለው ሳምንት ይላኩልኝ።,Request,0,Request_10,train
10193,ማስጠንቀቂያ፣ ሪፖርቱን በሚቀጥለው ሳምንት ካላቀረብክ ቅጣት አለ።,Warning,4,Warning_05,train
10194,አልችልም፣ ውሉን በሚቀጥለው ቀን ማድረስ አልቻልኩም።,Refusal,2,Refusal_00,val
10195,የወንድሜ አገልግሎት መጥፎ ነው።,Complaint,6,Complaint_10,train
10196,ይቅርታ፣ ትዕዛዙን በዚህ ወር መላክ አልችልም።,Refusal,2,Refusal_02,train
10197,መረጃው ትክክል ነው።,Assertion,1,Assertion_04,test
10198,አይ፣ ክፍያውን አሁን ማድረግ አልችልም።,Refusal,2,Refusal_07,train
10199,ማስጠንቀቂያ፣ ሪፖርቱን በዚህ ሳምንት ካላቀረብክ ቅጣት አለ።,Warning,4,Warning_05,val
10200,አዎ፣ ስጦታው ደርሷል... በጣም ጥሩ!,Sarcasm/Irony,5,Sarcasm/Irony_06,train
10201,እንደምን አደርክ?,Phatic,7,Phatic_03,train
10202,ክፍያውን ዛሬ አደርጋለሁ።,Promise,8,Promise_03,train
10203,እንዴት ነሽ?,Phatic,7,Phatic_05,train
10204,የትዕዛዙ ችግር ከሐሙስ ጀምሮ ከአጋሬ ጋር እፈታለሁ።,Promise,8,Promise_00,test
10205,ተጠንቀቅ፣ መጽሐፉን ነገ ጠዋት ካላመለስክ ቅጣት አለ።,Warning,4,Warning_10,train
10206,ይሻላል ውሉን ለእህቴ ማሳወቅ።,Suggestion,3,Suggestion_02,val
10207,ትዕዛዙ ዛሬ አልደረሰኝም።,Complaint,6,Complaint_01,train
10208,ይሻላል ክፍያውን ነገ ማድረግ።,Suggestion,3,Suggestion_08,train
10209,ተጠንቀቅ፣ መጽሐፉን ነገ ማታ ካላመለስክ ቅጣት አለ።,Warning,4,Warning_10,train
10210,የቤተሰቤ አገልግሎት መጥፎ ነው።,Complaint,6,Complaint_10,test
10211,ምክሬ ቦታውን አሁን ማስያዝ ነው።,Suggestion,3,Suggestion_09,test
10212,ለሰራተኛው ዛሬ ማታ አልደወሉልኝም።,Complaint,6,Complaint_14,train
10213,እንደኔ ሀሳብ ሪፖርቱን ነገ ማቅረብ ይሻላል።,Suggestion,3,Suggestion_07,val
10214,እባክሽ ቲኬቱን በሚቀጥለው ቀን አምጪልኝ።,Request,0,Request_01,train
10215,አዎ፣ ለባልደረባዬ ላክኩት... በጣም ጥሩ!,Sarcasm/Irony,5,Sarcasm/Irony_02,train
10216,እንደኔ ሀሳብ ትዕዛዙን በሚቀጥለው ሳምንት መላክ ይሻላል።,Suggestion,3,Suggestion_01,test
10217,ይቅርታ፣ ለጓደኛዬ መላክ አልችልም።,Refusal,2,Refusal_05,test
10218,እንደሚመስለኝ ስጦታውን በዚህ ወር ማምጣት ይሻላል።,Suggestion,3,Suggestion_10,train
10219,ማስጠንቀቂያ፣ ሪፖርቱን አሁን ካላቀረብክ ቅጣት አለ።,Warning,4,Warning_05,train
10220,እባክሽ ደብዳቤውን ነገ ማታ አምጪልኝ።,Request,0,Request_09,train
10221,ጤና ይስጥልኝ፣ ስራ እንዴት ነው?,Phatic,7,Phatic_02,train
10222,የፖሊሱ ስራ በፖስታ ቤት ጥሩ ነው።,Assertion,1,Assertion_06,val
10223,አይ፣ ክፍያውን አሁን ማድረግ አልችልም።,Refusal,2,Refusal_07,train
10224,አልፈልግም፣ ሰነዱን አልቀበልም።,Refusal,2,Refusal_03,val
10225,አይደለም፣ ሪፖርቱን በፍጥነት ማጠናቀቅ አልችልም።,Refusal,2,Refusal_10,train
10226,አዎ፣ መጽሐፉ ተመልሷል... በጣም ቀላል!,Sarcasm/Irony,5,Sarcasm/Irony_10,train
10227,ማስጠንቀቂያ፣ መረጃውን ካላጋራህ ችግር ይፈጥራል።,Warning,4,Warning_07,test
10228,ሪፖርቱ ዝግጁ ነው።,Assertion,1,Assertion_08,test
10229,የሸቀጡ ጥራት ዝቅተኛ ነው።,Complaint,6,Complaint_11,train
10230,አዎ፣ ስጦታው ደርሷል... በጣም ጥሩ!,Sarcasm/Irony,5,Sarcasm/Irony_06,train
10231,ነጋዴው፣ ዛሬ እንዴት ነው?,Phatic,7,Phatic_07,train
10232,ጤና ይስጥልኝ፣ ጓደኛዋ እንዴት ነው?,Phatic,7,Phatic_10,train
10233,ተጠንቀቅ፣ ስራውን በዚህ አመት ካላጠናቀቅክ ቅጣት አለ።,Warning,4,Warning_14,train
10234,ተጠንቀቅ፣ ስጦታውን በዚህ ሳምንት ካላመጣህ ችግር ይፈጥራል።,Warning,4,Warning_06,val
10235,የመረጃው ዋጋ ተቀይሯል።,Assertion,1,Assertion_09,train
10236,ቦታው ነፃ ነው።,Assertion,1,Assertion_10,train
10237,ስራውን በሚቀጥለው ቀን አጠናቅቃለሁ።,Promise,8,Promise_12,test
10238,ተጠንቀቅ፣ መጽሐፉን በሚቀጥለው ወር ካላመለስክ ቅጣት አለ።,Warning,4,Warning_10,val
10239,እባክዎ ውሉን ለእህቴ በዚህ ሳምንት ይላኩልኝ።,Request,0,Request_02,train
10240,ምክሬ ቦታውን አሁን ማስያዝ ነው።,Suggestion,3,Suggestion_09,train
10241,አልችልም፣ ሪፖርቱን ዛሬ ማድረስ አልቻልኩም።,Refusal,2,Refusal_00,train
10242,ማስጠንቀቂያ፣ ውሳኔውን በዚህ ወር ካላሳወቅክ ችግር ይፈጥራል።,Warning,4,Warning_11,train
10243,አዎ፣ ስራው ተጠናቀቀ... በጣም ፈጣን!,Sarcasm/Irony,5,Sarcasm/Irony_12,train
10244,ጤና ይስጥልኝ፣ ስራ እንዴት ነው?,Phatic,7,Phatic_02,train
10245,እርግጥ ነው፣ መረጃው ጥሩ ነው... በጣም ጥሩ!,Sarcasm/Irony,5,Sarcasm/Irony_13,train
10246,ተጠንቀቅ፣ ቦታውን በዚህ ወር ካላስያዝክ ይያዛል።,Warning,4,Warning_08,train
10247,ይሻላል ክፍያውን በዚህ ወር ማድረግ።,Suggestion,3,Suggestion_08,train
10248,መጽሐፉ በሚቀጥለው ቀን አልደረሰኝም።,Complaint,6,Complaint_09,train
10249,አዎ፣ መጽሐፉ ተመልሷል... በጣም ቀላል!,Sarcasm/Irony,5,Sarcasm/Irony_10,train
10250,እባክዎ ትዕዛዙን ለእህቴ በዚህ ሳምንት ይላኩልኝ።,Request,0,Request_03,test
10251,ስጦታውን ነገ ጠዋት አደርሳለሁ።,Promise,8,Promise_01,train
10252,ነጋዴው፣ ስራ እንዴት እየሄደ ነው?,Phatic,7,Phatic_14,train
10253,የሰነዱ ዋጋ ተቀይሯል።,Assertion,1,Assertion_09,val
10254,እንደሚመስለኝ ትዕዛዙን አሁን ማጠናቀቅ ይሻላል።,Suggestion,3,Suggestion_04,train
10255,ይሻላል ውሳኔውን በሚቀጥለው ቀን ማሳወቅ።,Suggestion,3,Suggestion_14,val
10256,እንደኔ ሀሳብ መጽሐፉን ዛሬ ጠዋት ማንበብ ይሻላል።,Suggestion,3,Suggestion_13,val
10257,ምናልባት ለአባቴ መደወል ይሻላል።,Suggestion,3,Suggestion_06,train
10258,አልፈልግም፣ ሪፖርቱን አልቀበልም።,Refusal,2,Refusal_03,train
10259,እባክዎ መጽሐፉን በሚቀጥለው ሳምንት ይላኩልኝ።,Request,0,Request_14,train
10260,የሰነዱ ሁኔታ ጥሩ ነው።,Assertion,1,Assertion_03,train
10261,ተጠንቀቅ፣ መጽሐፉን በሚቀጥለው ሳምንት ካላመለስክ ቅጣት አለ።,Warning,4,Warning_10,train
10262,አዎ፣ ለአጋሬ ላክኩት... በጣም ጥሩ!,Sarcasm/Irony,5,Sarcasm/Irony_02,val
10263,አይ፣ መጽሐፉን ማበደር አልችልም።,Refusal,2,Refusal_13,test
10264,ፋይሉን በሚቀጥለው ሳምንት አረጋግጣለሁ።,Promise,8,Promise_13,train
10265,እባክሽ ፋይሉን በሚቀጥለው ወር አምጪልኝ።,Request,0,Request_01,train
10266,እባክዎ ውሉን ለእህቴ ነገ ይላኩልኝ።,Request,0,Request_02,train
10267,አዎ፣ መጽሐፉ ተመልሷል... በጣም ቀላል!,Sarcasm/Irony,5,Sarcasm/Irony_10,val
10268,ይቅርታ፣ ውሳኔውን በሚቀጥለው ወር ማሳወቅ አልችልም።,Refusal,2,Refusal_14,train
10269,መጽሐፉ ዛሬ ማታ አልደረሰኝም።,Complaint,6,Complaint_09,train
10270,የአገልግሎቱ ጥራት ዝቅተኛ ነው።,Complaint,6,Complaint_11,train
10271,የደብዳቤው ሁኔታ ጥሩ ነው።,Assertion,1,Assertion_03,train
10272,እባክዎ ሸቀጡን አሁን ይላኩልኝ።,Request,0,Request_04,train
10273,ትዕዛዙ በፍጥነት አልደረሰኝም።,Complaint,6,Complaint_01,val
10274,ስጦታው ገና ወደ ቤተ መንግስት ዛሬ ጠዋት አልደረሰኝም።,Complaint,6,Complaint_00,train
10275,እባክዎ ክፍያውን አሁን ያረጋግጡልኝ።,Request,0,Request_08,train
10276,ነጋዴው፣ ስራ በቢሮ እንዴት ነው?,Phatic,7,Phatic_00,train
10277,እርግጥ ነው፣ ክፍያው ተከፍሏል... በጣም ቀላል!,Sarcasm/Irony,5,Sarcasm/Irony_03,test
10278,ቦታውን ዛሬ ጠዋት አስይዛለሁ።,Promise,8,Promise_07,train
10279,ሀሳቤ ውሉን ነገ ጠዋት መፈረም ነው።,Suggestion,3,Suggestion_05,val
10280,ውሉ በፍጥነት አልተፈረመም።,Complaint,6,Complaint_04,val
10281,አዎ፣ መጽሐፉ ተመልሷል... በጣም ቀላል!,Sarcasm/Irony,5,Sarcasm/Irony_10,train
10282,አልፈልግም፣ ኮንትራቱን አልቀበልም።,Refusal,2,Refusal_03,train
10283,ነጋዴው፣ ዛሬ እንዴት ነው?,Phatic,7,Phatic_07,val
10284,የትዕዛዙ ችግር ከማክሰኞ ጀምሮ ከቤተሰቤ ጋር እፈታለሁ።,Promise,8,Promise_00,val
10285,ጤና ይስጥልኝ፣ ቤተሰብ እንዴት ናቸው?,Phatic,7,Phatic_06,train
10286,ውሳኔውን በዚህ አመት አሳውቃለሁ።,Promise,8,Promise_11,val
10287,ለጓደኛችን በፍጥነት እደውላለሁ።,Promise,8,Promise_10,train
10288,ተጠንቀቅ፣ ለእናቴ ካልላክ ችግር ይፈጥራል።,Warning,4,Warning_02,test
10289,ተጠንቀቅ፣ ስጦታውን ዛሬ ማታ ካላመጣህ ችግር ይፈጥራል።,Warning,4,Warning_06,val
10290,እባክሽ ምግቡን ዛሬ ጠዋት አዘጋጅልኝ።,Request,0,Request_13,train
10291,አልችልም፣ መጽሐፉን በዚህ ሳምንት ማድረስ አልቻልኩም።,Refusal,2,Refusal_00,train
10292,ተጠንቀቅ፣ መጽሐፉን በዚህ አመት ካላመለስክ ቅጣት አለ።,Warning,4,Warning_10,train
10293,ነጋዴው፣ ዛሬ እንዴት ነው?,Phatic,7,Phatic_07,train
10294,እንዴት ነህ ጓደኛ?,Phatic,7,Phatic_12,train
10295,የአገልግሎቱ ሁኔታ ጥሩ ነው።,Assertion,1,Assertion_03,train
10296,እርግጥ ነው፣ መረጃው ትክክል ነው... በጣም ግልጽ!,Sarcasm/Irony,5,Sarcasm/Irony_07,train
10297,እርግጥ ነው፣ ሪፖርቱ ዝግጁ ነው... በጣም ፈጣን!,Sarcasm/Irony,5,Sarcasm/Irony_05,val
10298,ማስጠንቀቂያ፣ ውሳኔውን ነገ ማታ ካላሳወቅክ ችግር ይፈጥራል።,Warning,4,Warning_11,test
10299,እባክዎ ውሉን ለፖሊሱ ዛሬ ጠዋት ይላኩልኝ።,Request,0,Request_02,train
10300,አይ፣ ክፍያውን አሁን ማድረግ አልችልም።,Refusal,2,Refusal_07,train
10301,እባክዎ ሪፖርቱን በዚህ ሳምንት ይላኩልኝ።,Request,0,Request_10,val
10302,እባክሽ ደብዳቤውን ነገ አምጪልኝ።,Request,0,Request_09,train
10303,እባክሽ ምግቡን በሚቀጥለው ቀን አዘጋጅልኝ።,Request,0,Request_13,train
10304,ማስጠንቀቂያ፣ ውሳኔውን ዛሬ ማታ ካላሳወቅክ ችግር ይፈጥራል።,Warning,4,Warning_11,train
10305,አዎ፣ ውሉ ተፈርሟል... በጣም ቀላል ነበር!,Sarcasm/Irony,5,Sarcasm/Irony_04,train
10306,ትዕዛዙ ነገ ተጠናቀቀ።,Assertion,1,Assertion_02,train
10307,እባክሽ ምግቡን በሚቀጥለው ወር አዘጋጅልኝ።,Request,0,Request_13,train
10308,ሀሳቤ ውሉን አሁን መፈረም ነው።,Suggestion,3,Suggestion_05,train
10309,እርግጥ ነው፣ ሪፖርቱ ዝግጁ ነው... በጣም ፈጣን!,Sarcasm/Irony,5,Sarcasm/Irony_05,val
10310,ተጠንቀቅ፣ መጽሐፉን በዚህ ሳምንት ካላመለስክ ቅጣት አለ።,Warning,4,Warning_10,val
10311,እንዴት ነሽ?,Phatic,7,Phatic_05,train
10312,መጽሐፉ ነገ ጠዋት ደረሰ።,Assertion,1,Assertion_11,train
10313,እንደኔ ሀሳብ ውሳኔውን በዚህ ሳምንት መላክ ይሻላል።,Suggestion,3,Suggestion_01,train
10314,መረጃው በሚቀጥለው ወር አልደረሰኝም።,Complaint,6,Complaint_06,val
10315,ጤና ይስጥልኝ፣ ዛሬ እንዴት ነው?,Phatic,7,Phatic_13,train
10316,ነጋዴው፣ ስራ እንዴት እየሄደ ነው?,Phatic,7,Phatic_14,val
10317,ምናልባት ምግቡን ዛሬ ጠዋት ማዘጋጀት ይሻላል።,Suggestion,3,Suggestion_12,train
10318,ጤና ይስጥልኝ፣ ዛሬ እንዴት ነው?,Phatic,7,Phatic_13,val
10319,የፋይሉ ጥራት ዝቅተኛ ነው።,Complaint,6,Complaint_11,train
10320,እንደሚመስለኝ ትዕዛዙን በሚቀጥለው ቀን ማጠናቀቅ ይሻላል።,Suggestion,3,Suggestion_04,train
10321,ለአስተዳዳሪው በፍጥነት አልደወሉልኝም።,Complaint,6,Complaint_14,train
10322,ተጠንቀቅ፣ ውሉን ነገ ጠዋት ካልፈረምክ ህጋዊ ችግር ይፈጥራል።,Warning,4,Warning_04,test
10323,እባክዎ መጽሐፉን ዛሬ ማታ ይላኩልኝ።,Request,0,Request_14,train
10324,አይ፣ ክፍያውን አሁን ማድረግ አልችልም።,Refusal,2,Refusal_07,train
10325,እንዴት ነህ ጓደኛ?,Phatic,7,Phatic_12,train
10326,ነጋዴው፣ ስራ በገበያ እንዴት ነው?,Phatic,7,Phatic_00,train
10327,መረጃው ነገ ማታ አልደረሰኝም።,Complaint,6,Complaint_06,train
10328,እንደምን አደረሽ?,Phatic,7,Phatic_09,train
10329,ስጦታውን በሚቀጥለው ቀን አደርሳለሁ።,Promise,8,Promise_01,val
10330,አይ፣ መጽሐፉን ማበደር አልችልም።,Refusal,2,Refusal_13,val
10331,የመጽሐፉ ችግር ከዛሬ ጀምሮ ከአለቃዬ ጋር እፈታለሁ።,Assertion,1,Assertion_00,train
10332,ትዕዛዙ በሚቀጥለው ቀን አልደረሰኝም።,Complaint,6,Complaint_01,train
10333,ማስጠንቀቂያ፣ ምግቡን በዚህ አመት ካላዘጋጀህ ችግር ይፈጥራል።,Warning,4,Warning_09,train
10334,ይሻላል ውሳኔውን ነገ ማሳወቅ።,Suggestion,3,Suggestion_14,train
10335,ለጓደኛችን በቅርቡ አልደወሉልኝም።,Complaint,6,Complaint_14,test
10336,እንደኔ ሀሳብ ሪፖርቱን በዚህ ሳምንት ማቅረብ ይሻላል።,Suggestion,3,Suggestion_07,test
10337,አይደለም፣ ሪፖርቱን በዚህ ሳምንት ማጠናቀቅ አልችልም።,Refusal,2,Refusal_10,train
10338,ምግቡ በዚህ አመት አልደረሰኝም።,Complaint,6,Complaint_08,train
10339,እባክዎ ክፍያውን ለደንበኛው በዚህ ሳምንት ይላኩልኝ።,Request,0,Request_11,train
10340,ሪፖርቱን ዛሬ አቀርባለሁ።,Promise,8,Promise_05,train
10341,እንዴት ነሽ?,Phatic,7,Phatic_05,train
10342,ጤና ይስጥልኝ፣ ዛሬ እንዴት ነው?,Phatic,7,Phatic_13,val
10343,ምግቡን ዛሬ ማታ አረጋግጣለሁ።,Promise,8,Promise_13,test
10344,አዎ፣ ለአጋሬ ላክኩት... በጣም ጥሩ!,Sarcasm/Irony,5,Sarcasm/Irony_02,test
10345,አዎ፣ ውሉ ተፈርሟል... በጣም ቀላል ነበር!,Sarcasm/Irony,5,Sarcasm/Irony_04,val
10346,እባክዎ ሪፖርቱን በቅርቡ ይላኩልኝ።,Request,0,Request_10,train
10347,አዎ፣ መልእክቱን ነገ ጠዋት አደረግኩት... ትክክል ነው!,Sarcasm/Irony,5,Sarcasm/Irony_00,train
10348,የጓደኛዬ ስራ በቢሮ ጥሩ ነው።,Assertion,1,Assertion_06,train
10349,እርግጥ ነው፣ ክፍያው ተከፍሏል... በጣም ቀላል!,Sarcasm/Irony,5,Sarcasm/Irony_03,val
10350,ምግቡን በሚቀጥለው ሳምንት አዘጋጃለሁ።,Promise,8,Promise_08,test
10351,እባክዎ መጽሐፉን አሁን ይላኩልኝ።,Request,0,Request_04,val
10352,ትዕዛዙ ዛሬ ተጠናቀቀ።,Assertion,1,Assertion_02,train
10353,ትዕዛዙን በዚህ ሳምንት አጠናቅቃለሁ።,Promise,8,Promise_02,train
10354,ስጦታውን ነገ ጠዋት አደርሳለሁ።,Promise,8,Promise_01,train
10355,እባክዎ ቦታውን በቅርቡ ያስይዙልኝ።,Request,0,Request_12,val
10356,እርግጥ ነው፣ ፋይሉ ጥሩ ነው... በጣም ጥሩ!,Sarcasm/Irony,5,Sarcasm/Irony_13,train
10357,ክፍያው ነገ አልተከፈለም።,Complaint,6,Complaint_03,train
10358,አልችልም፣ ፓኬጁን ነገ ማታ ማድረስ አልቻልኩም።,Refusal,2,Refusal_00,train
10359,ሰላም ነው ወንድሜ?,Phatic,7,Phatic_11,train
10360,እባክዎ መጽሐፉን ለደንበኛው ዛሬ ማታ ይላኩልኝ።,Request,0,Request_11,val
10361,ተጠንቀቅ፣ ለአስተዳዳሪው ካልላክ ችግር ይፈጥራል።,Warning,4,Warning_02,train
10362,ውሉን ዛሬ ማታ እፈርማለሁ።,Promise,8,Promise_04,train
10363,እንደሚመስለኝ ስጦታውን ነገ ጠዋት ማምጣት ይሻላል።,Suggestion,3,Suggestion_10,train
10364,እባክዎ ክፍያውን አሁን ያረጋግጡልኝ።,Request,0,Request_08,train
10365,ለአለቃዬ ዛሬ ማታ አልደወሉልኝም።,Complaint,6,Complaint_14,train
10366,ጤና ይስጥልኝ፣ ስራ እንዴት ነው?,Phatic,7,Phatic_02,train
10367,ይሻላል ውሳኔውን በዚህ ወር ማሳወቅ።,Suggestion,3,Suggestion_14,test
10368,ተጠንቀቅ፣ ስራውን ነገ ጠዋት ካላጠናቀቅክ ቅጣት አለ።,Warning,4,Warning_14,train
10369,ቦታው ነፃ ነው።,Assertion,1,Assertion_10,train
10370,ለአባቴ ዛሬ እደውላለሁ።,Promise,8,Promise_10,train
10371,ውሳኔው ነገ ጠዋት አልተሰጠም።,Complaint,6,Complaint_13,train
10372,ክፍያውን በፍጥነት አደርጋለሁ።,Promise,8,Promise_03,train
10373,አዎ፣ ስጦታው ደርሷል... በጣም ጥሩ!,Sarcasm/Irony,5,Sarcasm/Irony_06,train
10374,አይደለም፣ ውሉን በዚህ አመት ማረጋገጥ አልችልም።,Refusal,2,Refusal_04,test
10375,ተጠንቀቅ፣ መረጃውን በሚቀጥለው ሳምንት ካላደረግክ ችግር ይፈጥራል።,Warning,4,Warning_00,train
10376,የትዕዛዙ ችግር ከሐሙስ ጀምሮ ከጓደኛችን ጋር እፈታለሁ።,Promise,8,Promise_00,test
10377,ውሳኔው በፍጥነት አልተሰጠም።,Complaint,6,Complaint_13,train
10378,እርግጥ ነው፣ ምግቡ ዝግጁ ነው... በጣም ጣፋጭ!,Sarcasm/Irony,5,Sarcasm/Irony_09,train
10379,ምክሬ ቦታውን አሁን ማስያዝ ነው።,Suggestion,3,Suggestion_09,train
10380,እንደኔ ሀሳብ መጽሐፉን በፍጥነት ማንበብ ይሻላል።,Suggestion,3,Suggestion_13,train
10381,አዎ፣ መጽሐፉ ተመልሷል... በጣም ቀላል!,Sarcasm/Irony,5,Sarcasm/Irony_10,train
10382,እርግጥ ነው፣ መጽሐፉ ጥሩ ነው... በጣም ጥሩ!,Sarcasm/Irony,5,Sarcasm/Irony_13,test
10383,ስራው በዚህ ሳምንት ተጀምሯል።,Assertion,1,Assertion_13,train
10384,ይሻላል ትዕዛዙን ለአባቴ ማሳወቅ።,Suggestion,3,Suggestion_02,val
10385,ምግቡ ነገ ጠዋት አልደረሰኝም።,Complaint,6,Complaint_08,train
10386,እንዴት ነሽ?,Phatic,7,Phatic_05,train
10387,ይቅርታ፣ ለፖሊሱ መላክ አልችልም።,Refusal,2,Refusal_05,train
10388,ስጦታው ገና ወደ ሆስፒታል በሚቀጥለው ሳምንት አልደረሰኝም።,Complaint,6,Complaint_00,test
10389,እባክዎ ትዕዛዙን ለፖሊሱ በዚህ ሳምንት ይላኩልኝ።,Request,0,Request_03,train
10390,ስጦታውን ዛሬ ጠዋት አደርሳለሁ።,Promise,8,Promise_01,train
10391,አዎ፣ ቦታውን ነገ አደረግኩት... ትክክል ነው!,Sarcasm/Irony,5,Sarcasm/Irony_00,train
10392,ምናልባት ለአለቃዬ መደወል ይሻላል።,Suggestion,3,Suggestion_06,train
10393,እንደምን አደረሽ?,Phatic,7,Phatic_09,val
10394,እንዴት ነህ ጓደኛ?,Phatic,7,Phatic_12,train
10395,ለደንበኛው ነገ እደውላለሁ።,Promise,8,Promise_10,test
10396,ሰላም ነው ወንድሜ?,Phatic,7,Phatic_11,test
10397,ምናልባት ለአስተዳዳሪው መደወል ይሻላል።,Suggestion,3,Suggestion_06,train
10398,ስራውን ነገ ማታ አጠናቅቃለሁ።,Promise,8,Promise_12,train
10399,እንደሚመስለኝ ትዕዛዙን አሁን ማጠናቀቅ ይሻላል።,Suggestion,3,Suggestion_04,test
10400,እርግጥ ነው፣ መረጃው ትክክል ነው... በጣም ግልጽ!,Sarcasm/Irony,5,Sarcasm/Irony_07,train
10401,እንደምን አደርክ?,Phatic,7,Phatic_03,train
10402,ሰላም ነው?,Phatic,7,Phatic_04,val
10403,ውሉን ዛሬ ማታ እፈርማለሁ።,Promise,8,Promise_04,train
10404,ሰላም ነው?,Phatic,7,Phatic_04,train
10405,እባክዎ ክፍያውን አሁን ያረጋግጡልኝ።,Request,0,Request_08,train
10406,ትዕዛዙ ዛሬ ማታ አልደረሰኝም።,Complaint,6,Complaint_01,train
10407,እርግጥ ነው፣ ሰነዱ ጥሩ ነው... በጣም ጥሩ!,Sarcasm/Irony,5,Sarcasm/Irony_13,train
10408,እንዴት ነህ ጓደኛ?,Phatic,7,Phatic_12,val
10409,ነጋዴው፣ ስራ በሆቴል እንዴት ነው?,Phatic,7,Phatic_00,train
10410,አዎ፣ ውሉ ተፈርሟል... በጣም ቀላል ነበር!,Sarcasm/Irony,5,Sarcasm/Irony_04,train
10411,እባክዎ ቲኬቱን ለደንበኛው በሚቀጥለው ሳምንት ይላኩልኝ።,Request,0,Request_11,train
10412,ምክሬ ቦታውን አሁን ማስያዝ ነው።,Suggestion,3,Suggestion_09,val
10413,ጤና ይስጥልኝ፣ ደንበኛው እንዴት ነው?,Phatic,7,Phatic_10,train
10414,እርግጥ ነው፣ ትዕዛዙ ዛሬ ማታ ተጠናቀቀ... በጣም ፈጣን!,Sarcasm/Irony,5,Sarcasm/Irony_01,train
10415,አዎ፣ ሸቀጡን ዛሬ አደረግኩት... ትክክል ነው!,Sarcasm/Irony,5,Sarcasm/Irony_00,train
10416,ሰላም ነው?,Phatic,7,Phatic_04,train
10417,ስራው በዚህ አመት ተጀምሯል።,Assertion,1,Assertion_13,train
10418,ስጦታው ገና ወደ አውሮፕላን ማረፊያ ዛሬ ጠዋት አልደረሰኝም።,Complaint,6,Complaint_00,test
10419,ውሉን በሚቀጥለው ቀን እፈርማለሁ።,Promise,8,Promise_04,val
10420,ምናልባት ምግቡን በዚህ ወር ማዘጋጀት ይሻላል።,Suggestion,3,Suggestion_12,train
10421,እርግጥ ነው፣ ትዕዛዙ በሚቀጥለው ወር ተጠናቀቀ... በጣም ፈጣን!,Sarcasm/Irony,5,Sarcasm/Irony_01,train
10422,እባክዎ ክፍያውን ዛሬ ጠዋት ያረጋግጡልኝ።,Request,0,Request_08,train
10423,ጤና ይስጥልኝ፣ ዛሬ እንዴት ነው?,Phatic,7,Phatic_13,val
10424,ሰላም ነው ወንድሜ?,Phatic,7,Phatic_11,train
10425,ስጦታው በፍጥነት ደርሷል።,Assertion,1,Assertion_01,train
10426,ሀሳቤ ውሉን በሚቀጥለው ወር መፈረም ነው።,Suggestion,3,Suggestion_05,train
10427,እርግጥ ነው፣ ሪፖርቱ ዝግጁ ነው... በጣም ፈጣን!,Sarcasm/Irony,5,Sarcasm/Irony_05,train
10428,እባክዎ ቦታውን በፍጥነት ያስይዙልኝ።,Request,0,Request_12,train
10429,ትዕዛዙን ዛሬ አጠናቅቃለሁ።,Promise,8,Promise_02,train
10430,ክፍያውን በቅርቡ አደርጋለሁ።,Promise,8,Promise_03,train
10431,አዎ፣ ውሉ ተፈርሟል... በጣም ቀላል ነበር!,Sarcasm/Irony,5,Sarcasm/Irony_04,train
10432,ምናልባት ሪፖርቱን ዛሬ ጠዋት ማድረግ ይሻላል።,Suggestion,3,Suggestion_00,train
10433,ጤና ይስጥልኝ፣ ዛሬ እንዴት ነው?,Phatic,7,Phatic_13,train
10434,ይቅርታ፣ ትዕዛዙን በሚቀጥለው ቀን መላክ አልችልም።,Refusal,2,Refusal_02,train
10435,ማስጠንቀቂያ፣ ክፍያውን በዚህ ወር ካላደረግክ አገልግሎት ይቋረጣል።,Warning,4,Warning_03,train
10436,ማስጠንቀቂያ፣ ትዕዛዙን በሚቀጥለው ቀን ካላጠናቀቅክ ቅጣት አለ።,Warning,4,Warning_01,train
10437,አይ፣ ክፍያውን አሁን ማድረግ አልችልም።,Refusal,2,Refusal_07,train
10438,ጤና ይስጥልኝ፣ አለቃዬ እንዴት ነው?,Phatic,7,Phatic_10,val
10439,ጤና ይስጥልኝ፣ ዛሬ እንዴት ነው?,Phatic,7,Phatic_13,train
10440,ስጦታው ገና ወደ ሬስቶራንት ነገ አልደረሰኝም።,Complaint,6,Complaint_00,train
10441,እንደምን አደረሽ?,Phatic,7,Phatic_09,train
10442,እንደኔ ሀሳብ ሪፖርቱን ዛሬ ጠዋት ማቅረብ ይሻላል።,Suggestion,3,Suggestion_07,train
10443,ይቅርታ፣ ውሳኔውን ነገ ጠዋት ማሳወቅ አልችልም።,Refusal,2,Refusal_14,train
10444,የትዕዛዙ ችግር ከትናንት ጀምሮ ከጓደኛችን ጋር እፈታለሁ።,Promise,8,Promise_00,test
10445,ተጠንቀቅ፣ ቦታውን ነገ ጠዋት ካላስያዝክ ይያዛል።,Warning,4,Warning_08,train
10446,ስጦታው ነገ ማታ ደርሷል።,Assertion,1,Assertion_01,train
10447,ስራው በሚቀጥለው ቀን ተጀምሯል።,Assertion,1,Assertion_13,train
10448,ሰላም ነው ወንድሜ?,Phatic,7,Phatic_11,train
10449,ተጠንቀቅ፣ ቦታውን ዛሬ ጠዋት ካላስያዝክ ይያዛል።,Warning,4,Warning_08,train
10450,ሰላም፣ እንዴት ነህ?,Phatic,7,Phatic_01,val
10451,ይቅርታ፣ መረጃውን ማጋራት አልችልም።,Refusal,2,Refusal_08,train
10452,ተጠንቀቅ፣ ስራውን በሚቀጥለው ሳምንት ካላጠናቀቅክ ቅጣት አለ።,Warning,4,Warning_14,train
10453,ትዕዛዙ ነገ ማታ አልደረሰኝም።,Complaint,6,Complaint_01,train
10454,እርግጥ ነው፣ ትዕዛዙ በዚህ ሳምንት ተጠናቀቀ... በጣም ፈጣን!,Sarcasm/Irony,5,Sarcasm/Irony_01,train
10455,ማስጠንቀቂያ፣ ምግቡን በቅርቡ ካላዘጋጀህ ችግር ይፈጥራል።,Warning,4,Warning_09,train
10456,ስጦታውን ዛሬ ጠዋት አደርሳለሁ።,Promise,8,Promise_01,val
10457,አዎ፣ ስራው ተጠናቀቀ... በጣም ፈጣን!,Sarcasm/Irony,5,Sarcasm/Irony_12,val
10458,ሪፖርቱ ዝግጁ ነው።,Assertion,1,Assertion_08,train
10459,እባክዎ ውሉን ለጓደኛችን አሁን ይላኩልኝ።,Request,0,Request_02,train
10460,መረጃውን በዚህ አመት እላካለሁ።,Promise,8,Promise_06,test
10461,ሪፖርቱ በዚህ አመት አልቀረበም።,Complaint,6,Complaint_05,train
10462,ማስጠንቀቂያ፣ ክፍያውን አሁን ካላደረግክ አገልግሎት ይቋረጣል።,Warning,4,Warning_03,test
10463,እንደኔ ሀሳብ ሪፖርቱን ነገ ማታ ማቅረብ ይሻላል።,Suggestion,3,Suggestion_07,val
10464,ለጓደኛችን በዚህ ሳምንት አልደወሉልኝም።,Complaint,6,Complaint_14,train
10465,ሀሳቤ መረጃውን ለሰራተኛው ማጋራት ነው።,Suggestion,3,Suggestion_11,train
10466,መረጃው በዚህ አመት አልደረሰኝም።,Complaint,6,Complaint_06,train
10467,ነጋዴው፣ ስራ በገበያ እንዴት ነው?,Phatic,7,Phatic_00,train
10468,እርግጥ ነው፣ ምግቡ ዝግጁ ነው... በጣም ጣፋጭ!,Sarcasm/Irony,5,Sarcasm/Irony_09,val
10469,ጤና ይስጥልኝ፣ ስራ እንዴት ነው?,Phatic,7,Phatic_02,train
10470,ተጠንቀቅ፣ ለአባቴ ካልደወልክ ችግር ይፈጥራል።,Warning,4,Warning_12,train
10471,ስራው ነገ ተጀምሯል።,Assertion,1,Assertion_13,test
10472,ምግቡ በሚቀጥለው ወር አልደረሰኝም።,Complaint,6,Complaint_08,val
10473,አዎ፣ ለእናቴ ላክኩት... በጣም ጥሩ!,Sarcasm/Irony,5,Sarcasm/Irony_02,test
10474,ሪፖርቱ ዝግጁ ነው።,Assertion,1,Assertion_08,test
10475,አዎ፣ ቦታው ነፃ ነው... በጣም ምቹ!,Sarcasm/Irony,5,Sarcasm/Irony_08,train
10476,እርግጥ ነው፣ ምግቡ ዝግጁ ነው... በጣም ጣፋጭ!,Sarcasm/Irony,5,Sarcasm/Irony_09,train
10477,ጤና ይስጥልኝ፣ አባቴ እንዴት ነው?,Phatic,7,Phatic_10,train
10478,የስራው ችግር ከጠዋቱ ጀምሮ አልተፈታም።,Complaint,6,Complaint_02,train
10479,ትዕዛዙ ዛሬ ማታ ተጠናቀቀ።,Assertion,1,Assertion_02,val
10480,ነጋዴው፣ ዛሬ እንዴት ነው?,Phatic,7,Phatic_07,train
10481,እባክዎ መጽሐፉን በሚቀጥለው ወር ይላኩልኝ።,Request,0,Request_14,val
10482,ይሻላል ሸቀጡን ለጓደኛዬ ማሳወቅ።,Suggestion,3,Suggestion_02,train
10483,ይሻላል ውሳኔውን ዛሬ ጠዋት ማሳወቅ።,Suggestion,3,Suggestion_14,train
10484,ቦታው ነፃ ነው።,Assertion,1,Assertion_10,train
10485,ውሳኔው በዚህ ሳምንት አልተሰጠም።,Complaint,6,Complaint_13,test
10486,ውሳኔው ነገ አልተሰጠም።,Complaint,6,Complaint_13,train
10487,ሪፖርቱን ዛሬ ጠዋት አቀርባለሁ።,Promise,8,Promise_05,train
10488,እባክዎ ቦታውን ዛሬ ጠዋት ያስይዙልኝ።,Request,0,Request_12,train
10489,አልቻልኩም፣ ስጦታውን በቅርቡ ማምጣት አልቻልኩም።,Refusal,2,Refusal_06,test
10490,ጤና ይስጥልኝ፣ ወንድሜ እንዴት ነው?,Phatic,7,Phatic_10,train
10491,ለእህቴ በፍጥነት እደውላለሁ።,Promise,8,Promise_10,val
10492,ትዕዛዙን በሚቀጥለው ሳምንት አጠናቅቃለሁ።,Promise,8,Promise_02,train
10493,እርግጥ ነው፣ መረጃው ትክክል ነው... በጣም ግልጽ!,Sarcasm/Irony,5,Sarcasm/Irony_07,test
10494,እባክዎ ስጦታውን በሚቀጥለው ሳምንት ያድርሱልኝ።,Request,0,Request_06,train
10495,መጽሐፉ አሁን ደረሰ።,Assertion,1,Assertion_11,test
10496,ውሉን አሁን እፈርማለሁ።,Promise,8,Promise_04,train
10497,ቦታው አሁን አልተያዘም።,Complaint,6,Complaint_07,test
10498,የአገልግሎቱ ጥራት ዝቅተኛ ነው።,Complaint,6,Complaint_11,train
10499,እርግጥ ነው፣ መረጃው ትክክል ነው... በጣም ግልጽ!,Sarcasm/Irony,5,Sarcasm/Irony_07,train
10500,እባክሽ ደብዳቤውን በዚህ ወር አምጪልኝ።,Request,0,Request_09,train
10501,ማስጠንቀቂያ፣ ሪፖርቱን በቅርቡ ካላቀረብክ ቅጣት አለ።,Warning,4,Warning_05,train
10502,ውሳኔው በቅርቡ አልተሰጠም።,Complaint,6,Complaint_13,train
10503,ትዕዛዙ ዛሬ አልደረሰኝም።,Complaint,6,Complaint_01,val
10504,እባክዎ ውሉን ለደንበኛው በሚቀጥለው ቀን ይላኩልኝ።,Request,0,Request_02,train
10505,ጤና ይስጥልኝ፣ ቤተሰብ እንዴት ናቸው?,Phatic,7,Phatic_06,val
10506,እርግጥ ነው፣ ምግቡ ዝግጁ ነው... በጣም ጣፋጭ!,Sarcasm/Irony,5,Sarcasm/Irony_09,train
10507,አይ፣ አሁን መጽሐፉ ማድረግ አልችልም።,Refusal,2,Refusal_01,val
10508,ሪፖርቱን አሁን አቀርባለሁ።,Promise,8,Promise_05,train
10509,አልቻልኩም፣ ስጦታውን በሚቀጥለው ቀን ማምጣት አልቻልኩም።,Refusal,2,Refusal_06,val
10510,ለጓደኛችን አሁን አልደወሉልኝም።,Complaint,6,Complaint_14,test
10511,መረጃው በፍጥነት አልደረሰኝም።,Complaint,6,Complaint_06,train
10512,መረጃው ትክክል ነው።,Assertion,1,Assertion_04,train
10513,የቤተሰቤ ስራ በቢሮ ጥሩ ነው።,Assertion,1,Assertion_06,train
10514,ነጋዴው፣ ስራ እንዴት እየሄደ ነው?,Phatic,7,Phatic_14,test
10515,አልቻልኩም፣ ስጦታውን ዛሬ ማምጣት አልቻልኩም።,Refusal,2,Refusal_06,val
10516,አይደለም፣ ሪፖርቱን በሚቀጥለው ሳምንት ማጠናቀቅ አልችልም።,Refusal,2,Refusal_10,train
10517,አይደለም፣ ውሉን በቅርቡ ማረጋገጥ አልችልም።,Refusal,2,Refusal_04,test
10518,ቦታው በሚቀጥለው ሳምንት አልተያዘም።,Complaint,6,Complaint_07,train
10519,ክፍያው ተከፍሏል።,Assertion,1,Assertion_05,train
10520,ይቅርታ፣ ለጓደኛዬ መላክ አልችልም።,Refusal,2,Refusal_05,test
10521,እባክዎ ትዕዛዙን ለጓደኛዋ በሚቀጥለው ቀን ይላኩልኝ።,Request,0,Request_03,test
10522,እባክሽ ምግቡን በዚህ ሳምንት አዘጋጅልኝ።,Request,0,Request_13,train
10523,ቦታው ነፃ ነው።,Assertion,1,Assertion_10,train
10524,ምግቡን በቅርቡ አዘጋጃለሁ።,Promise,8,Promise_08,test
10525,መጽሐፉን በሚቀጥለው ሳምንት አመልሳለሁ።,Promise,8,Promise_09,train
10526,እርግጥ ነው፣ ትዕዛዙ በሚቀጥለው ሳምንት ተጠናቀቀ... በጣም ፈጣን!,Sarcasm/Irony,5,Sarcasm/Irony_01,train
10527,እንደሚመስለኝ ስጦታውን ነገ ማታ ማምጣት ይሻላል።,Suggestion,3,Suggestion_10,train
10528,የጓደኛችን ስራ በባንክ ጥሩ ነው።,Assertion,1,Assertion_06,train
10529,አዎ፣ ስራው ተጠናቀቀ... በጣም ፈጣን!,Sarcasm/Irony,5,Sarcasm/Irony_12,test
10530,እርግጥ ነው፣ ሪፖርቱ ዝግጁ ነው... በጣም ፈጣን!,Sarcasm/Irony,5,Sarcasm/Irony_05,train
10531,ይቅርታ፣ ለአለቃዬ መላክ አልችልም።,Refusal,2,Refusal_05,train
10532,እርግጥ ነው፣ ምግቡ ዝግጁ ነው... በጣም ጣፋጭ!,Sarcasm/Irony,5,Sarcasm/Irony_09,train
10533,ሪፖርቱ ነገ ማታ አልቀረበም።,Complaint,6,Complaint_05,train
10534,ሪፖርቱን በፍጥነት አቀርባለሁ።,Promise,8,Promise_05,train
10535,ሪፖርቱ ዝግጁ ነው።,Assertion,1,Assertion_08,train
10536,መረጃውን በፍጥነት እላካለሁ።,Promise,8,Promise_06,train
10537,ማስጠንቀቂያ፣ ክፍያውን በሚቀጥለው ሳምንት ካላደረግክ አገልግሎት ይቋረጣል።,Warning,4,Warning_03,test
10538,ውሉ በዚህ አመት አልተፈረመም።,Complaint,6,Complaint_04,train
10539,የምግቡ ጥራት ከፍተኛ ነው።,Assertion,1,Assertion_14,train
10540,እርግጥ ነው፣ ትዕዛዙ በዚህ ሳምንት ተጠናቀቀ... በጣም ፈጣን!,Sarcasm/Irony,5,Sarcasm/Irony_01,val
10541,ውሉ ዛሬ ማታ አልተፈረመም።,Complaint,6,Complaint_04,train
10542,አይደለም፣ ውሉን በቅርቡ ማረጋገጥ አልችልም።,Refusal,2,Refusal_04,train
10543,አልፈልግም፣ ቦታውን ማስያዝ አልችልም።,Refusal,2,Refusal_09,train
10544,ማስጠንቀቂያ፣ ኮንትራቱን ነገ ጠዋት ካላረጋገጥክ ችግር ይፈጥራል።,Warning,4,Warning_13,train
10545,ቦታውን በዚህ ሳምንት አስይዛለሁ።,Promise,8,Promise_07,val
10546,ውሳኔው በሚቀጥለው ወር አልተሰጠም።,Complaint,6,Complaint_13,val
10547,አይ፣ መጽሐፉን ማበደር አልችልም።,Refusal,2,Refusal_13,train
10548,ሰላም፣ እንዴት ነህ?,Phatic,7,Phatic_01,train
10549,አይደለም፣ ሪፖርቱን በቅርቡ ማጠናቀቅ አልችልም።,Refusal,2,Refusal_10,val
10550,አይ፣ አሁን ሪፖርቱ ማድረግ አልችልም።,Refusal,2,Refusal_01,train
10551,ይሻላል ክፍያውን በፍጥነት ማድረግ።,Suggestion,3,Suggestion_08,test
10552,መረጃውን ነገ ማታ እላካለሁ።,Promise,8,Promise_06,train
10553,አዎ፣ ቦታው ነፃ ነው... በጣም ምቹ!,Sarcasm/Irony,5,Sarcasm/Irony_08,train
10554,ይቅርታ፣ ትዕዛዙን በሚቀጥለው ወር መላክ አልችልም።,Refusal,2,Refusal_02,train
10555,እርግጥ ነው፣ ትዕዛዙ በሚቀጥለው ቀን ተጠናቀቀ... በጣም ፈጣን!,Sarcasm/Irony,5,Sarcasm/Irony_01,train
10556,ክፍያው ነገ ማታ አልተከፈለም።,Complaint,6,Complaint_03,train
10557,አዎ፣ ስራው ተጠናቀቀ... በጣም ፈጣን!,Sarcasm/Irony,5,Sarcasm/Irony_12,train
10558,አዎ፣ መጽሐፉ ተመልሷል... በጣም ቀላል!,Sarcasm/Irony,5,Sarcasm/Irony_10,val
10559,እባክዎ ውሉን ለባልደረባዬ ነገ ጠዋት ይላኩልኝ።,Request,0,Request_02,val
10560,እባክዎ ትዕዛዙን ለአስተዳዳሪው በሚቀጥለው ወር ይላኩልኝ።,Request,0,Request_03,train
10561,ጤና ይስጥልኝ፣ ዛሬ እንዴት ነው?,Phatic,7,Phatic_13,train
10562,እንደምን አደረሽ?,Phatic,7,Phatic_09,train
10563,አይደለም፣ ሪፖርቱን ዛሬ ማታ ማጠናቀቅ አልችልም።,Refusal,2,Refusal_10,val
10564,ሰላም ነው ወንድሜ?,Phatic,7,Phatic_11,train
10565,እርግጥ ነው፣ መረጃው ትክክል ነው... በጣም ግልጽ!,Sarcasm/Irony,5,Sarcasm/Irony_07,train
10566,ይቅርታ፣ ለአባቴ መጥራት አልችልም።,Refusal,2,Refusal_11,train
10567,ጤና ይስጥልኝ፣ ስራ እንዴት ነው?,Phatic,7,Phatic_02,val
10568,ተጠንቀቅ፣ ውሉን ነገ ጠዋት ካላደረግክ ችግር ይፈጥራል።,Warning,4,Warning_00,val
10569,እባክሽ ውሳኔውን በሚቀጥለው ወር አምጪልኝ።,Request,0,Request_01,train
10570,ሰላም፣ ስራ በቢሮ እንዴት ነው?,Phatic,7,Phatic_08,train
10571,ምክሬ ቦታውን አሁን ማስያዝ ነው።,Suggestion,3,Suggestion_09,train
10572,ውሉ አሁን አልተፈረመም።,Complaint,6,Complaint_04,train
10573,መጽሐፉን በሚቀጥለው ቀን አመልሳለሁ።,Promise,8,Promise_09,test
10574,እንደኔ ሀሳብ መልእክቱን ዛሬ ጠዋት መላክ ይሻላል።,Suggestion,3,Suggestion_01,train
10575,አልችልም፣ ትዕዛዙን በሚቀጥለው ወር ማድረስ አልቻልኩም።,Refusal,2,Refusal_00,train
10576,ማስጠንቀቂያ፣ ውሳኔውን በዚህ ሳምንት ካላሳወቅክ ችግር ይፈጥራል።,Warning,4,Warning_11,train
10577,እባክዎ ሪፖርቱን በዚህ ወር ይላኩልኝ።,Request,0,Request_10,train
10578,ስጦታውን በሚቀጥለው ወር አደርሳለሁ።,Promise,8,Promise_01,val
10579,ተጠንቀቅ፣ ስጦታውን በዚህ አመት ካላመጣህ ችግር ይፈጥራል።,Warning,4,Warning_06,train
10580,እባክዎ ትዕዛዙን ለአጋሬ በቅርቡ ይላኩልኝ።,Request,0,Request_03,train
10581,የትዕዛዙ ሁኔታ ጥሩ ነው።,Assertion,1,Assertion_03,train
10582,ይቅርታ፣ ውሳኔውን በሚቀጥለው ወር ማሳወቅ አልችልም።,Refusal,2,Refusal_14,train
10583,አዎ፣ ቦታው ነፃ ነው... በጣም ምቹ!,Sarcasm/Irony,5,Sarcasm/Irony_08,train
10584,የፓኬጁ ችግር ከጠዋቱ ጀምሮ አልተፈታም።,Complaint,6,Complaint_02,train
10585,አልፈልግም፣ ሸቀጡን አልቀበልም።,Refusal,2,Refusal_03,train
10586,ተጠንቀቅ፣ መጽሐፉን በዚህ ወር ካላመለስክ ቅጣት አለ።,Warning,4,Warning_10,val
10587,ለአጋሬ ዛሬ አልደወሉልኝም።,Complaint,6,Complaint_14,test
10588,ይቅርታ፣ ትዕዛዙን በዚህ ሳምንት መላክ አልችልም።,Refusal,2,Refusal_02,train
10589,አልችልም፣ ምግቡን አሁን ማዘጋጀት አልቻልኩም።,Refusal,2,Refusal_12,train
10590,ማስጠንቀቂያ፣ ስጦታውን በዚህ አመት ካላረጋገጥክ ችግር ይፈጥራል።,Warning,4,Warning_13,train
10591,እባክሽ ምግቡን ነገ ጠዋት አዘጋጅልኝ።,Request,0,Request_13,train
10592,እባክዎ ውሉን ለፖሊሱ በፍጥነት ይላኩልኝ።,Request,0,Request_02,train
10593,እባክዎ ምግቡን አሁን ይላኩልኝ።,Request,0,Request_04,train
10594,አልፈልግም፣ ቦታውን ማስያዝ አልችልም።,Refusal,2,Refusal_09,val
10595,እባክሽ ምግቡን አሁን አዘጋጅልኝ።,Request,0,Request_13,train
10596,እርግጥ ነው፣ ምግቡ ዝግጁ ነው... በጣም ጣፋጭ!,Sarcasm/Irony,5,Sarcasm/Irony_09,test
10597,እርግጥ ነው፣ ክፍያው ተከፍሏል... በጣም ቀላል!,Sarcasm/Irony,5,Sarcasm/Irony_03,train
10598,አዎ፣ ስራው ተጠናቀቀ... በጣም ፈጣን!,Sarcasm/Irony,5,Sarcasm/Irony_12,test
10599,ይቅርታ፣ መረጃውን ማጋራት አልችልም።,Refusal,2,Refusal_08,train
10600,እባክዎ ሪፖርቱን አሁን ይላኩልኝ።,Request,0,Request_04,train
10601,እባክዎ መጽሐፉን ለደንበኛው በቅርቡ ይላኩልኝ።,Request,0,Request_11,train
10602,እንደምን አደርክ?,Phatic,7,Phatic_03,train
10603,ስጦታው በሚቀጥለው ቀን ደርሷል።,Assertion,1,Assertion_01,train
10604,ውሉን አሁን እፈርማለሁ።,Promise,8,Promise_04,train
10605,ትዕዛዙ በዚህ ወር አልደረሰኝም።,Complaint,6,Complaint_01,train
10606,አይደለም፣ ሪፖርቱን አሁን ማጠናቀቅ አልችልም።,Refusal,2,Refusal_10,val
10607,የባልደረባዬ ስራ በጤና ጣቢያ ጥሩ ነው።,Assertion,1,Assertion_06,train
10608,መረጃው ነገ አልደረሰኝም።,Complaint,6,Complaint_06,train
10609,ጤና ይስጥልኝ፣ ቤተሰብ እንዴት ናቸው?,Phatic,7,Phatic_06,train
10610,እንደሚመስለኝ ትዕዛዙን በቅርቡ ማጠናቀቅ ይሻላል።,Suggestion,3,Suggestion_04,val
10611,ነጋዴው፣ ዛሬ እንዴት ነው?,Phatic,7,Phatic_07,train
10612,ጤና ይስጥልኝ፣ ዛሬ እንዴት ነው?,Phatic,7,Phatic_13,train
10613,እንደምን አደረሽ?,Phatic,7,Phatic_09,test
10614,እንዴት ነሽ?,Phatic,7,Phatic_05,train
10615,እርግጥ ነው፣ ውሳኔው ትክክል ነው... በጣም ጥሩ!,Sarcasm/Irony,5,Sarcasm/Irony_11,test
10616,ሪፖርቱ ዝግጁ ነው።,Assertion,1,Assertion_08,train
10617,አዎ፣ መጽሐፉ ተመልሷል... በጣም ቀላል!,Sarcasm/Irony,5,Sarcasm/Irony_10,train
10618,ሰላም ነው ወንድሜ?,Phatic,7,Phatic_11,train
10619,ቦታው በዚህ ሳምንት አልተያዘም።,Complaint,6,Complaint_07,test
10620,ክፍያው ተከፍሏል።,Assertion,1,Assertion_05,val
10621,የቲኬቱ ሁኔታ ጥሩ ነው።,Assertion,1,Assertion_03,train
10622,ሰላም ነው ወንድሜ?,Phatic,7,Phatic_11,val
10623,ክፍያው በሚቀጥለው ሳምንት አልተከፈለም።,Complaint,6,Complaint_03,val
10624,መረጃው ነገ ማታ አልደረሰኝም።,Complaint,6,Complaint_06,train
10625,ሀሳቤ ውሉን በዚህ ወር መፈረም ነው።,Suggestion,3,Suggestion_05,train
10626,ትዕዛዙ በዚህ ሳምንት ተጠናቀቀ።,Assertion,1,Assertion_02,train
10627,ይቅርታ፣ ውሳኔውን በዚህ ወር ማሳወቅ አልችልም።,Refusal,2,Refusal_14,train
10628,ለእናቴ በሚቀጥለው ሳምንት አልደወሉልኝም።,Complaint,6,Complaint_14,train
10629,እንደሚመስለኝ ትዕዛዙን ዛሬ ማታ ማጠናቀቅ ይሻላል።,Suggestion,3,Suggestion_04,val
10630,መረጃውን ነገ አረጋግጣለሁ።,Promise,8,Promise_13,train
10631,ይቅርታ፣ ትዕዛዙን በሚቀጥለው ወር መላክ አልችልም።,Refusal,2,Refusal_02,train
10632,ይሻላል ክፍያውን አሁን ማድረግ።,Suggestion,3,Suggestion_08,val
10633,እባክዎ ሪፖርቱን በዚህ ሳምንት ይላኩልኝ።,Request,0,Request_10,val
10634,እባክዎ ቦታውን አሁን ያስይዙልኝ።,Request,0,Request_12,train
10635,ምናልባት ምግቡን በቅርቡ ማዘጋጀት ይሻላል።,Suggestion,3,Suggestion_12,test
10636,እባክዎ ሪፖርቱን በዚህ ወር ይላኩልኝ።,Request,0,Request_10,val
10637,አይ፣ መጽሐፉን ማበደር አልችልም።,Refusal,2,Refusal_13,train
10638,ይቅርታ፣ ትዕዛዙን በዚህ ወር መላክ አልችልም።,Refusal,2,Refusal_02,train
10639,እባክዎ መረጃውን በሚቀጥለው ወር ይላኩልኝ።,Request,0,Request_00,train
10640,ይቅርታ፣ መረጃውን ማጋራት አልችልም።,Refusal,2,Refusal_08,train
10641,ትዕዛዙ ዛሬ ተጠናቀቀ።,Assertion,1,Assertion_02,val
10642,እርግጥ ነው፣ ሪፖርቱ ዝግጁ ነው... በጣም ፈጣን!,Sarcasm/Irony,5,Sarcasm/Irony_05,val
10643,ስራው ዛሬ ጠዋት ተጀምሯል።,Assertion,1,Assertion_13,train
10644,እንዴት ነህ ጓደኛ?,Phatic,7,Phatic_12,train
10645,ስጦታው ነገ ጠዋት ደርሷል።,Assertion,1,Assertion_01,train
10646,አይ፣ መጽሐፉን ማበደር አልችልም።,Refusal,2,Refusal_13,train
10647,እንደኔ ሀሳብ ሪፖርቱን ነገ ማታ ማቅረብ ይሻላል።,Suggestion,3,Suggestion_07,test
10648,ይቅርታ፣ ለሰራተኛው መጥራት አልችልም።,Refusal,2,Refusal_11,train
10649,የመጽሐፉ ሁኔታ ጥሩ ነው።,Assertion,1,Assertion_03,val
10650,እርግጥ ነው፣ መረጃው ትክክል ነው... በጣም ግልጽ!,Sarcasm/Irony,5,Sarcasm/Irony_07,train
10651,ሰላም ነው ወንድሜ?,Phatic,7,Phatic_11,val
10652,ቦታው ነፃ ነው።,Assertion,1,Assertion_10,train
10653,እንደኔ ሀሳብ ሪፖርቱን በፍጥነት ማቅረብ ይሻላል።,Suggestion,3,Suggestion_07,train
10654,አዎ፣ ለፖሊሱ ላክኩት... በጣም ጥሩ!,Sarcasm/Irony,5,Sarcasm/Irony_02,train
10655,ቦታውን በፍጥነት አስይዛለሁ።,Promise,8,Promise_07,train
10656,እርግጥ ነው፣ ውሳኔው ትክክል ነው... በጣም ጥሩ!,Sarcasm/Irony,5,Sarcasm/Irony_11,train
10657,መጽሐፉን ነገ ጠዋት አመልሳለሁ።,Promise,8,Promise_09,train
10658,ማስጠንቀቂያ፣ መረጃውን ካላጋራህ ችግር ይፈጥራል።,Warning,4,Warning_07,train
10659,ማስጠንቀቂያ፣ መረጃውን ካላጋራህ ችግር ይፈጥራል።,Warning,4,Warning_07,val
10660,ስራው በዚህ ሳምንት አልተጠናቀቀም።,Complaint,6,Complaint_12,train
10661,ማስጠንቀቂያ፣ ምግቡን በቅርቡ ካላዘጋጀህ ችግር ይፈጥራል።,Warning,4,Warning_09,val
10662,እንደኔ ሀሳብ መልእክቱን ነገ ጠዋት መላክ ይሻላል።,Suggestion,3,Suggestion_01,train
10663,የትዕዛዙ ጥራት ዝቅተኛ ነው።,Complaint,6,Complaint_11,val
10664,ስራው ዛሬ ማታ አልተጠናቀቀም።,Complaint,6,Complaint_12,train
10665,ትዕዛዙን በዚህ ወር አጠናቅቃለሁ።,Promise,8,Promise_02,train
10666,አዎ፣ ሰነዱን በዚህ ሳምንት አደረግኩት... ትክክል ነው!,Sarcasm/Irony,5,Sarcasm/Irony_00,train
10667,የመረጃው ጥራት ዝቅተኛ ነው።,Complaint,6,Complaint_11,train
10668,ስራው ዛሬ አልተጠናቀቀም።,Complaint,6,Complaint_12,train
10669,እንደምን አደረሽ?,Phatic,7,Phatic_09,train
10670,አልችልም፣ ቦታውን ነገ ጠዋት ማድረስ አልቻልኩም።,Refusal,2,Refusal_00,train
10671,ማስጠንቀቂያ፣ ትዕዛዙን በሚቀጥለው ሳምንት ካላጠናቀቅክ ቅጣት አለ።,Warning,4,Warning_01,train
10672,እባክዎ መረጃውን በፍጥነት ይላኩልኝ።,Request,0,Request_07,test
10673,እባክዎ ውሉን በዚህ አመት ይላኩልኝ።,Request,0,Request_00,train
10674,ስራው በሚቀጥለው ሳምንት ተጀምሯል።,Assertion,1,Assertion_13,val
10675,ሀሳቤ መረጃውን ለፖሊሱ ማጋራት ነው።,Suggestion,3,Suggestion_11,train
10676,ምናልባት ምግቡን ነገ ማዘጋጀት ይሻላል።,Suggestion,3,Suggestion_12,train
10677,እርግጥ ነው፣ ሪፖርቱ ዝግጁ ነው... በጣም ፈጣን!,Sarcasm/Irony,5,Sarcasm/Irony_05,train
10678,ቦታውን ዛሬ አስይዛለሁ።,Promise,8,Promise_07,train
10679,ስራው ዛሬ አልተጠናቀቀም።,Complaint,6,Complaint_12,train
10680,ሰላም፣ ስራ በአውሮፕላን ማረፊያ እንዴት ነው?,Phatic,7,Phatic_08,train
10681,እንደሚመስለኝ ትዕዛዙን ነገ ጠዋት ማጠናቀቅ ይሻላል።,Suggestion,3,Suggestion_04,val
10682,ተጠንቀቅ፣ ለደንበኛው ካልደወልክ ችግር ይፈጥራል።,Warning,4,Warning_12,train
10683,ስራው ዛሬ አልተጠናቀቀም።,Complaint,6,Complaint_12,train
10684,የእናቴ ውሳኔ ትክክል ነው።,Assertion,1,Assertion_12,train
10685,እንደምን አደረሽ?,Phatic,7,Phatic_09,test
10686,ሪፖርቱ ዝግጁ ነው።,Assertion,1,Assertion_08,train
10687,እባክዎ ትዕዛዙን ለፖሊሱ ነገ ማታ ይላኩልኝ።,Request,0,Request_03,train
10688,ምናልባት ለእህቴ መደወል ይሻላል።,Suggestion,3,Suggestion_06,train
10689,እርግጥ ነው፣ መረጃው ትክክል ነው... በጣም ግልጽ!,Sarcasm/Irony,5,Sarcasm/Irony_07,train
10690,ምግቡ ነገ ማታ አልደረሰኝም።,Complaint,6,Complaint_08,test
10691,ክፍያው በዚህ ወር አልተከፈለም።,Complaint,6,Complaint_03,train
10692,እርግጥ ነው፣ ምግቡ ዝግጁ ነው... በጣም ጣፋጭ!,Sarcasm/Irony,5,Sarcasm/Irony_09,train
10693,ምግቡ በፍጥነት አልደረሰኝም።,Complaint,6,Complaint_08,train
10694,እርግጥ ነው፣ ምግቡ ዝግጁ ነው... በጣም ጣፋጭ!,Sarcasm/Irony,5,Sarcasm/Irony_09,val
10695,የጓደኛዬ ውሳኔ ትክክል ነው።,Assertion,1,Assertion_12,train
10696,መረጃውን በሚቀጥለው ቀን እላካለሁ።,Promise,8,Promise_06,test
10697,ተጠንቀቅ፣ ለአስተዳዳሪው ካልደወልክ ችግር ይፈጥራል።,Warning,4,Warning_12,train
10698,የመልእክቱ ችግር ከዛሬ ጀምሮ ከእናቴ ጋር እፈታለሁ።,Assertion,1,Assertion_00,train
10699,ምግቡ ነገ አልደረሰኝም።,Complaint,6,Complaint_08,val
10700,ሀሳቤ ውሉን በፍጥነት መፈረም ነው።,Suggestion,3,Suggestion_05,train
10701,ተጠንቀቅ፣ ስጦታውን ዛሬ ጠዋት ካላመጣህ ችግር ይፈጥራል።,Warning,4,Warning_06,train
10702,እባክዎ አገልግሎቱን አሁን ይላኩልኝ።,Request,0,Request_04,val
10703,አልችልም፣ ምግቡን በፍጥነት ማዘጋጀት አልቻልኩም።,Refusal,2,Refusal_12,train
10704,ስጦታው ዛሬ ደርሷል።,Assertion,1,Assertion_01,test
10705,የፖሊሱ ውሳኔ ትክክል ነው።,Assertion,1,Assertion_12,train
10706,አይ፣ አሁን ሪፖርቱ ማድረግ አልችልም።,Refusal,2,Refusal_01,train
10707,ምግቡን በዚህ ወር አረጋግጣለሁ።,Promise,8,Promise_13,val
10708,መጽሐፉን በቅርቡ አመልሳለሁ።,Promise,8,Promise_09,train
10709,እባክዎ ውሉን ለአባቴ ነገ ጠዋት ይላኩልኝ።,Request,0,Request_02,train
10710,አይ፣ ክፍያውን አሁን ማድረግ አልችልም።,Refusal,2,Refusal_07,train
10711,ይቅርታ፣ ትዕዛዙን በዚህ ሳምንት መላክ አልችልም።,Refusal,2,Refusal_02,train
10712,የፋይሉ ጥራት ዝቅተኛ ነው።,Complaint,6,Complaint_11,train
10713,እንዴት ነህ ጓደኛ?,Phatic,7,Phatic_12,train
10714,ሀሳቤ መረጃውን ለአስተዳዳሪው ማጋራት ነው።,Suggestion,3,Suggestion_11,test
10715,እባክሽ ደብዳቤውን በዚህ አመት አምጪልኝ።,Request,0,Request_09,train
10716,እባክዎ ውሉን ለቤተሰቤ ነገ ማታ ይላኩልኝ።,Request,0,Request_02,train
10717,ለባልደረባዬ ዛሬ ጠዋት አልደወሉልኝም።,Complaint,6,Complaint_14,train
10718,አልፈልግም፣ ቦታውን ማስያዝ አልችልም።,Refusal,2,Refusal_09,test
10719,የአስተዳዳሪው ውሳኔ ትክክል ነው።,Assertion,1,Assertion_12,test
10720,አልፈልግም፣ ቦታውን ማስያዝ አልችልም።,Refusal,2,Refusal_09,train
10721,አይ፣ ክፍያውን አሁን ማድረግ አልችልም።,Refusal,2,Refusal_07,test
10722,የሸቀጡ ችግር ከባለፈው ወር ጀምሮ ከጓደኛዋ ጋር እፈታለሁ።,Assertion,1,Assertion_00,train
10723,ተጠንቀቅ፣ ስራውን በሚቀጥለው ሳምንት ካላጠናቀቅክ ቅጣት አለ።,Warning,4,Warning_14,train
10724,ሰላም፣ እንዴት ነህ?,Phatic,7,Phatic_01,val
10725,የስራው ችግርን ነገ ጠዋት እፈታለሁ።,Promise,8,Promise_14,train
10726,እባክዎ ክፍያውን አሁን ያረጋግጡልኝ።,Request,0,Request_08,train
10727,ስራው በሚቀጥለው ወር አልተጠናቀቀም።,Complaint,6,Complaint_12,train
10728,የትዕዛዙ ችግር ከአርብ ጀምሮ ከጓደኛዋ ጋር እፈታለሁ።,Promise,8,Promise_00,train
10729,እንደኔ ሀሳብ ፋይሉን ዛሬ ጠዋት መላክ ይሻላል።,Suggestion,3,Suggestion_01,train
10730,ተጠንቀቅ፣ ለጓደኛዋ ካልላክ ችግር ይፈጥራል።,Warning,4,Warning_02,train
10731,እባክዎ ክፍያውን በሚቀጥለው ሳምንት ይላኩልኝ።,Request,0,Request_00,train
10732,ማስጠንቀቂያ፣ ውሳኔውን በዚህ አመት ካላሳወቅክ ችግር ይፈጥራል።,Warning,4,Warning_11,val
10733,አዎ፣ ውሉ ተፈርሟል... በጣም ቀላል ነበር!,Sarcasm/Irony,5,Sarcasm/Irony_04,train
10734,እባክዎ ሪፖርቱን ዛሬ ማታ ይላኩልኝ።,Request,0,Request_10,train
10735,መጽሐፉን በቅርቡ አመልሳለሁ።,Promise,8,Promise_09,test
10736,ምናልባት አገልግሎቱን ነገ ጠዋት ማድረግ ይሻላል።,Suggestion,3,Suggestion_00,train
10737,እንዴት ነህ ጓደኛ?,Phatic,7,Phatic_12,test
10738,አልፈልግም፣ ሰነዱን አልቀበልም።,Refusal,2,Refusal_03,test
10739,አዎ፣ ውሉ ተፈርሟል... በጣም ቀላል ነበር!,Sarcasm/Irony,5,Sarcasm/Irony_04,train
10740,ሪፖርቱን ነገ አቀርባለሁ።,Promise,8,Promise_05,train
10741,ክፍያው ተከፍሏል።,Assertion,1,Assertion_05,test
10742,አዎ፣ ስራውን ዛሬ ማታ አደረግኩት... ትክክል ነው!,Sarcasm/Irony,5,Sarcasm/Irony_00,train
10743,እንደኔ ሀሳብ መጽሐፉን በፍጥነት ማንበብ ይሻላል።,Suggestion,3,Suggestion_13,train
10744,እርግጥ ነው፣ ትዕዛዙ በዚህ ወር ተጠናቀቀ... በጣም ፈጣን!,Sarcasm/Irony,5,Sarcasm/Irony_01,train
10745,አልችልም፣ ፓኬጁን በሚቀጥለው ወር ማድረስ አልቻልኩም።,Refusal,2,Refusal_00,train
10746,እርግጥ ነው፣ ሪፖርቱ ዝግጁ ነው... በጣም ፈጣን!,Sarcasm/Irony,5,Sarcasm/Irony_05,train
10747,እንደምን አደርክ?,Phatic,7,Phatic_03,train
10748,ተጠንቀቅ፣ ስራውን ነገ ማታ ካላጠናቀቅክ ቅጣት አለ።,Warning,4,Warning_14,train
10749,ተጠንቀቅ፣ ደብዳቤውን ነገ ማታ ካላደረግክ ችግር ይፈጥራል።,Warning,4,Warning_00,test
10750,ነጋዴው፣ ስራ እንዴት እየሄደ ነው?,Phatic,7,Phatic_14,train
10751,የኮንትራቱ ዋጋ ተቀይሯል።,Assertion,1,Assertion_09,train
10752,እባክሽ ምግቡን ዛሬ ጠዋት አዘጋጅልኝ።,Request,0,Request_13,train
10753,አይ፣ ክፍያውን አሁን ማድረግ አልችልም።,Refusal,2,Refusal_07,test
10754,እርግጥ ነው፣ ሪፖርቱ ዝግጁ ነው... በጣም ፈጣን!,Sarcasm/Irony,5,Sarcasm/Irony_05,test
10755,ማስጠንቀቂያ፣ ሪፖርቱን በሚቀጥለው ሳምንት ካላቀረብክ ቅጣት አለ።,Warning,4,Warning_05,train
10756,እባክሽ ምግቡን ዛሬ ጠዋት አዘጋጅልኝ።,Request,0,Request_13,train
10757,የቤተሰቤ ውሳኔ ትክክል ነው።,Assertion,1,Assertion_12,train
10758,ምክሬ ደብዳቤውን አሁን ማረጋገጥ ነው።,Suggestion,3,Suggestion_03,train
10759,ጤና ይስጥልኝ፣ ስራ እንዴት ነው?,Phatic,7,Phatic_02,test
10760,የደንበኛው ውሳኔ ትክክል ነው።,Assertion,1,Assertion_12,val
10761,ውሳኔውን ዛሬ ጠዋት አሳውቃለሁ።,Promise,8,Promise_11,train
10762,ሰላም፣ ስራ በሱቅ እንዴት ነው?,Phatic,7,Phatic_08,train
10763,ማስጠንቀቂያ፣ ስጦታውን ዛሬ ማታ ካላረጋገጥክ ችግር ይፈጥራል።,Warning,4,Warning_13,train
10764,ቦታውን በዚህ ወር አስይዛለሁ።,Promise,8,Promise_07,train
10765,እባክሽ ትዕዛዙን ዛሬ ማታ አምጪልኝ።,Request,0,Request_05,train
10766,ትዕዛዙ በሚቀጥለው ሳምንት ተጠናቀቀ።,Assertion,1,Assertion_02,val
10767,እንዴት ነሽ?,Phatic,7,Phatic_05,train
10768,የእናቴ ውሳኔ ትክክል ነው።,Assertion,1,Assertion_12,train
10769,የአባቴ ስራ በሱቅ ጥሩ ነው።,Assertion,1,Assertion_06,val
10770,ስራው በሚቀጥለው ሳምንት አልተጠናቀቀም።,Complaint,6,Complaint_12,test
10771,ማስጠንቀቂያ፣ መረጃውን ካላጋራህ ችግር ይፈጥራል።,Warning,4,Warning_07,val
10772,እርግጥ ነው፣ ክፍያው ተከፍሏል... በጣም ቀላል!,Sarcasm/Irony,5,Sarcasm/Irony_03,train
10773,የክፍያው ጥራት ከፍተኛ ነው።,Assertion,1,Assertion_14,train
10774,አዎ፣ ለአስተዳዳሪው ደውያለሁ... በጣም ቀላል!,Sarcasm/Irony,5,Sarcasm/Irony_14,train
10775,እባክዎ ውሉን ለአባቴ ዛሬ ይላኩልኝ።,Request,0,Request_02,train
10776,መጽሐፉ በዚህ አመት ደረሰ።,Assertion,1,Assertion_11,train
10777,ሰላም፣ ስራ በቤተ መንግስት እንዴት ነው?,Phatic,7,Phatic_08,train
10778,ማስጠንቀቂያ፣ ውሳኔውን በቅርቡ ካላሳወቅክ ችግር ይፈጥራል።,Warning,4,Warning_11,train
10779,ይቅርታ፣ ለቤተሰቤ መጥራት አልችልም።,Refusal,2,Refusal_11,train
10780,አልፈልግም፣ ቲኬቱን አልቀበልም።,Refusal,2,Refusal_03,train
10781,ተጠንቀቅ፣ ውሉን ነገ ካልፈረምክ ህጋዊ ችግር ይፈጥራል።,Warning,4,Warning_04,test
10782,ውሳኔው ዛሬ ማታ አልተሰጠም።,Complaint,6,Complaint_13,train
10783,ለእናቴ ዛሬ ጠዋት አልደወሉልኝም።,Complaint,6,Complaint_14,train
10784,እርግጥ ነው፣ ትዕዛዙ ዛሬ ጠዋት ተጠናቀቀ... በጣም ፈጣን!,Sarcasm/Irony,5,Sarcasm/Irony_01,train
10785,አልችልም፣ ሪፖርቱን በሚቀጥለው ወር ማድረስ አልቻልኩም።,Refusal,2,Refusal_00,val
10786,ሀሳቤ መረጃውን ለደንበኛው ማጋራት ነው።,Suggestion,3,Suggestion_11,train
10787,ክፍያውን ነገ ጠዋት አደርጋለሁ።,Promise,8,Promise_03,train
10788,አዎ፣ ውሉ ተፈርሟል... በጣም ቀላል ነበር!,Sarcasm/Irony,5,Sarcasm/Irony_04,test
10789,ማስጠንቀቂያ፣ ውሳኔውን በሚቀጥለው ወር ካላሳወቅክ ችግር ይፈጥራል።,Warning,4,Warning_11,train
10790,ጤና ይስጥልኝ፣ ዛሬ እንዴት ነው?,Phatic,7,Phatic_13,train
10791,አይደለም፣ ሪፖርቱን በፍጥነት ማጠናቀቅ አልችልም።,Refusal,2,Refusal_10,train
10792,አይ፣ ክፍያውን አሁን ማድረግ አልችልም።,Refusal,2,Refusal_07,train
10793,መጽሐፉን ነገ ማታ አመልሳለሁ።,Promise,8,Promise_09,train
10794,ክፍያውን ነገ ማታ አደርጋለሁ።,Promise,8,Promise_03,train
10795,አዎ፣ ቦታው ነፃ ነው... በጣም ምቹ!,Sarcasm/Irony,5,Sarcasm/Irony_08,train
10796,እርግጥ ነው፣ ደብዳቤው ጥሩ ነው... በጣም ጥሩ!,Sarcasm/Irony,5,Sarcasm/Irony_13,val
10797,ውሉን ዛሬ እፈርማለሁ።,Promise,8,Promise_04,train
10798,ቦታውን በፍጥነት አስይዛለሁ።,Promise,8,Promise_07,val
10799,እንደኔ ሀሳብ አገልግሎቱን በዚህ ሳምንት መላክ ይሻላል።,Suggestion,3,Suggestion_01,train
10800,የአጋሬ አገልግሎት መጥፎ ነው።,Complaint,6,Complaint_10,train
10801,አዎ፣ ቦታው ነፃ ነው... በጣም ምቹ!,Sarcasm/Irony,5,Sarcasm/Irony_08,val
10802,ይቅርታ፣ ውሳኔውን በሚቀጥለው ሳምንት ማሳወቅ አልችልም።,Refusal,2,Refusal_14,train
10803,ማስጠንቀቂያ፣ ትዕዛዙን በሚቀጥለው ሳምንት ካላጠናቀቅክ ቅጣት አለ።,Warning,4,Warning_01,train
10804,ሰላም፣ ስራ በሆቴል እንዴት ነው?,Phatic,7,Phatic_08,train
10805,እባክዎ መጽሐፉን ዛሬ ጠዋት ይላኩልኝ።,Request,0,Request_14,train
10806,ተጠንቀቅ፣ ቦታውን በዚህ አመት ካላስያዝክ ይያዛል።,Warning,4,Warning_08,train
10807,ውሉ በዚህ ሳምንት አልተፈረመም።,Complaint,6,Complaint_04,train
10808,ማስጠንቀቂያ፣ ሪፖርቱን በዚህ ሳምንት ካላቀረብክ ቅጣት አለ።,Warning,4,Warning_05,train
10809,ነጋዴው፣ ዛሬ እንዴት ነው?,Phatic,7,Phatic_07,test
10810,ተጠንቀቅ፣ መጽሐፉን በዚህ ሳምንት ካላመለስክ ቅጣት አለ።,Warning,4,Warning_10,train
10811,እባክዎ ትዕዛዙን አሁን ይላኩልኝ።,Request,0,Request_04,test
10812,ይቅርታ፣ መረጃውን ማጋራት አልችልም።,Refusal,2,Refusal_08,train
10813,እባክዎ ሪፖርቱን ነገ ጠዋት ይላኩልኝ።,Request,0,Request_10,train
10814,እርግጥ ነው፣ መረጃው ትክክል ነው... በጣም ግልጽ!,Sarcasm/Irony,5,Sarcasm/Irony_07,train
10815,ይሻላል ውሳኔውን በዚህ ወር ማሳወቅ።,Suggestion,3,Suggestion_14,train
10816,እባክዎ ቦታውን በዚህ አመት ያስይዙልኝ።,Request,0,Request_12,train
10817,መጽሐፉን በሚቀጥለው ሳምንት አረጋግጣለሁ።,Promise,8,Promise_13,train
10818,እንደምን አደረሽ?,Phatic,7,Phatic_09,train
10819,ነጋዴው፣ ዛሬ እንዴት ነው?,Phatic,7,Phatic_07,train
10820,ቦታው ዛሬ አልተያዘም።,Complaint,6,Complaint_07,val
10821,የመልእክቱ ችግር ከማክሰኞ ጀምሮ አልተፈታም።,Complaint,6,Complaint_02,train
10822,ስራውን ዛሬ ማታ አጠናቅቃለሁ።,Promise,8,Promise_12,train
10823,ምግቡ በዚህ ሳምንት አልደረሰኝም።,Complaint,6,Complaint_08,train
10824,ምናልባት ምግቡን ነገ ማዘጋጀት ይሻላል።,Suggestion,3,Suggestion_12,train
10825,እባክዎ ትዕዛዙን ለፖሊሱ በፍጥነት ይላኩልኝ።,Request,0,Request_03,val
10826,አዎ፣ መጽሐፉ ተመልሷል... በጣም ቀላል!,Sarcasm/Irony,5,Sarcasm/Irony_10,train
10827,እንደኔ ሀሳብ መጽሐፉን ዛሬ ጠዋት ማንበብ ይሻላል።,Suggestion,3,Suggestion_13,train
10828,ይሻላል ክፍያውን ነገ ማታ ማድረግ።,Suggestion,3,Suggestion_08,test
10829,ምክሬ ቦታውን አሁን ማስያዝ ነው።,Suggestion,3,Suggestion_09,train
10830,አልችልም፣ ሸቀጡን በዚህ ወር ማድረስ አልቻልኩም።,Refusal,2,Refusal_00,train
10831,ይቅርታ፣ መረጃውን ማጋራት አልችልም።,Refusal,2,Refusal_08,train
10832,ሪፖርቱ በዚህ አመት አልቀረበም።,Complaint,6,Complaint_05,train
10833,እባክሽ ደብዳቤውን በዚህ ሳምንት አምጪልኝ።,Request,0,Request_09,test
10834,አይደለም፣ ውሉን በሚቀጥለው ቀን ማረጋገጥ አልችልም።,Refusal,2,Refusal_04,train
10835,አይ፣ አሁን ውሉ ማድረግ አልችልም።,Refusal,2,Refusal_01,val
10836,ማስጠንቀቂያ፣ ውሳኔውን ነገ ካላሳወቅክ ችግር ይፈጥራል።,Warning,4,Warning_11,train
10837,መጽሐፉን በዚህ አመት አመልሳለሁ።,Promise,8,Promise_09,train
10838,እንደምን አደረሽ?,Phatic,7,Phatic_09,train
10839,እንደሚመስለኝ ስጦታውን በሚቀጥለው ሳምንት ማምጣት ይሻላል።,Suggestion,3,Suggestion_10,test
10840,ማስጠንቀቂያ፣ ትዕዛዙን ነገ ካላጠናቀቅክ ቅጣት አለ።,Warning,4,Warning_01,val
10841,ማስጠንቀቂያ፣ ምግቡን ነገ ጠዋት ካላዘጋጀህ ችግር ይፈጥራል።,Warning,4,Warning_09,train
10842,አልቻልኩም፣ ስጦታውን በቅርቡ ማምጣት አልቻልኩም።,Refusal,2,Refusal_06,test
10843,ማስጠንቀቂያ፣ ሪፖርቱን ዛሬ ካላቀረብክ ቅጣት አለ።,Warning,4,Warning_05,train
10844,የደንበኛው ስራ በፖስታ ቤት ጥሩ ነው።,Assertion,1,Assertion_06,test
10845,የመልእክቱ ዋጋ ተቀይሯል።,Assertion,1,Assertion_09,val
10846,የአለቃዬ ስራ በፍርድ ቤት ጥሩ ነው።,Assertion,1,Assertion_06,train
10847,ይሻላል ውሳኔውን በዚህ አመት ማሳወቅ።,Suggestion,3,Suggestion_14,train
10848,ተጠንቀቅ፣ ስራውን በዚህ ሳምንት ካላጠናቀቅክ ቅጣት አለ።,Warning,4,Warning_14,test
10849,እባክዎ ስጦታውን በሚቀጥለው ወር ያድርሱልኝ።,Request,0,Request_06,test
10850,አልፈልግም፣ ቦታውን ማስያዝ አልችልም።,Refusal,2,Refusal_09,train
10851,ይቅርታ፣ መረጃውን ማጋራት አልችልም።,Refusal,2,Refusal_08,train
10852,አዎ፣ ውሉ ተፈርሟል... በጣም ቀላል ነበር!,Sarcasm/Irony,5,Sarcasm/Irony_04,val
10853,ነጋዴው፣ ስራ በአውሮፕላን ማረፊያ እንዴት ነው?,Phatic,7,Phatic_00,val
10854,አልፈልግም፣ ቦታውን ማስያዝ አልችልም።,Refusal,2,Refusal_09,train
10855,ምናልባት ምግቡን ነገ ማዘጋጀት ይሻላል።,Suggestion,3,Suggestion_12,val
10856,ምናልባት መረጃውን በሚቀጥለው ሳምንት ማድረግ ይሻላል።,Suggestion,3,Suggestion_00,train
10857,ተጠንቀቅ፣ ቦታውን በዚህ አመት ካላስያዝክ ይያዛል።,Warning,4,Warning_08,train
10858,መጽሐፉ ዛሬ አልደረሰኝም።,Complaint,6,Complaint_09,train
10859,የክፍያው ሁኔታ ጥሩ ነው።,Assertion,1,Assertion_03,train
10860,አይደለም፣ ሪፖርቱን በዚህ ሳምንት ማጠናቀቅ አልችልም።,Refusal,2,Refusal_10,test
10861,ይቅርታ፣ መረጃውን ማጋራት አልችልም።,Refusal,2,Refusal_08,train
10862,የደንበኛው ስራ በሱቅ ጥሩ ነው።,Assertion,1,Assertion_06,train
10863,ምግቡ በሚቀጥለው ቀን አልደረሰኝም።,Complaint,6,Complaint_08,train
10864,ውሉ ዛሬ ማታ ተፈርሟል።,Assertion,1,Assertion_07,train
10865,ተጠንቀቅ፣ መጽሐፉን በዚህ ወር ካላመለስክ ቅጣት አለ።,Warning,4,Warning_10,train
10866,እንዴት ነሽ?,Phatic,7,Phatic_05,train
10867,አልፈልግም፣ ቦታውን ማስያዝ አልችልም።,Refusal,2,Refusal_09,train
10868,ተጠንቀቅ፣ መጽሐፉን ነገ ካላመለስክ ቅጣት አለ።,Warning,4,Warning_10,train
10869,ምናልባት ውሉን ዛሬ ማድረግ ይሻላል።,Suggestion,3,Suggestion_00,train
10870,እንደምን አደርክ?,Phatic,7,Phatic_03,train
10871,ሰላም፣ ስራ በአውሮፕላን ማረፊያ እንዴት ነው?,Phatic,7,Phatic_08,train
10872,ነጋዴው፣ ስራ እንዴት እየሄደ ነው?,Phatic,7,Phatic_14,train
10873,ስጦታው በፍጥነት ደርሷል።,Assertion,1,Assertion_01,test
10874,ተጠንቀቅ፣ ኮንትራቱን ዛሬ ማታ ካላደረግክ ችግር ይፈጥራል።,Warning,4,Warning_00,val
10875,የአገልግሎቱ ጥራት ከፍተኛ ነው።,Assertion,1,Assertion_14,train
10876,ጤና ይስጥልኝ፣ ቤተሰብ እንዴት ናቸው?,Phatic,7,Phatic_06,train
10877,ይቅርታ፣ ለሰራተኛው መላክ አልችልም።,Refusal,2,Refusal_05,val
10878,ሪፖርቱን ዛሬ አቀርባለሁ።,Promise,8,Promise_05,val
10879,እባክሽ ፓኬጁን ዛሬ ማታ አምጪልኝ።,Request,0,Request_05,train
10880,ምክሬ ፓኬጁን አሁን ማረጋገጥ ነው።,Suggestion,3,Suggestion_03,train
10881,መረጃው በቅርቡ አልደረሰኝም።,Complaint,6,Complaint_06,train
10882,እባክዎ ፋይሉን በዚህ ሳምንት ይላኩልኝ።,Request,0,Request_00,train
10883,እርግጥ ነው፣ ሪፖርቱ ዝግጁ ነው... በጣም ፈጣን!,Sarcasm/Irony,5,Sarcasm/Irony_05,train
10884,እባክዎ ውሳኔውን ለደንበኛው በዚህ ወር ይላኩልኝ።,Request,0,Request_11,train
10885,ትዕዛዙን ዛሬ አጠናቅቃለሁ።,Promise,8,Promise_02,train
10886,እንዴት ነህ ጓደኛ?,Phatic,7,Phatic_12,train
10887,አዎ፣ ውሉ ተፈርሟል... በጣም ቀላል ነበር!,Sarcasm/Irony,5,Sarcasm/Irony_04,train
10888,እንዴት ነህ ጓደኛ?,Phatic,7,Phatic_12,train
10889,ማስጠንቀቂያ፣ ምግቡን በሚቀጥለው ወር ካላዘጋጀህ ችግር ይፈጥራል።,Warning,4,Warning_09,train
10890,ምናልባት ለአለቃዬ መደወል ይሻላል።,Suggestion,3,Suggestion_06,train
10891,እባክዎ ቦታውን ዛሬ ያስይዙልኝ።,Request,0,Request_12,train
10892,ውሳኔው ነገ ማታ አልተሰጠም።,Complaint,6,Complaint_13,train
10893,አዎ፣ ለእናቴ ላክኩት... በጣም ጥሩ!,Sarcasm/Irony,5,Sarcasm/Irony_02,test
10894,ውሳኔው በፍጥነት አልተሰጠም።,Complaint,6,Complaint_13,train
10895,የመጽሐፉ ሁኔታ ጥሩ ነው።,Assertion,1,Assertion_03,val
10896,እባክዎ መረጃውን በዚህ አመት ይላኩልኝ።,Request,0,Request_07,train
10897,ስራው በሚቀጥለው ሳምንት ተጀምሯል።,Assertion,1,Assertion_13,val
10898,ክፍያው ተከፍሏል።,Assertion,1,Assertion_05,train
10899,የውሳኔው ጥራት ከፍተኛ ነው።,Assertion,1,Assertion_14,train
10900,ስራው አሁን ተጀምሯል።,Assertion,1,Assertion_13,train
10901,አይ፣ ክፍያውን አሁን ማድረግ አልችልም።,Refusal,2,Refusal_07,val
10902,እባክሽ ኮንትራቱን ዛሬ ማታ አምጪልኝ።,Request,0,Request_05,train
10903,ሰላም ነው?,Phatic,7,Phatic_04,val
10904,አዎ፣ ቲኬቱን ዛሬ አደረግኩት... ትክክል ነው!,Sarcasm/Irony,5,Sarcasm/Irony_00,train
10905,ይቅርታ፣ ውሳኔውን ነገ ጠዋት ማሳወቅ አልችልም።,Refusal,2,Refusal_14,train
10906,ስጦታውን በዚህ አመት አደርሳለሁ።,Promise,8,Promise_01,train
10907,የትዕዛዙ ችግር ከማክሰኞ ጀምሮ ከጓደኛችን ጋር እፈታለሁ።,Promise,8,Promise_00,train
10908,ክፍያው ዛሬ አልተከፈለም።,Complaint,6,Complaint_03,train
10909,ምክሬ ስራውን አሁን ማረጋገጥ ነው።,Suggestion,3,Suggestion_03,train
10910,የትዕዛዙ ችግር ከሐሙስ ጀምሮ ከሰራተኛው ጋር እፈታለሁ።,Assertion,1,Assertion_00,train
10911,ውሳኔው በዚህ ሳምንት አልተሰጠም።,Complaint,6,Complaint_13,val
10912,ምክሬ ስጦታውን አሁን ማረጋገጥ ነው።,Suggestion,3,Suggestion_03,train
10913,ሀሳቤ መረጃውን ለጓደኛዋ ማጋራት ነው።,Suggestion,3,Suggestion_11,train
10914,ስጦታው ገና ወደ ባንክ ነገ ጠዋት አልደረሰኝም።,Complaint,6,Complaint_00,val
10915,አዎ፣ ቦታው ነፃ ነው... በጣም ምቹ!,Sarcasm/Irony,5,Sarcasm/Irony_08,train
10916,ተጠንቀቅ፣ ለአባቴ ካልደወልክ ችግር ይፈጥራል።,Warning,4,Warning_12,val
10917,ማስጠንቀቂያ፣ ስራውን በሚቀጥለው ወር ካላረጋገጥክ ችግር ይፈጥራል።,Warning,4,Warning_13,train
10918,ጤና ይስጥልኝ፣ ዛሬ እንዴት ነው?,Phatic,7,Phatic_13,val
10919,እባክዎ ቦታውን በዚህ አመት ያስይዙልኝ።,Request,0,Request_12,train
10920,ነጋዴው፣ ስራ በሱቅ እንዴት ነው?,Phatic,7,Phatic_00,train
10921,ማስጠንቀቂያ፣ ስራውን በሚቀጥለው ሳምንት ካላረጋገጥክ ችግር ይፈጥራል።,Warning,4,Warning_13,train
10922,ስራው ዛሬ ማታ ተጀምሯል።,Assertion,1,Assertion_13,test
10923,አይ፣ ክፍያውን አሁን ማድረግ አልችልም።,Refusal,2,Refusal_07,train
10924,ሪፖርቱን አሁን አቀርባለሁ።,Promise,8,Promise_05,train
10925,መረጃው አሁን አልደረሰኝም።,Complaint,6,Complaint_06,train
10926,ተጠንቀቅ፣ ለአስተዳዳሪው ካልደወልክ ችግር ይፈጥራል።,Warning,4,Warning_12,train
10927,የመጽሐፉ ችግር ከዛሬ ጀምሮ ከአጋሬ ጋር እፈታለሁ።,Assertion,1,Assertion_00,test
10928,የመልእክቱ ችግርን አሁን እፈታለሁ።,Promise,8,Promise_14,train
10929,መረጃው በዚህ አመት አልደረሰኝም።,Complaint,6,Complaint_06,train
10930,መረጃው ትክክል ነው።,Assertion,1,Assertion_04,test
10931,እርግጥ ነው፣ ሪፖርቱ ዝግጁ ነው... በጣም ፈጣን!,Sarcasm/Irony,5,Sarcasm/Irony_05,train
10932,ሪፖርቱ ዛሬ ጠዋት አልቀረበም።,Complaint,6,Complaint_05,train
10933,ይቅርታ፣ ለእናቴ መላክ አልችልም።,Refusal,2,Refusal_05,test
10934,ምግቡ በሚቀጥለው ወር አልደረሰኝም።,Complaint,6,Complaint_08,train
10935,ስራውን በሚቀጥለው ሳምንት አጠናቅቃለሁ።,Promise,8,Promise_12,val
10936,ተጠንቀቅ፣ ስራውን ነገ ማታ ካላጠናቀቅክ ቅጣት አለ።,Warning,4,Warning_14,train
10937,ተጠንቀቅ፣ ስራውን ነገ ካላጠናቀቅክ ቅጣት አለ።,Warning,4,Warning_14,train
10938,እባክሽ ደብዳቤውን ዛሬ ጠዋት አምጪልኝ።,Request,0,Request_09,train
10939,ምናልባት ስራውን በዚህ አመት ማድረግ ይሻላል።,Suggestion,3,Suggestion_00,train
10940,ይቅርታ፣ ለጓደኛዬ መጥራት አልችልም።,Refusal,2,Refusal_11,train
10941,ጤና ይስጥልኝ፣ ስራ እንዴት ነው?,Phatic,7,Phatic_02,train
10942,ጤና ይስጥልኝ፣ አጋሬ እንዴት ነው?,Phatic,7,Phatic_10,train
10943,የክፍያው ዋጋ ተቀይሯል።,Assertion,1,Assertion_09,train
10944,እርግጥ ነው፣ ትዕዛዙ በዚህ አመት ተጠናቀቀ... በጣም ፈጣን!,Sarcasm/Irony,5,Sarcasm/Irony_01,train
10945,እንደኔ ሀሳብ ሪፖርቱን ዛሬ ማቅረብ ይሻላል።,Suggestion,3,Suggestion_07,train
10946,ማስጠንቀቂያ፣ ውሳኔውን በሚቀጥለው ቀን ካላሳወቅክ ችግር ይፈጥራል።,Warning,4,Warning_11,train
10947,ውሳኔው ነገ ጠዋት አልተሰጠም።,Complaint,6,Complaint_13,train
10948,ውሳኔውን በፍጥነት አሳውቃለሁ።,Promise,8,Promise_11,train
10949,መረጃውን ዛሬ ማታ እላካለሁ።,Promise,8,Promise_06,test
10950,ክፍያው አሁን አልተከፈለም።,Complaint,6,Complaint_03,train
10951,የመልእክቱ ጥራት ከፍተኛ ነው።,Assertion,1,Assertion_14,train
10952,እርግጥ ነው፣ ክፍያው ተከፍሏል... በጣም ቀላል!,Sarcasm/Irony,5,Sarcasm/Irony_03,train
10953,ጤና ይስጥልኝ፣ ዛሬ እንዴት ነው?,Phatic,7,Phatic_13,train
10954,ቦታውን ዛሬ ማታ አስይዛለሁ።,Promise,8,Promise_07,train
10955,ምናልባት ምግቡን በሚቀጥለው ወር ማዘጋጀት ይሻላል።,Suggestion,3,Suggestion_12,train
10956,እርግጥ ነው፣ ውሳኔው ትክክል ነው... በጣም ጥሩ!,Sarcasm/Irony,5,Sarcasm/Irony_11,val
10957,እርግጥ ነው፣ ስራው ጥሩ ነው... በጣም ጥሩ!,Sarcasm/Irony,5,Sarcasm/Irony_13,test
10958,እባክሽ ምግቡን ዛሬ ማታ አዘጋጅልኝ።,Request,0,Request_13,train
10959,ማስጠንቀቂያ፣ ውሳኔውን አሁን ካላሳወቅክ ችግር ይፈጥራል።,Warning,4,Warning_11,train
10960,እባክሽ ምግቡን በሚቀጥለው ሳምንት አዘጋጅልኝ።,Request,0,Request_13,train
10961,እንደሚመስለኝ ስጦታውን በዚህ አመት ማምጣት ይሻላል።,Suggestion,3,Suggestion_10,train
10962,የስጦታው ዋጋ ተቀይሯል።,Assertion,1,Assertion_09,train
10963,የውሉ ችግርን በሚቀጥለው ቀን እፈታለሁ።,Promise,8,Promise_14,train
10964,አይ፣ ክፍያውን አሁን ማድረግ አልችልም።,Refusal,2,Refusal_07,test
10965,አይ፣ አሁን ውሳኔው ማድረግ አልችልም።,Refusal,2,Refusal_01,train
10966,እርግጥ ነው፣ ትዕዛዙ በሚቀጥለው ወር ተጠናቀቀ... በጣም ፈጣን!,Sarcasm/Irony,5,Sarcasm/Irony_01,test
10967,የመልእክቱ ሁኔታ ጥሩ ነው።,Assertion,1,Assertion_03,train
10968,እባክሽ ምግቡን ነገ ማታ አዘጋጅልኝ።,Request,0,Request_13,train
10969,ጤና ይስጥልኝ፣ ስራ እንዴት ነው?,Phatic,7,Phatic_02,train
10970,እባክሽ ኮንትራቱን ዛሬ ማታ አምጪልኝ።,Request,0,Request_05,test
10971,እርግጥ ነው፣ ውሳኔው ትክክል ነው... በጣም ጥሩ!,Sarcasm/Irony,5,Sarcasm/Irony_11,train
10972,እንደሚመስለኝ ትዕዛዙን በፍጥነት ማጠናቀቅ ይሻላል።,Suggestion,3,Suggestion_04,train
10973,ስጦታው ገና ወደ ጤና ጣቢያ ዛሬ ማታ አልደረሰኝም።,Complaint,6,Complaint_00,train
10974,መጽሐፉ ዛሬ ማታ ደረሰ።,Assertion,1,Assertion_11,test
10975,እባክዎ መጽሐፉን በዚህ ወር ይላኩልኝ።,Request,0,Request_14,val
10976,የምግቡ ጥራት ከፍተኛ ነው።,Assertion,1,Assertion_14,test
10977,ምናልባት ምግቡን በፍጥነት ማዘጋጀት ይሻላል።,Suggestion,3,Suggestion_12,val
10978,ይቅርታ፣ ለሰራተኛው መጥራት አልችልም።,Refusal,2,Refusal_11,val
10979,እባክዎ ሪፖርቱን በዚህ ወር ይላኩልኝ።,Request,0,Request_10,val
10980,እንደሚመስለኝ ስጦታውን በዚህ ሳምንት ማምጣት ይሻላል።,Suggestion,3,Suggestion_10,train
10981,ይቅርታ፣ ለአጋሬ መላክ አልችልም።,Refusal,2,Refusal_05,val
10982,መጽሐፉ ዛሬ ማታ አልደረሰኝም።,Complaint,6,Complaint_09,train
10983,ይሻላል ትዕዛዙን ለጓደኛችን ማሳወቅ።,Suggestion,3,Suggestion_02,test
10984,ጤና ይስጥልኝ፣ ቤተሰብ እንዴት ናቸው?,Phatic,7,Phatic_06,val
10985,እንዴት ነሽ?,Phatic,7,Phatic_05,val
10986,አይ፣ አሁን ምግቡ ማድረግ አልችልም።,Refusal,2,Refusal_01,train
10987,አልችልም፣ ስጦታውን በዚህ አመት ማድረስ አልቻልኩም።,Refusal,2,Refusal_00,train
10988,የአስተዳዳሪው ስራ በሬስቶራንት ጥሩ ነው።,Assertion,1,Assertion_06,train
10989,እባክዎ ትዕዛዙን ለሰራተኛው በዚህ አመት ይላኩልኝ።,Request,0,Request_03,train
10990,አልችልም፣ ሪፖርቱን በቅርቡ ማድረስ አልቻልኩም።,Refusal,2,Refusal_00,test
10991,ማስጠንቀቂያ፣ ሪፖርቱን በሚቀጥለው ወር ካላቀረብክ ቅጣት አለ።,Warning,4,Warning_05,train
10992,የመጽሐፉ ችግርን ነገ እፈታለሁ።,Promise,8,Promise_14,val
10993,ምክሬ ቦታውን አሁን ማስያዝ ነው።,Suggestion,3,Suggestion_09,train
10994,ይቅርታ፣ መረጃውን ማጋራት አልችልም።,Refusal,2,Refusal_08,train
10995,እባክሽ ምግቡን በዚህ አመት አዘጋጅልኝ።,Request,0,Request_13,train
10996,እንደኔ ሀሳብ ስራውን ዛሬ ጠዋት መላክ ይሻላል።,Suggestion,3,Suggestion_01,train
10997,ተጠንቀቅ፣ ውሉን በሚቀጥለው ወር ካልፈረምክ ህጋዊ ችግር ይፈጥራል።,Warning,4,Warning_04,test
10998,ተጠንቀቅ፣ ስጦታውን ዛሬ ማታ ካላመጣህ ችግር ይፈጥራል።,Warning,4,Warning_06,train
10999,እንደምን አደርክ?,Phatic,7,Phatic_03,train
11000,ጤና ይስጥልኝ፣ ዛሬ እንዴት ነው?,Phatic,7,Phatic_13,val
11001,ቦታው በቅርቡ አልተያዘም።,Complaint,6,Complaint_07,val
11002,ስጦታው በሚቀጥለው ቀን ደርሷል።,Assertion,1,Assertion_01,train
11003,እርግጥ ነው፣ ክፍያው ተከፍሏል... በጣም ቀላል!,Sarcasm/Irony,5,Sarcasm/Irony_03,train
11004,እርግጥ ነው፣ ስጦታው ጥሩ ነው... በጣም ጥሩ!,Sarcasm/Irony,5,Sarcasm/Irony_13,test
11005,እባክዎ ሪፖርቱን ነገ ማታ ይላኩልኝ።,Request,0,Request_10,test
11006,ማስጠንቀቂያ፣ ደብዳቤውን ዛሬ ማታ ካላረጋገጥክ ችግር ይፈጥራል።,Warning,4,Warning_13,train
11007,እርግጥ ነው፣ ሪፖርቱ ዝግጁ ነው... በጣም ፈጣን!,Sarcasm/Irony,5,Sarcasm/Irony_05,train
11008,እርግጥ ነው፣ ክፍያው ተከፍሏል... በጣም ቀላል!,Sarcasm/Irony,5,Sarcasm/Irony_03,train
11009,ትዕዛዙን አሁን አጠናቅቃለሁ።,Promise,8,Promise_02,val
11010,ትዕዛዙ በሚቀጥለው ሳምንት ተጠናቀቀ።,Assertion,1,Assertion_02,train
11011,እባክዎ መጽሐፉን ነገ ማታ ይላኩልኝ።,Request,0,Request_14,train
11012,እርግጥ ነው፣ ምግቡ ዝግጁ ነው... በጣም ጣፋጭ!,Sarcasm/Irony,5,Sarcasm/Irony_09,val
11013,የአጋሬ አገልግሎት መጥፎ ነው።,Complaint,6,Complaint_10,val
11014,አዎ፣ ለጓደኛዋ ደውያለሁ... በጣም ቀላል!,Sarcasm/Irony,5,Sarcasm/Irony_14,train
11015,ምግቡን በፍጥነት አረጋግጣለሁ።,Promise,8,Promise_13,train
11016,አይ፣ ክፍያውን አሁን ማድረግ አልችልም።,Refusal,2,Refusal_07,train
11017,አይደለም፣ ሪፖርቱን ዛሬ ማታ ማጠናቀቅ አልችልም።,Refusal,2,Refusal_10,test
11018,እባክዎ መጽሐፉን ነገ ይላኩልኝ።,Request,0,Request_14,train
11019,አይ፣ መጽሐፉን ማበደር አልችልም።,Refusal,2,Refusal_13,train
11020,እባክሽ ምግቡን በቅርቡ አዘጋጅልኝ።,Request,0,Request_13,train
11021,አይደለም፣ ውሉን በሚቀጥለው ወር ማረጋገጥ አልችልም።,Refusal,2,Refusal_04,train
11022,አልቻልኩም፣ ስጦታውን በዚህ አመት ማምጣት አልቻልኩም።,Refusal,2,Refusal_06,train
11023,መጽሐፉ በዚህ አመት ደረሰ።,Assertion,1,Assertion_11,val
11024,ውሉን ዛሬ ማታ እፈርማለሁ።,Promise,8,Promise_04,train
11025,አዎ፣ ውሉ ተፈርሟል... በጣም ቀላል ነበር!,Sarcasm/Irony,5,Sarcasm/Irony_04,train
11026,ማስጠንቀቂያ፣ ምግቡን ነገ ካላዘጋጀህ ችግር ይፈጥራል።,Warning,4,Warning_09,train
11027,የአስተዳዳሪው ውሳኔ ትክክል ነው።,Assertion,1,Assertion_12,train
11028,እባክዎ ፓኬጁን ለደንበኛው በቅርቡ ይላኩልኝ።,Request,0,Request_11,val
11029,ስራው በቅርቡ ተጀምሯል።,Assertion,1,Assertion_13,train
11030,እባክዎ ውሉን ለጓደኛዬ በቅርቡ ይላኩልኝ።,Request,0,Request_02,train
11031,ሀሳቤ ውሉን በዚህ ሳምንት መፈረም ነው።,Suggestion,3,Suggestion_05,train
11032,ትዕዛዙን ዛሬ ጠዋት አጠናቅቃለሁ።,Promise,8,Promise_02,train
11033,የእናቴ ስራ በሆቴል ጥሩ ነው።,Assertion,1,Assertion_06,train
11034,ውሉ ዛሬ ጠዋት አልተፈረመም።,Complaint,6,Complaint_04,train
11035,መጽሐፉ በቅርቡ ደረሰ።,Assertion,1,Assertion_11,train
11036,ይቅርታ፣ መረጃውን ማጋራት አልችልም።,Refusal,2,Refusal_08,test
11037,አይደለም፣ ውሉን አሁን ማረጋገጥ አልችልም።,Refusal,2,Refusal_04,train
11038,ይቅርታ፣ ትዕዛዙን በቅርቡ መላክ አልችልም።,Refusal,2,Refusal_02,train
11039,ተጠንቀቅ፣ ለቤተሰቤ ካልደወልክ ችግር ይፈጥራል።,Warning,4,Warning_12,val
11040,አዎ፣ ስራው ተጠናቀቀ... በጣም ፈጣን!,Sarcasm/Irony,5,Sarcasm/Irony_12,train
11041,አይ፣ መጽሐፉን ማበደር አልችልም።,Refusal,2,Refusal_13,val
11042,ተጠንቀቅ፣ ቦታውን ነገ ካላስያዝክ ይያዛል።,Warning,4,Warning_08,val
11043,እርግጥ ነው፣ ደብዳቤው ጥሩ ነው... በጣም ጥሩ!,Sarcasm/Irony,5,Sarcasm/Irony_13,test
11044,እርግጥ ነው፣ ትዕዛዙ በሚቀጥለው ሳምንት ተጠናቀቀ... በጣም ፈጣን!,Sarcasm/Irony,5,Sarcasm/Irony_01,train
11045,ይሻላል ሪፖርቱን ለጓደኛዬ ማሳወቅ።,Suggestion,3,Suggestion_02,test
11046,ሰላም ነው ወንድሜ?,Phatic,7,Phatic_11,test
11047,ጤና ይስጥልኝ፣ ሰራተኛው እንዴት ነው?,Phatic,7,Phatic_10,train
11048,አይ፣ መጽሐፉን ማበደር አልችልም።,Refusal,2,Refusal_13,train
11049,አልቻልኩም፣ ስጦታውን ዛሬ ጠዋት ማምጣት አልቻልኩም።,Refusal,2,Refusal_06,train
11050,እባክዎ ትዕዛዙን ለደንበኛው በሚቀጥለው ቀን ይላኩልኝ።,Request,0,Request_03,test
11051,ተጠንቀቅ፣ ስጦታውን ነገ ማታ ካላመጣህ ችግር ይፈጥራል።,Warning,4,Warning_06,train
11052,ትዕዛዙ ዛሬ ጠዋት አልደረሰኝም።,Complaint,6,Complaint_01,train
11053,አልቻልኩም፣ ስጦታውን ዛሬ ማታ ማምጣት አልቻልኩም።,Refusal,2,Refusal_06,train
11054,ውሉ በሚቀጥለው ቀን ተፈርሟል።,Assertion,1,Assertion_07,train
11055,እባክዎ ቦታውን ዛሬ ያስይዙልኝ።,Request,0,Request_12,train
11056,ማስጠንቀቂያ፣ መረጃውን በዚህ አመት ካላረጋገጥክ ችግር ይፈጥራል።,Warning,4,Warning_13,train
11057,አልችልም፣ መረጃውን ዛሬ ማድረስ አልቻልኩም።,Refusal,2,Refusal_00,train
11058,ይሻላል ውሳኔውን በዚህ አመት ማሳወቅ።,Suggestion,3,Suggestion_14,train
11059,እባክዎ ሪፖርቱን በዚህ ወር ይላኩልኝ።,Request,0,Request_00,val
11060,አይደለም፣ ሪፖርቱን በፍጥነት ማጠናቀቅ አልችልም።,Refusal,2,Refusal_10,test
11061,ምናልባት ምግቡን በዚህ አመት ማዘጋጀት ይሻላል።,Suggestion,3,Suggestion_12,test
11062,እርግጥ ነው፣ ውሳኔው ትክክል ነው... በጣም ጥሩ!,Sarcasm/Irony,5,Sarcasm/Irony_11,val
11063,እባክሽ ስራውን ዛሬ ማታ አምጪልኝ።,Request,0,Request_05,val
11064,ምናልባት ለእህቴ መደወል ይሻላል።,Suggestion,3,Suggestion_06,train
11065,አዎ፣ ቦታው ነፃ ነው... በጣም ምቹ!,Sarcasm/Irony,5,Sarcasm/Irony_08,test
11066,ክፍያው ዛሬ ጠዋት አልተከፈለም።,Complaint,6,Complaint_03,val
11067,ስራውን በዚህ ወር አጠናቅቃለሁ።,Promise,8,Promise_12,val
11068,ውሉን በዚህ አመት እፈርማለሁ።,Promise,8,Promise_04,train
11069,የውሳኔው ጥራት ከፍተኛ ነው።,Assertion,1,Assertion_14,train
11070,ትዕዛዙን በዚህ አመት አጠናቅቃለሁ።,Promise,8,Promise_02,train
11071,ስጦታው ዛሬ ማታ ደርሷል።,Assertion,1,Assertion_01,val
11072,እባክዎ ውሉን ለደንበኛው በዚህ ወር ይላኩልኝ።,Request,0,Request_11,train
11073,ሰላም ነው?,Phatic,7,Phatic_04,val
11074,ማስጠንቀቂያ፣ ምግቡን ነገ ካላዘጋጀህ ችግር ይፈጥራል።,Warning,4,Warning_09,train
11075,እንደኔ ሀሳብ ሪፖርቱን በሚቀጥለው ሳምንት ማቅረብ ይሻላል።,Suggestion,3,Suggestion_07,train
11076,ሰላም፣ ስራ በሱቅ እንዴት ነው?,Phatic,7,Phatic_08,test
11077,የጓደኛዋ ውሳኔ ትክክል ነው።,Assertion,1,Assertion_12,train
11078,ማስጠንቀቂያ፣ ውሳኔውን በፍጥነት ካላሳወቅክ ችግር ይፈጥራል።,Warning,4,Warning_11,train
11079,ክፍያውን በዚህ አመት አደርጋለሁ።,Promise,8,Promise_03,train
11080,ሰላም፣ እንዴት ነህ?,Phatic,7,Phatic_01,train
11081,እባክዎ ሪፖርቱን አሁን ይላኩልኝ።,Request,0,Request_10,test
11082,እባክሽ ደብዳቤውን ነገ ማታ አምጪልኝ።,Request,0,Request_09,train
11083,ትዕዛዙ በሚቀጥለው ሳምንት አልደረሰኝም።,Complaint,6,Complaint_01,test
11084,አዎ፣ ስራው ተጠናቀቀ... በጣም ፈጣን!,Sarcasm/Irony,5,Sarcasm/Irony_12,train
11085,ውሳኔውን በዚህ ሳምንት አሳውቃለሁ።,Promise,8,Promise_11,train
11086,የትዕዛዙ ችግር ከሐሙስ ጀምሮ ከቤተሰቤ ጋር እፈታለሁ።,Promise,8,Promise_00,train
11087,ለጓደኛዬ ዛሬ ጠዋት አልደወሉልኝም።,Complaint,6,Complaint_14,train
11088,አዎ፣ ክፍያውን አሁን አደረግኩት... ትክክል ነው!,Sarcasm/Irony,5,Sarcasm/Irony_00,train
11089,ጤና ይስጥልኝ፣ ዛሬ እንዴት ነው?,Phatic,7,Phatic_13,train
11090,እርግጥ ነው፣ ሪፖርቱ ዝግጁ ነው... በጣም ፈጣን!,Sarcasm/Irony,5,Sarcasm/Irony_05,train
11091,ቦታውን በዚህ ሳምንት አስይዛለሁ።,Promise,8,Promise_07,test
11092,ይቅርታ፣ ለወንድሜ መላክ አልችልም።,Refusal,2,Refusal_05,train
11093,ምናልባት ፋይሉን ዛሬ ጠዋት ማድረግ ይሻላል።,Suggestion,3,Suggestion_00,train
11094,እባክዎ ስጦታውን በሚቀጥለው ሳምንት ያድርሱልኝ።,Request,0,Request_06,train
11095,ቦታው ነፃ ነው።,Assertion,1,Assertion_10,train
11096,ምግቡን በዚህ ሳምንት አዘጋጃለሁ።,Promise,8,Promise_08,val
11097,አይ፣ አሁን ትዕዛዙ ማድረግ አልችልም።,Refusal,2,Refusal_01,test
11098,እርግጥ ነው፣ ትዕዛዙ ነገ ጠዋት ተጠናቀቀ... በጣም ፈጣን!,Sarcasm/Irony,5,Sarcasm/Irony_01,train
11099,ይሻላል ክፍያውን ነገ ማታ ማድረግ።,Suggestion,3,Suggestion_08,test
11100,አልችልም፣ ክፍያውን አሁን ማድረስ አልቻልኩም።,Refusal,2,Refusal_00,val
11101,ሀሳቤ መረጃውን ለአባቴ ማጋራት ነው።,Suggestion,3,Suggestion_11,train
11102,አዎ፣ መጽሐፉ ተመልሷል... በጣም ቀላል!,Sarcasm/Irony,5,Sarcasm/Irony_10,val
11103,ምክሬ ቦታውን አሁን ማስያዝ ነው።,Suggestion,3,Suggestion_09,train
11104,አይ፣ መጽሐፉን ማበደር አልችልም።,Refusal,2,Refusal_13,train
11105,ምክሬ ቦታውን አሁን ማስያዝ ነው።,Suggestion,3,Suggestion_09,test
11106,እባክዎ ክፍያውን በዚህ ወር ያረጋግጡልኝ።,Request,0,Request_08,train
11107,የስጦታው ሁኔታ ጥሩ ነው።,Assertion,1,Assertion_03,train
11108,መጽሐፉን ነገ አመልሳለሁ።,Promise,8,Promise_09,train
11109,አይ፣ አሁን ፓኬጁ ማድረግ አልችልም።,Refusal,2,Refusal_01,train
11110,አዎ፣ ለጓደኛዋ ደውያለሁ... በጣም ቀላል!,Sarcasm/Irony,5,Sarcasm/Irony_14,train
11111,አይ፣ አሁን ሰነዱ ማድረግ አልችልም።,Refusal,2,Refusal_01,test
11112,አይ፣ ክፍያውን አሁን ማድረግ አልችልም።,Refusal,2,Refusal_07,train
11113,ይሻላል ውሳኔውን በዚህ ወር ማሳወቅ።,Suggestion,3,Suggestion_14,train
11114,ይቅርታ፣ መረጃውን ማጋራት አልችልም።,Refusal,2,Refusal_08,train
11115,እባክዎ መረጃውን በቅርቡ ይላኩልኝ።,Request,0,Request_07,train
11116,ማስጠንቀቂያ፣ ክፍያውን በቅርቡ ካላደረግክ አገልግሎት ይቋረጣል።,Warning,4,Warning_03,train
11117,ሰላም፣ ስራ በሆስፒታል እንዴት ነው?,Phatic,7,Phatic_08,test
11118,ስጦታው ገና ወደ ሱቅ በዚህ ሳምንት አልደረሰኝም።,Complaint,6,Complaint_00,test
11119,ይቅርታ፣ ለቤተሰቤ መላክ አልችልም።,Refusal,2,Refusal_05,train
11120,እባክዎ ውሉን ለጓደኛዋ በዚህ ወር ይላኩልኝ።,Request,0,Request_02,train
11121,የጓደኛዋ ስራ በቢሮ ጥሩ ነው።,Assertion,1,Assertion_06,train
11122,አይደለም፣ ሪፖርቱን ነገ ማታ ማጠናቀቅ አልችልም።,Refusal,2,Refusal_10,train
11123,ተጠንቀቅ፣ መጽሐፉን በዚህ ሳምንት ካላመለስክ ቅጣት አለ።,Warning,4,Warning_10,val
11124,አዎ፣ ለእህቴ ላክኩት... በጣም ጥሩ!,Sarcasm/Irony,5,Sarcasm/Irony_02,train
11125,ተጠንቀቅ፣ ስጦታውን ዛሬ ማታ ካላመጣህ ችግር ይፈጥራል።,Warning,4,Warning_06,train
11126,እንደሚመስለኝ ትዕዛዙን በፍጥነት ማጠናቀቅ ይሻላል።,Suggestion,3,Suggestion_04,train
11127,አልፈልግም፣ ቦታውን ማስያዝ አልችልም።,Refusal,2,Refusal_09,train
11128,እንደኔ ሀሳብ መጽሐፉን ነገ ማንበብ ይሻላል።,Suggestion,3,Suggestion_13,train
11129,ነጋዴው፣ ዛሬ እንዴት ነው?,Phatic,7,Phatic_07,train
11130,ማስጠንቀቂያ፣ ውሳኔውን ነገ ማታ ካላሳወቅክ ችግር ይፈጥራል።,Warning,4,Warning_11,train
11131,ይሻላል ስራውን ለአጋሬ ማሳወቅ።,Suggestion,3,Suggestion_02,test
11132,እባክሽ ቲኬቱን ነገ ጠዋት አምጪልኝ።,Request,0,Request_01,train
11133,ይቅርታ፣ መረጃውን ማጋራት አልችልም።,Refusal,2,Refusal_08,train
11134,ጤና ይስጥልኝ፣ ወንድሜ እንዴት ነው?,Phatic,7,Phatic_10,train
11135,ሰላም፣ ስራ በፖስታ ቤት እንዴት ነው?,Phatic,7,Phatic_08,train
11136,ትዕዛዙ በሚቀጥለው ሳምንት ተጠናቀቀ።,Assertion,1,Assertion_02,train
11137,አዎ፣ ለቤተሰቤ ደውያለሁ... በጣም ቀላል!,Sarcasm/Irony,5,Sarcasm/Irony_14,val
11138,እንደምን አደረሽ?,Phatic,7,Phatic_09,train
11139,እባክዎ መረጃውን በዚህ አመት ይላኩልኝ።,Request,0,Request_07,train
11140,ስራው ነገ ጠዋት አልተጠናቀቀም።,Complaint,6,Complaint_12,train
11141,የትዕዛዙ ችግር ከባለፈው ወር ጀምሮ ከእናቴ ጋር እፈታለሁ።,Promise,8,Promise_00,train
11142,የአገልግሎቱ ችግርን በሚቀጥለው ወር እፈታለሁ።,Promise,8,Promise_14,train
11143,ማስጠንቀቂያ፣ መረጃውን ካላጋራህ ችግር ይፈጥራል።,Warning,4,Warning_07,train
11144,ሰላም፣ እንዴት ነህ?,Phatic,7,Phatic_01,train
11145,ተጠንቀቅ፣ ውሉን በዚህ ሳምንት ካልፈረምክ ህጋዊ ችግር ይፈጥራል።,Warning,4,Warning_04,train
11146,አይ፣ መጽሐፉን ማበደር አልችልም።,Refusal,2,Refusal_13,train
11147,እርግጥ ነው፣ ውሳኔው ትክክል ነው... በጣም ጥሩ!,Sarcasm/Irony,5,Sarcasm/Irony_11,train
11148,ሰላም ነው ወንድሜ?,Phatic,7,Phatic_11,test
11149,ምግቡ ዛሬ ማታ አልደረሰኝም።,Complaint,6,Complaint_08,train
11150,ማስጠንቀቂያ፣ ትዕዛዙን ነገ ካላጠናቀቅክ ቅጣት አለ።,Warning,4,Warning_01,train
11151,ስራውን በዚህ ወር አጠናቅቃለሁ።,Promise,8,Promise_12,train
11152,ማስጠንቀቂያ፣ ትዕዛዙን ነገ ካላጠናቀቅክ ቅጣት አለ።,Warning,4,Warning_01,test
11153,አዎ፣ ውሳኔውን አሁን አደረግኩት... ትክክል ነው!,Sarcasm/Irony,5,Sarcasm/Irony_00,train
11154,አልችልም፣ ምግቡን አሁን ማዘጋጀት አልቻልኩም።,Refusal,2,Refusal_12,train
11155,ክፍያው ተከፍሏል።,Assertion,1,Assertion_05,test
11156,የክፍያው ጥራት ከፍተኛ ነው።,Assertion,1,Assertion_14,train
11157,ውሉ ነገ ጠዋት ተፈርሟል።,Assertion,1,Assertion_07,train
11158,ተጠንቀቅ፣ ቦታውን በዚህ ሳምንት ካላስያዝክ ይያዛል።,Warning,4,Warning_08,train
11159,ውሉ በዚህ አመት ተፈርሟል።,Assertion,1,Assertion_07,val
11160,እባክሽ ምግቡን ነገ ጠዋት አዘጋጅልኝ።,Request,0,Request_13,train
11161,እባክሽ ደብዳቤውን በሚቀጥለው ሳምንት አምጪልኝ።,Request,0,Request_09,train
11162,ክፍያውን በዚህ ሳምንት አደርጋለሁ።,Promise,8,Promise_03,train
11163,አልችልም፣ ፓኬጁን በሚቀጥለው ወር ማድረስ አልቻልኩም።,Refusal,2,Refusal_00,test
11164,ሰላም ነው?,Phatic,7,Phatic_04,train
11165,ስጦታው አሁን ደርሷል።,Assertion,1,Assertion_01,test
11166,እባክዎ ውሳኔውን ነገ ማታ ይላኩልኝ።,Request,0,Request_00,train
11167,ተጠንቀቅ፣ መጽሐፉን በሚቀጥለው ሳምንት ካላመለስክ ቅጣት አለ።,Warning,4,Warning_10,train
11168,እንደኔ ሀሳብ ሪፖርቱን በሚቀጥለው ወር ማቅረብ ይሻላል።,Suggestion,3,Suggestion_07,val
11169,እርግጥ ነው፣ ውሳኔው ትክክል ነው... በጣም ጥሩ!,Sarcasm/Irony,5,Sarcasm/Irony_11,train
11170,ነጋዴው፣ ስራ እንዴት እየሄደ ነው?,Phatic,7,Phatic_14,train
11171,ምናልባት ምግቡን በሚቀጥለው ቀን ማዘጋጀት ይሻላል።,Suggestion,3,Suggestion_12,train
11172,ምክሬ ቦታውን አሁን ማስያዝ ነው።,Suggestion,3,Suggestion_09,train
11173,እባክሽ ምግቡን በዚህ ወር አዘጋጅልኝ።,Request,0,Request_13,test
11174,እባክሽ ኮንትራቱን በሚቀጥለው ቀን አምጪልኝ።,Request,0,Request_01,train
11175,ይሻላል ውሳኔውን ነገ ማሳወቅ።,Suggestion,3,Suggestion_14,train
11176,እባክዎ ሪፖርቱን ነገ ማታ ይላኩልኝ።,Request,0,Request_10,val
11177,የሰነዱ ሁኔታ ጥሩ ነው።,Assertion,1,Assertion_03,train
11178,ስጦታው በዚህ አመት ደርሷል።,Assertion,1,Assertion_01,train
11179,እንደምን አደረሽ?,Phatic,7,Phatic_09,test
11180,ክፍያው በሚቀጥለው ቀን አልተከፈለም።,Complaint,6,Complaint_03,train
11181,ማስጠንቀቂያ፣ ውሳኔውን በዚህ አመት ካላሳወቅክ ችግር ይፈጥራል።,Warning,4,Warning_11,train
11182,ተጠንቀቅ፣ መጽሐፉን በሚቀጥለው ወር ካላመለስክ ቅጣት አለ።,Warning,4,Warning_10,test
11183,እርግጥ ነው፣ ሪፖርቱ ጥሩ ነው... በጣም ጥሩ!,Sarcasm/Irony,5,Sarcasm/Irony_13,test
11184,መረጃውን ዛሬ እላካለሁ።,Promise,8,Promise_06,train
11185,ይሻላል ክፍያውን በሚቀጥለው ቀን ማድረግ።,Suggestion,3,Suggestion_08,train
11186,አይ፣ ክፍያውን አሁን ማድረግ አልችልም።,Refusal,2,Refusal_07,train
11187,ተጠንቀቅ፣ ለአለቃዬ ካልደወልክ ችግር ይፈጥራል።,Warning,4,Warning_12,train
11188,መረጃው ነገ አልደረሰኝም።,Complaint,6,Complaint_06,train
11189,ይሻላል ሰነዱን ለደንበኛው ማሳወቅ።,Suggestion,3,Suggestion_02,test
11190,ተጠንቀቅ፣ ስራውን በሚቀጥለው ወር ካላጠናቀቅክ ቅጣት አለ።,Warning,4,Warning_14,train
11191,ትዕዛዙ ነገ ማታ አልደረሰኝም።,Complaint,6,Complaint_01,train
11192,እባክሽ ፋይሉን ዛሬ ማታ አምጪልኝ።,Request,0,Request_05,train
11193,ውሳኔው በፍጥነት አልተሰጠም።,Complaint,6,Complaint_13,train
11194,መጽሐፉ በሚቀጥለው ወር ደረሰ።,Assertion,1,Assertion_11,train
11195,አይደለም፣ ውሉን በሚቀጥለው ቀን ማረጋገጥ አልችልም።,Refusal,2,Refusal_04,train
11196,እባክዎ ቦታውን ነገ ማታ ያስይዙልኝ።,Request,0,Request_12,test
11197,የውሳኔው ጥራት ከፍተኛ ነው።,Assertion,1,Assertion_14,train
11198,እርግጥ ነው፣ ምግቡ ዝግጁ ነው... በጣም ጣፋጭ!,Sarcasm/Irony,5,Sarcasm/Irony_09,train
11199,ጤና ይስጥልኝ፣ ቤተሰቤ እንዴት ነው?,Phatic,7,Phatic_10,train
11200,ቦታውን በዚህ ወር አስይዛለሁ።,Promise,8,Promise_07,test
11201,ትዕዛዙ ዛሬ ተጠናቀቀ።,Assertion,1,Assertion_02,train
11202,አልፈልግም፣ ስራውን አልቀበልም።,Refusal,2,Refusal_03,val
11203,ይሻላል መልእክቱን ለአለቃዬ ማሳወቅ።,Suggestion,3,Suggestion_02,train
11204,የመጽሐፉ ጥራት ከፍተኛ ነው።,Assertion,1,Assertion_14,train
11205,ለጓደኛዋ በዚህ አመት እደውላለሁ።,Promise,8,Promise_10,train
11206,እንዴት ነሽ?,Phatic,7,Phatic_05,val
11207,ምግቡ በሚቀጥለው ቀን አልደረሰኝም።,Complaint,6,Complaint_08,train
11208,ስራውን ዛሬ ጠዋት አጠናቅቃለሁ።,Promise,8,Promise_12,test
11209,ሪፖርቱ ዛሬ ማታ አልቀረበም።,Complaint,6,Complaint_05,test
11210,ውሳኔውን ነገ አሳውቃለሁ።,Promise,8,Promise_11,test
11211,ጤና ይስጥልኝ፣ አጋሬ እንዴት ነው?,Phatic,7,Phatic_10,val
11212,አይደለም፣ ሪፖርቱን በዚህ ሳምንት ማጠናቀቅ አልችልም።,Refusal,2,Refusal_10,train
11213,ስጦታው ገና ወደ ዩኒቨርሲቲ በፍጥነት አልደረሰኝም።,Complaint,6,Complaint_00,train
11214,ሰላም ነው?,Phatic,7,Phatic_04,train
11215,ትዕዛዙ ነገ ጠዋት ተጠናቀቀ።,Assertion,1,Assertion_02,train
11216,እርግጥ ነው፣ ኮንትራቱ ጥሩ ነው... በጣም ጥሩ!,Sarcasm/Irony,5,Sarcasm/Irony_13,train
11217,የአስተዳዳሪው አገልግሎት መጥፎ ነው።,Complaint,6,Complaint_10,train
11218,ማስጠንቀቂያ፣ መረጃውን ካላጋራህ ችግር ይፈጥራል።,Warning,4,Warning_07,val
11219,ነጋዴው፣ ስራ በሱቅ እንዴት ነው?,Phatic,7,Phatic_00,train
11220,እባክዎ ውሉን ለአጋሬ ነገ ጠዋት ይላኩልኝ።,Request,0,Request_02,train
11221,አልፈልግም፣ ሸቀጡን አልቀበልም።,Refusal,2,Refusal_03,train
11222,ሪፖርቱ ዝግጁ ነው።,Assertion,1,Assertion_08,train
11223,ይቅርታ፣ ትዕዛዙን በዚህ ወር መላክ አልችልም።,Refusal,2,Refusal_02,train
11224,ጤና ይስጥልኝ፣ ስራ እንዴት ነው?,Phatic,7,Phatic_02,test
11225,የትዕዛዙ ችግር ከሐሙስ ጀምሮ ከጓደኛችን ጋር እፈታለሁ።,Promise,8,Promise_00,train
11226,ሪፖርቱን በፍጥነት አቀርባለሁ።,Promise,8,Promise_05,train
11227,ሪፖርቱ ነገ ጠዋት አልቀረበም።,Complaint,6,Complaint_05,train
11228,እባክዎ ቲኬቱን ለደንበኛው በዚህ ሳምንት ይላኩልኝ።,Request,0,Request_11,val
11229,ይሻላል መጽሐፉን ለአጋሬ ማሳወቅ።,Suggestion,3,Suggestion_02,train
11230,እርግጥ ነው፣ ውሳኔው ትክክል ነው... በጣም ጥሩ!,Sarcasm/Irony,5,Sarcasm/Irony_11,test
11231,እንደኔ ሀሳብ ሪፖርቱን ዛሬ ማቅረብ ይሻላል።,Suggestion,3,Suggestion_07,train
11232,ነጋዴው፣ ስራ እንዴት እየሄደ ነው?,Phatic,7,Phatic_14,train
11233,አይደለም፣ ውሉን ዛሬ ማታ ማረጋገጥ አልችልም።,Refusal,2,Refusal_04,train
11234,ሀሳቤ ውሉን በፍጥነት መፈረም ነው።,Suggestion,3,Suggestion_05,train
11235,እርግጥ ነው፣ መረጃው ትክክል ነው... በጣም ግልጽ!,Sarcasm/Irony,5,Sarcasm/Irony_07,train
11236,ጤና ይስጥልኝ፣ እናቴ እንዴት ነው?,Phatic,7,Phatic_10,train
11237,ምክሬ ፓኬጁን አሁን ማረጋገጥ ነው።,Suggestion,3,Suggestion_03,train
11238,እንደሚመስለኝ ትዕዛዙን በፍጥነት ማጠናቀቅ ይሻላል።,Suggestion,3,Suggestion_04,train
11239,ምናልባት ምግቡን ነገ ማዘጋጀት ይሻላል።,Suggestion,3,Suggestion_12,test
11240,ነጋዴው፣ ዛሬ እንዴት ነው?,Phatic,7,Phatic_07,train
11241,ይሻላል ስጦታውን ለጓደኛችን ማሳወቅ።,Suggestion,3,Suggestion_02,train
11242,ጤና ይስጥልኝ፣ ቤተሰብ እንዴት ናቸው?,Phatic,7,Phatic_06,train
11243,ጤና ይስጥልኝ፣ ስራ እንዴት ነው?,Phatic,7,Phatic_02,train
11244,ጤና ይስጥልኝ፣ ዛሬ እንዴት ነው?,Phatic,7,Phatic_13,val
11245,አዎ፣ ፓኬጁን በዚህ አመት አደረግኩት... ትክክል ነው!,Sarcasm/Irony,5,Sarcasm/Irony_00,val
11246,ውሉ አሁን ተፈርሟል።,Assertion,1,Assertion_07,test
11247,ጤና ይስጥልኝ፣ ቤተሰብ እንዴት ናቸው?,Phatic,7,Phatic_06,val
11248,እንደኔ ሀሳብ ሪፖርቱን በዚህ ወር ማቅረብ ይሻላል።,Suggestion,3,Suggestion_07,val
11249,እባክዎ ሪፖርቱን በዚህ አመት ይላኩልኝ።,Request,0,Request_10,train
11250,ይሻላል ውሳኔውን ለደንበኛው ማሳወቅ።,Suggestion,3,Suggestion_02,test
11251,ሀሳቤ መረጃውን ለቤተሰቤ ማጋራት ነው።,Suggestion,3,Suggestion_11,val
11252,አልችልም፣ ምግቡን በሚቀጥለው ቀን ማዘጋጀት አልቻልኩም።,Refusal,2,Refusal_12,train
11253,እንደኔ ሀሳብ ትዕዛዙን ነገ መላክ ይሻላል።,Suggestion,3,Suggestion_01,test
11254,እንደኔ ሀሳብ መጽሐፉን በሚቀጥለው ወር ማንበብ ይሻላል።,Suggestion,3,Suggestion_13,test
11255,ማስጠንቀቂያ፣ ውሉን ነገ ማታ ካላረጋገጥክ ችግር ይፈጥራል።,Warning,4,Warning_13,train
11256,እንደኔ ሀሳብ ቦታውን ነገ ማታ መላክ ይሻላል።,Suggestion,3,Suggestion_01,train
11257,እንደኔ ሀሳብ መጽሐፉን በዚህ አመት ማንበብ ይሻላል።,Suggestion,3,Suggestion_13,test
11258,ውሳኔውን በዚህ ወር አሳውቃለሁ።,Promise,8,Promise_11,train
11259,ስጦታውን ዛሬ ጠዋት አደርሳለሁ።,Promise,8,Promise_01,train
11260,አዎ፣ ለአለቃዬ ላክኩት... በጣም ጥሩ!,Sarcasm/Irony,5,Sarcasm/Irony_02,train
11261,እንደሚመስለኝ ስጦታውን አሁን ማምጣት ይሻላል።,Suggestion,3,Suggestion_10,train
11262,ተጠንቀቅ፣ ለደንበኛው ካልደወልክ ችግር ይፈጥራል።,Warning,4,Warning_12,train
11263,እርግጥ ነው፣ ውሳኔው ትክክል ነው... በጣም ጥሩ!,Sarcasm/Irony,5,Sarcasm/Irony_11,train
11264,ጤና ይስጥልኝ፣ ስራ እንዴት ነው?,Phatic,7,Phatic_02,train
11265,ማስጠንቀቂያ፣ ሪፖርቱን ዛሬ ጠዋት ካላቀረብክ ቅጣት አለ።,Warning,4,Warning_05,train
11266,ነጋዴው፣ ዛሬ እንዴት ነው?,Phatic,7,Phatic_07,train
11267,እንደምን አደርክ?,Phatic,7,Phatic_03,train
11268,ነጋዴው፣ ስራ በፖስታ ቤት እንዴት ነው?,Phatic,7,Phatic_00,val
11269,ውሳኔው በሚቀጥለው ወር አልተሰጠም።,Complaint,6,Complaint_13,train
11270,ሀሳቤ መረጃውን ለፖሊሱ ማጋራት ነው።,Suggestion,3,Suggestion_11,train
11271,ሰላም ነው ወንድሜ?,Phatic,7,Phatic_11,val
11272,ተጠንቀቅ፣ ስራውን በዚህ ሳምንት ካላጠናቀቅክ ቅጣት አለ።,Warning,4,Warning_14,train
11273,ሪፖርቱ ዝግጁ ነው።,Assertion,1,Assertion_08,test
11274,ምናልባት ለወንድሜ መደወል ይሻላል።,Suggestion,3,Suggestion_06,train
11275,ሀሳቤ ውሉን አሁን መፈረም ነው።,Suggestion,3,Suggestion_05,train
11276,እርግጥ ነው፣ ትዕዛዙ ጥሩ ነው... በጣም ጥሩ!,Sarcasm/Irony,5,Sarcasm/Irony_13,train
11277,አልቻልኩም፣ ስጦታውን አሁን ማምጣት አልቻልኩም።,Refusal,2,Refusal_06,train
11278,መጽሐፉን በፍጥነት አመልሳለሁ።,Promise,8,Promise_09,train
11279,አዎ፣ መጽሐፉ ተመልሷል... በጣም ቀላል!,Sarcasm/Irony,5,Sarcasm/Irony_10,test
11280,እርግጥ ነው፣ ሪፖርቱ ዝግጁ ነው... በጣም ፈጣን!,Sarcasm/Irony,5,Sarcasm/Irony_05,train
11281,ይቅርታ፣ ውሳኔውን በዚህ ሳምንት ማሳወቅ አልችልም።,Refusal,2,Refusal_14,test
11282,ስራው በቅርቡ አልተጠናቀቀም።,Complaint,6,Complaint_12,val
11283,አልቻልኩም፣ ስጦታውን ነገ ማምጣት አልቻልኩም።,Refusal,2,Refusal_06,train
11284,መረጃው ትክክል ነው።,Assertion,1,Assertion_04,test
11285,ተጠንቀቅ፣ መልእክቱን በሚቀጥለው ሳምንት ካላደረግክ ችግር ይፈጥራል።,Warning,4,Warning_00,train
11286,ተጠንቀቅ፣ ስራውን ነገ ካላጠናቀቅክ ቅጣት አለ።,Warning,4,Warning_14,train
11287,ይቅርታ፣ ለጓደኛችን መጥራት አልችልም።,Refusal,2,Refusal_11,train
11288,እባክዎ ሪፖርቱን በሚቀጥለው ቀን ይላኩልኝ።,Request,0,Request_10,train
11289,አዎ፣ ለሰራተኛው ደውያለሁ... በጣም ቀላል!,Sarcasm/Irony,5,Sarcasm/Irony_14,train
11290,ሰላም ነው?,Phatic,7,Phatic_04,test
11291,ተጠንቀቅ፣ ለሰራተኛው ካልላክ ችግር ይፈጥራል።,Warning,4,Warning_02,val
11292,እባክሽ ኮንትራቱን በዚህ አመት አምጪልኝ።,Request,0,Request_01,test
11293,አይ፣ መጽሐፉን ማበደር አልችልም።,Refusal,2,Refusal_13,train
11294,ተጠንቀቅ፣ መጽሐፉን በሚቀጥለው ወር ካላመለስክ ቅጣት አለ።,Warning,4,Warning_10,val
11295,አይደለም፣ ውሉን በሚቀጥለው ወር ማረጋገጥ አልችልም።,Refusal,2,Refusal_04,test
11296,ማስጠንቀቂያ፣ ክፍያውን በዚህ አመት ካላደረግክ አገልግሎት ይቋረጣል።,Warning,4,Warning_03,val
11297,እንዴት ነህ ጓደኛ?,Phatic,7,Phatic_12,val
11298,የደብዳቤው ችግር ከሐሙስ ጀምሮ ከጓደኛዬ ጋር እፈታለሁ።,Assertion,1,Assertion_00,train
11299,ተጠንቀቅ፣ ለእህቴ ካልላክ ችግር ይፈጥራል።,Warning,4,Warning_02,train
11300,የትዕዛዙ ችግር ከሰኞ ጀምሮ ከጓደኛችን ጋር እፈታለሁ።,Promise,8,Promise_00,train
11301,እንደምን አደረሽ?,Phatic,7,Phatic_09,val
11302,ምግቡን በሚቀጥለው ወር አዘጋጃለሁ።,Promise,8,Promise_08,val
11303,የአገልግሎቱ ችግር ከሐሙስ ጀምሮ ከአጋሬ ጋር እፈታለሁ።,Assertion,1,Assertion_00,train
11304,ክፍያው ተከፍሏል።,Assertion,1,Assertion_05,train
11305,እርግጥ ነው፣ ትዕዛዙ አሁን ተጠናቀቀ... በጣም ፈጣን!,Sarcasm/Irony,5,Sarcasm/Irony_01,train
11306,እርግጥ ነው፣ ክፍያው ተከፍሏል... በጣም ቀላል!,Sarcasm/Irony,5,Sarcasm/Irony_03,val
11307,አይደለም፣ ሪፖርቱን በቅርቡ ማጠናቀቅ አልችልም።,Refusal,2,Refusal_10,train
11308,እንዴት ነሽ?,Phatic,7,Phatic_05,train
11309,ትዕዛዙን ነገ ማታ አጠናቅቃለሁ።,Promise,8,Promise_02,train
11310,ጤና ይስጥልኝ፣ ስራ እንዴት ነው?,Phatic,7,Phatic_02,val
11311,እንደኔ ሀሳብ ሪፖርቱን በዚህ ሳምንት ማቅረብ ይሻላል።,Suggestion,3,Suggestion_07,val
11312,ማስጠንቀቂያ፣ ውሳኔውን በሚቀጥለው ሳምንት ካላሳወቅክ ችግር ይፈጥራል።,Warning,4,Warning_11,train
11313,ጤና ይስጥልኝ፣ ስራ እንዴት ነው?,Phatic,7,Phatic_02,train
11314,እባክሽ ኮንትራቱን ነገ አምጪልኝ።,Request,0,Request_01,val
11315,ይቅርታ፣ መረጃውን ማጋራት አልችልም።,Refusal,2,Refusal_08,train
11316,መጽሐፉ በሚቀጥለው ቀን አልደረሰኝም።,Complaint,6,Complaint_09,train
11317,ይቅርታ፣ ውሳኔውን በዚህ ወር ማሳወቅ አልችልም።,Refusal,2,Refusal_14,train
11318,ማስጠንቀቂያ፣ ውሳኔውን በሚቀጥለው ወር ካላሳወቅክ ችግር ይፈጥራል።,Warning,4,Warning_11,train
11319,ተጠንቀቅ፣ ቦታውን በቅርቡ ካላስያዝክ ይያዛል።,Warning,4,Warning_08,train
11320,ምናልባት ምግቡን በሚቀጥለው ቀን ማዘጋጀት ይሻላል።,Suggestion,3,Suggestion_12,val
11321,እርግጥ ነው፣ ክፍያው ተከፍሏል... በጣም ቀላል!,Sarcasm/Irony,5,Sarcasm/Irony_03,train
11322,እባክዎ ውሉን ለባልደረባዬ ነገ ጠዋት ይላኩልኝ።,Request,0,Request_02,val
11323,እባክሽ ቲኬቱን አሁን አምጪልኝ።,Request,0,Request_01,train
11324,ማስጠንቀቂያ፣ ትዕዛዙን በሚቀጥለው ሳምንት ካላጠናቀቅክ ቅጣት አለ።,Warning,4,Warning_01,train
11325,ምክሬ ቦታውን አሁን ማስያዝ ነው።,Suggestion,3,Suggestion_09,test
11326,እባክሽ ምግቡን በዚህ አመት አዘጋጅልኝ።,Request,0,Request_13,train
11327,ሪፖርቱን ዛሬ ጠዋት አቀርባለሁ።,Promise,8,Promise_05,test
11328,አዎ፣ ለአስተዳዳሪው ደውያለሁ... በጣም ቀላል!,Sarcasm/Irony,5,Sarcasm/Irony_14,train
11329,ማስጠንቀቂያ፣ ምግቡን በፍጥነት ካላዘጋጀህ ችግር ይፈጥራል።,Warning,4,Warning_09,train
11330,ማስጠንቀቂያ፣ ክፍያውን በቅርቡ ካላደረግክ አገልግሎት ይቋረጣል።,Warning,4,Warning_03,train
11331,አይ፣ መጽሐፉን ማበደር አልችልም።,Refusal,2,Refusal_13,train
11332,እርግጥ ነው፣ መረጃው ትክክል ነው... በጣም ግልጽ!,Sarcasm/Irony,5,Sarcasm/Irony_07,train
11333,የቦታው ሁኔታ ጥሩ ነው።,Assertion,1,Assertion_03,train
11334,እንደኔ ሀሳብ መልእክቱን አሁን መላክ ይሻላል።,Suggestion,3,Suggestion_01,train
11335,አዎ፣ መጽሐፉ ተመልሷል... በጣም ቀላል!,Sarcasm/Irony,5,Sarcasm/Irony_10,train
11336,እንዴት ነህ ጓደኛ?,Phatic,7,Phatic_12,test
11337,አዎ፣ ለቤተሰቤ ላክኩት... በጣም ጥሩ!,Sarcasm/Irony,5,Sarcasm/Irony_02,train
11338,እንደምን አደርክ?,Phatic,7,Phatic_03,val
11339,ምክሬ አገልግሎቱን አሁን ማረጋገጥ ነው።,Suggestion,3,Suggestion_03,train
11340,እርግጥ ነው፣ አገልግሎቱ ጥሩ ነው... በጣም ጥሩ!,Sarcasm/Irony,5,Sarcasm/Irony_13,train
11341,ክፍያው ነገ አልተከፈለም።,Complaint,6,Complaint_03,train
11342,አዎ፣ ስጦታው ደርሷል... በጣም ጥሩ!,Sarcasm/Irony,5,Sarcasm/Irony_06,train
11343,ውሳኔውን በዚህ አመት አሳውቃለሁ።,Promise,8,Promise_11,train
11344,ነጋዴው፣ ስራ በዩኒቨርሲቲ እንዴት ነው?,Phatic,7,Phatic_00,train
11345,እንደሚመስለኝ ስጦታውን በሚቀጥለው ሳምንት ማምጣት ይሻላል።,Suggestion,3,Suggestion_10,train
11346,ምናልባት ለአስተዳዳሪው መደወል ይሻላል።,Suggestion,3,Suggestion_06,train
11347,አዎ፣ ለጓደኛችን ላክኩት... በጣም ጥሩ!,Sarcasm/Irony,5,Sarcasm/Irony_02,train
11348,እርግጥ ነው፣ ትዕዛዙ በሚቀጥለው ወር ተጠናቀቀ... በጣም ፈጣን!,Sarcasm/Irony,5,Sarcasm/Irony_01,test
11349,ነጋዴው፣ ስራ በቤት እንዴት ነው?,Phatic,7,Phatic_00,train
11350,አዎ፣ መጽሐፉ ተመልሷል... በጣም ቀላል!,Sarcasm/Irony,5,Sarcasm/Irony_10,train
11351,የስራው ሁኔታ ጥሩ ነው።,Assertion,1,Assertion_03,train
11352,እባክዎ ውሳኔውን አሁን ይላኩልኝ።,Request,0,Request_04,train
11353,እባክዎ ክፍያውን ነገ ያረጋግጡልኝ።,Request,0,Request_08,train
11354,እባክዎ መረጃውን ዛሬ ጠዋት ይላኩልኝ።,Request,0,Request_07,train
11355,ክፍያው ነገ ጠዋት አልተከፈለም።,Complaint,6,Complaint_03,test
11356,እንደሚመስለኝ ትዕዛዙን ነገ ጠዋት ማጠናቀቅ ይሻላል።,Suggestion,3,Suggestion_04,train
11357,አዎ፣ ለወንድሜ ላክኩት... በጣም ጥሩ!,Sarcasm/Irony,5,Sarcasm/Irony_02,train
11358,ትዕዛዙን አሁን አጠናቅቃለሁ።,Promise,8,Promise_02,train
11359,ነጋዴው፣ ስራ እንዴት እየሄደ ነው?,Phatic,7,Phatic_14,train
11360,እንደኔ ሀሳብ መጽሐፉን ዛሬ ማታ ማንበብ ይሻላል።,Suggestion,3,Suggestion_13,train
11361,ምናልባት ለእናቴ መደወል ይሻላል።,Suggestion,3,Suggestion_06,train
11362,ተጠንቀቅ፣ ምግቡን በቅርቡ ካላደረግክ ችግር ይፈጥራል።,Warning,4,Warning_00,test
11363,የቲኬቱ ችግር ከባለፈው ሳምንት ጀምሮ አልተፈታም።,Complaint,6,Complaint_02,test
11364,ተጠንቀቅ፣ ውሉን አሁን ካልፈረምክ ህጋዊ ችግር ይፈጥራል።,Warning,4,Warning_04,val
11365,እባክዎ ሪፖርቱን ነገ ይላኩልኝ።,Request,0,Request_10,train
11366,ተጠንቀቅ፣ ስጦታውን ዛሬ ካላመጣህ ችግር ይፈጥራል።,Warning,4,Warning_06,test
11367,እባክሽ ደብዳቤውን በፍጥነት አምጪልኝ።,Request,0,Request_09,train
11368,ጤና ይስጥልኝ፣ ስራ እንዴት ነው?,Phatic,7,Phatic_02,train
11369,የውሉ ሁኔታ ጥሩ ነው።,Assertion,1,Assertion_03,val
11370,ይቅርታ፣ ትዕዛዙን ነገ ጠዋት መላክ አልችልም።,Refusal,2,Refusal_02,train
11371,እባክሽ ምግቡን በፍጥነት አዘጋጅልኝ።,Request,0,Request_13,train
11372,ስጦታው በዚህ አመት ደርሷል።,Assertion,1,Assertion_01,train
11373,ትዕዛዙ አሁን ተጠናቀቀ።,Assertion,1,Assertion_02,train
11374,አይደለም፣ ሪፖርቱን አሁን ማጠናቀቅ አልችልም።,Refusal,2,Refusal_10,train
11375,አልቻልኩም፣ ስጦታውን አሁን ማምጣት አልቻልኩም።,Refusal,2,Refusal_06,test
11376,ማስጠንቀቂያ፣ ውሳኔውን ነገ ማታ ካላሳወቅክ ችግር ይፈጥራል።,Warning,4,Warning_11,train
11377,ለፖሊሱ አሁን እደውላለሁ።,Promise,8,Promise_10,train
11378,ሰላም፣ ስራ በገበያ እንዴት ነው?,Phatic,7,Phatic_08,train
11379,ስጦታውን በዚህ አመት አደርሳለሁ።,Promise,8,Promise_01,test
11380,የስጦታው ጥራት ዝቅተኛ ነው።,Complaint,6,Complaint_11,test
11381,እባክዎ ሪፖርቱን በዚህ ሳምንት ይላኩልኝ።,Request,0,Request_10,train
11382,ይቅርታ፣ ለእናቴ መጥራት አልችልም።,Refusal,2,Refusal_11,test
11383,ሪፖርቱን በሚቀጥለው ወር አቀርባለሁ።,Promise,8,Promise_05,train
11384,ተጠንቀቅ፣ ለፖሊሱ ካልላክ ችግር ይፈጥራል።,Warning,4,Warning_02,train
11385,ማስጠንቀቂያ፣ መረጃውን ካላጋራህ ችግር ይፈጥራል።,Warning,4,Warning_07,train
11386,ስጦታውን ነገ አደርሳለሁ።,Promise,8,Promise_01,train
11387,ትዕዛዙ በሚቀጥለው ሳምንት ተጠናቀቀ።,Assertion,1,Assertion_02,train
11388,እንደምን አደርክ?,Phatic,7,Phatic_03,test
11389,ስራው አሁን ተጀምሯል።,Assertion,1,Assertion_13,test
11390,ይቅርታ፣ ለአባቴ መጥራት አልችልም።,Refusal,2,Refusal_11,test
11391,ምክሬ ሰነዱን አሁን ማረጋገጥ ነው።,Suggestion,3,Suggestion_03,test
11392,ፋይሉን ነገ ማታ አረጋግጣለሁ።,Promise,8,Promise_13,val
11393,ጤና ይስጥልኝ፣ ቤተሰብ እንዴት ናቸው?,Phatic,7,Phatic_06,train
11394,ትዕዛዙን በዚህ ሳምንት አጠናቅቃለሁ።,Promise,8,Promise_02,train
11395,ትዕዛዙን ነገ አጠናቅቃለሁ።,Promise,8,Promise_02,test
11396,ይቅርታ፣ ትዕዛዙን ዛሬ ጠዋት መላክ አልችልም።,Refusal,2,Refusal_02,val
11397,ክፍያውን ዛሬ አደርጋለሁ።,Promise,8,Promise_03,train
11398,እንደኔ ሀሳብ ውሉን በሚቀጥለው ወር መላክ ይሻላል።,Suggestion,3,Suggestion_01,val
11399,ማስጠንቀቂያ፣ ክፍያውን በዚህ ወር ካላረጋገጥክ ችግር ይፈጥራል።,Warning,4,Warning_13,train
11400,አዎ፣ ለቤተሰቤ ላክኩት... በጣም ጥሩ!,Sarcasm/Irony,5,Sarcasm/Irony_02,train
11401,ለእናቴ ዛሬ ማታ አልደወሉልኝም።,Complaint,6,Complaint_14,train
11402,መጽሐፉን በቅርቡ አመልሳለሁ።,Promise,8,Promise_09,train
11403,ለወንድሜ በቅርቡ አልደወሉልኝም።,Complaint,6,Complaint_14,train
11404,ነጋዴው፣ ስራ እንዴት እየሄደ ነው?,Phatic,7,Phatic_14,train
11405,ትዕዛዙ በዚህ ወር አልደረሰኝም።,Complaint,6,Complaint_01,train
11406,ሪፖርቱ ዛሬ አልቀረበም።,Complaint,6,Complaint_05,train
11407,ነጋዴው፣ ስራ እንዴት እየሄደ ነው?,Phatic,7,Phatic_14,train
11408,መጽሐፉን ነገ ጠዋት አመልሳለሁ።,Promise,8,Promise_09,train
11409,ተጠንቀቅ፣ ስጦታውን ዛሬ ማታ ካላመጣህ ችግር ይፈጥራል።,Warning,4,Warning_06,test
11410,አዎ፣ ስራው ተጠናቀቀ... በጣም ፈጣን!,Sarcasm/Irony,5,Sarcasm/Irony_12,val
11411,እባክሽ ምግቡን በሚቀጥለው ወር አዘጋጅልኝ።,Request,0,Request_13,train
11412,ክፍያውን በፍጥነት አደርጋለሁ።,Promise,8,Promise_03,train
11413,አዎ፣ ውሉ ተፈርሟል... በጣም ቀላል ነበር!,Sarcasm/Irony,5,Sarcasm/Irony_04,train
11414,ሪፖርቱን በፍጥነት አቀርባለሁ።,Promise,8,Promise_05,train
11415,እርግጥ ነው፣ ክፍያው ተከፍሏል... በጣም ቀላል!,Sarcasm/Irony,5,Sarcasm/Irony_03,train
11416,የስራው ችግር ከጠዋቱ ጀምሮ ከአባቴ ጋር እፈታለሁ።,Assertion,1,Assertion_00,train
11417,አይ፣ ክፍያውን አሁን ማድረግ አልችልም።,Refusal,2,Refusal_07,train
11418,ነጋዴው፣ ዛሬ እንዴት ነው?,Phatic,7,Phatic_07,train
11419,መረጃው ትክክል ነው።,Assertion,1,Assertion_04,train
11420,አይደለም፣ ሪፖርቱን በዚህ ሳምንት ማጠናቀቅ አልችልም።,Refusal,2,Refusal_10,train
11421,ቦታው ነገ ጠዋት አልተያዘም።,Complaint,6,Complaint_07,val
11422,ስራው በሚቀጥለው ቀን አልተጠናቀቀም።,Complaint,6,Complaint_12,train
11423,አዎ፣ መጽሐፉ ተመልሷል... በጣም ቀላል!,Sarcasm/Irony,5,Sarcasm/Irony_10,train
11424,ይቅርታ፣ ትዕዛዙን በቅርቡ መላክ አልችልም።,Refusal,2,Refusal_02,train
11425,እባክዎ ኮንትራቱን ዛሬ ይላኩልኝ።,Request,0,Request_00,train
11426,አይ፣ ክፍያውን አሁን ማድረግ አልችልም።,Refusal,2,Refusal_07,test
11427,ሪፖርቱ በሚቀጥለው ወር አልቀረበም።,Complaint,6,Complaint_05,train
11428,ቦታው ነገ አልተያዘም።,Complaint,6,Complaint_07,train
11429,እንደምን አደረሽ?,Phatic,7,Phatic_09,val
11430,እባክዎ ሪፖርቱን አሁን ይላኩልኝ።,Request,0,Request_10,test
11431,አዎ፣ ስጦታው ደርሷል... በጣም ጥሩ!,Sarcasm/Irony,5,Sarcasm/Irony_06,train
11432,እርግጥ ነው፣ ውሳኔው ትክክል ነው... በጣም ጥሩ!,Sarcasm/Irony,5,Sarcasm/Irony_11,train
11433,የአገልግሎቱ ችግርን በሚቀጥለው ወር እፈታለሁ።,Promise,8,Promise_14,train
11434,እንዴት ነህ ጓደኛ?,Phatic,7,Phatic_12,train
11435,ስጦታው ገና ወደ ገበያ በሚቀጥለው ቀን አልደረሰኝም።,Complaint,6,Complaint_00,train
11436,አዎ፣ ስጦታው ደርሷል... በጣም ጥሩ!,Sarcasm/Irony,5,Sarcasm/Irony_06,train
11437,እርግጥ ነው፣ ውሳኔው ትክክል ነው... በጣም ጥሩ!,Sarcasm/Irony,5,Sarcasm/Irony_11,train
11438,ሰላም፣ ስራ በትምህርት ቤት እንዴት ነው?,Phatic,7,Phatic_08,test
11439,አዎ፣ መጽሐፉ ተመልሷል... በጣም ቀላል!,Sarcasm/Irony,5,Sarcasm/Irony_10,train
11440,እንደኔ ሀሳብ መረጃውን ዛሬ መላክ ይሻላል።,Suggestion,3,Suggestion_01,train
11441,ሰላም ነው?,Phatic,7,Phatic_04,val
11442,አልቻልኩም፣ ስጦታውን በሚቀጥለው ወር ማምጣት አልቻልኩም።,Refusal,2,Refusal_06,train
11443,እባክዎ መልእክቱን አሁን ይላኩልኝ።,Request,0,Request_00,train
11444,ምናልባት ምግቡን በሚቀጥለው ቀን ማዘጋጀት ይሻላል።,Suggestion,3,Suggestion_12,test
11445,ውሉ በዚህ ወር ተፈርሟል።,Assertion,1,Assertion_07,train
11446,ስጦታው ዛሬ ደርሷል።,Assertion,1,Assertion_01,val
11447,ለባልደረባዬ ነገ እደውላለሁ።,Promise,8,Promise_10,train
11448,ውሉ በቅርቡ ተፈርሟል።,Assertion,1,Assertion_07,train
11449,የኮንትራቱ ጥራት ከፍተኛ ነው።,Assertion,1,Assertion_14,train
11450,ውሳኔው በሚቀጥለው ሳምንት አልተሰጠም።,Complaint,6,Complaint_13,val
11451,ትዕዛዙን በቅርቡ አጠናቅቃለሁ።,Promise,8,Promise_02,val
11452,ክፍያውን አሁን አደርጋለሁ።,Promise,8,Promise_03,train
11453,እባክዎ ሪፖርቱን አሁን ይላኩልኝ።,Request,0,Request_10,train
11454,እባክዎ ስራውን አሁን ይላኩልኝ።,Request,0,Request_04,train
11455,ትዕዛዙን ነገ ማታ አጠናቅቃለሁ።,Promise,8,Promise_02,test
11456,አይ፣ መጽሐፉን ማበደር አልችልም።,Refusal,2,Refusal_13,train
11457,አዎ፣ መጽሐፉ ተመልሷል... በጣም ቀላል!,Sarcasm/Irony,5,Sarcasm/Irony_10,train
11458,አይደለም፣ ውሉን በዚህ አመት ማረጋገጥ አልችልም።,Refusal,2,Refusal_04,train
11459,ምናልባት ሪፖርቱን በዚህ አመት ማድረግ ይሻላል።,Suggestion,3,Suggestion_00,train
11460,እባክዎ ቦታውን ዛሬ ያስይዙልኝ።,Request,0,Request_12,test
11461,መጽሐፉ ነገ ደረሰ።,Assertion,1,Assertion_11,train
11462,እባክዎ ክፍያውን በሚቀጥለው ወር ያረጋግጡልኝ።,Request,0,Request_08,train
11463,የክፍያው ችግር ከዛሬ ጀምሮ አልተፈታም።,Complaint,6,Complaint_02,train
11464,እባክዎ መረጃውን ለደንበኛው በዚህ ሳምንት ይላኩልኝ።,Request,0,Request_11,train
11465,አይ፣ መጽሐፉን ማበደር አልችልም።,Refusal,2,Refusal_13,train
11466,ማስጠንቀቂያ፣ ውሳኔውን በቅርቡ ካላሳወቅክ ችግር ይፈጥራል።,Warning,4,Warning_11,train
11467,ቦታው አሁን አልተያዘም።,Complaint,6,Complaint_07,train
11468,እንደምን አደረሽ?,Phatic,7,Phatic_09,train
11469,አዎ፣ ስጦታው ደርሷል... በጣም ጥሩ!,Sarcasm/Irony,5,Sarcasm/Irony_06,train
11470,ማስጠንቀቂያ፣ ምግቡን በፍጥነት ካላዘጋጀህ ችግር ይፈጥራል።,Warning,4,Warning_09,val
11471,ጤና ይስጥልኝ፣ ቤተሰብ እንዴት ናቸው?,Phatic,7,Phatic_06,val
11472,አልችልም፣ ሰነዱን በፍጥነት ማድረስ አልቻልኩም።,Refusal,2,Refusal_00,test
11473,ሰላም፣ እንዴት ነህ?,Phatic,7,Phatic_01,val
11474,ማስጠንቀቂያ፣ ምግቡን በፍጥነት ካላዘጋጀህ ችግር ይፈጥራል።,Warning,4,Warning_09,val
11475,እንዴት ነሽ?,Phatic,7,Phatic_05,train
