id,label_id,label,sentence
1,7,Suggestion,ማንም ምክር ቢጠቀም ይሻላል።
2,5,Request,እናቶች ሀሳብ ማግኘት ይችላል?
3,0,Assertion,በሰዓት ብዙ ሰዎች መንገድ ያመጣል።
4,0,Assertion,ጎረቤቴ ይቻላል ብዙ ጊዜ።
5,5,Request,እባክህ ሰላም ስጠኝ።
6,5,Request,ባለሙያው ዕድል ማግኘት ይችላል?
7,0,Assertion,ሴቶች መፍትሄ ደህንነቱ የተጠበቀ ይታያል።
8,8,Warning,ሁሉም ስራ አትንካ።
9,1,Complaint,እንግዶች ከ ችግር ጋር ችግር አለው።
10,5,Request,ሰራተኛው ክፍያ ማግኘት ይችላል?
11,8,Warning,ተጠንቀቅ! ክፍያ ደስ የሚል ነው።
12,1,Complaint,አባቴ ከ ክፍያ ጋር ችግር አለው።
13,5,Request,ባለሙያው ነገ ትመጣለች ብሎ ቃል ገብቷል።
14,7,Suggestion,ጎረቤቴ ሙያ ቢያደርግ ይሻላል።
15,6,Sarcasm/Irony,ሁሉም ሰው ውሳኔ ይወዳል... (በአስቂኝ)።
16,3,Promise,በማለዳ እነሱ መጽሔት ያመጣል።
17,8,Warning,ተጠንቀቅ! ቅጣት ደህንነቱ የተጠበቀ ነው።
18,2,Phatic,ጤናማ ቀን ይሁንልህ ከ ገበያ።
19,0,Assertion,ይህ ዜና ከባድ መሆኑን እረጋገጣለሁ።
20,6,Sarcasm/Irony,እንዴት ያለ ቀላል ሀሳብ ነው! (በሳቅ)።
21,4,Refusal,እህቶች ስብሰባ አይፈልግም።
22,6,Sarcasm/Irony,አዎ ሰራተኞች በጣም ፈጣን ነው... (በቀልድ)።
23,0,Assertion,አባቴ ብር አለው።
24,0,Assertion,እውነቱን ለመናገር ድርጊት ደስ የሚል ነው።
25,8,Warning,ተጠንቀቅ! ድል አደገኛ ነው።
26,1,Complaint,ሁልጊዜ ውሳኔ ይጎድላል።
27,0,Assertion,እኔ መረጃ እንድታደርግ እመክራለሁ።
28,8,Warning,ተጠንቀቅ! ምግብ ቀላል ነው።
29,3,Promise,በቅርቡ ታካሚዎች ፕሮጀክት ያመጣል።
30,0,Assertion,አለቃዬ ናቸው ብዙ ጊዜ።
31,6,Sarcasm/Irony,ባለሙያው ሁልጊዜ ትክክል ነው... (በሳቅ)።
32,8,Warning,ተጠንቀቅ፣ ባለሙያው ይመጣል።
33,5,Request,እባክህ ውሃ አስረዳኝ።
34,3,Promise,ሐኪሙ ሰላም አይፈልግም።
35,3,Promise,ይህን ክፍያ እጠብቃለሁ።
36,7,Suggestion,እኔ እቅድ እንድታደርግ እመክራለሁ።
37,3,Promise,ይህ ኮምፒውተር አዲስ መሆኑን እረጋገጣለሁ።
38,6,Sarcasm/Irony,ተማሪዎች ሁልጊዜ በጊዜው ይመጣል... (በቀልድ)።
39,3,Promise,አንዳንድ ሰዎች ከ ዜና ጋር ችግር አለው።
40,0,Assertion,በቅርቡ ልጄ ቤተ ክርስቲያን ነበር።
41,3,Promise,በወር እህቴ ትምህርት ያመጣል።
42,8,Warning,ተጠንቀቅ! ቁልፍ ትልቅ ነው።
43,6,Sarcasm/Irony,እኔ በጣም ታማኝ ነው፣ አይዋሽም... (በተቃራኒ)።
44,8,Warning,ሹፌሩ ሆቴል አይፈልግም።
45,4,Refusal,ልጄ ክፍያ አይፈልግም።
46,0,Assertion,አንተ በጊዜው መስሪያ ቤት ይገኛል።
47,3,Promise,እኔ ሽልማት አላረሳም።
48,8,Warning,እህቴ እርዳታ ማግኘት ይችላል?
49,8,Warning,ተጠንቀቅ! ጊዜ ውድ ነው።
50,6,Sarcasm/Irony,እንዴት ወንዶች በጣም ፈጣን ነው! (በአስቂኝ)።
51,4,Refusal,ሐኪሙ መረጃ አይፈልግም።
52,7,Suggestion,ማንም ደስታ ቢያደርግ ይሻላል።
53,8,Warning,ተጠንቀቅ! ሆቴል ያሳዝናል ነው።
54,6,Sarcasm/Irony,ተጠንቀቅ፣ አዛውንቶች ይመጣል።
55,6,Sarcasm/Irony,አዎ፣ ወረቀት በጣም አስፈላጊ ነው... (በተቃራኒ)።
56,6,Sarcasm/Irony,እንዴት ፕሮጀክት በጣም ቀላል ነው! (በተቃራኒ)።
57,4,Refusal,ባለሙያው ምግብ አይፈልግም።
58,2,Phatic,በጣም ደስ ብሎኛል በቀን ወንድሞች።
59,3,Promise,በሰዓት ወንድሞች ገንዘብ ያመጣል።
60,7,Suggestion,ጎረቤቴ መፍትሄ ማግኘት ይችላል?
61,8,Warning,ሴቶች ቦታ አትንካ።
62,7,Suggestion,ባለቤቴ ደብዳቤ ቢያደርግ ይሻላል።
63,4,Refusal,ይህን ክፍያ ማድረግ አልችልም።
64,2,Phatic,ደህና እንደምትሆኚ ከ ሐረር ተስፋ አደርጋለሁ።
65,8,Warning,ተጠንቀቅ! እረፍት ጥሩ ነው።
66,5,Request,አንድ ሰው ደብዳቤ ማግኘት ይችላል?
67,8,Warning,ይህ ዜና አደገኛ ነው።
68,2,Phatic,እንዴት ነው ስራህ በማለዳ?
69,6,Sarcasm/Irony,አዎ፣ ታካሚዎች በጣም ብልህ ነው... (በተቃራኒ)።
70,4,Refusal,ነጋዴዎች ዕረፍት አይፈልግም።
71,6,Sarcasm/Irony,እርግጥ፣ ድል በጣም ውድ ነው... (በአስቂኝ)።
72,4,Refusal,እንግዶች ስራ አይፈልግም።
73,7,Suggestion,ዳኛው ጉዞ ቢጠቀም ይሻላል።
74,2,Phatic,በሰላም እንገናኝ በፍጥነት።
75,7,Suggestion,እንደእኔ አስተያየት ጉዞ መቀየር ይሻላል።
76,8,Warning,ተጠንቀቅ! ጉዞ ንጹህ ነው።
77,4,Refusal,ወንድሜ ጨዋታ አይፈልግም።
78,4,Refusal,እኔ ሰላም አልቀበልም።
79,2,Phatic,ጤና ይስጥልኝ ብዙ ሰዎች ከ ቢሮ።
80,4,Refusal,ተማሪዎች መንገድ አይፈልግም።
81,4,Refusal,አንቺ መጽሐፍ አይፈልግም።
82,5,Request,ልጄ ኮምፒውተር ማግኘት ይችላል?
83,1,Complaint,ለምን አዛውንቶች ዜና አልሰጠኝም?
84,5,Request,ይህን ምክር ማየት እችላለሁ?
85,2,Phatic,በጣም ደስ ብሎኛል ስለተገናኘን ጓደኞች።
86,1,Complaint,ለምን ጓደኞች ውሃ አልሰጠኝም?
87,5,Request,እባክዎ ድል ይላኩልኝ።
88,3,Promise,ትናንት ተማሪው ገንዘብ ታመጣለች።
89,7,Suggestion,ወጣቶች ሀሳብ ቢያደርግ ይሻላል።
90,6,Sarcasm/Irony,እንዴት ያሳዝናል ጉብኝት ነው! (በቀልድ)።
91,5,Request,ልጄ ድልድይ ማግኘት ይችላል?
92,4,Refusal,ነጋዴዎች ስብሰባ አይፈልግም።
93,0,Assertion,እውነቱን ለመናገር ዕድል መጥፎ ነው።
94,7,Suggestion,ምናልባት አስቸጋሪ መድሃኒት መግዛት?
95,6,Sarcasm/Irony,በጣም ጥሩ ነው፣ ምንም አደጋ የለም... (በሳቅ)።
96,6,Sarcasm/Irony,አዎ፣ ጉዞ በጣም ጥሩ ጥራት አለው... (በአስቂኝ)።
97,3,Promise,እኔ ጨዋታ አላረሳም።
98,8,Warning,እናቴ እድል አትንካ።
99,7,Suggestion,ምናልባት ቀላል ሆቴል መግዛት?
100,5,Request,ደንበኞች ቦታ ማግኘት ይችላል?
101,8,Warning,ተጠንቀቅ! ስብሰባ ደህንነቱ የተጠበቀ ነው።
102,1,Complaint,ለምን ትምህርት እንዲህ ጥሩ ነው?
103,5,Request,ፖሊሱ ስልጠና ማግኘት ይችላል?
104,6,Sarcasm/Irony,አዎ፣ ሆቴል በጣም ጥሩ ጥራት አለው... (በአስቂኝ)።
105,8,Warning,ደንበኞች ጉብኝት አትንካ።
106,4,Refusal,አንድ ሰው ድርጊት አይፈልግም።
107,3,Promise,እኔ እርዳታ እሰጥሃለሁ።
108,1,Complaint,ለምን ሀሳብ እንዲህ አዲስ ነው?
109,3,Promise,ይህን ምግብ እጠብቃለሁ።
110,1,Complaint,ክፍያ አልሰራም፣ ችግር አለ።
111,5,Request,እባክዎ ምግብ ይላኩልኝ።
112,5,Request,ፖሊሱ ድርጊት ማግኘት ይችላል?
113,5,Request,ሴቶች መጽሐፍ ማግኘት ይችላል?
114,3,Promise,ሰራተኞች በቀን ይመጣል ብሎ ቃል ገብቷል።
115,5,Request,እባክዎ ምግብ ቤት ይላኩልኝ።
116,3,Promise,በማለዳ እናቶች ቅጣት ያመጣል።
117,1,Complaint,እህቴ ከ ሙዚቃ ጋር ችግር አለው።
118,4,Refusal,አንዳንድ ሰዎች ፕሮጀክት አይፈልግም።
119,0,Assertion,ተማሪው ነገ መቀሌ ይገኛል።
120,8,Warning,ተጠንቀቅ! ፕሮጀክት ቀላል ነው።
121,0,Assertion,እውነቱን ለመናገር እረፍት ውድ ነው።
122,0,Assertion,እናቴ በወር ፓርክ ይገኛል።
123,2,Phatic,በደህና ሂጂ ሴቶች።
124,4,Refusal,አንቺ ድርጊት አይፈልግም።
125,0,Assertion,ሐኪሙ ድርጊት ጥሩ አሉ።
126,0,Assertion,በሳምንት መምህራን አዋሳ ነበር።
127,3,Promise,በሰዓት አንዳንድ ሰዎች ፕሮጀክት ያመጣል።
128,0,Assertion,አዛውንቱ በቀን ሐረር ይገኛል።
129,0,Assertion,በቀን አዛውንቱ ቢሮ ነበር።
130,7,Suggestion,ማንም ሀሳብ ቢያደርግ ይሻላል።
131,6,Sarcasm/Irony,ሰራተኛው ሁልጊዜ ይረዳል... (በቀልድ)።
132,7,Suggestion,ምናልባት ርካሽ ድርጊት መግዛት?
133,3,Promise,ትናንት እናቴ ዕረፍት ያመጣል።
134,5,Request,ብዙ ሰዎች ምግብ ቤት ማግኘት ይችላል?
135,2,Phatic,መልካም ምሽት ከ አዋሳ።
136,0,Assertion,አባቶች ምግብ ቤት ርካሽ ናት።
137,0,Assertion,ሰራተኛው አሁን ቤት ይገኛል።
138,4,Refusal,ሁሉም ዜና አይፈልግም።
139,8,Warning,ሁሉም ንግግር አትንካ።
140,8,Warning,ይህን ምግብ አታድርግ።
141,5,Request,እባክዎ ሰላም ያድርጉልኝ።
142,6,Sarcasm/Irony,አዎ፣ እነሱ በጣም ብልህ ነው... (በተቃራኒ)።
143,7,Suggestion,ሁሉም ዕረፍት ቢጠቀም ይሻላል።
144,0,Assertion,ወንድሜ ሙያ አለው።
145,6,Sarcasm/Irony,እንዴት ያለ ዘገይተኛ ሀሳብ ነው! (በሳቅ)።
146,8,Warning,ተጠንቀቅ! ዕረፍት አዲስ ነው።
147,3,Promise,አሁን አንዳንድ ሰዎች ጨዋታ ያመጣል።
148,3,Promise,ሴቶች ዛሬ ትመጣለች ብሎ ቃል ገብቷል።
149,5,Request,አባቶች መጽሔት ማግኘት ይችላል?
150,3,Promise,ማንም በወር ይመጣል ብሎ ቃል ገብቷል።
151,3,Promise,ዛሬ ነጋዴዎች ህንፃ ታመጣለች።
152,7,Suggestion,ይህን ጉብኝት መሞከር ጥሩ ነው።
153,4,Refusal,እሷ መፍትሄ አይፈልግም።
154,5,Request,እባክዎ ዕድል ይላኩልኝ።
155,4,Refusal,ሰራተኛው ሆቴል አይፈልግም።
156,8,Warning,ተጠንቀቅ! ጨዋታ ጥሩ ነው።
157,6,Sarcasm/Irony,እንዴት እሷ በጣም ፈጣን ነው! (በአስቂኝ)።
158,5,Request,አስተናጋጁ ድርጊት ማግኘት ይችላል?
159,5,Request,አንቺ መኪና ማግኘት ይችላል?
160,2,Phatic,እንደገና እንገናኝ ከዚህ በፊት ከ አዋሳ።
161,0,Assertion,እውነቱን ለመናገር ስራ አሮጌ ነው።
162,8,Warning,ተማሪዎች ድርጊት አትንካ።
163,7,Suggestion,ወንድሜ ውሃ ቢያደርግ ይሻላል።
164,2,Phatic,ደህና ቀን ይሁንልሽ ከ አዲስ አበባ።
165,5,Request,እባክህ እርዳታ አስረዳኝ።
166,3,Promise,ይህን ገንዘብ እጠብቃለሁ።
167,1,Complaint,በወር አስተናጋጁ ኮምፒውተር አላገኘም።
168,6,Sarcasm/Irony,እንዴት ያለ ፍጹም እቅድ ነው! (በሳቅ)።
169,8,Warning,አደጋ አለ! ጉዞ ተጠንቀቅ።
170,2,Phatic,እግዚአብሔር ይጠብቅሽ ከ ትምህርት ቤት።
171,6,Sarcasm/Irony,መረጃ በጣም ውድ ነው፣ ግን ዋጋው አለው... (በቀልድ)።
172,7,Suggestion,አባቶች ድል ቢጠቀም ይሻላል።
173,0,Assertion,እውነቱን ለመናገር ፊልም ውድ ነው።
174,1,Complaint,በማለዳ ደንበኞች ሽልማት አላገኘም።
175,1,Complaint,ሰራተኞች ስለ ጊዜ ቅሬታ አለው።
176,0,Assertion,መንገድ መጥፎ ነው።
177,4,Refusal,እንግዶች ጊዜ አይፈልግም።
178,4,Refusal,ሆቴል አልፈልግም፣ አመሰግናለሁ።
179,8,Warning,እንግዶች አገልግሎት አትንካ።
180,1,Complaint,ይህ እድል በጣም ፈጣን ነው፣ አልወድም።
181,4,Refusal,ውሃ አልፈልግም፣ አመሰግናለሁ።
182,3,Promise,እኔ ጉብኝት እሰጥሻለሁ።
183,6,Sarcasm/Irony,ሹፌሩ በጣም ብልህ ነው፣ አልሳሳም... (በአስቂኝ)።
184,0,Assertion,ሐኪሞች አሁን ባንክ ይገኛል።
185,4,Refusal,አሁን በጊዜው አይሆንም።
186,2,Phatic,እንዴት ነው ስራሽ እናቶች?
187,7,Suggestion,እንደእኔ አስተያየት ጉብኝት መቀየር ይሻላል።
188,5,Request,እባክህ በወር ና።
189,3,Promise,አለቆች በማታ ይመጣል ብሎ ቃል ገብቷል።
190,4,Refusal,ይህን ወረቀት ማድረግ አልችልም።
191,1,Complaint,በማለዳ ሰራተኛው መፍትሄ አላገኘም።
192,3,Promise,እኔ ድል አላረሳም።
193,1,Complaint,ብዙ ሰዎች እርዳታ ስለ ትልቅ መሆኑ ያማርራል።
194,5,Request,አንተ ኮንትራት ማግኘት ይችላል?
195,0,Assertion,እናንተ ይቻላል ብዙ ጊዜ።
196,1,Complaint,ሙያ አልሰራም፣ ችግር አለ።
197,2,Phatic,እንዴት ነው ጤንነትህ ገበሬዎች?
198,7,Suggestion,አስተማሪው እቅድ ቢያደርግ ይሻላል።
199,4,Refusal,ታካሚዎች ስብሰባ አይፈልግም።
200,3,Promise,በቀን ጓደኛዬ ጤና ታመጣለች።
201,2,Phatic,እግዚአብሔር ይባርክህ ማንም።
202,1,Complaint,ለምን አንድ ሰው ኮምፒውተር አልሰጠኝም?
203,2,Phatic,ሰላምታዬን ለቤተሰብሽ አቀርባለሁ አንቺ።
204,3,Promise,ወጣቶች በማለዳ ትመጣለች ብሎ ቃል ገብቷል።
205,7,Suggestion,ምናልባት አስፈላጊ መጽሔት መግዛት?
206,6,Sarcasm/Irony,እንዴት ያለ ጥሩ ፊልም ነው! (በተቃራኒ)።
207,2,Phatic,እንኳን ለበዓሉ አደረሰ ወንድሞች።
208,1,Complaint,ይህ ፈቃድ በጣም አዲስ ነው፣ አልወድም።
209,7,Suggestion,ደንበኞች ቁልፍ ቢጠቀም ይሻላል።
210,6,Sarcasm/Irony,አዎ፣ ምክር በጣም አስፈላጊ ነው ለሁሉም... (በተቃራኒ)።
211,5,Request,ልጆች ድል ማግኘት ይችላል?
212,0,Assertion,ችግር በጣም አስደሳች ነው።
213,0,Assertion,ይህ ገንዘብ አዲስ መሆኑን እረጋገጣለሁ።
214,7,Suggestion,ነጋዴዎች መድሃኒት ቢጠቀም ይሻላል።
215,5,Request,ከፈቀድሽ ንግግር ውሰድ።
216,3,Promise,እኔ ሙያ አላረሳም።
217,8,Warning,አለቆች ዕረፍት አትንካ።
218,2,Phatic,ጤና ይስጥልኝ እሱ።
219,4,Refusal,ነጋዴዎች ሙዚቃ አይፈልግም።
220,5,Request,ታካሚዎች ዕረፍት ማግኘት ይችላል?
221,7,Suggestion,ልጄ ህንፃ ቢጠቀም ይሻላል።
222,7,Suggestion,ምናልባት አዲስ እቅድ መግዛት?
223,0,Assertion,ይህ እድል ንጹህ መሆኑን እረጋገጣለሁ።
224,7,Suggestion,ጓደኞች ፕሮጀክት ቢጠቀም ይሻላል።
225,0,Assertion,ልጆች አሁን ቤተ ክርስቲያን ይገኛል።
226,4,Refusal,እኔ ብር አልቀበልም።
227,5,Request,አንዳንድ ሰዎች ምግብ ቤት ማግኘት ይችላል?
228,3,Promise,ከዚህ በኋላ አዛውንቱ ውሳኔ ያመጣል።
229,3,Promise,አንዳንድ ሰዎች ከዚህ በፊት ይመጣል ብሎ ቃል ገብቷል።
230,1,Complaint,ስልክ አልሰራም፣ ችግር አለ።
231,6,Sarcasm/Irony,እርግጥ፣ ቤት በጣም ቆንጆ ነው... (በሳቅ)።
232,7,Suggestion,አስተናጋጁ ችግር ቢጠቀም ይሻላል።
233,7,Suggestion,ልጄ ቅጣት ቢጠቀም ይሻላል።
234,6,Sarcasm/Irony,እርግጥ፣ ሁሉም ነገር በጊዜው ይጠናቀቃል... (በቀልድ)።
235,3,Promise,እህቶች በቀን ትመጣለች ብሎ ቃል ገብቷል።
236,3,Promise,በማለዳ ወጣቱ ሀሳብ ያመጣል።
237,1,Complaint,እህቶች ስለ እቅድ ቅሬታ አለው።
238,1,Complaint,አንተ ከ ዜና ጋር ችግር አለው።
239,6,Sarcasm/Irony,ወጣቱ በጣም ታማኝ ነው፣ አይዋሽም... (በተቃራኒ)።
240,1,Complaint,ሰራተኛው ከ ጉዞ ጋር ችግር አለው።
241,3,Promise,በጊዜው ደንበኞች ብር ያመጣል።
242,4,Refusal,አይ፣ ስራ አልችልም።
243,5,Request,እሷ ቤት ማግኘት ይችላል?
244,8,Warning,ተጠንቀቅ! ኮምፒውተር ርካሽ ነው።
245,0,Assertion,መጽሐፍ በጣም ውድ ነው።
246,4,Refusal,አሁን በማታ አይሆንም።
247,4,Refusal,ሰራተኞች ዕድል አይፈልግም።
248,5,Request,ሐኪሞች ዜና ማግኘት ይችላል?
249,1,Complaint,ለምን እሱ ንግግር አልሰጠኝም?
250,5,Request,አባቶች ገንዘብ ማግኘት ይችላል?
251,3,Promise,በእርግጥ ቅጣት አደርጋለሁ።
252,6,Sarcasm/Irony,እንዴት ወጣቱ በጣም ፈጣን ነው! (በአስቂኝ)።
253,4,Refusal,ይቅርታ፣ ስልክ አልሰጥም።
254,6,Sarcasm/Irony,እርግጥ ነው፣ ዛሬ ሁሉም ይሳካል... (በተቃራኒ)።
255,2,Phatic,ሰላም ማንም፣ ምን ሰራሽ?
256,3,Promise,እኔ ቦታ እሰጥሻለሁ።
257,1,Complaint,ለምን ምግብ ቤት እንዲህ ትንሽ ነው?
258,3,Promise,ይህን ውሳኔ እጠብቃለሁ።
259,2,Phatic,እግዚአብሔር ይጠብቅሽ ከ አዋሳ።
260,8,Warning,አስተናጋጁ ስብሰባ አትንካ።
261,0,Assertion,ማንም ስብሰባ አለው።
262,6,Sarcasm/Irony,ወዳጄ በጣም ታማኝ ነው፣ አይዋሽም... (በተቃራኒ)።
263,5,Request,አዛውንቱ እርዳታ ማግኘት ይችላል?
264,2,Phatic,መልካም ሳምንት ሐኪሙ።
265,5,Request,ወጣቱ ስልክ ማግኘት ይችላል?
266,5,Request,እባክህ እረፍት አስረዳኝ።
267,2,Phatic,ምን አዲስ ነገር አለ በጊዜው መምህራን?
268,7,Suggestion,አባቶች ውሃ ቢያደርግ ይሻላል።
269,7,Suggestion,አንዳንድ ሰዎች ጊዜ ቢጠቀም ይሻላል።
270,5,Request,እባክሽ ኮምፒውተር ስጠኝ።
271,2,Phatic,ሰላምታዬን ለቤተሰብህ አቀርባለሁ ገበሬዎች።
272,1,Complaint,በሳምንት ሁሉም ሙዚቃ አላገኘም።
273,8,Warning,ተጠንቀቅ! ጤና አደገኛ ነው።
274,4,Refusal,ታካሚዎች ደብዳቤ አይፈልግም።
275,1,Complaint,ሰራተኛው ስለ ስልክ ቅሬታ አለው።
276,5,Request,እናቶች ሽልማት ማግኘት ይችላል?
277,5,Request,አስተናጋጁ ኮንትራት ማግኘት ይችላል?
278,7,Suggestion,ማንም ንግግር ቢጠቀም ይሻላል።
279,8,Warning,ሐኪሙ ስብሰባ አትንካ።
280,2,Phatic,እንኳን ደህና ኑር ከ ባንክ።
281,2,Phatic,ጤናማ ቀን ይሁንልሽ ጎረቤቴ።
282,1,Complaint,ቁልፍ አልሰራም፣ ችግር አለ።
283,8,Warning,ተጠንቀቅ! መረጃ አስፈላጊ ነው።
284,7,Suggestion,ወንድሜ ህንፃ ቢያደርግ ይሻላል።
285,7,Suggestion,ምናልባት አስቸጋሪ ፕሮጀክት መግዛት?
286,6,Sarcasm/Irony,እርግጥ ነው፣ ቦታ በጣም ውድ ነው... (በቀልድ)።
287,7,Suggestion,ሐኪሙ ምክር ቢያደርግ ይሻላል።
288,6,Sarcasm/Irony,አዎ፣ ይህ ዕረፍት በጣም ጠቃሚ ነው... (በሳቅ)።
289,5,Request,አንድ ሰው ስልጠና ማግኘት ይችላል?
290,7,Suggestion,ምናልባት አስፈላጊ ሆቴል መግዛት?
291,6,Sarcasm/Irony,በጣም አስፈላጊ ነው፣ ምንም አደጋ የለም... (በሳቅ)።
292,3,Promise,ዛሬ ተማሪዎች ቤት ታመጣለች።
293,5,Request,እናንተ ጨዋታ ማግኘት ይችላል?
294,5,Request,ወንድሞች መንገድ ማግኘት ይችላል?
295,8,Warning,ተጠንቀቅ! መድሃኒት ዘገይተኛ ነው።
296,1,Complaint,አባቶች ጉብኝት ስለ አስደሳች መሆኑ ያማርራል።
297,1,Complaint,ለምን ሁሉም እረፍት አልሰጠኝም?
298,0,Assertion,እርዳታ ንጹህ ነው።
299,2,Phatic,በደህና ሂጂ አዛውንቶች።
300,4,Refusal,እኔ አገልግሎት አልቀበልም።
301,3,Promise,በማታ አባቶች ስብሰባ ታመጣለች።
302,3,Promise,እኔ ጉዞ እሰጥሃለሁ።
303,6,Sarcasm/Irony,እንዴት አደገኛ ነው! (በአስቂኝ መንገድ)።
304,1,Complaint,እድል አልሰራም፣ ችግር አለ።
305,7,Suggestion,እንዴት ቢሆን ቤተ ክርስቲያን ብንሄድ?
306,4,Refusal,ደንበኞች ዕረፍት አይፈልግም።
307,7,Suggestion,ምናልባት ዘገይተኛ ጤና መግዛት?
308,1,Complaint,በቅርቡ አንተ መጽሔት አላገኘም።
309,5,Request,ባለሙያው ቦታ ማግኘት ይችላል?
310,4,Refusal,ወጣቶች መጽሔት አይፈልግም።
311,5,Request,አስተናጋጁ ጉብኝት ማግኘት ይችላል?
312,2,Phatic,ጤና ይስጥልኝ በቅርቡ ወጣቶች።
313,5,Request,እባክዎ ችግር ያድርጉልኝ።
314,8,Warning,ወንድሞች ደስታ አትንካ።
315,6,Sarcasm/Irony,አዎ፣ መኪና በጣም አስፈላጊ ነው... (በተቃራኒ)።
316,7,Suggestion,እንዴት ቢሆን ባንክ ብንሄድ?
317,1,Complaint,ይህ መጽሐፍ በጣም ዘገይተኛ ነው፣ አልወድም።
318,7,Suggestion,ጓደኞች ክፍያ ቢያደርግ ይሻላል።
319,4,Refusal,ይቅርታ፣ ውሃ አልሰጥም።
320,7,Suggestion,ሁሉም ንግግር ቢያደርግ ይሻላል።
321,8,Warning,ተጠንቀቅ! አገልግሎት ርካሽ ነው።
322,0,Assertion,ባለቤቴ ነው ብዙ ጊዜ።
323,4,Refusal,አስተናጋጁ መጽሔት አይፈልግም።
324,7,Suggestion,እኔ ዜና እንድታደርግ እመክራለሁ።
325,5,Request,እባክሽ ኮንትራት ስጠኝ።
326,3,Promise,በጊዜው ሴቶች ሽልማት ያመጣል።
327,2,Phatic,መልካም ሳምንት ከ ሐረር ወንዶች።
328,0,Assertion,ሐኪሞች ናት ብዙ ጊዜ።
329,8,Warning,ተጠንቀቅ! ውሃ ቀላል ነው።
330,4,Refusal,ወንዶች መኪና አይፈልግም።
331,1,Complaint,በማለዳ ጎረቤቴ መንገድ አላገኘም።
332,8,Warning,ይህ ውድ ነው፣ ተጠንቀቅ።
333,2,Phatic,እንዴት አመሹ እኛ?
334,4,Refusal,እንግዶች ጤና አይፈልግም።
335,1,Complaint,ለምን ሰራተኞች ስራ አልሰጠኝም?
336,0,Assertion,ነገ አባቶች አዲስ አበባ ነበር።
337,2,Phatic,እግዚአብሔር ይጠብቅሽ ሐኪሙ።
338,0,Assertion,በወር እንግዶች ሆስፒታል ነበር።
339,2,Phatic,መልካም ጊዜ ከ ፓርክ ጓደኞች።
340,6,Sarcasm/Irony,እንዴት ያለ ፈጣን ሀሳብ ነው! (በሳቅ)።
341,7,Suggestion,ምናልባት ትልቅ አገልግሎት መግዛት?
342,6,Sarcasm/Irony,እርግጥ፣ ወዳጄ በጣም ታማኝ ነው... (በአስቂኝ)።
343,0,Assertion,በፍጥነት እህቴ ፓርክ ነበር።
344,8,Warning,ተጠንቀቅ፣ ወጣቱ ይመጣል።
345,8,Warning,ልጆች ጉዞ አትንካ።
346,7,Suggestion,ምናልባት በማለዳ ብንገናኝ?
347,0,Assertion,ታካሚዎች ይታወቃል ብዙ ጊዜ።
348,5,Request,አዛውንቱ ዜና ማግኘት ይችላል?
349,5,Request,ባለቤቴ ኮምፒውተር ማግኘት ይችላል?
350,5,Request,እናንተ ምክር ማግኘት ይችላል?
351,2,Phatic,እግዚአብሔር ይባርክህ ወጣቶች።
352,6,Sarcasm/Irony,ሐኪሞች ሁልጊዜ በጊዜው ይመጣል... (በቀልድ)።
353,2,Phatic,ሰላምታዬን አቀርባለሁ መምህራን።
354,6,Sarcasm/Irony,መንገድ በጣም ውድ ነው፣ ግን ዋጋው አለው... (በቀልድ)።
355,2,Phatic,እግዚአብሔር ከአንቺ ጋር ይሁን ትናንት።
356,0,Assertion,ውሃ አደገኛ ነው።
357,8,Warning,ልጄ ህንፃ አትንካ።
358,7,Suggestion,ባለቤቴ ደብዳቤ ቢጠቀም ይሻላል።
359,3,Promise,በቅርቡ እኛ ፕሮጀክት ታመጣለች።
360,8,Warning,ሐኪሙ ድርጊት አትንካ።
361,7,Suggestion,አባቶች ፕሮጀክት ቢጠቀም ይሻላል።
362,1,Complaint,ይህ ውሃ በጣም ውድ ነው፣ አልወድም።
363,6,Sarcasm/Irony,አዎ፣ ድርጊት በጣም ጥሩ ጥራት አለው... (በአስቂኝ)።
364,6,Sarcasm/Irony,አንተ ሁልጊዜ ይረዳል... (በቀልድ)።
365,0,Assertion,እውነቱን ለመናገር ውሃ ንጹህ ነው።
366,4,Refusal,አዛውንቶች ድርጊት አይፈልግም።
367,0,Assertion,እህቶች በጊዜው አዋሳ ይገኛል።
368,2,Phatic,እግዚአብሔር ይጠብቅህ ከ ሆስፒታል።
369,8,Warning,ይህ መድሃኒት አደገኛ ነው።
370,6,Sarcasm/Irony,እንዴት ቀላል እድል ነው! (በቀልድ)።
371,0,Assertion,ዛሬ አንተ መንገድ ነበር።
372,4,Refusal,አይ፣ ቤት አልችልም።
373,1,Complaint,ለምን ወንድሞች ደብዳቤ አልሰጠኝም?
374,0,Assertion,ደንበኞች ችግር አደገኛ ናቸው።
375,2,Phatic,እንኳን ለበዓሉ አደረሰ ከ ትምህርት ቤት።
376,1,Complaint,ይህ ክፍያ በጣም ቀላል ነው፣ አልወድም።
377,2,Phatic,ምን ዜና አለ አባቴ?
378,3,Promise,ነገ ሹፌሩ ሆቴል ያመጣል።
379,5,Request,ከፈቀድሽ ስልጠና ውሰድ።
380,7,Suggestion,ታካሚዎች መኪና ቢያደርግ ይሻላል።
381,6,Sarcasm/Irony,አዎ፣ ፕሮጀክት በጣም ጥሩ ጥራት አለው... (በአስቂኝ)።
382,5,Request,እባክዎ ስብሰባ ይላኩልኝ።
383,1,Complaint,ሁልጊዜ ሙዚቃ ይጎድላል።
384,6,Sarcasm/Irony,አዎ፣ ይህ ገንዘብ በጣም ጠቃሚ ነው... (በሳቅ)።
385,1,Complaint,እኔ ኮንትራት ስለ ዘገይተኛ መሆኑ ያማርራል።
386,8,Warning,እህቴ ኮንትራት አትንካ።
387,6,Sarcasm/Irony,አዎ፣ ይህ ጉብኝት በጣም ጠቃሚ ነው... (በሳቅ)።
388,2,Phatic,እግዚአብሔር ከጎንህ ይሁን ነጋዴዎች።
389,8,Warning,እሱ ጨዋታ አትንካ።
390,7,Suggestion,አንድ ሰው ሆቴል ቢጠቀም ይሻላል።
391,4,Refusal,እናንተ ሰላም አይፈልግም።
392,8,Warning,ተጠንቀቅ አሁን።
393,0,Assertion,እውነቱን ለመናገር ጨዋታ ትንሽ ነው።
394,4,Refusal,ጎረቤቴ ፈቃድ አይፈልግም።
395,2,Phatic,ሰላም ወጣቱ፣ ምን ሰራሽ ነገ?
396,4,Refusal,ዳኛው ክፍያ አይፈልግም።
397,2,Phatic,ምን ዜና አለ ከ ትምህርት ቤት እኔ?
398,2,Phatic,ሰላም አንዳንድ ሰዎች፣ ምን ሰራህ ከ ሬስቶራንት?
399,6,Sarcasm/Irony,እንዴት አስቸጋሪ ምክር ነው! (በቀልድ)።
400,5,Request,እባክሽ እረፍት ስጠኝ።
401,3,Promise,ከዚህ በፊት ገበሬዎች ምክር ያመጣል።
402,8,Warning,ተጠንቀቅ! ሙዚቃ አስደሳች ነው።
403,1,Complaint,አንቺ ስለ ፕሮጀክት ቅሬታ አለው።
404,1,Complaint,ለምን ዕድል እንዲህ ቀላል ነው?
405,1,Complaint,ይህ ዕረፍት በጣም አደገኛ ነው፣ አልወድም።
406,6,Sarcasm/Irony,አዎ ወጣቶች በጣም ፈጣን ነው... (በቀልድ)።
407,8,Warning,ወንድሞች አገልግሎት አትንካ።
408,3,Promise,ነገ ተማሪዎች እድል ያመጣል።
409,7,Suggestion,ልጆች ቤት ቢያደርግ ይሻላል።
410,7,Suggestion,ወጣቶች መንገድ ቢያደርግ ይሻላል።
411,7,Suggestion,ወጣቶች መፍትሄ ቢያደርግ ይሻላል።
412,0,Assertion,ዛሬ ሰራተኛው ቤት ነበር።
413,6,Sarcasm/Irony,እርግጥ ነው፣ ኮምፒውተር በጣም መጥፎ ነው... (በቀልድ)።
414,0,Assertion,እውነቱን ለመናገር ምክር ትልቅ ነው።
415,2,Phatic,እግዚአብሔር ይጠብቅሽ ልጆች።
416,0,Assertion,ኮምፒውተር በጣም ያሳዝናል ነው።
417,0,Assertion,ፖሊሱ መጽሐፍ ርካሽ አስፈላጊ ነው።
418,5,Request,ይህን እርዳታ ማየት እችላለሁ?
419,2,Phatic,እንዴት አመሸህ ደንበኞች?
420,2,Phatic,ደህና እንደምትሆን ከ ባንክ ተስፋ አደርጋለሁ።
421,3,Promise,ቃል እገባለሁ ሙዚቃ እንደሚሆን።
422,3,Promise,አትጨነቅ፣ ጉዞ እከፍላለሁ።
423,3,Promise,አንድ ሰው በጊዜው ይመጣል ብሎ ቃል ገብቷል።
424,8,Warning,አባቴ ደስታ አትንካ።
425,1,Complaint,ብዙ ሰዎች ስለ ሙያ ቅሬታ አለው።
426,4,Refusal,ወዳጄ መፍትሄ አይፈልግም።
427,1,Complaint,ባለሙያው ስለ ጨዋታ ቅሬታ አለው።
428,0,Assertion,እውነቱን ለመናገር ሆቴል መጥፎ ነው።
429,5,Request,እባክህ ድልድይ አስረዳኝ።
430,2,Phatic,እግዚአብሔር ይባርክህ ባለቤቴ።
431,7,Suggestion,ሐኪሙ መኪና ቢጠቀም ይሻላል።
432,5,Request,እህቴ ምግብ ማግኘት ይችላል?
433,2,Phatic,ደህና እንደምታድሪ ተስፋ አደርጋለሁ ባለሙያው።
434,3,Promise,አለቃዬ ከዚህ በኋላ ይመጣል ብሎ ቃል ገብቷል።
435,5,Request,ወንድሞች ኮንትራት ማግኘት ይችላል?
436,7,Suggestion,እንደእኔ አስተያየት ቁልፍ መቀየር ይሻላል።
437,2,Phatic,ደህና ቀን ይሁንልህ ከ መንገድ።
438,0,Assertion,መጽሔት በጣም ከባድ ነው።
439,1,Complaint,ይህ ሙዚቃ በጣም ውድ ነው፣ አልወድም።
440,8,Warning,ተጠንቀቅ! ድልድይ ያሳዝናል ነው።
441,2,Phatic,ደህና እንደምትሆኚ ከ ባህር ዳር ተስፋ አደርጋለሁ።
442,4,Refusal,ይቅርታ፣ ሙያ አልሰጥም።
443,0,Assertion,በጊዜው ሰራተኞች ቢሮ ነበር።
444,4,Refusal,አይ፣ ፊልም አልችልም።
445,3,Promise,በማለዳ ባለቤቴ ህንፃ ታመጣለች።
446,8,Warning,ተጠንቀቅ! ቦታ አስፈላጊ ነው።
447,7,Suggestion,ይህን ደብዳቤ መሞከር ጥሩ ነው።
448,0,Assertion,ክፍያ አስፈላጊ ነው።
449,5,Request,ታካሚዎች መኪና ማግኘት ይችላል?
450,0,Assertion,ምግብ ቤት በጣም አዲስ ነው።
451,4,Refusal,እናቴ ምግብ አይፈልግም።
452,6,Sarcasm/Irony,አዎ፣ ሐኪሙ በጣም ብልህ ነው... (በተቃራኒ)።
453,7,Suggestion,ጓደኞች እረፍት ቢያደርግ ይሻላል።
454,8,Warning,ተጠንቀቅ! ኮንትራት ዘገይተኛ ነው።
455,8,Warning,ተጠንቀቅ! ሽልማት አስቸጋሪ ነው።
456,1,Complaint,በሳምንት ሴቶች መጽሐፍ አላገኘም።
457,1,Complaint,ለምን ብር እንዲህ አስፈላጊ ነው?
458,8,Warning,ተጠንቀቅ በማለዳ።
459,1,Complaint,ይህ ድርጊት በጣም ንጹህ ነው፣ አልወድም።
460,7,Suggestion,እህቶች ችግር ቢያደርግ ይሻላል።
461,5,Request,አንዳንድ ሰዎች እረፍት ማግኘት ይችላል?
462,5,Request,እናቴ ዜና ማግኘት ይችላል?
463,6,Sarcasm/Irony,እንዴት ያለ ፍጹም ሙዚቃ ነው! (በሳቅ)።
464,8,Warning,ተጠንቀቅ! መፍትሄ አስቸጋሪ ነው።
465,6,Sarcasm/Irony,እርግጥ፣ አገልግሎት በጣም ውድ ነው... (በአስቂኝ)።
466,7,Suggestion,እኔ ትምህርት እንድታደርግ እመክራለሁ።
467,0,Assertion,ክፍያ በጣም አዲስ ነው።
468,7,Suggestion,አንቺ ሀሳብ ቢጠቀም ይሻላል።
469,5,Request,እባክህ ጊዜ ስጠኝ።
470,1,Complaint,ዕድል አልሰራም፣ ችግር አለ።
471,6,Sarcasm/Irony,እናንተ ሁልጊዜ ትክክል ነው፣ እርግጥ ነው... (በሳቅ)።
472,5,Request,ልጄ ገንዘብ ማግኘት ይችላል?
473,8,Warning,ተጠንቀቅ! እቅድ ርካሽ ነው።
474,6,Sarcasm/Irony,እንዴት ያለ ፍጹም መረጃ ነው! (በሳቅ)።
475,7,Suggestion,ምናልባት አገልግሎት ማድረግ ይሻላል።
476,3,Promise,ትናንት ወንድሜ መድሃኒት ያመጣል።
477,8,Warning,አትርሳ ገንዘብ።
478,4,Refusal,ታካሚዎች ቦታ አይፈልግም።
479,7,Suggestion,ምናልባት ድል ማድረግ ይሻላል።
480,7,Suggestion,ምናልባት ጥሩ ሆቴል መግዛት?
481,0,Assertion,በሰዓት እኛ ሆስፒታል ነበር።
482,8,Warning,ይህን ዜና አታድርግ።
483,4,Refusal,እህቶች ፕሮጀክት አይፈልግም።
484,6,Sarcasm/Irony,አዎ፣ አባቶች በጣም ብልህ ነው... (በተቃራኒ)።
485,0,Assertion,ኮንትራት በጣም አዲስ ነው።
486,8,Warning,ሹፌሩ መጽሐፍ አትንካ።
487,0,Assertion,እኔ ምክር እንደሚያስፈልግ አውቃለሁ።
488,5,Request,እናቶች ህንፃ ማግኘት ይችላል?
489,7,Suggestion,መምህራን ስልጠና ቢያደርግ ይሻላል።
490,4,Refusal,ተማሪው ዜና አይፈልግም።
491,5,Request,ሐኪሙ መኪና ማግኘት ይችላል?
492,0,Assertion,ሰራተኞች መፍትሄ አለው።
493,5,Request,እባክዎ ስብሰባ ያድርጉልኝ።
494,0,Assertion,ይህ ጉብኝት አደገኛ መሆኑን እረጋገጣለሁ።
495,0,Assertion,ባለቤቴ ነገ ገበያ ይገኛል።
496,3,Promise,ከዚህ በፊት ልጄ መጽሐፍ ታመጣለች።
497,5,Request,ጓደኞች ብር ማግኘት ይችላል?
498,4,Refusal,እሷ ዕረፍት አይፈልግም።
499,8,Warning,ተጠንቀቅ! ድርጊት አደገኛ ነው።
500,2,Phatic,ሰላም ነጋዴዎች፣ እንዴት ነው ሁኔታው?
501,7,Suggestion,ምናልባት አሮጌ እርዳታ መግዛት?
502,0,Assertion,አባቴ ዜና አላት።
503,0,Assertion,አንድ ሰው ውሃ ፈጣን አለች።
504,8,Warning,ይህን እርዳታ አታድርግ።
505,1,Complaint,ልጄ መጽሔት ስለ ትንሽ መሆኑ ያማርራል።
506,7,Suggestion,ሰራተኞች ጊዜ ቢጠቀም ይሻላል።
507,4,Refusal,ይቅርታ፣ እቅድ አልሰጥም።
508,2,Phatic,እንዴት አለፍክ ከ ሬስቶራንት እኛ?
509,1,Complaint,አባቴ ከ ስራ ጋር ችግር አለው።
510,3,Promise,እኛ በማለዳ ትመጣለች ብሎ ቃል ገብቷል።
511,0,Assertion,እውነቱን ለመናገር ጉዞ ዘገይተኛ ነው።
512,7,Suggestion,ይህን መድሃኒት መሞከር ጥሩ ነው።
513,8,Warning,ሰራተኞች ወረቀት አትንካ።
514,4,Refusal,ባለቤቴ ወረቀት አይፈልግም።
515,5,Request,ሁሉም ኮምፒውተር ማግኘት ይችላል?
516,3,Promise,ቃል እገባለሁ ቦታ እንደሚሆን።
517,8,Warning,ተጠንቀቅ! ደስታ አሮጌ ነው።
518,2,Phatic,መልካም ምሽት አባቴ።
519,4,Refusal,እናንተ ስብሰባ አይፈልግም።
520,6,Sarcasm/Irony,እርግጥ፣ እናንተ በጣም ታማኝ ነው... (በአስቂኝ)።
521,7,Suggestion,ሐኪሞች ጉብኝት ቢያደርግ ይሻላል።
522,3,Promise,ከዚህ በኋላ ደንበኞች መጽሐፍ ታመጣለች።
523,7,Suggestion,እንግዶች ውሃ ቢያደርግ ይሻላል።
524,8,Warning,አስተናጋጁ ሙዚቃ አትንካ።
525,5,Request,ሐኪሞች ጉዞ ማግኘት ይችላል?
526,3,Promise,ይህን ፊልም እጠብቃለሁ።
527,0,Assertion,ነገ ጎረቤቴ ቢሮ ነበር።
528,7,Suggestion,ዳኛው ጤና ቢያደርግ ይሻላል።
529,1,Complaint,ይህ ፊልም በጣም ርካሽ ነው፣ አልወድም።
530,3,Promise,በማታ ሐኪሙ ምግብ ያመጣል።
531,8,Warning,ገበሬዎች ቤት አትንካ።
532,3,Promise,በፍጥነት ሁሉም ሙዚቃ ታመጣለች።
533,1,Complaint,ጓደኞች ስለ ድልድይ ቅሬታ አለው።
534,0,Assertion,ሹፌሩ ዜና አላት።
535,3,Promise,በማታ ሁሉም ትምህርት ያመጣል።
536,0,Assertion,እናንተ ነገ ገበያ ይገኛል።
537,5,Request,እባክዎ ጊዜ ይላኩልኝ።
538,0,Assertion,በሳምንት እሷ ትምህርት ቤት ነበር።
539,2,Phatic,እንኳን ደህና ኑሪ ወጣቱ።
540,1,Complaint,ለምን ጉብኝት እንዲህ ከባድ ነው?
541,7,Suggestion,እሱ ሙያ ቢያደርግ ይሻላል።
542,8,Warning,አዛውንቶች እረፍት አትንካ።
543,1,Complaint,ለምን እናቶች መንገድ አልሰጠኝም?
544,7,Suggestion,ምናልባት አዲስ ቤት መግዛት?
545,7,Suggestion,ምናልባት አሮጌ ቤት መግዛት?
546,3,Promise,እናቴ ትናንት ትመጣለች ብሎ ቃል ገብቷል።
547,2,Phatic,እግዚአብሔር ይጠብቅህ ሹፌሩ።
548,2,Phatic,እንዴት ነሽ አባቶች በቅርቡ?
549,4,Refusal,ባለቤቴ መድሃኒት አይፈልግም።
550,5,Request,ይህን ጤና ማየት እችላለሁ?
551,7,Suggestion,ምናልባት አዲስ መኪና መግዛት?
552,3,Promise,ቃል እገባለሁ ጉብኝት እንደሚሆን።
553,6,Sarcasm/Irony,አዎ፣ ይህ ውሳኔ በጣም ጠቃሚ ነው... (በሳቅ)።
554,2,Phatic,መልካም ጊዜ ይሁንልህ ጓደኛዬ።
555,4,Refusal,ልጆች ሙዚቃ አይፈልግም።
556,6,Sarcasm/Irony,አዎ፣ ይህ ስብሰባ በጣም ጠቃሚ ነው... (በሳቅ)።
557,7,Suggestion,ምናልባት ንጹህ ብር መግዛት?
558,2,Phatic,መልካም ጊዜ ይሁንልሽ እህቶች።
559,8,Warning,ታካሚዎች ዜና አትንካ።
560,8,Warning,ተጠንቀቅ! ስብሰባ ፈጣን ነው።
561,2,Phatic,ሰላም ታካሚዎች፣ ምን ሰራህ ከ ፓርክ?
562,4,Refusal,ንግግር አልፈልግም፣ አመሰግናለሁ።
563,7,Suggestion,ምናልባት አደገኛ ስራ መግዛት?
564,5,Request,ከፈቀድክ ሙዚቃ ውሰድ።
565,3,Promise,ትናንት እህቴ ፈቃድ ያመጣል።
566,7,Suggestion,እንዴት ቢሆን ጤና ብናደርግ?
567,2,Phatic,ሰላም ፖሊሱ፣ እንዴት ነሽ?
568,4,Refusal,ደንበኞች ችግር አይፈልግም።
569,1,Complaint,ለምን መኪና እንዲህ ከባድ ነው?
570,1,Complaint,በማለዳ አለቆች ፊልም አላገኘም።
571,5,Request,እኛ ጉብኝት ማግኘት ይችላል?
572,5,Request,እኔ ስልጠና ማግኘት ይችላል?
573,0,Assertion,ወረቀት ፈጣን ነው።
574,1,Complaint,አንቺ ከ ቦታ ጋር ችግር አለው።
575,4,Refusal,ሴቶች መጽሐፍ አይፈልግም።
576,6,Sarcasm/Irony,አዎ፣ መጽሐፍ በጣም አስፈላጊ ነው ለሁሉም... (በተቃራኒ)።
577,8,Warning,ተጠንቀቅ! ጊዜ ርካሽ ነው።
578,0,Assertion,ይህ እረፍት ትልቅ መሆኑን እረጋገጣለሁ።
579,7,Suggestion,እኔ ንግግር እንድታደርግ እመክራለሁ።
580,6,Sarcasm/Irony,እርግጥ ነው፣ መረጃ በጣም ያሳዝናል ነው... (በቀልድ)።
581,4,Refusal,አንድ ሰው እቅድ አይፈልግም።
582,0,Assertion,ሙዚቃ ያሳዝናል ነው።
583,0,Assertion,ይህ ፈቃድ ደህንነቱ የተጠበቀ መሆኑን እረጋገጣለሁ።
584,8,Warning,እናንተ ሀሳብ አትንካ።
585,3,Promise,አትጨነቅ፣ ስብሰባ እከፍላለሁ።
586,5,Request,እባክዎ እድል ይላኩልኝ።
587,1,Complaint,አንዳንድ ሰዎች ስለ ኮንትራት ቅሬታ አለው።
588,0,Assertion,ወጣቶች ህንፃ አለው።
589,5,Request,ልጆች ምግብ ማግኘት ይችላል?
590,7,Suggestion,ምናልባት ያሳዝናል ክፍያ መግዛት?
591,1,Complaint,ለምን ጉዞ እንዲህ አስደሳች ነው?
592,6,Sarcasm/Irony,አዎ፣ ደስታ በጣም አስፈላጊ ነው ለሁሉም... (በተቃራኒ)።
593,6,Sarcasm/Irony,እርግጥ፣ ድልድይ በጣም ውድ ነው... (በአስቂኝ)።
594,0,Assertion,በማታ አስተማሪው ባህር ዳር ነበር።
595,2,Phatic,እንዴት ነው ጤንነትህ በማለዳ?
596,1,Complaint,እናንተ ከ ዕድል ጋር ችግር አለው።
597,7,Suggestion,እንዴት ቢሆን ስልክ ብናደርግ?
598,3,Promise,እኔ ኮንትራት እሰጥሃለሁ።
599,8,Warning,ተጠንቀቅ! ክፍያ አሮጌ ነው።
600,5,Request,አስተናጋጁ ውሳኔ ማግኘት ይችላል?
601,5,Request,እህቴ መረጃ ማግኘት ይችላል?
602,1,Complaint,ለምን እንግዶች መፍትሄ አልሰጠኝም?
603,6,Sarcasm/Irony,እሱ ሁልጊዜ ትክክለኛ ውሳኔ ያደርጋል... (በቀልድ)።
604,6,Sarcasm/Irony,አዎ፣ ይህ ዕድል በጣም ጠቃሚ ነው... (በሳቅ)።
605,3,Promise,አንዳንድ ሰዎች በሳምንት ትመጣለች ብሎ ቃል ገብቷል።
606,8,Warning,ወንድሜ ጉብኝት አትንካ።
607,3,Promise,በቀን እህቶች መጽሐፍ ታመጣለች።
608,4,Refusal,ወንዶች ፊልም አይፈልግም።
609,3,Promise,በማታ ወጣቱ አገልግሎት ታመጣለች።
610,1,Complaint,በቅርቡ እንግዶች ቤት አላገኘም።
611,0,Assertion,አስተናጋጁ ጉዞ ያሳዝናል ናቸው።
612,0,Assertion,ዳኛው ጤና አለው።
613,7,Suggestion,ወንዶች ቤት ቢያደርግ ይሻላል።
614,4,Refusal,እንግዶች ኮምፒውተር አይፈልግም።
615,1,Complaint,ለምን ፊልም እንዲህ ደህንነቱ የተጠበቀ ነው?
616,8,Warning,ጓደኞች እድል አትንካ።
617,5,Request,ይህን ዕረፍት ማየት እችላለሁ?
618,8,Warning,ተጠንቀቅ! ምክር ጥሩ ነው።
619,6,Sarcasm/Irony,ሁሉም ሁልጊዜ ይረዳል... (በቀልድ)።
620,2,Phatic,ደህና ቀን ይሁንልህ ከ መስሪያ ቤት።
621,1,Complaint,ለምን ኮንትራት እንዲህ ትንሽ ነው?
622,0,Assertion,እውነቱን ለመናገር ቦታ ደስ የሚል ነው።
623,4,Refusal,ልጄ ፈቃድ አይፈልግም።
624,5,Request,እህቶች ስራ ማግኘት ይችላል?
625,0,Assertion,ትናንት እህቶች ሬስቶራንት ነበር።
626,6,Sarcasm/Irony,ሹፌሩ ሁልጊዜ ትክክለኛ ውሳኔ ያደርጋል... (በቀልድ)።
627,2,Phatic,ሰላም አስተማሪው፣ እንዴት ነሽ?
628,2,Phatic,እንዴት ነው ስራሽ በሳምንት?
629,8,Warning,ወንድሞች ውሃ አትንካ።
630,6,Sarcasm/Irony,እርግጥ ነው፣ በሳምንት ሁሉም ይረዳል... (በአስቂኝ)።
631,7,Suggestion,መምህራን ቤት ቢያደርግ ይሻላል።
632,7,Suggestion,እንደእኔ አስተያየት ጨዋታ መቀየር ይሻላል።
633,2,Phatic,ሰላም ባለቤቴ፣ እንዴት አለፈ ቀኑ?
634,7,Suggestion,እንዴት ቢሆን እርዳታ ብናደርግ?
635,4,Refusal,ታካሚዎች አገልግሎት አይፈልግም።
636,5,Request,እንግዶች ጨዋታ ማግኘት ይችላል?
637,4,Refusal,ይቅርታ፣ ጉዞ አልሰጥም።
638,6,Sarcasm/Irony,እንዴት ያለ ፍጹም ሽልማት ነው! (በሳቅ)።
639,1,Complaint,ዳኛው ከ ስልጠና ጋር ችግር አለው።
640,6,Sarcasm/Irony,እርግጥ ነው፣ ውሳኔ በጣም አስቸጋሪ ነው... (በቀልድ)።
641,7,Suggestion,ምናልባት አስፈላጊ ወረቀት መግዛት?
642,1,Complaint,እኛ ስለ ሀሳብ ቅሬታ አለው።
643,5,Request,እባክዎ ጉብኝት ያድርጉልኝ።
644,6,Sarcasm/Irony,አዎ፣ ይህ እቅድ በጣም ጠቃሚ ነው... (በሳቅ)።
645,7,Suggestion,ምናልባት ፈጣን ፊልም መግዛት?
646,3,Promise,ፖሊሱ ከዚህ በፊት ትመጣለች ብሎ ቃል ገብቷል።
647,3,Promise,እኔ ደብዳቤ አላረሳም።
648,5,Request,መምህራን ድርጊት ማግኘት ይችላል?
649,4,Refusal,አለቃዬ ጨዋታ አይፈልግም።
650,8,Warning,ተጠንቀቅ! ወረቀት አስደሳች ነው።
651,3,Promise,እኔ አገልግሎት አላረሳም።
652,7,Suggestion,እንዴት ቢሆን ሙዚቃ ብናደርግ?
653,7,Suggestion,እንዴት ቢሆን ምግብ ብናደርግ?
654,1,Complaint,ሁልጊዜ ቤት ይጎድላል።
655,5,Request,እባክህ ፊልም አስረዳኝ።
656,8,Warning,ይህን መረጃ አታድርግ።
657,0,Assertion,ደብዳቤ በጣም ርካሽ ነው።
658,6,Sarcasm/Irony,ይህ በጣም ፈጣን ሀሳብ ነው... (በሳቅ)።
659,3,Promise,ይህን ሽልማት እጠብቃለሁ።
660,0,Assertion,ይህ እድል አስፈላጊ መሆኑን እረጋገጣለሁ።
661,6,Sarcasm/Irony,ደንበኞች በጣም ታማኝ ነው፣ አይዋሽም... (በተቃራኒ)።
662,6,Sarcasm/Irony,አዎ፣ ወዳጄ በጣም ብልህ ነው... (በተቃራኒ)።
663,4,Refusal,ሹፌሩ ኮምፒውተር አይፈልግም።
664,2,Phatic,ሰላም እህቴ፣ ምን ሰራሽ?
665,8,Warning,ተጠንቀቅ! ቦታ ቀላል ነው።
666,5,Request,ወጣቶች ኮንትራት ማግኘት ይችላል?
667,8,Warning,ወጣቶች ስብሰባ አትንካ።
668,1,Complaint,ይህ መድሃኒት በጣም ፈጣን ነው፣ አልወድም።
669,1,Complaint,ለምን ድርጊት እንዲህ ደህንነቱ የተጠበቀ ነው?
670,5,Request,መምህራን ስልክ ማግኘት ይችላል?
671,0,Assertion,ይህ እርዳታ ቀላል መሆኑን እረጋገጣለሁ።
672,7,Suggestion,ወጣቱ ኮምፒውተር ቢጠቀም ይሻላል።
673,5,Request,ባለሙያው መፍትሄ ማግኘት ይችላል?
674,3,Promise,ወንዶች ዛሬ ይመጣል ብሎ ቃል ገብቷል።
675,7,Suggestion,አስተናጋጁ ጨዋታ ቢያደርግ ይሻላል።
676,2,Phatic,ደስ ብሎኛል ስለሰማሁሽ ጎረቤቴ።
677,2,Phatic,እንኳን ለልደቱ አደረሰ ደንበኞች።
678,0,Assertion,መድሃኒት አደገኛ ነው።
679,8,Warning,አስተናጋጁ መጽሐፍ አትንካ።
680,7,Suggestion,ምናልባት አስቸጋሪ ምግብ መግዛት?
681,0,Assertion,ከዚህ በኋላ እናንተ መንገድ ነበር።
682,2,Phatic,እንዴት አለፍሽ በሰዓት እናቴ?
683,4,Refusal,ልጄ ሽልማት አይፈልግም።
684,2,Phatic,ጤናማ ቀን ይሁንልህ ሁሉም።
685,1,Complaint,ቦታ አልሰራም፣ ችግር አለ።
686,8,Warning,አባቴ እቅድ አትንካ።
687,0,Assertion,አንተ መኪና አስደሳች ይቻላል።
688,8,Warning,ወዳጄ ሙያ አትንካ።
689,3,Promise,በሳምንት አንድ ሰው ትምህርት ያመጣል።
690,2,Phatic,እግዚአብሔር ይባርክሽ ከ ጎንደር።
691,0,Assertion,አንዳንድ ሰዎች መረጃ አዲስ አለ።
692,0,Assertion,ሙዚቃ ጥሩ ነው።
693,7,Suggestion,ምናልባት ደህንነቱ የተጠበቀ እርዳታ መግዛት?
694,6,Sarcasm/Irony,አዎ፣ ንግግር በጣም ጥሩ ጥራት አለው... (በአስቂኝ)።
695,7,Suggestion,ሹፌሩ ገንዘብ ቢያደርግ ይሻላል።
696,0,Assertion,ኮንትራት አሮጌ ነው።
697,5,Request,ጓደኛዬ ምግብ ቤት ማግኘት ይችላል?
698,6,Sarcasm/Irony,አንድ ሰው ሁልጊዜ በጊዜው ይመጣል... (በቀልድ)።
699,2,Phatic,መልካም ጊዜ ከ ከተማ ሐኪሞች።
700,7,Suggestion,ይህን ኮምፒውተር መሞከር ጥሩ ነው።
701,3,Promise,ዛሬ እህቴ ፈቃድ ያመጣል።
702,3,Promise,በማለዳ ተማሪው ብር ታመጣለች።
703,8,Warning,ዳኛው መጽሔት አትንካ።
704,2,Phatic,መልካም ትናንት አንድ ሰው።
705,2,Phatic,እግዚአብሔር ይጠብቅህ ወጣቶች።
706,0,Assertion,ልጄ በማለዳ ባህር ዳር ይገኛል።
707,2,Phatic,በጣም ደስ ብሎኛል በፍጥነት ባለሙያው።
708,5,Request,ነጋዴዎች ብር ማግኘት ይችላል?
709,0,Assertion,ወዳጄ ዜና ንጹህ ናቸው።
710,2,Phatic,ሰላም ፖሊሱ፣ ምን ሰራሽ?
711,2,Phatic,ጤናማ ቀን ይሁንልሽ ሐኪሙ።
712,3,Promise,ገበሬዎች ከዚህ በፊት ትመጣለች ብሎ ቃል ገብቷል።
713,3,Promise,ዛሬ ወጣቶች ፕሮጀክት ታመጣለች።
714,7,Suggestion,እንግዶች መፍትሄ ቢጠቀም ይሻላል።
715,8,Warning,አስተናጋጁ ጨዋታ አትንካ።
716,8,Warning,እህቶች ድልድይ አትንካ።
717,0,Assertion,ይህ ድል ውድ መሆኑን እረጋገጣለሁ።
718,1,Complaint,ለምን ምክር እንዲህ ጥሩ ነው?
719,2,Phatic,ሰላም አንቺ ከ ሬስቶራንት።
720,3,Promise,እኔ ሀሳብ አላረሳም።
721,5,Request,አባቶች ደብዳቤ ማግኘት ይችላል?
722,7,Suggestion,እንደእኔ አስተያየት ሙያ መቀየር ይሻላል።
723,6,Sarcasm/Irony,አዎ፣ በቀን ሁሉም ዝግጁ ነው... (በተቃራኒ)።
724,3,Promise,አትጨነቅ፣ ምግብ ቤት እከፍላለሁ።
725,7,Suggestion,ማንም ችግር ቢጠቀም ይሻላል።
726,2,Phatic,ሰላም አዛውንቶች፣ ምን ሰራሽ በማታ?
727,6,Sarcasm/Irony,አዎ፣ ይህ አሮጌ ሀሳብ ነው... (በሳቅ)።
728,6,Sarcasm/Irony,አስተናጋጁ ሁልጊዜ ትክክለኛ ውሳኔ ያደርጋል... (በቀልድ)።
729,6,Sarcasm/Irony,አዎ፣ አዋሳ በጣም ምቹ ነው... (በአስቂኝ)።
730,6,Sarcasm/Irony,ማንም በጣም ታማኝ ነው፣ አይዋሽም... (በተቃራኒ)።
731,4,Refusal,ሐኪሞች እቅድ አይፈልግም።
732,7,Suggestion,ዳኛው ሙያ ቢያደርግ ይሻላል።
733,0,Assertion,ሰራተኞች በጊዜው ሆስፒታል ይገኛል።
734,1,Complaint,እነሱ ስለ ደብዳቤ ቅሬታ አለው።
735,8,Warning,ብዙ ሰዎች ኮንትራት አትንካ።
736,2,Phatic,እንዴት አለፍሽ በማታ አለቃዬ?
737,2,Phatic,ሰላም አንቺ፣ እንዴት ነሽ ከ ቤተ ክርስቲያን?
738,8,Warning,ተጠንቀቅ! ክፍያ ንጹህ ነው።
739,7,Suggestion,ምናልባት ትልቅ ኮንትራት መግዛት?
740,7,Suggestion,ዳኛው መፍትሄ ቢያደርግ ይሻላል።
741,0,Assertion,ድርጊት ቀላል ነው።
742,5,Request,እሷ ሀሳብ ማግኘት ይችላል?
743,8,Warning,ወንድሞች ስልጠና አትንካ።
744,5,Request,አስተማሪው ሀሳብ ማግኘት ይችላል?
745,0,Assertion,እውነቱን ለመናገር እርዳታ ርካሽ ነው።
746,5,Request,እርዳኝ ውሃ ለማግኘት።
747,1,Complaint,ለምን ዜና እንዲህ አሮጌ ነው?
748,5,Request,እርዳኝ ሙያ ለማግኘት።
749,2,Phatic,እግዚአብሔር ይባርክሽ ከ መንደር።
750,5,Request,ተማሪው ችግር ማግኘት ይችላል?
751,8,Warning,ተጠንቀቅ! ውሃ አስደሳች ነው።
752,6,Sarcasm/Irony,ይህ በጣም አስቸጋሪ ሀሳብ ነው... (በሳቅ)።
753,1,Complaint,እርዳታ አልሰራም፣ ችግር አለ።
754,1,Complaint,ይህ ብር በጣም ከባድ ነው፣ አልወድም።
755,0,Assertion,አባቶች እረፍት አዲስ አሉ።
756,6,Sarcasm/Irony,ሰራተኛው ሁልጊዜ ትክክል ነው... (በሳቅ)።
757,5,Request,እኛ ሙያ ማግኘት ይችላል?
758,5,Request,አንድ ሰው ደስታ ማግኘት ይችላል?
759,8,Warning,ተጠንቀቅ! ቅጣት አዲስ ነው።
760,3,Promise,አትጨነቅ፣ ሙዚቃ እከፍላለሁ።
761,3,Promise,ከዚህ በፊት ብዙ ሰዎች ጨዋታ ያመጣል።
762,4,Refusal,ብዙ ሰዎች ዕድል አይፈልግም።
763,0,Assertion,አገልግሎት በጣም አደገኛ ነው።
764,1,Complaint,ለምን አባቶች ቤት አልሰጠኝም?
765,2,Phatic,እንኳን ለበዓል አደረሰህ ነጋዴዎች።
766,2,Phatic,እግዚአብሔር ይጠብቅሽ ከ መንደር።
767,8,Warning,አንተ ድርጊት አትንካ።
768,2,Phatic,ሰላምታ ከ ባንክ አንዳንድ ሰዎች።
769,8,Warning,አስተማሪው ዜና አትንካ።
770,0,Assertion,እነሱ አስፈላጊ ነው ብዙ ጊዜ።
771,6,Sarcasm/Irony,ወጣቱ ሁልጊዜ ትክክል ነው፣ እርግጥ ነው... (በሳቅ)።
772,8,Warning,ተጠንቀቅ! ፕሮጀክት ትልቅ ነው።
773,5,Request,እባክህ ጉዞ አስረዳኝ።
774,7,Suggestion,ምናልባት ውድ ምግብ ቤት መግዛት?
775,4,Refusal,ወንዶች ንግግር አይፈልግም።
776,0,Assertion,አስተናጋጁ ስራ አለው።
777,5,Request,እነሱ ስልጠና ማግኘት ይችላል?
778,7,Suggestion,ነጋዴዎች ዜና ቢጠቀም ይሻላል።
779,4,Refusal,አስተማሪው ውሃ አይፈልግም።
780,1,Complaint,እህቶች ምግብ ቤት ስለ አዲስ መሆኑ ያማርራል።
781,1,Complaint,በሰዓት አስተናጋጁ ስልክ አላገኘም።
782,5,Request,ከፈቀድሽ ምክር ውሰድ።
783,6,Sarcasm/Irony,ብዙ ሰዎች ሁልጊዜ ይረዳል... (በቀልድ)።
784,0,Assertion,እድል ከባድ ነው።
785,7,Suggestion,ሁሉም ቅጣት ቢያደርግ ይሻላል።
786,3,Promise,በሳምንት ማንም ትምህርት ያመጣል።
787,5,Request,እርዳኝ ጉዞ ለማግኘት።
788,7,Suggestion,ምናልባት ቀላል ኮምፒውተር መግዛት?
789,0,Assertion,ሰራተኞች በወር ፓርክ ይገኛል።
790,6,Sarcasm/Irony,ሁሉም ሰው እድል ይወዳል... (በአስቂኝ)።
791,2,Phatic,ደህና እንደምትሆን ተስፋ አደርጋለሁ ጎረቤቴ።
792,0,Assertion,እህቶች ሙያ ደህንነቱ የተጠበቀ ይመስላል።
793,5,Request,እባክህ ምግብ አስረዳኝ።
794,7,Suggestion,እንደእኔ አስተያየት ሆቴል መቀየር ይሻላል።
795,1,Complaint,እነሱ ስለ ዕድል ቅሬታ አለው።
796,0,Assertion,አንድ ሰው አስፈላጊ ነው ብዙ ጊዜ።
797,3,Promise,አትጨነቅ፣ መጽሐፍ እከፍላለሁ።
798,6,Sarcasm/Irony,እርግጥ፣ መስሪያ ቤት በጣም ቅርብ ነው... (በሳቅ)።
799,2,Phatic,ደስ ብሎኛል ስለሰማሁህ አባቴ።
800,2,Phatic,መልካም ጊዜ ከ መንደር ልጆች።
801,0,Assertion,ጓደኞች ዛሬ ባንክ ይገኛል።
802,6,Sarcasm/Irony,እንዴት ያለ መፍትሄ ነው! (በቀልድ)።
803,6,Sarcasm/Irony,እርግጥ፣ በጊዜው ይሆናል... (በአስቂኝ)።
804,0,Assertion,አንድ ሰው ድልድይ አላት።
805,1,Complaint,ከዚህ በፊት መምህራን ጊዜ አላገኘም።
806,8,Warning,አደጋ አለ! ትምህርት ተጠንቀቅ።
807,2,Phatic,ጤናማ ሳምንት ይሁንልሽ ወጣቱ።
808,7,Suggestion,ምናልባት አሮጌ ድርጊት መግዛት?
809,5,Request,እባክዎ ደብዳቤ ያድርጉልኝ።
810,0,Assertion,ባለሙያው ስብሰባ አላት።
811,1,Complaint,ለምን ቤት እንዲህ ጥሩ ነው?
812,0,Assertion,እውነቱን ለመናገር ንግግር መጥፎ ነው።
813,7,Suggestion,ሰራተኞች መፍትሄ ቢጠቀም ይሻላል።
814,3,Promise,ጎረቤቴ በቅርቡ ትመጣለች ብሎ ቃል ገብቷል።
815,6,Sarcasm/Irony,እርግጥ ነው፣ ትናንት ሁሉም ይረዳል... (በአስቂኝ)።
816,5,Request,ሐኪሙ ቁልፍ ማግኘት ይችላል?
817,6,Sarcasm/Irony,እንዴት ወረቀት በጣም ቀላል ነው! (በተቃራኒ)።
818,8,Warning,ዳኛው ውሳኔ አትንካ።
819,7,Suggestion,ምናልባት ከባድ ዜና መግዛት?
820,5,Request,ይህን መጽሔት ማየት እችላለሁ?
821,7,Suggestion,ምናልባት ንጹህ ድል መግዛት?
822,6,Sarcasm/Irony,አዎ፣ ወጣቱ በጣም ብልህ ነው... (በተቃራኒ)።
823,1,Complaint,ለምን አዛውንቶች ችግር አልሰጠኝም?
824,8,Warning,እናቶች ፈቃድ አትንካ።
825,5,Request,አባቴ ኮንትራት ማግኘት ይችላል?
826,3,Promise,እኔ ድልድይ አላረሳም።
827,4,Refusal,አንዳንድ ሰዎች ገንዘብ አይፈልግም።
828,0,Assertion,ሹፌሩ ቦታ አሮጌ ይታያል።
829,0,Assertion,ገንዘብ አስፈላጊ ነው።
830,3,Promise,ይህን ስልክ እጠብቃለሁ።
831,6,Sarcasm/Irony,አዎ፣ ስልጠና በጣም አስፈላጊ ነው ለሁሉም... (በተቃራኒ)።
832,0,Assertion,ስራ ደስ የሚል ነው።
833,6,Sarcasm/Irony,ሁሉም ሰው መጽሐፍ ይወዳል... (በአስቂኝ)።
834,2,Phatic,እግዚአብሔር ይባርክሽ ባለሙያው።
835,2,Phatic,እንዴት ነው ስራህ አሁን?
836,2,Phatic,ደህና እንደምትሆኚ ተስፋ አደርጋለሁ እናቴ።
837,6,Sarcasm/Irony,እንግዶች ሁልጊዜ ይረዳል... (በቀልድ)።
838,3,Promise,እኔ እቅድ አላረሳም።
839,6,Sarcasm/Irony,እናቴ ሁልጊዜ ትክክል ነው፣ እርግጥ ነው... (በሳቅ)።
840,0,Assertion,እሱ ስልክ አለው።
841,7,Suggestion,እናቶች እርዳታ ቢያደርግ ይሻላል።
842,0,Assertion,ችግር ትልቅ ነው።
843,7,Suggestion,አለቆች ሰላም ቢያደርግ ይሻላል።
844,0,Assertion,አለቃዬ ጉብኝት ደስ የሚል አለ።
845,4,Refusal,አባቶች ወረቀት አይፈልግም።
846,6,Sarcasm/Irony,ስልክ በጣም ውድ ነው፣ ግን ዋጋው አለው... (በቀልድ)።
847,2,Phatic,መልካም ጊዜ ይሁንልሽ እህቴ።
848,2,Phatic,ሰላም ወንድሜ፣ እንዴት ነው ሁኔታው በፍጥነት?
849,1,Complaint,ማንም ወረቀት ስለ ከባድ መሆኑ ያማርራል።
850,4,Refusal,ወንዶች ኮምፒውተር አይፈልግም።
851,6,Sarcasm/Irony,በጣም ፈጣን ነው፣ ማንም አያውቅም... (በሳቅ)።
852,5,Request,እናቴ ፕሮጀክት ማግኘት ይችላል?
853,4,Refusal,አስተማሪው ዜና አይፈልግም።
854,7,Suggestion,አንዳንድ ሰዎች ድርጊት ቢያደርግ ይሻላል።
855,1,Complaint,ተማሪው ከ ጨዋታ ጋር ችግር አለው።
856,1,Complaint,ለምን ኮንትራት እንዲህ አደገኛ ነው?
857,4,Refusal,ነጋዴዎች መረጃ አይፈልግም።
858,5,Request,አባቶች ቁልፍ ማግኘት ይችላል?
859,0,Assertion,ይህ ወረቀት አስፈላጊ መሆኑን እረጋገጣለሁ።
860,2,Phatic,እንዴት ነው ጤንነትሽ አሁን?
861,7,Suggestion,ይህን ትምህርት መሞከር ጥሩ ነው።
862,4,Refusal,ሹፌሩ ደብዳቤ አይፈልግም።
863,5,Request,እንግዶች ሙዚቃ ማግኘት ይችላል?
864,7,Suggestion,ምናልባት አስደሳች ምግብ ቤት መግዛት?
865,8,Warning,አንድ ሰው አገልግሎት አትንካ።
866,4,Refusal,ሰራተኞች ድርጊት አይፈልግም።
867,1,Complaint,ጓደኛዬ መኪና ስለ ደህንነቱ የተጠበቀ መሆኑ ያማርራል።
868,8,Warning,ተጠንቀቅ! ስልክ ትልቅ ነው።
869,4,Refusal,ደንበኞች እድል አይፈልግም።
870,3,Promise,እኔ ዕረፍት እሰጥሻለሁ።
871,2,Phatic,እንኳን ደህና መጣሽ ገበሬዎች።
872,7,Suggestion,ጓደኛዬ ዜና ቢጠቀም ይሻላል።
873,4,Refusal,ሰራተኛው ሽልማት አይፈልግም።
874,8,Warning,እነሱ ዕድል አትንካ።
875,3,Promise,እኔ ጤና አላረሳም።
876,8,Warning,ተጠንቀቅ! ስራ ጥሩ ነው።
877,5,Request,ይህን ዜና ማየት እችላለሁ?
878,8,Warning,ሴቶች ስብሰባ አትንካ።
879,3,Promise,ዳኛው በፍጥነት ይመጣል ብሎ ቃል ገብቷል።
880,5,Request,እሷ ሰላም ማግኘት ይችላል?
881,3,Promise,በፍጥነት ወንድሞች ስልጠና ያመጣል።
882,7,Suggestion,ሰራተኞች ሀሳብ ቢያደርግ ይሻላል።
883,1,Complaint,ሁልጊዜ ጉዞ ይጎድላል።
884,0,Assertion,ዳኛው ፕሮጀክት አላት።
885,8,Warning,ተጠንቀቅ፣ ብዙ ሰዎች ይመጣል።
886,5,Request,ባለሙያው ስብሰባ ማግኘት ይችላል?
887,0,Assertion,እውነቱን ለመናገር ድል ውድ ነው።
888,8,Warning,አደጋ አለ! ሽልማት ተጠንቀቅ።
889,3,Promise,በቀን ልጆች ሙያ ታመጣለች።
890,1,Complaint,ለምን ተማሪው ቦታ አልሰጠኝም?
891,2,Phatic,ቤተሰብሽ ደህና ናቸው አለቃዬ?
892,8,Warning,እናንተ እቅድ አትንካ።
893,8,Warning,ጓደኞች መጽሐፍ አትንካ።
894,7,Suggestion,ዳኛው እረፍት ቢጠቀም ይሻላል።
895,1,Complaint,ይህ ፈቃድ በጣም ቀላል ነው፣ አልወድም።
896,0,Assertion,ዳኛው እረፍት አላት።
897,2,Phatic,ደህና ሁኚ ወንድሜ።
898,3,Promise,ሴቶች በሳምንት ትመጣለች ብሎ ቃል ገብቷል።
899,7,Suggestion,እንደእኔ አስተያየት መጽሔት መቀየር ይሻላል።
900,7,Suggestion,ባለቤቴ ስልጠና ቢያደርግ ይሻላል።
901,5,Request,ወዳጄ ሰላም ማግኘት ይችላል?
902,6,Sarcasm/Irony,እንዴት ያለ ፍጹም ድልድይ ነው! (በሳቅ)።
903,0,Assertion,ይህ ክፍያ ንጹህ መሆኑን እረጋገጣለሁ።
904,1,Complaint,ለምን ገበሬዎች ወረቀት አልሰጠኝም?
905,3,Promise,ዛሬ አዛውንቱ ብር ያመጣል።
906,6,Sarcasm/Irony,እርግጥ፣ መረጃ በጣም ውድ ነው... (በአስቂኝ)።
907,2,Phatic,እንዴት ነው ቀኑ ከ መንደር?
908,4,Refusal,ባለቤቴ ትምህርት አይፈልግም።
909,1,Complaint,ለምን አስተማሪው ወረቀት አልሰጠኝም?
910,8,Warning,ተጠንቀቅ! ገንዘብ አሮጌ ነው።
911,2,Phatic,ደህና ቀን ይሁንልሽ አንድ ሰው።
912,7,Suggestion,ምናልባት አስቸጋሪ ስብሰባ መግዛት?
913,7,Suggestion,ምናልባት ያሳዝናል ሀሳብ መግዛት?
914,4,Refusal,ይቅርታ፣ ምግብ አልሰጥም።
915,7,Suggestion,ደንበኞች ክፍያ ቢጠቀም ይሻላል።
916,5,Request,ሰራተኛው ፕሮጀክት ማግኘት ይችላል?
917,6,Sarcasm/Irony,ገበሬዎች ሁልጊዜ በጊዜው ይመጣል... (በቀልድ)።
918,0,Assertion,ይህ ድርጊት ፈጣን መሆኑን እረጋገጣለሁ።
919,1,Complaint,ወንድሞች ከ እርዳታ ጋር ችግር አለው።
920,8,Warning,ተጠንቀቅ! መኪና አሮጌ ነው።
921,7,Suggestion,ምናልባት ንጹህ እድል መግዛት?
922,8,Warning,ተጠንቀቅ! ፊልም ደስ የሚል ነው።
923,6,Sarcasm/Irony,እንዴት ያለ ጥሩ ችግር ነው! (በተቃራኒ)።
924,4,Refusal,ትምህርት አልፈልግም፣ አመሰግናለሁ።
925,8,Warning,እነሱ እርዳታ አትንካ።
926,0,Assertion,ተማሪዎች ዜና አለው።
927,2,Phatic,እንኳን ለበዓል አደረሰሽ በወር።
928,8,Warning,ተጠንቀቅ፣ ልጄ ይመጣል።
929,8,Warning,ሐኪሞች ምግብ ቤት አትንካ።
930,3,Promise,ቃል እገባለሁ መፍትሄ እንደሚሆን።
931,5,Request,እኔ ዜና ማግኘት ይችላል?
932,1,Complaint,እረፍት አልሰራም፣ ችግር አለ።
933,8,Warning,እሱ አገልግሎት አትንካ።
934,0,Assertion,ዜና ደህንነቱ የተጠበቀ ነው።
935,4,Refusal,እኔ ሽልማት አልቀበልም።
936,6,Sarcasm/Irony,አዎ፣ ጉብኝት በጣም አስፈላጊ ነው ለሁሉም... (በተቃራኒ)።
937,4,Refusal,እህቴ መጽሔት አይፈልግም።
938,7,Suggestion,እንደእኔ አስተያየት ክፍያ መቀየር ይሻላል።
939,1,Complaint,ለምን አንተ ዕድል አልሰጠኝም?
940,7,Suggestion,ወዳጄ ደብዳቤ ቢጠቀም ይሻላል።
941,4,Refusal,ነጋዴዎች ቦታ አይፈልግም።
942,4,Refusal,ዕረፍት አልፈልግም፣ አመሰግናለሁ።
943,8,Warning,ጎንደር አትግባ፣ አደገኛ ነው።
944,8,Warning,መስሪያ ቤት አትግባ፣ አደገኛ ነው።
945,1,Complaint,ተማሪዎች ከ ስብሰባ ጋር ችግር አለው።
946,3,Promise,እነሱ አሁን ትመጣለች ብሎ ቃል ገብቷል።
947,0,Assertion,ደንበኞች ዜና አለው።
948,1,Complaint,ሁልጊዜ ጤና ይጎድላል።
949,5,Request,ይህን መጽሐፍ ማየት እችላለሁ?
950,7,Suggestion,ምናልባት ዘገይተኛ ድል መግዛት?
951,0,Assertion,ሰላም አሮጌ ነው።
952,4,Refusal,ደንበኞች ፊልም አይፈልግም።
953,7,Suggestion,እንደእኔ አስተያየት ድል መቀየር ይሻላል።
954,6,Sarcasm/Irony,ምግብ ቤት በጣም ውድ ነው፣ ግን ዋጋው አለው... (በቀልድ)።
955,4,Refusal,ተማሪው ስልጠና አይፈልግም።
956,2,Phatic,እንዴት አመሸህ ጓደኛዬ?
957,0,Assertion,ድል ርካሽ ነው።
958,7,Suggestion,ምናልባት ትልቅ ዜና መግዛት?
959,4,Refusal,እናቴ ሰላም አይፈልግም።
960,3,Promise,እኔ ሆቴል አላረሳም።
961,1,Complaint,ሁልጊዜ እርዳታ ይጎድላል።
962,2,Phatic,ምን አዲስ ነገር አለ አሁን ባለሙያው?
963,4,Refusal,አይ፣ ምግብ ቤት አልችልም።
964,4,Refusal,ደንበኞች ሰላም አይፈልግም።
965,6,Sarcasm/Irony,አዎ፣ ውሃ በጣም አስፈላጊ ነው ለሁሉም... (በተቃራኒ)።
966,2,Phatic,ምን ዜና አለ ወጣቱ?
967,4,Refusal,ተማሪው ሙያ አይፈልግም።
968,5,Request,እህቴ ስብሰባ ማግኘት ይችላል?
969,7,Suggestion,ምናልባት አዲስ ምግብ መግዛት?
970,1,Complaint,ለምን ሰራተኞች ብር አልሰጠኝም?
971,1,Complaint,ይህ ህንፃ በጣም አደገኛ ነው፣ አልወድም።
972,3,Promise,በእርግጥ መንገድ አደርጋለሁ።
973,3,Promise,በቅርቡ እህቶች ክፍያ ያመጣል።
974,8,Warning,ይህን ድልድይ አታድርግ።
975,4,Refusal,አባቴ መንገድ አይፈልግም።
976,6,Sarcasm/Irony,እርግጥ ነው፣ ብር በጣም ርካሽ ነው... (በአስቂኝ)።
977,0,Assertion,እድል አስደሳች ነው።
978,6,Sarcasm/Irony,ሹፌሩ ሁልጊዜ በጊዜው ይመጣል... (በቀልድ)።
979,8,Warning,ተጠንቀቅ! ድል ርካሽ ነው።
980,4,Refusal,እሷ ዕድል አይፈልግም።
981,2,Phatic,ምን ዜና አለ ሐኪሞች?
982,2,Phatic,ደስ ብሎኛል ስለሰማሁሽ አዛውንቱ።
983,4,Refusal,እኔ እቅድ አልቀበልም።
984,6,Sarcasm/Irony,እንዴት ያለ ጥሩ ኮንትራት ነው! (በተቃራኒ)።
985,5,Request,ይህን ውሃ ማየት እችላለሁ?
986,0,Assertion,ታካሚዎች ደብዳቤ አለው።
987,8,Warning,አባቴ ኮንትራት አትንካ።
988,4,Refusal,ተማሪዎች ሀሳብ አይፈልግም።
989,6,Sarcasm/Irony,እርግጥ፣ በወር ይሆናል... (በአስቂኝ)።
990,7,Suggestion,አባቴ አገልግሎት ቢጠቀም ይሻላል።
991,2,Phatic,ምን ዜና አለ ከ ትምህርት ቤት ገበሬዎች?
992,4,Refusal,ተማሪው ቁልፍ አይፈልግም።
993,7,Suggestion,አዛውንቱ ቅጣት ቢያደርግ ይሻላል።
994,6,Sarcasm/Irony,ወንድሜ ሁልጊዜ ትክክል ነው... (በሳቅ)።
995,7,Suggestion,ልጄ መንገድ ቢያደርግ ይሻላል።
996,8,Warning,ተጠንቀቅ! መድሃኒት ደህንነቱ የተጠበቀ ነው።
997,1,Complaint,አሁን አስተማሪው ቦታ አላገኘም።
998,1,Complaint,ጎረቤቴ ስብሰባ ስለ አስደሳች መሆኑ ያማርራል።
999,8,Warning,ተጠንቀቅ! ዜና አዲስ ነው።
1000,1,Complaint,ለምን አለቆች እድል አልሰጠኝም?
1001,1,Complaint,ባለሙያው ስለ ምግብ ቤት ቅሬታ አለው።
1002,8,Warning,አትርሳ እረፍት።
1003,5,Request,አስተናጋጁ ስልጠና ማግኘት ይችላል?
1004,3,Promise,ልጄ በቀን ይመጣል ብሎ ቃል ገብቷል።
1005,8,Warning,ይህ አስቸጋሪ ነው፣ ተጠንቀቅ።
1006,4,Refusal,ወጣቶች መኪና አይፈልግም።
1007,3,Promise,ይህን ውሃ እጠብቃለሁ።
1008,4,Refusal,አልፈልግም።
1009,6,Sarcasm/Irony,ይህ በጣም ከባድ ሀሳብ ነው... (በሳቅ)።
1010,3,Promise,ገበሬዎች ከዚህ በኋላ ይመጣል ብሎ ቃል ገብቷል።
1011,7,Suggestion,እናቶች ክፍያ ቢያደርግ ይሻላል።
1012,8,Warning,ተጠንቀቅ! ገንዘብ ፈጣን ነው።
1013,1,Complaint,ሁልጊዜ ቁልፍ ይጎድላል።
1014,3,Promise,ተማሪዎች በማታ ትመጣለች ብሎ ቃል ገብቷል።
1015,4,Refusal,ሐኪሙ አገልግሎት አይፈልግም።
1016,2,Phatic,መልካም ሳምንት ወዳጄ።
1017,8,Warning,አለቆች ሆቴል አትንካ።
1018,2,Phatic,እንዴት ነው ስራሽ በቅርቡ?
1019,2,Phatic,መልካም ቀን እንግዶች።
1020,0,Assertion,እረፍት ደስ የሚል ነው።
1021,6,Sarcasm/Irony,እንዴት ያለ ፍጹም ፈቃድ ነው! (በሳቅ)።
1022,0,Assertion,በማለዳ እናቴ ትምህርት ቤት ነበር።
1023,6,Sarcasm/Irony,ታካሚዎች ሁልጊዜ በጊዜው ይመጣል... (በቀልድ)።
1024,1,Complaint,ወጣቱ ስለ ቁልፍ ቅሬታ አለው።
1025,5,Request,አባቶች እርዳታ ማግኘት ይችላል?
1026,4,Refusal,ገበሬዎች ችግር አይፈልግም።
1027,6,Sarcasm/Irony,አዎ፣ ወንድሜ በጣም ብልህ ነው... (በተቃራኒ)።
1028,5,Request,አንተ ክፍያ ማግኘት ይችላል?
1029,5,Request,አባቶች ቦታ ማግኘት ይችላል?
1030,4,Refusal,እኔ ገንዘብ አይፈልግም።
1031,4,Refusal,ሴቶች ድል አይፈልግም።
1032,6,Sarcasm/Irony,ሴቶች ሁልጊዜ ትክክል ነው... (በሳቅ)።
1033,2,Phatic,ጤናማ ቀን ይሁንልሽ ከ መንደር።
1034,3,Promise,እኔ መኪና እሰጥሃለሁ።
1035,5,Request,እህቶች ሙዚቃ ማግኘት ይችላል?
1036,8,Warning,አስተማሪው ሽልማት አትንካ።
1037,5,Request,ጓደኛዬ ምግብ ማግኘት ይችላል?
1038,5,Request,ይህን ገንዘብ ማየት እችላለሁ?
1039,8,Warning,ተጠንቀቅ! ድል አሮጌ ነው።
1040,1,Complaint,ተማሪው ከ አገልግሎት ጋር ችግር አለው።
1041,8,Warning,ልጄ ስልጠና አትንካ።
1042,7,Suggestion,እንዴት ቢሆን ጨዋታ ብናደርግ?
1043,7,Suggestion,ነጋዴዎች ብር ቢጠቀም ይሻላል።
1044,1,Complaint,ለምን ንግግር እንዲህ አስፈላጊ ነው?
1045,2,Phatic,ጤናማ ቀን ይሁንልሽ ከ ቤት።
1046,7,Suggestion,ምናልባት ደስ የሚል ምግብ ቤት መግዛት?
1047,2,Phatic,እንዴት ነው ጤንነትሽ አለቆች?
1048,4,Refusal,ጓደኛዬ ወረቀት አይፈልግም።
1049,0,Assertion,ባለቤቴ ዛሬ መንደር ይገኛል።
1050,2,Phatic,በሰላም እንገናኝ ተማሪው።
1051,1,Complaint,በፍጥነት ገበሬዎች ኮምፒውተር አላገኘም።
1052,0,Assertion,እውነቱን ለመናገር ቅጣት አስፈላጊ ነው።
1053,3,Promise,ቃል እገባለሁ እድል እንደሚሆን።
1054,3,Promise,ወንድሞች አሁን ትመጣለች ብሎ ቃል ገብቷል።
1055,4,Refusal,እኛ ቦታ አይፈልግም።
1056,4,Refusal,ተማሪው ሽልማት አይፈልግም።
1057,2,Phatic,እንዴት አመሹ እናንተ?
1058,2,Phatic,ደህና ሁኚ ነጋዴዎች።
1059,7,Suggestion,አስተናጋጁ ዕድል ቢጠቀም ይሻላል።
1060,7,Suggestion,ምናልባት መጥፎ ሽልማት መግዛት?
1061,2,Phatic,በደህና ሂጂ እህቴ።
1062,8,Warning,ይህ አደገኛ ነው፣ ተጠንቀቅ።
1063,8,Warning,ተጠንቀቅ! ጉዞ ደስ የሚል ነው።
1064,7,Suggestion,አባቴ መንገድ ቢጠቀም ይሻላል።
1065,3,Promise,ቃል እገባለሁ ስብሰባ እንደሚሆን።
1066,1,Complaint,ለምን እረፍት እንዲህ አሮጌ ነው?
1067,8,Warning,ተጠንቀቅ! ምግብ አዲስ ነው።
1068,8,Warning,እሷ ትምህርት አትንካ።
1069,6,Sarcasm/Irony,እንዴት ያለ ጥሩ ህንፃ ነው! (በተቃራኒ)።
1070,6,Sarcasm/Irony,አዎ፣ ዕረፍት በጣም ጥሩ ጥራት አለው... (በአስቂኝ)።
1071,8,Warning,ተጠንቀቅ! ውሃ አስፈላጊ ነው።
1072,2,Phatic,ሰላም እናቴ፣ ምን ሰራሽ?
1073,1,Complaint,በሰዓት አንቺ እርዳታ አላገኘም።
1074,5,Request,አንድ ሰው እቅድ ማግኘት ይችላል?
1075,7,Suggestion,ምናልባት ደስ የሚል ሙዚቃ መግዛት?
1076,6,Sarcasm/Irony,እንዴት ያለ ትንሽ ሀሳብ ነው! (በሳቅ)።
1077,8,Warning,ተጠንቀቅ፣ ሰራተኛው ይመጣል።
1078,4,Refusal,ሰራተኛው እርዳታ አይፈልግም።
1079,8,Warning,አትርሳ እድል።
1080,0,Assertion,በወር ሐኪሞች ሐረር ነበር።
1081,7,Suggestion,እኛ መኪና ቢያደርግ ይሻላል።
1082,2,Phatic,እንዴት ነው ስራህ ከዚህ በፊት?
1083,1,Complaint,ለምን ልጆች እቅድ አልሰጠኝም?
1084,2,Phatic,በሰላም ኑር ወጣቶች።
1085,8,Warning,አትርሳ እቅድ።
1086,7,Suggestion,እነሱ ፈቃድ ቢጠቀም ይሻላል።
1087,6,Sarcasm/Irony,እንዴት ቦታ በጣም ቀላል ነው! (በተቃራኒ)።
1088,5,Request,ባለቤቴ ወረቀት ማግኘት ይችላል?
1089,0,Assertion,ይህ ዜና ጥሩ መሆኑን እረጋገጣለሁ።
1090,2,Phatic,እንዴት ነው ስራሽ በፍጥነት?
1091,1,Complaint,እሷ ድልድይ ስለ ርካሽ መሆኑ ያማርራል።
1092,4,Refusal,ወጣቱ ስልክ አይፈልግም።
1093,7,Suggestion,እኔ እረፍት ቢያደርግ ይሻላል።
1094,1,Complaint,ለምን እኛ መድሃኒት አልሰጠኝም?
1095,4,Refusal,ጓደኛዬ ጉዞ አይፈልግም።
1096,8,Warning,ባለሙያው ብር አትንካ።
1097,6,Sarcasm/Irony,እንዴት ደንበኞች በጣም ፈጣን ነው! (በአስቂኝ)።
1098,7,Suggestion,ምናልባት ከባድ ህንፃ መግዛት?
1099,0,Assertion,ቅጣት አሮጌ ነው።
1100,2,Phatic,ቤተሰብህ ደህና ናቸው እህቶች?
1101,3,Promise,ዛሬ አባቴ ዕረፍት ታመጣለች።
1102,1,Complaint,እናቴ ገንዘብ ስለ አደገኛ መሆኑ ያማርራል።
1103,5,Request,እርዳኝ ክፍያ ለማግኘት።
1104,8,Warning,ተጠንቀቅ! ወረቀት ዘገይተኛ ነው።
1105,0,Assertion,እኔ መጽሔት እንደሚያስፈልግ አውቃለሁ።
1106,0,Assertion,መኪና በጣም ውድ ነው።
1107,1,Complaint,ጓደኛዬ ስለ ደብዳቤ ቅሬታ አለው።
1108,5,Request,እባክዎ መኪና ያድርጉልኝ።
1109,2,Phatic,መልካም ምሽት ከ ከተማ።
1110,7,Suggestion,ምናልባት አሮጌ መንገድ መግዛት?
1111,8,Warning,ተጠንቀቅ! ደብዳቤ ንጹህ ነው።
1112,3,Promise,እንግዶች ከዚህ በፊት ትመጣለች ብሎ ቃል ገብቷል።
1113,3,Promise,በጊዜው ባለቤቴ ክፍያ ታመጣለች።
1114,3,Promise,በሳምንት እህቶች ሆቴል ያመጣል።
1115,0,Assertion,ጓደኛዬ ይቆጠራል ብዙ ጊዜ።
1116,5,Request,ወጣቱ ህንፃ ማግኘት ይችላል?
1117,1,Complaint,ገበሬዎች ከ አገልግሎት ጋር ችግር አለው።
1118,7,Suggestion,ምናልባት ደስ የሚል ሙያ መግዛት?
1119,0,Assertion,ስብሰባ ቀላል ነው።
1120,7,Suggestion,እኔ መረጃ ቢያደርግ ይሻላል።
1121,7,Suggestion,መምህራን እረፍት ቢጠቀም ይሻላል።
1122,6,Sarcasm/Irony,እርግጥ ነው፣ ውሃ በጣም ርካሽ ነው... (በአስቂኝ)።
1123,5,Request,ተማሪዎች ጉዞ ማግኘት ይችላል?
1124,1,Complaint,እህቶች ከ ውሳኔ ጋር ችግር አለው።
1125,1,Complaint,ዛሬ አስተማሪው ትምህርት አላገኘም።
1126,3,Promise,እኔ በሰዓት ይመጣል ብሎ ቃል ገብቷል።
1127,4,Refusal,ሐኪሙ ምክር አይፈልግም።
1128,1,Complaint,ዛሬ ገበሬዎች ንግግር አላገኘም።
1129,6,Sarcasm/Irony,ሁሉም ሰው ጉዞ ይወዳል... (በአስቂኝ)።
1130,7,Suggestion,እኔ ስልጠና እንድታደርግ እመክራለሁ።
1131,2,Phatic,በሰላም እንገናኝ አንቺ።
1132,1,Complaint,ይህ ፈቃድ በጣም ውድ ነው፣ አልወድም።
1133,2,Phatic,ደህና እንደምትሆኚ ተስፋ አደርጋለሁ ነጋዴዎች።
1134,5,Request,ወጣቶች መንገድ ማግኘት ይችላል?
1135,6,Sarcasm/Irony,አዎ፣ ሰላም በጣም አስፈላጊ ነው... (በተቃራኒ)።
1136,7,Suggestion,ይህን ፊልም መሞከር ጥሩ ነው።
1137,2,Phatic,በጣም ደስ ብሎኛል ከዚህ በኋላ ሁሉም።
1138,5,Request,እባክዎ ውሳኔ ያድርጉልኝ።
1139,3,Promise,እናቴ በፍጥነት ትመጣለች ብሎ ቃል ገብቷል።
1140,2,Phatic,በሰላም ኑር አንቺ።
1141,4,Refusal,ይቅርታ፣ ቤት አልሰጥም።
1142,0,Assertion,ወዳጄ ሀሳብ ዘገይተኛ ይታወቃል።
1143,8,Warning,ተጠንቀቅ! ዕረፍት ጥሩ ነው።
1144,8,Warning,አንዳንድ ሰዎች ስልክ አትንካ።
1145,7,Suggestion,ምናልባት ውድ ቦታ መግዛት?
1146,0,Assertion,ብር በጣም ቀላል ነው።
1147,6,Sarcasm/Irony,አንቺ ሁልጊዜ ትክክለኛ ውሳኔ ያደርጋል... (በቀልድ)።
1148,5,Request,አንዳንድ ሰዎች ውሳኔ ማግኘት ይችላል?
1149,4,Refusal,ወዳጄ መረጃ አይፈልግም።
1150,7,Suggestion,አለቃዬ ህንፃ ቢያደርግ ይሻላል።
1151,3,Promise,ነገ አንቺ ጤና ታመጣለች።
1152,6,Sarcasm/Irony,እንዴት ያለ ፍጹም መፍትሄ ነው! (በሳቅ)።
1153,2,Phatic,ጤና ይስጥልኝ አንድ ሰው።
1154,2,Phatic,ሰላምታዬን አቀርባለሁ ከ አዋሳ።
1155,7,Suggestion,እናቶች ደብዳቤ ቢጠቀም ይሻላል።
1156,6,Sarcasm/Irony,እርግጥ፣ መንገድ በጣም ውድ ነው... (በአስቂኝ)።
1157,2,Phatic,ደህና ሁን ወንድሞች።
1158,8,Warning,ተጠንቀቅ! መንገድ መጥፎ ነው።
1159,1,Complaint,እሷ ሀሳብ ስለ መጥፎ መሆኑ ያማርራል።
1160,8,Warning,ይህ ስራ አደገኛ ነው።
1161,1,Complaint,አለቆች ስለ ድርጊት ቅሬታ አለው።
1162,4,Refusal,እኔ ኮንትራት አልቀበልም።
1163,2,Phatic,ምን ዜና አለ አንዳንድ ሰዎች?
1164,7,Suggestion,እናንተ ኮምፒውተር ቢያደርግ ይሻላል።
1165,8,Warning,ተጠንቀቅ! ገንዘብ ቀላል ነው።
1166,4,Refusal,አስተናጋጁ ሰላም አይፈልግም።
1167,8,Warning,ተጠንቀቅ! ስብሰባ ንጹህ ነው።
1168,6,Sarcasm/Irony,አዎ፣ መንገድ በጣም ጥሩ ጥራት አለው... (በአስቂኝ)።
1169,5,Request,ወንድሜ ኮምፒውተር ማግኘት ይችላል?
1170,0,Assertion,ወጣቱ ፕሮጀክት አለው።
1171,1,Complaint,ሰላም አልሰራም፣ ችግር አለ።
1172,0,Assertion,ልጆች ትምህርት አላት።
1173,7,Suggestion,ምናልባት ደስ የሚል ብር መግዛት?
1174,1,Complaint,ወንድሜ ህንፃ ስለ ትንሽ መሆኑ ያማርራል።
1175,0,Assertion,ሙያ በጣም ትልቅ ነው።
1176,3,Promise,ወጣቶች በወር ትመጣለች ብሎ ቃል ገብቷል።
1177,6,Sarcasm/Irony,አባቴ ሁልጊዜ ትክክል ነው... (በሳቅ)።
1178,2,Phatic,በሰላም እንገናኝ ትናንት።
1179,4,Refusal,ወጣቱ ወረቀት አይፈልግም።
1180,3,Promise,በማለዳ ሰራተኞች ፈቃድ ያመጣል።
1181,4,Refusal,አስተናጋጁ ኮምፒውተር አይፈልግም።
1182,2,Phatic,ሰላምታዬን አቀርባለሁ ወንድሞች።
1183,0,Assertion,ጤና በጣም ቀላል ነው።
1184,6,Sarcasm/Irony,በጣም አስቸጋሪ ነው፣ ማንም አያውቅም... (በሳቅ)።
1185,4,Refusal,አይ፣ ብር አልችልም።
1186,8,Warning,ተጠንቀቅ! ሙዚቃ ርካሽ ነው።
1187,0,Assertion,ሰራተኞች በወር መቀሌ ይገኛል።
1188,2,Phatic,በሰላም ኑሪ ተማሪዎች።
1189,7,Suggestion,አንዳንድ ሰዎች ዜና ቢጠቀም ይሻላል።
1190,8,Warning,ተጠንቀቅ! ዕረፍት ደህንነቱ የተጠበቀ ነው።
1191,0,Assertion,እነሱ በቅርቡ ጎንደር ይገኛል።
1192,1,Complaint,በቀን እንግዶች ንግግር አላገኘም።
1193,8,Warning,እናቴ ፊልም አትንካ።
1194,1,Complaint,ጓደኛዬ ትምህርት ስለ ፈጣን መሆኑ ያማርራል።
1195,0,Assertion,ወንድሜ አሁን መቀሌ ይገኛል።
1196,8,Warning,ይህን ገንዘብ አታድርግ።
1197,8,Warning,አንድ ሰው ህንፃ አትንካ።
1198,5,Request,ጓደኛዬ ድርጊት ማግኘት ይችላል?
1199,6,Sarcasm/Irony,አንቺ ሁልጊዜ ይረዳል... (በቀልድ)።
1200,1,Complaint,ለምን ሙዚቃ እንዲህ ደስ የሚል ነው?
1201,8,Warning,ይህን ብር አታድርግ።
1202,7,Suggestion,አንዳንድ ሰዎች እቅድ ቢጠቀም ይሻላል።
1203,7,Suggestion,እኔ ድል እንድታደርግ እመክራለሁ።
1204,1,Complaint,ይህ ዜና በጣም አስቸጋሪ ነው፣ አልወድም።
1205,1,Complaint,ሁልጊዜ ትምህርት ይጎድላል።
1206,1,Complaint,ሁልጊዜ ህንፃ ይጎድላል።
1207,7,Suggestion,አንዳንድ ሰዎች ምግብ ቤት ቢጠቀም ይሻላል።
1208,0,Assertion,አንድ ሰው ይታወቃል ብዙ ጊዜ።
1209,7,Suggestion,እንዴት ቢሆን ሆስፒታል ብንሄድ?
1210,8,Warning,አንተ ችግር አትንካ።
1211,5,Request,ተማሪው መጽሐፍ ማግኘት ይችላል?
1212,3,Promise,ነጋዴዎች ዛሬ ትመጣለች ብሎ ቃል ገብቷል።
1213,6,Sarcasm/Irony,ዳኛው ሁልጊዜ ትክክል ነው፣ እርግጥ ነው... (በሳቅ)።
1214,5,Request,እባክህ አሁን ና።
1215,4,Refusal,እንግዶች ጨዋታ አይፈልግም።
1216,0,Assertion,አለቆች ይሻላል ብዙ ጊዜ።
1217,0,Assertion,ይህ እረፍት ከባድ መሆኑን እረጋገጣለሁ።
1218,0,Assertion,እውነቱን ለመናገር ፈቃድ አስፈላጊ ነው።
1219,3,Promise,ከዚህ በፊት አስተማሪው መንገድ ታመጣለች።
1220,1,Complaint,በሰዓት እሷ ሰላም አላገኘም።
1221,8,Warning,ተጠንቀቅ! ችግር ትንሽ ነው።
1222,8,Warning,ተማሪዎች እረፍት አትንካ።
1223,0,Assertion,ትናንት አስተናጋጁ ባህር ዳር ነበር።
1224,6,Sarcasm/Irony,ሁሉም ሰው ቅጣት ይወዳል... (በአስቂኝ)።
1225,3,Promise,ነገ ልጆች ሙያ ያመጣል።
1226,6,Sarcasm/Irony,አዎ፣ ኮምፒውተር በጣም አስፈላጊ ነው... (በተቃራኒ)።
1227,8,Warning,ዳኛው ስልክ አትንካ።
1228,0,Assertion,አዛውንቶች ቤት ትንሽ ይታወቃል።
1229,1,Complaint,ይህ ስልጠና በጣም አሮጌ ነው፣ አልወድም።
1230,0,Assertion,ፖሊሱ ንግግር አለው።
1231,0,Assertion,እናቴ በጊዜው ገበያ ይገኛል።
1232,4,Refusal,አዛውንቱ ቦታ አይፈልግም።
1233,3,Promise,በወር ሐኪሞች ዕረፍት ታመጣለች።
1234,7,Suggestion,እናቶች ምግብ ቢያደርግ ይሻላል።
1235,1,Complaint,ለምን ደንበኞች ምግብ አልሰጠኝም?
1236,5,Request,እባክህ ስልጠና ስጠኝ።
1237,6,Sarcasm/Irony,እንዴት ጓደኛዬ በጣም ፈጣን ነው! (በአስቂኝ)።
1238,3,Promise,በቀን ሁሉም ስልጠና ያመጣል።
1239,6,Sarcasm/Irony,አዎ፣ እህቴ በጣም ብልህ ነው... (በተቃራኒ)።
1240,6,Sarcasm/Irony,እርግጥ ነው፣ በሳምንት ሁሉም ደስተኛ ነው... (በአስቂኝ)።
1241,2,Phatic,ምን አዲስ ነገር አለ ትናንት አዛውንቱ?
1242,4,Refusal,ገበሬዎች ስልጠና አይፈልግም።
1243,4,Refusal,ሐኪሙ ጉብኝት አይፈልግም።
1244,6,Sarcasm/Irony,በጣም አስፈላጊ ነው፣ ማንም አያውቅም... (በሳቅ)።
1245,0,Assertion,እውነቱን ለመናገር ቦታ አስደሳች ነው።
1246,5,Request,እናቴ ደስታ ማግኘት ይችላል?
1247,6,Sarcasm/Irony,እንዴት አስደሳች ሁኔታ ነው! (በቀልድ)።
1248,6,Sarcasm/Irony,እርግጥ ነው፣ ሰላም በጣም አዲስ ነው... (በቀልድ)።
1249,6,Sarcasm/Irony,እንዴት ሰራተኞች በጣም ፈጣን ነው! (በአስቂኝ)።
1250,2,Phatic,ምን አዲስ ነገር አለ እህቴ?
1251,8,Warning,ይህን ችግር አታድርግ።
1252,4,Refusal,ወዳጄ ድርጊት አይፈልግም።
1253,3,Promise,በሰዓት አንድ ሰው ወረቀት ታመጣለች።
1254,2,Phatic,በጣም ደስ ብሎኛል ስለተገናኘን ብዙ ሰዎች።
1255,6,Sarcasm/Irony,አዎ፣ ይህ አገልግሎት በጣም ጠቃሚ ነው... (በሳቅ)።
1256,8,Warning,ተጠንቀቅ፣ ጓደኞች ይመጣል።
1257,8,Warning,እኛ ድርጊት አትንካ።
1258,1,Complaint,ገበሬዎች ስለ ስብሰባ ቅሬታ አለው።
1259,4,Refusal,ተማሪዎች እቅድ አይፈልግም።
1260,3,Promise,አሁን አለቆች መጽሐፍ ያመጣል።
1261,2,Phatic,ደህና እንደምትሆን ከ ባህር ዳር ተስፋ አደርጋለሁ።
1262,3,Promise,ቃል እገባለሁ ድልድይ እንደሚሆን።
1263,2,Phatic,በጣም ደስ ብሎኛል ስለተገናኘን ተማሪው።
1264,3,Promise,በእርግጠኝነት ከተማ እገኛለሁ።
1265,4,Refusal,ይህን ችግር ማድረግ አልችልም።
1266,3,Promise,አሁን አዛውንቱ ቁልፍ ያመጣል።
1267,3,Promise,በጊዜው አንተ ምክር ታመጣለች።
1268,5,Request,ሴቶች ፕሮጀክት ማግኘት ይችላል?
1269,3,Promise,አትጨነቅ፣ አገልግሎት እከፍላለሁ።
1270,3,Promise,እሱ ከዚህ በፊት ትመጣለች ብሎ ቃል ገብቷል።
1271,3,Promise,እኔ መረጃ አላረሳም።
1272,3,Promise,እነሱ ከዚህ በኋላ ይመጣል ብሎ ቃል ገብቷል።
1273,2,Phatic,እንኳን ለልደትሽ አደረሰ እህቶች።
1274,7,Suggestion,እኔ ደስታ እንድታደርግ እመክራለሁ።
1275,8,Warning,ተጠንቀቅ! ሙያ ንጹህ ነው።
1276,8,Warning,አባቴ ትምህርት አትንካ።
1277,8,Warning,አባቴ መጽሐፍ አትንካ።
1278,4,Refusal,እነሱ ሙዚቃ አይፈልግም።
1279,0,Assertion,ይህ ውሳኔ ፈጣን መሆኑን እረጋገጣለሁ።
1280,5,Request,ይህን ትምህርት ማየት እችላለሁ?
1281,1,Complaint,አንተ ዜና ስለ አሮጌ መሆኑ ያማርራል።
1282,3,Promise,አትጨነቅ፣ ፈቃድ እከፍላለሁ።
1283,6,Sarcasm/Irony,አዎ፣ ይህ እረፍት በጣም ጠቃሚ ነው... (በሳቅ)።
1284,4,Refusal,እህቶች ጊዜ አይፈልግም።
1285,0,Assertion,ኮምፒውተር በጣም ፈጣን ነው።
1286,2,Phatic,ምን ዜና አለ ሹፌሩ?
1287,3,Promise,እናቶች በማታ ይመጣል ብሎ ቃል ገብቷል።
1288,8,Warning,ተጠንቀቅ! ምክር ደስ የሚል ነው።
1289,3,Promise,ወዳጄ ነገ ትመጣለች ብሎ ቃል ገብቷል።
1290,0,Assertion,እናቴ ይቻላል ብዙ ጊዜ።
1291,0,Assertion,ዛሬ ወንዶች አዋሳ ነበር።
1292,2,Phatic,በሰላም እንገናኝ ተማሪዎች።
1293,3,Promise,አትጨነቅ፣ ሰላም እከፍላለሁ።
1294,0,Assertion,እኔ ስራ እንደሚያስፈልግ አውቃለሁ።
1295,6,Sarcasm/Irony,እንዴት እቅድ በጣም ቀላል ነው! (በተቃራኒ)።
1296,1,Complaint,በቀን አባቴ መድሃኒት አላገኘም።
1297,7,Suggestion,አንተ ምግብ ቢጠቀም ይሻላል።
1298,7,Suggestion,ምናልባት ትናንት ብንገናኝ?
1299,5,Request,ጎረቤቴ መድሃኒት ማግኘት ይችላል?
1300,3,Promise,በሰዓት እንግዶች ንግግር ታመጣለች።
1301,2,Phatic,ደህና እንደምትሆን ተስፋ አደርጋለሁ እህቶች።
1302,6,Sarcasm/Irony,እንዴት ህንፃ በጣም ቀላል ነው! (በተቃራኒ)።
1303,2,Phatic,እንኳን ደህና መጣሽ በቅርቡ።
1304,8,Warning,አትርሳ ሆቴል።
1305,2,Phatic,ሰላም አለቆች፣ ምን ሰራህ?
1306,7,Suggestion,አዛውንቱ አገልግሎት ቢጠቀም ይሻላል።
1307,2,Phatic,እንኳን ደህና መጣሽ ሴቶች።
1308,1,Complaint,አንቺ ስለ ሙያ ቅሬታ አለው።
1309,1,Complaint,ለምን አንቺ ኮንትራት አልሰጠኝም?
1310,3,Promise,አስተናጋጁ ከዚህ በኋላ ይመጣል ብሎ ቃል ገብቷል።
1311,7,Suggestion,ምናልባት ከባድ ቁልፍ መግዛት?
1312,4,Refusal,ተማሪዎች ዜና አይፈልግም።
1313,3,Promise,በቅርቡ አባቶች ሰላም ያመጣል።
1314,3,Promise,በማታ ሐኪሞች ዕረፍት ያመጣል።
1315,5,Request,ይህን ስራ ማየት እችላለሁ?
1316,3,Promise,በእርግጥ እረፍት አደርጋለሁ።
1317,8,Warning,አደጋ አለ! ክፍያ ተጠንቀቅ።
1318,8,Warning,ይህን ጤና አታድርግ።
1319,1,Complaint,በማታ ወጣቶች ዜና አላገኘም።
1320,8,Warning,ተጠንቀቅ! እርዳታ ጥሩ ነው።
1321,2,Phatic,ጤናማ ቀን ይሁንልህ ሐኪሙ።
1322,6,Sarcasm/Irony,ሐኪሞች ሁልጊዜ ትክክለኛ ውሳኔ ያደርጋል... (በቀልድ)።
1323,5,Request,እናንተ ስብሰባ ማግኘት ይችላል?
1324,0,Assertion,አንተ አለች ብዙ ጊዜ።
1325,2,Phatic,በሰላም ኑሪ እሷ።
1326,6,Sarcasm/Irony,እንዴት ችግር በጣም ቀላል ነው! (በተቃራኒ)።
1327,5,Request,እባክህ መድሃኒት ስጠኝ።
1328,2,Phatic,በሰላም እንገናኝ ከ ሬስቶራንት።
1329,4,Refusal,ይቅርታ፣ ሀሳብ አልሰጥም።
1330,2,Phatic,እንዴት አደሩ ባለሙያው?
1331,3,Promise,አንዳንድ ሰዎች በማለዳ ይመጣል ብሎ ቃል ገብቷል።
1332,8,Warning,ተጠንቀቅ! መንገድ ትንሽ ነው።
1333,3,Promise,በእርግጥ ውሃ አደርጋለሁ።
1334,8,Warning,ተጠንቀቅ! መረጃ ጥሩ ነው።
1335,6,Sarcasm/Irony,በጣም ከባድ ነው፣ ማንም አያውቅም... (በሳቅ)።
1336,8,Warning,ተጠንቀቅ፣ አለቆች ይመጣል።
1337,2,Phatic,እንዴት ነው ሁኔታው ገበያ እሱ?
1338,7,Suggestion,ወንዶች መኪና ቢጠቀም ይሻላል።
1339,8,Warning,ተጠንቀቅ! መረጃ ትልቅ ነው።
1340,1,Complaint,ለምን አንተ እድል አልሰጠኝም?
1341,1,Complaint,ለምን አባቶች ክፍያ አልሰጠኝም?
1342,2,Phatic,እንዴት ነህ ተማሪዎች ዛሬ?
1343,1,Complaint,ይህ ዕረፍት በጣም ርካሽ ነው፣ አልወድም።
1344,7,Suggestion,እንዴት ቢሆን ሰላም ብናደርግ?
1345,7,Suggestion,ዳኛው ቅጣት ቢጠቀም ይሻላል።
1346,2,Phatic,ሰላም እሷ፣ ምን አለ?
1347,1,Complaint,ልጄ ስለ ዕረፍት ቅሬታ አለው።
1348,7,Suggestion,እነሱ ውሃ ቢያደርግ ይሻላል።
1349,4,Refusal,ባለቤቴ ጊዜ አይፈልግም።
1350,6,Sarcasm/Irony,እርግጥ፣ ሬስቶራንት በጣም ቆንጆ ነው... (በሳቅ)።
1351,5,Request,ሰራተኞች ድልድይ ማግኘት ይችላል?
1352,0,Assertion,ኮምፒውተር በጣም ዘገይተኛ ነው።
1353,0,Assertion,ልጄ ጤና ፈጣን ይቆጠራል።
1354,2,Phatic,በጣም ደስ ብሎኛል በሰዓት ወንድሞች።
1355,8,Warning,አንዳንድ ሰዎች ችግር አትንካ።
1356,8,Warning,አደጋ አለ! ኮንትራት ተጠንቀቅ።
1357,8,Warning,ተጠንቀቅ! ክፍያ ፈጣን ነው።
1358,6,Sarcasm/Irony,እነሱ ሁልጊዜ በጊዜው ይመጣል... (በቀልድ)።
1359,7,Suggestion,ምናልባት ዕረፍት ማድረግ ይሻላል።
1360,4,Refusal,እኛ ሙዚቃ አይፈልግም።
1361,2,Phatic,ሰላምታ ከ መቀሌ ሰራተኛው።
1362,4,Refusal,ይቅርታ፣ እረፍት አልሰጥም።
1363,2,Phatic,እግዚአብሔር ከጎንህ ይሁን እኛ።
1364,3,Promise,ተማሪው ነገ ትመጣለች ብሎ ቃል ገብቷል።
1365,2,Phatic,እንኳን ደህና መጣችሁ።
1366,2,Phatic,ደህና ሁኚ አባቶች ከ ሆስፒታል።
1367,1,Complaint,ታካሚዎች ስለ ድልድይ ቅሬታ አለው።
1368,8,Warning,ሴቶች አገልግሎት አትንካ።
1369,4,Refusal,መምህራን ወረቀት አይፈልግም።
1370,3,Promise,በእርግጠኝነት መንገድ እገኛለሁ።
1371,8,Warning,ተጠንቀቅ! ምግብ ንጹህ ነው።
1372,0,Assertion,ሰራተኞች መንገድ አለው።
1373,4,Refusal,እህቶች ህንፃ አይፈልግም።
1374,0,Assertion,እናንተ ሽልማት አለው።
1375,1,Complaint,መምህራን ስልክ ስለ ውድ መሆኑ ያማርራል።
1376,6,Sarcasm/Irony,ተማሪዎች ሁልጊዜ ትክክል ነው... (በሳቅ)።
1377,8,Warning,አደጋ አለ! ጊዜ ተጠንቀቅ።
1378,1,Complaint,ለምን ጊዜ እንዲህ ፈጣን ነው?
1379,8,Warning,ባለሙያው ፊልም አትንካ።
1380,6,Sarcasm/Irony,ቦታ በጣም ውድ ነው፣ ግን ዋጋው አለው... (በቀልድ)።
1381,4,Refusal,አይ፣ ኮምፒውተር አልችልም።
1382,4,Refusal,መምህራን ጉዞ አይፈልግም።
1383,2,Phatic,እንኳን ለልደትህ አደረሰ ሰራተኛው።
1384,1,Complaint,ወንድሞች ስለ ድል ቅሬታ አለው።
1385,2,Phatic,እግዚአብሔር ይጠብቅህ እህቴ።
1386,5,Request,ይህን ቁልፍ ማየት እችላለሁ?
1387,2,Phatic,ሰላም እሷ፣ እንዴት ነው ሁኔታው?
1388,4,Refusal,ነጋዴዎች ስልክ አይፈልግም።
1389,6,Sarcasm/Irony,እርግጥ፣ ባለቤቴ በጣም ታማኝ ነው... (በአስቂኝ)።
1390,6,Sarcasm/Irony,እርግጥ ነው፣ ገንዘብ በጣም አዲስ ነው... (በቀልድ)።
1391,0,Assertion,ጓደኛዬ ጊዜ ጥሩ አለች።
1392,3,Promise,በሰዓት ሹፌሩ ዕድል ያመጣል።
1393,8,Warning,ገበሬዎች ክፍያ አትንካ።
1394,1,Complaint,መምህራን ቦታ ስለ ከባድ መሆኑ ያማርራል።
1395,1,Complaint,ዛሬ ሴቶች ድል አላገኘም።
1396,5,Request,ጎረቤቴ ጨዋታ ማግኘት ይችላል?
1397,1,Complaint,በሳምንት ሐኪሞች ሽልማት አላገኘም።
1398,6,Sarcasm/Irony,እንዴት ያለ ጥሩ ድል ነው! (በተቃራኒ)።
1399,8,Warning,ሹፌሩ ኮምፒውተር አትንካ።
1400,1,Complaint,ሀሳብ አልሰራም፣ ችግር አለ።
1401,5,Request,እባክዎ ምግብ ቤት ያድርጉልኝ።
1402,0,Assertion,ሹፌሩ በጊዜው ከተማ ይገኛል።
1403,3,Promise,ዛሬ ባለሙያው ዜና ታመጣለች።
1404,2,Phatic,በጣም ደስ ብሎኛል ባለቤቴ።
1405,3,Promise,አንቺ ነገ ይመጣል ብሎ ቃል ገብቷል።
1406,0,Assertion,እውነቱን ለመናገር ውሃ ትልቅ ነው።
1407,6,Sarcasm/Irony,እነሱ ሁልጊዜ ትክክል ነው፣ እርግጥ ነው... (በሳቅ)።
1408,7,Suggestion,ፖሊሱ ችግር ቢያደርግ ይሻላል።
1409,1,Complaint,እሱ ከ አገልግሎት ጋር ችግር አለው።
1410,3,Promise,አትጨነቅ፣ ሆቴል እከፍላለሁ።
1411,2,Phatic,እንዴት አለፍሽ ከ ጎንደር እናንተ?
1412,5,Request,እባክዎ ጨዋታ ያድርጉልኝ።
1413,2,Phatic,እግዚአብሔር ይባርክሽ ከ ባንክ።
1414,4,Refusal,ወጣቱ ደብዳቤ አይፈልግም።
1415,7,Suggestion,ይህን ሙዚቃ መሞከር ጥሩ ነው።
1416,4,Refusal,ወዳጄ ስልጠና አይፈልግም።
1417,1,Complaint,ለምን አስተማሪው ጨዋታ አልሰጠኝም?
1418,8,Warning,ተጠንቀቅ! ሆቴል ከባድ ነው።
1419,4,Refusal,እናንተ ሆቴል አይፈልግም።
1420,0,Assertion,ብር ርካሽ ነው።
1421,5,Request,ጓደኞች ዜና ማግኘት ይችላል?
1422,0,Assertion,ድልድይ በጣም ደህንነቱ የተጠበቀ ነው።
1423,3,Promise,ይህን ፕሮጀክት እጠብቃለሁ።
1424,0,Assertion,አዛውንቱ ሀሳብ አላት።
1425,5,Request,ነጋዴዎች መድሃኒት ማግኘት ይችላል?
1426,2,Phatic,በጣም ደስ ብሎኛል በሰዓት አዛውንቱ።
1427,6,Sarcasm/Irony,እንዴት ያለ ጥሩ መጽሐፍ ነው! (በተቃራኒ)።
1428,0,Assertion,ቅጣት በጣም ቀላል ነው።
1429,1,Complaint,ይህ ሙያ በጣም ንጹህ ነው፣ አልወድም።
1430,8,Warning,ተማሪው ጊዜ አትንካ።
1431,8,Warning,ተጠንቀቅ በሳምንት።
1432,3,Promise,ዛሬ ፖሊሱ መንገድ ታመጣለች።
1433,1,Complaint,ይህ ደስታ በጣም ንጹህ ነው፣ አልወድም።
1434,7,Suggestion,ወዳጄ ፕሮጀክት ቢጠቀም ይሻላል።
1435,7,Suggestion,ወንድሞች ገንዘብ ቢያደርግ ይሻላል።
1436,7,Suggestion,ወጣቱ ሽልማት ቢጠቀም ይሻላል።
1437,8,Warning,አንዳንድ ሰዎች ምግብ አትንካ።
1438,6,Sarcasm/Irony,ጉዞ በጣም ውድ ነው፣ ግን ዋጋው አለው... (በቀልድ)።
1439,5,Request,እባክህ ዕረፍት ስጠኝ።
1440,1,Complaint,ብዙ ሰዎች ደብዳቤ ስለ ቀላል መሆኑ ያማርራል።
1441,4,Refusal,ይህን ዕድል ማድረግ አልችልም።
1442,4,Refusal,አባቴ ሆቴል አይፈልግም።
1443,3,Promise,በወር መምህራን ቅጣት ያመጣል።
1444,5,Request,ከፈቀድሽ እረፍት ውሰድ።
1445,0,Assertion,እኔ ቅጣት እንደሚያስፈልግ አውቃለሁ።
1446,8,Warning,ሴቶች ጨዋታ አትንካ።
1447,2,Phatic,መልካም ምሽት እሱ።
1448,2,Phatic,ጤናማ ቀን ይሁንልሽ ከ ገበያ።
1449,1,Complaint,ለምን አለቆች አገልግሎት አልሰጠኝም?
1450,8,Warning,ተጠንቀቅ! ኮንትራት ውድ ነው።
1451,2,Phatic,በሰላም እንገናኝ ሐኪሞች።
1452,1,Complaint,ይህ መኪና በጣም አሮጌ ነው፣ አልወድም።
1453,3,Promise,ነገ ባለሙያው ድል ታመጣለች።
1454,3,Promise,በጊዜው ወጣቱ ህንፃ ታመጣለች።
1455,5,Request,ይህን ፈቃድ ማየት እችላለሁ?
1456,6,Sarcasm/Irony,ልጄ በጣም ብልህ ነው፣ አልሳሳም... (በአስቂኝ)።
1457,0,Assertion,እናቴ በጊዜው ባንክ ይገኛል።
1458,1,Complaint,አባቶች ከ መፍትሄ ጋር ችግር አለው።
1459,1,Complaint,ለምን ድርጊት እንዲህ አስፈላጊ ነው?
1460,4,Refusal,ባለሙያው መኪና አይፈልግም።
1461,5,Request,ደንበኞች ቅጣት ማግኘት ይችላል?
1462,4,Refusal,ጎረቤቴ እርዳታ አይፈልግም።
1463,6,Sarcasm/Irony,አዎ፣ ስራ በጣም አስፈላጊ ነው... (በተቃራኒ)።
1464,2,Phatic,ሰላምታ ከ መስሪያ ቤት ለ ሁሉም።
1465,5,Request,ፖሊሱ ዜና ማግኘት ይችላል?
1466,4,Refusal,ፖሊሱ ድርጊት አይፈልግም።
1467,4,Refusal,ወጣቱ ጤና አይፈልግም።
1468,6,Sarcasm/Irony,አዎ ባለቤቴ በጣም ፈጣን ነው... (በቀልድ)።
1469,6,Sarcasm/Irony,እርግጥ ነው፣ ስልክ በጣም ያሳዝናል ነው... (በቀልድ)።
1470,4,Refusal,ጓደኛዬ ክፍያ አይፈልግም።
1471,6,Sarcasm/Irony,አዎ እሱ በጣም ፈጣን ነው... (በቀልድ)።
1472,1,Complaint,ለምን ሐኪሞች ምግብ አልሰጠኝም?
1473,7,Suggestion,ምናልባት ሆቴል ማድረግ ይሻላል።
1474,1,Complaint,ለምን ጤና እንዲህ አዲስ ነው?
1475,5,Request,እባክሽ ሙዚቃ ስጠኝ።
1476,4,Refusal,ባለሙያው ቅጣት አይፈልግም።
1477,0,Assertion,ድልድይ አስፈላጊ ነው።
1478,7,Suggestion,ይህን ወረቀት መሞከር ጥሩ ነው።
1479,3,Promise,እናቴ አሁን ትመጣለች ብሎ ቃል ገብቷል።
1480,4,Refusal,አንድ ሰው ቁልፍ አይፈልግም።
1481,1,Complaint,ለምን ስራ እንዲህ ትልቅ ነው?
1482,1,Complaint,በወር አለቆች ዕረፍት አላገኘም።
1483,3,Promise,በወር እህቶች ቁልፍ ያመጣል።
1484,4,Refusal,ሐኪሞች ቦታ አይፈልግም።
1485,0,Assertion,እኔ መኪና እንደሚያስፈልግ አውቃለሁ።
1486,6,Sarcasm/Irony,እርግጥ ነው፣ ስራ በጣም ርካሽ ነው... (በአስቂኝ)።
1487,4,Refusal,ተማሪው ሰላም አይፈልግም።
1488,4,Refusal,አለቆች ምግብ አይፈልግም።
1489,7,Suggestion,ማንም መፍትሄ ቢያደርግ ይሻላል።
1490,0,Assertion,ነጋዴዎች ይመስላል ብዙ ጊዜ።
1491,8,Warning,ተጠንቀቅ! ስልጠና ትልቅ ነው።
1492,1,Complaint,ተማሪው ህንፃ ስለ ያሳዝናል መሆኑ ያማርራል።
1493,0,Assertion,አዛውንቶች መፍትሄ አለው።
1494,5,Request,ሐኪሞች ክፍያ ማግኘት ይችላል?
1495,0,Assertion,እውነቱን ለመናገር ብር አደገኛ ነው።
1496,0,Assertion,ይህ ሀሳብ ቀላል መሆኑን እረጋገጣለሁ።
1497,2,Phatic,ጤናማ ቀን ከ ፓርክ።
1498,4,Refusal,እናቴ ክፍያ አይፈልግም።
1499,1,Complaint,ሁሉም ከ እረፍት ጋር ችግር አለው።
1500,8,Warning,አደጋ አለ! ደስታ ተጠንቀቅ።
1501,8,Warning,አዛውንቱ ደብዳቤ አትንካ።
1502,6,Sarcasm/Irony,አዎ፣ ወረቀት በጣም አስፈላጊ ነው ለሁሉም... (በተቃራኒ)።
1503,8,Warning,ተጠንቀቅ፣ ማንም ይመጣል።
1504,0,Assertion,እውነቱን ለመናገር ምክር ፈጣን ነው።
1505,7,Suggestion,አንቺ ሙያ ቢጠቀም ይሻላል።
1506,3,Promise,እናቴ በወር ይመጣል ብሎ ቃል ገብቷል።
1507,3,Promise,አለቃዬ ከዚህ በፊት ይመጣል ብሎ ቃል ገብቷል።
1508,5,Request,ወዳጄ እድል ማግኘት ይችላል?
1509,7,Suggestion,ወንድሜ ክፍያ ቢያደርግ ይሻላል።
1510,7,Suggestion,ምናልባት አስፈላጊ እድል መግዛት?
1511,2,Phatic,እንኳን ደህና መጣሽ አስተማሪው።
1512,4,Refusal,እኛ ምግብ አይፈልግም።
1513,2,Phatic,እግዚአብሔር ይጠብቅህ እናቶች።
1514,5,Request,ወንዶች ምክር ማግኘት ይችላል?
1515,0,Assertion,ፖሊሱ ናቸው ብዙ ጊዜ።
1516,1,Complaint,ለምን እናንተ ምግብ አልሰጠኝም?
1517,4,Refusal,አባቶች ድርጊት አይፈልግም።
1518,1,Complaint,ሹፌሩ ስለ ምክር ቅሬታ አለው።
1519,1,Complaint,ባለሙያው ከ ንግግር ጋር ችግር አለው።
1520,5,Request,እንግዶች ፊልም ማግኘት ይችላል?
1521,7,Suggestion,ምናልባት በፍጥነት ብንገናኝ?
1522,6,Sarcasm/Irony,እንዴት እድል በጣም ቀላል ነው! (በተቃራኒ)።
1523,7,Suggestion,ምናልባት ደስ የሚል አገልግሎት መግዛት?
1524,6,Sarcasm/Irony,እርግጥ፣ አስተማሪው በጣም ታማኝ ነው... (በአስቂኝ)።
1525,8,Warning,ተጠንቀቅ! መጽሐፍ ከባድ ነው።
1526,8,Warning,ተጠንቀቅ! ድርጊት አስቸጋሪ ነው።
1527,3,Promise,እኔ ክፍያ እሰጥሻለሁ።
1528,1,Complaint,ደንበኞች ስራ ስለ ትልቅ መሆኑ ያማርራል።
1529,2,Phatic,እንደገና እንገናኝ በጊዜው ከ አዋሳ።
1530,7,Suggestion,እንግዶች እረፍት ቢጠቀም ይሻላል።
1531,3,Promise,እኛ በቀን ይመጣል ብሎ ቃል ገብቷል።
1532,6,Sarcasm/Irony,አለቆች ሁልጊዜ በጊዜው ይመጣል... (በቀልድ)።
1533,7,Suggestion,እንደእኔ አስተያየት ገንዘብ መቀየር ይሻላል።
1534,8,Warning,ፓርክ አትግባ፣ አደገኛ ነው።
1535,0,Assertion,ሹፌሩ ከዚህ በኋላ መቀሌ ይገኛል።
1536,5,Request,እርዳኝ ኮምፒውተር ለማግኘት።
1537,0,Assertion,ጉብኝት በጣም ደህንነቱ የተጠበቀ ነው።
1538,0,Assertion,ጎረቤቴ ስብሰባ አለው።
1539,4,Refusal,እናቴ ውሳኔ አይፈልግም።
1540,8,Warning,እህቴ መንገድ አትንካ።
1541,5,Request,ማንም ችግር ማግኘት ይችላል?
1542,0,Assertion,ይህ ኮንትራት አሮጌ መሆኑን እረጋገጣለሁ።
1543,1,Complaint,ይህ ደስታ በጣም መጥፎ ነው፣ አልወድም።
1544,3,Promise,በቅርቡ ተማሪው ኮምፒውተር ያመጣል።
1545,2,Phatic,ሰላምታዬን ለቤተሰብህ አቀርባለሁ ሴቶች።
1546,1,Complaint,ጓደኛዬ ከ ጤና ጋር ችግር አለው።
1547,7,Suggestion,ምናልባት ገንዘብ ማድረግ ይሻላል።
1548,5,Request,እህቶች ሽልማት ማግኘት ይችላል?
1549,1,Complaint,ለምን ፖሊሱ ችግር አልሰጠኝም?
1550,8,Warning,ተጠንቀቅ! ድል መጥፎ ነው።
1551,2,Phatic,እንዴት ነህ አለቆች በማለዳ?
1552,0,Assertion,እኔ ገንዘብ እንደሚያስፈልግ አውቃለሁ።
1553,6,Sarcasm/Irony,እህቶች ሁልጊዜ በጊዜው ይመጣል... (በቀልድ)።
1554,5,Request,አንተ ስብሰባ ማግኘት ይችላል?
1555,3,Promise,ሴቶች በፍጥነት ይመጣል ብሎ ቃል ገብቷል።
1556,2,Phatic,እንኳን ለበዓል አደረሰህ በቀን።
1557,8,Warning,ተጠንቀቅ! እድል ከባድ ነው።
1558,3,Promise,አዛውንቱ ነገ ይመጣል ብሎ ቃል ገብቷል።
1559,0,Assertion,እውነቱን ለመናገር ስራ ከባድ ነው።
1560,4,Refusal,ማንም ሀሳብ አይፈልግም።
1561,6,Sarcasm/Irony,እንዴት ውድ ሁኔታ ነው! (በቀልድ)።
1562,8,Warning,ተጠንቀቅ፣ ሐኪሙ ይመጣል።
1563,0,Assertion,እናንተ ይመስላል ብዙ ጊዜ።
1564,8,Warning,ይህን እቅድ አታድርግ።
1565,4,Refusal,እህቶች መጽሔት አይፈልግም።
1566,2,Phatic,እግዚአብሔር ይባርክህ ከ አዋሳ።
1567,5,Request,ልጄ ክፍያ ማግኘት ይችላል?
1568,1,Complaint,ድል አልሰራም፣ ችግር አለ።
1569,0,Assertion,እውነቱን ለመናገር ውሃ ቀላል ነው።
1570,8,Warning,ተጠንቀቅ በቅርቡ።
1571,8,Warning,ይህን ፊልም አታድርግ።
1572,2,Phatic,ደህና እንደምትሆኚ በሰዓት ተስፋ አደርጋለሁ።
1573,3,Promise,በሳምንት ጓደኞች ሀሳብ ያመጣል።
1574,4,Refusal,ባለቤቴ ቤት አይፈልግም።
1575,1,Complaint,ይህ ዜና በጣም ያሳዝናል ነው፣ አልወድም።
1576,3,Promise,ትናንት ማንም ስልክ ያመጣል።
1577,2,Phatic,ሰላም ጓደኞች፣ እንዴት ነው ሁኔታው ከዚህ በፊት?
1578,6,Sarcasm/Irony,አባቴ በጣም ብልህ ነው፣ አልሳሳም... (በአስቂኝ)።
1579,1,Complaint,ልጄ እረፍት ስለ አዲስ መሆኑ ያማርራል።
1580,1,Complaint,ሁልጊዜ ንግግር ይጎድላል።
1581,3,Promise,ይህን ሰላም እጠብቃለሁ።
1582,0,Assertion,ባለሙያው ውሃ አስቸጋሪ አለ።
1583,4,Refusal,ባለሙያው እርዳታ አይፈልግም።
1584,0,Assertion,ይህ ስልክ አስቸጋሪ መሆኑን እረጋገጣለሁ።
1585,0,Assertion,እቅድ አሮጌ ነው።
1586,6,Sarcasm/Irony,እንዴት አስፈላጊ ገንዘብ ነው! (በቀልድ)።
1587,4,Refusal,አለቆች ቦታ አይፈልግም።
1588,4,Refusal,አስተማሪው ስራ አይፈልግም።
1589,4,Refusal,እናቶች ስራ አይፈልግም።
1590,5,Request,እባክህ ጨዋታ አስረዳኝ።
1591,0,Assertion,ወንድሞች እረፍት ፈጣን ይታያል።
1592,8,Warning,ወጣቱ ውሃ አትንካ።
1593,8,Warning,ነጋዴዎች እርዳታ አትንካ።
1594,5,Request,እህቴ ውሃ ማግኘት ይችላል?
1595,0,Assertion,ጎረቤቴ በማለዳ ፓርክ ይገኛል።
1596,3,Promise,እሱ በሳምንት ይመጣል ብሎ ቃል ገብቷል።
1597,4,Refusal,አይ፣ ዕድል አልችልም።
1598,6,Sarcasm/Irony,እንዴት እንግዶች በጣም ፈጣን ነው! (በአስቂኝ)።
1599,0,Assertion,ወንዶች ይታያል ብዙ ጊዜ።
1600,8,Warning,አትርሳ ዕድል።
1601,5,Request,አባቴ ውሳኔ ማግኘት ይችላል?
1602,0,Assertion,አንድ ሰው ውሃ ደህንነቱ የተጠበቀ ይመስላል።
1603,6,Sarcasm/Irony,በጣም ደስ የሚል ነው፣ ምንም አደጋ የለም... (በሳቅ)።
1604,7,Suggestion,አስተማሪው ችግር ቢጠቀም ይሻላል።
1605,1,Complaint,ለምን ወረቀት እንዲህ ጥሩ ነው?
1606,0,Assertion,እሷ በቀን ባንክ ይገኛል።
1607,3,Promise,ከዚህ በፊት እህቴ ውሳኔ ያመጣል።
1608,0,Assertion,አዛውንቱ ገንዘብ አላት።
1609,7,Suggestion,እኔ ቅጣት እንድታደርግ እመክራለሁ።
1610,7,Suggestion,እንደእኔ አስተያየት ዜና መቀየር ይሻላል።
1611,1,Complaint,ሁልጊዜ ኮንትራት ይጎድላል።
1612,8,Warning,እነሱ ሙያ አትንካ።
1613,6,Sarcasm/Irony,ጎረቤቴ ሁልጊዜ ትክክል ነው... (በሳቅ)።
1614,8,Warning,ማንም ፊልም አትንካ።
1615,6,Sarcasm/Irony,አዎ፣ ትምህርት ቤት በጣም ደህንነቱ የተጠበቀ ነው... (በተቃራኒ)።
1616,6,Sarcasm/Irony,አዎ፣ ፊልም በጣም አስፈላጊ ነው ለሁሉም... (በተቃራኒ)።
1617,8,Warning,አትርሳ መኪና።
1618,7,Suggestion,ምናልባት ርካሽ ህንፃ መግዛት?
1619,4,Refusal,ወዳጄ እረፍት አይፈልግም።
1620,3,Promise,አዛውንቶች በቀን ይመጣል ብሎ ቃል ገብቷል።
1621,2,Phatic,መልካም ምሽት ከ ቢሮ ባለቤቴ።
1622,7,Suggestion,ባለቤቴ ጊዜ ቢያደርግ ይሻላል።
1623,8,Warning,ወንዶች ቦታ አትንካ።
1624,5,Request,ባለሙያው እረፍት ማግኘት ይችላል?
1625,7,Suggestion,እናንተ ሀሳብ ቢጠቀም ይሻላል።
1626,8,Warning,ባለቤቴ ሙዚቃ አትንካ።
1627,8,Warning,አለቃዬ መንገድ አትንካ።
1628,2,Phatic,እግዚአብሔር ይጠብቅሽ እኔ።
1629,6,Sarcasm/Irony,መምህራን በጣም ብልህ ነው፣ አልሳሳም... (በአስቂኝ)።
1630,5,Request,እሱ ሆቴል ማግኘት ይችላል?
1631,0,Assertion,እውነቱን ለመናገር ፊልም አስቸጋሪ ነው።
1632,4,Refusal,መምህራን ጤና አይፈልግም።
1633,5,Request,እባክዎ መጽሔት ያድርጉልኝ።
1634,7,Suggestion,ምናልባት አደገኛ ምክር መግዛት?
1635,7,Suggestion,እናንተ ብር ቢያደርግ ይሻላል።
1636,0,Assertion,ትናንት ብዙ ሰዎች ባንክ ነበር።
1637,0,Assertion,አንተ ስብሰባ አስቸጋሪ አሉ።
1638,3,Promise,አዛውንቱ በማለዳ ይመጣል ብሎ ቃል ገብቷል።
1639,8,Warning,ይህ ሰላም አደገኛ ነው።
1640,3,Promise,በሰዓት ዳኛው ድልድይ ታመጣለች።
1641,1,Complaint,ደንበኞች ከ ስልክ ጋር ችግር አለው።
1642,0,Assertion,ጓደኛዬ ዜና ርካሽ ይቆጠራል።
1643,5,Request,እርዳኝ መረጃ ለማግኘት።
1644,4,Refusal,ሰራተኞች ደብዳቤ አይፈልግም።
1645,4,Refusal,አንዳንድ ሰዎች ድርጊት አይፈልግም።
1646,0,Assertion,ደንበኞች ይመስላል ብዙ ጊዜ።
1647,8,Warning,አትርሳ ብር።
1648,4,Refusal,አዛውንቶች ሀሳብ አይፈልግም።
1649,7,Suggestion,እንዴት ቢሆን ሽልማት ብናደርግ?
1650,0,Assertion,ብር በጣም ንጹህ ነው።
1651,3,Promise,ከዚህ በፊት አለቃዬ ወረቀት ታመጣለች።
1652,4,Refusal,ወንድሞች እድል አይፈልግም።
1653,2,Phatic,ደህና ሁን በሳምንት ወጣቱ።
1654,0,Assertion,ይህ መንገድ ጥሩ መሆኑን እረጋገጣለሁ።
1655,3,Promise,እኔ ኮምፒውተር አላረሳም።
1656,0,Assertion,ይህ ብር አደገኛ መሆኑን እረጋገጣለሁ።
1657,7,Suggestion,እንደእኔ አስተያየት ቤት መቀየር ይሻላል።
1658,2,Phatic,በጣም ደስ ብሎኛል ስላየሁሽ በማለዳ።
1659,8,Warning,ተጠንቀቅ! መንገድ አዲስ ነው።
1660,8,Warning,እሱ ምግብ ቤት አትንካ።
1661,3,Promise,አለቃዬ ትናንት ይመጣል ብሎ ቃል ገብቷል።
1662,4,Refusal,እነሱ መጽሔት አይፈልግም።
1663,4,Refusal,ደንበኞች ጤና አይፈልግም።
1664,7,Suggestion,ምናልባት አሁን ብንገናኝ?
1665,8,Warning,ባለቤቴ ንግግር አትንካ።
1666,3,Promise,ሰራተኞች ከዚህ በኋላ ይመጣል ብሎ ቃል ገብቷል።
1667,1,Complaint,እንግዶች ስለ ችግር ቅሬታ አለው።
1668,1,Complaint,ለምን ሽልማት እንዲህ ርካሽ ነው?
1669,0,Assertion,ይህ ቅጣት ርካሽ መሆኑን እረጋገጣለሁ።
1670,7,Suggestion,እኔ እድል እንድታደርግ እመክራለሁ።
1671,3,Promise,ወንድሞች ትናንት ትመጣለች ብሎ ቃል ገብቷል።
1672,3,Promise,በወር ሹፌሩ ዕረፍት ያመጣል።
1673,7,Suggestion,አባቶች ጨዋታ ቢያደርግ ይሻላል።
1674,6,Sarcasm/Irony,መጽሔት በጣም ውድ ነው፣ ግን ዋጋው አለው... (በቀልድ)።
1675,6,Sarcasm/Irony,አባቶች ሁልጊዜ ትክክል ነው፣ እርግጥ ነው... (በሳቅ)።
1676,1,Complaint,በሰዓት ጓደኛዬ ክፍያ አላገኘም።
1677,7,Suggestion,ሴቶች ሀሳብ ቢጠቀም ይሻላል።
1678,6,Sarcasm/Irony,ልጆች በጣም ብልህ ነው፣ አልሳሳም... (በአስቂኝ)።
1679,6,Sarcasm/Irony,እንዴት ያለ ጥሩ ድልድይ ነው! (በተቃራኒ)።
1680,5,Request,ወዳጄ ድል ማግኘት ይችላል?
1681,7,Suggestion,ይህን መፍትሄ መሞከር ጥሩ ነው።
1682,2,Phatic,ጤና ይስጥልኝ ፖሊሱ።
1683,8,Warning,አዛውንቶች እርዳታ አትንካ።
1684,1,Complaint,እነሱ ከ ጨዋታ ጋር ችግር አለው።
1685,5,Request,እህቶች ሙያ ማግኘት ይችላል?
1686,0,Assertion,አዛውንቱ በቀን ባህር ዳር ይገኛል።
1687,6,Sarcasm/Irony,አዎ፣ ቤተ ክርስቲያን በጣም ደህንነቱ የተጠበቀ ነው... (በተቃራኒ)።
1688,8,Warning,ተጠንቀቅ! ዕረፍት ያሳዝናል ነው።
1689,3,Promise,እኔ ሀሳብ እሰጥሻለሁ።
1690,8,Warning,እነሱ ፕሮጀክት አትንካ።
1691,8,Warning,ይህን መንገድ አታድርግ።
1692,5,Request,ሐኪሙ ስራ ማግኘት ይችላል?
1693,3,Promise,አለቆች በወር ትመጣለች ብሎ ቃል ገብቷል።
1694,6,Sarcasm/Irony,እንዴት ያለ ፍጹም ጤና ነው! (በሳቅ)።
1695,3,Promise,ይህን ቁልፍ እጠብቃለሁ።
1696,1,Complaint,ሰራተኛው ከ ዜና ጋር ችግር አለው።
1697,7,Suggestion,እኛ ምክር ቢጠቀም ይሻላል።
1698,3,Promise,ወንድሜ በፍጥነት ይመጣል ብሎ ቃል ገብቷል።
1699,8,Warning,ይህ አስደሳች ነው፣ ተጠንቀቅ።
1700,3,Promise,እኔ ብር አላረሳም።
1701,1,Complaint,እናቴ ድርጊት ስለ ትልቅ መሆኑ ያማርራል።
1702,3,Promise,አንዳንድ ሰዎች አሁን ይመጣል ብሎ ቃል ገብቷል።
1703,3,Promise,እናንተ በሰዓት ይመጣል ብሎ ቃል ገብቷል።
1704,7,Suggestion,እሱ መጽሔት ቢጠቀም ይሻላል።
1705,7,Suggestion,እንዴት ቢሆን ጊዜ ብናደርግ?
1706,8,Warning,አትርሳ ድልድይ።
1707,6,Sarcasm/Irony,ሁሉም ሰው ስራ ይወዳል... (በአስቂኝ)።
1708,8,Warning,ተጠንቀቅ! ስራ ቀላል ነው።
1709,5,Request,ጎረቤቴ ቅጣት ማግኘት ይችላል?
1710,8,Warning,አደጋ አለ! ፕሮጀክት ተጠንቀቅ።
1711,5,Request,ብዙ ሰዎች ንግግር ማግኘት ይችላል?
1712,0,Assertion,ብዙ ሰዎች ይመስላል ብዙ ጊዜ።
1713,0,Assertion,ከዚህ በፊት ሁሉም ቤተ ክርስቲያን ነበር።
1714,1,Complaint,ይህ ዕድል በጣም አደገኛ ነው፣ አልወድም።
1715,0,Assertion,እናንተ አስፈላጊ ነው ብዙ ጊዜ።
1716,7,Suggestion,ወጣቱ ገንዘብ ቢጠቀም ይሻላል።
1717,6,Sarcasm/Irony,እንዴት ያለ አሮጌ ሀሳብ ነው! (በሳቅ)።
1718,0,Assertion,እነሱ ነው ብዙ ጊዜ።
1719,0,Assertion,በጊዜው ወዳጄ መቀሌ ነበር።
1720,8,Warning,አባቴ ደብዳቤ አትንካ።
1721,5,Request,እንግዶች ቤት ማግኘት ይችላል?
1722,1,Complaint,ሁሉም ከ ሆቴል ጋር ችግር አለው።
1723,6,Sarcasm/Irony,እርግጥ ነው፣ ወረቀት በጣም ትልቅ ነው... (በቀልድ)።
1724,0,Assertion,አዛውንቶች ነገ መንደር ይገኛል።
1725,5,Request,ሐኪሙ መረጃ ማግኘት ይችላል?
1726,5,Request,እባክሽ ምግብ ቤት ስጠኝ።
1727,7,Suggestion,ጎረቤቴ ድል ቢጠቀም ይሻላል።
1728,1,Complaint,አንድ ሰው ከ ድርጊት ጋር ችግር አለው።
1729,0,Assertion,እውነቱን ለመናገር ድል አስቸጋሪ ነው።
1730,1,Complaint,ከዚህ በኋላ እነሱ ደስታ አላገኘም።
1731,7,Suggestion,ምናልባት ፊልም ማድረግ ይሻላል።
1732,4,Refusal,ሴቶች ህንፃ አይፈልግም።
1733,3,Promise,ሰራተኞች ዛሬ ትመጣለች ብሎ ቃል ገብቷል።
1734,6,Sarcasm/Irony,አዎ፣ ይህ ያሳዝናል ሀሳብ ነው... (በሳቅ)።
1735,3,Promise,ሐኪሙ አሁን ትመጣለች ብሎ ቃል ገብቷል።
1736,0,Assertion,አለቆች ጉዞ አላት።
1737,8,Warning,ጓደኛዬ ዜና አትንካ።
1738,3,Promise,በማለዳ ሁሉም ቅጣት ታመጣለች።
1739,6,Sarcasm/Irony,እሷ ሁልጊዜ ትክክለኛ ውሳኔ ያደርጋል... (በቀልድ)።
1740,6,Sarcasm/Irony,አለቃዬ ሁልጊዜ በጊዜው ይመጣል... (በቀልድ)።
1741,7,Suggestion,ምናልባት ዘገይተኛ ሙያ መግዛት?
1742,4,Refusal,ይቅርታ፣ መፍትሄ አልሰጥም።
1743,1,Complaint,ተማሪው ከ ሙያ ጋር ችግር አለው።
1744,2,Phatic,ደህና ሁኑ አንተ።
1745,0,Assertion,ትናንት አባቴ መቀሌ ነበር።
1746,1,Complaint,ለምን ወጣቶች መረጃ አልሰጠኝም?
1747,8,Warning,ዳኛው ደስታ አትንካ።
1748,2,Phatic,እንኳን ለልደቱ አደረሰ ፖሊሱ።
1749,0,Assertion,ዳኛው ጊዜ አለው።
1750,4,Refusal,ልጆች አገልግሎት አይፈልግም።
1751,0,Assertion,ዕድል ደስ የሚል ነው።
1752,6,Sarcasm/Irony,አዎ፣ ይህ ቦታ በጣም ጠቃሚ ነው... (በሳቅ)።
1753,7,Suggestion,አባቴ እርዳታ ቢያደርግ ይሻላል።
1754,0,Assertion,እኔ ሆቴል አሮጌ አሉ።
1755,3,Promise,በእርግጥ ገንዘብ አደርጋለሁ።
1756,4,Refusal,አባቴ ዜና አይፈልግም።
1757,3,Promise,አሁን እኔ ፈቃድ ያመጣል።
1758,4,Refusal,እኔ እድል አይፈልግም።
1759,7,Suggestion,ምናልባት ከዚህ በኋላ ብንገናኝ?
1760,5,Request,አስተናጋጁ ኮምፒውተር ማግኘት ይችላል?
1761,8,Warning,አለቆች ፕሮጀክት አትንካ።
1762,8,Warning,ተጠንቀቅ! ስልጠና መጥፎ ነው።
1763,5,Request,እባክህ ውሳኔ ስጠኝ።
1764,8,Warning,ተጠንቀቅ! ውሳኔ ፈጣን ነው።
1765,8,Warning,ይህን አገልግሎት አታድርግ።
1766,6,Sarcasm/Irony,ሁሉም ሰው ድርጊት ይወዳል... (በአስቂኝ)።
1767,8,Warning,ተጠንቀቅ! መጽሐፍ ቀላል ነው።
1768,3,Promise,አሁን ፖሊሱ እረፍት ታመጣለች።
1769,6,Sarcasm/Irony,እርግጥ፣ መፍትሄ በጣም ውድ ነው... (በአስቂኝ)።
1770,7,Suggestion,ምናልባት ዘገይተኛ ምግብ መግዛት?
1771,1,Complaint,ይህ እርዳታ በጣም ዘገይተኛ ነው፣ አልወድም።
1772,6,Sarcasm/Irony,እርግጥ ነው፣ ህንፃ በጣም ርካሽ ነው... (በአስቂኝ)።
1773,1,Complaint,አንተ ስለ ቤት ቅሬታ አለው።
1774,0,Assertion,ፖሊሱ አለች ብዙ ጊዜ።
1775,1,Complaint,አሁን ሴቶች እድል አላገኘም።
1776,6,Sarcasm/Irony,እንዴት ያለ ጥሩ ስብሰባ ነው! (በተቃራኒ)።
1777,4,Refusal,እናቴ ድልድይ አይፈልግም።
1778,4,Refusal,ሐኪሞች መረጃ አይፈልግም።
1779,8,Warning,ተጠንቀቅ! ምግብ ቤት ውድ ነው።
1780,8,Warning,ተጠንቀቅ! ስልክ አደገኛ ነው።
1781,3,Promise,በሰዓት ሹፌሩ ጤና ታመጣለች።
1782,3,Promise,አሁን መምህራን መጽሐፍ ያመጣል።
1783,6,Sarcasm/Irony,ወጣቱ ሁልጊዜ ይረዳል... (በቀልድ)።
1784,3,Promise,እኔ ስልክ አላረሳም።
1785,5,Request,ሰራተኞች ክፍያ ማግኘት ይችላል?
1786,2,Phatic,እንደገና እንገናኝ ትናንት ከ መቀሌ።
1787,7,Suggestion,ምናልባት ርካሽ መንገድ መግዛት?
1788,0,Assertion,እኔ መንገድ እንደሚያስፈልግ አውቃለሁ።
1789,5,Request,መምህራን ቁልፍ ማግኘት ይችላል?
1790,3,Promise,ጓደኛዬ በማለዳ ይመጣል ብሎ ቃል ገብቷል።
1791,2,Phatic,ሰላም እናቴ፣ ምን ሰራህ?
1792,8,Warning,ዳኛው ችግር አትንካ።
1793,4,Refusal,ሰራተኞች ጤና አይፈልግም።
1794,3,Promise,በሰዓት አባቶች ድልድይ ያመጣል።
1795,2,Phatic,ደህና እንደምታድሪ ተስፋ አደርጋለሁ አባቴ።
1796,3,Promise,በጊዜው ሐኪሙ ብር ያመጣል።
1797,3,Promise,ሐኪሙ ትናንት ትመጣለች ብሎ ቃል ገብቷል።
1798,0,Assertion,እናቴ በጊዜው ሐረር ይገኛል።
1799,2,Phatic,ሰላም አለቃዬ፣ ምን ሰራሽ በቅርቡ?
1800,7,Suggestion,ፖሊሱ መረጃ ቢያደርግ ይሻላል።
1801,3,Promise,ይህን ኮንትራት እጠብቃለሁ።
1802,2,Phatic,ሰላም ወንዶች፣ እንዴት አለፈ በሰዓት?
1803,2,Phatic,ደህና ሁኑ ወጣቱ።
1804,7,Suggestion,ምናልባት ደስ የሚል ንግግር መግዛት?
1805,3,Promise,ሁሉም አሁን ይመጣል ብሎ ቃል ገብቷል።
1806,0,Assertion,አዛውንቱ ዕረፍት ትልቅ ይታያል።
1807,6,Sarcasm/Irony,እርግጥ ነው፣ ሽልማት በጣም ርካሽ ነው... (በአስቂኝ)።
1808,8,Warning,ይህን ጊዜ አታድርግ።
1809,6,Sarcasm/Irony,አዎ፣ ባህር ዳር በጣም ምቹ ነው... (በአስቂኝ)።
1810,1,Complaint,ደንበኞች ድርጊት ስለ ዘገይተኛ መሆኑ ያማርራል።
1811,4,Refusal,እናንተ ፕሮጀክት አይፈልግም።
1812,5,Request,እባክህ ድል አስረዳኝ።
1813,1,Complaint,ይህ መጽሐፍ በጣም አሮጌ ነው፣ አልወድም።
1814,8,Warning,አትርሳ መጽሔት።
1815,7,Suggestion,መምህራን ሰላም ቢጠቀም ይሻላል።
1816,1,Complaint,ለምን አዛውንቶች ፈቃድ አልሰጠኝም?
1817,0,Assertion,ወጣቶች በፍጥነት ትምህርት ቤት ይገኛል።
1818,3,Promise,ሹፌሩ በፍጥነት ትመጣለች ብሎ ቃል ገብቷል።
1819,5,Request,እሱ ንግግር ማግኘት ይችላል?
1820,8,Warning,እናቶች ኮምፒውተር አትንካ።
1821,4,Refusal,ነጋዴዎች መድሃኒት አይፈልግም።
1822,3,Promise,በወር አለቃዬ ድል ያመጣል።
1823,4,Refusal,ተማሪዎች ስብሰባ አይፈልግም።
1824,0,Assertion,ደብዳቤ ከባድ ነው።
1825,1,Complaint,ይህ ድል በጣም አስቸጋሪ ነው፣ አልወድም።
1826,7,Suggestion,ምናልባት ትልቅ እረፍት መግዛት?
1827,6,Sarcasm/Irony,እንዴት አዲስ እረፍት ነው! (በቀልድ)።
1828,3,Promise,በወር አንቺ ገንዘብ ታመጣለች።
1829,6,Sarcasm/Irony,እሷ ሁልጊዜ ይረዳል... (በቀልድ)።
1830,8,Warning,እህቴ ፈቃድ አትንካ።
1831,3,Promise,አለቃዬ በጊዜው ትመጣለች ብሎ ቃል ገብቷል።
1832,1,Complaint,ጨዋታ አልሰራም፣ ችግር አለ።
1833,5,Request,ወዳጄ ፕሮጀክት ማግኘት ይችላል?
1834,3,Promise,በሳምንት እኔ መጽሐፍ ያመጣል።
1835,8,Warning,አንተ ደብዳቤ አትንካ።
1836,5,Request,እባክዎ ቦታ ያድርጉልኝ።
1837,5,Request,ከፈቀድክ ፊልም ውሰድ።
1838,2,Phatic,ጤናማ ቀን ይሁንልህ አዛውንቱ።
1839,0,Assertion,ጨዋታ በጣም ደስ የሚል ነው።
1840,0,Assertion,ልጄ ትናንት አዲስ አበባ ይገኛል።
1841,8,Warning,ተጠንቀቅ፣ አለቃዬ ይመጣል።
1842,3,Promise,በማለዳ አንተ ምክር ታመጣለች።
1843,4,Refusal,አባቴ ጉዞ አይፈልግም።
1844,7,Suggestion,ምናልባት ደህንነቱ የተጠበቀ ድልድይ መግዛት?
1845,4,Refusal,አይ፣ ደብዳቤ አልችልም።
1846,7,Suggestion,ይህን ምክር መሞከር ጥሩ ነው።
1847,6,Sarcasm/Irony,አዎ፣ አሁን ሁሉም ዝግጁ ነው... (በተቃራኒ)።
1848,0,Assertion,ጓደኞች ነገ ጎንደር ይገኛል።
1849,2,Phatic,በሰላም ኑር አለቆች።
1850,6,Sarcasm/Irony,እርግጥ፣ ምግብ በጣም ውድ ነው... (በአስቂኝ)።
1851,7,Suggestion,ሐኪሙ እድል ቢጠቀም ይሻላል።
1852,7,Suggestion,ሰራተኛው ውሃ ቢጠቀም ይሻላል።
1853,1,Complaint,ለምን ፊልም እንዲህ ትልቅ ነው?
1854,4,Refusal,ገንዘብ አልፈልግም፣ አመሰግናለሁ።
1855,1,Complaint,በሰዓት አለቃዬ ቦታ አላገኘም።
1856,7,Suggestion,ተማሪው ክፍያ ቢጠቀም ይሻላል።
1857,7,Suggestion,ወጣቶች ስራ ቢያደርግ ይሻላል።
1858,7,Suggestion,አባቶች ክፍያ ቢያደርግ ይሻላል።
1859,6,Sarcasm/Irony,እናቴ በጣም ብልህ ነው፣ አልሳሳም... (በአስቂኝ)።
1860,6,Sarcasm/Irony,እሷ ሁልጊዜ በጊዜው ይመጣል... (በቀልድ)።
1861,7,Suggestion,ደንበኞች ቅጣት ቢጠቀም ይሻላል።
1862,7,Suggestion,እንዴት ቢሆን መቀሌ ብንሄድ?
1863,7,Suggestion,እንዴት ቢሆን ገንዘብ ብናደርግ?
1864,3,Promise,እኔ ውሳኔ እሰጥሃለሁ።
1865,2,Phatic,በሰላም እንገናኝ ከ ትምህርት ቤት።
1866,5,Request,ደንበኞች አገልግሎት ማግኘት ይችላል?
1867,1,Complaint,ተማሪው ደስታ ስለ ትንሽ መሆኑ ያማርራል።
1868,1,Complaint,ዛሬ ልጆች ስብሰባ አላገኘም።
1869,8,Warning,ባለቤቴ ኮምፒውተር አትንካ።
1870,0,Assertion,እኔ ስብሰባ እንደሚያስፈልግ አውቃለሁ።
1871,8,Warning,እኛ ህንፃ አትንካ።
1872,0,Assertion,ታካሚዎች በወር መንደር ይገኛል።
1873,8,Warning,ልጆች ቤት አትንካ።
1874,8,Warning,ሐኪሞች ገንዘብ አትንካ።
1875,0,Assertion,እሷ አስፈላጊ ነው ብዙ ጊዜ።
1876,5,Request,ተማሪው እርዳታ ማግኘት ይችላል?
1877,7,Suggestion,ልጆች ደብዳቤ ቢጠቀም ይሻላል።
1878,1,Complaint,ሁልጊዜ ስልጠና ይጎድላል።
1879,8,Warning,ወንድሞች ችግር አትንካ።
1880,6,Sarcasm/Irony,እህቴ በጣም ብልህ ነው፣ አልሳሳም... (በአስቂኝ)።
1881,3,Promise,እኔ መንገድ አላረሳም።
1882,4,Refusal,ሰራተኛው ፊልም አይፈልግም።
1883,6,Sarcasm/Irony,አዎ፣ ይህ ጊዜ በጣም ጠቃሚ ነው... (በሳቅ)።
1884,6,Sarcasm/Irony,እሷ በጣም ብልህ ነው፣ አልሳሳም... (በአስቂኝ)።
1885,4,Refusal,አንዳንድ ሰዎች ዕረፍት አይፈልግም።
1886,7,Suggestion,እንዴት ቢሆን ፊልም ብናደርግ?
1887,1,Complaint,ይህ ንግግር በጣም ጥሩ ነው፣ አልወድም።
1888,3,Promise,በማለዳ ብዙ ሰዎች ዕረፍት ያመጣል።
1889,2,Phatic,እንኳን ደህና መጣህ ከ ቤት።
1890,7,Suggestion,እንደእኔ አስተያየት ሽልማት መቀየር ይሻላል።
1891,4,Refusal,ተማሪዎች ውሃ አይፈልግም።
1892,5,Request,እባክህ ጉዞ ስጠኝ።
1893,5,Request,ልጆች ችግር ማግኘት ይችላል?
1894,0,Assertion,ፖሊሱ ይታያል ብዙ ጊዜ።
1895,2,Phatic,በሰላም እንገናኝ እህቴ።
1896,5,Request,ጓደኛዬ እድል ማግኘት ይችላል?
1897,5,Request,ሰራተኞች መፍትሄ ማግኘት ይችላል?
1898,4,Refusal,ጎረቤቴ ችግር አይፈልግም።
1899,7,Suggestion,እህቶች አገልግሎት ቢያደርግ ይሻላል።
1900,3,Promise,እኔ ጊዜ አላረሳም።
1901,5,Request,ልጆች ሀሳብ ማግኘት ይችላል?
1902,2,Phatic,ሰላም ፖሊሱ፣ እንዴት ነህ ከ ቤት?
1903,6,Sarcasm/Irony,እርግጥ፣ ችግር በጣም ውድ ነው... (በአስቂኝ)።
1904,0,Assertion,ስብሰባ በጣም አሮጌ ነው።
1905,5,Request,እባክዎ መስሪያ ቤት ይሂዱ።
1906,2,Phatic,እንዴት አለፍክ ከ ሆስፒታል አለቆች?
1907,0,Assertion,ይህ ቅጣት ፈጣን መሆኑን እረጋገጣለሁ።
1908,1,Complaint,እኔ ከ ወረቀት ጋር ችግር አለው።
1909,3,Promise,ተማሪዎች በፍጥነት ይመጣል ብሎ ቃል ገብቷል።
1910,3,Promise,ቃል እገባለሁ መድሃኒት እንደሚሆን።
1911,7,Suggestion,ምናልባት አስፈላጊ ዕድል መግዛት?
1912,6,Sarcasm/Irony,ደንበኞች ሁልጊዜ ይረዳል... (በቀልድ)።
1913,7,Suggestion,እኔ መንገድ እንድታደርግ እመክራለሁ።
1914,5,Request,እርዳኝ ድርጊት ለማግኘት።
1915,6,Sarcasm/Irony,አዎ ተማሪው በጣም ፈጣን ነው... (በቀልድ)።
1916,7,Suggestion,እኔ ምክር ቢጠቀም ይሻላል።
1917,3,Promise,በሳምንት እህቴ ክፍያ ያመጣል።
1918,0,Assertion,ወንድሞች ነገ መንገድ ይገኛል።
1919,3,Promise,ልጄ በሰዓት ይመጣል ብሎ ቃል ገብቷል።
1920,1,Complaint,ይህ ጨዋታ በጣም ርካሽ ነው፣ አልወድም።
1921,0,Assertion,እሱ ይቻላል ብዙ ጊዜ።
1922,0,Assertion,አለቃዬ ችግር አላት።
1923,6,Sarcasm/Irony,እርግጥ ነው፣ ከዚህ በፊት ሁሉም ይሳካል... (በተቃራኒ)።
1924,2,Phatic,ሰላም ሰራተኛው፣ ምን ሰራህ?
1925,7,Suggestion,ልጆች ሰላም ቢያደርግ ይሻላል።
1926,3,Promise,እኔ ሆቴል እሰጥሻለሁ።
1927,3,Promise,በሰዓት አለቆች ብር ታመጣለች።
1928,2,Phatic,ሰላም አንዳንድ ሰዎች፣ እንዴት አለፈ ቀኑ?
1929,8,Warning,አባቶች ሰላም አትንካ።
1930,1,Complaint,ብዙ ሰዎች መፍትሄ ስለ ዘገይተኛ መሆኑ ያማርራል።
1931,7,Suggestion,ምናልባት ያሳዝናል ሽልማት መግዛት?
1932,5,Request,ወጣቶች ሽልማት ማግኘት ይችላል?
1933,7,Suggestion,አለቃዬ መኪና ቢያደርግ ይሻላል።
1934,4,Refusal,ጓደኞች ምግብ ቤት አይፈልግም።
1935,0,Assertion,እህቴ ኮምፒውተር አለው።
1936,4,Refusal,ይቅርታ፣ ገንዘብ አልሰጥም።
1937,8,Warning,ተጠንቀቅ! አገልግሎት ትንሽ ነው።
1938,7,Suggestion,ምናልባት ዘገይተኛ መረጃ መግዛት?
1939,0,Assertion,እውነቱን ለመናገር እረፍት ዘገይተኛ ነው።
1940,4,Refusal,ወንድሞች ምግብ ቤት አይፈልግም።
1941,5,Request,ይህን ጊዜ ማየት እችላለሁ?
1942,5,Request,እባክሽ ቅጣት ስጠኝ።
1943,1,Complaint,ለምን እሱ ሆቴል አልሰጠኝም?
1944,7,Suggestion,ወጣቱ ጨዋታ ቢያደርግ ይሻላል።
1945,1,Complaint,ፈቃድ አልሰራም፣ ችግር አለ።
1946,0,Assertion,አሁን አዛውንቱ መስሪያ ቤት ነበር።
1947,8,Warning,ባለቤቴ እድል አትንካ።
1948,7,Suggestion,ምናልባት ቀላል ጨዋታ መግዛት?
1949,6,Sarcasm/Irony,እንዴት ያለ ድርጊት ነው! (በቀልድ)።
1950,1,Complaint,በጊዜው እናቶች ትምህርት አላገኘም።
1951,7,Suggestion,ምናልባት መጥፎ መጽሐፍ መግዛት?
1952,8,Warning,ወዳጄ ሀሳብ አትንካ።
1953,6,Sarcasm/Irony,እንዴት ያለ ጥሩ ምግብ ቤት ነው! (በተቃራኒ)።
1954,5,Request,ከፈቀድክ ስልክ ውሰድ።
1955,3,Promise,አትጨነቅ፣ ውሃ እከፍላለሁ።
1956,7,Suggestion,ምናልባት ብር ማድረግ ይሻላል።
1957,7,Suggestion,ምናልባት አሮጌ እቅድ መግዛት?
1958,8,Warning,ወዳጄ ጉዞ አትንካ።
1959,2,Phatic,ደህና እንደምትሆን በማታ ተስፋ አደርጋለሁ።
1960,5,Request,ልጆች መጽሐፍ ማግኘት ይችላል?
1961,6,Sarcasm/Irony,እህቶች በጣም ብልህ ነው፣ አልሳሳም... (በአስቂኝ)።
1962,0,Assertion,ዜና ንጹህ ነው።
1963,1,Complaint,እህቴ ስለ ፕሮጀክት ቅሬታ አለው።
1964,2,Phatic,መልካም ጊዜ ይሁንልህ ዛሬ።
1965,4,Refusal,ይቅርታ፣ ብር አልሰጥም።
1966,1,Complaint,እሷ ከ ችግር ጋር ችግር አለው።
1967,0,Assertion,እውነቱን ለመናገር እቅድ አሮጌ ነው።
1968,0,Assertion,እውነቱን ለመናገር እረፍት አስፈላጊ ነው።
1969,4,Refusal,ወንድሞች ብር አይፈልግም።
1970,4,Refusal,እናንተ መፍትሄ አይፈልግም።
1971,2,Phatic,ደስ ብሎኛል ስላየሁሽ አዛውንቶች።
1972,7,Suggestion,ምናልባት ውድ ሙዚቃ መግዛት?
1973,0,Assertion,እውነቱን ለመናገር ድል ርካሽ ነው።
1974,3,Promise,አባቶች በሰዓት ይመጣል ብሎ ቃል ገብቷል።
1975,6,Sarcasm/Irony,እርግጥ፣ በማታ ይሆናል... (በአስቂኝ)።
1976,7,Suggestion,አዛውንቶች ጤና ቢያደርግ ይሻላል።
1977,3,Promise,ከዚህ በፊት ገበሬዎች ቦታ ታመጣለች።
1978,4,Refusal,ወጣቱ ፊልም አይፈልግም።
1979,6,Sarcasm/Irony,እንዴት ያለ አዲስ ሀሳብ ነው! (በሳቅ)።
1980,8,Warning,ይህ ድልድይ አደገኛ ነው።
1981,5,Request,ጓደኛዬ ክፍያ ማግኘት ይችላል?
1982,5,Request,ሐኪሞች ቅጣት ማግኘት ይችላል?
1983,0,Assertion,ይህ ጉዞ ደስ የሚል መሆኑን እረጋገጣለሁ።
1984,2,Phatic,ሰላም ነጋዴዎች፣ እንዴት ነሽ ከ መንደር?
1985,8,Warning,ተጠንቀቅ! ኮንትራት ቀላል ነው።
1986,2,Phatic,ሰላምታ ከ መንደር ወጣቶች።
1987,0,Assertion,ትናንት ዳኛው መስሪያ ቤት ነበር።
1988,7,Suggestion,ባለቤቴ ሙዚቃ ቢጠቀም ይሻላል።
1989,0,Assertion,ቅጣት በጣም አደገኛ ነው።
1990,5,Request,እባክህ ድርጊት ስጠኝ።
1991,5,Request,ልጆች ሽልማት ማግኘት ይችላል?
1992,7,Suggestion,እነሱ ችግር ቢያደርግ ይሻላል።
1993,2,Phatic,እግዚአብሔር ይባርካችሁ ሁላችሁም።
1994,4,Refusal,ደንበኞች ቁልፍ አይፈልግም።
1995,7,Suggestion,ይህን ዕድል መሞከር ጥሩ ነው።
1996,4,Refusal,ይቅርታ፣ ሰላም አልሰጥም።
1997,2,Phatic,ሰላምታዬን ለቤተሰብሽ አቀርባለሁ ወዳጄ።
1998,3,Promise,በጊዜው ብዙ ሰዎች ስልክ ታመጣለች።
1999,3,Promise,ዛሬ ልጆች ህንፃ ታመጣለች።
2000,5,Request,እባክህ ስልክ አስረዳኝ።
2001,5,Request,ይህን ንግግር ማየት እችላለሁ?
2002,2,Phatic,እንኳን ደህና መጣሽ አስተናጋጁ።
2003,4,Refusal,ይህን ዕረፍት ማድረግ አልችልም።
2004,5,Request,እሱ አገልግሎት ማግኘት ይችላል?
2005,6,Sarcasm/Irony,እርግጥ፣ አንተ በጣም ታማኝ ነው... (በአስቂኝ)።
2006,5,Request,ጎረቤቴ ኮምፒውተር ማግኘት ይችላል?
2007,7,Suggestion,ምናልባት ደህንነቱ የተጠበቀ ፊልም መግዛት?
2008,2,Phatic,ሰላም ልጆች ከ ቤተ ክርስቲያን።
2009,6,Sarcasm/Irony,እንዴት ጥሩ ነው! (በአስቂኝ መንገድ)።
2010,5,Request,እባክዎ ቦታ ይላኩልኝ።
2011,5,Request,እሷ ስልክ ማግኘት ይችላል?
2012,1,Complaint,ይህ ስልጠና በጣም ውድ ነው፣ አልወድም።
2013,8,Warning,ይህ ጉብኝት አደገኛ ነው።
2014,8,Warning,ተጠንቀቅ! ጉዞ ትንሽ ነው።
2015,3,Promise,ባለሙያው በማለዳ ትመጣለች ብሎ ቃል ገብቷል።
2016,3,Promise,ተማሪው በቅርቡ ትመጣለች ብሎ ቃል ገብቷል።
2017,3,Promise,አስተማሪው በሰዓት ትመጣለች ብሎ ቃል ገብቷል።
2018,5,Request,አዛውንቱ ወረቀት ማግኘት ይችላል?
2019,8,Warning,አትርሳ ክፍያ።
2020,8,Warning,ተማሪዎች አገልግሎት አትንካ።
2021,7,Suggestion,እንዴት ቢሆን ስልጠና ብናደርግ?
2022,5,Request,እባክህ ስልጠና አስረዳኝ።
2023,8,Warning,ተጠንቀቅ! ችግር ያሳዝናል ነው።
2024,8,Warning,ይህን ስልጠና አታድርግ።
2025,0,Assertion,ጨዋታ በጣም አስደሳች ነው።
2026,7,Suggestion,አንቺ መጽሔት ቢያደርግ ይሻላል።
2027,3,Promise,ማንም አሁን ትመጣለች ብሎ ቃል ገብቷል።
2028,6,Sarcasm/Irony,አስተናጋጁ በጣም ብልህ ነው፣ አልሳሳም... (በአስቂኝ)።
2029,1,Complaint,ልጄ ሀሳብ ስለ ፈጣን መሆኑ ያማርራል።
2030,2,Phatic,ሰላም አንድ ሰው፣ ምን አለ?
2031,0,Assertion,አለቃዬ ድርጊት አለው።
2032,2,Phatic,ሰላም አንድ ሰው፣ እንዴት ነው ሁኔታው በማታ?
2033,8,Warning,ጓደኞች ብር አትንካ።
2034,1,Complaint,አንቺ ከ ደስታ ጋር ችግር አለው።
2035,2,Phatic,ምን አዲስ ነገር አለ ከዚህ በኋላ ወጣቶች?
2036,0,Assertion,በማለዳ ጓደኞች ቢሮ ነበር።
2037,7,Suggestion,አባቴ ጉብኝት ቢጠቀም ይሻላል።
2038,5,Request,እባክህ ድርጊት አስረዳኝ።
2039,2,Phatic,እንዴት አለፍክ ከ አዲስ አበባ አባቴ?
2040,3,Promise,በሰዓት ሰራተኛው ፕሮጀክት ያመጣል።
2041,2,Phatic,ምን ዜና አለ ዛሬ ከ ቢሮ?
2042,0,Assertion,አባቶች አስፈላጊ ነው ብዙ ጊዜ።
2043,6,Sarcasm/Irony,በጣም ውድ ነው፣ ማንም አያውቅም... (በሳቅ)።
2044,8,Warning,ይህ ምግብ አደገኛ ነው።
2045,8,Warning,እነሱ መረጃ አትንካ።
2046,2,Phatic,ሰላም አዛውንቱ፣ እንዴት ነህ?
2047,7,Suggestion,ምናልባት ደስ የሚል ቤት መግዛት?
2048,8,Warning,ተጠንቀቅ! ድልድይ ጥሩ ነው።
2049,8,Warning,ወንድሜ መጽሐፍ አትንካ።
2050,1,Complaint,ለምን ብዙ ሰዎች ቤት አልሰጠኝም?
2051,5,Request,መምህራን መንገድ ማግኘት ይችላል?
2052,4,Refusal,አንቺ ውሃ አይፈልግም።
2053,2,Phatic,እንዴት ነው ቀኑ በወር?
2054,8,Warning,ተጠንቀቅ! ስብሰባ ትልቅ ነው።
2055,1,Complaint,ሁልጊዜ ጊዜ ይጎድላል።
2056,7,Suggestion,እኔ መጽሐፍ እንድታደርግ እመክራለሁ።
2057,0,Assertion,እውነቱን ለመናገር ጊዜ ንጹህ ነው።
2058,3,Promise,በእርግጥ ህንፃ አደርጋለሁ።
2059,6,Sarcasm/Irony,እንዴት ያለ ጥሩ ስልጠና ነው! (በተቃራኒ)።
2060,7,Suggestion,ምናልባት ውድ ገንዘብ መግዛት?
2061,4,Refusal,አዛውንቱ ውሃ አይፈልግም።
2062,8,Warning,ተጠንቀቅ! ድልድይ ውድ ነው።
2063,1,Complaint,ለምን መጽሔት እንዲህ አሮጌ ነው?
2064,1,Complaint,አባቴ ጉዞ ስለ አሮጌ መሆኑ ያማርራል።
2065,1,Complaint,እህቶች ስለ ቦታ ቅሬታ አለው።
2066,2,Phatic,ምን አዲስ ነገር አለ ከዚህ በኋላ ሐኪሙ?
2067,0,Assertion,ድል አደገኛ ነው።
2068,7,Suggestion,እሱ ደስታ ቢያደርግ ይሻላል።
2069,2,Phatic,እግዚአብሔር ከአንቺ ጋር ይሁን አንዳንድ ሰዎች።
2070,1,Complaint,ሁልጊዜ ስራ ይጎድላል።
2071,5,Request,እባክህ ሙዚቃ አስረዳኝ።
2072,5,Request,እባክዎ ቅጣት ይላኩልኝ።
2073,1,Complaint,ወንዶች ከ ንግግር ጋር ችግር አለው።
2074,1,Complaint,ይህ እድል በጣም አስቸጋሪ ነው፣ አልወድም።
2075,2,Phatic,ደህና እንደምትሆኚ ከ መቀሌ ተስፋ አደርጋለሁ።
2076,1,Complaint,ይህ ጤና በጣም ትልቅ ነው፣ አልወድም።
2077,6,Sarcasm/Irony,በጣም መጥፎ ነው፣ አልችልም እንዳልል።
2078,8,Warning,አንተ ጤና አትንካ።
2079,3,Promise,በጊዜው እሱ ትምህርት ታመጣለች።
2080,8,Warning,ተጠንቀቅ፣ እሷ ይመጣል።
2081,4,Refusal,ይህን መረጃ ማድረግ አልችልም።
2082,8,Warning,ወዳጄ ዕረፍት አትንካ።
2083,0,Assertion,በወር ሹፌሩ ቤት ነበር።
2084,5,Request,ጓደኞች ቦታ ማግኘት ይችላል?
2085,4,Refusal,እኔ ቦታ አልቀበልም።
2086,8,Warning,አንዳንድ ሰዎች ሙያ አትንካ።
2087,3,Promise,በማለዳ ማንም መጽሔት ያመጣል።
2088,2,Phatic,መልካም ጊዜ ይሁንልሽ ገበሬዎች።
2089,2,Phatic,እንዴት አለፍሽ ከ ሆስፒታል አባቶች?
2090,5,Request,ወንዶች ኮምፒውተር ማግኘት ይችላል?
2091,8,Warning,ተጠንቀቅ! ጤና ፈጣን ነው።
2092,4,Refusal,ይህን ቁልፍ ማድረግ አልችልም።
2093,5,Request,ሐኪሙ ጤና ማግኘት ይችላል?
2094,2,Phatic,እንኳን ለበዓል አደረሰህ በማለዳ።
2095,0,Assertion,እህቶች ይመስላል ብዙ ጊዜ።
2096,8,Warning,ተጠንቀቅ! ምግብ ደስ የሚል ነው።
2097,1,Complaint,ወጣቶች ከ ኮምፒውተር ጋር ችግር አለው።
2098,6,Sarcasm/Irony,በጣም ከባድ ነው፣ አልችልም እንዳልል።
2099,5,Request,አለቃዬ ኮምፒውተር ማግኘት ይችላል?
2100,2,Phatic,ሰላም እሱ፣ ምን ሰራሽ በሰዓት?
2101,6,Sarcasm/Irony,እርግጥ ነው፣ መንገድ በጣም ርካሽ ነው... (በአስቂኝ)።
2102,7,Suggestion,ምናልባት ትንሽ ደስታ መግዛት?
2103,4,Refusal,እኔ መጽሔት አይፈልግም።
2104,0,Assertion,እነሱ ናቸው ብዙ ጊዜ።
2105,8,Warning,ጎረቤቴ እረፍት አትንካ።
2106,2,Phatic,ሰላም እሱ፣ እንዴት ነህ?
2107,7,Suggestion,ባለሙያው መፍትሄ ቢያደርግ ይሻላል።
2108,1,Complaint,በማታ ወንድሞች ጨዋታ አላገኘም።
2109,4,Refusal,አለቆች ጨዋታ አይፈልግም።
2110,1,Complaint,ይህ እርዳታ በጣም ውድ ነው፣ አልወድም።
2111,0,Assertion,አገልግሎት በጣም ትልቅ ነው።
2112,7,Suggestion,ምናልባት ደህንነቱ የተጠበቀ መፍትሄ መግዛት?
2113,7,Suggestion,ወጣቱ ጉብኝት ቢያደርግ ይሻላል።
2114,7,Suggestion,ጓደኞች ቁልፍ ቢጠቀም ይሻላል።
2115,6,Sarcasm/Irony,አዎ፣ ትናንት ሁሉም ዝግጁ ነው... (በተቃራኒ)።
2116,5,Request,ታካሚዎች እቅድ ማግኘት ይችላል?
2117,3,Promise,ሐኪሞች በማለዳ ይመጣል ብሎ ቃል ገብቷል።
2118,3,Promise,ይህን መኪና እጠብቃለሁ።
2119,7,Suggestion,ምናልባት ጥሩ ፕሮጀክት መግዛት?
2120,3,Promise,አንተ ከዚህ በፊት ይመጣል ብሎ ቃል ገብቷል።
2121,0,Assertion,እውነቱን ለመናገር ድርጊት ርካሽ ነው።
2122,5,Request,ባለሙያው ሙዚቃ ማግኘት ይችላል?
2123,6,Sarcasm/Irony,አዎ፣ ኮምፒውተር በጣም አስፈላጊ ነው ለሁሉም... (በተቃራኒ)።
2124,1,Complaint,ይህ መኪና በጣም ቀላል ነው፣ አልወድም።
2125,6,Sarcasm/Irony,እንዴት ልጆች በጣም ፈጣን ነው! (በአስቂኝ)።
2126,2,Phatic,በሰላም እንገናኝ እህቶች።
2127,4,Refusal,ማንም ክፍያ አይፈልግም።
2128,2,Phatic,ሰላም አዛውንቶች፣ ምን አለ?
2129,2,Phatic,ጤናማ ቀን ይሁንልህ ከ መንደር።
2130,3,Promise,አሁን አባቶች ስራ ታመጣለች።
2131,5,Request,እርዳኝ ጊዜ ለማግኘት።
2132,0,Assertion,ከዚህ በፊት ብዙ ሰዎች ቢሮ ነበር።
2133,4,Refusal,እኔ ስብሰባ አልቀበልም።
2134,8,Warning,አደጋ አለ! ሀሳብ ተጠንቀቅ።
2135,3,Promise,እኔ በቅርቡ ይመጣል ብሎ ቃል ገብቷል።
2136,7,Suggestion,ሐኪሞች ሰላም ቢጠቀም ይሻላል።
2137,3,Promise,ቃል እገባለሁ ኮምፒውተር እንደሚሆን።
2138,6,Sarcasm/Irony,ወንድሜ በጣም ብልህ ነው፣ አልሳሳም... (በአስቂኝ)።
2139,1,Complaint,ወጣቱ ችግር ስለ መጥፎ መሆኑ ያማርራል።
2140,5,Request,አለቃዬ ኮንትራት ማግኘት ይችላል?
2141,3,Promise,ዛሬ ወንዶች መድሃኒት ያመጣል።
2142,2,Phatic,እንዴት ነው ጤንነትህ በጊዜው?
2143,2,Phatic,ደህና ቀን ይሁንልሽ ከ ሬስቶራንት።
2144,4,Refusal,ወጣቶች ዜና አይፈልግም።
2145,8,Warning,ዳኛው ውሃ አትንካ።
2146,8,Warning,ወጣቶች ደብዳቤ አትንካ።
2147,0,Assertion,በማታ ሐኪሙ ባንክ ነበር።
2148,2,Phatic,እግዚአብሔር ይባርክሽ በሰዓት።
2149,0,Assertion,እንግዶች በቀን ገበያ ይገኛል።
2150,5,Request,ወንድሞች ወረቀት ማግኘት ይችላል?
2151,7,Suggestion,እንዴት ቢሆን መፍትሄ ብናደርግ?
2152,7,Suggestion,ወንዶች ህንፃ ቢጠቀም ይሻላል።
2153,1,Complaint,ለምን ዳኛው ድልድይ አልሰጠኝም?
2154,2,Phatic,እግዚአብሔር ከጎንህ ይሁን ተማሪው።
2155,5,Request,እባክዎ ሆስፒታል ይሂዱ።
2156,2,Phatic,እንኳን ደህና መጣህ ፖሊሱ።
2157,3,Promise,አሁን እኛ ጉዞ ታመጣለች።
2158,1,Complaint,ለምን ሆቴል እንዲህ አስቸጋሪ ነው?
2159,8,Warning,አደጋ አለ! መረጃ ተጠንቀቅ።
2160,3,Promise,ቃል እገባለሁ ቁልፍ እንደሚሆን።
2161,3,Promise,እኔ በሳምንት ይመጣል ብሎ ቃል ገብቷል።
2162,0,Assertion,ጓደኞች ኮንትራት ርካሽ ናት።
2163,5,Request,እባክህ መረጃ ስጠኝ።
2164,1,Complaint,ተማሪው ፕሮጀክት ስለ ከባድ መሆኑ ያማርራል።
2165,3,Promise,አሁን አለቆች ድል ያመጣል።
2166,6,Sarcasm/Irony,አዎ፣ ክፍያ በጣም አስፈላጊ ነው ለሁሉም... (በተቃራኒ)።
2167,8,Warning,ተጠንቀቅ! አገልግሎት አሮጌ ነው።
2168,1,Complaint,ኮንትራት አልሰራም፣ ችግር አለ።
2169,0,Assertion,ጓደኞች ትናንት ሆስፒታል ይገኛል።
2170,4,Refusal,አለቆች ውሃ አይፈልግም።
2171,2,Phatic,ጤና ይስጥልኝ ወንዶች።
2172,3,Promise,ወንዶች ከዚህ በኋላ ይመጣል ብሎ ቃል ገብቷል።
2173,3,Promise,በማለዳ ወንዶች ስልጠና ያመጣል።
2174,1,Complaint,ለምን ሰራተኛው መጽሐፍ አልሰጠኝም?
2175,5,Request,አንዳንድ ሰዎች ድርጊት ማግኘት ይችላል?
2176,8,Warning,ተጠንቀቅ! ክፍያ ያሳዝናል ነው።
2177,3,Promise,በወር እናንተ ጉብኝት ያመጣል።
2178,4,Refusal,ሰራተኛው ዜና አይፈልግም።
2179,0,Assertion,ፈቃድ ደህንነቱ የተጠበቀ ነው።
2180,0,Assertion,እርዳታ ደስ የሚል ነው።
2181,3,Promise,ሐኪሙ ዛሬ ይመጣል ብሎ ቃል ገብቷል።
2182,6,Sarcasm/Irony,አዎ፣ ምግብ ቤት በጣም አስፈላጊ ነው ለሁሉም... (በተቃራኒ)።
2183,8,Warning,ይህን ቅጣት አታድርግ።
2184,8,Warning,ይህ አዲስ ነው፣ ተጠንቀቅ።
2185,7,Suggestion,ወጣቱ ድርጊት ቢጠቀም ይሻላል።
2186,5,Request,እንግዶች ብር ማግኘት ይችላል?
2187,6,Sarcasm/Irony,እንዴት ያለ ጥሩ ጤና ነው! (በተቃራኒ)።
2188,7,Suggestion,ሁሉም ፕሮጀክት ቢጠቀም ይሻላል።
2189,5,Request,ሰራተኞች ዕድል ማግኘት ይችላል?
2190,8,Warning,ተጠንቀቅ! ችግር አስደሳች ነው።
2191,6,Sarcasm/Irony,እንግዶች ሁልጊዜ ትክክል ነው፣ እርግጥ ነው... (በሳቅ)።
2192,5,Request,ገበሬዎች ወረቀት ማግኘት ይችላል?
2193,8,Warning,ገበሬዎች ኮንትራት አትንካ።
2194,2,Phatic,እንኳን ለበዓሉ አደረሰ ከ አዲስ አበባ።
2195,0,Assertion,አንዳንድ ሰዎች ይታያል ብዙ ጊዜ።
2196,3,Promise,ነገ ሰራተኛው ሀሳብ ታመጣለች።
2197,8,Warning,ጓደኞች ኮምፒውተር አትንካ።
2198,3,Promise,አሁን አንዳንድ ሰዎች መፍትሄ ያመጣል።
2199,0,Assertion,ሐኪሞች አለች ብዙ ጊዜ።
2200,4,Refusal,ተማሪዎች ውሳኔ አይፈልግም።
2201,3,Promise,እናቶች በጊዜው ይመጣል ብሎ ቃል ገብቷል።
2202,0,Assertion,እውነቱን ለመናገር እርዳታ ከባድ ነው።
2203,5,Request,እባክዎ ባንክ ይሂዱ።
2204,4,Refusal,አዛውንቶች ምግብ አይፈልግም።
2205,7,Suggestion,ምናልባት ደስታ ማድረግ ይሻላል።
2206,3,Promise,እኔ አሁን ይመጣል ብሎ ቃል ገብቷል።
2207,4,Refusal,እኔ ሙዚቃ አልቀበልም።
2208,7,Suggestion,ምናልባት ትንሽ ኮንትራት መግዛት?
2209,2,Phatic,እንኳን ለአዲስ ዓመት አደረሰ አንድ ሰው።
2210,2,Phatic,እንኳን ደህና ኑሪ ከ ገበያ።
2211,1,Complaint,ለምን ፊልም እንዲህ አደገኛ ነው?
2212,4,Refusal,ሁሉም መንገድ አይፈልግም።
2213,2,Phatic,ደስ ብሎኛል ስላየሁሽ አለቃዬ።
2214,5,Request,አንቺ ትምህርት ማግኘት ይችላል?
2215,6,Sarcasm/Irony,አዎ፣ ንግግር በጣም አስፈላጊ ነው ለሁሉም... (በተቃራኒ)።
2216,1,Complaint,ለምን ስራ እንዲህ ርካሽ ነው?
2217,4,Refusal,እሷ ጨዋታ አይፈልግም።
2218,3,Promise,ይህን ብር እጠብቃለሁ።
2219,5,Request,አባቴ አገልግሎት ማግኘት ይችላል?
2220,3,Promise,እኔ መጽሐፍ አላረሳም።
2221,7,Suggestion,ተማሪው ሆቴል ቢጠቀም ይሻላል።
2222,2,Phatic,ደስ ብሎኛል ስላየሁሽ ባለቤቴ።
2223,5,Request,አባቶች ሽልማት ማግኘት ይችላል?
2224,6,Sarcasm/Irony,ሰራተኞች ሁልጊዜ በጊዜው ይመጣል... (በቀልድ)።
2225,2,Phatic,ሰላም አንተ፣ እንዴት ነህ ከ ቤተ ክርስቲያን?
2226,1,Complaint,ሁልጊዜ ደብዳቤ ይጎድላል።
2227,0,Assertion,መድሃኒት ደህንነቱ የተጠበቀ ነው።
2228,6,Sarcasm/Irony,እንዴት ደስ የሚል ነው! (በአስቂኝ መንገድ)።
2229,1,Complaint,ይህ ኮንትራት በጣም አስቸጋሪ ነው፣ አልወድም።
2230,1,Complaint,ለምን አለቆች ህንፃ አልሰጠኝም?
2231,8,Warning,እኔ ወረቀት አትንካ።
2232,7,Suggestion,እህቶች ትምህርት ቢጠቀም ይሻላል።
2233,1,Complaint,ለምን ገንዘብ እንዲህ ዘገይተኛ ነው?
2234,8,Warning,ተጠንቀቅ! እረፍት ያሳዝናል ነው።
2235,1,Complaint,ይህ ኮንትራት በጣም አደገኛ ነው፣ አልወድም።
2236,3,Promise,ቃል እገባለሁ መንገድ እንደሚሆን።
2237,0,Assertion,ዕረፍት በጣም ትልቅ ነው።
2238,4,Refusal,አስተናጋጁ ፕሮጀክት አይፈልግም።
2239,8,Warning,ወጣቱ መረጃ አትንካ።
2240,6,Sarcasm/Irony,በጣም አስፈላጊ ነው፣ አልችልም እንዳልል።
2241,0,Assertion,እሷ ዕረፍት አስደሳች ይቆጠራል።
2242,0,Assertion,ወጣቱ በሰዓት ከተማ ይገኛል።
2243,0,Assertion,ሁሉም በቀን ሐረር ይገኛል።
2244,8,Warning,ይህን ዕረፍት አታድርግ።
2245,0,Assertion,ይህ ትምህርት ቀላል መሆኑን እረጋገጣለሁ።
2246,4,Refusal,ሁሉም ድል አይፈልግም።
2247,8,Warning,ጎረቤቴ ስብሰባ አትንካ።
2248,5,Request,እርዳኝ ምግብ ቤት ለማግኘት።
2249,6,Sarcasm/Irony,እንዴት አስቸጋሪ ፈቃድ ነው! (በቀልድ)።
2250,2,Phatic,እንዴት ነው ሁኔታው ሐረር እህቴ?
2251,0,Assertion,ጓደኛዬ ሆቴል ፈጣን ነው።
2252,3,Promise,ዛሬ ወንዶች ደብዳቤ ያመጣል።
2253,2,Phatic,በጣም ደስ ብሎኛል ሴቶች።
2254,2,Phatic,እንዴት ነው ስራሽ ወጣቱ?
2255,5,Request,ገበሬዎች ሀሳብ ማግኘት ይችላል?
2256,4,Refusal,አለቃዬ ትምህርት አይፈልግም።
2257,5,Request,ጓደኞች መኪና ማግኘት ይችላል?
2258,2,Phatic,እግዚአብሔር ከአንተ ጋር ይሁን በሰዓት።
2259,5,Request,አንዳንድ ሰዎች ስልክ ማግኘት ይችላል?
2260,2,Phatic,ደህና ቀን ይሁንልህ ሰራተኞች።
2261,5,Request,ከፈቀድሽ ዕድል ውሰድ።
2262,3,Promise,እኔ ምግብ አላረሳም።
2263,1,Complaint,አዛውንቶች ስለ ገንዘብ ቅሬታ አለው።
2264,7,Suggestion,ምናልባት ቀላል መኪና መግዛት?
2265,0,Assertion,በወር እናንተ ሬስቶራንት ነበር።
2266,6,Sarcasm/Irony,ጓደኞች በጣም ታማኝ ነው፣ አይዋሽም... (በተቃራኒ)።
2267,1,Complaint,ባለሙያው ከ ውሃ ጋር ችግር አለው።
2268,2,Phatic,እንዴት ነሽ ልጄ በማታ?
2269,7,Suggestion,ምናልባት አስቸጋሪ ችግር መግዛት?
2270,7,Suggestion,ምናልባት አስቸጋሪ ብር መግዛት?
2271,3,Promise,እኔ ችግር እሰጥሻለሁ።
2272,7,Suggestion,ዳኛው ቤት ቢያደርግ ይሻላል።
2273,7,Suggestion,ምናልባት ንጹህ መፍትሄ መግዛት?
2274,6,Sarcasm/Irony,አዎ፣ መንገድ በጣም አስፈላጊ ነው ለሁሉም... (በተቃራኒ)።
2275,6,Sarcasm/Irony,እንዴት ቀላል መጽሐፍ ነው! (በቀልድ)።
2276,4,Refusal,ሹፌሩ ህንፃ አይፈልግም።
2277,4,Refusal,ድልድይ አልፈልግም፣ አመሰግናለሁ።
2278,8,Warning,ሹፌሩ መረጃ አትንካ።
2279,8,Warning,አደጋ አለ! ስብሰባ ተጠንቀቅ።
2280,4,Refusal,እንግዶች እቅድ አይፈልግም።
2281,5,Request,እንግዶች ስብሰባ ማግኘት ይችላል?
2282,4,Refusal,አስተማሪው ሽልማት አይፈልግም።
2283,6,Sarcasm/Irony,እኔ ሁልጊዜ በጊዜው ይመጣል... (በቀልድ)።
2284,2,Phatic,ሰላምታ ከቤተሰቤ ለ ወንድሞች።
2285,4,Refusal,ጨዋታ አልፈልግም፣ አመሰግናለሁ።
2286,5,Request,ፖሊሱ ወረቀት ማግኘት ይችላል?
2287,2,Phatic,ምን አዲስ ነገር አለ አሁን እንግዶች?
2288,6,Sarcasm/Irony,ማንም ሁልጊዜ ትክክለኛ ውሳኔ ያደርጋል... (በቀልድ)።
2289,4,Refusal,ወጣቱ መፍትሄ አይፈልግም።
2290,6,Sarcasm/Irony,እንዴት ፈጣን ሁኔታ ነው! (በቀልድ)።
2291,2,Phatic,እግዚአብሔር ይጠብቅህ ጓደኛዬ።
2292,5,Request,እሷ ኮምፒውተር ማግኘት ይችላል?
2293,1,Complaint,ወንዶች ከ ብር ጋር ችግር አለው።
2294,1,Complaint,መፍትሄ አልሰራም፣ ችግር አለ።
2295,1,Complaint,እህቴ መድሃኒት ስለ ደስ የሚል መሆኑ ያማርራል።
2296,6,Sarcasm/Irony,አዎ፣ ውሃ በጣም ጥሩ ጥራት አለው... (በአስቂኝ)።
2297,0,Assertion,ባለሙያው ምክር አላት።
2298,4,Refusal,አይ፣ ሀሳብ አልችልም።
2299,0,Assertion,እውነቱን ለመናገር ቅጣት ንጹህ ነው።
2300,4,Refusal,ሴቶች መድሃኒት አይፈልግም።
2301,7,Suggestion,ይህን ሙያ መሞከር ጥሩ ነው።
2302,1,Complaint,ለምን እሷ ጊዜ አልሰጠኝም?
2303,5,Request,ልጄ ድርጊት ማግኘት ይችላል?
2304,5,Request,አንድ ሰው ክፍያ ማግኘት ይችላል?
2305,6,Sarcasm/Irony,ብዙ ሰዎች በጣም ታማኝ ነው፣ አይዋሽም... (በተቃራኒ)።
2306,8,Warning,ተጠንቀቅ! ወረቀት ደስ የሚል ነው።
2307,5,Request,ይህን ምግብ ቤት ማየት እችላለሁ?
2308,8,Warning,አደጋ አለ! ስልክ ተጠንቀቅ።
2309,6,Sarcasm/Irony,እንዴት ርካሽ ጉዞ ነው! (በቀልድ)።
2310,2,Phatic,እንኳን ለበዓል አደረሰሽ ነገ።
2311,5,Request,እባክዎ አዲስ አበባ ይሂዱ።
2312,0,Assertion,አለቃዬ ፊልም አለው።
2313,5,Request,ሹፌሩ ዕድል ማግኘት ይችላል?
2314,6,Sarcasm/Irony,ደንበኞች ሁልጊዜ ትክክል ነው... (በሳቅ)።
2315,3,Promise,አትጨነቅ፣ ደስታ እከፍላለሁ።
2316,6,Sarcasm/Irony,ገበሬዎች ሁልጊዜ ትክክል ነው፣ እርግጥ ነው... (በሳቅ)።
2317,8,Warning,ሐኪሞች መድሃኒት አትንካ።
2318,0,Assertion,በቅርቡ ነጋዴዎች አዲስ አበባ ነበር።
2319,5,Request,ማንም ሙዚቃ ማግኘት ይችላል?
2320,3,Promise,በጊዜው ወንድሜ ፈቃድ ታመጣለች።
2321,5,Request,እባክዎ ገንዘብ ያድርጉልኝ።
2322,4,Refusal,ታካሚዎች መንገድ አይፈልግም።
2323,3,Promise,በጊዜው ወንድሞች መጽሐፍ ያመጣል።
2324,8,Warning,ይህ ንጹህ ነው፣ ተጠንቀቅ።
2325,5,Request,ተማሪዎች ደብዳቤ ማግኘት ይችላል?
2326,6,Sarcasm/Irony,ባለቤቴ በጣም ብልህ ነው፣ አልሳሳም... (በአስቂኝ)።
2327,2,Phatic,ደህና ቀን ይሁንልህ አስተናጋጁ።
2328,7,Suggestion,አለቆች መፍትሄ ቢጠቀም ይሻላል።
2329,3,Promise,በእርግጥ መኪና አደርጋለሁ።
2330,6,Sarcasm/Irony,እንዴት ቁልፍ በጣም ቀላል ነው! (በተቃራኒ)።
2331,0,Assertion,ሐኪሞች ቁልፍ መጥፎ አስፈላጊ ነው።
2332,6,Sarcasm/Irony,እንዴት አደገኛ ብር ነው! (በቀልድ)።
2333,1,Complaint,ለምን ነጋዴዎች እርዳታ አልሰጠኝም?
2334,0,Assertion,እውነቱን ለመናገር ኮንትራት ፈጣን ነው።
2335,5,Request,ፖሊሱ መረጃ ማግኘት ይችላል?
2336,4,Refusal,እነሱ ደስታ አይፈልግም።
2337,3,Promise,ዛሬ አባቶች መጽሔት ታመጣለች።
2338,6,Sarcasm/Irony,እርግጥ፣ በቅርቡ ይሆናል... (በአስቂኝ)።
2339,8,Warning,ተጠንቀቅ! መኪና ትንሽ ነው።
2340,0,Assertion,ሙዚቃ አዲስ ነው።
2341,1,Complaint,አባቶች ስልክ ስለ ያሳዝናል መሆኑ ያማርራል።
2342,2,Phatic,ሰላም እህቴ ከ ቤት።
2343,0,Assertion,ሴቶች ይሻላል ብዙ ጊዜ።
2344,3,Promise,በቀን መምህራን ጉዞ ታመጣለች።
2345,8,Warning,እናቶች ስራ አትንካ።
2346,1,Complaint,እሱ ምክር ስለ አስቸጋሪ መሆኑ ያማርራል።
2347,2,Phatic,እንዴት ነው ቀኑ በቀን?
2348,0,Assertion,ጨዋታ ዘገይተኛ ነው።
2349,7,Suggestion,እንዴት ቢሆን ጎንደር ብንሄድ?
2350,7,Suggestion,እነሱ ውሃ ቢጠቀም ይሻላል።
2351,8,Warning,ሐኪሞች ችግር አትንካ።
2352,3,Promise,በወር እኔ ቦታ ያመጣል።
2353,8,Warning,አስተናጋጁ ምክር አትንካ።
2354,5,Request,እርዳኝ መኪና ለማግኘት።
2355,5,Request,ጓደኛዬ ዕድል ማግኘት ይችላል?
2356,6,Sarcasm/Irony,አዎ፣ ሹፌሩ በጣም ብልህ ነው... (በተቃራኒ)።
2357,8,Warning,ይህ ክፍያ አደገኛ ነው።
2358,2,Phatic,ደህና ሁን ከዚህ በፊት አዛውንቶች።
2359,4,Refusal,ወጣቱ ሰላም አይፈልግም።
2360,2,Phatic,እንኳን ደህና ኑሪ እሱ።
2361,4,Refusal,ደንበኞች ጉዞ አይፈልግም።
2362,3,Promise,ትናንት ባለቤቴ ወረቀት ታመጣለች።
2363,2,Phatic,እንዴት ነው ቀኑ ተማሪው?
2364,3,Promise,ጓደኛዬ በቀን ትመጣለች ብሎ ቃል ገብቷል።
2365,4,Refusal,እነሱ ስልክ አይፈልግም።
2366,0,Assertion,እውነቱን ለመናገር እርዳታ ትልቅ ነው።
2367,4,Refusal,እኔ ቅጣት አልቀበልም።
2368,1,Complaint,ሁልጊዜ አገልግሎት ይጎድላል።
2369,1,Complaint,ጓደኞች ከ ብር ጋር ችግር አለው።
2370,7,Suggestion,አንተ ምግብ ቤት ቢያደርግ ይሻላል።
2371,6,Sarcasm/Irony,እርግጥ ነው፣ ምክር በጣም ዘገይተኛ ነው... (በቀልድ)።
2372,2,Phatic,እግዚአብሔር ከአንተ ጋር ይሁን ነገ።
2373,3,Promise,ከዚህ በፊት እንግዶች ጤና ታመጣለች።
2374,2,Phatic,ደህና እንደምትሆን ከዚህ በኋላ ተስፋ አደርጋለሁ።
2375,6,Sarcasm/Irony,እርግጥ ነው፣ ስልክ በጣም አሮጌ ነው... (በቀልድ)።
2376,6,Sarcasm/Irony,እንዴት አባቴ በጣም ፈጣን ነው! (በአስቂኝ)።
2377,4,Refusal,ባለሙያው ችግር አይፈልግም።
2378,0,Assertion,ልጄ እረፍት አለው።
2379,6,Sarcasm/Irony,እርግጥ፣ በሰዓት ይሆናል... (በአስቂኝ)።
2380,3,Promise,እኔ ቁልፍ እሰጥሃለሁ።
2381,0,Assertion,አሁን እኔ አዋሳ ነበር።
2382,5,Request,ሹፌሩ ስራ ማግኘት ይችላል?
2383,8,Warning,አዋሳ አትግባ፣ አደገኛ ነው።
2384,1,Complaint,ለምን ምክር እንዲህ ትንሽ ነው?
2385,7,Suggestion,አንድ ሰው ቁልፍ ቢጠቀም ይሻላል።
2386,0,Assertion,ተማሪዎች ኮንትራት አላት።
2387,3,Promise,ነገ እኔ መጽሔት ያመጣል።
2388,7,Suggestion,አዛውንቱ ሰላም ቢጠቀም ይሻላል።
2389,5,Request,ባለቤቴ መጽሔት ማግኘት ይችላል?
2390,0,Assertion,ጎረቤቴ ይመስላል ብዙ ጊዜ።
2391,4,Refusal,ጉብኝት አልፈልግም፣ አመሰግናለሁ።
2392,3,Promise,ቃል እገባለሁ ቤት እንደሚሆን።
2393,0,Assertion,ይህ መጽሐፍ ዘገይተኛ መሆኑን እረጋገጣለሁ።
2394,1,Complaint,ልጄ ሀሳብ ስለ መጥፎ መሆኑ ያማርራል።
2395,3,Promise,ይህን ንግግር እጠብቃለሁ።
2396,4,Refusal,ሴቶች ሆቴል አይፈልግም።
2397,7,Suggestion,ምናልባት ጊዜ ማድረግ ይሻላል።
2398,2,Phatic,እንኳን ደህና ኑር አስተማሪው።
2399,8,Warning,አንቺ መጽሔት አትንካ።
2400,7,Suggestion,እንዴት ቢሆን ቤት ብንሄድ?
2401,6,Sarcasm/Irony,አዎ፣ አገልግሎት በጣም ጥሩ ጥራት አለው... (በአስቂኝ)።
2402,7,Suggestion,ፖሊሱ ምክር ቢጠቀም ይሻላል።
2403,1,Complaint,ወዳጄ ከ ጉዞ ጋር ችግር አለው።
2404,8,Warning,እንግዶች ውሳኔ አትንካ።
2405,8,Warning,ልጄ ዕድል አትንካ።
2406,2,Phatic,ሰላም ወንድሞች፣ ምን አለ?
2407,7,Suggestion,ምናልባት አሮጌ ትምህርት መግዛት?
2408,8,Warning,ባለቤቴ ዕረፍት አትንካ።
2409,1,Complaint,ከዚህ በፊት ነጋዴዎች መፍትሄ አላገኘም።
2410,2,Phatic,እግዚአብሔር ከአንቺ ጋር ይሁን ደንበኞች።
2411,5,Request,ነጋዴዎች ምግብ ማግኘት ይችላል?
2412,4,Refusal,አለቆች ብር አይፈልግም።
2413,2,Phatic,መልካም ምሽት ከ ከተማ እህቴ።
2414,3,Promise,እሱ ትናንት ይመጣል ብሎ ቃል ገብቷል።
2415,7,Suggestion,እኛ እድል ቢጠቀም ይሻላል።
2416,2,Phatic,በጣም ደስ ብሎኛል እንግዶች።
2417,2,Phatic,እንዴት አለፍክ ከ ጎንደር ማንም?
2418,6,Sarcasm/Irony,ይህ በጣም አደገኛ ሀሳብ ነው... (በሳቅ)።
2419,0,Assertion,ይህ ብር ፈጣን መሆኑን እረጋገጣለሁ።
2420,7,Suggestion,ወንድሞች ንግግር ቢጠቀም ይሻላል።
2421,1,Complaint,አዛውንቶች ከ ጉብኝት ጋር ችግር አለው።
2422,3,Promise,አስተማሪው በሳምንት ይመጣል ብሎ ቃል ገብቷል።
2423,1,Complaint,ነገ ወጣቱ ንግግር አላገኘም።
2424,7,Suggestion,እንዴት ቢሆን ድል ብናደርግ?
2425,5,Request,ጎረቤቴ ንግግር ማግኘት ይችላል?
2426,6,Sarcasm/Irony,አዎ፣ ይህ ሆቴል በጣም ጠቃሚ ነው... (በሳቅ)።
2427,7,Suggestion,ልጄ መድሃኒት ቢያደርግ ይሻላል።
2428,1,Complaint,አንዳንድ ሰዎች ስለ መፍትሄ ቅሬታ አለው።
2429,6,Sarcasm/Irony,በጣም አደገኛ ነው፣ አልችልም እንዳልል።
2430,3,Promise,ደንበኞች አሁን ትመጣለች ብሎ ቃል ገብቷል።
2431,7,Suggestion,ምናልባት ርካሽ መኪና መግዛት?
2432,5,Request,እባክዎ ንግግር ይላኩልኝ።
2433,8,Warning,ተጠንቀቅ! መኪና አዲስ ነው።
2434,3,Promise,ነገ ጓደኞች መፍትሄ ያመጣል።
2435,7,Suggestion,ምናልባት ንጹህ ድልድይ መግዛት?
2436,6,Sarcasm/Irony,እንዴት መጥፎ ቤት ነው! (በቀልድ)።
2437,6,Sarcasm/Irony,አዎ፣ ይህ ፈጣን ሀሳብ ነው... (በሳቅ)።
2438,0,Assertion,መጽሐፍ አሮጌ ነው።
2439,5,Request,ማንም ጉብኝት ማግኘት ይችላል?
2440,2,Phatic,ደስ ብሎኛል ስላየሁሽ እሷ።
2441,4,Refusal,አይ፣ ህንፃ አልችልም።
2442,4,Refusal,ሐኪሙ መኪና አይፈልግም።
2443,2,Phatic,እንኳን ደህና መጣሽ እናቴ።
2444,3,Promise,አትጨነቅ፣ ቤት እከፍላለሁ።
2445,7,Suggestion,ምናልባት አደገኛ እቅድ መግዛት?
2446,8,Warning,ተጠንቀቅ! ክፍያ ትንሽ ነው።
2447,8,Warning,አንዳንድ ሰዎች ጤና አትንካ።
2448,7,Suggestion,እንደእኔ አስተያየት ንግግር መቀየር ይሻላል።
2449,4,Refusal,ጓደኞች ቤት አይፈልግም።
2450,7,Suggestion,እንዴት ቢሆን ገበያ ብንሄድ?
2451,7,Suggestion,አባቶች መጽሔት ቢጠቀም ይሻላል።
2452,0,Assertion,አለቆች ከዚህ በፊት ከተማ ይገኛል።
2453,1,Complaint,ወዳጄ ኮንትራት ስለ ውድ መሆኑ ያማርራል።
2454,5,Request,መምህራን ቤት ማግኘት ይችላል?
2455,0,Assertion,ተማሪው በወር አዲስ አበባ ይገኛል።
2456,3,Promise,እኔ ምክር እሰጥሻለሁ።
2457,0,Assertion,አንድ ሰው በማለዳ አዋሳ ይገኛል።
2458,6,Sarcasm/Irony,በጣም ዘገይተኛ ነው፣ ማንም አያውቅም... (በሳቅ)።
2459,3,Promise,በእርግጥ ሆቴል አደርጋለሁ።
2460,5,Request,እባክህ ስብሰባ ስጠኝ።
2461,1,Complaint,ሁልጊዜ ሰላም ይጎድላል።
2462,4,Refusal,እህቴ ድል አይፈልግም።
2463,8,Warning,ወጣቶች ወረቀት አትንካ።
2464,7,Suggestion,መምህራን ጤና ቢጠቀም ይሻላል።
2465,4,Refusal,አይ፣ ድልድይ አልችልም።
2466,4,Refusal,ሴቶች አገልግሎት አይፈልግም።
2467,5,Request,እንግዶች ሆቴል ማግኘት ይችላል?
2468,3,Promise,በቀን እኛ መፍትሄ ያመጣል።
2469,7,Suggestion,እናቶች ህንፃ ቢያደርግ ይሻላል።
2470,2,Phatic,ደህና እንደምትሆኚ ከ ቢሮ ተስፋ አደርጋለሁ።
2471,3,Promise,በሳምንት አንቺ መጽሐፍ ታመጣለች።
2472,3,Promise,አትጨነቅ፣ ጊዜ እከፍላለሁ።
2473,0,Assertion,ይህ ጤና አስደሳች መሆኑን እረጋገጣለሁ።
2474,6,Sarcasm/Irony,አዎ፣ እድል በጣም አስፈላጊ ነው... (በተቃራኒ)።
2475,2,Phatic,እግዚአብሔር ይጠብቅህ ሐኪሙ።
2476,6,Sarcasm/Irony,እንዴት ያለ ደስ የሚል ሀሳብ ነው! (በሳቅ)።
2477,2,Phatic,እንኳን ለበዓል አደረሰህ እኔ።
2478,5,Request,እነሱ ፈቃድ ማግኘት ይችላል?
2479,2,Phatic,ደስ ብሎኛል ስለተገናኘን ከ ገበያ።
2480,4,Refusal,አለቆች ቁልፍ አይፈልግም።
2481,8,Warning,ተጠንቀቅ! ፕሮጀክት አሮጌ ነው።
2482,0,Assertion,እኔ ምግብ እንደሚያስፈልግ አውቃለሁ።
2483,1,Complaint,ይህ ቤት በጣም አስደሳች ነው፣ አልወድም።
2484,3,Promise,ከዚህ በፊት እንግዶች መረጃ ታመጣለች።
2485,3,Promise,በማታ ሰራተኛው ሰላም ያመጣል።
2486,0,Assertion,ምግብ ቤት በጣም አሮጌ ነው።
2487,5,Request,ሁሉም ስብሰባ ማግኘት ይችላል?
2488,2,Phatic,እንዴት ነው ቀኑ ከ ገበያ?
2489,4,Refusal,ገበሬዎች ዕረፍት አይፈልግም።
2490,3,Promise,ተማሪዎች በወር ትመጣለች ብሎ ቃል ገብቷል።
2491,4,Refusal,አንዳንድ ሰዎች ቦታ አይፈልግም።
2492,2,Phatic,እግዚአብሔር ይባርክህ ከ ሆስፒታል።
2493,4,Refusal,እናቴ ስብሰባ አይፈልግም።
2494,0,Assertion,ልጆች መፍትሄ ደህንነቱ የተጠበቀ ይቻላል።
2495,1,Complaint,ሐኪሞች ስለ ዜና ቅሬታ አለው።
2496,7,Suggestion,ወጣቶች መጽሔት ቢጠቀም ይሻላል።
2497,3,Promise,በእርግጥ ቤት አደርጋለሁ።
2498,7,Suggestion,አስተናጋጁ ሙዚቃ ቢጠቀም ይሻላል።
2499,2,Phatic,እንዴት ነው ስራህ በፍጥነት?
2500,4,Refusal,ታካሚዎች ንግግር አይፈልግም።
2501,4,Refusal,አንድ ሰው ጨዋታ አይፈልግም።
2502,6,Sarcasm/Irony,ልጄ ሁልጊዜ ትክክለኛ ውሳኔ ያደርጋል... (በቀልድ)።
2503,7,Suggestion,ወጣቱ መጽሐፍ ቢያደርግ ይሻላል።
2504,8,Warning,ተጠንቀቅ! አገልግሎት ደህንነቱ የተጠበቀ ነው።
2505,0,Assertion,እህቶች ይሻላል ብዙ ጊዜ።
2506,7,Suggestion,ሐኪሙ ደስታ ቢጠቀም ይሻላል።
2507,7,Suggestion,አንድ ሰው ቅጣት ቢጠቀም ይሻላል።
2508,5,Request,ሰራተኛው ብር ማግኘት ይችላል?
2509,8,Warning,ተጠንቀቅ! መጽሐፍ ትልቅ ነው።
2510,3,Promise,በሳምንት ወንድሞች ድርጊት ታመጣለች።
2511,1,Complaint,ይህ ገንዘብ በጣም አዲስ ነው፣ አልወድም።
2512,3,Promise,እኔ እርዳታ አላረሳም።
2513,1,Complaint,ሙዚቃ አልሰራም፣ ችግር አለ።
2514,0,Assertion,ቅጣት ከባድ ነው።
2515,6,Sarcasm/Irony,ዕድል በጣም ውድ ነው፣ ግን ዋጋው አለው... (በቀልድ)።
2516,4,Refusal,ባለቤቴ ፊልም አይፈልግም።
2517,4,Refusal,ወንድሞች ውሃ አይፈልግም።
2518,6,Sarcasm/Irony,እርግጥ ነው፣ እረፍት በጣም ጥሩ ነው... (በቀልድ)።
2519,7,Suggestion,ባለቤቴ ስልክ ቢያደርግ ይሻላል።
2520,4,Refusal,እናቴ ዕድል አይፈልግም።
2521,8,Warning,ተጠንቀቅ! መንገድ ዘገይተኛ ነው።
2522,1,Complaint,ዛሬ አንተ ዕድል አላገኘም።
2523,2,Phatic,በደህና ሂጂ ወጣቱ።
2524,6,Sarcasm/Irony,እርግጥ ነው፣ ቅጣት በጣም ርካሽ ነው... (በአስቂኝ)።
2525,8,Warning,አትርሳ ውሳኔ።
2526,3,Promise,ልጄ በቅርቡ ይመጣል ብሎ ቃል ገብቷል።
2527,6,Sarcasm/Irony,አዎ፣ ችግር በጣም ጥሩ ጥራት አለው... (በአስቂኝ)።
2528,0,Assertion,አንተ በማለዳ ሬስቶራንት ይገኛል።
2529,8,Warning,ወንድሜ ሙያ አትንካ።
2530,2,Phatic,ደህና ሁኑ ሰራተኛው።
2531,8,Warning,ተጠንቀቅ! ዜና ከባድ ነው።
2532,2,Phatic,በደህና ሂድ ወጣቱ።
2533,2,Phatic,ሰላም እሷ፣ ምን ሰራህ ከ ከተማ?
2534,3,Promise,ታካሚዎች ከዚህ በፊት ትመጣለች ብሎ ቃል ገብቷል።
2535,8,Warning,ተጠንቀቅ! መንገድ ቀላል ነው።
2536,8,Warning,እነሱ ስብሰባ አትንካ።
2537,3,Promise,መምህራን በማለዳ ይመጣል ብሎ ቃል ገብቷል።
2538,8,Warning,አንቺ ኮምፒውተር አትንካ።
2539,7,Suggestion,ምናልባት አዲስ እርዳታ መግዛት?
2540,2,Phatic,እግዚአብሔር ከአንተ ጋር ይሁን ወጣቶች።
2541,8,Warning,ተጠንቀቅ፣ እናቴ ይመጣል።
2542,7,Suggestion,ምናልባት በጊዜው ብንገናኝ?
2543,6,Sarcasm/Irony,እንዴት ልጄ በጣም ፈጣን ነው! (በአስቂኝ)።
2544,7,Suggestion,እኔ ፊልም እንድታደርግ እመክራለሁ።
2545,2,Phatic,ሰላም ወጣቱ፣ ምን አለ ዛሬ?
2546,7,Suggestion,እንዴት ቢሆን ቁልፍ ብናደርግ?
2547,2,Phatic,ሰላም መምህራን፣ እንዴት ነሽ?
2548,2,Phatic,ሰላም ልጄ ከ አዋሳ።
2549,8,Warning,እሷ ገንዘብ አትንካ።
2550,8,Warning,ዳኛው ስልጠና አትንካ።
2551,0,Assertion,ወንዶች ስልክ አለው።
2552,7,Suggestion,ይህን ስራ መሞከር ጥሩ ነው።
2553,2,Phatic,እንዴት ነው ስራህ በቅርቡ?
2554,1,Complaint,ይህ ሙያ በጣም ጥሩ ነው፣ አልወድም።
2555,3,Promise,ከዚህ በፊት አንቺ ጉዞ ታመጣለች።
2556,2,Phatic,በሰላም እንገናኝ በቀን።
2557,5,Request,ወንድሜ ውሃ ማግኘት ይችላል?
2558,7,Suggestion,ሰራተኞች አገልግሎት ቢያደርግ ይሻላል።
2559,4,Refusal,እኛ ቁልፍ አይፈልግም።
2560,3,Promise,በማለዳ ባለሙያው ዜና ያመጣል።
2561,3,Promise,አሁን ገበሬዎች ቤት ያመጣል።
2562,3,Promise,ሐኪሙ ከዚህ በፊት ይመጣል ብሎ ቃል ገብቷል።
2563,3,Promise,በወር ወንድሞች ቦታ ታመጣለች።
2564,5,Request,አስተናጋጁ ቅጣት ማግኘት ይችላል?
2565,8,Warning,ሐኪሙ መንገድ አትንካ።
2566,1,Complaint,ከዚህ በፊት ባለቤቴ ስልክ አላገኘም።
2567,0,Assertion,እውነቱን ለመናገር ድርጊት ያሳዝናል ነው።
2568,0,Assertion,ዕድል አዲስ ነው።
2569,1,Complaint,ለምን ችግር እንዲህ አስቸጋሪ ነው?
2570,4,Refusal,ሴቶች ፊልም አይፈልግም።
2571,8,Warning,ተጠንቀቅ! ዕረፍት አስቸጋሪ ነው።
2572,0,Assertion,አገልግሎት አደገኛ ነው።
2573,7,Suggestion,ወንዶች ስራ ቢጠቀም ይሻላል።
2574,8,Warning,ተጠንቀቅ! ስልክ አስደሳች ነው።
2575,8,Warning,ሐኪሞች እርዳታ አትንካ።
2576,4,Refusal,እነሱ ስልጠና አይፈልግም።
2577,2,Phatic,እንኳን ለበዓል አደረሰህ ዛሬ።
2578,5,Request,ወዳጄ ስብሰባ ማግኘት ይችላል?
2579,4,Refusal,ጓደኞች ኮንትራት አይፈልግም።
2580,2,Phatic,ደህና ሁን አሁን መምህራን።
2581,1,Complaint,በሰዓት እንግዶች ጨዋታ አላገኘም።
2582,0,Assertion,እሷ ፊልም አላት።
2583,6,Sarcasm/Irony,ሁሉም ሰው እቅድ ይወዳል... (በአስቂኝ)።
2584,4,Refusal,ልጆች ዜና አይፈልግም።
2585,1,Complaint,ወጣቶች ከ ፈቃድ ጋር ችግር አለው።
2586,0,Assertion,ወንዶች መፍትሄ አለው።
2587,4,Refusal,እሷ መድሃኒት አይፈልግም።
2588,0,Assertion,በሳምንት እነሱ ትምህርት ቤት ነበር።
2589,8,Warning,ገበያ አትግባ፣ አደገኛ ነው።
2590,2,Phatic,እንደገና እንገናኝ ትናንት ከ አዲስ አበባ።
2591,8,Warning,ተጠንቀቅ! ሰላም አደገኛ ነው።
2592,4,Refusal,አንተ መፍትሄ አይፈልግም።
2593,7,Suggestion,ምናልባት ዘገይተኛ እቅድ መግዛት?
2594,3,Promise,በማለዳ አዛውንቱ መረጃ ታመጣለች።
2595,3,Promise,በጊዜው እኛ ውሳኔ ያመጣል።
2596,6,Sarcasm/Irony,እርግጥ፣ ትምህርት ቤት በጣም ቅርብ ነው... (በሳቅ)።
2597,5,Request,አስተናጋጁ ደብዳቤ ማግኘት ይችላል?
2598,5,Request,አለቆች መንገድ ማግኘት ይችላል?
2599,8,Warning,ደንበኞች ድል አትንካ።
2600,2,Phatic,እንዴት አመሸሽ ሰራተኛው?
2601,1,Complaint,ልጆች ከ ኮንትራት ጋር ችግር አለው።
2602,3,Promise,ማንም ትናንት ትመጣለች ብሎ ቃል ገብቷል።
2603,2,Phatic,ሰላም እሷ፣ እንዴት ነህ ከ ባህር ዳር?
2604,8,Warning,ተጠንቀቅ! ኮንትራት ንጹህ ነው።
2605,6,Sarcasm/Irony,እንዴት ትንሽ ሁኔታ ነው! (በቀልድ)።
2606,6,Sarcasm/Irony,አዎ አዛውንቶች በጣም ፈጣን ነው... (በቀልድ)።
2607,2,Phatic,በጣም ደስ ብሎኛል ስለተገናኘን ባለሙያው።
2608,2,Phatic,እግዚአብሔር ከአንተ ጋር ይሁን አስተናጋጁ።
2609,2,Phatic,ምን አዲስ ነገር አለ በሰዓት ወዳጄ?
2610,3,Promise,በማለዳ ገበሬዎች ዕድል ታመጣለች።
2611,2,Phatic,ምን ዜና አለ በማለዳ ከ መንገድ?
2612,2,Phatic,ደህና ቀን ይሁንልሽ ከ ትምህርት ቤት።
2613,8,Warning,አንተ ደስታ አትንካ።
2614,4,Refusal,ልጄ ሀሳብ አይፈልግም።
2615,6,Sarcasm/Irony,እንዴት ታካሚዎች በጣም ፈጣን ነው! (በአስቂኝ)።
2616,5,Request,ከፈቀድሽ ዕረፍት ውሰድ።
2617,6,Sarcasm/Irony,እርግጥ፣ በቀን ይሆናል... (በአስቂኝ)።
2618,5,Request,እሷ ዜና ማግኘት ይችላል?
2619,2,Phatic,መልካም ምሽት ከዚህ በፊት ሁሉም።
2620,5,Request,እህቴ ምክር ማግኘት ይችላል?
2621,2,Phatic,ጤና ይስጥልኝ በወር እሱ።
2622,1,Complaint,እናቶች ስለ እቅድ ቅሬታ አለው።
2623,6,Sarcasm/Irony,አዎ፣ ይህ ቁልፍ በጣም ጠቃሚ ነው... (በሳቅ)።
2624,0,Assertion,ይህ ጉዞ ፈጣን መሆኑን እረጋገጣለሁ።
2625,4,Refusal,ፖሊሱ ኮንትራት አይፈልግም።
2626,3,Promise,እኔ ሰላም እሰጥሃለሁ።
2627,6,Sarcasm/Irony,አዎ፣ ጨዋታ በጣም ጥሩ ጥራት አለው... (በአስቂኝ)።
2628,6,Sarcasm/Irony,እርግጥ፣ አለቆች በጣም ታማኝ ነው... (በአስቂኝ)።
2629,5,Request,ከፈቀድክ ሽልማት ውሰድ።
2630,7,Suggestion,ሐኪሞች ህንፃ ቢያደርግ ይሻላል።
2631,5,Request,ወንድሜ መንገድ ማግኘት ይችላል?
2632,4,Refusal,እኔ ምግብ ቤት አይፈልግም።
2633,7,Suggestion,ምናልባት አስቸጋሪ ቦታ መግዛት?
2634,5,Request,ሐኪሙ ሀሳብ ማግኘት ይችላል?
2635,7,Suggestion,ምናልባት ጉዞ ማድረግ ይሻላል።
2636,2,Phatic,እግዚአብሔር ይባርክህ በወር።
2637,2,Phatic,እንዴት አደሩ አስተማሪው?
2638,7,Suggestion,ሰራተኛው ፈቃድ ቢያደርግ ይሻላል።
2639,4,Refusal,አስተናጋጁ ጉብኝት አይፈልግም።
2640,1,Complaint,ዛሬ አንተ ስልጠና አላገኘም።
2641,0,Assertion,ሽልማት በጣም ትንሽ ነው።
2642,8,Warning,ሰራተኛው ሙዚቃ አትንካ።
2643,2,Phatic,እግዚአብሔር ከአንቺ ጋር ይሁን ጓደኞች።
2644,4,Refusal,እሷ ዜና አይፈልግም።
2645,4,Refusal,ባለሙያው ጊዜ አይፈልግም።
2646,2,Phatic,እንኳን ለበዓሉ አደረሰ ታካሚዎች።
2647,7,Suggestion,ምናልባት አሮጌ ሰላም መግዛት?
2648,2,Phatic,እግዚአብሔር ይጠብቅሽ ጎረቤቴ።
2649,0,Assertion,ከዚህ በኋላ ዳኛው ባህር ዳር ነበር።
2650,1,Complaint,ለምን አስተናጋጁ መፍትሄ አልሰጠኝም?
2651,5,Request,ወንድሜ ችግር ማግኘት ይችላል?
2652,4,Refusal,አባቶች ደብዳቤ አይፈልግም።
2653,1,Complaint,ልጄ ፊልም ስለ ደህንነቱ የተጠበቀ መሆኑ ያማርራል።
2654,2,Phatic,ሰላም ማንም፣ ምን አለ በጊዜው?
2655,1,Complaint,ወረቀት አልሰራም፣ ችግር አለ።
2656,1,Complaint,ነጋዴዎች እቅድ ስለ ፈጣን መሆኑ ያማርራል።
2657,5,Request,ሐኪሞች ዕረፍት ማግኘት ይችላል?
2658,1,Complaint,ተማሪው ንግግር ስለ አዲስ መሆኑ ያማርራል።
2659,0,Assertion,በሰዓት ሹፌሩ ጎንደር ነበር።
2660,4,Refusal,እኛ ጊዜ አይፈልግም።
2661,4,Refusal,አሁን በማለዳ አይሆንም።
2662,3,Promise,በቅርቡ ደንበኞች ችግር ታመጣለች።
2663,8,Warning,ልጄ ክፍያ አትንካ።
2664,8,Warning,እህቴ ፊልም አትንካ።
2665,4,Refusal,ደንበኞች ገንዘብ አይፈልግም።
2666,1,Complaint,ሰራተኞች ከ ሀሳብ ጋር ችግር አለው።
2667,6,Sarcasm/Irony,እርግጥ ነው፣ ምክር በጣም ርካሽ ነው... (በአስቂኝ)።
2668,7,Suggestion,አንተ ጉብኝት ቢያደርግ ይሻላል።
2669,5,Request,አባቴ ሀሳብ ማግኘት ይችላል?
2670,0,Assertion,ውሳኔ በጣም አስደሳች ነው።
2671,0,Assertion,ስልጠና በጣም አሮጌ ነው።
2672,4,Refusal,ይቅርታ፣ ፈቃድ አልሰጥም።
2673,0,Assertion,እውነቱን ለመናገር ቦታ አሮጌ ነው።
2674,1,Complaint,ታካሚዎች ቁልፍ ስለ አስፈላጊ መሆኑ ያማርራል።
2675,1,Complaint,ዳኛው ህንፃ ስለ ከባድ መሆኑ ያማርራል።
2676,2,Phatic,ሰላም አንዳንድ ሰዎች፣ ምን ሰራህ በቅርቡ?
2677,5,Request,ወንዶች ሙያ ማግኘት ይችላል?
2678,1,Complaint,ወንድሞች ከ ዜና ጋር ችግር አለው።
2679,7,Suggestion,ምናልባት ደህንነቱ የተጠበቀ ሙዚቃ መግዛት?
2680,7,Suggestion,ምናልባት አስቸጋሪ ሽልማት መግዛት?
2681,3,Promise,በጊዜው ወጣቶች ሙዚቃ ታመጣለች።
2682,8,Warning,ተጠንቀቅ! ሰላም ያሳዝናል ነው።
2683,4,Refusal,አይ፣ ሰላም አልችልም።
2684,3,Promise,በወር ጓደኛዬ ድርጊት ያመጣል።
2685,3,Promise,በቀን ነጋዴዎች መንገድ ያመጣል።
2686,3,Promise,ይህን ትምህርት እጠብቃለሁ።
2687,5,Request,ሰራተኞች ምግብ ማግኘት ይችላል?
2688,6,Sarcasm/Irony,እርግጥ ነው፣ እረፍት በጣም ርካሽ ነው... (በአስቂኝ)።
2689,0,Assertion,በቅርቡ እሷ መስሪያ ቤት ነበር።
2690,3,Promise,በማለዳ አንዳንድ ሰዎች ፈቃድ ታመጣለች።
2691,7,Suggestion,እሱ ዜና ቢጠቀም ይሻላል።
2692,7,Suggestion,ወጣቱ ህንፃ ቢያደርግ ይሻላል።
2693,2,Phatic,ሰላምታዬን አቀርባለሁ ከ ቤት።
2694,1,Complaint,ለምን ምክር እንዲህ አሮጌ ነው?
2695,6,Sarcasm/Irony,በጣም ትንሽ ነው፣ ማንም አያውቅም... (በሳቅ)።
2696,7,Suggestion,አዛውንቱ ጤና ቢጠቀም ይሻላል።
2697,5,Request,አንቺ ዜና ማግኘት ይችላል?
2698,2,Phatic,እንኳን ደህና ኑሩ አስተናጋጁ።
2699,5,Request,አንድ ሰው ቤት ማግኘት ይችላል?
2700,5,Request,እናንተ እርዳታ ማግኘት ይችላል?
2701,5,Request,እኛ ክፍያ ማግኘት ይችላል?
2702,8,Warning,ጎረቤቴ ሀሳብ አትንካ።
2703,5,Request,እነሱ ቅጣት ማግኘት ይችላል?
2704,0,Assertion,ዜና በጣም አሮጌ ነው።
2705,0,Assertion,ገንዘብ በጣም ቀላል ነው።
2706,8,Warning,ተጠንቀቅ! መጽሐፍ አደገኛ ነው።
2707,1,Complaint,ለምን ደስታ እንዲህ ርካሽ ነው?
2708,0,Assertion,ችግር አሮጌ ነው።
2709,3,Promise,አሁን ጓደኞች ብር ያመጣል።
2710,1,Complaint,ወጣቱ ስለ ድል ቅሬታ አለው።
2711,2,Phatic,ሰላም እኔ፣ ምን አለ?
2712,3,Promise,ይህን ቦታ እጠብቃለሁ።
2713,7,Suggestion,ምናልባት አዲስ መድሃኒት መግዛት?
2714,7,Suggestion,ምናልባት ዘገይተኛ ሰላም መግዛት?
2715,3,Promise,በእርግጠኝነት ጎንደር እገኛለሁ።
2716,2,Phatic,እንኳን ለሠርጉ አደረሰ ተማሪው።
2717,7,Suggestion,እንዴት ቢሆን መድሃኒት ብናደርግ?
2718,8,Warning,አትርሳ መንገድ።
2719,5,Request,ፖሊሱ ምክር ማግኘት ይችላል?
2720,5,Request,እባክዎ ድልድይ ይላኩልኝ።
2721,6,Sarcasm/Irony,እንዴት ያለ ድልድይ ነው! (በቀልድ)።
2722,6,Sarcasm/Irony,እርግጥ ነው፣ ድል በጣም ርካሽ ነው... (በአስቂኝ)።
2723,5,Request,እባክዎ ክፍያ ይላኩልኝ።
2724,2,Phatic,ደህና እንደምትሆኚ ከ ትምህርት ቤት ተስፋ አደርጋለሁ።
2725,7,Suggestion,ምናልባት ፈጣን ፕሮጀክት መግዛት?
2726,4,Refusal,ምግብ አልፈልግም፣ አመሰግናለሁ።
2727,4,Refusal,እኔ ክፍያ አልቀበልም።
2728,3,Promise,እህቴ በቅርቡ ትመጣለች ብሎ ቃል ገብቷል።
2729,6,Sarcasm/Irony,ፖሊሱ ሁልጊዜ ትክክለኛ ውሳኔ ያደርጋል... (በቀልድ)።
2730,1,Complaint,ለምን ብር እንዲህ ፈጣን ነው?
2731,6,Sarcasm/Irony,እናቶች ሁልጊዜ በጊዜው ይመጣል... (በቀልድ)።
2732,8,Warning,ተጠንቀቅ፣ ተማሪው ይመጣል።
2733,5,Request,ባለቤቴ ዕድል ማግኘት ይችላል?
2734,2,Phatic,እግዚአብሔር ይጠብቅሽ ከ መቀሌ።
2735,7,Suggestion,እሷ ስብሰባ ቢያደርግ ይሻላል።
2736,6,Sarcasm/Irony,እርግጥ፣ ሐረር በጣም ቆንጆ ነው... (በሳቅ)።
2737,3,Promise,ከዚህ በፊት እኔ ክፍያ ያመጣል።
2738,8,Warning,አትርሳ ጤና።
2739,2,Phatic,እንዴት ነሽ ሰራተኛው በሰዓት?
2740,6,Sarcasm/Irony,በጣም ንጹህ ነው፣ ማንም አይቃወምም... (በቀልድ)።
2741,0,Assertion,ይህ መድሃኒት አሮጌ መሆኑን እረጋገጣለሁ።
2742,5,Request,እባክሽ ዜና ስጠኝ።
2743,7,Suggestion,እንዴት ቢሆን ዜና ብናደርግ?
2744,0,Assertion,እውነቱን ለመናገር ጊዜ አደገኛ ነው።
2745,0,Assertion,ሹፌሩ በቅርቡ ባህር ዳር ይገኛል።
2746,1,Complaint,ለምን ጊዜ እንዲህ ውድ ነው?
2747,6,Sarcasm/Irony,አዎ ሹፌሩ በጣም ፈጣን ነው... (በቀልድ)።
2748,6,Sarcasm/Irony,አስተናጋጁ ሁልጊዜ ትክክል ነው... (በሳቅ)።
2749,0,Assertion,አሁን ሐኪሙ ቢሮ ነበር።
2750,4,Refusal,መምህራን አገልግሎት አይፈልግም።
2751,1,Complaint,ባለሙያው ከ ዜና ጋር ችግር አለው።
2752,0,Assertion,ወዳጄ ችግር አደገኛ ይመስላል።
2753,0,Assertion,አንድ ሰው ሙያ አላት።
2754,7,Suggestion,ይህን ውሳኔ መሞከር ጥሩ ነው።
2755,0,Assertion,ወንዶች ንግግር ትንሽ ይመስላል።
2756,5,Request,እባክህ ትናንት ና።
2757,8,Warning,አለቆች ስልጠና አትንካ።
2758,0,Assertion,እውነቱን ለመናገር ደስታ ደህንነቱ የተጠበቀ ነው።
2759,4,Refusal,አንድ ሰው ክፍያ አይፈልግም።
2760,6,Sarcasm/Irony,አዎ፣ ቤት በጣም ደህንነቱ የተጠበቀ ነው... (በተቃራኒ)።
2761,5,Request,ሴቶች እድል ማግኘት ይችላል?
2762,3,Promise,ነገ ገበሬዎች ምግብ ቤት ያመጣል።
2763,6,Sarcasm/Irony,አንተ ሁልጊዜ በጊዜው ይመጣል... (በቀልድ)።
2764,3,Promise,በፍጥነት እናቶች ክፍያ ያመጣል።
2765,6,Sarcasm/Irony,እንዴት አሮጌ ነው! (በአስቂኝ መንገድ)።
2766,3,Promise,መምህራን በሳምንት ይመጣል ብሎ ቃል ገብቷል።
2767,4,Refusal,ይህን ጉብኝት ማድረግ አልችልም።
2768,6,Sarcasm/Irony,እህቶች ሁልጊዜ ይረዳል... (በቀልድ)።
2769,6,Sarcasm/Irony,እርግጥ ነው፣ ትምህርት በጣም ርካሽ ነው... (በአስቂኝ)።
2770,8,Warning,ተጠንቀቅ! ኮንትራት አዲስ ነው።
2771,6,Sarcasm/Irony,እንዴት አዛውንቱ በጣም ፈጣን ነው! (በአስቂኝ)።
2772,5,Request,ታካሚዎች ስራ ማግኘት ይችላል?
2773,7,Suggestion,እኔ ሀሳብ እንድታደርግ እመክራለሁ።
2774,4,Refusal,ማንም ፊልም አይፈልግም።
2775,2,Phatic,ሰላምታዬን ለቤተሰብህ አቀርባለሁ እናንተ።
2776,2,Phatic,እግዚአብሔር ከአንቺ ጋር ይሁን አለቃዬ።
2777,2,Phatic,በጣም ደስ ብሎኛል ስላየሁህ በማለዳ።
2778,4,Refusal,እህቴ ሰላም አይፈልግም።
2779,5,Request,ጓደኛዬ ደብዳቤ ማግኘት ይችላል?
2780,6,Sarcasm/Irony,እንዴት ሹፌሩ በጣም ፈጣን ነው! (በአስቂኝ)።
2781,0,Assertion,ወዳጄ አሁን ሐረር ይገኛል።
2782,8,Warning,ተጠንቀቅ፣ እነሱ ይመጣል።
2783,4,Refusal,አዛውንቱ ሰላም አይፈልግም።
2784,4,Refusal,አባቶች ጉብኝት አይፈልግም።
2785,1,Complaint,ሁልጊዜ እቅድ ይጎድላል።
2786,3,Promise,እናንተ በቅርቡ ይመጣል ብሎ ቃል ገብቷል።
2787,3,Promise,በፍጥነት ሐኪሞች እቅድ ታመጣለች።
2788,0,Assertion,እኔ ኮንትራት እንደሚያስፈልግ አውቃለሁ።
2789,1,Complaint,ይህ ቦታ በጣም ያሳዝናል ነው፣ አልወድም።
2790,5,Request,ተማሪዎች ስራ ማግኘት ይችላል?
2791,0,Assertion,አለቃዬ አለ ብዙ ጊዜ።
2792,0,Assertion,አስተናጋጁ ችግር አለው።
2793,8,Warning,ተጠንቀቅ! ድርጊት ንጹህ ነው።
2794,6,Sarcasm/Irony,እንዴት ተማሪው በጣም ፈጣን ነው! (በአስቂኝ)።
2795,0,Assertion,ዜና ደስ የሚል ነው።
2796,7,Suggestion,እንደእኔ አስተያየት ችግር መቀየር ይሻላል።
2797,2,Phatic,ሰላም እናንተ፣ እንዴት ነህ ከ መንገድ?
2798,7,Suggestion,ምናልባት አሮጌ ውሃ መግዛት?
2799,4,Refusal,እናንተ ወረቀት አይፈልግም።
2800,2,Phatic,እንኳን ለበዓሉ አደረሰ ከ መስሪያ ቤት።
2801,1,Complaint,እኔ ከ ጊዜ ጋር ችግር አለው።
2802,8,Warning,ተጠንቀቅ! ሽልማት ዘገይተኛ ነው።
2803,3,Promise,እናቶች በቀን ትመጣለች ብሎ ቃል ገብቷል።
2804,3,Promise,ሐኪሞች ነገ ይመጣል ብሎ ቃል ገብቷል።
2805,0,Assertion,እኔ ውሳኔ እንደሚያስፈልግ አውቃለሁ።
2806,1,Complaint,እህቴ ምግብ ቤት ስለ ትንሽ መሆኑ ያማርራል።
2807,3,Promise,በእርግጥ ስራ አደርጋለሁ።
2808,2,Phatic,እንዴት አለፍሽ ከ ቤት ጓደኞች?
2809,2,Phatic,መልካም ቀን ወንድሞች።
2810,3,Promise,ትናንት እናንተ ህንፃ ያመጣል።
2811,7,Suggestion,እንግዶች ቤት ቢጠቀም ይሻላል።
2812,8,Warning,አትርሳ ሀሳብ።
2813,6,Sarcasm/Irony,እንዴት ያሳዝናል ሁኔታ ነው! (በቀልድ)።
2814,1,Complaint,ነገ እናቴ ትምህርት አላገኘም።
2815,2,Phatic,ጤናማ ቀን ይሁንልሽ ከዚህ በኋላ።
2816,4,Refusal,እርዳታ አልፈልግም፣ አመሰግናለሁ።
2817,0,Assertion,እኔ ቦታ እንደሚያስፈልግ አውቃለሁ።
2818,8,Warning,ይህ ጉዞ አደገኛ ነው።
2819,0,Assertion,በወር ወንድሞች ጎንደር ነበር።
2820,2,Phatic,ደስ ብሎኛል ስለተገናኘን ከ አዋሳ።
2821,3,Promise,ነገ ባለቤቴ መጽሔት ታመጣለች።
2822,1,Complaint,አስተናጋጁ ከ ቁልፍ ጋር ችግር አለው።
2823,7,Suggestion,ምናልባት አስደሳች ኮንትራት መግዛት?
2824,1,Complaint,ከዚህ በኋላ ወጣቶች ፈቃድ አላገኘም።
2825,8,Warning,እኛ ዜና አትንካ።
2826,1,Complaint,ይህ መጽሔት በጣም መጥፎ ነው፣ አልወድም።
2827,2,Phatic,በሰላም እንገናኝ አባቴ።
2828,3,Promise,ፖሊሱ ከዚህ በኋላ ትመጣለች ብሎ ቃል ገብቷል።
2829,0,Assertion,መምህራን ሽልማት አለው።
2830,7,Suggestion,ይህን አገልግሎት መሞከር ጥሩ ነው።
2831,6,Sarcasm/Irony,አዎ፣ ወንድሞች በጣም ብልህ ነው... (በተቃራኒ)።
2832,8,Warning,ተጠንቀቅ፣ አንዳንድ ሰዎች ይመጣል።
2833,4,Refusal,ስልጠና አልፈልግም፣ አመሰግናለሁ።
2834,1,Complaint,ትናንት አዛውንቱ ትምህርት አላገኘም።
2835,3,Promise,ልጆች ዛሬ ትመጣለች ብሎ ቃል ገብቷል።
2836,2,Phatic,ምን ዜና አለ እናቶች?
2837,3,Promise,በቅርቡ ሰራተኞች ሆቴል ያመጣል።
2838,4,Refusal,ተማሪው ፊልም አይፈልግም።
2839,1,Complaint,ወጣቶች ብር ስለ አሮጌ መሆኑ ያማርራል።
2840,0,Assertion,አባቴ አለች ብዙ ጊዜ።
2841,3,Promise,በወር ብዙ ሰዎች ውሃ ያመጣል።
2842,1,Complaint,ይህ ሰላም በጣም ደስ የሚል ነው፣ አልወድም።
2843,4,Refusal,አዛውንቶች ንግግር አይፈልግም።
2844,2,Phatic,በጣም ደስ ብሎኛል ስለተገናኘን ወጣቱ።
2845,8,Warning,ወዳጄ ስልክ አትንካ።
2846,1,Complaint,ልጄ ጉብኝት ስለ ትልቅ መሆኑ ያማርራል።
2847,5,Request,ጓደኛዬ መጽሔት ማግኘት ይችላል?
2848,4,Refusal,ይቅርታ፣ ችግር አልሰጥም።
2849,5,Request,እርዳኝ ቁልፍ ለማግኘት።
2850,7,Suggestion,ምናልባት አስቸጋሪ ወረቀት መግዛት?
2851,3,Promise,ይህን ዕድል እጠብቃለሁ።
2852,5,Request,ሹፌሩ ፊልም ማግኘት ይችላል?
2853,5,Request,እርዳኝ ሰላም ለማግኘት።
2854,5,Request,ጓደኞች ኮምፒውተር ማግኘት ይችላል?
2855,2,Phatic,ደስ ብሎኛል ስላየሁሽ ሐኪሙ።
2856,5,Request,ልጆች ሰላም ማግኘት ይችላል?
2857,0,Assertion,አለቃዬ ዕረፍት አለው።
2858,3,Promise,እነሱ በወር ትመጣለች ብሎ ቃል ገብቷል።
2859,4,Refusal,እኔ ጉዞ አልቀበልም።
2860,8,Warning,ተጠንቀቅ! ትምህርት ርካሽ ነው።
2861,0,Assertion,ድል በጣም አደገኛ ነው።
2862,7,Suggestion,ምናልባት ትንሽ አገልግሎት መግዛት?
2863,7,Suggestion,እኔ ፈቃድ እንድታደርግ እመክራለሁ።
2864,4,Refusal,ወንዶች ጨዋታ አይፈልግም።
2865,8,Warning,ሴቶች መረጃ አትንካ።
2866,1,Complaint,እናንተ ስለ ስራ ቅሬታ አለው።
2867,7,Suggestion,ባለሙያው ምግብ ቢያደርግ ይሻላል።
2868,8,Warning,ተጠንቀቅ! ውሃ ፈጣን ነው።
2869,7,Suggestion,ሰራተኛው ሀሳብ ቢያደርግ ይሻላል።
2870,5,Request,ልጆች ቅጣት ማግኘት ይችላል?
2871,2,Phatic,ሰላምታዬን ለቤተሰብሽ አቀርባለሁ ሐኪሞች።
2872,3,Promise,ጎረቤቴ ነገ ትመጣለች ብሎ ቃል ገብቷል።
2873,8,Warning,ይህ መንገድ አደገኛ ነው።
2874,2,Phatic,ደስ ብሎኛል ስላየሁህ ወጣቱ።
2875,8,Warning,ይህን ምክር አታድርግ።
2876,6,Sarcasm/Irony,አዎ፣ ከዚህ በፊት ሁሉም ዝግጁ ነው... (በተቃራኒ)።
2877,0,Assertion,አዛውንቶች ደብዳቤ አስፈላጊ ይመስላል።
2878,8,Warning,ይህ ዕድል አደገኛ ነው።
2879,5,Request,እህቴ እቅድ ማግኘት ይችላል?
2880,2,Phatic,እንዴት ነህ ወዳጄ ዛሬ?
2881,2,Phatic,በጣም ደስ ብሎኛል እናቶች።
2882,1,Complaint,ሴቶች ዜና ስለ ያሳዝናል መሆኑ ያማርራል።
2883,0,Assertion,እናቶች ንግግር ርካሽ ነው።
2884,5,Request,እባክዎ ሙዚቃ ያድርጉልኝ።
2885,5,Request,ማንም መንገድ ማግኘት ይችላል?
2886,2,Phatic,እንኳን ደህና ኑር እንግዶች።
2887,5,Request,ወጣቱ ዜና ማግኘት ይችላል?
2888,6,Sarcasm/Irony,ጎረቤቴ ሁልጊዜ በጊዜው ይመጣል... (በቀልድ)።
2889,7,Suggestion,ምናልባት ዘገይተኛ ዜና መግዛት?
2890,0,Assertion,ስልጠና ውድ ነው።
2891,5,Request,እንግዶች ሙያ ማግኘት ይችላል?
2892,8,Warning,ይህን መጽሔት አታድርግ።
2893,0,Assertion,እሱ ውሃ አለው።
2894,2,Phatic,መልካም ጊዜ ይሁንልሽ ሰራተኞች።
2895,2,Phatic,በሰላም እንገናኝ በቅርቡ።
2896,0,Assertion,ይህ ዕረፍት ትልቅ መሆኑን እረጋገጣለሁ።
2897,5,Request,አለቃዬ ፕሮጀክት ማግኘት ይችላል?
2898,6,Sarcasm/Irony,እርግጥ፣ ባንክ በጣም ቅርብ ነው... (በሳቅ)።
2899,3,Promise,ይህን ደስታ እጠብቃለሁ።
2900,2,Phatic,ደህና ቀን ይሁንልሽ ከ ሆስፒታል።
2901,6,Sarcasm/Irony,እንዴት ያለ ፍጹም ቅጣት ነው! (በሳቅ)።
2902,0,Assertion,እውነቱን ለመናገር ስራ ያሳዝናል ነው።
2903,5,Request,አንተ ፊልም ማግኘት ይችላል?
2904,6,Sarcasm/Irony,አዎ፣ ይህ ዜና በጣም ጠቃሚ ነው... (በሳቅ)።
2905,7,Suggestion,አንተ ወረቀት ቢጠቀም ይሻላል።
2906,7,Suggestion,ምናልባት ምግብ ማድረግ ይሻላል።
2907,7,Suggestion,እንደእኔ አስተያየት ደብዳቤ መቀየር ይሻላል።
2908,2,Phatic,እንዴት አለፍክ በጊዜው ልጄ?
2909,1,Complaint,ለምን መጽሔት እንዲህ ያሳዝናል ነው?
2910,8,Warning,አትርሳ ፕሮጀክት።
2911,7,Suggestion,አዛውንቱ ጊዜ ቢያደርግ ይሻላል።
2912,8,Warning,ተጠንቀቅ! ስልክ ውድ ነው።
2913,2,Phatic,በሰላም እንገናኝ በጊዜው።
2914,8,Warning,ተማሪው ቦታ አትንካ።
2915,7,Suggestion,ይህን ንግግር መሞከር ጥሩ ነው።
2916,1,Complaint,መጽሐፍ አልሰራም፣ ችግር አለ።
2917,2,Phatic,እንዴት ነው ጤንነትሽ አስተናጋጁ?
2918,7,Suggestion,ይህን ምግብ ቤት መሞከር ጥሩ ነው።
2919,4,Refusal,እሱ ኮምፒውተር አይፈልግም።
2920,4,Refusal,አይ፣ እድል አልችልም።
2921,5,Request,ወንድሞች ዕረፍት ማግኘት ይችላል?
2922,7,Suggestion,ዳኛው ጤና ቢጠቀም ይሻላል።
2923,1,Complaint,ይህ ጊዜ በጣም ከባድ ነው፣ አልወድም።
2924,6,Sarcasm/Irony,እንዴት ዘገይተኛ ሁኔታ ነው! (በቀልድ)።
2925,3,Promise,በወር አባቴ ገንዘብ ያመጣል።
2926,0,Assertion,በፍጥነት አባቶች አዲስ አበባ ነበር።
2927,0,Assertion,ዕድል በጣም ቀላል ነው።
2928,1,Complaint,ለምን ባለቤቴ ስልክ አልሰጠኝም?
2929,8,Warning,ተጠንቀቅ! ውሃ ትንሽ ነው።
2930,8,Warning,ነጋዴዎች ፈቃድ አትንካ።
2931,5,Request,እናንተ ቅጣት ማግኘት ይችላል?
2932,1,Complaint,ብዙ ሰዎች ስለ ቅጣት ቅሬታ አለው።
2933,8,Warning,ይህን ስራ አታድርግ።
2934,1,Complaint,ሐኪሙ ገንዘብ ስለ ቀላል መሆኑ ያማርራል።
2935,7,Suggestion,ምናልባት ርካሽ ደብዳቤ መግዛት?
2936,5,Request,እባክዎ መጽሐፍ ያድርጉልኝ።
2937,8,Warning,አደጋ አለ! ህንፃ ተጠንቀቅ።
2938,2,Phatic,እንኳን ደህና መጣሽ ከዚህ በኋላ።
2939,0,Assertion,ትናንት ሰራተኛው ባህር ዳር ነበር።
2940,0,Assertion,ኮንትራት በጣም አስደሳች ነው።
2941,2,Phatic,ደህና ቀን ይሁንልሽ ወንድሞች።
2942,6,Sarcasm/Irony,ይህ በጣም ትልቅ ሀሳብ ነው... (በሳቅ)።
2943,1,Complaint,ሁልጊዜ መጽሔት ይጎድላል።
2944,6,Sarcasm/Irony,እንዴት አስፈላጊ ሙያ ነው! (በቀልድ)።
2945,2,Phatic,እግዚአብሔር ከጎንሽ ይሁን ሰራተኞች።
2946,4,Refusal,ተማሪው ወረቀት አይፈልግም።
2947,6,Sarcasm/Irony,ወንድሞች ሁልጊዜ በጊዜው ይመጣል... (በቀልድ)።
2948,4,Refusal,ይህን ቅጣት ማድረግ አልችልም።
2949,2,Phatic,እንዴት አለፍሽ ከ ቤት ሁሉም?
2950,1,Complaint,ወዳጄ ከ ድልድይ ጋር ችግር አለው።
2951,3,Promise,ልጄ በፍጥነት ይመጣል ብሎ ቃል ገብቷል።
2952,2,Phatic,መልካም ጊዜ ከ ቤት አንዳንድ ሰዎች።
2953,3,Promise,አንዳንድ ሰዎች ዛሬ ይመጣል ብሎ ቃል ገብቷል።
2954,8,Warning,ተጠንቀቅ! ሀሳብ ትልቅ ነው።
2955,5,Request,እኛ ቤት ማግኘት ይችላል?
2956,6,Sarcasm/Irony,እንዴት ያለ ትልቅ ሀሳብ ነው! (በሳቅ)።
2957,8,Warning,ልጄ ቦታ አትንካ።
2958,3,Promise,በማታ አባቴ ጉዞ ታመጣለች።
2959,8,Warning,ወንድሜ መድሃኒት አትንካ።
2960,3,Promise,በሳምንት ወዳጄ መጽሐፍ ያመጣል።
2961,6,Sarcasm/Irony,አዎ፣ ጨዋታ በጣም አስፈላጊ ነው ለሁሉም... (በተቃራኒ)።
2962,5,Request,ልጄ ስልክ ማግኘት ይችላል?
2963,5,Request,አዛውንቱ መረጃ ማግኘት ይችላል?
2964,5,Request,እናቶች መጽሔት ማግኘት ይችላል?
2965,6,Sarcasm/Irony,እንዴት ያለ ድል ነው! (በቀልድ)።
2966,0,Assertion,ወንዶች ንግግር ዘገይተኛ ነው።
2967,2,Phatic,በጣም ደስ ብሎኛል ስላየሁህ በቀን።
2968,6,Sarcasm/Irony,በጣም ንጹህ ነው፣ ምንም አደጋ የለም... (በሳቅ)።
2969,4,Refusal,እሱ ምክር አይፈልግም።
2970,1,Complaint,ሰራተኞች ቅጣት ስለ ቀላል መሆኑ ያማርራል።
2971,1,Complaint,ፖሊሱ ደብዳቤ ስለ ደስ የሚል መሆኑ ያማርራል።
2972,6,Sarcasm/Irony,በጣም ውድ ነው፣ ምንም አደጋ የለም... (በሳቅ)።
2973,2,Phatic,ጤና ይስጥልኝ በሰዓት ታካሚዎች።
2974,7,Suggestion,እኔ ውሃ ቢያደርግ ይሻላል።
2975,2,Phatic,ሰላም አባቴ፣ ምን ሰራህ?
2976,8,Warning,እሱ ጊዜ አትንካ።
2977,3,Promise,በሳምንት እህቶች ስብሰባ ያመጣል።
2978,2,Phatic,እንዴት ነው ቀኑ ከ መስሪያ ቤት?
2979,7,Suggestion,ምናልባት አስቸጋሪ ህንፃ መግዛት?
2980,5,Request,አንቺ ውሳኔ ማግኘት ይችላል?
2981,4,Refusal,ደንበኞች ስልጠና አይፈልግም።
2982,6,Sarcasm/Irony,እንዴት ያለ ፍጹም መጽሔት ነው! (በሳቅ)።
2983,8,Warning,ተጠንቀቅ! መኪና ደህንነቱ የተጠበቀ ነው።
2984,8,Warning,ተጠንቀቅ! ድርጊት ቀላል ነው።
2985,2,Phatic,መልካም ምሽት ብዙ ሰዎች።
2986,7,Suggestion,ምናልባት ኮምፒውተር ማድረግ ይሻላል።
2987,0,Assertion,ሐኪሙ ዛሬ ሐረር ይገኛል።
2988,8,Warning,ተጠንቀቅ! ስብሰባ አስደሳች ነው።
2989,6,Sarcasm/Irony,መምህራን ሁልጊዜ ትክክለኛ ውሳኔ ያደርጋል... (በቀልድ)።
2990,4,Refusal,ወዳጄ ውሃ አይፈልግም።
2991,2,Phatic,እንዴት አለፍክ ከ ቤተ ክርስቲያን ታካሚዎች?
2992,0,Assertion,አባቶች ችግር አላት።
2993,2,Phatic,እግዚአብሔር ይባርክህ በማለዳ።
2994,1,Complaint,አባቴ ከ ሙያ ጋር ችግር አለው።
2995,5,Request,ይህን ደስታ ማየት እችላለሁ?
2996,1,Complaint,በሳምንት ፖሊሱ ድርጊት አላገኘም።
2997,4,Refusal,ታካሚዎች መረጃ አይፈልግም።
2998,6,Sarcasm/Irony,ሁሉም ሰው አገልግሎት ይወዳል... (በአስቂኝ)።
2999,2,Phatic,ቤተሰብሽ ደህና ናቸው ሴቶች?
3000,6,Sarcasm/Irony,እርግጥ ነው፣ ሰላም በጣም ትልቅ ነው... (በቀልድ)።
3001,4,Refusal,እኔ ውሳኔ አልቀበልም።
3002,2,Phatic,እግዚአብሔር ይባርክሽ ወጣቱ።
3003,4,Refusal,ወንድሜ ስልጠና አይፈልግም።
3004,0,Assertion,መጽሐፍ ደስ የሚል ነው።
3005,5,Request,ይህን ድልድይ ማየት እችላለሁ?
3006,1,Complaint,ልጄ መኪና ስለ ጥሩ መሆኑ ያማርራል።
3007,3,Promise,ይህን ሆቴል እጠብቃለሁ።
3008,5,Request,አንተ ዜና ማግኘት ይችላል?
3009,4,Refusal,ጓደኞች ጉዞ አይፈልግም።
3010,4,Refusal,ሐኪሞች መንገድ አይፈልግም።
3011,6,Sarcasm/Irony,አዎ፣ ይህ ብር በጣም ጠቃሚ ነው... (በሳቅ)።
3012,6,Sarcasm/Irony,እህቴ ሁልጊዜ ትክክል ነው፣ እርግጥ ነው... (በሳቅ)።
3013,6,Sarcasm/Irony,አዎ፣ ደብዳቤ በጣም ጥሩ ጥራት አለው... (በአስቂኝ)።
3014,1,Complaint,ሐኪሞች ከ መጽሐፍ ጋር ችግር አለው።
3015,4,Refusal,አንቺ መፍትሄ አይፈልግም።
3016,8,Warning,ተጠንቀቅ! እቅድ ፈጣን ነው።
3017,6,Sarcasm/Irony,አዎ፣ መድሃኒት በጣም ጥሩ ጥራት አለው... (በአስቂኝ)።
3018,7,Suggestion,እንደእኔ አስተያየት ምግብ መቀየር ይሻላል።
3019,2,Phatic,እንደገና እንገናኝ በሳምንት ከ ትምህርት ቤት።
3020,8,Warning,ጓደኞች መረጃ አትንካ።
3021,8,Warning,ብዙ ሰዎች ወረቀት አትንካ።
3022,2,Phatic,ሰላም ጎረቤቴ፣ እንዴት አለፈ በቅርቡ?
3023,8,Warning,ተጠንቀቅ! መረጃ ያሳዝናል ነው።
3024,3,Promise,በማለዳ ልጆች ምግብ ቤት ታመጣለች።
3025,3,Promise,በማለዳ ነጋዴዎች ዜና ያመጣል።
3026,2,Phatic,እንዴት አለፍክ ከ ገበያ ልጆች?
3027,4,Refusal,እናንተ ሙያ አይፈልግም።
3028,5,Request,እሷ ክፍያ ማግኘት ይችላል?
3029,7,Suggestion,እንደእኔ አስተያየት ብር መቀየር ይሻላል።
3030,7,Suggestion,ምናልባት ነገ ብንገናኝ?
3031,5,Request,እባክህ በጊዜው ኒ።
3032,5,Request,ከፈቀድክ ቦታ ውሰድ።
3033,6,Sarcasm/Irony,እርግጥ ነው፣ በሰዓት ሁሉም ይሳካል... (በተቃራኒ)።
3034,7,Suggestion,አባቶች ውሳኔ ቢጠቀም ይሻላል።
3035,3,Promise,ይህን ስብሰባ እጠብቃለሁ።
3036,5,Request,አስተናጋጁ ሙያ ማግኘት ይችላል?
3037,4,Refusal,ማንም ትምህርት አይፈልግም።
3038,0,Assertion,ሁሉም መኪና አለው።
3039,7,Suggestion,ምናልባት ደህንነቱ የተጠበቀ ድርጊት መግዛት?
3040,7,Suggestion,እንዴት ቢሆን ትምህርት ቤት ብንሄድ?
3041,3,Promise,እህቶች በማለዳ ትመጣለች ብሎ ቃል ገብቷል።
3042,0,Assertion,እህቶች አሉ ብዙ ጊዜ።
3043,0,Assertion,በማለዳ አባቴ መስሪያ ቤት ነበር።
3044,0,Assertion,ይህ መፍትሄ ውድ መሆኑን እረጋገጣለሁ።
3045,5,Request,ከፈቀድክ መረጃ ውሰድ።
3046,1,Complaint,ስራ አልሰራም፣ ችግር አለ።
3047,2,Phatic,ደህና እንደምታድር ተስፋ አደርጋለሁ ተማሪዎች።
3048,2,Phatic,ደህና እንደምታድር ተስፋ አደርጋለሁ ደንበኞች።
3049,5,Request,እባክህ አገልግሎት አስረዳኝ።
3050,5,Request,አባቴ ድርጊት ማግኘት ይችላል?
3051,8,Warning,ተጠንቀቅ! ጊዜ ንጹህ ነው።
3052,7,Suggestion,ምናልባት አስደሳች መኪና መግዛት?
3053,2,Phatic,ደስ ብሎኛል ስለሰማሁህ ጓደኛዬ።
3054,4,Refusal,ሴቶች ንግግር አይፈልግም።
3055,2,Phatic,ጤናማ ቀን ይሁንልሽ ወንድሜ።
3056,7,Suggestion,ሁሉም ዕድል ቢጠቀም ይሻላል።
3057,6,Sarcasm/Irony,ወንዶች ሁልጊዜ ይረዳል... (በቀልድ)።
3058,4,Refusal,እኔ መንገድ አይፈልግም።
3059,6,Sarcasm/Irony,አዛውንቱ ሁልጊዜ ይረዳል... (በቀልድ)።
3060,7,Suggestion,ምናልባት በቀን ብንገናኝ?
3061,5,Request,እባክዎ ቅጣት ያድርጉልኝ።
3062,7,Suggestion,ፖሊሱ እረፍት ቢጠቀም ይሻላል።
3063,0,Assertion,እኔ ሀሳብ እንደሚያስፈልግ አውቃለሁ።
3064,4,Refusal,ሁሉም ጤና አይፈልግም።
3065,5,Request,እባክህ ሽልማት አስረዳኝ።
3066,6,Sarcasm/Irony,እንዴት መጥፎ ኮንትራት ነው! (በቀልድ)።
3067,8,Warning,ተጠንቀቅ! ድልድይ ትልቅ ነው።
3068,5,Request,ታካሚዎች ፊልም ማግኘት ይችላል?
3069,5,Request,ሰራተኛው እድል ማግኘት ይችላል?
3070,2,Phatic,መልካም ጊዜ ይሁንልህ ትናንት።
3071,3,Promise,በቀን ሐኪሙ ሙያ ታመጣለች።
3072,0,Assertion,ከዚህ በፊት ነጋዴዎች ትምህርት ቤት ነበር።
3073,0,Assertion,ልጆች ብር አለው።
3074,0,Assertion,እሷ መረጃ አደገኛ አለ።
3075,6,Sarcasm/Irony,ጓደኛዬ በጣም ብልህ ነው፣ አልሳሳም... (በአስቂኝ)።
3076,3,Promise,ነገ አባቶች ድል ያመጣል።
3077,3,Promise,በማለዳ ጎረቤቴ ደስታ ታመጣለች።
3078,5,Request,ልጄ ዜና ማግኘት ይችላል?
3079,5,Request,ልጄ ፕሮጀክት ማግኘት ይችላል?
3080,0,Assertion,ሰራተኛው ከዚህ በፊት ፓርክ ይገኛል።
3081,8,Warning,ተጠንቀቅ! መጽሐፍ ንጹህ ነው።
3082,4,Refusal,ይህን ጉዞ ማድረግ አልችልም።
3083,3,Promise,አሁን ወንድሜ ኮምፒውተር ታመጣለች።
3084,5,Request,ከፈቀድሽ ዜና ውሰድ።
3085,4,Refusal,አባቴ ሙዚቃ አይፈልግም።
3086,5,Request,እባክዎ ንግግር ያድርጉልኝ።
3087,0,Assertion,ሰራተኛው አገልግሎት አዲስ አሉ።
3088,3,Promise,እኔ ፊልም አላረሳም።
3089,1,Complaint,ተማሪው ከ ደስታ ጋር ችግር አለው።
3090,1,Complaint,ወንድሞች ስለ ቁልፍ ቅሬታ አለው።
3091,5,Request,እባክህ መፍትሄ አስረዳኝ።
3092,6,Sarcasm/Irony,እርግጥ ነው፣ መጽሐፍ በጣም አዲስ ነው... (በቀልድ)።
3093,7,Suggestion,ወጣቶች ገንዘብ ቢጠቀም ይሻላል።
3094,3,Promise,ዛሬ እኔ ምግብ ቤት ያመጣል።
3095,4,Refusal,እኔ ምግብ ቤት አልቀበልም።
3096,0,Assertion,ነገ ደንበኞች መስሪያ ቤት ነበር።
3097,6,Sarcasm/Irony,እርግጥ ነው፣ ከዚህ በፊት ሁሉም ደስተኛ ነው... (በአስቂኝ)።
3098,4,Refusal,እሱ ዜና አይፈልግም።
3099,0,Assertion,ይህ ፕሮጀክት ቀላል መሆኑን እረጋገጣለሁ።
3100,6,Sarcasm/Irony,አዎ ዳኛው በጣም ፈጣን ነው... (በቀልድ)።
3101,1,Complaint,ከዚህ በኋላ ጓደኛዬ ሆቴል አላገኘም።
3102,5,Request,እናንተ ሽልማት ማግኘት ይችላል?
3103,6,Sarcasm/Irony,አዎ፣ ሆስፒታል በጣም ምቹ ነው... (በአስቂኝ)።
3104,4,Refusal,አስተናጋጁ ስራ አይፈልግም።
3105,4,Refusal,አይ፣ ጉብኝት አልችልም።
3106,2,Phatic,እግዚአብሔር ከአንተ ጋር ይሁን በማለዳ።
3107,7,Suggestion,ሰራተኛው ጤና ቢያደርግ ይሻላል።
3108,2,Phatic,እንዴት አለፍክ ከ ከተማ አለቃዬ?
3109,0,Assertion,እውነቱን ለመናገር ክፍያ ውድ ነው።
3110,4,Refusal,አለቃዬ ደስታ አይፈልግም።
3111,5,Request,ከፈቀድክ መንገድ ውሰድ።
3112,0,Assertion,እውነቱን ለመናገር ክፍያ ንጹህ ነው።
3113,6,Sarcasm/Irony,እንዴት ሀሳብ በጣም ቀላል ነው! (በተቃራኒ)።
3114,1,Complaint,ለምን ገበሬዎች ትምህርት አልሰጠኝም?
3115,3,Promise,በእርግጥ ዕረፍት አደርጋለሁ።
3116,2,Phatic,ደስ ብሎኛል ስላየሁህ ሰራተኛው።
3117,3,Promise,እኔ ቦታ አላረሳም።
3118,2,Phatic,መልካም ጊዜ ይሁንልህ ልጆች።
3119,1,Complaint,ይህ ፈቃድ በጣም ጥሩ ነው፣ አልወድም።
3120,5,Request,ሁሉም ስራ ማግኘት ይችላል?
3121,6,Sarcasm/Irony,በጣም ደስ የሚል ነው፣ ማንም አያውቅም... (በሳቅ)።
3122,6,Sarcasm/Irony,በጣም መጥፎ ነው፣ ምንም አደጋ የለም... (በሳቅ)።
3123,0,Assertion,ይህ ችግር አሮጌ መሆኑን እረጋገጣለሁ።
3124,0,Assertion,ይህ ፊልም ደስ የሚል መሆኑን እረጋገጣለሁ።
3125,5,Request,ልጆች ምክር ማግኘት ይችላል?
3126,2,Phatic,ደህና እንደምትሆን ከ ገበያ ተስፋ አደርጋለሁ።
3127,5,Request,እባክህ ጉብኝት አስረዳኝ።
3128,3,Promise,ልጄ ከዚህ በፊት ይመጣል ብሎ ቃል ገብቷል።
3129,8,Warning,ወጣቱ ኮንትራት አትንካ።
3130,0,Assertion,ማንም ሽልማት ከባድ ይመስላል።
3131,8,Warning,አንተ አገልግሎት አትንካ።
3132,7,Suggestion,ይህን መንገድ መሞከር ጥሩ ነው።
3133,0,Assertion,እውነቱን ለመናገር ቅጣት ጥሩ ነው።
3134,8,Warning,ልጆች ቅጣት አትንካ።
3135,3,Promise,በማታ እነሱ አገልግሎት ያመጣል።
3136,5,Request,እሷ ቁልፍ ማግኘት ይችላል?
3137,0,Assertion,ቅጣት ደህንነቱ የተጠበቀ ነው።
3138,4,Refusal,ቁልፍ አልፈልግም፣ አመሰግናለሁ።
3139,5,Request,እባክሽ አገልግሎት ስጠኝ።
3140,2,Phatic,እንኳን ለልደትሽ አደረሰ ገበሬዎች።
3141,7,Suggestion,ወጣቱ ቁልፍ ቢጠቀም ይሻላል።
3142,1,Complaint,ለምን ነጋዴዎች ብር አልሰጠኝም?
3143,5,Request,እነሱ ዜና ማግኘት ይችላል?
3144,6,Sarcasm/Irony,እኛ በጣም ብልህ ነው፣ አልሳሳም... (በአስቂኝ)።
3145,1,Complaint,ሁልጊዜ ቦታ ይጎድላል።
3146,4,Refusal,ልጄ ፕሮጀክት አይፈልግም።
3147,5,Request,ጓደኛዬ ፈቃድ ማግኘት ይችላል?
3148,0,Assertion,በማታ ነጋዴዎች ሐረር ነበር።
3149,8,Warning,እህቴ እርዳታ አትንካ።
3150,8,Warning,ተማሪዎች ፈቃድ አትንካ።
3151,7,Suggestion,ገበሬዎች ምግብ ቢጠቀም ይሻላል።
3152,6,Sarcasm/Irony,እንዴት አዲስ ነው! (በአስቂኝ መንገድ)።
3153,5,Request,ማንም መኪና ማግኘት ይችላል?
3154,3,Promise,ቃል እገባለሁ ገንዘብ እንደሚሆን።
3155,1,Complaint,በወር ደንበኞች ጉብኝት አላገኘም።
3156,7,Suggestion,ማንም ድልድይ ቢያደርግ ይሻላል።
3157,1,Complaint,ይህ ዕረፍት በጣም አስደሳች ነው፣ አልወድም።
3158,6,Sarcasm/Irony,እርግጥ፣ በማለዳ ይሆናል... (በአስቂኝ)።
3159,3,Promise,በቀን ልጄ ጉብኝት ታመጣለች።
3160,7,Suggestion,ጓደኞች ምግብ ቤት ቢጠቀም ይሻላል።
3161,2,Phatic,ደስ ብሎኛል ስለተገናኘን ከ መንገድ።
3162,7,Suggestion,አንዳንድ ሰዎች ንግግር ቢጠቀም ይሻላል።
3163,4,Refusal,አለቃዬ ቦታ አይፈልግም።
3164,1,Complaint,በወር አስተማሪው እቅድ አላገኘም።
3165,3,Promise,በሳምንት ሹፌሩ ውሳኔ ታመጣለች።
3166,7,Suggestion,ምናልባት ሙዚቃ ማድረግ ይሻላል።
3167,8,Warning,መንደር አትግባ፣ አደገኛ ነው።
3168,3,Promise,አትጨነቅ፣ ኮንትራት እከፍላለሁ።
3169,5,Request,ሐኪሙ ስልክ ማግኘት ይችላል?
3170,8,Warning,ሰራተኞች ኮምፒውተር አትንካ።
3171,8,Warning,ይህን ፈቃድ አታድርግ።
3172,5,Request,እርዳኝ ውሳኔ ለማግኘት።
3173,2,Phatic,ቤተሰብሽ ደህና ናቸው አስተናጋጁ?
3174,7,Suggestion,ወንዶች ዕድል ቢያደርግ ይሻላል።
3175,6,Sarcasm/Irony,እንዴት ያለ ገንዘብ ነው! (በቀልድ)።
3176,8,Warning,ተጠንቀቅ! መኪና ጥሩ ነው።
3177,8,Warning,ተጠንቀቅ! መድሃኒት ደስ የሚል ነው።
3178,0,Assertion,ታካሚዎች በወር ጎንደር ይገኛል።
3179,3,Promise,በፍጥነት ፖሊሱ መኪና ያመጣል።
3180,3,Promise,አትጨነቅ፣ ደብዳቤ እከፍላለሁ።
3181,2,Phatic,እንኳን ደህና መጣሽ ከ ጎንደር።
3182,0,Assertion,ሰራተኛው ምግብ ደህንነቱ የተጠበቀ ናቸው።
3183,8,Warning,ተጠንቀቅ፣ ሁሉም ይመጣል።
3184,7,Suggestion,ማንም ሽልማት ቢጠቀም ይሻላል።
3185,0,Assertion,አባቴ ከዚህ በፊት አዲስ አበባ ይገኛል።
3186,8,Warning,ታካሚዎች ስልጠና አትንካ።
3187,7,Suggestion,ምናልባት ትልቅ ስራ መግዛት?
3188,6,Sarcasm/Irony,እንዴት እህቴ በጣም ፈጣን ነው! (በአስቂኝ)።
3189,4,Refusal,ፊልም አልፈልግም፣ አመሰግናለሁ።
3190,3,Promise,አንተ በፍጥነት ትመጣለች ብሎ ቃል ገብቷል።
3191,2,Phatic,መልካም በቀን ወንድሜ።
3192,8,Warning,እሷ ሙያ አትንካ።
3193,3,Promise,እኔ እድል እሰጥሻለሁ።
3194,3,Promise,ከዚህ በፊት ብዙ ሰዎች ስራ ታመጣለች።
3195,1,Complaint,ወጣቶች ትምህርት ስለ ፈጣን መሆኑ ያማርራል።
3196,6,Sarcasm/Irony,አዎ፣ ዕረፍት በጣም አስፈላጊ ነው... (በተቃራኒ)።
3197,5,Request,እህቶች ቤት ማግኘት ይችላል?
3198,6,Sarcasm/Irony,አዎ፣ ፊልም በጣም ጥሩ ጥራት አለው... (በአስቂኝ)።
3199,5,Request,ወንድሞች ሰላም ማግኘት ይችላል?
3200,2,Phatic,ደስ ብሎኛል ስላየሁሽ ተማሪዎች።
3201,5,Request,ተማሪዎች ቦታ ማግኘት ይችላል?
3202,1,Complaint,እህቴ ትምህርት ስለ አስደሳች መሆኑ ያማርራል።
3203,1,Complaint,ይህ ቁልፍ በጣም ደስ የሚል ነው፣ አልወድም።
3204,6,Sarcasm/Irony,አዎ እሷ በጣም ፈጣን ነው... (በቀልድ)።
3205,3,Promise,ከዚህ በፊት አዛውንቱ ሀሳብ ታመጣለች።
3206,1,Complaint,አስተናጋጁ ስለ ደስታ ቅሬታ አለው።
3207,7,Suggestion,እንዴት ቢሆን እረፍት ብናደርግ?
3208,2,Phatic,መልካም ከዚህ በኋላ ማንም።
3209,3,Promise,አሁን ገበሬዎች መጽሔት ያመጣል።
3210,2,Phatic,እንኳን ደህና መጣሽ እኛ።
3211,3,Promise,ዛሬ ሐኪሙ ስልጠና ያመጣል።
3212,8,Warning,ልጆች ኮምፒውተር አትንካ።
3213,3,Promise,በወር እናንተ ስልክ ታመጣለች።
3214,6,Sarcasm/Irony,አዎ፣ ይህ ፈቃድ በጣም ጠቃሚ ነው... (በሳቅ)።
3215,4,Refusal,ተማሪዎች መጽሔት አይፈልግም።
3216,0,Assertion,ይህ ጤና አዲስ መሆኑን እረጋገጣለሁ።
3217,8,Warning,ተጠንቀቅ! ዕድል ደህንነቱ የተጠበቀ ነው።
3218,8,Warning,እኔ እቅድ አትንካ።
3219,4,Refusal,ይህን ምግብ ማድረግ አልችልም።
3220,7,Suggestion,እህቴ ዜና ቢጠቀም ይሻላል።
3221,8,Warning,እህቶች ቦታ አትንካ።
3222,4,Refusal,እንግዶች ስልጠና አይፈልግም።
3223,4,Refusal,ወጣቶች ብር አይፈልግም።
3224,6,Sarcasm/Irony,በጣም ንጹህ ነው፣ ማንም አያውቅም... (በሳቅ)።
3225,3,Promise,በማታ ባለሙያው ኮምፒውተር ያመጣል።
3226,6,Sarcasm/Irony,እንዴት ርካሽ ሁኔታ ነው! (በቀልድ)።
3227,6,Sarcasm/Irony,ይህ በጣም ያሳዝናል ሀሳብ ነው... (በሳቅ)።
3228,7,Suggestion,ምናልባት አዲስ መጽሐፍ መግዛት?
3229,3,Promise,በሰዓት እህቴ እርዳታ ታመጣለች።
3230,3,Promise,በቅርቡ አባቶች እድል ያመጣል።
3231,7,Suggestion,ምናልባት አስፈላጊ ዜና መግዛት?
3232,3,Promise,እኔ ድል እሰጥሃለሁ።
3233,7,Suggestion,ወንድሜ ሽልማት ቢያደርግ ይሻላል።
3234,7,Suggestion,አስተናጋጁ ፊልም ቢጠቀም ይሻላል።
3235,0,Assertion,እኔ ውሃ እንደሚያስፈልግ አውቃለሁ።
3236,3,Promise,አዛውንቱ ከዚህ በፊት ትመጣለች ብሎ ቃል ገብቷል።
3237,3,Promise,ጎረቤቴ በቀን ትመጣለች ብሎ ቃል ገብቷል።
3238,7,Suggestion,ምናልባት ደህንነቱ የተጠበቀ ሰላም መግዛት?
3239,4,Refusal,አንቺ ትምህርት አይፈልግም።
3240,8,Warning,ገበሬዎች ጉዞ አትንካ።
3241,3,Promise,አለቆች አሁን ትመጣለች ብሎ ቃል ገብቷል።
3242,4,Refusal,ገበሬዎች ፈቃድ አይፈልግም።
3243,5,Request,አለቆች አገልግሎት ማግኘት ይችላል?
3244,7,Suggestion,ምናልባት ያሳዝናል ጊዜ መግዛት?
3245,0,Assertion,ይህ እቅድ ንጹህ መሆኑን እረጋገጣለሁ።
3246,0,Assertion,በሰዓት ወዳጄ አዲስ አበባ ነበር።
3247,4,Refusal,ይቅርታ፣ ፕሮጀክት አልሰጥም።
3248,3,Promise,አትጨነቅ፣ መድሃኒት እከፍላለሁ።
3249,3,Promise,ዛሬ አስተናጋጁ ደብዳቤ ታመጣለች።
3250,7,Suggestion,ምናልባት ደህንነቱ የተጠበቀ ስብሰባ መግዛት?
3251,1,Complaint,ሐኪሙ ጨዋታ ስለ ከባድ መሆኑ ያማርራል።
3252,6,Sarcasm/Irony,እንዴት ያለ ጥሩ ሀሳብ ነው! (በተቃራኒ)።
3253,1,Complaint,ወዳጄ ስለ ቅጣት ቅሬታ አለው።
3254,4,Refusal,ተማሪዎች ስልጠና አይፈልግም።
3255,0,Assertion,ሰራተኛው ነው ብዙ ጊዜ።
3256,6,Sarcasm/Irony,እንዴት ምግብ በጣም ቀላል ነው! (በተቃራኒ)።
3257,8,Warning,ተጠንቀቅ! ሙያ ቀላል ነው።
3258,7,Suggestion,ወዳጄ ደብዳቤ ቢያደርግ ይሻላል።
3259,3,Promise,ከዚህ በኋላ ሹፌሩ ኮምፒውተር ያመጣል።
3260,0,Assertion,ይህ ብር ደስ የሚል መሆኑን እረጋገጣለሁ።
3261,1,Complaint,በጊዜው ገበሬዎች እድል አላገኘም።
3262,0,Assertion,ጤና በጣም አስፈላጊ ነው።
3263,1,Complaint,አንዳንድ ሰዎች ስለ ጉዞ ቅሬታ አለው።
3264,3,Promise,አትጨነቅ፣ ውሳኔ እከፍላለሁ።
3265,7,Suggestion,እኔ ቦታ እንድታደርግ እመክራለሁ።
3266,6,Sarcasm/Irony,እርግጥ፣ አዛውንቱ በጣም ታማኝ ነው... (በአስቂኝ)።
3267,1,Complaint,ባለሙያው ስልክ ስለ ደስ የሚል መሆኑ ያማርራል።
3268,3,Promise,አንተ በማለዳ ትመጣለች ብሎ ቃል ገብቷል።
3269,7,Suggestion,እነሱ ሰላም ቢጠቀም ይሻላል።
3270,1,Complaint,ሁልጊዜ ዕድል ይጎድላል።
3271,7,Suggestion,ምናልባት አዲስ ገንዘብ መግዛት?
3272,1,Complaint,ለምን ሽልማት እንዲህ ደህንነቱ የተጠበቀ ነው?
3273,7,Suggestion,እህቶች ቦታ ቢያደርግ ይሻላል።
3274,5,Request,ጓደኛዬ ወረቀት ማግኘት ይችላል?
3275,8,Warning,ፖሊሱ ምክር አትንካ።
3276,6,Sarcasm/Irony,ሁሉም ሰው ህንፃ ይወዳል... (በአስቂኝ)።
3277,4,Refusal,አንቺ ፊልም አይፈልግም።
3278,3,Promise,በማለዳ ወንድሞች ሙዚቃ ያመጣል።
3279,8,Warning,ባለሙያው ሙያ አትንካ።
3280,5,Request,አንዳንድ ሰዎች ብር ማግኘት ይችላል?
3281,8,Warning,አስተማሪው ድል አትንካ።
3282,0,Assertion,በሳምንት እሱ አዲስ አበባ ነበር።
3283,7,Suggestion,ማንም ንግግር ቢያደርግ ይሻላል።
3284,1,Complaint,ከዚህ በፊት ጓደኞች መድሃኒት አላገኘም።
3285,7,Suggestion,እኔ ሙዚቃ እንድታደርግ እመክራለሁ።
3286,8,Warning,ይህ ኮንትራት አደገኛ ነው።
3287,2,Phatic,መልካም ጊዜ ይሁንልህ በጊዜው።
3288,3,Promise,ወጣቱ ትናንት ትመጣለች ብሎ ቃል ገብቷል።
3289,4,Refusal,እኔ ጉብኝት አይፈልግም።
3290,2,Phatic,ደህና ቀን ይሁንልሽ ደንበኞች።
3291,1,Complaint,ብዙ ሰዎች ስለ ቦታ ቅሬታ አለው።
3292,7,Suggestion,እንዴት ቢሆን ትምህርት ብናደርግ?
3293,1,Complaint,ለምን እህቶች ሙያ አልሰጠኝም?
3294,2,Phatic,መልካም ጉዞ ወዳጄ።
3295,3,Promise,ጓደኞች ነገ ይመጣል ብሎ ቃል ገብቷል።
3296,0,Assertion,ታካሚዎች ችግር አላት።
3297,6,Sarcasm/Irony,አዎ፣ ስራ በጣም ጥሩ ጥራት አለው... (በአስቂኝ)።
3298,4,Refusal,ይህን ጊዜ ማድረግ አልችልም።
3299,6,Sarcasm/Irony,አዎ፣ በወር ሁሉም ዝግጁ ነው... (በተቃራኒ)።
3300,1,Complaint,አዛውንቱ ምግብ ቤት ስለ ደስ የሚል መሆኑ ያማርራል።
3301,0,Assertion,እውነቱን ለመናገር ደብዳቤ አደገኛ ነው።
3302,1,Complaint,ጎረቤቴ ከ ድልድይ ጋር ችግር አለው።
3303,5,Request,ፖሊሱ ምግብ ቤት ማግኘት ይችላል?
3304,2,Phatic,ጤናማ ቀን ከ ሆስፒታል።
3305,5,Request,እባክህ ጨዋታ ስጠኝ።
3306,1,Complaint,ይህ ስብሰባ በጣም ከባድ ነው፣ አልወድም።
3307,3,Promise,አዛውንቱ በማታ ይመጣል ብሎ ቃል ገብቷል።
3308,3,Promise,አሁን ልጄ ጊዜ ታመጣለች።
3309,4,Refusal,ሁሉም ውሃ አይፈልግም።
3310,3,Promise,ቃል እገባለሁ ጉዞ እንደሚሆን።
3311,2,Phatic,ጤናማ ቀን ይሁንልህ ዛሬ።
3312,0,Assertion,አባቴ ይታወቃል ብዙ ጊዜ።
3313,6,Sarcasm/Irony,ሰራተኞች በጣም ታማኝ ነው፣ አይዋሽም... (በተቃራኒ)።
3314,4,Refusal,ሙያ አልፈልግም፣ አመሰግናለሁ።
3315,0,Assertion,ዛሬ አዛውንቱ ቤተ ክርስቲያን ነበር።
3316,1,Complaint,ለምን ሰራተኛው ሙያ አልሰጠኝም?
3317,6,Sarcasm/Irony,እርግጥ፣ ዛሬ ይሆናል... (በአስቂኝ)።
3318,7,Suggestion,አስተማሪው መንገድ ቢጠቀም ይሻላል።
3319,2,Phatic,እግዚአብሔር ይባርክሽ ከዚህ በኋላ።
3320,6,Sarcasm/Irony,እርግጥ ነው፣ በጊዜው ሁሉም ይሳካል... (በተቃራኒ)።
3321,4,Refusal,እኔ ፊልም አይፈልግም።
3322,1,Complaint,ለምን ወረቀት እንዲህ ከባድ ነው?
3323,0,Assertion,ይህ እድል አዲስ መሆኑን እረጋገጣለሁ።
3324,8,Warning,ተጠንቀቅ! ስልጠና አሮጌ ነው።
3325,4,Refusal,እኔ ገንዘብ አልቀበልም።
3326,1,Complaint,መንገድ አልሰራም፣ ችግር አለ።
3327,2,Phatic,ጤናማ ሳምንት ይሁንልሽ ወንዶች።
3328,7,Suggestion,ወንድሜ ህንፃ ቢጠቀም ይሻላል።
3329,6,Sarcasm/Irony,ኮንትራት በጣም ውድ ነው፣ ግን ዋጋው አለው... (በቀልድ)።
3330,6,Sarcasm/Irony,ልጆች በጣም ታማኝ ነው፣ አይዋሽም... (በተቃራኒ)።
3331,8,Warning,ተጠንቀቅ! ቅጣት አሮጌ ነው።
3332,2,Phatic,እንዴት ነው ስራህ አዛውንቶች?
3333,5,Request,ብዙ ሰዎች ድልድይ ማግኘት ይችላል?
3334,8,Warning,አንተ እድል አትንካ።
3335,3,Promise,በሳምንት ወንድሜ መድሃኒት ታመጣለች።
3336,0,Assertion,ጓደኞች ይታወቃል ብዙ ጊዜ።
3337,6,Sarcasm/Irony,ሁሉም ነገር በጣም ቀላል ነው... (በተቃራኒ)።
3338,3,Promise,አትጨነቅ፣ ገንዘብ እከፍላለሁ።
3339,6,Sarcasm/Irony,አዎ፣ ይህ ርካሽ ሀሳብ ነው... (በሳቅ)።
3340,5,Request,እናቶች ሙያ ማግኘት ይችላል?
3341,8,Warning,ይህ መፍትሄ አደገኛ ነው።
3342,6,Sarcasm/Irony,እርግጥ፣ ከዚህ በፊት ይሆናል... (በአስቂኝ)።
3343,7,Suggestion,ወንዶች ሆቴል ቢያደርግ ይሻላል።
3344,3,Promise,አለቆች በማለዳ ይመጣል ብሎ ቃል ገብቷል።
3345,2,Phatic,እንኳን ለልደትሽ አደረሰ አባቶች።
3346,2,Phatic,ሰላምታ ከ መንደር ሹፌሩ።
3347,6,Sarcasm/Irony,ሁሉም ሰው ኮምፒውተር ይወዳል... (በአስቂኝ)።
3348,6,Sarcasm/Irony,አዎ ሁሉም በጣም ፈጣን ነው... (በቀልድ)።
3349,4,Refusal,ባለቤቴ ሆቴል አይፈልግም።
3350,1,Complaint,ለምን ሐኪሙ ምግብ ቤት አልሰጠኝም?
3351,0,Assertion,ከዚህ በኋላ እነሱ ፓርክ ነበር።
3352,0,Assertion,ሰራተኞች ትምህርት አላት።
3353,2,Phatic,በጣም ደስ ብሎኛል ስለተገናኘን በሳምንት።
3354,4,Refusal,ይቅርታ፣ ትምህርት አልሰጥም።
3355,4,Refusal,እናቶች ጉዞ አይፈልግም።
3356,1,Complaint,እሷ ከ ክፍያ ጋር ችግር አለው።
3357,5,Request,ሁሉም መኪና ማግኘት ይችላል?
3358,7,Suggestion,እናቴ ሽልማት ቢጠቀም ይሻላል።
3359,0,Assertion,ሐኪሙ ዜና አስፈላጊ ይመስላል።
3360,5,Request,ወንድሞች አገልግሎት ማግኘት ይችላል?
3361,2,Phatic,እንዴት ነው ቤተሰብህ ወጣቶች?
3362,4,Refusal,ጓደኛዬ ጨዋታ አይፈልግም።
3363,3,Promise,እንግዶች በቀን ትመጣለች ብሎ ቃል ገብቷል።
3364,0,Assertion,ደስታ በጣም ደህንነቱ የተጠበቀ ነው።
3365,3,Promise,ሁሉም በማለዳ ይመጣል ብሎ ቃል ገብቷል።
3366,2,Phatic,በጣም ደስ ብሎኛል ብዙ ሰዎች።
3367,5,Request,አንቺ እድል ማግኘት ይችላል?
3368,1,Complaint,ለምን ዕረፍት እንዲህ ውድ ነው?
3369,3,Promise,በወር አዛውንቶች ስራ ታመጣለች።
3370,6,Sarcasm/Irony,ይህ በጣም ርካሽ ሀሳብ ነው... (በሳቅ)።
3371,0,Assertion,እህቴ ሽልማት አላት።
3372,3,Promise,በእርግጠኝነት ፓርክ እገኛለሁ።
3373,1,Complaint,በሰዓት አባቴ ቁልፍ አላገኘም።
3374,5,Request,እኔ ዕድል ማግኘት ይችላል?
3375,8,Warning,ተጠንቀቅ! ምግብ ውድ ነው።
3376,5,Request,እሷ ሙዚቃ ማግኘት ይችላል?
3377,6,Sarcasm/Irony,እርግጥ ነው፣ ሙያ በጣም ርካሽ ነው... (በአስቂኝ)።
3378,3,Promise,በሰዓት አለቆች ሽልማት ታመጣለች።
3379,6,Sarcasm/Irony,እንዴት ትንሽ ፈቃድ ነው! (በቀልድ)።
3380,7,Suggestion,ባለቤቴ ክፍያ ቢያደርግ ይሻላል።
3381,8,Warning,አደጋ አለ! ደብዳቤ ተጠንቀቅ።
3382,3,Promise,እኔ ቁልፍ አላረሳም።
3383,7,Suggestion,ሁሉም ክፍያ ቢጠቀም ይሻላል።
3384,4,Refusal,አዛውንቱ ቅጣት አይፈልግም።
3385,0,Assertion,እውነቱን ለመናገር ቁልፍ አሮጌ ነው።
3386,6,Sarcasm/Irony,እርግጥ ነው፣ ዜና በጣም ደስ የሚል ነው... (በቀልድ)።
3387,6,Sarcasm/Irony,አንዳንድ ሰዎች ሁልጊዜ ይረዳል... (በቀልድ)።
3388,7,Suggestion,ሹፌሩ ጤና ቢያደርግ ይሻላል።
3389,5,Request,እኛ ህንፃ ማግኘት ይችላል?
3390,0,Assertion,በፍጥነት አንድ ሰው መቀሌ ነበር።
3391,4,Refusal,ሹፌሩ አገልግሎት አይፈልግም።
3392,8,Warning,ተጠንቀቅ! ኮምፒውተር አደገኛ ነው።
3393,3,Promise,በወር እሷ ቅጣት ታመጣለች።
3394,0,Assertion,ነገ ወጣቶች አዲስ አበባ ነበር።
3395,4,Refusal,አንቺ ምግብ አይፈልግም።
3396,5,Request,መምህራን መጽሐፍ ማግኘት ይችላል?
3397,8,Warning,ተጠንቀቅ፣ አባቶች ይመጣል።
3398,3,Promise,ቃል እገባለሁ መጽሐፍ እንደሚሆን።
3399,5,Request,ወንድሜ ቤት ማግኘት ይችላል?
3400,0,Assertion,ጎረቤቴ ፈቃድ ትልቅ አሉ።
3401,0,Assertion,እሱ ይሻላል ብዙ ጊዜ።
3402,1,Complaint,ለምን ሀሳብ እንዲህ አስደሳች ነው?
3403,7,Suggestion,ምናልባት ፈጣን ሙያ መግዛት?
3404,6,Sarcasm/Irony,እነሱ ሁልጊዜ ይረዳል... (በቀልድ)።
3405,0,Assertion,አዛውንቱ አለች ብዙ ጊዜ።
3406,4,Refusal,አዛውንቱ ችግር አይፈልግም።
3407,3,Promise,እኔ ውሃ አላረሳም።
3408,8,Warning,ተጠንቀቅ! መፍትሄ ትንሽ ነው።
3409,6,Sarcasm/Irony,በጣም ደህንነቱ የተጠበቀ ነው፣ ማንም አያውቅም... (በሳቅ)።
3410,4,Refusal,እኔ መንገድ አልቀበልም።
3411,0,Assertion,ባለሙያው አሉ ብዙ ጊዜ።
3412,3,Promise,እሱ ከዚህ በኋላ ትመጣለች ብሎ ቃል ገብቷል።
3413,7,Suggestion,ምናልባት ከባድ ድል መግዛት?
3414,4,Refusal,ወንድሞች ጉብኝት አይፈልግም።
3415,3,Promise,በፍጥነት አባቶች ሙያ ታመጣለች።
3416,1,Complaint,ጉብኝት አልሰራም፣ ችግር አለ።
3417,7,Suggestion,ምናልባት በሳምንት ብንገናኝ?
3418,4,Refusal,አዛውንቶች ኮምፒውተር አይፈልግም።
3419,3,Promise,ጎረቤቴ በጊዜው ይመጣል ብሎ ቃል ገብቷል።
3420,3,Promise,በጊዜው ተማሪዎች ኮንትራት ያመጣል።
3421,3,Promise,ይህን ምግብ ቤት እጠብቃለሁ።
3422,5,Request,ይህን ህንፃ ማየት እችላለሁ?
3423,6,Sarcasm/Irony,ሁሉም ሰው መኪና ይወዳል... (በአስቂኝ)።
3424,0,Assertion,በሰዓት ፖሊሱ ጎንደር ነበር።
3425,3,Promise,እሷ በማለዳ ትመጣለች ብሎ ቃል ገብቷል።
3426,2,Phatic,እንኳን ለበዓል አደረሰህ እነሱ።
3427,6,Sarcasm/Irony,እንዴት ያለ እርዳታ ነው! (በቀልድ)።
3428,3,Promise,ልጄ በማለዳ ትመጣለች ብሎ ቃል ገብቷል።
3429,4,Refusal,አይ፣ ወረቀት አልችልም።
3430,3,Promise,አትጨነቅ፣ ብር እከፍላለሁ።
3431,8,Warning,ሰራተኛው ስብሰባ አትንካ።
3432,5,Request,እባክህ መጽሐፍ አስረዳኝ።
3433,6,Sarcasm/Irony,እንዴት ጥሩ ሁኔታ ነው! (በቀልድ)።
3434,6,Sarcasm/Irony,እንዴት ያለ ጥሩ ምክር ነው! (በተቃራኒ)።
3435,2,Phatic,በጣም ደስ ብሎኛል ስለተገናኘን እንግዶች።
3436,1,Complaint,አስተናጋጁ ከ ፈቃድ ጋር ችግር አለው።
3437,2,Phatic,ሰላም አባቴ፣ ምን ሰራህ ከ ባንክ?
3438,1,Complaint,ፖሊሱ ከ ቦታ ጋር ችግር አለው።
3439,0,Assertion,እናንተ አገልግሎት አስቸጋሪ ይመስላል።
3440,8,Warning,ሰራተኛው ጨዋታ አትንካ።
3441,5,Request,ይህን ስብሰባ ማየት እችላለሁ?
3442,5,Request,እናቴ ሽልማት ማግኘት ይችላል?
3443,7,Suggestion,ምናልባት ትንሽ ድርጊት መግዛት?
3444,5,Request,ይህን ድርጊት ማየት እችላለሁ?
3445,0,Assertion,ስብሰባ አዲስ ነው።
3446,3,Promise,አትጨነቅ፣ ቅጣት እከፍላለሁ።
3447,1,Complaint,ለምን ፊልም እንዲህ አሮጌ ነው?
3448,1,Complaint,አለቆች ዕድል ስለ ዘገይተኛ መሆኑ ያማርራል።
3449,4,Refusal,ሰራተኛው ሙያ አይፈልግም።
3450,0,Assertion,እኛ ጤና ደህንነቱ የተጠበቀ ይሻላል።
3451,7,Suggestion,ነጋዴዎች ሽልማት ቢያደርግ ይሻላል።
3452,5,Request,እባክዎ ቁልፍ ያድርጉልኝ።
3453,5,Request,እህቴ ድል ማግኘት ይችላል?
3454,1,Complaint,ማንም መንገድ ስለ ንጹህ መሆኑ ያማርራል።
3455,8,Warning,ተጠንቀቅ! ቁልፍ ያሳዝናል ነው።
3456,0,Assertion,ድል በጣም ጥሩ ነው።
3457,5,Request,አዛውንቶች እድል ማግኘት ይችላል?
3458,3,Promise,ቃል እገባለሁ መኪና እንደሚሆን።
3459,7,Suggestion,ወጣቱ መረጃ ቢያደርግ ይሻላል።
3460,4,Refusal,ሰራተኞች እቅድ አይፈልግም።
3461,1,Complaint,ለምን ጉብኝት እንዲህ ትልቅ ነው?
3462,7,Suggestion,እኔ ስልክ ቢጠቀም ይሻላል።
3463,1,Complaint,ሁሉም ምግብ ቤት ስለ ውድ መሆኑ ያማርራል።
3464,4,Refusal,ነጋዴዎች መጽሔት አይፈልግም።
3465,1,Complaint,በቅርቡ ሰራተኛው ገንዘብ አላገኘም።
3466,4,Refusal,እነሱ ኮንትራት አይፈልግም።
3467,8,Warning,ተጠንቀቅ! ዜና ቀላል ነው።
3468,5,Request,ነጋዴዎች ኮምፒውተር ማግኘት ይችላል?
3469,8,Warning,ይህ ህንፃ አደገኛ ነው።
3470,3,Promise,ወዳጄ በሰዓት ይመጣል ብሎ ቃል ገብቷል።
3471,8,Warning,እነሱ ጉዞ አትንካ።
3472,1,Complaint,ይህ ዜና በጣም አስደሳች ነው፣ አልወድም።
3473,4,Refusal,አንዳንድ ሰዎች ጉዞ አይፈልግም።
3474,1,Complaint,ይህ ውሳኔ በጣም አሮጌ ነው፣ አልወድም።
3475,1,Complaint,በሰዓት እህቴ መንገድ አላገኘም።
3476,2,Phatic,ሰላም እህቴ፣ እንዴት ነው ሁኔታው?
3477,6,Sarcasm/Irony,እርግጥ ነው፣ አገልግሎት በጣም ዘገይተኛ ነው... (በቀልድ)።
3478,3,Promise,በወር ጓደኞች መጽሔት ታመጣለች።
3479,7,Suggestion,እንደእኔ አስተያየት ዕድል መቀየር ይሻላል።
3480,7,Suggestion,እንደእኔ አስተያየት ጊዜ መቀየር ይሻላል።
3481,2,Phatic,በጣም ደስ ብሎኛል ስለተገናኘን ወንዶች።
3482,6,Sarcasm/Irony,እንዴት ያለ ጥሩ ሆቴል ነው! (በተቃራኒ)።
3483,4,Refusal,አስተማሪው ሆቴል አይፈልግም።
3484,5,Request,ሐኪሙ ክፍያ ማግኘት ይችላል?
3485,5,Request,ደንበኞች ወረቀት ማግኘት ይችላል?
3486,5,Request,እርዳኝ ዕድል ለማግኘት።
3487,7,Suggestion,እናንተ ቤት ቢያደርግ ይሻላል።
3488,5,Request,እባክሽ ፈቃድ ስጠኝ።
3489,7,Suggestion,ምናልባት አደገኛ ድርጊት መግዛት?
3490,3,Promise,በማታ አስተማሪው ወረቀት ያመጣል።
3491,0,Assertion,አንተ ዛሬ ገበያ ይገኛል።
3492,1,Complaint,ለምን ዕረፍት እንዲህ አስቸጋሪ ነው?
3493,0,Assertion,ባለቤቴ ፕሮጀክት አዲስ አለች።
3494,4,Refusal,አባቴ እረፍት አይፈልግም።
3495,7,Suggestion,ይህን ዕረፍት መሞከር ጥሩ ነው።
3496,5,Request,መምህራን ምክር ማግኘት ይችላል?
3497,5,Request,ማንም ድል ማግኘት ይችላል?
3498,8,Warning,ጓደኛዬ ዕረፍት አትንካ።
3499,4,Refusal,ጓደኞች ድልድይ አይፈልግም።
3500,1,Complaint,ይህ ሽልማት በጣም ፈጣን ነው፣ አልወድም።
3501,6,Sarcasm/Irony,እንዴት አደገኛ አገልግሎት ነው! (በቀልድ)።
3502,0,Assertion,ጊዜ በጣም ደስ የሚል ነው።
3503,1,Complaint,ነጋዴዎች ስለ አገልግሎት ቅሬታ አለው።
3504,5,Request,እባክህ በቀን ኒ።
3505,0,Assertion,ባለሙያው አለች ብዙ ጊዜ።
3506,6,Sarcasm/Irony,እርግጥ ነው፣ በቅርቡ ሁሉም ይሳካል... (በተቃራኒ)።
3507,8,Warning,አንቺ ድርጊት አትንካ።
3508,7,Suggestion,ተማሪው ፕሮጀክት ቢያደርግ ይሻላል።
3509,3,Promise,ከዚህ በኋላ ባለሙያው እቅድ ታመጣለች።
3510,4,Refusal,አንቺ ጤና አይፈልግም።
3511,6,Sarcasm/Irony,እርግጥ ነው፣ ጉዞ በጣም ትንሽ ነው... (በቀልድ)።
3512,8,Warning,ሐኪሙ ውሳኔ አትንካ።
3513,5,Request,አንተ ወረቀት ማግኘት ይችላል?
3514,6,Sarcasm/Irony,እርግጥ፣ መስሪያ ቤት በጣም ቆንጆ ነው... (በሳቅ)።
3515,3,Promise,እኔ መጽሔት አላረሳም።
3516,7,Suggestion,ሴቶች ገንዘብ ቢጠቀም ይሻላል።
3517,2,Phatic,ደህና እንደምትሆን በወር ተስፋ አደርጋለሁ።
3518,3,Promise,አትጨነቅ፣ ሽልማት እከፍላለሁ።
3519,3,Promise,አለቆች በጊዜው ይመጣል ብሎ ቃል ገብቷል።
3520,6,Sarcasm/Irony,አዎ፣ አንተ በጣም ብልህ ነው... (በተቃራኒ)።
3521,0,Assertion,ባለቤቴ ደስታ ንጹህ ይታወቃል።
3522,4,Refusal,ይህን ሽልማት ማድረግ አልችልም።
3523,6,Sarcasm/Irony,አባቶች በጣም ብልህ ነው፣ አልሳሳም... (በአስቂኝ)።
3524,2,Phatic,እግዚአብሔር ይጠብቅሽ ከ ሬስቶራንት።
3525,5,Request,ታካሚዎች ሆቴል ማግኘት ይችላል?
3526,7,Suggestion,ምናልባት ንጹህ ምክር መግዛት?
3527,8,Warning,ተጠንቀቅ! ውሳኔ ንጹህ ነው።
3528,5,Request,ሰራተኛው መኪና ማግኘት ይችላል?
3529,6,Sarcasm/Irony,እርግጥ፣ እነሱ በጣም ታማኝ ነው... (በአስቂኝ)።
3530,0,Assertion,ንግግር ቀላል ነው።
3531,7,Suggestion,ምናልባት ቤት ማድረግ ይሻላል።
3532,7,Suggestion,አንድ ሰው ኮንትራት ቢያደርግ ይሻላል።
3533,7,Suggestion,ምናልባት አስደሳች ጨዋታ መግዛት?
3534,8,Warning,ይህ ሆቴል አደገኛ ነው።
3535,4,Refusal,ይቅርታ፣ ክፍያ አልሰጥም።
3536,1,Complaint,ለምን ኮምፒውተር እንዲህ ርካሽ ነው?
3537,2,Phatic,መልካም ቀን አለቆች።
3538,8,Warning,አንድ ሰው ንግግር አትንካ።
3539,4,Refusal,ሹፌሩ እድል አይፈልግም።
3540,4,Refusal,ወንድሞች ክፍያ አይፈልግም።
3541,1,Complaint,ተማሪዎች ከ መፍትሄ ጋር ችግር አለው።
3542,8,Warning,አትርሳ ቅጣት።
3543,8,Warning,ማንም መረጃ አትንካ።
3544,5,Request,ባለቤቴ ገንዘብ ማግኘት ይችላል?
3545,7,Suggestion,እናቴ ፈቃድ ቢጠቀም ይሻላል።
3546,4,Refusal,እኔ ጤና አልቀበልም።
3547,5,Request,ሰራተኞች ድርጊት ማግኘት ይችላል?
3548,8,Warning,ተጠንቀቅ! መድሃኒት ንጹህ ነው።
3549,0,Assertion,መምህራን ፕሮጀክት አሮጌ አለች።
3550,8,Warning,ሐኪሙ ቁልፍ አትንካ።
3551,6,Sarcasm/Irony,አዎ፣ እህቶች በጣም ብልህ ነው... (በተቃራኒ)።
3552,1,Complaint,ለምን ሁሉም መጽሐፍ አልሰጠኝም?
3553,7,Suggestion,እናቴ ምግብ ቤት ቢጠቀም ይሻላል።
3554,1,Complaint,ለምን ወጣቱ እድል አልሰጠኝም?
3555,8,Warning,ይህ ሙያ አደገኛ ነው።
3556,4,Refusal,አይ፣ ቦታ አልችልም።
3557,1,Complaint,ወጣቱ ከ ዜና ጋር ችግር አለው።
3558,8,Warning,ተጠንቀቅ! ስልጠና አስፈላጊ ነው።
3559,8,Warning,አንድ ሰው ውሃ አትንካ።
3560,0,Assertion,ሁሉም በቀን ባህር ዳር ይገኛል።
3561,5,Request,ሴቶች ሙያ ማግኘት ይችላል?
3562,7,Suggestion,ሐኪሙ ድል ቢያደርግ ይሻላል።
3563,6,Sarcasm/Irony,እናንተ በጣም ብልህ ነው፣ አልሳሳም... (በአስቂኝ)።
3564,0,Assertion,ፊልም በጣም ጥሩ ነው።
3565,4,Refusal,አይ፣ መጽሐፍ አልችልም።
3566,2,Phatic,በጣም ደስ ብሎኛል ስለተገናኘን ነገ።
3567,4,Refusal,ባለሙያው ዕድል አይፈልግም።
3568,1,Complaint,እህቴ ክፍያ ስለ ደስ የሚል መሆኑ ያማርራል።
3569,6,Sarcasm/Irony,አዎ፣ ቦታ በጣም አስፈላጊ ነው... (በተቃራኒ)።
3570,3,Promise,ከዚህ በኋላ ወንድሜ ጉዞ ታመጣለች።
3571,0,Assertion,ታካሚዎች ይቻላል ብዙ ጊዜ።
3572,2,Phatic,ደህና እንደምታድሪ ተስፋ አደርጋለሁ ተማሪዎች።
3573,5,Request,ወዳጄ ዕረፍት ማግኘት ይችላል?
3574,6,Sarcasm/Irony,በጣም አዲስ ነው፣ ማንም አያውቅም... (በሳቅ)።
3575,0,Assertion,ሐኪሞች መኪና አላት።
3576,5,Request,አባቴ ስልጠና ማግኘት ይችላል?
3577,2,Phatic,እንኳን ለበዓል አደረሰህ አስተማሪው።
3578,0,Assertion,በማለዳ አለቃዬ ቢሮ ነበር።
3579,6,Sarcasm/Irony,በጣም አስደሳች ነው፣ ማንም አያውቅም... (በሳቅ)።
3580,3,Promise,እናንተ በጊዜው ትመጣለች ብሎ ቃል ገብቷል።
3581,3,Promise,ሰራተኞች ነገ ትመጣለች ብሎ ቃል ገብቷል።
3582,1,Complaint,ለምን ነጋዴዎች ሙያ አልሰጠኝም?
3583,7,Suggestion,እንግዶች ክፍያ ቢያደርግ ይሻላል።
3584,5,Request,እንግዶች መንገድ ማግኘት ይችላል?
3585,1,Complaint,ለምን እናቴ መረጃ አልሰጠኝም?
3586,8,Warning,ገበሬዎች ጊዜ አትንካ።
3587,8,Warning,አንቺ ፈቃድ አትንካ።
3588,1,Complaint,ይህ መጽሔት በጣም ደህንነቱ የተጠበቀ ነው፣ አልወድም።
3589,6,Sarcasm/Irony,ፖሊሱ ሁልጊዜ በጊዜው ይመጣል... (በቀልድ)።
3590,2,Phatic,ደስ ብሎኛል ስላየሁሽ እንግዶች።
3591,8,Warning,ተጠንቀቅ! ጉብኝት ንጹህ ነው።
3592,2,Phatic,ጤናማ ሳምንት ይሁንልህ ጓደኛዬ።
3593,4,Refusal,ነጋዴዎች ደብዳቤ አይፈልግም።
3594,8,Warning,ተጠንቀቅ! ሰላም ንጹህ ነው።
3595,1,Complaint,ይህ ስብሰባ በጣም ጥሩ ነው፣ አልወድም።
3596,1,Complaint,ትምህርት አልሰራም፣ ችግር አለ።
3597,6,Sarcasm/Irony,እርግጥ፣ ክፍያ በጣም ውድ ነው... (በአስቂኝ)።
3598,2,Phatic,መልካም ጊዜ ከ ሐረር ልጄ።
3599,4,Refusal,ሀሳብ አልፈልግም፣ አመሰግናለሁ።
3600,2,Phatic,እግዚአብሔር ይጠብቅህ ከ መቀሌ።
3601,5,Request,አዛውንቶች ሙዚቃ ማግኘት ይችላል?
3602,0,Assertion,ምግብ ቤት በጣም አስፈላጊ ነው።
3603,5,Request,እባክዎ ገበያ ይሂዱ።
3604,3,Promise,እህቶች በጊዜው ትመጣለች ብሎ ቃል ገብቷል።
3605,1,Complaint,አንተ ስለ መጽሐፍ ቅሬታ አለው።
3606,2,Phatic,ሰላም ማንም፣ እንዴት አለፈ በወር?
3607,7,Suggestion,እንዴት ቢሆን ስብሰባ ብናደርግ?
3608,7,Suggestion,አዛውንቱ ስልጠና ቢጠቀም ይሻላል።
3609,3,Promise,ይህን ወረቀት እጠብቃለሁ።
3610,8,Warning,አዛውንቶች ምግብ ቤት አትንካ።
3611,7,Suggestion,ምናልባት ጥሩ ዕረፍት መግዛት?
3612,0,Assertion,ደስታ በጣም ያሳዝናል ነው።
3613,1,Complaint,ይህ ደስታ በጣም ያሳዝናል ነው፣ አልወድም።
3614,4,Refusal,ብዙ ሰዎች ጉብኝት አይፈልግም።
3615,4,Refusal,እናንተ እቅድ አይፈልግም።
3616,5,Request,ልጆች እድል ማግኘት ይችላል?
3617,5,Request,ታካሚዎች ጊዜ ማግኘት ይችላል?
3618,6,Sarcasm/Irony,እርግጥ፣ ዕረፍት በጣም ውድ ነው... (በአስቂኝ)።
3619,5,Request,እርዳኝ ችግር ለማግኘት።
3620,2,Phatic,እንኳን ደህና መጣሽ አንተ።
3621,6,Sarcasm/Irony,ጓደኛዬ ሁልጊዜ ትክክል ነው፣ እርግጥ ነው... (በሳቅ)።
3622,2,Phatic,ሰላም አባቶች፣ ምን አለ ከ መንገድ?
3623,7,Suggestion,ምናልባት እድል ማድረግ ይሻላል።
3624,3,Promise,በጊዜው አንቺ መጽሐፍ ያመጣል።
3625,8,Warning,ተጠንቀቅ፣ ሴቶች ይመጣል።
3626,6,Sarcasm/Irony,አስተማሪው ሁልጊዜ ይረዳል... (በቀልድ)።
3627,0,Assertion,በጊዜው ነጋዴዎች መቀሌ ነበር።
3628,6,Sarcasm/Irony,አዎ ወጣቱ በጣም ፈጣን ነው... (በቀልድ)።
3629,7,Suggestion,አንዳንድ ሰዎች ሰላም ቢያደርግ ይሻላል።
3630,8,Warning,ተጠንቀቅ፣ ሹፌሩ ይመጣል።
3631,8,Warning,ተጠንቀቅ! ፕሮጀክት ፈጣን ነው።
3632,0,Assertion,እውነቱን ለመናገር ሰላም ጥሩ ነው።
3633,1,Complaint,በማለዳ ገበሬዎች አገልግሎት አላገኘም።
3634,0,Assertion,እሷ ናት ብዙ ጊዜ።
3635,7,Suggestion,ጎረቤቴ መጽሔት ቢጠቀም ይሻላል።
3636,7,Suggestion,እኔ ብር እንድታደርግ እመክራለሁ።
3637,6,Sarcasm/Irony,እሱ በጣም ብልህ ነው፣ አልሳሳም... (በአስቂኝ)።
3638,2,Phatic,ሰላምታዬን አቀርባለሁ እኔ።
3639,4,Refusal,ሰራተኞች ሆቴል አይፈልግም።
3640,0,Assertion,በሰዓት ዳኛው ባንክ ነበር።
3641,4,Refusal,ሐኪሞች ሀሳብ አይፈልግም።
3642,7,Suggestion,ምናልባት ዘገይተኛ ስብሰባ መግዛት?
3643,3,Promise,ትናንት እናቶች ኮምፒውተር ታመጣለች።
3644,1,Complaint,በፍጥነት ፖሊሱ ሙያ አላገኘም።
3645,0,Assertion,በማታ ሹፌሩ መቀሌ ነበር።
3646,5,Request,እባክህ ፕሮጀክት ስጠኝ።
3647,2,Phatic,እንኳን ለልደትህ አደረሰ ጓደኛዬ።
3648,2,Phatic,እንዴት አመሹ ልጄ?
3649,6,Sarcasm/Irony,አዎ፣ ሆስፒታል በጣም ደህንነቱ የተጠበቀ ነው... (በተቃራኒ)።
3650,5,Request,እባክህ ጊዜ አስረዳኝ።
3651,2,Phatic,ሰላም እኛ ከ ሬስቶራንት።
3652,0,Assertion,እኛ በማታ ፓርክ ይገኛል።
3653,6,Sarcasm/Irony,እርግጥ ነው፣ ምግብ ቤት በጣም ርካሽ ነው... (በአስቂኝ)።
3654,8,Warning,አትርሳ መድሃኒት።
3655,2,Phatic,ጤናማ ቀን ይሁንልህ እንግዶች።
3656,4,Refusal,ሙዚቃ አልፈልግም፣ አመሰግናለሁ።
3657,6,Sarcasm/Irony,አዎ፣ ይህ ዘገይተኛ ሀሳብ ነው... (በሳቅ)።
3658,0,Assertion,አለቆች እድል አሮጌ ነው።
3659,4,Refusal,አንቺ እረፍት አይፈልግም።
3660,1,Complaint,በጊዜው ባለቤቴ እቅድ አላገኘም።
3661,7,Suggestion,ይህን ሀሳብ መሞከር ጥሩ ነው።
3662,5,Request,ነጋዴዎች ውሃ ማግኘት ይችላል?
3663,4,Refusal,ሁሉም ጉብኝት አይፈልግም።
3664,2,Phatic,እንኳን ደህና ኑሪ ጓደኛዬ።
3665,6,Sarcasm/Irony,አዎ፣ ይህ ምክር በጣም ጠቃሚ ነው... (በሳቅ)።
3666,8,Warning,አለቆች ዜና አትንካ።
3667,2,Phatic,ጤና ይስጥልኝ አዛውንቶች።
3668,0,Assertion,እውነቱን ለመናገር መፍትሄ ቀላል ነው።
3669,1,Complaint,ይህ ሁኔታ በጣም ያሳዝናል።
3670,7,Suggestion,ምናልባት ትንሽ ሰላም መግዛት?
3671,2,Phatic,እንኳን ደህና መጣህ ሴቶች።
3672,2,Phatic,ምን አዲስ ነገር አለ እናቴ?
3673,5,Request,አባቶች መንገድ ማግኘት ይችላል?
3674,8,Warning,እኛ ጉብኝት አትንካ።
3675,8,Warning,ተማሪው ሆቴል አትንካ።
3676,6,Sarcasm/Irony,አለቆች ሁልጊዜ ይረዳል... (በቀልድ)።
3677,4,Refusal,መንገድ አልፈልግም፣ አመሰግናለሁ።
3678,5,Request,ሐኪሙ መጽሔት ማግኘት ይችላል?
3679,0,Assertion,በፍጥነት ተማሪው መስሪያ ቤት ነበር።
3680,4,Refusal,አዛውንቱ ስልጠና አይፈልግም።
3681,3,Promise,በማለዳ እናቶች መፍትሄ ያመጣል።
3682,8,Warning,አትርሳ ሽልማት።
3683,5,Request,ጓደኞች ዕረፍት ማግኘት ይችላል?
3684,1,Complaint,ለምን ሆቴል እንዲህ አስደሳች ነው?
3685,1,Complaint,ለምን ጉዞ እንዲህ አሮጌ ነው?
3686,0,Assertion,እናቶች ይታያል ብዙ ጊዜ።
3687,7,Suggestion,እሷ አገልግሎት ቢጠቀም ይሻላል።
3688,8,Warning,ተጠንቀቅ! አገልግሎት ደስ የሚል ነው።
3689,6,Sarcasm/Irony,አዎ፣ እቅድ በጣም አስፈላጊ ነው... (በተቃራኒ)።
3690,6,Sarcasm/Irony,እርግጥ ነው፣ ብር በጣም ያሳዝናል ነው... (በቀልድ)።
3691,1,Complaint,ይህ ድርጊት በጣም መጥፎ ነው፣ አልወድም።
3692,6,Sarcasm/Irony,እርግጥ፣ አሁን ይሆናል... (በአስቂኝ)።
3693,5,Request,ጓደኛዬ ሰላም ማግኘት ይችላል?
3694,2,Phatic,በጣም ደስ ብሎኛል አሁን አንዳንድ ሰዎች።
3695,5,Request,እባክዎ ጨዋታ ይላኩልኝ።
3696,1,Complaint,ለምን እናንተ ኮምፒውተር አልሰጠኝም?
3697,8,Warning,ተጠንቀቅ! ቤት ንጹህ ነው።
3698,0,Assertion,እህቴ መረጃ መጥፎ አለ።
3699,1,Complaint,ሁልጊዜ ጉብኝት ይጎድላል።
3700,4,Refusal,ብዙ ሰዎች ፈቃድ አይፈልግም።
3701,2,Phatic,እንኳን ደህና መጣሽ መምህራን።
3702,3,Promise,ልጄ ከዚህ በኋላ ትመጣለች ብሎ ቃል ገብቷል።
3703,4,Refusal,አባቴ ክፍያ አይፈልግም።
3704,7,Suggestion,ምናልባት ደህንነቱ የተጠበቀ ጤና መግዛት?
3705,7,Suggestion,እህቴ ኮንትራት ቢጠቀም ይሻላል።
3706,7,Suggestion,እኔ ምግብ ቤት እንድታደርግ እመክራለሁ።
3707,8,Warning,ተጠንቀቅ በወር።
3708,4,Refusal,እኔ ፈቃድ አይፈልግም።
3709,0,Assertion,እነሱ ክፍያ ቀላል ይሻላል።
3710,2,Phatic,እንኳን ደህና ኑሪ ባለሙያው።
3711,2,Phatic,ሰላም ተማሪው፣ ምን ሰራሽ ነገ?
3712,6,Sarcasm/Irony,እርግጥ ነው፣ መድሃኒት በጣም ትንሽ ነው... (በቀልድ)።
3713,0,Assertion,እናቶች ስራ ያሳዝናል አሉ።
3714,8,Warning,ተጠንቀቅ! ድል ደስ የሚል ነው።
3715,4,Refusal,ሰራተኞች ገንዘብ አይፈልግም።
3716,5,Request,እባክዎ ፓርክ ይሂዱ።
3717,1,Complaint,ለምን ታካሚዎች ፈቃድ አልሰጠኝም?
3718,8,Warning,አደጋ አለ! ቁልፍ ተጠንቀቅ።
3719,3,Promise,አንቺ ከዚህ በኋላ ትመጣለች ብሎ ቃል ገብቷል።
3720,5,Request,እኔ መጽሔት ማግኘት ይችላል?
3721,4,Refusal,ልጆች ፈቃድ አይፈልግም።
3722,6,Sarcasm/Irony,እርግጥ ነው፣ በወር ሁሉም ደስተኛ ነው... (በአስቂኝ)።
3723,4,Refusal,ጎረቤቴ ዕድል አይፈልግም።
3724,2,Phatic,እንዴት አለፍሽ ከ ገበያ እሱ?
3725,4,Refusal,ተማሪው ምግብ ቤት አይፈልግም።
3726,4,Refusal,አንተ ክፍያ አይፈልግም።
3727,8,Warning,አዛውንቶች ህንፃ አትንካ።
3728,4,Refusal,ይቅርታ፣ ህንፃ አልሰጥም።
3729,5,Request,እባክዎ ፈቃድ ይላኩልኝ።
3730,1,Complaint,ይህ ድል በጣም መጥፎ ነው፣ አልወድም።
3731,3,Promise,በቀን ወንድሜ ንግግር ያመጣል።
3732,1,Complaint,በወር ሴቶች ምግብ ቤት አላገኘም።
3733,7,Suggestion,ምናልባት ጥሩ ክፍያ መግዛት?
3734,1,Complaint,ሰራተኛው ወረቀት ስለ ዘገይተኛ መሆኑ ያማርራል።
3735,8,Warning,ማንም ደብዳቤ አትንካ።
3736,5,Request,እርዳኝ ጨዋታ ለማግኘት።
3737,2,Phatic,እግዚአብሔር ይባርካችሁ አባቶች።
3738,3,Promise,አባቶች በማለዳ ይመጣል ብሎ ቃል ገብቷል።
3739,3,Promise,በእርግጥ ወረቀት አደርጋለሁ።
3740,2,Phatic,እንዴት አደሩ አንድ ሰው?
3741,1,Complaint,አንተ ስለ መድሃኒት ቅሬታ አለው።
3742,2,Phatic,እንኳን ደህና ኑሩ ፖሊሱ።
3743,4,Refusal,እኛ መጽሔት አይፈልግም።
3744,2,Phatic,እንዴት አለፍሽ ከ ባንክ ሰራተኛው?
3745,7,Suggestion,ምናልባት አስቸጋሪ እድል መግዛት?
3746,8,Warning,አደጋ አለ! መጽሐፍ ተጠንቀቅ።
3747,1,Complaint,በወር ወንድሜ መፍትሄ አላገኘም።
3748,3,Promise,ይህን ስራ እጠብቃለሁ።
3749,2,Phatic,መልካም ምሽት ከ ሬስቶራንት ወጣቱ።
3750,0,Assertion,በጊዜው እሱ ቤተ ክርስቲያን ነበር።
3751,1,Complaint,በሰዓት እናቶች ፊልም አላገኘም።
3752,3,Promise,በእርግጠኝነት ቢሮ እገኛለሁ።
3753,3,Promise,እኔ ስልጠና እሰጥሻለሁ።
3754,6,Sarcasm/Irony,እርግጥ ነው፣ ዜና በጣም ርካሽ ነው... (በአስቂኝ)።
3755,5,Request,ሁሉም መረጃ ማግኘት ይችላል?
3756,4,Refusal,አስተናጋጁ ዜና አይፈልግም።
3757,8,Warning,ባለቤቴ ደብዳቤ አትንካ።
3758,4,Refusal,አይ፣ ምክር አልችልም።
3759,7,Suggestion,ብዙ ሰዎች ዕረፍት ቢጠቀም ይሻላል።
3760,3,Promise,በጊዜው ወጣቱ ስልክ ያመጣል።
3761,7,Suggestion,እኔ ችግር እንድታደርግ እመክራለሁ።
3762,7,Suggestion,ምናልባት ጉብኝት ማድረግ ይሻላል።
3763,3,Promise,እኔ ዕድል እሰጥሃለሁ።
3764,3,Promise,እሷ በጊዜው ይመጣል ብሎ ቃል ገብቷል።
3765,7,Suggestion,ምናልባት ፈጣን አገልግሎት መግዛት?
3766,4,Refusal,ወዳጄ ወረቀት አይፈልግም።
3767,4,Refusal,ወንድሜ መኪና አይፈልግም።
3768,0,Assertion,ምግብ ትልቅ ነው።
3769,0,Assertion,እውነቱን ለመናገር ፊልም ፈጣን ነው።
3770,2,Phatic,እንኳን ደህና ኑሩ እህቴ።
3771,2,Phatic,እንዴት አመሸሽ ጓደኛዬ?
3772,4,Refusal,ይህን ደስታ ማድረግ አልችልም።
3773,8,Warning,መምህራን ፈቃድ አትንካ።
3774,7,Suggestion,ምናልባት ጥሩ ጊዜ መግዛት?
3775,8,Warning,ብዙ ሰዎች ገንዘብ አትንካ።
3776,3,Promise,በእርግጠኝነት ቤተ ክርስቲያን እገኛለሁ።
3777,3,Promise,አትጨነቅ፣ ወረቀት እከፍላለሁ።
3778,3,Promise,በሰዓት ሐኪሞች ትምህርት ያመጣል።
3779,3,Promise,ቃል እገባለሁ ዕድል እንደሚሆን።
3780,2,Phatic,እንዴት አመሸህ ልጆች?
3781,7,Suggestion,ምናልባት ርካሽ ቦታ መግዛት?
3782,7,Suggestion,ታካሚዎች ትምህርት ቢያደርግ ይሻላል።
3783,3,Promise,ቃል እገባለሁ ድል እንደሚሆን።
3784,0,Assertion,አንዳንድ ሰዎች በማለዳ ቢሮ ይገኛል።
3785,4,Refusal,ታካሚዎች ሙያ አይፈልግም።
3786,4,Refusal,አንድ ሰው ጉዞ አይፈልግም።
3787,5,Request,እሷ እቅድ ማግኘት ይችላል?
3788,1,Complaint,ከዚህ በፊት እንግዶች ወረቀት አላገኘም።
3789,4,Refusal,ሰራተኞች ኮምፒውተር አይፈልግም።
3790,0,Assertion,እህቴ ፊልም ትልቅ ይቻላል።
3791,0,Assertion,እረፍት በጣም ፈጣን ነው።
3792,7,Suggestion,አባቴ ስልክ ቢያደርግ ይሻላል።
3793,7,Suggestion,ምናልባት ጨዋታ ማድረግ ይሻላል።
3794,7,Suggestion,ምናልባት ደህንነቱ የተጠበቀ ምክር መግዛት?
3795,0,Assertion,ይህ ብር ትንሽ መሆኑን እረጋገጣለሁ።
3796,4,Refusal,እናቶች ቅጣት አይፈልግም።
3797,2,Phatic,እንዴት ነው ጤንነትሽ መምህራን?
3798,6,Sarcasm/Irony,እርግጥ ነው፣ ፕሮጀክት በጣም ርካሽ ነው... (በአስቂኝ)።
3799,7,Suggestion,ወጣቱ ኮንትራት ቢያደርግ ይሻላል።
3800,4,Refusal,ልጆች ሰላም አይፈልግም።
3801,7,Suggestion,ምናልባት ጥሩ ንግግር መግዛት?
3802,5,Request,እነሱ ችግር ማግኘት ይችላል?
3803,0,Assertion,በቅርቡ ወንድሜ አዋሳ ነበር።
3804,8,Warning,ይህ እረፍት አደገኛ ነው።
3805,8,Warning,ሐኪሙ ፕሮጀክት አትንካ።
3806,4,Refusal,ሰራተኛው ቅጣት አይፈልግም።
3807,7,Suggestion,ብዙ ሰዎች ዕረፍት ቢያደርግ ይሻላል።
3808,2,Phatic,ጤናማ ሳምንት ይሁንልህ ሹፌሩ።
3809,8,Warning,ይህ ሽልማት አደገኛ ነው።
3810,5,Request,ይህን ሀሳብ ማየት እችላለሁ?
3811,2,Phatic,ሰላምታ ከ ሆስፒታል አዛውንቱ።
3812,5,Request,እናቴ ኮምፒውተር ማግኘት ይችላል?
3813,6,Sarcasm/Irony,እንዴት ያለ ውድ ሀሳብ ነው! (በሳቅ)።
3814,8,Warning,ተጠንቀቅ! ድልድይ ዘገይተኛ ነው።
3815,5,Request,እሱ ዜና ማግኘት ይችላል?
3816,7,Suggestion,ምናልባት አደገኛ ዕድል መግዛት?
3817,8,Warning,ይህን መኪና አታድርግ።
3818,7,Suggestion,ሰራተኞች ፈቃድ ቢጠቀም ይሻላል።
3819,2,Phatic,እንደገና እንገናኝ ሹፌሩ።
3820,3,Promise,በሳምንት ወጣቶች ምግብ ያመጣል።
3821,0,Assertion,አዛውንቶች ወረቀት አለው።
3822,6,Sarcasm/Irony,ሴቶች ሁልጊዜ በጊዜው ይመጣል... (በቀልድ)።
3823,7,Suggestion,እኛ ሰላም ቢጠቀም ይሻላል።
3824,1,Complaint,አሁን አለቆች ዜና አላገኘም።
3825,2,Phatic,እግዚአብሔር ይጠብቅሽ ጓደኞች።
3826,2,Phatic,እግዚአብሔር ይጠብቅህ አንዳንድ ሰዎች።
3827,4,Refusal,ሰራተኞች ቅጣት አይፈልግም።
3828,0,Assertion,እኔ እርዳታ እንደሚያስፈልግ አውቃለሁ።
3829,7,Suggestion,ሹፌሩ ቤት ቢጠቀም ይሻላል።
3830,6,Sarcasm/Irony,ባለቤቴ ሁልጊዜ በጊዜው ይመጣል... (በቀልድ)።
3831,4,Refusal,ባለቤቴ ስራ አይፈልግም።
3832,2,Phatic,እንኳን ደህና ኑሪ ልጄ።
3833,5,Request,ደንበኞች ሙዚቃ ማግኘት ይችላል?
3834,6,Sarcasm/Irony,መምህራን ሁልጊዜ ይረዳል... (በቀልድ)።
3835,5,Request,እኛ ብር ማግኘት ይችላል?
3836,1,Complaint,ለምን ስራ እንዲህ ዘገይተኛ ነው?
3837,3,Promise,እኔ ነገ ትመጣለች ብሎ ቃል ገብቷል።
3838,1,Complaint,ፊልም አልሰራም፣ ችግር አለ።
3839,1,Complaint,አባቶች ከ ድል ጋር ችግር አለው።
3840,2,Phatic,መልካም ምሽት ከ ፓርክ።
3841,1,Complaint,በጊዜው እኔ ፈቃድ አላገኘም።
3842,4,Refusal,አባቶች ሽልማት አይፈልግም።
3843,5,Request,ፖሊሱ ህንፃ ማግኘት ይችላል?
3844,3,Promise,በማለዳ እህቴ ምግብ ያመጣል።
3845,6,Sarcasm/Irony,አባቶች ሁልጊዜ ትክክለኛ ውሳኔ ያደርጋል... (በቀልድ)።
3846,2,Phatic,ምን ዜና አለ ከዚህ በፊት ከ አዲስ አበባ?
3847,8,Warning,እናቴ ህንፃ አትንካ።
3848,1,Complaint,ጓደኞች ከ ጤና ጋር ችግር አለው።
3849,5,Request,ሹፌሩ ትምህርት ማግኘት ይችላል?
3850,1,Complaint,ለምን ምክር እንዲህ ርካሽ ነው?
3851,0,Assertion,በሰዓት አዛውንቶች ቤት ነበር።
3852,4,Refusal,እህቴ ሙያ አይፈልግም።
3853,4,Refusal,ዳኛው ጤና አይፈልግም።
3854,7,Suggestion,ሰራተኛው ሽልማት ቢያደርግ ይሻላል።
3855,4,Refusal,ወጣቶች ስልጠና አይፈልግም።
3856,5,Request,ተማሪው ኮንትራት ማግኘት ይችላል?
3857,4,Refusal,አንዳንድ ሰዎች መረጃ አይፈልግም።
3858,4,Refusal,እህቶች ዕረፍት አይፈልግም።
3859,5,Request,እናቴ ሀሳብ ማግኘት ይችላል?
3860,3,Promise,አስተማሪው ከዚህ በፊት ትመጣለች ብሎ ቃል ገብቷል።
3861,1,Complaint,ሐኪሙ ከ ስልክ ጋር ችግር አለው።
3862,6,Sarcasm/Irony,እንዴት አሮጌ ድርጊት ነው! (በቀልድ)።
3863,5,Request,ጓደኞች ጤና ማግኘት ይችላል?
3864,4,Refusal,አዛውንቱ መንገድ አይፈልግም።
3865,0,Assertion,እረፍት አስቸጋሪ ነው።
3866,8,Warning,ተጠንቀቅ፣ አንተ ይመጣል።
3867,5,Request,እባክሽ ብር ስጠኝ።
3868,0,Assertion,እውነቱን ለመናገር ገንዘብ ደስ የሚል ነው።
3869,5,Request,እኛ ጊዜ ማግኘት ይችላል?
3870,1,Complaint,ጉዞ አልሰራም፣ ችግር አለ።
3871,2,Phatic,ጤና ይስጥልኝ ልጆች።
3872,6,Sarcasm/Irony,እንዴት ያለ ጥሩ መድሃኒት ነው! (በተቃራኒ)።
3873,5,Request,ሹፌሩ ስብሰባ ማግኘት ይችላል?
3874,4,Refusal,አይ፣ ውሳኔ አልችልም።
3875,5,Request,እባክዎ ጊዜ ያድርጉልኝ።
3876,1,Complaint,በጊዜው ተማሪው እርዳታ አላገኘም።
3877,6,Sarcasm/Irony,እርግጥ፣ ስልክ በጣም ውድ ነው... (በአስቂኝ)።
3878,1,Complaint,ለምን ዜና እንዲህ ከባድ ነው?
3879,7,Suggestion,አስተናጋጁ ቤት ቢጠቀም ይሻላል።
3880,7,Suggestion,አንድ ሰው ሙዚቃ ቢጠቀም ይሻላል።
3881,4,Refusal,ይህን መኪና ማድረግ አልችልም።
3882,8,Warning,አደጋ አለ! እርዳታ ተጠንቀቅ።
3883,0,Assertion,ይህ ሆቴል አሮጌ መሆኑን እረጋገጣለሁ።
3884,6,Sarcasm/Irony,ወንድሜ ሁልጊዜ ትክክለኛ ውሳኔ ያደርጋል... (በቀልድ)።
3885,3,Promise,ዛሬ ጎረቤቴ ሙዚቃ ያመጣል።
3886,1,Complaint,እህቶች ህንፃ ስለ መጥፎ መሆኑ ያማርራል።
3887,2,Phatic,እግዚአብሔር ከጎንህ ይሁን ገበሬዎች።
3888,3,Promise,በፍጥነት ወዳጄ መጽሐፍ ታመጣለች።
3889,8,Warning,ዳኛው አገልግሎት አትንካ።
3890,7,Suggestion,ምናልባት አደገኛ ደስታ መግዛት?
3891,2,Phatic,ሰላም ደንበኞች፣ እንዴት አለፈ ቀኑ?
3892,7,Suggestion,ምናልባት ትንሽ መፍትሄ መግዛት?
3893,1,Complaint,ልጄ ጤና ስለ ደስ የሚል መሆኑ ያማርራል።
3894,6,Sarcasm/Irony,ስብሰባ በጣም ውድ ነው፣ ግን ዋጋው አለው... (በቀልድ)።
3895,7,Suggestion,ልጄ ህንፃ ቢያደርግ ይሻላል።
3896,4,Refusal,እነሱ ምግብ ቤት አይፈልግም።
3897,7,Suggestion,ምናልባት መጥፎ ጤና መግዛት?
3898,0,Assertion,በፍጥነት አንቺ ቢሮ ነበር።
3899,5,Request,ወዳጄ ምግብ ማግኘት ይችላል?
3900,7,Suggestion,ሐኪሞች ዕረፍት ቢያደርግ ይሻላል።
3901,0,Assertion,እኔ ፕሮጀክት እንደሚያስፈልግ አውቃለሁ።
3902,6,Sarcasm/Irony,እርግጥ ነው፣ በቅርቡ ሁሉም ደስተኛ ነው... (በአስቂኝ)።
3903,5,Request,እባክዎ ጎንደር ይሂዱ።
3904,4,Refusal,አይ፣ ጨዋታ አልችልም።
3905,1,Complaint,ለምን መረጃ እንዲህ ደስ የሚል ነው?
3906,7,Suggestion,ምናልባት አስቸጋሪ ንግግር መግዛት?
3907,2,Phatic,ሰላም ባለቤቴ፣ እንዴት ነሽ?
3908,7,Suggestion,እንደእኔ አስተያየት ውሳኔ መቀየር ይሻላል።
3909,1,Complaint,ከዚህ በኋላ አንድ ሰው ደብዳቤ አላገኘም።
3910,7,Suggestion,ምናልባት አዲስ ጊዜ መግዛት?
3911,6,Sarcasm/Irony,እህቴ ሁልጊዜ ይረዳል... (በቀልድ)።
3912,2,Phatic,እንኳን ለበዓል አደረሰሽ በሰዓት።
3913,2,Phatic,እንዴት አደሩ ሴቶች?
3914,5,Request,ማንም ህንፃ ማግኘት ይችላል?
3915,4,Refusal,አስተናጋጁ ጤና አይፈልግም።
3916,6,Sarcasm/Irony,አዎ፣ ይህ ክፍያ በጣም ጠቃሚ ነው... (በሳቅ)።
3917,4,Refusal,እህቶች ቤት አይፈልግም።
3918,1,Complaint,ሁሉም ደስታ ስለ አሮጌ መሆኑ ያማርራል።
3919,3,Promise,አንድ ሰው በማታ ትመጣለች ብሎ ቃል ገብቷል።
3920,6,Sarcasm/Irony,እንዴት ወንድሜ በጣም ፈጣን ነው! (በአስቂኝ)።
3921,8,Warning,አዲስ አበባ አትግባ፣ አደገኛ ነው።
3922,3,Promise,በቅርቡ ዳኛው ስልጠና ታመጣለች።
3923,5,Request,እንግዶች ድል ማግኘት ይችላል?
3924,3,Promise,በሳምንት ወጣቶች አገልግሎት ያመጣል።
3925,4,Refusal,እንግዶች ድል አይፈልግም።
3926,4,Refusal,ሴቶች ምግብ አይፈልግም።
3927,8,Warning,ሐኪሙ ገንዘብ አትንካ።
3928,3,Promise,ነጋዴዎች በማለዳ ይመጣል ብሎ ቃል ገብቷል።
3929,1,Complaint,ይህ ኮንትራት በጣም ያሳዝናል ነው፣ አልወድም።
3930,8,Warning,ጓደኛዬ ገንዘብ አትንካ።
3931,1,Complaint,እህቴ ሰላም ስለ ትልቅ መሆኑ ያማርራል።
3932,5,Request,ልጆች ምግብ ቤት ማግኘት ይችላል?
3933,2,Phatic,ደስ ብሎኛል ስለተገናኘን ከ ቢሮ።
3934,2,Phatic,እግዚአብሔር ይጠብቅህ ከ ትምህርት ቤት።
3935,5,Request,ከፈቀድክ ጉዞ ውሰድ።
3936,4,Refusal,አይ፣ ንግግር አልችልም።
3937,2,Phatic,እግዚአብሔር ከአንተ ጋር ይሁን አስተማሪው።
3938,0,Assertion,አለቆች ሀሳብ አለው።
3939,8,Warning,ይህ ቦታ አደገኛ ነው።
3940,3,Promise,ዳኛው ከዚህ በፊት ትመጣለች ብሎ ቃል ገብቷል።
3941,6,Sarcasm/Irony,አዛውንቶች ሁልጊዜ ትክክል ነው... (በሳቅ)።
3942,7,Suggestion,ምናልባት ትልቅ ዕረፍት መግዛት?
3943,1,Complaint,ሁሉም ስለ ብር ቅሬታ አለው።
3944,3,Promise,አትጨነቅ፣ መፍትሄ እከፍላለሁ።
3945,6,Sarcasm/Irony,ወጣቱ በጣም ብልህ ነው፣ አልሳሳም... (በአስቂኝ)።
3946,4,Refusal,አባቶች ምግብ አይፈልግም።
3947,7,Suggestion,ሐኪሞች ጤና ቢጠቀም ይሻላል።
3948,3,Promise,እኛ በቅርቡ ይመጣል ብሎ ቃል ገብቷል።
3949,6,Sarcasm/Irony,አዎ፣ ሙያ በጣም ጥሩ ጥራት አለው... (በአስቂኝ)።
3950,3,Promise,እኔ ድልድይ እሰጥሃለሁ።
3951,6,Sarcasm/Irony,ወዳጄ ሁልጊዜ ይረዳል... (በቀልድ)።
3952,0,Assertion,ወንዶች ይሻላል ብዙ ጊዜ።
3953,5,Request,ፖሊሱ እረፍት ማግኘት ይችላል?
3954,1,Complaint,ብዙ ሰዎች ስለ ጉዞ ቅሬታ አለው።
3955,8,Warning,ሴቶች ደስታ አትንካ።
3956,5,Request,ይህን ክፍያ ማየት እችላለሁ?
3957,2,Phatic,በጣም ደስ ብሎኛል ስላየሁህ ትናንት።
3958,6,Sarcasm/Irony,አዎ፣ ዛሬ ሁሉም ዝግጁ ነው... (በተቃራኒ)።
3959,6,Sarcasm/Irony,እርግጥ ነው፣ በወር ሁሉም ይረዳል... (በአስቂኝ)።
3960,0,Assertion,እውነቱን ለመናገር እርዳታ መጥፎ ነው።
3961,2,Phatic,እንዴት ነው ቀኑ በማለዳ?
3962,3,Promise,በማለዳ አባቴ ፕሮጀክት ታመጣለች።
3963,3,Promise,በቀን ወጣቶች ውሃ ያመጣል።
3964,7,Suggestion,ሴቶች ስብሰባ ቢያደርግ ይሻላል።
3965,3,Promise,ሰራተኛው ዛሬ ይመጣል ብሎ ቃል ገብቷል።
3966,2,Phatic,መልካም ጊዜ ይሁንልሽ በቅርቡ።
3967,3,Promise,በፍጥነት ጎረቤቴ ዕረፍት ያመጣል።
3968,0,Assertion,እኔ ኮምፒውተር እንደሚያስፈልግ አውቃለሁ።
3969,2,Phatic,ሰላም ሐኪሙ፣ ምን ሰራህ?
3970,0,Assertion,እውነቱን ለመናገር ደስታ ንጹህ ነው።
3971,5,Request,እኛ ጤና ማግኘት ይችላል?
3972,2,Phatic,ሰላምታ ከ ቤተ ክርስቲያን እህቴ።
3973,8,Warning,አደጋ አለ! መኪና ተጠንቀቅ።
3974,0,Assertion,ድርጊት በጣም አስፈላጊ ነው።
3975,5,Request,አስተናጋጁ እቅድ ማግኘት ይችላል?
3976,2,Phatic,ሰላም ልጄ፣ ምን ሰራሽ?
3977,2,Phatic,ጤናማ ሳምንት ይሁንልሽ አዛውንቱ።
3978,0,Assertion,ከዚህ በኋላ ሐኪሞች ቤተ ክርስቲያን ነበር።
3979,8,Warning,ጓደኛዬ ቤት አትንካ።
3980,8,Warning,እናቴ ዕድል አትንካ።
3981,3,Promise,እሷ በቀን ትመጣለች ብሎ ቃል ገብቷል።
3982,2,Phatic,ደህና ሁኚ ጎረቤቴ ከ መንገድ።
3983,7,Suggestion,ምናልባት ያሳዝናል ቅጣት መግዛት?
3984,0,Assertion,አሁን ጓደኛዬ ቤተ ክርስቲያን ነበር።
3985,4,Refusal,ጓደኛዬ እርዳታ አይፈልግም።
3986,2,Phatic,በጣም ደስ ብሎኛል ስለተገናኘን እህቴ።
3987,2,Phatic,ደህና ሁኑ ደንበኞች።
3988,2,Phatic,እንዴት አለፍሽ ከ ሐረር እሱ?
3989,4,Refusal,ባለሙያው ደብዳቤ አይፈልግም።
3990,5,Request,እርዳኝ እረፍት ለማግኘት።
3991,8,Warning,አደጋ አለ! ሙያ ተጠንቀቅ።
3992,5,Request,ወጣቶች ስራ ማግኘት ይችላል?
3993,7,Suggestion,አዛውንቱ ጉብኝት ቢጠቀም ይሻላል።
3994,2,Phatic,እንዴት ነው ቀኑ ከ ቤት?
3995,8,Warning,ተጠንቀቅ! ህንፃ ደህንነቱ የተጠበቀ ነው።
3996,5,Request,ልጆች እረፍት ማግኘት ይችላል?
3997,0,Assertion,እናንተ ትናንት መቀሌ ይገኛል።
3998,6,Sarcasm/Irony,ወንድሞች በጣም ታማኝ ነው፣ አይዋሽም... (በተቃራኒ)።
3999,8,Warning,አደጋ አለ! ምክር ተጠንቀቅ።
4000,6,Sarcasm/Irony,አዎ፣ ዜና በጣም አስፈላጊ ነው... (በተቃራኒ)።
4001,4,Refusal,እሱ እርዳታ አይፈልግም።
4002,2,Phatic,እግዚአብሔር ይጠብቅህ ከ ቤተ ክርስቲያን።
4003,3,Promise,እኔ መድሃኒት እሰጥሃለሁ።
4004,4,Refusal,አዛውንቱ ጤና አይፈልግም።
4005,1,Complaint,ወጣቱ ከ ትምህርት ጋር ችግር አለው።
4006,0,Assertion,ተማሪው ነው ብዙ ጊዜ።
4007,7,Suggestion,ይህን ክፍያ መሞከር ጥሩ ነው።
4008,0,Assertion,ገንዘብ ትንሽ ነው።
4009,5,Request,እባክዎ ምግብ ያድርጉልኝ።
4010,7,Suggestion,እንደእኔ አስተያየት ምክር መቀየር ይሻላል።
4011,4,Refusal,ይቅርታ፣ ኮምፒውተር አልሰጥም።
4012,0,Assertion,እሱ ቦታ አስቸጋሪ ይቻላል።
4013,3,Promise,በእርግጥ መጽሔት አደርጋለሁ።
4014,2,Phatic,እንኳን ደህና ኑር ከ ሬስቶራንት።
4015,4,Refusal,አንድ ሰው ሀሳብ አይፈልግም።
4016,5,Request,ይህን ሆቴል ማየት እችላለሁ?
4017,7,Suggestion,እንዴት ቢሆን ብር ብናደርግ?
4018,1,Complaint,መኪና አልሰራም፣ ችግር አለ።
4019,2,Phatic,እግዚአብሔር ይባርክሽ በፍጥነት።
4020,3,Promise,ባለሙያው ዛሬ ትመጣለች ብሎ ቃል ገብቷል።
4021,5,Request,እሷ መጽሔት ማግኘት ይችላል?
4022,3,Promise,ብዙ ሰዎች በማለዳ ትመጣለች ብሎ ቃል ገብቷል።
4023,8,Warning,ይህ መረጃ አደገኛ ነው።
4024,5,Request,ይህን ዕድል ማየት እችላለሁ?
4025,0,Assertion,ይህ ኮምፒውተር ደስ የሚል መሆኑን እረጋገጣለሁ።
4026,0,Assertion,አንዳንድ ሰዎች ዛሬ ፓርክ ይገኛል።
4027,6,Sarcasm/Irony,እንዴት ያለ ሙዚቃ ነው! (በቀልድ)።
4028,6,Sarcasm/Irony,እንዴት ያለ ፍጹም ኮንትራት ነው! (በሳቅ)።
4029,2,Phatic,እንደገና እንገናኝ ዛሬ ከ ገበያ።
4030,1,Complaint,በፍጥነት አለቆች ቦታ አላገኘም።
4031,7,Suggestion,እኔ ጉብኝት ቢጠቀም ይሻላል።
4032,3,Promise,ሐኪሙ በማለዳ ትመጣለች ብሎ ቃል ገብቷል።
4033,4,Refusal,ሴቶች መኪና አይፈልግም።
4034,2,Phatic,እንኳን ደህና ኑር ተማሪው።
4035,7,Suggestion,እንዴት ቢሆን ፈቃድ ብናደርግ?
4036,4,Refusal,አባቶች ሰላም አይፈልግም።
4037,5,Request,ይህን እረፍት ማየት እችላለሁ?
4038,6,Sarcasm/Irony,አዎ፣ ፕሮጀክት በጣም አስፈላጊ ነው... (በተቃራኒ)።
4039,5,Request,እባክህ ክፍያ አስረዳኝ።
4040,0,Assertion,ደስታ በጣም አደገኛ ነው።
4041,3,Promise,በእርግጥ ሙዚቃ አደርጋለሁ።
4042,0,Assertion,ወጣቱ ስብሰባ አላት።
4043,7,Suggestion,ወዳጄ ችግር ቢጠቀም ይሻላል።
4044,3,Promise,ወጣቱ በማለዳ ትመጣለች ብሎ ቃል ገብቷል።
4045,0,Assertion,ሰላም በጣም ዘገይተኛ ነው።
4046,3,Promise,እንግዶች በወር ይመጣል ብሎ ቃል ገብቷል።
4047,8,Warning,ተጠንቀቅ! ስልክ ንጹህ ነው።
4048,0,Assertion,እውነቱን ለመናገር እርዳታ ደህንነቱ የተጠበቀ ነው።
4049,2,Phatic,በጣም ደስ ብሎኛል በሰዓት ተማሪው።
4050,7,Suggestion,እኔ መኪና ቢያደርግ ይሻላል።
4051,6,Sarcasm/Irony,ልጆች ሁልጊዜ ይረዳል... (በቀልድ)።
4052,8,Warning,ተጠንቀቅ! ሙዚቃ አደገኛ ነው።
4053,5,Request,ባለሙያው ትምህርት ማግኘት ይችላል?
4054,3,Promise,በቅርቡ ወጣቱ አገልግሎት ታመጣለች።
4055,8,Warning,ተጠንቀቅ! ስራ አስፈላጊ ነው።
4056,3,Promise,እኔ ዕድል አላረሳም።
4057,8,Warning,ተጠንቀቅ! ኮንትራት ትንሽ ነው።
4058,2,Phatic,እንዴት አመሸህ አንቺ?
4059,5,Request,አባቴ ሰላም ማግኘት ይችላል?
4060,0,Assertion,መኪና በጣም ደስ የሚል ነው።
4061,1,Complaint,አዛውንቶች ስለ ሽልማት ቅሬታ አለው።
4062,2,Phatic,ሰላምታ ከ አዲስ አበባ ለ እህቴ።
4063,7,Suggestion,አንቺ መጽሔት ቢጠቀም ይሻላል።
4064,7,Suggestion,አለቃዬ ዕድል ቢጠቀም ይሻላል።
4065,2,Phatic,ጤናማ ቀን ይሁንልሽ ዛሬ።
4066,3,Promise,እኔ ዜና እሰጥሻለሁ።
4067,8,Warning,ይህ እርዳታ አደገኛ ነው።
4068,7,Suggestion,ተማሪዎች ስራ ቢጠቀም ይሻላል።
4069,2,Phatic,እንኳን ደህና መጣህ ሐኪሞች።
4070,4,Refusal,ይቅርታ፣ ሆቴል አልሰጥም።
4071,1,Complaint,ለምን ዕድል እንዲህ አስደሳች ነው?
4072,8,Warning,ደንበኞች እረፍት አትንካ።
4073,8,Warning,ጓደኛዬ ቅጣት አትንካ።
4074,2,Phatic,እንዴት አለፍሽ በማለዳ ደንበኞች?
4075,1,Complaint,ተማሪዎች መረጃ ስለ መጥፎ መሆኑ ያማርራል።
4076,0,Assertion,በማታ ጎረቤቴ ባህር ዳር ነበር።
4077,1,Complaint,ይህ ሀሳብ በጣም አደገኛ ነው፣ አልወድም።
4078,3,Promise,አዛውንቱ በፍጥነት ትመጣለች ብሎ ቃል ገብቷል።
4079,6,Sarcasm/Irony,አዎ፣ ጤና በጣም ጥሩ ጥራት አለው... (በአስቂኝ)።
4080,7,Suggestion,ማንም ሰላም ቢያደርግ ይሻላል።
4081,1,Complaint,እህቴ ከ ዜና ጋር ችግር አለው።
4082,8,Warning,ተጠንቀቅ! እረፍት ንጹህ ነው።
4083,0,Assertion,እናቶች ምግብ አለው።
4084,0,Assertion,ወንድሞች ይሻላል ብዙ ጊዜ።
4085,4,Refusal,ይቅርታ፣ መኪና አልሰጥም።
4086,0,Assertion,ሙያ ቀላል ነው።
4087,7,Suggestion,ምናልባት ዘገይተኛ ሆቴል መግዛት?
4088,8,Warning,ተጠንቀቅ! ድልድይ ቀላል ነው።
4089,1,Complaint,ትናንት ልጆች ምግብ አላገኘም።
4090,8,Warning,ወጣቱ ጤና አትንካ።
4091,7,Suggestion,ሰራተኛው ትምህርት ቢጠቀም ይሻላል።
4092,3,Promise,ይህን ጉዞ እጠብቃለሁ።
4093,5,Request,እርዳኝ መንገድ ለማግኘት።
4094,0,Assertion,እኔ እርዳታ ደህንነቱ የተጠበቀ አለች።
4095,2,Phatic,ጤናማ ሳምንት ይሁንልህ ወንዶች።
4096,4,Refusal,አስተናጋጁ ሆቴል አይፈልግም።
4097,1,Complaint,በቅርቡ እነሱ ቦታ አላገኘም።
4098,1,Complaint,ለምን ወንድሞች እድል አልሰጠኝም?
4099,3,Promise,እሷ ከዚህ በፊት ትመጣለች ብሎ ቃል ገብቷል።
4100,0,Assertion,አባቶች ክፍያ አላት።
4101,7,Suggestion,እናቶች ቅጣት ቢጠቀም ይሻላል።
4102,4,Refusal,ወንድሜ ሙያ አይፈልግም።
4103,8,Warning,ተጠንቀቅ ከዚህ በኋላ።
4104,0,Assertion,በፍጥነት ማንም ጎንደር ነበር።
4105,8,Warning,ባለቤቴ ገንዘብ አትንካ።
4106,3,Promise,ነገ ወዳጄ ድል ያመጣል።
4107,0,Assertion,እኔ ጉብኝት እንደሚያስፈልግ አውቃለሁ።
4108,3,Promise,ተማሪዎች በሰዓት ትመጣለች ብሎ ቃል ገብቷል።
4109,6,Sarcasm/Irony,እንዴት ያለ ጥሩ ሙያ ነው! (በተቃራኒ)።
4110,4,Refusal,አሁን ዛሬ አይሆንም።
4111,3,Promise,እህቶች በቅርቡ ትመጣለች ብሎ ቃል ገብቷል።
4112,4,Refusal,ተማሪዎች መፍትሄ አይፈልግም።
4113,5,Request,ተማሪው ስብሰባ ማግኘት ይችላል?
4114,1,Complaint,እንግዶች ከ ገንዘብ ጋር ችግር አለው።
4115,1,Complaint,ገበሬዎች ድርጊት ስለ መጥፎ መሆኑ ያማርራል።
4116,6,Sarcasm/Irony,አዛውንቱ በጣም ታማኝ ነው፣ አይዋሽም... (በተቃራኒ)።
4117,1,Complaint,እነሱ ከ ሰላም ጋር ችግር አለው።
4118,1,Complaint,ምግብ አልሰራም፣ ችግር አለ።
4119,7,Suggestion,አባቶች ቦታ ቢያደርግ ይሻላል።
4120,5,Request,ጓደኞች መረጃ ማግኘት ይችላል?
4121,7,Suggestion,እኔ ዕድል እንድታደርግ እመክራለሁ።
4122,0,Assertion,እነሱ መጽሐፍ አለው።
4123,2,Phatic,ምን ዜና አለ ዛሬ ከ ሬስቶራንት?
4124,4,Refusal,ይቅርታ፣ ስራ አልሰጥም።
4125,6,Sarcasm/Irony,ተማሪዎች በጣም ብልህ ነው፣ አልሳሳም... (በአስቂኝ)።
4126,5,Request,ሴቶች መረጃ ማግኘት ይችላል?
4127,4,Refusal,አለቃዬ ድርጊት አይፈልግም።
4128,4,Refusal,ሹፌሩ ዜና አይፈልግም።
4129,2,Phatic,ደህና ቀን ይሁንልሽ አንዳንድ ሰዎች።
4130,7,Suggestion,ይህን ሰላም መሞከር ጥሩ ነው።
4131,5,Request,ታካሚዎች ዜና ማግኘት ይችላል?
4132,6,Sarcasm/Irony,እናንተ ሁልጊዜ በጊዜው ይመጣል... (በቀልድ)።
4133,4,Refusal,እሱ መጽሐፍ አይፈልግም።
4134,4,Refusal,አንድ ሰው ቤት አይፈልግም።
4135,5,Request,ወጣቱ ፈቃድ ማግኘት ይችላል?
4136,7,Suggestion,እንዴት ቢሆን ሀሳብ ብናደርግ?
4137,0,Assertion,ፖሊሱ ይታወቃል ብዙ ጊዜ።
4138,8,Warning,አዛውንቱ ገንዘብ አትንካ።
4139,2,Phatic,እንኳን ለበዓሉ አደረሰ ከ ጎንደር።
4140,5,Request,እባክህ ኮምፒውተር አስረዳኝ።
4141,7,Suggestion,ጓደኛዬ አገልግሎት ቢያደርግ ይሻላል።
4142,6,Sarcasm/Irony,እርግጥ፣ ፓርክ በጣም ቆንጆ ነው... (በሳቅ)።
4143,0,Assertion,ባለሙያው ኮምፒውተር ንጹህ አለ።
4144,0,Assertion,መኪና ንጹህ ነው።
4145,0,Assertion,ታካሚዎች ትምህርት አላት።
4146,8,Warning,ተጠንቀቅ! ሆቴል አስደሳች ነው።
4147,0,Assertion,ተማሪዎች በሳምንት ሐረር ይገኛል።
4148,1,Complaint,ለምን እንግዶች ጉዞ አልሰጠኝም?
4149,6,Sarcasm/Irony,አዎ፣ መቀሌ በጣም ምቹ ነው... (በአስቂኝ)።
4150,7,Suggestion,ጓደኛዬ ድርጊት ቢያደርግ ይሻላል።
4151,8,Warning,ብዙ ሰዎች ቅጣት አትንካ።
4152,8,Warning,ጎረቤቴ እርዳታ አትንካ።
4153,3,Promise,በወር እኛ ጉዞ ያመጣል።
4154,0,Assertion,አንድ ሰው ነገ ገበያ ይገኛል።
4155,7,Suggestion,እናቶች አገልግሎት ቢጠቀም ይሻላል።
4156,5,Request,ወጣቱ ሀሳብ ማግኘት ይችላል?
4157,3,Promise,በፍጥነት ተማሪዎች ዕድል ታመጣለች።
4158,2,Phatic,ሰላም እንግዶች፣ እንዴት ነህ?
4159,7,Suggestion,እንዴት ቢሆን መስሪያ ቤት ብንሄድ?
4160,5,Request,አስተናጋጁ እድል ማግኘት ይችላል?
4161,6,Sarcasm/Irony,አዎ፣ ዳኛው በጣም ብልህ ነው... (በተቃራኒ)።
4162,6,Sarcasm/Irony,እኛ ሁልጊዜ ትክክለኛ ውሳኔ ያደርጋል... (በቀልድ)።
4163,1,Complaint,ለምን እኛ ዜና አልሰጠኝም?
4164,1,Complaint,እንግዶች ጉብኝት ስለ ዘገይተኛ መሆኑ ያማርራል።
4165,6,Sarcasm/Irony,በጣም ውድ ነው፣ አልችልም እንዳልል።
4166,6,Sarcasm/Irony,አዎ፣ ሁሉም ነገር ፍጹም ነው... (በሳቅ)።
4167,3,Promise,አዛውንቱ በወር ትመጣለች ብሎ ቃል ገብቷል።
4168,6,Sarcasm/Irony,እርግጥ፣ ጎንደር በጣም ቅርብ ነው... (በሳቅ)።
4169,0,Assertion,አባቴ በጊዜው አዲስ አበባ ይገኛል።
4170,5,Request,እሱ ድልድይ ማግኘት ይችላል?
4171,8,Warning,አለቆች ስራ አትንካ።
4172,4,Refusal,ወንድሜ ደስታ አይፈልግም።
4173,6,Sarcasm/Irony,አዎ፣ ይህ አስቸጋሪ ሀሳብ ነው... (በሳቅ)።
4174,2,Phatic,እንደገና እንገናኝ ብዙ ሰዎች።
4175,0,Assertion,እውነቱን ለመናገር መንገድ ትንሽ ነው።
4176,7,Suggestion,ወጣቱ ስራ ቢያደርግ ይሻላል።
4177,2,Phatic,ጤናማ ቀን ይሁንልህ ከ ሬስቶራንት።
4178,1,Complaint,ለምን ድልድይ እንዲህ ደስ የሚል ነው?
4179,6,Sarcasm/Irony,አዎ፣ ዜና በጣም ጥሩ ጥራት አለው... (በአስቂኝ)።
4180,4,Refusal,ብዙ ሰዎች መንገድ አይፈልግም።
4181,0,Assertion,እሷ ድልድይ አላት።
4182,2,Phatic,እግዚአብሔር ይጠብቅሽ ከ ሐረር።
4183,3,Promise,በቀን ልጆች ኮንትራት ያመጣል።
4184,7,Suggestion,እንዴት ቢሆን ምክር ብናደርግ?
4185,7,Suggestion,አስተማሪው ገንዘብ ቢያደርግ ይሻላል።
4186,1,Complaint,ሁልጊዜ ድል ይጎድላል።
4187,4,Refusal,ሹፌሩ ጉዞ አይፈልግም።
4188,4,Refusal,እህቴ እረፍት አይፈልግም።
4189,2,Phatic,በሰላም ኑሪ ገበሬዎች።
4190,2,Phatic,በሰላም እንገናኝ ደንበኞች።
4191,0,Assertion,አገልግሎት ከባድ ነው።
4192,4,Refusal,ይቅርታ፣ ድል አልሰጥም።
4193,5,Request,ብዙ ሰዎች መድሃኒት ማግኘት ይችላል?
4194,1,Complaint,ይህ ስልክ በጣም ርካሽ ነው፣ አልወድም።
4195,4,Refusal,ጎረቤቴ ሽልማት አይፈልግም።
4196,4,Refusal,አስተናጋጁ ቁልፍ አይፈልግም።
4197,4,Refusal,እኔ ፊልም አልቀበልም።
4198,0,Assertion,ይህ ስልክ ደህንነቱ የተጠበቀ መሆኑን እረጋገጣለሁ።
4199,3,Promise,በጊዜው አዛውንቶች ጤና ያመጣል።
4200,7,Suggestion,ይህን ፕሮጀክት መሞከር ጥሩ ነው።
4201,0,Assertion,አስተማሪው አገልግሎት አለው።
4202,1,Complaint,ለምን ልጆች ቤት አልሰጠኝም?
4203,1,Complaint,አለቆች ገንዘብ ስለ ጥሩ መሆኑ ያማርራል።
4204,5,Request,እባክህ ቤት አስረዳኝ።
4205,5,Request,እርዳኝ ድል ለማግኘት።
4206,1,Complaint,ለምን ሁሉም ፈቃድ አልሰጠኝም?
4207,1,Complaint,ይህ ስልጠና በጣም ደህንነቱ የተጠበቀ ነው፣ አልወድም።
4208,1,Complaint,ይህ ሀሳብ በጣም መጥፎ ነው፣ አልወድም።
4209,6,Sarcasm/Irony,እርግጥ ነው፣ ደስታ በጣም ርካሽ ነው... (በአስቂኝ)።
4210,1,Complaint,ይህ ሆቴል በጣም ንጹህ ነው፣ አልወድም።
4211,8,Warning,እኔ ፊልም አትንካ።
4212,0,Assertion,ጉብኝት በጣም ቀላል ነው።
4213,4,Refusal,እኔ ፈቃድ አልቀበልም።
4214,6,Sarcasm/Irony,እንዴት ዘገይተኛ እርዳታ ነው! (በቀልድ)።
4215,2,Phatic,ሰላምታዬን አቀርባለሁ አዛውንቱ።
4216,8,Warning,አዛውንቶች ቁልፍ አትንካ።
4217,8,Warning,ይህ ብር አደገኛ ነው።
4218,4,Refusal,ሐኪሞች ቁልፍ አይፈልግም።
4219,8,Warning,ተጠንቀቅ! መረጃ አደገኛ ነው።
4220,2,Phatic,ምን ዜና አለ በቅርቡ ከ ገበያ?
4221,6,Sarcasm/Irony,እንዴት ያለ ጥሩ እቅድ ነው! (በተቃራኒ)።
4222,5,Request,አንቺ ኮንትራት ማግኘት ይችላል?
4223,8,Warning,ተጠንቀቅ! አገልግሎት አደገኛ ነው።
4224,7,Suggestion,ምናልባት አደገኛ መድሃኒት መግዛት?
4225,8,Warning,አስተማሪው አገልግሎት አትንካ።
4226,1,Complaint,ባለሙያው ስለ ወረቀት ቅሬታ አለው።
4227,2,Phatic,እንዴት ነህ አንድ ሰው ከዚህ በኋላ?
4228,5,Request,ወንዶች ሀሳብ ማግኘት ይችላል?
4229,6,Sarcasm/Irony,አዎ፣ እኛ በጣም ብልህ ነው... (በተቃራኒ)።
4230,4,Refusal,ይቅርታ፣ ደስታ አልሰጥም።
4231,6,Sarcasm/Irony,ይህ በጣም አስደሳች ሀሳብ ነው... (በሳቅ)።
4232,7,Suggestion,ወንድሞች መጽሔት ቢያደርግ ይሻላል።
4233,5,Request,ይህን መፍትሄ ማየት እችላለሁ?
4234,5,Request,እኛ መጽሐፍ ማግኘት ይችላል?
4235,5,Request,አዛውንቱ ውሳኔ ማግኘት ይችላል?
4236,6,Sarcasm/Irony,ሁሉም ሰው ፊልም ይወዳል... (በአስቂኝ)።
4237,3,Promise,ከዚህ በኋላ አስተናጋጁ እድል ያመጣል።
4238,7,Suggestion,ተማሪዎች ክፍያ ቢያደርግ ይሻላል።
4239,2,Phatic,ሰላምታ ከቤተሰቤ ለ አባቶች።
4240,8,Warning,ይህን ውሃ አታድርግ።
4241,6,Sarcasm/Irony,ሁሉም ሰው ስብሰባ ይወዳል... (በአስቂኝ)።
4242,5,Request,ሰራተኞች ቦታ ማግኘት ይችላል?
4243,8,Warning,እኔ ሽልማት አትንካ።
4244,3,Promise,ከዚህ በፊት ባለሙያው ድልድይ ታመጣለች።
4245,0,Assertion,በፍጥነት ወዳጄ ገበያ ነበር።
4246,4,Refusal,እህቴ እርዳታ አይፈልግም።
4247,8,Warning,አደጋ አለ! ገንዘብ ተጠንቀቅ።
4248,0,Assertion,ጓደኞች ቤት አለው።
4249,3,Promise,አስተናጋጁ አሁን ይመጣል ብሎ ቃል ገብቷል።
4250,1,Complaint,በቅርቡ ወንድሞች ጊዜ አላገኘም።
4251,4,Refusal,ጓደኛዬ ገንዘብ አይፈልግም።
4252,7,Suggestion,አንተ እድል ቢጠቀም ይሻላል።
4253,5,Request,እሷ መድሃኒት ማግኘት ይችላል?
4254,1,Complaint,ይህ ምግብ በጣም አስደሳች ነው፣ አልወድም።
4255,4,Refusal,አስተማሪው ገንዘብ አይፈልግም።
4256,5,Request,ሐኪሞች ሀሳብ ማግኘት ይችላል?
4257,0,Assertion,ሐኪሙ ይቻላል ብዙ ጊዜ።
4258,6,Sarcasm/Irony,እርግጥ ነው፣ ጉብኝት በጣም ደስ የሚል ነው... (በቀልድ)።
4259,5,Request,ከፈቀድክ ጉብኝት ውሰድ።
4260,6,Sarcasm/Irony,እናንተ ሁልጊዜ ይረዳል... (በቀልድ)።
4261,4,Refusal,እነሱ ሆቴል አይፈልግም።
4262,7,Suggestion,አባቴ ሀሳብ ቢጠቀም ይሻላል።
4263,7,Suggestion,ምናልባት አስፈላጊ ድርጊት መግዛት?
4264,6,Sarcasm/Irony,ተማሪዎች በጣም ታማኝ ነው፣ አይዋሽም... (በተቃራኒ)።
4265,3,Promise,ቃል እገባለሁ ቅጣት እንደሚሆን።
4266,8,Warning,ሰራተኛው ጉዞ አትንካ።
4267,8,Warning,አንዳንድ ሰዎች እረፍት አትንካ።
4268,5,Request,ሰራተኛው ፊልም ማግኘት ይችላል?
4269,4,Refusal,ፖሊሱ ስልጠና አይፈልግም።
4270,3,Promise,ይህን ጤና እጠብቃለሁ።
4271,8,Warning,ተጠንቀቅ! ትምህርት ትልቅ ነው።
4272,2,Phatic,እንኳን ለበዓል አደረሰህ በማታ።
4273,5,Request,እርዳኝ ደስታ ለማግኘት።
4274,7,Suggestion,ምናልባት ፈቃድ ማድረግ ይሻላል።
4275,0,Assertion,እውነቱን ለመናገር መጽሔት ርካሽ ነው።
4276,4,Refusal,ዳኛው ውሳኔ አይፈልግም።
4277,4,Refusal,እህቴ ድልድይ አይፈልግም።
4278,3,Promise,እናንተ አሁን ትመጣለች ብሎ ቃል ገብቷል።
4279,6,Sarcasm/Irony,ሐኪሙ ሁልጊዜ ይረዳል... (በቀልድ)።
4280,2,Phatic,እንዴት አለፍክ ነገ ልጆች?
4281,4,Refusal,አዛውንቱ ኮምፒውተር አይፈልግም።
4282,6,Sarcasm/Irony,እንዴት ዕድል በጣም ቀላል ነው! (በተቃራኒ)።
4283,3,Promise,እናንተ በሳምንት ትመጣለች ብሎ ቃል ገብቷል።
4284,4,Refusal,ደብዳቤ አልፈልግም፣ አመሰግናለሁ።
4285,0,Assertion,ነገ ወዳጄ ቤት ነበር።
4286,1,Complaint,ጊዜ አልሰራም፣ ችግር አለ።
4287,2,Phatic,ሰላም ሹፌሩ፣ እንዴት ነሽ ከ አዋሳ?
4288,3,Promise,በፍጥነት እህቶች እርዳታ ታመጣለች።
4289,2,Phatic,መልካም ጊዜ ይሁንልህ በወር።
4290,3,Promise,ከዚህ በኋላ ሰራተኛው ህንፃ ታመጣለች።
4291,1,Complaint,ለምን ቤት እንዲህ አሮጌ ነው?
4292,1,Complaint,ለምን ሽልማት እንዲህ ከባድ ነው?
4293,5,Request,ተማሪዎች ብር ማግኘት ይችላል?
4294,4,Refusal,ምግብ ቤት አልፈልግም፣ አመሰግናለሁ።
4295,3,Promise,አንቺ በጊዜው ትመጣለች ብሎ ቃል ገብቷል።
4296,2,Phatic,ጤናማ ቀን ይሁንልህ ከ ሐረር።
4297,8,Warning,አደጋ አለ! ፈቃድ ተጠንቀቅ።
4298,6,Sarcasm/Irony,በጣም ያሳዝናል ነው፣ አልችልም እንዳልል።
4299,5,Request,ተማሪው መኪና ማግኘት ይችላል?
4300,2,Phatic,ሰላም ሰራተኛው፣ ምን ሰራህ በሰዓት?
4301,8,Warning,ጎረቤቴ ኮንትራት አትንካ።
4302,7,Suggestion,ባለቤቴ ደስታ ቢጠቀም ይሻላል።
4303,2,Phatic,በጣም ደስ ብሎኛል ስላየሁህ በጊዜው።
4304,7,Suggestion,እኔ ምግብ እንድታደርግ እመክራለሁ።
4305,1,Complaint,ይህ ሆቴል በጣም አስቸጋሪ ነው፣ አልወድም።
4306,6,Sarcasm/Irony,እንዴት ውሃ በጣም ቀላል ነው! (በተቃራኒ)።
4307,7,Suggestion,ምናልባት አስደሳች መጽሔት መግዛት?
4308,0,Assertion,ሴቶች ከዚህ በኋላ ባህር ዳር ይገኛል።
4309,2,Phatic,ሰላም ልጆች፣ ምን ሰራህ ከ ትምህርት ቤት?
4310,7,Suggestion,እንደእኔ አስተያየት አገልግሎት መቀየር ይሻላል።
4311,8,Warning,ተጠንቀቅ! ቤት አዲስ ነው።
4312,8,Warning,ማንም ጉዞ አትንካ።
4313,2,Phatic,ሰላም አንተ፣ ምን ሰራሽ ከ መስሪያ ቤት?
4314,8,Warning,ተጠንቀቅ! መንገድ አስቸጋሪ ነው።
4315,4,Refusal,ብዙ ሰዎች እቅድ አይፈልግም።
4316,7,Suggestion,ምናልባት ውድ ምክር መግዛት?
4317,8,Warning,አትርሳ ሙያ።
4318,7,Suggestion,ገበሬዎች መድሃኒት ቢያደርግ ይሻላል።
4319,1,Complaint,ለምን ስልጠና እንዲህ ደስ የሚል ነው?
4320,6,Sarcasm/Irony,እንዴት መጥፎ ስራ ነው! (በቀልድ)።
4321,2,Phatic,እንኳን ደህና መጣህ ከ ባንክ።
4322,6,Sarcasm/Irony,እንዴት ያለ ቤት ነው! (በቀልድ)።
4323,5,Request,እናቶች ትምህርት ማግኘት ይችላል?
4324,0,Assertion,ችግር አደገኛ ነው።
4325,3,Promise,በጊዜው ባለሙያው ንግግር ያመጣል።
4326,3,Promise,ከዚህ በኋላ ታካሚዎች ገንዘብ ያመጣል።
4327,3,Promise,በእርግጥ ምክር አደርጋለሁ።
4328,8,Warning,ይህን ምግብ ቤት አታድርግ።
4329,4,Refusal,ይቅርታ፣ ሌላ ጊዜ።
4330,2,Phatic,ደህና እንደምትሆን በሳምንት ተስፋ አደርጋለሁ።
4331,2,Phatic,እንኳን ደህና መጣሽ ወንዶች።
4332,4,Refusal,ሁሉም ችግር አይፈልግም።
4333,4,Refusal,ወጣቱ ቁልፍ አይፈልግም።
4334,7,Suggestion,አዛውንቱ ሀሳብ ቢጠቀም ይሻላል።
4335,6,Sarcasm/Irony,እርግጥ ነው፣ እርዳታ በጣም ትንሽ ነው... (በቀልድ)።
4336,6,Sarcasm/Irony,እርግጥ ነው፣ ቦታ በጣም ርካሽ ነው... (በአስቂኝ)።
4337,1,Complaint,ይህ ገንዘብ በጣም ደስ የሚል ነው፣ አልወድም።
4338,5,Request,አስተናጋጁ ብር ማግኘት ይችላል?
4339,2,Phatic,ጤናማ ቀን ይሁንልህ በሳምንት።
4340,0,Assertion,በቀን ተማሪዎች ፓርክ ነበር።
4341,1,Complaint,በሰዓት ሴቶች ዕረፍት አላገኘም።
4342,8,Warning,ተጠንቀቅ፣ ዳኛው ይመጣል።
4343,4,Refusal,አንዳንድ ሰዎች ምክር አይፈልግም።
4344,2,Phatic,እንኳን ለልደቱ አደረሰ እኔ።
4345,3,Promise,በማታ ብዙ ሰዎች ጨዋታ ታመጣለች።
4346,4,Refusal,አይ፣ መድሃኒት አልችልም።
4347,0,Assertion,እናቴ ይቆጠራል ብዙ ጊዜ።
4348,0,Assertion,በወር እሱ ቤት ነበር።
4349,2,Phatic,ደህና ሁኑ ሁሉም።
4350,8,Warning,አለቆች መጽሔት አትንካ።
4351,4,Refusal,ይቅርታ፣ ስልጠና አልሰጥም።
4352,7,Suggestion,እንዴት ቢሆን ንግግር ብናደርግ?
4353,3,Promise,ገበሬዎች በጊዜው ትመጣለች ብሎ ቃል ገብቷል።
4354,6,Sarcasm/Irony,እርግጥ፣ አንዳንድ ሰዎች በጣም ታማኝ ነው... (በአስቂኝ)።
4355,1,Complaint,ታካሚዎች ስለ ብር ቅሬታ አለው።
4356,4,Refusal,አባቴ ኮንትራት አይፈልግም።
4357,8,Warning,ተጠንቀቅ! መረጃ ዘገይተኛ ነው።
4358,2,Phatic,እንደገና እንገናኝ በማለዳ ከ ከተማ።
4359,0,Assertion,አስተማሪው ነገ መንደር ይገኛል።
4360,6,Sarcasm/Irony,እንዴት ስልጠና በጣም ቀላል ነው! (በተቃራኒ)።
4361,3,Promise,በእርግጠኝነት ትምህርት ቤት እገኛለሁ።
4362,6,Sarcasm/Irony,አዎ፣ ይህ አስፈላጊ ሀሳብ ነው... (በሳቅ)።
4363,3,Promise,በእርግጥ መጽሐፍ አደርጋለሁ።
4364,7,Suggestion,አባቴ ጨዋታ ቢያደርግ ይሻላል።
4365,5,Request,እባክህ ነገ ና።
4366,6,Sarcasm/Irony,አዎ፣ በፍጥነት ሁሉም ዝግጁ ነው... (በተቃራኒ)።
4367,3,Promise,በፍጥነት እህቶች ድል ታመጣለች።
4368,6,Sarcasm/Irony,አስተማሪው ሁልጊዜ ትክክል ነው... (በሳቅ)።
4369,2,Phatic,በጣም ደስ ብሎኛል ስለተገናኘን አንቺ።
4370,8,Warning,ተጠንቀቅ! ትምህርት ትንሽ ነው።
4371,6,Sarcasm/Irony,አዎ፣ ጊዜ በጣም አስፈላጊ ነው... (በተቃራኒ)።
4372,1,Complaint,በወር ዳኛው ጤና አላገኘም።
4373,1,Complaint,በማታ ዳኛው ድልድይ አላገኘም።
4374,5,Request,እርዳኝ እቅድ ለማግኘት።
4375,4,Refusal,ሴቶች ጉብኝት አይፈልግም።
4376,5,Request,ታካሚዎች መፍትሄ ማግኘት ይችላል?
4377,6,Sarcasm/Irony,አዎ፣ ሙዚቃ በጣም ጥሩ ጥራት አለው... (በአስቂኝ)።
4378,5,Request,ሐኪሙ ንግግር ማግኘት ይችላል?
4379,8,Warning,አደጋ አለ! ድልድይ ተጠንቀቅ።
4380,3,Promise,ቃል እገባለሁ ሰላም እንደሚሆን።
4381,6,Sarcasm/Irony,ልጆች ሁልጊዜ በጊዜው ይመጣል... (በቀልድ)።
4382,4,Refusal,ይቅርታ፣ ደብዳቤ አልሰጥም።
4383,6,Sarcasm/Irony,እርግጥ፣ በፍጥነት ይሆናል... (በአስቂኝ)።
4384,4,Refusal,አለቃዬ ጉዞ አይፈልግም።
4385,3,Promise,በሳምንት ገበሬዎች ጉዞ ታመጣለች።
4386,5,Request,ጓደኞች ስብሰባ ማግኘት ይችላል?
4387,4,Refusal,አንተ ስልክ አይፈልግም።
4388,1,Complaint,ዜና አልሰራም፣ ችግር አለ።
4389,7,Suggestion,እንደእኔ አስተያየት ሀሳብ መቀየር ይሻላል።
4390,3,Promise,በእርግጠኝነት ሐረር እገኛለሁ።
4391,2,Phatic,በጣም ደስ ብሎኛል ስለተገናኘን በማለዳ።
4392,7,Suggestion,ምናልባት መጥፎ መኪና መግዛት?
4393,0,Assertion,እኛ ስብሰባ አለው።
4394,3,Promise,ቃል እገባለሁ ውሃ እንደሚሆን።
4395,3,Promise,በሳምንት አባቴ ዕረፍት ታመጣለች።
4396,1,Complaint,እሷ ስለ ስልክ ቅሬታ አለው።
4397,2,Phatic,ደህና እንደምትሆኚ ተስፋ አደርጋለሁ ማንም።
4398,4,Refusal,ይቅርታ፣ ድልድይ አልሰጥም።
4399,5,Request,ገበሬዎች ስልክ ማግኘት ይችላል?
4400,6,Sarcasm/Irony,እርግጥ፣ ሽልማት በጣም ውድ ነው... (በአስቂኝ)።
4401,2,Phatic,እንኳን ደህና መጣህ በቅርቡ።
4402,3,Promise,እህቶች በማታ ትመጣለች ብሎ ቃል ገብቷል።
4403,0,Assertion,ችግር አስፈላጊ ነው።
4404,4,Refusal,አሁን ከዚህ በኋላ አይሆንም።
4405,1,Complaint,ይህ ጤና በጣም ያሳዝናል ነው፣ አልወድም።
4406,1,Complaint,እህቴ ፈቃድ ስለ ጥሩ መሆኑ ያማርራል።
4407,2,Phatic,እንዴት አመሸህ እናንተ?
4408,3,Promise,አስተማሪው በማታ ትመጣለች ብሎ ቃል ገብቷል።
4409,2,Phatic,መልካም ጊዜ ከ አዋሳ ተማሪው።
4410,5,Request,እናቴ ሙዚቃ ማግኘት ይችላል?
4411,4,Refusal,እናቴ እቅድ አይፈልግም።
4412,0,Assertion,ነጋዴዎች በቅርቡ ሬስቶራንት ይገኛል።
4413,4,Refusal,አሁን ከዚህ በፊት አይሆንም።
4414,5,Request,ጓደኞች ጉዞ ማግኘት ይችላል?
4415,2,Phatic,ሰላምታዬን አቀርባለሁ ከ ባንክ።
4416,8,Warning,ተጠንቀቅ! ጊዜ ትንሽ ነው።
4417,0,Assertion,ጓደኛዬ ጨዋታ አላት።
4418,1,Complaint,ለምን ወጣቱ ድልድይ አልሰጠኝም?
4419,7,Suggestion,ምናልባት አስቸጋሪ ጤና መግዛት?
4420,5,Request,እባክዎ ሙያ ይላኩልኝ።
4421,8,Warning,እኔ መኪና አትንካ።
4422,6,Sarcasm/Irony,እንዴት ዜና በጣም ቀላል ነው! (በተቃራኒ)።
4423,1,Complaint,ይህ ምግብ በጣም ፈጣን ነው፣ አልወድም።
4424,7,Suggestion,ሰራተኛው ሙያ ቢያደርግ ይሻላል።
4425,2,Phatic,እንዴት ነው ቤተሰብህ ታካሚዎች?
4426,5,Request,እንግዶች ሽልማት ማግኘት ይችላል?
4427,7,Suggestion,ምናልባት ድልድይ ማድረግ ይሻላል።
4428,2,Phatic,እንዴት አለፍክ ነገ እናቴ?
4429,4,Refusal,ነጋዴዎች ቁልፍ አይፈልግም።
4430,8,Warning,ወንድሜ ሽልማት አትንካ።
4431,8,Warning,ይህ መጽሐፍ አደገኛ ነው።
4432,7,Suggestion,ምናልባት ጥሩ ደስታ መግዛት?
4433,4,Refusal,ወዳጄ ድልድይ አይፈልግም።
4434,1,Complaint,በሳምንት ሹፌሩ መረጃ አላገኘም።
4435,2,Phatic,እንዴት ነው ቀኑ ትናንት?
4436,5,Request,አስተናጋጁ ቦታ ማግኘት ይችላል?
4437,7,Suggestion,ማንም ውሃ ቢያደርግ ይሻላል።
4438,1,Complaint,በቀን መምህራን ብር አላገኘም።
4439,2,Phatic,እግዚአብሔር ይጠብቅህ ሰራተኞች።
4440,6,Sarcasm/Irony,እርግጥ፣ ጎንደር በጣም ቆንጆ ነው... (በሳቅ)።
4441,4,Refusal,ጎረቤቴ መድሃኒት አይፈልግም።
4442,5,Request,እባክህ ኮንትራት አስረዳኝ።
4443,5,Request,ማንም ድርጊት ማግኘት ይችላል?
4444,2,Phatic,እንኳን ደህና ኑር ከ ከተማ።
4445,8,Warning,ተጠንቀቅ! ቦታ አስደሳች ነው።
4446,6,Sarcasm/Irony,እንዴት መረጃ በጣም ቀላል ነው! (በተቃራኒ)።
4447,7,Suggestion,ምናልባት ርካሽ እርዳታ መግዛት?
4448,1,Complaint,በጊዜው ወንድሜ ድልድይ አላገኘም።
4449,1,Complaint,ብዙ ሰዎች ስለ ፈቃድ ቅሬታ አለው።
4450,7,Suggestion,አለቃዬ ውሃ ቢጠቀም ይሻላል።
4451,3,Promise,ከዚህ በፊት ገበሬዎች ስራ ያመጣል።
4452,7,Suggestion,ይህን ቁልፍ መሞከር ጥሩ ነው።
4453,2,Phatic,ደህና ሁን ወጣቱ።
4454,8,Warning,ተጠንቀቅ! ሆቴል አስፈላጊ ነው።
4455,0,Assertion,አለቆች በሰዓት ቢሮ ይገኛል።
4456,7,Suggestion,ምናልባት ትልቅ ትምህርት መግዛት?
4457,1,Complaint,አንዳንድ ሰዎች ከ ኮንትራት ጋር ችግር አለው።
4458,0,Assertion,ይህ ቦታ ደህንነቱ የተጠበቀ መሆኑን እረጋገጣለሁ።
4459,0,Assertion,አንዳንድ ሰዎች ፈቃድ አሮጌ ይቆጠራል።
4460,2,Phatic,እንኳን ለልደትሽ አደረሰ ጓደኞች።
4461,7,Suggestion,ምናልባት ክፍያ ማድረግ ይሻላል።
4462,7,Suggestion,ሐኪሙ ጉብኝት ቢጠቀም ይሻላል።
4463,7,Suggestion,ምናልባት ርካሽ ድልድይ መግዛት?
4464,1,Complaint,ሁልጊዜ ዜና ይጎድላል።
4465,1,Complaint,በቀን እኛ ኮምፒውተር አላገኘም።
4466,6,Sarcasm/Irony,እርግጥ፣ ሐኪሙ በጣም ታማኝ ነው... (በአስቂኝ)።
4467,0,Assertion,ገበሬዎች ነገ መቀሌ ይገኛል።
4468,1,Complaint,ለምን ጊዜ እንዲህ ትንሽ ነው?
4469,2,Phatic,ሰላም ሹፌሩ፣ እንዴት አለፈ በማለዳ?
4470,3,Promise,ገበሬዎች ትናንት ትመጣለች ብሎ ቃል ገብቷል።
4471,0,Assertion,ይህ ገንዘብ ከባድ መሆኑን እረጋገጣለሁ።
4472,5,Request,አለቆች ብር ማግኘት ይችላል?
4473,8,Warning,ገበሬዎች መኪና አትንካ።
4474,4,Refusal,አስተናጋጁ ድልድይ አይፈልግም።
4475,1,Complaint,እናቴ ጤና ስለ አዲስ መሆኑ ያማርራል።
4476,8,Warning,ጎረቤቴ እቅድ አትንካ።
4477,2,Phatic,እንኳን ለልደትህ አደረሰ ተማሪዎች።
4478,0,Assertion,ሙዚቃ በጣም አስደሳች ነው።
4479,4,Refusal,ይህን ፈቃድ ማድረግ አልችልም።
4480,5,Request,ሁሉም ፊልም ማግኘት ይችላል?
4481,3,Promise,እንግዶች በማታ ይመጣል ብሎ ቃል ገብቷል።
4482,0,Assertion,ልጆች በፍጥነት አዋሳ ይገኛል።
4483,2,Phatic,ጤናማ ቀን ይሁንልሽ ከ ከተማ።
4484,2,Phatic,በሰላም ኑር እናቴ።
4485,5,Request,ይህን ኮንትራት ማየት እችላለሁ?
4486,7,Suggestion,ገበሬዎች መጽሔት ቢያደርግ ይሻላል።
4487,6,Sarcasm/Irony,እርግጥ ነው፣ ሙዚቃ በጣም አዲስ ነው... (በቀልድ)።
4488,8,Warning,ተጠንቀቅ! ስልጠና ደስ የሚል ነው።
4489,0,Assertion,አለቆች ችግር አላት።
4490,8,Warning,ተጠንቀቅ! ዜና ርካሽ ነው።
4491,2,Phatic,እግዚአብሔር ይባርክህ አስተናጋጁ።
4492,4,Refusal,እናቴ መፍትሄ አይፈልግም።
4493,6,Sarcasm/Irony,አዎ፣ ነጋዴዎች በጣም ብልህ ነው... (በተቃራኒ)።
4494,1,Complaint,ይህ ሽልማት በጣም ዘገይተኛ ነው፣ አልወድም።
4495,7,Suggestion,አስተናጋጁ ንግግር ቢጠቀም ይሻላል።
4496,8,Warning,ወንድሜ ፊልም አትንካ።
4497,1,Complaint,ለምን ጓደኛዬ ቁልፍ አልሰጠኝም?
4498,3,Promise,ከዚህ በኋላ ወጣቱ ጊዜ ታመጣለች።
4499,3,Promise,ትናንት ደንበኞች ደስታ ታመጣለች።
4500,1,Complaint,ይህ ድል በጣም ደህንነቱ የተጠበቀ ነው፣ አልወድም።
4501,5,Request,ከፈቀድክ ድልድይ ውሰድ።
4502,8,Warning,አትርሳ ድል።
4503,4,Refusal,ይቅርታ፣ ጊዜ አልሰጥም።
4504,3,Promise,በፍጥነት ነጋዴዎች መረጃ ታመጣለች።
4505,5,Request,ባለቤቴ አገልግሎት ማግኘት ይችላል?
4506,0,Assertion,ድርጊት አደገኛ ነው።
4507,5,Request,ሐኪሞች መኪና ማግኘት ይችላል?
4508,7,Suggestion,ወዳጄ ስራ ቢያደርግ ይሻላል።
4509,4,Refusal,ጎረቤቴ ቤት አይፈልግም።
4510,6,Sarcasm/Irony,አዎ፣ ሐረር በጣም ደህንነቱ የተጠበቀ ነው... (በተቃራኒ)።
4511,7,Suggestion,ሹፌሩ ህንፃ ቢያደርግ ይሻላል።
4512,4,Refusal,ይህን ምክር ማድረግ አልችልም።
4513,7,Suggestion,ይህን ቅጣት መሞከር ጥሩ ነው።
4514,1,Complaint,ለምን መጽሐፍ እንዲህ ትንሽ ነው?
4515,4,Refusal,አዛውንቱ ድልድይ አይፈልግም።
4516,5,Request,አለቃዬ ትምህርት ማግኘት ይችላል?
4517,8,Warning,ወዳጄ ውሳኔ አትንካ።
4518,3,Promise,ማንም ነገ ትመጣለች ብሎ ቃል ገብቷል።
4519,3,Promise,በጊዜው እንግዶች ጤና ታመጣለች።
4520,0,Assertion,አለቆች በማለዳ ባንክ ይገኛል።
4521,8,Warning,አትርሳ መፍትሄ።
4522,2,Phatic,ሰላም አንቺ፣ እንዴት አለፈ ከዚህ በፊት?
4523,4,Refusal,ሹፌሩ ውሃ አይፈልግም።
4524,5,Request,መምህራን ችግር ማግኘት ይችላል?
4525,6,Sarcasm/Irony,እርግጥ፣ ቤተ ክርስቲያን በጣም ቆንጆ ነው... (በሳቅ)።
4526,7,Suggestion,ዳኛው ክፍያ ቢጠቀም ይሻላል።
4527,1,Complaint,ለምን ባለቤቴ እረፍት አልሰጠኝም?
4528,8,Warning,አንድ ሰው እቅድ አትንካ።
4529,6,Sarcasm/Irony,እንዴት ተማሪዎች በጣም ፈጣን ነው! (በአስቂኝ)።
4530,1,Complaint,ለምን ስብሰባ እንዲህ ያሳዝናል ነው?
4531,7,Suggestion,ምናልባት ያሳዝናል ወረቀት መግዛት?
4532,2,Phatic,ጤናማ ቀን ይሁንልሽ ተማሪው።
4533,0,Assertion,ልጆች አስፈላጊ ነው ብዙ ጊዜ።
4534,4,Refusal,አልስማማም።
4535,4,Refusal,ደንበኞች መንገድ አይፈልግም።
4536,8,Warning,ተጠንቀቅ! አገልግሎት ንጹህ ነው።
4537,8,Warning,አደጋ አለ! ቦታ ተጠንቀቅ።
4538,5,Request,እናንተ መንገድ ማግኘት ይችላል?
4539,3,Promise,ተማሪው በማታ ይመጣል ብሎ ቃል ገብቷል።
4540,7,Suggestion,ምናልባት ርካሽ እቅድ መግዛት?
4541,3,Promise,በማታ ፖሊሱ ወረቀት ታመጣለች።
4542,7,Suggestion,እንዴት ቢሆን ሬስቶራንት ብንሄድ?
4543,7,Suggestion,ምናልባት ጥሩ መንገድ መግዛት?
4544,5,Request,እባክህ ምክር ስጠኝ።
4545,7,Suggestion,ምናልባት በቅርቡ ብንገናኝ?
4546,4,Refusal,ሐኪሙ ውሃ አይፈልግም።
4547,1,Complaint,ይህ መፍትሄ በጣም አስደሳች ነው፣ አልወድም።
4548,0,Assertion,ትናንት ወጣቱ ሆስፒታል ነበር።
4549,7,Suggestion,እኛ ህንፃ ቢያደርግ ይሻላል።
4550,3,Promise,እኔ ምግብ እሰጥሃለሁ።
4551,6,Sarcasm/Irony,እርግጥ፣ ቢሮ በጣም ቅርብ ነው... (በሳቅ)።
4552,6,Sarcasm/Irony,እርግጥ፣ ባህር ዳር በጣም ቆንጆ ነው... (በሳቅ)።
4553,4,Refusal,ታካሚዎች ቅጣት አይፈልግም።
4554,6,Sarcasm/Irony,እኛ በጣም ታማኝ ነው፣ አይዋሽም... (በተቃራኒ)።
4555,2,Phatic,ሰላም ገበሬዎች፣ እንዴት ነው ሁኔታው?
4556,3,Promise,ከዚህ በኋላ እናንተ መኪና ታመጣለች።
4557,3,Promise,በወር አንተ ምግብ ያመጣል።
4558,7,Suggestion,ምናልባት ዛሬ ብንገናኝ?
4559,6,Sarcasm/Irony,አዎ፣ ይህ ንግግር በጣም ጠቃሚ ነው... (በሳቅ)።
4560,4,Refusal,ሰራተኞች ሰላም አይፈልግም።
4561,0,Assertion,አባቴ አሉ ብዙ ጊዜ።
4562,7,Suggestion,አንተ ዕረፍት ቢያደርግ ይሻላል።
4563,6,Sarcasm/Irony,አዎ፣ ትምህርት ቤት በጣም ምቹ ነው... (በአስቂኝ)።
4564,4,Refusal,እናቴ ዕረፍት አይፈልግም።
4565,5,Request,ወጣቱ ገንዘብ ማግኘት ይችላል?
4566,5,Request,እባክህ ትምህርት አስረዳኝ።
4567,8,Warning,እኛ ሙያ አትንካ።
4568,8,Warning,ወዳጄ ኮምፒውተር አትንካ።
4569,7,Suggestion,ታካሚዎች መጽሐፍ ቢጠቀም ይሻላል።
4570,2,Phatic,እንኳን ደህና መጣሽ ከ ፓርክ።
4571,4,Refusal,እኛ ዜና አይፈልግም።
4572,2,Phatic,እግዚአብሔር ይጠብቅሽ ከ ጎንደር።
4573,7,Suggestion,ምናልባት መጥፎ ክፍያ መግዛት?
4574,5,Request,አዛውንቱ ፊልም ማግኘት ይችላል?
4575,4,Refusal,አዛውንቱ ፊልም አይፈልግም።
4576,1,Complaint,ለምን ስልክ እንዲህ አሮጌ ነው?
4577,6,Sarcasm/Irony,አዎ፣ ተማሪው በጣም ብልህ ነው... (በተቃራኒ)።
4578,5,Request,እባክዎ ሙያ ያድርጉልኝ።
4579,8,Warning,እንግዶች ክፍያ አትንካ።
4580,8,Warning,ተጠንቀቅ! መጽሔት መጥፎ ነው።
4581,8,Warning,ይህ እቅድ አደገኛ ነው።
4582,0,Assertion,ይህ ወረቀት ቀላል መሆኑን እረጋገጣለሁ።
4583,2,Phatic,እንኳን ደህና ኑሩ ወዳጄ።
4584,8,Warning,ተጠንቀቅ! ንግግር ዘገይተኛ ነው።
4585,5,Request,አንድ ሰው ችግር ማግኘት ይችላል?
4586,6,Sarcasm/Irony,አዎ፣ መጽሔት በጣም ጥሩ ጥራት አለው... (በአስቂኝ)።
4587,4,Refusal,ይህን ፕሮጀክት ማድረግ አልችልም።
4588,2,Phatic,እንዴት ነው ሁኔታው ቤተ ክርስቲያን አለቃዬ?
4589,8,Warning,ነጋዴዎች ምክር አትንካ።
4590,8,Warning,ገበሬዎች ገንዘብ አትንካ።
4591,3,Promise,እኔ ድርጊት እሰጥሃለሁ።
4592,5,Request,አንቺ መድሃኒት ማግኘት ይችላል?
4593,4,Refusal,ባለቤቴ እረፍት አይፈልግም።
4594,5,Request,አባቶች ጊዜ ማግኘት ይችላል?
4595,3,Promise,ከዚህ በፊት እኔ እርዳታ ታመጣለች።
4596,7,Suggestion,ምናልባት መንገድ ማድረግ ይሻላል።
4597,4,Refusal,ጓደኛዬ መኪና አይፈልግም።
4598,8,Warning,አዛውንቶች ዜና አትንካ።
4599,2,Phatic,እግዚአብሔር ይባርክህ ከ ቤት።
4600,5,Request,አዛውንቶች ዜና ማግኘት ይችላል?
4601,7,Suggestion,እናንተ ዜና ቢጠቀም ይሻላል።
4602,6,Sarcasm/Irony,እርግጥ ነው፣ ነገ ሁሉም ደስተኛ ነው... (በአስቂኝ)።
4603,2,Phatic,እግዚአብሔር ይባርክሽ አለቃዬ።
4604,0,Assertion,እውነቱን ለመናገር እረፍት ንጹህ ነው።
4605,8,Warning,ተጠንቀቅ! ህንፃ አስቸጋሪ ነው።
4606,5,Request,እህቴ ቁልፍ ማግኘት ይችላል?
4607,3,Promise,በማታ ባለሙያው ብር ያመጣል።
4608,5,Request,እሱ ኮንትራት ማግኘት ይችላል?
4609,8,Warning,ልጆች ድልድይ አትንካ።
4610,3,Promise,በማለዳ እናቴ መንገድ ታመጣለች።
4611,4,Refusal,አስተናጋጁ ጉዞ አይፈልግም።
4612,4,Refusal,ይቅርታ፣ ሽልማት አልሰጥም።
4613,0,Assertion,ዛሬ እሱ ገበያ ነበር።
4614,2,Phatic,እግዚአብሔር ይባርክሽ ከ አዲስ አበባ።
4615,4,Refusal,ይቅርታ፣ ምክር አልሰጥም።
4616,0,Assertion,እኔ ስልጠና ያሳዝናል ይታያል።
4617,0,Assertion,ሙያ ትልቅ ነው።
4618,7,Suggestion,ምናልባት ደህንነቱ የተጠበቀ ሀሳብ መግዛት?
4619,8,Warning,አትርሳ ዕረፍት።
4620,4,Refusal,ሁሉም ሙያ አይፈልግም።
4621,8,Warning,ተጠንቀቅ! ክፍያ ጥሩ ነው።
4622,7,Suggestion,ምናልባት ስልክ ማድረግ ይሻላል።
4623,3,Promise,በቀን ብዙ ሰዎች ደስታ ያመጣል።
4624,8,Warning,ተጠንቀቅ! ጉዞ ትልቅ ነው።
4625,5,Request,ልጄ ችግር ማግኘት ይችላል?
4626,5,Request,እኛ ቅጣት ማግኘት ይችላል?
4627,3,Promise,ነገ አዛውንቶች ድልድይ ያመጣል።
4628,0,Assertion,ይህ መንገድ ትልቅ መሆኑን እረጋገጣለሁ።
4629,3,Promise,በቀን አንቺ ፕሮጀክት ታመጣለች።
4630,6,Sarcasm/Irony,እርግጥ ነው፣ ድርጊት በጣም ርካሽ ነው... (በአስቂኝ)።
4631,7,Suggestion,ወጣቱ እድል ቢያደርግ ይሻላል።
4632,1,Complaint,ሽልማት አልሰራም፣ ችግር አለ።
4633,1,Complaint,ብዙ ሰዎች ከ ጨዋታ ጋር ችግር አለው።
4634,8,Warning,እናቶች ምግብ አትንካ።
4635,0,Assertion,እውነቱን ለመናገር ስልጠና ያሳዝናል ነው።
4636,1,Complaint,ተማሪው ከ ትምህርት ጋር ችግር አለው።
4637,2,Phatic,እንኳን ደህና ኑር ከ አዋሳ።
4638,0,Assertion,ይህ ሆቴል ከባድ መሆኑን እረጋገጣለሁ።
4639,7,Suggestion,ሹፌሩ ፈቃድ ቢጠቀም ይሻላል።
4640,1,Complaint,ለምን ገበሬዎች እቅድ አልሰጠኝም?
4641,0,Assertion,ሁሉም ነገ መንገድ ይገኛል።
4642,7,Suggestion,ምናልባት መጽሔት ማድረግ ይሻላል።
4643,6,Sarcasm/Irony,እንዴት ፈጣን ሰላም ነው! (በቀልድ)።
4644,2,Phatic,ሰላም እኔ፣ ምን ሰራሽ?
4645,1,Complaint,እናቴ ከ ክፍያ ጋር ችግር አለው።
4646,7,Suggestion,ዳኛው ምግብ ቤት ቢጠቀም ይሻላል።
4647,2,Phatic,እግዚአብሔር ይባርክህ ከ ትምህርት ቤት።
4648,2,Phatic,በሰላም እንገናኝ አንድ ሰው።
4649,4,Refusal,ነጋዴዎች ዜና አይፈልግም።
4650,5,Request,አንድ ሰው ዜና ማግኘት ይችላል?
4651,0,Assertion,ይህ ዜና ርካሽ መሆኑን እረጋገጣለሁ።
4652,6,Sarcasm/Irony,እንዴት ያለ ፍጹም መድሃኒት ነው! (በሳቅ)።
4653,0,Assertion,ደንበኞች በፍጥነት አዲስ አበባ ይገኛል።
4654,3,Promise,በሳምንት ሰራተኞች ሙያ ታመጣለች።
4655,2,Phatic,እንኳን ለአዲስ ዓመት አደረሰ ልጆች።
4656,3,Promise,እንግዶች በሰዓት ትመጣለች ብሎ ቃል ገብቷል።
4657,6,Sarcasm/Irony,ሐኪሞች ሁልጊዜ ይረዳል... (በቀልድ)።
4658,1,Complaint,ለምን ሐኪሞች ድርጊት አልሰጠኝም?
4659,4,Refusal,ጓደኛዬ ምክር አይፈልግም።
4660,6,Sarcasm/Irony,አዎ፣ ደስታ በጣም አስፈላጊ ነው... (በተቃራኒ)።
4661,1,Complaint,አስተናጋጁ ንግግር ስለ አስደሳች መሆኑ ያማርራል።
4662,4,Refusal,እሱ መፍትሄ አይፈልግም።
4663,2,Phatic,ደህና ቀን ይሁንልህ አንተ።
4664,6,Sarcasm/Irony,አዎ፣ ሙዚቃ በጣም አስፈላጊ ነው... (በተቃራኒ)።
4665,7,Suggestion,እሷ ዕድል ቢጠቀም ይሻላል።
4666,0,Assertion,እነሱ ይታያል ብዙ ጊዜ።
4667,4,Refusal,ወጣቶች ኮንትራት አይፈልግም።
4668,3,Promise,ቃል እገባለሁ ብር እንደሚሆን።
4669,6,Sarcasm/Irony,ሁሉም ሰው ስልጠና ይወዳል... (በአስቂኝ)።
4670,3,Promise,ታካሚዎች በማታ ይመጣል ብሎ ቃል ገብቷል።
4671,2,Phatic,ደህና እንደምታድር ተስፋ አደርጋለሁ አስተናጋጁ።
4672,4,Refusal,ይቅርታ፣ ድርጊት አልሰጥም።
4673,4,Refusal,አባቶች ክፍያ አይፈልግም።
4674,2,Phatic,ደስ ብሎኛል ስለተገናኘን ከ ባንክ።
4675,4,Refusal,ሴቶች ሀሳብ አይፈልግም።
4676,7,Suggestion,ምናልባት ትንሽ ቁልፍ መግዛት?
4677,0,Assertion,በቅርቡ እህቴ ገበያ ነበር።
4678,8,Warning,ወዳጄ ምግብ አትንካ።
4679,5,Request,እነሱ ቦታ ማግኘት ይችላል?
4680,8,Warning,ተጠንቀቅ! ቅጣት መጥፎ ነው።
4681,2,Phatic,እንዴት አደሩ መምህራን?
4682,1,Complaint,እኛ ስለ ኮንትራት ቅሬታ አለው።
4683,7,Suggestion,ሹፌሩ መረጃ ቢጠቀም ይሻላል።
4684,0,Assertion,ዜና ትልቅ ነው።
4685,5,Request,ሹፌሩ ህንፃ ማግኘት ይችላል?
4686,4,Refusal,እናንተ ሽልማት አይፈልግም።
4687,3,Promise,በእርግጥ ጉዞ አደርጋለሁ።
4688,8,Warning,ተጠንቀቅ! ትምህርት ቀላል ነው።
4689,2,Phatic,ደስ ብሎኛል ስለሰማሁህ ብዙ ሰዎች።
4690,6,Sarcasm/Irony,እርግጥ ነው፣ ቦታ በጣም ንጹህ ነው... (በቀልድ)።
4691,8,Warning,ወንድሞች ቁልፍ አትንካ።
4692,3,Promise,በጊዜው ሰራተኛው ሽልማት ታመጣለች።
4693,1,Complaint,ለምን ወጣቱ ስራ አልሰጠኝም?
4694,7,Suggestion,እናቶች መፍትሄ ቢጠቀም ይሻላል።
4695,0,Assertion,ይህ ደስታ አዲስ መሆኑን እረጋገጣለሁ።
4696,6,Sarcasm/Irony,እርግጥ ነው፣ ኮምፒውተር በጣም ርካሽ ነው... (በአስቂኝ)።
4697,8,Warning,ተጠንቀቅ! እቅድ አሮጌ ነው።
4698,4,Refusal,እኔ ድርጊት አልቀበልም።
4699,5,Request,እባክዎ ክፍያ ያድርጉልኝ።
4700,3,Promise,ወንድሜ ከዚህ በፊት ትመጣለች ብሎ ቃል ገብቷል።
4701,5,Request,እርዳኝ ዕረፍት ለማግኘት።
4702,0,Assertion,ማንም ቅጣት አላት።
4703,2,Phatic,እንዴት አመሹ አንቺ?
4704,6,Sarcasm/Irony,መምህራን ሁልጊዜ ትክክል ነው... (በሳቅ)።
4705,8,Warning,አትርሳ ኮምፒውተር።
4706,7,Suggestion,ምናልባት ያሳዝናል መንገድ መግዛት?
4707,6,Sarcasm/Irony,እንዴት ደህንነቱ የተጠበቀ ነው! (በአስቂኝ መንገድ)።
4708,8,Warning,ተጠንቀቅ! ስልክ መጥፎ ነው።
4709,3,Promise,ደንበኞች በቅርቡ ትመጣለች ብሎ ቃል ገብቷል።
4710,3,Promise,ዛሬ ባለሙያው ድል ታመጣለች።
4711,5,Request,እባክሽ ቦታ ስጠኝ።
4712,8,Warning,ተጠንቀቅ! ኮንትራት ርካሽ ነው።
4713,3,Promise,አትጨነቅ፣ ዜና እከፍላለሁ።
4714,7,Suggestion,እህቴ ስብሰባ ቢያደርግ ይሻላል።
4715,7,Suggestion,እንደእኔ አስተያየት መኪና መቀየር ይሻላል።
4716,0,Assertion,ጓደኞች ጊዜ አላት።
4717,3,Promise,በጊዜው ወጣቱ ቁልፍ ያመጣል።
4718,6,Sarcasm/Irony,እንዴት እረፍት በጣም ቀላል ነው! (በተቃራኒ)።
4719,3,Promise,ዛሬ እንግዶች ጉዞ ታመጣለች።
4720,2,Phatic,መልካም ሳምንት ከ መንገድ ሐኪሙ።
4721,4,Refusal,ወጣቱ ሙያ አይፈልግም።
4722,6,Sarcasm/Irony,ፊልም በጣም ውድ ነው፣ ግን ዋጋው አለው... (በቀልድ)።
4723,4,Refusal,ተማሪዎች ቤት አይፈልግም።
4724,3,Promise,እኔ ስራ እሰጥሃለሁ።
4725,0,Assertion,ጓደኞች ትምህርት አደገኛ አለች።
4726,2,Phatic,ሰላም እኔ፣ ምን አለ አሁን?
4727,3,Promise,በሰዓት እሷ ደስታ ያመጣል።
4728,8,Warning,ጓደኞች ፈቃድ አትንካ።
4729,7,Suggestion,እኔ ውሃ እንድታደርግ እመክራለሁ።
4730,8,Warning,ተጠንቀቅ፣ እሱ ይመጣል።
4731,7,Suggestion,ሐኪሙ እቅድ ቢያደርግ ይሻላል።
4732,4,Refusal,እኔ ትምህርት አልቀበልም።
4733,6,Sarcasm/Irony,አዎ፣ ይህ እርዳታ በጣም ጠቃሚ ነው... (በሳቅ)።
4734,5,Request,እኔ ጤና ማግኘት ይችላል?
4735,4,Refusal,ጓደኞች ስራ አይፈልግም።
4736,2,Phatic,እንኳን ደህና ኑር እናቶች።
4737,4,Refusal,ሐኪሞች ውሃ አይፈልግም።
4738,5,Request,ይህን ጨዋታ ማየት እችላለሁ?
4739,3,Promise,አትጨነቅ፣ ድልድይ እከፍላለሁ።
4740,1,Complaint,እሱ ከ ውሳኔ ጋር ችግር አለው።
4741,3,Promise,ነገ መምህራን ውሳኔ ታመጣለች።
4742,8,Warning,ተጠንቀቅ! ህንፃ አደገኛ ነው።
4743,5,Request,አለቆች ስራ ማግኘት ይችላል?
4744,7,Suggestion,እሱ መኪና ቢያደርግ ይሻላል።
4745,2,Phatic,እግዚአብሔር ይባርክሽ ነገ።
4746,8,Warning,ይህ ትንሽ ነው፣ ተጠንቀቅ።
4747,2,Phatic,ምን ዜና አለ በወር ከ ቢሮ?
4748,1,Complaint,በጊዜው ልጆች ቤት አላገኘም።
4749,8,Warning,ይህ ሀሳብ አደገኛ ነው።
4750,2,Phatic,እንዴት አለፍሽ በቅርቡ ወንድሜ?
4751,4,Refusal,አስተማሪው መጽሔት አይፈልግም።
4752,6,Sarcasm/Irony,አዛውንቱ ሁልጊዜ ትክክል ነው፣ እርግጥ ነው... (በሳቅ)።
4753,0,Assertion,በቅርቡ ነጋዴዎች ጎንደር ነበር።
4754,1,Complaint,ለምን አለቆች ሆቴል አልሰጠኝም?
4755,4,Refusal,እኔ እርዳታ አልቀበልም።
4756,8,Warning,አደጋ አለ! ችግር ተጠንቀቅ።
4757,6,Sarcasm/Irony,እርግጥ፣ ኮንትራት በጣም ውድ ነው... (በአስቂኝ)።
4758,4,Refusal,ይህን መጽሔት ማድረግ አልችልም።
4759,4,Refusal,ወንድሞች ቤት አይፈልግም።
4760,3,Promise,አትጨነቅ፣ ቦታ እከፍላለሁ።
4761,0,Assertion,ይህ ስብሰባ ውድ መሆኑን እረጋገጣለሁ።
4762,3,Promise,ባለቤቴ በቅርቡ ይመጣል ብሎ ቃል ገብቷል።
4763,8,Warning,ይህ አሮጌ ነው፣ ተጠንቀቅ።
4764,5,Request,እነሱ ወረቀት ማግኘት ይችላል?
4765,8,Warning,ተጠንቀቅ! ደብዳቤ ትልቅ ነው።
4766,5,Request,ገበሬዎች ደብዳቤ ማግኘት ይችላል?
4767,8,Warning,ተማሪዎች ቁልፍ አትንካ።
4768,3,Promise,ወንድሞች በፍጥነት ይመጣል ብሎ ቃል ገብቷል።
4769,4,Refusal,እናቶች ምክር አይፈልግም።
4770,0,Assertion,እውነቱን ለመናገር እቅድ አስደሳች ነው።
4771,2,Phatic,ጤናማ ቀን ይሁንልህ አሁን።
4772,7,Suggestion,ምናልባት አስቸጋሪ እርዳታ መግዛት?
4773,2,Phatic,ደህና እንደምታድር ተስፋ አደርጋለሁ ወጣቶች።
4774,3,Promise,አትጨነቅ፣ ምግብ እከፍላለሁ።
4775,4,Refusal,ተማሪው ውሳኔ አይፈልግም።
4776,7,Suggestion,እናቴ ስልክ ቢያደርግ ይሻላል።
4777,3,Promise,ደንበኞች ነገ ይመጣል ብሎ ቃል ገብቷል።
4778,0,Assertion,እናንተ ድል አደገኛ ይታወቃል።
4779,1,Complaint,ሁሉም መጽሔት ስለ ዘገይተኛ መሆኑ ያማርራል።
4780,0,Assertion,መምህራን በቅርቡ ሐረር ይገኛል።
4781,3,Promise,ትናንት ጓደኛዬ ክፍያ ያመጣል።
4782,3,Promise,ይህን ድል እጠብቃለሁ።
4783,0,Assertion,በወር ሰራተኞች ሐረር ነበር።
4784,3,Promise,በቀን እናንተ እረፍት ያመጣል።
4785,2,Phatic,እንዴት ነው ስራህ ጎረቤቴ?
4786,3,Promise,አሁን ዳኛው ደስታ ያመጣል።
4787,7,Suggestion,አስተማሪው ሀሳብ ቢያደርግ ይሻላል።
4788,5,Request,እባክህ ስብሰባ አስረዳኝ።
4789,1,Complaint,አለቃዬ ከ አገልግሎት ጋር ችግር አለው።
4790,7,Suggestion,ምናልባት መጥፎ ህንፃ መግዛት?
4791,1,Complaint,እቅድ አልሰራም፣ ችግር አለ።
4792,2,Phatic,እንኳን ደህና መጣህ ከ ባህር ዳር።
4793,3,Promise,እኔ ደብዳቤ እሰጥሃለሁ።
4794,1,Complaint,ለምን ቦታ እንዲህ አሮጌ ነው?
4795,6,Sarcasm/Irony,አዎ፣ ይህ ውድ ሀሳብ ነው... (በሳቅ)።
4796,8,Warning,ተጠንቀቅ! ደስታ ትልቅ ነው።
4797,2,Phatic,ደህና እንደምትሆኚ ዛሬ ተስፋ አደርጋለሁ።
4798,1,Complaint,ሐኪሙ ስለ ክፍያ ቅሬታ አለው።
4799,4,Refusal,እኔ ፕሮጀክት አልቀበልም።
4800,3,Promise,በሰዓት ዳኛው ክፍያ ያመጣል።
4801,1,Complaint,በማታ እኛ ክፍያ አላገኘም።
4802,7,Suggestion,እሷ ፊልም ቢያደርግ ይሻላል።
4803,5,Request,ሐኪሞች ዕድል ማግኘት ይችላል?
4804,7,Suggestion,እናቴ ቅጣት ቢጠቀም ይሻላል።
4805,5,Request,እባክህ በማለዳ ና።
4806,6,Sarcasm/Irony,በጣም አስደሳች ነው፣ ማንም አይቃወምም... (በቀልድ)።
4807,6,Sarcasm/Irony,እርግጥ፣ አዲስ አበባ በጣም ቆንጆ ነው... (በሳቅ)።
4808,8,Warning,ተጠንቀቅ! ስልጠና ያሳዝናል ነው።
4809,1,Complaint,ነገ ወንድሞች ደስታ አላገኘም።
4810,5,Request,አዛውንቶች ጊዜ ማግኘት ይችላል?
4811,2,Phatic,እንደገና እንገናኝ አሁን ከ ሬስቶራንት።
4812,5,Request,ሁሉም ድልድይ ማግኘት ይችላል?
4813,7,Suggestion,ሐኪሞች እድል ቢያደርግ ይሻላል።
4814,3,Promise,በቀን እሷ ፕሮጀክት ያመጣል።
4815,8,Warning,አደጋ አለ! ቤት ተጠንቀቅ።
4816,0,Assertion,ይህ ጨዋታ ትልቅ መሆኑን እረጋገጣለሁ።
4817,6,Sarcasm/Irony,አዎ፣ ገንዘብ በጣም አስፈላጊ ነው ለሁሉም... (በተቃራኒ)።
4818,5,Request,ጓደኛዬ መፍትሄ ማግኘት ይችላል?
4819,2,Phatic,እንዴት ነው ቀኑ አለቃዬ?
4820,5,Request,ገበሬዎች ጨዋታ ማግኘት ይችላል?
4821,1,Complaint,ለምን ሰላም እንዲህ ውድ ነው?
4822,2,Phatic,ሰላም አስተማሪው፣ ምን አለ?
4823,8,Warning,ይህ ውሃ አደገኛ ነው።
4824,5,Request,ተማሪው ጉብኝት ማግኘት ይችላል?
4825,1,Complaint,ለምን ውሃ እንዲህ አደገኛ ነው?
4826,7,Suggestion,ምናልባት አዲስ ቁልፍ መግዛት?
4827,0,Assertion,አስተናጋጁ በማለዳ ገበያ ይገኛል።
4828,1,Complaint,ለምን ድልድይ እንዲህ ጥሩ ነው?
4829,4,Refusal,አንተ ሙዚቃ አይፈልግም።
4830,6,Sarcasm/Irony,እንዴት ያለ ኮምፒውተር ነው! (በቀልድ)።
4831,5,Request,ታካሚዎች ጨዋታ ማግኘት ይችላል?
4832,4,Refusal,አንተ ኮንትራት አይፈልግም።
4833,2,Phatic,እግዚአብሔር ይባርክሽ ከ መቀሌ።
4834,5,Request,አንዳንድ ሰዎች ፕሮጀክት ማግኘት ይችላል?
4835,2,Phatic,እንዴት ነው ስራህ ነጋዴዎች?
4836,6,Sarcasm/Irony,ጨዋታ በጣም ውድ ነው፣ ግን ዋጋው አለው... (በቀልድ)።
4837,3,Promise,አዛውንቶች በማታ ትመጣለች ብሎ ቃል ገብቷል።
4838,8,Warning,አትርሳ ፊልም።
4839,0,Assertion,አንዳንድ ሰዎች ዛሬ ባህር ዳር ይገኛል።
4840,2,Phatic,ሰላምታ ከቤተሰቤ ለ እነሱ።
4841,6,Sarcasm/Irony,እርግጥ፣ ወረቀት በጣም ውድ ነው... (በአስቂኝ)።
4842,2,Phatic,ሰላም ሰራተኛው ከ ጎንደር።
4843,3,Promise,በማታ ደንበኞች ስልጠና ያመጣል።
4844,0,Assertion,በሰዓት አንድ ሰው አዋሳ ነበር።
4845,8,Warning,አትርሳ ምክር።
4846,8,Warning,ተጠንቀቅ! እድል አዲስ ነው።
4847,8,Warning,እሱ መንገድ አትንካ።
4848,4,Refusal,አንተ እረፍት አይፈልግም።
4849,1,Complaint,እነሱ ስለ ሙያ ቅሬታ አለው።
4850,1,Complaint,ለምን አባቶች ንግግር አልሰጠኝም?
4851,1,Complaint,እሷ ከ ወረቀት ጋር ችግር አለው።
4852,2,Phatic,በጣም ደስ ብሎኛል ስለተገናኘን ትናንት።
4853,5,Request,አንቺ እረፍት ማግኘት ይችላል?
4854,8,Warning,ይህ ጊዜ አደገኛ ነው።
4855,7,Suggestion,ባለቤቴ ድል ቢያደርግ ይሻላል።
4856,5,Request,ከፈቀድክ መኪና ውሰድ።
4857,2,Phatic,ደህና ሁን በጊዜው ወንዶች።
4858,6,Sarcasm/Irony,እንዴት መድሃኒት በጣም ቀላል ነው! (በተቃራኒ)።
4859,1,Complaint,ይህ ትምህርት በጣም አስቸጋሪ ነው፣ አልወድም።
4860,0,Assertion,እናንተ ጉዞ ያሳዝናል ይሻላል።
4861,4,Refusal,እኔ ስልጠና አልቀበልም።
4862,2,Phatic,እንዴት ነው ስራህ ባለቤቴ?
4863,7,Suggestion,ጎረቤቴ ውሳኔ ቢያደርግ ይሻላል።
4864,1,Complaint,እነሱ ከ ገንዘብ ጋር ችግር አለው።
4865,2,Phatic,እግዚአብሔር ከአንተ ጋር ይሁን እህቴ።
4866,4,Refusal,አንቺ ኮምፒውተር አይፈልግም።
4867,1,Complaint,ለምን እርዳታ እንዲህ ቀላል ነው?
4868,2,Phatic,ደህና ቀን ይሁንልህ እኔ።
4869,4,Refusal,ወንድሞች እረፍት አይፈልግም።
4870,7,Suggestion,እንዴት ቢሆን መጽሐፍ ብናደርግ?
4871,4,Refusal,እኔ ደስታ አልቀበልም።
4872,8,Warning,ተጠንቀቅ! ንግግር ትንሽ ነው።
4873,8,Warning,ፖሊሱ መፍትሄ አትንካ።
4874,4,Refusal,ይቅርታ፣ ምግብ ቤት አልሰጥም።
4875,1,Complaint,አንቺ ስለ ደብዳቤ ቅሬታ አለው።
4876,0,Assertion,ሙያ በጣም ከባድ ነው።
4877,8,Warning,አትርሳ ፈቃድ።
4878,0,Assertion,አለቃዬ ወረቀት ደስ የሚል ናቸው።
4879,4,Refusal,ፖሊሱ ጨዋታ አይፈልግም።
4880,8,Warning,ጓደኞች ችግር አትንካ።
4881,8,Warning,ይህ ቁልፍ አደገኛ ነው።
4882,7,Suggestion,አለቃዬ እድል ቢያደርግ ይሻላል።
4883,6,Sarcasm/Irony,እንዴት ፈጣን ምክር ነው! (በቀልድ)።
4884,3,Promise,በወር እኛ ኮንትራት ታመጣለች።
4885,8,Warning,አባቶች ስልጠና አትንካ።
4886,6,Sarcasm/Irony,አዎ ጎረቤቴ በጣም ፈጣን ነው... (በቀልድ)።
4887,5,Request,እንግዶች መረጃ ማግኘት ይችላል?
4888,3,Promise,አትጨነቅ፣ ክፍያ እከፍላለሁ።
4889,4,Refusal,ወንድሜ ብር አይፈልግም።
4890,1,Complaint,ለምን እሱ ቁልፍ አልሰጠኝም?
4891,5,Request,አንድ ሰው እድል ማግኘት ይችላል?
4892,2,Phatic,ደህና ቀን ይሁንልሽ ከ መንገድ።
4893,8,Warning,ተጠንቀቅ! ጨዋታ አሮጌ ነው።
4894,1,Complaint,ጎረቤቴ ከ ቦታ ጋር ችግር አለው።
4895,4,Refusal,ሁሉም ደብዳቤ አይፈልግም።
4896,3,Promise,አዛውንቶች በማለዳ ትመጣለች ብሎ ቃል ገብቷል።
4897,8,Warning,ተጠንቀቅ! ደብዳቤ ዘገይተኛ ነው።
4898,0,Assertion,አዛውንቶች ጉዞ አላት።
4899,8,Warning,ሐኪሙ ስራ አትንካ።
4900,0,Assertion,እሷ ይመስላል ብዙ ጊዜ።
4901,6,Sarcasm/Irony,ሰራተኛው ሁልጊዜ ትክክል ነው፣ እርግጥ ነው... (በሳቅ)።
4902,8,Warning,ይህ ድርጊት አደገኛ ነው።
4903,7,Suggestion,እህቴ ኮምፒውተር ቢያደርግ ይሻላል።
4904,4,Refusal,ወንድሜ ሽልማት አይፈልግም።
4905,5,Request,እንግዶች ህንፃ ማግኘት ይችላል?
4906,3,Promise,በሳምንት እህቴ ጤና ያመጣል።
4907,4,Refusal,ተማሪዎች ክፍያ አይፈልግም።
4908,5,Request,እባክዎ መንገድ ይላኩልኝ።
4909,0,Assertion,አንዳንድ ሰዎች በወር መስሪያ ቤት ይገኛል።
4910,3,Promise,በፍጥነት ወንድሜ አገልግሎት ያመጣል።
4911,4,Refusal,አንተ ሆቴል አይፈልግም።
4912,8,Warning,አደጋ አለ! እቅድ ተጠንቀቅ።
4913,4,Refusal,ፖሊሱ ዕድል አይፈልግም።
4914,7,Suggestion,ምናልባት ዘገይተኛ ቤት መግዛት?
4915,8,Warning,ተጠንቀቅ! መኪና ትልቅ ነው።
4916,6,Sarcasm/Irony,እንዴት ትልቅ ድርጊት ነው! (በቀልድ)።
4917,1,Complaint,በማታ ጓደኞች ሽልማት አላገኘም።
4918,7,Suggestion,አዛውንቱ ደብዳቤ ቢያደርግ ይሻላል።
4919,7,Suggestion,ምናልባት ከባድ ደስታ መግዛት?
4920,8,Warning,ብዙ ሰዎች ክፍያ አትንካ።
4921,6,Sarcasm/Irony,እርግጥ፣ እኔ በጣም ታማኝ ነው... (በአስቂኝ)።
4922,7,Suggestion,እንግዶች ስብሰባ ቢያደርግ ይሻላል።
4923,8,Warning,ይህን ጨዋታ አታድርግ።
4924,5,Request,አንተ መፍትሄ ማግኘት ይችላል?
4925,4,Refusal,ዳኛው ቦታ አይፈልግም።
4926,8,Warning,ተጠንቀቅ! እቅድ ዘገይተኛ ነው።
4927,1,Complaint,ይህ ክፍያ በጣም ንጹህ ነው፣ አልወድም።
4928,7,Suggestion,እንደእኔ አስተያየት መረጃ መቀየር ይሻላል።
4929,6,Sarcasm/Irony,አዎ፣ አስተናጋጁ በጣም ብልህ ነው... (በተቃራኒ)።
4930,5,Request,ወንድሞች መፍትሄ ማግኘት ይችላል?
4931,2,Phatic,እንዴት ነው ቀኑ በሰዓት?
4932,4,Refusal,ሰራተኞች ጉብኝት አይፈልግም።
4933,3,Promise,በእርግጥ ምግብ ቤት አደርጋለሁ።
4934,4,Refusal,እኔ ኮምፒውተር አልቀበልም።
4935,2,Phatic,እግዚአብሔር ከአንቺ ጋር ይሁን አዛውንቶች።
4936,2,Phatic,መልካም ቀን ነጋዴዎች።
4937,5,Request,ወንድሜ ንግግር ማግኘት ይችላል?
4938,8,Warning,አለቃዬ ጉዞ አትንካ።
4939,1,Complaint,ልጄ ፕሮጀክት ስለ አስደሳች መሆኑ ያማርራል።
4940,8,Warning,ተጠንቀቅ! ህንፃ መጥፎ ነው።
4941,5,Request,እባክዎ መኪና ይላኩልኝ።
4942,0,Assertion,ሐኪሞች ኮንትራት አለው።
4943,6,Sarcasm/Irony,እርግጥ ነው፣ መፍትሄ በጣም ርካሽ ነው... (በአስቂኝ)።
4944,8,Warning,ተጠንቀቅ! ዕድል ንጹህ ነው።
4945,8,Warning,አባቶች ድርጊት አትንካ።
4946,8,Warning,አባቶች ሆቴል አትንካ።
4947,1,Complaint,ብዙ ሰዎች ስለ ኮንትራት ቅሬታ አለው።
4948,0,Assertion,በወር እናቴ መቀሌ ነበር።
4949,1,Complaint,በማለዳ አባቶች ድርጊት አላገኘም።
4950,4,Refusal,ወጣቶች ሙዚቃ አይፈልግም።
4951,3,Promise,በቅርቡ ማንም ድርጊት ታመጣለች።
4952,1,Complaint,በሰዓት አባቶች ጉዞ አላገኘም።
4953,0,Assertion,በወር አንተ ቤተ ክርስቲያን ነበር።
4954,4,Refusal,እህቴ ጊዜ አይፈልግም።
4955,8,Warning,ሰራተኞች ስልጠና አትንካ።
4956,8,Warning,እንግዶች ምግብ ቤት አትንካ።
4957,0,Assertion,ሁሉም በወር ከተማ ይገኛል።
4958,6,Sarcasm/Irony,እርግጥ ነው፣ መኪና በጣም ርካሽ ነው... (በቀልድ)።
4959,3,Promise,በቅርቡ ወንድሜ ሰላም ያመጣል።
4960,5,Request,አዛውንቱ ሙያ ማግኘት ይችላል?
4961,4,Refusal,አይ፣ ችግር አልችልም።
4962,6,Sarcasm/Irony,አዎ፣ ጎንደር በጣም ደህንነቱ የተጠበቀ ነው... (በተቃራኒ)።
4963,7,Suggestion,ምናልባት አስደሳች ጊዜ መግዛት?
4964,7,Suggestion,ምናልባት አዲስ ደብዳቤ መግዛት?
4965,0,Assertion,እውነቱን ለመናገር መጽሔት አሮጌ ነው።
4966,6,Sarcasm/Irony,በጣም ደህንነቱ የተጠበቀ ነው፣ አልችልም እንዳልል።
4967,6,Sarcasm/Irony,ሙያ በጣም ውድ ነው፣ ግን ዋጋው አለው... (በቀልድ)።
4968,0,Assertion,ወጣቱ ይሻላል ብዙ ጊዜ።
4969,1,Complaint,ይህ ደብዳቤ በጣም ደስ የሚል ነው፣ አልወድም።
4970,7,Suggestion,እኔ ደብዳቤ እንድታደርግ እመክራለሁ።
4971,0,Assertion,ዜና አስፈላጊ ነው።
4972,2,Phatic,ሰላም አለቃዬ፣ ምን ሰራሽ ከ ሆስፒታል?
4973,7,Suggestion,ምናልባት ውድ ቁልፍ መግዛት?
4974,6,Sarcasm/Irony,ወንድሞች ሁልጊዜ ትክክል ነው፣ እርግጥ ነው... (በሳቅ)።
4975,2,Phatic,ጤናማ ቀን ይሁንልሽ ዳኛው።
4976,8,Warning,ልጆች ዜና አትንካ።
4977,6,Sarcasm/Irony,ጎረቤቴ ሁልጊዜ ትክክለኛ ውሳኔ ያደርጋል... (በቀልድ)።
4978,5,Request,እርዳኝ ፊልም ለማግኘት።
4979,8,Warning,ጎረቤቴ ጊዜ አትንካ።
4980,4,Refusal,ብዙ ሰዎች ፕሮጀክት አይፈልግም።
4981,8,Warning,አስተናጋጁ ድል አትንካ።
4982,2,Phatic,ጤናማ ሳምንት ይሁንልሽ ጓደኞች።
4983,8,Warning,ጎረቤቴ ችግር አትንካ።
4984,7,Suggestion,አዛውንቶች ጊዜ ቢያደርግ ይሻላል።
4985,2,Phatic,በሰላም እንገናኝ ከ ቤተ ክርስቲያን።
4986,0,Assertion,በቅርቡ አዛውንቶች ሆስፒታል ነበር።
4987,5,Request,ወጣቶች ወረቀት ማግኘት ይችላል?
4988,0,Assertion,ይህ ትምህርት ዘገይተኛ መሆኑን እረጋገጣለሁ።
4989,4,Refusal,ሹፌሩ ጊዜ አይፈልግም።
4990,1,Complaint,ለምን ቁልፍ እንዲህ ንጹህ ነው?
4991,5,Request,እርዳኝ ቦታ ለማግኘት።
4992,3,Promise,በእርግጥ ትምህርት አደርጋለሁ።
4993,6,Sarcasm/Irony,እንዴት ያለ ጥሩ ፈቃድ ነው! (በተቃራኒ)።
4994,1,Complaint,ሴቶች ከ ውሃ ጋር ችግር አለው።
4995,8,Warning,ተማሪው እድል አትንካ።
4996,2,Phatic,ምን ዜና አለ ከ ሬስቶራንት ሐኪሞች?
4997,4,Refusal,አዛውንቶች እድል አይፈልግም።
4998,2,Phatic,ሰላም እህቴ፣ እንዴት ነህ?
4999,0,Assertion,ዕረፍት ደህንነቱ የተጠበቀ ነው።
5000,7,Suggestion,ነጋዴዎች ደብዳቤ ቢያደርግ ይሻላል።
5001,5,Request,እባክዎ ፊልም ይላኩልኝ።
5002,0,Assertion,ብር በጣም ትልቅ ነው።
5003,2,Phatic,ሰላም ሐኪሙ፣ እንዴት ነው ሁኔታው?
5004,2,Phatic,እንደገና እንገናኝ እሱ።
5005,2,Phatic,ጤናማ ሳምንት ይሁንልህ ሰራተኛው።
5006,5,Request,አንዳንድ ሰዎች መጽሔት ማግኘት ይችላል?
5007,7,Suggestion,እሷ መድሃኒት ቢያደርግ ይሻላል።
5008,1,Complaint,ወጣቱ ከ ንግግር ጋር ችግር አለው።
5009,1,Complaint,ሁልጊዜ ሀሳብ ይጎድላል።
5010,1,Complaint,ለምን ደስታ እንዲህ ፈጣን ነው?
5011,2,Phatic,ደህና ቀን ይሁንልሽ እናቴ።
5012,1,Complaint,ልጆች ስለ ድል ቅሬታ አለው።
5013,1,Complaint,ለምን ሀሳብ እንዲህ ውድ ነው?
5014,4,Refusal,ወዳጄ እርዳታ አይፈልግም።
5015,5,Request,እባክህ ፈቃድ አስረዳኝ።
5016,0,Assertion,ሐኪሙ አለች ብዙ ጊዜ።
5017,1,Complaint,ወጣቱ ከ ፈቃድ ጋር ችግር አለው።
5018,8,Warning,አዛውንቱ መጽሔት አትንካ።
5019,8,Warning,ጓደኛዬ ደስታ አትንካ።
5020,2,Phatic,እግዚአብሔር ከጎንሽ ይሁን አንድ ሰው።
5021,3,Promise,ጎረቤቴ አሁን ይመጣል ብሎ ቃል ገብቷል።
5022,7,Suggestion,ምናልባት ወረቀት ማድረግ ይሻላል።
5023,3,Promise,በማታ እናቴ ጉዞ ታመጣለች።
5024,8,Warning,ወጣቶች ዜና አትንካ።
5025,5,Request,እባክዎ መረጃ ይላኩልኝ።
5026,7,Suggestion,ሴቶች ደብዳቤ ቢጠቀም ይሻላል።
5027,5,Request,እባክዎ መፍትሄ ያድርጉልኝ።
5028,3,Promise,ቃል እገባለሁ ስልክ እንደሚሆን።
5029,8,Warning,እህቴ እድል አትንካ።
5030,7,Suggestion,እህቴ ክፍያ ቢያደርግ ይሻላል።
5031,3,Promise,ወንድሞች በቀን ትመጣለች ብሎ ቃል ገብቷል።
5032,1,Complaint,ለምን ሽልማት እንዲህ ያሳዝናል ነው?
5033,6,Sarcasm/Irony,እንዴት ጥሩ ድል ነው! (በቀልድ)።
5034,7,Suggestion,እንዴት ቢሆን ሙያ ብናደርግ?
5035,6,Sarcasm/Irony,አዎ፣ እሱ በጣም ብልህ ነው... (በተቃራኒ)።
5036,4,Refusal,አሁን በቅርቡ አይሆንም።
5037,5,Request,ተማሪዎች ምክር ማግኘት ይችላል?
5038,2,Phatic,ሰላም ወዳጄ፣ እንዴት ነሽ?
5039,4,Refusal,ይህን ኮምፒውተር ማድረግ አልችልም።
5040,8,Warning,ይህን ወረቀት አታድርግ።
5041,0,Assertion,አዛውንቱ ጨዋታ አላት።
5042,8,Warning,ተጠንቀቅ! ስልክ ያሳዝናል ነው።
5043,4,Refusal,እኔ ሀሳብ አልቀበልም።
5044,8,Warning,አዛውንቶች ሀሳብ አትንካ።
5045,5,Request,እባክህ ቁልፍ ስጠኝ።
5046,6,Sarcasm/Irony,አዎ፣ መጽሐፍ በጣም ጥሩ ጥራት አለው... (በአስቂኝ)።
5047,4,Refusal,አይ፣ ዜና አልችልም።
5048,4,Refusal,እሱ እረፍት አይፈልግም።
5049,2,Phatic,እንዴት ነው ስራህ ነገ?
5050,1,Complaint,በማታ ማንም ጊዜ አላገኘም።
5051,3,Promise,በእርግጥ ጊዜ አደርጋለሁ።
5052,8,Warning,ተጠንቀቅ፣ ወጣቶች ይመጣል።
5053,0,Assertion,ክፍያ አስደሳች ነው።
5054,7,Suggestion,ይህን እድል መሞከር ጥሩ ነው።
5055,3,Promise,አስተናጋጁ በማለዳ ይመጣል ብሎ ቃል ገብቷል።
5056,4,Refusal,እናንተ ምክር አይፈልግም።
5057,8,Warning,ይህ ችግር አደገኛ ነው።
5058,4,Refusal,ወጣቶች ጊዜ አይፈልግም።
5059,1,Complaint,ይህ ደስታ በጣም አስቸጋሪ ነው፣ አልወድም።
5060,6,Sarcasm/Irony,አዎ፣ ገበሬዎች በጣም ብልህ ነው... (በተቃራኒ)።
5061,5,Request,ጓደኛዬ ቦታ ማግኘት ይችላል?
5062,0,Assertion,አንዳንድ ሰዎች አሁን ትምህርት ቤት ይገኛል።
5063,7,Suggestion,ምናልባት አደገኛ ሰላም መግዛት?
5064,6,Sarcasm/Irony,አዎ እናቶች በጣም ፈጣን ነው... (በቀልድ)።
5065,8,Warning,ተጠንቀቅ! ደስታ መጥፎ ነው።
5066,3,Promise,በእርግጠኝነት መስሪያ ቤት እገኛለሁ።
5067,7,Suggestion,ምናልባት ድርጊት ማድረግ ይሻላል።
5068,4,Refusal,አዛውንቱ እረፍት አይፈልግም።
5069,0,Assertion,ይህ ስልክ ውድ መሆኑን እረጋገጣለሁ።
5070,7,Suggestion,ምናልባት ቀላል ስብሰባ መግዛት?
5071,5,Request,ነጋዴዎች ህንፃ ማግኘት ይችላል?
5072,3,Promise,ብዙ ሰዎች በፍጥነት ይመጣል ብሎ ቃል ገብቷል።
5073,1,Complaint,ይህ ህንፃ በጣም ንጹህ ነው፣ አልወድም።
5074,0,Assertion,እውነቱን ለመናገር እርዳታ ዘገይተኛ ነው።
5075,0,Assertion,ኮንትራት በጣም ዘገይተኛ ነው።
5076,4,Refusal,ሹፌሩ ሙያ አይፈልግም።
5077,7,Suggestion,እንደእኔ አስተያየት መድሃኒት መቀየር ይሻላል።
5078,5,Request,እባክህ መንገድ ስጠኝ።
5079,4,Refusal,እሷ እረፍት አይፈልግም።
5080,3,Promise,በእርግጥ ዜና አደርጋለሁ።
5081,0,Assertion,እውነቱን ለመናገር ውሃ አስቸጋሪ ነው።
5082,3,Promise,በማታ ፖሊሱ ሀሳብ ታመጣለች።
5083,5,Request,እርዳኝ ሽልማት ለማግኘት።
5084,4,Refusal,እኔ ደብዳቤ አልቀበልም።
5085,0,Assertion,ዜና በጣም ፈጣን ነው።
5086,0,Assertion,በማለዳ አባቴ ፓርክ ነበር።
5087,2,Phatic,እንዴት ነው ጤንነትህ እሱ?
5088,0,Assertion,ቤት በጣም ፈጣን ነው።
5089,1,Complaint,ገንዘብ አልሰራም፣ ችግር አለ።
5090,1,Complaint,እሷ ስለ ንግግር ቅሬታ አለው።
5091,6,Sarcasm/Irony,እርግጥ፣ ቤት በጣም ውድ ነው... (በአስቂኝ)።
5092,0,Assertion,ሐኪሞች ዛሬ ቤት ይገኛል።
5093,0,Assertion,እውነቱን ለመናገር መኪና ርካሽ ነው።
5094,1,Complaint,ይህ መፍትሄ በጣም ደህንነቱ የተጠበቀ ነው፣ አልወድም።
5095,1,Complaint,ለምን ኮንትራት እንዲህ አስፈላጊ ነው?
5096,6,Sarcasm/Irony,አዎ፣ እድል በጣም ጥሩ ጥራት አለው... (በአስቂኝ)።
5097,2,Phatic,ሰላም ወጣቶች፣ እንዴት ነው ሁኔታው በፍጥነት?
5098,0,Assertion,እውነቱን ለመናገር ውሃ ደህንነቱ የተጠበቀ ነው።
5099,6,Sarcasm/Irony,እርግጥ፣ ሙያ በጣም ውድ ነው... (በአስቂኝ)።
5100,2,Phatic,ምን ዜና አለ ዛሬ ከ ባህር ዳር?
5101,2,Phatic,መልካም ሳምንት ልጆች።
5102,6,Sarcasm/Irony,እርግጥ፣ ሆስፒታል በጣም ቆንጆ ነው... (በሳቅ)።
5103,2,Phatic,ደህና ቀን ይሁንልህ መምህራን።
5104,8,Warning,ተጠንቀቅ! መፍትሄ ፈጣን ነው።
5105,8,Warning,ተጠንቀቅ! ዜና ፈጣን ነው።
5106,5,Request,አለቆች ምግብ ቤት ማግኘት ይችላል?
5107,6,Sarcasm/Irony,አዎ፣ ይህ ኮንትራት በጣም ጠቃሚ ነው... (በሳቅ)።
5108,5,Request,እርዳኝ አገልግሎት ለማግኘት።
5109,3,Promise,አትጨነቅ፣ ስልክ እከፍላለሁ።
5110,5,Request,አስተማሪው ፕሮጀክት ማግኘት ይችላል?
5111,4,Refusal,ሽልማት አልፈልግም፣ አመሰግናለሁ።
5112,3,Promise,ነገ አለቃዬ ድርጊት ያመጣል።
5113,7,Suggestion,ምናልባት ትልቅ ሆቴል መግዛት?
5114,8,Warning,ይህን ዕድል አታድርግ።
5115,4,Refusal,እኔ ድል አልቀበልም።
5116,4,Refusal,ጓደኛዬ ምግብ አይፈልግም።
5117,3,Promise,ቃል እገባለሁ አገልግሎት እንደሚሆን።
5118,7,Suggestion,ወዳጄ ሙያ ቢጠቀም ይሻላል።
5119,6,Sarcasm/Irony,አዎ፣ መጽሔት በጣም አስፈላጊ ነው... (በተቃራኒ)።
5120,8,Warning,ተጠንቀቅ! መጽሐፍ ፈጣን ነው።
5121,0,Assertion,ማንም አስፈላጊ ነው ብዙ ጊዜ።
5122,5,Request,ከፈቀድክ ውሳኔ ውሰድ።
5123,6,Sarcasm/Irony,እንዴት ውድ ነው! (በአስቂኝ መንገድ)።
5124,1,Complaint,ይህ ምግብ ቤት በጣም መጥፎ ነው፣ አልወድም።
5125,0,Assertion,ድርጊት አዲስ ነው።
5126,8,Warning,ተጠንቀቅ፣ ሐኪሞች ይመጣል።
5127,8,Warning,ልጄ ቅጣት አትንካ።
5128,3,Promise,አትጨነቅ፣ ዕድል እከፍላለሁ።
5129,7,Suggestion,ምናልባት በወር ብንገናኝ?
5130,5,Request,ሴቶች ህንፃ ማግኘት ይችላል?
5131,0,Assertion,ወንድሜ አለች ብዙ ጊዜ።
5132,2,Phatic,እግዚአብሔር ከአንቺ ጋር ይሁን አንተ።
5133,6,Sarcasm/Irony,አዎ፣ ክፍያ በጣም አስፈላጊ ነው... (በተቃራኒ)።
5134,8,Warning,ይህን እድል አታድርግ።
5135,4,Refusal,ህንፃ አልፈልግም፣ አመሰግናለሁ።
5136,3,Promise,በሰዓት ጎረቤቴ መጽሔት ታመጣለች።
5137,7,Suggestion,አስተናጋጁ መንገድ ቢጠቀም ይሻላል።
5138,3,Promise,አባቴ ከዚህ በፊት ትመጣለች ብሎ ቃል ገብቷል።
5139,4,Refusal,ሐኪሙ ፊልም አይፈልግም።
5140,8,Warning,ተጠንቀቅ! ምግብ ቤት አደገኛ ነው።
5141,0,Assertion,ነገ ሁሉም ገበያ ነበር።
5142,8,Warning,ተጠንቀቅ! ጉብኝት አስደሳች ነው።
5143,2,Phatic,ሰላም ወንዶች፣ ምን ሰራህ ነገ?
5144,1,Complaint,ለምን ቁልፍ እንዲህ አስቸጋሪ ነው?
5145,8,Warning,አትርሳ ጉብኝት።
5146,6,Sarcasm/Irony,እንዴት ትልቅ ቁልፍ ነው! (በቀልድ)።
5147,2,Phatic,ደስ ብሎኛል ስለሰማሁሽ ዳኛው።
5148,0,Assertion,ይህ ስብሰባ አስደሳች መሆኑን እረጋገጣለሁ።
5149,4,Refusal,አንተ መጽሔት አይፈልግም።
5150,0,Assertion,ትናንት ፖሊሱ አዋሳ ነበር።
5151,4,Refusal,አለቆች ዕረፍት አይፈልግም።
5152,2,Phatic,ሰላምታዬን አቀርባለሁ አባቴ።
5153,6,Sarcasm/Irony,በጣም ያሳዝናል ነው፣ ማንም አይቃወምም... (በቀልድ)።
5154,8,Warning,አስተማሪው ስልጠና አትንካ።
5155,1,Complaint,ሰራተኛው ከ ወረቀት ጋር ችግር አለው።
5156,1,Complaint,ለምን ሰራተኞች እድል አልሰጠኝም?
5157,8,Warning,ሐኪሙ ሙያ አትንካ።
5158,5,Request,ደንበኞች ውሃ ማግኘት ይችላል?
5159,6,Sarcasm/Irony,አዎ፣ ይህ ደስ የሚል ሀሳብ ነው... (በሳቅ)።
5160,3,Promise,በቀን ሰራተኞች ዜና ታመጣለች።
5161,3,Promise,አሁን ሹፌሩ ውሃ ያመጣል።
5162,2,Phatic,እንኳን ለልደትህ አደረሰ አስተማሪው።
5163,5,Request,ሐኪሙ ስልጠና ማግኘት ይችላል?
5164,4,Refusal,እኛ ዕድል አይፈልግም።
5165,1,Complaint,በጊዜው ሴቶች መፍትሄ አላገኘም።
5166,8,Warning,እህቶች መጽሐፍ አትንካ።
5167,5,Request,ሐኪሞች መጽሐፍ ማግኘት ይችላል?
5168,0,Assertion,ድልድይ መጥፎ ነው።
5169,6,Sarcasm/Irony,ነጋዴዎች ሁልጊዜ ትክክል ነው፣ እርግጥ ነው... (በሳቅ)።
5170,8,Warning,ተጠንቀቅ! ክፍያ አዲስ ነው።
5171,8,Warning,ይህን ፕሮጀክት አታድርግ።
5172,0,Assertion,አለቆች መኪና አላት።
5173,1,Complaint,ለምን ሙዚቃ እንዲህ አደገኛ ነው?
5174,5,Request,አባቴ መረጃ ማግኘት ይችላል?
5175,4,Refusal,አዛውንቱ አገልግሎት አይፈልግም።
5176,7,Suggestion,ማንም ችግር ቢያደርግ ይሻላል።
5177,5,Request,አስተናጋጁ ክፍያ ማግኘት ይችላል?
5178,7,Suggestion,እንደእኔ አስተያየት ቦታ መቀየር ይሻላል።
5179,1,Complaint,ሐኪሞች ከ አገልግሎት ጋር ችግር አለው።
5180,3,Promise,አንድ ሰው ነገ ይመጣል ብሎ ቃል ገብቷል።
5181,3,Promise,ነገ እኛ ምግብ ታመጣለች።
5182,8,Warning,ተጠንቀቅ! ኮንትራት አደገኛ ነው።
5183,1,Complaint,እኔ ስለ ቅጣት ቅሬታ አለው።
5184,0,Assertion,ወጣቶች በወር መስሪያ ቤት ይገኛል።
5185,3,Promise,በወር ሹፌሩ መድሃኒት ታመጣለች።
5186,4,Refusal,ታካሚዎች ስራ አይፈልግም።
5187,1,Complaint,ከዚህ በፊት እኔ ደስታ አላገኘም።
5188,5,Request,አለቆች ፕሮጀክት ማግኘት ይችላል?
5189,2,Phatic,መልካም ጊዜ ይሁንልሽ ከዚህ በፊት።
5190,8,Warning,አንዳንድ ሰዎች መንገድ አትንካ።
5191,4,Refusal,ወንድሞች ሽልማት አይፈልግም።
5192,1,Complaint,ሰራተኛው ገንዘብ ስለ አዲስ መሆኑ ያማርራል።
5193,6,Sarcasm/Irony,እርግጥ፣ ፓርክ በጣም ቅርብ ነው... (በሳቅ)።
5194,1,Complaint,ወንድሜ ስለ እቅድ ቅሬታ አለው።
5195,1,Complaint,ይህ ስብሰባ በጣም ፈጣን ነው፣ አልወድም።
5196,5,Request,ወንድሜ ዜና ማግኘት ይችላል?
5197,6,Sarcasm/Irony,እርግጥ ነው፣ ጨዋታ በጣም አስደሳች ነው... (በቀልድ)።
5198,3,Promise,እኛ በፍጥነት ይመጣል ብሎ ቃል ገብቷል።
5199,1,Complaint,እነሱ ውሳኔ ስለ አዲስ መሆኑ ያማርራል።
5200,2,Phatic,እንዴት ነው ቤተሰብህ አንድ ሰው?
5201,8,Warning,ተማሪዎች ሆቴል አትንካ።
5202,5,Request,ወንድሜ መፍትሄ ማግኘት ይችላል?
5203,5,Request,ይህን ቤት ማየት እችላለሁ?
5204,6,Sarcasm/Irony,ልጄ በጣም ታማኝ ነው፣ አይዋሽም... (በተቃራኒ)።
5205,3,Promise,ቃል እገባለሁ ምግብ ቤት እንደሚሆን።
5206,8,Warning,ተጠንቀቅ! ጤና አዲስ ነው።
5207,3,Promise,በማለዳ ወዳጄ ፈቃድ ታመጣለች።
5208,2,Phatic,ደህና ሁኚ አዛውንቱ ከ ቢሮ።
5209,5,Request,አስተማሪው መጽሔት ማግኘት ይችላል?
5210,3,Promise,አሁን ተማሪዎች ሙዚቃ ታመጣለች።
5211,8,Warning,አደጋ አለ! ምግብ ቤት ተጠንቀቅ።
5212,8,Warning,አደጋ አለ! ሙዚቃ ተጠንቀቅ።
5213,8,Warning,ይህ ሙዚቃ አደገኛ ነው።
5214,7,Suggestion,ሰራተኞች ፊልም ቢያደርግ ይሻላል።
5215,7,Suggestion,እኔ እረፍት እንድታደርግ እመክራለሁ።
5216,5,Request,ጓደኛዬ መጽሐፍ ማግኘት ይችላል?
5217,4,Refusal,ይህን ቤት ማድረግ አልችልም።
5218,5,Request,አንድ ሰው መጽሔት ማግኘት ይችላል?
5219,0,Assertion,እውነቱን ለመናገር ምግብ ቤት ጥሩ ነው።
5220,7,Suggestion,ምናልባት አስቸጋሪ ኮንትራት መግዛት?
5221,5,Request,ነጋዴዎች ቅጣት ማግኘት ይችላል?
5222,0,Assertion,ይህ ቁልፍ ርካሽ መሆኑን እረጋገጣለሁ።
5223,6,Sarcasm/Irony,ልጆች ሁልጊዜ ትክክል ነው... (በሳቅ)።
5224,6,Sarcasm/Irony,በጣም ቀላል ነው፣ አልችልም እንዳልል።
5225,0,Assertion,መንገድ ትልቅ ነው።
5226,4,Refusal,አስተማሪው ቤት አይፈልግም።
5227,5,Request,እርዳኝ ዜና ለማግኘት።
5228,3,Promise,ትናንት አንተ ሽልማት ታመጣለች።
5229,0,Assertion,ብር በጣም አሮጌ ነው።
5230,4,Refusal,ታካሚዎች ኮንትራት አይፈልግም።
5231,4,Refusal,እነሱ ውሃ አይፈልግም።
5232,3,Promise,እሱ ዛሬ ይመጣል ብሎ ቃል ገብቷል።
5233,4,Refusal,ይቅርታ፣ መንገድ አልሰጥም።
5234,5,Request,እባክሽ ጤና ስጠኝ።
5235,7,Suggestion,ተማሪው ፈቃድ ቢጠቀም ይሻላል።
5236,2,Phatic,ሰላም ባለቤቴ፣ እንዴት ናችሁ?
5237,5,Request,እኔ ክፍያ ማግኘት ይችላል?
5238,7,Suggestion,እንግዶች ንግግር ቢያደርግ ይሻላል።
5239,8,Warning,ተጠንቀቅ፣ እኛ ይመጣል።
5240,3,Promise,ተማሪዎች ነገ ይመጣል ብሎ ቃል ገብቷል።
5241,4,Refusal,አባቴ ሀሳብ አይፈልግም።
5242,7,Suggestion,ልጄ ጊዜ ቢያደርግ ይሻላል።
5243,6,Sarcasm/Irony,በጣም ጥሩ ነው፣ ማንም አያውቅም... (በሳቅ)።
5244,3,Promise,በቅርቡ ጓደኞች ጉብኝት ታመጣለች።
5245,8,Warning,ተጠንቀቅ! እረፍት አደገኛ ነው።
5246,8,Warning,ተጠንቀቅ! ምግብ ቤት አሮጌ ነው።
5247,7,Suggestion,አባቴ ስራ ቢጠቀም ይሻላል።
5248,4,Refusal,ብዙ ሰዎች ስልጠና አይፈልግም።
5249,2,Phatic,መልካም ቀን ፖሊሱ።
5250,3,Promise,ሐኪሞች አሁን ትመጣለች ብሎ ቃል ገብቷል።
5251,1,Complaint,እንግዶች ስለ ደስታ ቅሬታ አለው።
5252,1,Complaint,አባቶች ስለ ምክር ቅሬታ አለው።
5253,1,Complaint,ተማሪዎች ምግብ ስለ ትንሽ መሆኑ ያማርራል።
5254,3,Promise,ነገ እህቴ መኪና ታመጣለች።
5255,8,Warning,ሴቶች ጤና አትንካ።
5256,8,Warning,ተጠንቀቅ! ጤና አስቸጋሪ ነው።
5257,7,Suggestion,ልጆች ንግግር ቢያደርግ ይሻላል።
5258,8,Warning,ይህን እረፍት አታድርግ።
5259,5,Request,እባክዎ መጽሐፍ ይላኩልኝ።
5260,3,Promise,አትጨነቅ፣ ጉብኝት እከፍላለሁ።
5261,0,Assertion,ገበሬዎች እቅድ አላት።
5262,5,Request,እባክዎ ወረቀት ይላኩልኝ።
5263,2,Phatic,በሰላም ኑር ወንዶች።
5264,3,Promise,ባለሙያው በፍጥነት ትመጣለች ብሎ ቃል ገብቷል።
5265,0,Assertion,እውነቱን ለመናገር መፍትሄ ውድ ነው።
5266,5,Request,ከፈቀድሽ አገልግሎት ውሰድ።
5267,3,Promise,ወንድሞች በወር ይመጣል ብሎ ቃል ገብቷል።
5268,1,Complaint,እኔ ስለ ደብዳቤ ቅሬታ አለው።
5269,8,Warning,አደጋ አለ! አገልግሎት ተጠንቀቅ።
5270,3,Promise,አንተ በሰዓት ይመጣል ብሎ ቃል ገብቷል።
5271,2,Phatic,ሰላምታዬን ለቤተሰብሽ አቀርባለሁ ወንዶች።
5272,2,Phatic,እንዴት አለፍክ በጊዜው አባቴ?
5273,3,Promise,በቅርቡ አንቺ ሰላም ታመጣለች።
5274,8,Warning,እህቴ አገልግሎት አትንካ።
5275,6,Sarcasm/Irony,እንዴት ትንሽ ነው! (በአስቂኝ መንገድ)።
5276,4,Refusal,አዛውንቶች ደብዳቤ አይፈልግም።
5277,3,Promise,አንተ በማታ ትመጣለች ብሎ ቃል ገብቷል።
5278,5,Request,አዛውንቶች ሙያ ማግኘት ይችላል?
5279,0,Assertion,መድሃኒት ቀላል ነው።
5280,3,Promise,ነገ አስተናጋጁ ጉዞ ያመጣል።
5281,8,Warning,ተጠንቀቅ! ትምህርት ደህንነቱ የተጠበቀ ነው።
5282,4,Refusal,ስልክ አልፈልግም፣ አመሰግናለሁ።
5283,8,Warning,ተጠንቀቅ! ድርጊት ያሳዝናል ነው።
5284,0,Assertion,እንግዶች ድልድይ አላት።
5285,4,Refusal,አዛውንቶች ሰላም አይፈልግም።
5286,4,Refusal,እህቶች ሙዚቃ አይፈልግም።
5287,3,Promise,ነገ ገበሬዎች መረጃ ታመጣለች።
5288,8,Warning,ይህ ዘገይተኛ ነው፣ ተጠንቀቅ።
5289,5,Request,ተማሪዎች መረጃ ማግኘት ይችላል?
5290,1,Complaint,አንተ ስለ ድል ቅሬታ አለው።
5291,4,Refusal,አይ፣ ኮንትራት አልችልም።
5292,3,Promise,ከዚህ በፊት ነጋዴዎች ኮንትራት ታመጣለች።
5293,4,Refusal,እድል አልፈልግም፣ አመሰግናለሁ።
5294,6,Sarcasm/Irony,እንዴት ያለ ፍጹም ጉዞ ነው! (በሳቅ)።
5295,6,Sarcasm/Irony,ብዙ ሰዎች ሁልጊዜ ትክክለኛ ውሳኔ ያደርጋል... (በቀልድ)።
5296,1,Complaint,እህቶች ስለ ምግብ ቅሬታ አለው።
5297,4,Refusal,አስተናጋጁ ደብዳቤ አይፈልግም።
5298,5,Request,ልጄ ጊዜ ማግኘት ይችላል?
5299,5,Request,አንቺ ሀሳብ ማግኘት ይችላል?
5300,5,Request,አስተናጋጁ ዜና ማግኘት ይችላል?
5301,4,Refusal,ባለሙያው ብር አይፈልግም።
5302,7,Suggestion,ወንዶች ውሳኔ ቢያደርግ ይሻላል።
5303,1,Complaint,ፖሊሱ ስለ እድል ቅሬታ አለው።
5304,4,Refusal,አንቺ ሰላም አይፈልግም።
5305,8,Warning,ይህ አስፈላጊ ነው፣ ተጠንቀቅ።
5306,0,Assertion,ይህ መኪና አሮጌ መሆኑን እረጋገጣለሁ።
5307,8,Warning,አትርሳ ሙዚቃ።
5308,1,Complaint,ለምን አገልግሎት እንዲህ ጥሩ ነው?
5309,3,Promise,ቃል እገባለሁ ድርጊት እንደሚሆን።
5310,6,Sarcasm/Irony,ሁሉም ሰው ትምህርት ይወዳል... (በአስቂኝ)።
5311,1,Complaint,ለምን ሙዚቃ እንዲህ ንጹህ ነው?
5312,5,Request,ከፈቀድክ እቅድ ውሰድ።
5313,2,Phatic,እንኳን ለሠርጉ አደረሰ ደንበኞች።
5314,0,Assertion,እውነቱን ለመናገር ሰላም አስቸጋሪ ነው።
5315,5,Request,ተማሪው ንግግር ማግኘት ይችላል?
5316,7,Suggestion,ምናልባት ርካሽ ድል መግዛት?
5317,7,Suggestion,ምናልባት ከባድ ሙያ መግዛት?
5318,7,Suggestion,ምናልባት አሮጌ ደስታ መግዛት?
5319,6,Sarcasm/Irony,ዳኛው በጣም ብልህ ነው፣ አልሳሳም... (በአስቂኝ)።
5320,7,Suggestion,ምናልባት ውድ ህንፃ መግዛት?
5321,0,Assertion,ሰራተኛው ብር አሮጌ ይቻላል።
5322,1,Complaint,ለምን ወረቀት እንዲህ አስፈላጊ ነው?
5323,4,Refusal,እንግዶች ምግብ ቤት አይፈልግም።
5324,3,Promise,ቃል እገባለሁ ኮንትራት እንደሚሆን።
5325,4,Refusal,ይህን እድል ማድረግ አልችልም።
5326,4,Refusal,ሐኪሞች ሙያ አይፈልግም።
5327,8,Warning,ይህን ንግግር አታድርግ።
5328,6,Sarcasm/Irony,እርግጥ፣ ጤና በጣም ውድ ነው... (በአስቂኝ)።
5329,3,Promise,በእርግጠኝነት ባህር ዳር እገኛለሁ።
5330,6,Sarcasm/Irony,አለቃዬ ሁልጊዜ ትክክለኛ ውሳኔ ያደርጋል... (በቀልድ)።
5331,6,Sarcasm/Irony,ህንፃ በጣም ውድ ነው፣ ግን ዋጋው አለው... (በቀልድ)።
5332,0,Assertion,ወዳጄ ጉዞ አላት።
5333,5,Request,አለቃዬ ቦታ ማግኘት ይችላል?
5334,8,Warning,ተጠንቀቅ! እቅድ መጥፎ ነው።
5335,0,Assertion,ይህ ኮንትራት ደህንነቱ የተጠበቀ መሆኑን እረጋገጣለሁ።
5336,5,Request,እርዳኝ ምግብ ለማግኘት።
5337,0,Assertion,መፍትሄ ንጹህ ነው።
5338,3,Promise,እነሱ ከዚህ በፊት ትመጣለች ብሎ ቃል ገብቷል።
5339,4,Refusal,እሱ ሽልማት አይፈልግም።
5340,4,Refusal,ሰራተኛው መጽሐፍ አይፈልግም።
5341,1,Complaint,ጓደኛዬ ከ መጽሐፍ ጋር ችግር አለው።
5342,7,Suggestion,ምናልባት ቀላል ቁልፍ መግዛት?
5343,1,Complaint,በቀን ብዙ ሰዎች ሆቴል አላገኘም።
5344,8,Warning,ይህ ቀላል ነው፣ ተጠንቀቅ።
5345,3,Promise,ነገ ነጋዴዎች ሙዚቃ ያመጣል።
5346,4,Refusal,እኔ ስልክ አልቀበልም።
5347,8,Warning,ተጠንቀቅ፣ አባቴ ይመጣል።
5348,3,Promise,ከዚህ በኋላ አባቶች ትምህርት ታመጣለች።
5349,4,Refusal,ተማሪው ሆቴል አይፈልግም።
5350,7,Suggestion,ጓደኛዬ ደስታ ቢያደርግ ይሻላል።
5351,6,Sarcasm/Irony,ወጣቶች በጣም ብልህ ነው፣ አልሳሳም... (በአስቂኝ)።
5352,7,Suggestion,ይህን ህንፃ መሞከር ጥሩ ነው።
5353,1,Complaint,ይህ ድልድይ በጣም ፈጣን ነው፣ አልወድም።
5354,3,Promise,በቀን እህቴ ቤት ያመጣል።
5355,7,Suggestion,አለቃዬ ቅጣት ቢያደርግ ይሻላል።
5356,4,Refusal,ወንድሜ ችግር አይፈልግም።
5357,3,Promise,ትናንት አንዳንድ ሰዎች ቅጣት ታመጣለች።
5358,8,Warning,ይህ ምግብ ቤት አደገኛ ነው።
5359,4,Refusal,አንድ ሰው ሙዚቃ አይፈልግም።
5360,8,Warning,አደጋ አለ! ቅጣት ተጠንቀቅ።
5361,5,Request,አንዳንድ ሰዎች ውሃ ማግኘት ይችላል?
5362,7,Suggestion,ባለሙያው ጉብኝት ቢያደርግ ይሻላል።
5363,3,Promise,ይህን ጉብኝት እጠብቃለሁ።
5364,2,Phatic,ሰላም ወንዶች፣ ምን ሰራህ በወር?
5365,0,Assertion,ወዳጄ በሰዓት ቤት ይገኛል።
5366,0,Assertion,ወንድሞች በሰዓት ትምህርት ቤት ይገኛል።
5367,6,Sarcasm/Irony,ሁሉም ሰው መንገድ ይወዳል... (በአስቂኝ)።
5368,3,Promise,አንቺ በማታ ትመጣለች ብሎ ቃል ገብቷል።
5369,8,Warning,ተጠንቀቅ፣ ወንድሜ ይመጣል።
5370,1,Complaint,እኛ ስለ እረፍት ቅሬታ አለው።
5371,6,Sarcasm/Irony,ባለሙያው ሁልጊዜ በጊዜው ይመጣል... (በቀልድ)።
5372,5,Request,ከፈቀድሽ ሰላም ውሰድ።
5373,5,Request,ገበሬዎች ክፍያ ማግኘት ይችላል?
5374,1,Complaint,አለቃዬ ስለ ፈቃድ ቅሬታ አለው።
5375,5,Request,እናንተ መፍትሄ ማግኘት ይችላል?
5376,0,Assertion,ጎረቤቴ ዛሬ ባንክ ይገኛል።
5377,3,Promise,እኔ ፈቃድ እሰጥሻለሁ።
5378,8,Warning,አደጋ አለ! እረፍት ተጠንቀቅ።
5379,1,Complaint,ጎረቤቴ ድልድይ ስለ መጥፎ መሆኑ ያማርራል።
5380,8,Warning,ተጠንቀቅ! ደብዳቤ ውድ ነው።
5381,4,Refusal,ወንዶች ቦታ አይፈልግም።
5382,4,Refusal,አይ፣ ጤና አልችልም።
5383,4,Refusal,አንድ ሰው ምክር አይፈልግም።
5384,0,Assertion,እሷ እቅድ አላት።
5385,1,Complaint,ይህ እረፍት በጣም አዲስ ነው፣ አልወድም።
5386,0,Assertion,ታካሚዎች ከዚህ በፊት ባንክ ይገኛል።
5387,2,Phatic,በጣም ደስ ብሎኛል እኔ።
5388,6,Sarcasm/Irony,እርግጥ ነው፣ ንግግር በጣም ርካሽ ነው... (በቀልድ)።
5389,1,Complaint,ይህ ስብሰባ በጣም አዲስ ነው፣ አልወድም።
5390,2,Phatic,እንኳን ደህና መጣሽ ከ ከተማ።
5391,4,Refusal,እኔ ዕረፍት አልቀበልም።
5392,2,Phatic,መልካም ቀን ሐኪሙ።
5393,0,Assertion,ገበሬዎች በማታ ሐረር ይገኛል።
5394,1,Complaint,ይህ ዕረፍት በጣም ቀላል ነው፣ አልወድም።
5395,1,Complaint,ብዙ ሰዎች ስለ መፍትሄ ቅሬታ አለው።
5396,3,Promise,እኔ ምግብ ቤት አላረሳም።
5397,7,Suggestion,እኔ ቤት እንድታደርግ እመክራለሁ።
5398,2,Phatic,በደህና ሂጂ ወንድሞች።
5399,1,Complaint,ለምን ድልድይ እንዲህ አሮጌ ነው?
5400,8,Warning,ተጠንቀቅ! ጉዞ አሮጌ ነው።
5401,2,Phatic,ደህና ሁን አለቆች።
5402,7,Suggestion,ይህን ሽልማት መሞከር ጥሩ ነው።
5403,4,Refusal,አሁን በወር አይሆንም።
5404,1,Complaint,ገበሬዎች ስለ ጨዋታ ቅሬታ አለው።
5405,1,Complaint,ለምን ጊዜ እንዲህ አሮጌ ነው?
5406,0,Assertion,ደንበኞች ሽልማት አስፈላጊ አስፈላጊ ነው።
5407,8,Warning,ባለሙያው መኪና አትንካ።
5408,5,Request,ከፈቀድክ ጊዜ ውሰድ።
5409,3,Promise,ሐኪሙ በቀን ይመጣል ብሎ ቃል ገብቷል።
5410,4,Refusal,ማንም ዜና አይፈልግም።
5411,5,Request,እባክህ ደስታ አስረዳኝ።
5412,6,Sarcasm/Irony,አባቴ ሁልጊዜ ትክክለኛ ውሳኔ ያደርጋል... (በቀልድ)።
5413,0,Assertion,አንተ ብር አለው።
5414,7,Suggestion,ወንድሞች ምግብ ቢጠቀም ይሻላል።
5415,3,Promise,እኔ ጤና እሰጥሃለሁ።
5416,8,Warning,አዛውንቶች ጨዋታ አትንካ።
5417,2,Phatic,በጣም ደስ ብሎኛል ስለተገናኘን በጊዜው።
5418,5,Request,ልጆች ስልጠና ማግኘት ይችላል?
5419,4,Refusal,ይህን ትምህርት ማድረግ አልችልም።
5420,1,Complaint,ተማሪው ስለ ችግር ቅሬታ አለው።
5421,0,Assertion,ይህ ስራ አስፈላጊ መሆኑን እረጋገጣለሁ።
5422,4,Refusal,ወንድሜ ምክር አይፈልግም።
5423,5,Request,እባክዎ መንደር ይሂዱ።
5424,5,Request,ጎረቤቴ ትምህርት ማግኘት ይችላል?
5425,7,Suggestion,ሰራተኛው ቦታ ቢያደርግ ይሻላል።
5426,5,Request,ሰራተኞች ገንዘብ ማግኘት ይችላል?
5427,1,Complaint,ለምን ተማሪዎች ክፍያ አልሰጠኝም?
5428,8,Warning,ተጠንቀቅ! ስልጠና ቀላል ነው።
5429,0,Assertion,ከዚህ በኋላ መምህራን ሆስፒታል ነበር።
5430,2,Phatic,ሰላም ጓደኞች፣ ምን ሰራህ ከ ቢሮ?
5431,1,Complaint,ጓደኛዬ ስለ ድል ቅሬታ አለው።
5432,8,Warning,ተጠንቀቅ! ወረቀት ንጹህ ነው።
5433,1,Complaint,ጓደኛዬ ደብዳቤ ስለ ከባድ መሆኑ ያማርራል።
5434,0,Assertion,እናቶች ቤት አላት።
5435,8,Warning,ሁሉም ውሳኔ አትንካ።
5436,6,Sarcasm/Irony,አዎ፣ መቀሌ በጣም ደህንነቱ የተጠበቀ ነው... (በተቃራኒ)።
5437,4,Refusal,መምህራን መድሃኒት አይፈልግም።
5438,3,Promise,ይህን እድል እጠብቃለሁ።
5439,7,Suggestion,ማንም ስብሰባ ቢያደርግ ይሻላል።
5440,1,Complaint,ለምን ቅጣት እንዲህ መጥፎ ነው?
5441,5,Request,እርዳኝ ሆቴል ለማግኘት።
5442,6,Sarcasm/Irony,እርግጥ፣ ጓደኞች በጣም ታማኝ ነው... (በአስቂኝ)።
5443,8,Warning,አንዳንድ ሰዎች ውሳኔ አትንካ።
5444,3,Promise,አስተማሪው ዛሬ ትመጣለች ብሎ ቃል ገብቷል።
5445,5,Request,እሷ ትምህርት ማግኘት ይችላል?
5446,8,Warning,ተጠንቀቅ! ኮንትራት አስደሳች ነው።
5447,0,Assertion,ወዳጄ ከዚህ በፊት መንደር ይገኛል።
5448,7,Suggestion,ልጄ ፕሮጀክት ቢያደርግ ይሻላል።
5449,1,Complaint,ማንም ሰላም ስለ አሮጌ መሆኑ ያማርራል።
5450,0,Assertion,ሐኪሙ ድልድይ አለው።
5451,5,Request,እባክሽ ጉብኝት ስጠኝ።
5452,4,Refusal,እሷ ድል አይፈልግም።
5453,6,Sarcasm/Irony,አዎ፣ ድርጊት በጣም አስፈላጊ ነው ለሁሉም... (በተቃራኒ)።
5454,7,Suggestion,ተማሪው ወረቀት ቢያደርግ ይሻላል።
5455,3,Promise,እህቶች በሳምንት ትመጣለች ብሎ ቃል ገብቷል።
5456,2,Phatic,እግዚአብሔር ይባርክህ ከ መስሪያ ቤት።
5457,7,Suggestion,ባለቤቴ ስብሰባ ቢያደርግ ይሻላል።
5458,8,Warning,እነሱ ቦታ አትንካ።
5459,0,Assertion,መምህራን ሽልማት አሮጌ ይቻላል።
5460,4,Refusal,አይ፣ ፈቃድ አልችልም።
5461,2,Phatic,መልካም ጊዜ ይሁንልህ ወዳጄ።
5462,5,Request,አለቆች ጨዋታ ማግኘት ይችላል?
5463,6,Sarcasm/Irony,ሁሉም ሰው ቁልፍ ይወዳል... (በአስቂኝ)።
5464,0,Assertion,ገበሬዎች መጽሐፍ አስቸጋሪ አለች።
5465,6,Sarcasm/Irony,አዎ፣ ገበያ በጣም ደህንነቱ የተጠበቀ ነው... (በተቃራኒ)።
5466,3,Promise,በእርግጥ ውሳኔ አደርጋለሁ።
5467,3,Promise,ሰራተኞች በወር ትመጣለች ብሎ ቃል ገብቷል።
5468,2,Phatic,ደህና እንደምታድር ተስፋ አደርጋለሁ ጓደኞች።
5469,0,Assertion,ፕሮጀክት ትልቅ ነው።
5470,0,Assertion,ንግግር በጣም ትንሽ ነው።
5471,0,Assertion,እውነቱን ለመናገር ምግብ ቤት ደህንነቱ የተጠበቀ ነው።
5472,2,Phatic,እንኳን ለበዓል አደረሰሽ ታካሚዎች።
5473,6,Sarcasm/Irony,አዎ፣ ምግብ በጣም አስፈላጊ ነው ለሁሉም... (በተቃራኒ)።
5474,0,Assertion,እርዳታ አደገኛ ነው።
5475,1,Complaint,ለምን ዜና እንዲህ ጥሩ ነው?
5476,0,Assertion,እውነቱን ለመናገር መጽሐፍ አዲስ ነው።
5477,1,Complaint,ለምን ደንበኞች ውሳኔ አልሰጠኝም?
5478,5,Request,እባክዎ ፕሮጀክት ይላኩልኝ።
5479,3,Promise,ከዚህ በፊት ሁሉም መፍትሄ ያመጣል።
5480,4,Refusal,እናቶች ህንፃ አይፈልግም።
5481,6,Sarcasm/Irony,እንዴት አለቃዬ በጣም ፈጣን ነው! (በአስቂኝ)።
5482,3,Promise,እኔ መጽሐፍ እሰጥሃለሁ።
5483,3,Promise,ከዚህ በፊት ፖሊሱ እድል ታመጣለች።
5484,5,Request,እኔ ጨዋታ ማግኘት ይችላል?
5485,2,Phatic,እንኳን ለልደትሽ አደረሰ ታካሚዎች።
5486,1,Complaint,ከዚህ በኋላ አለቃዬ ሙያ አላገኘም።
5487,6,Sarcasm/Irony,እርግጥ፣ ቁልፍ በጣም ውድ ነው... (በአስቂኝ)።
5488,7,Suggestion,አስተናጋጁ ስብሰባ ቢጠቀም ይሻላል።
5489,5,Request,ልጆች ዜና ማግኘት ይችላል?
5490,3,Promise,ቃል እገባለሁ ሀሳብ እንደሚሆን።
5491,6,Sarcasm/Irony,እንዴት ያለ ጥሩ ገንዘብ ነው! (በተቃራኒ)።
5492,0,Assertion,መፍትሄ ርካሽ ነው።
5493,3,Promise,እሱ በቀን ይመጣል ብሎ ቃል ገብቷል።
5494,0,Assertion,ባለቤቴ ችግር አላት።
5495,4,Refusal,ዳኛው ችግር አይፈልግም።
5496,5,Request,ባለሙያው ፈቃድ ማግኘት ይችላል?
5497,5,Request,ወንዶች ፈቃድ ማግኘት ይችላል?
5498,0,Assertion,እውነቱን ለመናገር ስልጠና ትልቅ ነው።
5499,4,Refusal,ሰራተኞች ብር አይፈልግም።
5500,1,Complaint,በማለዳ አዛውንቶች ስብሰባ አላገኘም።
5501,4,Refusal,ይህን ኮንትራት ማድረግ አልችልም።
5502,8,Warning,ተጠንቀቅ! ሀሳብ አደገኛ ነው።
5503,0,Assertion,እሷ ንግግር አለው።
5504,3,Promise,በማለዳ መምህራን ጊዜ ታመጣለች።
5505,0,Assertion,ጎረቤቴ ይቆጠራል ብዙ ጊዜ።
5506,8,Warning,ተማሪዎች ሽልማት አትንካ።
5507,5,Request,እኔ ድል ማግኘት ይችላል?
5508,7,Suggestion,ፖሊሱ ሙያ ቢጠቀም ይሻላል።
5509,5,Request,እባክህ መጽሔት አስረዳኝ።
5510,6,Sarcasm/Irony,አዎ እኔ በጣም ፈጣን ነው... (በቀልድ)።
5511,6,Sarcasm/Irony,እርግጥ ነው፣ መኪና በጣም አዲስ ነው... (በቀልድ)።
5512,5,Request,እባክዎ መንገድ ያድርጉልኝ።
5513,1,Complaint,እናንተ ስለ መጽሔት ቅሬታ አለው።
5514,0,Assertion,ወንድሜ ስልጠና ቀላል አስፈላጊ ነው።
5515,5,Request,ይህን መድሃኒት ማየት እችላለሁ?
5516,0,Assertion,ገበሬዎች በሰዓት መቀሌ ይገኛል።
5517,7,Suggestion,ብዙ ሰዎች ቦታ ቢጠቀም ይሻላል።
5518,7,Suggestion,ጓደኞች ስብሰባ ቢጠቀም ይሻላል።
5519,2,Phatic,ቤተሰብህ ደህና ናቸው መምህራን?
5520,3,Promise,እኔ ንግግር አላረሳም።
5521,8,Warning,ሰራተኛው ጊዜ አትንካ።
5522,5,Request,እባክዎ ሽልማት ያድርጉልኝ።
5523,8,Warning,ይህ ከባድ ነው፣ ተጠንቀቅ።
5524,8,Warning,ይህ ወረቀት አደገኛ ነው።
5525,2,Phatic,ሰላም እናቶች፣ ምን ሰራህ በቀን?
5526,5,Request,እርዳኝ ንግግር ለማግኘት።
5527,6,Sarcasm/Irony,እናቴ ሁልጊዜ ትክክል ነው... (በሳቅ)።
5528,7,Suggestion,ልጆች ቁልፍ ቢጠቀም ይሻላል።
5529,4,Refusal,ደንበኞች ጊዜ አይፈልግም።
5530,5,Request,ከፈቀድሽ ፈቃድ ውሰድ።
5531,2,Phatic,እንዴት ነው ቤተሰብሽ ዳኛው?
5532,2,Phatic,ደስ ብሎኛል ስላየሁህ እናቴ።
5533,6,Sarcasm/Irony,እንዴት ያለ ጥሩ ስራ ነው! (በተቃራኒ)።
5534,7,Suggestion,እንደእኔ አስተያየት ትምህርት መቀየር ይሻላል።
5535,0,Assertion,ጓደኞች ጉዞ ጥሩ አሉ።
5536,8,Warning,ተጠንቀቅ! ህንፃ አስፈላጊ ነው።
5537,0,Assertion,ወንድሞች ይታወቃል ብዙ ጊዜ።
5538,4,Refusal,አባቴ አገልግሎት አይፈልግም።
5539,3,Promise,እናንተ ከዚህ በፊት ትመጣለች ብሎ ቃል ገብቷል።
5540,7,Suggestion,እኔ ቁልፍ ቢጠቀም ይሻላል።
5541,0,Assertion,አባቶች ጉዞ ደህንነቱ የተጠበቀ ነው።
5542,7,Suggestion,ይህን ውሃ መሞከር ጥሩ ነው።
5543,5,Request,እኔ መፍትሄ ማግኘት ይችላል?
5544,4,Refusal,ጓደኞች ቁልፍ አይፈልግም።
5545,2,Phatic,እንዴት ነው ቀኑ ከ አዲስ አበባ?
5546,1,Complaint,ለምን ዕረፍት እንዲህ ትልቅ ነው?
5547,4,Refusal,እናቶች ዕረፍት አይፈልግም።
5548,2,Phatic,እግዚአብሔር ይባርክህ ወንድሜ።
5549,3,Promise,በፍጥነት እኔ ፕሮጀክት ታመጣለች።
5550,0,Assertion,እውነቱን ለመናገር ዜና ንጹህ ነው።
5551,3,Promise,በቅርቡ ሹፌሩ ክፍያ ታመጣለች።
5552,2,Phatic,ጤናማ ቀን ይሁንልሽ አባቶች።
5553,2,Phatic,እንዴት ነው ሁኔታው አዋሳ መምህራን?
5554,8,Warning,አንዳንድ ሰዎች ዕድል አትንካ።
5555,2,Phatic,ምን አዲስ ነገር አለ በጊዜው ወጣቱ?
5556,1,Complaint,ሁሉም ከ ፊልም ጋር ችግር አለው።
5557,2,Phatic,እንዴት አለፍሽ አሁን ወጣቶች?
5558,7,Suggestion,ምናልባት ውድ መንገድ መግዛት?
5559,1,Complaint,ለምን እሱ ዕድል አልሰጠኝም?
5560,5,Request,እነሱ መንገድ ማግኘት ይችላል?
5561,1,Complaint,አለቃዬ ስለ እርዳታ ቅሬታ አለው።
5562,3,Promise,እኛ አሁን ትመጣለች ብሎ ቃል ገብቷል።
5563,0,Assertion,እኔ ችግር እንደሚያስፈልግ አውቃለሁ።
5564,7,Suggestion,አንተ እረፍት ቢያደርግ ይሻላል።
5565,4,Refusal,መምህራን መንገድ አይፈልግም።
5566,7,Suggestion,ሰራተኛው ህንፃ ቢያደርግ ይሻላል።
5567,4,Refusal,እናንተ ጊዜ አይፈልግም።
5568,0,Assertion,ሰራተኞች ወረቀት ትልቅ ናት።
5569,2,Phatic,እንኳን ደህና መጣህ ከ መስሪያ ቤት።
5570,3,Promise,በወር መምህራን ደስታ ታመጣለች።
5571,1,Complaint,በቀን ጓደኛዬ ስልጠና አላገኘም።
5572,8,Warning,ይህን መጽሐፍ አታድርግ።
5573,2,Phatic,እንኳን ለልደትሽ አደረሰ ሴቶች።
5574,0,Assertion,ቤት ውድ ነው።
5575,3,Promise,እኔ ዛሬ ትመጣለች ብሎ ቃል ገብቷል።
5576,8,Warning,ማንም ሙያ አትንካ።
5577,4,Refusal,አይ፣ እቅድ አልችልም።
5578,0,Assertion,እኔ ሆቴል እንደሚያስፈልግ አውቃለሁ።
5579,7,Suggestion,ተማሪዎች እቅድ ቢያደርግ ይሻላል።
5580,2,Phatic,እንኳን ለበዓል አደረሰህ አንቺ።
5581,2,Phatic,ደስ ብሎኛል ስለሰማሁሽ እሱ።
5582,5,Request,ጓደኞች ፊልም ማግኘት ይችላል?
5583,8,Warning,አንዳንድ ሰዎች እቅድ አትንካ።
5584,5,Request,እባክዎ ቢሮ ይሂዱ።
5585,0,Assertion,ሁሉም ይቻላል ብዙ ጊዜ።
5586,5,Request,ወንድሞች ጨዋታ ማግኘት ይችላል?
5587,8,Warning,ተጠንቀቅ! ንግግር ርካሽ ነው።
5588,0,Assertion,ሆቴል ጥሩ ነው።
5589,0,Assertion,ሴቶች በሳምንት መቀሌ ይገኛል።
5590,2,Phatic,እንዴት ነው ጤንነትህ ወንዶች?
5591,4,Refusal,ብዙ ሰዎች አገልግሎት አይፈልግም።
5592,0,Assertion,ሴቶች ውሳኔ ጥሩ ይመስላል።
5593,5,Request,ብዙ ሰዎች ምግብ ማግኘት ይችላል?
5594,6,Sarcasm/Irony,አዎ፣ አዛውንቱ በጣም ብልህ ነው... (በተቃራኒ)።
5595,6,Sarcasm/Irony,አዎ ባለሙያው በጣም ፈጣን ነው... (በቀልድ)።
5596,5,Request,አዛውንቶች ምግብ ማግኘት ይችላል?
5597,2,Phatic,ጤናማ ቀን ይሁንልህ ከዚህ በፊት።
5598,8,Warning,ተጠንቀቅ! መንገድ ከባድ ነው።
5599,5,Request,ሐኪሙ ሽልማት ማግኘት ይችላል?
5600,3,Promise,እኛ ዛሬ ትመጣለች ብሎ ቃል ገብቷል።
5601,2,Phatic,መልካም ሳምንት አንድ ሰው።
5602,3,Promise,አትጨነቅ፣ እድል እከፍላለሁ።
5603,6,Sarcasm/Irony,እንዴት ያለ ዕረፍት ነው! (በቀልድ)።
5604,1,Complaint,አንተ ስለ ሰላም ቅሬታ አለው።
5605,4,Refusal,አባቶች እረፍት አይፈልግም።
5606,6,Sarcasm/Irony,ወንድሞች በጣም ብልህ ነው፣ አልሳሳም... (በአስቂኝ)።
5607,4,Refusal,እኔ ቁልፍ አልቀበልም።
5608,8,Warning,እናንተ ሆቴል አትንካ።
5609,7,Suggestion,ወጣቱ መጽሔት ቢጠቀም ይሻላል።
5610,3,Promise,በእርግጥ ችግር አደርጋለሁ።
5611,6,Sarcasm/Irony,በጣም ቀላል ነው፣ ምንም አደጋ የለም... (በሳቅ)።
5612,7,Suggestion,እህቶች ክፍያ ቢጠቀም ይሻላል።
5613,8,Warning,ሹፌሩ እረፍት አትንካ።
5614,0,Assertion,ታካሚዎች በማለዳ ገበያ ይገኛል።
5615,5,Request,ከፈቀድሽ ሆቴል ውሰድ።
5616,2,Phatic,እንዴት አለፍሽ ከ ባንክ ሰራተኞች?
5617,8,Warning,ተጠንቀቅ! ጊዜ አሮጌ ነው።
5618,1,Complaint,እኔ ዕረፍት ስለ አዲስ መሆኑ ያማርራል።
5619,7,Suggestion,እኔ ስራ ቢጠቀም ይሻላል።
5620,0,Assertion,ዳኛው ከዚህ በኋላ መቀሌ ይገኛል።
5621,1,Complaint,ይህ እድል በጣም አዲስ ነው፣ አልወድም።
5622,3,Promise,ይህን መንገድ እጠብቃለሁ።
5623,4,Refusal,ጓደኛዬ ቤት አይፈልግም።
5624,2,Phatic,መልካም ጊዜ ይሁንልህ አባቴ።
5625,2,Phatic,እግዚአብሔር ከጎንህ ይሁን ፖሊሱ።
5626,5,Request,ሐኪሞች ድልድይ ማግኘት ይችላል?
5627,5,Request,ሴቶች ፈቃድ ማግኘት ይችላል?
5628,5,Request,ይህን እድል ማየት እችላለሁ?
5629,1,Complaint,ለምን ንግግር እንዲህ ንጹህ ነው?
5630,0,Assertion,ሹፌሩ ፊልም አደገኛ ይቆጠራል።
5631,4,Refusal,ተማሪው እድል አይፈልግም።
5632,8,Warning,ወጣቱ ምግብ ቤት አትንካ።
5633,5,Request,ሁሉም ዜና ማግኘት ይችላል?
5634,6,Sarcasm/Irony,አዎ፣ ስብሰባ በጣም አስፈላጊ ነው ለሁሉም... (በተቃራኒ)።
5635,2,Phatic,እንኳን ደህና መጣህ በፍጥነት።
5636,1,Complaint,ትናንት እናቴ ሰላም አላገኘም።
5637,0,Assertion,እውነቱን ለመናገር ትምህርት ዘገይተኛ ነው።
5638,4,Refusal,ባለቤቴ ሽልማት አይፈልግም።
5639,2,Phatic,መልካም ምሽት ከ አዋሳ ወንድሞች።
5640,5,Request,ገበሬዎች መረጃ ማግኘት ይችላል?
5641,4,Refusal,አዛውንቶች ጉዞ አይፈልግም።
5642,8,Warning,ይህ ድል አደገኛ ነው።
5643,0,Assertion,ስልጠና በጣም ርካሽ ነው።
5644,2,Phatic,ሰላም እኛ፣ ምን ሰራሽ ከ ሐረር?
5645,5,Request,እሱ ሰላም ማግኘት ይችላል?
5646,1,Complaint,ሐኪሞች ብር ስለ ዘገይተኛ መሆኑ ያማርራል።
5647,4,Refusal,ነጋዴዎች ፕሮጀክት አይፈልግም።
5648,8,Warning,ይህ ትልቅ ነው፣ ተጠንቀቅ።
5649,3,Promise,ማንም በቀን ትመጣለች ብሎ ቃል ገብቷል።
5650,7,Suggestion,ምናልባት ቀላል ዜና መግዛት?
5651,2,Phatic,ምን አዲስ ነገር አለ ፖሊሱ?
5652,5,Request,እባክዎ ፕሮጀክት ያድርጉልኝ።
5653,1,Complaint,ይህ ዕረፍት በጣም ንጹህ ነው፣ አልወድም።
5654,6,Sarcasm/Irony,አዎ፣ ገንዘብ በጣም አስፈላጊ ነው... (በተቃራኒ)።
5655,5,Request,እባክዎ እረፍት ያድርጉልኝ።
5656,8,Warning,ሰራተኞች ጤና አትንካ።
5657,7,Suggestion,እኔ ጊዜ እንድታደርግ እመክራለሁ።
5658,6,Sarcasm/Irony,እንዴት ያለ መረጃ ነው! (በቀልድ)።
5659,0,Assertion,መጽሔት በጣም ውድ ነው።
5660,3,Promise,በማለዳ እሷ ምክር ያመጣል።
5661,5,Request,እባክዎ ትምህርት ቤት ይሂዱ።
5662,7,Suggestion,ተማሪዎች ሙያ ቢጠቀም ይሻላል።
5663,7,Suggestion,እንዴት ቢሆን ደስታ ብናደርግ?
5664,0,Assertion,እኔ ስልክ አለው።
5665,8,Warning,አደጋ አለ! ፊልም ተጠንቀቅ።
5666,7,Suggestion,እንዴት ቢሆን ሐረር ብንሄድ?
5667,4,Refusal,እነሱ አገልግሎት አይፈልግም።
5668,8,Warning,አንድ ሰው ፈቃድ አትንካ።
5669,2,Phatic,ጤና ይስጥልኝ ጓደኞች ከ መንደር።
5670,6,Sarcasm/Irony,ገበሬዎች በጣም ብልህ ነው፣ አልሳሳም... (በአስቂኝ)።
5671,4,Refusal,ጓደኞች መድሃኒት አይፈልግም።
5672,8,Warning,ተጠንቀቅ! ሙዚቃ ትልቅ ነው።
5673,8,Warning,ልጆች ደብዳቤ አትንካ።
5674,7,Suggestion,አባቶች መፍትሄ ቢያደርግ ይሻላል።
5675,5,Request,ተማሪው ህንፃ ማግኘት ይችላል?
5676,8,Warning,ሰራተኛው ድርጊት አትንካ።
5677,4,Refusal,ብዙ ሰዎች ኮንትራት አይፈልግም።
5678,5,Request,እኛ ዕረፍት ማግኘት ይችላል?
5679,2,Phatic,ሰላም ፖሊሱ፣ ምን ሰራህ?
5680,5,Request,ጎረቤቴ ሰላም ማግኘት ይችላል?
5681,7,Suggestion,ወንድሜ እቅድ ቢያደርግ ይሻላል።
5682,1,Complaint,ይህ መፍትሄ በጣም አስፈላጊ ነው፣ አልወድም።
5683,4,Refusal,አይ፣ ክፍያ አልችልም።
5684,6,Sarcasm/Irony,እንዴት አደገኛ ሁኔታ ነው! (በቀልድ)።
5685,2,Phatic,እንኳን ደህና ኑር ወንዶች።
5686,1,Complaint,ልጄ ከ ቦታ ጋር ችግር አለው።
5687,4,Refusal,ልጄ ሙያ አይፈልግም።
5688,7,Suggestion,እኔ ምክር እንድታደርግ እመክራለሁ።
5689,6,Sarcasm/Irony,እንዴት አደገኛ መፍትሄ ነው! (በቀልድ)።
5690,0,Assertion,ወጣቱ ይመስላል ብዙ ጊዜ።
5691,0,Assertion,እውነቱን ለመናገር መኪና ጥሩ ነው።
5692,1,Complaint,ዳኛው ከ ችግር ጋር ችግር አለው።
5693,0,Assertion,ይህ ጨዋታ ቀላል መሆኑን እረጋገጣለሁ።
5694,1,Complaint,በጊዜው ፖሊሱ ሙያ አላገኘም።
5695,7,Suggestion,እንዴት ቢሆን ጉብኝት ብናደርግ?
5696,0,Assertion,ደንበኞች አገልግሎት አለው።
5697,2,Phatic,መልካም ጉዞ መምህራን።
5698,2,Phatic,መልካም ምሽት አሁን ሁሉም።
5699,3,Promise,ጓደኞች በሰዓት ትመጣለች ብሎ ቃል ገብቷል።
5700,3,Promise,አትጨነቅ፣ ሙያ እከፍላለሁ።
5701,3,Promise,ይህን እረፍት እጠብቃለሁ።
5702,1,Complaint,እህቴ ከ ውሳኔ ጋር ችግር አለው።
5703,3,Promise,ትናንት አባቴ ፈቃድ ያመጣል።
5704,2,Phatic,ምን ዜና አለ በቀን ከ ሆስፒታል?
5705,5,Request,ተማሪዎች እድል ማግኘት ይችላል?
5706,7,Suggestion,አዛውንቱ መጽሔት ቢጠቀም ይሻላል።
5707,0,Assertion,እኔ ዜና እንደሚያስፈልግ አውቃለሁ።
5708,2,Phatic,እንዴት ነው ጤንነትህ በፍጥነት?
5709,1,Complaint,ሁሉም ከ መፍትሄ ጋር ችግር አለው።
5710,1,Complaint,አንድ ሰው ስለ አገልግሎት ቅሬታ አለው።
5711,1,Complaint,ይህ መረጃ በጣም አዲስ ነው፣ አልወድም።
5712,5,Request,እባክዎ መንገድ ይሂዱ።
5713,7,Suggestion,ምናልባት አስፈላጊ ኮምፒውተር መግዛት?
5714,0,Assertion,እውነቱን ለመናገር ድርጊት ቀላል ነው።
5715,2,Phatic,ምን አዲስ ነገር አለ ከ መቀሌ?
5716,1,Complaint,ይህ ፈቃድ በጣም አስደሳች ነው፣ አልወድም።
5717,8,Warning,ተጠንቀቅ! ቤት አስቸጋሪ ነው።
5718,4,Refusal,ተማሪው ጨዋታ አይፈልግም።
5719,5,Request,እርዳኝ ስልክ ለማግኘት።
5720,8,Warning,ተጠንቀቅ! መንገድ ደህንነቱ የተጠበቀ ነው።
5721,5,Request,እባክህ መድሃኒት አስረዳኝ።
5722,0,Assertion,በማለዳ እህቶች መቀሌ ነበር።
5723,0,Assertion,እንግዶች በማለዳ ትምህርት ቤት ይገኛል።
5724,2,Phatic,ሰላም ጓደኛዬ፣ ምን ሰራህ?
5725,8,Warning,ጎረቤቴ ምግብ ቤት አትንካ።
5726,6,Sarcasm/Irony,እንዴት ንግግር በጣም ቀላል ነው! (በተቃራኒ)።
5727,4,Refusal,አንዳንድ ሰዎች ሙያ አይፈልግም።
5728,3,Promise,እናቴ በማታ ይመጣል ብሎ ቃል ገብቷል።
5729,8,Warning,ተጠንቀቅ! ንግግር አስደሳች ነው።
5730,5,Request,እህቴ ህንፃ ማግኘት ይችላል?
5731,1,Complaint,ይህ መድሃኒት በጣም አስፈላጊ ነው፣ አልወድም።
5732,5,Request,እባክህ ዕድል አስረዳኝ።
5733,1,Complaint,ለምን አባቶች ድርጊት አልሰጠኝም?
5734,8,Warning,እናቴ ምግብ ቤት አትንካ።
5735,7,Suggestion,ምናልባት ሙያ ማድረግ ይሻላል።
5736,2,Phatic,እግዚአብሔር ከአንተ ጋር ይሁን በወር።
5737,4,Refusal,ጓደኞች ውሃ አይፈልግም።
5738,0,Assertion,ይህ ምክር አዲስ መሆኑን እረጋገጣለሁ።
5739,1,Complaint,ለምን ድል እንዲህ ያሳዝናል ነው?
5740,5,Request,ከፈቀድክ ድል ውሰድ።
5741,2,Phatic,ደስ ብሎኛል ስለተገናኘን ከ ቤት።
5742,8,Warning,ተጠንቀቅ! ዕድል ርካሽ ነው።
5743,5,Request,አንተ ስራ ማግኘት ይችላል?
5744,8,Warning,ተጠንቀቅ! ዕረፍት ከባድ ነው።
5745,2,Phatic,እንኳን ደህና ኑር ዳኛው።
5746,3,Promise,ነገ ሴቶች ስራ ያመጣል።
5747,6,Sarcasm/Irony,እርግጥ፣ እኛ በጣም ታማኝ ነው... (በአስቂኝ)።
5748,5,Request,አባቴ ዕረፍት ማግኘት ይችላል?
5749,6,Sarcasm/Irony,አዎ፣ መረጃ በጣም አስፈላጊ ነው... (በተቃራኒ)።
5750,0,Assertion,ሴቶች አሁን አዋሳ ይገኛል።
5751,0,Assertion,ወዳጄ እርዳታ አላት።
5752,6,Sarcasm/Irony,እንግዶች በጣም ብልህ ነው፣ አልሳሳም... (በአስቂኝ)።
5753,5,Request,ፖሊሱ እድል ማግኘት ይችላል?
5754,2,Phatic,እንደገና እንገናኝ በቀን ከ ባንክ።
5755,0,Assertion,ይህ ጊዜ ያሳዝናል መሆኑን እረጋገጣለሁ።
5756,4,Refusal,ልጄ ቦታ አይፈልግም።
5757,7,Suggestion,ምናልባት ደህንነቱ የተጠበቀ አገልግሎት መግዛት?
5758,1,Complaint,ጓደኞች ምግብ ቤት ስለ ዘገይተኛ መሆኑ ያማርራል።
5759,2,Phatic,በጣም ደስ ብሎኛል ስለተገናኘን አባቴ።
5760,3,Promise,ይህን ቅጣት እጠብቃለሁ።
5761,6,Sarcasm/Irony,አዎ፣ አንድ ሰው በጣም ብልህ ነው... (በተቃራኒ)።
5762,8,Warning,ተጠንቀቅ! ምግብ ቤት አስደሳች ነው።
5763,7,Suggestion,እነሱ ንግግር ቢያደርግ ይሻላል።
5764,1,Complaint,ሁልጊዜ ሙያ ይጎድላል።
5765,0,Assertion,ወጣቱ ኮንትራት ርካሽ አለች።
5766,0,Assertion,እኔ ንግግር እንደሚያስፈልግ አውቃለሁ።
5767,0,Assertion,ወንዶች ይመስላል ብዙ ጊዜ።
5768,5,Request,ይህን ሙያ ማየት እችላለሁ?
5769,0,Assertion,ገበሬዎች በማለዳ ከተማ ይገኛል።
5770,7,Suggestion,አስተናጋጁ ክፍያ ቢጠቀም ይሻላል።
5771,8,Warning,ተጠንቀቅ፣ አስተማሪው ይመጣል።
5772,0,Assertion,ይህ መፍትሄ ደስ የሚል መሆኑን እረጋገጣለሁ።
5773,7,Suggestion,እንግዶች አገልግሎት ቢያደርግ ይሻላል።
5774,5,Request,እህቴ ቦታ ማግኘት ይችላል?
5775,4,Refusal,እናንተ ንግግር አይፈልግም።
5776,4,Refusal,ሰራተኞች ምግብ ቤት አይፈልግም።
5777,4,Refusal,ታካሚዎች ውሃ አይፈልግም።
5778,0,Assertion,ሰራተኛው በጊዜው መንገድ ይገኛል።
5779,4,Refusal,ዳኛው ድርጊት አይፈልግም።
5780,5,Request,ሹፌሩ ዜና ማግኘት ይችላል?
5781,6,Sarcasm/Irony,ሁሉም ነገር በጣም ጥሩ ነው... (በተቃራኒ)።
5782,5,Request,እርዳኝ ምክር ለማግኘት።
5783,6,Sarcasm/Irony,እንዴት ፈቃድ በጣም ቀላል ነው! (በተቃራኒ)።
5784,6,Sarcasm/Irony,እርግጥ ነው፣ ጊዜ በጣም ርካሽ ነው... (በአስቂኝ)።
5785,1,Complaint,በቅርቡ አንድ ሰው ስልጠና አላገኘም።
5786,6,Sarcasm/Irony,እርግጥ፣ ገበሬዎች በጣም ታማኝ ነው... (በአስቂኝ)።
5787,2,Phatic,እንዴት ነው ቤተሰብሽ ተማሪዎች?
5788,4,Refusal,አንተ ምግብ አይፈልግም።
5789,2,Phatic,ሰላም ማንም፣ እንዴት ነው ሁኔታው ዛሬ?
5790,2,Phatic,እንኳን ለበዓል አደረሰሽ በቅርቡ።
5791,1,Complaint,ባለሙያው ስለ ሽልማት ቅሬታ አለው።
5792,3,Promise,እኔ እረፍት አላረሳም።
5793,8,Warning,ደንበኞች ዕረፍት አትንካ።
5794,8,Warning,ተጠንቀቅ! ኮንትራት ፈጣን ነው።
5795,7,Suggestion,እነሱ እቅድ ቢጠቀም ይሻላል።
5796,3,Promise,በቅርቡ ዳኛው ፈቃድ ታመጣለች።
5797,1,Complaint,አሁን ልጆች ድርጊት አላገኘም።
5798,1,Complaint,ሐኪሞች ስለ ዕረፍት ቅሬታ አለው።
5799,1,Complaint,ለምን አስተማሪው እረፍት አልሰጠኝም?
5800,5,Request,እባክህ ቅጣት አስረዳኝ።
5801,7,Suggestion,አለቆች ዕድል ቢጠቀም ይሻላል።
5802,8,Warning,እኛ ቅጣት አትንካ።
5803,0,Assertion,በቅርቡ ጓደኞች ባህር ዳር ነበር።
5804,0,Assertion,ይህ ምግብ አዲስ መሆኑን እረጋገጣለሁ።
5805,2,Phatic,እንዴት አለፍሽ ከ መንደር ማንም?
5806,1,Complaint,በሳምንት ወንድሞች ገንዘብ አላገኘም።
5807,4,Refusal,አይ፣ መንገድ አልችልም።
5808,5,Request,እርዳኝ ሀሳብ ለማግኘት።
5809,8,Warning,ማንም ዕረፍት አትንካ።
5810,8,Warning,ተጠንቀቅ፣ አዛውንቱ ይመጣል።
5811,4,Refusal,ሹፌሩ ምክር አይፈልግም።
5812,3,Promise,በሰዓት አዛውንቶች ኮምፒውተር ታመጣለች።
5813,6,Sarcasm/Irony,አዎ፣ ይህ ንጹህ ሀሳብ ነው... (በሳቅ)።
5814,0,Assertion,አስተማሪው መረጃ አለው።
5815,6,Sarcasm/Irony,አዎ፣ አለቆች በጣም ብልህ ነው... (በተቃራኒ)።
5816,1,Complaint,በፍጥነት ሐኪሞች ሙዚቃ አላገኘም።
5817,5,Request,ነጋዴዎች ገንዘብ ማግኘት ይችላል?
5818,0,Assertion,በጊዜው ሁሉም ቤት ነበር።
5819,8,Warning,ይህን ክፍያ አታድርግ።
5820,6,Sarcasm/Irony,እንዴት ያለ ጥሩ ጉዞ ነው! (በተቃራኒ)።
5821,6,Sarcasm/Irony,አዎ፣ ቁልፍ በጣም አስፈላጊ ነው... (በተቃራኒ)።
5822,8,Warning,ሐኪሙ ቅጣት አትንካ።
5823,2,Phatic,እንዴት ነው ጤንነትሽ እኛ?
5824,1,Complaint,ለምን እቅድ እንዲህ ውድ ነው?
5825,4,Refusal,አዛውንቶች እረፍት አይፈልግም።
5826,3,Promise,እኔ ጉብኝት አላረሳም።
5827,8,Warning,ይህ ቅጣት አደገኛ ነው።
5828,8,Warning,እናቶች ሙያ አትንካ።
5829,7,Suggestion,ምናልባት ንግግር ማድረግ ይሻላል።
5830,1,Complaint,ልጄ ከ ደብዳቤ ጋር ችግር አለው።
5831,4,Refusal,ይህን ውሃ ማድረግ አልችልም።
5832,6,Sarcasm/Irony,አዎ እህቴ በጣም ፈጣን ነው... (በቀልድ)።
5833,2,Phatic,እንዴት አለፍሽ ከ ትምህርት ቤት ፖሊሱ?
5834,6,Sarcasm/Irony,እናቶች ሁልጊዜ ትክክለኛ ውሳኔ ያደርጋል... (በቀልድ)።
5835,3,Promise,ከዚህ በፊት አንዳንድ ሰዎች ስልክ ያመጣል።
5836,6,Sarcasm/Irony,እንዴት አስቸጋሪ ነው! (በአስቂኝ መንገድ)።
5837,1,Complaint,ይህ ውሳኔ በጣም አዲስ ነው፣ አልወድም።
5838,0,Assertion,በማታ ሰራተኞች መስሪያ ቤት ነበር።
5839,1,Complaint,በማለዳ ነጋዴዎች መድሃኒት አላገኘም።
5840,0,Assertion,ቤት በጣም አሮጌ ነው።
5841,5,Request,ገበሬዎች ስራ ማግኘት ይችላል?
5842,2,Phatic,ምን አዲስ ነገር አለ በወር ሁሉም?
5843,1,Complaint,እናቴ ከ ድርጊት ጋር ችግር አለው።
5844,0,Assertion,ይህ ቦታ አስፈላጊ መሆኑን እረጋገጣለሁ።
5845,0,Assertion,ጉዞ ውድ ነው።
5846,0,Assertion,ዕረፍት በጣም ርካሽ ነው።
5847,4,Refusal,ታካሚዎች ስልጠና አይፈልግም።
5848,7,Suggestion,አስተማሪው ምግብ ቤት ቢያደርግ ይሻላል።
5849,8,Warning,ሰራተኞች ክፍያ አትንካ።
5850,7,Suggestion,ምናልባት አስቸጋሪ መጽሐፍ መግዛት?
5851,4,Refusal,ወንድሜ ኮንትራት አይፈልግም።
5852,5,Request,ጓደኛዬ ጤና ማግኘት ይችላል?
5853,0,Assertion,እኔ ህንፃ አላት።
5854,3,Promise,አስተናጋጁ በማታ ይመጣል ብሎ ቃል ገብቷል።
5855,5,Request,ወንድሜ ቅጣት ማግኘት ይችላል?
5856,0,Assertion,በቅርቡ እንግዶች ፓርክ ነበር።
5857,3,Promise,ሁሉም በወር ትመጣለች ብሎ ቃል ገብቷል።
5858,2,Phatic,ደህና እንደምትሆኚ ተስፋ አደርጋለሁ መምህራን።
5859,1,Complaint,አንቺ ስለ መጽሐፍ ቅሬታ አለው።
5860,8,Warning,ተጠንቀቅ! ቤት ቀላል ነው።
5861,2,Phatic,እግዚአብሔር ከአንቺ ጋር ይሁን ገበሬዎች።
5862,1,Complaint,አለቆች ስለ ብር ቅሬታ አለው።
5863,5,Request,እባክዎ ሀሳብ ያድርጉልኝ።
5864,4,Refusal,ይህን ስልክ ማድረግ አልችልም።
5865,3,Promise,በቅርቡ ሰራተኛው እርዳታ ያመጣል።
5866,2,Phatic,እንኳን ደህና መጣህ ከ ከተማ።
5867,2,Phatic,ደህና እንደምታድር ተስፋ አደርጋለሁ አንተ።
5868,3,Promise,ሐኪሞች ከዚህ በፊት ትመጣለች ብሎ ቃል ገብቷል።
5869,3,Promise,እናቶች በሳምንት ይመጣል ብሎ ቃል ገብቷል።
5870,7,Suggestion,ልጄ እቅድ ቢያደርግ ይሻላል።
5871,6,Sarcasm/Irony,ፖሊሱ በጣም ብልህ ነው፣ አልሳሳም... (በአስቂኝ)።
5872,8,Warning,ተጠንቀቅ! ድል ዘገይተኛ ነው።
5873,8,Warning,አትርሳ ወረቀት።
5874,0,Assertion,በቀን አለቃዬ አዋሳ ነበር።
5875,4,Refusal,ማንም እረፍት አይፈልግም።
5876,4,Refusal,ይህን መንገድ ማድረግ አልችልም።
5877,8,Warning,አትርሳ ደብዳቤ።
5878,6,Sarcasm/Irony,አዎ ደንበኞች በጣም ፈጣን ነው... (በቀልድ)።
5879,0,Assertion,እቅድ በጣም ቀላል ነው።
5880,2,Phatic,እግዚአብሔር ይጠብቅህ አዛውንቱ።
5881,7,Suggestion,ፖሊሱ ቅጣት ቢጠቀም ይሻላል።
5882,6,Sarcasm/Irony,እንዴት ያለ ፍጹም መኪና ነው! (በሳቅ)።
5883,7,Suggestion,እንዴት ቢሆን ቦታ ብናደርግ?
5884,3,Promise,በማታ ተማሪዎች ሰላም ያመጣል።
5885,0,Assertion,ጓደኛዬ ውሳኔ ከባድ ናቸው።
5886,0,Assertion,ባለሙያው ይታያል ብዙ ጊዜ።
5887,5,Request,ታካሚዎች መረጃ ማግኘት ይችላል?
5888,5,Request,ወዳጄ ውሳኔ ማግኘት ይችላል?
5889,5,Request,ሰራተኞች አገልግሎት ማግኘት ይችላል?
5890,0,Assertion,ምግብ በጣም አስፈላጊ ነው።
5891,2,Phatic,ደስ ብሎኛል ስላየሁሽ ወንዶች።
5892,5,Request,እባክዎ መፍትሄ ይላኩልኝ።
5893,1,Complaint,ይህ ምክር በጣም ውድ ነው፣ አልወድም።
5894,0,Assertion,አዛውንቱ በማታ አዋሳ ይገኛል።
5895,1,Complaint,ወጣቱ ሀሳብ ስለ አስደሳች መሆኑ ያማርራል።
5896,1,Complaint,ልጆች ክፍያ ስለ ትንሽ መሆኑ ያማርራል።
5897,0,Assertion,እኔ ሰላም እንደሚያስፈልግ አውቃለሁ።
5898,6,Sarcasm/Irony,እርግጥ፣ ደስታ በጣም ውድ ነው... (በአስቂኝ)።
5899,5,Request,እባክሽ ክፍያ ስጠኝ።
5900,0,Assertion,ስልጠና በጣም አስቸጋሪ ነው።
5901,4,Refusal,ብዙ ሰዎች ደብዳቤ አይፈልግም።
5902,5,Request,እባክዎ ጉብኝት ይላኩልኝ።
5903,4,Refusal,ጎረቤቴ መኪና አይፈልግም።
5904,1,Complaint,ጓደኞች ደስታ ስለ አስፈላጊ መሆኑ ያማርራል።
5905,6,Sarcasm/Irony,እርግጥ ነው፣ ትናንት ሁሉም ደስተኛ ነው... (በአስቂኝ)።
5906,4,Refusal,እኔ ድልድይ አልቀበልም።
5907,7,Suggestion,ምናልባት ትንሽ እቅድ መግዛት?
5908,7,Suggestion,እንዴት ቢሆን ጉዞ ብናደርግ?
5909,0,Assertion,አስተናጋጁ በሰዓት አዲስ አበባ ይገኛል።
5910,8,Warning,አትርሳ ስልክ።
5911,0,Assertion,ደስታ በጣም ትልቅ ነው።
5912,1,Complaint,ገበሬዎች ከ ደብዳቤ ጋር ችግር አለው።
5913,4,Refusal,ተማሪው መንገድ አይፈልግም።
5914,2,Phatic,መልካም ቀን እሷ።
5915,0,Assertion,ገበሬዎች ቁልፍ አለው።
5916,8,Warning,ተጠንቀቅ! ትምህርት አዲስ ነው።
5917,8,Warning,ተጠንቀቅ! ትምህርት ውድ ነው።
5918,8,Warning,ተጠንቀቅ! ክፍያ አስፈላጊ ነው።
5919,3,Promise,ጓደኞች በጊዜው ይመጣል ብሎ ቃል ገብቷል።
5920,0,Assertion,በቅርቡ ወንድሜ ከተማ ነበር።
5921,1,Complaint,እህቶች ዕድል ስለ ዘገይተኛ መሆኑ ያማርራል።
5922,2,Phatic,መልካም ምሽት ከዚህ በፊት አንቺ።
5923,8,Warning,አስተናጋጁ ስራ አትንካ።
5924,0,Assertion,ክፍያ በጣም ከባድ ነው።
5925,4,Refusal,ይህን መፍትሄ ማድረግ አልችልም።
5926,3,Promise,ዛሬ ወንድሞች መኪና ታመጣለች።
5927,6,Sarcasm/Irony,እርግጥ ነው፣ ስልጠና በጣም አስፈላጊ ነው... (በቀልድ)።
5928,4,Refusal,እንግዶች ዜና አይፈልግም።
5929,6,Sarcasm/Irony,እንዴት ውድ ውሳኔ ነው! (በቀልድ)።
5930,2,Phatic,በጣም ደስ ብሎኛል ስለተገናኘን እናቴ።
5931,8,Warning,እነሱ እቅድ አትንካ።
5932,6,Sarcasm/Irony,አዎ፣ መኪና በጣም አስፈላጊ ነው ለሁሉም... (በተቃራኒ)።
5933,3,Promise,አትጨነቅ፣ መኪና እከፍላለሁ።
5934,5,Request,መምህራን ጊዜ ማግኘት ይችላል?
5935,6,Sarcasm/Irony,አዎ፣ ይህ መንገድ በጣም ጠቃሚ ነው... (በሳቅ)።
5936,6,Sarcasm/Irony,እንዴት ጥሩ እድል ነው! (በቀልድ)።
5937,0,Assertion,ትናንት አንተ ጎንደር ነበር።
5938,5,Request,ልጆች ንግግር ማግኘት ይችላል?
5939,6,Sarcasm/Irony,በጣም ደህንነቱ የተጠበቀ ነው፣ ማንም አይቃወምም... (በቀልድ)።
5940,8,Warning,እኛ ምክር አትንካ።
5941,8,Warning,ተጠንቀቅ! ስብሰባ አስቸጋሪ ነው።
5942,7,Suggestion,አዛውንቶች ፈቃድ ቢጠቀም ይሻላል።
5943,4,Refusal,ገበሬዎች ዜና አይፈልግም።
5944,3,Promise,በቀን እህቶች እርዳታ ያመጣል።
5945,0,Assertion,ጊዜ አስፈላጊ ነው።
5946,3,Promise,ወንዶች ከዚህ በፊት ትመጣለች ብሎ ቃል ገብቷል።
5947,8,Warning,ተጠንቀቅ! ኮምፒውተር አስቸጋሪ ነው።
5948,8,Warning,ተጠንቀቅ! ጤና ትልቅ ነው።
5949,0,Assertion,ባለሙያው ዕረፍት አለው።
5950,5,Request,እባክዎ ባህር ዳር ይሂዱ።
5951,6,Sarcasm/Irony,አዎ፣ መንገድ በጣም አስፈላጊ ነው... (በተቃራኒ)።
5952,6,Sarcasm/Irony,እንዴት ድርጊት በጣም ቀላል ነው! (በተቃራኒ)።
5953,4,Refusal,ወንድሞች ቅጣት አይፈልግም።
5954,2,Phatic,ደስ ብሎኛል ስላየሁሽ ወንድሜ።
5955,0,Assertion,ባለሙያው ሰላም መጥፎ አለ።
5956,5,Request,እባክዎ ብር ይላኩልኝ።
5957,0,Assertion,ልጄ በማታ ቤተ ክርስቲያን ይገኛል።
5958,6,Sarcasm/Irony,ተማሪዎች ሁልጊዜ ይረዳል... (በቀልድ)።
5959,8,Warning,ፖሊሱ ስብሰባ አትንካ።
5960,3,Promise,አትጨነቅ፣ እቅድ እከፍላለሁ።
5961,7,Suggestion,እሷ እቅድ ቢጠቀም ይሻላል።
5962,1,Complaint,ወንድሞች ከ ስልጠና ጋር ችግር አለው።
5963,6,Sarcasm/Irony,እንዴት ያለ ትምህርት ነው! (በቀልድ)።
5964,5,Request,እሱ ሽልማት ማግኘት ይችላል?
5965,5,Request,ወዳጄ ደስታ ማግኘት ይችላል?
5966,1,Complaint,ለምን ወረቀት እንዲህ ትልቅ ነው?
5967,1,Complaint,ታካሚዎች ስለ ህንፃ ቅሬታ አለው።
5968,5,Request,አዛውንቱ ስራ ማግኘት ይችላል?
5969,4,Refusal,ሐኪሞች ምክር አይፈልግም።
5970,4,Refusal,ሰራተኞች ሙያ አይፈልግም።
5971,0,Assertion,እውነቱን ለመናገር ውሃ አዲስ ነው።
5972,8,Warning,አንቺ ሰላም አትንካ።
5973,4,Refusal,አለቆች ጤና አይፈልግም።
5974,1,Complaint,ለምን አስተማሪው ስብሰባ አልሰጠኝም?
5975,5,Request,እባክዎ መቀሌ ይሂዱ።
5976,7,Suggestion,ምናልባት ስብሰባ ማድረግ ይሻላል።
5977,0,Assertion,ሀሳብ አስፈላጊ ነው።
5978,2,Phatic,በጣም ደስ ብሎኛል ስላየሁህ በወር።
5979,1,Complaint,ሴቶች ከ መጽሐፍ ጋር ችግር አለው።
5980,6,Sarcasm/Irony,አዎ፣ ፈቃድ በጣም ጥሩ ጥራት አለው... (በአስቂኝ)።
5981,0,Assertion,ከዚህ በፊት እሷ ባህር ዳር ነበር።
5982,4,Refusal,አዛውንቶች ኮንትራት አይፈልግም።
5983,6,Sarcasm/Irony,ይህ በጣም ንጹህ ሀሳብ ነው... (በሳቅ)።
5984,3,Promise,እኔ በፍጥነት ይመጣል ብሎ ቃል ገብቷል።
5985,0,Assertion,እረፍት በጣም ያሳዝናል ነው።
5986,1,Complaint,ይህ ሰላም በጣም ውድ ነው፣ አልወድም።
5987,1,Complaint,ከዚህ በፊት ሐኪሙ ቅጣት አላገኘም።
5988,5,Request,ሐኪሞች መረጃ ማግኘት ይችላል?
5989,8,Warning,አዛውንቱ መፍትሄ አትንካ።
5990,7,Suggestion,ምናልባት አደገኛ ድል መግዛት?
5991,0,Assertion,እሱ ፕሮጀክት አላት።
5992,1,Complaint,አሁን እነሱ ጤና አላገኘም።
5993,0,Assertion,እኔ ቁልፍ እንደሚያስፈልግ አውቃለሁ።
5994,2,Phatic,እንዴት ነው ጤንነትሽ እሱ?
5995,2,Phatic,ጤና ይስጥልኝ አንተ ከ መቀሌ።
5996,8,Warning,ተጠንቀቅ! ድልድይ ከባድ ነው።
5997,1,Complaint,አባቴ ስለ ምግብ ቤት ቅሬታ አለው።
5998,2,Phatic,እንዴት ነው ስራህ እህቶች?
5999,8,Warning,ተጠንቀቅ! ኮምፒውተር ትልቅ ነው።
6000,3,Promise,እኔ ምክር አላረሳም።
6001,6,Sarcasm/Irony,እንዴት ያለ ጥሩ ክፍያ ነው! (በተቃራኒ)።
6002,7,Suggestion,ተማሪዎች ዕረፍት ቢያደርግ ይሻላል።
6003,7,Suggestion,ማንም ምግብ ቢጠቀም ይሻላል።
6004,7,Suggestion,ምናልባት አዲስ ሀሳብ መግዛት?
6005,8,Warning,እኔ ሙዚቃ አትንካ።
6006,2,Phatic,እግዚአብሔር ይጠብቅህ አስተማሪው።
6007,7,Suggestion,እሱ ስልጠና ቢጠቀም ይሻላል።
6008,1,Complaint,ለምን ተማሪው ስብሰባ አልሰጠኝም?
6009,4,Refusal,አለቃዬ ምግብ አይፈልግም።
6010,4,Refusal,አይ፣ ደስታ አልችልም።
6011,7,Suggestion,ይህን ጊዜ መሞከር ጥሩ ነው።
6012,8,Warning,ጎረቤቴ ድል አትንካ።
6013,7,Suggestion,ምናልባት ርካሽ ትምህርት መግዛት?
6014,7,Suggestion,ተማሪው ቁልፍ ቢጠቀም ይሻላል።
6015,8,Warning,ተጠንቀቅ! እረፍት አስቸጋሪ ነው።
6016,6,Sarcasm/Irony,ይህ በጣም ቀላል ሀሳብ ነው... (በሳቅ)።
6017,7,Suggestion,እኔ ድርጊት እንድታደርግ እመክራለሁ።
6018,7,Suggestion,ምናልባት ችግር ማድረግ ይሻላል።
6019,8,Warning,ወንዶች ምክር አትንካ።
6020,5,Request,እርዳኝ ወረቀት ለማግኘት።
6021,3,Promise,በሰዓት ጓደኞች ንግግር ታመጣለች።
6022,8,Warning,ተጠንቀቅ በሰዓት።
6023,4,Refusal,እሱ ስራ አይፈልግም።
6024,4,Refusal,ይህን ፊልም ማድረግ አልችልም።
6025,1,Complaint,ለምን ሁሉም ስልክ አልሰጠኝም?
6026,6,Sarcasm/Irony,እንዴት ያለ ደብዳቤ ነው! (በቀልድ)።
6027,0,Assertion,እውነቱን ለመናገር ትምህርት ትልቅ ነው።
6028,6,Sarcasm/Irony,እንዴት ያለ ጨዋታ ነው! (በቀልድ)።
6029,5,Request,ከፈቀድሽ ሀሳብ ውሰድ።
6030,3,Promise,በእርግጥ ንግግር አደርጋለሁ።
6031,1,Complaint,አባቴ ከ ኮንትራት ጋር ችግር አለው።
6032,6,Sarcasm/Irony,አዎ፣ እርዳታ በጣም ጥሩ ጥራት አለው... (በአስቂኝ)።
6033,2,Phatic,መልካም ጊዜ ይሁንልህ በማለዳ።
6034,4,Refusal,እኔ ውሃ አልቀበልም።
6035,4,Refusal,ወጣቱ ውሳኔ አይፈልግም።
6036,8,Warning,ወንድሜ እቅድ አትንካ።
6037,1,Complaint,ለምን ሹፌሩ እረፍት አልሰጠኝም?
6038,3,Promise,ልጄ በማታ ትመጣለች ብሎ ቃል ገብቷል።
6039,4,Refusal,ብዙ ሰዎች ሙያ አይፈልግም።
6040,4,Refusal,ልጆች ብር አይፈልግም።
6041,5,Request,እባክዎ ቁልፍ ይላኩልኝ።
6042,6,Sarcasm/Irony,አዎ፣ ይህ ቤት በጣም ጠቃሚ ነው... (በሳቅ)።
6043,3,Promise,ማንም ዛሬ ትመጣለች ብሎ ቃል ገብቷል።
6044,8,Warning,ተጠንቀቅ! መጽሔት አስፈላጊ ነው።
6045,0,Assertion,እኔ ደስታ እንደሚያስፈልግ አውቃለሁ።
6046,1,Complaint,ብዙ ሰዎች ፈቃድ ስለ አስደሳች መሆኑ ያማርራል።
6047,1,Complaint,ባለቤቴ ስለ ክፍያ ቅሬታ አለው።
6048,3,Promise,አንዳንድ ሰዎች በወር ይመጣል ብሎ ቃል ገብቷል።
6049,6,Sarcasm/Irony,ወዳጄ ሁልጊዜ ትክክል ነው... (በሳቅ)።
6050,7,Suggestion,ማንም ቤት ቢጠቀም ይሻላል።
6051,8,Warning,እህቶች ፕሮጀክት አትንካ።
6052,3,Promise,በማለዳ ሐኪሞች መረጃ ያመጣል።
6053,8,Warning,ተጠንቀቅ! ጨዋታ ከባድ ነው።
6054,5,Request,አለቃዬ ዕድል ማግኘት ይችላል?
6055,6,Sarcasm/Irony,እርግጥ ነው፣ ጉዞ በጣም አስደሳች ነው... (በቀልድ)።
6056,0,Assertion,መምህራን በቀን ፓርክ ይገኛል።
6057,1,Complaint,ይህ ዜና በጣም መጥፎ ነው፣ አልወድም።
6058,1,Complaint,ለምን ሰራተኛው ድርጊት አልሰጠኝም?
6059,5,Request,ይህን መንገድ ማየት እችላለሁ?
6060,6,Sarcasm/Irony,አዎ ልጄ በጣም ፈጣን ነው... (በቀልድ)።
6061,2,Phatic,እግዚአብሔር ይባርክህ ሹፌሩ።
6062,0,Assertion,ዜና በጣም ርካሽ ነው።
6063,4,Refusal,ይቅርታ፣ ውሳኔ አልሰጥም።
6064,2,Phatic,ጤናማ ሳምንት ይሁንልሽ አለቃዬ።
6065,6,Sarcasm/Irony,እንዴት ሙዚቃ በጣም ቀላል ነው! (በተቃራኒ)።
6066,5,Request,ይህን ኮምፒውተር ማየት እችላለሁ?
6067,6,Sarcasm/Irony,እንዴት ፈጣን ጊዜ ነው! (በቀልድ)።
6068,5,Request,ሹፌሩ ምግብ ቤት ማግኘት ይችላል?
6069,0,Assertion,እህቴ በቀን ጎንደር ይገኛል።
6070,2,Phatic,እንኳን ለበዓል አደረሰህ ጓደኛዬ።
6071,8,Warning,ባለሙያው ቅጣት አትንካ።
6072,8,Warning,አደጋ አለ! ምግብ ተጠንቀቅ።
6073,6,Sarcasm/Irony,እንዴት ያለ አስቸጋሪ ሀሳብ ነው! (በሳቅ)።
6074,8,Warning,አደጋ አለ! ኮምፒውተር ተጠንቀቅ።
6075,2,Phatic,ሰላም እህቴ፣ እንዴት ናችሁ?
6076,3,Promise,በእርግጥ እርዳታ አደርጋለሁ።
6077,1,Complaint,ለምን አባቴ ምግብ አልሰጠኝም?
6078,5,Request,እናቶች ስብሰባ ማግኘት ይችላል?
6079,6,Sarcasm/Irony,እርግጥ ነው፣ እርዳታ በጣም ርካሽ ነው... (በአስቂኝ)።
6080,3,Promise,አንዳንድ ሰዎች በቀን ትመጣለች ብሎ ቃል ገብቷል።
6081,1,Complaint,እሷ ከ ቁልፍ ጋር ችግር አለው።
6082,8,Warning,ሰራተኛው እድል አትንካ።
6083,1,Complaint,ከዚህ በፊት አንቺ ውሳኔ አላገኘም።
6084,5,Request,ጎረቤቴ ምክር ማግኘት ይችላል?
6085,2,Phatic,ሰላም አንዳንድ ሰዎች፣ ምን ሰራሽ በማታ?
6086,7,Suggestion,አለቆች ድል ቢያደርግ ይሻላል።
6087,5,Request,ጎረቤቴ ጊዜ ማግኘት ይችላል?
6088,5,Request,እህቶች መጽሔት ማግኘት ይችላል?
6089,4,Refusal,ታካሚዎች ገንዘብ አይፈልግም።
6090,4,Refusal,እህቶች ደብዳቤ አይፈልግም።
6091,6,Sarcasm/Irony,በጣም ትንሽ ነው፣ አልችልም እንዳልል።
6092,7,Suggestion,ሴቶች ድርጊት ቢጠቀም ይሻላል።
6093,1,Complaint,አሁን ሐኪሙ ስብሰባ አላገኘም።
6094,0,Assertion,እውነቱን ለመናገር ቦታ አዲስ ነው።
6095,5,Request,ተማሪው ድርጊት ማግኘት ይችላል?
6096,4,Refusal,ይቅርታ፣ ዜና አልሰጥም።
6097,1,Complaint,ሁልጊዜ መጽሐፍ ይጎድላል።
6098,7,Suggestion,እንዴት ቢሆን ዕድል ብናደርግ?
6099,2,Phatic,እንዴት ነው ቀኑ ከ ሬስቶራንት?
6100,1,Complaint,አንቺ ከ መኪና ጋር ችግር አለው።
6101,5,Request,እባክሽ እቅድ ስጠኝ።
6102,8,Warning,ልጄ መጽሐፍ አትንካ።
6103,7,Suggestion,ምናልባት ደስ የሚል ችግር መግዛት?
6104,5,Request,እባክዎ እድል ያድርጉልኝ።
6105,8,Warning,መምህራን ገንዘብ አትንካ።
6106,1,Complaint,እኔ ከ ንግግር ጋር ችግር አለው።
6107,6,Sarcasm/Irony,በጣም አስቸጋሪ ነው፣ ምንም አደጋ የለም... (በሳቅ)።
6108,6,Sarcasm/Irony,አለቃዬ ሁልጊዜ ትክክል ነው... (በሳቅ)።
6109,1,Complaint,አባቶች ስለ ጨዋታ ቅሬታ አለው።
6110,7,Suggestion,ጓደኞች እድል ቢጠቀም ይሻላል።
6111,5,Request,ሴቶች ስልክ ማግኘት ይችላል?
6112,4,Refusal,እነሱ ድል አይፈልግም።
6113,2,Phatic,ሰላም እህቶች፣ ምን ሰራህ በማለዳ?
6114,2,Phatic,እንዴት አመሸህ ተማሪው?
6115,8,Warning,ተጠንቀቅ! ቁልፍ አስፈላጊ ነው።
6116,6,Sarcasm/Irony,በጣም አስደሳች ነው፣ አልችልም እንዳልል።
6117,8,Warning,ወጣቶች ፊልም አትንካ።
6118,2,Phatic,መልካም በሰዓት ሐኪሙ።
6119,8,Warning,ልጆች ጤና አትንካ።
6120,7,Suggestion,ሴቶች ዜና ቢያደርግ ይሻላል።
6121,4,Refusal,ወንድሜ ዜና አይፈልግም።
6122,7,Suggestion,ወንድሞች ወረቀት ቢያደርግ ይሻላል።
6123,0,Assertion,እውነቱን ለመናገር ምግብ መጥፎ ነው።
6124,2,Phatic,ደህና ሁኚ በፍጥነት ሐኪሙ።
6125,8,Warning,ይህን ሰላም አታድርግ።
6126,6,Sarcasm/Irony,አዎ፣ ስልጠና በጣም አስፈላጊ ነው... (በተቃራኒ)።
6127,8,Warning,ወጣቱ ድል አትንካ።
6128,0,Assertion,ወጣቶች በሳምንት ቤት ይገኛል።
6129,2,Phatic,እንዴት አለፍሽ ከ ቤተ ክርስቲያን አለቆች?
6130,2,Phatic,ደስ ብሎኛል ስለሰማሁህ ወዳጄ።
6131,8,Warning,ይህ ንግግር አደገኛ ነው።
6132,5,Request,እባክዎ ዕረፍት ይላኩልኝ።
6133,5,Request,እርዳኝ ትምህርት ለማግኘት።
6134,5,Request,እንግዶች ደስታ ማግኘት ይችላል?
6135,6,Sarcasm/Irony,እርግጥ ነው፣ በማታ ሁሉም ይሳካል... (በተቃራኒ)።
6136,7,Suggestion,ጎረቤቴ ፕሮጀክት ቢያደርግ ይሻላል።
6137,8,Warning,እናቴ ክፍያ አትንካ።
6138,1,Complaint,ጎረቤቴ ከ ፕሮጀክት ጋር ችግር አለው።
6139,3,Promise,እናቶች ዛሬ ይመጣል ብሎ ቃል ገብቷል።
6140,1,Complaint,ህንፃ አልሰራም፣ ችግር አለ።
6141,3,Promise,ታካሚዎች በሰዓት ይመጣል ብሎ ቃል ገብቷል።
6142,2,Phatic,እንደገና እንገናኝ ጓደኞች።
6143,2,Phatic,በደህና ሂድ ባለሙያው።
6144,6,Sarcasm/Irony,እርግጥ ነው፣ ምክር በጣም ርካሽ ነው... (በቀልድ)።
6145,0,Assertion,ተማሪዎች መድሃኒት አላት።
6146,2,Phatic,በሰላም እንገናኝ ከ መንገድ።
6147,7,Suggestion,አባቶች መድሃኒት ቢያደርግ ይሻላል።
6148,0,Assertion,ታካሚዎች መረጃ አላት።
6149,4,Refusal,አለቃዬ እቅድ አይፈልግም።
6150,4,Refusal,ታካሚዎች ቤት አይፈልግም።
6151,2,Phatic,ሰላም ልጄ፣ እንዴት ነህ?
6152,8,Warning,ተጠንቀቅ! ዜና አስደሳች ነው።
6153,5,Request,ታካሚዎች ስልክ ማግኘት ይችላል?
6154,6,Sarcasm/Irony,እንዴት ደህንነቱ የተጠበቀ ህንፃ ነው! (በቀልድ)።
6155,8,Warning,ተጠንቀቅ! ፕሮጀክት ርካሽ ነው።
6156,6,Sarcasm/Irony,እርግጥ ነው፣ በፍጥነት ሁሉም ይረዳል... (በአስቂኝ)።
6157,0,Assertion,ኮምፒውተር በጣም ደህንነቱ የተጠበቀ ነው።
6158,3,Promise,እኔ ዕረፍት አላረሳም።
6159,8,Warning,ተጠንቀቅ! ሀሳብ ትንሽ ነው።
6160,3,Promise,በወር ባለሙያው ሆቴል ያመጣል።
6161,3,Promise,እኔ ችግር አላረሳም።
6162,8,Warning,ተጠንቀቅ! ዕድል አዲስ ነው።
6163,7,Suggestion,እንዴት ቢሆን ቅጣት ብናደርግ?
6164,7,Suggestion,ምናልባት ውድ ምግብ መግዛት?
6165,3,Promise,አንተ በቀን ይመጣል ብሎ ቃል ገብቷል።
6166,6,Sarcasm/Irony,እንዴት ጥሩ ፊልም ነው! (በቀልድ)።
6167,5,Request,አባቶች ድልድይ ማግኘት ይችላል?
6168,7,Suggestion,ተማሪዎች ምክር ቢጠቀም ይሻላል።
6169,2,Phatic,እንዴት አመሸሽ አንተ?
6170,0,Assertion,አዛውንቶች አሉ ብዙ ጊዜ።
6171,4,Refusal,ወንዶች ደብዳቤ አይፈልግም።
6172,8,Warning,ተጠንቀቅ! ደስታ አዲስ ነው።
6173,8,Warning,ተጠንቀቅ! መጽሔት ንጹህ ነው።
6174,2,Phatic,ደህና እንደምትሆን ከ ሐረር ተስፋ አደርጋለሁ።
6175,6,Sarcasm/Irony,እናንተ ሁልጊዜ ትክክለኛ ውሳኔ ያደርጋል... (በቀልድ)።
6176,3,Promise,በማለዳ አባቴ እድል ያመጣል።
6177,8,Warning,ተጠንቀቅ! ሰላም ርካሽ ነው።
6178,3,Promise,በሳምንት ገበሬዎች መኪና ያመጣል።
6179,3,Promise,አሁን ማንም ችግር ታመጣለች።
6180,0,Assertion,ጎረቤቴ ፈቃድ መጥፎ ይቆጠራል።
6181,4,Refusal,ሹፌሩ ንግግር አይፈልግም።
6182,3,Promise,አዛውንቱ በቀን ይመጣል ብሎ ቃል ገብቷል።
6183,0,Assertion,ጤና አሮጌ ነው።
6184,2,Phatic,መልካም ምሽት ከ ሐረር።
6185,1,Complaint,ሁልጊዜ መንገድ ይጎድላል።
6186,1,Complaint,ለምን ብዙ ሰዎች ኮምፒውተር አልሰጠኝም?
6187,4,Refusal,አዛውንቶች ፊልም አይፈልግም።
6188,2,Phatic,ጤናማ ቀን ይሁንልሽ ከ ሬስቶራንት።
6189,4,Refusal,ወጣቱ ሀሳብ አይፈልግም።
6190,3,Promise,ይህን ምክር እጠብቃለሁ።
6191,6,Sarcasm/Irony,እንዴት ባለሙያው በጣም ፈጣን ነው! (በአስቂኝ)።
6192,6,Sarcasm/Irony,አዎ ወዳጄ በጣም ፈጣን ነው... (በቀልድ)።
6193,2,Phatic,እንኳን ለበዓሉ አደረሰ አዛውንቶች።
6194,3,Promise,ትናንት እህቶች ውሃ ያመጣል።
6195,3,Promise,በወር ፖሊሱ ዜና ያመጣል።
6196,3,Promise,ሁሉም በቀን ትመጣለች ብሎ ቃል ገብቷል።
6197,3,Promise,ወጣቱ በፍጥነት ይመጣል ብሎ ቃል ገብቷል።
6198,6,Sarcasm/Irony,አስተናጋጁ ሁልጊዜ በጊዜው ይመጣል... (በቀልድ)።
6199,0,Assertion,በቅርቡ ወጣቶች ቤት ነበር።
6200,2,Phatic,እንዴት አመሹ ወጣቶች?
6201,3,Promise,አለቆች ዛሬ ትመጣለች ብሎ ቃል ገብቷል።
6202,7,Suggestion,ወጣቱ አገልግሎት ቢያደርግ ይሻላል።
6203,0,Assertion,ባለሙያው ከዚህ በፊት ቤተ ክርስቲያን ይገኛል።
6204,1,Complaint,አንድ ሰው እርዳታ ስለ ያሳዝናል መሆኑ ያማርራል።
6205,4,Refusal,እሷ ድርጊት አይፈልግም።
6206,8,Warning,ልጆች ክፍያ አትንካ።
6207,2,Phatic,መልካም ምሽት አሁን ባለሙያው።
6208,0,Assertion,እሷ አገልግሎት አላት።
6209,1,Complaint,ነጋዴዎች ምክር ስለ አስቸጋሪ መሆኑ ያማርራል።
6210,1,Complaint,ወንዶች ከ ምክር ጋር ችግር አለው።
6211,4,Refusal,እናቴ ሆቴል አይፈልግም።
6212,0,Assertion,እውነቱን ለመናገር ሰላም አስፈላጊ ነው።
6213,3,Promise,በጊዜው ደንበኞች እረፍት ታመጣለች።
6214,7,Suggestion,እንዴት ቢሆን ወረቀት ብናደርግ?
6215,7,Suggestion,ምናልባት ትልቅ ፈቃድ መግዛት?
6216,7,Suggestion,እናቶች መኪና ቢጠቀም ይሻላል።
6217,0,Assertion,እቅድ በጣም ውድ ነው።
6218,2,Phatic,ሰላም ሰራተኛው፣ ምን አለ በሰዓት?
6219,7,Suggestion,አዛውንቱ ወረቀት ቢጠቀም ይሻላል።
6220,7,Suggestion,ምናልባት ፈጣን ውሳኔ መግዛት?
6221,7,Suggestion,አዛውንቶች ቦታ ቢጠቀም ይሻላል።
6222,6,Sarcasm/Irony,አስተናጋጁ ሁልጊዜ ትክክል ነው፣ እርግጥ ነው... (በሳቅ)።
6223,4,Refusal,አዛውንቱ ሆቴል አይፈልግም።
6224,2,Phatic,እንኳን ለበዓሉ አደረሰ ከ ቢሮ።
6225,8,Warning,ተጠንቀቅ፣ ወንዶች ይመጣል።
6226,7,Suggestion,ይህን ስልጠና መሞከር ጥሩ ነው።
6227,4,Refusal,ዳኛው መጽሔት አይፈልግም።
6228,2,Phatic,መልካም ጊዜ ይሁንልሽ ደንበኞች።
6229,6,Sarcasm/Irony,እንዴት አደገኛ ደስታ ነው! (በቀልድ)።
6230,3,Promise,ደንበኞች በሰዓት ትመጣለች ብሎ ቃል ገብቷል።
6231,1,Complaint,ለምን ቅጣት እንዲህ አስፈላጊ ነው?
6232,6,Sarcasm/Irony,እንዴት ያለ ጥሩ ዕረፍት ነው! (በተቃራኒ)።
6233,0,Assertion,እናንተ ናቸው ብዙ ጊዜ።
6234,5,Request,ተማሪው ዕረፍት ማግኘት ይችላል?
6235,3,Promise,ሰራተኛው በቅርቡ ትመጣለች ብሎ ቃል ገብቷል።
6236,3,Promise,አንቺ ከዚህ በፊት ትመጣለች ብሎ ቃል ገብቷል።
6237,8,Warning,አደጋ አለ! ንግግር ተጠንቀቅ።
6238,3,Promise,አትጨነቅ፣ እረፍት እከፍላለሁ።
6239,6,Sarcasm/Irony,እርግጥ፣ ንግግር በጣም ውድ ነው... (በአስቂኝ)።
6240,6,Sarcasm/Irony,እንዴት መጽሔት በጣም ቀላል ነው! (በተቃራኒ)።
6241,2,Phatic,እግዚአብሔር ከአንተ ጋር ይሁን ዛሬ።
6242,8,Warning,ይህን ውሳኔ አታድርግ።
6243,1,Complaint,አዛውንቶች ከ ዜና ጋር ችግር አለው።
6244,1,Complaint,እናንተ ስለ ሀሳብ ቅሬታ አለው።
6245,8,Warning,ተጠንቀቅ! ፈቃድ መጥፎ ነው።
6246,6,Sarcasm/Irony,አዎ፣ ይህ ችግር በጣም ጠቃሚ ነው... (በሳቅ)።
6247,3,Promise,እኔ አገልግሎት እሰጥሃለሁ።
6248,1,Complaint,ዳኛው ስለ አገልግሎት ቅሬታ አለው።
6249,2,Phatic,እንዴት አለፍሽ ከ መስሪያ ቤት እናንተ?
6250,1,Complaint,ለምን መንገድ እንዲህ ጥሩ ነው?
6251,7,Suggestion,ምናልባት ያሳዝናል እርዳታ መግዛት?
6252,4,Refusal,መምህራን ድልድይ አይፈልግም።
6253,2,Phatic,ሰላምታ ከ መስሪያ ቤት ሴቶች።
6254,3,Promise,ከዚህ በፊት ጎረቤቴ እረፍት ያመጣል።
6255,5,Request,ወጣቶች ዜና ማግኘት ይችላል?
6256,7,Suggestion,ምናልባት ቀላል ችግር መግዛት?
6257,5,Request,እህቴ ሀሳብ ማግኘት ይችላል?
6258,1,Complaint,ይህ መጽሔት በጣም ከባድ ነው፣ አልወድም።
6259,5,Request,እኔ ሆቴል ማግኘት ይችላል?
6260,7,Suggestion,አንቺ ወረቀት ቢጠቀም ይሻላል።
6261,8,Warning,አለቆች ሙዚቃ አትንካ።
6262,2,Phatic,ሰላም መምህራን፣ ምን አለ በሰዓት?
6263,0,Assertion,እርዳታ በጣም አዲስ ነው።
6264,2,Phatic,እግዚአብሔር ይጠብቅህ ከ ሐረር።
6265,2,Phatic,ጤና ይስጥልኝ በማለዳ አንዳንድ ሰዎች።
6266,2,Phatic,እንዴት አለፍክ ከዚህ በኋላ ባለቤቴ?
6267,1,Complaint,ለምን ክፍያ እንዲህ አስፈላጊ ነው?
6268,0,Assertion,ገበሬዎች ጨዋታ አለው።
6269,6,Sarcasm/Irony,እርግጥ፣ ፕሮጀክት በጣም ውድ ነው... (በአስቂኝ)።
6270,6,Sarcasm/Irony,እህቶች በጣም ታማኝ ነው፣ አይዋሽም... (በተቃራኒ)።
6271,0,Assertion,እናቴ ትምህርት ትልቅ አለ።
6272,4,Refusal,ሹፌሩ መጽሔት አይፈልግም።
6273,5,Request,አንተ ሆቴል ማግኘት ይችላል?
6274,7,Suggestion,ባለሙያው ስራ ቢያደርግ ይሻላል።
6275,4,Refusal,እህቶች እረፍት አይፈልግም።
6276,4,Refusal,እኔ ቁልፍ አይፈልግም።
6277,1,Complaint,ለምን ምክር እንዲህ መጥፎ ነው?
6278,8,Warning,ተጠንቀቅ! ህንፃ ያሳዝናል ነው።
6279,4,Refusal,አይ፣ ስልክ አልችልም።
6280,1,Complaint,ጎረቤቴ ስለ ጉብኝት ቅሬታ አለው።
6281,3,Promise,ከዚህ በኋላ ተማሪው መንገድ ያመጣል።
6282,7,Suggestion,ምናልባት መጥፎ ፈቃድ መግዛት?
6283,0,Assertion,ድልድይ በጣም አስቸጋሪ ነው።
6284,1,Complaint,ነጋዴዎች መኪና ስለ ርካሽ መሆኑ ያማርራል።
6285,1,Complaint,ሁልጊዜ ክፍያ ይጎድላል።
6286,1,Complaint,ለምን አዛውንቶች መድሃኒት አልሰጠኝም?
6287,8,Warning,ይህ አገልግሎት አደገኛ ነው።
6288,5,Request,ልጆች ትምህርት ማግኘት ይችላል?
6289,8,Warning,አደጋ አለ! ውሳኔ ተጠንቀቅ።
6290,0,Assertion,ይህ ንግግር አደገኛ መሆኑን እረጋገጣለሁ።
6291,5,Request,እባክሽ ገንዘብ ስጠኝ።
6292,0,Assertion,መፍትሄ በጣም ደህንነቱ የተጠበቀ ነው።
6293,4,Refusal,ጎረቤቴ ትምህርት አይፈልግም።
6294,7,Suggestion,ታካሚዎች ቤት ቢጠቀም ይሻላል።
6295,5,Request,ባለቤቴ ክፍያ ማግኘት ይችላል?
6296,3,Promise,በእርግጥ ስልክ አደርጋለሁ።
6297,1,Complaint,ለምን ህንፃ እንዲህ ከባድ ነው?
6298,4,Refusal,ወዳጄ ጨዋታ አይፈልግም።
6299,4,Refusal,መምህራን ቁልፍ አይፈልግም።
6300,8,Warning,ወዳጄ መጽሐፍ አትንካ።
6301,0,Assertion,እኔ ጤና እንደሚያስፈልግ አውቃለሁ።
6302,6,Sarcasm/Irony,በጣም ርካሽ ነው፣ ማንም አይቃወምም... (በቀልድ)።
6303,7,Suggestion,ይህን ድል መሞከር ጥሩ ነው።
6304,2,Phatic,እግዚአብሔር ከአንተ ጋር ይሁን ልጆች።
6305,0,Assertion,ይህ ሙያ አደገኛ መሆኑን እረጋገጣለሁ።
6306,5,Request,አባቴ ቅጣት ማግኘት ይችላል?
6307,1,Complaint,ይህ ሆቴል በጣም ትንሽ ነው፣ አልወድም።
6308,6,Sarcasm/Irony,አዎ፣ መድሃኒት በጣም አስፈላጊ ነው ለሁሉም... (በተቃራኒ)።
6309,8,Warning,ተጠንቀቅ! ጊዜ አስደሳች ነው።
6310,6,Sarcasm/Irony,እናንተ ሁልጊዜ ትክክል ነው... (በሳቅ)።
6311,5,Request,አንተ ጉብኝት ማግኘት ይችላል?
6312,3,Promise,አንዳንድ ሰዎች በፍጥነት ይመጣል ብሎ ቃል ገብቷል።
6313,5,Request,ከፈቀድክ ህንፃ ውሰድ።
6314,6,Sarcasm/Irony,እንዴት ያሳዝናል ድል ነው! (በቀልድ)።
6315,1,Complaint,ለምን ወረቀት እንዲህ ንጹህ ነው?
6316,0,Assertion,በቀን አንቺ መስሪያ ቤት ነበር።
6317,6,Sarcasm/Irony,ሁሉም ሰው መረጃ ይወዳል... (በአስቂኝ)።
6318,1,Complaint,ቅጣት አልሰራም፣ ችግር አለ።
6319,2,Phatic,ደህና ቀን ይሁንልህ ከ ቢሮ።
6320,3,Promise,አትጨነቅ፣ ድርጊት እከፍላለሁ።
6321,1,Complaint,ከዚህ በኋላ ወዳጄ እቅድ አላገኘም።
6322,2,Phatic,መልካም ጊዜ ከ መቀሌ አንተ።
6323,1,Complaint,እሷ ስለ ሀሳብ ቅሬታ አለው።
6324,7,Suggestion,ይህን እቅድ መሞከር ጥሩ ነው።
6325,5,Request,መምህራን ደብዳቤ ማግኘት ይችላል?
6326,0,Assertion,አንተ መኪና አለው።
6327,8,Warning,ተጠንቀቅ! ድል ትንሽ ነው።
6328,6,Sarcasm/Irony,ብዙ ሰዎች ሁልጊዜ ትክክል ነው... (በሳቅ)።
6329,7,Suggestion,እሱ እረፍት ቢያደርግ ይሻላል።
6330,4,Refusal,ማንም ጊዜ አይፈልግም።
6331,1,Complaint,ሰራተኞች ከ ፈቃድ ጋር ችግር አለው።
6332,6,Sarcasm/Irony,እንዴት መጥፎ ሁኔታ ነው! (በቀልድ)።
6333,8,Warning,ተጠንቀቅ! ኮምፒውተር አስደሳች ነው።
6334,7,Suggestion,ምናልባት ከባድ ውሳኔ መግዛት?
6335,0,Assertion,አስተናጋጁ በማታ ቤተ ክርስቲያን ይገኛል።
6336,0,Assertion,በወር እነሱ ገበያ ነበር።
6337,5,Request,አንቺ ቅጣት ማግኘት ይችላል?
6338,4,Refusal,አይ፣ ጉዞ አልችልም።
6339,2,Phatic,ሰላም እሷ፣ ምን ሰራሽ?
6340,6,Sarcasm/Irony,ባለቤቴ በጣም ታማኝ ነው፣ አይዋሽም... (በተቃራኒ)።
6341,1,Complaint,አንተ ስለ መረጃ ቅሬታ አለው።
6342,3,Promise,ወዳጄ በፍጥነት ይመጣል ብሎ ቃል ገብቷል።
6343,6,Sarcasm/Irony,አዎ፣ ሬስቶራንት በጣም ደህንነቱ የተጠበቀ ነው... (በተቃራኒ)።
6344,0,Assertion,ይህ ውሳኔ ያሳዝናል መሆኑን እረጋገጣለሁ።
6345,2,Phatic,እንዴት አመሸሽ እናቴ?
6346,6,Sarcasm/Irony,በጣም ትንሽ ነው፣ ማንም አይቃወምም... (በቀልድ)።
6347,3,Promise,ደንበኞች በማታ ይመጣል ብሎ ቃል ገብቷል።
6348,0,Assertion,እውነቱን ለመናገር መጽሔት አስቸጋሪ ነው።
6349,5,Request,እባክዎ ወረቀት ያድርጉልኝ።
6350,0,Assertion,ደስታ ጥሩ ነው።
6351,8,Warning,አትርሳ ውሃ።
6352,0,Assertion,እናቴ እረፍት ከባድ ናቸው።
6353,2,Phatic,ምን አዲስ ነገር አለ ነገ ተማሪው?
6354,2,Phatic,እንኳን ደህና ኑሪ ከ ሬስቶራንት።
6355,1,Complaint,ለምን ተማሪው ድልድይ አልሰጠኝም?
6356,7,Suggestion,ይህን ጉዞ መሞከር ጥሩ ነው።
6357,3,Promise,ሐኪሞች ከዚህ በኋላ ይመጣል ብሎ ቃል ገብቷል።
6358,4,Refusal,ሁሉም ዕድል አይፈልግም።
6359,0,Assertion,ቤት በጣም ደህንነቱ የተጠበቀ ነው።
6360,1,Complaint,ይህ ቤት በጣም መጥፎ ነው፣ አልወድም።
6361,1,Complaint,በፍጥነት ወንድሜ ገንዘብ አላገኘም።
6362,6,Sarcasm/Irony,ገበሬዎች ሁልጊዜ ትክክለኛ ውሳኔ ያደርጋል... (በቀልድ)።
6363,5,Request,ወዳጄ ዜና ማግኘት ይችላል?
6364,1,Complaint,መምህራን ስለ ምግብ ቤት ቅሬታ አለው።
6365,0,Assertion,ሐኪሙ መኪና ያሳዝናል አለ።
6366,8,Warning,ታካሚዎች ወረቀት አትንካ።
6367,4,Refusal,ወንድሜ እረፍት አይፈልግም።
6368,3,Promise,በማለዳ ገበሬዎች ትምህርት ያመጣል።
6369,8,Warning,ተጠንቀቅ! ገንዘብ ያሳዝናል ነው።
6370,1,Complaint,በወር አንቺ ኮምፒውተር አላገኘም።
6371,2,Phatic,እግዚአብሔር ይባርክህ ነገ።
6372,7,Suggestion,እሷ ዜና ቢያደርግ ይሻላል።
6373,0,Assertion,አዛውንቶች በቅርቡ ከተማ ይገኛል።
6374,6,Sarcasm/Irony,እርግጥ፣ ሆቴል በጣም ውድ ነው... (በአስቂኝ)።
6375,2,Phatic,እንዴት ነው ቤተሰብሽ ወጣቱ?
6376,3,Promise,ቃል እገባለሁ መረጃ እንደሚሆን።
6377,1,Complaint,ትናንት ጓደኛዬ ቦታ አላገኘም።
6378,1,Complaint,ሁልጊዜ እረፍት ይጎድላል።
6379,3,Promise,በማታ አስተማሪው መጽሔት ታመጣለች።
6380,0,Assertion,ፊልም በጣም ዘገይተኛ ነው።
6381,3,Promise,አትጨነቅ፣ ኮምፒውተር እከፍላለሁ።
6382,6,Sarcasm/Irony,እርግጥ ነው፣ ስልክ በጣም ርካሽ ነው... (በአስቂኝ)።
6383,3,Promise,ከዚህ በፊት ጎረቤቴ ክፍያ ታመጣለች።
6384,4,Refusal,ባለሙያው ሽልማት አይፈልግም።
6385,7,Suggestion,እኔ ጉብኝት እንድታደርግ እመክራለሁ።
6386,3,Promise,ልጄ አሁን ትመጣለች ብሎ ቃል ገብቷል።
6387,6,Sarcasm/Irony,እህቶች ሁልጊዜ ትክክል ነው፣ እርግጥ ነው... (በሳቅ)።
6388,4,Refusal,አዛውንቶች አገልግሎት አይፈልግም።
6389,6,Sarcasm/Irony,በጣም ከባድ ነው፣ ምንም አደጋ የለም... (በሳቅ)።
6390,7,Suggestion,ምናልባት ደህንነቱ የተጠበቀ ክፍያ መግዛት?
6391,1,Complaint,አዛውንቱ መጽሔት ስለ ደህንነቱ የተጠበቀ መሆኑ ያማርራል።
6392,5,Request,አዛውንቶች ድርጊት ማግኘት ይችላል?
6393,2,Phatic,እንዴት ነው ጤንነትህ አስተናጋጁ?
6394,8,Warning,ተማሪው ፕሮጀክት አትንካ።
6395,4,Refusal,አሁን በፍጥነት አይሆንም።
6396,7,Suggestion,ነጋዴዎች ስልጠና ቢጠቀም ይሻላል።
6397,4,Refusal,ፖሊሱ ጤና አይፈልግም።
6398,6,Sarcasm/Irony,እርግጥ ነው፣ አሁን ሁሉም ይረዳል... (በአስቂኝ)።
6399,3,Promise,ይህን አገልግሎት እጠብቃለሁ።
6400,3,Promise,በማታ ልጆች መንገድ ታመጣለች።
6401,5,Request,እባክህ በሰዓት ና።
6402,1,Complaint,ታካሚዎች ዜና ስለ አስደሳች መሆኑ ያማርራል።
6403,6,Sarcasm/Irony,እንዴት አሮጌ ሙዚቃ ነው! (በቀልድ)።
6404,6,Sarcasm/Irony,መምህራን ሁልጊዜ ትክክል ነው፣ እርግጥ ነው... (በሳቅ)።
6405,0,Assertion,ይህ ምግብ ደስ የሚል መሆኑን እረጋገጣለሁ።
6406,2,Phatic,ሰላም ባለቤቴ፣ ምን ሰራሽ ከ መንገድ?
6407,1,Complaint,ለምን መንገድ እንዲህ ርካሽ ነው?
6408,7,Suggestion,ደንበኞች ጤና ቢያደርግ ይሻላል።
6409,1,Complaint,ይህ ዜና በጣም ቀላል ነው፣ አልወድም።
6410,1,Complaint,ይህ እድል በጣም ንጹህ ነው፣ አልወድም።
6411,5,Request,እባክዎ ቤተ ክርስቲያን ይሂዱ።
6412,8,Warning,ተጠንቀቅ! እድል ፈጣን ነው።
6413,8,Warning,እህቴ ድልድይ አትንካ።
6414,4,Refusal,ሐኪሞች ትምህርት አይፈልግም።
6415,0,Assertion,ገንዘብ በጣም አደገኛ ነው።
6416,8,Warning,ማንም መኪና አትንካ።
6417,0,Assertion,በቀን ወንዶች ከተማ ነበር።
6418,8,Warning,ተጠንቀቅ! ትምህርት አስደሳች ነው።
6419,1,Complaint,አዛውንቱ ጉዞ ስለ ዘገይተኛ መሆኑ ያማርራል።
6420,4,Refusal,ሹፌሩ መረጃ አይፈልግም።
6421,2,Phatic,ምን ዜና አለ ከ ጎንደር አስተማሪው?
6422,2,Phatic,እንዴት አመሸሽ እነሱ?
6423,7,Suggestion,እኔ እድል ቢጠቀም ይሻላል።
6424,0,Assertion,እህቴ በሳምንት ከተማ ይገኛል።
6425,8,Warning,አደጋ አለ! ወረቀት ተጠንቀቅ።
6426,2,Phatic,እንኳን ደህና መጣሽ ከ ትምህርት ቤት።
6427,6,Sarcasm/Irony,አዎ፣ ይህ እድል በጣም ጠቃሚ ነው... (በሳቅ)።
6428,8,Warning,ባለቤቴ ጉዞ አትንካ።
6429,6,Sarcasm/Irony,አዎ፣ መስሪያ ቤት በጣም ምቹ ነው... (በአስቂኝ)።
6430,0,Assertion,አባቴ ምግብ አለው።
6431,5,Request,አለቆች ሆቴል ማግኘት ይችላል?
6432,4,Refusal,ተማሪዎች እድል አይፈልግም።
6433,8,Warning,ተጠንቀቅ! ቤት ደህንነቱ የተጠበቀ ነው።
6434,4,Refusal,ገበሬዎች ሙዚቃ አይፈልግም።
6435,8,Warning,ይህ ኮምፒውተር አደገኛ ነው።
6436,5,Request,አለቃዬ ደስታ ማግኘት ይችላል?
6437,8,Warning,ተጠንቀቅ! ፈቃድ ደህንነቱ የተጠበቀ ነው።
6438,4,Refusal,እናቴ ቅጣት አይፈልግም።
6439,1,Complaint,እናንተ ስለ መድሃኒት ቅሬታ አለው።
6440,4,Refusal,ጓደኛዬ ሙዚቃ አይፈልግም።
6441,1,Complaint,እናንተ ከ ቅጣት ጋር ችግር አለው።
6442,1,Complaint,አስተናጋጁ ከ ዜና ጋር ችግር አለው።
6443,4,Refusal,እኔ መፍትሄ አልቀበልም።
6444,4,Refusal,አንቺ ሀሳብ አይፈልግም።
6445,7,Suggestion,ምናልባት ደህንነቱ የተጠበቀ ደብዳቤ መግዛት?
6446,5,Request,እባክሽ መጽሐፍ ስጠኝ።
6447,3,Promise,በእርግጥ ቁልፍ አደርጋለሁ።
6448,7,Suggestion,አስተናጋጁ ድልድይ ቢያደርግ ይሻላል።
6449,8,Warning,ተጠንቀቅ! ምግብ አስደሳች ነው።
6450,4,Refusal,አለቃዬ እረፍት አይፈልግም።
6451,5,Request,ሰራተኞች ሙዚቃ ማግኘት ይችላል?
6452,5,Request,እባክዎ ስልጠና ይላኩልኝ።
6453,1,Complaint,ለምን ፊልም እንዲህ አዲስ ነው?
6454,6,Sarcasm/Irony,አዎ፣ ከዚህ በኋላ ሁሉም ዝግጁ ነው... (በተቃራኒ)።
6455,1,Complaint,ከዚህ በፊት አንድ ሰው እድል አላገኘም።
6456,6,Sarcasm/Irony,እርግጥ ነው፣ ምግብ በጣም ርካሽ ነው... (በቀልድ)።
6457,4,Refusal,እኔ መጽሐፍ አልቀበልም።
6458,0,Assertion,ሐኪሞች ነው ብዙ ጊዜ።
6459,7,Suggestion,ምናልባት ውድ መፍትሄ መግዛት?
6460,5,Request,ጎረቤቴ ድል ማግኘት ይችላል?
6461,6,Sarcasm/Irony,እርግጥ፣ ተማሪው በጣም ታማኝ ነው... (በአስቂኝ)።
6462,1,Complaint,በቀን ማንም ሙያ አላገኘም።
6463,1,Complaint,ለምን ፖሊሱ ክፍያ አልሰጠኝም?
6464,8,Warning,ተጠንቀቅ ከዚህ በፊት።
6465,4,Refusal,ይህን ብር ማድረግ አልችልም።
6466,2,Phatic,ሰላም ፖሊሱ፣ ምን ሰራህ ከ መቀሌ?
6467,7,Suggestion,መምህራን ገንዘብ ቢጠቀም ይሻላል።
6468,3,Promise,በሰዓት ደንበኞች መጽሐፍ ታመጣለች።
6469,7,Suggestion,ብዙ ሰዎች መንገድ ቢያደርግ ይሻላል።
6470,8,Warning,እናቶች ድል አትንካ።
6471,8,Warning,አትርሳ ጨዋታ።
6472,0,Assertion,ድል በጣም ቀላል ነው።
6473,7,Suggestion,አስተማሪው መንገድ ቢያደርግ ይሻላል።
6474,0,Assertion,ደንበኞች መፍትሄ አላት።
6475,7,Suggestion,ምናልባት ጥሩ ቤት መግዛት?
6476,3,Promise,ቃል እገባለሁ ፈቃድ እንደሚሆን።
6477,4,Refusal,እኔ ህንፃ አልቀበልም።
6478,0,Assertion,መጽሐፍ መጥፎ ነው።
6479,1,Complaint,ሁልጊዜ ጨዋታ ይጎድላል።
6480,7,Suggestion,ወንድሜ ሆቴል ቢያደርግ ይሻላል።
6481,5,Request,ሹፌሩ ኮንትራት ማግኘት ይችላል?
6482,5,Request,እባክህ በሳምንት ና።
6483,7,Suggestion,ዳኛው መንገድ ቢያደርግ ይሻላል።
6484,6,Sarcasm/Irony,እርግጥ፣ መንደር በጣም ቆንጆ ነው... (በሳቅ)።
6485,2,Phatic,እንዴት አለፍክ ከ ቢሮ ሰራተኛው?
6486,0,Assertion,እውነቱን ለመናገር ሆቴል ቀላል ነው።
6487,2,Phatic,እንኳን ለበዓሉ አደረሰ ከ ቤተ ክርስቲያን።
6488,1,Complaint,ለምን ሴቶች ሽልማት አልሰጠኝም?
6489,0,Assertion,እውነቱን ለመናገር ቤት ያሳዝናል ነው።
6490,2,Phatic,ሰላም ጎረቤቴ፣ እንዴት ነሽ ከ ጎንደር?
6491,8,Warning,ተጠንቀቅ፣ እህቶች ይመጣል።
6492,8,Warning,ይህን መድሃኒት አታድርግ።
6493,0,Assertion,እውነቱን ለመናገር ዕረፍት ንጹህ ነው።
6494,5,Request,ታካሚዎች መጽሔት ማግኘት ይችላል?
6495,3,Promise,እህቶች ዛሬ ይመጣል ብሎ ቃል ገብቷል።
6496,8,Warning,ሁሉም ትምህርት አትንካ።
6497,7,Suggestion,ይህን መጽሐፍ መሞከር ጥሩ ነው።
6498,2,Phatic,ምን ዜና አለ በቅርቡ ከ አዲስ አበባ?
6499,0,Assertion,ስልጠና በጣም ቀላል ነው።
6500,4,Refusal,አሁን ትናንት አይሆንም።
6501,7,Suggestion,ምናልባት አዲስ ኮንትራት መግዛት?
6502,2,Phatic,እንዴት አለፍሽ ከ ገበያ ሰራተኛው?
6503,5,Request,እናቴ ጤና ማግኘት ይችላል?
6504,6,Sarcasm/Irony,እርግጥ ነው፣ ጉብኝት በጣም ርካሽ ነው... (በአስቂኝ)።
6505,7,Suggestion,ባለሙያው ኮምፒውተር ቢያደርግ ይሻላል።
6506,3,Promise,አስተናጋጁ በቅርቡ ትመጣለች ብሎ ቃል ገብቷል።
6507,3,Promise,በእርግጥ ዕድል አደርጋለሁ።
6508,1,Complaint,ለምን ደስታ እንዲህ ትልቅ ነው?
6509,0,Assertion,በማለዳ ሐኪሞች ጎንደር ነበር።
6510,8,Warning,እናቴ ጨዋታ አትንካ።
6511,5,Request,መምህራን ዕረፍት ማግኘት ይችላል?
6512,3,Promise,ሰራተኛው አሁን ይመጣል ብሎ ቃል ገብቷል።
6513,0,Assertion,ይህ ኮምፒውተር ጥሩ መሆኑን እረጋገጣለሁ።
6514,6,Sarcasm/Irony,ወንድሜ ሁልጊዜ በጊዜው ይመጣል... (በቀልድ)።
6515,1,Complaint,ውሃ አልሰራም፣ ችግር አለ።
6516,2,Phatic,እግዚአብሔር ይባርክሽ በወር።
6517,7,Suggestion,አንዳንድ ሰዎች መኪና ቢያደርግ ይሻላል።
6518,7,Suggestion,እኔ መጽሔት እንድታደርግ እመክራለሁ።
6519,2,Phatic,መልካም ምሽት ከ ቤተ ክርስቲያን።
6520,0,Assertion,እሱ ናት ብዙ ጊዜ።
6521,5,Request,እባክህ ሙያ አስረዳኝ።
6522,6,Sarcasm/Irony,በጣም ንጹህ ነው፣ አልችልም እንዳልል።
6523,4,Refusal,እህቶች ዕድል አይፈልግም።
6524,7,Suggestion,ምናልባት ፈጣን ጊዜ መግዛት?
6525,7,Suggestion,ሐኪሞች እድል ቢጠቀም ይሻላል።
6526,3,Promise,ዛሬ አለቃዬ ስልጠና ታመጣለች።
6527,6,Sarcasm/Irony,በጣም ርካሽ ነው፣ ማንም አያውቅም... (በሳቅ)።
6528,4,Refusal,ተማሪው እርዳታ አይፈልግም።
6529,5,Request,እንግዶች ኮምፒውተር ማግኘት ይችላል?
6530,6,Sarcasm/Irony,እንዴት ያለ እድል ነው! (በቀልድ)።
6531,3,Promise,ታካሚዎች በወር ይመጣል ብሎ ቃል ገብቷል።
6532,7,Suggestion,እኔ ውሳኔ እንድታደርግ እመክራለሁ።
6533,1,Complaint,ለምን ፊልም እንዲህ ቀላል ነው?
6534,8,Warning,አዛውንቶች ዕድል አትንካ።
6535,6,Sarcasm/Irony,እርግጥ ነው፣ ከዚህ በኋላ ሁሉም ደስተኛ ነው... (በአስቂኝ)።
6536,5,Request,እናቶች ምክር ማግኘት ይችላል?
6537,3,Promise,ባለቤቴ አሁን ይመጣል ብሎ ቃል ገብቷል።
6538,1,Complaint,በቀን እህቴ ኮምፒውተር አላገኘም።
6539,4,Refusal,እንግዶች ሙያ አይፈልግም።
6540,8,Warning,አትርሳ ድርጊት።
6541,8,Warning,ይህ ደስ የሚል ነው፣ ተጠንቀቅ።
6542,8,Warning,አትርሳ ቁልፍ።
6543,5,Request,እባክህ ቤት ስጠኝ።
6544,4,Refusal,ቤት አልፈልግም፣ አመሰግናለሁ።
6545,5,Request,አዛውንቱ ስብሰባ ማግኘት ይችላል?
6546,7,Suggestion,ይህን መጽሔት መሞከር ጥሩ ነው።
6547,3,Promise,አንቺ ዛሬ ትመጣለች ብሎ ቃል ገብቷል።
6548,5,Request,ባለቤቴ ስብሰባ ማግኘት ይችላል?
6549,5,Request,ሐኪሞች ቤት ማግኘት ይችላል?
6550,3,Promise,ይህን መድሃኒት እጠብቃለሁ።
6551,4,Refusal,ይህን አገልግሎት ማድረግ አልችልም።
6552,1,Complaint,ትናንት ጎረቤቴ ፕሮጀክት አላገኘም።
6553,5,Request,ተማሪው ቁልፍ ማግኘት ይችላል?
6554,5,Request,ወጣቱ መረጃ ማግኘት ይችላል?
6555,1,Complaint,ሐኪሙ ዜና ስለ ቀላል መሆኑ ያማርራል።
6556,8,Warning,ይህን ቤት አታድርግ።
6557,2,Phatic,እንዴት ነው ስራህ ማንም?
6558,8,Warning,መምህራን ስራ አትንካ።
6559,2,Phatic,ሰላም ባለቤቴ፣ እንዴት ነው ሁኔታው?
6560,6,Sarcasm/Irony,እንዴት ያለ አስደሳች ሀሳብ ነው! (በሳቅ)።
6561,3,Promise,እኔ ምግብ ቤት እሰጥሃለሁ።
6562,8,Warning,ተጠንቀቅ! መንገድ አስፈላጊ ነው።
6563,3,Promise,እኔ ትናንት ይመጣል ብሎ ቃል ገብቷል።
6564,2,Phatic,በጣም ደስ ብሎኛል ስለተገናኘን በቅርቡ።
6565,3,Promise,አትጨነቅ፣ መጽሔት እከፍላለሁ።
6566,0,Assertion,እውነቱን ለመናገር ክፍያ አደገኛ ነው።
6567,1,Complaint,ይህ ቅጣት በጣም ከባድ ነው፣ አልወድም።
6568,3,Promise,አትጨነቅ፣ ምክር እከፍላለሁ።
6569,7,Suggestion,እንደእኔ አስተያየት ጤና መቀየር ይሻላል።
6570,5,Request,ጓደኞች ጉብኝት ማግኘት ይችላል?
6571,8,Warning,ይህን ስልክ አታድርግ።
6572,7,Suggestion,ተማሪው ስልክ ቢያደርግ ይሻላል።
6573,6,Sarcasm/Irony,እንዴት ያለ ፍጹም ምክር ነው! (በሳቅ)።
6574,7,Suggestion,ይህን ጨዋታ መሞከር ጥሩ ነው።
6575,5,Request,ወጣቶች አገልግሎት ማግኘት ይችላል?
6576,5,Request,ብዙ ሰዎች አገልግሎት ማግኘት ይችላል?
6577,0,Assertion,አሁን ወንዶች መቀሌ ነበር።
6578,0,Assertion,በጊዜው ጓደኞች ሬስቶራንት ነበር።
6579,6,Sarcasm/Irony,ታካሚዎች በጣም ብልህ ነው፣ አልሳሳም... (በአስቂኝ)።
6580,6,Sarcasm/Irony,እንዴት ያለ ጥሩ ውሃ ነው! (በተቃራኒ)።
6581,7,Suggestion,ጓደኞች ኮምፒውተር ቢያደርግ ይሻላል።
6582,5,Request,አዛውንቶች ምክር ማግኘት ይችላል?
6583,5,Request,ገበሬዎች መጽሔት ማግኘት ይችላል?
6584,8,Warning,መምህራን ስብሰባ አትንካ።
6585,7,Suggestion,እንደእኔ አስተያየት ደስታ መቀየር ይሻላል።
6586,2,Phatic,በደህና ሂድ ሐኪሞች።
6587,1,Complaint,እህቴ ስለ ዕረፍት ቅሬታ አለው።
6588,4,Refusal,ባለሙያው ደስታ አይፈልግም።
6589,6,Sarcasm/Irony,ሁሉም ሰው መፍትሄ ይወዳል... (በአስቂኝ)።
6590,0,Assertion,ማንም አገልግሎት መጥፎ ናት።
6591,2,Phatic,እግዚአብሔር ይጠብቅህ አለቃዬ።
6592,7,Suggestion,እኛ ፈቃድ ቢያደርግ ይሻላል።
6593,8,Warning,ወዳጄ ገንዘብ አትንካ።
6594,7,Suggestion,እኔ ሰላም እንድታደርግ እመክራለሁ።
6595,6,Sarcasm/Irony,እንዴት ያለ ያሳዝናል ሀሳብ ነው! (በሳቅ)።
6596,0,Assertion,ፈቃድ በጣም ንጹህ ነው።
6597,3,Promise,እኔ ስብሰባ አላረሳም።
6598,0,Assertion,እውነቱን ለመናገር መጽሔት ከባድ ነው።
6599,6,Sarcasm/Irony,እርግጥ ነው፣ ጤና በጣም ርካሽ ነው... (በአስቂኝ)።
6600,5,Request,እናንተ ችግር ማግኘት ይችላል?
6601,5,Request,ከፈቀድክ ሙያ ውሰድ።
6602,0,Assertion,እንግዶች አገልግሎት አለው።
6603,2,Phatic,ጤናማ ቀን ከ መስሪያ ቤት።
6604,8,Warning,እናቴ ቦታ አትንካ።
6605,7,Suggestion,እንዴት ቢሆን ባህር ዳር ብንሄድ?
6606,1,Complaint,ለምን ወጣቶች ጉብኝት አልሰጠኝም?
6607,0,Assertion,ጤና በጣም አስቸጋሪ ነው።
6608,0,Assertion,ትምህርት በጣም አስፈላጊ ነው።
6609,7,Suggestion,እነሱ ምግብ ቤት ቢያደርግ ይሻላል።
6610,3,Promise,በሳምንት ብዙ ሰዎች ክፍያ ታመጣለች።
6611,4,Refusal,እሱ ምግብ ቤት አይፈልግም።
6612,3,Promise,ቃል እገባለሁ ክፍያ እንደሚሆን።
6613,6,Sarcasm/Irony,አዎ፣ ጎረቤቴ በጣም ብልህ ነው... (በተቃራኒ)።
6614,5,Request,አንቺ ብር ማግኘት ይችላል?
6615,2,Phatic,እንዴት አደሩ ብዙ ሰዎች?
6616,7,Suggestion,እኔ ስልክ እንድታደርግ እመክራለሁ።
6617,2,Phatic,ደህና እንደምታድር ተስፋ አደርጋለሁ አዛውንቶች።
6618,6,Sarcasm/Irony,ጓደኞች ሁልጊዜ ትክክለኛ ውሳኔ ያደርጋል... (በቀልድ)።
6619,6,Sarcasm/Irony,አዎ፣ ከተማ በጣም ደህንነቱ የተጠበቀ ነው... (በተቃራኒ)።
6620,8,Warning,አትርሳ ቦታ።
6621,1,Complaint,ለምን እናቶች ቁልፍ አልሰጠኝም?
6622,5,Request,እንግዶች ዜና ማግኘት ይችላል?
6623,8,Warning,ተጠንቀቅ! ፈቃድ አዲስ ነው።
6624,6,Sarcasm/Irony,እኛ ሁልጊዜ ትክክል ነው፣ እርግጥ ነው... (በሳቅ)።
6625,0,Assertion,አዛውንቱ ነገ ባንክ ይገኛል።
6626,6,Sarcasm/Irony,አዎ፣ ፓርክ በጣም ደህንነቱ የተጠበቀ ነው... (በተቃራኒ)።
6627,6,Sarcasm/Irony,አዎ፣ ይህ አደገኛ ሀሳብ ነው... (በሳቅ)።
6628,2,Phatic,እንኳን ደህና ኑሪ ጎረቤቴ።
6629,7,Suggestion,ሰራተኞች ስራ ቢያደርግ ይሻላል።
6630,0,Assertion,ድል አሮጌ ነው።
6631,4,Refusal,ተማሪው ደስታ አይፈልግም።
6632,6,Sarcasm/Irony,ይህ በጣም አሮጌ ሀሳብ ነው... (በሳቅ)።
6633,7,Suggestion,ይህን ፈቃድ መሞከር ጥሩ ነው።
6634,0,Assertion,ይህ ትምህርት ደህንነቱ የተጠበቀ መሆኑን እረጋገጣለሁ።
6635,1,Complaint,ለምን ወንዶች ምግብ አልሰጠኝም?
6636,7,Suggestion,እንደእኔ አስተያየት ሙዚቃ መቀየር ይሻላል።
6637,1,Complaint,ዛሬ አስተናጋጁ ዕድል አላገኘም።
6638,3,Promise,ጓደኞች በማታ ትመጣለች ብሎ ቃል ገብቷል።
6639,0,Assertion,ይህ ምግብ ደህንነቱ የተጠበቀ መሆኑን እረጋገጣለሁ።
6640,4,Refusal,አይ፣ ውሃ አልችልም።
6641,3,Promise,ቃል እገባለሁ ትምህርት እንደሚሆን።
6642,6,Sarcasm/Irony,ዳኛው ሁልጊዜ ትክክለኛ ውሳኔ ያደርጋል... (በቀልድ)።
6643,7,Suggestion,ጓደኞች እርዳታ ቢያደርግ ይሻላል።
6644,4,Refusal,አባቶች መንገድ አይፈልግም።
6645,6,Sarcasm/Irony,በጣም ጥሩ ነው፣ ምንም ችግር የለም... (በቀልድ)።
6646,0,Assertion,አንተ እርዳታ አላት።
6647,5,Request,ይህን ውሳኔ ማየት እችላለሁ?
6648,6,Sarcasm/Irony,አዎ፣ ይህ መድሃኒት በጣም ጠቃሚ ነው... (በሳቅ)።
6649,3,Promise,በማታ እሱ ዜና ያመጣል።
6650,2,Phatic,እንኳን ደህና መጣሽ ዛሬ።
6651,5,Request,ተማሪዎች አገልግሎት ማግኘት ይችላል?
6652,8,Warning,አንድ ሰው እድል አትንካ።
6653,7,Suggestion,እሱ ብር ቢጠቀም ይሻላል።
6654,6,Sarcasm/Irony,እርግጥ፣ ትምህርት በጣም ውድ ነው... (በአስቂኝ)።
6655,7,Suggestion,እንደእኔ አስተያየት ሰላም መቀየር ይሻላል።
6656,6,Sarcasm/Irony,አዎ፣ ሽልማት በጣም ጥሩ ጥራት አለው... (በአስቂኝ)።
6657,4,Refusal,እኔ መጽሐፍ አይፈልግም።
6658,2,Phatic,ደህና ሁኚ ጓደኛዬ።
6659,2,Phatic,እንዴት ነው ቀኑ አባቶች?
6660,7,Suggestion,እንዴት ቢሆን ቤት ብናደርግ?
6661,1,Complaint,እኛ ስለ ዕድል ቅሬታ አለው።
6662,1,Complaint,በሰዓት ሁሉም ፊልም አላገኘም።
6663,6,Sarcasm/Irony,እንዴት አንድ ሰው በጣም ፈጣን ነው! (በአስቂኝ)።
6664,7,Suggestion,እኔ ዕረፍት እንድታደርግ እመክራለሁ።
6665,0,Assertion,በሰዓት እናንተ መቀሌ ነበር።
6666,0,Assertion,ወንድሞች ትናንት ቢሮ ይገኛል።
6667,1,Complaint,ወንዶች ከ እረፍት ጋር ችግር አለው።
6668,6,Sarcasm/Irony,እርግጥ ነው፣ ወረቀት በጣም ደስ የሚል ነው... (በቀልድ)።
6669,3,Promise,ይህን እቅድ እጠብቃለሁ።
6670,8,Warning,አስተናጋጁ መንገድ አትንካ።
6671,8,Warning,ተጠንቀቅ! ክፍያ ቀላል ነው።
6672,3,Promise,በሰዓት እናቴ ብር ታመጣለች።
6673,0,Assertion,ክፍያ በጣም አሮጌ ነው።
6674,1,Complaint,ብዙ ሰዎች ስለ ምግብ ቤት ቅሬታ አለው።
6675,7,Suggestion,መምህራን ኮምፒውተር ቢያደርግ ይሻላል።
6676,7,Suggestion,ምናልባት ውድ ጤና መግዛት?
6677,6,Sarcasm/Irony,እንዴት አሮጌ ስራ ነው! (በቀልድ)።
6678,8,Warning,ሰራተኛው ውሃ አትንካ።
6679,0,Assertion,በማታ እህቶች ባህር ዳር ነበር።
6680,8,Warning,ጓደኛዬ ስልክ አትንካ።
6681,5,Request,እርዳኝ ጉብኝት ለማግኘት።
6682,1,Complaint,መምህራን ከ ሀሳብ ጋር ችግር አለው።
6683,7,Suggestion,ዳኛው ዜና ቢያደርግ ይሻላል።
6684,6,Sarcasm/Irony,አዎ፣ ህንፃ በጣም አስፈላጊ ነው... (በተቃራኒ)።
6685,0,Assertion,ተማሪው ዕረፍት አስፈላጊ ናቸው።
6686,5,Request,አንቺ መጽሔት ማግኘት ይችላል?
6687,5,Request,ብዙ ሰዎች ቅጣት ማግኘት ይችላል?
6688,0,Assertion,አስተናጋጁ ኮምፒውተር አስደሳች ይታያል።
6689,1,Complaint,ለምን እንግዶች ቅጣት አልሰጠኝም?
6690,6,Sarcasm/Irony,በጣም ደስ የሚል ነው፣ ማንም አይቃወምም... (በቀልድ)።
6691,6,Sarcasm/Irony,በጣም መጥፎ ነው፣ ማንም አያውቅም... (በሳቅ)።
6692,5,Request,አስተማሪው ሰላም ማግኘት ይችላል?
6693,3,Promise,ከዚህ በኋላ ጓደኛዬ ፈቃድ ታመጣለች።
6694,1,Complaint,ይህ ቤት በጣም ውድ ነው፣ አልወድም።
6695,5,Request,ይህን እቅድ ማየት እችላለሁ?
6696,5,Request,እሱ ዕረፍት ማግኘት ይችላል?
6697,4,Refusal,ባለቤቴ ድርጊት አይፈልግም።
6698,3,Promise,ትናንት ባለቤቴ ሙያ ታመጣለች።
6699,1,Complaint,ይህ መጽሔት በጣም አዲስ ነው፣ አልወድም።
6700,5,Request,ሴቶች ስልጠና ማግኘት ይችላል?
6701,0,Assertion,ይህ ምግብ ቤት ዘገይተኛ መሆኑን እረጋገጣለሁ።
6702,2,Phatic,እንኳን ለአዲስ ዓመት አደረሰ አባቴ።
6703,7,Suggestion,ልጄ ቤት ቢጠቀም ይሻላል።
6704,6,Sarcasm/Irony,ጓደኛዬ ሁልጊዜ ትክክል ነው... (በሳቅ)።
6705,0,Assertion,ጓደኞች ይቆጠራል ብዙ ጊዜ።
6706,8,Warning,ተጠንቀቅ! ቁልፍ ትንሽ ነው።
6707,5,Request,ወንድሞች ድል ማግኘት ይችላል?
6708,3,Promise,ተማሪዎች ከዚህ በፊት ትመጣለች ብሎ ቃል ገብቷል።
6709,0,Assertion,ባለቤቴ አለ ብዙ ጊዜ።
6710,8,Warning,ቢሮ አትግባ፣ አደገኛ ነው።
6711,7,Suggestion,ባለቤቴ እርዳታ ቢያደርግ ይሻላል።
6712,1,Complaint,በፍጥነት ሴቶች ንግግር አላገኘም።
6713,0,Assertion,በማታ ሐኪሙ አዲስ አበባ ነበር።
6714,6,Sarcasm/Irony,እንዴት አዲስ ትምህርት ነው! (በቀልድ)።
6715,5,Request,መምህራን ወረቀት ማግኘት ይችላል?
6716,5,Request,እባክህ ዕረፍት አስረዳኝ።
6717,6,Sarcasm/Irony,እርግጥ ነው፣ ምክር በጣም መጥፎ ነው... (በቀልድ)።
6718,0,Assertion,እውነቱን ለመናገር ሀሳብ ከባድ ነው።
6719,2,Phatic,እንኳን ደህና መጣህ ተማሪዎች።
6720,3,Promise,እናቴ በጊዜው ትመጣለች ብሎ ቃል ገብቷል።
6721,3,Promise,በሳምንት መምህራን ሙዚቃ ታመጣለች።
6722,4,Refusal,ሴቶች ሰላም አይፈልግም።
6723,8,Warning,አትርሳ ስብሰባ።
6724,4,Refusal,መምህራን ገንዘብ አይፈልግም።
6725,3,Promise,ባለሙያው በቀን ይመጣል ብሎ ቃል ገብቷል።
6726,8,Warning,ጎረቤቴ ሽልማት አትንካ።
6727,8,Warning,ተጠንቀቅ! ዕረፍት መጥፎ ነው።
6728,8,Warning,ታካሚዎች ቤት አትንካ።
6729,7,Suggestion,ምናልባት ደስ የሚል ኮንትራት መግዛት?
6730,4,Refusal,እኔ ጉብኝት አልቀበልም።
6731,8,Warning,ይህን ሆቴል አታድርግ።
6732,3,Promise,ይህን ድልድይ እጠብቃለሁ።
6733,3,Promise,እኔ ትምህርት እሰጥሃለሁ።
6734,0,Assertion,ገበሬዎች በፍጥነት ቤተ ክርስቲያን ይገኛል።
6735,3,Promise,ከዚህ በፊት ሁሉም ሽልማት ታመጣለች።
6736,2,Phatic,እንዴት ነው ስራህ ሐኪሞች?
6737,6,Sarcasm/Irony,በጣም ትልቅ ነው፣ አልችልም እንዳልል።
6738,5,Request,እባክዎ አገልግሎት ይላኩልኝ።
6739,3,Promise,ነገ አንቺ ድርጊት ታመጣለች።
6740,4,Refusal,አለቆች ስልክ አይፈልግም።
6741,7,Suggestion,አስተናጋጁ ስልጠና ቢጠቀም ይሻላል።
6742,7,Suggestion,ደንበኞች ሰላም ቢጠቀም ይሻላል።
6743,7,Suggestion,እንዴት ቢሆን አገልግሎት ብናደርግ?
6744,2,Phatic,መልካም ሳምንት ከ መንደር ባለሙያው።
6745,6,Sarcasm/Irony,ትምህርት በጣም ውድ ነው፣ ግን ዋጋው አለው... (በቀልድ)።
6746,2,Phatic,ደህና እንደምታድሪ ተስፋ አደርጋለሁ ወንድሜ።
6747,0,Assertion,አለቆች ዜና አላት።
6748,3,Promise,በቀን እሱ ሆቴል ያመጣል።
6749,1,Complaint,ጎረቤቴ ከ አገልግሎት ጋር ችግር አለው።
6750,6,Sarcasm/Irony,አዎ መምህራን በጣም ፈጣን ነው... (በቀልድ)።
6751,4,Refusal,ወዳጄ እድል አይፈልግም።
6752,0,Assertion,መምህራን በማታ ባህር ዳር ይገኛል።
6753,6,Sarcasm/Irony,ደንበኞች ሁልጊዜ ትክክለኛ ውሳኔ ያደርጋል... (በቀልድ)።
6754,7,Suggestion,ወንዶች ደስታ ቢጠቀም ይሻላል።
6755,5,Request,ሴቶች ኮንትራት ማግኘት ይችላል?
6756,8,Warning,ተጠንቀቅ! ቦታ ከባድ ነው።
6757,3,Promise,ቃል እገባለሁ ችግር እንደሚሆን።
6758,2,Phatic,ደህና ሁኚ ወጣቱ ከ ቤት።
6759,5,Request,እባክዎ ህንፃ ይላኩልኝ።
6760,7,Suggestion,ወንዶች ቅጣት ቢጠቀም ይሻላል።
6761,5,Request,ተማሪው ወረቀት ማግኘት ይችላል?
6762,4,Refusal,ነጋዴዎች እድል አይፈልግም።
6763,1,Complaint,አስተናጋጁ መረጃ ስለ ደህንነቱ የተጠበቀ መሆኑ ያማርራል።
6764,3,Promise,ታካሚዎች በማለዳ ይመጣል ብሎ ቃል ገብቷል።
6765,2,Phatic,ደህና ሁን በሳምንት ሴቶች።
6766,5,Request,ይህን መኪና ማየት እችላለሁ?
6767,4,Refusal,አንቺ ስራ አይፈልግም።
6768,5,Request,ሹፌሩ ሙያ ማግኘት ይችላል?
6769,6,Sarcasm/Irony,አዎ፣ እረፍት በጣም አስፈላጊ ነው ለሁሉም... (በተቃራኒ)።
6770,2,Phatic,ሰላም እሷ፣ ምን ሰራህ?
6771,3,Promise,ወዳጄ ከዚህ በኋላ ይመጣል ብሎ ቃል ገብቷል።
6772,6,Sarcasm/Irony,እንዴት ያለ ፍጹም መንገድ ነው! (በሳቅ)።
6773,2,Phatic,ጤና ይስጥልኝ አዛውንቱ።
6774,3,Promise,እሱ በማለዳ ይመጣል ብሎ ቃል ገብቷል።
6775,2,Phatic,ሰላም እነሱ፣ ምን አለ?
6776,4,Refusal,ወንድሜ ክፍያ አይፈልግም።
6777,2,Phatic,ሰላም ሁሉም፣ እንዴት ነው ሁኔታው ትናንት?
6778,1,Complaint,ለምን ተማሪዎች ቅጣት አልሰጠኝም?
6779,1,Complaint,ይህ ወረቀት በጣም ትንሽ ነው፣ አልወድም።
6780,3,Promise,በእርግጥ መረጃ አደርጋለሁ።
6781,6,Sarcasm/Irony,አዎ፣ ሆቴል በጣም አስፈላጊ ነው... (በተቃራኒ)።
6782,1,Complaint,ብር አልሰራም፣ ችግር አለ።
6783,6,Sarcasm/Irony,ሁሉም ሰው ሰላም ይወዳል... (በአስቂኝ)።
6784,5,Request,እኛ ኮምፒውተር ማግኘት ይችላል?
6785,5,Request,እባክሽ ዕድል ስጠኝ።
6786,7,Suggestion,መምህራን ሰላም ቢያደርግ ይሻላል።
6787,0,Assertion,ትናንት እናቶች ከተማ ነበር።
6788,7,Suggestion,ምናልባት ትልቅ ንግግር መግዛት?
6789,6,Sarcasm/Irony,አንቺ ሁልጊዜ በጊዜው ይመጣል... (በቀልድ)።
6790,7,Suggestion,ምናልባት አስቸጋሪ ገንዘብ መግዛት?
6791,4,Refusal,ችግር አልፈልግም፣ አመሰግናለሁ።
6792,2,Phatic,እግዚአብሔር ይባርክሽ አንዳንድ ሰዎች።
6793,1,Complaint,እናቴ ስለ ዜና ቅሬታ አለው።
6794,0,Assertion,አባቴ እቅድ ትንሽ ይታያል።
6795,0,Assertion,ሽልማት ንጹህ ነው።
6796,8,Warning,ልጄ ቤት አትንካ።
6797,3,Promise,በፍጥነት አለቆች ውሃ ያመጣል።
6798,6,Sarcasm/Irony,ሐኪሙ በጣም ታማኝ ነው፣ አይዋሽም... (በተቃራኒ)።
6799,3,Promise,እኔ መረጃ እሰጥሃለሁ።
6800,2,Phatic,እንዴት አደሩ አንተ?
6801,4,Refusal,እናቴ ቁልፍ አይፈልግም።
6802,5,Request,እናንተ ምግብ ቤት ማግኘት ይችላል?
6803,4,Refusal,ይህን እረፍት ማድረግ አልችልም።
6804,4,Refusal,ሰራተኞች ስብሰባ አይፈልግም።
6805,7,Suggestion,እናቶች ኮንትራት ቢያደርግ ይሻላል።
6806,3,Promise,ትናንት ደንበኞች ዜና ታመጣለች።
6807,4,Refusal,ብር አልፈልግም፣ አመሰግናለሁ።
6808,7,Suggestion,እናቶች ሰላም ቢጠቀም ይሻላል።
6809,1,Complaint,አስተናጋጁ ስለ ስልክ ቅሬታ አለው።
6810,2,Phatic,በጣም ደስ ብሎኛል ልጆች።
6811,2,Phatic,መልካም ጊዜ ይሁንልሽ እነሱ።
6812,2,Phatic,ደህና ሁኚ በፍጥነት ሁሉም።
6813,0,Assertion,እውነቱን ለመናገር ድርጊት መጥፎ ነው።
6814,7,Suggestion,እሷ ወረቀት ቢያደርግ ይሻላል።
6815,1,Complaint,ሰራተኛው ስልጠና ስለ ያሳዝናል መሆኑ ያማርራል።
6816,6,Sarcasm/Irony,እንዴት ደህንነቱ የተጠበቀ እቅድ ነው! (በቀልድ)።
6817,4,Refusal,አንተ ምክር አይፈልግም።
6818,7,Suggestion,ይህን ድልድይ መሞከር ጥሩ ነው።
6819,2,Phatic,ሰላም እኔ፣ እንዴት ነው ሁኔታው?
6820,7,Suggestion,ምናልባት አስፈላጊ ምክር መግዛት?
6821,1,Complaint,ለምን እህቶች ደብዳቤ አልሰጠኝም?
6822,4,Refusal,አዛውንቱ ሽልማት አይፈልግም።
6823,5,Request,ከፈቀድሽ ምግብ ውሰድ።
6824,8,Warning,ከተማ አትግባ፣ አደገኛ ነው።
6825,3,Promise,እኔ ንግግር እሰጥሻለሁ።
6826,1,Complaint,ጎረቤቴ ከ ጨዋታ ጋር ችግር አለው።
6827,0,Assertion,እናቶች ሙያ አለው።
6828,5,Request,አስተናጋጁ ፈቃድ ማግኘት ይችላል?
6829,0,Assertion,ባለሙያው እድል አላት።
6830,7,Suggestion,ምናልባት መጽሐፍ ማድረግ ይሻላል።
6831,7,Suggestion,እንዴት ቢሆን ውሃ ብናደርግ?
6832,8,Warning,ተጠንቀቅ! ምግብ ቤት ዘገይተኛ ነው።
6833,5,Request,ወጣቱ ሙዚቃ ማግኘት ይችላል?
6834,1,Complaint,ብዙ ሰዎች ከ ዜና ጋር ችግር አለው።
6835,4,Refusal,ተማሪው ንግግር አይፈልግም።
6836,6,Sarcasm/Irony,በጣም አስቸጋሪ ነው፣ ማንም አይቃወምም... (በቀልድ)።
6837,7,Suggestion,እንደእኔ አስተያየት ፈቃድ መቀየር ይሻላል።
6838,2,Phatic,ሰላምታዬን አቀርባለሁ ወንድሜ።
6839,8,Warning,ወንድሜ ድልድይ አትንካ።
6840,2,Phatic,መልካም ጊዜ ይሁንልሽ ሐኪሞች።
6841,4,Refusal,አንድ ሰው ድል አይፈልግም።
6842,4,Refusal,ወንዶች ኮንትራት አይፈልግም።
6843,1,Complaint,ይህ ችግር በጣም ትንሽ ነው፣ አልወድም።
6844,7,Suggestion,ጎረቤቴ መጽሐፍ ቢያደርግ ይሻላል።
6845,8,Warning,ልጄ መጽሔት አትንካ።
6846,3,Promise,በሰዓት ልጄ ድርጊት ታመጣለች።
6847,5,Request,እባክዎ ደስታ ያድርጉልኝ።
6848,6,Sarcasm/Irony,አዎ፣ ይህ ወረቀት በጣም ጠቃሚ ነው... (በሳቅ)።
6849,3,Promise,በጊዜው ሴቶች ዕረፍት ያመጣል።
6850,5,Request,እባክህ ወረቀት አስረዳኝ።
6851,8,Warning,ተጠንቀቅ! ጨዋታ አስደሳች ነው።
6852,6,Sarcasm/Irony,እንዴት አዲስ ህንፃ ነው! (በቀልድ)።
6853,8,Warning,ይህን ኮንትራት አታድርግ።
6854,1,Complaint,ለምን ፕሮጀክት እንዲህ ንጹህ ነው?
6855,2,Phatic,መልካም ጊዜ ይሁንልሽ ወጣቱ።
6856,5,Request,ፖሊሱ ቦታ ማግኘት ይችላል?
6857,1,Complaint,በሰዓት ሰራተኞች ሙዚቃ አላገኘም።
6858,3,Promise,አስተናጋጁ በቀን ትመጣለች ብሎ ቃል ገብቷል።
6859,4,Refusal,አይ፣ ሆቴል አልችልም።
6860,2,Phatic,እንኳን ለሠርጉ አደረሰ ሐኪሙ።
6861,1,Complaint,መጽሔት አልሰራም፣ ችግር አለ።
6862,5,Request,እባክዎ ጤና ይላኩልኝ።
6863,4,Refusal,አስተማሪው ጤና አይፈልግም።
6864,7,Suggestion,ወጣቶች ጤና ቢጠቀም ይሻላል።
6865,2,Phatic,እንኳን ለበዓል አደረሰህ ነገ።
6866,1,Complaint,ሰራተኛው ከ እርዳታ ጋር ችግር አለው።
6867,6,Sarcasm/Irony,አዎ፣ ምክር በጣም ጥሩ ጥራት አለው... (በአስቂኝ)።
6868,6,Sarcasm/Irony,በጣም ፈጣን ነው፣ ምንም አደጋ የለም... (በሳቅ)።
6869,8,Warning,ባለሙያው መፍትሄ አትንካ።
6870,0,Assertion,ደስታ ደስ የሚል ነው።
6871,6,Sarcasm/Irony,ጎረቤቴ በጣም ብልህ ነው፣ አልሳሳም... (በአስቂኝ)።
6872,0,Assertion,እንግዶች ከዚህ በፊት ጎንደር ይገኛል።
6873,4,Refusal,ሁሉም ኮምፒውተር አይፈልግም።
6874,4,Refusal,እናቶች ውሳኔ አይፈልግም።
6875,2,Phatic,ጤናማ ቀን ይሁንልሽ ከ ባህር ዳር።
6876,0,Assertion,ስብሰባ በጣም ደስ የሚል ነው።
6877,7,Suggestion,ሹፌሩ ምግብ ቢያደርግ ይሻላል።
6878,7,Suggestion,ጓደኛዬ ስራ ቢጠቀም ይሻላል።
6879,8,Warning,ተጠንቀቅ! ደብዳቤ ከባድ ነው።
6880,4,Refusal,እኔ ኮምፒውተር አይፈልግም።
6881,0,Assertion,ይህ ስራ ዘገይተኛ መሆኑን እረጋገጣለሁ።
6882,0,Assertion,ሹፌሩ በጊዜው ቢሮ ይገኛል።
6883,6,Sarcasm/Irony,ዳኛው ሁልጊዜ በጊዜው ይመጣል... (በቀልድ)።
6884,5,Request,እባክዎ ፊልም ያድርጉልኝ።
6885,3,Promise,አንዳንድ ሰዎች በቅርቡ ትመጣለች ብሎ ቃል ገብቷል።
6886,6,Sarcasm/Irony,እህቶች ሁልጊዜ ትክክለኛ ውሳኔ ያደርጋል... (በቀልድ)።
6887,4,Refusal,ሰራተኛው ኮምፒውተር አይፈልግም።
6888,2,Phatic,መልካም ጊዜ ይሁንልህ ታካሚዎች።
6889,7,Suggestion,እሱ ገንዘብ ቢጠቀም ይሻላል።
6890,4,Refusal,ገበሬዎች ጨዋታ አይፈልግም።
6891,3,Promise,ወንድሜ በሰዓት ትመጣለች ብሎ ቃል ገብቷል።
6892,5,Request,ወንዶች ችግር ማግኘት ይችላል?
6893,5,Request,እባክህ መንገድ አስረዳኝ።
6894,4,Refusal,ልጄ እቅድ አይፈልግም።
6895,3,Promise,አንዳንድ ሰዎች ትናንት ትመጣለች ብሎ ቃል ገብቷል።
6896,0,Assertion,ሰራተኛው መኪና ውድ ይቆጠራል።
6897,0,Assertion,ይህ ደስታ ትልቅ መሆኑን እረጋገጣለሁ።
6898,1,Complaint,ሴቶች ምግብ ቤት ስለ ያሳዝናል መሆኑ ያማርራል።
6899,4,Refusal,ብዙ ሰዎች ስልክ አይፈልግም።
6900,6,Sarcasm/Irony,እንዴት ጤና በጣም ቀላል ነው! (በተቃራኒ)።
6901,2,Phatic,እንዴት ነው ጤንነትሽ አዛውንቱ?
6902,7,Suggestion,ምናልባት ቀላል ሰላም መግዛት?
6903,0,Assertion,አባቶች ናት ብዙ ጊዜ።
6904,7,Suggestion,ወንዶች ፈቃድ ቢያደርግ ይሻላል።
6905,4,Refusal,ይቅርታ፣ ወረቀት አልሰጥም።
6906,3,Promise,ትናንት ተማሪው ኮንትራት ታመጣለች።
6907,5,Request,ጓደኛዬ ሽልማት ማግኘት ይችላል?
6908,3,Promise,በሰዓት እንግዶች ስልክ ያመጣል።
6909,6,Sarcasm/Irony,ነጋዴዎች ሁልጊዜ ይረዳል... (በቀልድ)።
6910,0,Assertion,ገበሬዎች ጉዞ አለው።
6911,0,Assertion,ይህ ሽልማት ውድ መሆኑን እረጋገጣለሁ።
6912,3,Promise,ዛሬ አባቶች ደብዳቤ ታመጣለች።
6913,5,Request,አስተናጋጁ ንግግር ማግኘት ይችላል?
6914,1,Complaint,ይህ ስብሰባ በጣም ትንሽ ነው፣ አልወድም።
6915,4,Refusal,አንተ ዕረፍት አይፈልግም።
6916,6,Sarcasm/Irony,አባቴ በጣም ታማኝ ነው፣ አይዋሽም... (በተቃራኒ)።
6917,5,Request,እባክህ እድል አስረዳኝ።
6918,5,Request,ብዙ ሰዎች ዕድል ማግኘት ይችላል?
6919,2,Phatic,ደህና እንደምትሆን ከ ቢሮ ተስፋ አደርጋለሁ።
6920,8,Warning,ሐኪሞች መረጃ አትንካ።
6921,8,Warning,ተጠንቀቅ! ምክር ቀላል ነው።
6922,5,Request,ባለቤቴ ብር ማግኘት ይችላል?
6923,2,Phatic,ደህና ቀን ይሁንልህ ልጆች።
6924,0,Assertion,አዛውንቱ በሳምንት ከተማ ይገኛል።
6925,7,Suggestion,ምናልባት አሮጌ ሙያ መግዛት?
6926,6,Sarcasm/Irony,አዎ እህቶች በጣም ፈጣን ነው... (በቀልድ)።
6927,0,Assertion,እድል በጣም ትንሽ ነው።
6928,7,Suggestion,ገበሬዎች ስራ ቢጠቀም ይሻላል።
6929,4,Refusal,ይህን ቦታ ማድረግ አልችልም።
6930,7,Suggestion,አዛውንቶች ምክር ቢያደርግ ይሻላል።
6931,4,Refusal,ይቅርታ፣ ንግግር አልሰጥም።
6932,6,Sarcasm/Irony,እንዴት ያለ ንግግር ነው! (በቀልድ)።
6933,0,Assertion,ይህ ሙዚቃ አስደሳች መሆኑን እረጋገጣለሁ።
6934,1,Complaint,እናቴ ህንፃ ስለ ዘገይተኛ መሆኑ ያማርራል።
6935,4,Refusal,ወንድሜ መረጃ አይፈልግም።
6936,8,Warning,እንግዶች ሆቴል አትንካ።
6937,6,Sarcasm/Irony,እንዴት ያለ ጥሩ ጉብኝት ነው! (በተቃራኒ)።
6938,5,Request,ገበሬዎች ምክር ማግኘት ይችላል?
6939,3,Promise,ከዚህ በፊት እናንተ ወረቀት ታመጣለች።
6940,1,Complaint,ነጋዴዎች ፈቃድ ስለ ቀላል መሆኑ ያማርራል።
6941,0,Assertion,ጉብኝት ጥሩ ነው።
6942,6,Sarcasm/Irony,እርግጥ ነው፣ ንግግር በጣም ጥሩ ነው... (በቀልድ)።
6943,2,Phatic,እግዚአብሔር ከአንተ ጋር ይሁን ትናንት።
6944,1,Complaint,ዛሬ እናቴ አገልግሎት አላገኘም።
6945,0,Assertion,ውሃ በጣም ውድ ነው።
6946,4,Refusal,ባለሙያው መድሃኒት አይፈልግም።
6947,1,Complaint,በሰዓት እኔ ድርጊት አላገኘም።
6948,1,Complaint,ይህ ምክር በጣም ደህንነቱ የተጠበቀ ነው፣ አልወድም።
6949,6,Sarcasm/Irony,እንዴት እኛ በጣም ፈጣን ነው! (በአስቂኝ)።
6950,8,Warning,አለቃዬ ምግብ ቤት አትንካ።
6951,3,Promise,እህቴ አሁን ትመጣለች ብሎ ቃል ገብቷል።
6952,7,Suggestion,እህቶች መንገድ ቢጠቀም ይሻላል።
6953,5,Request,እባክዎ ኮምፒውተር ይላኩልኝ።
6954,3,Promise,ይህን ፈቃድ እጠብቃለሁ።
6955,2,Phatic,እንዴት አመሸሽ ወዳጄ?
6956,4,Refusal,ታካሚዎች ዜና አይፈልግም።
6957,2,Phatic,እንዴት ነው ስራሽ እኔ?
6958,2,Phatic,ደህና ሁን ወንዶች።
6959,4,Refusal,አዛውንቶች ጊዜ አይፈልግም።
6960,2,Phatic,በጣም ደስ ብሎኛል ነገ እህቴ።
6961,5,Request,አዛውንቱ ጊዜ ማግኘት ይችላል?
6962,5,Request,እባክዎ ዜና ያድርጉልኝ።
6963,2,Phatic,ጤናማ ሳምንት ይሁንልሽ አንዳንድ ሰዎች።
6964,2,Phatic,እግዚአብሔር ከጎንሽ ይሁን ገበሬዎች።
6965,5,Request,እባክሽ ደብዳቤ ስጠኝ።
6966,4,Refusal,ልጆች ደብዳቤ አይፈልግም።
6967,0,Assertion,እውነቱን ለመናገር ብር አስደሳች ነው።
6968,6,Sarcasm/Irony,እርግጥ ነው፣ መንገድ በጣም ውድ ነው... (በቀልድ)።
6969,1,Complaint,ዛሬ ሐኪሞች መፍትሄ አላገኘም።
6970,2,Phatic,ጤናማ ቀን ይሁንልህ ደንበኞች።
6971,8,Warning,አንቺ ቦታ አትንካ።
6972,3,Promise,እኔ ኮንትራት አላረሳም።
6973,6,Sarcasm/Irony,እንዴት ፈጣን መድሃኒት ነው! (በቀልድ)።
6974,1,Complaint,ይህ ወረቀት በጣም ትልቅ ነው፣ አልወድም።
6975,8,Warning,እሱ ክፍያ አትንካ።
6976,0,Assertion,አባቶች አሁን ገበያ ይገኛል።
6977,1,Complaint,ይህ ኮንትራት በጣም ከባድ ነው፣ አልወድም።
6978,1,Complaint,ይህ እድል በጣም ከባድ ነው፣ አልወድም።
6979,5,Request,ተማሪው ስራ ማግኘት ይችላል?
6980,2,Phatic,ደህና ሁን እናቶች።
6981,8,Warning,አትርሳ ቤት።
6982,2,Phatic,ሰላም አዛውንቱ፣ እንዴት ነው ሁኔታው?
6983,1,Complaint,ይህ መፍትሄ በጣም መጥፎ ነው፣ አልወድም።
6984,8,Warning,ተጠንቀቅ! መጽሔት ፈጣን ነው።
6985,1,Complaint,ለምን ውሃ እንዲህ ደስ የሚል ነው?
6986,6,Sarcasm/Irony,እርግጥ፣ አዋሳ በጣም ቆንጆ ነው... (በሳቅ)።
6987,6,Sarcasm/Irony,እርግጥ ነው፣ ድል በጣም ዘገይተኛ ነው... (በቀልድ)።
6988,7,Suggestion,እንደእኔ አስተያየት እረፍት መቀየር ይሻላል።
6989,5,Request,እባክዎ ድርጊት ያድርጉልኝ።
6990,8,Warning,ይህን ሙያ አታድርግ።
6991,4,Refusal,አንቺ ጉዞ አይፈልግም።
6992,7,Suggestion,ምናልባት አስቸጋሪ ስልጠና መግዛት?
6993,6,Sarcasm/Irony,እንዴት ቅጣት በጣም ቀላል ነው! (በተቃራኒ)።
6994,3,Promise,በቀን አስተማሪው ዜና ታመጣለች።
6995,6,Sarcasm/Irony,አዎ፣ ይህ ስልጠና በጣም ጠቃሚ ነው... (በሳቅ)።
6996,1,Complaint,ለምን ጓደኞች ጉዞ አልሰጠኝም?
6997,3,Promise,በወር ሰራተኞች ዕድል ያመጣል።
6998,2,Phatic,ደስ ብሎኛል ስለሰማሁሽ ገበሬዎች።
6999,1,Complaint,ይህ ወረቀት በጣም መጥፎ ነው፣ አልወድም።
7000,7,Suggestion,ይህን ገንዘብ መሞከር ጥሩ ነው።
7001,4,Refusal,መድሃኒት አልፈልግም፣ አመሰግናለሁ።
7002,1,Complaint,ሴቶች ከ ሀሳብ ጋር ችግር አለው።
7003,4,Refusal,ጊዜ አልፈልግም፣ አመሰግናለሁ።
7004,8,Warning,ወንድሜ ክፍያ አትንካ።
7005,8,Warning,ተጠንቀቅ፣ እናንተ ይመጣል።
7006,2,Phatic,እንኳን ደህና ኑሩ ደንበኞች።
7007,3,Promise,በሳምንት ሁሉም ጉብኝት ታመጣለች።
7008,8,Warning,ተጠንቀቅ በማታ።
7009,0,Assertion,እኔ አለች ብዙ ጊዜ።
7010,6,Sarcasm/Irony,እርግጥ፣ ህንፃ በጣም ውድ ነው... (በአስቂኝ)።
7011,7,Suggestion,ምናልባት ጥሩ ውሃ መግዛት?
7012,0,Assertion,ይህ አገልግሎት አዲስ መሆኑን እረጋገጣለሁ።
7013,8,Warning,ተጠንቀቅ! ምግብ ያሳዝናል ነው።
7014,1,Complaint,ለምን እኔ ችግር አልሰጠኝም?
7015,0,Assertion,ይህ ሆቴል ዘገይተኛ መሆኑን እረጋገጣለሁ።
7016,6,Sarcasm/Irony,እርግጥ፣ አዛውንቶች በጣም ታማኝ ነው... (በአስቂኝ)።
7017,7,Suggestion,ምናልባት አደገኛ ፊልም መግዛት?
7018,2,Phatic,እንኳን ለሠርጉ አደረሰ እናንተ።
7019,6,Sarcasm/Irony,እንዴት ያለ ጥሩ መኪና ነው! (በተቃራኒ)።
7020,0,Assertion,እኔ ጉዞ እንደሚያስፈልግ አውቃለሁ።
7021,6,Sarcasm/Irony,ሐኪሙ ሁልጊዜ ትክክለኛ ውሳኔ ያደርጋል... (በቀልድ)።
7022,2,Phatic,እንዴት ነው ስራህ ባለሙያው?
7023,0,Assertion,አዛውንቱ ሙያ አለው።
7024,5,Request,ልጆች ውሳኔ ማግኘት ይችላል?
7025,2,Phatic,በደህና ሂጂ አባቴ።
7026,2,Phatic,ደህና ቀን ይሁንልህ ከ መንደር።
7027,0,Assertion,እኔ ቤት እንደሚያስፈልግ አውቃለሁ።
7028,1,Complaint,ለምን መድሃኒት እንዲህ ርካሽ ነው?
7029,5,Request,አለቆች ሽልማት ማግኘት ይችላል?
7030,7,Suggestion,እነሱ መጽሐፍ ቢጠቀም ይሻላል።
7031,6,Sarcasm/Irony,እርግጥ ነው፣ አገልግሎት በጣም ርካሽ ነው... (በአስቂኝ)።
7032,8,Warning,ወዳጄ መኪና አትንካ።
7033,6,Sarcasm/Irony,እርግጥ፣ ሰራተኛው በጣም ታማኝ ነው... (በአስቂኝ)።
7034,8,Warning,አደጋ አለ! ጤና ተጠንቀቅ።
7035,0,Assertion,ጎረቤቴ በወር ባንክ ይገኛል።
7036,0,Assertion,በማታ ተማሪው መንደር ነበር።
7037,2,Phatic,ሰላምታዬን ለቤተሰብሽ አቀርባለሁ እናቶች።
7038,6,Sarcasm/Irony,እርግጥ፣ ጓደኛዬ በጣም ታማኝ ነው... (በአስቂኝ)።
7039,2,Phatic,እንኳን ደህና መጣሽ አባቴ።
7040,3,Promise,በማለዳ ሴቶች ክፍያ ታመጣለች።
7041,0,Assertion,እውነቱን ለመናገር መጽሐፍ አሮጌ ነው።
7042,7,Suggestion,ምናልባት መኪና ማድረግ ይሻላል።
7043,0,Assertion,ይህ ኮምፒውተር አስፈላጊ መሆኑን እረጋገጣለሁ።
7044,4,Refusal,እኛ ዕረፍት አይፈልግም።
7045,7,Suggestion,ምናልባት ዜና ማድረግ ይሻላል።
7046,8,Warning,ወጣቶች ክፍያ አትንካ።
7047,5,Request,ባለሙያው ድል ማግኘት ይችላል?
7048,7,Suggestion,ምናልባት ቁልፍ ማድረግ ይሻላል።
7049,3,Promise,በሰዓት ተማሪው ብር ታመጣለች።
7050,1,Complaint,ለምን ተማሪው እርዳታ አልሰጠኝም?
7051,0,Assertion,አንድ ሰው ይቻላል ብዙ ጊዜ።
7052,4,Refusal,ልጆች ትምህርት አይፈልግም።
7053,6,Sarcasm/Irony,በጣም ደስ የሚል ነው፣ አልችልም እንዳልል።
7054,0,Assertion,እድል መጥፎ ነው።
7055,1,Complaint,ይህ መጽሐፍ በጣም ትንሽ ነው፣ አልወድም።
7056,5,Request,ሐኪሞች መፍትሄ ማግኘት ይችላል?
7057,3,Promise,ዛሬ እሷ ስራ ታመጣለች።
7058,5,Request,ከፈቀድክ ፕሮጀክት ውሰድ።
7059,7,Suggestion,አለቆች ሽልማት ቢጠቀም ይሻላል።
7060,0,Assertion,አዛውንቶች ድርጊት አላት።
7061,0,Assertion,እናቴ ዕረፍት ያሳዝናል ናት።
7062,1,Complaint,ሁልጊዜ ምክር ይጎድላል።
7063,7,Suggestion,ምናልባት ደስ የሚል ትምህርት መግዛት?
7064,2,Phatic,መልካም ሳምንት እሱ።
7065,3,Promise,ዳኛው ነገ ይመጣል ብሎ ቃል ገብቷል።
7066,1,Complaint,ሹፌሩ ከ ስልጠና ጋር ችግር አለው።
7067,1,Complaint,ለምን እህቴ ስልጠና አልሰጠኝም?
7068,6,Sarcasm/Irony,ሁሉም ሰው ዕድል ይወዳል... (በአስቂኝ)።
7069,0,Assertion,ገንዘብ በጣም ውድ ነው።
7070,3,Promise,መምህራን ዛሬ ትመጣለች ብሎ ቃል ገብቷል።
7071,8,Warning,ፖሊሱ ትምህርት አትንካ።
7072,7,Suggestion,እንደእኔ አስተያየት ስብሰባ መቀየር ይሻላል።
7073,0,Assertion,አለቆች በቀን መንገድ ይገኛል።
7074,6,Sarcasm/Irony,አባቴ ሁልጊዜ ትክክል ነው፣ እርግጥ ነው... (በሳቅ)።
7075,5,Request,ባለቤቴ ምግብ ቤት ማግኘት ይችላል?
7076,1,Complaint,ይህ ዜና በጣም አስፈላጊ ነው፣ አልወድም።
7077,3,Promise,ትናንት ደንበኞች ትምህርት ታመጣለች።
7078,4,Refusal,አይ፣ ሙያ አልችልም።
7079,8,Warning,አንቺ ንግግር አትንካ።
7080,3,Promise,ቃል እገባለሁ ምክር እንደሚሆን።
7081,4,Refusal,ይህን ጨዋታ ማድረግ አልችልም።
7082,1,Complaint,ለምን ሁሉም ድል አልሰጠኝም?
7083,5,Request,ወጣቶች ጉብኝት ማግኘት ይችላል?
7084,4,Refusal,ልጄ ጨዋታ አይፈልግም።
7085,5,Request,እሷ መኪና ማግኘት ይችላል?
7086,6,Sarcasm/Irony,አዎ አስተማሪው በጣም ፈጣን ነው... (በቀልድ)።
7087,6,Sarcasm/Irony,ቁልፍ በጣም ውድ ነው፣ ግን ዋጋው አለው... (በቀልድ)።
7088,1,Complaint,ለምን ብዙ ሰዎች ጉብኝት አልሰጠኝም?
7089,6,Sarcasm/Irony,እርግጥ ነው፣ በቀን ሁሉም ይሳካል... (በተቃራኒ)።
7090,1,Complaint,እንግዶች ስለ እድል ቅሬታ አለው።
7091,5,Request,አስተናጋጁ መጽሐፍ ማግኘት ይችላል?
7092,2,Phatic,ምን ዜና አለ በወር ከ መቀሌ?
7093,5,Request,እሷ ድል ማግኘት ይችላል?
7094,5,Request,እባክህ በቅርቡ ና።
7095,2,Phatic,እንዴት አለፍሽ ዛሬ ሐኪሙ?
7096,2,Phatic,መልካም ምሽት ወንድሜ።
7097,3,Promise,በእርግጠኝነት ሬስቶራንት እገኛለሁ።
7098,2,Phatic,ጤና ይስጥልኝ ሐኪሙ።
7099,6,Sarcasm/Irony,በጣም ውድ ነው፣ ማንም አይቃወምም... (በቀልድ)።
7100,8,Warning,ተጠንቀቅ! ህንፃ ዘገይተኛ ነው።
7101,4,Refusal,አንዳንድ ሰዎች ደብዳቤ አይፈልግም።
7102,0,Assertion,እውነቱን ለመናገር ሙዚቃ ትልቅ ነው።
7103,6,Sarcasm/Irony,እርግጥ ነው፣ ጉዞ በጣም ርካሽ ነው... (በአስቂኝ)።
7104,0,Assertion,ይህ ውሃ ውድ መሆኑን እረጋገጣለሁ።
7105,4,Refusal,ባለቤቴ ውሃ አይፈልግም።
7106,1,Complaint,ዳኛው ስራ ስለ ደስ የሚል መሆኑ ያማርራል።
7107,1,Complaint,ሹፌሩ ከ ፈቃድ ጋር ችግር አለው።
7108,4,Refusal,ወጣቱ ውሃ አይፈልግም።
7109,5,Request,አለቆች ወረቀት ማግኘት ይችላል?
7110,5,Request,ከፈቀድክ ኮምፒውተር ውሰድ።
7111,4,Refusal,እሱ ሙያ አይፈልግም።
7112,3,Promise,በማታ አንዳንድ ሰዎች ጤና ታመጣለች።
7113,4,Refusal,እኔ መኪና አልቀበልም።
7114,3,Promise,በጊዜው ወንዶች ምግብ ቤት ታመጣለች።
7115,3,Promise,ሐኪሙ በወር ትመጣለች ብሎ ቃል ገብቷል።
7116,3,Promise,በሳምንት ሴቶች ዕድል ያመጣል።
7117,4,Refusal,ገበሬዎች ገንዘብ አይፈልግም።
7118,3,Promise,ይህን ደብዳቤ እጠብቃለሁ።
7119,3,Promise,በሳምንት አስተናጋጁ ድርጊት ያመጣል።
7120,8,Warning,ተጠንቀቅ በቀን።
7121,7,Suggestion,ወንዶች ሀሳብ ቢጠቀም ይሻላል።
7122,0,Assertion,ተማሪው ጤና አላት።
7123,8,Warning,ይህ ስልክ አደገኛ ነው።
7124,0,Assertion,እውነቱን ለመናገር ሽልማት ቀላል ነው።
7125,1,Complaint,ለምን ምግብ እንዲህ ቀላል ነው?
7126,3,Promise,እኔ ወረቀት አላረሳም።
7127,2,Phatic,እንኳን ደህና መጣሽ አለቆች።
7128,7,Suggestion,ይህን ሆቴል መሞከር ጥሩ ነው።
7129,1,Complaint,ወጣቶች ከ ስልክ ጋር ችግር አለው።
7130,0,Assertion,ድርጊት ያሳዝናል ነው።
7131,5,Request,ወንድሜ ትምህርት ማግኘት ይችላል?
7132,7,Suggestion,ወንዶች ድል ቢጠቀም ይሻላል።
7133,7,Suggestion,አንዳንድ ሰዎች ቅጣት ቢጠቀም ይሻላል።
7134,2,Phatic,እንዴት ነሽ አለቆች በጊዜው?
7135,7,Suggestion,ምናልባት ቦታ ማድረግ ይሻላል።
7136,4,Refusal,ማንም ሆቴል አይፈልግም።
7137,5,Request,ጓደኞች ደብዳቤ ማግኘት ይችላል?
7138,2,Phatic,እንዴት ነው ቤተሰብህ አለቃዬ?
7139,0,Assertion,ጨዋታ በጣም አደገኛ ነው።
7140,6,Sarcasm/Irony,እንዴት ያለ ጥሩ ስልክ ነው! (በተቃራኒ)።
7141,6,Sarcasm/Irony,አዎ፣ ሰራተኛው በጣም ብልህ ነው... (በተቃራኒ)።
7142,7,Suggestion,ልጄ ስልክ ቢጠቀም ይሻላል።
7143,4,Refusal,እኔ ምግብ አልቀበልም።
7144,0,Assertion,ወንድሞች በሳምንት መቀሌ ይገኛል።
7145,7,Suggestion,ሴቶች ስልክ ቢያደርግ ይሻላል።
7146,5,Request,አንተ ህንፃ ማግኘት ይችላል?
7147,7,Suggestion,ሐኪሞች ደስታ ቢጠቀም ይሻላል።
7148,7,Suggestion,እንደእኔ አስተያየት እድል መቀየር ይሻላል።
7149,1,Complaint,ጎረቤቴ ስለ ድል ቅሬታ አለው።
7150,0,Assertion,እውነቱን ለመናገር ቅጣት ከባድ ነው።
7151,4,Refusal,እሱ ጉዞ አይፈልግም።
7152,1,Complaint,ተማሪው ቤት ስለ አስደሳች መሆኑ ያማርራል።
7153,5,Request,እባክዎ ድልድይ ያድርጉልኝ።
7154,7,Suggestion,ባለሙያው መጽሐፍ ቢያደርግ ይሻላል።
7155,6,Sarcasm/Irony,አዎ፣ ህንፃ በጣም አስፈላጊ ነው ለሁሉም... (በተቃራኒ)።
7156,4,Refusal,ጓደኛዬ እድል አይፈልግም።
7157,8,Warning,ተጠንቀቅ፣ ገበሬዎች ይመጣል።
7158,0,Assertion,አዛውንቶች ፊልም አለው።
7159,7,Suggestion,ምናልባት አሮጌ ቁልፍ መግዛት?
7160,1,Complaint,ነገ ሰራተኞች ስልጠና አላገኘም።
7161,8,Warning,አደጋ አለ! መንገድ ተጠንቀቅ።
7162,2,Phatic,እንኳን ደህና መጣሽ ከ መንደር።
7163,7,Suggestion,ምናልባት አስፈላጊ ዕረፍት መግዛት?
7164,4,Refusal,አሁን በቀን አይሆንም።
7165,5,Request,ፖሊሱ ስብሰባ ማግኘት ይችላል?
7166,7,Suggestion,አንተ ትምህርት ቢያደርግ ይሻላል።
7167,7,Suggestion,እንዴት ቢሆን ኮምፒውተር ብናደርግ?
7168,6,Sarcasm/Irony,እርግጥ ነው፣ ዜና በጣም ፈጣን ነው... (በቀልድ)።
7169,7,Suggestion,ደንበኞች ምግብ ቤት ቢያደርግ ይሻላል።
7170,1,Complaint,ዳኛው ስለ ስልጠና ቅሬታ አለው።
7171,1,Complaint,እናቶች ከ ብር ጋር ችግር አለው።
7172,4,Refusal,አባቶች ምክር አይፈልግም።
7173,6,Sarcasm/Irony,እርግጥ ነው፣ በማለዳ ሁሉም ይሳካል... (በተቃራኒ)።
7174,2,Phatic,እግዚአብሔር ይባርክሽ ማንም።
7175,2,Phatic,ደህና ቀን ይሁንልህ እነሱ።
7176,0,Assertion,እህቴ ነገ ሐረር ይገኛል።
7177,0,Assertion,ፊልም በጣም አስቸጋሪ ነው።
7178,5,Request,እባክዎ ኮንትራት ይላኩልኝ።
7179,1,Complaint,እሱ ስለ ቤት ቅሬታ አለው።
7180,3,Promise,በማለዳ እናቴ ምክር ታመጣለች።
7181,8,Warning,እኛ እረፍት አትንካ።
7182,8,Warning,ጓደኞች ንግግር አትንካ።
7183,2,Phatic,ሰላምታ ከ ባንክ አዛውንቱ።
7184,8,Warning,ተጠንቀቅ! ጨዋታ መጥፎ ነው።
7185,8,Warning,እናቶች መረጃ አትንካ።
7186,8,Warning,ተጠንቀቅ! ደስታ ንጹህ ነው።
7187,0,Assertion,ይህ ውሃ ደህንነቱ የተጠበቀ መሆኑን እረጋገጣለሁ።
7188,3,Promise,አትጨነቅ፣ መንገድ እከፍላለሁ።
7189,5,Request,አዛውንቶች መንገድ ማግኘት ይችላል?
7190,3,Promise,ከዚህ በኋላ አስተማሪው ቤት ታመጣለች።
7191,3,Promise,በጊዜው አንድ ሰው ስራ ታመጣለች።
7192,1,Complaint,ተማሪዎች ስልጠና ስለ ዘገይተኛ መሆኑ ያማርራል።
7193,0,Assertion,ይህ ደብዳቤ ደህንነቱ የተጠበቀ መሆኑን እረጋገጣለሁ።
7194,3,Promise,በእርግጥ ሽልማት አደርጋለሁ።
7195,1,Complaint,በወር አስተማሪው ድል አላገኘም።
7196,1,Complaint,አባቶች ስለ ቤት ቅሬታ አለው።
7197,1,Complaint,አንቺ ብር ስለ ትልቅ መሆኑ ያማርራል።
7198,8,Warning,ተጠንቀቅ! መድሃኒት አስፈላጊ ነው።
7199,7,Suggestion,ጎረቤቴ መጽሐፍ ቢጠቀም ይሻላል።
7200,8,Warning,ተጠንቀቅ! ጉብኝት አስፈላጊ ነው።
7201,2,Phatic,እንዴት ነው ጤንነትሽ ባለቤቴ?
7202,3,Promise,በቀን ወጣቶች ደብዳቤ ያመጣል።
7203,7,Suggestion,እህቴ ችግር ቢጠቀም ይሻላል።
7204,1,Complaint,ለምን እረፍት እንዲህ ፈጣን ነው?
7205,7,Suggestion,ወዳጄ እረፍት ቢያደርግ ይሻላል።
7206,4,Refusal,መጽሔት አልፈልግም፣ አመሰግናለሁ።
7207,4,Refusal,እነሱ ቅጣት አይፈልግም።
7208,8,Warning,ባለሙያው ድል አትንካ።
7209,4,Refusal,ይቅርታ፣ ጉብኝት አልሰጥም።
7210,5,Request,ነጋዴዎች ክፍያ ማግኘት ይችላል?
7211,4,Refusal,ታካሚዎች መኪና አይፈልግም።
7212,8,Warning,እናቴ ኮምፒውተር አትንካ።
7213,7,Suggestion,አንዳንድ ሰዎች ዕድል ቢያደርግ ይሻላል።
7214,5,Request,እነሱ ገንዘብ ማግኘት ይችላል?
7215,8,Warning,እህቶች ደስታ አትንካ።
7216,6,Sarcasm/Irony,እርግጥ፣ በሳምንት ይሆናል... (በአስቂኝ)።
7217,4,Refusal,አለቃዬ ወረቀት አይፈልግም።
7218,0,Assertion,እኔ ጊዜ እንደሚያስፈልግ አውቃለሁ።
7219,0,Assertion,ስራ በጣም ያሳዝናል ነው።
7220,4,Refusal,አዛውንቶች ውሳኔ አይፈልግም።
7221,2,Phatic,ደህና ቀን ይሁንልሽ ከ ባህር ዳር።
7222,0,Assertion,ይህ አገልግሎት ደስ የሚል መሆኑን እረጋገጣለሁ።
7223,0,Assertion,ህንፃ በጣም መጥፎ ነው።
7224,3,Promise,ወንዶች በቀን ይመጣል ብሎ ቃል ገብቷል።
7225,0,Assertion,ፈቃድ አስፈላጊ ነው።
7226,1,Complaint,ነገ ተማሪዎች ምግብ ቤት አላገኘም።
7227,6,Sarcasm/Irony,ይህ በጣም ትንሽ ሀሳብ ነው... (በሳቅ)።
7228,3,Promise,አለቃዬ በማለዳ ይመጣል ብሎ ቃል ገብቷል።
7229,4,Refusal,ይህን ዜና ማድረግ አልችልም።
7230,6,Sarcasm/Irony,እንዴት ኮንትራት በጣም ቀላል ነው! (በተቃራኒ)።
7231,0,Assertion,ብር በጣም ያሳዝናል ነው።
7232,4,Refusal,አይ፣ መኪና አልችልም።
7233,8,Warning,ባለቤቴ አገልግሎት አትንካ።
7234,0,Assertion,ታካሚዎች መኪና አስደሳች ይታወቃል።
7235,8,Warning,ተጠንቀቅ! መረጃ ቀላል ነው።
7236,5,Request,አንቺ ስልጠና ማግኘት ይችላል?
7237,8,Warning,አትርሳ ኮንትራት።
7238,3,Promise,በፍጥነት እንግዶች ህንፃ ያመጣል።
7239,7,Suggestion,እኛ ዜና ቢጠቀም ይሻላል።
7240,3,Promise,በእርግጥ መድሃኒት አደርጋለሁ።
7241,3,Promise,ከዚህ በፊት አባቶች ክፍያ ታመጣለች።
7242,3,Promise,ቃል እገባለሁ ሆቴል እንደሚሆን።
7243,7,Suggestion,ምናልባት አደገኛ ዜና መግዛት?
7244,5,Request,እርዳኝ ሙዚቃ ለማግኘት።
7245,3,Promise,እኔ ኮምፒውተር እሰጥሃለሁ።
7246,3,Promise,በወር አንዳንድ ሰዎች መኪና ታመጣለች።
7247,2,Phatic,ሰላምታዬን አቀርባለሁ ሹፌሩ።
7248,4,Refusal,ወንድሜ መጽሐፍ አይፈልግም።
7249,0,Assertion,አንድ ሰው ጉብኝት አለው።
7250,5,Request,እህቴ መኪና ማግኘት ይችላል?
7251,6,Sarcasm/Irony,አዎ፣ ይህ ድል በጣም ጠቃሚ ነው... (በሳቅ)።
7252,1,Complaint,ለምን እናንተ ገንዘብ አልሰጠኝም?
7253,6,Sarcasm/Irony,ይህ በጣም ደስ የሚል ሀሳብ ነው... (በሳቅ)።
7254,2,Phatic,እንዴት አለፍሽ ዛሬ ወንዶች?
7255,6,Sarcasm/Irony,እርግጥ ነው፣ መድሃኒት በጣም ውድ ነው... (በቀልድ)።
7256,1,Complaint,ፖሊሱ ከ ጤና ጋር ችግር አለው።
7257,2,Phatic,ሰላም አስተናጋጁ፣ ምን አለ ነገ?
7258,0,Assertion,መድሃኒት አስደሳች ነው።
7259,7,Suggestion,እናንተ ፈቃድ ቢያደርግ ይሻላል።
7260,7,Suggestion,ምናልባት ደህንነቱ የተጠበቀ ትምህርት መግዛት?
7261,1,Complaint,ለምን ደስታ እንዲህ ደህንነቱ የተጠበቀ ነው?
7262,8,Warning,ተጠንቀቅ! ስራ ዘገይተኛ ነው።
7263,2,Phatic,እግዚአብሔር ከአንተ ጋር ይሁን ሴቶች።
7264,7,Suggestion,እንዴት ቢሆን አዋሳ ብንሄድ?
7265,1,Complaint,ሰራተኛው ከ እቅድ ጋር ችግር አለው።
7266,1,Complaint,ይህ ፈቃድ በጣም ንጹህ ነው፣ አልወድም።
7267,3,Promise,በእርግጥ ደስታ አደርጋለሁ።
7268,1,Complaint,ወንድሜ ስለ ወረቀት ቅሬታ አለው።
7269,5,Request,እባክህ ከዚህ በፊት ና።
7270,6,Sarcasm/Irony,እርግጥ ነው፣ በቀን ሁሉም ይረዳል... (በአስቂኝ)።
7271,0,Assertion,ሐኪሞች ሀሳብ ከባድ ይመስላል።
7272,6,Sarcasm/Irony,እንዴት ውድ ወረቀት ነው! (በቀልድ)።
7273,8,Warning,ይህ እድል አደገኛ ነው።
7274,1,Complaint,ልጄ ምግብ ቤት ስለ ንጹህ መሆኑ ያማርራል።
7275,1,Complaint,ለምን ደብዳቤ እንዲህ ትንሽ ነው?
7276,8,Warning,አባቶች ክፍያ አትንካ።
7277,3,Promise,እኔ ብር እሰጥሃለሁ።
7278,3,Promise,በቀን አባቴ ጤና ታመጣለች።
7279,1,Complaint,ለምን መፍትሄ እንዲህ ፈጣን ነው?
7280,5,Request,ተማሪዎች ክፍያ ማግኘት ይችላል?
7281,8,Warning,አደጋ አለ! ዕረፍት ተጠንቀቅ።
7282,5,Request,እሱ ውሳኔ ማግኘት ይችላል?
7283,3,Promise,ከዚህ በፊት ወጣቶች ዕድል ያመጣል።
7284,1,Complaint,ለምን ብዙ ሰዎች ችግር አልሰጠኝም?
7285,5,Request,ይህን ስልጠና ማየት እችላለሁ?
7286,2,Phatic,ደህና ቀን ይሁንልህ ከ አዲስ አበባ።
7287,3,Promise,አሁን እህቶች ክፍያ ያመጣል።
7288,5,Request,እባክሽ እድል ስጠኝ።
7289,1,Complaint,በማለዳ ማንም ጉዞ አላገኘም።
7290,7,Suggestion,እኔ መድሃኒት እንድታደርግ እመክራለሁ።
7291,3,Promise,በማለዳ ወጣቱ ውሳኔ ታመጣለች።
7292,0,Assertion,መምህራን ቤት አስፈላጊ ይታወቃል።
7293,5,Request,እባክሽ ሙያ ስጠኝ።
7294,2,Phatic,እንኳን ደህና መጣሽ ከ ቤት።
7295,4,Refusal,አባቶች ቁልፍ አይፈልግም።
7296,6,Sarcasm/Irony,በጣም አደገኛ ነው፣ ማንም አያውቅም... (በሳቅ)።
7297,6,Sarcasm/Irony,በጣም ቀላል ነው፣ ማንም አያውቅም... (በሳቅ)።
7298,2,Phatic,መልካም ጊዜ ከ ሬስቶራንት ማንም።
7299,1,Complaint,በማታ አዛውንቶች መረጃ አላገኘም።
7300,7,Suggestion,አንዳንድ ሰዎች ዕረፍት ቢያደርግ ይሻላል።
7301,3,Promise,አሁን አዛውንቱ ስልጠና ታመጣለች።
7302,4,Refusal,አዛውንቱ ዕድል አይፈልግም።
7303,3,Promise,በወር አዛውንቶች ብር ታመጣለች።
7304,7,Suggestion,ምናልባት ዘገይተኛ መጽሐፍ መግዛት?
7305,7,Suggestion,እንዴት ቢሆን እድል ብናደርግ?
7306,0,Assertion,እናንተ በፍጥነት ከተማ ይገኛል።
7307,1,Complaint,ለምን ማንም መጽሔት አልሰጠኝም?
7308,0,Assertion,እውነቱን ለመናገር ጉዞ አዲስ ነው።
7309,8,Warning,አደጋ አለ! መድሃኒት ተጠንቀቅ።
7310,8,Warning,ተጠንቀቅ! ስራ ከባድ ነው።
7311,8,Warning,ሰራተኞች ጉዞ አትንካ።
7312,0,Assertion,ይህ ምክር ትንሽ መሆኑን እረጋገጣለሁ።
7313,3,Promise,በእርግጠኝነት ቤት እገኛለሁ።
7314,3,Promise,በማታ አንድ ሰው ሽልማት ታመጣለች።
7315,2,Phatic,እንኳን ደህና ኑሪ ከ ሆስፒታል።
7316,3,Promise,እሱ በፍጥነት ይመጣል ብሎ ቃል ገብቷል።
7317,2,Phatic,በሰላም ኑሪ ማንም።
7318,5,Request,እባክህ ከዚህ በኋላ ኒ።
7319,4,Refusal,እኛ ጉዞ አይፈልግም።
7320,4,Refusal,ይህን ህንፃ ማድረግ አልችልም።
7321,6,Sarcasm/Irony,ወዳጄ በጣም ብልህ ነው፣ አልሳሳም... (በአስቂኝ)።
7322,3,Promise,ነገ እነሱ ዜና ያመጣል።
7323,4,Refusal,ሰራተኞች ሀሳብ አይፈልግም።
7324,1,Complaint,ይህ ዕድል በጣም ፈጣን ነው፣ አልወድም።
7325,6,Sarcasm/Irony,አዎ፣ መንደር በጣም ምቹ ነው... (በአስቂኝ)።
7326,7,Suggestion,አዛውንቱ ብር ቢያደርግ ይሻላል።
7327,1,Complaint,ለምን ኮምፒውተር እንዲህ አዲስ ነው?
7328,5,Request,ሴቶች ድልድይ ማግኘት ይችላል?
7329,1,Complaint,አባቶች ስለ መጽሔት ቅሬታ አለው።
7330,8,Warning,ተጠንቀቅ! ቦታ ውድ ነው።
7331,0,Assertion,መድሃኒት በጣም ቀላል ነው።
7332,6,Sarcasm/Irony,አዎ ሐኪሙ በጣም ፈጣን ነው... (በቀልድ)።
7333,4,Refusal,ፖሊሱ ኮምፒውተር አይፈልግም።
7334,4,Refusal,አዛውንቶች ስልክ አይፈልግም።
7335,3,Promise,መምህራን ነገ ትመጣለች ብሎ ቃል ገብቷል።
7336,5,Request,ተማሪው ፕሮጀክት ማግኘት ይችላል?
7337,6,Sarcasm/Irony,እንዴት ያለ መጥፎ ሀሳብ ነው! (በሳቅ)።
7338,0,Assertion,ሐኪሞች ድርጊት ዘገይተኛ ናቸው።
7339,7,Suggestion,ምናልባት አስፈላጊ ስራ መግዛት?
7340,1,Complaint,እኔ ከ ድል ጋር ችግር አለው።
7341,0,Assertion,ይህ ስራ ጥሩ መሆኑን እረጋገጣለሁ።
7342,7,Suggestion,ልጄ ስብሰባ ቢጠቀም ይሻላል።
7343,4,Refusal,አስተማሪው ቦታ አይፈልግም።
7344,0,Assertion,ይህ እርዳታ መጥፎ መሆኑን እረጋገጣለሁ።
7345,5,Request,እባክህ ጤና አስረዳኝ።
7346,1,Complaint,ለምን እናንተ መንገድ አልሰጠኝም?
7347,0,Assertion,ወንድሞች ብር አስደሳች አለች።
7348,8,Warning,ተጠንቀቅ! ኮንትራት ጥሩ ነው።
7349,4,Refusal,ልጄ ድልድይ አይፈልግም።
7350,2,Phatic,እግዚአብሔር ከአንቺ ጋር ይሁን ዛሬ።
7351,3,Promise,ሴቶች ነገ ይመጣል ብሎ ቃል ገብቷል።
7352,4,Refusal,ብዙ ሰዎች ውሳኔ አይፈልግም።
7353,4,Refusal,አለቃዬ ፕሮጀክት አይፈልግም።
7354,4,Refusal,ወንድሜ ምግብ አይፈልግም።
7355,1,Complaint,ሁልጊዜ ስብሰባ ይጎድላል።
7356,5,Request,እናቴ ጉዞ ማግኘት ይችላል?
7357,3,Promise,እህቴ በሳምንት ይመጣል ብሎ ቃል ገብቷል።
7358,0,Assertion,እኔ ሙያ እንደሚያስፈልግ አውቃለሁ።
7359,3,Promise,ማንም በጊዜው ይመጣል ብሎ ቃል ገብቷል።
7360,8,Warning,ተጠንቀቅ! አገልግሎት ዘገይተኛ ነው።
7361,3,Promise,ባለሙያው በቅርቡ ትመጣለች ብሎ ቃል ገብቷል።
7362,0,Assertion,ቅጣት ፈጣን ነው።
7363,0,Assertion,አንድ ሰው ክፍያ አላት።
7364,3,Promise,እኔ ትምህርት አላረሳም።
7365,5,Request,አስተማሪው ደብዳቤ ማግኘት ይችላል?
7366,1,Complaint,በማለዳ ብዙ ሰዎች ጊዜ አላገኘም።
7367,8,Warning,ይህ ርካሽ ነው፣ ተጠንቀቅ።
7368,6,Sarcasm/Irony,አዛውንቶች ሁልጊዜ ይረዳል... (በቀልድ)።
7369,1,Complaint,ልጆች መጽሐፍ ስለ ቀላል መሆኑ ያማርራል።
7370,5,Request,እናቶች እቅድ ማግኘት ይችላል?
7371,2,Phatic,በደህና ሂድ እህቴ።
7372,8,Warning,ተጠንቀቅ! ፈቃድ ንጹህ ነው።
7373,2,Phatic,እግዚአብሔር ይጠብቅሽ ከ ከተማ።
7374,4,Refusal,ታካሚዎች ክፍያ አይፈልግም።
7375,8,Warning,ጓደኞች ሽልማት አትንካ።
7376,7,Suggestion,ወዳጄ ኮምፒውተር ቢጠቀም ይሻላል።
7377,3,Promise,እኔ ጊዜ እሰጥሻለሁ።
7378,8,Warning,ተጠንቀቅ፣ ታካሚዎች ይመጣል።
7379,1,Complaint,አዛውንቶች ስለ ጊዜ ቅሬታ አለው።
7380,8,Warning,ተጠንቀቅ! ቦታ አደገኛ ነው።
7381,3,Promise,ቃል እገባለሁ ፕሮጀክት እንደሚሆን።
7382,4,Refusal,ልጆች መኪና አይፈልግም።
7383,3,Promise,ከዚህ በኋላ ነጋዴዎች ፊልም ታመጣለች።
7384,4,Refusal,ደስታ አልፈልግም፣ አመሰግናለሁ።
7385,3,Promise,ነገ እናቶች ቅጣት ያመጣል።
7386,2,Phatic,እግዚአብሔር ከጎንሽ ይሁን አዛውንቱ።
7387,3,Promise,አትጨነቅ፣ ንግግር እከፍላለሁ።
7388,0,Assertion,ጓደኞች ድርጊት አላት።
7389,1,Complaint,ወንድሞች ስለ ምክር ቅሬታ አለው።
7390,2,Phatic,ቤተሰብሽ ደህና ናቸው ወዳጄ?
7391,3,Promise,በፍጥነት ጓደኞች ሙያ ታመጣለች።
7392,7,Suggestion,ምናልባት እቅድ ማድረግ ይሻላል።
7393,0,Assertion,ይህ መኪና አደገኛ መሆኑን እረጋገጣለሁ።
7394,1,Complaint,ይህ ኮንትራት በጣም ደስ የሚል ነው፣ አልወድም።
7395,0,Assertion,መጽሔት ውድ ነው።
7396,8,Warning,ተጠንቀቅ፣ ተማሪዎች ይመጣል።
7397,2,Phatic,ደህና እንደምትሆን ተስፋ አደርጋለሁ ገበሬዎች።
7398,7,Suggestion,ምናልባት ውድ ድል መግዛት?
7399,5,Request,ከፈቀድሽ ስብሰባ ውሰድ።
7400,7,Suggestion,ሐኪሙ ህንፃ ቢጠቀም ይሻላል።
7401,0,Assertion,ዜና በጣም ትልቅ ነው።
7402,8,Warning,ይህ መጽሔት አደገኛ ነው።
7403,1,Complaint,ሁልጊዜ መፍትሄ ይጎድላል።
7404,8,Warning,ተጠንቀቅ! ድልድይ ደስ የሚል ነው።
7405,5,Request,ተማሪው እቅድ ማግኘት ይችላል?
7406,7,Suggestion,እንዴት ቢሆን መረጃ ብናደርግ?
7407,7,Suggestion,ምናልባት ውድ መጽሐፍ መግዛት?
7408,0,Assertion,አንቺ ትናንት ከተማ ይገኛል።
7409,0,Assertion,መጽሐፍ በጣም አስቸጋሪ ነው።
7410,1,Complaint,ንግግር አልሰራም፣ ችግር አለ።
7411,2,Phatic,ደህና እንደምትሆን ተስፋ አደርጋለሁ እሷ።
7412,3,Promise,ተማሪው በቀን ይመጣል ብሎ ቃል ገብቷል።
7413,6,Sarcasm/Irony,አዛውንቱ ሁልጊዜ በጊዜው ይመጣል... (በቀልድ)።
7414,5,Request,ሐኪሞች ስልክ ማግኘት ይችላል?
7415,7,Suggestion,አባቶች እቅድ ቢያደርግ ይሻላል።
7416,4,Refusal,አዛውንቶች ዕድል አይፈልግም።
7417,7,Suggestion,ምናልባት ንጹህ እቅድ መግዛት?
7418,2,Phatic,እግዚአብሔር ይጠብቅሽ ከ ቤት።
7419,6,Sarcasm/Irony,አንዳንድ ሰዎች በጣም ብልህ ነው፣ አልሳሳም... (በአስቂኝ)።
7420,4,Refusal,ወንዶች ሆቴል አይፈልግም።
7421,8,Warning,ፖሊሱ ችግር አትንካ።
7422,0,Assertion,በፍጥነት ደንበኞች ትምህርት ቤት ነበር።
7423,2,Phatic,ሰላም እህቶች፣ እንዴት ነህ ከ አዋሳ?
7424,8,Warning,ተማሪው መድሃኒት አትንካ።
7425,1,Complaint,ለምን ጨዋታ እንዲህ ደህንነቱ የተጠበቀ ነው?
7426,0,Assertion,ኮምፒውተር በጣም ትልቅ ነው።
7427,2,Phatic,ደህና እንደምታድር ተስፋ አደርጋለሁ ሰራተኛው።
7428,1,Complaint,ለምን ሐኪሞች ኮንትራት አልሰጠኝም?
7429,3,Promise,እኔ ደስታ እሰጥሻለሁ።
7430,1,Complaint,ሹፌሩ ከ ዕረፍት ጋር ችግር አለው።
7431,6,Sarcasm/Irony,እርግጥ ነው፣ ሰላም በጣም ርካሽ ነው... (በአስቂኝ)።
7432,5,Request,ተማሪው መንገድ ማግኘት ይችላል?
7433,4,Refusal,ብዙ ሰዎች መጽሐፍ አይፈልግም።
7434,8,Warning,አንዳንድ ሰዎች ስብሰባ አትንካ።
7435,2,Phatic,በሰላም ኑር አዛውንቱ።
7436,3,Promise,በጊዜው ልጄ ሽልማት ታመጣለች።
7437,7,Suggestion,አባቶች ጊዜ ቢያደርግ ይሻላል።
7438,3,Promise,ቃል እገባለሁ ምግብ እንደሚሆን።
7439,0,Assertion,ክፍያ አዲስ ነው።
7440,8,Warning,ገበሬዎች ሽልማት አትንካ።
7441,7,Suggestion,እንደእኔ አስተያየት ድልድይ መቀየር ይሻላል።
7442,1,Complaint,ለምን ሀሳብ እንዲህ ንጹህ ነው?
7443,8,Warning,መምህራን ህንፃ አትንካ።
7444,8,Warning,አትርሳ ህንፃ።
7445,2,Phatic,ሰላም አንድ ሰው፣ ምን ሰራሽ?
7446,2,Phatic,እንኳን ለበዓል አደረሰሽ ገበሬዎች።
7447,1,Complaint,ይህ ሙያ በጣም አሮጌ ነው፣ አልወድም።
7448,3,Promise,እኔ እድል አላረሳም።
7449,6,Sarcasm/Irony,እንዴት ዘገይተኛ ነው! (በአስቂኝ መንገድ)።
7450,8,Warning,ይህ ስልጠና አደገኛ ነው።
7451,7,Suggestion,እንዴት ቢሆን መንደር ብንሄድ?
7452,0,Assertion,ደንበኞች ድል አላት።
7453,3,Promise,ሰራተኛው በሳምንት ትመጣለች ብሎ ቃል ገብቷል።
7454,8,Warning,ተጠንቀቅ! ድል አስቸጋሪ ነው።
7455,3,Promise,በእርግጥ ፈቃድ አደርጋለሁ።
7456,2,Phatic,ደህና ቀን ይሁንልሽ ብዙ ሰዎች።
7457,1,Complaint,ለምን ባለሙያው ዜና አልሰጠኝም?
7458,2,Phatic,መልካም ቀን አንድ ሰው።
7459,3,Promise,ዛሬ ተማሪዎች እድል ታመጣለች።
7460,6,Sarcasm/Irony,እንዴት ያለ ጥሩ ዜና ነው! (በተቃራኒ)።
7461,8,Warning,ባለቤቴ ችግር አትንካ።
7462,7,Suggestion,ምናልባት ደህንነቱ የተጠበቀ ዜና መግዛት?
7463,4,Refusal,አዛውንቶች መድሃኒት አይፈልግም።
7464,8,Warning,ወንዶች ክፍያ አትንካ።
7465,4,Refusal,ታካሚዎች ፈቃድ አይፈልግም።
7466,4,Refusal,ወጣቶች ሙያ አይፈልግም።
7467,0,Assertion,ውሳኔ በጣም ፈጣን ነው።
7468,4,Refusal,ጓደኛዬ ህንፃ አይፈልግም።
7469,0,Assertion,እውነቱን ለመናገር ጨዋታ አስቸጋሪ ነው።
7470,2,Phatic,እንኳን ለልደትሽ አደረሰ ተማሪዎች።
7471,5,Request,እናቶች ቁልፍ ማግኘት ይችላል?
7472,7,Suggestion,አንዳንድ ሰዎች አገልግሎት ቢጠቀም ይሻላል።
7473,1,Complaint,ትናንት ወዳጄ ፕሮጀክት አላገኘም።
7474,3,Promise,እኔ ስራ አላረሳም።
7475,0,Assertion,ይህ ደስታ መጥፎ መሆኑን እረጋገጣለሁ።
7476,7,Suggestion,እንደእኔ አስተያየት እርዳታ መቀየር ይሻላል።
7477,6,Sarcasm/Irony,በጣም ያሳዝናል ነው፣ ምንም አደጋ የለም... (በሳቅ)።
7478,6,Sarcasm/Irony,እንዴት ያለ ጥሩ ፕሮጀክት ነው! (በተቃራኒ)።
7479,5,Request,ባለሙያው መጽሔት ማግኘት ይችላል?
7480,3,Promise,ይህን ሙዚቃ እጠብቃለሁ።
7481,5,Request,ከፈቀድሽ እድል ውሰድ።
7482,7,Suggestion,ምናልባት ፈጣን ሆቴል መግዛት?
7483,6,Sarcasm/Irony,በጣም ትልቅ ነው፣ ማንም አይቃወምም... (በቀልድ)።
7484,6,Sarcasm/Irony,አስተማሪው በጣም ታማኝ ነው፣ አይዋሽም... (በተቃራኒ)።
7485,8,Warning,ልጆች ፊልም አትንካ።
7486,2,Phatic,መልካም ጉዞ አንቺ።
7487,2,Phatic,ደህና እንደምትሆን ነገ ተስፋ አደርጋለሁ።
7488,4,Refusal,አይ፣ ጊዜ አልችልም።
7489,1,Complaint,ጓደኞች ስለ ንግግር ቅሬታ አለው።
7490,5,Request,እባክዎ ሬስቶራንት ይሂዱ።
7491,6,Sarcasm/Irony,አዎ እኛ በጣም ፈጣን ነው... (በቀልድ)።
7492,5,Request,እሱ ስብሰባ ማግኘት ይችላል?
7493,2,Phatic,እንኳን ለበዓል አደረሰሽ በፍጥነት።
7494,6,Sarcasm/Irony,ተማሪዎች ሁልጊዜ ትክክል ነው፣ እርግጥ ነው... (በሳቅ)።
7495,5,Request,እባክዎ ኮንትራት ያድርጉልኝ።
7496,1,Complaint,አንቺ ከ ጤና ጋር ችግር አለው።
7497,1,Complaint,ለምን ተማሪው ወረቀት አልሰጠኝም?
7498,2,Phatic,ጤና ይስጥልኝ ጓደኛዬ።
7499,8,Warning,መምህራን ዜና አትንካ።
7500,4,Refusal,ድል አልፈልግም፣ አመሰግናለሁ።
7501,3,Promise,ገበሬዎች ዛሬ ትመጣለች ብሎ ቃል ገብቷል።
7502,6,Sarcasm/Irony,ደንበኞች ሁልጊዜ በጊዜው ይመጣል... (በቀልድ)።
7503,6,Sarcasm/Irony,ሴቶች ሁልጊዜ ይረዳል... (በቀልድ)።
7504,6,Sarcasm/Irony,ሐኪሙ በጣም ብልህ ነው፣ አልሳሳም... (በአስቂኝ)።
7505,4,Refusal,አንዳንድ ሰዎች ጤና አይፈልግም።
7506,3,Promise,ይህን ቤት እጠብቃለሁ።
7507,8,Warning,እሱ ዜና አትንካ።
7508,5,Request,ሹፌሩ ወረቀት ማግኘት ይችላል?
7509,8,Warning,ተጠንቀቅ! ስልጠና ከባድ ነው።
7510,3,Promise,እኔ ውሳኔ አላረሳም።
7511,8,Warning,አትርሳ ትምህርት።
7512,4,Refusal,ሁሉም ሽልማት አይፈልግም።
7513,7,Suggestion,ምናልባት ዘገይተኛ ጉብኝት መግዛት?
7514,8,Warning,እናቶች ሀሳብ አትንካ።
7515,2,Phatic,ሰላም ታካሚዎች፣ እንዴት አለፈ ዛሬ?
7516,6,Sarcasm/Irony,በጣም አስደሳች ነው፣ ምንም አደጋ የለም... (በሳቅ)።
7517,2,Phatic,እንዴት አመሹ ወንድሜ?
7518,6,Sarcasm/Irony,አዎ፣ ይህ ከባድ ሀሳብ ነው... (በሳቅ)።
7519,7,Suggestion,አዛውንቶች ችግር ቢያደርግ ይሻላል።
7520,1,Complaint,አስተማሪው ምክር ስለ አስፈላጊ መሆኑ ያማርራል።
7521,7,Suggestion,ምናልባት አዲስ ቅጣት መግዛት?
7522,1,Complaint,ለምን ሰራተኞች ጨዋታ አልሰጠኝም?
7523,7,Suggestion,እንደእኔ አስተያየት ፊልም መቀየር ይሻላል።
7524,4,Refusal,ብዙ ሰዎች ቅጣት አይፈልግም።
7525,5,Request,እባክህ ፕሮጀክት አስረዳኝ።
7526,7,Suggestion,አንተ መድሃኒት ቢጠቀም ይሻላል።
7527,0,Assertion,ማንም በወር መስሪያ ቤት ይገኛል።
7528,1,Complaint,ይህ ምክር በጣም ከባድ ነው፣ አልወድም።
7529,7,Suggestion,እኔ እርዳታ እንድታደርግ እመክራለሁ።
7530,4,Refusal,ወጣቱ ሙዚቃ አይፈልግም።
7531,4,Refusal,አለቃዬ ቤት አይፈልግም።
7532,7,Suggestion,ምናልባት አስፈላጊ ፕሮጀክት መግዛት?
7533,2,Phatic,በጣም ደስ ብሎኛል ስለተገናኘን ሁሉም።
7534,5,Request,እባክህ እርዳታ ስጠኝ።
7535,6,Sarcasm/Irony,ወዳጄ ሁልጊዜ ትክክለኛ ውሳኔ ያደርጋል... (በቀልድ)።
7536,6,Sarcasm/Irony,እርግጥ፣ ብር በጣም ውድ ነው... (በአስቂኝ)።
7537,5,Request,እባክህ ዜና አስረዳኝ።
7538,2,Phatic,ሰላም እነሱ፣ ምን ሰራህ ከ ጎንደር?
7539,1,Complaint,ሹፌሩ ፈቃድ ስለ ርካሽ መሆኑ ያማርራል።
7540,2,Phatic,ደህና ቀን ይሁንልህ አባቴ።
7541,5,Request,ልጆች አገልግሎት ማግኘት ይችላል?
7542,5,Request,ሹፌሩ ዕረፍት ማግኘት ይችላል?
7543,4,Refusal,አስተማሪው መኪና አይፈልግም።
7544,0,Assertion,ስራ ውድ ነው።
7545,2,Phatic,እንኳን ለልደትሽ አደረሰ እኛ።
7546,7,Suggestion,እህቴ አገልግሎት ቢጠቀም ይሻላል።
7547,3,Promise,ሹፌሩ በጊዜው ይመጣል ብሎ ቃል ገብቷል።
7548,2,Phatic,እንዴት አለፍሽ በወር ሴቶች?
7549,0,Assertion,ብዙ ሰዎች ዕረፍት ደስ የሚል ይመስላል።
7550,6,Sarcasm/Irony,ጓደኞች ሁልጊዜ በጊዜው ይመጣል... (በቀልድ)።
7551,2,Phatic,ደህና ቀን ይሁንልሽ ጓደኞች።
7552,8,Warning,ይህ ቤት አደገኛ ነው።
7553,4,Refusal,እናቶች መጽሔት አይፈልግም።
7554,7,Suggestion,ወዳጄ ጤና ቢያደርግ ይሻላል።
7555,1,Complaint,ደንበኞች ከ ጨዋታ ጋር ችግር አለው።
7556,3,Promise,እኔ ስልክ እሰጥሻለሁ።
7557,6,Sarcasm/Irony,ሹፌሩ ሁልጊዜ ይረዳል... (በቀልድ)።
7558,1,Complaint,ለምን ወንዶች ክፍያ አልሰጠኝም?
7559,6,Sarcasm/Irony,እርግጥ፣ እህቶች በጣም ታማኝ ነው... (በአስቂኝ)።
7560,1,Complaint,ሴቶች ስለ እረፍት ቅሬታ አለው።
7561,0,Assertion,እኔ ቦታ ውድ ናቸው።
7562,3,Promise,በማታ ሁሉም ድልድይ ያመጣል።
7563,6,Sarcasm/Irony,አዎ፣ ፖሊሱ በጣም ብልህ ነው... (በተቃራኒ)።
7564,8,Warning,አትርሳ ምግብ።
7565,6,Sarcasm/Irony,እርግጥ ነው፣ ሁሉም ነገር ጥሩ ነው... (በአስቂኝ)።
7566,2,Phatic,ሰላም ጎረቤቴ፣ ምን አለ በጊዜው?
7567,2,Phatic,ደህና እንደምትሆኚ በሳምንት ተስፋ አደርጋለሁ።
7568,4,Refusal,እናቴ ህንፃ አይፈልግም።
7569,4,Refusal,አባቴ ድል አይፈልግም።
7570,0,Assertion,ሁሉም ሽልማት ርካሽ ይታወቃል።
7571,2,Phatic,እንዴት ነው ቀኑ ከ አዋሳ?
7572,2,Phatic,እግዚአብሔር ይባርክህ ከ ፓርክ።
7573,8,Warning,አደጋ አለ! መፍትሄ ተጠንቀቅ።
7574,7,Suggestion,ምናልባት ፈጣን ኮንትራት መግዛት?
7575,8,Warning,ሰራተኛው መንገድ አትንካ።
7576,2,Phatic,በጣም ደስ ብሎኛል ስለተገናኘን አንዳንድ ሰዎች።
7577,2,Phatic,ሰላም ወንድሜ ከ ቤተ ክርስቲያን።
7578,6,Sarcasm/Irony,ተማሪው ሁልጊዜ በጊዜው ይመጣል... (በቀልድ)።
7579,3,Promise,በወር ሐኪሞች ድርጊት ታመጣለች።
7580,3,Promise,መምህራን በጊዜው ይመጣል ብሎ ቃል ገብቷል።
7581,2,Phatic,ሰላም ብዙ ሰዎች ከ ሆስፒታል።
7582,8,Warning,እኔ ጨዋታ አትንካ።
7583,7,Suggestion,እንዴት ቢሆን ህንፃ ብናደርግ?
7584,2,Phatic,እግዚአብሔር ይባርክህ ወዳጄ።
7585,5,Request,እባክዎ መድሃኒት ይላኩልኝ።
7586,6,Sarcasm/Irony,እሷ ሁልጊዜ ትክክል ነው... (በሳቅ)።
7587,4,Refusal,አለቆች እቅድ አይፈልግም።
7588,4,Refusal,አለቃዬ ውሳኔ አይፈልግም።
7589,8,Warning,ተጠንቀቅ! ጉብኝት ርካሽ ነው።
7590,3,Promise,በሳምንት ወጣቱ ድርጊት ታመጣለች።
7591,5,Request,ተማሪዎች ዕድል ማግኘት ይችላል?
7592,1,Complaint,ለምን ሰራተኞች ድል አልሰጠኝም?
7593,4,Refusal,ፖሊሱ ቁልፍ አይፈልግም።
7594,3,Promise,እናቶች በሰዓት ትመጣለች ብሎ ቃል ገብቷል።
7595,4,Refusal,ማንም እቅድ አይፈልግም።
7596,5,Request,ጎረቤቴ ምግብ ቤት ማግኘት ይችላል?
7597,5,Request,እባክህ ንግግር አስረዳኝ።
7598,5,Request,ባለሙያው መንገድ ማግኘት ይችላል?
7599,4,Refusal,ባለቤቴ ዜና አይፈልግም።
7600,1,Complaint,ለምን ፈቃድ እንዲህ ውድ ነው?
7601,6,Sarcasm/Irony,ሁሉም ሰው ቦታ ይወዳል... (በአስቂኝ)።
7602,5,Request,ማንም ዜና ማግኘት ይችላል?
7603,0,Assertion,ፈቃድ ውድ ነው።
7604,1,Complaint,አሁን እናቶች መኪና አላገኘም።
7605,1,Complaint,አዛውንቶች ከ ወረቀት ጋር ችግር አለው።
7606,1,Complaint,ይህ ምግብ ቤት በጣም አዲስ ነው፣ አልወድም።
7607,6,Sarcasm/Irony,እርግጥ ነው፣ እድል በጣም አስፈላጊ ነው... (በቀልድ)።
7608,1,Complaint,ለምን ስልጠና እንዲህ አዲስ ነው?
7609,1,Complaint,በማታ ባለሙያው ስልጠና አላገኘም።
7610,3,Promise,በወር ወጣቶች ትምህርት ታመጣለች።
7611,2,Phatic,እግዚአብሔር ይጠብቅህ ከ ባንክ።
7612,6,Sarcasm/Irony,አዎ፣ በጊዜው ሁሉም ዝግጁ ነው... (በተቃራኒ)።
7613,3,Promise,ቃል እገባለሁ ንግግር እንደሚሆን።
7614,5,Request,እባክህ ሆቴል አስረዳኝ።
7615,7,Suggestion,እናቴ መድሃኒት ቢያደርግ ይሻላል።
7616,4,Refusal,አለቆች ሆቴል አይፈልግም።
7617,3,Promise,እኔ መኪና አላረሳም።
7618,4,Refusal,ደንበኞች ድል አይፈልግም።
7619,2,Phatic,ሰላም ልጄ፣ እንዴት ነህ ከ መስሪያ ቤት?
7620,3,Promise,ነገ ፖሊሱ ቦታ ታመጣለች።
7621,2,Phatic,መልካም ጉዞ አለቃዬ።
7622,6,Sarcasm/Irony,እርግጥ፣ ሴቶች በጣም ታማኝ ነው... (በአስቂኝ)።
7623,1,Complaint,ምክር አልሰራም፣ ችግር አለ።
7624,7,Suggestion,ምናልባት መጥፎ አገልግሎት መግዛት?
7625,3,Promise,ሐኪሙ በፍጥነት ይመጣል ብሎ ቃል ገብቷል።
7626,6,Sarcasm/Irony,አዎ፣ ቦታ በጣም ጥሩ ጥራት አለው... (በአስቂኝ)።
7627,2,Phatic,እንዴት ነው ቀኑ ከ ከተማ?
7628,4,Refusal,አዛውንቶች እርዳታ አይፈልግም።
7629,5,Request,ወጣቶች ድልድይ ማግኘት ይችላል?
7630,5,Request,ይህን ሰላም ማየት እችላለሁ?
7631,3,Promise,አትጨነቅ፣ ድል እከፍላለሁ።
7632,3,Promise,በወር ወዳጄ ክፍያ ታመጣለች።
7633,2,Phatic,እግዚአብሔር ከአንተ ጋር ይሁን አንቺ።
7634,6,Sarcasm/Irony,እርግጥ ነው፣ ሆቴል በጣም ንጹህ ነው... (በቀልድ)።
7635,6,Sarcasm/Irony,ሁሉም ሰው ኮንትራት ይወዳል... (በአስቂኝ)።
7636,0,Assertion,መምህራን እርዳታ አለው።
7637,8,Warning,ልጄ ስራ አትንካ።
7638,5,Request,ይህን ቦታ ማየት እችላለሁ?
7639,7,Suggestion,ታካሚዎች ሙያ ቢያደርግ ይሻላል።
7640,1,Complaint,አንቺ ስለ ምክር ቅሬታ አለው።
7641,3,Promise,አንቺ በወር ይመጣል ብሎ ቃል ገብቷል።
7642,3,Promise,በማታ ጓደኛዬ ዕድል ታመጣለች።
7643,8,Warning,ልጆች ድርጊት አትንካ።
7644,4,Refusal,አንቺ ስብሰባ አይፈልግም።
7645,6,Sarcasm/Irony,አዎ፣ በቅርቡ ሁሉም ዝግጁ ነው... (በተቃራኒ)።
7646,1,Complaint,ተማሪዎች ከ አገልግሎት ጋር ችግር አለው።
7647,4,Refusal,ነጋዴዎች ትምህርት አይፈልግም።
7648,5,Request,እባክህ ዛሬ ና።
7649,8,Warning,ይህ ፈጣን ነው፣ ተጠንቀቅ።
7650,2,Phatic,እግዚአብሔር ይባርክህ ከ አዲስ አበባ።
7651,0,Assertion,ብዙ ሰዎች ይታወቃል ብዙ ጊዜ።
7652,1,Complaint,ለምን ሰላም እንዲህ ዘገይተኛ ነው?
7653,6,Sarcasm/Irony,ሰራተኛው ሁልጊዜ ትክክለኛ ውሳኔ ያደርጋል... (በቀልድ)።
7654,7,Suggestion,ምናልባት ንጹህ ፕሮጀክት መግዛት?
7655,8,Warning,አስተናጋጁ ስልክ አትንካ።
7656,1,Complaint,እንግዶች ከ ወረቀት ጋር ችግር አለው።
7657,2,Phatic,ጤናማ ቀን ይሁንልህ ከ ሆስፒታል።
7658,6,Sarcasm/Irony,እንዴት ያለ ውሃ ነው! (በቀልድ)።
7659,2,Phatic,በጣም ደስ ብሎኛል በቀን እህቴ።
7660,8,Warning,ተጠንቀቅ! ብር ደህንነቱ የተጠበቀ ነው።
7661,3,Promise,በእርግጥ ጉብኝት አደርጋለሁ።
7662,4,Refusal,ይህን እቅድ ማድረግ አልችልም።
7663,7,Suggestion,እኔ ጨዋታ እንድታደርግ እመክራለሁ።
7664,2,Phatic,መልካም ቀን እኔ።
7665,7,Suggestion,ምናልባት ዘገይተኛ ምክር መግዛት?
7666,8,Warning,ይህን ሽልማት አታድርግ።
7667,4,Refusal,ወጣቶች ቤት አይፈልግም።
7668,1,Complaint,በጊዜው እኛ ፈቃድ አላገኘም።
7669,4,Refusal,ሐኪሞች ጊዜ አይፈልግም።
7670,1,Complaint,ልጆች ከ ድልድይ ጋር ችግር አለው።
7671,8,Warning,ወንዶች አገልግሎት አትንካ።
7672,5,Request,ከፈቀድሽ ስራ ውሰድ።
7673,8,Warning,ተጠንቀቅ! ዜና ትልቅ ነው።
7674,1,Complaint,ልጄ ከ እረፍት ጋር ችግር አለው።
7675,6,Sarcasm/Irony,እንዴት መኪና በጣም ቀላል ነው! (በተቃራኒ)።
7676,4,Refusal,ወንድሞች ስልጠና አይፈልግም።
7677,8,Warning,ወንድሜ ድርጊት አትንካ።
7678,7,Suggestion,ምናልባት ዕድል ማድረግ ይሻላል።
7679,1,Complaint,ለምን ድል እንዲህ ትንሽ ነው?
7680,7,Suggestion,አንቺ መረጃ ቢጠቀም ይሻላል።
7681,5,Request,እባክዎ መጽሔት ይላኩልኝ።
7682,1,Complaint,እነሱ ከ ምግብ ጋር ችግር አለው።
7683,2,Phatic,እንዴት ነው ስራህ ከዚህ በኋላ?
7684,0,Assertion,እኛ ፈቃድ ደህንነቱ የተጠበቀ ይቆጠራል።
7685,8,Warning,ሁሉም ቁልፍ አትንካ።
7686,8,Warning,አለቆች ክፍያ አትንካ።
7687,2,Phatic,እንዴት ነሽ ወዳጄ በፍጥነት?
7688,5,Request,ከፈቀድክ ቁልፍ ውሰድ።
7689,6,Sarcasm/Irony,እንዴት ጥሩ ዕድል ነው! (በቀልድ)።
7690,4,Refusal,አለቃዬ ክፍያ አይፈልግም።
7691,2,Phatic,በሰላም እንገናኝ ከ ፓርክ።
7692,8,Warning,ሹፌሩ ውሃ አትንካ።
7693,7,Suggestion,ብዙ ሰዎች ስልክ ቢጠቀም ይሻላል።
7694,2,Phatic,መልካም ምሽት አሁን ወዳጄ።
7695,0,Assertion,ስልክ ትልቅ ነው።
7696,7,Suggestion,ጓደኞች ውሳኔ ቢያደርግ ይሻላል።
7697,8,Warning,አባቶች ድልድይ አትንካ።
7698,5,Request,አንተ ሙያ ማግኘት ይችላል?
7699,6,Sarcasm/Irony,እንዴት አስፈላጊ ሁኔታ ነው! (በቀልድ)።
7700,5,Request,ተማሪው መድሃኒት ማግኘት ይችላል?
7701,6,Sarcasm/Irony,እንዴት ያለ ምግብ ቤት ነው! (በቀልድ)።
7702,7,Suggestion,ሰራተኞች ስብሰባ ቢያደርግ ይሻላል።
7703,1,Complaint,ምግብ ቤት አልሰራም፣ ችግር አለ።
7704,2,Phatic,መልካም ጊዜ ይሁንልሽ በሳምንት።
7705,0,Assertion,ነጋዴዎች ክፍያ አላት።
7706,5,Request,እነሱ ሽልማት ማግኘት ይችላል?
7707,6,Sarcasm/Irony,እንዴት ስብሰባ በጣም ቀላል ነው! (በተቃራኒ)።
7708,4,Refusal,ልጆች ስራ አይፈልግም።
7709,4,Refusal,አይ፣ ሙዚቃ አልችልም።
7710,4,Refusal,ሰራተኛው ጉዞ አይፈልግም።
7711,7,Suggestion,ምናልባት ትንሽ መንገድ መግዛት?
7712,6,Sarcasm/Irony,ሰራተኛው ሁልጊዜ በጊዜው ይመጣል... (በቀልድ)።
7713,8,Warning,ሐኪሞች መኪና አትንካ።
7714,2,Phatic,ሰላም ባለቤቴ፣ ምን ሰራህ በቀን?
7715,6,Sarcasm/Irony,እንዴት ያለ ጥሩ አገልግሎት ነው! (በተቃራኒ)።
7716,1,Complaint,ዳኛው ስለ ጨዋታ ቅሬታ አለው።
7717,7,Suggestion,ምናልባት አስደሳች ጉብኝት መግዛት?
7718,2,Phatic,ጤና ይስጥልኝ በቀን እሷ።
7719,5,Request,ወንድሞች ደብዳቤ ማግኘት ይችላል?
7720,5,Request,ወጣቶች ፕሮጀክት ማግኘት ይችላል?
7721,0,Assertion,በማታ አንድ ሰው አዋሳ ነበር።
7722,3,Promise,ከዚህ በፊት አለቆች መንገድ ያመጣል።
7723,6,Sarcasm/Irony,እርግጥ ነው፣ ሽልማት በጣም አዲስ ነው... (በቀልድ)።
7724,0,Assertion,አባቴ መጽሐፍ ዘገይተኛ ይቻላል።
7725,6,Sarcasm/Irony,አዎ፣ ብር በጣም ጥሩ ጥራት አለው... (በአስቂኝ)።
7726,2,Phatic,በሰላም ኑር ባለቤቴ።
7727,0,Assertion,እናቶች ነው ብዙ ጊዜ።
7728,2,Phatic,እንኳን ለበዓል አደረሰሽ ዛሬ።
7729,5,Request,እነሱ ምግብ ማግኘት ይችላል?
7730,2,Phatic,በሰላም እንገናኝ ዛሬ።
7731,5,Request,ጎረቤቴ ሽልማት ማግኘት ይችላል?
7732,3,Promise,በሰዓት አስተናጋጁ ህንፃ ያመጣል።
7733,7,Suggestion,ምናልባት አዲስ መረጃ መግዛት?
7734,7,Suggestion,ነጋዴዎች ዕረፍት ቢጠቀም ይሻላል።
7735,3,Promise,በቀን ደንበኞች ውሳኔ ታመጣለች።
7736,1,Complaint,ቤት አልሰራም፣ ችግር አለ።
7737,1,Complaint,እሷ ከ ቅጣት ጋር ችግር አለው።
7738,7,Suggestion,ምናልባት ቀላል መድሃኒት መግዛት?
7739,3,Promise,በቀን እናቶች ኮምፒውተር ያመጣል።
7740,5,Request,ሴቶች ደብዳቤ ማግኘት ይችላል?
7741,7,Suggestion,ጎረቤቴ ፊልም ቢጠቀም ይሻላል።
7742,3,Promise,እሷ በሳምንት ይመጣል ብሎ ቃል ገብቷል።
7743,7,Suggestion,እናቶች ስራ ቢጠቀም ይሻላል።
7744,6,Sarcasm/Irony,ሁሉም ሰው ጤና ይወዳል... (በአስቂኝ)።
7745,8,Warning,አትርሳ ጉዞ።
7746,4,Refusal,ሐኪሞች ጤና አይፈልግም።
7747,7,Suggestion,እነሱ ቤት ቢያደርግ ይሻላል።
7748,8,Warning,ሐኪሞች ውሳኔ አትንካ።
7749,4,Refusal,ሹፌሩ ድልድይ አይፈልግም።
7750,2,Phatic,ሰላም አባቴ፣ እንዴት ነህ?
7751,6,Sarcasm/Irony,በጣም ከባድ ነው፣ ማንም አይቃወምም... (በቀልድ)።
7752,5,Request,ይህን መረጃ ማየት እችላለሁ?
7753,0,Assertion,እኔ ወረቀት እንደሚያስፈልግ አውቃለሁ።
7754,3,Promise,ቃል እገባለሁ ውሳኔ እንደሚሆን።
7755,6,Sarcasm/Irony,በጣም ጥሩ ነው፣ ማንም አይቃወምም... (በቀልድ)።
7756,0,Assertion,እኔ ሆቴል አላት።
7757,4,Refusal,ፖሊሱ ዜና አይፈልግም።
7758,3,Promise,ባለሙያው ትናንት ትመጣለች ብሎ ቃል ገብቷል።
7759,3,Promise,አትጨነቅ፣ ፊልም እከፍላለሁ።
7760,4,Refusal,እህቴ ቦታ አይፈልግም።
7761,8,Warning,ሐረር አትግባ፣ አደገኛ ነው።
7762,3,Promise,ዳኛው በጊዜው ትመጣለች ብሎ ቃል ገብቷል።
7763,2,Phatic,እንኳን ደህና መጣህ በማታ።
7764,2,Phatic,እንዴት ነህ አስተማሪው ከዚህ በፊት?
7765,4,Refusal,ታካሚዎች መድሃኒት አይፈልግም።
7766,8,Warning,ብዙ ሰዎች ስብሰባ አትንካ።
7767,3,Promise,ቃል እገባለሁ ዜና እንደሚሆን።
7768,8,Warning,ጓደኛዬ ጉዞ አትንካ።
7769,5,Request,እባክዎ ትምህርት ያድርጉልኝ።
7770,4,Refusal,እሱ ፈቃድ አይፈልግም።
7771,0,Assertion,ይህ ሙያ አሮጌ መሆኑን እረጋገጣለሁ።
7772,8,Warning,ተጠንቀቅ! ስልጠና አደገኛ ነው።
7773,7,Suggestion,ወዳጄ ዜና ቢያደርግ ይሻላል።
7774,2,Phatic,እንዴት ነው ሁኔታው ትምህርት ቤት ልጄ?
7775,7,Suggestion,ምናልባት ከባድ ሀሳብ መግዛት?
7776,8,Warning,ጓደኞች ምግብ አትንካ።
7777,1,Complaint,ልጆች ከ መጽሔት ጋር ችግር አለው።
7778,7,Suggestion,ምናልባት ውድ ፕሮጀክት መግዛት?
7779,7,Suggestion,ወንድሜ መድሃኒት ቢያደርግ ይሻላል።
7780,0,Assertion,አባቴ ክፍያ አላት።
7781,3,Promise,በወር አለቆች ቁልፍ ያመጣል።
7782,4,Refusal,አይ፣ ገንዘብ አልችልም።
7783,0,Assertion,እህቶች መፍትሄ አላት።
7784,4,Refusal,ወንድሞች ስልክ አይፈልግም።
7785,1,Complaint,ነገ ሐኪሙ ውሳኔ አላገኘም።
7786,3,Promise,እነሱ በጊዜው ትመጣለች ብሎ ቃል ገብቷል።
7787,5,Request,ሰራተኞች ምግብ ቤት ማግኘት ይችላል?
7788,0,Assertion,ባለሙያው ጤና አላት።
7789,5,Request,ጎረቤቴ ጉብኝት ማግኘት ይችላል?
7790,3,Promise,በቀን ወጣቱ መኪና ታመጣለች።
7791,8,Warning,ሰራተኞች መንገድ አትንካ።
7792,6,Sarcasm/Irony,አዎ፣ ይህ ሙዚቃ በጣም ጠቃሚ ነው... (በሳቅ)።
7793,3,Promise,በጊዜው ወንድሜ መኪና ያመጣል።
7794,5,Request,እኛ እርዳታ ማግኘት ይችላል?
7795,5,Request,ሁሉም ሰላም ማግኘት ይችላል?
7796,8,Warning,ዳኛው ዕድል አትንካ።
7797,1,Complaint,እናቶች መጽሔት ስለ ትልቅ መሆኑ ያማርራል።
7798,7,Suggestion,አዛውንቱ ደብዳቤ ቢጠቀም ይሻላል።
7799,0,Assertion,ጓደኞች በወር ሆስፒታል ይገኛል።
7800,1,Complaint,አስተናጋጁ ስለ ጊዜ ቅሬታ አለው።
7801,0,Assertion,ወንድሜ ፕሮጀክት አለው።
7802,7,Suggestion,እንደእኔ አስተያየት ኮምፒውተር መቀየር ይሻላል።
7803,5,Request,እኛ ዕድል ማግኘት ይችላል?
7804,3,Promise,ሹፌሩ በቅርቡ ይመጣል ብሎ ቃል ገብቷል።
7805,8,Warning,አትርሳ ዜና።
7806,1,Complaint,ሁልጊዜ ዕረፍት ይጎድላል።
7807,7,Suggestion,እናቴ ዕረፍት ቢያደርግ ይሻላል።
7808,7,Suggestion,ምናልባት አሮጌ ስራ መግዛት?
7809,4,Refusal,ጎረቤቴ ገንዘብ አይፈልግም።
7810,0,Assertion,እውነቱን ለመናገር ጉዞ አስፈላጊ ነው።
7811,7,Suggestion,ምናልባት ንጹህ ሰላም መግዛት?
7812,5,Request,እባክዎ መድሃኒት ያድርጉልኝ።
7813,3,Promise,በቀን ሁሉም ንግግር ታመጣለች።
7814,5,Request,ሰራተኛው ምክር ማግኘት ይችላል?
7815,6,Sarcasm/Irony,እንዴት ዕረፍት በጣም ቀላል ነው! (በተቃራኒ)።
7816,2,Phatic,እንኳን ደህና መጣህ አስተማሪው።
7817,0,Assertion,ዜና አስቸጋሪ ነው።
7818,4,Refusal,ቅጣት አልፈልግም፣ አመሰግናለሁ።
7819,4,Refusal,እኔ ሙያ አልቀበልም።
7820,7,Suggestion,እንደእኔ አስተያየት መጽሐፍ መቀየር ይሻላል።
7821,4,Refusal,ዕድል አልፈልግም፣ አመሰግናለሁ።
7822,6,Sarcasm/Irony,መድሃኒት በጣም ውድ ነው፣ ግን ዋጋው አለው... (በቀልድ)።
7823,7,Suggestion,ምናልባት ውድ ቅጣት መግዛት?
7824,6,Sarcasm/Irony,አዎ፣ ስብሰባ በጣም አስፈላጊ ነው... (በተቃራኒ)።
7825,4,Refusal,እኛ መረጃ አይፈልግም።
7826,5,Request,ጎረቤቴ ስልክ ማግኘት ይችላል?
7827,5,Request,እባክዎ ከተማ ይሂዱ።
7828,4,Refusal,እናቶች ሰላም አይፈልግም።
7829,0,Assertion,እውነቱን ለመናገር ገንዘብ ጥሩ ነው።
7830,4,Refusal,እንግዶች ድልድይ አይፈልግም።
7831,1,Complaint,ባለሙያው ከ ምግብ ጋር ችግር አለው።
7832,1,Complaint,አሁን እነሱ መረጃ አላገኘም።
7833,1,Complaint,ዕረፍት አልሰራም፣ ችግር አለ።
7834,5,Request,እነሱ ሰላም ማግኘት ይችላል?
7835,0,Assertion,ወጣቱ ዛሬ ቤት ይገኛል።
7836,4,Refusal,አባቴ ፈቃድ አይፈልግም።
7837,8,Warning,ተጠንቀቅ፣ እህቴ ይመጣል።
7838,1,Complaint,እኛ ስለ ወረቀት ቅሬታ አለው።
7839,0,Assertion,እድል አሮጌ ነው።
7840,6,Sarcasm/Irony,እርግጥ ነው፣ ህንፃ በጣም ደህንነቱ የተጠበቀ ነው... (በቀልድ)።
7841,4,Refusal,ተማሪዎች ስራ አይፈልግም።
7842,0,Assertion,እኔ ብር እንደሚያስፈልግ አውቃለሁ።
7843,5,Request,እባክህ መኪና ስጠኝ።
7844,0,Assertion,እህቶች ስብሰባ አለው።
7845,6,Sarcasm/Irony,እርግጥ ነው፣ ጨዋታ በጣም ርካሽ ነው... (በአስቂኝ)።
7846,6,Sarcasm/Irony,እንዴት ያለ መድሃኒት ነው! (በቀልድ)።
7847,1,Complaint,ለምን ጉዞ እንዲህ ከባድ ነው?
7848,8,Warning,ቤት አትግባ፣ አደገኛ ነው።
7849,6,Sarcasm/Irony,እንዴት ያለ ጥሩ መፍትሄ ነው! (በተቃራኒ)።
7850,4,Refusal,አዛውንቶች ሙዚቃ አይፈልግም።
7851,1,Complaint,ሁልጊዜ ወረቀት ይጎድላል።
7852,7,Suggestion,እንዴት ቢሆን ስራ ብናደርግ?
7853,4,Refusal,አባቶች ሙዚቃ አይፈልግም።
7854,6,Sarcasm/Irony,እርግጥ ነው፣ ንግግር በጣም ርካሽ ነው... (በአስቂኝ)።
7855,4,Refusal,ወንድሜ ሙዚቃ አይፈልግም።
7856,8,Warning,ተጠንቀቅ! ወረቀት መጥፎ ነው።
7857,0,Assertion,ገበሬዎች ሀሳብ ደስ የሚል ይታወቃል።
7858,7,Suggestion,ተማሪዎች ጉዞ ቢያደርግ ይሻላል።
7859,4,Refusal,ኮንትራት አልፈልግም፣ አመሰግናለሁ።
7860,1,Complaint,ከዚህ በፊት ወዳጄ ድርጊት አላገኘም።
7861,1,Complaint,እህቴ ስለ ሰላም ቅሬታ አለው።
7862,5,Request,አለቃዬ ወረቀት ማግኘት ይችላል?
7863,1,Complaint,አዛውንቱ ከ ሽልማት ጋር ችግር አለው።
7864,4,Refusal,ሁሉም ዕረፍት አይፈልግም።
7865,8,Warning,መቀሌ አትግባ፣ አደገኛ ነው።
7866,3,Promise,ትናንት እነሱ እርዳታ ታመጣለች።
7867,6,Sarcasm/Irony,አዎ፣ ጎንደር በጣም ምቹ ነው... (በአስቂኝ)።
7868,5,Request,አዛውንቶች ድልድይ ማግኘት ይችላል?
7869,8,Warning,እናቴ ምክር አትንካ።
7870,1,Complaint,እሱ ከ መጽሐፍ ጋር ችግር አለው።
7871,3,Promise,ነገ አንቺ ዕድል ያመጣል።
7872,8,Warning,አዛውንቶች መረጃ አትንካ።
7873,4,Refusal,እናቴ ኮምፒውተር አይፈልግም።
7874,1,Complaint,እንግዶች ከ መረጃ ጋር ችግር አለው።
7875,3,Promise,ከዚህ በኋላ አንተ ድልድይ ያመጣል።
7876,4,Refusal,አንድ ሰው ዕድል አይፈልግም።
7877,3,Promise,ነጋዴዎች ከዚህ በኋላ ትመጣለች ብሎ ቃል ገብቷል።
7878,1,Complaint,በቀን ወንድሜ ስብሰባ አላገኘም።
7879,4,Refusal,አለቆች እርዳታ አይፈልግም።
7880,5,Request,ገበሬዎች መኪና ማግኘት ይችላል?
7881,8,Warning,አደጋ አለ! እድል ተጠንቀቅ።
7882,5,Request,ጎረቤቴ ስልጠና ማግኘት ይችላል?
7883,5,Request,እባክዎ ሆቴል ይላኩልኝ።
7884,4,Refusal,እኔ ሰላም አይፈልግም።
7885,6,Sarcasm/Irony,አዎ፣ ቅጣት በጣም አስፈላጊ ነው ለሁሉም... (በተቃራኒ)።
7886,7,Suggestion,ምናልባት ያሳዝናል ውሳኔ መግዛት?
7887,5,Request,እባክዎ ስራ ይላኩልኝ።
7888,6,Sarcasm/Irony,ሁሉም ሰው ምግብ ቤት ይወዳል... (በአስቂኝ)።
7889,1,Complaint,ለምን ድል እንዲህ ንጹህ ነው?
7890,0,Assertion,ወንድሜ ሰላም ደስ የሚል አለ።
7891,4,Refusal,እናቶች ጊዜ አይፈልግም።
7892,5,Request,እባክህ መፍትሄ ስጠኝ።
7893,3,Promise,በሳምንት አባቴ ስልክ ታመጣለች።
7894,4,Refusal,ሁሉም ስራ አይፈልግም።
7895,1,Complaint,በቀን አባቶች ብር አላገኘም።
7896,8,Warning,ባለሙያው ውሳኔ አትንካ።
7897,4,Refusal,ክፍያ አልፈልግም፣ አመሰግናለሁ።
7898,7,Suggestion,ምናልባት ንጹህ መጽሔት መግዛት?
7899,2,Phatic,መልካም ሳምንት ከ አዲስ አበባ አስተናጋጁ።
7900,1,Complaint,ለምን ድልድይ እንዲህ ውድ ነው?
7901,1,Complaint,ለምን ክፍያ እንዲህ ደህንነቱ የተጠበቀ ነው?
7902,5,Request,ወጣቱ ቤት ማግኘት ይችላል?
7903,3,Promise,ሹፌሩ ትናንት ይመጣል ብሎ ቃል ገብቷል።
7904,4,Refusal,እህቶች ትምህርት አይፈልግም።
7905,5,Request,አለቆች እርዳታ ማግኘት ይችላል?
7906,1,Complaint,መምህራን ከ ጉብኝት ጋር ችግር አለው።
7907,1,Complaint,እሱ ስለ ኮምፒውተር ቅሬታ አለው።
7908,5,Request,ሐኪሞች መጽሔት ማግኘት ይችላል?
7909,2,Phatic,ሰላምታ ከ ሐረር ለ ልጄ።
7910,6,Sarcasm/Irony,ሁሉም ሰው ደብዳቤ ይወዳል... (በአስቂኝ)።
7911,4,Refusal,እኛ ወረቀት አይፈልግም።
7912,5,Request,ሴቶች ስብሰባ ማግኘት ይችላል?
7913,2,Phatic,እንኳን ደህና መጣህ በማለዳ።
7914,3,Promise,ቃል እገባለሁ ወረቀት እንደሚሆን።
7915,0,Assertion,ችግር በጣም ውድ ነው።
7916,8,Warning,ይህ ትምህርት አደገኛ ነው።
7917,8,Warning,ተጠንቀቅ! መረጃ ደስ የሚል ነው።
7918,5,Request,አባቶች መጽሐፍ ማግኘት ይችላል?
7919,5,Request,ይህን ችግር ማየት እችላለሁ?
7920,7,Suggestion,ወጣቱ ሙዚቃ ቢጠቀም ይሻላል።
7921,2,Phatic,እንዴት ነው ሁኔታው መንገድ ወንድሜ?
7922,1,Complaint,ሁልጊዜ ገንዘብ ይጎድላል።
7923,3,Promise,በቅርቡ አባቶች ጤና ያመጣል።
7924,5,Request,አለቃዬ መኪና ማግኘት ይችላል?
7925,5,Request,ገበሬዎች መንገድ ማግኘት ይችላል?
7926,3,Promise,እኔ ገንዘብ እሰጥሻለሁ።
7927,3,Promise,እኔ ሰላም አላረሳም።
7928,3,Promise,ቃል እገባለሁ ስራ እንደሚሆን።
7929,6,Sarcasm/Irony,አዎ፣ ጉብኝት በጣም አስፈላጊ ነው... (በተቃራኒ)።
7930,4,Refusal,እኔ ዜና አልቀበልም።
7931,5,Request,ወጣቶች ችግር ማግኘት ይችላል?
7932,1,Complaint,በሰዓት ሰራተኛው እረፍት አላገኘም።
7933,1,Complaint,ይህ ዜና በጣም ደስ የሚል ነው፣ አልወድም።
7934,2,Phatic,መልካም ጊዜ ይሁንልህ እኔ።
7935,4,Refusal,እናቶች አገልግሎት አይፈልግም።
7936,0,Assertion,ይህ መድሃኒት ትልቅ መሆኑን እረጋገጣለሁ።
7937,3,Promise,ቃሌን እጠብቃለሁ።
7938,4,Refusal,እኛ ንግግር አይፈልግም።
7939,5,Request,እባክህ ብር አስረዳኝ።
7940,2,Phatic,ደህና እንደምታድሪ ተስፋ አደርጋለሁ መምህራን።
7941,7,Suggestion,ሐኪሙ መንገድ ቢያደርግ ይሻላል።
7942,4,Refusal,እናንተ ደብዳቤ አይፈልግም።
7943,8,Warning,ቤተ ክርስቲያን አትግባ፣ አደገኛ ነው።
7944,1,Complaint,ባለሙያው ዜና ስለ ውድ መሆኑ ያማርራል።
7945,6,Sarcasm/Irony,አለቃዬ ሁልጊዜ ትክክል ነው፣ እርግጥ ነው... (በሳቅ)።
7946,2,Phatic,እንዴት ነው ቤተሰብህ ተማሪው?
7947,2,Phatic,ደህና ቀን ይሁንልሽ ተማሪው።
7948,5,Request,ወንዶች ወረቀት ማግኘት ይችላል?
7949,4,Refusal,ወጣቱ ችግር አይፈልግም።
7950,2,Phatic,እንዴት አለፍሽ ከ መንደር እነሱ?
7951,8,Warning,ይህን ደስታ አታድርግ።
7952,3,Promise,በሳምንት ዳኛው ክፍያ ያመጣል።
7953,7,Suggestion,ልጄ መድሃኒት ቢጠቀም ይሻላል።
7954,1,Complaint,ዳኛው ቅጣት ስለ አስቸጋሪ መሆኑ ያማርራል።
7955,1,Complaint,ይህ ምክር በጣም ጥሩ ነው፣ አልወድም።
7956,4,Refusal,ወንድሜ ህንፃ አይፈልግም።
7957,4,Refusal,እኔ ወረቀት አልቀበልም።
7958,5,Request,አስተማሪው ስልጠና ማግኘት ይችላል?
7959,6,Sarcasm/Irony,አዎ፣ ወረቀት በጣም ጥሩ ጥራት አለው... (በአስቂኝ)።
7960,1,Complaint,ሹፌሩ ከ ጨዋታ ጋር ችግር አለው።
7961,7,Suggestion,እንዴት ቢሆን መንገድ ብናደርግ?
7962,4,Refusal,ልጄ አገልግሎት አይፈልግም።
7963,3,Promise,ይህን ስልጠና እጠብቃለሁ።
7964,0,Assertion,እውነቱን ለመናገር ክፍያ ርካሽ ነው።
7965,2,Phatic,እንዴት ነው ስራሽ ሹፌሩ?
7966,3,Promise,ተማሪው በፍጥነት ትመጣለች ብሎ ቃል ገብቷል።
7967,8,Warning,ተጠንቀቅ፣ ነጋዴዎች ይመጣል።
7968,4,Refusal,ወንዶች ስብሰባ አይፈልግም።
7969,3,Promise,ተማሪው ዛሬ ትመጣለች ብሎ ቃል ገብቷል።
7970,4,Refusal,እኔ ሆቴል አልቀበልም።
7971,1,Complaint,እነሱ ከ ሆቴል ጋር ችግር አለው።
7972,5,Request,እባክህ ሰላም አስረዳኝ።
7973,5,Request,እባክዎ ምክር ያድርጉልኝ።
7974,1,Complaint,ይህ መጽሐፍ በጣም ጥሩ ነው፣ አልወድም።
7975,1,Complaint,ነገ ሰራተኛው ትምህርት አላገኘም።
7976,1,Complaint,እነሱ ኮምፒውተር ስለ ያሳዝናል መሆኑ ያማርራል።
7977,1,Complaint,ሁሉም ስለ ገንዘብ ቅሬታ አለው።
7978,3,Promise,እኔ ቅጣት እሰጥሻለሁ።
7979,1,Complaint,ከዚህ በፊት ወዳጄ ምግብ ቤት አላገኘም።
7980,0,Assertion,ስራ አሮጌ ነው።
7981,4,Refusal,ይቅርታ፣ ጤና አልሰጥም።
7982,1,Complaint,ለምን ጊዜ እንዲህ ትልቅ ነው?
7983,5,Request,ተማሪዎች ኮምፒውተር ማግኘት ይችላል?
7984,8,Warning,እንግዶች ውሃ አትንካ።
7985,4,Refusal,ባለሙያው እቅድ አይፈልግም።
7986,1,Complaint,ይህ መድሃኒት በጣም አስደሳች ነው፣ አልወድም።
7987,5,Request,ሹፌሩ ገንዘብ ማግኘት ይችላል?
7988,3,Promise,በወር አንድ ሰው ኮምፒውተር ታመጣለች።
7989,3,Promise,ይህን ድርጊት እጠብቃለሁ።
7990,0,Assertion,እንግዶች ቤት ትንሽ ይታወቃል።
7991,0,Assertion,ሰራተኞች ትናንት ሬስቶራንት ይገኛል።
7992,4,Refusal,ወረቀት አልፈልግም፣ አመሰግናለሁ።
7993,7,Suggestion,አባቴ እረፍት ቢጠቀም ይሻላል።
7994,3,Promise,አባቴ በጊዜው ይመጣል ብሎ ቃል ገብቷል።
7995,6,Sarcasm/Irony,ወንዶች ሁልጊዜ በጊዜው ይመጣል... (በቀልድ)።
7996,8,Warning,አንተ ዜና አትንካ።
7997,3,Promise,ነጋዴዎች በጊዜው ይመጣል ብሎ ቃል ገብቷል።
7998,3,Promise,ጎረቤቴ ዛሬ ትመጣለች ብሎ ቃል ገብቷል።
7999,4,Refusal,ብዙ ሰዎች ጨዋታ አይፈልግም።
8000,7,Suggestion,እሱ ሙዚቃ ቢያደርግ ይሻላል።
8001,0,Assertion,መኪና በጣም አስቸጋሪ ነው።
8002,8,Warning,ተጠንቀቅ! ውሃ አሮጌ ነው።
8003,3,Promise,እኔ መፍትሄ አላረሳም።
8004,4,Refusal,እንግዶች ጉብኝት አይፈልግም።
8005,0,Assertion,ልጆች ጉብኝት ርካሽ ይቆጠራል።
8006,8,Warning,ወንድሜ ምግብ አትንካ።
8007,3,Promise,በሳምንት እናቴ ክፍያ ያመጣል።
8008,6,Sarcasm/Irony,ወጣቱ ሁልጊዜ በጊዜው ይመጣል... (በቀልድ)።
8009,5,Request,አዛውንቶች እርዳታ ማግኘት ይችላል?
8010,7,Suggestion,ምናልባት ርካሽ መጽሔት መግዛት?
8011,7,Suggestion,አስተማሪው ስራ ቢጠቀም ይሻላል።
8012,4,Refusal,ይቅርታ፣ ዕረፍት አልሰጥም።
8013,4,Refusal,አንተ ጉዞ አይፈልግም።
8014,4,Refusal,ሴቶች ስልክ አይፈልግም።
8015,8,Warning,ተጠንቀቅ! ንግግር ያሳዝናል ነው።
8016,2,Phatic,ደስ ብሎኛል ስላየሁህ ተማሪው።
8017,0,Assertion,እንግዶች ከዚህ በፊት ፓርክ ይገኛል።
8018,1,Complaint,ነገ ሰራተኛው መድሃኒት አላገኘም።
8019,6,Sarcasm/Irony,አዎ፣ መፍትሄ በጣም አስፈላጊ ነው... (በተቃራኒ)።
8020,7,Suggestion,እሷ ምግብ ቢጠቀም ይሻላል።
8021,2,Phatic,እግዚአብሔር ይባርክህ ሰራተኛው።
8022,5,Request,እባክዎ ቤት ይሂዱ።
8023,5,Request,ወንዶች ደብዳቤ ማግኘት ይችላል?
8024,1,Complaint,ለምን አለቃዬ እድል አልሰጠኝም?
8025,1,Complaint,ይህ ሙዚቃ በጣም ደስ የሚል ነው፣ አልወድም።
8026,3,Promise,አትጨነቅ፣ እርዳታ እከፍላለሁ።
8027,3,Promise,በፍጥነት ሰራተኞች ኮምፒውተር ያመጣል።
8028,0,Assertion,ወዳጄ አለች ብዙ ጊዜ።
8029,6,Sarcasm/Irony,አንተ በጣም ታማኝ ነው፣ አይዋሽም... (በተቃራኒ)።
8030,7,Suggestion,እንግዶች ሆቴል ቢያደርግ ይሻላል።
8031,6,Sarcasm/Irony,እንዴት አደገኛ ዕረፍት ነው! (በቀልድ)።
8032,1,Complaint,ይህ አገልግሎት በጣም ንጹህ ነው፣ አልወድም።
8033,4,Refusal,ባለቤቴ ሙያ አይፈልግም።
8034,7,Suggestion,ይህን ስልክ መሞከር ጥሩ ነው።
8035,4,Refusal,እናቴ ሽልማት አይፈልግም።
8036,8,Warning,እህቶች አገልግሎት አትንካ።
8037,2,Phatic,ደህና እንደምትሆኚ በፍጥነት ተስፋ አደርጋለሁ።
8038,7,Suggestion,ምናልባት መጥፎ ስብሰባ መግዛት?
8039,4,Refusal,ወንድሜ መድሃኒት አይፈልግም።
8040,5,Request,እባክዎ ህንፃ ያድርጉልኝ።
8041,4,Refusal,ጎረቤቴ ቁልፍ አይፈልግም።
8042,8,Warning,ተጠንቀቅ! ስልጠና ዘገይተኛ ነው።
8043,7,Suggestion,አባቴ ኮምፒውተር ቢጠቀም ይሻላል።
8044,1,Complaint,እሷ ስለ ጉዞ ቅሬታ አለው።
8045,3,Promise,በጊዜው ወዳጄ ብር ያመጣል።
8046,5,Request,እናቴ ንግግር ማግኘት ይችላል?
8047,7,Suggestion,ጓደኛዬ ደብዳቤ ቢጠቀም ይሻላል።
8048,1,Complaint,ይህ መድሃኒት በጣም ትልቅ ነው፣ አልወድም።
8049,3,Promise,ልጆች አሁን ይመጣል ብሎ ቃል ገብቷል።
8050,4,Refusal,ሰራተኞች ክፍያ አይፈልግም።
8051,6,Sarcasm/Irony,እርግጥ፣ መጽሐፍ በጣም ውድ ነው... (በአስቂኝ)።
8052,1,Complaint,ለምን ድርጊት እንዲህ አዲስ ነው?
8053,6,Sarcasm/Irony,እንዴት ፈጣን ነው! (በአስቂኝ መንገድ)።
8054,7,Suggestion,እህቴ ጤና ቢያደርግ ይሻላል።
8055,0,Assertion,እሷ አሁን መስሪያ ቤት ይገኛል።
8056,4,Refusal,ብዙ ሰዎች ፊልም አይፈልግም።
8057,4,Refusal,ብዙ ሰዎች ሙዚቃ አይፈልግም።
8058,1,Complaint,ሐኪሙ ከ ጤና ጋር ችግር አለው።
8059,6,Sarcasm/Irony,እንዴት ያለ ፍጹም ቦታ ነው! (በሳቅ)።
8060,8,Warning,አስተናጋጁ ክፍያ አትንካ።
8061,7,Suggestion,ማንም ቅጣት ቢያደርግ ይሻላል።
8062,7,Suggestion,ይህን ኮንትራት መሞከር ጥሩ ነው።
8063,0,Assertion,ወንድሜ ይሻላል ብዙ ጊዜ።
8064,2,Phatic,እንዴት አለፍክ በማታ ባለሙያው?
8065,7,Suggestion,ምናልባት አስቸጋሪ መንገድ መግዛት?
8066,7,Suggestion,ገበሬዎች መኪና ቢጠቀም ይሻላል።
8067,0,Assertion,በማታ አስተማሪው መንገድ ነበር።
8068,7,Suggestion,ምናልባት አስፈላጊ ሙዚቃ መግዛት?
8069,8,Warning,ተጠንቀቅ! ውሳኔ አሮጌ ነው።
8070,2,Phatic,እንዴት ነህ ተማሪዎች በሳምንት?
8071,0,Assertion,ንግግር በጣም ዘገይተኛ ነው።
8072,4,Refusal,አንተ ሰላም አይፈልግም።
8073,2,Phatic,እንዴት ነው ጤንነትህ በሰዓት?
8074,5,Request,እናንተ ድል ማግኘት ይችላል?
8075,7,Suggestion,ሐኪሙ ስብሰባ ቢያደርግ ይሻላል።
8076,5,Request,እባክህ መኪና አስረዳኝ።
8077,0,Assertion,አንቺ በሰዓት ባንክ ይገኛል።
8078,7,Suggestion,እንዴት ቢሆን ክፍያ ብናደርግ?
8079,0,Assertion,እኔ ድል እንደሚያስፈልግ አውቃለሁ።
8080,5,Request,ጓደኛዬ ኮምፒውተር ማግኘት ይችላል?
8081,1,Complaint,አሁን ሐኪሙ ዜና አላገኘም።
8082,4,Refusal,ዳኛው ሽልማት አይፈልግም።
8083,5,Request,ከፈቀድሽ ደብዳቤ ውሰድ።
8084,8,Warning,ይህን ቁልፍ አታድርግ።
8085,1,Complaint,ለምን ዳኛው ጉብኝት አልሰጠኝም?
8086,7,Suggestion,ሹፌሩ ኮምፒውተር ቢጠቀም ይሻላል።
8087,4,Refusal,አባቶች መፍትሄ አይፈልግም።
8088,7,Suggestion,ተማሪው እቅድ ቢያደርግ ይሻላል።
8089,1,Complaint,ዛሬ እኛ ጉዞ አላገኘም።
8090,2,Phatic,ደስ ብሎኛል ስለሰማሁህ ወጣቱ።
8091,3,Promise,በጊዜው እናንተ ጨዋታ ያመጣል።
8092,8,Warning,ተጠንቀቅ! ጊዜ ፈጣን ነው።
8093,0,Assertion,ፕሮጀክት ንጹህ ነው።
8094,2,Phatic,ጤናማ ቀን ከ መንደር።
8095,7,Suggestion,ምናልባት አደገኛ ሙዚቃ መግዛት?
8096,4,Refusal,ጤና አልፈልግም፣ አመሰግናለሁ።
8097,6,Sarcasm/Irony,ተማሪዎች ሁልጊዜ ትክክለኛ ውሳኔ ያደርጋል... (በቀልድ)።
8098,3,Promise,በጊዜው ወጣቶች መጽሔት ታመጣለች።
8099,1,Complaint,ነጋዴዎች ስብሰባ ስለ ፈጣን መሆኑ ያማርራል።
8100,2,Phatic,ደስ ብሎኛል ስለተገናኘን ከ መንደር።
8101,8,Warning,አዛውንቱ ጤና አትንካ።
8102,1,Complaint,ለምን መፍትሄ እንዲህ ትልቅ ነው?
8103,8,Warning,ተጠንቀቅ! ድርጊት አስፈላጊ ነው።
8104,5,Request,ሰራተኛው ገንዘብ ማግኘት ይችላል?
8105,2,Phatic,እንኳን ለበዓል አደረሰሽ በቀን።
8106,0,Assertion,ወዳጄ ዕረፍት አለው።
8107,4,Refusal,አይ፣ መረጃ አልችልም።
8108,6,Sarcasm/Irony,አዎ፣ መፍትሄ በጣም አስፈላጊ ነው ለሁሉም... (በተቃራኒ)።
8109,2,Phatic,እንኳን ለልደቱ አደረሰ ታካሚዎች።
8110,7,Suggestion,ይህን ቦታ መሞከር ጥሩ ነው።
8111,4,Refusal,አለቃዬ ቁልፍ አይፈልግም።
8112,8,Warning,ብዙ ሰዎች ችግር አትንካ።
8113,5,Request,ይህን ደብዳቤ ማየት እችላለሁ?
8114,1,Complaint,ስልጠና አልሰራም፣ ችግር አለ።
8115,6,Sarcasm/Irony,አዎ፣ ነገ ሁሉም ዝግጁ ነው... (በተቃራኒ)።
8116,7,Suggestion,ምናልባት አስደሳች ወረቀት መግዛት?
8117,0,Assertion,ይህ ደብዳቤ አስፈላጊ መሆኑን እረጋገጣለሁ።
8118,4,Refusal,ሐኪሙ ዕድል አይፈልግም።
8119,3,Promise,በጊዜው አስተማሪው ዕድል ያመጣል።
8120,6,Sarcasm/Irony,አዎ፣ ገበያ በጣም ምቹ ነው... (በአስቂኝ)።
8121,0,Assertion,ሰራተኛው ፈቃድ ፈጣን ይታወቃል።
8122,6,Sarcasm/Irony,እርግጥ ነው፣ ሆቴል በጣም ርካሽ ነው... (በአስቂኝ)።
8123,8,Warning,ይህን ህንፃ አታድርግ።
8124,7,Suggestion,ተማሪው ስራ ቢያደርግ ይሻላል።
8125,2,Phatic,እንኳን ደህና መጣሽ በማታ።
8126,3,Promise,ሴቶች በሰዓት ትመጣለች ብሎ ቃል ገብቷል።
8127,8,Warning,ተጠንቀቅ! ድልድይ ፈጣን ነው።
8128,6,Sarcasm/Irony,ፖሊሱ ሁልጊዜ ይረዳል... (በቀልድ)።
8129,6,Sarcasm/Irony,እንዴት አስተናጋጁ በጣም ፈጣን ነው! (በአስቂኝ)።
8130,1,Complaint,ለምን ተማሪዎች ምግብ ቤት አልሰጠኝም?
8131,7,Suggestion,ወጣቶች ፕሮጀክት ቢጠቀም ይሻላል።
8132,8,Warning,ተጠንቀቅ! ሙያ ፈጣን ነው።
8133,7,Suggestion,ምናልባት ንጹህ ሀሳብ መግዛት?
8134,5,Request,እባክሽ ውሃ ስጠኝ።
8135,5,Request,ነጋዴዎች ደስታ ማግኘት ይችላል?
8136,5,Request,ፖሊሱ ኮንትራት ማግኘት ይችላል?
8137,3,Promise,በጊዜው ወንድሜ ጊዜ ታመጣለች።
8138,5,Request,ታካሚዎች ሽልማት ማግኘት ይችላል?
8139,1,Complaint,ደብዳቤ አልሰራም፣ ችግር አለ።
8140,3,Promise,ቃል እገባለሁ ሽልማት እንደሚሆን።
8141,5,Request,ገበሬዎች ፊልም ማግኘት ይችላል?
8142,6,Sarcasm/Irony,እንዴት ያለ እረፍት ነው! (በቀልድ)።
8143,1,Complaint,ሐኪሞች ከ ጤና ጋር ችግር አለው።
8144,1,Complaint,ለምን ዕድል እንዲህ ደስ የሚል ነው?
8145,8,Warning,አስተናጋጁ ምግብ ቤት አትንካ።
8146,3,Promise,ወጣቶች በቅርቡ ትመጣለች ብሎ ቃል ገብቷል።
8147,2,Phatic,ሰላም ወንዶች፣ ምን ሰራህ ከ ትምህርት ቤት?
8148,8,Warning,ተጠንቀቅ! ቅጣት ትልቅ ነው።
8149,6,Sarcasm/Irony,አዎ፣ ቢሮ በጣም ምቹ ነው... (በአስቂኝ)።
8150,2,Phatic,እንኳን ለልደትሽ አደረሰ ወጣቱ።
8151,6,Sarcasm/Irony,ሐኪሞች ሁልጊዜ ትክክል ነው፣ እርግጥ ነው... (በሳቅ)።
8152,6,Sarcasm/Irony,እንዴት ያለ ጥሩ ንግግር ነው! (በተቃራኒ)።
8153,7,Suggestion,ምናልባት ኮንትራት ማድረግ ይሻላል።
8154,3,Promise,በማታ እነሱ መጽሔት ያመጣል።
8155,0,Assertion,አዛውንቶች በማታ ሐረር ይገኛል።
8156,4,Refusal,ሴቶች ውሃ አይፈልግም።
8157,4,Refusal,ዜና አልፈልግም፣ አመሰግናለሁ።
8158,3,Promise,በሳምንት እነሱ ሙዚቃ ታመጣለች።
8159,6,Sarcasm/Irony,ሆቴል በጣም ውድ ነው፣ ግን ዋጋው አለው... (በቀልድ)።
8160,1,Complaint,በቀን አለቃዬ ሙያ አላገኘም።
8161,6,Sarcasm/Irony,እንዴት ያለ ጥሩ ሀሳብ ነው! (በሳቅ)።
8162,4,Refusal,አለቆች ደስታ አይፈልግም።
8163,0,Assertion,እውነቱን ለመናገር ቅጣት ትንሽ ነው።
8164,3,Promise,ይህን ዕረፍት እጠብቃለሁ።
8165,6,Sarcasm/Irony,እንዴት ትልቅ ነው! (በአስቂኝ መንገድ)።
8166,0,Assertion,በቅርቡ እናንተ ቤት ነበር።
8167,8,Warning,ተጠንቀቅ! ደብዳቤ አዲስ ነው።
8168,2,Phatic,እንዴት አለፍክ ከ ባንክ ልጆች?
8169,6,Sarcasm/Irony,እንዴት ያለ ጥሩ ጊዜ ነው! (በተቃራኒ)።
8170,3,Promise,ሐኪሞች በማታ ትመጣለች ብሎ ቃል ገብቷል።
8171,6,Sarcasm/Irony,እርግጥ፣ ቦታ በጣም ውድ ነው... (በአስቂኝ)።
8172,0,Assertion,እነሱ በማለዳ ቢሮ ይገኛል።
8173,0,Assertion,ይህ ቤት ንጹህ መሆኑን እረጋገጣለሁ።
8174,0,Assertion,አንቺ ናቸው ብዙ ጊዜ።
8175,2,Phatic,እንኳን ለልደቱ አደረሰ እናንተ።
8176,0,Assertion,ውሃ ንጹህ ነው።
8177,7,Suggestion,ምናልባት ከባድ ኮንትራት መግዛት?
8178,6,Sarcasm/Irony,ሁሉም ሰው ሙዚቃ ይወዳል... (በአስቂኝ)።
8179,1,Complaint,ወንድሞች ቤት ስለ ንጹህ መሆኑ ያማርራል።
8180,4,Refusal,አስተማሪው አገልግሎት አይፈልግም።
8181,4,Refusal,እሷ ቅጣት አይፈልግም።
8182,4,Refusal,አለቆች ሙዚቃ አይፈልግም።
8183,4,Refusal,አለቃዬ ኮምፒውተር አይፈልግም።
8184,6,Sarcasm/Irony,እርግጥ፣ ገበያ በጣም ቆንጆ ነው... (በሳቅ)።
8185,5,Request,ጓደኞች እረፍት ማግኘት ይችላል?
8186,6,Sarcasm/Irony,ወንዶች በጣም ብልህ ነው፣ አልሳሳም... (በአስቂኝ)።
8187,1,Complaint,ለምን ብር እንዲህ ንጹህ ነው?
8188,1,Complaint,ለምን እህቶች መጽሐፍ አልሰጠኝም?
8189,0,Assertion,እኔ ክፍያ እንደሚያስፈልግ አውቃለሁ።
8190,2,Phatic,መልካም ቀን ወጣቶች።
8191,5,Request,እሱ ክፍያ ማግኘት ይችላል?
8192,4,Refusal,ታካሚዎች ጉዞ አይፈልግም።
8193,0,Assertion,ይህ ህንፃ ደህንነቱ የተጠበቀ መሆኑን እረጋገጣለሁ።
8194,6,Sarcasm/Irony,ንግግር በጣም ውድ ነው፣ ግን ዋጋው አለው... (በቀልድ)።
8195,5,Request,እባክህ ገንዘብ አስረዳኝ።
8196,5,Request,አንዳንድ ሰዎች ጉዞ ማግኘት ይችላል?
8197,7,Suggestion,እሷ ምግብ ቤት ቢጠቀም ይሻላል።
8198,4,Refusal,ይህን ሙያ ማድረግ አልችልም።
8199,1,Complaint,አንዳንድ ሰዎች ከ ስብሰባ ጋር ችግር አለው።
8200,3,Promise,በቅርቡ ፖሊሱ ምግብ ያመጣል።
8201,2,Phatic,እንደገና እንገናኝ በማታ ከ መንደር።
8202,5,Request,ፖሊሱ ብር ማግኘት ይችላል?
8203,8,Warning,ተጠንቀቅ! ቅጣት ንጹህ ነው።
8204,1,Complaint,ጓደኛዬ ከ እድል ጋር ችግር አለው።
8205,5,Request,እባክህ ስራ ስጠኝ።
8206,2,Phatic,እንኳን ደህና መጣሽ አንቺ።
8207,3,Promise,ወጣቶች አሁን ትመጣለች ብሎ ቃል ገብቷል።
8208,0,Assertion,ስብሰባ በጣም አዲስ ነው።
8209,1,Complaint,እነሱ ከ ውሃ ጋር ችግር አለው።
8210,4,Refusal,አንዳንድ ሰዎች ድል አይፈልግም።
8211,6,Sarcasm/Irony,እንዴት አስቸጋሪ ሁኔታ ነው! (በቀልድ)።
8212,2,Phatic,እንኳን ለበዓል አደረሰህ በፍጥነት።
8213,0,Assertion,ጓደኛዬ ነው ብዙ ጊዜ።
8214,0,Assertion,እኔ አገልግሎት እንደሚያስፈልግ አውቃለሁ።
8215,8,Warning,አደጋ አለ! ስራ ተጠንቀቅ።
8216,7,Suggestion,እንዴት ቢሆን ድልድይ ብናደርግ?
8217,0,Assertion,ወጣቱ ይታያል ብዙ ጊዜ።
8218,1,Complaint,ለምን ወጣቱ ቤት አልሰጠኝም?
8219,2,Phatic,ሰላም ሐኪሞች፣ ምን አለ ከ ሆስፒታል?
8220,3,Promise,አሁን እሷ ውሳኔ ታመጣለች።
8221,2,Phatic,እንኳን ደህና መጣሽ በጊዜው።
8222,3,Promise,በእርግጠኝነት ገበያ እገኛለሁ።
8223,7,Suggestion,እሱ ስልጠና ቢያደርግ ይሻላል።
8224,2,Phatic,ሰላም ወጣቱ፣ እንዴት ነህ?
8225,3,Promise,ታካሚዎች በሳምንት ትመጣለች ብሎ ቃል ገብቷል።
8226,3,Promise,ወንዶች በማለዳ ትመጣለች ብሎ ቃል ገብቷል።
8227,0,Assertion,እውነቱን ለመናገር ፕሮጀክት አስፈላጊ ነው።
8228,5,Request,እባክሽ ችግር ስጠኝ።
8229,0,Assertion,በጊዜው አዛውንቱ ባንክ ነበር።
8230,4,Refusal,ነጋዴዎች ገንዘብ አይፈልግም።
8231,5,Request,እባክህ በማታ ኒ።
8232,8,Warning,ይህን ሀሳብ አታድርግ።
8233,3,Promise,በወር እናቶች ህንፃ ታመጣለች።
8234,4,Refusal,ፈቃድ አልፈልግም፣ አመሰግናለሁ።
8235,3,Promise,ከዚህ በፊት አስተናጋጁ ህንፃ ያመጣል።
8236,4,Refusal,ይህን ድል ማድረግ አልችልም።
8237,5,Request,ሐኪሞች ስብሰባ ማግኘት ይችላል?
8238,6,Sarcasm/Irony,አለቆች በጣም ብልህ ነው፣ አልሳሳም... (በአስቂኝ)።
8239,7,Suggestion,ምናልባት ርካሽ ገንዘብ መግዛት?
8240,4,Refusal,እሱ ችግር አይፈልግም።
8241,8,Warning,ወንድሜ ንግግር አትንካ።
8242,1,Complaint,ለምን አንቺ ፕሮጀክት አልሰጠኝም?
8243,2,Phatic,ሰላም ልጆች፣ እንዴት ናችሁ?
8244,8,Warning,ተጠንቀቅ! ሆቴል ርካሽ ነው።
8245,3,Promise,ቃል እገባለሁ ህንፃ እንደሚሆን።
8246,7,Suggestion,ምናልባት ዘገይተኛ ሀሳብ መግዛት?
8247,5,Request,እባክዎ መረጃ ያድርጉልኝ።
8248,3,Promise,ቃል እገባለሁ እረፍት እንደሚሆን።
8249,6,Sarcasm/Irony,እንዴት ያለ ጥሩ ቦታ ነው! (በተቃራኒ)።
8250,2,Phatic,ሰላም እናቶች፣ ምን አለ በጊዜው?
8251,6,Sarcasm/Irony,ባለሙያው በጣም ታማኝ ነው፣ አይዋሽም... (በተቃራኒ)።
8252,8,Warning,አንድ ሰው እረፍት አትንካ።
8253,3,Promise,በፍጥነት ወንድሜ እድል ታመጣለች።
8254,2,Phatic,ሰላም መምህራን፣ ምን ሰራሽ?
8255,4,Refusal,ጓደኛዬ ፊልም አይፈልግም።
8256,6,Sarcasm/Irony,እንዴት ያለ ፍጹም ክፍያ ነው! (በሳቅ)።
8257,3,Promise,እኔ መጽሔት እሰጥሻለሁ።
8258,1,Complaint,ይህ ውሃ በጣም ፈጣን ነው፣ አልወድም።
8259,0,Assertion,ወረቀት በጣም መጥፎ ነው።
8260,5,Request,ዳኛው ስልክ ማግኘት ይችላል?
8261,6,Sarcasm/Irony,አዎ፣ ማንም በጣም ብልህ ነው... (በተቃራኒ)።
8262,3,Promise,ይህን ችግር እጠብቃለሁ።
8263,5,Request,ልጄ ወረቀት ማግኘት ይችላል?
8264,8,Warning,ተማሪው ዕድል አትንካ።
8265,7,Suggestion,ይህን መረጃ መሞከር ጥሩ ነው።
8266,2,Phatic,ደስ ብሎኛል ስለሰማሁህ ሐኪሞች።
8267,7,Suggestion,አባቶች ጉብኝት ቢያደርግ ይሻላል።
8268,3,Promise,በወር አስተናጋጁ እርዳታ ያመጣል።
8269,2,Phatic,በሰላም እንገናኝ ከ መስሪያ ቤት።
8270,0,Assertion,ጤና በጣም አስደሳች ነው።
8271,3,Promise,በሰዓት ማንም ፈቃድ ያመጣል።
8272,2,Phatic,እንዴት ነው ቤተሰብህ እናቴ?
8273,0,Assertion,እኔ ስልክ እንደሚያስፈልግ አውቃለሁ።
8274,5,Request,እርዳኝ ኮንትራት ለማግኘት።
8275,8,Warning,ተጠንቀቅ! አገልግሎት አስቸጋሪ ነው።
8276,8,Warning,ተጠንቀቅ! ቁልፍ ከባድ ነው።
8277,0,Assertion,እኛ ይታያል ብዙ ጊዜ።
8278,7,Suggestion,ወንዶች መንገድ ቢያደርግ ይሻላል።
8279,1,Complaint,ይህ ጤና በጣም አደገኛ ነው፣ አልወድም።
8280,2,Phatic,እንዴት ነው ጤንነትህ እነሱ?
8281,4,Refusal,ሹፌሩ መንገድ አይፈልግም።
8282,5,Request,አንተ ደብዳቤ ማግኘት ይችላል?
8283,8,Warning,ይህ ደህንነቱ የተጠበቀ ነው፣ ተጠንቀቅ።
8284,6,Sarcasm/Irony,እንዴት አባቶች በጣም ፈጣን ነው! (በአስቂኝ)።
8285,5,Request,ሐኪሞች ውሳኔ ማግኘት ይችላል?
8286,7,Suggestion,ወንድሜ ሙያ ቢጠቀም ይሻላል።
8287,8,Warning,አደጋ አለ! ሰላም ተጠንቀቅ።
8288,2,Phatic,ሰላም ደንበኞች፣ ምን ሰራሽ ዛሬ?
8289,8,Warning,ተጠንቀቅ! ቤት አስደሳች ነው።
8290,7,Suggestion,ጎረቤቴ ኮንትራት ቢጠቀም ይሻላል።
8291,3,Promise,በማታ ጓደኛዬ ቁልፍ ታመጣለች።
8292,6,Sarcasm/Irony,ይህ በጣም ዘገይተኛ ሀሳብ ነው... (በሳቅ)።
8293,6,Sarcasm/Irony,ሁሉም ሰው መጽሔት ይወዳል... (በአስቂኝ)።
8294,4,Refusal,ታካሚዎች ጊዜ አይፈልግም።
8295,2,Phatic,እንኳን ለበዓል አደረሰህ አንዳንድ ሰዎች።
8296,6,Sarcasm/Irony,እንዴት ያለ ወረቀት ነው! (በቀልድ)።
8297,1,Complaint,እንግዶች ከ ደስታ ጋር ችግር አለው።
8298,6,Sarcasm/Irony,ጓደኞች ሁልጊዜ ትክክል ነው፣ እርግጥ ነው... (በሳቅ)።
8299,2,Phatic,እንዴት ነሽ አንተ በወር?
8300,7,Suggestion,ምናልባት አስደሳች ክፍያ መግዛት?
8301,2,Phatic,እንዴት ነው ጤንነትህ አንተ?
8302,6,Sarcasm/Irony,እርግጥ ነው፣ በሰዓት ሁሉም ይረዳል... (በአስቂኝ)።
8303,5,Request,እባክዎ ድርጊት ይላኩልኝ።
8304,1,Complaint,ይህ ክፍያ በጣም አሮጌ ነው፣ አልወድም።
8305,4,Refusal,አንድ ሰው መፍትሄ አይፈልግም።
8306,3,Promise,በማለዳ ሴቶች አገልግሎት ታመጣለች።
8307,8,Warning,እህቶች መኪና አትንካ።
8308,7,Suggestion,እናቴ ዜና ቢያደርግ ይሻላል።
8309,0,Assertion,እውነቱን ለመናገር ህንፃ ፈጣን ነው።
8310,7,Suggestion,ወጣቱ ቅጣት ቢያደርግ ይሻላል።
8311,0,Assertion,ታካሚዎች በወር ቤት ይገኛል።
8312,2,Phatic,ደህና እንደምትሆኚ በማታ ተስፋ አደርጋለሁ።
8313,6,Sarcasm/Irony,እንዴት ያለ ህንፃ ነው! (በቀልድ)።
8314,7,Suggestion,እንዴት ቢሆን ዕረፍት ብናደርግ?
8315,3,Promise,ከዚህ በፊት እኛ ቦታ ታመጣለች።
8316,8,Warning,እናቴ መፍትሄ አትንካ።
8317,0,Assertion,ጎረቤቴ ሰላም ዘገይተኛ አለች።
8318,0,Assertion,ዕረፍት በጣም ንጹህ ነው።
8319,4,Refusal,እኔ እድል አልቀበልም።
8320,2,Phatic,ሰላምታ ከ መቀሌ አንተ።
8321,5,Request,አንቺ ዕረፍት ማግኘት ይችላል?
8322,8,Warning,እነሱ ሽልማት አትንካ።
8323,3,Promise,በሰዓት ሁሉም ችግር ታመጣለች።
8324,0,Assertion,ሰራተኞች ህንፃ ቀላል ናት።
8325,7,Suggestion,ምናልባት ቀላል ደስታ መግዛት?
8326,2,Phatic,ደህና ቀን ይሁንልህ ከ መቀሌ።
8327,2,Phatic,መልካም ቀን ልጆች።
8328,2,Phatic,ቤተሰብሽ ደህና ናቸው ታካሚዎች?
8329,4,Refusal,ማንም መጽሐፍ አይፈልግም።
8330,1,Complaint,ሹፌሩ ከ እረፍት ጋር ችግር አለው።
8331,7,Suggestion,እሷ ደስታ ቢያደርግ ይሻላል።
8332,5,Request,ወንዶች ፊልም ማግኘት ይችላል?
8333,1,Complaint,ሁልጊዜ ምግብ ይጎድላል።
8334,5,Request,እኔ እረፍት ማግኘት ይችላል?
8335,8,Warning,ተጠንቀቅ! ቤት ጥሩ ነው።
8336,3,Promise,ሰራተኛው በጊዜው ይመጣል ብሎ ቃል ገብቷል።
8337,5,Request,አዛውንቱ ቁልፍ ማግኘት ይችላል?
8338,3,Promise,በማታ አንቺ አገልግሎት ታመጣለች።
8339,2,Phatic,ምን አዲስ ነገር አለ ከ ጎንደር?
8340,8,Warning,ተጠንቀቅ! ንግግር ፈጣን ነው።
8341,1,Complaint,ለምን መንገድ እንዲህ አሮጌ ነው?
8342,7,Suggestion,ሰራተኞች እድል ቢያደርግ ይሻላል።
8343,5,Request,ከፈቀድሽ ገንዘብ ውሰድ።
8344,4,Refusal,ልጆች ድልድይ አይፈልግም።
8345,5,Request,እባክዎ ሐረር ይሂዱ።
8346,0,Assertion,አለቃዬ በቀን አዋሳ ይገኛል።
8347,4,Refusal,ይቅርታ፣ እድል አልሰጥም።
8348,3,Promise,አሁን አባቶች ጤና ያመጣል።
8349,4,Refusal,ሁሉም ሰላም አይፈልግም።
8350,5,Request,እባክዎ ስልጠና ያድርጉልኝ።
8351,2,Phatic,ምን ዜና አለ ሰራተኞች?
8352,5,Request,እንግዶች ፕሮጀክት ማግኘት ይችላል?
8353,0,Assertion,ጓደኞች ትናንት ቤተ ክርስቲያን ይገኛል።
8354,7,Suggestion,ማንም ደስታ ቢጠቀም ይሻላል።
8355,2,Phatic,ሰላም አዛውንቱ፣ ምን ሰራህ በፍጥነት?
8356,0,Assertion,እነሱ በሳምንት መንደር ይገኛል።
8357,2,Phatic,ሰላም አንተ፣ ምን ሰራህ?
8358,6,Sarcasm/Irony,እርግጥ፣ ከዚህ በኋላ ይሆናል... (በአስቂኝ)።
8359,0,Assertion,በቀን ልጄ ሆስፒታል ነበር።
8360,4,Refusal,ማንም ቁልፍ አይፈልግም።
8361,3,Promise,ቃል እገባለሁ ሙያ እንደሚሆን።
8362,8,Warning,ይህን ትምህርት አታድርግ።
8363,2,Phatic,ደህና ቀን ይሁንልሽ አባቶች።
8364,6,Sarcasm/Irony,እንዴት ቀላል ሁኔታ ነው! (በቀልድ)።
8365,4,Refusal,ወንዶች ጊዜ አይፈልግም።
8366,6,Sarcasm/Irony,ሁሉም ሰው እረፍት ይወዳል... (በአስቂኝ)።
8367,5,Request,ነጋዴዎች ችግር ማግኘት ይችላል?
8368,3,Promise,እናንተ ነገ ይመጣል ብሎ ቃል ገብቷል።
8369,5,Request,ወጣቶች ሙዚቃ ማግኘት ይችላል?
8370,2,Phatic,ደህና እንደምታድሪ ተስፋ አደርጋለሁ አስተማሪው።
8371,5,Request,እባክህ ደብዳቤ አስረዳኝ።
8372,4,Refusal,ይቅርታ፣ እርዳታ አልሰጥም።
8373,1,Complaint,ልጄ ከ ስራ ጋር ችግር አለው።
8374,4,Refusal,አዛውንቱ ድርጊት አይፈልግም።
8375,5,Request,ዳኛው ዜና ማግኘት ይችላል?
8376,8,Warning,አደጋ አለ! ድል ተጠንቀቅ።
8377,1,Complaint,አንተ ከ ትምህርት ጋር ችግር አለው።
8378,3,Promise,አንተ በቅርቡ ትመጣለች ብሎ ቃል ገብቷል።
8379,5,Request,ተማሪዎች መጽሔት ማግኘት ይችላል?
8380,0,Assertion,ጓደኞች ውሃ ደስ የሚል ይቆጠራል።
8381,2,Phatic,እንዴት አለፍሽ በማለዳ አለቆች?
8382,1,Complaint,ይህ ውሃ በጣም ቀላል ነው፣ አልወድም።
8383,6,Sarcasm/Irony,እንዴት ያለ መንገድ ነው! (በቀልድ)።
8384,3,Promise,በማታ ባለቤቴ ቦታ ታመጣለች።
8385,0,Assertion,እናንተ ክፍያ አለው።
8386,5,Request,እባክሽ ድል ስጠኝ።
8387,1,Complaint,በሳምንት አስተማሪው ድልድይ አላገኘም።
8388,6,Sarcasm/Irony,እርግጥ፣ ማንም በጣም ታማኝ ነው... (በአስቂኝ)።
8389,5,Request,ወዳጄ ሙዚቃ ማግኘት ይችላል?
8390,2,Phatic,እግዚአብሔር ከጎንህ ይሁን ባለሙያው።
8391,1,Complaint,ሰራተኞች ስለ እረፍት ቅሬታ አለው።
8392,2,Phatic,ሰላም ልጄ፣ ምን ሰራሽ በወር?
8393,4,Refusal,እነሱ እድል አይፈልግም።
8394,3,Promise,በፍጥነት ተማሪዎች ስልጠና ያመጣል።
8395,8,Warning,ተጠንቀቅ! አገልግሎት ውድ ነው።
8396,7,Suggestion,ይህን ብር መሞከር ጥሩ ነው።
8397,1,Complaint,ሁልጊዜ ድልድይ ይጎድላል።
8398,2,Phatic,ደህና እንደምትሆኚ በቅርቡ ተስፋ አደርጋለሁ።
8399,1,Complaint,ሹፌሩ ከ ደስታ ጋር ችግር አለው።
8400,3,Promise,በማታ ደንበኞች እድል ያመጣል።
8401,0,Assertion,ድልድይ በጣም ጥሩ ነው።
8402,0,Assertion,ጉዞ በጣም አሮጌ ነው።
8403,5,Request,እሷ መጽሐፍ ማግኘት ይችላል?
8404,6,Sarcasm/Irony,እርግጥ፣ እሷ በጣም ታማኝ ነው... (በአስቂኝ)።
8405,7,Suggestion,አንቺ ጨዋታ ቢያደርግ ይሻላል።
8406,5,Request,ጎረቤቴ እቅድ ማግኘት ይችላል?
8407,6,Sarcasm/Irony,አንተ ሁልጊዜ ትክክለኛ ውሳኔ ያደርጋል... (በቀልድ)።
8408,7,Suggestion,ሐኪሞች ብር ቢጠቀም ይሻላል።
8409,1,Complaint,በሰዓት አንዳንድ ሰዎች ክፍያ አላገኘም።
8410,8,Warning,ተጠንቀቅ፣ ፖሊሱ ይመጣል።
8411,7,Suggestion,ነጋዴዎች ኮንትራት ቢያደርግ ይሻላል።
8412,6,Sarcasm/Irony,ጎረቤቴ ሁልጊዜ ይረዳል... (በቀልድ)።
8413,8,Warning,አባቶች ቁልፍ አትንካ።
8414,8,Warning,ይህ ውሳኔ አደገኛ ነው።
8415,0,Assertion,ሹፌሩ ብር አስፈላጊ ይታወቃል።
8416,0,Assertion,እውነቱን ለመናገር ስልክ ቀላል ነው።
8417,6,Sarcasm/Irony,ባለቤቴ ሁልጊዜ ትክክል ነው... (በሳቅ)።
8418,7,Suggestion,ነጋዴዎች ገንዘብ ቢጠቀም ይሻላል።
8419,1,Complaint,ወንዶች ምክር ስለ ንጹህ መሆኑ ያማርራል።
8420,3,Promise,በጊዜው አንዳንድ ሰዎች ዕድል ታመጣለች።
8421,1,Complaint,ባለሙያው ስለ ጉዞ ቅሬታ አለው።
8422,2,Phatic,ደስ ብሎኛል ስለሰማሁሽ አስተማሪው።
8423,5,Request,አንቺ ድልድይ ማግኘት ይችላል?
8424,0,Assertion,ትናንት ልጄ መቀሌ ነበር።
8425,2,Phatic,እንኳን ደህና መጣህ ከ ቤተ ክርስቲያን።
8426,2,Phatic,እንዴት አመሸሽ ሹፌሩ?
8427,2,Phatic,እግዚአብሔር ይባርክህ እነሱ።
8428,7,Suggestion,እሱ ኮምፒውተር ቢያደርግ ይሻላል።
8429,0,Assertion,አለቆች በጊዜው ሐረር ይገኛል።
8430,6,Sarcasm/Irony,አዎ፣ ይህ ደህንነቱ የተጠበቀ ሀሳብ ነው... (በሳቅ)።
8431,5,Request,እባክዎ እቅድ ይላኩልኝ።
8432,1,Complaint,ብዙ ሰዎች ከ ሀሳብ ጋር ችግር አለው።
8433,8,Warning,ባለቤቴ ድርጊት አትንካ።
8434,3,Promise,በጊዜው ባለቤቴ ሰላም ያመጣል።
8435,2,Phatic,ሰላም ወጣቶች ከ ሐረር።
8436,2,Phatic,ቤተሰብህ ደህና ናቸው አንቺ?
8437,6,Sarcasm/Irony,እንዴት ያለ ጥሩ ቁልፍ ነው! (በተቃራኒ)።
8438,1,Complaint,ለምን መጽሔት እንዲህ ደህንነቱ የተጠበቀ ነው?
8439,4,Refusal,ታካሚዎች ውሳኔ አይፈልግም።
8440,1,Complaint,ሰራተኛው ስለ ጨዋታ ቅሬታ አለው።
8441,6,Sarcasm/Irony,አዎ፣ ደብዳቤ በጣም አስፈላጊ ነው ለሁሉም... (በተቃራኒ)።
8442,4,Refusal,አንተ ብር አይፈልግም።
8443,1,Complaint,አስተናጋጁ ስለ ድል ቅሬታ አለው።
8444,8,Warning,አትርሳ ችግር።
8445,5,Request,እርዳኝ ብር ለማግኘት።
8446,1,Complaint,ለምን አንድ ሰው ችግር አልሰጠኝም?
8447,1,Complaint,ለምን ችግር እንዲህ አደገኛ ነው?
8448,5,Request,እባክዎ ደብዳቤ ይላኩልኝ።
8449,6,Sarcasm/Irony,ጊዜ በጣም ውድ ነው፣ ግን ዋጋው አለው... (በቀልድ)።
8450,1,Complaint,ባለሙያው ስለ ጤና ቅሬታ አለው።
8451,6,Sarcasm/Irony,ሁሉም ሰው ስልክ ይወዳል... (በአስቂኝ)።
8452,2,Phatic,እንዴት አለፍክ ከ ቤተ ክርስቲያን ወንዶች?
8453,1,Complaint,ለምን ስራ እንዲህ ከባድ ነው?
8454,8,Warning,ደንበኞች ጨዋታ አትንካ።
8455,1,Complaint,ድልድይ አልሰራም፣ ችግር አለ።
8456,4,Refusal,እኔ ህንፃ አይፈልግም።
8457,7,Suggestion,አባቶች ስልክ ቢያደርግ ይሻላል።
8458,2,Phatic,እግዚአብሔር ይጠብቅህ ከ አዲስ አበባ።
8459,3,Promise,በፍጥነት ሐኪሞች ደብዳቤ ያመጣል።
8460,2,Phatic,እግዚአብሔር ይባርክሽ በቅርቡ።
8461,5,Request,እርዳኝ ስልጠና ለማግኘት።
8462,4,Refusal,ልጆች ምግብ አይፈልግም።
8463,3,Promise,ሐኪሞች በቅርቡ ይመጣል ብሎ ቃል ገብቷል።
8464,7,Suggestion,ይህን መኪና መሞከር ጥሩ ነው።
8465,0,Assertion,ጊዜ ትንሽ ነው።
8466,1,Complaint,አባቶች ከ ስልጠና ጋር ችግር አለው።
8467,8,Warning,ተጠንቀቅ! መፍትሄ አሮጌ ነው።
8468,6,Sarcasm/Irony,አዎ አባቶች በጣም ፈጣን ነው... (በቀልድ)።
8469,6,Sarcasm/Irony,እርግጥ ነው፣ በፍጥነት ሁሉም ይሳካል... (በተቃራኒ)።
8470,5,Request,ጓደኞች ድልድይ ማግኘት ይችላል?
8471,4,Refusal,ገበሬዎች ድርጊት አይፈልግም።
8472,1,Complaint,ሁልጊዜ ስልክ ይጎድላል።
8473,2,Phatic,እንኳን ለበዓል አደረሰሽ በጊዜው።
8474,3,Promise,እኔ ሙዚቃ አላረሳም።
8475,6,Sarcasm/Irony,አዎ፣ መጽሐፍ በጣም አስፈላጊ ነው... (በተቃራኒ)።
8476,2,Phatic,እግዚአብሔር ከአንተ ጋር ይሁን በቅርቡ።
8477,5,Request,እባክህ ህንፃ አስረዳኝ።
8478,0,Assertion,እውነቱን ለመናገር ንግግር ውድ ነው።
8479,8,Warning,ተጠንቀቅ፣ መምህራን ይመጣል።
8480,6,Sarcasm/Irony,እርግጥ ነው፣ በጊዜው ሁሉም ደስተኛ ነው... (በአስቂኝ)።
8481,2,Phatic,እንኳን ለበዓል አደረሰሽ እህቶች።
8482,1,Complaint,ለምን ሰራተኞች ሙያ አልሰጠኝም?
8483,3,Promise,እናንተ በማታ ትመጣለች ብሎ ቃል ገብቷል።
8484,4,Refusal,እኔ ችግር አይፈልግም።
8485,4,Refusal,ይህን ድልድይ ማድረግ አልችልም።
8486,1,Complaint,እኔ ስለ ወረቀት ቅሬታ አለው።
8487,2,Phatic,ደህና ቀን ይሁንልሽ ከ ባንክ።
8488,6,Sarcasm/Irony,እንዴት ወዳጄ በጣም ፈጣን ነው! (በአስቂኝ)።
8489,1,Complaint,ለምን ምግብ እንዲህ አስቸጋሪ ነው?
8490,6,Sarcasm/Irony,አዎ፣ ቤት በጣም ጥሩ ጥራት አለው... (በአስቂኝ)።
8491,4,Refusal,እናቶች ዜና አይፈልግም።
8492,0,Assertion,በቅርቡ ማንም ጎንደር ነበር።
8493,3,Promise,በእርግጥ ጨዋታ አደርጋለሁ።
8494,2,Phatic,መልካም ምሽት ከ መንገድ።
8495,5,Request,ደንበኞች ትምህርት ማግኘት ይችላል?
8496,5,Request,እባክዎ ፈቃድ ያድርጉልኝ።
8497,0,Assertion,እውነቱን ለመናገር ቁልፍ ቀላል ነው።
8498,0,Assertion,መምህራን ስልጠና አደገኛ አሉ።
8499,8,Warning,እናንተ ድል አትንካ።
8500,1,Complaint,ትናንት አባቶች ስራ አላገኘም።
8501,7,Suggestion,ወጣቱ ጨዋታ ቢጠቀም ይሻላል።
8502,4,Refusal,ይህን እርዳታ ማድረግ አልችልም።
8503,7,Suggestion,ፖሊሱ ኮንትራት ቢያደርግ ይሻላል።
8504,5,Request,ወንድሞች ጊዜ ማግኘት ይችላል?
8505,0,Assertion,ክፍያ ከባድ ነው።
8506,3,Promise,በሳምንት እህቴ ዕረፍት ታመጣለች።
8507,8,Warning,አንዳንድ ሰዎች ደስታ አትንካ።
8508,1,Complaint,አባቶች ስለ ድርጊት ቅሬታ አለው።
8509,2,Phatic,ሰላም ደንበኞች፣ እንዴት ነሽ?
8510,6,Sarcasm/Irony,ጎረቤቴ ሁልጊዜ ትክክል ነው፣ እርግጥ ነው... (በሳቅ)።
8511,2,Phatic,እግዚአብሔር ይባርክሽ ታካሚዎች።
8512,5,Request,እባክዎ ኮምፒውተር ያድርጉልኝ።
8513,5,Request,እባክህ ወረቀት ስጠኝ።
8514,4,Refusal,አንድ ሰው እርዳታ አይፈልግም።
8515,5,Request,አንተ ውሃ ማግኘት ይችላል?
8516,1,Complaint,ለምን ጓደኛዬ ቤት አልሰጠኝም?
8517,8,Warning,ሐኪሙ እርዳታ አትንካ።
8518,0,Assertion,አባቴ ይቻላል ብዙ ጊዜ።
8519,6,Sarcasm/Irony,ሁሉም ሰው ምግብ ይወዳል... (በአስቂኝ)።
8520,2,Phatic,እንኳን ደህና ኑር ከ መስሪያ ቤት።
8521,3,Promise,ዛሬ እሱ ምግብ ቤት ታመጣለች።
8522,6,Sarcasm/Irony,አዎ፣ በማታ ሁሉም ዝግጁ ነው... (በተቃራኒ)።
8523,0,Assertion,እኔ ትምህርት እንደሚያስፈልግ አውቃለሁ።
8524,8,Warning,ይህን ጉዞ አታድርግ።
8525,7,Suggestion,ሁሉም ደስታ ቢጠቀም ይሻላል።
8526,4,Refusal,ሴቶች ኮምፒውተር አይፈልግም።
8527,5,Request,አለቃዬ ውሳኔ ማግኘት ይችላል?
8528,8,Warning,ተጠንቀቅ! እረፍት ዘገይተኛ ነው።
8529,0,Assertion,ደንበኞች ናቸው ብዙ ጊዜ።
8530,6,Sarcasm/Irony,አዎ፣ ውሳኔ በጣም ጥሩ ጥራት አለው... (በአስቂኝ)።
8531,7,Suggestion,ዳኛው ኮምፒውተር ቢጠቀም ይሻላል።
8532,7,Suggestion,ተማሪው ሆቴል ቢያደርግ ይሻላል።
8533,0,Assertion,በማለዳ አዛውንቶች ባህር ዳር ነበር።
8534,5,Request,እባክዎ ገንዘብ ይላኩልኝ።
8535,1,Complaint,ለምን ልጆች ሆቴል አልሰጠኝም?
8536,4,Refusal,አይ፣ ቅጣት አልችልም።
8537,4,Refusal,አይ፣ አገልግሎት አልችልም።
8538,4,Refusal,ወንዶች መረጃ አይፈልግም።
8539,8,Warning,ልጆች ጉብኝት አትንካ።
8540,6,Sarcasm/Irony,በጣም አሮጌ ነው፣ አልችልም እንዳልል።
8541,7,Suggestion,ይህን ስብሰባ መሞከር ጥሩ ነው።
8542,0,Assertion,ምክር በጣም ትንሽ ነው።
8543,6,Sarcasm/Irony,እርግጥ፣ ትምህርት ቤት በጣም ቆንጆ ነው... (በሳቅ)።
8544,2,Phatic,ሰላም ገበሬዎች፣ እንዴት ነው ሁኔታው በፍጥነት?
8545,1,Complaint,ይህ ደስታ በጣም አሮጌ ነው፣ አልወድም።
8546,5,Request,እናንተ ወረቀት ማግኘት ይችላል?
8547,4,Refusal,ሴቶች ችግር አይፈልግም።
8548,8,Warning,አዛውንቶች ደብዳቤ አትንካ።
8549,0,Assertion,እኔ ሙዚቃ እንደሚያስፈልግ አውቃለሁ።
8550,5,Request,ይህን ቅጣት ማየት እችላለሁ?
8551,2,Phatic,እንዴት አለፍሽ ከዚህ በፊት ተማሪው?
8552,8,Warning,ተጠንቀቅ! ስልጠና ትንሽ ነው።
8553,3,Promise,በቅርቡ ታካሚዎች ወረቀት ያመጣል።
8554,0,Assertion,ይህ ዕረፍት ከባድ መሆኑን እረጋገጣለሁ።
8555,1,Complaint,ወጣቱ ስለ መረጃ ቅሬታ አለው።
8556,0,Assertion,እነሱ ኮንትራት ዘገይተኛ አስፈላጊ ነው።
8557,8,Warning,ተጠንቀቅ! ዕረፍት ደስ የሚል ነው።
8558,0,Assertion,ሰላም አስፈላጊ ነው።
8559,2,Phatic,እንኳን ለልደቱ አደረሰ ወጣቶች።
8560,1,Complaint,ለምን ባለቤቴ ደብዳቤ አልሰጠኝም?
8561,4,Refusal,አይ፣ ስብሰባ አልችልም።
8562,7,Suggestion,ምናልባት በሰዓት ብንገናኝ?
8563,1,Complaint,ለምን ባለሙያው ሽልማት አልሰጠኝም?
8564,0,Assertion,እኔ ስልጠና እንደሚያስፈልግ አውቃለሁ።
8565,6,Sarcasm/Irony,አዎ፣ ሽልማት በጣም አስፈላጊ ነው ለሁሉም... (በተቃራኒ)።
8566,5,Request,አንድ ሰው ብር ማግኘት ይችላል?
8567,7,Suggestion,ይህን ቤት መሞከር ጥሩ ነው።
8568,4,Refusal,እህቴ መጽሐፍ አይፈልግም።
8569,5,Request,ጎረቤቴ ቤት ማግኘት ይችላል?
8570,3,Promise,በእርግጥ ፊልም አደርጋለሁ።
8571,4,Refusal,አንተ መድሃኒት አይፈልግም።
8572,1,Complaint,ለምን ልጄ መጽሔት አልሰጠኝም?
8573,0,Assertion,ድል ዘገይተኛ ነው።
8574,1,Complaint,ለምን እድል እንዲህ ውድ ነው?
8575,6,Sarcasm/Irony,እርግጥ፣ ሰራተኞች በጣም ታማኝ ነው... (በአስቂኝ)።
8576,4,Refusal,ወንድሜ ጤና አይፈልግም።
8577,6,Sarcasm/Irony,እንዴት ያለ ምክር ነው! (በቀልድ)።
8578,1,Complaint,ይህ እርዳታ በጣም ትንሽ ነው፣ አልወድም።
8579,2,Phatic,ጤና ይስጥልኝ በማለዳ ሹፌሩ።
8580,0,Assertion,ውሳኔ በጣም ያሳዝናል ነው።
8581,2,Phatic,እንዴት ነው ስራሽ ማንም?
8582,0,Assertion,ከዚህ በኋላ አስተማሪው አዲስ አበባ ነበር።
8583,6,Sarcasm/Irony,አዎ፣ ሬስቶራንት በጣም ምቹ ነው... (በአስቂኝ)።
8584,1,Complaint,ፕሮጀክት አልሰራም፣ ችግር አለ።
8585,6,Sarcasm/Irony,እርግጥ ነው፣ በጊዜው ሁሉም ይረዳል... (በአስቂኝ)።
8586,6,Sarcasm/Irony,እርግጥ፣ ዕድል በጣም ውድ ነው... (በአስቂኝ)።
8587,8,Warning,ገበሬዎች መድሃኒት አትንካ።
8588,4,Refusal,ሐኪሞች እድል አይፈልግም።
8589,4,Refusal,አዛውንቱ መጽሔት አይፈልግም።
8590,4,Refusal,ታካሚዎች ሽልማት አይፈልግም።
8591,7,Suggestion,ምናልባት ውድ ሽልማት መግዛት?
8592,8,Warning,ተጠንቀቅ፣ ልጆች ይመጣል።
8593,0,Assertion,ወንዶች ክፍያ አለው።
8594,0,Assertion,ጊዜ በጣም አስቸጋሪ ነው።
8595,0,Assertion,እሱ መፍትሄ ትንሽ ይታያል።
8596,2,Phatic,ደህና ቀን ይሁንልሽ እሱ።
8597,6,Sarcasm/Irony,እርግጥ፣ ገበያ በጣም ቅርብ ነው... (በሳቅ)።
8598,4,Refusal,ማንም መረጃ አይፈልግም።
8599,8,Warning,አዛውንቱ ቦታ አትንካ።
8600,8,Warning,ተጠንቀቅ! ክፍያ ርካሽ ነው።
8601,6,Sarcasm/Irony,እንዴት መጥፎ ነው! (በአስቂኝ መንገድ)።
8602,1,Complaint,ዛሬ መምህራን ድርጊት አላገኘም።
8603,7,Suggestion,አለቆች ሀሳብ ቢያደርግ ይሻላል።
8604,4,Refusal,አንዳንድ ሰዎች ሽልማት አይፈልግም።
8605,7,Suggestion,ልጆች መረጃ ቢያደርግ ይሻላል።
8606,1,Complaint,ለምን አንድ ሰው ቁልፍ አልሰጠኝም?
8607,8,Warning,ባለሙያው ምክር አትንካ።
8608,8,Warning,ይህ ፈቃድ አደገኛ ነው።
8609,5,Request,እባክዎ ደስታ ይላኩልኝ።
8610,8,Warning,ተጠንቀቅ! ጉብኝት ውድ ነው።
8611,3,Promise,በፍጥነት ዳኛው ጉብኝት ታመጣለች።
8612,8,Warning,ጓደኞች እቅድ አትንካ።
8613,1,Complaint,አዛውንቱ ስለ ቅጣት ቅሬታ አለው።
8614,4,Refusal,ዳኛው ፊልም አይፈልግም።
8615,4,Refusal,ልጆች መረጃ አይፈልግም።
8616,2,Phatic,እግዚአብሔር ይባርካችሁ ገበሬዎች።
8617,4,Refusal,ሐኪሞች ስልክ አይፈልግም።
8618,1,Complaint,ኮምፒውተር አልሰራም፣ ችግር አለ።
8619,8,Warning,ሐኪሞች ፊልም አትንካ።
8620,1,Complaint,በፍጥነት እንግዶች ውሳኔ አላገኘም።
8621,4,Refusal,እህቴ ዜና አይፈልግም።
8622,4,Refusal,አስተናጋጁ ድርጊት አይፈልግም።
8623,2,Phatic,ቤተሰብሽ ደህና ናቸው ወንዶች?
8624,1,Complaint,እናቶች ጨዋታ ስለ ትንሽ መሆኑ ያማርራል።
8625,8,Warning,እናቶች መጽሐፍ አትንካ።
8626,7,Suggestion,ታካሚዎች ምግብ ቢጠቀም ይሻላል።
8627,6,Sarcasm/Irony,እርግጥ፣ መምህራን በጣም ታማኝ ነው... (በአስቂኝ)።
8628,5,Request,እባክዎ ሆቴል ያድርጉልኝ።
8629,4,Refusal,እህቶች አገልግሎት አይፈልግም።
8630,2,Phatic,መልካም ቀን ጓደኛዬ።
8631,7,Suggestion,ወጣቶች ድል ቢጠቀም ይሻላል።
8632,6,Sarcasm/Irony,እነሱ ሁልጊዜ ትክክል ነው... (በሳቅ)።
8633,0,Assertion,ክፍያ ፈጣን ነው።
8634,0,Assertion,እቅድ በጣም አሮጌ ነው።
8635,4,Refusal,ቦታ አልፈልግም፣ አመሰግናለሁ።
8636,5,Request,እርዳኝ ፕሮጀክት ለማግኘት።
8637,6,Sarcasm/Irony,እንዴት አዛውንቶች በጣም ፈጣን ነው! (በአስቂኝ)።
8638,4,Refusal,እናቴ ጨዋታ አይፈልግም።
8639,7,Suggestion,አንተ ክፍያ ቢጠቀም ይሻላል።
8640,3,Promise,ወጣቱ ነገ ትመጣለች ብሎ ቃል ገብቷል።
8641,5,Request,አንተ ምግብ ቤት ማግኘት ይችላል?
8642,1,Complaint,ለምን አንዳንድ ሰዎች መጽሐፍ አልሰጠኝም?
8643,7,Suggestion,አዛውንቱ ውሃ ቢጠቀም ይሻላል።
8644,5,Request,ወጣቱ መጽሐፍ ማግኘት ይችላል?
8645,0,Assertion,አንድ ሰው በቅርቡ ሬስቶራንት ይገኛል።
8646,8,Warning,ዳኛው ቅጣት አትንካ።
8647,7,Suggestion,እንደእኔ አስተያየት ቅጣት መቀየር ይሻላል።
8648,5,Request,እናቶች መጽሐፍ ማግኘት ይችላል?
8649,6,Sarcasm/Irony,አዎ፣ ይህ ኮምፒውተር በጣም ጠቃሚ ነው... (በሳቅ)።
8650,8,Warning,ነጋዴዎች ትምህርት አትንካ።
8651,6,Sarcasm/Irony,አዎ፣ ችግር በጣም አስፈላጊ ነው... (በተቃራኒ)።
8652,3,Promise,ወጣቱ ዛሬ ትመጣለች ብሎ ቃል ገብቷል።
8653,3,Promise,አንተ በሳምንት ይመጣል ብሎ ቃል ገብቷል።
8654,3,Promise,እኔ ደስታ አላረሳም።
8655,8,Warning,ተጠንቀቅ፣ ጓደኛዬ ይመጣል።
8656,7,Suggestion,ምናልባት አዲስ ምክር መግዛት?
8657,0,Assertion,ይህ ችግር አስቸጋሪ መሆኑን እረጋገጣለሁ።
8658,2,Phatic,እንዴት አለፍሽ ከ መንገድ አንዳንድ ሰዎች?
8659,6,Sarcasm/Irony,አዎ፣ ይህ ውሃ በጣም ጠቃሚ ነው... (በሳቅ)።
8660,6,Sarcasm/Irony,ሁሉም ሁልጊዜ በጊዜው ይመጣል... (በቀልድ)።
8661,1,Complaint,ለምን እርዳታ እንዲህ አሮጌ ነው?
8662,6,Sarcasm/Irony,እናቶች በጣም ብልህ ነው፣ አልሳሳም... (በአስቂኝ)።
8663,3,Promise,በሳምንት ተማሪዎች ክፍያ ያመጣል።
8664,7,Suggestion,ምናልባት ትንሽ ፕሮጀክት መግዛት?
8665,1,Complaint,እኔ ከ ስብሰባ ጋር ችግር አለው።
8666,1,Complaint,ይህ ጉዞ በጣም አስቸጋሪ ነው፣ አልወድም።
8667,1,Complaint,ባለቤቴ ክፍያ ስለ ንጹህ መሆኑ ያማርራል።
8668,3,Promise,ትናንት ልጆች ደስታ ያመጣል።
8669,4,Refusal,ደንበኞች ዕድል አይፈልግም።
8670,5,Request,ሴቶች እርዳታ ማግኘት ይችላል?
8671,1,Complaint,ጎረቤቴ እድል ስለ አሮጌ መሆኑ ያማርራል።
8672,7,Suggestion,ታካሚዎች ደብዳቤ ቢያደርግ ይሻላል።
8673,7,Suggestion,እኔ ስብሰባ እንድታደርግ እመክራለሁ።
8674,2,Phatic,ሰላምታ ከ ገበያ ለ ወጣቶች።
8675,7,Suggestion,ምናልባት ፈጣን ድልድይ መግዛት?
8676,3,Promise,አዛውንቱ በሳምንት ትመጣለች ብሎ ቃል ገብቷል።
8677,2,Phatic,ሰላም አዛውንቱ፣ ምን ሰራህ ዛሬ?
8678,5,Request,እባክዎ ጉዞ ይላኩልኝ።
8679,3,Promise,ወንድሜ ነገ ትመጣለች ብሎ ቃል ገብቷል።
8680,7,Suggestion,ምናልባት መፍትሄ ማድረግ ይሻላል።
8681,5,Request,ልጄ ብር ማግኘት ይችላል?
8682,0,Assertion,አንዳንድ ሰዎች ምግብ መጥፎ ይቆጠራል።
8683,6,Sarcasm/Irony,ታካሚዎች ሁልጊዜ ትክክለኛ ውሳኔ ያደርጋል... (በቀልድ)።
8684,3,Promise,ትናንት እሱ ትምህርት ያመጣል።
8685,2,Phatic,ሰላም ጎረቤቴ፣ ምን ሰራህ ዛሬ?
8686,4,Refusal,አዛውንቱ ምግብ አይፈልግም።
8687,1,Complaint,በፍጥነት እናቴ ዕረፍት አላገኘም።
8688,4,Refusal,አይ፣ ስልጠና አልችልም።
8689,6,Sarcasm/Irony,እንዴት ያለ ፍጹም ትምህርት ነው! (በሳቅ)።
8690,0,Assertion,ነጋዴዎች በቀን አዲስ አበባ ይገኛል።
8691,0,Assertion,እውነቱን ለመናገር መፍትሄ መጥፎ ነው።
8692,1,Complaint,ለምን እንግዶች ቦታ አልሰጠኝም?
8693,1,Complaint,ትናንት ወንድሞች ደስታ አላገኘም።
8694,7,Suggestion,እንዴት ቢሆን ኮንትራት ብናደርግ?
8695,1,Complaint,ልጆች ከ ድርጊት ጋር ችግር አለው።
8696,3,Promise,በሰዓት ወንዶች ገንዘብ ታመጣለች።
8697,4,Refusal,ይህን ውሳኔ ማድረግ አልችልም።
8698,1,Complaint,መምህራን ከ ጉዞ ጋር ችግር አለው።
8699,4,Refusal,አለቆች ስልጠና አይፈልግም።
8700,0,Assertion,አንቺ በቅርቡ አዲስ አበባ ይገኛል።
8701,2,Phatic,እንኳን ለአዲስ ዓመት አደረሰ ወጣቶች።
8702,5,Request,ከፈቀድሽ ምግብ ቤት ውሰድ።
8703,1,Complaint,ለምን ነጋዴዎች ድል አልሰጠኝም?
8704,1,Complaint,ለምን ወረቀት እንዲህ አዲስ ነው?
8705,5,Request,ወጣቶች እቅድ ማግኘት ይችላል?
8706,3,Promise,እኔ ውሃ እሰጥሻለሁ።
8707,0,Assertion,እኔ እቅድ እንደሚያስፈልግ አውቃለሁ።
8708,3,Promise,አሁን ጎረቤቴ ስልክ ታመጣለች።
8709,7,Suggestion,ምናልባት ደህንነቱ የተጠበቀ ቁልፍ መግዛት?
8710,5,Request,ወንድሜ ቦታ ማግኘት ይችላል?
8711,4,Refusal,ወጣቱ ንግግር አይፈልግም።
8712,3,Promise,በእርግጥ ደብዳቤ አደርጋለሁ።
8713,3,Promise,በሳምንት አለቃዬ ቁልፍ ያመጣል።
8714,8,Warning,ተጠንቀቅ! እድል አደገኛ ነው።
8715,1,Complaint,ሁልጊዜ ፕሮጀክት ይጎድላል።
8716,8,Warning,እናቶች መኪና አትንካ።
8717,0,Assertion,ጓደኛዬ ገንዘብ ያሳዝናል ይመስላል።
8718,2,Phatic,እንዴት ነው ስራህ ተማሪው?
8719,1,Complaint,ታካሚዎች ስለ ደብዳቤ ቅሬታ አለው።
8720,3,Promise,ከዚህ በኋላ ወንድሞች መጽሐፍ ታመጣለች።
8721,6,Sarcasm/Irony,እርግጥ፣ አዋሳ በጣም ቅርብ ነው... (በሳቅ)።
8722,2,Phatic,ሰላም ልጆች ከ ባንክ።
8723,7,Suggestion,ምናልባት አስፈላጊ መንገድ መግዛት?
8724,6,Sarcasm/Irony,እንዴት ስራ በጣም ቀላል ነው! (በተቃራኒ)።
8725,8,Warning,አስተናጋጁ መድሃኒት አትንካ።
8726,5,Request,እርዳኝ ስብሰባ ለማግኘት።
8727,4,Refusal,ፖሊሱ ቅጣት አይፈልግም።
8728,1,Complaint,በሰዓት እናንተ ህንፃ አላገኘም።
8729,2,Phatic,ደህና እንደምትሆን ተስፋ አደርጋለሁ እናንተ።
8730,1,Complaint,ለምን መጽሐፍ እንዲህ አስፈላጊ ነው?
8731,6,Sarcasm/Irony,እርግጥ፣ መንገድ በጣም ቆንጆ ነው... (በሳቅ)።
8732,3,Promise,ወንዶች በወር ይመጣል ብሎ ቃል ገብቷል።
8733,8,Warning,ሰራተኞች ሽልማት አትንካ።
8734,6,Sarcasm/Irony,ሁሉም ሰው ድልድይ ይወዳል... (በአስቂኝ)።
8735,0,Assertion,ሽልማት አስቸጋሪ ነው።
8736,3,Promise,በወር ባለሙያው ቤት ያመጣል።
8737,4,Refusal,ባለሙያው ዕረፍት አይፈልግም።
8738,0,Assertion,አዛውንቶች መረጃ ዘገይተኛ ይታያል።
8739,0,Assertion,እቅድ በጣም ጥሩ ነው።
8740,8,Warning,ተጠንቀቅ! ኮንትራት ትልቅ ነው።
8741,8,Warning,እህቶች ጨዋታ አትንካ።
8742,5,Request,እነሱ ጊዜ ማግኘት ይችላል?
8743,2,Phatic,ቤተሰብህ ደህና ናቸው እናንተ?
8744,5,Request,ታካሚዎች ሰላም ማግኘት ይችላል?
8745,6,Sarcasm/Irony,ወጣቶች ሁልጊዜ ትክክል ነው፣ እርግጥ ነው... (በሳቅ)።
8746,3,Promise,አለቃዬ በማታ ይመጣል ብሎ ቃል ገብቷል።
8747,0,Assertion,እሱ በሳምንት ባህር ዳር ይገኛል።
8748,2,Phatic,መልካም ምሽት ተማሪዎች።
8749,0,Assertion,ታካሚዎች በማታ ፓርክ ይገኛል።
8750,6,Sarcasm/Irony,እርግጥ፣ መቀሌ በጣም ቆንጆ ነው... (በሳቅ)።
8751,3,Promise,በማለዳ ጎረቤቴ ክፍያ ታመጣለች።
8752,3,Promise,ትናንት አንቺ ውሃ ታመጣለች።
8753,5,Request,ይህን ፊልም ማየት እችላለሁ?
8754,1,Complaint,ይህ ፕሮጀክት በጣም አሮጌ ነው፣ አልወድም።
8755,8,Warning,ተጠንቀቅ፣ ወዳጄ ይመጣል።
8756,7,Suggestion,እኛ ክፍያ ቢጠቀም ይሻላል።
8757,3,Promise,አሁን መምህራን ጊዜ ያመጣል።
8758,4,Refusal,አይ፣ ቁልፍ አልችልም።
8759,2,Phatic,እንኳን ለልደትህ አደረሰ እህቶች።
8760,6,Sarcasm/Irony,ታካሚዎች ሁልጊዜ ትክክል ነው... (በሳቅ)።
8761,5,Request,ገበሬዎች ቁልፍ ማግኘት ይችላል?
8762,0,Assertion,አዛውንቶች በቅርቡ አዲስ አበባ ይገኛል።
8763,6,Sarcasm/Irony,ይህ በጣም አዲስ ሀሳብ ነው... (በሳቅ)።
8764,8,Warning,አባቶች ምግብ አትንካ።
8765,0,Assertion,ይህ ሀሳብ ያሳዝናል መሆኑን እረጋገጣለሁ።
8766,6,Sarcasm/Irony,እርግጥ፣ ነገ ይሆናል... (በአስቂኝ)።
8767,2,Phatic,እንዴት አለፍሽ በሰዓት ወንዶች?
8768,4,Refusal,ደንበኞች ሽልማት አይፈልግም።
8769,6,Sarcasm/Irony,እንዴት ያለ ፍጹም ሰላም ነው! (በሳቅ)።
8770,0,Assertion,እውነቱን ለመናገር ምግብ ቤት ዘገይተኛ ነው።
8771,0,Assertion,እነሱ ስልክ አላት።
8772,3,Promise,አንቺ አሁን ይመጣል ብሎ ቃል ገብቷል።
8773,1,Complaint,አዛውንቱ ከ ዜና ጋር ችግር አለው።
8774,6,Sarcasm/Irony,እርግጥ ነው፣ ዛሬ ሁሉም ይረዳል... (በአስቂኝ)።
8775,3,Promise,ወንዶች አሁን ትመጣለች ብሎ ቃል ገብቷል።
8776,1,Complaint,ባለቤቴ ከ ችግር ጋር ችግር አለው።
8777,3,Promise,ወንዶች ነገ ይመጣል ብሎ ቃል ገብቷል።
8778,0,Assertion,መፍትሄ ደህንነቱ የተጠበቀ ነው።
8779,8,Warning,አስተማሪው እቅድ አትንካ።
8780,7,Suggestion,ወጣቱ ዕረፍት ቢያደርግ ይሻላል።
8781,6,Sarcasm/Irony,እንዴት ጊዜ በጣም ቀላል ነው! (በተቃራኒ)።
8782,8,Warning,አትርሳ እርዳታ።
8783,4,Refusal,ሰላም አልፈልግም፣ አመሰግናለሁ።
8784,4,Refusal,ሰራተኛው መጽሔት አይፈልግም።
8785,7,Suggestion,እንደእኔ አስተያየት ዕረፍት መቀየር ይሻላል።
8786,4,Refusal,ባለቤቴ አገልግሎት አይፈልግም።
8787,5,Request,እህቴ ኮንትራት ማግኘት ይችላል?
8788,3,Promise,አትጨነቅ፣ ትምህርት እከፍላለሁ።
8789,4,Refusal,ይቅርታ፣ ቁልፍ አልሰጥም።
8790,2,Phatic,ቤተሰብሽ ደህና ናቸው አንተ?
8791,8,Warning,ወንዶች ጨዋታ አትንካ።
8792,2,Phatic,ጤናማ ሳምንት ይሁንልሽ ወንድሞች።
8793,5,Request,ወንድሞች እረፍት ማግኘት ይችላል?
8794,4,Refusal,እህቶች ጤና አይፈልግም።
8795,5,Request,አዛውንቶች ኮንትራት ማግኘት ይችላል?
8796,2,Phatic,እንዴት ነው ጤንነትሽ ከዚህ በኋላ?
8797,6,Sarcasm/Irony,እንዴት ሁሉም በጣም ፈጣን ነው! (በአስቂኝ)።
8798,6,Sarcasm/Irony,እርግጥ ነው፣ ከዚህ በፊት ሁሉም ይረዳል... (በአስቂኝ)።
8799,4,Refusal,ጓደኞች ሆቴል አይፈልግም።
8800,0,Assertion,ትናንት አስተማሪው ሆስፒታል ነበር።
8801,1,Complaint,ትናንት እንግዶች ክፍያ አላገኘም።
8802,2,Phatic,ሰላም ጓደኞች፣ እንዴት ነህ ከ ቢሮ?
8803,1,Complaint,አባቴ ፊልም ስለ አዲስ መሆኑ ያማርራል።
8804,8,Warning,አስተናጋጁ ሆቴል አትንካ።
8805,1,Complaint,ሐኪሙ ድልድይ ስለ አስቸጋሪ መሆኑ ያማርራል።
8806,1,Complaint,ዳኛው ከ ጉብኝት ጋር ችግር አለው።
8807,4,Refusal,አሁን በሳምንት አይሆንም።
8808,3,Promise,በቅርቡ ሐኪሞች ዜና ታመጣለች።
8809,7,Suggestion,እናንተ እርዳታ ቢጠቀም ይሻላል።
8810,2,Phatic,በሰላም እንገናኝ ከ ጎንደር።
8811,7,Suggestion,ምናልባት ደህንነቱ የተጠበቀ ድል መግዛት?
8812,7,Suggestion,እሱ ዜና ቢያደርግ ይሻላል።
8813,7,Suggestion,እንደእኔ አስተያየት እቅድ መቀየር ይሻላል።
8814,0,Assertion,እኔ እርዳታ አላት።
8815,1,Complaint,ይህ ሽልማት በጣም ትንሽ ነው፣ አልወድም።
8816,2,Phatic,ደህና እንደምትሆን ተስፋ አደርጋለሁ ልጆች።
8817,7,Suggestion,እንዴት ቢሆን መጽሔት ብናደርግ?
8818,4,Refusal,ይቅርታ፣ ጨዋታ አልሰጥም።
8819,0,Assertion,ልጆች በማለዳ ቤት ይገኛል።
8820,4,Refusal,መረጃ አልፈልግም፣ አመሰግናለሁ።
8821,3,Promise,ዳኛው በሰዓት ትመጣለች ብሎ ቃል ገብቷል።
8822,3,Promise,ይህን መረጃ እጠብቃለሁ።
8823,8,Warning,ሹፌሩ ዜና አትንካ።
8824,5,Request,አዛውንቶች ደስታ ማግኘት ይችላል?
8825,1,Complaint,ይህ ድልድይ በጣም አስደሳች ነው፣ አልወድም።
8826,7,Suggestion,እኔ ሙያ እንድታደርግ እመክራለሁ።
8827,5,Request,ሹፌሩ አገልግሎት ማግኘት ይችላል?
8828,7,Suggestion,ሰራተኞች ድልድይ ቢጠቀም ይሻላል።
8829,1,Complaint,ወጣቶች ከ ጉዞ ጋር ችግር አለው።
8830,0,Assertion,ጓደኛዬ ናቸው ብዙ ጊዜ።
8831,0,Assertion,ቅጣት በጣም ዘገይተኛ ነው።
8832,7,Suggestion,እንዴት ቢሆን አዲስ አበባ ብንሄድ?
8833,0,Assertion,እኛ ይቆጠራል ብዙ ጊዜ።
8834,0,Assertion,እውነቱን ለመናገር ሙያ አስፈላጊ ነው።
8835,3,Promise,ይህን መጽሔት እጠብቃለሁ።
8836,8,Warning,ተጠንቀቅ! ውሳኔ ጥሩ ነው።
8837,7,Suggestion,ምናልባት ደስ የሚል ፈቃድ መግዛት?
8838,0,Assertion,እኛ ምግብ ፈጣን ይቆጠራል።
8839,7,Suggestion,አስተናጋጁ መፍትሄ ቢጠቀም ይሻላል።
8840,2,Phatic,ደህና ቀን ይሁንልሽ ከ ገበያ።
8841,3,Promise,ከዚህ በኋላ አስተናጋጁ ህንፃ ታመጣለች።
8842,5,Request,እርዳኝ መጽሐፍ ለማግኘት።
8843,7,Suggestion,ምናልባት ስራ ማድረግ ይሻላል።
8844,3,Promise,ልጄ ትናንት ትመጣለች ብሎ ቃል ገብቷል።
8845,3,Promise,በፍጥነት ሁሉም ክፍያ ያመጣል።
8846,1,Complaint,ይህ ሀሳብ በጣም ያሳዝናል ነው፣ አልወድም።
8847,3,Promise,በእርግጥ እድል አደርጋለሁ።
8848,0,Assertion,እውነቱን ለመናገር ስልጠና ደስ የሚል ነው።
8849,1,Complaint,እናቴ ከ መንገድ ጋር ችግር አለው።
8850,2,Phatic,ሰላምታዬን ለቤተሰብሽ አቀርባለሁ ሰራተኞች።
8851,0,Assertion,ነጋዴዎች ጨዋታ አለው።
8852,4,Refusal,አንዳንድ ሰዎች ስልክ አይፈልግም።
8853,0,Assertion,አዛውንቶች መጽሔት አስፈላጊ አለ።
8854,8,Warning,አትርሳ መጽሐፍ።
8855,8,Warning,አለቃዬ ቅጣት አትንካ።
8856,5,Request,እባክሽ ህንፃ ስጠኝ።
8857,2,Phatic,እንዴት ነው ስራሽ ነገ?
8858,1,Complaint,ፖሊሱ ከ እረፍት ጋር ችግር አለው።
8859,8,Warning,ተጠንቀቅ! ጊዜ ከባድ ነው።
8860,1,Complaint,ወንድሜ ስለ ፊልም ቅሬታ አለው።
8861,3,Promise,ቃል እገባለሁ ጨዋታ እንደሚሆን።
8862,3,Promise,እናቶች ከዚህ በኋላ ይመጣል ብሎ ቃል ገብቷል።
8863,1,Complaint,አንተ ከ ገንዘብ ጋር ችግር አለው።
8864,1,Complaint,ይህ ገንዘብ በጣም አስቸጋሪ ነው፣ አልወድም።
8865,3,Promise,ጓደኞች ትናንት ትመጣለች ብሎ ቃል ገብቷል።
8866,2,Phatic,እንዴት ነው ቀኑ ሰራተኛው?
8867,4,Refusal,መፍትሄ አልፈልግም፣ አመሰግናለሁ።
8868,1,Complaint,ተማሪው እቅድ ስለ አዲስ መሆኑ ያማርራል።
8869,0,Assertion,መረጃ አደገኛ ነው።
8870,5,Request,እባክህ ሆቴል ስጠኝ።
8871,4,Refusal,ሁሉም መድሃኒት አይፈልግም።
8872,8,Warning,ዳኛው ክፍያ አትንካ።
8873,5,Request,ፖሊሱ ውሃ ማግኘት ይችላል?
8874,6,Sarcasm/Irony,እንዴት ንጹህ ሁኔታ ነው! (በቀልድ)።
8875,2,Phatic,መልካም ጉዞ እንግዶች።
8876,2,Phatic,መልካም ጊዜ ይሁንልህ በፍጥነት።
8877,6,Sarcasm/Irony,አዎ፣ ስልክ በጣም አስፈላጊ ነው... (በተቃራኒ)።
8878,2,Phatic,መልካም ዛሬ ነጋዴዎች።
8879,7,Suggestion,ምናልባት ቀላል ውሃ መግዛት?
8880,7,Suggestion,አስተማሪው ፊልም ቢጠቀም ይሻላል።
8881,6,Sarcasm/Irony,ጉብኝት በጣም ውድ ነው፣ ግን ዋጋው አለው... (በቀልድ)።
8882,8,Warning,እኔ እርዳታ አትንካ።
8883,1,Complaint,ለምን እናንተ ቦታ አልሰጠኝም?
8884,7,Suggestion,ምናልባት አስደሳች መጽሐፍ መግዛት?
8885,7,Suggestion,እህቴ ውሃ ቢያደርግ ይሻላል።
8886,2,Phatic,እንዴት ነው ጤንነትህ ታካሚዎች?
8887,2,Phatic,ሰላም ጓደኞች፣ እንዴት ነሽ?
8888,6,Sarcasm/Irony,እንዴት ያለ ቁልፍ ነው! (በቀልድ)።
8889,6,Sarcasm/Irony,እርግጥ ነው፣ በማለዳ ሁሉም ደስተኛ ነው... (በአስቂኝ)።
8890,3,Promise,እንግዶች ዛሬ ይመጣል ብሎ ቃል ገብቷል።
8891,3,Promise,አሁን ዳኛው መረጃ ታመጣለች።
8892,5,Request,እርዳኝ ደብዳቤ ለማግኘት።
8893,7,Suggestion,እኔ ጉዞ እንድታደርግ እመክራለሁ።
8894,2,Phatic,ጤና ይስጥልኝ ብዙ ሰዎች።
8895,5,Request,እባክዎ አገልግሎት ያድርጉልኝ።
8896,3,Promise,አትጨነቅ፣ ስራ እከፍላለሁ።
8897,7,Suggestion,አዛውንቱ ሽልማት ቢጠቀም ይሻላል።
8898,6,Sarcasm/Irony,አዎ፣ መንገድ በጣም ደህንነቱ የተጠበቀ ነው... (በተቃራኒ)።
8899,5,Request,አስተናጋጁ ሽልማት ማግኘት ይችላል?
8900,2,Phatic,ሰላም ተማሪው፣ እንዴት ነህ?
8901,1,Complaint,ለምን መጽሐፍ እንዲህ ውድ ነው?
8902,8,Warning,አደጋ አለ! ዜና ተጠንቀቅ።
8903,5,Request,ወንዶች እድል ማግኘት ይችላል?
8904,8,Warning,ተጠንቀቅ! ጉብኝት ጥሩ ነው።
8905,0,Assertion,እውነቱን ለመናገር መረጃ አዲስ ነው።
8906,4,Refusal,ሁሉም መረጃ አይፈልግም።
8907,1,Complaint,ለምን አለቆች ትምህርት አልሰጠኝም?
8908,2,Phatic,እንዴት ነሽ ተማሪው በሳምንት?
8909,0,Assertion,ታካሚዎች ዕድል አስቸጋሪ ናቸው።
8910,4,Refusal,እናቴ ፈቃድ አይፈልግም።
8911,5,Request,አዛውንቱ ደስታ ማግኘት ይችላል?
8912,8,Warning,ተጠንቀቅ! ንግግር ደህንነቱ የተጠበቀ ነው።
8913,0,Assertion,በፍጥነት ልጆች ሐረር ነበር።
8914,5,Request,ተማሪዎች ሽልማት ማግኘት ይችላል?
8915,4,Refusal,ወጣቱ እቅድ አይፈልግም።
8916,8,Warning,ይህን መፍትሄ አታድርግ።
8917,7,Suggestion,እኔ ሽልማት እንድታደርግ እመክራለሁ።
8918,1,Complaint,ገበሬዎች ከ ቤት ጋር ችግር አለው።
8919,6,Sarcasm/Irony,እኔ በጣም ብልህ ነው፣ አልሳሳም... (በአስቂኝ)።
8920,0,Assertion,እኔ እድል እንደሚያስፈልግ አውቃለሁ።
8921,8,Warning,ተጠንቀቅ! አገልግሎት ከባድ ነው።
8922,3,Promise,አሁን አንዳንድ ሰዎች ሙዚቃ ታመጣለች።
8923,8,Warning,ሹፌሩ ሰላም አትንካ።
8924,3,Promise,ነገ ገበሬዎች ፈቃድ ታመጣለች።
8925,2,Phatic,መልካም ጊዜ ከ መስሪያ ቤት እህቴ።
8926,4,Refusal,ሰራተኛው ክፍያ አይፈልግም።
8927,2,Phatic,ሰላም መምህራን፣ ምን ሰራህ በማታ?
8928,6,Sarcasm/Irony,አዎ፣ መፍትሄ በጣም ጥሩ ጥራት አለው... (በአስቂኝ)።
8929,8,Warning,እህቶች እረፍት አትንካ።
8930,6,Sarcasm/Irony,እንዴት ያለ ዜና ነው! (በቀልድ)።
8931,2,Phatic,እንኳን ደህና መጣህ እንግዶች።
8932,6,Sarcasm/Irony,አዎ ጓደኛዬ በጣም ፈጣን ነው... (በቀልድ)።
8933,3,Promise,ብዙ ሰዎች በሰዓት ይመጣል ብሎ ቃል ገብቷል።
8934,8,Warning,ተጠንቀቅ! ፊልም አሮጌ ነው።
8935,4,Refusal,እኔ ስራ አልቀበልም።
8936,8,Warning,ይህ መኪና አደገኛ ነው።
8937,1,Complaint,እህቴ ስለ መኪና ቅሬታ አለው።
8938,6,Sarcasm/Irony,አዎ ልጆች በጣም ፈጣን ነው... (በቀልድ)።
8939,4,Refusal,መጽሐፍ አልፈልግም፣ አመሰግናለሁ።
8940,1,Complaint,ብዙ ሰዎች ስለ ስልጠና ቅሬታ አለው።
8941,7,Suggestion,ምናልባት ሰላም ማድረግ ይሻላል።
8942,2,Phatic,በጣም ደስ ብሎኛል ተማሪው።
8943,4,Refusal,ልጆች ፊልም አይፈልግም።
8944,2,Phatic,ደስ ብሎኛል ስላየሁህ ሁሉም።
8945,5,Request,እርዳኝ ድልድይ ለማግኘት።
8946,0,Assertion,ይህ ትምህርት ትንሽ መሆኑን እረጋገጣለሁ።
8947,2,Phatic,ደህና ቀን ይሁንልሽ ከ ፓርክ።
8948,2,Phatic,እንደገና እንገናኝ በማታ ከ ቤተ ክርስቲያን።
8949,5,Request,እሷ ሙያ ማግኘት ይችላል?
8950,4,Refusal,እሷ ትምህርት አይፈልግም።
8951,0,Assertion,አባቶች በቀን ባህር ዳር ይገኛል።
8952,1,Complaint,ለምን መጽሐፍ እንዲህ ጥሩ ነው?
8953,3,Promise,በእርግጥ ድል አደርጋለሁ።
8954,1,Complaint,ይህ ዕረፍት በጣም መጥፎ ነው፣ አልወድም።
8955,0,Assertion,ሰራተኞች ድርጊት ትንሽ ናት።
8956,5,Request,አዛውንቱ ቤት ማግኘት ይችላል?
8957,8,Warning,ይህ ፊልም አደገኛ ነው።
8958,6,Sarcasm/Irony,ሐኪሞች በጣም ብልህ ነው፣ አልሳሳም... (በአስቂኝ)።
8959,4,Refusal,እናቴ እረፍት አይፈልግም።
8960,6,Sarcasm/Irony,እንዴት ያለ ፍጹም ስብሰባ ነው! (በሳቅ)።
8961,7,Suggestion,እንደእኔ አስተያየት ምግብ ቤት መቀየር ይሻላል።
8962,8,Warning,እንግዶች ምግብ አትንካ።
8963,2,Phatic,ደስ ብሎኛል ስለሰማሁህ እናቴ።
8964,7,Suggestion,ምናልባት ትንሽ ዕድል መግዛት?
8965,4,Refusal,ይህን ሰላም ማድረግ አልችልም።
8966,2,Phatic,ቤተሰብሽ ደህና ናቸው ልጄ?
8967,4,Refusal,ጓደኛዬ መረጃ አይፈልግም።
8968,6,Sarcasm/Irony,በጣም አደገኛ ነው፣ ምንም አደጋ የለም... (በሳቅ)።
8969,2,Phatic,ጤናማ ቀን ይሁንልህ በፍጥነት።
8970,5,Request,ፖሊሱ ችግር ማግኘት ይችላል?
8971,3,Promise,ደንበኞች በጊዜው ይመጣል ብሎ ቃል ገብቷል።
8972,5,Request,እህቴ ፊልም ማግኘት ይችላል?
8973,3,Promise,በማለዳ ነጋዴዎች መንገድ ያመጣል።
8974,8,Warning,ወዳጄ ትምህርት አትንካ።
8975,1,Complaint,ወዳጄ ከ እድል ጋር ችግር አለው።
8976,0,Assertion,አዛውንቱ በፍጥነት ቢሮ ይገኛል።
8977,4,Refusal,ማንም መጽሔት አይፈልግም።
8978,0,Assertion,ባለቤቴ አለች ብዙ ጊዜ።
8979,4,Refusal,አይ፣ ፕሮጀክት አልችልም።
8980,6,Sarcasm/Irony,ብዙ ሰዎች በጣም ብልህ ነው፣ አልሳሳም... (በአስቂኝ)።
8981,0,Assertion,እኔ ፈቃድ እንደሚያስፈልግ አውቃለሁ።
8982,2,Phatic,ደህና ሁኚ ሰራተኞች።
8983,5,Request,አባቶች ፈቃድ ማግኘት ይችላል?
8984,8,Warning,ተጠንቀቅ! ሆቴል አደገኛ ነው።
8985,1,Complaint,ይህ መንገድ በጣም አደገኛ ነው፣ አልወድም።
8986,4,Refusal,ሹፌሩ ሙዚቃ አይፈልግም።
8987,2,Phatic,እግዚአብሔር ከጎንሽ ይሁን አባቶች።
8988,1,Complaint,አስተማሪው ከ ቤት ጋር ችግር አለው።
8989,2,Phatic,መልካም ምሽት ከ መንደር ሰራተኛው።
8990,5,Request,ከፈቀድክ ኮንትራት ውሰድ።
8991,2,Phatic,እግዚአብሔር ይጠብቅህ ከ ቤት።
8992,5,Request,እባክህ ስራ አስረዳኝ።
8993,2,Phatic,እግዚአብሔር ይጠብቅሽ ከ ባህር ዳር።
8994,7,Suggestion,እኛ ብር ቢያደርግ ይሻላል።
8995,5,Request,እባክህ ምግብ ቤት አስረዳኝ።
8996,3,Promise,አለቆች በቅርቡ ትመጣለች ብሎ ቃል ገብቷል።
8997,4,Refusal,አንድ ሰው ጤና አይፈልግም።
8998,6,Sarcasm/Irony,ሁሉም በጣም ታማኝ ነው፣ አይዋሽም... (በተቃራኒ)።
8999,6,Sarcasm/Irony,አዎ፣ ዜና በጣም አስፈላጊ ነው ለሁሉም... (በተቃራኒ)።
9000,8,Warning,ተጠንቀቅ! ብር አስደሳች ነው።
9001,5,Request,ሴቶች ውሃ ማግኘት ይችላል?
9002,0,Assertion,ደብዳቤ አስደሳች ነው።
9003,6,Sarcasm/Irony,ታካሚዎች ሁልጊዜ ይረዳል... (በቀልድ)።
9004,6,Sarcasm/Irony,ዳኛው ሁልጊዜ ትክክል ነው... (በሳቅ)።
9005,7,Suggestion,አለቆች ሙያ ቢጠቀም ይሻላል።
9006,4,Refusal,እናቶች እርዳታ አይፈልግም።
9007,8,Warning,ሐኪሞች ሽልማት አትንካ።
9008,3,Promise,እህቶች በወር ትመጣለች ብሎ ቃል ገብቷል።
9009,3,Promise,ትናንት እነሱ ቁልፍ ያመጣል።
9010,6,Sarcasm/Irony,እሱ ሁልጊዜ በጊዜው ይመጣል... (በቀልድ)።
9011,5,Request,አንድ ሰው ድርጊት ማግኘት ይችላል?
9012,6,Sarcasm/Irony,እርግጥ፣ ልጄ በጣም ታማኝ ነው... (በአስቂኝ)።
9013,2,Phatic,ሰላም ባለሙያው፣ እንዴት አለፈ ቀኑ?
9014,8,Warning,ተጠንቀቅ! ሀሳብ ዘገይተኛ ነው።
9015,3,Promise,በማለዳ ልጆች መጽሔት ያመጣል።
9016,0,Assertion,እውነቱን ለመናገር ኮምፒውተር ዘገይተኛ ነው።
9017,4,Refusal,ይህን ጤና ማድረግ አልችልም።
9018,8,Warning,ተጠንቀቅ! ሽልማት መጥፎ ነው።
9019,6,Sarcasm/Irony,አዎ፣ በማለዳ ሁሉም ዝግጁ ነው... (በተቃራኒ)።
9020,4,Refusal,አባቶች አገልግሎት አይፈልግም።
9021,5,Request,ደንበኞች ድርጊት ማግኘት ይችላል?
9022,4,Refusal,መምህራን ፕሮጀክት አይፈልግም።
9023,0,Assertion,ወንድሜ አሁን ቤተ ክርስቲያን ይገኛል።
9024,3,Promise,በጊዜው አስተማሪው ቁልፍ ያመጣል።
9025,1,Complaint,ለምን ዕረፍት እንዲህ ከባድ ነው?
9026,2,Phatic,እንኳን ደህና ኑሪ ከ ቤተ ክርስቲያን።
9027,3,Promise,አዛውንቱ በጊዜው ይመጣል ብሎ ቃል ገብቷል።
9028,4,Refusal,ደንበኞች ክፍያ አይፈልግም።
9029,3,Promise,ነገ እንግዶች ድርጊት ታመጣለች።
9030,6,Sarcasm/Irony,እርግጥ ነው፣ በወር ሁሉም ይሳካል... (በተቃራኒ)።
9031,8,Warning,ልጄ ምግብ አትንካ።
9032,1,Complaint,ለምን ጓደኛዬ ስልክ አልሰጠኝም?
9033,6,Sarcasm/Irony,እንዴት አሮጌ ሁኔታ ነው! (በቀልድ)።
9034,6,Sarcasm/Irony,ይህ በጣም ውድ ሀሳብ ነው... (በሳቅ)።
9035,1,Complaint,ይህ ዕድል በጣም አዲስ ነው፣ አልወድም።
9036,4,Refusal,እነሱ እረፍት አይፈልግም።
9037,2,Phatic,ሰላም ወንድሜ፣ ምን ሰራሽ ከ ትምህርት ቤት?
9038,3,Promise,አለቆች ከዚህ በፊት ትመጣለች ብሎ ቃል ገብቷል።
9039,7,Suggestion,አለቃዬ ንግግር ቢያደርግ ይሻላል።
9040,3,Promise,ቃል እገባለሁ ስልጠና እንደሚሆን።
9041,7,Suggestion,ልጄ መንገድ ቢጠቀም ይሻላል።
9042,8,Warning,ተጠንቀቅ! እርዳታ ንጹህ ነው።
9043,4,Refusal,እህቴ ደብዳቤ አይፈልግም።
9044,3,Promise,እህቴ በሰዓት ትመጣለች ብሎ ቃል ገብቷል።
9045,2,Phatic,ጤናማ ቀን ይሁንልሽ ከ መቀሌ።
9046,7,Suggestion,ምናልባት ህንፃ ማድረግ ይሻላል።
9047,8,Warning,ተጠንቀቅ! ዜና አደገኛ ነው።
9048,7,Suggestion,አንተ ሙያ ቢጠቀም ይሻላል።
9049,5,Request,እህቴ ፕሮጀክት ማግኘት ይችላል?
9050,2,Phatic,ምን ዜና አለ ከ መንደር ባለቤቴ?
9051,8,Warning,ይህ ያሳዝናል ነው፣ ተጠንቀቅ።
9052,8,Warning,ተጠንቀቅ! ደስታ ዘገይተኛ ነው።
9053,8,Warning,ሁሉም ወረቀት አትንካ።
9054,7,Suggestion,ምናልባት አደገኛ ጨዋታ መግዛት?
9055,4,Refusal,ይህን ሆቴል ማድረግ አልችልም።
9056,2,Phatic,ቤተሰብህ ደህና ናቸው ዳኛው?
9057,7,Suggestion,እንግዶች ፈቃድ ቢጠቀም ይሻላል።
9058,6,Sarcasm/Irony,እንዴት ያለ ሽልማት ነው! (በቀልድ)።
9059,4,Refusal,እኔ ችግር አልቀበልም።
9060,1,Complaint,አዛውንቶች ከ ዕድል ጋር ችግር አለው።
9061,4,Refusal,አስተማሪው ችግር አይፈልግም።
9062,2,Phatic,በደህና ሂጂ ባለሙያው።
9063,0,Assertion,በጊዜው ሹፌሩ አዲስ አበባ ነበር።
9064,0,Assertion,በወር ተማሪው መንደር ነበር።
9065,1,Complaint,እህቶች ከ መንገድ ጋር ችግር አለው።
9066,4,Refusal,ወጣቶች እርዳታ አይፈልግም።
9067,7,Suggestion,ምናልባት አሮጌ ንግግር መግዛት?
9068,7,Suggestion,ምናልባት ውሃ ማድረግ ይሻላል።
9069,7,Suggestion,አንቺ ጉዞ ቢጠቀም ይሻላል።
9070,5,Request,እናቶች ድርጊት ማግኘት ይችላል?
9071,6,Sarcasm/Irony,ተማሪው ሁልጊዜ ይረዳል... (በቀልድ)።
9072,8,Warning,ተጠንቀቅ! ዜና አስፈላጊ ነው።
9073,6,Sarcasm/Irony,አዎ፣ ጊዜ በጣም አስፈላጊ ነው ለሁሉም... (በተቃራኒ)።
9074,4,Refusal,ብዙ ሰዎች ምክር አይፈልግም።
9075,7,Suggestion,እኔ አገልግሎት እንድታደርግ እመክራለሁ።
9076,6,Sarcasm/Irony,እርግጥ ነው፣ ዕረፍት በጣም ርካሽ ነው... (በአስቂኝ)።
9077,2,Phatic,እንደገና እንገናኝ አንቺ።
9078,6,Sarcasm/Irony,እርግጥ፣ ባለሙያው በጣም ታማኝ ነው... (በአስቂኝ)።
9079,5,Request,ወንዶች ዕድል ማግኘት ይችላል?
9080,8,Warning,ነጋዴዎች ውሳኔ አትንካ።
9081,8,Warning,ጓደኞች ዜና አትንካ።
9082,0,Assertion,ወንዶች አለች ብዙ ጊዜ።
9083,5,Request,አስተማሪው ፊልም ማግኘት ይችላል?
9084,3,Promise,ጓደኞች በወር ትመጣለች ብሎ ቃል ገብቷል።
9085,6,Sarcasm/Irony,አስተማሪው ሁልጊዜ ትክክለኛ ውሳኔ ያደርጋል... (በቀልድ)።
9086,0,Assertion,በጊዜው መምህራን ትምህርት ቤት ነበር።
9087,3,Promise,በቅርቡ ብዙ ሰዎች ምግብ ያመጣል።
9088,3,Promise,በወር እኔ ደስታ ታመጣለች።
9089,4,Refusal,ማንም ውሳኔ አይፈልግም።
9090,5,Request,ባለሙያው ውሃ ማግኘት ይችላል?
9091,6,Sarcasm/Irony,እንዴት ያለ ፍጹም ድርጊት ነው! (በሳቅ)።
9092,3,Promise,ትናንት ሰራተኞች ህንፃ ያመጣል።
9093,8,Warning,ይህ ገንዘብ አደገኛ ነው።
9094,2,Phatic,እንኳን ደህና መጣህ በቀን።
9095,0,Assertion,እድል በጣም ደስ የሚል ነው።
9096,7,Suggestion,ጓደኞች ዕረፍት ቢጠቀም ይሻላል።
9097,0,Assertion,ፖሊሱ ክፍያ ትልቅ አለች።
9098,4,Refusal,መምህራን ዕድል አይፈልግም።
9099,2,Phatic,ሰላም አስተማሪው፣ እንዴት ናችሁ?
9100,5,Request,ሰራተኛው መድሃኒት ማግኘት ይችላል?
9101,3,Promise,በሳምንት እኛ ውሳኔ ታመጣለች።
9102,5,Request,ነጋዴዎች መኪና ማግኘት ይችላል?
9103,7,Suggestion,ምናልባት ንጹህ ፈቃድ መግዛት?
9104,6,Sarcasm/Irony,ቤት በጣም ውድ ነው፣ ግን ዋጋው አለው... (በቀልድ)።
9105,0,Assertion,አስተናጋጁ መድሃኒት አላት።
9106,2,Phatic,እንኳን ለበዓሉ አደረሰ ዳኛው።
9107,5,Request,ከፈቀድሽ ቅጣት ውሰድ።
9108,1,Complaint,እኔ ስለ ጉዞ ቅሬታ አለው።
9109,7,Suggestion,እንግዶች ሀሳብ ቢያደርግ ይሻላል።
9110,4,Refusal,ይህን ገንዘብ ማድረግ አልችልም።
9111,1,Complaint,ማንም ደስታ ስለ መጥፎ መሆኑ ያማርራል።
9112,3,Promise,ወንድሞች ዛሬ ይመጣል ብሎ ቃል ገብቷል።
9113,4,Refusal,አንዳንድ ሰዎች ሙዚቃ አይፈልግም።
9114,3,Promise,በእርግጥ ጤና አደርጋለሁ።
9115,7,Suggestion,እህቶች ውሳኔ ቢጠቀም ይሻላል።
9116,4,Refusal,እናንተ መጽሐፍ አይፈልግም።
9117,1,Complaint,ለምን ችግር እንዲህ ያሳዝናል ነው?
9118,2,Phatic,እንኳን ለበዓሉ አደረሰ እኔ።
9119,3,Promise,አንድ ሰው አሁን ትመጣለች ብሎ ቃል ገብቷል።
9120,3,Promise,ማንም በሰዓት ይመጣል ብሎ ቃል ገብቷል።
9121,1,Complaint,አዛውንቶች ስለ እቅድ ቅሬታ አለው።
9122,0,Assertion,እንግዶች በማታ አዲስ አበባ ይገኛል።
9123,4,Refusal,ሐኪሙ ቅጣት አይፈልግም።
9124,3,Promise,ይህን መጽሐፍ እጠብቃለሁ።
9125,7,Suggestion,አስተማሪው መድሃኒት ቢጠቀም ይሻላል።
9126,1,Complaint,ማንም ከ ኮምፒውተር ጋር ችግር አለው።
9127,2,Phatic,እንኳን ደህና መጣህ በሰዓት።
9128,1,Complaint,ከዚህ በኋላ ጎረቤቴ ፈቃድ አላገኘም።
9129,1,Complaint,ሁልጊዜ እድል ይጎድላል።
9130,7,Suggestion,ሰራተኞች ወረቀት ቢያደርግ ይሻላል።
9131,1,Complaint,ልጆች ስልክ ስለ ጥሩ መሆኑ ያማርራል።
9132,5,Request,እርዳኝ ቅጣት ለማግኘት።
9133,4,Refusal,ይቅርታ፣ አገልግሎት አልሰጥም።
9134,4,Refusal,እኔ ንግግር አልቀበልም።
9135,5,Request,እባክሽ ትምህርት ስጠኝ።
9136,6,Sarcasm/Irony,አዎ፣ ባለቤቴ በጣም ብልህ ነው... (በተቃራኒ)።
9137,0,Assertion,እኔ ደብዳቤ እንደሚያስፈልግ አውቃለሁ።
9138,1,Complaint,መምህራን ስለ ሀሳብ ቅሬታ አለው።
9139,3,Promise,በቅርቡ አስተማሪው ገንዘብ ታመጣለች።
9140,6,Sarcasm/Irony,አለቆች ሁልጊዜ ትክክል ነው... (በሳቅ)።
9141,8,Warning,ተጠንቀቅ! ውሳኔ ትልቅ ነው።
9142,4,Refusal,እናንተ ጉብኝት አይፈልግም።
9143,2,Phatic,እግዚአብሔር ከአንቺ ጋር ይሁን በቅርቡ።
9144,5,Request,ጓደኛዬ መኪና ማግኘት ይችላል?
9145,4,Refusal,ጓደኞች ምክር አይፈልግም።
9146,7,Suggestion,እንዴት ቢሆን ችግር ብናደርግ?
9147,1,Complaint,ለምን ቤት እንዲህ ቀላል ነው?
9148,8,Warning,ተጠንቀቅ! ሰላም አሮጌ ነው።
9149,1,Complaint,አዛውንቱ ከ ወረቀት ጋር ችግር አለው።
9150,4,Refusal,ወዳጄ ጤና አይፈልግም።
9151,7,Suggestion,እኔ ገንዘብ እንድታደርግ እመክራለሁ።
9152,4,Refusal,እሱ ፕሮጀክት አይፈልግም።
9153,7,Suggestion,ምናልባት አስፈላጊ ሰላም መግዛት?
9154,8,Warning,ተጠንቀቅ፣ እናቶች ይመጣል።
9155,6,Sarcasm/Irony,ሙዚቃ በጣም ውድ ነው፣ ግን ዋጋው አለው... (በቀልድ)።
9156,2,Phatic,እግዚአብሔር ይባርክሽ ተማሪው።
9157,4,Refusal,ጓደኛዬ ጊዜ አይፈልግም።
9158,7,Suggestion,ምናልባት ደብዳቤ ማድረግ ይሻላል።
9159,8,Warning,ተጠንቀቅ! መድሃኒት አስደሳች ነው።
9160,2,Phatic,እንኳን ደህና መጣህ እኔ።
9161,5,Request,አባቴ መፍትሄ ማግኘት ይችላል?
9162,5,Request,ወጣቱ ዕረፍት ማግኘት ይችላል?
9163,4,Refusal,ዳኛው ምክር አይፈልግም።
9164,6,Sarcasm/Irony,አዎ፣ ቅጣት በጣም ጥሩ ጥራት አለው... (በአስቂኝ)።
9165,6,Sarcasm/Irony,እንዴት ያለ ፍጹም ሀሳብ ነው! (በሳቅ)።
9166,1,Complaint,እሷ ከ ስብሰባ ጋር ችግር አለው።
9167,8,Warning,ተጠንቀቅ! መኪና አስፈላጊ ነው።
9168,1,Complaint,ልጆች ስለ ድልድይ ቅሬታ አለው።
9169,0,Assertion,ዛሬ ሐኪሞች ቤተ ክርስቲያን ነበር።
9170,8,Warning,አትርሳ ስራ።
9171,1,Complaint,ለምን ጊዜ እንዲህ ያሳዝናል ነው?
9172,6,Sarcasm/Irony,ደብዳቤ በጣም ውድ ነው፣ ግን ዋጋው አለው... (በቀልድ)።
9173,8,Warning,ሹፌሩ ጉብኝት አትንካ።
9174,6,Sarcasm/Irony,አዎ ተማሪዎች በጣም ፈጣን ነው... (በቀልድ)።
9175,8,Warning,ባንክ አትግባ፣ አደገኛ ነው።
9176,1,Complaint,ሹፌሩ ሽልማት ስለ ውድ መሆኑ ያማርራል።
9177,2,Phatic,ሰላም እናቴ፣ ምን ሰራሽ ከ አዋሳ?
9178,4,Refusal,ዳኛው መኪና አይፈልግም።
9179,8,Warning,ተጠንቀቅ! ዜና መጥፎ ነው።
9180,6,Sarcasm/Irony,እርግጥ ነው፣ ውሳኔ በጣም ርካሽ ነው... (በአስቂኝ)።
9181,2,Phatic,ሰላምታዬን ለቤተሰብህ አቀርባለሁ አለቃዬ።
9182,5,Request,ልጆች ደስታ ማግኘት ይችላል?
9183,2,Phatic,እንዴት ነው ጤንነትሽ ሴቶች?
9184,8,Warning,ይህ ፕሮጀክት አደገኛ ነው።
9185,6,Sarcasm/Irony,በጣም ርካሽ ነው፣ ምንም አደጋ የለም... (በሳቅ)።
9186,0,Assertion,አንዳንድ ሰዎች በማለዳ ባንክ ይገኛል።
9187,6,Sarcasm/Irony,እርግጥ ነው፣ ንግግር በጣም ዘገይተኛ ነው... (በቀልድ)።
9188,0,Assertion,ወንድሜ ስራ አለው።
9189,2,Phatic,እግዚአብሔር ከአንተ ጋር ይሁን መምህራን።
9190,8,Warning,ጎረቤቴ ዕረፍት አትንካ።
9191,0,Assertion,ንግግር ያሳዝናል ነው።
9192,8,Warning,ተጠንቀቅ! መፍትሄ አስደሳች ነው።
9193,4,Refusal,ስራ አልፈልግም፣ አመሰግናለሁ።
9194,4,Refusal,አይ፣ ድል አልችልም።
9195,2,Phatic,እንኳን ደህና መጣሽ በወር።
9196,3,Promise,በማለዳ አስተናጋጁ ደስታ ታመጣለች።
9197,3,Promise,ሹፌሩ ዛሬ ይመጣል ብሎ ቃል ገብቷል።
9198,4,Refusal,ወጣቱ ድል አይፈልግም።
9199,4,Refusal,ወንድሜ ሰላም አይፈልግም።
9200,0,Assertion,ብዙ ሰዎች ዛሬ መቀሌ ይገኛል።
9201,5,Request,እባክሽ ድልድይ ስጠኝ።
9202,8,Warning,አትርሳ ስልጠና።
9203,0,Assertion,ገበሬዎች ኮምፒውተር አላት።
9204,4,Refusal,ይህን ሀሳብ ማድረግ አልችልም።
9205,5,Request,ወንድሜ ስልጠና ማግኘት ይችላል?
9206,5,Request,ታካሚዎች ወረቀት ማግኘት ይችላል?
9207,3,Promise,ሐኪሙ በቅርቡ ይመጣል ብሎ ቃል ገብቷል።
9208,7,Suggestion,አንተ ትምህርት ቢጠቀም ይሻላል።
9209,1,Complaint,ለምን እኛ ምግብ አልሰጠኝም?
9210,4,Refusal,ወንዶች እቅድ አይፈልግም።
9211,5,Request,አንድ ሰው ገንዘብ ማግኘት ይችላል?
9212,2,Phatic,ጤናማ ቀን ይሁንልሽ በቀን።
9213,7,Suggestion,ሐኪሙ ኮንትራት ቢጠቀም ይሻላል።
9214,1,Complaint,በቅርቡ ማንም ድርጊት አላገኘም።
9215,4,Refusal,አለቆች ንግግር አይፈልግም።
9216,6,Sarcasm/Irony,እርግጥ ነው፣ እረፍት በጣም ደህንነቱ የተጠበቀ ነው... (በቀልድ)።
9217,5,Request,እሱ ደስታ ማግኘት ይችላል?
9218,8,Warning,አለቆች ድል አትንካ።
9219,6,Sarcasm/Irony,አዎ፣ ባህር ዳር በጣም ደህንነቱ የተጠበቀ ነው... (በተቃራኒ)።
9220,3,Promise,እነሱ በሳምንት ትመጣለች ብሎ ቃል ገብቷል።
9221,2,Phatic,በሰላም ኑሪ ተማሪው።
9222,2,Phatic,ሰላም እንግዶች፣ እንዴት ነው ሁኔታው ነገ?
9223,3,Promise,ነገ አንድ ሰው ገንዘብ ታመጣለች።
9224,1,Complaint,በሰዓት ጎረቤቴ መጽሔት አላገኘም።
9225,3,Promise,ጎረቤቴ በማታ ይመጣል ብሎ ቃል ገብቷል።
9226,1,Complaint,ማንም ከ ወረቀት ጋር ችግር አለው።
9227,1,Complaint,አንተ ስለ ጉብኝት ቅሬታ አለው።
9228,4,Refusal,አለቃዬ ስብሰባ አይፈልግም።
9229,0,Assertion,እውነቱን ለመናገር ውሳኔ ትንሽ ነው።
9230,5,Request,እባክዎ እረፍት ይላኩልኝ።
9231,5,Request,ነጋዴዎች ፊልም ማግኘት ይችላል?
9232,8,Warning,ተጠንቀቅ! ኮንትራት አሮጌ ነው።
9233,1,Complaint,ለምን እርዳታ እንዲህ ደህንነቱ የተጠበቀ ነው?
9234,4,Refusal,ልጄ ዕድል አይፈልግም።
9235,7,Suggestion,እናቴ ሙያ ቢጠቀም ይሻላል።
9236,0,Assertion,ሰራተኛው ዜና ውድ ይታያል።
9237,3,Promise,በቅርቡ ተማሪዎች ክፍያ ያመጣል።
9238,5,Request,ጎረቤቴ ሀሳብ ማግኘት ይችላል?
9239,4,Refusal,እንግዶች ምግብ አይፈልግም።
9240,3,Promise,እኔ ወረቀት እሰጥሻለሁ።
9241,4,Refusal,እናንተ እርዳታ አይፈልግም።
9242,4,Refusal,መምህራን መረጃ አይፈልግም።
9243,7,Suggestion,ምናልባት አደገኛ መጽሔት መግዛት?
9244,0,Assertion,ወንድሜ ፊልም ደህንነቱ የተጠበቀ አለች።
9245,6,Sarcasm/Irony,አዎ፣ ቁልፍ በጣም አስፈላጊ ነው ለሁሉም... (በተቃራኒ)።
9246,6,Sarcasm/Irony,አዎ፣ ይህ ሀሳብ በጣም ጠቃሚ ነው... (በሳቅ)።
9247,6,Sarcasm/Irony,ሁሉም ሰው ጉብኝት ይወዳል... (በአስቂኝ)።
9248,5,Request,እሷ ኮንትራት ማግኘት ይችላል?
9249,3,Promise,በማለዳ ነጋዴዎች ትምህርት ያመጣል።
9250,0,Assertion,ክፍያ በጣም ርካሽ ነው።
9251,7,Suggestion,ወጣቱ ኮንትራት ቢጠቀም ይሻላል።
9252,7,Suggestion,እንደእኔ አስተያየት ፕሮጀክት መቀየር ይሻላል።
9253,1,Complaint,ለምን መጽሐፍ እንዲህ ደህንነቱ የተጠበቀ ነው?
9254,6,Sarcasm/Irony,እንዴት ያለ ጥሩ እድል ነው! (በተቃራኒ)።
9255,0,Assertion,በሰዓት እንግዶች ባህር ዳር ነበር።
9256,3,Promise,ልጄ በሳምንት ይመጣል ብሎ ቃል ገብቷል።
9257,6,Sarcasm/Irony,አዎ እናንተ በጣም ፈጣን ነው... (በቀልድ)።
9258,6,Sarcasm/Irony,እርግጥ፣ ዳኛው በጣም ታማኝ ነው... (በአስቂኝ)።
9259,0,Assertion,ጎረቤቴ ይታወቃል ብዙ ጊዜ።
9260,7,Suggestion,ባለሙያው እድል ቢጠቀም ይሻላል።
9261,5,Request,እባክህ በፍጥነት ና።
9262,0,Assertion,አባቶች ቦታ ከባድ ይሻላል።
9263,0,Assertion,ይህ መጽሔት አዲስ መሆኑን እረጋገጣለሁ።
9264,2,Phatic,ምን አዲስ ነገር አለ ከ ትምህርት ቤት?
9265,6,Sarcasm/Irony,ማንም ሁልጊዜ በጊዜው ይመጣል... (በቀልድ)።
9266,1,Complaint,ነገ እህቶች ንግግር አላገኘም።
9267,5,Request,ከፈቀድክ መጽሐፍ ውሰድ።
9268,3,Promise,በቀን አንቺ ጨዋታ ታመጣለች።
9269,0,Assertion,እህቴ ንግግር አሮጌ ይታያል።
9270,8,Warning,እህቴ ንግግር አትንካ።
9271,6,Sarcasm/Irony,ልጄ ሁልጊዜ ትክክል ነው... (በሳቅ)።
9272,8,Warning,እሷ ክፍያ አትንካ።
9273,7,Suggestion,ደንበኞች ደብዳቤ ቢጠቀም ይሻላል።
9274,7,Suggestion,ምናልባት አሮጌ ክፍያ መግዛት?
9275,6,Sarcasm/Irony,በጣም አስፈላጊ ነው፣ ማንም አይቃወምም... (በቀልድ)።
9276,4,Refusal,አስተማሪው መፍትሄ አይፈልግም።
9277,3,Promise,ተማሪዎች በማለዳ ይመጣል ብሎ ቃል ገብቷል።
9278,6,Sarcasm/Irony,ወንድሞች ሁልጊዜ ትክክለኛ ውሳኔ ያደርጋል... (በቀልድ)።
9279,7,Suggestion,እንደእኔ አስተያየት መንገድ መቀየር ይሻላል።
9280,8,Warning,አንዳንድ ሰዎች ስራ አትንካ።
9281,2,Phatic,ጤናማ ቀን ይሁንልህ ጓደኛዬ።
9282,6,Sarcasm/Irony,አዎ፣ ቤት በጣም አስፈላጊ ነው ለሁሉም... (በተቃራኒ)።
9283,0,Assertion,እኔ ሽልማት እንደሚያስፈልግ አውቃለሁ።
9284,7,Suggestion,ምናልባት ጥሩ ጤና መግዛት?
9285,2,Phatic,እንዴት ነው ቀኑ ከ ትምህርት ቤት?
9286,1,Complaint,ሰራተኞች እቅድ ስለ አስደሳች መሆኑ ያማርራል።
9287,4,Refusal,ይህን ምግብ ቤት ማድረግ አልችልም።
9288,3,Promise,እኔ ፕሮጀክት አላረሳም።
9289,5,Request,ከፈቀድክ ትምህርት ውሰድ።
9290,4,Refusal,አይ፣ ሽልማት አልችልም።
9291,5,Request,ባለሙያው እቅድ ማግኘት ይችላል?
9292,1,Complaint,ልጆች ኮምፒውተር ስለ መጥፎ መሆኑ ያማርራል።
9293,5,Request,ከፈቀድክ ወረቀት ውሰድ።
9294,5,Request,እባክህ ችግር አስረዳኝ።
9295,0,Assertion,ታካሚዎች ዜና ደህንነቱ የተጠበቀ አለች።
9296,5,Request,ሁሉም ጤና ማግኘት ይችላል?
9297,4,Refusal,አስተናጋጁ ብር አይፈልግም።
9298,8,Warning,እኔ ስልጠና አትንካ።
9299,7,Suggestion,ምናልባት ርካሽ ወረቀት መግዛት?
9300,0,Assertion,ቤት ትልቅ ነው።
9301,2,Phatic,ቤተሰብህ ደህና ናቸው ወንድሞች?
9302,6,Sarcasm/Irony,አዎ፣ በሳምንት ሁሉም ዝግጁ ነው... (በተቃራኒ)።
9303,4,Refusal,እሷ ስልክ አይፈልግም።
9304,2,Phatic,እግዚአብሔር ይጠብቅሽ ከ ባንክ።
9305,0,Assertion,ይህ ንግግር አሮጌ መሆኑን እረጋገጣለሁ።
9306,6,Sarcasm/Irony,አዎ፣ ይህ መረጃ በጣም ጠቃሚ ነው... (በሳቅ)።
9307,5,Request,አዛውንቶች መድሃኒት ማግኘት ይችላል?
9308,0,Assertion,አስተማሪው በጊዜው መስሪያ ቤት ይገኛል።
9309,2,Phatic,ደህና ቀን ይሁንልሽ ከ መስሪያ ቤት።
9310,4,Refusal,ማንም መኪና አይፈልግም።
9311,3,Promise,በቅርቡ አባቶች መንገድ ያመጣል።
9312,6,Sarcasm/Irony,አዎ፣ ሀሳብ በጣም አስፈላጊ ነው ለሁሉም... (በተቃራኒ)።
9313,4,Refusal,ባለቤቴ ቦታ አይፈልግም።
9314,8,Warning,ተጠንቀቅ! ፊልም ከባድ ነው።
9315,3,Promise,ሐኪሞች በጊዜው ይመጣል ብሎ ቃል ገብቷል።
9316,5,Request,ከፈቀድክ እርዳታ ውሰድ።
9317,0,Assertion,በወር ወጣቶች ቤተ ክርስቲያን ነበር።
9318,4,Refusal,ይህን ደብዳቤ ማድረግ አልችልም።
9319,0,Assertion,መምህራን ይቻላል ብዙ ጊዜ።
9320,2,Phatic,እንዴት ነው ቀኑ ከ ቤተ ክርስቲያን?
9321,5,Request,አንቺ እቅድ ማግኘት ይችላል?
9322,7,Suggestion,እሷ ድርጊት ቢጠቀም ይሻላል።
9323,3,Promise,እኔ ሽልማት እሰጥሃለሁ።
9324,6,Sarcasm/Irony,እንዴት ርካሽ ነው! (በአስቂኝ መንገድ)።
9325,6,Sarcasm/Irony,በጣም አዲስ ነው፣ ማንም አይቃወምም... (በቀልድ)።
9326,2,Phatic,ሰላም ሰራተኛው፣ ምን አለ?
9327,3,Promise,እኔ ፈቃድ አላረሳም።
9328,5,Request,ብዙ ሰዎች መጽሔት ማግኘት ይችላል?
9329,5,Request,ከፈቀድሽ መድሃኒት ውሰድ።
9330,6,Sarcasm/Irony,እርግጥ፣ ወንዶች በጣም ታማኝ ነው... (በአስቂኝ)።
9331,2,Phatic,ደስ ብሎኛል ስላየሁህ አዛውንቱ።
9332,4,Refusal,ደንበኞች ድልድይ አይፈልግም።
9333,8,Warning,ተጠንቀቅ! ጉብኝት ከባድ ነው።
9334,4,Refusal,ሁሉም ደስታ አይፈልግም።
9335,1,Complaint,ለምን ብር እንዲህ አደገኛ ነው?
9336,3,Promise,በጊዜው እናቴ ጨዋታ ያመጣል።
9337,8,Warning,ተጠንቀቅ! ቁልፍ ፈጣን ነው።
9338,1,Complaint,ከዚህ በኋላ እሱ አገልግሎት አላገኘም።
9339,7,Suggestion,ምናልባት አስቸጋሪ ድል መግዛት?
9340,3,Promise,አሁን ሐኪሞች መድሃኒት ያመጣል።
9341,3,Promise,በማለዳ እኔ ኮምፒውተር ታመጣለች።
9342,7,Suggestion,ወንዶች ዕረፍት ቢያደርግ ይሻላል።
9343,5,Request,እባክዎ ሰላም ይላኩልኝ።
9344,1,Complaint,ለምን ገንዘብ እንዲህ ከባድ ነው?
9345,0,Assertion,ይህ ፊልም አዲስ መሆኑን እረጋገጣለሁ።
9346,5,Request,እነሱ ውሃ ማግኘት ይችላል?
9347,7,Suggestion,ሰራተኞች ፕሮጀክት ቢያደርግ ይሻላል።
9348,4,Refusal,ወጣቱ ዕድል አይፈልግም።
9349,5,Request,እሷ መንገድ ማግኘት ይችላል?
9350,2,Phatic,እንዴት አለፍክ ከ ከተማ እህቴ?
9351,7,Suggestion,መምህራን መፍትሄ ቢጠቀም ይሻላል።
9352,6,Sarcasm/Irony,እንዴት ገበሬዎች በጣም ፈጣን ነው! (በአስቂኝ)።
9353,3,Promise,አትጨነቅ፣ ጨዋታ እከፍላለሁ።
9354,1,Complaint,ወንድሞች ስለ ክፍያ ቅሬታ አለው።
9355,3,Promise,እኔ ቤት እሰጥሃለሁ።
9356,7,Suggestion,ብዙ ሰዎች መፍትሄ ቢጠቀም ይሻላል።
9357,7,Suggestion,አዛውንቱ ትምህርት ቢያደርግ ይሻላል።
9358,8,Warning,ተጠንቀቅ፣ አንድ ሰው ይመጣል።
9359,2,Phatic,እንኳን ለበዓል አደረሰህ በወር።
9360,5,Request,እሷ ህንፃ ማግኘት ይችላል?
9361,1,Complaint,እሱ ስለ ስብሰባ ቅሬታ አለው።
9362,2,Phatic,እንዴት አለፍሽ በማለዳ ነጋዴዎች?
9363,2,Phatic,እንዴት ነው ጤንነትሽ ገበሬዎች?
9364,4,Refusal,አይ፣ ትምህርት አልችልም።
9365,5,Request,ተማሪው አገልግሎት ማግኘት ይችላል?
9366,6,Sarcasm/Irony,እንዴት አስፈላጊ ነው! (በአስቂኝ መንገድ)።
9367,2,Phatic,ሰላም ታካሚዎች፣ ምን ሰራህ ከ ሆስፒታል?
9368,5,Request,አዛውንቱ ድል ማግኘት ይችላል?
9369,1,Complaint,ወንድሜ መድሃኒት ስለ ውድ መሆኑ ያማርራል።
9370,6,Sarcasm/Irony,እረፍት በጣም ውድ ነው፣ ግን ዋጋው አለው... (በቀልድ)።
9371,1,Complaint,እሷ ከ ደብዳቤ ጋር ችግር አለው።
9372,4,Refusal,እናቴ እርዳታ አይፈልግም።
9373,3,Promise,በሳምንት ወንዶች እርዳታ ያመጣል።
9374,4,Refusal,ሹፌሩ ችግር አይፈልግም።
9375,0,Assertion,ጊዜ ከባድ ነው።
9376,1,Complaint,ለምን እንግዶች ፈቃድ አልሰጠኝም?
9377,4,Refusal,እህቶች ምግብ አይፈልግም።
9378,8,Warning,ይህ ምክር አደገኛ ነው።
9379,6,Sarcasm/Irony,እንዴት ያለ አገልግሎት ነው! (በቀልድ)።
9380,1,Complaint,እነሱ ስለ መንገድ ቅሬታ አለው።
9381,0,Assertion,አለቆች ከዚህ በፊት ቤት ይገኛል።
9382,3,Promise,እነሱ በፍጥነት ትመጣለች ብሎ ቃል ገብቷል።
9383,4,Refusal,ዳኛው ዕድል አይፈልግም።
9384,5,Request,እባክዎ ውሃ ይላኩልኝ።
9385,6,Sarcasm/Irony,አዎ፣ ይህ ደብዳቤ በጣም ጠቃሚ ነው... (በሳቅ)።
9386,4,Refusal,አንድ ሰው ደስታ አይፈልግም።
9387,0,Assertion,እናቶች በማለዳ ቢሮ ይገኛል።
9388,7,Suggestion,ገበሬዎች ደስታ ቢያደርግ ይሻላል።
9389,8,Warning,ተጠንቀቅ! ጉዞ አስፈላጊ ነው።
9390,3,Promise,ወንድሞች በቅርቡ ይመጣል ብሎ ቃል ገብቷል።
9391,4,Refusal,ልጄ ዜና አይፈልግም።
9392,4,Refusal,ሐኪሞች ገንዘብ አይፈልግም።
9393,5,Request,ሰራተኛው ውሃ ማግኘት ይችላል?
9394,1,Complaint,ወዳጄ ከ ምክር ጋር ችግር አለው።
9395,6,Sarcasm/Irony,አዎ፣ ጤና በጣም አስፈላጊ ነው ለሁሉም... (በተቃራኒ)።
9396,5,Request,እርዳኝ መድሃኒት ለማግኘት።
9397,6,Sarcasm/Irony,እርግጥ፣ መቀሌ በጣም ቅርብ ነው... (በሳቅ)።
9398,1,Complaint,እኔ ከ ውሳኔ ጋር ችግር አለው።
9399,0,Assertion,እውነቱን ለመናገር እረፍት አሮጌ ነው።
9400,7,Suggestion,አዛውንቶች መኪና ቢያደርግ ይሻላል።
9401,3,Promise,አሁን አባቴ ጤና ያመጣል።
9402,0,Assertion,ደንበኞች ይታወቃል ብዙ ጊዜ።
9403,6,Sarcasm/Irony,እንዴት ያለ አስፈላጊ ሀሳብ ነው! (በሳቅ)።
9404,2,Phatic,መልካም ሳምንት ከ ባንክ አባቶች።
9405,4,Refusal,አስተማሪው ድልድይ አይፈልግም።
9406,6,Sarcasm/Irony,እንዴት ያለ ጥሩ ደስታ ነው! (በተቃራኒ)።
9407,3,Promise,ወንድሞች በማታ ይመጣል ብሎ ቃል ገብቷል።
9408,4,Refusal,ሰራተኞች ስልጠና አይፈልግም።
9409,7,Suggestion,ምናልባት ውድ ድርጊት መግዛት?
9410,6,Sarcasm/Irony,ክፍያ በጣም ውድ ነው፣ ግን ዋጋው አለው... (በቀልድ)።
9411,2,Phatic,ደህና ሁኚ ወዳጄ።
9412,1,Complaint,ለምን ክፍያ እንዲህ ዘገይተኛ ነው?
9413,3,Promise,መምህራን አሁን ይመጣል ብሎ ቃል ገብቷል።
9414,8,Warning,አትርሳ አገልግሎት።
9415,6,Sarcasm/Irony,እንዴት ጓደኞች በጣም ፈጣን ነው! (በአስቂኝ)።
9416,4,Refusal,ነጋዴዎች መጽሐፍ አይፈልግም።
9417,8,Warning,አትርሳ ምግብ ቤት።
9418,2,Phatic,እንኳን ደህና ኑር ከ ቤት።
9419,5,Request,ሹፌሩ ክፍያ ማግኘት ይችላል?
9420,3,Promise,ገበሬዎች በማለዳ ይመጣል ብሎ ቃል ገብቷል።
9421,7,Suggestion,ምናልባት ፈጣን ክፍያ መግዛት?
9422,2,Phatic,እንኳን ለበዓል አደረሰህ በጊዜው።
9423,7,Suggestion,አለቃዬ ቤት ቢጠቀም ይሻላል።
9424,4,Refusal,አዛውንቱ ሙዚቃ አይፈልግም።
9425,0,Assertion,ልጄ አስፈላጊ ነው ብዙ ጊዜ።
9426,8,Warning,ወንድሞች ሆቴል አትንካ።
9427,7,Suggestion,ምናልባት መጥፎ ድልድይ መግዛት?
9428,1,Complaint,ተማሪዎች ስለ ጨዋታ ቅሬታ አለው።
9429,6,Sarcasm/Irony,ባለቤቴ ሁልጊዜ ይረዳል... (በቀልድ)።
9430,3,Promise,ከዚህ በፊት አንቺ ድልድይ ታመጣለች።
9431,1,Complaint,ለምን አለቃዬ ሆቴል አልሰጠኝም?
9432,4,Refusal,እናቶች ጨዋታ አይፈልግም።
9433,4,Refusal,እኔ ጊዜ አልቀበልም።
9434,6,Sarcasm/Irony,ነጋዴዎች ሁልጊዜ ትክክለኛ ውሳኔ ያደርጋል... (በቀልድ)።
9435,8,Warning,ጓደኛዬ ሙዚቃ አትንካ።
9436,7,Suggestion,ወንድሞች ምግብ ቢያደርግ ይሻላል።
9437,6,Sarcasm/Irony,አዎ፣ ቤት በጣም ምቹ ነው... (በአስቂኝ)።
9438,1,Complaint,ሐኪሞች ከ ድል ጋር ችግር አለው።
9439,1,Complaint,ይህ መጽሔት በጣም አደገኛ ነው፣ አልወድም።
9440,8,Warning,ተጠንቀቅ! ስብሰባ አሮጌ ነው።
9441,6,Sarcasm/Irony,እንዴት እናቴ በጣም ፈጣን ነው! (በአስቂኝ)።
9442,8,Warning,አባቶች ምክር አትንካ።
9443,4,Refusal,ሰራተኞች እረፍት አይፈልግም።
9444,6,Sarcasm/Irony,እርግጥ፣ ከተማ በጣም ቅርብ ነው... (በሳቅ)።
9445,5,Request,ወጣቱ አገልግሎት ማግኘት ይችላል?
9446,5,Request,ሐኪሞች መንገድ ማግኘት ይችላል?
9447,2,Phatic,ጤናማ ቀን ይሁንልሽ እሱ።
9448,5,Request,ሰራተኞች ጉብኝት ማግኘት ይችላል?
9449,5,Request,ይህን ጉዞ ማየት እችላለሁ?
9450,2,Phatic,ደስ ብሎኛል ስለሰማሁሽ አባቶች።
9451,3,Promise,ፖሊሱ በቅርቡ ይመጣል ብሎ ቃል ገብቷል።
9452,8,Warning,እናቶች አገልግሎት አትንካ።
9453,0,Assertion,ሰራተኞች ይመስላል ብዙ ጊዜ።
9454,1,Complaint,ለምን ጉዞ እንዲህ ርካሽ ነው?
9455,6,Sarcasm/Irony,እንዴት ፈጣን ውሃ ነው! (በቀልድ)።
9456,7,Suggestion,ወጣቶች ስልክ ቢያደርግ ይሻላል።
9457,5,Request,እባክዎ ዕረፍት ያድርጉልኝ።
9458,2,Phatic,እንኳን ደህና መጣሽ ጓደኞች።
9459,1,Complaint,ገበሬዎች ሆቴል ስለ መጥፎ መሆኑ ያማርራል።
9460,5,Request,አስተማሪው ሙዚቃ ማግኘት ይችላል?
9461,2,Phatic,ሰላም ዳኛው፣ እንዴት ነህ?
9462,1,Complaint,ባለቤቴ ከ ደብዳቤ ጋር ችግር አለው።
9463,0,Assertion,ልጆች ጉብኝት አስፈላጊ ይመስላል።
9464,2,Phatic,ምን አዲስ ነገር አለ በጊዜው ፖሊሱ?
9465,2,Phatic,እንዴት አደሩ እናቶች?
9466,0,Assertion,ወዳጄ ሰላም አላት።
9467,6,Sarcasm/Irony,እናቶች በጣም ታማኝ ነው፣ አይዋሽም... (በተቃራኒ)።
9468,7,Suggestion,ታካሚዎች አገልግሎት ቢጠቀም ይሻላል።
9469,5,Request,ሐኪሙ ሙያ ማግኘት ይችላል?
9470,5,Request,እናንተ ሰላም ማግኘት ይችላል?
9471,7,Suggestion,እኔ መጽሐፍ ቢጠቀም ይሻላል።
9472,6,Sarcasm/Irony,እንዴት ያለ መጽሐፍ ነው! (በቀልድ)።
9473,5,Request,እባክዎ እርዳታ ያድርጉልኝ።
9474,4,Refusal,እናቴ አገልግሎት አይፈልግም።
9475,3,Promise,ከዚህ በፊት ጓደኞች ምግብ ቤት ያመጣል።
9476,1,Complaint,ጓደኛዬ ከ ሙያ ጋር ችግር አለው።
9477,8,Warning,ደንበኞች ዜና አትንካ።
9478,1,Complaint,ለምን ወጣቱ እቅድ አልሰጠኝም?
9479,2,Phatic,ጤናማ ቀን ይሁንልሽ በሰዓት።
9480,0,Assertion,በወር ሹፌሩ ቤተ ክርስቲያን ነበር።
9481,0,Assertion,ይህ ውሳኔ ደህንነቱ የተጠበቀ መሆኑን እረጋገጣለሁ።
9482,4,Refusal,አለቃዬ ኮንትራት አይፈልግም።
9483,3,Promise,ጓደኛዬ በፍጥነት ይመጣል ብሎ ቃል ገብቷል።
9484,2,Phatic,ጤናማ ሳምንት ይሁንልህ ባለቤቴ።
9485,5,Request,ባለሙያው ድልድይ ማግኘት ይችላል?
9486,7,Suggestion,ይህን ምግብ መሞከር ጥሩ ነው።
9487,7,Suggestion,ምናልባት ደህንነቱ የተጠበቀ ሆቴል መግዛት?
9488,0,Assertion,እውነቱን ለመናገር ኮምፒውተር ከባድ ነው።
9489,3,Promise,በማታ ወንዶች ኮንትራት ታመጣለች።
9490,6,Sarcasm/Irony,ሴቶች በጣም ብልህ ነው፣ አልሳሳም... (በአስቂኝ)።
9491,7,Suggestion,ባለሙያው ድል ቢያደርግ ይሻላል።
9492,4,Refusal,ሰራተኛው ንግግር አይፈልግም።
9493,5,Request,አንዳንድ ሰዎች ሀሳብ ማግኘት ይችላል?
9494,0,Assertion,እውነቱን ለመናገር እቅድ ቀላል ነው።
9495,4,Refusal,ልጄ ምክር አይፈልግም።
9496,4,Refusal,ዳኛው እቅድ አይፈልግም።
9497,0,Assertion,እኔ መጽሐፍ እንደሚያስፈልግ አውቃለሁ።
9498,8,Warning,ተጠንቀቅ! ስብሰባ አደገኛ ነው።
9499,2,Phatic,ሰላምታ ከ ቢሮ እህቴ።
9500,7,Suggestion,ይህን ደስታ መሞከር ጥሩ ነው።
9501,8,Warning,ወንዶች እድል አትንካ።
9502,4,Refusal,እናቴ ደብዳቤ አይፈልግም።
9503,0,Assertion,በሳምንት እህቴ ሬስቶራንት ነበር።
9504,0,Assertion,አንዳንድ ሰዎች ናቸው ብዙ ጊዜ።
9505,2,Phatic,በጣም ደስ ብሎኛል ዳኛው።
9506,2,Phatic,ሰላም እነሱ፣ ምን አለ ከ ቢሮ?
9507,6,Sarcasm/Irony,እኔ ሁልጊዜ ይረዳል... (በቀልድ)።
9508,2,Phatic,ጤናማ ቀን ይሁንልሽ ከ ቤተ ክርስቲያን።
9509,4,Refusal,እናቶች ኮምፒውተር አይፈልግም።
9510,3,Promise,እኔ ሙያ እሰጥሃለሁ።
9511,7,Suggestion,ምናልባት ጥሩ ዕድል መግዛት?
9512,3,Promise,በማለዳ አስተማሪው ትምህርት ያመጣል።
9513,1,Complaint,ለምን ዜና እንዲህ ደስ የሚል ነው?
9514,8,Warning,ተጠንቀቅ ነገ።
9515,0,Assertion,ዳኛው ትምህርት አላት።
9516,3,Promise,ሴቶች በማለዳ ይመጣል ብሎ ቃል ገብቷል።
9517,2,Phatic,እንዴት ነው ጤንነትሽ ዛሬ?
9518,7,Suggestion,እሱ ህንፃ ቢጠቀም ይሻላል።
9519,0,Assertion,ውሳኔ በጣም አዲስ ነው።
9520,2,Phatic,እንዴት አለፍክ ከ መንገድ አለቃዬ?
9521,7,Suggestion,አስተናጋጁ ኮምፒውተር ቢያደርግ ይሻላል።
9522,8,Warning,ወጣቶች መጽሔት አትንካ።
9523,1,Complaint,ስብሰባ አልሰራም፣ ችግር አለ።
9524,7,Suggestion,እናንተ መረጃ ቢያደርግ ይሻላል።
9525,4,Refusal,ይህን ድርጊት ማድረግ አልችልም።
9526,6,Sarcasm/Irony,አዎ አለቃዬ በጣም ፈጣን ነው... (በቀልድ)።
9527,7,Suggestion,ምናልባት አስደሳች ቅጣት መግዛት?
9528,3,Promise,ዛሬ እናንተ ቤት ያመጣል።
9529,3,Promise,ትናንት አዛውንቱ ጤና ታመጣለች።
9530,4,Refusal,ባለሙያው ጨዋታ አይፈልግም።
9531,1,Complaint,ነገ ሰራተኛው ቦታ አላገኘም።
9532,2,Phatic,ጤናማ ቀን ይሁንልህ አንዳንድ ሰዎች።
9533,1,Complaint,እህቴ ስለ ዜና ቅሬታ አለው።
9534,8,Warning,ተጠንቀቅ! መድሃኒት ትልቅ ነው።
9535,7,Suggestion,እንዴት ቢሆን ሆቴል ብናደርግ?
9536,3,Promise,በሰዓት እኛ ኮምፒውተር ታመጣለች።
9537,7,Suggestion,ምናልባት ጥሩ መጽሔት መግዛት?
9538,4,Refusal,ሴቶች እቅድ አይፈልግም።
9539,7,Suggestion,ምናልባት ትልቅ ብር መግዛት?
9540,8,Warning,ተጠንቀቅ! መጽሐፍ አዲስ ነው።
9541,0,Assertion,አባቶች ፊልም አደገኛ ነው።
9542,6,Sarcasm/Irony,እኛ ሁልጊዜ ይረዳል... (በቀልድ)።
9543,5,Request,ይህን ምግብ ማየት እችላለሁ?
9544,7,Suggestion,እኔ ድልድይ እንድታደርግ እመክራለሁ።
9545,7,Suggestion,ምናልባት ውድ ፈቃድ መግዛት?
9546,2,Phatic,ጤናማ ቀን ይሁንልህ በቀን።
9547,3,Promise,ይህን ህንፃ እጠብቃለሁ።
9548,4,Refusal,ሰራተኞች መፍትሄ አይፈልግም።
9549,3,Promise,እኛ በሰዓት ትመጣለች ብሎ ቃል ገብቷል።
9550,3,Promise,በሳምንት ሰራተኞች እረፍት ያመጣል።
9551,2,Phatic,እንኳን ለልደቱ አደረሰ ሐኪሙ።
9552,8,Warning,ወዳጄ ክፍያ አትንካ።
9553,6,Sarcasm/Irony,አዎ፣ ፓርክ በጣም ምቹ ነው... (በአስቂኝ)።
9554,7,Suggestion,ምናልባት ቀላል ድርጊት መግዛት?
9555,8,Warning,ተጠንቀቅ! ውሳኔ ርካሽ ነው።
9556,2,Phatic,መልካም ጉዞ እህቶች።
9557,7,Suggestion,እኔ ጤና እንድታደርግ እመክራለሁ።
9558,7,Suggestion,ምናልባት ንጹህ ህንፃ መግዛት?
9559,2,Phatic,መልካም ጊዜ ይሁንልህ ደንበኞች።
9560,3,Promise,በእርግጥ ሙያ አደርጋለሁ።
9561,2,Phatic,እንደገና እንገናኝ አንዳንድ ሰዎች።
9562,1,Complaint,ለምን ስብሰባ እንዲህ አስፈላጊ ነው?
9563,5,Request,አንድ ሰው መንገድ ማግኘት ይችላል?
9564,3,Promise,በማታ አንዳንድ ሰዎች እረፍት ታመጣለች።
9565,0,Assertion,እውነቱን ለመናገር መኪና ንጹህ ነው።
9566,6,Sarcasm/Irony,እንዴት ያለ መጽሔት ነው! (በቀልድ)።
9567,3,Promise,በጊዜው አንቺ ዜና ያመጣል።
9568,3,Promise,እኔ ሙዚቃ እሰጥሃለሁ።
9569,7,Suggestion,ምናልባት አዲስ ዜና መግዛት?
9570,4,Refusal,ሐኪሙ ውሳኔ አይፈልግም።
9571,8,Warning,እህቶች ጤና አትንካ።
9572,7,Suggestion,ምናልባት ትልቅ ስልክ መግዛት?
9573,4,Refusal,ሐኪሙ ቤት አይፈልግም።
9574,7,Suggestion,ምናልባት ውድ ስራ መግዛት?
9575,5,Request,ሁሉም መጽሔት ማግኘት ይችላል?
9576,2,Phatic,እግዚአብሔር ይባርክሽ ፖሊሱ።
9577,6,Sarcasm/Irony,እርግጥ ነው፣ በቀን ሁሉም ደስተኛ ነው... (በአስቂኝ)።
9578,7,Suggestion,ምናልባት ትልቅ ጉብኝት መግዛት?
9579,7,Suggestion,እኔ ክፍያ እንድታደርግ እመክራለሁ።
9580,1,Complaint,ይህ ፕሮጀክት በጣም ፈጣን ነው፣ አልወድም።
9581,8,Warning,አደጋ አለ! ድርጊት ተጠንቀቅ።
9582,3,Promise,ትናንት እህቴ ምግብ ቤት ታመጣለች።
9583,4,Refusal,አዛውንቱ ቤት አይፈልግም።
9584,7,Suggestion,እንዴት ቢሆን ደብዳቤ ብናደርግ?
9585,2,Phatic,እንኳን ደህና መጣህ ወንድሜ።
9586,2,Phatic,እንኳን ደህና መጣህ ሰራተኛው።
9587,6,Sarcasm/Irony,እንዴት ያለ ጥሩ ምግብ ነው! (በተቃራኒ)።
9588,2,Phatic,በሰላም እንገናኝ በሰዓት።
9589,8,Warning,ሰራተኛው ክፍያ አትንካ።
9590,8,Warning,ተጠንቀቅ! ሙያ አስፈላጊ ነው።
9591,2,Phatic,ደህና እንደምታድር ተስፋ አደርጋለሁ ታካሚዎች።
9592,3,Promise,ልጆች በቀን ትመጣለች ብሎ ቃል ገብቷል።
9593,3,Promise,በሰዓት ማንም ድርጊት ያመጣል።
9594,0,Assertion,በወር ዳኛው ፓርክ ነበር።
9595,3,Promise,ትናንት ተማሪዎች ሽልማት ያመጣል።
9596,7,Suggestion,ምናልባት አሮጌ መጽሐፍ መግዛት?
9597,5,Request,ከፈቀድሽ ክፍያ ውሰድ።
9598,6,Sarcasm/Irony,ማንም ሁልጊዜ ትክክል ነው... (በሳቅ)።
9599,6,Sarcasm/Irony,እርግጥ ነው፣ በሰዓት ሁሉም ደስተኛ ነው... (በአስቂኝ)።
9600,4,Refusal,ባለሙያው ክፍያ አይፈልግም።
9601,7,Suggestion,ምናልባት አዲስ ሙዚቃ መግዛት?
9602,8,Warning,ዳኛው ሰላም አትንካ።
9603,1,Complaint,ለምን አስተናጋጁ ጨዋታ አልሰጠኝም?
9604,7,Suggestion,ሰራተኞች ህንፃ ቢያደርግ ይሻላል።
9605,2,Phatic,ደህና እንደምትሆኚ ትናንት ተስፋ አደርጋለሁ።
9606,5,Request,ከፈቀድሽ ውሃ ውሰድ።
9607,7,Suggestion,ወንድሞች አገልግሎት ቢያደርግ ይሻላል።
9608,7,Suggestion,ይህን ችግር መሞከር ጥሩ ነው።
9609,3,Promise,በእርግጥ ስልጠና አደርጋለሁ።
9610,5,Request,ይህን አገልግሎት ማየት እችላለሁ?
9611,2,Phatic,መልካም ጊዜ ከ ቤት ወጣቶች።
9612,5,Request,አለቆች ክፍያ ማግኘት ይችላል?
9613,2,Phatic,እግዚአብሔር ከጎንህ ይሁን እሷ።
9614,4,Refusal,ሹፌሩ መፍትሄ አይፈልግም።
9615,5,Request,ሰራተኞች እረፍት ማግኘት ይችላል?
9616,5,Request,ተማሪው ቤት ማግኘት ይችላል?
9617,4,Refusal,እነሱ ኮምፒውተር አይፈልግም።
9618,7,Suggestion,ልጄ ስልክ ቢያደርግ ይሻላል።
9619,2,Phatic,ደህና እንደምትሆኚ ተስፋ አደርጋለሁ አንድ ሰው።
9620,0,Assertion,ብዙ ሰዎች አሁን ቢሮ ይገኛል።
9621,1,Complaint,ለምን ባለሙያው ደብዳቤ አልሰጠኝም?
9622,5,Request,እኛ ሙዚቃ ማግኘት ይችላል?
9623,5,Request,ወጣቱ መንገድ ማግኘት ይችላል?
9624,6,Sarcasm/Irony,አዎ፣ ህንፃ በጣም ጥሩ ጥራት አለው... (በአስቂኝ)።
9625,5,Request,ይህን ወረቀት ማየት እችላለሁ?
9626,4,Refusal,እናቴ ጉብኝት አይፈልግም።
9627,5,Request,ማንም ቁልፍ ማግኘት ይችላል?
9628,4,Refusal,አባቶች ውሃ አይፈልግም።
9629,0,Assertion,ይህ ዜና አዲስ መሆኑን እረጋገጣለሁ።
9630,0,Assertion,ይህ ደብዳቤ ትንሽ መሆኑን እረጋገጣለሁ።
9631,4,Refusal,ይቅርታ፣ ዕድል አልሰጥም።
9632,2,Phatic,እንዴት አለፍሽ ከ መቀሌ ሰራተኞች?
9633,1,Complaint,ይህ ስልክ በጣም ደስ የሚል ነው፣ አልወድም።
9634,8,Warning,ወንድሞች ጉዞ አትንካ።
9635,0,Assertion,ወንዶች ፊልም ንጹህ ናቸው።
9636,5,Request,እባክዎ ሽልማት ይላኩልኝ።
9637,2,Phatic,እንኳን ደህና መጣሽ በሳምንት።
9638,4,Refusal,አባቴ ወረቀት አይፈልግም።
9639,2,Phatic,እግዚአብሔር ከአንተ ጋር ይሁን ሰራተኛው።
9640,2,Phatic,ሰላምታዬን አቀርባለሁ ከ ትምህርት ቤት።
9641,7,Suggestion,እንደእኔ አስተያየት ድርጊት መቀየር ይሻላል።
9642,5,Request,ሰራተኞች ጤና ማግኘት ይችላል?
9643,2,Phatic,እግዚአብሔር ከአንተ ጋር ይሁን እኔ።
9644,3,Promise,ትናንት ሰራተኛው ጉዞ ታመጣለች።
9645,2,Phatic,መልካም አሁን ታካሚዎች።
9646,1,Complaint,ወዳጄ ስለ ዜና ቅሬታ አለው።
9647,5,Request,ወጣቱ እርዳታ ማግኘት ይችላል?
9648,8,Warning,ታካሚዎች ሙያ አትንካ።
9649,2,Phatic,እንኳን ደህና ኑሪ አንተ።
9650,2,Phatic,ደህና ቀን ይሁንልሽ አዛውንቱ።
9651,6,Sarcasm/Irony,በጣም አሮጌ ነው፣ ማንም አይቃወምም... (በቀልድ)።
9652,4,Refusal,ሐኪሞች ጉብኝት አይፈልግም።
9653,1,Complaint,ሐኪሞች ብር ስለ ርካሽ መሆኑ ያማርራል።
9654,0,Assertion,መንገድ አስቸጋሪ ነው።
9655,0,Assertion,ፕሮጀክት በጣም ደስ የሚል ነው።
9656,3,Promise,ከዚህ በፊት ዳኛው መንገድ ያመጣል።
9657,4,Refusal,እኔ መድሃኒት አልቀበልም።
9658,0,Assertion,ጓደኞች በወር ሬስቶራንት ይገኛል።
9659,8,Warning,ተጠንቀቅ! ምክር አስፈላጊ ነው።
9660,2,Phatic,ደህና እንደምትሆን በማለዳ ተስፋ አደርጋለሁ።
9661,4,Refusal,እነሱ ቦታ አይፈልግም።
9662,1,Complaint,ተማሪዎች ሽልማት ስለ ትልቅ መሆኑ ያማርራል።
9663,3,Promise,በሰዓት እሱ ሰላም ታመጣለች።
9664,0,Assertion,እውነቱን ለመናገር ደስታ አስፈላጊ ነው።
9665,8,Warning,አባቴ መኪና አትንካ።
9666,0,Assertion,እረፍት ንጹህ ነው።
9667,1,Complaint,ሰራተኞች ትምህርት ስለ ደህንነቱ የተጠበቀ መሆኑ ያማርራል።
9668,2,Phatic,መልካም ምሽት በጊዜው አባቶች።
9669,8,Warning,አስተናጋጁ ዕረፍት አትንካ።
9670,6,Sarcasm/Irony,እንዴት ደስ የሚል ሁኔታ ነው! (በቀልድ)።
9671,6,Sarcasm/Irony,እርግጥ፣ እናቴ በጣም ታማኝ ነው... (በአስቂኝ)።
9672,2,Phatic,ሰላም ታካሚዎች፣ ምን ሰራሽ ከ ትምህርት ቤት?
9673,2,Phatic,እንኳን ደህና መጣሽ ተማሪዎች።
9674,5,Request,ተማሪዎች ሀሳብ ማግኘት ይችላል?
9675,2,Phatic,ሰላም አዛውንቶች፣ እንዴት ናችሁ?
9676,3,Promise,ልጆች ከዚህ በኋላ ትመጣለች ብሎ ቃል ገብቷል።
9677,3,Promise,ከዚህ በፊት ደንበኞች ቤት ያመጣል።
9678,5,Request,ወንዶች እርዳታ ማግኘት ይችላል?
9679,0,Assertion,ገንዘብ በጣም ያሳዝናል ነው።
9680,4,Refusal,እህቶች እርዳታ አይፈልግም።
9681,7,Suggestion,አለቃዬ ሰላም ቢጠቀም ይሻላል።
9682,7,Suggestion,ተማሪው መረጃ ቢጠቀም ይሻላል።
9683,5,Request,እርዳኝ ፈቃድ ለማግኘት።
9684,6,Sarcasm/Irony,እንግዶች ሁልጊዜ ትክክለኛ ውሳኔ ያደርጋል... (በቀልድ)።
9685,4,Refusal,ይቅርታ፣ መጽሐፍ አልሰጥም።
9686,4,Refusal,ወንድሞች ቦታ አይፈልግም።
9687,1,Complaint,ለምን ነጋዴዎች አገልግሎት አልሰጠኝም?
9688,3,Promise,ባለሙያው ከዚህ በፊት ይመጣል ብሎ ቃል ገብቷል።
9689,6,Sarcasm/Irony,ሁሉም ሰው ብር ይወዳል... (በአስቂኝ)።
9690,6,Sarcasm/Irony,ተማሪው ሁልጊዜ ትክክለኛ ውሳኔ ያደርጋል... (በቀልድ)።
9691,7,Suggestion,ምናልባት እረፍት ማድረግ ይሻላል።
9692,6,Sarcasm/Irony,እርግጥ ነው፣ በሳምንት ሁሉም ይሳካል... (በተቃራኒ)።
9693,4,Refusal,አለቆች ጊዜ አይፈልግም።
9694,6,Sarcasm/Irony,እንዴት ያለ ፍጹም ስልጠና ነው! (በሳቅ)።
9695,0,Assertion,ወዳጄ ፊልም ደህንነቱ የተጠበቀ አሉ።
9696,1,Complaint,አሁን እኛ ቤት አላገኘም።
9697,4,Refusal,እሷ ፈቃድ አይፈልግም።
9698,8,Warning,ተጠንቀቅ! ቦታ ደህንነቱ የተጠበቀ ነው።
9699,7,Suggestion,እንደእኔ አስተያየት ኮንትራት መቀየር ይሻላል።
9700,8,Warning,አንተ ስልክ አትንካ።
9701,5,Request,ጓደኛዬ ጨዋታ ማግኘት ይችላል?
9702,0,Assertion,ተማሪው አሉ ብዙ ጊዜ።
9703,8,Warning,ይህ ጨዋታ አደገኛ ነው።
9704,4,Refusal,መምህራን ሀሳብ አይፈልግም።
9705,5,Request,ከፈቀድሽ ጨዋታ ውሰድ።
9706,4,Refusal,እናቴ ጊዜ አይፈልግም።
9707,2,Phatic,እንኳን ለበዓል አደረሰሽ እናንተ።
9708,5,Request,አዛውንቶች ደብዳቤ ማግኘት ይችላል?
9709,6,Sarcasm/Irony,እንዴት አዲስ ሁኔታ ነው! (በቀልድ)።
9710,4,Refusal,እንግዶች ገንዘብ አይፈልግም።
9711,7,Suggestion,ተማሪዎች ብር ቢያደርግ ይሻላል።
9712,5,Request,እባክዎ ችግር ይላኩልኝ።
9713,0,Assertion,እውነቱን ለመናገር እርዳታ አዲስ ነው።
9714,3,Promise,በእርግጥ እቅድ አደርጋለሁ።
9715,3,Promise,በእርግጥ ቦታ አደርጋለሁ።
9716,8,Warning,ይህ ዕረፍት አደገኛ ነው።
9717,4,Refusal,ገበሬዎች ድል አይፈልግም።
9718,5,Request,ደንበኞች ውሳኔ ማግኘት ይችላል?
9719,7,Suggestion,ጓደኞች ገንዘብ ቢጠቀም ይሻላል።
9720,5,Request,ከፈቀድክ ጤና ውሰድ።
9721,8,Warning,ይህ ጥሩ ነው፣ ተጠንቀቅ።
9722,5,Request,እባክህ ሀሳብ ስጠኝ።
9723,6,Sarcasm/Irony,በጣም አሮጌ ነው፣ ማንም አያውቅም... (በሳቅ)።
9724,1,Complaint,ለምን ባለሙያው ስልክ አልሰጠኝም?
9725,1,Complaint,ለምን ሆቴል እንዲህ ያሳዝናል ነው?
9726,1,Complaint,ለምን እርዳታ እንዲህ ዘገይተኛ ነው?
9727,5,Request,ይህን ስልክ ማየት እችላለሁ?
9728,1,Complaint,ይህ ድርጊት በጣም አስቸጋሪ ነው፣ አልወድም።
9729,7,Suggestion,መምህራን ሙዚቃ ቢያደርግ ይሻላል።
9730,0,Assertion,እኔ ጨዋታ እንደሚያስፈልግ አውቃለሁ።
9731,5,Request,ማንም ቦታ ማግኘት ይችላል?
9732,5,Request,አባቶች ምግብ ማግኘት ይችላል?
9733,8,Warning,ተጠንቀቅ! ምግብ ጥሩ ነው።
9734,3,Promise,በእርግጥ ኮምፒውተር አደርጋለሁ።
9735,3,Promise,እኔ ፕሮጀክት እሰጥሃለሁ።
9736,4,Refusal,ሐኪሞች ጨዋታ አይፈልግም።
9737,4,Refusal,ተማሪው እረፍት አይፈልግም።
9738,3,Promise,አባቴ በቅርቡ ትመጣለች ብሎ ቃል ገብቷል።
9739,7,Suggestion,እነሱ መጽሔት ቢያደርግ ይሻላል።
9740,7,Suggestion,ምናልባት ምክር ማድረግ ይሻላል።
9741,7,Suggestion,ምናልባት ውሳኔ ማድረግ ይሻላል።
9742,2,Phatic,በሰላም እንገናኝ ከ ሆስፒታል።
9743,2,Phatic,ምን ዜና አለ ባለሙያው?
9744,0,Assertion,በወር ባለሙያው ባህር ዳር ነበር።
9745,2,Phatic,ደህና ሁን በጊዜው አንድ ሰው።
9746,6,Sarcasm/Irony,አዎ፣ መስሪያ ቤት በጣም ደህንነቱ የተጠበቀ ነው... (በተቃራኒ)።
9747,0,Assertion,ሴቶች ትናንት መቀሌ ይገኛል።
9748,5,Request,እባክህ መረጃ አስረዳኝ።
9749,3,Promise,ከዚህ በፊት እነሱ ትምህርት ታመጣለች።
9750,8,Warning,ባለሙያው ዕድል አትንካ።
9751,3,Promise,ተማሪው ከዚህ በፊት ትመጣለች ብሎ ቃል ገብቷል።
9752,0,Assertion,ወጣቶች ይቻላል ብዙ ጊዜ።
9753,4,Refusal,ፖሊሱ ቤት አይፈልግም።
9754,2,Phatic,እግዚአብሔር ከአንቺ ጋር ይሁን በጊዜው።
9755,8,Warning,ይህን ጉብኝት አታድርግ።
9756,2,Phatic,ደህና እንደምትሆኚ ተስፋ አደርጋለሁ አስተማሪው።
9757,6,Sarcasm/Irony,ብዙ ሰዎች ሁልጊዜ በጊዜው ይመጣል... (በቀልድ)።
9758,5,Request,ሰራተኞች ትምህርት ማግኘት ይችላል?
9759,7,Suggestion,አንተ ደስታ ቢያደርግ ይሻላል።
9760,4,Refusal,እናቴ ሀሳብ አይፈልግም።
9761,8,Warning,አንዳንድ ሰዎች ኮንትራት አትንካ።
9762,0,Assertion,በቅርቡ ነጋዴዎች መቀሌ ነበር።
9763,8,Warning,ተጠንቀቅ! ችግር ትልቅ ነው።
9764,2,Phatic,እንኳን ደህና መጣህ አለቃዬ።
9765,0,Assertion,በሰዓት መምህራን አዲስ አበባ ነበር።
9766,8,Warning,ተጠንቀቅ! ሆቴል ትልቅ ነው።
9767,7,Suggestion,ምናልባት ትንሽ መጽሐፍ መግዛት?
9768,3,Promise,በቅርቡ ወንድሞች ደስታ ታመጣለች።
9769,3,Promise,በእርግጥ መፍትሄ አደርጋለሁ።
9770,1,Complaint,ወንድሞች ስለ ችግር ቅሬታ አለው።
9771,0,Assertion,አዛውንቶች መኪና አላት።
9772,3,Promise,ተማሪዎች ትናንት ትመጣለች ብሎ ቃል ገብቷል።
9773,8,Warning,እነሱ ኮንትራት አትንካ።
9774,3,Promise,ደንበኞች በቀን ይመጣል ብሎ ቃል ገብቷል።
9775,7,Suggestion,ወዳጄ መረጃ ቢጠቀም ይሻላል።
9776,6,Sarcasm/Irony,እንዴት ያለ ፊልም ነው! (በቀልድ)።
9777,4,Refusal,ወንዶች እድል አይፈልግም።
9778,6,Sarcasm/Irony,እንዴት ትልቅ ሁኔታ ነው! (በቀልድ)።
9779,2,Phatic,እግዚአብሔር ይጠብቅህ ወንድሜ።
9780,6,Sarcasm/Irony,እንዴት ያለ ፍጹም ሙያ ነው! (በሳቅ)።
9781,1,Complaint,ለምን ኮንትራት እንዲህ አስደሳች ነው?
9782,5,Request,እርዳኝ መጽሔት ለማግኘት።
9783,1,Complaint,ይህ ንግግር በጣም አዲስ ነው፣ አልወድም።
9784,1,Complaint,አስተናጋጁ ከ ችግር ጋር ችግር አለው።
9785,8,Warning,ተጠንቀቅ! መንገድ ደስ የሚል ነው።
9786,6,Sarcasm/Irony,እርግጥ ነው፣ አሁን ሁሉም ደስተኛ ነው... (በአስቂኝ)።
9787,7,Suggestion,አዛውንቶች ዕረፍት ቢያደርግ ይሻላል።
9788,7,Suggestion,እንደእኔ አስተያየት ህንፃ መቀየር ይሻላል።
9789,6,Sarcasm/Irony,እንዴት ቀላል ነው! (በአስቂኝ መንገድ)።
9790,5,Request,ባለቤቴ ኮንትራት ማግኘት ይችላል?
9791,2,Phatic,ሰላም አባቴ ከ ቢሮ።
9792,2,Phatic,እንኳን ለበዓሉ አደረሰ ጓደኛዬ።
9793,7,Suggestion,ምናልባት ዘገይተኛ ገንዘብ መግዛት?
9794,6,Sarcasm/Irony,እንዴት እናንተ በጣም ፈጣን ነው! (በአስቂኝ)።
9795,7,Suggestion,አንተ ስልክ ቢጠቀም ይሻላል።
9796,6,Sarcasm/Irony,አዎ፣ መንገድ በጣም ምቹ ነው... (በአስቂኝ)።
9797,7,Suggestion,እነሱ ደስታ ቢጠቀም ይሻላል።
9798,3,Promise,ነገ አለቆች ዜና ያመጣል።
9799,8,Warning,ተጠንቀቅ! መጽሔት አደገኛ ነው።
9800,6,Sarcasm/Irony,እንዴት ጥሩ ስራ ነው! (በቀልድ)።
9801,7,Suggestion,ታካሚዎች መረጃ ቢጠቀም ይሻላል።
9802,6,Sarcasm/Irony,አዎ፣ ከተማ በጣም ምቹ ነው... (በአስቂኝ)።
9803,4,Refusal,አንድ ሰው ቅጣት አይፈልግም።
9804,4,Refusal,መኪና አልፈልግም፣ አመሰግናለሁ።
9805,1,Complaint,ለምን ስልክ እንዲህ ንጹህ ነው?
9806,7,Suggestion,ምናልባት ያሳዝናል እድል መግዛት?
9807,1,Complaint,ለምን ብዙ ሰዎች ምግብ አልሰጠኝም?
9808,7,Suggestion,ወንድሜ ስብሰባ ቢያደርግ ይሻላል።
9809,6,Sarcasm/Irony,እንዴት ያለ ፍጹም እርዳታ ነው! (በሳቅ)።
9810,5,Request,ተማሪው ደብዳቤ ማግኘት ይችላል?
9811,8,Warning,ተማሪው ፈቃድ አትንካ።
9812,7,Suggestion,ተማሪዎች ክፍያ ቢጠቀም ይሻላል።
9813,8,Warning,አደጋ አለ! ዕድል ተጠንቀቅ።
9814,5,Request,መምህራን ዜና ማግኘት ይችላል?
9815,5,Request,እባክህ ደስታ ስጠኝ።
9816,5,Request,እባክሽ ፊልም ስጠኝ።
9817,7,Suggestion,ወንድሞች ዜና ቢያደርግ ይሻላል።
9818,8,Warning,አደጋ አለ! ስልጠና ተጠንቀቅ።
9819,3,Promise,ታካሚዎች ትናንት ትመጣለች ብሎ ቃል ገብቷል።
9820,6,Sarcasm/Irony,አዎ፣ በጣም ጥሩ ሀሳብ ነው... (በተቃራኒ)።
9821,0,Assertion,በሰዓት እንግዶች ከተማ ነበር።
9822,8,Warning,ተጠንቀቅ! ጉብኝት ደስ የሚል ነው።
9823,7,Suggestion,እንግዶች ዜና ቢያደርግ ይሻላል።
9824,2,Phatic,እግዚአብሔር ይጠብቅሽ እናንተ።
9825,6,Sarcasm/Irony,ሁሉም ሰው ዕረፍት ይወዳል... (በአስቂኝ)።
9826,2,Phatic,እግዚአብሔር ከአንቺ ጋር ይሁን በማለዳ።
9827,2,Phatic,እንኳን ደህና ኑር እህቴ።
9828,2,Phatic,እንኳን ለአዲስ ዓመት አደረሰ ሰራተኞች።
9829,1,Complaint,መድሃኒት አልሰራም፣ ችግር አለ።
9830,1,Complaint,ለምን እቅድ እንዲህ አሮጌ ነው?
9831,6,Sarcasm/Irony,አዎ፣ ምግብ ቤት በጣም ጥሩ ጥራት አለው... (በአስቂኝ)።
9832,1,Complaint,አንድ ሰው ስለ ምክር ቅሬታ አለው።
9833,1,Complaint,አለቃዬ ከ ስራ ጋር ችግር አለው።
9834,7,Suggestion,ብዙ ሰዎች ዜና ቢጠቀም ይሻላል።
9835,7,Suggestion,እንደእኔ አስተያየት ውሃ መቀየር ይሻላል።
9836,3,Promise,አሁን አባቶች ጨዋታ ያመጣል።
9837,0,Assertion,ማንም በወር ቢሮ ይገኛል።
9838,2,Phatic,እንደገና እንገናኝ በቅርቡ ከ ባህር ዳር።
9839,5,Request,ሁሉም ቤት ማግኘት ይችላል?
9840,1,Complaint,እናንተ ከ ክፍያ ጋር ችግር አለው።
9841,4,Refusal,እናቴ ምግብ ቤት አይፈልግም።
9842,6,Sarcasm/Irony,እርግጥ፣ መጽሔት በጣም ውድ ነው... (በአስቂኝ)።
9843,0,Assertion,እውነቱን ለመናገር ድልድይ ጥሩ ነው።
9844,2,Phatic,እግዚአብሔር ይባርክህ ሰራተኞች።
9845,6,Sarcasm/Irony,እናቶች ሁልጊዜ ይረዳል... (በቀልድ)።
9846,2,Phatic,ጤና ይስጥልኝ አንቺ።
9847,3,Promise,አትጨነቅ፣ ጤና እከፍላለሁ።
9848,8,Warning,ተጠንቀቅ! እቅድ አስደሳች ነው።
9849,2,Phatic,እንዴት ነው ቀኑ ከ ጎንደር?
9850,4,Refusal,አባቴ ውሃ አይፈልግም።
9851,0,Assertion,እውነቱን ለመናገር ዜና ዘገይተኛ ነው።
9852,1,Complaint,ለምን ድልድይ እንዲህ ዘገይተኛ ነው?
9853,7,Suggestion,እኔ ኮምፒውተር እንድታደርግ እመክራለሁ።
9854,3,Promise,አለቆች ከዚህ በኋላ ትመጣለች ብሎ ቃል ገብቷል።
9855,3,Promise,እሷ በፍጥነት ትመጣለች ብሎ ቃል ገብቷል።
9856,2,Phatic,ደህና እንደምትሆን ትናንት ተስፋ አደርጋለሁ።
9857,5,Request,ሰራተኞች ህንፃ ማግኘት ይችላል?
9858,1,Complaint,አንቺ ከ ክፍያ ጋር ችግር አለው።
9859,0,Assertion,እኔ ፊልም እንደሚያስፈልግ አውቃለሁ።
9860,6,Sarcasm/Irony,አዎ፣ ይህ ፊልም በጣም ጠቃሚ ነው... (በሳቅ)።
9861,4,Refusal,ልጄ ስልክ አይፈልግም።
9862,6,Sarcasm/Irony,አዎ፣ እርዳታ በጣም አስፈላጊ ነው... (በተቃራኒ)።
9863,2,Phatic,እንኳን ደህና ኑር ልጄ።
9864,1,Complaint,ይህ ትምህርት በጣም ቀላል ነው፣ አልወድም።
9865,6,Sarcasm/Irony,በጣም ጥሩ ነው፣ አልችልም እንዳልል።
9866,0,Assertion,ደንበኞች በሰዓት ጎንደር ይገኛል።
9867,2,Phatic,እንዴት ነው ጤንነትህ አሁን?
9868,6,Sarcasm/Irony,እርግጥ፣ ሹፌሩ በጣም ታማኝ ነው... (በአስቂኝ)።
9869,2,Phatic,ሰላም እናቴ ከ መቀሌ።
9870,1,Complaint,ወጣቶች ሆቴል ስለ አዲስ መሆኑ ያማርራል።
9871,5,Request,እህቴ መጽሐፍ ማግኘት ይችላል?
9872,2,Phatic,እንኳን ደህና መጣህ እሷ።
9873,0,Assertion,ክፍያ ቀላል ነው።
9874,0,Assertion,እውነቱን ለመናገር ብር ቀላል ነው።
9875,8,Warning,ተጠንቀቅ! ድርጊት ደህንነቱ የተጠበቀ ነው።
9876,1,Complaint,አለቆች ስለ መረጃ ቅሬታ አለው።
9877,7,Suggestion,ምናልባት ፈጣን ቅጣት መግዛት?
9878,3,Promise,ጎረቤቴ በሰዓት ትመጣለች ብሎ ቃል ገብቷል።
9879,7,Suggestion,ዳኛው ቦታ ቢጠቀም ይሻላል።
9880,3,Promise,ጓደኛዬ ዛሬ ትመጣለች ብሎ ቃል ገብቷል።
9881,0,Assertion,ድርጊት በጣም አደገኛ ነው።
9882,6,Sarcasm/Irony,አዎ ወንዶች በጣም ፈጣን ነው... (በቀልድ)።
9883,7,Suggestion,እኔ ፕሮጀክት ቢያደርግ ይሻላል።
9884,8,Warning,ተጠንቀቅ! እድል ንጹህ ነው።
9885,3,Promise,በሳምንት ጓደኞች ውሃ ታመጣለች።
9886,6,Sarcasm/Irony,እንዴት ያለ ጥሩ ውሳኔ ነው! (በተቃራኒ)።
9887,8,Warning,ተጠንቀቅ! ዕረፍት ንጹህ ነው።
9888,0,Assertion,ምግብ ንጹህ ነው።
9889,6,Sarcasm/Irony,እርግጥ ነው፣ በቅርቡ ሁሉም ይረዳል... (በአስቂኝ)።
9890,4,Refusal,ደንበኞች ምክር አይፈልግም።
9891,3,Promise,ዛሬ ተማሪዎች ሆቴል ያመጣል።
9892,2,Phatic,ጤና ይስጥልኝ ባለሙያው ከ አዲስ አበባ።
9893,5,Request,እናቴ ቁልፍ ማግኘት ይችላል?
9894,7,Suggestion,ምናልባት መጥፎ ፊልም መግዛት?
9895,0,Assertion,እውነቱን ለመናገር ክፍያ ቀላል ነው።
9896,1,Complaint,ለምን ልጄ መጽሐፍ አልሰጠኝም?
9897,2,Phatic,እንዴት አለፍክ አሁን ጓደኛዬ?
9898,5,Request,እባክዎ ትምህርት ይላኩልኝ።
9899,4,Refusal,ሴቶች ክፍያ አይፈልግም።
9900,4,Refusal,ፖሊሱ ክፍያ አይፈልግም።
9901,3,Promise,በወር ወንዶች ንግግር ታመጣለች።
9902,2,Phatic,እግዚአብሔር ከአንተ ጋር ይሁን ባለሙያው።
9903,6,Sarcasm/Irony,እነሱ በጣም ብልህ ነው፣ አልሳሳም... (በአስቂኝ)።
9904,1,Complaint,ለምን ወንዶች መረጃ አልሰጠኝም?
9905,3,Promise,እሱ አሁን ትመጣለች ብሎ ቃል ገብቷል።
9906,3,Promise,አሁን አዛውንቶች ድርጊት ታመጣለች።
9907,2,Phatic,እንዴት ነው ሁኔታው መስሪያ ቤት እሷ?
9908,1,Complaint,ለምን ወጣቱ ሙያ አልሰጠኝም?
9909,6,Sarcasm/Irony,እርግጥ ነው፣ ክፍያ በጣም ውድ ነው... (በቀልድ)።
9910,3,Promise,በማታ እኛ ሙያ ታመጣለች።
9911,7,Suggestion,ምናልባት ደስ የሚል ውሃ መግዛት?
9912,2,Phatic,ሰላም እሱ፣ እንዴት ነህ ከ መቀሌ?
9913,5,Request,እባክሽ ሽልማት ስጠኝ።
9914,5,Request,ከፈቀድክ ችግር ውሰድ።
9915,0,Assertion,እሷ ድል አላት።
9916,0,Assertion,አስተማሪው ሰላም አለው።
9917,6,Sarcasm/Irony,እንዴት ደህንነቱ የተጠበቀ ሁኔታ ነው! (በቀልድ)።
9918,0,Assertion,በወር እንግዶች ጎንደር ነበር።
9919,4,Refusal,ደንበኞች ፈቃድ አይፈልግም።
9920,2,Phatic,መልካም ጊዜ ይሁንልሽ በወር።
9921,4,Refusal,ወንዶች መጽሔት አይፈልግም።
9922,2,Phatic,እግዚአብሔር ይባርክሽ ከ መስሪያ ቤት።
9923,2,Phatic,ደህና ሁኚ ዳኛው ከ ከተማ።
9924,2,Phatic,እንዴት ነው ስራሽ ተማሪው?
9925,5,Request,እባክዎ ቤት ይላኩልኝ።
9926,6,Sarcasm/Irony,እንዴት ያለ ርካሽ ሀሳብ ነው! (በሳቅ)።
9927,2,Phatic,እንዴት ነው ጤንነትሽ ነጋዴዎች?
9928,8,Warning,ተጠንቀቅ! ሆቴል አሮጌ ነው።
9929,3,Promise,አንድ ሰው ዛሬ ይመጣል ብሎ ቃል ገብቷል።
9930,1,Complaint,ሰራተኛው ቁልፍ ስለ ዘገይተኛ መሆኑ ያማርራል።
9931,5,Request,ከፈቀድክ ድርጊት ውሰድ።
9932,4,Refusal,ወንድሜ ድልድይ አይፈልግም።
9933,8,Warning,ይህ ጤና አደገኛ ነው።
9934,8,Warning,ተጠንቀቅ! ብር ያሳዝናል ነው።
9935,2,Phatic,እንኳን ደህና ኑር ጓደኞች።
9936,5,Request,እርዳኝ እርዳታ ለማግኘት።
9937,6,Sarcasm/Irony,እርግጥ ነው፣ ገንዘብ በጣም ጥሩ ነው... (በቀልድ)።
9938,4,Refusal,ይቅርታ፣ ፊልም አልሰጥም።
9939,2,Phatic,ደስ ብሎኛል ስላየሁሽ እነሱ።
9940,6,Sarcasm/Irony,አዎ ማንም በጣም ፈጣን ነው... (በቀልድ)።
9941,8,Warning,ወጣቶች ምክር አትንካ።
9942,6,Sarcasm/Irony,እንዴት ያለ ፍጹም ውሳኔ ነው! (በሳቅ)።
9943,6,Sarcasm/Irony,አዎ፣ አገልግሎት በጣም አስፈላጊ ነው... (በተቃራኒ)።
9944,1,Complaint,ለምን ሁሉም ገንዘብ አልሰጠኝም?
9945,2,Phatic,እግዚአብሔር ይባርካችሁ አዛውንቶች።
9946,7,Suggestion,ይህን እርዳታ መሞከር ጥሩ ነው።
9947,2,Phatic,ደህና ሁን በማታ ማንም።
9948,1,Complaint,ለምን ማንም ዕድል አልሰጠኝም?
9949,3,Promise,አሁን እኔ ሀሳብ ያመጣል።
9950,4,Refusal,ምክር አልፈልግም፣ አመሰግናለሁ።
9951,5,Request,እባክዎ ሙዚቃ ይላኩልኝ።
9952,4,Refusal,ጓደኞች ችግር አይፈልግም።
9953,0,Assertion,ተማሪዎች ደስታ አላት።
9954,5,Request,ተማሪዎች መንገድ ማግኘት ይችላል?
9955,8,Warning,ይህን ኮምፒውተር አታድርግ።
9956,5,Request,እህቶች ድርጊት ማግኘት ይችላል?
9957,1,Complaint,ነጋዴዎች ስለ ስራ ቅሬታ አለው።
9958,0,Assertion,ሐኪሞች ነገ ቢሮ ይገኛል።
9959,3,Promise,ከዚህ በፊት ወጣቶች መኪና ያመጣል።
9960,3,Promise,እኔ በማለዳ ትመጣለች ብሎ ቃል ገብቷል።
9961,7,Suggestion,ወዳጄ ንግግር ቢያደርግ ይሻላል።
9962,4,Refusal,ሰራተኞች ኮንትራት አይፈልግም።
9963,7,Suggestion,አንቺ ኮንትራት ቢጠቀም ይሻላል።
9964,3,Promise,ጎረቤቴ በሳምንት ይመጣል ብሎ ቃል ገብቷል።
9965,6,Sarcasm/Irony,አዎ፣ ባለሙያው በጣም ብልህ ነው... (በተቃራኒ)።
9966,1,Complaint,ለምን ንግግር እንዲህ ቀላል ነው?
9967,2,Phatic,እንዴት ነው ቤተሰብሽ እናንተ?
9968,2,Phatic,ሰላም ሁሉም፣ ምን አለ በቅርቡ?
9969,5,Request,እኛ ሰላም ማግኘት ይችላል?
9970,3,Promise,ጓደኞች አሁን ይመጣል ብሎ ቃል ገብቷል።
9971,0,Assertion,ከዚህ በኋላ እናቶች ከተማ ነበር።
9972,0,Assertion,እኔ ጉብኝት ንጹህ ይቆጠራል።
9973,5,Request,እርዳኝ ስራ ለማግኘት።
9974,4,Refusal,ወንዶች ስልክ አይፈልግም።
9975,0,Assertion,ይህ መፍትሄ ጥሩ መሆኑን እረጋገጣለሁ።
9976,5,Request,እባክህ ቁልፍ አስረዳኝ።
9977,1,Complaint,አለቆች ከ ድልድይ ጋር ችግር አለው።
9978,2,Phatic,እንኳን ለአዲስ ዓመት አደረሰ እኔ።
9979,8,Warning,አባቶች ገንዘብ አትንካ።
9980,8,Warning,ይህን ድርጊት አታድርግ።
9981,0,Assertion,ድል ትንሽ ነው።
9982,3,Promise,ገበሬዎች በሳምንት ትመጣለች ብሎ ቃል ገብቷል።
9983,6,Sarcasm/Irony,ድልድይ በጣም ውድ ነው፣ ግን ዋጋው አለው... (በቀልድ)።
9984,1,Complaint,ሁልጊዜ ችግር ይጎድላል።
9985,5,Request,እርዳኝ መፍትሄ ለማግኘት።
9986,5,Request,ማንም ጤና ማግኘት ይችላል?
9987,1,Complaint,አስተናጋጁ ስለ ቤት ቅሬታ አለው።
9988,2,Phatic,ምን አዲስ ነገር አለ ወጣቶች?
9989,1,Complaint,ለምን ክፍያ እንዲህ ውድ ነው?
9990,7,Suggestion,ጎረቤቴ መድሃኒት ቢያደርግ ይሻላል።
9991,6,Sarcasm/Irony,እንዴት ያለ አደገኛ ሀሳብ ነው! (በሳቅ)።
9992,7,Suggestion,ምናልባት ውድ ቤት መግዛት?
9993,4,Refusal,እናቶች እረፍት አይፈልግም።
9994,8,Warning,ተጠንቀቅ! ምክር አሮጌ ነው።
9995,6,Sarcasm/Irony,እርግጥ ነው፣ ነገ ሁሉም ይሳካል... (በተቃራኒ)።
9996,6,Sarcasm/Irony,አዎ፣ መጽሔት በጣም አስፈላጊ ነው ለሁሉም... (በተቃራኒ)።
9997,4,Refusal,አንዳንድ ሰዎች መኪና አይፈልግም።
9998,8,Warning,ትምህርት ቤት አትግባ፣ አደገኛ ነው።
9999,0,Assertion,ባለቤቴ እረፍት ደህንነቱ የተጠበቀ ይቻላል።
10000,8,Warning,ፖሊሱ ጉዞ አትንካ።
10001,4,Refusal,እናንተ ጨዋታ አይፈልግም።
10002,3,Promise,በቅርቡ አለቆች እቅድ ያመጣል።
10003,8,Warning,እኛ ንግግር አትንካ።
10004,1,Complaint,እኔ ስለ ክፍያ ቅሬታ አለው።
10005,0,Assertion,ትናንት ብዙ ሰዎች አዋሳ ነበር።
10006,6,Sarcasm/Irony,እንዴት ደስ የሚል ደስታ ነው! (በቀልድ)።
10007,1,Complaint,ለምን እሷ ስልጠና አልሰጠኝም?
10008,1,Complaint,ሁልጊዜ ውሃ ይጎድላል።
10009,0,Assertion,ይህ መጽሐፍ ከባድ መሆኑን እረጋገጣለሁ።
10010,0,Assertion,አሁን ዳኛው አዋሳ ነበር።
10011,3,Promise,አለቃዬ በቀን ትመጣለች ብሎ ቃል ገብቷል።
10012,3,Promise,ከዚህ በፊት መምህራን ፊልም ታመጣለች።
10013,2,Phatic,እንኳን ለልደትህ አደረሰ ሴቶች።
10014,1,Complaint,ፖሊሱ ስለ መኪና ቅሬታ አለው።
10015,5,Request,እንግዶች ክፍያ ማግኘት ይችላል?
10016,0,Assertion,ይህ መፍትሄ ቀላል መሆኑን እረጋገጣለሁ።
10017,0,Assertion,እውነቱን ለመናገር ምግብ ደህንነቱ የተጠበቀ ነው።
10018,0,Assertion,ዛሬ ተማሪዎች መቀሌ ነበር።
10019,3,Promise,ሐኪሞች ትናንት ትመጣለች ብሎ ቃል ገብቷል።
10020,1,Complaint,ትናንት ጎረቤቴ መንገድ አላገኘም።
10021,6,Sarcasm/Irony,በጣም ፈጣን ነው፣ አልችልም እንዳልል።
10022,1,Complaint,ለምን ዕረፍት እንዲህ ዘገይተኛ ነው?
10023,8,Warning,ተጠንቀቅ በፍጥነት።
10024,4,Refusal,ሴቶች ውሳኔ አይፈልግም።
10025,0,Assertion,ደንበኞች ጉብኝት አለው።
10026,2,Phatic,እንዴት ነው ስራህ በሳምንት?
10027,6,Sarcasm/Irony,እንዴት ከባድ ዕረፍት ነው! (በቀልድ)።
10028,7,Suggestion,እኔ ቁልፍ እንድታደርግ እመክራለሁ።
10029,5,Request,እሱ ቦታ ማግኘት ይችላል?
10030,5,Request,እባክዎ ብር ያድርጉልኝ።
10031,6,Sarcasm/Irony,ፖሊሱ ሁልጊዜ ትክክል ነው... (በሳቅ)።
10032,0,Assertion,እውነቱን ለመናገር ዜና ፈጣን ነው።
10033,6,Sarcasm/Irony,እንዴት ያለ ፍጹም ንግግር ነው! (በሳቅ)።
10034,6,Sarcasm/Irony,አባቶች ሁልጊዜ ትክክል ነው... (በሳቅ)።
10035,6,Sarcasm/Irony,እኔ ሁልጊዜ ትክክለኛ ውሳኔ ያደርጋል... (በቀልድ)።
10036,8,Warning,ይህ ደስታ አደገኛ ነው።
10037,6,Sarcasm/Irony,እርግጥ ነው፣ ዜና በጣም መጥፎ ነው... (በቀልድ)።
10038,1,Complaint,ይህ ስራ በጣም ጥሩ ነው፣ አልወድም።
10039,6,Sarcasm/Irony,እርግጥ ነው፣ ሀሳብ በጣም ርካሽ ነው... (በአስቂኝ)።
10040,6,Sarcasm/Irony,አዎ፣ ባንክ በጣም ምቹ ነው... (በአስቂኝ)።
10041,1,Complaint,አስተማሪው እድል ስለ ትልቅ መሆኑ ያማርራል።
10042,2,Phatic,እግዚአብሔር ከአንቺ ጋር ይሁን ጎረቤቴ።
10043,2,Phatic,ደስ ብሎኛል ስለተገናኘን ከ ቤተ ክርስቲያን።
10044,7,Suggestion,ምናልባት መጥፎ ንግግር መግዛት?
10045,8,Warning,ሰራተኛው ኮንትራት አትንካ።
10046,3,Promise,በማለዳ ወንዶች ኮምፒውተር ታመጣለች።
10047,5,Request,አስተናጋጁ ፊልም ማግኘት ይችላል?
10048,1,Complaint,ልጆች ትምህርት ስለ አስደሳች መሆኑ ያማርራል።
10049,4,Refusal,ይህን ስልጠና ማድረግ አልችልም።
10050,0,Assertion,ወጣቶች ይሻላል ብዙ ጊዜ።
10051,3,Promise,እኔ እቅድ እሰጥሻለሁ።
10052,2,Phatic,እንዴት አለፍሽ ከ ፓርክ አዛውንቱ?
10053,6,Sarcasm/Irony,እርግጥ ነው፣ በፍጥነት ሁሉም ደስተኛ ነው... (በአስቂኝ)።
10054,3,Promise,እህቴ በጊዜው ትመጣለች ብሎ ቃል ገብቷል።
10055,5,Request,ወጣቱ ደስታ ማግኘት ይችላል?
10056,8,Warning,ተጠንቀቅ ትናንት።
10057,1,Complaint,አንድ ሰው መጽሔት ስለ መጥፎ መሆኑ ያማርራል።
10058,4,Refusal,አለቆች ክፍያ አይፈልግም።
10059,8,Warning,ገበሬዎች ስራ አትንካ።
10060,4,Refusal,ወንድሜ ጉብኝት አይፈልግም።
10061,7,Suggestion,እህቶች ክፍያ ቢያደርግ ይሻላል።
10062,7,Suggestion,እህቴ ፕሮጀክት ቢያደርግ ይሻላል።
10063,7,Suggestion,እንግዶች ድል ቢያደርግ ይሻላል።
10064,1,Complaint,ሁልጊዜ ምግብ ቤት ይጎድላል።
10065,6,Sarcasm/Irony,እርግጥ ነው፣ መጽሔት በጣም ርካሽ ነው... (በአስቂኝ)።
10066,8,Warning,ነጋዴዎች ቦታ አትንካ።
10067,5,Request,እናቶች ሆቴል ማግኘት ይችላል?
10068,5,Request,እባክዎ አዋሳ ይሂዱ።
10069,7,Suggestion,ምናልባት ትልቅ ጊዜ መግዛት?
10070,4,Refusal,ወጣቱ ምግብ ቤት አይፈልግም።
10071,3,Promise,አንዳንድ ሰዎች በሰዓት ይመጣል ብሎ ቃል ገብቷል።
10072,4,Refusal,አባቴ ቤት አይፈልግም።
10073,2,Phatic,ምን ዜና አለ ከ መስሪያ ቤት ጎረቤቴ?
10074,1,Complaint,መምህራን ስለ ወረቀት ቅሬታ አለው።
10075,6,Sarcasm/Irony,ይህ በጣም ደህንነቱ የተጠበቀ ሀሳብ ነው... (በሳቅ)።
10076,4,Refusal,መምህራን መፍትሄ አይፈልግም።
10077,4,Refusal,አስተናጋጁ እቅድ አይፈልግም።
10078,7,Suggestion,ይህን እረፍት መሞከር ጥሩ ነው።
10079,8,Warning,እሱ መረጃ አትንካ።
10080,7,Suggestion,እነሱ መንገድ ቢጠቀም ይሻላል።
10081,0,Assertion,እናንተ መኪና አለው።
10082,2,Phatic,ሰላም እህቴ፣ ምን አለ በጊዜው?
10083,7,Suggestion,እህቶች ዜና ቢያደርግ ይሻላል።
10084,5,Request,እርዳኝ ህንፃ ለማግኘት።
10085,0,Assertion,ይህ ድልድይ ጥሩ መሆኑን እረጋገጣለሁ።
10086,4,Refusal,ወጣቱ ዕረፍት አይፈልግም።
10087,7,Suggestion,ምናልባት ንጹህ ክፍያ መግዛት?
10088,5,Request,አዛውንቶች መጽሐፍ ማግኘት ይችላል?
10089,6,Sarcasm/Irony,መጽሐፍ በጣም ውድ ነው፣ ግን ዋጋው አለው... (በቀልድ)።
10090,8,Warning,ተጠንቀቅ፣ አንቺ ይመጣል።
10091,2,Phatic,መልካም ጉዞ ወንድሜ።
10092,8,Warning,አንድ ሰው ዜና አትንካ።
10093,6,Sarcasm/Irony,እንዴት ዘገይተኛ እድል ነው! (በቀልድ)።
10094,3,Promise,ገበሬዎች በቅርቡ ይመጣል ብሎ ቃል ገብቷል።
10095,8,Warning,አዛውንቶች ንግግር አትንካ።
10096,5,Request,እባክህ እቅድ አስረዳኝ።
10097,0,Assertion,ታካሚዎች ሙያ መጥፎ ይሻላል።
10098,0,Assertion,እኛ ከዚህ በፊት ባህር ዳር ይገኛል።
10099,0,Assertion,ወንድሜ ይታወቃል ብዙ ጊዜ።
10100,1,Complaint,በሳምንት ነጋዴዎች ቁልፍ አላገኘም።
10101,4,Refusal,ሰራተኞች ድልድይ አይፈልግም።
10102,2,Phatic,ሰላም አንድ ሰው፣ ምን ሰራህ በቅርቡ?
10103,8,Warning,ጓደኛዬ ሆቴል አትንካ።
10104,8,Warning,ሴቶች ገንዘብ አትንካ።
10105,7,Suggestion,እንዴት ቢሆን ውሳኔ ብናደርግ?
10106,7,Suggestion,ወዳጄ ፈቃድ ቢጠቀም ይሻላል።
10107,1,Complaint,ሁልጊዜ መረጃ ይጎድላል።
10108,7,Suggestion,አንድ ሰው አገልግሎት ቢያደርግ ይሻላል።
10109,3,Promise,በእርግጥ ፕሮጀክት አደርጋለሁ።
10110,3,Promise,እኔ እረፍት እሰጥሻለሁ።
10111,0,Assertion,ዳኛው መኪና አስደሳች ይቻላል።
10112,4,Refusal,አስተናጋጁ ኮንትራት አይፈልግም።
10113,0,Assertion,ይህ እቅድ አዲስ መሆኑን እረጋገጣለሁ።
10114,3,Promise,ከዚህ በፊት ተማሪዎች ጨዋታ ያመጣል።
10115,6,Sarcasm/Irony,በጣም አዲስ ነው፣ አልችልም እንዳልል።
10116,1,Complaint,ደስታ አልሰራም፣ ችግር አለ።
10117,8,Warning,ሰራተኛው ሆቴል አትንካ።
10118,5,Request,ባለቤቴ መድሃኒት ማግኘት ይችላል?
10119,6,Sarcasm/Irony,እርግጥ፣ አዲስ አበባ በጣም ቅርብ ነው... (በሳቅ)።
10120,1,Complaint,በጊዜው አስተናጋጁ መኪና አላገኘም።
10121,0,Assertion,በቀን እናንተ መስሪያ ቤት ነበር።
10122,0,Assertion,ጓደኞች ምግብ ትንሽ ይመስላል።
10123,6,Sarcasm/Irony,እንዴት ስልክ በጣም ቀላል ነው! (በተቃራኒ)።
10124,6,Sarcasm/Irony,ወረቀት በጣም ውድ ነው፣ ግን ዋጋው አለው... (በቀልድ)።
10125,6,Sarcasm/Irony,እርግጥ፣ ዜና በጣም ውድ ነው... (በአስቂኝ)።
10126,1,Complaint,አሁን አስተናጋጁ ሙያ አላገኘም።
10127,5,Request,ነጋዴዎች ድርጊት ማግኘት ይችላል?
10128,5,Request,እሷ እርዳታ ማግኘት ይችላል?
10129,3,Promise,እኔ ቅጣት አላረሳም።
10130,0,Assertion,ተማሪው በቅርቡ አዲስ አበባ ይገኛል።
10131,1,Complaint,እነሱ ክፍያ ስለ ርካሽ መሆኑ ያማርራል።
10132,0,Assertion,እውነቱን ለመናገር ጤና ርካሽ ነው።
10133,2,Phatic,እንዴት ነው ሁኔታው ፓርክ ወዳጄ?
10134,0,Assertion,ይህ ድልድይ ቀላል መሆኑን እረጋገጣለሁ።
10135,5,Request,እነሱ ድል ማግኘት ይችላል?
10136,6,Sarcasm/Irony,አለቃዬ በጣም ብልህ ነው፣ አልሳሳም... (በአስቂኝ)።
10137,1,Complaint,ለምን ችግር እንዲህ ትንሽ ነው?
10138,4,Refusal,ታካሚዎች ፊልም አይፈልግም።
10139,7,Suggestion,ባለቤቴ መረጃ ቢያደርግ ይሻላል።
10140,1,Complaint,ለምን ወጣቶች እርዳታ አልሰጠኝም?
10141,1,Complaint,እነሱ ስለ ስልጠና ቅሬታ አለው።
10142,3,Promise,መምህራን ከዚህ በፊት ይመጣል ብሎ ቃል ገብቷል።
10143,4,Refusal,እናቴ መጽሐፍ አይፈልግም።
10144,3,Promise,በጊዜው አንተ ሙዚቃ ታመጣለች።
10145,3,Promise,አትጨነቅ፣ ሀሳብ እከፍላለሁ።
10146,2,Phatic,መልካም ጉዞ ወንድሞች።
10147,0,Assertion,እህቴ ድል አላት።
10148,6,Sarcasm/Irony,እንዴት ሐኪሞች በጣም ፈጣን ነው! (በአስቂኝ)።
10149,1,Complaint,በቅርቡ ወዳጄ ሽልማት አላገኘም።
10150,2,Phatic,ቤተሰብሽ ደህና ናቸው መምህራን?
10151,4,Refusal,ጉዞ አልፈልግም፣ አመሰግናለሁ።
10152,8,Warning,እንግዶች ጨዋታ አትንካ።
10153,7,Suggestion,ምናልባት ውድ ሆቴል መግዛት?
10154,4,Refusal,ሴቶች ብር አይፈልግም።
10155,6,Sarcasm/Irony,አዛውንቶች ሁልጊዜ ትክክል ነው፣ እርግጥ ነው... (በሳቅ)።
10156,4,Refusal,ሰራተኛው ምግብ አይፈልግም።
10157,6,Sarcasm/Irony,እሱ ሁልጊዜ ይረዳል... (በቀልድ)።
10158,3,Promise,ገበሬዎች አሁን ይመጣል ብሎ ቃል ገብቷል።
10159,6,Sarcasm/Irony,እንዴት ያለ ፍጹም ድል ነው! (በሳቅ)።
10160,6,Sarcasm/Irony,እርግጥ፣ ውሳኔ በጣም ውድ ነው... (በአስቂኝ)።
10161,0,Assertion,ይህ እረፍት ያሳዝናል መሆኑን እረጋገጣለሁ።
10162,3,Promise,በማለዳ አዛውንቶች መጽሔት ታመጣለች።
10163,1,Complaint,ለምን ባለቤቴ ሆቴል አልሰጠኝም?
10164,2,Phatic,ሰላም ልጆች፣ ምን ሰራህ?
10165,8,Warning,ተጠንቀቅ በጊዜው።
10166,6,Sarcasm/Irony,እርግጥ፣ እሱ በጣም ታማኝ ነው... (በአስቂኝ)።
10167,3,Promise,በፍጥነት ወዳጄ ሰላም ያመጣል።
10168,5,Request,ነጋዴዎች ሆቴል ማግኘት ይችላል?
10169,5,Request,አለቆች ሙያ ማግኘት ይችላል?
10170,4,Refusal,አይ፣ ድርጊት አልችልም።
10171,1,Complaint,አባቶች ጊዜ ስለ አስደሳች መሆኑ ያማርራል።
10172,3,Promise,ትናንት ወንዶች ስራ ታመጣለች።
10173,2,Phatic,ደህና ቀን ይሁንልሽ አንቺ።
10174,1,Complaint,ለምን እነሱ ሆቴል አልሰጠኝም?
10175,6,Sarcasm/Irony,አዎ፣ አዲስ አበባ በጣም ደህንነቱ የተጠበቀ ነው... (በተቃራኒ)።
10176,0,Assertion,እሷ ቤት ውድ ይቆጠራል።
10177,7,Suggestion,ምናልባት ቀላል ቦታ መግዛት?
10178,4,Refusal,እናቴ መጽሔት አይፈልግም።
10179,7,Suggestion,ምናልባት አስፈላጊ ሽልማት መግዛት?
10180,5,Request,ጓደኛዬ ገንዘብ ማግኘት ይችላል?
10181,3,Promise,እኔ ገንዘብ አላረሳም።
10182,2,Phatic,እግዚአብሔር ከጎንሽ ይሁን እናቶች።
10183,3,Promise,በማለዳ መምህራን ትምህርት ያመጣል።
10184,0,Assertion,በሳምንት አዛውንቶች ከተማ ነበር።
10185,1,Complaint,ለምን ተማሪው ጤና አልሰጠኝም?
10186,2,Phatic,በሰላም እንገናኝ ከ አዲስ አበባ።
10187,8,Warning,አባቴ ስራ አትንካ።
10188,1,Complaint,ወንድሞች ቤት ስለ ፈጣን መሆኑ ያማርራል።
10189,5,Request,ደንበኞች ሆቴል ማግኘት ይችላል?
10190,4,Refusal,እህቶች ክፍያ አይፈልግም።
10191,1,Complaint,ለምን መጽሔት እንዲህ ቀላል ነው?
10192,7,Suggestion,ምናልባት ዘገይተኛ ኮምፒውተር መግዛት?
10193,6,Sarcasm/Irony,እንዴት ሰላም በጣም ቀላል ነው! (በተቃራኒ)።
10194,2,Phatic,ጤናማ ቀን ከ አዲስ አበባ።
10195,0,Assertion,ይህ ፊልም ዘገይተኛ መሆኑን እረጋገጣለሁ።
10196,6,Sarcasm/Irony,እንዴት ንጹህ ነው! (በአስቂኝ መንገድ)።
10197,8,Warning,ተጠንቀቅ! ድርጊት ዘገይተኛ ነው።
10198,1,Complaint,ሁልጊዜ ደስታ ይጎድላል።
10199,2,Phatic,ቤተሰብሽ ደህና ናቸው እኛ?
10200,7,Suggestion,ምናልባት ትልቅ መጽሔት መግዛት?
10201,1,Complaint,አዛውንቱ ከ ኮምፒውተር ጋር ችግር አለው።
10202,2,Phatic,ደህና ቀን ይሁንልሽ ከ አዋሳ።
10203,1,Complaint,አባቴ ከ መኪና ጋር ችግር አለው።
10204,2,Phatic,እንዴት ነው ቤተሰብህ ወንዶች?
10205,6,Sarcasm/Irony,በጣም ትልቅ ነው፣ ምንም አደጋ የለም... (በሳቅ)።
10206,1,Complaint,ለምን አስተናጋጁ ሆቴል አልሰጠኝም?
10207,1,Complaint,ነጋዴዎች ስልጠና ስለ ደህንነቱ የተጠበቀ መሆኑ ያማርራል።
10208,0,Assertion,እውነቱን ለመናገር እቅድ ደህንነቱ የተጠበቀ ነው።
10209,0,Assertion,ተማሪዎች ናት ብዙ ጊዜ።
10210,8,Warning,ተጠንቀቅ! ቁልፍ አሮጌ ነው።
10211,7,Suggestion,ምናልባት አደገኛ ገንዘብ መግዛት?
10212,4,Refusal,ወንድሜ እርዳታ አይፈልግም።
10213,7,Suggestion,ምናልባት ትንሽ ብር መግዛት?
10214,2,Phatic,እንኳን ደህና ኑሩ እናንተ።
10215,8,Warning,ነጋዴዎች መፍትሄ አትንካ።
10216,7,Suggestion,እኛ ስብሰባ ቢያደርግ ይሻላል።
10217,6,Sarcasm/Irony,ባለቤቴ ሁልጊዜ ትክክል ነው፣ እርግጥ ነው... (በሳቅ)።
10218,8,Warning,ወንድሞች ሀሳብ አትንካ።
10219,5,Request,እባክዎ ስራ ያድርጉልኝ።
10220,1,Complaint,አስተናጋጁ ስለ ዜና ቅሬታ አለው።
10221,4,Refusal,እኔ መረጃ አልቀበልም።
10222,5,Request,ጓደኞች ሙዚቃ ማግኘት ይችላል?
10223,8,Warning,ተጠንቀቅ፣ እንግዶች ይመጣል።
10224,6,Sarcasm/Irony,እንዴት ያለ ፍጹም ዕረፍት ነው! (በሳቅ)።
10225,5,Request,ገበሬዎች ቦታ ማግኘት ይችላል?
10226,4,Refusal,ኮምፒውተር አልፈልግም፣ አመሰግናለሁ።
10227,7,Suggestion,ተማሪዎች መረጃ ቢያደርግ ይሻላል።
10228,4,Refusal,እሱ ክፍያ አይፈልግም።
10229,3,Promise,እናንተ በቀን ትመጣለች ብሎ ቃል ገብቷል።
10230,5,Request,ማንም መጽሔት ማግኘት ይችላል?
10231,1,Complaint,ለምን ባለሙያው እድል አልሰጠኝም?
10232,6,Sarcasm/Irony,ሁሉም በጣም ብልህ ነው፣ አልሳሳም... (በአስቂኝ)።
10233,0,Assertion,ጉብኝት በጣም ትልቅ ነው።
10234,6,Sarcasm/Irony,አዎ፣ አለቃዬ በጣም ብልህ ነው... (በተቃራኒ)።
10235,5,Request,ተማሪዎች ፈቃድ ማግኘት ይችላል?
10236,6,Sarcasm/Irony,ሰራተኞች ሁልጊዜ ትክክል ነው... (በሳቅ)።
10237,2,Phatic,እግዚአብሔር ይባርካችሁ ማንም።
10238,4,Refusal,ጎረቤቴ ደስታ አይፈልግም።
10239,3,Promise,ዛሬ ልጄ ድል ያመጣል።
10240,3,Promise,ቃል እገባለሁ ፊልም እንደሚሆን።
10241,5,Request,እናቶች ዕድል ማግኘት ይችላል?
10242,0,Assertion,እውነቱን ለመናገር መኪና አሮጌ ነው።
10243,4,Refusal,እሷ ሰላም አይፈልግም።
10244,1,Complaint,ይህ ሰላም በጣም ርካሽ ነው፣ አልወድም።
10245,6,Sarcasm/Irony,እናንተ በጣም ታማኝ ነው፣ አይዋሽም... (በተቃራኒ)።
10246,0,Assertion,ይህ ዕድል ያሳዝናል መሆኑን እረጋገጣለሁ።
10247,7,Suggestion,ነጋዴዎች ሆቴል ቢያደርግ ይሻላል።
10248,8,Warning,ሁሉም ክፍያ አትንካ።
10249,7,Suggestion,እኔ መኪና እንድታደርግ እመክራለሁ።
10250,1,Complaint,አዛውንቶች ከ መረጃ ጋር ችግር አለው።
10251,2,Phatic,እንኳን ለልደትህ አደረሰ እሱ።
10252,8,Warning,ተጠንቀቅ! ሙያ አሮጌ ነው።
10253,1,Complaint,ብዙ ሰዎች ስለ ችግር ቅሬታ አለው።
10254,6,Sarcasm/Irony,አንድ ሰው ሁልጊዜ ትክክል ነው፣ እርግጥ ነው... (በሳቅ)።
10255,6,Sarcasm/Irony,አዛውንቶች ሁልጊዜ ትክክለኛ ውሳኔ ያደርጋል... (በቀልድ)።
10256,8,Warning,መንገድ አትግባ፣ አደገኛ ነው።
10257,1,Complaint,ከዚህ በፊት ወንድሜ ኮንትራት አላገኘም።
10258,6,Sarcasm/Irony,አዎ፣ ጨዋታ በጣም አስፈላጊ ነው... (በተቃራኒ)።
10259,7,Suggestion,ማንም ድልድይ ቢጠቀም ይሻላል።
10260,7,Suggestion,ምናልባት ሽልማት ማድረግ ይሻላል።
10261,4,Refusal,ፖሊሱ ውሃ አይፈልግም።
10262,5,Request,ደንበኞች ክፍያ ማግኘት ይችላል?
10263,2,Phatic,እንዴት አለፍክ አሁን ጓደኞች?
10264,5,Request,ተማሪዎች እርዳታ ማግኘት ይችላል?
10265,7,Suggestion,ገበሬዎች ስልክ ቢጠቀም ይሻላል።
10266,7,Suggestion,ጓደኞች ምክር ቢያደርግ ይሻላል።
10267,8,Warning,እህቶች ወረቀት አትንካ።
10268,4,Refusal,እኔ ጨዋታ አልቀበልም።
10269,8,Warning,ሴቶች ስልክ አትንካ።
10270,5,Request,ሴቶች ጉብኝት ማግኘት ይችላል?
10271,5,Request,እባክህ መጽሔት ስጠኝ።
10272,3,Promise,በማለዳ አለቃዬ እድል ታመጣለች።
10273,5,Request,እባክዎ ስልክ ያድርጉልኝ።
10274,8,Warning,እናቴ ሀሳብ አትንካ።
10275,1,Complaint,ጓደኞች ስለ ጤና ቅሬታ አለው።
10276,7,Suggestion,ብዙ ሰዎች ገንዘብ ቢያደርግ ይሻላል።
10277,7,Suggestion,ነጋዴዎች ኮንትራት ቢጠቀም ይሻላል።
10278,0,Assertion,አስተናጋጁ እርዳታ አላት።
10279,3,Promise,ብዙ ሰዎች ከዚህ በኋላ ትመጣለች ብሎ ቃል ገብቷል።
10280,5,Request,እባክዎ ዜና ይላኩልኝ።
10281,8,Warning,አደጋ አለ! ጨዋታ ተጠንቀቅ።
10282,4,Refusal,ወጣቱ ክፍያ አይፈልግም።
10283,2,Phatic,እንኳን ለልደትሽ አደረሰ ተማሪው።
10284,0,Assertion,ሐኪሙ ከዚህ በኋላ ፓርክ ይገኛል።
10285,3,Promise,በፍጥነት ማንም መኪና ታመጣለች።
10286,6,Sarcasm/Irony,አዎ፣ ፈቃድ በጣም አስፈላጊ ነው ለሁሉም... (በተቃራኒ)።
10287,2,Phatic,መልካም ምሽት በጊዜው ሰራተኛው።
10288,3,Promise,በእርግጥ ክፍያ አደርጋለሁ።
10289,3,Promise,በእርግጠኝነት አዋሳ እገኛለሁ።
10290,1,Complaint,ሰራተኛው ከ ቁልፍ ጋር ችግር አለው።
10291,1,Complaint,ጓደኛዬ ከ ሀሳብ ጋር ችግር አለው።
10292,2,Phatic,ሰላም አንተ፣ እንዴት ነህ?
10293,0,Assertion,እኔ መረጃ እንደሚያስፈልግ አውቃለሁ።
10294,0,Assertion,አሁን አዛውንቶች አዲስ አበባ ነበር።
10295,3,Promise,እኔ ፊልም እሰጥሃለሁ።
10296,8,Warning,ተጠንቀቅ! መንገድ አደገኛ ነው።
10297,1,Complaint,በማለዳ ልጄ መጽሐፍ አላገኘም።
10298,7,Suggestion,ልጄ ምግብ ቢያደርግ ይሻላል።
10299,4,Refusal,አንዳንድ ሰዎች ምግብ አይፈልግም።
10300,1,Complaint,ይህ ንግግር በጣም ከባድ ነው፣ አልወድም።
10301,7,Suggestion,ምናልባት ደስ የሚል ድልድይ መግዛት?
10302,2,Phatic,ደህና ሁኚ አስተናጋጁ ከ ፓርክ።
10303,4,Refusal,ይህን ሙዚቃ ማድረግ አልችልም።
10304,1,Complaint,ሁልጊዜ ድርጊት ይጎድላል።
10305,8,Warning,አስተማሪው ክፍያ አትንካ።
10306,6,Sarcasm/Irony,እንዴት ያለ ሙያ ነው! (በቀልድ)።
10307,6,Sarcasm/Irony,አዛውንቱ ሁልጊዜ ትክክል ነው... (በሳቅ)።
10308,7,Suggestion,ምናልባት ከባድ ሆቴል መግዛት?
10309,2,Phatic,መልካም ምሽት ፖሊሱ።
10310,5,Request,እናቶች ድልድይ ማግኘት ይችላል?
10311,8,Warning,አባቶች ድል አትንካ።
10312,5,Request,እንግዶች እቅድ ማግኘት ይችላል?
10313,8,Warning,ተጠንቀቅ! ብር አደገኛ ነው።
10314,3,Promise,ወንድሜ ከዚህ በኋላ ይመጣል ብሎ ቃል ገብቷል።
10315,1,Complaint,አለቆች ከ ደብዳቤ ጋር ችግር አለው።
10316,1,Complaint,አሁን ሁሉም ገንዘብ አላገኘም።
10317,1,Complaint,ለምን ሙዚቃ እንዲህ ከባድ ነው?
10318,0,Assertion,አንተ መፍትሄ አለው።
10319,1,Complaint,ይህ ኮንትራት በጣም ትንሽ ነው፣ አልወድም።
10320,2,Phatic,ምን ዜና አለ በቀን ከ ጎንደር?
10321,6,Sarcasm/Irony,ወንድሜ ሁልጊዜ ትክክል ነው፣ እርግጥ ነው... (በሳቅ)።
10322,0,Assertion,መፍትሄ ትንሽ ነው።
10323,7,Suggestion,ምናልባት አሮጌ ዕረፍት መግዛት?
10324,3,Promise,ነገ አባቴ ችግር ታመጣለች።
10325,0,Assertion,ክፍያ ያሳዝናል ነው።
10326,0,Assertion,ፖሊሱ ደስታ አለው።
10327,1,Complaint,ለምን አንተ ኮንትራት አልሰጠኝም?
10328,6,Sarcasm/Irony,አዎ፣ ብር በጣም አስፈላጊ ነው ለሁሉም... (በተቃራኒ)።
10329,2,Phatic,እንዴት ነው ጤንነትህ አስተማሪው?
10330,6,Sarcasm/Irony,እርግጥ፣ ቢሮ በጣም ቆንጆ ነው... (በሳቅ)።
10331,2,Phatic,በደህና ሂጂ አንድ ሰው።
10332,7,Suggestion,ባለቤቴ ሙያ ቢጠቀም ይሻላል።
10333,3,Promise,ዛሬ ሴቶች መድሃኒት ያመጣል።
10334,7,Suggestion,ይህን ጤና መሞከር ጥሩ ነው።
10335,1,Complaint,መምህራን ስለ ሰላም ቅሬታ አለው።
10336,0,Assertion,ጓደኞች ናት ብዙ ጊዜ።
10337,4,Refusal,አይ፣ ዕረፍት አልችልም።
10338,4,Refusal,ድርጊት አልፈልግም፣ አመሰግናለሁ።
10339,6,Sarcasm/Irony,እንዴት ከባድ ፊልም ነው! (በቀልድ)።
10340,0,Assertion,እውነቱን ለመናገር ድልድይ ያሳዝናል ነው።
10341,0,Assertion,እኔ ህንፃ እንደሚያስፈልግ አውቃለሁ።
10342,7,Suggestion,እህቴ መጽሔት ቢጠቀም ይሻላል።
10343,7,Suggestion,ምናልባት ትንሽ ድልድይ መግዛት?
10344,0,Assertion,ቤት መጥፎ ነው።
10345,4,Refusal,እኔ ዕረፍት አይፈልግም።
10346,4,Refusal,ይህን መድሃኒት ማድረግ አልችልም።
10347,1,Complaint,እሷ ስለ ስልጠና ቅሬታ አለው።
10348,3,Promise,አባቴ በፍጥነት ይመጣል ብሎ ቃል ገብቷል።
10349,6,Sarcasm/Irony,አንዳንድ ሰዎች ሁልጊዜ በጊዜው ይመጣል... (በቀልድ)።
10350,6,Sarcasm/Irony,አንድ ሰው ሁልጊዜ ይረዳል... (በቀልድ)።
10351,6,Sarcasm/Irony,እርግጥ ነው፣ በማታ ሁሉም ደስተኛ ነው... (በአስቂኝ)።
10352,4,Refusal,አዛውንቶች ህንፃ አይፈልግም።
10353,5,Request,ደንበኞች ፊልም ማግኘት ይችላል?
10354,2,Phatic,ሰላም እንግዶች፣ እንዴት አለፈ በቅርቡ?
10355,2,Phatic,እንዴት አለፍሽ በሳምንት አንድ ሰው?
10356,4,Refusal,ፕሮጀክት አልፈልግም፣ አመሰግናለሁ።
10357,5,Request,ወንድሞች መኪና ማግኘት ይችላል?
10358,2,Phatic,ቤተሰብህ ደህና ናቸው ማንም?
10359,7,Suggestion,ሐኪሞች መጽሐፍ ቢጠቀም ይሻላል።
10360,5,Request,ዳኛው እርዳታ ማግኘት ይችላል?
10361,4,Refusal,ባለቤቴ ስልክ አይፈልግም።
10362,2,Phatic,እንኳን ለበዓል አደረሰህ ፖሊሱ።
10363,8,Warning,ሬስቶራንት አትግባ፣ አደገኛ ነው።
10364,3,Promise,እሱ በጊዜው ይመጣል ብሎ ቃል ገብቷል።
10365,0,Assertion,እውነቱን ለመናገር ክፍያ ደስ የሚል ነው።
10366,6,Sarcasm/Irony,በጣም ዘገይተኛ ነው፣ ማንም አይቃወምም... (በቀልድ)።
10367,4,Refusal,ገበሬዎች እድል አይፈልግም።
10368,7,Suggestion,እህቶች ዕድል ቢጠቀም ይሻላል።
10369,3,Promise,ጓደኛዬ በማታ ይመጣል ብሎ ቃል ገብቷል።
10370,5,Request,ሴቶች ጨዋታ ማግኘት ይችላል?
10371,0,Assertion,አባቴ አሁን አዋሳ ይገኛል።
10372,0,Assertion,ይህ ደስታ ትንሽ መሆኑን እረጋገጣለሁ።
10373,5,Request,ወንድሞች ጉብኝት ማግኘት ይችላል?
10374,7,Suggestion,ጓደኞች መፍትሄ ቢጠቀም ይሻላል።
10375,6,Sarcasm/Irony,ገበሬዎች ሁልጊዜ ይረዳል... (በቀልድ)።
10376,8,Warning,ተጠንቀቅ! ፊልም አስቸጋሪ ነው።
10377,3,Promise,ዛሬ ማንም ክፍያ ታመጣለች።
10378,6,Sarcasm/Irony,እንዴት ያለ ጥሩ ትምህርት ነው! (በተቃራኒ)።
10379,8,Warning,ተጠንቀቅ! ጨዋታ አስቸጋሪ ነው።
10380,7,Suggestion,ባለሙያው ቦታ ቢጠቀም ይሻላል።
10381,8,Warning,ተጠንቀቅ! ውሃ አስቸጋሪ ነው።
10382,4,Refusal,አሁን አሁን አይሆንም።
10383,3,Promise,በሰዓት አንተ ውሃ ታመጣለች።
10384,6,Sarcasm/Irony,እርግጥ፣ ወንድሞች በጣም ታማኝ ነው... (በአስቂኝ)።
10385,2,Phatic,እግዚአብሔር ይባርክህ አንተ።
10386,0,Assertion,ይህ ቅጣት ደስ የሚል መሆኑን እረጋገጣለሁ።
10387,3,Promise,እሱ ነገ ትመጣለች ብሎ ቃል ገብቷል።
10388,4,Refusal,ልጄ ኮምፒውተር አይፈልግም።
10389,5,Request,ወንድሜ ፕሮጀክት ማግኘት ይችላል?
10390,4,Refusal,አንቺ ዕረፍት አይፈልግም።
10391,3,Promise,ነገ ነጋዴዎች ውሃ ታመጣለች።
10392,5,Request,ይህን ድል ማየት እችላለሁ?
10393,6,Sarcasm/Irony,እንዴት አሮጌ ድልድይ ነው! (በቀልድ)።
10394,8,Warning,ይህን ሙዚቃ አታድርግ።
10395,0,Assertion,ሹፌሩ መፍትሄ አለው።
10396,2,Phatic,ጤናማ ሳምንት ይሁንልሽ ብዙ ሰዎች።
10397,1,Complaint,ሁልጊዜ ፊልም ይጎድላል።
10398,7,Suggestion,መምህራን ትምህርት ቢጠቀም ይሻላል።
10399,5,Request,እባክዎ ምክር ይላኩልኝ።
10400,1,Complaint,ለምን እናንተ ድል አልሰጠኝም?
10401,7,Suggestion,ብዙ ሰዎች ምግብ ቤት ቢጠቀም ይሻላል።
10402,1,Complaint,ለምን አገልግሎት እንዲህ ውድ ነው?
10403,0,Assertion,ይህ ዕረፍት አስቸጋሪ መሆኑን እረጋገጣለሁ።
10404,7,Suggestion,ወዳጄ እድል ቢያደርግ ይሻላል።
10405,7,Suggestion,እንደእኔ አስተያየት ስልክ መቀየር ይሻላል።
10406,7,Suggestion,ምናልባት ከባድ ወረቀት መግዛት?
10407,7,Suggestion,ሴቶች ጉዞ ቢያደርግ ይሻላል።
10408,1,Complaint,ለምን ጎረቤቴ ድል አልሰጠኝም?
10409,0,Assertion,ባለሙያው ስራ አዲስ ነው።
10410,8,Warning,አንድ ሰው መፍትሄ አትንካ።
10411,0,Assertion,ወንድሞች ሽልማት አላት።
10412,2,Phatic,ምን ዜና አለ ከ ከተማ አባቶች?
10413,7,Suggestion,አለቆች መድሃኒት ቢያደርግ ይሻላል።
10414,6,Sarcasm/Irony,እንዴት ወንድሞች በጣም ፈጣን ነው! (በአስቂኝ)።
10415,1,Complaint,ለምን ታካሚዎች መፍትሄ አልሰጠኝም?
10416,4,Refusal,ማንም ችግር አይፈልግም።
10417,6,Sarcasm/Irony,አዎ፣ ድርጊት በጣም አስፈላጊ ነው... (በተቃራኒ)።
10418,0,Assertion,አሁን ተማሪው ከተማ ነበር።
10419,3,Promise,አትጨነቅ፣ ህንፃ እከፍላለሁ።
10420,5,Request,አባቶች ውሃ ማግኘት ይችላል?
10421,3,Promise,በጊዜው እኛ ፕሮጀክት ታመጣለች።
10422,2,Phatic,ደስ ብሎኛል ስላየሁህ አዛውንቶች።
10423,1,Complaint,አሁን እህቴ ዕረፍት አላገኘም።
10424,3,Promise,ዛሬ ሁሉም ሙዚቃ ታመጣለች።
10425,4,Refusal,ወዳጄ ሆቴል አይፈልግም።
10426,5,Request,እባክዎ ድል ያድርጉልኝ።
10427,1,Complaint,እህቶች ከ ኮንትራት ጋር ችግር አለው።
10428,8,Warning,ታካሚዎች ሀሳብ አትንካ።
10429,6,Sarcasm/Irony,እርግጥ ነው፣ መጽሐፍ በጣም ቀላል ነው... (በቀልድ)።
10430,1,Complaint,ለምን እህቴ ክፍያ አልሰጠኝም?
10431,3,Promise,ወንድሜ ትናንት ይመጣል ብሎ ቃል ገብቷል።
10432,8,Warning,ወዳጄ ህንፃ አትንካ።
10433,3,Promise,በእርግጥ ሀሳብ አደርጋለሁ።
10434,3,Promise,እኔ ዜና አላረሳም።
10435,6,Sarcasm/Irony,እንዴት ፊልም በጣም ቀላል ነው! (በተቃራኒ)።
10436,8,Warning,ሴቶች ፕሮጀክት አትንካ።
10437,2,Phatic,ጤናማ ቀን ይሁንልሽ እኔ።
10438,1,Complaint,ሁልጊዜ ፈቃድ ይጎድላል።
10439,2,Phatic,ደህና እንደምትሆን ከ መንገድ ተስፋ አደርጋለሁ።
10440,3,Promise,እንግዶች በሳምንት ይመጣል ብሎ ቃል ገብቷል።
10441,3,Promise,ሴቶች ትናንት ይመጣል ብሎ ቃል ገብቷል።
10442,7,Suggestion,ምናልባት ፈጣን ሽልማት መግዛት?
10443,2,Phatic,በሰላም ኑሪ ሐኪሙ።
10444,6,Sarcasm/Irony,እንዴት ገንዘብ በጣም ቀላል ነው! (በተቃራኒ)።
10445,3,Promise,በእርግጥ ሰላም አደርጋለሁ።
10446,2,Phatic,በሰላም እንገናኝ በወር።
10447,6,Sarcasm/Irony,አዎ፣ ይህ አዲስ ሀሳብ ነው... (በሳቅ)።
10448,0,Assertion,ውሳኔ አደገኛ ነው።
10449,8,Warning,አባቶች ቅጣት አትንካ።
10450,3,Promise,ከዚህ በኋላ ባለሙያው ምክር ያመጣል።
10451,2,Phatic,በደህና ሂጂ እኛ።
10452,6,Sarcasm/Irony,እንዴት ያለ ፍጹም ገንዘብ ነው! (በሳቅ)።
10453,3,Promise,በማታ ሁሉም ደስታ ያመጣል።
10454,6,Sarcasm/Irony,አባቶች ሁልጊዜ በጊዜው ይመጣል... (በቀልድ)።
10455,7,Suggestion,ልጆች ጨዋታ ቢያደርግ ይሻላል።
10456,4,Refusal,ባለሙያው ጉብኝት አይፈልግም።
10457,5,Request,ማንም ዕድል ማግኘት ይችላል?
10458,6,Sarcasm/Irony,አዎ ነጋዴዎች በጣም ፈጣን ነው... (በቀልድ)።
10459,3,Promise,መምህራን በቀን ይመጣል ብሎ ቃል ገብቷል።
10460,2,Phatic,ሰላም አንዳንድ ሰዎች፣ ምን ሰራሽ?
10461,6,Sarcasm/Irony,አዎ፣ መረጃ በጣም ጥሩ ጥራት አለው... (በአስቂኝ)።
10462,4,Refusal,እኛ መጽሐፍ አይፈልግም።
10463,4,Refusal,እንግዶች ደብዳቤ አይፈልግም።
10464,2,Phatic,ሰላም አለቆች፣ እንዴት አለፈ በማታ?
10465,2,Phatic,እንኳን ለልደትህ አደረሰ ወንዶች።
10466,3,Promise,በወር አለቃዬ ጨዋታ ታመጣለች።
10467,7,Suggestion,ሰራተኛው ችግር ቢያደርግ ይሻላል።
10468,3,Promise,አሁን እነሱ ወረቀት ታመጣለች።
10469,6,Sarcasm/Irony,አዎ፣ ሙያ በጣም አስፈላጊ ነው ለሁሉም... (በተቃራኒ)።
10470,3,Promise,መምህራን በፍጥነት ትመጣለች ብሎ ቃል ገብቷል።
10471,1,Complaint,ሁልጊዜ ብር ይጎድላል።
10472,6,Sarcasm/Irony,አዎ፣ አዋሳ በጣም ደህንነቱ የተጠበቀ ነው... (በተቃራኒ)።
10473,6,Sarcasm/Irony,እኔ ሁልጊዜ ትክክል ነው፣ እርግጥ ነው... (በሳቅ)።
10474,6,Sarcasm/Irony,እርግጥ ነው፣ እቅድ በጣም ትንሽ ነው... (በቀልድ)።
10475,6,Sarcasm/Irony,ሴቶች ሁልጊዜ ትክክል ነው፣ እርግጥ ነው... (በሳቅ)።
10476,7,Suggestion,እኔ ፕሮጀክት እንድታደርግ እመክራለሁ።
10477,7,Suggestion,እናንተ ገንዘብ ቢጠቀም ይሻላል።
10478,3,Promise,በቅርቡ አዛውንቱ ዜና ታመጣለች።
10479,8,Warning,ተጠንቀቅ! ውሳኔ መጥፎ ነው።
10480,5,Request,ከፈቀድሽ መጽሔት ውሰድ።
10481,8,Warning,አዛውንቶች ወረቀት አትንካ።
10482,0,Assertion,እውነቱን ለመናገር ፕሮጀክት አደገኛ ነው።
10483,8,Warning,አትርሳ ሰላም።
10484,6,Sarcasm/Irony,አዎ፣ ይህ ቀላል ሀሳብ ነው... (በሳቅ)።
10485,8,Warning,ሐኪሞች ቅጣት አትንካ።
10486,3,Promise,ብዙ ሰዎች ትናንት ትመጣለች ብሎ ቃል ገብቷል።
10487,6,Sarcasm/Irony,አዎ፣ ወንዶች በጣም ብልህ ነው... (በተቃራኒ)።
10488,2,Phatic,እግዚአብሔር ይጠብቅህ ከ ፓርክ።
10489,1,Complaint,ባለቤቴ መጽሔት ስለ መጥፎ መሆኑ ያማርራል።
10490,3,Promise,አባቶች በቀን ትመጣለች ብሎ ቃል ገብቷል።
10491,0,Assertion,እኔ ዕድል እንደሚያስፈልግ አውቃለሁ።
10492,0,Assertion,በማለዳ እነሱ መስሪያ ቤት ነበር።
10493,6,Sarcasm/Irony,ይህ በጣም መጥፎ ሀሳብ ነው... (በሳቅ)።
10494,4,Refusal,እህቶች ውሳኔ አይፈልግም።
10495,8,Warning,ተጠንቀቅ፣ ወንድሞች ይመጣል።
10496,1,Complaint,ነገ መምህራን እቅድ አላገኘም።
10497,0,Assertion,እንግዶች ይታያል ብዙ ጊዜ።
10498,6,Sarcasm/Irony,አዎ፣ ድልድይ በጣም አስፈላጊ ነው... (በተቃራኒ)።
10499,5,Request,ገበሬዎች ንግግር ማግኘት ይችላል?
10500,8,Warning,ልጆች መድሃኒት አትንካ።
10501,4,Refusal,አዛውንቱ መፍትሄ አይፈልግም።
10502,4,Refusal,ብዙ ሰዎች ስራ አይፈልግም።
10503,0,Assertion,አለቃዬ ምክር አለው።
10504,1,Complaint,እንግዶች ከ ድል ጋር ችግር አለው።
10505,2,Phatic,እንኳን ደህና መጣህ አዛውንቶች።
10506,1,Complaint,አንዳንድ ሰዎች ከ ድልድይ ጋር ችግር አለው።
10507,4,Refusal,እሷ ገንዘብ አይፈልግም።
10508,7,Suggestion,ምናልባት ምግብ ቤት ማድረግ ይሻላል።
10509,3,Promise,በቀን ወንድሜ ፕሮጀክት ያመጣል።
10510,1,Complaint,ለምን እድል እንዲህ ቀላል ነው?
10511,8,Warning,ልጆች ንግግር አትንካ።
10512,1,Complaint,በማለዳ እሱ ፈቃድ አላገኘም።
10513,2,Phatic,መልካም ምሽት አዛውንቶች።
10514,2,Phatic,እንዴት አመሹ አንተ?
10515,1,Complaint,ሹፌሩ ስለ ዜና ቅሬታ አለው።
10516,8,Warning,ተጠንቀቅ፣ ሰራተኞች ይመጣል።
10517,7,Suggestion,ምናልባት አሮጌ ምግብ ቤት መግዛት?
10518,6,Sarcasm/Irony,አዎ፣ ጉብኝት በጣም ጥሩ ጥራት አለው... (በአስቂኝ)።
10519,0,Assertion,እህቶች ትናንት ባህር ዳር ይገኛል።
10520,4,Refusal,ጎረቤቴ ስልጠና አይፈልግም።
10521,3,Promise,አባቴ ትናንት ትመጣለች ብሎ ቃል ገብቷል።
10522,2,Phatic,እግዚአብሔር ይባርክሽ ከ አዋሳ።
10523,1,Complaint,በወር አንተ ቅጣት አላገኘም።
10524,8,Warning,አባቶች ሙዚቃ አትንካ።
10525,6,Sarcasm/Irony,እንዴት ያለ ጥሩ ሽልማት ነው! (በተቃራኒ)።
10526,8,Warning,ተጠንቀቅ! ገንዘብ መጥፎ ነው።
10527,7,Suggestion,እኔ ሆቴል እንድታደርግ እመክራለሁ።
10528,4,Refusal,ወንዶች ጉብኝት አይፈልግም።
10529,0,Assertion,ስልክ በጣም ደህንነቱ የተጠበቀ ነው።
10530,4,Refusal,አንቺ ሙዚቃ አይፈልግም።
10531,7,Suggestion,አለቃዬ ህንፃ ቢጠቀም ይሻላል።
10532,8,Warning,ተጠንቀቅ! ትምህርት ጥሩ ነው።
10533,5,Request,አንቺ ፕሮጀክት ማግኘት ይችላል?
10534,0,Assertion,እውነቱን ለመናገር ምግብ ትንሽ ነው።
10535,8,Warning,ይህን ስብሰባ አታድርግ።
10536,4,Refusal,ይቅርታ፣ ስብሰባ አልሰጥም።
10537,6,Sarcasm/Irony,አዎ፣ ይህ ስራ በጣም ጠቃሚ ነው... (በሳቅ)።
10538,2,Phatic,ምን ዜና አለ ገበሬዎች?
10539,5,Request,አለቆች ጤና ማግኘት ይችላል?
10540,1,Complaint,በሳምንት አስተናጋጁ ሙያ አላገኘም።
10541,0,Assertion,ሹፌሩ ይቻላል ብዙ ጊዜ።
10542,1,Complaint,አንድ ሰው እቅድ ስለ ደስ የሚል መሆኑ ያማርራል።
10543,6,Sarcasm/Irony,እንዴት ያለ ጥሩ ሙዚቃ ነው! (በተቃራኒ)።
10544,5,Request,እባክህ ምክር አስረዳኝ።
10545,2,Phatic,በሰላም ኑር ዳኛው።
10546,5,Request,ከፈቀድሽ ቤት ውሰድ።
10547,6,Sarcasm/Irony,አለቃዬ ሁልጊዜ ይረዳል... (በቀልድ)።
10548,4,Refusal,ወጣቱ ጊዜ አይፈልግም።
10549,3,Promise,በቀን ወንድሞች ዕረፍት ያመጣል።
10550,6,Sarcasm/Irony,እርግጥ፣ አስተናጋጁ በጣም ታማኝ ነው... (በአስቂኝ)።
10551,6,Sarcasm/Irony,በጣም አደገኛ ነው፣ ማንም አይቃወምም... (በቀልድ)።
10552,4,Refusal,አስተናጋጁ ክፍያ አይፈልግም።
10553,4,Refusal,ይቅርታ፣ መረጃ አልሰጥም።
10554,7,Suggestion,እኔ ስራ እንድታደርግ እመክራለሁ።
10555,5,Request,አባቶች ኮንትራት ማግኘት ይችላል?
10556,1,Complaint,ይህ መጽሐፍ በጣም መጥፎ ነው፣ አልወድም።
10557,5,Request,ሁሉም ክፍያ ማግኘት ይችላል?
10558,3,Promise,በእርግጠኝነት መቀሌ እገኛለሁ።
10559,0,Assertion,ሙያ ርካሽ ነው።
10560,1,Complaint,ሹፌሩ ከ ችግር ጋር ችግር አለው።
10561,4,Refusal,ባለሙያው ውሃ አይፈልግም።
10562,7,Suggestion,ምናልባት ትምህርት ማድረግ ይሻላል።
10563,4,Refusal,ገበሬዎች ኮንትራት አይፈልግም።
10564,1,Complaint,ከዚህ በፊት እናንተ ፕሮጀክት አላገኘም።
10565,4,Refusal,እረፍት አልፈልግም፣ አመሰግናለሁ።
10566,7,Suggestion,ሰራተኛው ፕሮጀክት ቢጠቀም ይሻላል።
10567,4,Refusal,አዛውንቶች መፍትሄ አይፈልግም።
10568,3,Promise,በእርግጥ ድርጊት አደርጋለሁ።
10569,8,Warning,ወጣቱ ኮምፒውተር አትንካ።
10570,5,Request,ወጣቶች ክፍያ ማግኘት ይችላል?
10571,7,Suggestion,ሐኪሞች መኪና ቢያደርግ ይሻላል።
10572,5,Request,ጓደኛዬ ዜና ማግኘት ይችላል?
10573,0,Assertion,ድል በጣም ደስ የሚል ነው።
10574,2,Phatic,መልካም ሳምንት መምህራን።
10575,3,Promise,ከዚህ በፊት አዛውንቶች ስልጠና ታመጣለች።
10576,3,Promise,በቅርቡ ሰራተኞች ዕድል ታመጣለች።
10577,8,Warning,ተጠንቀቅ! ምግብ ቤት ርካሽ ነው።
10578,6,Sarcasm/Irony,እርግጥ፣ እህቴ በጣም ታማኝ ነው... (በአስቂኝ)።
10579,7,Suggestion,አባቶች ሽልማት ቢያደርግ ይሻላል።
10580,8,Warning,ተጠንቀቅ! ክፍያ ከባድ ነው።
10581,8,Warning,እህቶች ስብሰባ አትንካ።
10582,4,Refusal,አይ፣ መጽሔት አልችልም።
10583,0,Assertion,ስራ ቀላል ነው።
10584,6,Sarcasm/Irony,እንዴት ያለ ውሳኔ ነው! (በቀልድ)።
10585,7,Suggestion,እንዴት ቢሆን ፕሮጀክት ብናደርግ?
10586,8,Warning,አትርሳ ንግግር።
10587,2,Phatic,በጣም ደስ ብሎኛል ስለተገናኘን ማንም።
10588,3,Promise,ወዳጄ በወር ትመጣለች ብሎ ቃል ገብቷል።
10589,6,Sarcasm/Irony,እርግጥ፣ መንገድ በጣም ቅርብ ነው... (በሳቅ)።
10590,5,Request,እባክህ ስልክ ስጠኝ።
10591,4,Refusal,ይህን ንግግር ማድረግ አልችልም።
10592,0,Assertion,ሐኪሞች ሽልማት አለው።
10593,7,Suggestion,እኔ ኮንትራት እንድታደርግ እመክራለሁ።
10594,8,Warning,ታካሚዎች ሙዚቃ አትንካ።
10595,5,Request,አንተ መኪና ማግኘት ይችላል?
10596,5,Request,ታካሚዎች ምግብ ቤት ማግኘት ይችላል?
10597,8,Warning,ተጠንቀቅ! ምግብ ቤት ንጹህ ነው።
10598,7,Suggestion,ወጣቱ ምክር ቢያደርግ ይሻላል።
10599,4,Refusal,አሁን ነገ አይሆንም።
10600,0,Assertion,ውሳኔ ውድ ነው።
10601,7,Suggestion,ምናልባት ቀላል እቅድ መግዛት?
10602,5,Request,እባክዎ ስልክ ይላኩልኝ።
10603,3,Promise,በእርግጠኝነት መንደር እገኛለሁ።
10604,8,Warning,ተጠንቀቅ! ችግር ቀላል ነው።
10605,7,Suggestion,ልጄ ጉብኝት ቢጠቀም ይሻላል።
10606,5,Request,እባክዎ ውሃ ያድርጉልኝ።
10607,3,Promise,አባቶች በፍጥነት ትመጣለች ብሎ ቃል ገብቷል።
10608,2,Phatic,በጣም ደስ ብሎኛል ስላየሁሽ በጊዜው።
10609,1,Complaint,ይህ ስልጠና በጣም መጥፎ ነው፣ አልወድም።
10610,5,Request,እርዳኝ እድል ለማግኘት።
10611,0,Assertion,እሱ አሉ ብዙ ጊዜ።
10612,3,Promise,ቃል እገባለሁ እቅድ እንደሚሆን።
10613,2,Phatic,በጣም ደስ ብሎኛል ስላየሁሽ በማታ።
10614,4,Refusal,ይህን ስራ ማድረግ አልችልም።
10615,6,Sarcasm/Irony,እንዴት ያለ ፍጹም ፊልም ነው! (በሳቅ)።
10616,6,Sarcasm/Irony,አዎ፣ እንግዶች በጣም ብልህ ነው... (በተቃራኒ)።
10617,6,Sarcasm/Irony,እርግጥ፣ ጎረቤቴ በጣም ታማኝ ነው... (በአስቂኝ)።
10618,4,Refusal,ወጣቱ ስልጠና አይፈልግም።
10619,0,Assertion,ወጣቱ ከዚህ በኋላ ሬስቶራንት ይገኛል።
10620,3,Promise,አሁን እናቶች ችግር ያመጣል።
10621,8,Warning,ተጠንቀቅ! ጤና ደስ የሚል ነው።
10622,7,Suggestion,ይህን ድርጊት መሞከር ጥሩ ነው።
10623,4,Refusal,አባቶች ዜና አይፈልግም።
10624,7,Suggestion,ወዳጄ ዜና ቢጠቀም ይሻላል።
10625,8,Warning,ሐኪሙ ቦታ አትንካ።
10626,5,Request,እባክህ ቦታ አስረዳኝ።
10627,5,Request,አንዳንድ ሰዎች ዜና ማግኘት ይችላል?
10628,6,Sarcasm/Irony,ልጄ ሁልጊዜ ይረዳል... (በቀልድ)።
10629,5,Request,እሷ ጨዋታ ማግኘት ይችላል?
10630,2,Phatic,እንዴት ነው ስራሽ ገበሬዎች?
10631,8,Warning,ተጠንቀቅ! አገልግሎት ትልቅ ነው።
10632,7,Suggestion,አስተናጋጁ እረፍት ቢጠቀም ይሻላል።
10633,5,Request,አዛውንቱ መጽሐፍ ማግኘት ይችላል?
10634,3,Promise,አትጨነቅ፣ ዕረፍት እከፍላለሁ።
10635,5,Request,ተማሪዎች ደስታ ማግኘት ይችላል?
10636,8,Warning,ገበሬዎች ድል አትንካ።
10637,6,Sarcasm/Irony,አዎ፣ ንግግር በጣም አስፈላጊ ነው... (በተቃራኒ)።
10638,5,Request,አንቺ ጉብኝት ማግኘት ይችላል?
10639,3,Promise,ቃል እገባለሁ ደብዳቤ እንደሚሆን።
10640,6,Sarcasm/Irony,እንዴት ትንሽ ምግብ ነው! (በቀልድ)።
10641,1,Complaint,ለምን ፖሊሱ ህንፃ አልሰጠኝም?
10642,3,Promise,ሹፌሩ በወር ይመጣል ብሎ ቃል ገብቷል።
10643,3,Promise,አሁን አዛውንቱ መጽሐፍ ያመጣል።
10644,3,Promise,ከዚህ በፊት ዳኛው ጊዜ ታመጣለች።
10645,1,Complaint,ለምን ሆቴል እንዲህ ፈጣን ነው?
10646,4,Refusal,ማንም ጉብኝት አይፈልግም።
10647,2,Phatic,ደህና ሁን ዛሬ ገበሬዎች።
10648,7,Suggestion,እንደእኔ አስተያየት ስራ መቀየር ይሻላል።
10649,6,Sarcasm/Irony,እንዴት አንዳንድ ሰዎች በጣም ፈጣን ነው! (በአስቂኝ)።
10650,0,Assertion,እሷ ይታያል ብዙ ጊዜ።
10651,5,Request,ደንበኞች ስብሰባ ማግኘት ይችላል?
10652,6,Sarcasm/Irony,ሹፌሩ በጣም ታማኝ ነው፣ አይዋሽም... (በተቃራኒ)።
10653,3,Promise,ይህን ጊዜ እጠብቃለሁ።
10654,5,Request,ከፈቀድክ መፍትሄ ውሰድ።
10655,5,Request,ሰራተኛው ችግር ማግኘት ይችላል?
10656,0,Assertion,ሁሉም አሉ ብዙ ጊዜ።
10657,4,Refusal,ይቅርታ፣ ቦታ አልሰጥም።
10658,4,Refusal,አባቶች ችግር አይፈልግም።
10659,6,Sarcasm/Irony,አዎ፣ መድሃኒት በጣም አስፈላጊ ነው... (በተቃራኒ)።
10660,8,Warning,ተጠንቀቅ! እቅድ ትንሽ ነው።
10661,7,Suggestion,ወዳጄ ፊልም ቢያደርግ ይሻላል።
10662,5,Request,ዳኛው ጉዞ ማግኘት ይችላል?
10663,3,Promise,በእርግጥ ኮንትራት አደርጋለሁ።
10664,5,Request,መምህራን ውሃ ማግኘት ይችላል?
10665,6,Sarcasm/Irony,ሰራተኞች በጣም ብልህ ነው፣ አልሳሳም... (በአስቂኝ)።
10666,0,Assertion,ዜና በጣም አዲስ ነው።
10667,3,Promise,በጊዜው ብዙ ሰዎች መኪና ያመጣል።
10668,5,Request,እርዳኝ ቤት ለማግኘት።
10669,6,Sarcasm/Irony,አንተ ሁልጊዜ ትክክል ነው... (በሳቅ)።
10670,5,Request,እባክህ ውሳኔ አስረዳኝ።
10671,4,Refusal,ይህን መጽሐፍ ማድረግ አልችልም።
10672,2,Phatic,እንደገና እንገናኝ ነገ ከ መንደር።
10673,1,Complaint,ይህ ህንፃ በጣም ፈጣን ነው፣ አልወድም።
10674,2,Phatic,እንዴት ነው ቀኑ ጓደኛዬ?
10675,2,Phatic,ደህና ሁኚ በወር ፖሊሱ።
10676,5,Request,አባቶች ሆቴል ማግኘት ይችላል?
10677,0,Assertion,ዳኛው አለች ብዙ ጊዜ።
10678,7,Suggestion,እንደእኔ አስተያየት መፍትሄ መቀየር ይሻላል።
10679,1,Complaint,ለምን ዜና እንዲህ ርካሽ ነው?
10680,6,Sarcasm/Irony,እንዴት ብር በጣም ቀላል ነው! (በተቃራኒ)።
10681,3,Promise,ይህን መፍትሄ እጠብቃለሁ።
10682,7,Suggestion,እንግዶች ድልድይ ቢጠቀም ይሻላል።
10683,6,Sarcasm/Irony,ይህ በጣም አስፈላጊ ሀሳብ ነው... (በሳቅ)።
10684,4,Refusal,ይቅርታ፣ መጽሔት አልሰጥም።
10685,3,Promise,በእርግጥ ድልድይ አደርጋለሁ።
10686,2,Phatic,እግዚአብሔር ይጠብቅሽ ባለሙያው።
10687,0,Assertion,መረጃ በጣም ትንሽ ነው።
10688,4,Refusal,አይ፣ እርዳታ አልችልም።
10689,6,Sarcasm/Irony,እርግጥ ነው፣ አሁን ሁሉም ይሳካል... (በተቃራኒ)።
10690,2,Phatic,እንዴት ነው ጤንነትህ ዳኛው?
10691,1,Complaint,ሁልጊዜ መድሃኒት ይጎድላል።
10692,7,Suggestion,ወንዶች ችግር ቢጠቀም ይሻላል።
10693,7,Suggestion,ይህን ዜና መሞከር ጥሩ ነው።
10694,3,Promise,ቃል እገባለሁ ጤና እንደሚሆን።
10695,8,Warning,ተጠንቀቅ! ፕሮጀክት ውድ ነው።
10696,3,Promise,በቅርቡ ሁሉም ዜና ታመጣለች።
10697,4,Refusal,እኔ ዜና አይፈልግም።
10698,3,Promise,በሳምንት ደንበኞች መረጃ ታመጣለች።
10699,0,Assertion,በቀን አባቶች ሆስፒታል ነበር።
10700,7,Suggestion,ማንም ዜና ቢጠቀም ይሻላል።
10701,3,Promise,ከዚህ በፊት እህቶች ስራ ታመጣለች።
10702,8,Warning,አደጋ አለ! ጉብኝት ተጠንቀቅ።
10703,1,Complaint,ሁሉም ስብሰባ ስለ አደገኛ መሆኑ ያማርራል።
10704,6,Sarcasm/Irony,እንዴት ከባድ ነው! (በአስቂኝ መንገድ)።
10705,2,Phatic,እግዚአብሔር ይባርካችሁ ነጋዴዎች።
10706,1,Complaint,እሷ ከ ጨዋታ ጋር ችግር አለው።
10707,5,Request,ባለሙያው ጊዜ ማግኘት ይችላል?
10708,0,Assertion,ድልድይ አሮጌ ነው።
10709,0,Assertion,እውነቱን ለመናገር ውሳኔ ደህንነቱ የተጠበቀ ነው።
10710,3,Promise,አንቺ በቀን ይመጣል ብሎ ቃል ገብቷል።
10711,2,Phatic,በጣም ደስ ብሎኛል ስላየሁህ በሳምንት።
10712,6,Sarcasm/Irony,ሁሉም ሰው ንግግር ይወዳል... (በአስቂኝ)።
10713,2,Phatic,ሰላም አዛውንቶች፣ ምን ሰራሽ በወር?
10714,3,Promise,በሳምንት አንቺ መጽሔት ያመጣል።
10715,8,Warning,ይህን ቦታ አታድርግ።
10716,2,Phatic,መልካም ጊዜ ከ ቢሮ አንድ ሰው።
10717,2,Phatic,እግዚአብሔር ከአንቺ ጋር ይሁን በሳምንት።
10718,8,Warning,አትርሳ ደስታ።
10719,3,Promise,ቃል እገባለሁ ዕረፍት እንደሚሆን።
10720,5,Request,ወንድሜ ደስታ ማግኘት ይችላል?
10721,3,Promise,ነገ ሐኪሞች ክፍያ ታመጣለች።
10722,5,Request,ልጄ ሙያ ማግኘት ይችላል?
10723,5,Request,ታካሚዎች እድል ማግኘት ይችላል?
10724,3,Promise,እኔ ክፍያ አላረሳም።
10725,2,Phatic,መልካም ሳምንት አንቺ።
10726,0,Assertion,ዳኛው ፈቃድ አላት።
10727,4,Refusal,እቅድ አልፈልግም፣ አመሰግናለሁ።
10728,2,Phatic,ምን ዜና አለ ሴቶች?
10729,1,Complaint,ማንም ከ መጽሐፍ ጋር ችግር አለው።
10730,0,Assertion,ወዳጄ ዕድል አስፈላጊ ነው።
10731,8,Warning,ተጠንቀቅ፣ ጎረቤቴ ይመጣል።
10732,7,Suggestion,ምናልባት ዘገይተኛ ኮንትራት መግዛት?
10733,6,Sarcasm/Irony,እርግጥ፣ መንደር በጣም ቅርብ ነው... (በሳቅ)።
10734,1,Complaint,ወዳጄ ድልድይ ስለ አሮጌ መሆኑ ያማርራል።
10735,1,Complaint,ሰራተኛው ከ ምክር ጋር ችግር አለው።
10736,6,Sarcasm/Irony,እርግጥ ነው፣ ሙዚቃ በጣም ፈጣን ነው... (በቀልድ)።
10737,4,Refusal,ይቅርታ፣ ቅጣት አልሰጥም።
10738,7,Suggestion,ወንዶች ምክር ቢጠቀም ይሻላል።
10739,4,Refusal,እኔ ዕድል አልቀበልም።
10740,4,Refusal,ስብሰባ አልፈልግም፣ አመሰግናለሁ።
10741,3,Promise,ሐኪሞች በወር ይመጣል ብሎ ቃል ገብቷል።
10742,2,Phatic,ምን ዜና አለ ከ ቤተ ክርስቲያን እናቶች?
10743,6,Sarcasm/Irony,ሁሉም ሰው ክፍያ ይወዳል... (በአስቂኝ)።
10744,7,Suggestion,ምናልባት ትንሽ ምክር መግዛት?
10745,3,Promise,በእርግጠኝነት ባንክ እገኛለሁ።
10746,4,Refusal,አይ፣ መፍትሄ አልችልም።
10747,6,Sarcasm/Irony,እንዴት ከባድ ሁኔታ ነው! (በቀልድ)።
10748,5,Request,ጓደኞች ሙያ ማግኘት ይችላል?
10749,3,Promise,ዛሬ ወንድሜ ቁልፍ ያመጣል።
10750,4,Refusal,አዛውንቱ ፕሮጀክት አይፈልግም።
10751,4,Refusal,አዛውንቱ ህንፃ አይፈልግም።
10752,8,Warning,አደጋ አለ! ውሃ ተጠንቀቅ።
10753,7,Suggestion,ምናልባት ያሳዝናል ዜና መግዛት?
10754,8,Warning,ተጠንቀቅ! ብር ከባድ ነው።
10755,7,Suggestion,ምናልባት እርዳታ ማድረግ ይሻላል።
10756,7,Suggestion,ወንድሜ ውሳኔ ቢጠቀም ይሻላል።
10757,6,Sarcasm/Irony,ጓደኞች ሁልጊዜ ትክክል ነው... (በሳቅ)።
10758,6,Sarcasm/Irony,እኔ ሁልጊዜ ትክክል ነው... (በሳቅ)።
10759,4,Refusal,ሐኪሙ ዜና አይፈልግም።
10760,8,Warning,ተጠንቀቅ ዛሬ።
10761,5,Request,አለቃዬ ገንዘብ ማግኘት ይችላል?
10762,6,Sarcasm/Irony,እርግጥ፣ ሀሳብ በጣም ውድ ነው... (በአስቂኝ)።
10763,5,Request,ወዳጄ መንገድ ማግኘት ይችላል?
10764,2,Phatic,ደህና ሁኚ አዛውንቶች ከ ሐረር።
10765,2,Phatic,ደህና ቀን ይሁንልሽ አባቴ።
10766,8,Warning,ሆስፒታል አትግባ፣ አደገኛ ነው።
10767,7,Suggestion,ምናልባት ያሳዝናል ኮምፒውተር መግዛት?
10768,1,Complaint,ወንድሞች ችግር ስለ አስቸጋሪ መሆኑ ያማርራል።
10769,0,Assertion,ይህ ብር ርካሽ መሆኑን እረጋገጣለሁ።
10770,5,Request,አስተናጋጁ ጊዜ ማግኘት ይችላል?
10771,2,Phatic,እንኳን ለበዓል አደረሰሽ ከዚህ በኋላ።
10772,1,Complaint,በማለዳ አንዳንድ ሰዎች ስልክ አላገኘም።
10773,3,Promise,ከዚህ በፊት መምህራን ቅጣት ታመጣለች።
10774,2,Phatic,ሰላም አዛውንቱ፣ ምን ሰራሽ በሰዓት?
10775,4,Refusal,ጎረቤቴ ውሳኔ አይፈልግም።
10776,3,Promise,በሳምንት ደንበኞች ጊዜ ያመጣል።
10777,8,Warning,ተጠንቀቅ! ስልክ ከባድ ነው።
10778,5,Request,ፖሊሱ ንግግር ማግኘት ይችላል?
10779,1,Complaint,ሹፌሩ ስለ ኮንትራት ቅሬታ አለው።
10780,2,Phatic,ምን ዜና አለ ነገ ከ መንደር?
10781,0,Assertion,ይህ እረፍት አሮጌ መሆኑን እረጋገጣለሁ።
10782,0,Assertion,ተማሪዎች ናቸው ብዙ ጊዜ።
10783,6,Sarcasm/Irony,እንዴት ክፍያ በጣም ቀላል ነው! (በተቃራኒ)።
10784,3,Promise,አዛውንቶች በሰዓት ትመጣለች ብሎ ቃል ገብቷል።
10785,1,Complaint,እኛ ስለ ሙዚቃ ቅሬታ አለው።
10786,0,Assertion,መድሃኒት ትልቅ ነው።
10787,3,Promise,እኔ ጨዋታ እሰጥሃለሁ።
10788,6,Sarcasm/Irony,በጣም ፈጣን ነው፣ ማንም አይቃወምም... (በቀልድ)።
10789,6,Sarcasm/Irony,አዎ፣ አዲስ አበባ በጣም ምቹ ነው... (በአስቂኝ)።
10790,4,Refusal,እኔ ደብዳቤ አይፈልግም።
10791,6,Sarcasm/Irony,እርግጥ ነው፣ በማታ ሁሉም ይረዳል... (በአስቂኝ)።
10792,7,Suggestion,እህቶች ሙያ ቢያደርግ ይሻላል።
10793,3,Promise,በማለዳ አባቴ ቦታ ታመጣለች።
10794,3,Promise,ይህን ሙያ እጠብቃለሁ።
10795,8,Warning,ተጠንቀቅ! ጤና ያሳዝናል ነው።
10796,6,Sarcasm/Irony,አንድ ሰው ሁልጊዜ ትክክል ነው... (በሳቅ)።
10797,5,Request,ይህን ብር ማየት እችላለሁ?
10798,3,Promise,እህቶች አሁን ይመጣል ብሎ ቃል ገብቷል።
10799,4,Refusal,ሐኪሞች ዜና አይፈልግም።
10800,1,Complaint,አንድ ሰው ስለ እረፍት ቅሬታ አለው።
10801,4,Refusal,ማንም ደብዳቤ አይፈልግም።
10802,0,Assertion,ገበሬዎች ሆቴል ደስ የሚል ነው።
10803,5,Request,ፖሊሱ መድሃኒት ማግኘት ይችላል?
10804,8,Warning,ይህ ስብሰባ አደገኛ ነው።
10805,3,Promise,ቃል እገባለሁ እርዳታ እንደሚሆን።
10806,7,Suggestion,ነጋዴዎች እቅድ ቢያደርግ ይሻላል።
10807,8,Warning,ይህን ድል አታድርግ።
10808,5,Request,እኛ ዜና ማግኘት ይችላል?
10809,3,Promise,እኔ ድርጊት አላረሳም።
10810,7,Suggestion,አዛውንቱ ዜና ቢያደርግ ይሻላል።
10811,4,Refusal,ሴቶች ስልጠና አይፈልግም።
10812,2,Phatic,ጤና ይስጥልኝ በሳምንት አባቶች።
10813,6,Sarcasm/Irony,እሱ በጣም ታማኝ ነው፣ አይዋሽም... (በተቃራኒ)።
10814,7,Suggestion,ሁሉም ክፍያ ቢያደርግ ይሻላል።
10815,2,Phatic,በደህና ሂድ እህቶች።
10816,4,Refusal,እሷ መንገድ አይፈልግም።
10817,2,Phatic,ሰላም ልጄ፣ እንዴት ነህ ከ ባንክ?
10818,5,Request,ይህን ሽልማት ማየት እችላለሁ?
10819,6,Sarcasm/Irony,በጣም ርካሽ ነው፣ አልችልም እንዳልል።
10820,3,Promise,ወጣቶች በቀን ትመጣለች ብሎ ቃል ገብቷል።
10821,4,Refusal,አዛውንቱ ስልክ አይፈልግም።
10822,7,Suggestion,ገበሬዎች ጊዜ ቢያደርግ ይሻላል።
10823,2,Phatic,እንዴት ነው ስራህ እኛ?
10824,8,Warning,ተጠንቀቅ! ፕሮጀክት ደህንነቱ የተጠበቀ ነው።
10825,2,Phatic,ደህና ሁኚ መምህራን ከ ገበያ።
10826,6,Sarcasm/Irony,ይህ በጣም ጥሩ ሀሳብ ነው... (በሳቅ)።
10827,6,Sarcasm/Irony,እርግጥ ነው፣ መረጃ በጣም ርካሽ ነው... (በአስቂኝ)።
10828,0,Assertion,ሐኪሙ ፕሮጀክት አስደሳች ይታያል።
10829,6,Sarcasm/Irony,እንዴት ያለ ፍጹም ዜና ነው! (በሳቅ)።
10830,3,Promise,ይህን ኮምፒውተር እጠብቃለሁ።
10831,5,Request,ዳኛው ፊልም ማግኘት ይችላል?
10832,1,Complaint,ትናንት ጓደኞች ዜና አላገኘም።
10833,4,Refusal,እኔ ቤት አልቀበልም።
10834,1,Complaint,በፍጥነት ወጣቶች ጊዜ አላገኘም።
10835,4,Refusal,መምህራን ድል አይፈልግም።
10836,2,Phatic,እንኳን ለሠርጉ አደረሰ እንግዶች።
10837,5,Request,አለቆች ምግብ ማግኘት ይችላል?
10838,1,Complaint,መረጃ አልሰራም፣ ችግር አለ።
10839,7,Suggestion,ሁሉም እቅድ ቢያደርግ ይሻላል።
10840,1,Complaint,ለምን ወንድሞች ደስታ አልሰጠኝም?
10841,8,Warning,አደጋ አለ! ሆቴል ተጠንቀቅ።
10842,2,Phatic,ደስ ብሎኛል ስለሰማሁህ እነሱ።
10843,7,Suggestion,ምናልባት ያሳዝናል ዕድል መግዛት?
10844,6,Sarcasm/Irony,እርግጥ ነው፣ ዛሬ ሁሉም ደስተኛ ነው... (በአስቂኝ)።
10845,7,Suggestion,ምናልባት ንጹህ ቦታ መግዛት?
10846,1,Complaint,እህቶች ከ ዕረፍት ጋር ችግር አለው።
10847,3,Promise,በፍጥነት ሐኪሞች ፊልም ያመጣል።
10848,7,Suggestion,ፖሊሱ ጊዜ ቢጠቀም ይሻላል።
10849,1,Complaint,ይህ እቅድ በጣም አስደሳች ነው፣ አልወድም።
10850,1,Complaint,እኛ ስለ ክፍያ ቅሬታ አለው።
10851,4,Refusal,ጓደኛዬ ስልጠና አይፈልግም።
10852,1,Complaint,ወጣቶች ስለ ውሃ ቅሬታ አለው።
10853,0,Assertion,ልጆች ናት ብዙ ጊዜ።
10854,3,Promise,ቃል እገባለሁ ደስታ እንደሚሆን።
10855,3,Promise,በእርግጥ አገልግሎት አደርጋለሁ።
10856,1,Complaint,ለምን ታካሚዎች ዜና አልሰጠኝም?
10857,1,Complaint,በሰዓት ወንድሞች መፍትሄ አላገኘም።
10858,7,Suggestion,ምናልባት ከባድ መንገድ መግዛት?
10859,3,Promise,ወጣቱ በቀን ትመጣለች ብሎ ቃል ገብቷል።
10860,8,Warning,አትርሳ መረጃ።
10861,6,Sarcasm/Irony,እንዴት ኮምፒውተር በጣም ቀላል ነው! (በተቃራኒ)።
10862,7,Suggestion,ምናልባት መድሃኒት ማድረግ ይሻላል።
10863,1,Complaint,ባለቤቴ ስለ ፕሮጀክት ቅሬታ አለው።
10864,2,Phatic,መልካም ምሽት ከ ባንክ ሐኪሞች።
10865,3,Promise,በወር ገበሬዎች ኮምፒውተር ያመጣል።
10866,6,Sarcasm/Irony,እርግጥ፣ ትናንት ይሆናል... (በአስቂኝ)።
10867,7,Suggestion,እንዴት ቢሆን እቅድ ብናደርግ?
10868,2,Phatic,ደህና ሁን ከዚህ በኋላ ደንበኞች።
10869,1,Complaint,ሁልጊዜ ኮምፒውተር ይጎድላል።
10870,8,Warning,አባቶች ፕሮጀክት አትንካ።
10871,0,Assertion,ከዚህ በኋላ ልጄ አዲስ አበባ ነበር።
10872,4,Refusal,አገልግሎት አልፈልግም፣ አመሰግናለሁ።
10873,2,Phatic,ጤናማ ሳምንት ይሁንልህ ሰራተኞች።
10874,6,Sarcasm/Irony,አዎ አንቺ በጣም ፈጣን ነው... (በቀልድ)።
10875,2,Phatic,ሰላም ዳኛው ከ ሆስፒታል።
10876,0,Assertion,እኔ እረፍት እንደሚያስፈልግ አውቃለሁ።
10877,3,Promise,ይህን ሀሳብ እጠብቃለሁ።
10878,5,Request,ወንድሜ ፊልም ማግኘት ይችላል?
10879,0,Assertion,እውነቱን ለመናገር ምግብ አስደሳች ነው።
10880,8,Warning,ተጠንቀቅ! ሰላም ትንሽ ነው።
10881,7,Suggestion,ወጣቱ ሀሳብ ቢጠቀም ይሻላል።
10882,8,Warning,ወዳጄ ቤት አትንካ።
10883,0,Assertion,ጎረቤቴ በሳምንት አዋሳ ይገኛል።
10884,7,Suggestion,ነጋዴዎች ንግግር ቢያደርግ ይሻላል።
10885,7,Suggestion,ምናልባት ጥሩ ቁልፍ መግዛት?
10886,0,Assertion,እኔ ምግብ ቤት እንደሚያስፈልግ አውቃለሁ።
10887,1,Complaint,ይህ መረጃ በጣም ያሳዝናል ነው፣ አልወድም።
10888,6,Sarcasm/Irony,አዎ፣ ይህ ትንሽ ሀሳብ ነው... (በሳቅ)።
10889,0,Assertion,ባለቤቴ በወር አዋሳ ይገኛል።
10890,4,Refusal,ሐኪሞች ውሳኔ አይፈልግም።
10891,6,Sarcasm/Irony,ሐኪሙ ሁልጊዜ ትክክል ነው... (በሳቅ)።
10892,0,Assertion,እናቶች በማለዳ ቤት ይገኛል።
10893,6,Sarcasm/Irony,አዎ፣ መንደር በጣም ደህንነቱ የተጠበቀ ነው... (በተቃራኒ)።
10894,0,Assertion,እሷ ወረቀት አላት።
10895,3,Promise,ከዚህ በኋላ ሁሉም ምግብ ታመጣለች።
10896,4,Refusal,ልጄ መኪና አይፈልግም።
10897,5,Request,አባቴ ፈቃድ ማግኘት ይችላል?
10898,4,Refusal,እኔ መጽሔት አልቀበልም።
10899,6,Sarcasm/Irony,ወጣቱ ሁልጊዜ ትክክል ነው... (በሳቅ)።
10900,0,Assertion,ሰራተኛው ናቸው ብዙ ጊዜ።
10901,0,Assertion,አገልግሎት ቀላል ነው።
10902,4,Refusal,ጎረቤቴ ድርጊት አይፈልግም።
10903,3,Promise,ከዚህ በኋላ ዳኛው ውሃ ታመጣለች።
10904,6,Sarcasm/Irony,እርግጥ ነው፣ ዕድል በጣም ርካሽ ነው... (በአስቂኝ)።
10905,2,Phatic,እንኳን ደህና ኑሩ እናቴ።
10906,5,Request,ወጣቱ ወረቀት ማግኘት ይችላል?
10907,3,Promise,ነገ አባቶች ወረቀት ታመጣለች።
10908,7,Suggestion,ሰራተኞች ክፍያ ቢያደርግ ይሻላል።
10909,3,Promise,ነገ እሱ ኮንትራት ታመጣለች።
10910,4,Refusal,አባቴ ቅጣት አይፈልግም።
10911,2,Phatic,ምን አዲስ ነገር አለ ከ መንደር?
10912,8,Warning,ተጠንቀቅ! ውሃ ትልቅ ነው።
10913,4,Refusal,አንተ ምግብ ቤት አይፈልግም።
10914,5,Request,አለቆች ህንፃ ማግኘት ይችላል?
10915,7,Suggestion,ሐኪሞች ወረቀት ቢጠቀም ይሻላል።
10916,8,Warning,ፖሊሱ ስልክ አትንካ።
10917,7,Suggestion,ምናልባት ሀሳብ ማድረግ ይሻላል።
10918,1,Complaint,ፖሊሱ ስለ እርዳታ ቅሬታ አለው።
10919,4,Refusal,ጓደኛዬ መድሃኒት አይፈልግም።
10920,6,Sarcasm/Irony,እርግጥ ነው፣ ኮንትራት በጣም አስደሳች ነው... (በቀልድ)።
10921,8,Warning,ተጠንቀቅ! ዜና አስቸጋሪ ነው።
10922,5,Request,አንቺ ስራ ማግኘት ይችላል?
10923,5,Request,ነጋዴዎች ጊዜ ማግኘት ይችላል?
10924,1,Complaint,ይህ ውሳኔ በጣም ንጹህ ነው፣ አልወድም።
10925,8,Warning,ወንድሞች እቅድ አትንካ።
10926,7,Suggestion,ምናልባት አሮጌ እረፍት መግዛት?
10927,7,Suggestion,ገበሬዎች ውሳኔ ቢያደርግ ይሻላል።
10928,2,Phatic,እግዚአብሔር ይባርካችሁ ጓደኞች።
10929,0,Assertion,ሴቶች ነው ብዙ ጊዜ።
10930,1,Complaint,ብዙ ሰዎች ስለ ጊዜ ቅሬታ አለው።
10931,7,Suggestion,አንተ ውሳኔ ቢጠቀም ይሻላል።
10932,7,Suggestion,ምናልባት ፕሮጀክት ማድረግ ይሻላል።
10933,0,Assertion,ዕድል ርካሽ ነው።
10934,6,Sarcasm/Irony,እንዴት እናቶች በጣም ፈጣን ነው! (በአስቂኝ)።
10935,5,Request,እባክዎ እርዳታ ይላኩልኝ።
10936,3,Promise,አሁን ወጣቱ ክፍያ ያመጣል።
10937,4,Refusal,አለቆች መንገድ አይፈልግም።
10938,2,Phatic,እግዚአብሔር ይባርክሽ በሳምንት።
10939,8,Warning,ይህ ደብዳቤ አደገኛ ነው።
10940,3,Promise,እኔ መድሃኒት አላረሳም።
10941,0,Assertion,እውነቱን ለመናገር ሀሳብ አሮጌ ነው።
10942,5,Request,ከፈቀድሽ ብር ውሰድ።
10943,7,Suggestion,እንደእኔ አስተያየት ወረቀት መቀየር ይሻላል።
10944,2,Phatic,እንደገና እንገናኝ ወጣቱ።
10945,6,Sarcasm/Irony,እርግጥ ነው፣ ትናንት ሁሉም ይሳካል... (በተቃራኒ)።
10946,7,Suggestion,ምናልባት ንጹህ ቅጣት መግዛት?
10947,2,Phatic,ቤተሰብህ ደህና ናቸው ወንዶች?
10948,8,Warning,ወጣቶች ጨዋታ አትንካ።
10949,5,Request,እባክዎ ውሳኔ ይላኩልኝ።
10950,5,Request,እርዳኝ ገንዘብ ለማግኘት።
10951,7,Suggestion,እንዴት ቢሆን ድርጊት ብናደርግ?
10952,6,Sarcasm/Irony,አዎ፣ በሰዓት ሁሉም ዝግጁ ነው... (በተቃራኒ)።
10953,1,Complaint,ይህ ጤና በጣም አስፈላጊ ነው፣ አልወድም።
10954,1,Complaint,ይህ ምግብ በጣም ደህንነቱ የተጠበቀ ነው፣ አልወድም።
10955,6,Sarcasm/Irony,አዎ፣ ባንክ በጣም ደህንነቱ የተጠበቀ ነው... (በተቃራኒ)።
10956,8,Warning,ተጠንቀቅ! መጽሔት ደስ የሚል ነው።
10957,1,Complaint,ጓደኞች ሆቴል ስለ ቀላል መሆኑ ያማርራል።
10958,4,Refusal,ይቅርታ፣ ኮንትራት አልሰጥም።
10959,6,Sarcasm/Irony,እንዴት ርካሽ ኮምፒውተር ነው! (በቀልድ)።
10960,0,Assertion,አንዳንድ ሰዎች ዕድል አለው።
10961,3,Promise,በማታ እህቶች ቅጣት ታመጣለች።
10962,2,Phatic,ደህና ሁኚ ባለሙያው።
10963,6,Sarcasm/Irony,ድል በጣም ውድ ነው፣ ግን ዋጋው አለው... (በቀልድ)።
10964,2,Phatic,ጤናማ ቀን ከ ሬስቶራንት።
10965,8,Warning,ተጠንቀቅ! ደብዳቤ አስቸጋሪ ነው።
10966,4,Refusal,እኔ ቦታ አይፈልግም።
10967,3,Promise,ነገ ጓደኛዬ ድል ያመጣል።
10968,8,Warning,ተማሪዎች ትምህርት አትንካ።
10969,6,Sarcasm/Irony,እርግጥ ነው፣ ነገ ሁሉም ይረዳል... (በአስቂኝ)።
10970,4,Refusal,አንቺ ኮንትራት አይፈልግም።
10971,6,Sarcasm/Irony,አዎ፣ ይህ ትምህርት በጣም ጠቃሚ ነው... (በሳቅ)።
10972,2,Phatic,ደህና እንደምትሆን ተስፋ አደርጋለሁ ደንበኞች።
10973,8,Warning,ተጠንቀቅ! ትምህርት ከባድ ነው።
10974,8,Warning,ተጠንቀቅ! ሰላም አስቸጋሪ ነው።
10975,0,Assertion,መረጃ ደህንነቱ የተጠበቀ ነው።
10976,6,Sarcasm/Irony,እንዴት ያለ ጤና ነው! (በቀልድ)።
10977,2,Phatic,እንዴት ነው ቤተሰብህ ሰራተኛው?
10978,3,Promise,እኔ ህንፃ አላረሳም።
10979,7,Suggestion,ምናልባት ጤና ማድረግ ይሻላል።
10980,5,Request,አንዳንድ ሰዎች መኪና ማግኘት ይችላል?
10981,4,Refusal,ሰራተኛው መኪና አይፈልግም።
10982,1,Complaint,ወንድሜ ስለ ችግር ቅሬታ አለው።
10983,1,Complaint,ወዳጄ ከ ምግብ ቤት ጋር ችግር አለው።
10984,6,Sarcasm/Irony,እንዴት ድል በጣም ቀላል ነው! (በተቃራኒ)።
10985,4,Refusal,እናቶች ትምህርት አይፈልግም።
10986,2,Phatic,ሰላምታዬን አቀርባለሁ ከ ሆስፒታል።
10987,8,Warning,ባህር ዳር አትግባ፣ አደገኛ ነው።
10988,3,Promise,ከዚህ በፊት እናቴ ገንዘብ ታመጣለች።
10989,8,Warning,እኔ ብር አትንካ።
10990,8,Warning,ተጠንቀቅ! ወረቀት ቀላል ነው።
10991,8,Warning,ተጠንቀቅ! ፕሮጀክት ትንሽ ነው።
10992,5,Request,ብዙ ሰዎች ፈቃድ ማግኘት ይችላል?
10993,0,Assertion,በማታ አንዳንድ ሰዎች አዋሳ ነበር።
10994,7,Suggestion,ምናልባት አስቸጋሪ ቁልፍ መግዛት?
10995,2,Phatic,ሰላም ባለሙያው፣ ምን ሰራህ ከ ጎንደር?
10996,6,Sarcasm/Irony,አዎ፣ ይህ ድልድይ በጣም ጠቃሚ ነው... (በሳቅ)።
10997,7,Suggestion,እንዴት ቢሆን ከተማ ብንሄድ?
10998,6,Sarcasm/Irony,እርግጥ ነው፣ ከዚህ በኋላ ሁሉም ይሳካል... (በተቃራኒ)።
10999,5,Request,ዳኛው ድል ማግኘት ይችላል?
11000,6,Sarcasm/Irony,በጣም ትንሽ ነው፣ ምንም አደጋ የለም... (በሳቅ)።
11001,3,Promise,አትጨነቅ፣ ፕሮጀክት እከፍላለሁ።
11002,3,Promise,በእርግጥ ስብሰባ አደርጋለሁ።
11003,3,Promise,ትናንት ወንዶች መንገድ ታመጣለች።
11004,3,Promise,አሁን አዛውንቱ ፈቃድ ያመጣል።
11005,7,Suggestion,እኔ ወረቀት እንድታደርግ እመክራለሁ።
11006,3,Promise,በማታ ደንበኞች ፊልም ታመጣለች።
11007,1,Complaint,እናቴ ከ መፍትሄ ጋር ችግር አለው።
11008,2,Phatic,እንኳን ለልደትሽ አደረሰ ፖሊሱ።
11009,0,Assertion,እውነቱን ለመናገር ገንዘብ ዘገይተኛ ነው።
11010,3,Promise,ይህን ጨዋታ እጠብቃለሁ።
11011,2,Phatic,ጤና ይስጥልኝ አሁን ወጣቱ።
11012,2,Phatic,እንዴት ነው ጤንነትሽ አለቃዬ?
11013,5,Request,ጎረቤቴ መንገድ ማግኘት ይችላል?
11014,6,Sarcasm/Irony,እንዴት ያለ ስብሰባ ነው! (በቀልድ)።
11015,7,Suggestion,ምናልባት ቅጣት ማድረግ ይሻላል።
11016,6,Sarcasm/Irony,እርግጥ፣ ምክር በጣም ውድ ነው... (በአስቂኝ)።
11017,1,Complaint,እሷ ስለ ፕሮጀክት ቅሬታ አለው።
11018,6,Sarcasm/Irony,አዎ፣ ጉዞ በጣም አስፈላጊ ነው... (በተቃራኒ)።
11019,6,Sarcasm/Irony,እሷ ሁልጊዜ ትክክል ነው፣ እርግጥ ነው... (በሳቅ)።
11020,5,Request,እባክዎ ሀሳብ ይላኩልኝ።
11021,5,Request,መምህራን ቦታ ማግኘት ይችላል?
11022,5,Request,እባክዎ ጤና ያድርጉልኝ።
11023,3,Promise,እኔ ጉዞ አላረሳም።
11024,7,Suggestion,ምናልባት አስደሳች ደብዳቤ መግዛት?
11025,2,Phatic,እንኳን ለበዓል አደረሰሽ ባለቤቴ።
11026,2,Phatic,እንዴት ነው ስራሽ ልጄ?
11027,3,Promise,በጊዜው አንተ ቤት ያመጣል።
11028,2,Phatic,እግዚአብሔር ይባርካችሁ ሰራተኛው።
11029,8,Warning,አባቶች ፊልም አትንካ።
11030,8,Warning,አንቺ ብር አትንካ።
11031,4,Refusal,ታካሚዎች መጽሔት አይፈልግም።
11032,6,Sarcasm/Irony,ቅጣት በጣም ውድ ነው፣ ግን ዋጋው አለው... (በቀልድ)።
11033,0,Assertion,እውነቱን ለመናገር ቤት ፈጣን ነው።
11034,1,Complaint,ለምን መምህራን ፕሮጀክት አልሰጠኝም?
11035,1,Complaint,ይህ ወረቀት በጣም አስደሳች ነው፣ አልወድም።
11036,8,Warning,ገበሬዎች ወረቀት አትንካ።
11037,5,Request,እባክህ ሀሳብ አስረዳኝ።
11038,7,Suggestion,እሱ ውሳኔ ቢጠቀም ይሻላል።
11039,0,Assertion,ኮምፒውተር በጣም መጥፎ ነው።
11040,5,Request,ዳኛው ስብሰባ ማግኘት ይችላል?
11041,5,Request,አንድ ሰው ውሃ ማግኘት ይችላል?
11042,1,Complaint,ከዚህ በፊት አስተማሪው ዕድል አላገኘም።
11043,8,Warning,ተጠንቀቅ! እርዳታ ዘገይተኛ ነው።
11044,6,Sarcasm/Irony,እንዴት ያለ ደህንነቱ የተጠበቀ ሀሳብ ነው! (በሳቅ)።
11045,2,Phatic,ደህና ሁኚ ሁሉም ከ መንደር።
11046,2,Phatic,እንዴት አለፍክ ከ መንደር ጎረቤቴ?
11047,2,Phatic,እንኳን ለአዲስ ዓመት አደረሰ ሹፌሩ።
11048,7,Suggestion,ልጄ ጉዞ ቢጠቀም ይሻላል።
11049,1,Complaint,አንቺ ሆቴል ስለ ትንሽ መሆኑ ያማርራል።
11050,3,Promise,በእርግጥ ምግብ አደርጋለሁ።
11051,7,Suggestion,እነሱ ዕረፍት ቢያደርግ ይሻላል።
11052,7,Suggestion,ምናልባት አስቸጋሪ እቅድ መግዛት?
11053,6,Sarcasm/Irony,እርግጥ፣ እቅድ በጣም ውድ ነው... (በአስቂኝ)።
11054,1,Complaint,ለምን ስራ እንዲህ ደህንነቱ የተጠበቀ ነው?
11055,7,Suggestion,ምናልባት አዲስ ምግብ ቤት መግዛት?
11056,0,Assertion,እውነቱን ለመናገር ድርጊት አሮጌ ነው።
11057,0,Assertion,ነገ አንተ ጎንደር ነበር።
11058,8,Warning,ልጄ ድል አትንካ።
11059,8,Warning,ማንም ስልክ አትንካ።
11060,3,Promise,ማንም በሳምንት ይመጣል ብሎ ቃል ገብቷል።
11061,5,Request,እባክዎ ቤት ያድርጉልኝ።
11062,7,Suggestion,ወዳጄ ድል ቢጠቀም ይሻላል።
11063,5,Request,እኛ ስብሰባ ማግኘት ይችላል?
11064,3,Promise,ይህን እርዳታ እጠብቃለሁ።
11065,4,Refusal,ሰራተኞች ችግር አይፈልግም።
11066,7,Suggestion,አባቶች ንግግር ቢጠቀም ይሻላል።
11067,7,Suggestion,ምናልባት ከዚህ በፊት ብንገናኝ?
11068,3,Promise,እኔ ቤት አላረሳም።
11069,3,Promise,በማታ ሹፌሩ ሀሳብ ታመጣለች።
11070,4,Refusal,ዳኛው እርዳታ አይፈልግም።
11071,1,Complaint,ሐኪሞች ምግብ ስለ አሮጌ መሆኑ ያማርራል።
11072,2,Phatic,ደህና ሁኚ አባቶች።
11073,1,Complaint,ሆቴል አልሰራም፣ ችግር አለ።
11074,5,Request,እባክዎ እቅድ ያድርጉልኝ።
11075,0,Assertion,ጉብኝት በጣም አስፈላጊ ነው።
11076,7,Suggestion,ማንም ወረቀት ቢጠቀም ይሻላል።
11077,0,Assertion,ወንዶች በቅርቡ ፓርክ ይገኛል።
11078,3,Promise,ቃል እገባለሁ መጽሔት እንደሚሆን።
11079,8,Warning,ተጠንቀቅ! ጨዋታ ደህንነቱ የተጠበቀ ነው።
11080,5,Request,እባክዎ ጉዞ ያድርጉልኝ።
11081,3,Promise,እኔ ስብሰባ እሰጥሻለሁ።
11082,3,Promise,በማለዳ ጎረቤቴ ፊልም ያመጣል።
11083,8,Warning,ተጠንቀቅ! ስብሰባ አስፈላጊ ነው።
11084,3,Promise,አትጨነቅ፣ ችግር እከፍላለሁ።
11085,6,Sarcasm/Irony,እንዴት ያለ ጥሩ ወረቀት ነው! (በተቃራኒ)።
11086,7,Suggestion,ፖሊሱ ቅጣት ቢያደርግ ይሻላል።
11087,1,Complaint,ለምን ምግብ ቤት እንዲህ አደገኛ ነው?
11088,6,Sarcasm/Irony,በጣም አስቸጋሪ ነው፣ አልችልም እንዳልል።
11089,7,Suggestion,ምናልባት ስልጠና ማድረግ ይሻላል።
11090,0,Assertion,አንቺ አስፈላጊ ነው ብዙ ጊዜ።
11091,4,Refusal,ወንድሞች ጨዋታ አይፈልግም።
11092,2,Phatic,ሰላም አንቺ፣ ምን አለ በወር?
11093,4,Refusal,መምህራን ሰላም አይፈልግም።
11094,4,Refusal,ወዳጄ ውሳኔ አይፈልግም።
11095,4,Refusal,ልጆች ድል አይፈልግም።
11096,0,Assertion,በማለዳ አንቺ ትምህርት ቤት ነበር።
11097,5,Request,ገበሬዎች ዜና ማግኘት ይችላል?
11098,8,Warning,ሐኪሙ ጉዞ አትንካ።
11099,6,Sarcasm/Irony,እህቴ በጣም ታማኝ ነው፣ አይዋሽም... (በተቃራኒ)።
11100,6,Sarcasm/Irony,በጣም ያሳዝናል ነው፣ ማንም አያውቅም... (በሳቅ)።
11101,2,Phatic,በሰላም እንገናኝ ከ አዋሳ።
11102,0,Assertion,ልጆች ይቻላል ብዙ ጊዜ።
11103,1,Complaint,ለምን ጓደኞች ምግብ አልሰጠኝም?
11104,3,Promise,በቅርቡ ወንዶች ኮምፒውተር ታመጣለች።
11105,3,Promise,አንቺ በሳምንት ትመጣለች ብሎ ቃል ገብቷል።
11106,8,Warning,ተጠንቀቅ፣ ደንበኞች ይመጣል።
11107,8,Warning,ይህን ደብዳቤ አታድርግ።
11108,1,Complaint,በፍጥነት ሴቶች ሆቴል አላገኘም።
11109,4,Refusal,አለቆች ሰላም አይፈልግም።
11110,5,Request,እናቶች እርዳታ ማግኘት ይችላል?
11111,1,Complaint,እነሱ ከ ደብዳቤ ጋር ችግር አለው።
11112,4,Refusal,አባቶች ኮንትራት አይፈልግም።
11113,8,Warning,እሷ መጽሐፍ አትንካ።
11114,3,Promise,በፍጥነት ሰራተኞች ሆቴል ታመጣለች።
11115,0,Assertion,ስልጠና ንጹህ ነው።
11116,2,Phatic,እግዚአብሔር ከአንቺ ጋር ይሁን ልጆች።
11117,4,Refusal,ወጣቱ መረጃ አይፈልግም።
11118,0,Assertion,አንድ ሰው ይሻላል ብዙ ጊዜ።
11119,0,Assertion,ጉብኝት አዲስ ነው።
11120,0,Assertion,በቀን እሷ ትምህርት ቤት ነበር።
11121,7,Suggestion,አስተናጋጁ መረጃ ቢያደርግ ይሻላል።
11122,3,Promise,ደንበኞች በሳምንት ይመጣል ብሎ ቃል ገብቷል።
11123,2,Phatic,ደህና ሁኑ ጎረቤቴ።
11124,2,Phatic,እንኳን ለበዓሉ አደረሰ ፖሊሱ።
11125,7,Suggestion,ምናልባት መረጃ ማድረግ ይሻላል።
11126,8,Warning,ተጠንቀቅ! ችግር ውድ ነው።
11127,2,Phatic,እግዚአብሔር ይባርካችሁ አለቃዬ።
11128,8,Warning,ተጠንቀቅ! ሽልማት ፈጣን ነው።
11129,8,Warning,አንድ ሰው ውሳኔ አትንካ።
11130,2,Phatic,ደህና እንደምታድር ተስፋ አደርጋለሁ እኔ።
11131,3,Promise,በቅርቡ አንቺ ፊልም ታመጣለች።
11132,0,Assertion,ምግብ ቤት በጣም ያሳዝናል ነው።
11133,4,Refusal,እንግዶች እድል አይፈልግም።
11134,2,Phatic,እግዚአብሔር ይባርክሽ ከ ገበያ።
11135,1,Complaint,ልጄ ከ ፊልም ጋር ችግር አለው።
11136,8,Warning,አንዳንድ ሰዎች ፕሮጀክት አትንካ።
11137,5,Request,ይህን ጉብኝት ማየት እችላለሁ?
11138,8,Warning,አደጋ አለ! መጽሔት ተጠንቀቅ።
11139,4,Refusal,ገበሬዎች ምክር አይፈልግም።
11140,1,Complaint,ለምን ጓደኞች ህንፃ አልሰጠኝም?
11141,6,Sarcasm/Irony,አዎ ወንድሞች በጣም ፈጣን ነው... (በቀልድ)።
11142,8,Warning,እኛ ውሃ አትንካ።
11143,1,Complaint,በሳምንት እናቴ ምግብ አላገኘም።
11144,8,Warning,አደጋ አለ! ብር ተጠንቀቅ።
11145,4,Refusal,ተማሪው መጽሔት አይፈልግም።
11146,3,Promise,አንቺ በፍጥነት ይመጣል ብሎ ቃል ገብቷል።
11147,7,Suggestion,እኔ ድል ቢያደርግ ይሻላል።
11148,5,Request,እናቶች ጨዋታ ማግኘት ይችላል?
11149,4,Refusal,አዛውንቱ መጽሐፍ አይፈልግም።
11150,6,Sarcasm/Irony,አዎ፣ ቢሮ በጣም ደህንነቱ የተጠበቀ ነው... (በተቃራኒ)።
11151,1,Complaint,ይህ ውሃ በጣም አስፈላጊ ነው፣ አልወድም።
11152,2,Phatic,ሰላምታዬን አቀርባለሁ አባቶች።
11153,6,Sarcasm/Irony,እርግጥ፣ ከተማ በጣም ቆንጆ ነው... (በሳቅ)።
11154,8,Warning,ተጠንቀቅ! ድል ደህንነቱ የተጠበቀ ነው።
11155,5,Request,ማንም ሆቴል ማግኘት ይችላል?
11156,6,Sarcasm/Irony,አዎ፣ ኮምፒውተር በጣም ጥሩ ጥራት አለው... (በአስቂኝ)።
11157,7,Suggestion,ብዙ ሰዎች ስብሰባ ቢያደርግ ይሻላል።
11158,7,Suggestion,ምናልባት አስቸጋሪ ምግብ ቤት መግዛት?
11159,1,Complaint,ለምን ሁሉም ውሃ አልሰጠኝም?
11160,8,Warning,እናንተ ዜና አትንካ።
11161,5,Request,አስተናጋጁ ወረቀት ማግኘት ይችላል?
11162,1,Complaint,ይህ ድርጊት በጣም ርካሽ ነው፣ አልወድም።
11163,2,Phatic,ሰላም ሐኪሙ፣ ምን ሰራህ ከ ገበያ?
11164,2,Phatic,እንኳን ደህና መጣህ አሁን።
11165,2,Phatic,ደህና እንደምትሆኚ ተስፋ አደርጋለሁ ጎረቤቴ።
11166,3,Promise,በሳምንት ሐኪሙ ኮምፒውተር ያመጣል።
11167,1,Complaint,ወንድሜ ቁልፍ ስለ አስደሳች መሆኑ ያማርራል።
11168,7,Suggestion,ምናልባት በማታ ብንገናኝ?
11169,8,Warning,ተጠንቀቅ! መፍትሄ ውድ ነው።
11170,3,Promise,ከዚህ በፊት አንዳንድ ሰዎች ሆቴል ያመጣል።
11171,3,Promise,በሳምንት እሷ ምግብ ቤት ያመጣል።
11172,0,Assertion,ትምህርት አዲስ ነው።
11173,0,Assertion,ታካሚዎች ሰላም አላት።
11174,3,Promise,በፍጥነት አንተ ጤና ታመጣለች።
11175,4,Refusal,ይህን ስብሰባ ማድረግ አልችልም።
11176,5,Request,እባክዎ ዕድል ያድርጉልኝ።
11177,2,Phatic,እግዚአብሔር ከአንተ ጋር ይሁን እሱ።
11178,6,Sarcasm/Irony,አዎ እናቴ በጣም ፈጣን ነው... (በቀልድ)።
11179,5,Request,እህቴ እድል ማግኘት ይችላል?
11180,6,Sarcasm/Irony,እርግጥ፣ ቤት በጣም ቅርብ ነው... (በሳቅ)።
11181,4,Refusal,እህቶች ምግብ ቤት አይፈልግም።
11182,5,Request,መምህራን ኮምፒውተር ማግኘት ይችላል?
11183,7,Suggestion,ምናልባት ዘገይተኛ ዕረፍት መግዛት?
11184,0,Assertion,ታካሚዎች ይቆጠራል ብዙ ጊዜ።
11185,3,Promise,በእርግጥ ብር አደርጋለሁ።
11186,3,Promise,ከዚህ በፊት አንድ ሰው ሀሳብ ያመጣል።
11187,0,Assertion,እውነቱን ለመናገር ሽልማት ደህንነቱ የተጠበቀ ነው።
11188,4,Refusal,አለቃዬ ዜና አይፈልግም።
11189,2,Phatic,ምን አዲስ ነገር አለ ሰራተኛው?
11190,6,Sarcasm/Irony,እህቴ ሁልጊዜ ትክክል ነው... (በሳቅ)።
11191,7,Suggestion,ምናልባት ትልቅ ክፍያ መግዛት?
11192,2,Phatic,እንዴት ነው ቀኑ ከ ፓርክ?
11193,5,Request,እርዳኝ ጤና ለማግኘት።
11194,4,Refusal,ደንበኞች ዜና አይፈልግም።
11195,4,Refusal,አንቺ ቤት አይፈልግም።
11196,0,Assertion,ዛሬ እናንተ ፓርክ ነበር።
11197,3,Promise,ጓደኛዬ በቅርቡ ይመጣል ብሎ ቃል ገብቷል።
11198,4,Refusal,አባቴ ችግር አይፈልግም።
11199,1,Complaint,ውሳኔ አልሰራም፣ ችግር አለ።
11200,1,Complaint,ሁሉም ከ ቤት ጋር ችግር አለው።
11201,6,Sarcasm/Irony,ባለሙያው ሁልጊዜ ይረዳል... (በቀልድ)።
11202,1,Complaint,ይህ እቅድ በጣም ትንሽ ነው፣ አልወድም።
11203,7,Suggestion,እንደእኔ አስተያየት ስልጠና መቀየር ይሻላል።
11204,6,Sarcasm/Irony,እንዴት አስደሳች ነው! (በአስቂኝ መንገድ)።
11205,5,Request,ወንድሜ ክፍያ ማግኘት ይችላል?
11206,7,Suggestion,እናንተ ክፍያ ቢጠቀም ይሻላል።
11207,3,Promise,ቃል እገባለሁ ጊዜ እንደሚሆን።
11208,4,Refusal,ይቅርታ፣ ሙዚቃ አልሰጥም።
11209,0,Assertion,መንገድ ትንሽ ነው።
11210,6,Sarcasm/Irony,እሷ በጣም ታማኝ ነው፣ አይዋሽም... (በተቃራኒ)።
11211,2,Phatic,እንኳን ለልደትህ አደረሰ እንግዶች።
11212,2,Phatic,ደህና ሁን በቅርቡ ባለቤቴ።
11213,1,Complaint,ለምን ሁሉም ዕድል አልሰጠኝም?
11214,7,Suggestion,ምናልባት ቀላል ውሳኔ መግዛት?
11215,3,Promise,ትናንት ሹፌሩ ጉብኝት ያመጣል።
11216,4,Refusal,ባለሙያው ስብሰባ አይፈልግም።
11217,2,Phatic,መልካም ጊዜ ይሁንልሽ ባለቤቴ።
11218,3,Promise,ከዚህ በፊት ወጣቶች ዕረፍት ያመጣል።
11219,4,Refusal,አሁን በሰዓት አይሆንም።
11220,0,Assertion,ፕሮጀክት ውድ ነው።
11221,2,Phatic,ሰላምታዬን አቀርባለሁ ከ ባህር ዳር።
11222,7,Suggestion,ሰራተኞች ክፍያ ቢጠቀም ይሻላል።
11223,1,Complaint,ለምን ሴቶች እርዳታ አልሰጠኝም?
11224,0,Assertion,ጎረቤቴ በማታ መቀሌ ይገኛል።
11225,8,Warning,ተጠንቀቅ! እርዳታ አደገኛ ነው።
11226,3,Promise,በሰዓት እህቴ ስልክ ታመጣለች።
11227,4,Refusal,እህቶች ጉብኝት አይፈልግም።
11228,4,Refusal,አባቶች መኪና አይፈልግም።
11229,4,Refusal,ሁሉም ሀሳብ አይፈልግም።
11230,7,Suggestion,እንዴት ቢሆን መንገድ ብንሄድ?
11231,1,Complaint,አንዳንድ ሰዎች ስለ ምክር ቅሬታ አለው።
11232,0,Assertion,ወንድሞች ይመስላል ብዙ ጊዜ።
11233,2,Phatic,በጣም ደስ ብሎኛል በማታ ሴቶች።
11234,4,Refusal,አይ፣ እረፍት አልችልም።
11235,6,Sarcasm/Irony,እርግጥ ነው፣ ከዚህ በኋላ ሁሉም ይረዳል... (በአስቂኝ)።
11236,4,Refusal,ዳኛው ጨዋታ አይፈልግም።
11237,7,Suggestion,እነሱ ፊልም ቢያደርግ ይሻላል።
11238,2,Phatic,ሰላም አለቃዬ፣ ምን አለ ትናንት?
11239,6,Sarcasm/Irony,እንዴት ድልድይ በጣም ቀላል ነው! (በተቃራኒ)።
11240,1,Complaint,ገበሬዎች ስለ ክፍያ ቅሬታ አለው።
11241,7,Suggestion,ምናልባት አስፈላጊ መኪና መግዛት?
11242,5,Request,ይህን ፕሮጀክት ማየት እችላለሁ?
11243,5,Request,አስተማሪው ቁልፍ ማግኘት ይችላል?
11244,3,Promise,አሁን ማንም ስልጠና ያመጣል።
11245,5,Request,ሁሉም ንግግር ማግኘት ይችላል?
11246,0,Assertion,እናንተ በሰዓት ሆስፒታል ይገኛል።
11247,2,Phatic,ጤናማ ቀን ይሁንልህ አባቴ።
11248,6,Sarcasm/Irony,እንዴት አስቸጋሪ ችግር ነው! (በቀልድ)።
11249,0,Assertion,በጊዜው ጓደኛዬ ገበያ ነበር።
11250,5,Request,ማንም ስልጠና ማግኘት ይችላል?
11251,0,Assertion,እረፍት በጣም ከባድ ነው።
11252,8,Warning,ሐኪሙ እረፍት አትንካ።
11253,8,Warning,ተጠንቀቅ! ፕሮጀክት አስፈላጊ ነው።
11254,3,Promise,እህቶች በፍጥነት ይመጣል ብሎ ቃል ገብቷል።
11255,1,Complaint,ሰራተኛው ከ ሆቴል ጋር ችግር አለው።
11256,6,Sarcasm/Irony,አለቃዬ በጣም ታማኝ ነው፣ አይዋሽም... (በተቃራኒ)።
11257,8,Warning,ተጠንቀቅ! ስልጠና ጥሩ ነው።
11258,8,Warning,አስተናጋጁ አገልግሎት አትንካ።
11259,5,Request,ዳኛው ሙዚቃ ማግኘት ይችላል?
11260,0,Assertion,ገበሬዎች ቅጣት አለው።
11261,2,Phatic,ሰላም ደንበኞች፣ ምን ሰራህ?
11262,6,Sarcasm/Irony,እንዴት ያለ ከባድ ሀሳብ ነው! (በሳቅ)።
11263,0,Assertion,እናንተ ንግግር አለው።
11264,6,Sarcasm/Irony,እንዴት ያሳዝናል ነው! (በአስቂኝ መንገድ)።
11265,4,Refusal,ወንድሞች መጽሔት አይፈልግም።
11266,3,Promise,አትጨነቅ፣ መረጃ እከፍላለሁ።
11267,0,Assertion,ደንበኞች መኪና ንጹህ ይመስላል።
11268,7,Suggestion,ምናልባት ንጹህ መረጃ መግዛት?
11269,5,Request,አንተ መድሃኒት ማግኘት ይችላል?
11270,0,Assertion,ይህ ጤና መጥፎ መሆኑን እረጋገጣለሁ።
11271,6,Sarcasm/Irony,እንዴት ያለ ስልክ ነው! (በቀልድ)።
11272,1,Complaint,ለምን ልጄ ቅጣት አልሰጠኝም?
11273,4,Refusal,እናንተ እድል አይፈልግም።
11274,8,Warning,አባቴ ውሃ አትንካ።
11275,3,Promise,አሁን ብዙ ሰዎች ሀሳብ ያመጣል።
11276,5,Request,እናንተ ስልክ ማግኘት ይችላል?
11277,6,Sarcasm/Irony,እንዴት አስፈላጊ ጉብኝት ነው! (በቀልድ)።
11278,8,Warning,ይህ መጥፎ ነው፣ ተጠንቀቅ።
11279,2,Phatic,እንዴት ነው ስራሽ በማታ?
11280,6,Sarcasm/Irony,አዎ፣ እናቴ በጣም ብልህ ነው... (በተቃራኒ)።
11281,5,Request,እኔ እቅድ ማግኘት ይችላል?
11282,1,Complaint,ሁልጊዜ ሽልማት ይጎድላል።
11283,6,Sarcasm/Irony,እርግጥ ነው፣ ምግብ ቤት በጣም መጥፎ ነው... (በቀልድ)።
11284,6,Sarcasm/Irony,አዎ፣ ሐረር በጣም ምቹ ነው... (በአስቂኝ)።
11285,0,Assertion,ይህ ትምህርት አሮጌ መሆኑን እረጋገጣለሁ።
11286,3,Promise,ተማሪዎች በቅርቡ ትመጣለች ብሎ ቃል ገብቷል።
11287,2,Phatic,ሰላምታዬን ለቤተሰብሽ አቀርባለሁ እሱ።
11288,4,Refusal,አይ፣ ምግብ አልችልም።
11289,4,Refusal,ሐኪሙ ቦታ አይፈልግም።
11290,5,Request,ሰራተኛው ሰላም ማግኘት ይችላል?
11291,2,Phatic,እንኳን ደህና ኑሪ ከ ቢሮ።
11292,4,Refusal,ሴቶች ደስታ አይፈልግም።
11293,0,Assertion,ክፍያ አደገኛ ነው።
11294,6,Sarcasm/Irony,እርግጥ ነው፣ ስልጠና በጣም ርካሽ ነው... (በአስቂኝ)።
11295,4,Refusal,እኛ ጉብኝት አይፈልግም።
11296,6,Sarcasm/Irony,እርግጥ ነው፣ ምክር በጣም ጥሩ ነው... (በቀልድ)።
11297,8,Warning,ተጠንቀቅ፣ ባለቤቴ ይመጣል።
11298,5,Request,ይህን ሙዚቃ ማየት እችላለሁ?
11299,2,Phatic,እንዴት ነው ጤንነትሽ በቅርቡ?
11300,6,Sarcasm/Irony,እንዴት ያለ ንጹህ ሀሳብ ነው! (በሳቅ)።
11301,0,Assertion,ሀሳብ በጣም ንጹህ ነው።
11302,8,Warning,ተጠንቀቅ! ፊልም ያሳዝናል ነው።
11303,0,Assertion,አባቴ አለ ብዙ ጊዜ።
11304,3,Promise,በፍጥነት እነሱ መኪና ታመጣለች።
11305,1,Complaint,ከዚህ በኋላ አዛውንቶች ኮንትራት አላገኘም።
11306,6,Sarcasm/Irony,ወዳጄ ሁልጊዜ በጊዜው ይመጣል... (በቀልድ)።
11307,4,Refusal,ጓደኛዬ ውሳኔ አይፈልግም።
11308,1,Complaint,ከዚህ በፊት ጓደኛዬ ንግግር አላገኘም።
11309,1,Complaint,ይህ ሙዚቃ በጣም ከባድ ነው፣ አልወድም።
11310,2,Phatic,ሰላም አንቺ፣ እንዴት ነሽ ከ መንደር?
11311,3,Promise,እኔ መንገድ እሰጥሻለሁ።
11312,4,Refusal,እኔ ጤና አይፈልግም።
11313,6,Sarcasm/Irony,እርግጥ፣ ቤተ ክርስቲያን በጣም ቅርብ ነው... (በሳቅ)።
11314,6,Sarcasm/Irony,አዎ፣ ይህ አስደሳች ሀሳብ ነው... (በሳቅ)።
11315,2,Phatic,መልካም ጊዜ ይሁንልሽ አባቶች።
11316,0,Assertion,ነጋዴዎች ነው ብዙ ጊዜ።
11317,3,Promise,አሁን ደንበኞች ትምህርት ታመጣለች።
11318,1,Complaint,ገበሬዎች ከ ምግብ ቤት ጋር ችግር አለው።
11319,1,Complaint,ይህ ፕሮጀክት በጣም ውድ ነው፣ አልወድም።
11320,7,Suggestion,እኔ መፍትሄ እንድታደርግ እመክራለሁ።
11321,6,Sarcasm/Irony,አዎ፣ ጉዞ በጣም አስፈላጊ ነው ለሁሉም... (በተቃራኒ)።
11322,5,Request,አንድ ሰው ንግግር ማግኘት ይችላል?
11323,8,Warning,ተጠንቀቅ! መጽሐፍ አስደሳች ነው።
11324,5,Request,እሷ ሽልማት ማግኘት ይችላል?
11325,8,Warning,አንዳንድ ሰዎች ሰላም አትንካ።
11326,7,Suggestion,እኔ ህንፃ እንድታደርግ እመክራለሁ።
11327,6,Sarcasm/Irony,አዎ፣ ክፍያ በጣም ጥሩ ጥራት አለው... (በአስቂኝ)።
11328,0,Assertion,ምግብ ቤት ንጹህ ነው።
11329,4,Refusal,ወዳጄ ድል አይፈልግም።
11330,6,Sarcasm/Irony,እርግጥ፣ ሐረር በጣም ቅርብ ነው... (በሳቅ)።
11331,0,Assertion,ኮምፒውተር አዲስ ነው።
11332,0,Assertion,እሱ በሰዓት መንገድ ይገኛል።
11333,2,Phatic,ጤናማ ቀን ይሁንልህ ከ መንገድ።
11334,5,Request,ተማሪው ኮምፒውተር ማግኘት ይችላል?
11335,3,Promise,በእርግጠኝነት አዲስ አበባ እገኛለሁ።
11336,1,Complaint,ይህ መጽሔት በጣም አሮጌ ነው፣ አልወድም።
11337,7,Suggestion,ምናልባት ደስ የሚል ቦታ መግዛት?
11338,7,Suggestion,ምናልባት አሮጌ ጨዋታ መግዛት?
11339,7,Suggestion,ምናልባት ፈጣን ቤት መግዛት?
11340,5,Request,እባክሽ ምግብ ስጠኝ።
11341,7,Suggestion,ወዳጄ ጉብኝት ቢያደርግ ይሻላል።
11342,1,Complaint,ለምን ስራ እንዲህ አደገኛ ነው?
11343,3,Promise,በማለዳ እነሱ ጤና ያመጣል።
11344,8,Warning,ተጠንቀቅ፣ እኔ ይመጣል።
11345,1,Complaint,ነጋዴዎች ጉዞ ስለ ትንሽ መሆኑ ያማርራል።
11346,8,Warning,እህቶች ስልክ አትንካ።
11347,1,Complaint,እናቴ ስለ መጽሔት ቅሬታ አለው።
11348,7,Suggestion,ምናልባት ርካሽ ቅጣት መግዛት?
11349,2,Phatic,እንዴት አለፍሽ ከ አዲስ አበባ ተማሪዎች?
11350,5,Request,ወንድሞች እቅድ ማግኘት ይችላል?
11351,1,Complaint,በሰዓት አባቶች ጉብኝት አላገኘም።
11352,4,Refusal,ፖሊሱ እቅድ አይፈልግም።
11353,3,Promise,አትጨነቅ፣ ስልጠና እከፍላለሁ።
11354,7,Suggestion,ታካሚዎች ስራ ቢያደርግ ይሻላል።
11355,4,Refusal,ገበሬዎች ብር አይፈልግም።
11356,4,Refusal,ወጣቶች ምክር አይፈልግም።
11357,2,Phatic,መልካም ቀን እህቶች።
11358,1,Complaint,ሁልጊዜ ቅጣት ይጎድላል።
11359,4,Refusal,ውሳኔ አልፈልግም፣ አመሰግናለሁ።
11360,2,Phatic,ሰላም አለቃዬ ከ ገበያ።
11361,3,Promise,ጓደኛዬ ከዚህ በኋላ ትመጣለች ብሎ ቃል ገብቷል።
11362,7,Suggestion,እንዴት ቢሆን ቢሮ ብንሄድ?
11363,7,Suggestion,ምናልባት አስቸጋሪ ዕረፍት መግዛት?
11364,0,Assertion,ወንዶች ነገ መንደር ይገኛል።
11365,2,Phatic,ደስ ብሎኛል ስላየሁህ ሴቶች።
11366,5,Request,ሁሉም ድርጊት ማግኘት ይችላል?
11367,1,Complaint,ከዚህ በፊት አንድ ሰው ውሳኔ አላገኘም።
11368,7,Suggestion,እንዴት ቢሆን ምግብ ቤት ብናደርግ?
11369,6,Sarcasm/Irony,ሁሉም ሰው መድሃኒት ይወዳል... (በአስቂኝ)።
11370,2,Phatic,እንኳን ደህና ኑሪ ከ መንደር።
11371,5,Request,እህቴ ደስታ ማግኘት ይችላል?
11372,4,Refusal,እናንተ ኮምፒውተር አይፈልግም።
11373,0,Assertion,እህቴ ብር ርካሽ ይቻላል።
11374,3,Promise,እኔ መፍትሄ እሰጥሃለሁ።
11375,4,Refusal,እኔ ምክር አልቀበልም።
11376,4,Refusal,አዛውንቶች ጤና አይፈልግም።
11377,0,Assertion,ደንበኞች ክፍያ አላት።
11378,1,Complaint,ታካሚዎች ከ ሀሳብ ጋር ችግር አለው።
11379,1,Complaint,ለምን መምህራን እድል አልሰጠኝም?
11380,0,Assertion,ማንም ይቻላል ብዙ ጊዜ።
11381,6,Sarcasm/Irony,እንዴት ባለቤቴ በጣም ፈጣን ነው! (በአስቂኝ)።
11382,4,Refusal,እኔ መድሃኒት አይፈልግም።
11383,6,Sarcasm/Irony,ገበሬዎች ሁልጊዜ ትክክል ነው... (በሳቅ)።
11384,6,Sarcasm/Irony,እርግጥ ነው፣ ደብዳቤ በጣም ትንሽ ነው... (በቀልድ)።
11385,0,Assertion,አዛውንቱ ነገ ከተማ ይገኛል።
11386,5,Request,እናቴ መድሃኒት ማግኘት ይችላል?
11387,1,Complaint,ለምን እናንተ መኪና አልሰጠኝም?
11388,4,Refusal,ይቅርታ፣ መድሃኒት አልሰጥም።
11389,3,Promise,እኔ ስልጠና አላረሳም።
11390,6,Sarcasm/Irony,አዎ፣ ድልድይ በጣም ጥሩ ጥራት አለው... (በአስቂኝ)።
11391,3,Promise,ይህን ዜና እጠብቃለሁ።
11392,0,Assertion,ሴቶች ጉዞ አላት።
11393,8,Warning,ጓደኛዬ ስብሰባ አትንካ።
11394,8,Warning,ተጠንቀቅ! ምክር ትልቅ ነው።
11395,2,Phatic,ሰላም እናቴ፣ ምን ሰራሽ ከ ቤተ ክርስቲያን?
11396,0,Assertion,ይህ ሙዚቃ ንጹህ መሆኑን እረጋገጣለሁ።
11397,7,Suggestion,እንዴት ቢሆን ፓርክ ብንሄድ?
11398,4,Refusal,እኔ እረፍት አልቀበልም።
11399,3,Promise,በእርግጠኝነት ሆስፒታል እገኛለሁ።
11400,6,Sarcasm/Irony,ወጣቶች በጣም ታማኝ ነው፣ አይዋሽም... (በተቃራኒ)።
11401,8,Warning,አባቶች ችግር አትንካ።
11402,8,Warning,ተጠንቀቅ! እቅድ አዲስ ነው።
11403,2,Phatic,መልካም ሳምንት ጓደኛዬ።
11404,4,Refusal,አንድ ሰው ጊዜ አይፈልግም።
11405,7,Suggestion,እንዴት ቢሆን መኪና ብናደርግ?
11406,0,Assertion,እነሱ እቅድ አላት።
11407,1,Complaint,እኔ ከ ኮንትራት ጋር ችግር አለው።
11408,2,Phatic,እንዴት ነው ስራሽ በማለዳ?
11409,0,Assertion,ታካሚዎች ይመስላል ብዙ ጊዜ።
11410,3,Promise,አትጨነቅ፣ ቁልፍ እከፍላለሁ።
11411,2,Phatic,ሰላምታ ከ ገበያ ለ ወንዶች።
11412,7,Suggestion,ምናልባት አሮጌ አገልግሎት መግዛት?
11413,8,Warning,ተጠንቀቅ! ስልክ ዘገይተኛ ነው።
11414,3,Promise,አዛውንቱ ትናንት ትመጣለች ብሎ ቃል ገብቷል።
11415,0,Assertion,በወር እናቶች ፓርክ ነበር።
11416,1,Complaint,ይህ ቤት በጣም ፈጣን ነው፣ አልወድም።
11417,3,Promise,በሳምንት አዛውንቶች ፕሮጀክት ያመጣል።
11418,5,Request,እናቴ ቤት ማግኘት ይችላል?
11419,5,Request,አንቺ ጤና ማግኘት ይችላል?
11420,0,Assertion,እናቴ ሙዚቃ አላት።
11421,0,Assertion,እውነቱን ለመናገር ድል ደህንነቱ የተጠበቀ ነው።
11422,1,Complaint,ከዚህ በኋላ ወንዶች መረጃ አላገኘም።
11423,6,Sarcasm/Irony,በጣም ደህንነቱ የተጠበቀ ነው፣ ምንም አደጋ የለም... (በሳቅ)።
11424,0,Assertion,ይህ ደብዳቤ አዲስ መሆኑን እረጋገጣለሁ።
11425,2,Phatic,እግዚአብሔር ይባርክሽ በቀን።
11426,8,Warning,አትርሳ ጊዜ።
11427,2,Phatic,እንዴት አመሸህ ሴቶች?
11428,7,Suggestion,አዛውንቶች አገልግሎት ቢጠቀም ይሻላል።
11429,2,Phatic,በጣም ደስ ብሎኛል ስለተገናኘን በማታ።
11430,1,Complaint,ጤና አልሰራም፣ ችግር አለ።
11431,6,Sarcasm/Irony,በጣም አሮጌ ነው፣ ምንም አደጋ የለም... (በሳቅ)።
11432,5,Request,ሐኪሞች ሙዚቃ ማግኘት ይችላል?
11433,8,Warning,ተጠንቀቅ! ውሃ ያሳዝናል ነው።
11434,3,Promise,በሳምንት እህቶች ጉዞ ያመጣል።
11435,1,Complaint,ልጆች ደብዳቤ ስለ ትልቅ መሆኑ ያማርራል።
11436,6,Sarcasm/Irony,እርግጥ፣ ጨዋታ በጣም ውድ ነው... (በአስቂኝ)።
11437,1,Complaint,ተማሪው ምክር ስለ ደስ የሚል መሆኑ ያማርራል።
11438,1,Complaint,ሹፌሩ ፕሮጀክት ስለ ውድ መሆኑ ያማርራል።
11439,5,Request,አንዳንድ ሰዎች ህንፃ ማግኘት ይችላል?
11440,2,Phatic,ጤና ይስጥልኝ ሐኪሞች።
11441,5,Request,እንግዶች ቁልፍ ማግኘት ይችላል?
11442,1,Complaint,ለምን ሹፌሩ ክፍያ አልሰጠኝም?
11443,5,Request,ከፈቀድሽ ደስታ ውሰድ።
11444,3,Promise,ባለቤቴ በሳምንት ትመጣለች ብሎ ቃል ገብቷል።
11445,5,Request,ሴቶች ጊዜ ማግኘት ይችላል?
11446,5,Request,እናቴ መጽሔት ማግኘት ይችላል?
11447,6,Sarcasm/Irony,በጣም ዘገይተኛ ነው፣ አልችልም እንዳልል።
11448,7,Suggestion,ምናልባት ደህንነቱ የተጠበቀ ዕረፍት መግዛት?
11449,3,Promise,በሰዓት ጓደኞች ኮምፒውተር ታመጣለች።
11450,5,Request,እባክህ ንግግር ስጠኝ።
11451,2,Phatic,ደህና ሁኚ በሰዓት አለቃዬ።
11452,7,Suggestion,ነጋዴዎች ችግር ቢጠቀም ይሻላል።
11453,8,Warning,ተጠንቀቅ! ፊልም መጥፎ ነው።
11454,2,Phatic,ደህና እንደምትሆኚ ተስፋ አደርጋለሁ እነሱ።
11455,8,Warning,ተጠንቀቅ፣ አስተናጋጁ ይመጣል።
11456,6,Sarcasm/Irony,ዜና በጣም ውድ ነው፣ ግን ዋጋው አለው... (በቀልድ)።
11457,2,Phatic,እንዴት አደሩ እነሱ?
11458,4,Refusal,እናቶች ድል አይፈልግም።
11459,7,Suggestion,እህቴ ጉዞ ቢጠቀም ይሻላል።
11460,2,Phatic,እንኳን ለበዓል አደረሰሽ ልጆች።
11461,3,Promise,ነገ ጎረቤቴ ጊዜ ያመጣል።
11462,2,Phatic,በጣም ደስ ብሎኛል ስለተገናኘን አሁን።
11463,2,Phatic,እንኳን ደህና ኑሩ አባቴ።
11464,1,Complaint,ማንም ከ ስራ ጋር ችግር አለው።
11465,2,Phatic,መልካም ሳምንት እናንተ።
11466,4,Refusal,እኛ ችግር አይፈልግም።
11467,5,Request,ወንድሞች ዜና ማግኘት ይችላል?
11468,7,Suggestion,አስተማሪው ምክር ቢያደርግ ይሻላል።
11469,1,Complaint,ይህ ንግግር በጣም ንጹህ ነው፣ አልወድም።
11470,3,Promise,እኔ ህንፃ እሰጥሻለሁ።
11471,0,Assertion,ባለቤቴ ፈቃድ አላት።
11472,8,Warning,ልጆች ስልጠና አትንካ።
11473,3,Promise,ከዚህ በፊት እህቶች ምግብ ያመጣል።
11474,5,Request,ዳኛው ፕሮጀክት ማግኘት ይችላል?
11475,1,Complaint,በወር ባለቤቴ ጨዋታ አላገኘም።
